     shots,    errors,  discards, seconds,decoder,strong_id,json_metadata,custom_counts
        17,         0,         0,   0.012,mwpf__be13af6e4aecc79fd8470069cbeba0b7402ccae8a2a39ca14aa05aab56e13157,a0053533921bc46fbfe14bb420d60339e3870782d8212090091825118b30ddec,"{""circuit"":""surface_code:rotated_memory_x"",""cluster_node_limit"":50,""d"":3,""decoder"":""mwpf"",""decoder_type"":""SolverSerialJointSingleHair"",""p"":0.006,""p_erase"":0.0,""r"":3,""run_id"":""dd60754122c9f7a810b0c1d8b1c92188ea52870232067546237f0fa25d610548""}",
       273,         0,         0,   0.017,mwpf__dced78135bd52c04bba10b515d4a91692dee24b8a04d4984c307073656943ffb,72b113c0355b3f34501fe2d9bc415951079307c7c15cd05285136221a1fc4dc0,"{""circuit"":""surface_code:rotated_memory_x"",""cluster_node_limit"":50,""d"":3,""decoder"":""mwpf"",""decoder_type"":""SolverSerialJointSingleHair"",""p"":0.004,""p_erase"":0.0,""r"":3,""run_id"":""90efa888ab0be85c6dc82d20d594fb219f455db906f7e8f7ad923a214270e30c""}",
       273,         3,         0,   0.048,mwpf__03fa2c6e37aff7c81ae22b7dea7a504d3eb26ec3a7b349088c7bcea7a9871e0c,6267ba7f3c1c772896eebefc6d523adb68e82d38d020e307be1f733b70ad8bd3,"{""circuit"":""surface_code:rotated_memory_x"",""cluster_node_limit"":50,""d"":3,""decoder"":""mwpf"",""decoder_type"":""SolverSerialJointSingleHair"",""p"":0.007,""p_erase"":0.0,""r"":3,""run_id"":""135e03791629607bb61bf8b9b22bc12f2324f26b65e31e82f5c3cd97d24c99c9""}",
        17,         1,         0,   0.052,mwpf__43962ba459d86cd819b8558032ffa6472ba0555135068fb74009d94b7bad5532,1b4e499b3b262af26ba14e01aa169e3a7f2d864a488b68fa6fba53177a53ffcc,"{""circuit"":""surface_code:rotated_memory_x"",""cluster_node_limit"":50,""d"":3,""decoder"":""mwpf"",""decoder_type"":""SolverSerialJointSingleHair"",""p"":0.008,""p_erase"":0.0,""r"":3,""run_id"":""842b8d9622dd95e081373b13334f0c4c970c25ea256e90e9985b8d1bb6968aef""}",
       273,         4,         0,   0.075,mwpf__d56b027df54bbcee1a569d4b790c31989f5693ab552e6ad7d4b399bc8a5b7ae2,f0a51108deaa2e813a85a0daf8998382d985f25173b21c56aa0f0dddcd7c45dc,"{""circuit"":""surface_code:rotated_memory_x"",""cluster_node_limit"":50,""d"":3,""decoder"":""mwpf"",""decoder_type"":""SolverSerialJointSingleHair"",""p"":0.009,""p_erase"":0.0,""r"":3,""run_id"":""f3773bbf3001f7044304ac6a12d9ddb4d020a1b2b51ce7b475f4f14944f915f3""}",
        17,         1,         0,   0.078,mwpf__f1c73b55d20502edeb1352a97286268c1728587a9a613ad3646eea7ce6f5b0e8,c945d4451adf51d3115cab618d9042a74af97ed090632e5d8ded54a9c2a8acaa,"{""circuit"":""surface_code:rotated_memory_x"",""cluster_node_limit"":50,""d"":3,""decoder"":""mwpf"",""decoder_type"":""SolverSerialJointSingleHair"",""p"":0.005,""p_erase"":0.0,""r"":3,""run_id"":""5101ac8ef9c97b83df4dd9d8fb12d7b219d036893929703eba32fffa9e647600""}",
         1,         0,         0,   0.013,mwpf__74b18df185b22796a559f32f488c1f95ef0d82d34c256906317561e4acce78ec,ff1f59d74e0a85a29f4995de86372e17ef6d73f50ef84112e0cd3a298e221696,"{""circuit"":""surface_code:rotated_memory_x"",""cluster_node_limit"":50,""d"":5,""decoder"":""mwpf"",""decoder_type"":""SolverSerialJointSingleHair"",""p"":0.009,""p_erase"":0.0,""r"":5,""run_id"":""c32281a89ec9fb6ef8731b931cbe729d04602aba0eeadfec21fc1875143cc8af""}",
        17,         0,         0,   0.024,mwpf__9d3e7a869e7911d9ce122143a3492c036ddd4432f11bd090435ee7772beb17ae,6d5c7f274b75ae537824437920d4a7ca50ed98e1dfa880fcbb9eccb2e87a1048,"{""circuit"":""surface_code:rotated_memory_x"",""cluster_node_limit"":50,""d"":5,""decoder"":""mwpf"",""decoder_type"":""SolverSerialJointSingleHair"",""p"":0.006,""p_erase"":0.0,""r"":5,""run_id"":""136e458ea1bb00db5031dfe54473bc21d7f67216ffcf15b01c0f763ac55c92f3""}",
       128,         1,         0,   0.042,mwpf__43962ba459d86cd819b8558032ffa6472ba0555135068fb74009d94b7bad5532,1b4e499b3b262af26ba14e01aa169e3a7f2d864a488b68fa6fba53177a53ffcc,"{""circuit"":""surface_code:rotated_memory_x"",""cluster_node_limit"":50,""d"":3,""decoder"":""mwpf"",""decoder_type"":""SolverSerialJointSingleHair"",""p"":0.008,""p_erase"":0.0,""r"":3,""run_id"":""842b8d9622dd95e081373b13334f0c4c970c25ea256e90e9985b8d1bb6968aef""}",
        17,         1,         0,   0.114,mwpf__b0b7dc35549e4684aaf56d7f39208097266fbb01b99fc634aa5cc65cb30d3fd9,28ac44c8c5b47a07887bdc431a672e9f8611047ab24d905f93db9d3c36d03445,"{""circuit"":""surface_code:rotated_memory_x"",""cluster_node_limit"":50,""d"":3,""decoder"":""mwpf"",""decoder_type"":""SolverSerialJointSingleHair"",""p"":0.015,""p_erase"":0.0,""r"":3,""run_id"":""b44761db4df8b64c8917c437ae7fe1c452a55149c1dc7a5ca0f619d5bff0315c""}",
       256,         4,         0,   0.107,mwpf__be13af6e4aecc79fd8470069cbeba0b7402ccae8a2a39ca14aa05aab56e13157,a0053533921bc46fbfe14bb420d60339e3870782d8212090091825118b30ddec,"{""circuit"":""surface_code:rotated_memory_x"",""cluster_node_limit"":50,""d"":3,""decoder"":""mwpf"",""decoder_type"":""SolverSerialJointSingleHair"",""p"":0.006,""p_erase"":0.0,""r"":3,""run_id"":""dd60754122c9f7a810b0c1d8b1c92188ea52870232067546237f0fa25d610548""}",
       273,         7,         0,   0.120,mwpf__682d5c8b1e761a1076b65dca539a2d15d82ad086708269570743d5b5c12e48ec,7ee21ac07e1d2d837dee1b9de812df8e43271af75c9d02b6bafea9ec15c9affa,"{""circuit"":""surface_code:rotated_memory_x"",""cluster_node_limit"":50,""d"":3,""decoder"":""mwpf"",""decoder_type"":""SolverSerialJointSingleHair"",""p"":0.0065,""p_erase"":0.0,""r"":3,""run_id"":""b8f63b3afee4afe98e7bbb30f20c4398dd3b9aec649fcfb3e47705c2a2c61b36""}",
        17,         0,         0,   0.010,mwpf__6dc40dd78a7537f759b93670cd0af0008adf279fbc2acda6010b04619b90078a,71b64adea95d26ec136e0f6d5c44173faab2351254ae92ff6c2fb79fe431c3f7,"{""circuit"":""surface_code:rotated_memory_x"",""cluster_node_limit"":50,""d"":5,""decoder"":""mwpf"",""decoder_type"":""SolverSerialJointSingleHair"",""p"":0.004,""p_erase"":0.0,""r"":5,""run_id"":""2c1d23bd89bcf5d6d623dffd52817527ab5ba820bb8c60558a749cc97b051f30""}",
         1,         0,         0,   0.051,mwpf__e098ae1eaf131a692c7d269ecd7c0b356809a18a2ccc52547656bea351773dd9,c4e2e9f4264f6040fcd119a2d32c96bd25a12364f525742dd40c8b2e504c5240,"{""circuit"":""surface_code:rotated_memory_x"",""cluster_node_limit"":50,""d"":5,""decoder"":""mwpf"",""decoder_type"":""SolverSerialJointSingleHair"",""p"":0.01,""p_erase"":0.0,""r"":5,""run_id"":""669fd91e75976823dd1cbb6f0d860524121f186f614db6fb259f60c1945fce8a""}",
         1,         0,         0,   0.059,mwpf__d6e273bec9b587e85ba4f19af1099d5769edba9e40437c8089c08ed25bd72758,5388f8eb2e6e41b439260433c3419bdbf5f8b4bd5b8e2a2c70a24a791cee3145,"{""circuit"":""surface_code:rotated_memory_x"",""cluster_node_limit"":50,""d"":5,""decoder"":""mwpf"",""decoder_type"":""SolverSerialJointSingleHair"",""p"":0.008,""p_erase"":0.0,""r"":5,""run_id"":""bfa3c7cba13850dd37e54bb29bb945687e3fe04272a3151e2ac8acb7416976e7""}",
         1,         0,         0,   0.059,mwpf__951eb3349e78cec2a155134d7fb171e1ad03d800a86442f3c4b76397f4c7fd4d,cde164a21cdab97d63839b3f64b1c2e5cf62ef5d8be22509c82bac34fbb3e2b2,"{""circuit"":""surface_code:rotated_memory_x"",""cluster_node_limit"":50,""d"":5,""decoder"":""mwpf"",""decoder_type"":""SolverSerialJointSingleHair"",""p"":0.007,""p_erase"":0.0,""r"":5,""run_id"":""fc11e6013551ff75fa4759b0fc71e28cb776c1e995679ad07f9247f45c9ad106""}",
         1,         0,         0,   0.070,mwpf__3f1b64a9ac39918fdfc1d8685d2ae22620c080992f83b482a25d7b8f1adaea5a,0b2a8a048818ac11f66a73bdbd1d5dc5a971687b6a9c1ab5af8e2dcdd4f0c1bf,"{""circuit"":""surface_code:rotated_memory_x"",""cluster_node_limit"":50,""d"":5,""decoder"":""mwpf"",""decoder_type"":""SolverSerialJointSingleHair"",""p"":0.015,""p_erase"":0.0,""r"":5,""run_id"":""6fe96edac5c8fb2c1aed8ea14c67ceeb92423fdf3ce9e1c97fff0ce2aa5d5538""}",
       273,         6,         0,   0.183,mwpf__4e1601b0668063eadc05111c07696cccf168dd50474bd608d301815d45c9a786,d19a124337761452ca3104e53f7e971c7bb837f006c26f70a68a8f67e770bb67,"{""circuit"":""surface_code:rotated_memory_x"",""cluster_node_limit"":50,""d"":3,""decoder"":""mwpf"",""decoder_type"":""SolverSerialJointSingleHair"",""p"":0.0075,""p_erase"":0.0,""r"":3,""run_id"":""4bc734d2ac70cf62b78df146e81bdcf5df30d786b05a2eea177a13d890e64669""}",
       273,         3,         0,   0.199,mwpf__b0f6649b21db54ecbb8826cdfafa1ba0e2bf46532f7acaf5414024d498b451a0,529639a8efcc2d68bcd5753eb8355ddcaf6a93496022c9cf7dbfb051af66a68c,"{""circuit"":""surface_code:rotated_memory_x"",""cluster_node_limit"":50,""d"":3,""decoder"":""mwpf"",""decoder_type"":""SolverSerialJointSingleHair"",""p"":0.003,""p_erase"":0.0,""r"":3,""run_id"":""915e7fac76f0cb44d6aac79997be9e5a903d4aa353a8207f80b396814e1292cb""}",
         1,         0,         0,   0.128,mwpf__91ffc942ec0dda29e3cbefbf32236cf9a6f3fa7b23e4675ef61bf5a2d3aa5377,40546135e2bd9eb08f97c8c1c6115e8bc75406288d37472ee0445cd367e1721b,"{""circuit"":""surface_code:rotated_memory_x"",""cluster_node_limit"":50,""d"":5,""decoder"":""mwpf"",""decoder_type"":""SolverSerialJointSingleHair"",""p"":0.0075,""p_erase"":0.0,""r"":5,""run_id"":""5a57a6d0ff957d816c2c86860718eec6af832a23575ff55f991f4b130256fb39""}",
         1,         0,         0,   0.038,mwpf__c6ba5eb607084c237766d2f1acb7719308a77ef713824e5c4b8d9fdd0cd4a1b6,f538726661a9ad85ba0d5eda8cd32b2cbddd0a923127051b03a5b9c672de5ae4,"{""circuit"":""surface_code:rotated_memory_x"",""cluster_node_limit"":50,""d"":7,""decoder"":""mwpf"",""decoder_type"":""SolverSerialJointSingleHair"",""p"":0.0075,""p_erase"":0.0,""r"":7,""run_id"":""746c0ed850e7a1c4899561c73e97af04ff040736013cde397145df4c660e1d2a""}",
         8,         0,         0,   0.093,mwpf__d6e273bec9b587e85ba4f19af1099d5769edba9e40437c8089c08ed25bd72758,5388f8eb2e6e41b439260433c3419bdbf5f8b4bd5b8e2a2c70a24a791cee3145,"{""circuit"":""surface_code:rotated_memory_x"",""cluster_node_limit"":50,""d"":5,""decoder"":""mwpf"",""decoder_type"":""SolverSerialJointSingleHair"",""p"":0.008,""p_erase"":0.0,""r"":5,""run_id"":""bfa3c7cba13850dd37e54bb29bb945687e3fe04272a3151e2ac8acb7416976e7""}",
         1,         0,         0,   0.027,mwpf__71869c18a9a089d40b18edd25a7ba89978fac639dfba4267cf7ec0f8c602c1b8,a01cc1b908db7b76624bbdaed185a25417056dfe423183481572b126d2518af4,"{""circuit"":""surface_code:rotated_memory_x"",""cluster_node_limit"":50,""d"":7,""decoder"":""mwpf"",""decoder_type"":""SolverSerialJointSingleHair"",""p"":0.009,""p_erase"":0.0,""r"":7,""run_id"":""4b2052dd33b88244b8dc64e1aa696c4f0cef9c363b27e7d2cd9a4ccb51da3596""}",
         1,         0,         0,   0.017,mwpf__0480aaa502c889192677deb2a1f79b047530feca1cf6dfaaff42d6ad35de660c,2428a4412b21fcaa2436e1c2e9c61819ecb01828206a188ce051a39d99979d3f,"{""circuit"":""surface_code:rotated_memory_x"",""cluster_node_limit"":50,""d"":7,""decoder"":""mwpf"",""decoder_type"":""SolverSerialJointSingleHair"",""p"":0.008,""p_erase"":0.0,""r"":7,""run_id"":""b0127341a48953a855ea3549247068ee7050e7461912fad56a38b1d8708ded61""}",
         1,         0,         0,   0.073,mwpf__e0a55262cf1f1a7a613b4765b0629e55d0b3fe9d54b863fbeff7519c53c8e351,34913737fb3f42b5d01e95eaa7e9bb6ec2ccceeb90dac3afed499a1716fb1a4c,"{""circuit"":""surface_code:rotated_memory_x"",""cluster_node_limit"":50,""d"":7,""decoder"":""mwpf"",""decoder_type"":""SolverSerialJointSingleHair"",""p"":0.01,""p_erase"":0.0,""r"":7,""run_id"":""85dc4b86326449a5e4d2267937782207589c000366e3fbe70d98bb3f9fb5a333""}",
       512,         0,         0,   0.098,mwpf__b0f6649b21db54ecbb8826cdfafa1ba0e2bf46532f7acaf5414024d498b451a0,529639a8efcc2d68bcd5753eb8355ddcaf6a93496022c9cf7dbfb051af66a68c,"{""circuit"":""surface_code:rotated_memory_x"",""cluster_node_limit"":50,""d"":3,""decoder"":""mwpf"",""decoder_type"":""SolverSerialJointSingleHair"",""p"":0.003,""p_erase"":0.0,""r"":3,""run_id"":""915e7fac76f0cb44d6aac79997be9e5a903d4aa353a8207f80b396814e1292cb""}",
      1024,         4,         0,   0.273,mwpf__dced78135bd52c04bba10b515d4a91692dee24b8a04d4984c307073656943ffb,72b113c0355b3f34501fe2d9bc415951079307c7c15cd05285136221a1fc4dc0,"{""circuit"":""surface_code:rotated_memory_x"",""cluster_node_limit"":50,""d"":3,""decoder"":""mwpf"",""decoder_type"":""SolverSerialJointSingleHair"",""p"":0.004,""p_erase"":0.0,""r"":3,""run_id"":""90efa888ab0be85c6dc82d20d594fb219f455db906f7e8f7ad923a214270e30c""}",
         1,         0,         0,   0.011,mwpf__761f3371de99df9efabba094f174e439214687dced9cc3cd6fcfd4925ef05ead,5373d5de17f66a3eb06d839f452c3912e4e626c22ca55edf6a2d0424cc80f5ce,"{""circuit"":""surface_code:rotated_memory_x"",""cluster_node_limit"":50,""d"":7,""decoder"":""mwpf"",""decoder_type"":""SolverSerialJointSingleHair"",""p"":0.007,""p_erase"":0.0,""r"":7,""run_id"":""cc23d39f806d6b050b42fdf6523d37ff1ded4115cd9804c1b1173f160297dfb9""}",
       273,         7,         0,   0.304,mwpf__aaa863e9a64627555b04b70db757b2526080350f57c3e44aa6971a8e395c5be7,4e04f8aa9db7314d71683d08e68e1c551e91b6148e3b3a9d2b78be567b73a4ed,"{""circuit"":""surface_code:rotated_memory_x"",""cluster_node_limit"":50,""d"":3,""decoder"":""mwpf"",""decoder_type"":""SolverSerialJointSingleHair"",""p"":0.01,""p_erase"":0.0,""r"":3,""run_id"":""5b6db69d825a9e1af451573dd00a4a7082d74a5e74fde81d397d7b0bcc5645b2""}",
         1,         0,         0,   0.021,mwpf__0d9aa11d665261a85b6152ce35c4d28399141c8834633741366e3ced28c5496e,9cb90efc03faa69e23b17dfc883ad5c9f049e23f8b4a263ea7026d53febd314f,"{""circuit"":""surface_code:rotated_memory_x"",""cluster_node_limit"":50,""d"":7,""decoder"":""mwpf"",""decoder_type"":""SolverSerialJointSingleHair"",""p"":0.004,""p_erase"":0.0,""r"":7,""run_id"":""bc63bb586674bf0943da17e714fe33cb9292304a00c52142dcc0aa98a48fe916""}",
         8,         0,         0,   0.175,mwpf__951eb3349e78cec2a155134d7fb171e1ad03d800a86442f3c4b76397f4c7fd4d,cde164a21cdab97d63839b3f64b1c2e5cf62ef5d8be22509c82bac34fbb3e2b2,"{""circuit"":""surface_code:rotated_memory_x"",""cluster_node_limit"":50,""d"":5,""decoder"":""mwpf"",""decoder_type"":""SolverSerialJointSingleHair"",""p"":0.007,""p_erase"":0.0,""r"":5,""run_id"":""fc11e6013551ff75fa4759b0fc71e28cb776c1e995679ad07f9247f45c9ad106""}",
        17,         0,         0,   0.240,mwpf__8b7aba4b42c55eac316a2911da8b71ada3c5c95714024fe9cb878eda2ed964eb,19dae4f12454abdb37e7a82e67feb6734eaa8650e81bd5af32a541e6d88fd6f1,"{""circuit"":""surface_code:rotated_memory_x"",""cluster_node_limit"":50,""d"":5,""decoder"":""mwpf"",""decoder_type"":""SolverSerialJointSingleHair"",""p"":0.0065,""p_erase"":0.0,""r"":5,""run_id"":""14c277d1360d884007b225112d7b983b9f2c5fc158d2870f656c6b2929b311b6""}",
        17,         0,         0,   0.287,mwpf__6d4510a60f3ab5a6af5bc8ff2f60857cc46b32094baeda08965a4d99c4f42aec,0cb3695c8696727a8873244b6e84d963d4eb9e0abd45b5a7328dfa907569f518,"{""circuit"":""surface_code:rotated_memory_x"",""cluster_node_limit"":50,""d"":5,""decoder"":""mwpf"",""decoder_type"":""SolverSerialJointSingleHair"",""p"":0.005,""p_erase"":0.0,""r"":5,""run_id"":""a9419091d73bd2c76a2c7e3604d34d847de2f4b02b85d0c3d0860c0754fc56d1""}",
         1,         0,         0,   0.042,mwpf__e31bcda4313c15612f870938a65840ff53c2398150f9cb961189e5e84b026776,2367d5faa513e3a6decb45c2bdd8779be42812fdc67d351c372070210ef9e7dd,"{""circuit"":""surface_code:rotated_memory_x"",""cluster_node_limit"":50,""d"":7,""decoder"":""mwpf"",""decoder_type"":""SolverSerialJointSingleHair"",""p"":0.006,""p_erase"":0.0,""r"":7,""run_id"":""c569d24a00e94715f929354bdbd1860f950e40c56d976da161032d1bf73e9e9d""}",
        17,         0,         0,   0.073,mwpf__b1e65b016886068417e23bc8e6fc3b5255b88b9358acef6c4d90bf957e517d18,31b39447a5c78d0b15a05b2c95790aeec81d5a48fd188b4f6a69524fe0d6720c,"{""circuit"":""surface_code:rotated_memory_x"",""cluster_node_limit"":50,""d"":7,""decoder"":""mwpf"",""decoder_type"":""SolverSerialJointSingleHair"",""p"":0.003,""p_erase"":0.0,""r"":7,""run_id"":""3e7768a46571fd1de5957ad6fb50ce7c500c937939ee9035abc77e8f3db0e162""}",
      1088,         9,         0,   0.279,mwpf__f1c73b55d20502edeb1352a97286268c1728587a9a613ad3646eea7ce6f5b0e8,c945d4451adf51d3115cab618d9042a74af97ed090632e5d8ded54a9c2a8acaa,"{""circuit"":""surface_code:rotated_memory_x"",""cluster_node_limit"":50,""d"":3,""decoder"":""mwpf"",""decoder_type"":""SolverSerialJointSingleHair"",""p"":0.005,""p_erase"":0.0,""r"":3,""run_id"":""5101ac8ef9c97b83df4dd9d8fb12d7b219d036893929703eba32fffa9e647600""}",
      1024,        13,         0,   0.264,mwpf__be13af6e4aecc79fd8470069cbeba0b7402ccae8a2a39ca14aa05aab56e13157,a0053533921bc46fbfe14bb420d60339e3870782d8212090091825118b30ddec,"{""circuit"":""surface_code:rotated_memory_x"",""cluster_node_limit"":50,""d"":3,""decoder"":""mwpf"",""decoder_type"":""SolverSerialJointSingleHair"",""p"":0.006,""p_erase"":0.0,""r"":3,""run_id"":""dd60754122c9f7a810b0c1d8b1c92188ea52870232067546237f0fa25d610548""}",
        64,         8,         0,   0.277,mwpf__b0b7dc35549e4684aaf56d7f39208097266fbb01b99fc634aa5cc65cb30d3fd9,28ac44c8c5b47a07887bdc431a672e9f8611047ab24d905f93db9d3c36d03445,"{""circuit"":""surface_code:rotated_memory_x"",""cluster_node_limit"":50,""d"":3,""decoder"":""mwpf"",""decoder_type"":""SolverSerialJointSingleHair"",""p"":0.015,""p_erase"":0.0,""r"":3,""run_id"":""b44761db4df8b64c8917c437ae7fe1c452a55149c1dc7a5ca0f619d5bff0315c""}",
        32,         0,         0,   0.045,mwpf__6d4510a60f3ab5a6af5bc8ff2f60857cc46b32094baeda08965a4d99c4f42aec,0cb3695c8696727a8873244b6e84d963d4eb9e0abd45b5a7328dfa907569f518,"{""circuit"":""surface_code:rotated_memory_x"",""cluster_node_limit"":50,""d"":5,""decoder"":""mwpf"",""decoder_type"":""SolverSerialJointSingleHair"",""p"":0.005,""p_erase"":0.0,""r"":5,""run_id"":""a9419091d73bd2c76a2c7e3604d34d847de2f4b02b85d0c3d0860c0754fc56d1""}",
      1024,         5,         0,   0.108,mwpf__b0f6649b21db54ecbb8826cdfafa1ba0e2bf46532f7acaf5414024d498b451a0,529639a8efcc2d68bcd5753eb8355ddcaf6a93496022c9cf7dbfb051af66a68c,"{""circuit"":""surface_code:rotated_memory_x"",""cluster_node_limit"":50,""d"":3,""decoder"":""mwpf"",""decoder_type"":""SolverSerialJointSingleHair"",""p"":0.003,""p_erase"":0.0,""r"":3,""run_id"":""915e7fac76f0cb44d6aac79997be9e5a903d4aa353a8207f80b396814e1292cb""}",
        16,         0,         0,   0.103,mwpf__0d9aa11d665261a85b6152ce35c4d28399141c8834633741366e3ced28c5496e,9cb90efc03faa69e23b17dfc883ad5c9f049e23f8b4a263ea7026d53febd314f,"{""circuit"":""surface_code:rotated_memory_x"",""cluster_node_limit"":50,""d"":7,""decoder"":""mwpf"",""decoder_type"":""SolverSerialJointSingleHair"",""p"":0.004,""p_erase"":0.0,""r"":7,""run_id"":""bc63bb586674bf0943da17e714fe33cb9292304a00c52142dcc0aa98a48fe916""}",
        16,         0,         0,   0.106,mwpf__951eb3349e78cec2a155134d7fb171e1ad03d800a86442f3c4b76397f4c7fd4d,cde164a21cdab97d63839b3f64b1c2e5cf62ef5d8be22509c82bac34fbb3e2b2,"{""circuit"":""surface_code:rotated_memory_x"",""cluster_node_limit"":50,""d"":5,""decoder"":""mwpf"",""decoder_type"":""SolverSerialJointSingleHair"",""p"":0.007,""p_erase"":0.0,""r"":5,""run_id"":""fc11e6013551ff75fa4759b0fc71e28cb776c1e995679ad07f9247f45c9ad106""}",
         1,         0,         0,   0.122,mwpf__51e8ee19cf0aaa70da53967b6319671a0062ce98a2bc87274e8dc28f0b80d783,80a8d8d8845ce59d024eed62a7aec2b46f82d021196b4658f49128b3cea863e2,"{""circuit"":""surface_code:rotated_memory_x"",""cluster_node_limit"":50,""d"":7,""decoder"":""mwpf"",""decoder_type"":""SolverSerialJointSingleHair"",""p"":0.005,""p_erase"":0.0,""r"":7,""run_id"":""3ff977703ebf3f566a41dac215e2bc8e682579cf7cec84db2f03627fcfabbad2""}",
      1024,         5,         0,   0.138,mwpf__dced78135bd52c04bba10b515d4a91692dee24b8a04d4984c307073656943ffb,72b113c0355b3f34501fe2d9bc415951079307c7c15cd05285136221a1fc4dc0,"{""circuit"":""surface_code:rotated_memory_x"",""cluster_node_limit"":50,""d"":3,""decoder"":""mwpf"",""decoder_type"":""SolverSerialJointSingleHair"",""p"":0.004,""p_erase"":0.0,""r"":3,""run_id"":""90efa888ab0be85c6dc82d20d594fb219f455db906f7e8f7ad923a214270e30c""}",
         1,         0,         0,   0.169,mwpf__0e7c94a776c9d36b18431c37b59c5d54ed615181b4983b9359c243e9f764dfb4,18ed3080fc8dd3e2ad1b8ac4ffd96f6ee6464a3ae086c1352c800cbc7cd6c4b7,"{""circuit"":""surface_code:rotated_memory_x"",""cluster_node_limit"":50,""d"":7,""decoder"":""mwpf"",""decoder_type"":""SolverSerialJointSingleHair"",""p"":0.015,""p_erase"":0.0,""r"":7,""run_id"":""acdc3549d7b3f20ef13fd9539e517d8487bc2b0a145673bebaddb7b3e0579f70""}",
         1,         0,         0,   0.159,mwpf__7b751ba9c29dec22792ae2997abbcfb30aeccd30f12272dee86da02f98924346,ef36a2d62e6f27449c8c54ebc380941555cc4126bf8269beb48c5d4285c2c832,"{""circuit"":""surface_code:rotated_memory_x"",""cluster_node_limit"":50,""d"":7,""decoder"":""mwpf"",""decoder_type"":""SolverSerialJointSingleHair"",""p"":0.0065,""p_erase"":0.0,""r"":7,""run_id"":""2dbf0f369a61ab19037b084768e1601bc2d15a711cdebadba5827ddd88dd2495""}",
      1024,         3,         0,   0.080,mwpf__b0f6649b21db54ecbb8826cdfafa1ba0e2bf46532f7acaf5414024d498b451a0,529639a8efcc2d68bcd5753eb8355ddcaf6a93496022c9cf7dbfb051af66a68c,"{""circuit"":""surface_code:rotated_memory_x"",""cluster_node_limit"":50,""d"":3,""decoder"":""mwpf"",""decoder_type"":""SolverSerialJointSingleHair"",""p"":0.003,""p_erase"":0.0,""r"":3,""run_id"":""915e7fac76f0cb44d6aac79997be9e5a903d4aa353a8207f80b396814e1292cb""}",
         4,         0,         0,   0.091,mwpf__51e8ee19cf0aaa70da53967b6319671a0062ce98a2bc87274e8dc28f0b80d783,80a8d8d8845ce59d024eed62a7aec2b46f82d021196b4658f49128b3cea863e2,"{""circuit"":""surface_code:rotated_memory_x"",""cluster_node_limit"":50,""d"":7,""decoder"":""mwpf"",""decoder_type"":""SolverSerialJointSingleHair"",""p"":0.005,""p_erase"":0.0,""r"":7,""run_id"":""3ff977703ebf3f566a41dac215e2bc8e682579cf7cec84db2f03627fcfabbad2""}",
      1024,         7,         0,   0.156,mwpf__f1c73b55d20502edeb1352a97286268c1728587a9a613ad3646eea7ce6f5b0e8,c945d4451adf51d3115cab618d9042a74af97ed090632e5d8ded54a9c2a8acaa,"{""circuit"":""surface_code:rotated_memory_x"",""cluster_node_limit"":50,""d"":3,""decoder"":""mwpf"",""decoder_type"":""SolverSerialJointSingleHair"",""p"":0.005,""p_erase"":0.0,""r"":3,""run_id"":""5101ac8ef9c97b83df4dd9d8fb12d7b219d036893929703eba32fffa9e647600""}",
      1024,        13,         0,   0.465,mwpf__03fa2c6e37aff7c81ae22b7dea7a504d3eb26ec3a7b349088c7bcea7a9871e0c,6267ba7f3c1c772896eebefc6d523adb68e82d38d020e307be1f733b70ad8bd3,"{""circuit"":""surface_code:rotated_memory_x"",""cluster_node_limit"":50,""d"":3,""decoder"":""mwpf"",""decoder_type"":""SolverSerialJointSingleHair"",""p"":0.007,""p_erase"":0.0,""r"":3,""run_id"":""135e03791629607bb61bf8b9b22bc12f2324f26b65e31e82f5c3cd97d24c99c9""}",
       512,        12,         0,   0.364,mwpf__4e1601b0668063eadc05111c07696cccf168dd50474bd608d301815d45c9a786,d19a124337761452ca3104e53f7e971c7bb837f006c26f70a68a8f67e770bb67,"{""circuit"":""surface_code:rotated_memory_x"",""cluster_node_limit"":50,""d"":3,""decoder"":""mwpf"",""decoder_type"":""SolverSerialJointSingleHair"",""p"":0.0075,""p_erase"":0.0,""r"":3,""run_id"":""4bc734d2ac70cf62b78df146e81bdcf5df30d786b05a2eea177a13d890e64669""}",
      1024,         2,         0,   0.095,mwpf__b0f6649b21db54ecbb8826cdfafa1ba0e2bf46532f7acaf5414024d498b451a0,529639a8efcc2d68bcd5753eb8355ddcaf6a93496022c9cf7dbfb051af66a68c,"{""circuit"":""surface_code:rotated_memory_x"",""cluster_node_limit"":50,""d"":3,""decoder"":""mwpf"",""decoder_type"":""SolverSerialJointSingleHair"",""p"":0.003,""p_erase"":0.0,""r"":3,""run_id"":""915e7fac76f0cb44d6aac79997be9e5a903d4aa353a8207f80b396814e1292cb""}",
      1024,         3,         0,   0.200,mwpf__dced78135bd52c04bba10b515d4a91692dee24b8a04d4984c307073656943ffb,72b113c0355b3f34501fe2d9bc415951079307c7c15cd05285136221a1fc4dc0,"{""circuit"":""surface_code:rotated_memory_x"",""cluster_node_limit"":50,""d"":3,""decoder"":""mwpf"",""decoder_type"":""SolverSerialJointSingleHair"",""p"":0.004,""p_erase"":0.0,""r"":3,""run_id"":""90efa888ab0be85c6dc82d20d594fb219f455db906f7e8f7ad923a214270e30c""}",
      1024,        17,         0,   0.539,mwpf__682d5c8b1e761a1076b65dca539a2d15d82ad086708269570743d5b5c12e48ec,7ee21ac07e1d2d837dee1b9de812df8e43271af75c9d02b6bafea9ec15c9affa,"{""circuit"":""surface_code:rotated_memory_x"",""cluster_node_limit"":50,""d"":3,""decoder"":""mwpf"",""decoder_type"":""SolverSerialJointSingleHair"",""p"":0.0065,""p_erase"":0.0,""r"":3,""run_id"":""b8f63b3afee4afe98e7bbb30f20c4398dd3b9aec649fcfb3e47705c2a2c61b36""}",
         1,         0,         0,   0.025,mwpf__0ffad40cb78e56d31871ef678a2c2c220e01e0128694bf21b48103122ad96d78,1eeffca09c34ec66ea37833c9064e8ea37a416c4745e08373b9f3699fa053396,"{""circuit"":""surface_code:rotated_memory_x"",""cluster_node_limit"":50,""d"":9,""decoder"":""mwpf"",""decoder_type"":""SolverSerialJointSingleHair"",""p"":0.006,""p_erase"":0.0,""r"":9,""run_id"":""24bb5f6faf950c7f32be70c2a658f8a2aec69874df03f312866b1e584c72f944""}",
        16,         2,         0,   0.600,mwpf__74b18df185b22796a559f32f488c1f95ef0d82d34c256906317561e4acce78ec,ff1f59d74e0a85a29f4995de86372e17ef6d73f50ef84112e0cd3a298e221696,"{""circuit"":""surface_code:rotated_memory_x"",""cluster_node_limit"":50,""d"":5,""decoder"":""mwpf"",""decoder_type"":""SolverSerialJointSingleHair"",""p"":0.009,""p_erase"":0.0,""r"":5,""run_id"":""c32281a89ec9fb6ef8731b931cbe729d04602aba0eeadfec21fc1875143cc8af""}",
      1024,        16,         0,   0.334,mwpf__be13af6e4aecc79fd8470069cbeba0b7402ccae8a2a39ca14aa05aab56e13157,a0053533921bc46fbfe14bb420d60339e3870782d8212090091825118b30ddec,"{""circuit"":""surface_code:rotated_memory_x"",""cluster_node_limit"":50,""d"":3,""decoder"":""mwpf"",""decoder_type"":""SolverSerialJointSingleHair"",""p"":0.006,""p_erase"":0.0,""r"":3,""run_id"":""dd60754122c9f7a810b0c1d8b1c92188ea52870232067546237f0fa25d610548""}",
       128,         9,         0,   0.381,mwpf__b0b7dc35549e4684aaf56d7f39208097266fbb01b99fc634aa5cc65cb30d3fd9,28ac44c8c5b47a07887bdc431a672e9f8611047ab24d905f93db9d3c36d03445,"{""circuit"":""surface_code:rotated_memory_x"",""cluster_node_limit"":50,""d"":3,""decoder"":""mwpf"",""decoder_type"":""SolverSerialJointSingleHair"",""p"":0.015,""p_erase"":0.0,""r"":3,""run_id"":""b44761db4df8b64c8917c437ae7fe1c452a55149c1dc7a5ca0f619d5bff0315c""}",
         1,         0,         0,   0.092,mwpf__8c35bf1fe40791e0cc86728b65286dceac7fa4a3150955de718fb71e20591ac0,1db55f393cb47cd7701b494aee001a18fd4a230d6df85129178e6c37931db9f3,"{""circuit"":""surface_code:rotated_memory_x"",""cluster_node_limit"":50,""d"":9,""decoder"":""mwpf"",""decoder_type"":""SolverSerialJointSingleHair"",""p"":0.005,""p_erase"":0.0,""r"":9,""run_id"":""6ff49e3994bd55cd42a49411e80b5ece5d8b1ccd21e8041d4b16720db3ebea01""}",
         8,         1,         0,   0.650,mwpf__e098ae1eaf131a692c7d269ecd7c0b356809a18a2ccc52547656bea351773dd9,c4e2e9f4264f6040fcd119a2d32c96bd25a12364f525742dd40c8b2e504c5240,"{""circuit"":""surface_code:rotated_memory_x"",""cluster_node_limit"":50,""d"":5,""decoder"":""mwpf"",""decoder_type"":""SolverSerialJointSingleHair"",""p"":0.01,""p_erase"":0.0,""r"":5,""run_id"":""669fd91e75976823dd1cbb6f0d860524121f186f614db6fb259f60c1945fce8a""}",
       512,         6,         0,   0.237,mwpf__4e1601b0668063eadc05111c07696cccf168dd50474bd608d301815d45c9a786,d19a124337761452ca3104e53f7e971c7bb837f006c26f70a68a8f67e770bb67,"{""circuit"":""surface_code:rotated_memory_x"",""cluster_node_limit"":50,""d"":3,""decoder"":""mwpf"",""decoder_type"":""SolverSerialJointSingleHair"",""p"":0.0075,""p_erase"":0.0,""r"":3,""run_id"":""4bc734d2ac70cf62b78df146e81bdcf5df30d786b05a2eea177a13d890e64669""}",
      1024,         4,         0,   0.217,mwpf__b0f6649b21db54ecbb8826cdfafa1ba0e2bf46532f7acaf5414024d498b451a0,529639a8efcc2d68bcd5753eb8355ddcaf6a93496022c9cf7dbfb051af66a68c,"{""circuit"":""surface_code:rotated_memory_x"",""cluster_node_limit"":50,""d"":3,""decoder"":""mwpf"",""decoder_type"":""SolverSerialJointSingleHair"",""p"":0.003,""p_erase"":0.0,""r"":3,""run_id"":""915e7fac76f0cb44d6aac79997be9e5a903d4aa353a8207f80b396814e1292cb""}",
      1024,         5,         0,   0.165,mwpf__dced78135bd52c04bba10b515d4a91692dee24b8a04d4984c307073656943ffb,72b113c0355b3f34501fe2d9bc415951079307c7c15cd05285136221a1fc4dc0,"{""circuit"":""surface_code:rotated_memory_x"",""cluster_node_limit"":50,""d"":3,""decoder"":""mwpf"",""decoder_type"":""SolverSerialJointSingleHair"",""p"":0.004,""p_erase"":0.0,""r"":3,""run_id"":""90efa888ab0be85c6dc82d20d594fb219f455db906f7e8f7ad923a214270e30c""}",
      1024,        36,         0,   0.740,mwpf__d56b027df54bbcee1a569d4b790c31989f5693ab552e6ad7d4b399bc8a5b7ae2,f0a51108deaa2e813a85a0daf8998382d985f25173b21c56aa0f0dddcd7c45dc,"{""circuit"":""surface_code:rotated_memory_x"",""cluster_node_limit"":50,""d"":3,""decoder"":""mwpf"",""decoder_type"":""SolverSerialJointSingleHair"",""p"":0.009,""p_erase"":0.0,""r"":3,""run_id"":""f3773bbf3001f7044304ac6a12d9ddb4d020a1b2b51ce7b475f4f14944f915f3""}",
         8,         0,         0,   0.057,mwpf__e098ae1eaf131a692c7d269ecd7c0b356809a18a2ccc52547656bea351773dd9,c4e2e9f4264f6040fcd119a2d32c96bd25a12364f525742dd40c8b2e504c5240,"{""circuit"":""surface_code:rotated_memory_x"",""cluster_node_limit"":50,""d"":5,""decoder"":""mwpf"",""decoder_type"":""SolverSerialJointSingleHair"",""p"":0.01,""p_erase"":0.0,""r"":5,""run_id"":""669fd91e75976823dd1cbb6f0d860524121f186f614db6fb259f60c1945fce8a""}",
         1,         0,         0,   0.172,mwpf__2513811017579026d7674ebe2393e0cc3aa91e0705b0a322adcdc3e99a3a038c,faaca1e550d6a99dde065c98f56a1aeef0a6af23a66e67c706b6ffdd967b8259,"{""circuit"":""surface_code:rotated_memory_x"",""cluster_node_limit"":50,""d"":9,""decoder"":""mwpf"",""decoder_type"":""SolverSerialJointSingleHair"",""p"":0.015,""p_erase"":0.0,""r"":9,""run_id"":""48b869192ebdc343a5330d4ec118d7f7605576a3810e15cb95222da28197c77e""}",
      1024,        15,         0,   0.385,mwpf__03fa2c6e37aff7c81ae22b7dea7a504d3eb26ec3a7b349088c7bcea7a9871e0c,6267ba7f3c1c772896eebefc6d523adb68e82d38d020e307be1f733b70ad8bd3,"{""circuit"":""surface_code:rotated_memory_x"",""cluster_node_limit"":50,""d"":3,""decoder"":""mwpf"",""decoder_type"":""SolverSerialJointSingleHair"",""p"":0.007,""p_erase"":0.0,""r"":3,""run_id"":""135e03791629607bb61bf8b9b22bc12f2324f26b65e31e82f5c3cd97d24c99c9""}",
         1,         0,         0,   0.250,mwpf__4d095e94564aaf70b358e5d5ebb14c977585d24f71ee066d73c8d28da9e509d1,f558194f437a2b7eb02e26a0c3c685b29032de063b739c7351099f552cd87aa6,"{""circuit"":""surface_code:rotated_memory_x"",""cluster_node_limit"":50,""d"":9,""decoder"":""mwpf"",""decoder_type"":""SolverSerialJointSingleHair"",""p"":0.01,""p_erase"":0.0,""r"":9,""run_id"":""07c0f409e8370b67d9c8c55c2486281381c0937533be35a12e0610e26f05aded""}",
         1,         0,         0,   0.261,mwpf__6099ca9ba0e75d433e29cf0e99deb8fecdb2af5c2add85a0679af0a6cbc31454,059af26b3446a53a53fb02480a7d49eb29e7b3510b62d2455b645061774c7dd8,"{""circuit"":""surface_code:rotated_memory_x"",""cluster_node_limit"":50,""d"":9,""decoder"":""mwpf"",""decoder_type"":""SolverSerialJointSingleHair"",""p"":0.008,""p_erase"":0.0,""r"":9,""run_id"":""8dfac8c52a2bdb8ad1978822189831360902afd0bc2eb7a9333f1f5088b13a03""}",
      1024,         2,         0,   0.156,mwpf__b0f6649b21db54ecbb8826cdfafa1ba0e2bf46532f7acaf5414024d498b451a0,529639a8efcc2d68bcd5753eb8355ddcaf6a93496022c9cf7dbfb051af66a68c,"{""circuit"":""surface_code:rotated_memory_x"",""cluster_node_limit"":50,""d"":3,""decoder"":""mwpf"",""decoder_type"":""SolverSerialJointSingleHair"",""p"":0.003,""p_erase"":0.0,""r"":3,""run_id"":""915e7fac76f0cb44d6aac79997be9e5a903d4aa353a8207f80b396814e1292cb""}",
      1024,        21,         0,   0.854,mwpf__43962ba459d86cd819b8558032ffa6472ba0555135068fb74009d94b7bad5532,1b4e499b3b262af26ba14e01aa169e3a7f2d864a488b68fa6fba53177a53ffcc,"{""circuit"":""surface_code:rotated_memory_x"",""cluster_node_limit"":50,""d"":3,""decoder"":""mwpf"",""decoder_type"":""SolverSerialJointSingleHair"",""p"":0.008,""p_erase"":0.0,""r"":3,""run_id"":""842b8d9622dd95e081373b13334f0c4c970c25ea256e90e9985b8d1bb6968aef""}",
      1024,        11,         0,   0.262,mwpf__be13af6e4aecc79fd8470069cbeba0b7402ccae8a2a39ca14aa05aab56e13157,a0053533921bc46fbfe14bb420d60339e3870782d8212090091825118b30ddec,"{""circuit"":""surface_code:rotated_memory_x"",""cluster_node_limit"":50,""d"":3,""decoder"":""mwpf"",""decoder_type"":""SolverSerialJointSingleHair"",""p"":0.006,""p_erase"":0.0,""r"":3,""run_id"":""dd60754122c9f7a810b0c1d8b1c92188ea52870232067546237f0fa25d610548""}",
         8,         0,         0,   0.627,mwpf__e31bcda4313c15612f870938a65840ff53c2398150f9cb961189e5e84b026776,2367d5faa513e3a6decb45c2bdd8779be42812fdc67d351c372070210ef9e7dd,"{""circuit"":""surface_code:rotated_memory_x"",""cluster_node_limit"":50,""d"":7,""decoder"":""mwpf"",""decoder_type"":""SolverSerialJointSingleHair"",""p"":0.006,""p_erase"":0.0,""r"":7,""run_id"":""c569d24a00e94715f929354bdbd1860f950e40c56d976da161032d1bf73e9e9d""}",
        32,         0,         0,   0.757,mwpf__d6e273bec9b587e85ba4f19af1099d5769edba9e40437c8089c08ed25bd72758,5388f8eb2e6e41b439260433c3419bdbf5f8b4bd5b8e2a2c70a24a791cee3145,"{""circuit"":""surface_code:rotated_memory_x"",""cluster_node_limit"":50,""d"":5,""decoder"":""mwpf"",""decoder_type"":""SolverSerialJointSingleHair"",""p"":0.008,""p_erase"":0.0,""r"":5,""run_id"":""bfa3c7cba13850dd37e54bb29bb945687e3fe04272a3151e2ac8acb7416976e7""}",
         2,         1,         0,   0.532,mwpf__0e7c94a776c9d36b18431c37b59c5d54ed615181b4983b9359c243e9f764dfb4,18ed3080fc8dd3e2ad1b8ac4ffd96f6ee6464a3ae086c1352c800cbc7cd6c4b7,"{""circuit"":""surface_code:rotated_memory_x"",""cluster_node_limit"":50,""d"":7,""decoder"":""mwpf"",""decoder_type"":""SolverSerialJointSingleHair"",""p"":0.015,""p_erase"":0.0,""r"":7,""run_id"":""acdc3549d7b3f20ef13fd9539e517d8487bc2b0a145673bebaddb7b3e0579f70""}",
         8,         2,         0,   0.810,mwpf__3f1b64a9ac39918fdfc1d8685d2ae22620c080992f83b482a25d7b8f1adaea5a,0b2a8a048818ac11f66a73bdbd1d5dc5a971687b6a9c1ab5af8e2dcdd4f0c1bf,"{""circuit"":""surface_code:rotated_memory_x"",""cluster_node_limit"":50,""d"":5,""decoder"":""mwpf"",""decoder_type"":""SolverSerialJointSingleHair"",""p"":0.015,""p_erase"":0.0,""r"":5,""run_id"":""6fe96edac5c8fb2c1aed8ea14c67ceeb92423fdf3ce9e1c97fff0ce2aa5d5538""}",
      1024,         7,         0,   0.251,mwpf__dced78135bd52c04bba10b515d4a91692dee24b8a04d4984c307073656943ffb,72b113c0355b3f34501fe2d9bc415951079307c7c15cd05285136221a1fc4dc0,"{""circuit"":""surface_code:rotated_memory_x"",""cluster_node_limit"":50,""d"":3,""decoder"":""mwpf"",""decoder_type"":""SolverSerialJointSingleHair"",""p"":0.004,""p_erase"":0.0,""r"":3,""run_id"":""90efa888ab0be85c6dc82d20d594fb219f455db906f7e8f7ad923a214270e30c""}",
      1024,         9,         0,   0.537,mwpf__f1c73b55d20502edeb1352a97286268c1728587a9a613ad3646eea7ce6f5b0e8,c945d4451adf51d3115cab618d9042a74af97ed090632e5d8ded54a9c2a8acaa,"{""circuit"":""surface_code:rotated_memory_x"",""cluster_node_limit"":50,""d"":3,""decoder"":""mwpf"",""decoder_type"":""SolverSerialJointSingleHair"",""p"":0.005,""p_erase"":0.0,""r"":3,""run_id"":""5101ac8ef9c97b83df4dd9d8fb12d7b219d036893929703eba32fffa9e647600""}",
         1,         0,         0,   0.414,mwpf__1c17b6ee16c741b8697b91cd285aaee9a8e106198ab113a3b41e17f1b62daa89,3627112f92c7e85ea6801db379ff16386d627c78375e4cf85abab0e7352f9166,"{""circuit"":""surface_code:rotated_memory_x"",""cluster_node_limit"":50,""d"":9,""decoder"":""mwpf"",""decoder_type"":""SolverSerialJointSingleHair"",""p"":0.007,""p_erase"":0.0,""r"":9,""run_id"":""afd2d1bea34409055a74153634f35b6efd9ed9b105183e8591ec4772c9d800e4""}",
         4,         0,         0,   0.325,mwpf__8c35bf1fe40791e0cc86728b65286dceac7fa4a3150955de718fb71e20591ac0,1db55f393cb47cd7701b494aee001a18fd4a230d6df85129178e6c37931db9f3,"{""circuit"":""surface_code:rotated_memory_x"",""cluster_node_limit"":50,""d"":9,""decoder"":""mwpf"",""decoder_type"":""SolverSerialJointSingleHair"",""p"":0.005,""p_erase"":0.0,""r"":9,""run_id"":""6ff49e3994bd55cd42a49411e80b5ece5d8b1ccd21e8041d4b16720db3ebea01""}",
       128,        10,         0,   0.325,mwpf__b0b7dc35549e4684aaf56d7f39208097266fbb01b99fc634aa5cc65cb30d3fd9,28ac44c8c5b47a07887bdc431a672e9f8611047ab24d905f93db9d3c36d03445,"{""circuit"":""surface_code:rotated_memory_x"",""cluster_node_limit"":50,""d"":3,""decoder"":""mwpf"",""decoder_type"":""SolverSerialJointSingleHair"",""p"":0.015,""p_erase"":0.0,""r"":3,""run_id"":""b44761db4df8b64c8917c437ae7fe1c452a55149c1dc7a5ca0f619d5bff0315c""}",
       512,        24,         0,   0.804,mwpf__aaa863e9a64627555b04b70db757b2526080350f57c3e44aa6971a8e395c5be7,4e04f8aa9db7314d71683d08e68e1c551e91b6148e3b3a9d2b78be567b73a4ed,"{""circuit"":""surface_code:rotated_memory_x"",""cluster_node_limit"":50,""d"":3,""decoder"":""mwpf"",""decoder_type"":""SolverSerialJointSingleHair"",""p"":0.01,""p_erase"":0.0,""r"":3,""run_id"":""5b6db69d825a9e1af451573dd00a4a7082d74a5e74fde81d397d7b0bcc5645b2""}",
      1024,        14,         0,   0.466,mwpf__682d5c8b1e761a1076b65dca539a2d15d82ad086708269570743d5b5c12e48ec,7ee21ac07e1d2d837dee1b9de812df8e43271af75c9d02b6bafea9ec15c9affa,"{""circuit"":""surface_code:rotated_memory_x"",""cluster_node_limit"":50,""d"":3,""decoder"":""mwpf"",""decoder_type"":""SolverSerialJointSingleHair"",""p"":0.0065,""p_erase"":0.0,""r"":3,""run_id"":""b8f63b3afee4afe98e7bbb30f20c4398dd3b9aec649fcfb3e47705c2a2c61b36""}",
      1024,        19,         0,   0.230,mwpf__03fa2c6e37aff7c81ae22b7dea7a504d3eb26ec3a7b349088c7bcea7a9871e0c,6267ba7f3c1c772896eebefc6d523adb68e82d38d020e307be1f733b70ad8bd3,"{""circuit"":""surface_code:rotated_memory_x"",""cluster_node_limit"":50,""d"":3,""decoder"":""mwpf"",""decoder_type"":""SolverSerialJointSingleHair"",""p"":0.007,""p_erase"":0.0,""r"":3,""run_id"":""135e03791629607bb61bf8b9b22bc12f2324f26b65e31e82f5c3cd97d24c99c9""}",
      1024,         6,         0,   0.113,mwpf__dced78135bd52c04bba10b515d4a91692dee24b8a04d4984c307073656943ffb,72b113c0355b3f34501fe2d9bc415951079307c7c15cd05285136221a1fc4dc0,"{""circuit"":""surface_code:rotated_memory_x"",""cluster_node_limit"":50,""d"":3,""decoder"":""mwpf"",""decoder_type"":""SolverSerialJointSingleHair"",""p"":0.004,""p_erase"":0.0,""r"":3,""run_id"":""90efa888ab0be85c6dc82d20d594fb219f455db906f7e8f7ad923a214270e30c""}",
         8,         0,         0,   0.952,mwpf__c6ba5eb607084c237766d2f1acb7719308a77ef713824e5c4b8d9fdd0cd4a1b6,f538726661a9ad85ba0d5eda8cd32b2cbddd0a923127051b03a5b9c672de5ae4,"{""circuit"":""surface_code:rotated_memory_x"",""cluster_node_limit"":50,""d"":7,""decoder"":""mwpf"",""decoder_type"":""SolverSerialJointSingleHair"",""p"":0.0075,""p_erase"":0.0,""r"":7,""run_id"":""746c0ed850e7a1c4899561c73e97af04ff040736013cde397145df4c660e1d2a""}",
      1024,         1,         0,   0.235,mwpf__b0f6649b21db54ecbb8826cdfafa1ba0e2bf46532f7acaf5414024d498b451a0,529639a8efcc2d68bcd5753eb8355ddcaf6a93496022c9cf7dbfb051af66a68c,"{""circuit"":""surface_code:rotated_memory_x"",""cluster_node_limit"":50,""d"":3,""decoder"":""mwpf"",""decoder_type"":""SolverSerialJointSingleHair"",""p"":0.003,""p_erase"":0.0,""r"":3,""run_id"":""915e7fac76f0cb44d6aac79997be9e5a903d4aa353a8207f80b396814e1292cb""}",
       128,         9,         0,   0.096,mwpf__b0b7dc35549e4684aaf56d7f39208097266fbb01b99fc634aa5cc65cb30d3fd9,28ac44c8c5b47a07887bdc431a672e9f8611047ab24d905f93db9d3c36d03445,"{""circuit"":""surface_code:rotated_memory_x"",""cluster_node_limit"":50,""d"":3,""decoder"":""mwpf"",""decoder_type"":""SolverSerialJointSingleHair"",""p"":0.015,""p_erase"":0.0,""r"":3,""run_id"":""b44761db4df8b64c8917c437ae7fe1c452a55149c1dc7a5ca0f619d5bff0315c""}",
        16,         0,         0,   0.533,mwpf__74b18df185b22796a559f32f488c1f95ef0d82d34c256906317561e4acce78ec,ff1f59d74e0a85a29f4995de86372e17ef6d73f50ef84112e0cd3a298e221696,"{""circuit"":""surface_code:rotated_memory_x"",""cluster_node_limit"":50,""d"":5,""decoder"":""mwpf"",""decoder_type"":""SolverSerialJointSingleHair"",""p"":0.009,""p_erase"":0.0,""r"":5,""run_id"":""c32281a89ec9fb6ef8731b931cbe729d04602aba0eeadfec21fc1875143cc8af""}",
      1024,        16,         0,   0.265,mwpf__be13af6e4aecc79fd8470069cbeba0b7402ccae8a2a39ca14aa05aab56e13157,a0053533921bc46fbfe14bb420d60339e3870782d8212090091825118b30ddec,"{""circuit"":""surface_code:rotated_memory_x"",""cluster_node_limit"":50,""d"":3,""decoder"":""mwpf"",""decoder_type"":""SolverSerialJointSingleHair"",""p"":0.006,""p_erase"":0.0,""r"":3,""run_id"":""dd60754122c9f7a810b0c1d8b1c92188ea52870232067546237f0fa25d610548""}",
         1,         0,         0,   0.587,mwpf__ef4bd14b406ebb94921d73b05e28e9be274fd0180168db54ebfe9ad4abb5c3dd,813034dd365f90862ad3456e088d05537a5961eea78ad69b71aff0330e723902,"{""circuit"":""surface_code:rotated_memory_x"",""cluster_node_limit"":50,""d"":9,""decoder"":""mwpf"",""decoder_type"":""SolverSerialJointSingleHair"",""p"":0.0075,""p_erase"":0.0,""r"":9,""run_id"":""d43e2110d6096cb21b3dc2507099ab1df8f05023ab41bfbd088fbc12277e6cad""}",
      1024,        28,         0,   0.495,mwpf__4e1601b0668063eadc05111c07696cccf168dd50474bd608d301815d45c9a786,d19a124337761452ca3104e53f7e971c7bb837f006c26f70a68a8f67e770bb67,"{""circuit"":""surface_code:rotated_memory_x"",""cluster_node_limit"":50,""d"":3,""decoder"":""mwpf"",""decoder_type"":""SolverSerialJointSingleHair"",""p"":0.0075,""p_erase"":0.0,""r"":3,""run_id"":""4bc734d2ac70cf62b78df146e81bdcf5df30d786b05a2eea177a13d890e64669""}",
         1,         0,         0,   0.638,mwpf__5690b4a8bc9c88c24efb060e4e655ea926b0a3cafb8eccb6b16e13bcfa6f8f57,2319881ca4af7e340fa0dc5e54cc6bc5ff4176d44f6e7028a967f989b1262cd0,"{""circuit"":""surface_code:rotated_memory_x"",""cluster_node_limit"":50,""d"":9,""decoder"":""mwpf"",""decoder_type"":""SolverSerialJointSingleHair"",""p"":0.0065,""p_erase"":0.0,""r"":9,""run_id"":""bcb66dbf1963af5450bb3b51e6950f2b7fc1b6490e9ba479a670b91dc4b2af88""}",
      1024,        19,         0,   0.227,mwpf__682d5c8b1e761a1076b65dca539a2d15d82ad086708269570743d5b5c12e48ec,7ee21ac07e1d2d837dee1b9de812df8e43271af75c9d02b6bafea9ec15c9affa,"{""circuit"":""surface_code:rotated_memory_x"",""cluster_node_limit"":50,""d"":3,""decoder"":""mwpf"",""decoder_type"":""SolverSerialJointSingleHair"",""p"":0.0065,""p_erase"":0.0,""r"":3,""run_id"":""b8f63b3afee4afe98e7bbb30f20c4398dd3b9aec649fcfb3e47705c2a2c61b36""}",
         1,         0,         0,   0.076,mwpf__5690b4a8bc9c88c24efb060e4e655ea926b0a3cafb8eccb6b16e13bcfa6f8f57,2319881ca4af7e340fa0dc5e54cc6bc5ff4176d44f6e7028a967f989b1262cd0,"{""circuit"":""surface_code:rotated_memory_x"",""cluster_node_limit"":50,""d"":9,""decoder"":""mwpf"",""decoder_type"":""SolverSerialJointSingleHair"",""p"":0.0065,""p_erase"":0.0,""r"":9,""run_id"":""bcb66dbf1963af5450bb3b51e6950f2b7fc1b6490e9ba479a670b91dc4b2af88""}",
         1,         0,         0,   0.167,mwpf__ef4bd14b406ebb94921d73b05e28e9be274fd0180168db54ebfe9ad4abb5c3dd,813034dd365f90862ad3456e088d05537a5961eea78ad69b71aff0330e723902,"{""circuit"":""surface_code:rotated_memory_x"",""cluster_node_limit"":50,""d"":9,""decoder"":""mwpf"",""decoder_type"":""SolverSerialJointSingleHair"",""p"":0.0075,""p_erase"":0.0,""r"":9,""run_id"":""d43e2110d6096cb21b3dc2507099ab1df8f05023ab41bfbd088fbc12277e6cad""}",
         1,         0,         0,   0.015,mwpf__816dbb216f33548bde82700373ed8762c4588f7e736c0d6ce8bbd83718eb9bc4,4a103945d4b3e03fb447b3f991894618fed8c7625561e2ed8d29b4caf27b2618,"{""circuit"":""surface_code:rotated_memory_x"",""cluster_node_limit"":50,""d"":11,""decoder"":""mwpf"",""decoder_type"":""SolverSerialJointSingleHair"",""p"":0.004,""p_erase"":0.0,""r"":11,""run_id"":""3083dc33435eff96398d9127ce3d8e2c144ff987bf7bc12ab2896614c67e19b0""}",
        16,         0,         0,    1.20,mwpf__0480aaa502c889192677deb2a1f79b047530feca1cf6dfaaff42d6ad35de660c,2428a4412b21fcaa2436e1c2e9c61819ecb01828206a188ce051a39d99979d3f,"{""circuit"":""surface_code:rotated_memory_x"",""cluster_node_limit"":50,""d"":7,""decoder"":""mwpf"",""decoder_type"":""SolverSerialJointSingleHair"",""p"":0.008,""p_erase"":0.0,""r"":7,""run_id"":""b0127341a48953a855ea3549247068ee7050e7461912fad56a38b1d8708ded61""}",
         1,         0,         0,   0.014,mwpf__b51c22942b58bed18bbe1e33230fc16d37f2f994d4a2eb9aac1a816c71f648b5,49723c50d532252a125a0f77a511824bc8ba2453ced225ca935be4f8ae908466,"{""circuit"":""surface_code:rotated_memory_x"",""cluster_node_limit"":50,""d"":11,""decoder"":""mwpf"",""decoder_type"":""SolverSerialJointSingleHair"",""p"":0.005,""p_erase"":0.0,""r"":11,""run_id"":""dc16d4efdc8c9f700a5975f7aeee7db9a23f8fb27d65c75c03a3aeb77312b5d0""}",
         1,         0,         0,   0.024,mwpf__8548f0e17df6ec2da00e239d3cc0f77db49812682ea7479645b8b7bbf459e376,3982ff67ef7e56884cb20ebd1c912dd13305efd49de30c97ba1d1d3d4ede83f3,"{""circuit"":""surface_code:rotated_memory_x"",""cluster_node_limit"":50,""d"":11,""decoder"":""mwpf"",""decoder_type"":""SolverSerialJointSingleHair"",""p"":0.003,""p_erase"":0.0,""r"":11,""run_id"":""f8aa956a2e2076433f554631dc774e205799286246e2bbf1a0cefd6d6db83727""}",
         1,         0,         0,   0.819,mwpf__f1ba2c1f600b7a69e787fba16d98ab1a9190d2cbf22cb139f6d85f0963050ecd,362d43fe567b84549d5b408b2c9937944a18c5015578d62368865481ce9a1280,"{""circuit"":""surface_code:rotated_memory_x"",""cluster_node_limit"":50,""d"":9,""decoder"":""mwpf"",""decoder_type"":""SolverSerialJointSingleHair"",""p"":0.009,""p_erase"":0.0,""r"":9,""run_id"":""38d09452ebb2ff3ecc7153e5d90de64e1415b048dd2df4f50bcd6553bab20233""}",
        16,         0,         0,   0.955,mwpf__51e8ee19cf0aaa70da53967b6319671a0062ce98a2bc87274e8dc28f0b80d783,80a8d8d8845ce59d024eed62a7aec2b46f82d021196b4658f49128b3cea863e2,"{""circuit"":""surface_code:rotated_memory_x"",""cluster_node_limit"":50,""d"":7,""decoder"":""mwpf"",""decoder_type"":""SolverSerialJointSingleHair"",""p"":0.005,""p_erase"":0.0,""r"":7,""run_id"":""3ff977703ebf3f566a41dac215e2bc8e682579cf7cec84db2f03627fcfabbad2""}",
      1024,         9,         0,   0.414,mwpf__f1c73b55d20502edeb1352a97286268c1728587a9a613ad3646eea7ce6f5b0e8,c945d4451adf51d3115cab618d9042a74af97ed090632e5d8ded54a9c2a8acaa,"{""circuit"":""surface_code:rotated_memory_x"",""cluster_node_limit"":50,""d"":3,""decoder"":""mwpf"",""decoder_type"":""SolverSerialJointSingleHair"",""p"":0.005,""p_erase"":0.0,""r"":3,""run_id"":""5101ac8ef9c97b83df4dd9d8fb12d7b219d036893929703eba32fffa9e647600""}",
      2048,        12,         0,   0.316,mwpf__dced78135bd52c04bba10b515d4a91692dee24b8a04d4984c307073656943ffb,72b113c0355b3f34501fe2d9bc415951079307c7c15cd05285136221a1fc4dc0,"{""circuit"":""surface_code:rotated_memory_x"",""cluster_node_limit"":50,""d"":3,""decoder"":""mwpf"",""decoder_type"":""SolverSerialJointSingleHair"",""p"":0.004,""p_erase"":0.0,""r"":3,""run_id"":""90efa888ab0be85c6dc82d20d594fb219f455db906f7e8f7ad923a214270e30c""}",
      1024,         5,         0,   0.323,mwpf__b0f6649b21db54ecbb8826cdfafa1ba0e2bf46532f7acaf5414024d498b451a0,529639a8efcc2d68bcd5753eb8355ddcaf6a93496022c9cf7dbfb051af66a68c,"{""circuit"":""surface_code:rotated_memory_x"",""cluster_node_limit"":50,""d"":3,""decoder"":""mwpf"",""decoder_type"":""SolverSerialJointSingleHair"",""p"":0.003,""p_erase"":0.0,""r"":3,""run_id"":""915e7fac76f0cb44d6aac79997be9e5a903d4aa353a8207f80b396814e1292cb""}",
         1,         0,         0,   0.104,mwpf__7a95b4e0e46b327d000e116a0c1b8752a5233749e2ab488204b0555276cc7d20,3739a29a1a4cc537bb158528d425c3e0bc4b8143c997f57751cec9d6df3b5373,"{""circuit"":""surface_code:rotated_memory_x"",""cluster_node_limit"":50,""d"":11,""decoder"":""mwpf"",""decoder_type"":""SolverSerialJointSingleHair"",""p"":0.006,""p_erase"":0.0,""r"":11,""run_id"":""8004ec240d1464395bfc8a126a835b432e446c1a1cef8253e8138d42920ca974""}",
         1,         0,         0,   0.454,mwpf__1c17b6ee16c741b8697b91cd285aaee9a8e106198ab113a3b41e17f1b62daa89,3627112f92c7e85ea6801db379ff16386d627c78375e4cf85abab0e7352f9166,"{""circuit"":""surface_code:rotated_memory_x"",""cluster_node_limit"":50,""d"":9,""decoder"":""mwpf"",""decoder_type"":""SolverSerialJointSingleHair"",""p"":0.007,""p_erase"":0.0,""r"":9,""run_id"":""afd2d1bea34409055a74153634f35b6efd9ed9b105183e8591ec4772c9d800e4""}",
        16,         1,         0,    1.27,mwpf__761f3371de99df9efabba094f174e439214687dced9cc3cd6fcfd4925ef05ead,5373d5de17f66a3eb06d839f452c3912e4e626c22ca55edf6a2d0424cc80f5ce,"{""circuit"":""surface_code:rotated_memory_x"",""cluster_node_limit"":50,""d"":7,""decoder"":""mwpf"",""decoder_type"":""SolverSerialJointSingleHair"",""p"":0.007,""p_erase"":0.0,""r"":7,""run_id"":""cc23d39f806d6b050b42fdf6523d37ff1ded4115cd9804c1b1173f160297dfb9""}",
      1024,        18,         0,   0.449,mwpf__03fa2c6e37aff7c81ae22b7dea7a504d3eb26ec3a7b349088c7bcea7a9871e0c,6267ba7f3c1c772896eebefc6d523adb68e82d38d020e307be1f733b70ad8bd3,"{""circuit"":""surface_code:rotated_memory_x"",""cluster_node_limit"":50,""d"":3,""decoder"":""mwpf"",""decoder_type"":""SolverSerialJointSingleHair"",""p"":0.007,""p_erase"":0.0,""r"":3,""run_id"":""135e03791629607bb61bf8b9b22bc12f2324f26b65e31e82f5c3cd97d24c99c9""}",
         1,         0,         0,   0.158,mwpf__f1ba2c1f600b7a69e787fba16d98ab1a9190d2cbf22cb139f6d85f0963050ecd,362d43fe567b84549d5b408b2c9937944a18c5015578d62368865481ce9a1280,"{""circuit"":""surface_code:rotated_memory_x"",""cluster_node_limit"":50,""d"":9,""decoder"":""mwpf"",""decoder_type"":""SolverSerialJointSingleHair"",""p"":0.009,""p_erase"":0.0,""r"":9,""run_id"":""38d09452ebb2ff3ecc7153e5d90de64e1415b048dd2df4f50bcd6553bab20233""}",
         8,         0,         0,    1.39,mwpf__e0a55262cf1f1a7a613b4765b0629e55d0b3fe9d54b863fbeff7519c53c8e351,34913737fb3f42b5d01e95eaa7e9bb6ec2ccceeb90dac3afed499a1716fb1a4c,"{""circuit"":""surface_code:rotated_memory_x"",""cluster_node_limit"":50,""d"":7,""decoder"":""mwpf"",""decoder_type"":""SolverSerialJointSingleHair"",""p"":0.01,""p_erase"":0.0,""r"":7,""run_id"":""85dc4b86326449a5e4d2267937782207589c000366e3fbe70d98bb3f9fb5a333""}",
         1,         0,         0,   0.273,mwpf__657887243b5868399920fa937a3887ed9e2ac0d9d98cadc2e1a651e3f504cda0,d4553ef01c242393c1aeaba835587e05af3c08f66bad464752b049a3be541a37,"{""circuit"":""surface_code:rotated_memory_x"",""cluster_node_limit"":50,""d"":11,""decoder"":""mwpf"",""decoder_type"":""SolverSerialJointSingleHair"",""p"":0.0065,""p_erase"":0.0,""r"":11,""run_id"":""8e1df1698035a74962cf4fbf46e34daf5b11fbeb2de0990648bf3b88ed7162d9""}",
         1,         0,         0,   0.247,mwpf__d6e8817167c21e257031ce66381ee5547a20cccfb4c07657b5dadac3a6833f79,77c3f58796b3a8a06dbcfa38996887a82fbc4ff14750db8111f1c9a504ceb897,"{""circuit"":""surface_code:rotated_memory_x"",""cluster_node_limit"":50,""d"":11,""decoder"":""mwpf"",""decoder_type"":""SolverSerialJointSingleHair"",""p"":0.007,""p_erase"":0.0,""r"":11,""run_id"":""738582bca717139319653195fdb3aed07ff60eec35baeb0848929c7f5b5792fa""}",
      1024,         9,         0,   0.436,mwpf__be13af6e4aecc79fd8470069cbeba0b7402ccae8a2a39ca14aa05aab56e13157,a0053533921bc46fbfe14bb420d60339e3870782d8212090091825118b30ddec,"{""circuit"":""surface_code:rotated_memory_x"",""cluster_node_limit"":50,""d"":3,""decoder"":""mwpf"",""decoder_type"":""SolverSerialJointSingleHair"",""p"":0.006,""p_erase"":0.0,""r"":3,""run_id"":""dd60754122c9f7a810b0c1d8b1c92188ea52870232067546237f0fa25d610548""}",
      1024,        30,         0,   0.903,mwpf__d56b027df54bbcee1a569d4b790c31989f5693ab552e6ad7d4b399bc8a5b7ae2,f0a51108deaa2e813a85a0daf8998382d985f25173b21c56aa0f0dddcd7c45dc,"{""circuit"":""surface_code:rotated_memory_x"",""cluster_node_limit"":50,""d"":3,""decoder"":""mwpf"",""decoder_type"":""SolverSerialJointSingleHair"",""p"":0.009,""p_erase"":0.0,""r"":3,""run_id"":""f3773bbf3001f7044304ac6a12d9ddb4d020a1b2b51ce7b475f4f14944f915f3""}",
      1024,        16,         0,   0.757,mwpf__43962ba459d86cd819b8558032ffa6472ba0555135068fb74009d94b7bad5532,1b4e499b3b262af26ba14e01aa169e3a7f2d864a488b68fa6fba53177a53ffcc,"{""circuit"":""surface_code:rotated_memory_x"",""cluster_node_limit"":50,""d"":3,""decoder"":""mwpf"",""decoder_type"":""SolverSerialJointSingleHair"",""p"":0.008,""p_erase"":0.0,""r"":3,""run_id"":""842b8d9622dd95e081373b13334f0c4c970c25ea256e90e9985b8d1bb6968aef""}",
      1024,         1,         0,   0.214,mwpf__b0f6649b21db54ecbb8826cdfafa1ba0e2bf46532f7acaf5414024d498b451a0,529639a8efcc2d68bcd5753eb8355ddcaf6a93496022c9cf7dbfb051af66a68c,"{""circuit"":""surface_code:rotated_memory_x"",""cluster_node_limit"":50,""d"":3,""decoder"":""mwpf"",""decoder_type"":""SolverSerialJointSingleHair"",""p"":0.003,""p_erase"":0.0,""r"":3,""run_id"":""915e7fac76f0cb44d6aac79997be9e5a903d4aa353a8207f80b396814e1292cb""}",
        17,         0,         0,    1.06,mwpf__b86dfdc6edf5243fa953eba38df9eedffa26e17e861ff53898370ede6b3f4924,ed4377a6fc84ce98150c12b4f78cbf0f69f277dc7b34e1caecdce413a6651655,"{""circuit"":""surface_code:rotated_memory_x"",""cluster_node_limit"":50,""d"":9,""decoder"":""mwpf"",""decoder_type"":""SolverSerialJointSingleHair"",""p"":0.003,""p_erase"":0.0,""r"":9,""run_id"":""efe7c5548b07943d995a96c2060d6be39255a1f992a2a76f4714bdcbfad04986""}",
         8,         1,         0,   0.754,mwpf__3f1b64a9ac39918fdfc1d8685d2ae22620c080992f83b482a25d7b8f1adaea5a,0b2a8a048818ac11f66a73bdbd1d5dc5a971687b6a9c1ab5af8e2dcdd4f0c1bf,"{""circuit"":""surface_code:rotated_memory_x"",""cluster_node_limit"":50,""d"":5,""decoder"":""mwpf"",""decoder_type"":""SolverSerialJointSingleHair"",""p"":0.015,""p_erase"":0.0,""r"":5,""run_id"":""6fe96edac5c8fb2c1aed8ea14c67ceeb92423fdf3ce9e1c97fff0ce2aa5d5538""}",
        16,         2,         0,    1.52,mwpf__71869c18a9a089d40b18edd25a7ba89978fac639dfba4267cf7ec0f8c602c1b8,a01cc1b908db7b76624bbdaed185a25417056dfe423183481572b126d2518af4,"{""circuit"":""surface_code:rotated_memory_x"",""cluster_node_limit"":50,""d"":7,""decoder"":""mwpf"",""decoder_type"":""SolverSerialJointSingleHair"",""p"":0.009,""p_erase"":0.0,""r"":7,""run_id"":""4b2052dd33b88244b8dc64e1aa696c4f0cef9c363b27e7d2cd9a4ccb51da3596""}",
         8,         0,         0,   0.608,mwpf__c6ba5eb607084c237766d2f1acb7719308a77ef713824e5c4b8d9fdd0cd4a1b6,f538726661a9ad85ba0d5eda8cd32b2cbddd0a923127051b03a5b9c672de5ae4,"{""circuit"":""surface_code:rotated_memory_x"",""cluster_node_limit"":50,""d"":7,""decoder"":""mwpf"",""decoder_type"":""SolverSerialJointSingleHair"",""p"":0.0075,""p_erase"":0.0,""r"":7,""run_id"":""746c0ed850e7a1c4899561c73e97af04ff040736013cde397145df4c660e1d2a""}",
      1024,        14,         0,   0.468,mwpf__682d5c8b1e761a1076b65dca539a2d15d82ad086708269570743d5b5c12e48ec,7ee21ac07e1d2d837dee1b9de812df8e43271af75c9d02b6bafea9ec15c9affa,"{""circuit"":""surface_code:rotated_memory_x"",""cluster_node_limit"":50,""d"":3,""decoder"":""mwpf"",""decoder_type"":""SolverSerialJointSingleHair"",""p"":0.0065,""p_erase"":0.0,""r"":3,""run_id"":""b8f63b3afee4afe98e7bbb30f20c4398dd3b9aec649fcfb3e47705c2a2c61b36""}",
       512,        10,         0,   0.703,mwpf__aaa863e9a64627555b04b70db757b2526080350f57c3e44aa6971a8e395c5be7,4e04f8aa9db7314d71683d08e68e1c551e91b6148e3b3a9d2b78be567b73a4ed,"{""circuit"":""surface_code:rotated_memory_x"",""cluster_node_limit"":50,""d"":3,""decoder"":""mwpf"",""decoder_type"":""SolverSerialJointSingleHair"",""p"":0.01,""p_erase"":0.0,""r"":3,""run_id"":""5b6db69d825a9e1af451573dd00a4a7082d74a5e74fde81d397d7b0bcc5645b2""}",
         2,         0,         0,   0.866,mwpf__0e7c94a776c9d36b18431c37b59c5d54ed615181b4983b9359c243e9f764dfb4,18ed3080fc8dd3e2ad1b8ac4ffd96f6ee6464a3ae086c1352c800cbc7cd6c4b7,"{""circuit"":""surface_code:rotated_memory_x"",""cluster_node_limit"":50,""d"":7,""decoder"":""mwpf"",""decoder_type"":""SolverSerialJointSingleHair"",""p"":0.015,""p_erase"":0.0,""r"":7,""run_id"":""acdc3549d7b3f20ef13fd9539e517d8487bc2b0a145673bebaddb7b3e0579f70""}",
      1024,        14,         0,   0.463,mwpf__f1c73b55d20502edeb1352a97286268c1728587a9a613ad3646eea7ce6f5b0e8,c945d4451adf51d3115cab618d9042a74af97ed090632e5d8ded54a9c2a8acaa,"{""circuit"":""surface_code:rotated_memory_x"",""cluster_node_limit"":50,""d"":3,""decoder"":""mwpf"",""decoder_type"":""SolverSerialJointSingleHair"",""p"":0.005,""p_erase"":0.0,""r"":3,""run_id"":""5101ac8ef9c97b83df4dd9d8fb12d7b219d036893929703eba32fffa9e647600""}",
        32,         0,         0,    1.61,mwpf__8b7aba4b42c55eac316a2911da8b71ada3c5c95714024fe9cb878eda2ed964eb,19dae4f12454abdb37e7a82e67feb6734eaa8650e81bd5af32a541e6d88fd6f1,"{""circuit"":""surface_code:rotated_memory_x"",""cluster_node_limit"":50,""d"":5,""decoder"":""mwpf"",""decoder_type"":""SolverSerialJointSingleHair"",""p"":0.0065,""p_erase"":0.0,""r"":5,""run_id"":""14c277d1360d884007b225112d7b983b9f2c5fc158d2870f656c6b2929b311b6""}",
      1024,        11,         0,   0.468,mwpf__dced78135bd52c04bba10b515d4a91692dee24b8a04d4984c307073656943ffb,72b113c0355b3f34501fe2d9bc415951079307c7c15cd05285136221a1fc4dc0,"{""circuit"":""surface_code:rotated_memory_x"",""cluster_node_limit"":50,""d"":3,""decoder"":""mwpf"",""decoder_type"":""SolverSerialJointSingleHair"",""p"":0.004,""p_erase"":0.0,""r"":3,""run_id"":""90efa888ab0be85c6dc82d20d594fb219f455db906f7e8f7ad923a214270e30c""}",
        16,         1,         0,   0.748,mwpf__74b18df185b22796a559f32f488c1f95ef0d82d34c256906317561e4acce78ec,ff1f59d74e0a85a29f4995de86372e17ef6d73f50ef84112e0cd3a298e221696,"{""circuit"":""surface_code:rotated_memory_x"",""cluster_node_limit"":50,""d"":5,""decoder"":""mwpf"",""decoder_type"":""SolverSerialJointSingleHair"",""p"":0.009,""p_erase"":0.0,""r"":5,""run_id"":""c32281a89ec9fb6ef8731b931cbe729d04602aba0eeadfec21fc1875143cc8af""}",
      1024,        10,         0,   0.299,mwpf__be13af6e4aecc79fd8470069cbeba0b7402ccae8a2a39ca14aa05aab56e13157,a0053533921bc46fbfe14bb420d60339e3870782d8212090091825118b30ddec,"{""circuit"":""surface_code:rotated_memory_x"",""cluster_node_limit"":50,""d"":3,""decoder"":""mwpf"",""decoder_type"":""SolverSerialJointSingleHair"",""p"":0.006,""p_erase"":0.0,""r"":3,""run_id"":""dd60754122c9f7a810b0c1d8b1c92188ea52870232067546237f0fa25d610548""}",
         4,         0,         0,   0.901,mwpf__8c35bf1fe40791e0cc86728b65286dceac7fa4a3150955de718fb71e20591ac0,1db55f393cb47cd7701b494aee001a18fd4a230d6df85129178e6c37931db9f3,"{""circuit"":""surface_code:rotated_memory_x"",""cluster_node_limit"":50,""d"":9,""decoder"":""mwpf"",""decoder_type"":""SolverSerialJointSingleHair"",""p"":0.005,""p_erase"":0.0,""r"":9,""run_id"":""6ff49e3994bd55cd42a49411e80b5ece5d8b1ccd21e8041d4b16720db3ebea01""}",
         1,         0,         0,   0.559,mwpf__1e6eb1b7d5a2ec0e953a7cb244b33bc530e16f23c32db88007fc1c7b035f330b,4b7230cba9d61504918ac10d685a7d051d9b1c23b970118aff9533c10c21a028,"{""circuit"":""surface_code:rotated_memory_x"",""cluster_node_limit"":50,""d"":11,""decoder"":""mwpf"",""decoder_type"":""SolverSerialJointSingleHair"",""p"":0.0075,""p_erase"":0.0,""r"":11,""run_id"":""d141b2a8478788124b5b1cb4085ff0997ab6fd837791f95217839732d3f5a11a""}",
         8,         0,         0,   0.227,mwpf__c6ba5eb607084c237766d2f1acb7719308a77ef713824e5c4b8d9fdd0cd4a1b6,f538726661a9ad85ba0d5eda8cd32b2cbddd0a923127051b03a5b9c672de5ae4,"{""circuit"":""surface_code:rotated_memory_x"",""cluster_node_limit"":50,""d"":7,""decoder"":""mwpf"",""decoder_type"":""SolverSerialJointSingleHair"",""p"":0.0075,""p_erase"":0.0,""r"":7,""run_id"":""746c0ed850e7a1c4899561c73e97af04ff040736013cde397145df4c660e1d2a""}",
         1,         0,         0,   0.645,mwpf__27a571c12c515651d4ffcfb77cd014cbd564d8d59b84c23e14b783de48feab52,c7796fbd3a9ed9e25c88662f131fdcc3db567aa019543a6d04c9545bad45a9e6,"{""circuit"":""surface_code:rotated_memory_x"",""cluster_node_limit"":50,""d"":11,""decoder"":""mwpf"",""decoder_type"":""SolverSerialJointSingleHair"",""p"":0.008,""p_erase"":0.0,""r"":11,""run_id"":""a1c19c3e7f2e8098c81889b056bfa77224d1f0cf9b3deea17d360de81aae0496""}",
        16,         0,         0,   0.635,mwpf__8548f0e17df6ec2da00e239d3cc0f77db49812682ea7479645b8b7bbf459e376,3982ff67ef7e56884cb20ebd1c912dd13305efd49de30c97ba1d1d3d4ede83f3,"{""circuit"":""surface_code:rotated_memory_x"",""cluster_node_limit"":50,""d"":11,""decoder"":""mwpf"",""decoder_type"":""SolverSerialJointSingleHair"",""p"":0.003,""p_erase"":0.0,""r"":11,""run_id"":""f8aa956a2e2076433f554631dc774e205799286246e2bbf1a0cefd6d6db83727""}",
         8,         0,         0,   0.359,mwpf__3f1b64a9ac39918fdfc1d8685d2ae22620c080992f83b482a25d7b8f1adaea5a,0b2a8a048818ac11f66a73bdbd1d5dc5a971687b6a9c1ab5af8e2dcdd4f0c1bf,"{""circuit"":""surface_code:rotated_memory_x"",""cluster_node_limit"":50,""d"":5,""decoder"":""mwpf"",""decoder_type"":""SolverSerialJointSingleHair"",""p"":0.015,""p_erase"":0.0,""r"":5,""run_id"":""6fe96edac5c8fb2c1aed8ea14c67ceeb92423fdf3ce9e1c97fff0ce2aa5d5538""}",
      1024,        20,         0,   0.832,mwpf__4e1601b0668063eadc05111c07696cccf168dd50474bd608d301815d45c9a786,d19a124337761452ca3104e53f7e971c7bb837f006c26f70a68a8f67e770bb67,"{""circuit"":""surface_code:rotated_memory_x"",""cluster_node_limit"":50,""d"":3,""decoder"":""mwpf"",""decoder_type"":""SolverSerialJointSingleHair"",""p"":0.0075,""p_erase"":0.0,""r"":3,""run_id"":""4bc734d2ac70cf62b78df146e81bdcf5df30d786b05a2eea177a13d890e64669""}",
       512,        29,         0,   0.949,mwpf__b0b7dc35549e4684aaf56d7f39208097266fbb01b99fc634aa5cc65cb30d3fd9,28ac44c8c5b47a07887bdc431a672e9f8611047ab24d905f93db9d3c36d03445,"{""circuit"":""surface_code:rotated_memory_x"",""cluster_node_limit"":50,""d"":3,""decoder"":""mwpf"",""decoder_type"":""SolverSerialJointSingleHair"",""p"":0.015,""p_erase"":0.0,""r"":3,""run_id"":""b44761db4df8b64c8917c437ae7fe1c452a55149c1dc7a5ca0f619d5bff0315c""}",
      1024,         4,         0,   0.221,mwpf__f1c73b55d20502edeb1352a97286268c1728587a9a613ad3646eea7ce6f5b0e8,c945d4451adf51d3115cab618d9042a74af97ed090632e5d8ded54a9c2a8acaa,"{""circuit"":""surface_code:rotated_memory_x"",""cluster_node_limit"":50,""d"":3,""decoder"":""mwpf"",""decoder_type"":""SolverSerialJointSingleHair"",""p"":0.005,""p_erase"":0.0,""r"":3,""run_id"":""5101ac8ef9c97b83df4dd9d8fb12d7b219d036893929703eba32fffa9e647600""}",
      1024,         1,         0,   0.283,mwpf__dced78135bd52c04bba10b515d4a91692dee24b8a04d4984c307073656943ffb,72b113c0355b3f34501fe2d9bc415951079307c7c15cd05285136221a1fc4dc0,"{""circuit"":""surface_code:rotated_memory_x"",""cluster_node_limit"":50,""d"":3,""decoder"":""mwpf"",""decoder_type"":""SolverSerialJointSingleHair"",""p"":0.004,""p_erase"":0.0,""r"":3,""run_id"":""90efa888ab0be85c6dc82d20d594fb219f455db906f7e8f7ad923a214270e30c""}",
      1024,        13,         0,   0.263,mwpf__be13af6e4aecc79fd8470069cbeba0b7402ccae8a2a39ca14aa05aab56e13157,a0053533921bc46fbfe14bb420d60339e3870782d8212090091825118b30ddec,"{""circuit"":""surface_code:rotated_memory_x"",""cluster_node_limit"":50,""d"":3,""decoder"":""mwpf"",""decoder_type"":""SolverSerialJointSingleHair"",""p"":0.006,""p_erase"":0.0,""r"":3,""run_id"":""dd60754122c9f7a810b0c1d8b1c92188ea52870232067546237f0fa25d610548""}",
      1024,        14,         0,   0.421,mwpf__682d5c8b1e761a1076b65dca539a2d15d82ad086708269570743d5b5c12e48ec,7ee21ac07e1d2d837dee1b9de812df8e43271af75c9d02b6bafea9ec15c9affa,"{""circuit"":""surface_code:rotated_memory_x"",""cluster_node_limit"":50,""d"":3,""decoder"":""mwpf"",""decoder_type"":""SolverSerialJointSingleHair"",""p"":0.0065,""p_erase"":0.0,""r"":3,""run_id"":""b8f63b3afee4afe98e7bbb30f20c4398dd3b9aec649fcfb3e47705c2a2c61b36""}",
      1024,        22,         0,   0.653,mwpf__03fa2c6e37aff7c81ae22b7dea7a504d3eb26ec3a7b349088c7bcea7a9871e0c,6267ba7f3c1c772896eebefc6d523adb68e82d38d020e307be1f733b70ad8bd3,"{""circuit"":""surface_code:rotated_memory_x"",""cluster_node_limit"":50,""d"":3,""decoder"":""mwpf"",""decoder_type"":""SolverSerialJointSingleHair"",""p"":0.007,""p_erase"":0.0,""r"":3,""run_id"":""135e03791629607bb61bf8b9b22bc12f2324f26b65e31e82f5c3cd97d24c99c9""}",
         2,         0,         0,    1.33,mwpf__6099ca9ba0e75d433e29cf0e99deb8fecdb2af5c2add85a0679af0a6cbc31454,059af26b3446a53a53fb02480a7d49eb29e7b3510b62d2455b645061774c7dd8,"{""circuit"":""surface_code:rotated_memory_x"",""cluster_node_limit"":50,""d"":9,""decoder"":""mwpf"",""decoder_type"":""SolverSerialJointSingleHair"",""p"":0.008,""p_erase"":0.0,""r"":9,""run_id"":""8dfac8c52a2bdb8ad1978822189831360902afd0bc2eb7a9333f1f5088b13a03""}",
       512,        13,         0,   0.447,mwpf__aaa863e9a64627555b04b70db757b2526080350f57c3e44aa6971a8e395c5be7,4e04f8aa9db7314d71683d08e68e1c551e91b6148e3b3a9d2b78be567b73a4ed,"{""circuit"":""surface_code:rotated_memory_x"",""cluster_node_limit"":50,""d"":3,""decoder"":""mwpf"",""decoder_type"":""SolverSerialJointSingleHair"",""p"":0.01,""p_erase"":0.0,""r"":3,""run_id"":""5b6db69d825a9e1af451573dd00a4a7082d74a5e74fde81d397d7b0bcc5645b2""}",
      2048,         7,         0,   0.566,mwpf__b0f6649b21db54ecbb8826cdfafa1ba0e2bf46532f7acaf5414024d498b451a0,529639a8efcc2d68bcd5753eb8355ddcaf6a93496022c9cf7dbfb051af66a68c,"{""circuit"":""surface_code:rotated_memory_x"",""cluster_node_limit"":50,""d"":3,""decoder"":""mwpf"",""decoder_type"":""SolverSerialJointSingleHair"",""p"":0.003,""p_erase"":0.0,""r"":3,""run_id"":""915e7fac76f0cb44d6aac79997be9e5a903d4aa353a8207f80b396814e1292cb""}",
       273,         0,         0,    2.24,mwpf__1c59223be739329e89f3e2f13123f7a8f4b0534135cf1e86feb02275412b9cb4,0634ed5aa73fe8e8c1c641cba85bef34b7d4eda6b029d2ee4500c76f6a3e6dd0,"{""circuit"":""surface_code:rotated_memory_x"",""cluster_node_limit"":50,""d"":5,""decoder"":""mwpf"",""decoder_type"":""SolverSerialJointSingleHair"",""p"":0.003,""p_erase"":0.0,""r"":5,""run_id"":""15e3edac26702bd06daa1bb3e90bddb5f87b2bb2b182b8fed1b9f8d68845e848""}",
         1,         0,         0,   0.309,mwpf__1e6eb1b7d5a2ec0e953a7cb244b33bc530e16f23c32db88007fc1c7b035f330b,4b7230cba9d61504918ac10d685a7d051d9b1c23b970118aff9533c10c21a028,"{""circuit"":""surface_code:rotated_memory_x"",""cluster_node_limit"":50,""d"":11,""decoder"":""mwpf"",""decoder_type"":""SolverSerialJointSingleHair"",""p"":0.0075,""p_erase"":0.0,""r"":11,""run_id"":""d141b2a8478788124b5b1cb4085ff0997ab6fd837791f95217839732d3f5a11a""}",
         2,         0,         0,   0.462,mwpf__0e7c94a776c9d36b18431c37b59c5d54ed615181b4983b9359c243e9f764dfb4,18ed3080fc8dd3e2ad1b8ac4ffd96f6ee6464a3ae086c1352c800cbc7cd6c4b7,"{""circuit"":""surface_code:rotated_memory_x"",""cluster_node_limit"":50,""d"":7,""decoder"":""mwpf"",""decoder_type"":""SolverSerialJointSingleHair"",""p"":0.015,""p_erase"":0.0,""r"":7,""run_id"":""acdc3549d7b3f20ef13fd9539e517d8487bc2b0a145673bebaddb7b3e0579f70""}",
         4,         0,         0,   0.350,mwpf__8c35bf1fe40791e0cc86728b65286dceac7fa4a3150955de718fb71e20591ac0,1db55f393cb47cd7701b494aee001a18fd4a230d6df85129178e6c37931db9f3,"{""circuit"":""surface_code:rotated_memory_x"",""cluster_node_limit"":50,""d"":9,""decoder"":""mwpf"",""decoder_type"":""SolverSerialJointSingleHair"",""p"":0.005,""p_erase"":0.0,""r"":9,""run_id"":""6ff49e3994bd55cd42a49411e80b5ece5d8b1ccd21e8041d4b16720db3ebea01""}",
         1,         0,         0,   0.017,mwpf__21df6b2b273042e1d2ed9f329f81aafabed1f5f52db8a49dfa00753827685509,88fba1d38adf9b5170f72959e8ad037789746d8b4d0c05adc7b86ff083a5f8ba,"{""circuit"":""surface_code:rotated_memory_x"",""cluster_node_limit"":50,""d"":13,""decoder"":""mwpf"",""decoder_type"":""SolverSerialJointSingleHair"",""p"":0.003,""p_erase"":0.0,""r"":13,""run_id"":""9c1c158be912dc2d5d59c6edb8c837f5c8480a5e1b0cd3bc21b958a6713a9a18""}",
        17,         0,         0,    1.71,mwpf__df232194f367aabe935bb4165a6f2a18934748069bb45308bdea72b5aa54cc52,91cc3f9bee6eacdc4ac1e2e6b8df0d38ece142e9760fded5c2a9edaa44f54857,"{""circuit"":""surface_code:rotated_memory_x"",""cluster_node_limit"":50,""d"":9,""decoder"":""mwpf"",""decoder_type"":""SolverSerialJointSingleHair"",""p"":0.004,""p_erase"":0.0,""r"":9,""run_id"":""4464f5804de6cb9a9718f832f08fe8f67d7fac0287acd1b900c7694bfd7b4af5""}",
         1,         0,         0,   0.882,mwpf__1c17b6ee16c741b8697b91cd285aaee9a8e106198ab113a3b41e17f1b62daa89,3627112f92c7e85ea6801db379ff16386d627c78375e4cf85abab0e7352f9166,"{""circuit"":""surface_code:rotated_memory_x"",""cluster_node_limit"":50,""d"":9,""decoder"":""mwpf"",""decoder_type"":""SolverSerialJointSingleHair"",""p"":0.007,""p_erase"":0.0,""r"":9,""run_id"":""afd2d1bea34409055a74153634f35b6efd9ed9b105183e8591ec4772c9d800e4""}",
         8,         0,         0,   0.679,mwpf__71869c18a9a089d40b18edd25a7ba89978fac639dfba4267cf7ec0f8c602c1b8,a01cc1b908db7b76624bbdaed185a25417056dfe423183481572b126d2518af4,"{""circuit"":""surface_code:rotated_memory_x"",""cluster_node_limit"":50,""d"":7,""decoder"":""mwpf"",""decoder_type"":""SolverSerialJointSingleHair"",""p"":0.009,""p_erase"":0.0,""r"":7,""run_id"":""4b2052dd33b88244b8dc64e1aa696c4f0cef9c363b27e7d2cd9a4ccb51da3596""}",
        32,         0,         0,    1.45,mwpf__d6e273bec9b587e85ba4f19af1099d5769edba9e40437c8089c08ed25bd72758,5388f8eb2e6e41b439260433c3419bdbf5f8b4bd5b8e2a2c70a24a791cee3145,"{""circuit"":""surface_code:rotated_memory_x"",""cluster_node_limit"":50,""d"":5,""decoder"":""mwpf"",""decoder_type"":""SolverSerialJointSingleHair"",""p"":0.008,""p_erase"":0.0,""r"":5,""run_id"":""bfa3c7cba13850dd37e54bb29bb945687e3fe04272a3151e2ac8acb7416976e7""}",
         4,         2,         0,   0.781,mwpf__e0a55262cf1f1a7a613b4765b0629e55d0b3fe9d54b863fbeff7519c53c8e351,34913737fb3f42b5d01e95eaa7e9bb6ec2ccceeb90dac3afed499a1716fb1a4c,"{""circuit"":""surface_code:rotated_memory_x"",""cluster_node_limit"":50,""d"":7,""decoder"":""mwpf"",""decoder_type"":""SolverSerialJointSingleHair"",""p"":0.01,""p_erase"":0.0,""r"":7,""run_id"":""85dc4b86326449a5e4d2267937782207589c000366e3fbe70d98bb3f9fb5a333""}",
        16,         0,         0,   0.878,mwpf__761f3371de99df9efabba094f174e439214687dced9cc3cd6fcfd4925ef05ead,5373d5de17f66a3eb06d839f452c3912e4e626c22ca55edf6a2d0424cc80f5ce,"{""circuit"":""surface_code:rotated_memory_x"",""cluster_node_limit"":50,""d"":7,""decoder"":""mwpf"",""decoder_type"":""SolverSerialJointSingleHair"",""p"":0.007,""p_erase"":0.0,""r"":7,""run_id"":""cc23d39f806d6b050b42fdf6523d37ff1ded4115cd9804c1b1173f160297dfb9""}",
         8,         0,         0,   0.353,mwpf__3f1b64a9ac39918fdfc1d8685d2ae22620c080992f83b482a25d7b8f1adaea5a,0b2a8a048818ac11f66a73bdbd1d5dc5a971687b6a9c1ab5af8e2dcdd4f0c1bf,"{""circuit"":""surface_code:rotated_memory_x"",""cluster_node_limit"":50,""d"":5,""decoder"":""mwpf"",""decoder_type"":""SolverSerialJointSingleHair"",""p"":0.015,""p_erase"":0.0,""r"":5,""run_id"":""6fe96edac5c8fb2c1aed8ea14c67ceeb92423fdf3ce9e1c97fff0ce2aa5d5538""}",
      1024,        27,         0,   0.756,mwpf__43962ba459d86cd819b8558032ffa6472ba0555135068fb74009d94b7bad5532,1b4e499b3b262af26ba14e01aa169e3a7f2d864a488b68fa6fba53177a53ffcc,"{""circuit"":""surface_code:rotated_memory_x"",""cluster_node_limit"":50,""d"":3,""decoder"":""mwpf"",""decoder_type"":""SolverSerialJointSingleHair"",""p"":0.008,""p_erase"":0.0,""r"":3,""run_id"":""842b8d9622dd95e081373b13334f0c4c970c25ea256e90e9985b8d1bb6968aef""}",
         1,         0,         0,   0.213,mwpf__6099ca9ba0e75d433e29cf0e99deb8fecdb2af5c2add85a0679af0a6cbc31454,059af26b3446a53a53fb02480a7d49eb29e7b3510b62d2455b645061774c7dd8,"{""circuit"":""surface_code:rotated_memory_x"",""cluster_node_limit"":50,""d"":9,""decoder"":""mwpf"",""decoder_type"":""SolverSerialJointSingleHair"",""p"":0.008,""p_erase"":0.0,""r"":9,""run_id"":""8dfac8c52a2bdb8ad1978822189831360902afd0bc2eb7a9333f1f5088b13a03""}",
        16,         0,         0,    1.02,mwpf__51e8ee19cf0aaa70da53967b6319671a0062ce98a2bc87274e8dc28f0b80d783,80a8d8d8845ce59d024eed62a7aec2b46f82d021196b4658f49128b3cea863e2,"{""circuit"":""surface_code:rotated_memory_x"",""cluster_node_limit"":50,""d"":7,""decoder"":""mwpf"",""decoder_type"":""SolverSerialJointSingleHair"",""p"":0.005,""p_erase"":0.0,""r"":7,""run_id"":""3ff977703ebf3f566a41dac215e2bc8e682579cf7cec84db2f03627fcfabbad2""}",
      1024,         8,         0,   0.258,mwpf__be13af6e4aecc79fd8470069cbeba0b7402ccae8a2a39ca14aa05aab56e13157,a0053533921bc46fbfe14bb420d60339e3870782d8212090091825118b30ddec,"{""circuit"":""surface_code:rotated_memory_x"",""cluster_node_limit"":50,""d"":3,""decoder"":""mwpf"",""decoder_type"":""SolverSerialJointSingleHair"",""p"":0.006,""p_erase"":0.0,""r"":3,""run_id"":""dd60754122c9f7a810b0c1d8b1c92188ea52870232067546237f0fa25d610548""}",
         8,         0,         0,    1.53,mwpf__e31bcda4313c15612f870938a65840ff53c2398150f9cb961189e5e84b026776,2367d5faa513e3a6decb45c2bdd8779be42812fdc67d351c372070210ef9e7dd,"{""circuit"":""surface_code:rotated_memory_x"",""cluster_node_limit"":50,""d"":7,""decoder"":""mwpf"",""decoder_type"":""SolverSerialJointSingleHair"",""p"":0.006,""p_erase"":0.0,""r"":7,""run_id"":""c569d24a00e94715f929354bdbd1860f950e40c56d976da161032d1bf73e9e9d""}",
         1,         0,         0,   0.101,mwpf__1c17b6ee16c741b8697b91cd285aaee9a8e106198ab113a3b41e17f1b62daa89,3627112f92c7e85ea6801db379ff16386d627c78375e4cf85abab0e7352f9166,"{""circuit"":""surface_code:rotated_memory_x"",""cluster_node_limit"":50,""d"":9,""decoder"":""mwpf"",""decoder_type"":""SolverSerialJointSingleHair"",""p"":0.007,""p_erase"":0.0,""r"":9,""run_id"":""afd2d1bea34409055a74153634f35b6efd9ed9b105183e8591ec4772c9d800e4""}",
         1,         0,         0,   0.157,mwpf__635e40dda6d3e96020ea75ae193e9dd537bd1e25622b042e0e59c0187110d1be,06dc2e6bd74ae874fe58d9f164c4486dc719c5118f922909b0e948fb9b7a211e,"{""circuit"":""surface_code:rotated_memory_x"",""cluster_node_limit"":50,""d"":13,""decoder"":""mwpf"",""decoder_type"":""SolverSerialJointSingleHair"",""p"":0.005,""p_erase"":0.0,""r"":13,""run_id"":""1dd32fbecda77a042c5f41d375ae2b79efd66b7adfe572570e9f313567b2202a""}",
      1024,        33,         0,   0.833,mwpf__d56b027df54bbcee1a569d4b790c31989f5693ab552e6ad7d4b399bc8a5b7ae2,f0a51108deaa2e813a85a0daf8998382d985f25173b21c56aa0f0dddcd7c45dc,"{""circuit"":""surface_code:rotated_memory_x"",""cluster_node_limit"":50,""d"":3,""decoder"":""mwpf"",""decoder_type"":""SolverSerialJointSingleHair"",""p"":0.009,""p_erase"":0.0,""r"":3,""run_id"":""f3773bbf3001f7044304ac6a12d9ddb4d020a1b2b51ce7b475f4f14944f915f3""}",
      1024,        12,         0,   0.393,mwpf__f1c73b55d20502edeb1352a97286268c1728587a9a613ad3646eea7ce6f5b0e8,c945d4451adf51d3115cab618d9042a74af97ed090632e5d8ded54a9c2a8acaa,"{""circuit"":""surface_code:rotated_memory_x"",""cluster_node_limit"":50,""d"":3,""decoder"":""mwpf"",""decoder_type"":""SolverSerialJointSingleHair"",""p"":0.005,""p_erase"":0.0,""r"":3,""run_id"":""5101ac8ef9c97b83df4dd9d8fb12d7b219d036893929703eba32fffa9e647600""}",
         2,         0,         0,   0.896,mwpf__657887243b5868399920fa937a3887ed9e2ac0d9d98cadc2e1a651e3f504cda0,d4553ef01c242393c1aeaba835587e05af3c08f66bad464752b049a3be541a37,"{""circuit"":""surface_code:rotated_memory_x"",""cluster_node_limit"":50,""d"":11,""decoder"":""mwpf"",""decoder_type"":""SolverSerialJointSingleHair"",""p"":0.0065,""p_erase"":0.0,""r"":11,""run_id"":""8e1df1698035a74962cf4fbf46e34daf5b11fbeb2de0990648bf3b88ed7162d9""}",
      2048,        11,         0,   0.368,mwpf__dced78135bd52c04bba10b515d4a91692dee24b8a04d4984c307073656943ffb,72b113c0355b3f34501fe2d9bc415951079307c7c15cd05285136221a1fc4dc0,"{""circuit"":""surface_code:rotated_memory_x"",""cluster_node_limit"":50,""d"":3,""decoder"":""mwpf"",""decoder_type"":""SolverSerialJointSingleHair"",""p"":0.004,""p_erase"":0.0,""r"":3,""run_id"":""90efa888ab0be85c6dc82d20d594fb219f455db906f7e8f7ad923a214270e30c""}",
         4,         0,         0,   0.099,mwpf__e31bcda4313c15612f870938a65840ff53c2398150f9cb961189e5e84b026776,2367d5faa513e3a6decb45c2bdd8779be42812fdc67d351c372070210ef9e7dd,"{""circuit"":""surface_code:rotated_memory_x"",""cluster_node_limit"":50,""d"":7,""decoder"":""mwpf"",""decoder_type"":""SolverSerialJointSingleHair"",""p"":0.006,""p_erase"":0.0,""r"":7,""run_id"":""c569d24a00e94715f929354bdbd1860f950e40c56d976da161032d1bf73e9e9d""}",
         4,         0,         0,    1.22,mwpf__5690b4a8bc9c88c24efb060e4e655ea926b0a3cafb8eccb6b16e13bcfa6f8f57,2319881ca4af7e340fa0dc5e54cc6bc5ff4176d44f6e7028a967f989b1262cd0,"{""circuit"":""surface_code:rotated_memory_x"",""cluster_node_limit"":50,""d"":9,""decoder"":""mwpf"",""decoder_type"":""SolverSerialJointSingleHair"",""p"":0.0065,""p_erase"":0.0,""r"":9,""run_id"":""bcb66dbf1963af5450bb3b51e6950f2b7fc1b6490e9ba479a670b91dc4b2af88""}",
         8,         0,         0,   0.233,mwpf__df232194f367aabe935bb4165a6f2a18934748069bb45308bdea72b5aa54cc52,91cc3f9bee6eacdc4ac1e2e6b8df0d38ece142e9760fded5c2a9edaa44f54857,"{""circuit"":""surface_code:rotated_memory_x"",""cluster_node_limit"":50,""d"":9,""decoder"":""mwpf"",""decoder_type"":""SolverSerialJointSingleHair"",""p"":0.004,""p_erase"":0.0,""r"":9,""run_id"":""4464f5804de6cb9a9718f832f08fe8f67d7fac0287acd1b900c7694bfd7b4af5""}",
        16,         0,         0,   0.695,mwpf__8b7aba4b42c55eac316a2911da8b71ada3c5c95714024fe9cb878eda2ed964eb,19dae4f12454abdb37e7a82e67feb6734eaa8650e81bd5af32a541e6d88fd6f1,"{""circuit"":""surface_code:rotated_memory_x"",""cluster_node_limit"":50,""d"":5,""decoder"":""mwpf"",""decoder_type"":""SolverSerialJointSingleHair"",""p"":0.0065,""p_erase"":0.0,""r"":5,""run_id"":""14c277d1360d884007b225112d7b983b9f2c5fc158d2870f656c6b2929b311b6""}",
        68,         3,         0,    2.49,mwpf__91ffc942ec0dda29e3cbefbf32236cf9a6f3fa7b23e4675ef61bf5a2d3aa5377,40546135e2bd9eb08f97c8c1c6115e8bc75406288d37472ee0445cd367e1721b,"{""circuit"":""surface_code:rotated_memory_x"",""cluster_node_limit"":50,""d"":5,""decoder"":""mwpf"",""decoder_type"":""SolverSerialJointSingleHair"",""p"":0.0075,""p_erase"":0.0,""r"":5,""run_id"":""5a57a6d0ff957d816c2c86860718eec6af832a23575ff55f991f4b130256fb39""}",
      5120,        18,         0,   0.422,mwpf__b0f6649b21db54ecbb8826cdfafa1ba0e2bf46532f7acaf5414024d498b451a0,529639a8efcc2d68bcd5753eb8355ddcaf6a93496022c9cf7dbfb051af66a68c,"{""circuit"":""surface_code:rotated_memory_x"",""cluster_node_limit"":50,""d"":3,""decoder"":""mwpf"",""decoder_type"":""SolverSerialJointSingleHair"",""p"":0.003,""p_erase"":0.0,""r"":3,""run_id"":""915e7fac76f0cb44d6aac79997be9e5a903d4aa353a8207f80b396814e1292cb""}",
         4,         0,         0,    1.25,mwpf__7a95b4e0e46b327d000e116a0c1b8752a5233749e2ab488204b0555276cc7d20,3739a29a1a4cc537bb158528d425c3e0bc4b8143c997f57751cec9d6df3b5373,"{""circuit"":""surface_code:rotated_memory_x"",""cluster_node_limit"":50,""d"":11,""decoder"":""mwpf"",""decoder_type"":""SolverSerialJointSingleHair"",""p"":0.006,""p_erase"":0.0,""r"":11,""run_id"":""8004ec240d1464395bfc8a126a835b432e446c1a1cef8253e8138d42920ca974""}",
      1024,         7,         0,   0.229,mwpf__f1c73b55d20502edeb1352a97286268c1728587a9a613ad3646eea7ce6f5b0e8,c945d4451adf51d3115cab618d9042a74af97ed090632e5d8ded54a9c2a8acaa,"{""circuit"":""surface_code:rotated_memory_x"",""cluster_node_limit"":50,""d"":3,""decoder"":""mwpf"",""decoder_type"":""SolverSerialJointSingleHair"",""p"":0.005,""p_erase"":0.0,""r"":3,""run_id"":""5101ac8ef9c97b83df4dd9d8fb12d7b219d036893929703eba32fffa9e647600""}",
        16,         0,         0,   0.162,mwpf__8b7aba4b42c55eac316a2911da8b71ada3c5c95714024fe9cb878eda2ed964eb,19dae4f12454abdb37e7a82e67feb6734eaa8650e81bd5af32a541e6d88fd6f1,"{""circuit"":""surface_code:rotated_memory_x"",""cluster_node_limit"":50,""d"":5,""decoder"":""mwpf"",""decoder_type"":""SolverSerialJointSingleHair"",""p"":0.0065,""p_erase"":0.0,""r"":5,""run_id"":""14c277d1360d884007b225112d7b983b9f2c5fc158d2870f656c6b2929b311b6""}",
      1024,        15,         0,   0.577,mwpf__682d5c8b1e761a1076b65dca539a2d15d82ad086708269570743d5b5c12e48ec,7ee21ac07e1d2d837dee1b9de812df8e43271af75c9d02b6bafea9ec15c9affa,"{""circuit"":""surface_code:rotated_memory_x"",""cluster_node_limit"":50,""d"":3,""decoder"":""mwpf"",""decoder_type"":""SolverSerialJointSingleHair"",""p"":0.0065,""p_erase"":0.0,""r"":3,""run_id"":""b8f63b3afee4afe98e7bbb30f20c4398dd3b9aec649fcfb3e47705c2a2c61b36""}",
      1024,        24,         0,   0.709,mwpf__4e1601b0668063eadc05111c07696cccf168dd50474bd608d301815d45c9a786,d19a124337761452ca3104e53f7e971c7bb837f006c26f70a68a8f67e770bb67,"{""circuit"":""surface_code:rotated_memory_x"",""cluster_node_limit"":50,""d"":3,""decoder"":""mwpf"",""decoder_type"":""SolverSerialJointSingleHair"",""p"":0.0075,""p_erase"":0.0,""r"":3,""run_id"":""4bc734d2ac70cf62b78df146e81bdcf5df30d786b05a2eea177a13d890e64669""}",
       512,        13,         0,   0.564,mwpf__aaa863e9a64627555b04b70db757b2526080350f57c3e44aa6971a8e395c5be7,4e04f8aa9db7314d71683d08e68e1c551e91b6148e3b3a9d2b78be567b73a4ed,"{""circuit"":""surface_code:rotated_memory_x"",""cluster_node_limit"":50,""d"":3,""decoder"":""mwpf"",""decoder_type"":""SolverSerialJointSingleHair"",""p"":0.01,""p_erase"":0.0,""r"":3,""run_id"":""5b6db69d825a9e1af451573dd00a4a7082d74a5e74fde81d397d7b0bcc5645b2""}",
         2,         0,         0,   0.364,mwpf__6099ca9ba0e75d433e29cf0e99deb8fecdb2af5c2add85a0679af0a6cbc31454,059af26b3446a53a53fb02480a7d49eb29e7b3510b62d2455b645061774c7dd8,"{""circuit"":""surface_code:rotated_memory_x"",""cluster_node_limit"":50,""d"":9,""decoder"":""mwpf"",""decoder_type"":""SolverSerialJointSingleHair"",""p"":0.008,""p_erase"":0.0,""r"":9,""run_id"":""8dfac8c52a2bdb8ad1978822189831360902afd0bc2eb7a9333f1f5088b13a03""}",
         2,         0,         0,   0.538,mwpf__0e7c94a776c9d36b18431c37b59c5d54ed615181b4983b9359c243e9f764dfb4,18ed3080fc8dd3e2ad1b8ac4ffd96f6ee6464a3ae086c1352c800cbc7cd6c4b7,"{""circuit"":""surface_code:rotated_memory_x"",""cluster_node_limit"":50,""d"":7,""decoder"":""mwpf"",""decoder_type"":""SolverSerialJointSingleHair"",""p"":0.015,""p_erase"":0.0,""r"":7,""run_id"":""acdc3549d7b3f20ef13fd9539e517d8487bc2b0a145673bebaddb7b3e0579f70""}",
       128,         0,         0,   0.563,mwpf__1c59223be739329e89f3e2f13123f7a8f4b0534135cf1e86feb02275412b9cb4,0634ed5aa73fe8e8c1c641cba85bef34b7d4eda6b029d2ee4500c76f6a3e6dd0,"{""circuit"":""surface_code:rotated_memory_x"",""cluster_node_limit"":50,""d"":5,""decoder"":""mwpf"",""decoder_type"":""SolverSerialJointSingleHair"",""p"":0.003,""p_erase"":0.0,""r"":5,""run_id"":""15e3edac26702bd06daa1bb3e90bddb5f87b2bb2b182b8fed1b9f8d68845e848""}",
         1,         0,         0,   0.815,mwpf__27a571c12c515651d4ffcfb77cd014cbd564d8d59b84c23e14b783de48feab52,c7796fbd3a9ed9e25c88662f131fdcc3db567aa019543a6d04c9545bad45a9e6,"{""circuit"":""surface_code:rotated_memory_x"",""cluster_node_limit"":50,""d"":11,""decoder"":""mwpf"",""decoder_type"":""SolverSerialJointSingleHair"",""p"":0.008,""p_erase"":0.0,""r"":11,""run_id"":""a1c19c3e7f2e8098c81889b056bfa77224d1f0cf9b3deea17d360de81aae0496""}",
      1024,        19,         0,   0.651,mwpf__03fa2c6e37aff7c81ae22b7dea7a504d3eb26ec3a7b349088c7bcea7a9871e0c,6267ba7f3c1c772896eebefc6d523adb68e82d38d020e307be1f733b70ad8bd3,"{""circuit"":""surface_code:rotated_memory_x"",""cluster_node_limit"":50,""d"":3,""decoder"":""mwpf"",""decoder_type"":""SolverSerialJointSingleHair"",""p"":0.007,""p_erase"":0.0,""r"":3,""run_id"":""135e03791629607bb61bf8b9b22bc12f2324f26b65e31e82f5c3cd97d24c99c9""}",
         4,         0,         0,   0.487,mwpf__e0a55262cf1f1a7a613b4765b0629e55d0b3fe9d54b863fbeff7519c53c8e351,34913737fb3f42b5d01e95eaa7e9bb6ec2ccceeb90dac3afed499a1716fb1a4c,"{""circuit"":""surface_code:rotated_memory_x"",""cluster_node_limit"":50,""d"":7,""decoder"":""mwpf"",""decoder_type"":""SolverSerialJointSingleHair"",""p"":0.01,""p_erase"":0.0,""r"":7,""run_id"":""85dc4b86326449a5e4d2267937782207589c000366e3fbe70d98bb3f9fb5a333""}",
        64,         1,         0,    2.51,mwpf__951eb3349e78cec2a155134d7fb171e1ad03d800a86442f3c4b76397f4c7fd4d,cde164a21cdab97d63839b3f64b1c2e5cf62ef5d8be22509c82bac34fbb3e2b2,"{""circuit"":""surface_code:rotated_memory_x"",""cluster_node_limit"":50,""d"":5,""decoder"":""mwpf"",""decoder_type"":""SolverSerialJointSingleHair"",""p"":0.007,""p_erase"":0.0,""r"":5,""run_id"":""fc11e6013551ff75fa4759b0fc71e28cb776c1e995679ad07f9247f45c9ad106""}",
      1024,        13,         0,   0.451,mwpf__be13af6e4aecc79fd8470069cbeba0b7402ccae8a2a39ca14aa05aab56e13157,a0053533921bc46fbfe14bb420d60339e3870782d8212090091825118b30ddec,"{""circuit"":""surface_code:rotated_memory_x"",""cluster_node_limit"":50,""d"":3,""decoder"":""mwpf"",""decoder_type"":""SolverSerialJointSingleHair"",""p"":0.006,""p_erase"":0.0,""r"":3,""run_id"":""dd60754122c9f7a810b0c1d8b1c92188ea52870232067546237f0fa25d610548""}",
         1,         0,         0,   0.658,mwpf__1e6eb1b7d5a2ec0e953a7cb244b33bc530e16f23c32db88007fc1c7b035f330b,4b7230cba9d61504918ac10d685a7d051d9b1c23b970118aff9533c10c21a028,"{""circuit"":""surface_code:rotated_memory_x"",""cluster_node_limit"":50,""d"":11,""decoder"":""mwpf"",""decoder_type"":""SolverSerialJointSingleHair"",""p"":0.0075,""p_erase"":0.0,""r"":11,""run_id"":""d141b2a8478788124b5b1cb4085ff0997ab6fd837791f95217839732d3f5a11a""}",
       512,        33,         0,   0.847,mwpf__b0b7dc35549e4684aaf56d7f39208097266fbb01b99fc634aa5cc65cb30d3fd9,28ac44c8c5b47a07887bdc431a672e9f8611047ab24d905f93db9d3c36d03445,"{""circuit"":""surface_code:rotated_memory_x"",""cluster_node_limit"":50,""d"":3,""decoder"":""mwpf"",""decoder_type"":""SolverSerialJointSingleHair"",""p"":0.015,""p_erase"":0.0,""r"":3,""run_id"":""b44761db4df8b64c8917c437ae7fe1c452a55149c1dc7a5ca0f619d5bff0315c""}",
      1024,        11,         0,   0.213,mwpf__f1c73b55d20502edeb1352a97286268c1728587a9a613ad3646eea7ce6f5b0e8,c945d4451adf51d3115cab618d9042a74af97ed090632e5d8ded54a9c2a8acaa,"{""circuit"":""surface_code:rotated_memory_x"",""cluster_node_limit"":50,""d"":3,""decoder"":""mwpf"",""decoder_type"":""SolverSerialJointSingleHair"",""p"":0.005,""p_erase"":0.0,""r"":3,""run_id"":""5101ac8ef9c97b83df4dd9d8fb12d7b219d036893929703eba32fffa9e647600""}",
         2,         0,         0,    1.37,mwpf__f1ba2c1f600b7a69e787fba16d98ab1a9190d2cbf22cb139f6d85f0963050ecd,362d43fe567b84549d5b408b2c9937944a18c5015578d62368865481ce9a1280,"{""circuit"":""surface_code:rotated_memory_x"",""cluster_node_limit"":50,""d"":9,""decoder"":""mwpf"",""decoder_type"":""SolverSerialJointSingleHair"",""p"":0.009,""p_erase"":0.0,""r"":9,""run_id"":""38d09452ebb2ff3ecc7153e5d90de64e1415b048dd2df4f50bcd6553bab20233""}",
         1,         0,         0,   0.630,mwpf__bfd5b310e8eced2354db1dce9c9fad845aa941e3b26e0c6170d4068b017cfba0,315ebfc19e03e72c6148aeb55af9b476378911c97521531ba47e2c6cf8462c43,"{""circuit"":""surface_code:rotated_memory_x"",""cluster_node_limit"":50,""d"":13,""decoder"":""mwpf"",""decoder_type"":""SolverSerialJointSingleHair"",""p"":0.0065,""p_erase"":0.0,""r"":13,""run_id"":""d6e6b5f30d5c430c1d008316473642c9132dda56a771c87d942a1c6853aa6d9e""}",
         4,         1,         0,   0.495,mwpf__1c17b6ee16c741b8697b91cd285aaee9a8e106198ab113a3b41e17f1b62daa89,3627112f92c7e85ea6801db379ff16386d627c78375e4cf85abab0e7352f9166,"{""circuit"":""surface_code:rotated_memory_x"",""cluster_node_limit"":50,""d"":9,""decoder"":""mwpf"",""decoder_type"":""SolverSerialJointSingleHair"",""p"":0.007,""p_erase"":0.0,""r"":9,""run_id"":""afd2d1bea34409055a74153634f35b6efd9ed9b105183e8591ec4772c9d800e4""}",
      1024,        15,         0,   0.196,mwpf__682d5c8b1e761a1076b65dca539a2d15d82ad086708269570743d5b5c12e48ec,7ee21ac07e1d2d837dee1b9de812df8e43271af75c9d02b6bafea9ec15c9affa,"{""circuit"":""surface_code:rotated_memory_x"",""cluster_node_limit"":50,""d"":3,""decoder"":""mwpf"",""decoder_type"":""SolverSerialJointSingleHair"",""p"":0.0065,""p_erase"":0.0,""r"":3,""run_id"":""b8f63b3afee4afe98e7bbb30f20c4398dd3b9aec649fcfb3e47705c2a2c61b36""}",
        32,         0,         0,   0.331,mwpf__91ffc942ec0dda29e3cbefbf32236cf9a6f3fa7b23e4675ef61bf5a2d3aa5377,40546135e2bd9eb08f97c8c1c6115e8bc75406288d37472ee0445cd367e1721b,"{""circuit"":""surface_code:rotated_memory_x"",""cluster_node_limit"":50,""d"":5,""decoder"":""mwpf"",""decoder_type"":""SolverSerialJointSingleHair"",""p"":0.0075,""p_erase"":0.0,""r"":5,""run_id"":""5a57a6d0ff957d816c2c86860718eec6af832a23575ff55f991f4b130256fb39""}",
         1,         0,         0,    1.65,mwpf__379f6dbce7a8107a155ae56b95b39b3b041fc70754e4109af3d0a79a7dc1064d,02bf57d656549d4ae6cbf5d702646ade8255c5271d45423d621fa1b7777a6908,"{""circuit"":""surface_code:rotated_memory_x"",""cluster_node_limit"":50,""d"":11,""decoder"":""mwpf"",""decoder_type"":""SolverSerialJointSingleHair"",""p"":0.01,""p_erase"":0.0,""r"":11,""run_id"":""f2936ce57f818d69f7e1b5c9954ec7387d9a1f53c4355bd88c213e49338e6b5b""}",
      3072,        21,         0,   0.489,mwpf__dced78135bd52c04bba10b515d4a91692dee24b8a04d4984c307073656943ffb,72b113c0355b3f34501fe2d9bc415951079307c7c15cd05285136221a1fc4dc0,"{""circuit"":""surface_code:rotated_memory_x"",""cluster_node_limit"":50,""d"":3,""decoder"":""mwpf"",""decoder_type"":""SolverSerialJointSingleHair"",""p"":0.004,""p_erase"":0.0,""r"":3,""run_id"":""90efa888ab0be85c6dc82d20d594fb219f455db906f7e8f7ad923a214270e30c""}",
         4,         0,         0,   0.165,mwpf__1c17b6ee16c741b8697b91cd285aaee9a8e106198ab113a3b41e17f1b62daa89,3627112f92c7e85ea6801db379ff16386d627c78375e4cf85abab0e7352f9166,"{""circuit"":""surface_code:rotated_memory_x"",""cluster_node_limit"":50,""d"":9,""decoder"":""mwpf"",""decoder_type"":""SolverSerialJointSingleHair"",""p"":0.007,""p_erase"":0.0,""r"":9,""run_id"":""afd2d1bea34409055a74153634f35b6efd9ed9b105183e8591ec4772c9d800e4""}",
        32,         0,         0,   0.394,mwpf__8b7aba4b42c55eac316a2911da8b71ada3c5c95714024fe9cb878eda2ed964eb,19dae4f12454abdb37e7a82e67feb6734eaa8650e81bd5af32a541e6d88fd6f1,"{""circuit"":""surface_code:rotated_memory_x"",""cluster_node_limit"":50,""d"":5,""decoder"":""mwpf"",""decoder_type"":""SolverSerialJointSingleHair"",""p"":0.0065,""p_erase"":0.0,""r"":5,""run_id"":""14c277d1360d884007b225112d7b983b9f2c5fc158d2870f656c6b2929b311b6""}",
        16,         0,         0,    1.19,mwpf__c6ba5eb607084c237766d2f1acb7719308a77ef713824e5c4b8d9fdd0cd4a1b6,f538726661a9ad85ba0d5eda8cd32b2cbddd0a923127051b03a5b9c672de5ae4,"{""circuit"":""surface_code:rotated_memory_x"",""cluster_node_limit"":50,""d"":7,""decoder"":""mwpf"",""decoder_type"":""SolverSerialJointSingleHair"",""p"":0.0075,""p_erase"":0.0,""r"":7,""run_id"":""746c0ed850e7a1c4899561c73e97af04ff040736013cde397145df4c660e1d2a""}",
         4,         0,         0,   0.903,mwpf__8c35bf1fe40791e0cc86728b65286dceac7fa4a3150955de718fb71e20591ac0,1db55f393cb47cd7701b494aee001a18fd4a230d6df85129178e6c37931db9f3,"{""circuit"":""surface_code:rotated_memory_x"",""cluster_node_limit"":50,""d"":9,""decoder"":""mwpf"",""decoder_type"":""SolverSerialJointSingleHair"",""p"":0.005,""p_erase"":0.0,""r"":9,""run_id"":""6ff49e3994bd55cd42a49411e80b5ece5d8b1ccd21e8041d4b16720db3ebea01""}",
        64,         0,         0,    2.83,mwpf__0d9aa11d665261a85b6152ce35c4d28399141c8834633741366e3ced28c5496e,9cb90efc03faa69e23b17dfc883ad5c9f049e23f8b4a263ea7026d53febd314f,"{""circuit"":""surface_code:rotated_memory_x"",""cluster_node_limit"":50,""d"":7,""decoder"":""mwpf"",""decoder_type"":""SolverSerialJointSingleHair"",""p"":0.004,""p_erase"":0.0,""r"":7,""run_id"":""bc63bb586674bf0943da17e714fe33cb9292304a00c52142dcc0aa98a48fe916""}",
         2,         0,         0,    1.84,mwpf__ef4bd14b406ebb94921d73b05e28e9be274fd0180168db54ebfe9ad4abb5c3dd,813034dd365f90862ad3456e088d05537a5961eea78ad69b71aff0330e723902,"{""circuit"":""surface_code:rotated_memory_x"",""cluster_node_limit"":50,""d"":9,""decoder"":""mwpf"",""decoder_type"":""SolverSerialJointSingleHair"",""p"":0.0075,""p_erase"":0.0,""r"":9,""run_id"":""d43e2110d6096cb21b3dc2507099ab1df8f05023ab41bfbd088fbc12277e6cad""}",
         4,         0,         0,   0.329,mwpf__e0a55262cf1f1a7a613b4765b0629e55d0b3fe9d54b863fbeff7519c53c8e351,34913737fb3f42b5d01e95eaa7e9bb6ec2ccceeb90dac3afed499a1716fb1a4c,"{""circuit"":""surface_code:rotated_memory_x"",""cluster_node_limit"":50,""d"":7,""decoder"":""mwpf"",""decoder_type"":""SolverSerialJointSingleHair"",""p"":0.01,""p_erase"":0.0,""r"":7,""run_id"":""85dc4b86326449a5e4d2267937782207589c000366e3fbe70d98bb3f9fb5a333""}",
         1,         0,         0,   0.051,mwpf__ef4bd14b406ebb94921d73b05e28e9be274fd0180168db54ebfe9ad4abb5c3dd,813034dd365f90862ad3456e088d05537a5961eea78ad69b71aff0330e723902,"{""circuit"":""surface_code:rotated_memory_x"",""cluster_node_limit"":50,""d"":9,""decoder"":""mwpf"",""decoder_type"":""SolverSerialJointSingleHair"",""p"":0.0075,""p_erase"":0.0,""r"":9,""run_id"":""d43e2110d6096cb21b3dc2507099ab1df8f05023ab41bfbd088fbc12277e6cad""}",
         1,         0,         0,   0.959,mwpf__4f2003d1a89cbab61d79e87a09a2976b8dd26d83c596509b48a165ee5488bbeb,175546001eaf15e5eec910e644a4e44db259318c59115eb89bfe0c8686f47616,"{""circuit"":""surface_code:rotated_memory_x"",""cluster_node_limit"":50,""d"":13,""decoder"":""mwpf"",""decoder_type"":""SolverSerialJointSingleHair"",""p"":0.006,""p_erase"":0.0,""r"":13,""run_id"":""62be0f9566ae226642dba313ffd2ee6fb56abf4ecd764eb123ecb3879eba54f4""}",
      5120,        13,         0,   0.631,mwpf__b0f6649b21db54ecbb8826cdfafa1ba0e2bf46532f7acaf5414024d498b451a0,529639a8efcc2d68bcd5753eb8355ddcaf6a93496022c9cf7dbfb051af66a68c,"{""circuit"":""surface_code:rotated_memory_x"",""cluster_node_limit"":50,""d"":3,""decoder"":""mwpf"",""decoder_type"":""SolverSerialJointSingleHair"",""p"":0.003,""p_erase"":0.0,""r"":3,""run_id"":""915e7fac76f0cb44d6aac79997be9e5a903d4aa353a8207f80b396814e1292cb""}",
      1024,        27,         0,   0.873,mwpf__43962ba459d86cd819b8558032ffa6472ba0555135068fb74009d94b7bad5532,1b4e499b3b262af26ba14e01aa169e3a7f2d864a488b68fa6fba53177a53ffcc,"{""circuit"":""surface_code:rotated_memory_x"",""cluster_node_limit"":50,""d"":3,""decoder"":""mwpf"",""decoder_type"":""SolverSerialJointSingleHair"",""p"":0.008,""p_erase"":0.0,""r"":3,""run_id"":""842b8d9622dd95e081373b13334f0c4c970c25ea256e90e9985b8d1bb6968aef""}",
         2,         0,         0,    2.58,mwpf__2513811017579026d7674ebe2393e0cc3aa91e0705b0a322adcdc3e99a3a038c,faaca1e550d6a99dde065c98f56a1aeef0a6af23a66e67c706b6ffdd967b8259,"{""circuit"":""surface_code:rotated_memory_x"",""cluster_node_limit"":50,""d"":9,""decoder"":""mwpf"",""decoder_type"":""SolverSerialJointSingleHair"",""p"":0.015,""p_erase"":0.0,""r"":9,""run_id"":""48b869192ebdc343a5330d4ec118d7f7605576a3810e15cb95222da28197c77e""}",
      1024,        19,         0,   0.495,mwpf__be13af6e4aecc79fd8470069cbeba0b7402ccae8a2a39ca14aa05aab56e13157,a0053533921bc46fbfe14bb420d60339e3870782d8212090091825118b30ddec,"{""circuit"":""surface_code:rotated_memory_x"",""cluster_node_limit"":50,""d"":3,""decoder"":""mwpf"",""decoder_type"":""SolverSerialJointSingleHair"",""p"":0.006,""p_erase"":0.0,""r"":3,""run_id"":""dd60754122c9f7a810b0c1d8b1c92188ea52870232067546237f0fa25d610548""}",
      1024,        15,         0,   0.434,mwpf__682d5c8b1e761a1076b65dca539a2d15d82ad086708269570743d5b5c12e48ec,7ee21ac07e1d2d837dee1b9de812df8e43271af75c9d02b6bafea9ec15c9affa,"{""circuit"":""surface_code:rotated_memory_x"",""cluster_node_limit"":50,""d"":3,""decoder"":""mwpf"",""decoder_type"":""SolverSerialJointSingleHair"",""p"":0.0065,""p_erase"":0.0,""r"":3,""run_id"":""b8f63b3afee4afe98e7bbb30f20c4398dd3b9aec649fcfb3e47705c2a2c61b36""}",
      1024,        18,         0,   0.912,mwpf__d56b027df54bbcee1a569d4b790c31989f5693ab552e6ad7d4b399bc8a5b7ae2,f0a51108deaa2e813a85a0daf8998382d985f25173b21c56aa0f0dddcd7c45dc,"{""circuit"":""surface_code:rotated_memory_x"",""cluster_node_limit"":50,""d"":3,""decoder"":""mwpf"",""decoder_type"":""SolverSerialJointSingleHair"",""p"":0.009,""p_erase"":0.0,""r"":3,""run_id"":""f3773bbf3001f7044304ac6a12d9ddb4d020a1b2b51ce7b475f4f14944f915f3""}",
        16,         0,         0,    1.72,mwpf__b86dfdc6edf5243fa953eba38df9eedffa26e17e861ff53898370ede6b3f4924,ed4377a6fc84ce98150c12b4f78cbf0f69f277dc7b34e1caecdce413a6651655,"{""circuit"":""surface_code:rotated_memory_x"",""cluster_node_limit"":50,""d"":9,""decoder"":""mwpf"",""decoder_type"":""SolverSerialJointSingleHair"",""p"":0.003,""p_erase"":0.0,""r"":9,""run_id"":""efe7c5548b07943d995a96c2060d6be39255a1f992a2a76f4714bdcbfad04986""}",
        16,         0,         0,    2.03,mwpf__816dbb216f33548bde82700373ed8762c4588f7e736c0d6ce8bbd83718eb9bc4,4a103945d4b3e03fb447b3f991894618fed8c7625561e2ed8d29b4caf27b2618,"{""circuit"":""surface_code:rotated_memory_x"",""cluster_node_limit"":50,""d"":11,""decoder"":""mwpf"",""decoder_type"":""SolverSerialJointSingleHair"",""p"":0.004,""p_erase"":0.0,""r"":11,""run_id"":""3083dc33435eff96398d9127ce3d8e2c144ff987bf7bc12ab2896614c67e19b0""}",
         1,         1,         0,   0.468,mwpf__f1ba2c1f600b7a69e787fba16d98ab1a9190d2cbf22cb139f6d85f0963050ecd,362d43fe567b84549d5b408b2c9937944a18c5015578d62368865481ce9a1280,"{""circuit"":""surface_code:rotated_memory_x"",""cluster_node_limit"":50,""d"":9,""decoder"":""mwpf"",""decoder_type"":""SolverSerialJointSingleHair"",""p"":0.009,""p_erase"":0.0,""r"":9,""run_id"":""38d09452ebb2ff3ecc7153e5d90de64e1415b048dd2df4f50bcd6553bab20233""}",
        64,         2,         0,    2.64,mwpf__e098ae1eaf131a692c7d269ecd7c0b356809a18a2ccc52547656bea351773dd9,c4e2e9f4264f6040fcd119a2d32c96bd25a12364f525742dd40c8b2e504c5240,"{""circuit"":""surface_code:rotated_memory_x"",""cluster_node_limit"":50,""d"":5,""decoder"":""mwpf"",""decoder_type"":""SolverSerialJointSingleHair"",""p"":0.01,""p_erase"":0.0,""r"":5,""run_id"":""669fd91e75976823dd1cbb6f0d860524121f186f614db6fb259f60c1945fce8a""}",
       512,        20,         0,   0.638,mwpf__aaa863e9a64627555b04b70db757b2526080350f57c3e44aa6971a8e395c5be7,4e04f8aa9db7314d71683d08e68e1c551e91b6148e3b3a9d2b78be567b73a4ed,"{""circuit"":""surface_code:rotated_memory_x"",""cluster_node_limit"":50,""d"":3,""decoder"":""mwpf"",""decoder_type"":""SolverSerialJointSingleHair"",""p"":0.01,""p_erase"":0.0,""r"":3,""run_id"":""5b6db69d825a9e1af451573dd00a4a7082d74a5e74fde81d397d7b0bcc5645b2""}",
        16,         0,         0,   0.885,mwpf__e31bcda4313c15612f870938a65840ff53c2398150f9cb961189e5e84b026776,2367d5faa513e3a6decb45c2bdd8779be42812fdc67d351c372070210ef9e7dd,"{""circuit"":""surface_code:rotated_memory_x"",""cluster_node_limit"":50,""d"":7,""decoder"":""mwpf"",""decoder_type"":""SolverSerialJointSingleHair"",""p"":0.006,""p_erase"":0.0,""r"":7,""run_id"":""c569d24a00e94715f929354bdbd1860f950e40c56d976da161032d1bf73e9e9d""}",
         8,         1,         0,    1.07,mwpf__71869c18a9a089d40b18edd25a7ba89978fac639dfba4267cf7ec0f8c602c1b8,a01cc1b908db7b76624bbdaed185a25417056dfe423183481572b126d2518af4,"{""circuit"":""surface_code:rotated_memory_x"",""cluster_node_limit"":50,""d"":7,""decoder"":""mwpf"",""decoder_type"":""SolverSerialJointSingleHair"",""p"":0.009,""p_erase"":0.0,""r"":7,""run_id"":""4b2052dd33b88244b8dc64e1aa696c4f0cef9c363b27e7d2cd9a4ccb51da3596""}",
      1024,        16,         0,   0.503,mwpf__f1c73b55d20502edeb1352a97286268c1728587a9a613ad3646eea7ce6f5b0e8,c945d4451adf51d3115cab618d9042a74af97ed090632e5d8ded54a9c2a8acaa,"{""circuit"":""surface_code:rotated_memory_x"",""cluster_node_limit"":50,""d"":3,""decoder"":""mwpf"",""decoder_type"":""SolverSerialJointSingleHair"",""p"":0.005,""p_erase"":0.0,""r"":3,""run_id"":""5101ac8ef9c97b83df4dd9d8fb12d7b219d036893929703eba32fffa9e647600""}",
        16,         0,         0,   0.890,mwpf__df232194f367aabe935bb4165a6f2a18934748069bb45308bdea72b5aa54cc52,91cc3f9bee6eacdc4ac1e2e6b8df0d38ece142e9760fded5c2a9edaa44f54857,"{""circuit"":""surface_code:rotated_memory_x"",""cluster_node_limit"":50,""d"":9,""decoder"":""mwpf"",""decoder_type"":""SolverSerialJointSingleHair"",""p"":0.004,""p_erase"":0.0,""r"":9,""run_id"":""4464f5804de6cb9a9718f832f08fe8f67d7fac0287acd1b900c7694bfd7b4af5""}",
        16,         0,         0,    1.59,mwpf__74b18df185b22796a559f32f488c1f95ef0d82d34c256906317561e4acce78ec,ff1f59d74e0a85a29f4995de86372e17ef6d73f50ef84112e0cd3a298e221696,"{""circuit"":""surface_code:rotated_memory_x"",""cluster_node_limit"":50,""d"":5,""decoder"":""mwpf"",""decoder_type"":""SolverSerialJointSingleHair"",""p"":0.009,""p_erase"":0.0,""r"":5,""run_id"":""c32281a89ec9fb6ef8731b931cbe729d04602aba0eeadfec21fc1875143cc8af""}",
         1,         0,         0,   0.127,mwpf__f1ba2c1f600b7a69e787fba16d98ab1a9190d2cbf22cb139f6d85f0963050ecd,362d43fe567b84549d5b408b2c9937944a18c5015578d62368865481ce9a1280,"{""circuit"":""surface_code:rotated_memory_x"",""cluster_node_limit"":50,""d"":9,""decoder"":""mwpf"",""decoder_type"":""SolverSerialJointSingleHair"",""p"":0.009,""p_erase"":0.0,""r"":9,""run_id"":""38d09452ebb2ff3ecc7153e5d90de64e1415b048dd2df4f50bcd6553bab20233""}",
         4,         0,         0,   0.855,mwpf__7a95b4e0e46b327d000e116a0c1b8752a5233749e2ab488204b0555276cc7d20,3739a29a1a4cc537bb158528d425c3e0bc4b8143c997f57751cec9d6df3b5373,"{""circuit"":""surface_code:rotated_memory_x"",""cluster_node_limit"":50,""d"":11,""decoder"":""mwpf"",""decoder_type"":""SolverSerialJointSingleHair"",""p"":0.006,""p_erase"":0.0,""r"":11,""run_id"":""8004ec240d1464395bfc8a126a835b432e446c1a1cef8253e8138d42920ca974""}",
         4,         0,         0,   0.408,mwpf__8c35bf1fe40791e0cc86728b65286dceac7fa4a3150955de718fb71e20591ac0,1db55f393cb47cd7701b494aee001a18fd4a230d6df85129178e6c37931db9f3,"{""circuit"":""surface_code:rotated_memory_x"",""cluster_node_limit"":50,""d"":9,""decoder"":""mwpf"",""decoder_type"":""SolverSerialJointSingleHair"",""p"":0.005,""p_erase"":0.0,""r"":9,""run_id"":""6ff49e3994bd55cd42a49411e80b5ece5d8b1ccd21e8041d4b16720db3ebea01""}",
        16,         0,         0,    1.22,mwpf__d6e273bec9b587e85ba4f19af1099d5769edba9e40437c8089c08ed25bd72758,5388f8eb2e6e41b439260433c3419bdbf5f8b4bd5b8e2a2c70a24a791cee3145,"{""circuit"":""surface_code:rotated_memory_x"",""cluster_node_limit"":50,""d"":5,""decoder"":""mwpf"",""decoder_type"":""SolverSerialJointSingleHair"",""p"":0.008,""p_erase"":0.0,""r"":5,""run_id"":""bfa3c7cba13850dd37e54bb29bb945687e3fe04272a3151e2ac8acb7416976e7""}",
         8,         1,         0,    1.20,mwpf__3f1b64a9ac39918fdfc1d8685d2ae22620c080992f83b482a25d7b8f1adaea5a,0b2a8a048818ac11f66a73bdbd1d5dc5a971687b6a9c1ab5af8e2dcdd4f0c1bf,"{""circuit"":""surface_code:rotated_memory_x"",""cluster_node_limit"":50,""d"":5,""decoder"":""mwpf"",""decoder_type"":""SolverSerialJointSingleHair"",""p"":0.015,""p_erase"":0.0,""r"":5,""run_id"":""6fe96edac5c8fb2c1aed8ea14c67ceeb92423fdf3ce9e1c97fff0ce2aa5d5538""}",
         4,         0,         0,   0.441,mwpf__e0a55262cf1f1a7a613b4765b0629e55d0b3fe9d54b863fbeff7519c53c8e351,34913737fb3f42b5d01e95eaa7e9bb6ec2ccceeb90dac3afed499a1716fb1a4c,"{""circuit"":""surface_code:rotated_memory_x"",""cluster_node_limit"":50,""d"":7,""decoder"":""mwpf"",""decoder_type"":""SolverSerialJointSingleHair"",""p"":0.01,""p_erase"":0.0,""r"":7,""run_id"":""85dc4b86326449a5e4d2267937782207589c000366e3fbe70d98bb3f9fb5a333""}",
         2,         0,         0,    1.16,mwpf__657887243b5868399920fa937a3887ed9e2ac0d9d98cadc2e1a651e3f504cda0,d4553ef01c242393c1aeaba835587e05af3c08f66bad464752b049a3be541a37,"{""circuit"":""surface_code:rotated_memory_x"",""cluster_node_limit"":50,""d"":11,""decoder"":""mwpf"",""decoder_type"":""SolverSerialJointSingleHair"",""p"":0.0065,""p_erase"":0.0,""r"":11,""run_id"":""8e1df1698035a74962cf4fbf46e34daf5b11fbeb2de0990648bf3b88ed7162d9""}",
      1024,        22,         0,   0.877,mwpf__03fa2c6e37aff7c81ae22b7dea7a504d3eb26ec3a7b349088c7bcea7a9871e0c,6267ba7f3c1c772896eebefc6d523adb68e82d38d020e307be1f733b70ad8bd3,"{""circuit"":""surface_code:rotated_memory_x"",""cluster_node_limit"":50,""d"":3,""decoder"":""mwpf"",""decoder_type"":""SolverSerialJointSingleHair"",""p"":0.007,""p_erase"":0.0,""r"":3,""run_id"":""135e03791629607bb61bf8b9b22bc12f2324f26b65e31e82f5c3cd97d24c99c9""}",
      1024,        23,         0,   0.949,mwpf__4e1601b0668063eadc05111c07696cccf168dd50474bd608d301815d45c9a786,d19a124337761452ca3104e53f7e971c7bb837f006c26f70a68a8f67e770bb67,"{""circuit"":""surface_code:rotated_memory_x"",""cluster_node_limit"":50,""d"":3,""decoder"":""mwpf"",""decoder_type"":""SolverSerialJointSingleHair"",""p"":0.0075,""p_erase"":0.0,""r"":3,""run_id"":""4bc734d2ac70cf62b78df146e81bdcf5df30d786b05a2eea177a13d890e64669""}",
        16,         0,         0,    1.39,mwpf__21df6b2b273042e1d2ed9f329f81aafabed1f5f52db8a49dfa00753827685509,88fba1d38adf9b5170f72959e8ad037789746d8b4d0c05adc7b86ff083a5f8ba,"{""circuit"":""surface_code:rotated_memory_x"",""cluster_node_limit"":50,""d"":13,""decoder"":""mwpf"",""decoder_type"":""SolverSerialJointSingleHair"",""p"":0.003,""p_erase"":0.0,""r"":13,""run_id"":""9c1c158be912dc2d5d59c6edb8c837f5c8480a5e1b0cd3bc21b958a6713a9a18""}",
         4,         0,         0,    1.25,mwpf__5690b4a8bc9c88c24efb060e4e655ea926b0a3cafb8eccb6b16e13bcfa6f8f57,2319881ca4af7e340fa0dc5e54cc6bc5ff4176d44f6e7028a967f989b1262cd0,"{""circuit"":""surface_code:rotated_memory_x"",""cluster_node_limit"":50,""d"":9,""decoder"":""mwpf"",""decoder_type"":""SolverSerialJointSingleHair"",""p"":0.0065,""p_erase"":0.0,""r"":9,""run_id"":""bcb66dbf1963af5450bb3b51e6950f2b7fc1b6490e9ba479a670b91dc4b2af88""}",
        32,         1,         0,   0.853,mwpf__91ffc942ec0dda29e3cbefbf32236cf9a6f3fa7b23e4675ef61bf5a2d3aa5377,40546135e2bd9eb08f97c8c1c6115e8bc75406288d37472ee0445cd367e1721b,"{""circuit"":""surface_code:rotated_memory_x"",""cluster_node_limit"":50,""d"":5,""decoder"":""mwpf"",""decoder_type"":""SolverSerialJointSingleHair"",""p"":0.0075,""p_erase"":0.0,""r"":5,""run_id"":""5a57a6d0ff957d816c2c86860718eec6af832a23575ff55f991f4b130256fb39""}",
         4,         0,         0,   0.241,mwpf__8c35bf1fe40791e0cc86728b65286dceac7fa4a3150955de718fb71e20591ac0,1db55f393cb47cd7701b494aee001a18fd4a230d6df85129178e6c37931db9f3,"{""circuit"":""surface_code:rotated_memory_x"",""cluster_node_limit"":50,""d"":9,""decoder"":""mwpf"",""decoder_type"":""SolverSerialJointSingleHair"",""p"":0.005,""p_erase"":0.0,""r"":9,""run_id"":""6ff49e3994bd55cd42a49411e80b5ece5d8b1ccd21e8041d4b16720db3ebea01""}",
        32,         1,         0,   0.965,mwpf__951eb3349e78cec2a155134d7fb171e1ad03d800a86442f3c4b76397f4c7fd4d,cde164a21cdab97d63839b3f64b1c2e5cf62ef5d8be22509c82bac34fbb3e2b2,"{""circuit"":""surface_code:rotated_memory_x"",""cluster_node_limit"":50,""d"":5,""decoder"":""mwpf"",""decoder_type"":""SolverSerialJointSingleHair"",""p"":0.007,""p_erase"":0.0,""r"":5,""run_id"":""fc11e6013551ff75fa4759b0fc71e28cb776c1e995679ad07f9247f45c9ad106""}",
         2,         0,         0,    1.06,mwpf__6099ca9ba0e75d433e29cf0e99deb8fecdb2af5c2add85a0679af0a6cbc31454,059af26b3446a53a53fb02480a7d49eb29e7b3510b62d2455b645061774c7dd8,"{""circuit"":""surface_code:rotated_memory_x"",""cluster_node_limit"":50,""d"":9,""decoder"":""mwpf"",""decoder_type"":""SolverSerialJointSingleHair"",""p"":0.008,""p_erase"":0.0,""r"":9,""run_id"":""8dfac8c52a2bdb8ad1978822189831360902afd0bc2eb7a9333f1f5088b13a03""}",
      3072,        19,         0,   0.843,mwpf__dced78135bd52c04bba10b515d4a91692dee24b8a04d4984c307073656943ffb,72b113c0355b3f34501fe2d9bc415951079307c7c15cd05285136221a1fc4dc0,"{""circuit"":""surface_code:rotated_memory_x"",""cluster_node_limit"":50,""d"":3,""decoder"":""mwpf"",""decoder_type"":""SolverSerialJointSingleHair"",""p"":0.004,""p_erase"":0.0,""r"":3,""run_id"":""90efa888ab0be85c6dc82d20d594fb219f455db906f7e8f7ad923a214270e30c""}",
        16,         0,         0,    1.85,mwpf__8548f0e17df6ec2da00e239d3cc0f77db49812682ea7479645b8b7bbf459e376,3982ff67ef7e56884cb20ebd1c912dd13305efd49de30c97ba1d1d3d4ede83f3,"{""circuit"":""surface_code:rotated_memory_x"",""cluster_node_limit"":50,""d"":11,""decoder"":""mwpf"",""decoder_type"":""SolverSerialJointSingleHair"",""p"":0.003,""p_erase"":0.0,""r"":11,""run_id"":""f8aa956a2e2076433f554631dc774e205799286246e2bbf1a0cefd6d6db83727""}",
      1024,        13,         0,   0.441,mwpf__f1c73b55d20502edeb1352a97286268c1728587a9a613ad3646eea7ce6f5b0e8,c945d4451adf51d3115cab618d9042a74af97ed090632e5d8ded54a9c2a8acaa,"{""circuit"":""surface_code:rotated_memory_x"",""cluster_node_limit"":50,""d"":3,""decoder"":""mwpf"",""decoder_type"":""SolverSerialJointSingleHair"",""p"":0.005,""p_erase"":0.0,""r"":3,""run_id"":""5101ac8ef9c97b83df4dd9d8fb12d7b219d036893929703eba32fffa9e647600""}",
       256,         0,         0,    3.55,mwpf__6d4510a60f3ab5a6af5bc8ff2f60857cc46b32094baeda08965a4d99c4f42aec,0cb3695c8696727a8873244b6e84d963d4eb9e0abd45b5a7328dfa907569f518,"{""circuit"":""surface_code:rotated_memory_x"",""cluster_node_limit"":50,""d"":5,""decoder"":""mwpf"",""decoder_type"":""SolverSerialJointSingleHair"",""p"":0.005,""p_erase"":0.0,""r"":5,""run_id"":""a9419091d73bd2c76a2c7e3604d34d847de2f4b02b85d0c3d0860c0754fc56d1""}",
         8,         0,         0,   0.399,mwpf__74b18df185b22796a559f32f488c1f95ef0d82d34c256906317561e4acce78ec,ff1f59d74e0a85a29f4995de86372e17ef6d73f50ef84112e0cd3a298e221696,"{""circuit"":""surface_code:rotated_memory_x"",""cluster_node_limit"":50,""d"":5,""decoder"":""mwpf"",""decoder_type"":""SolverSerialJointSingleHair"",""p"":0.009,""p_erase"":0.0,""r"":5,""run_id"":""c32281a89ec9fb6ef8731b931cbe729d04602aba0eeadfec21fc1875143cc8af""}",
        16,         0,         0,    1.46,mwpf__51e8ee19cf0aaa70da53967b6319671a0062ce98a2bc87274e8dc28f0b80d783,80a8d8d8845ce59d024eed62a7aec2b46f82d021196b4658f49128b3cea863e2,"{""circuit"":""surface_code:rotated_memory_x"",""cluster_node_limit"":50,""d"":7,""decoder"":""mwpf"",""decoder_type"":""SolverSerialJointSingleHair"",""p"":0.005,""p_erase"":0.0,""r"":7,""run_id"":""3ff977703ebf3f566a41dac215e2bc8e682579cf7cec84db2f03627fcfabbad2""}",
        16,         0,         0,    2.53,mwpf__0480aaa502c889192677deb2a1f79b047530feca1cf6dfaaff42d6ad35de660c,2428a4412b21fcaa2436e1c2e9c61819ecb01828206a188ce051a39d99979d3f,"{""circuit"":""surface_code:rotated_memory_x"",""cluster_node_limit"":50,""d"":7,""decoder"":""mwpf"",""decoder_type"":""SolverSerialJointSingleHair"",""p"":0.008,""p_erase"":0.0,""r"":7,""run_id"":""b0127341a48953a855ea3549247068ee7050e7461912fad56a38b1d8708ded61""}",
        34,         1,         0,    3.52,mwpf__7b751ba9c29dec22792ae2997abbcfb30aeccd30f12272dee86da02f98924346,ef36a2d62e6f27449c8c54ebc380941555cc4126bf8269beb48c5d4285c2c832,"{""circuit"":""surface_code:rotated_memory_x"",""cluster_node_limit"":50,""d"":7,""decoder"":""mwpf"",""decoder_type"":""SolverSerialJointSingleHair"",""p"":0.0065,""p_erase"":0.0,""r"":7,""run_id"":""2dbf0f369a61ab19037b084768e1601bc2d15a711cdebadba5827ddd88dd2495""}",
         1,         0,         0,    1.02,mwpf__1e6eb1b7d5a2ec0e953a7cb244b33bc530e16f23c32db88007fc1c7b035f330b,4b7230cba9d61504918ac10d685a7d051d9b1c23b970118aff9533c10c21a028,"{""circuit"":""surface_code:rotated_memory_x"",""cluster_node_limit"":50,""d"":11,""decoder"":""mwpf"",""decoder_type"":""SolverSerialJointSingleHair"",""p"":0.0075,""p_erase"":0.0,""r"":11,""run_id"":""d141b2a8478788124b5b1cb4085ff0997ab6fd837791f95217839732d3f5a11a""}",
       512,        18,         0,   0.558,mwpf__aaa863e9a64627555b04b70db757b2526080350f57c3e44aa6971a8e395c5be7,4e04f8aa9db7314d71683d08e68e1c551e91b6148e3b3a9d2b78be567b73a4ed,"{""circuit"":""surface_code:rotated_memory_x"",""cluster_node_limit"":50,""d"":3,""decoder"":""mwpf"",""decoder_type"":""SolverSerialJointSingleHair"",""p"":0.01,""p_erase"":0.0,""r"":3,""run_id"":""5b6db69d825a9e1af451573dd00a4a7082d74a5e74fde81d397d7b0bcc5645b2""}",
      1024,        20,         0,   0.698,mwpf__43962ba459d86cd819b8558032ffa6472ba0555135068fb74009d94b7bad5532,1b4e499b3b262af26ba14e01aa169e3a7f2d864a488b68fa6fba53177a53ffcc,"{""circuit"":""surface_code:rotated_memory_x"",""cluster_node_limit"":50,""d"":3,""decoder"":""mwpf"",""decoder_type"":""SolverSerialJointSingleHair"",""p"":0.008,""p_erase"":0.0,""r"":3,""run_id"":""842b8d9622dd95e081373b13334f0c4c970c25ea256e90e9985b8d1bb6968aef""}",
         1,         0,         0,   0.755,mwpf__4f2003d1a89cbab61d79e87a09a2976b8dd26d83c596509b48a165ee5488bbeb,175546001eaf15e5eec910e644a4e44db259318c59115eb89bfe0c8686f47616,"{""circuit"":""surface_code:rotated_memory_x"",""cluster_node_limit"":50,""d"":13,""decoder"":""mwpf"",""decoder_type"":""SolverSerialJointSingleHair"",""p"":0.006,""p_erase"":0.0,""r"":13,""run_id"":""62be0f9566ae226642dba313ffd2ee6fb56abf4ecd764eb123ecb3879eba54f4""}",
         8,         0,         0,   0.113,mwpf__51e8ee19cf0aaa70da53967b6319671a0062ce98a2bc87274e8dc28f0b80d783,80a8d8d8845ce59d024eed62a7aec2b46f82d021196b4658f49128b3cea863e2,"{""circuit"":""surface_code:rotated_memory_x"",""cluster_node_limit"":50,""d"":7,""decoder"":""mwpf"",""decoder_type"":""SolverSerialJointSingleHair"",""p"":0.005,""p_erase"":0.0,""r"":7,""run_id"":""3ff977703ebf3f566a41dac215e2bc8e682579cf7cec84db2f03627fcfabbad2""}",
      1024,        16,         0,   0.334,mwpf__03fa2c6e37aff7c81ae22b7dea7a504d3eb26ec3a7b349088c7bcea7a9871e0c,6267ba7f3c1c772896eebefc6d523adb68e82d38d020e307be1f733b70ad8bd3,"{""circuit"":""surface_code:rotated_memory_x"",""cluster_node_limit"":50,""d"":3,""decoder"":""mwpf"",""decoder_type"":""SolverSerialJointSingleHair"",""p"":0.007,""p_erase"":0.0,""r"":3,""run_id"":""135e03791629607bb61bf8b9b22bc12f2324f26b65e31e82f5c3cd97d24c99c9""}",
      1024,        16,         0,   0.681,mwpf__682d5c8b1e761a1076b65dca539a2d15d82ad086708269570743d5b5c12e48ec,7ee21ac07e1d2d837dee1b9de812df8e43271af75c9d02b6bafea9ec15c9affa,"{""circuit"":""surface_code:rotated_memory_x"",""cluster_node_limit"":50,""d"":3,""decoder"":""mwpf"",""decoder_type"":""SolverSerialJointSingleHair"",""p"":0.0065,""p_erase"":0.0,""r"":3,""run_id"":""b8f63b3afee4afe98e7bbb30f20c4398dd3b9aec649fcfb3e47705c2a2c61b36""}",
         1,         0,         0,    1.78,mwpf__f72406d99baaa155e6537da23b921802aac7a0476bf592363ce60d85dc12f754,502cdaad1f5ad245d27f94b87cf52b63e8d9429b6075479c1cd1ab87feb4cda0,"{""circuit"":""surface_code:rotated_memory_x"",""cluster_node_limit"":50,""d"":13,""decoder"":""mwpf"",""decoder_type"":""SolverSerialJointSingleHair"",""p"":0.004,""p_erase"":0.0,""r"":13,""run_id"":""9c5f0f6384601a18598e9ec8096fd7d1f329b4fab58d65bfc72b05c12fd62fb2""}",
        16,         0,         0,    1.69,mwpf__761f3371de99df9efabba094f174e439214687dced9cc3cd6fcfd4925ef05ead,5373d5de17f66a3eb06d839f452c3912e4e626c22ca55edf6a2d0424cc80f5ce,"{""circuit"":""surface_code:rotated_memory_x"",""cluster_node_limit"":50,""d"":7,""decoder"":""mwpf"",""decoder_type"":""SolverSerialJointSingleHair"",""p"":0.007,""p_erase"":0.0,""r"":7,""run_id"":""cc23d39f806d6b050b42fdf6523d37ff1ded4115cd9804c1b1173f160297dfb9""}",
       256,         1,         0,    4.04,mwpf__6dc40dd78a7537f759b93670cd0af0008adf279fbc2acda6010b04619b90078a,71b64adea95d26ec136e0f6d5c44173faab2351254ae92ff6c2fb79fe431c3f7,"{""circuit"":""surface_code:rotated_memory_x"",""cluster_node_limit"":50,""d"":5,""decoder"":""mwpf"",""decoder_type"":""SolverSerialJointSingleHair"",""p"":0.004,""p_erase"":0.0,""r"":5,""run_id"":""2c1d23bd89bcf5d6d623dffd52817527ab5ba820bb8c60558a749cc97b051f30""}",
      4096,        16,         0,   0.821,mwpf__b0f6649b21db54ecbb8826cdfafa1ba0e2bf46532f7acaf5414024d498b451a0,529639a8efcc2d68bcd5753eb8355ddcaf6a93496022c9cf7dbfb051af66a68c,"{""circuit"":""surface_code:rotated_memory_x"",""cluster_node_limit"":50,""d"":3,""decoder"":""mwpf"",""decoder_type"":""SolverSerialJointSingleHair"",""p"":0.003,""p_erase"":0.0,""r"":3,""run_id"":""915e7fac76f0cb44d6aac79997be9e5a903d4aa353a8207f80b396814e1292cb""}",
         2,         0,         0,   0.263,mwpf__6099ca9ba0e75d433e29cf0e99deb8fecdb2af5c2add85a0679af0a6cbc31454,059af26b3446a53a53fb02480a7d49eb29e7b3510b62d2455b645061774c7dd8,"{""circuit"":""surface_code:rotated_memory_x"",""cluster_node_limit"":50,""d"":9,""decoder"":""mwpf"",""decoder_type"":""SolverSerialJointSingleHair"",""p"":0.008,""p_erase"":0.0,""r"":9,""run_id"":""8dfac8c52a2bdb8ad1978822189831360902afd0bc2eb7a9333f1f5088b13a03""}",
         8,         1,         0,   0.677,mwpf__71869c18a9a089d40b18edd25a7ba89978fac639dfba4267cf7ec0f8c602c1b8,a01cc1b908db7b76624bbdaed185a25417056dfe423183481572b126d2518af4,"{""circuit"":""surface_code:rotated_memory_x"",""cluster_node_limit"":50,""d"":7,""decoder"":""mwpf"",""decoder_type"":""SolverSerialJointSingleHair"",""p"":0.009,""p_erase"":0.0,""r"":7,""run_id"":""4b2052dd33b88244b8dc64e1aa696c4f0cef9c363b27e7d2cd9a4ccb51da3596""}",
         8,         0,         0,   0.731,mwpf__b86dfdc6edf5243fa953eba38df9eedffa26e17e861ff53898370ede6b3f4924,ed4377a6fc84ce98150c12b4f78cbf0f69f277dc7b34e1caecdce413a6651655,"{""circuit"":""surface_code:rotated_memory_x"",""cluster_node_limit"":50,""d"":9,""decoder"":""mwpf"",""decoder_type"":""SolverSerialJointSingleHair"",""p"":0.003,""p_erase"":0.0,""r"":9,""run_id"":""efe7c5548b07943d995a96c2060d6be39255a1f992a2a76f4714bdcbfad04986""}",
         1,         0,         0,   0.220,mwpf__1e6eb1b7d5a2ec0e953a7cb244b33bc530e16f23c32db88007fc1c7b035f330b,4b7230cba9d61504918ac10d685a7d051d9b1c23b970118aff9533c10c21a028,"{""circuit"":""surface_code:rotated_memory_x"",""cluster_node_limit"":50,""d"":11,""decoder"":""mwpf"",""decoder_type"":""SolverSerialJointSingleHair"",""p"":0.0075,""p_erase"":0.0,""r"":11,""run_id"":""d141b2a8478788124b5b1cb4085ff0997ab6fd837791f95217839732d3f5a11a""}",
         8,         4,         0,   0.547,mwpf__3f1b64a9ac39918fdfc1d8685d2ae22620c080992f83b482a25d7b8f1adaea5a,0b2a8a048818ac11f66a73bdbd1d5dc5a971687b6a9c1ab5af8e2dcdd4f0c1bf,"{""circuit"":""surface_code:rotated_memory_x"",""cluster_node_limit"":50,""d"":5,""decoder"":""mwpf"",""decoder_type"":""SolverSerialJointSingleHair"",""p"":0.015,""p_erase"":0.0,""r"":5,""run_id"":""6fe96edac5c8fb2c1aed8ea14c67ceeb92423fdf3ce9e1c97fff0ce2aa5d5538""}",
         2,         0,         0,    2.58,mwpf__d6e8817167c21e257031ce66381ee5547a20cccfb4c07657b5dadac3a6833f79,77c3f58796b3a8a06dbcfa38996887a82fbc4ff14750db8111f1c9a504ceb897,"{""circuit"":""surface_code:rotated_memory_x"",""cluster_node_limit"":50,""d"":11,""decoder"":""mwpf"",""decoder_type"":""SolverSerialJointSingleHair"",""p"":0.007,""p_erase"":0.0,""r"":11,""run_id"":""738582bca717139319653195fdb3aed07ff60eec35baeb0848929c7f5b5792fa""}",
        32,         1,         0,    1.07,mwpf__8b7aba4b42c55eac316a2911da8b71ada3c5c95714024fe9cb878eda2ed964eb,19dae4f12454abdb37e7a82e67feb6734eaa8650e81bd5af32a541e6d88fd6f1,"{""circuit"":""surface_code:rotated_memory_x"",""cluster_node_limit"":50,""d"":5,""decoder"":""mwpf"",""decoder_type"":""SolverSerialJointSingleHair"",""p"":0.0065,""p_erase"":0.0,""r"":5,""run_id"":""14c277d1360d884007b225112d7b983b9f2c5fc158d2870f656c6b2929b311b6""}",
        32,         0,         0,    1.01,mwpf__0d9aa11d665261a85b6152ce35c4d28399141c8834633741366e3ced28c5496e,9cb90efc03faa69e23b17dfc883ad5c9f049e23f8b4a263ea7026d53febd314f,"{""circuit"":""surface_code:rotated_memory_x"",""cluster_node_limit"":50,""d"":7,""decoder"":""mwpf"",""decoder_type"":""SolverSerialJointSingleHair"",""p"":0.004,""p_erase"":0.0,""r"":7,""run_id"":""bc63bb586674bf0943da17e714fe33cb9292304a00c52142dcc0aa98a48fe916""}",
         2,         0,         0,    1.74,mwpf__635e40dda6d3e96020ea75ae193e9dd537bd1e25622b042e0e59c0187110d1be,06dc2e6bd74ae874fe58d9f164c4486dc719c5118f922909b0e948fb9b7a211e,"{""circuit"":""surface_code:rotated_memory_x"",""cluster_node_limit"":50,""d"":13,""decoder"":""mwpf"",""decoder_type"":""SolverSerialJointSingleHair"",""p"":0.005,""p_erase"":0.0,""r"":13,""run_id"":""1dd32fbecda77a042c5f41d375ae2b79efd66b7adfe572570e9f313567b2202a""}",
        32,         0,         0,   0.379,mwpf__951eb3349e78cec2a155134d7fb171e1ad03d800a86442f3c4b76397f4c7fd4d,cde164a21cdab97d63839b3f64b1c2e5cf62ef5d8be22509c82bac34fbb3e2b2,"{""circuit"":""surface_code:rotated_memory_x"",""cluster_node_limit"":50,""d"":5,""decoder"":""mwpf"",""decoder_type"":""SolverSerialJointSingleHair"",""p"":0.007,""p_erase"":0.0,""r"":5,""run_id"":""fc11e6013551ff75fa4759b0fc71e28cb776c1e995679ad07f9247f45c9ad106""}",
         8,         0,         0,   0.373,mwpf__74b18df185b22796a559f32f488c1f95ef0d82d34c256906317561e4acce78ec,ff1f59d74e0a85a29f4995de86372e17ef6d73f50ef84112e0cd3a298e221696,"{""circuit"":""surface_code:rotated_memory_x"",""cluster_node_limit"":50,""d"":5,""decoder"":""mwpf"",""decoder_type"":""SolverSerialJointSingleHair"",""p"":0.009,""p_erase"":0.0,""r"":5,""run_id"":""c32281a89ec9fb6ef8731b931cbe729d04602aba0eeadfec21fc1875143cc8af""}",
         1,         0,         0,    1.39,mwpf__bfd5b310e8eced2354db1dce9c9fad845aa941e3b26e0c6170d4068b017cfba0,315ebfc19e03e72c6148aeb55af9b476378911c97521531ba47e2c6cf8462c43,"{""circuit"":""surface_code:rotated_memory_x"",""cluster_node_limit"":50,""d"":13,""decoder"":""mwpf"",""decoder_type"":""SolverSerialJointSingleHair"",""p"":0.0065,""p_erase"":0.0,""r"":13,""run_id"":""d6e6b5f30d5c430c1d008316473642c9132dda56a771c87d942a1c6853aa6d9e""}",
      2048,        35,         0,   0.993,mwpf__be13af6e4aecc79fd8470069cbeba0b7402ccae8a2a39ca14aa05aab56e13157,a0053533921bc46fbfe14bb420d60339e3870782d8212090091825118b30ddec,"{""circuit"":""surface_code:rotated_memory_x"",""cluster_node_limit"":50,""d"":3,""decoder"":""mwpf"",""decoder_type"":""SolverSerialJointSingleHair"",""p"":0.006,""p_erase"":0.0,""r"":3,""run_id"":""dd60754122c9f7a810b0c1d8b1c92188ea52870232067546237f0fa25d610548""}",
         4,         0,         0,   0.748,mwpf__e0a55262cf1f1a7a613b4765b0629e55d0b3fe9d54b863fbeff7519c53c8e351,34913737fb3f42b5d01e95eaa7e9bb6ec2ccceeb90dac3afed499a1716fb1a4c,"{""circuit"":""surface_code:rotated_memory_x"",""cluster_node_limit"":50,""d"":7,""decoder"":""mwpf"",""decoder_type"":""SolverSerialJointSingleHair"",""p"":0.01,""p_erase"":0.0,""r"":7,""run_id"":""85dc4b86326449a5e4d2267937782207589c000366e3fbe70d98bb3f9fb5a333""}",
         8,         0,         0,   0.488,mwpf__0480aaa502c889192677deb2a1f79b047530feca1cf6dfaaff42d6ad35de660c,2428a4412b21fcaa2436e1c2e9c61819ecb01828206a188ce051a39d99979d3f,"{""circuit"":""surface_code:rotated_memory_x"",""cluster_node_limit"":50,""d"":7,""decoder"":""mwpf"",""decoder_type"":""SolverSerialJointSingleHair"",""p"":0.008,""p_erase"":0.0,""r"":7,""run_id"":""b0127341a48953a855ea3549247068ee7050e7461912fad56a38b1d8708ded61""}",
        32,         1,         0,   0.580,mwpf__91ffc942ec0dda29e3cbefbf32236cf9a6f3fa7b23e4675ef61bf5a2d3aa5377,40546135e2bd9eb08f97c8c1c6115e8bc75406288d37472ee0445cd367e1721b,"{""circuit"":""surface_code:rotated_memory_x"",""cluster_node_limit"":50,""d"":5,""decoder"":""mwpf"",""decoder_type"":""SolverSerialJointSingleHair"",""p"":0.0075,""p_erase"":0.0,""r"":5,""run_id"":""5a57a6d0ff957d816c2c86860718eec6af832a23575ff55f991f4b130256fb39""}",
       128,         0,         0,    1.60,mwpf__1c59223be739329e89f3e2f13123f7a8f4b0534135cf1e86feb02275412b9cb4,0634ed5aa73fe8e8c1c641cba85bef34b7d4eda6b029d2ee4500c76f6a3e6dd0,"{""circuit"":""surface_code:rotated_memory_x"",""cluster_node_limit"":50,""d"":5,""decoder"":""mwpf"",""decoder_type"":""SolverSerialJointSingleHair"",""p"":0.003,""p_erase"":0.0,""r"":5,""run_id"":""15e3edac26702bd06daa1bb3e90bddb5f87b2bb2b182b8fed1b9f8d68845e848""}",
      1024,        17,         0,   0.726,mwpf__4e1601b0668063eadc05111c07696cccf168dd50474bd608d301815d45c9a786,d19a124337761452ca3104e53f7e971c7bb837f006c26f70a68a8f67e770bb67,"{""circuit"":""surface_code:rotated_memory_x"",""cluster_node_limit"":50,""d"":3,""decoder"":""mwpf"",""decoder_type"":""SolverSerialJointSingleHair"",""p"":0.0075,""p_erase"":0.0,""r"":3,""run_id"":""4bc734d2ac70cf62b78df146e81bdcf5df30d786b05a2eea177a13d890e64669""}",
      1024,        21,         0,   0.372,mwpf__682d5c8b1e761a1076b65dca539a2d15d82ad086708269570743d5b5c12e48ec,7ee21ac07e1d2d837dee1b9de812df8e43271af75c9d02b6bafea9ec15c9affa,"{""circuit"":""surface_code:rotated_memory_x"",""cluster_node_limit"":50,""d"":3,""decoder"":""mwpf"",""decoder_type"":""SolverSerialJointSingleHair"",""p"":0.0065,""p_erase"":0.0,""r"":3,""run_id"":""b8f63b3afee4afe98e7bbb30f20c4398dd3b9aec649fcfb3e47705c2a2c61b36""}",
        32,         0,         0,   0.231,mwpf__951eb3349e78cec2a155134d7fb171e1ad03d800a86442f3c4b76397f4c7fd4d,cde164a21cdab97d63839b3f64b1c2e5cf62ef5d8be22509c82bac34fbb3e2b2,"{""circuit"":""surface_code:rotated_memory_x"",""cluster_node_limit"":50,""d"":5,""decoder"":""mwpf"",""decoder_type"":""SolverSerialJointSingleHair"",""p"":0.007,""p_erase"":0.0,""r"":5,""run_id"":""fc11e6013551ff75fa4759b0fc71e28cb776c1e995679ad07f9247f45c9ad106""}",
      2048,        16,         0,   0.595,mwpf__f1c73b55d20502edeb1352a97286268c1728587a9a613ad3646eea7ce6f5b0e8,c945d4451adf51d3115cab618d9042a74af97ed090632e5d8ded54a9c2a8acaa,"{""circuit"":""surface_code:rotated_memory_x"",""cluster_node_limit"":50,""d"":3,""decoder"":""mwpf"",""decoder_type"":""SolverSerialJointSingleHair"",""p"":0.005,""p_erase"":0.0,""r"":3,""run_id"":""5101ac8ef9c97b83df4dd9d8fb12d7b219d036893929703eba32fffa9e647600""}",
        32,         0,         0,   0.275,mwpf__0d9aa11d665261a85b6152ce35c4d28399141c8834633741366e3ced28c5496e,9cb90efc03faa69e23b17dfc883ad5c9f049e23f8b4a263ea7026d53febd314f,"{""circuit"":""surface_code:rotated_memory_x"",""cluster_node_limit"":50,""d"":7,""decoder"":""mwpf"",""decoder_type"":""SolverSerialJointSingleHair"",""p"":0.004,""p_erase"":0.0,""r"":7,""run_id"":""bc63bb586674bf0943da17e714fe33cb9292304a00c52142dcc0aa98a48fe916""}",
         2,         0,         0,   0.811,mwpf__657887243b5868399920fa937a3887ed9e2ac0d9d98cadc2e1a651e3f504cda0,d4553ef01c242393c1aeaba835587e05af3c08f66bad464752b049a3be541a37,"{""circuit"":""surface_code:rotated_memory_x"",""cluster_node_limit"":50,""d"":11,""decoder"":""mwpf"",""decoder_type"":""SolverSerialJointSingleHair"",""p"":0.0065,""p_erase"":0.0,""r"":11,""run_id"":""8e1df1698035a74962cf4fbf46e34daf5b11fbeb2de0990648bf3b88ed7162d9""}",
       512,        41,         0,    1.60,mwpf__b0b7dc35549e4684aaf56d7f39208097266fbb01b99fc634aa5cc65cb30d3fd9,28ac44c8c5b47a07887bdc431a672e9f8611047ab24d905f93db9d3c36d03445,"{""circuit"":""surface_code:rotated_memory_x"",""cluster_node_limit"":50,""d"":3,""decoder"":""mwpf"",""decoder_type"":""SolverSerialJointSingleHair"",""p"":0.015,""p_erase"":0.0,""r"":3,""run_id"":""b44761db4df8b64c8917c437ae7fe1c452a55149c1dc7a5ca0f619d5bff0315c""}",
      1024,        36,         0,    1.13,mwpf__d56b027df54bbcee1a569d4b790c31989f5693ab552e6ad7d4b399bc8a5b7ae2,f0a51108deaa2e813a85a0daf8998382d985f25173b21c56aa0f0dddcd7c45dc,"{""circuit"":""surface_code:rotated_memory_x"",""cluster_node_limit"":50,""d"":3,""decoder"":""mwpf"",""decoder_type"":""SolverSerialJointSingleHair"",""p"":0.009,""p_erase"":0.0,""r"":3,""run_id"":""f3773bbf3001f7044304ac6a12d9ddb4d020a1b2b51ce7b475f4f14944f915f3""}",
        64,         0,         0,   0.192,mwpf__1c59223be739329e89f3e2f13123f7a8f4b0534135cf1e86feb02275412b9cb4,0634ed5aa73fe8e8c1c641cba85bef34b7d4eda6b029d2ee4500c76f6a3e6dd0,"{""circuit"":""surface_code:rotated_memory_x"",""cluster_node_limit"":50,""d"":5,""decoder"":""mwpf"",""decoder_type"":""SolverSerialJointSingleHair"",""p"":0.003,""p_erase"":0.0,""r"":5,""run_id"":""15e3edac26702bd06daa1bb3e90bddb5f87b2bb2b182b8fed1b9f8d68845e848""}",
        16,         0,         0,   0.995,mwpf__d6e273bec9b587e85ba4f19af1099d5769edba9e40437c8089c08ed25bd72758,5388f8eb2e6e41b439260433c3419bdbf5f8b4bd5b8e2a2c70a24a791cee3145,"{""circuit"":""surface_code:rotated_memory_x"",""cluster_node_limit"":50,""d"":5,""decoder"":""mwpf"",""decoder_type"":""SolverSerialJointSingleHair"",""p"":0.008,""p_erase"":0.0,""r"":5,""run_id"":""bfa3c7cba13850dd37e54bb29bb945687e3fe04272a3151e2ac8acb7416976e7""}",
         8,         0,         0,   0.489,mwpf__71869c18a9a089d40b18edd25a7ba89978fac639dfba4267cf7ec0f8c602c1b8,a01cc1b908db7b76624bbdaed185a25417056dfe423183481572b126d2518af4,"{""circuit"":""surface_code:rotated_memory_x"",""cluster_node_limit"":50,""d"":7,""decoder"":""mwpf"",""decoder_type"":""SolverSerialJointSingleHair"",""p"":0.009,""p_erase"":0.0,""r"":7,""run_id"":""4b2052dd33b88244b8dc64e1aa696c4f0cef9c363b27e7d2cd9a4ccb51da3596""}",
         8,         2,         0,   0.498,mwpf__3f1b64a9ac39918fdfc1d8685d2ae22620c080992f83b482a25d7b8f1adaea5a,0b2a8a048818ac11f66a73bdbd1d5dc5a971687b6a9c1ab5af8e2dcdd4f0c1bf,"{""circuit"":""surface_code:rotated_memory_x"",""cluster_node_limit"":50,""d"":5,""decoder"":""mwpf"",""decoder_type"":""SolverSerialJointSingleHair"",""p"":0.015,""p_erase"":0.0,""r"":5,""run_id"":""6fe96edac5c8fb2c1aed8ea14c67ceeb92423fdf3ce9e1c97fff0ce2aa5d5538""}",
         4,         0,         0,    1.14,mwpf__f1ba2c1f600b7a69e787fba16d98ab1a9190d2cbf22cb139f6d85f0963050ecd,362d43fe567b84549d5b408b2c9937944a18c5015578d62368865481ce9a1280,"{""circuit"":""surface_code:rotated_memory_x"",""cluster_node_limit"":50,""d"":9,""decoder"":""mwpf"",""decoder_type"":""SolverSerialJointSingleHair"",""p"":0.009,""p_erase"":0.0,""r"":9,""run_id"":""38d09452ebb2ff3ecc7153e5d90de64e1415b048dd2df4f50bcd6553bab20233""}",
       512,        25,         0,   0.736,mwpf__aaa863e9a64627555b04b70db757b2526080350f57c3e44aa6971a8e395c5be7,4e04f8aa9db7314d71683d08e68e1c551e91b6148e3b3a9d2b78be567b73a4ed,"{""circuit"":""surface_code:rotated_memory_x"",""cluster_node_limit"":50,""d"":3,""decoder"":""mwpf"",""decoder_type"":""SolverSerialJointSingleHair"",""p"":0.01,""p_erase"":0.0,""r"":3,""run_id"":""5b6db69d825a9e1af451573dd00a4a7082d74a5e74fde81d397d7b0bcc5645b2""}",
         4,         0,         0,   0.316,mwpf__e0a55262cf1f1a7a613b4765b0629e55d0b3fe9d54b863fbeff7519c53c8e351,34913737fb3f42b5d01e95eaa7e9bb6ec2ccceeb90dac3afed499a1716fb1a4c,"{""circuit"":""surface_code:rotated_memory_x"",""cluster_node_limit"":50,""d"":7,""decoder"":""mwpf"",""decoder_type"":""SolverSerialJointSingleHair"",""p"":0.01,""p_erase"":0.0,""r"":7,""run_id"":""85dc4b86326449a5e4d2267937782207589c000366e3fbe70d98bb3f9fb5a333""}",
      1024,        24,         0,   0.719,mwpf__43962ba459d86cd819b8558032ffa6472ba0555135068fb74009d94b7bad5532,1b4e499b3b262af26ba14e01aa169e3a7f2d864a488b68fa6fba53177a53ffcc,"{""circuit"":""surface_code:rotated_memory_x"",""cluster_node_limit"":50,""d"":3,""decoder"":""mwpf"",""decoder_type"":""SolverSerialJointSingleHair"",""p"":0.008,""p_erase"":0.0,""r"":3,""run_id"":""842b8d9622dd95e081373b13334f0c4c970c25ea256e90e9985b8d1bb6968aef""}",
         1,         0,         0,   0.537,mwpf__d6e8817167c21e257031ce66381ee5547a20cccfb4c07657b5dadac3a6833f79,77c3f58796b3a8a06dbcfa38996887a82fbc4ff14750db8111f1c9a504ceb897,"{""circuit"":""surface_code:rotated_memory_x"",""cluster_node_limit"":50,""d"":11,""decoder"":""mwpf"",""decoder_type"":""SolverSerialJointSingleHair"",""p"":0.007,""p_erase"":0.0,""r"":11,""run_id"":""738582bca717139319653195fdb3aed07ff60eec35baeb0848929c7f5b5792fa""}",
         1,         0,         0,   0.554,mwpf__635e40dda6d3e96020ea75ae193e9dd537bd1e25622b042e0e59c0187110d1be,06dc2e6bd74ae874fe58d9f164c4486dc719c5118f922909b0e948fb9b7a211e,"{""circuit"":""surface_code:rotated_memory_x"",""cluster_node_limit"":50,""d"":13,""decoder"":""mwpf"",""decoder_type"":""SolverSerialJointSingleHair"",""p"":0.005,""p_erase"":0.0,""r"":13,""run_id"":""1dd32fbecda77a042c5f41d375ae2b79efd66b7adfe572570e9f313567b2202a""}",
        16,         0,         0,   0.181,mwpf__d6e273bec9b587e85ba4f19af1099d5769edba9e40437c8089c08ed25bd72758,5388f8eb2e6e41b439260433c3419bdbf5f8b4bd5b8e2a2c70a24a791cee3145,"{""circuit"":""surface_code:rotated_memory_x"",""cluster_node_limit"":50,""d"":5,""decoder"":""mwpf"",""decoder_type"":""SolverSerialJointSingleHair"",""p"":0.008,""p_erase"":0.0,""r"":5,""run_id"":""bfa3c7cba13850dd37e54bb29bb945687e3fe04272a3151e2ac8acb7416976e7""}",
         8,         0,         0,   0.911,mwpf__8548f0e17df6ec2da00e239d3cc0f77db49812682ea7479645b8b7bbf459e376,3982ff67ef7e56884cb20ebd1c912dd13305efd49de30c97ba1d1d3d4ede83f3,"{""circuit"":""surface_code:rotated_memory_x"",""cluster_node_limit"":50,""d"":11,""decoder"":""mwpf"",""decoder_type"":""SolverSerialJointSingleHair"",""p"":0.003,""p_erase"":0.0,""r"":11,""run_id"":""f8aa956a2e2076433f554631dc774e205799286246e2bbf1a0cefd6d6db83727""}",
         8,         0,         0,   0.710,mwpf__761f3371de99df9efabba094f174e439214687dced9cc3cd6fcfd4925ef05ead,5373d5de17f66a3eb06d839f452c3912e4e626c22ca55edf6a2d0424cc80f5ce,"{""circuit"":""surface_code:rotated_memory_x"",""cluster_node_limit"":50,""d"":7,""decoder"":""mwpf"",""decoder_type"":""SolverSerialJointSingleHair"",""p"":0.007,""p_erase"":0.0,""r"":7,""run_id"":""cc23d39f806d6b050b42fdf6523d37ff1ded4115cd9804c1b1173f160297dfb9""}",
        16,         1,         0,    1.68,mwpf__c6ba5eb607084c237766d2f1acb7719308a77ef713824e5c4b8d9fdd0cd4a1b6,f538726661a9ad85ba0d5eda8cd32b2cbddd0a923127051b03a5b9c672de5ae4,"{""circuit"":""surface_code:rotated_memory_x"",""cluster_node_limit"":50,""d"":7,""decoder"":""mwpf"",""decoder_type"":""SolverSerialJointSingleHair"",""p"":0.0075,""p_erase"":0.0,""r"":7,""run_id"":""746c0ed850e7a1c4899561c73e97af04ff040736013cde397145df4c660e1d2a""}",
         1,         0,         0,   0.755,mwpf__f72406d99baaa155e6537da23b921802aac7a0476bf592363ce60d85dc12f754,502cdaad1f5ad245d27f94b87cf52b63e8d9429b6075479c1cd1ab87feb4cda0,"{""circuit"":""surface_code:rotated_memory_x"",""cluster_node_limit"":50,""d"":13,""decoder"":""mwpf"",""decoder_type"":""SolverSerialJointSingleHair"",""p"":0.004,""p_erase"":0.0,""r"":13,""run_id"":""9c5f0f6384601a18598e9ec8096fd7d1f329b4fab58d65bfc72b05c12fd62fb2""}",
      4096,        21,         0,   0.981,mwpf__dced78135bd52c04bba10b515d4a91692dee24b8a04d4984c307073656943ffb,72b113c0355b3f34501fe2d9bc415951079307c7c15cd05285136221a1fc4dc0,"{""circuit"":""surface_code:rotated_memory_x"",""cluster_node_limit"":50,""d"":3,""decoder"":""mwpf"",""decoder_type"":""SolverSerialJointSingleHair"",""p"":0.004,""p_erase"":0.0,""r"":3,""run_id"":""90efa888ab0be85c6dc82d20d594fb219f455db906f7e8f7ad923a214270e30c""}",
         8,         0,         0,    1.46,mwpf__816dbb216f33548bde82700373ed8762c4588f7e736c0d6ce8bbd83718eb9bc4,4a103945d4b3e03fb447b3f991894618fed8c7625561e2ed8d29b4caf27b2618,"{""circuit"":""surface_code:rotated_memory_x"",""cluster_node_limit"":50,""d"":11,""decoder"":""mwpf"",""decoder_type"":""SolverSerialJointSingleHair"",""p"":0.004,""p_erase"":0.0,""r"":11,""run_id"":""3083dc33435eff96398d9127ce3d8e2c144ff987bf7bc12ab2896614c67e19b0""}",
      1024,        27,         0,   0.820,mwpf__03fa2c6e37aff7c81ae22b7dea7a504d3eb26ec3a7b349088c7bcea7a9871e0c,6267ba7f3c1c772896eebefc6d523adb68e82d38d020e307be1f733b70ad8bd3,"{""circuit"":""surface_code:rotated_memory_x"",""cluster_node_limit"":50,""d"":3,""decoder"":""mwpf"",""decoder_type"":""SolverSerialJointSingleHair"",""p"":0.007,""p_erase"":0.0,""r"":3,""run_id"":""135e03791629607bb61bf8b9b22bc12f2324f26b65e31e82f5c3cd97d24c99c9""}",
       128,         0,         0,   0.776,mwpf__6dc40dd78a7537f759b93670cd0af0008adf279fbc2acda6010b04619b90078a,71b64adea95d26ec136e0f6d5c44173faab2351254ae92ff6c2fb79fe431c3f7,"{""circuit"":""surface_code:rotated_memory_x"",""cluster_node_limit"":50,""d"":5,""decoder"":""mwpf"",""decoder_type"":""SolverSerialJointSingleHair"",""p"":0.004,""p_erase"":0.0,""r"":5,""run_id"":""2c1d23bd89bcf5d6d623dffd52817527ab5ba820bb8c60558a749cc97b051f30""}",
       256,        14,         0,   0.358,mwpf__b0b7dc35549e4684aaf56d7f39208097266fbb01b99fc634aa5cc65cb30d3fd9,28ac44c8c5b47a07887bdc431a672e9f8611047ab24d905f93db9d3c36d03445,"{""circuit"":""surface_code:rotated_memory_x"",""cluster_node_limit"":50,""d"":3,""decoder"":""mwpf"",""decoder_type"":""SolverSerialJointSingleHair"",""p"":0.015,""p_erase"":0.0,""r"":3,""run_id"":""b44761db4df8b64c8917c437ae7fe1c452a55149c1dc7a5ca0f619d5bff0315c""}",
         1,         0,         0,   0.076,mwpf__f72406d99baaa155e6537da23b921802aac7a0476bf592363ce60d85dc12f754,502cdaad1f5ad245d27f94b87cf52b63e8d9429b6075479c1cd1ab87feb4cda0,"{""circuit"":""surface_code:rotated_memory_x"",""cluster_node_limit"":50,""d"":13,""decoder"":""mwpf"",""decoder_type"":""SolverSerialJointSingleHair"",""p"":0.004,""p_erase"":0.0,""r"":13,""run_id"":""9c5f0f6384601a18598e9ec8096fd7d1f329b4fab58d65bfc72b05c12fd62fb2""}",
        16,         0,         0,    1.06,mwpf__7b751ba9c29dec22792ae2997abbcfb30aeccd30f12272dee86da02f98924346,ef36a2d62e6f27449c8c54ebc380941555cc4126bf8269beb48c5d4285c2c832,"{""circuit"":""surface_code:rotated_memory_x"",""cluster_node_limit"":50,""d"":7,""decoder"":""mwpf"",""decoder_type"":""SolverSerialJointSingleHair"",""p"":0.0065,""p_erase"":0.0,""r"":7,""run_id"":""2dbf0f369a61ab19037b084768e1601bc2d15a711cdebadba5827ddd88dd2495""}",
         1,         0,         0,   0.218,mwpf__635e40dda6d3e96020ea75ae193e9dd537bd1e25622b042e0e59c0187110d1be,06dc2e6bd74ae874fe58d9f164c4486dc719c5118f922909b0e948fb9b7a211e,"{""circuit"":""surface_code:rotated_memory_x"",""cluster_node_limit"":50,""d"":13,""decoder"":""mwpf"",""decoder_type"":""SolverSerialJointSingleHair"",""p"":0.005,""p_erase"":0.0,""r"":13,""run_id"":""1dd32fbecda77a042c5f41d375ae2b79efd66b7adfe572570e9f313567b2202a""}",
       128,         0,         0,    4.70,mwpf__b1e65b016886068417e23bc8e6fc3b5255b88b9358acef6c4d90bf957e517d18,31b39447a5c78d0b15a05b2c95790aeec81d5a48fd188b4f6a69524fe0d6720c,"{""circuit"":""surface_code:rotated_memory_x"",""cluster_node_limit"":50,""d"":7,""decoder"":""mwpf"",""decoder_type"":""SolverSerialJointSingleHair"",""p"":0.003,""p_erase"":0.0,""r"":7,""run_id"":""3e7768a46571fd1de5957ad6fb50ce7c500c937939ee9035abc77e8f3db0e162""}",
         4,         0,         0,    1.47,mwpf__7a95b4e0e46b327d000e116a0c1b8752a5233749e2ab488204b0555276cc7d20,3739a29a1a4cc537bb158528d425c3e0bc4b8143c997f57751cec9d6df3b5373,"{""circuit"":""surface_code:rotated_memory_x"",""cluster_node_limit"":50,""d"":11,""decoder"":""mwpf"",""decoder_type"":""SolverSerialJointSingleHair"",""p"":0.006,""p_erase"":0.0,""r"":11,""run_id"":""8004ec240d1464395bfc8a126a835b432e446c1a1cef8253e8138d42920ca974""}",
         8,         0,         0,   0.403,mwpf__3f1b64a9ac39918fdfc1d8685d2ae22620c080992f83b482a25d7b8f1adaea5a,0b2a8a048818ac11f66a73bdbd1d5dc5a971687b6a9c1ab5af8e2dcdd4f0c1bf,"{""circuit"":""surface_code:rotated_memory_x"",""cluster_node_limit"":50,""d"":5,""decoder"":""mwpf"",""decoder_type"":""SolverSerialJointSingleHair"",""p"":0.015,""p_erase"":0.0,""r"":5,""run_id"":""6fe96edac5c8fb2c1aed8ea14c67ceeb92423fdf3ce9e1c97fff0ce2aa5d5538""}",
         8,         0,         0,    1.83,mwpf__ef4bd14b406ebb94921d73b05e28e9be274fd0180168db54ebfe9ad4abb5c3dd,813034dd365f90862ad3456e088d05537a5961eea78ad69b71aff0330e723902,"{""circuit"":""surface_code:rotated_memory_x"",""cluster_node_limit"":50,""d"":9,""decoder"":""mwpf"",""decoder_type"":""SolverSerialJointSingleHair"",""p"":0.0075,""p_erase"":0.0,""r"":9,""run_id"":""d43e2110d6096cb21b3dc2507099ab1df8f05023ab41bfbd088fbc12277e6cad""}",
         2,         0,         0,    2.29,mwpf__0e7c94a776c9d36b18431c37b59c5d54ed615181b4983b9359c243e9f764dfb4,18ed3080fc8dd3e2ad1b8ac4ffd96f6ee6464a3ae086c1352c800cbc7cd6c4b7,"{""circuit"":""surface_code:rotated_memory_x"",""cluster_node_limit"":50,""d"":7,""decoder"":""mwpf"",""decoder_type"":""SolverSerialJointSingleHair"",""p"":0.015,""p_erase"":0.0,""r"":7,""run_id"":""acdc3549d7b3f20ef13fd9539e517d8487bc2b0a145673bebaddb7b3e0579f70""}",
         4,         0,         0,   0.399,mwpf__e0a55262cf1f1a7a613b4765b0629e55d0b3fe9d54b863fbeff7519c53c8e351,34913737fb3f42b5d01e95eaa7e9bb6ec2ccceeb90dac3afed499a1716fb1a4c,"{""circuit"":""surface_code:rotated_memory_x"",""cluster_node_limit"":50,""d"":7,""decoder"":""mwpf"",""decoder_type"":""SolverSerialJointSingleHair"",""p"":0.01,""p_erase"":0.0,""r"":7,""run_id"":""85dc4b86326449a5e4d2267937782207589c000366e3fbe70d98bb3f9fb5a333""}",
      2048,        20,         0,   0.663,mwpf__682d5c8b1e761a1076b65dca539a2d15d82ad086708269570743d5b5c12e48ec,7ee21ac07e1d2d837dee1b9de812df8e43271af75c9d02b6bafea9ec15c9affa,"{""circuit"":""surface_code:rotated_memory_x"",""cluster_node_limit"":50,""d"":3,""decoder"":""mwpf"",""decoder_type"":""SolverSerialJointSingleHair"",""p"":0.0065,""p_erase"":0.0,""r"":3,""run_id"":""b8f63b3afee4afe98e7bbb30f20c4398dd3b9aec649fcfb3e47705c2a2c61b36""}",
         8,         2,         0,   0.716,mwpf__0480aaa502c889192677deb2a1f79b047530feca1cf6dfaaff42d6ad35de660c,2428a4412b21fcaa2436e1c2e9c61819ecb01828206a188ce051a39d99979d3f,"{""circuit"":""surface_code:rotated_memory_x"",""cluster_node_limit"":50,""d"":7,""decoder"":""mwpf"",""decoder_type"":""SolverSerialJointSingleHair"",""p"":0.008,""p_erase"":0.0,""r"":7,""run_id"":""b0127341a48953a855ea3549247068ee7050e7461912fad56a38b1d8708ded61""}",
         1,         0,         0,   0.384,mwpf__d6e8817167c21e257031ce66381ee5547a20cccfb4c07657b5dadac3a6833f79,77c3f58796b3a8a06dbcfa38996887a82fbc4ff14750db8111f1c9a504ceb897,"{""circuit"":""surface_code:rotated_memory_x"",""cluster_node_limit"":50,""d"":11,""decoder"":""mwpf"",""decoder_type"":""SolverSerialJointSingleHair"",""p"":0.007,""p_erase"":0.0,""r"":11,""run_id"":""738582bca717139319653195fdb3aed07ff60eec35baeb0848929c7f5b5792fa""}",
       128,         0,         0,   0.534,mwpf__1c59223be739329e89f3e2f13123f7a8f4b0534135cf1e86feb02275412b9cb4,0634ed5aa73fe8e8c1c641cba85bef34b7d4eda6b029d2ee4500c76f6a3e6dd0,"{""circuit"":""surface_code:rotated_memory_x"",""cluster_node_limit"":50,""d"":5,""decoder"":""mwpf"",""decoder_type"":""SolverSerialJointSingleHair"",""p"":0.003,""p_erase"":0.0,""r"":5,""run_id"":""15e3edac26702bd06daa1bb3e90bddb5f87b2bb2b182b8fed1b9f8d68845e848""}",
       512,        19,         0,   0.433,mwpf__aaa863e9a64627555b04b70db757b2526080350f57c3e44aa6971a8e395c5be7,4e04f8aa9db7314d71683d08e68e1c551e91b6148e3b3a9d2b78be567b73a4ed,"{""circuit"":""surface_code:rotated_memory_x"",""cluster_node_limit"":50,""d"":3,""decoder"":""mwpf"",""decoder_type"":""SolverSerialJointSingleHair"",""p"":0.01,""p_erase"":0.0,""r"":3,""run_id"":""5b6db69d825a9e1af451573dd00a4a7082d74a5e74fde81d397d7b0bcc5645b2""}",
         1,         1,         0,    2.39,mwpf__27a571c12c515651d4ffcfb77cd014cbd564d8d59b84c23e14b783de48feab52,c7796fbd3a9ed9e25c88662f131fdcc3db567aa019543a6d04c9545bad45a9e6,"{""circuit"":""surface_code:rotated_memory_x"",""cluster_node_limit"":50,""d"":11,""decoder"":""mwpf"",""decoder_type"":""SolverSerialJointSingleHair"",""p"":0.008,""p_erase"":0.0,""r"":11,""run_id"":""a1c19c3e7f2e8098c81889b056bfa77224d1f0cf9b3deea17d360de81aae0496""}",
         4,         0,         0,    1.43,mwpf__5690b4a8bc9c88c24efb060e4e655ea926b0a3cafb8eccb6b16e13bcfa6f8f57,2319881ca4af7e340fa0dc5e54cc6bc5ff4176d44f6e7028a967f989b1262cd0,"{""circuit"":""surface_code:rotated_memory_x"",""cluster_node_limit"":50,""d"":9,""decoder"":""mwpf"",""decoder_type"":""SolverSerialJointSingleHair"",""p"":0.0065,""p_erase"":0.0,""r"":9,""run_id"":""bcb66dbf1963af5450bb3b51e6950f2b7fc1b6490e9ba479a670b91dc4b2af88""}",
      6144,        19,         0,    1.15,mwpf__b0f6649b21db54ecbb8826cdfafa1ba0e2bf46532f7acaf5414024d498b451a0,529639a8efcc2d68bcd5753eb8355ddcaf6a93496022c9cf7dbfb051af66a68c,"{""circuit"":""surface_code:rotated_memory_x"",""cluster_node_limit"":50,""d"":3,""decoder"":""mwpf"",""decoder_type"":""SolverSerialJointSingleHair"",""p"":0.003,""p_erase"":0.0,""r"":3,""run_id"":""915e7fac76f0cb44d6aac79997be9e5a903d4aa353a8207f80b396814e1292cb""}",
        16,         0,         0,    1.84,mwpf__e31bcda4313c15612f870938a65840ff53c2398150f9cb961189e5e84b026776,2367d5faa513e3a6decb45c2bdd8779be42812fdc67d351c372070210ef9e7dd,"{""circuit"":""surface_code:rotated_memory_x"",""cluster_node_limit"":50,""d"":7,""decoder"":""mwpf"",""decoder_type"":""SolverSerialJointSingleHair"",""p"":0.006,""p_erase"":0.0,""r"":7,""run_id"":""c569d24a00e94715f929354bdbd1860f950e40c56d976da161032d1bf73e9e9d""}",
       256,        19,         0,   0.411,mwpf__b0b7dc35549e4684aaf56d7f39208097266fbb01b99fc634aa5cc65cb30d3fd9,28ac44c8c5b47a07887bdc431a672e9f8611047ab24d905f93db9d3c36d03445,"{""circuit"":""surface_code:rotated_memory_x"",""cluster_node_limit"":50,""d"":3,""decoder"":""mwpf"",""decoder_type"":""SolverSerialJointSingleHair"",""p"":0.015,""p_erase"":0.0,""r"":3,""run_id"":""b44761db4df8b64c8917c437ae7fe1c452a55149c1dc7a5ca0f619d5bff0315c""}",
      2048,        39,         0,   0.917,mwpf__be13af6e4aecc79fd8470069cbeba0b7402ccae8a2a39ca14aa05aab56e13157,a0053533921bc46fbfe14bb420d60339e3870782d8212090091825118b30ddec,"{""circuit"":""surface_code:rotated_memory_x"",""cluster_node_limit"":50,""d"":3,""decoder"":""mwpf"",""decoder_type"":""SolverSerialJointSingleHair"",""p"":0.006,""p_erase"":0.0,""r"":3,""run_id"":""dd60754122c9f7a810b0c1d8b1c92188ea52870232067546237f0fa25d610548""}",
         8,         0,         0,   0.515,mwpf__8548f0e17df6ec2da00e239d3cc0f77db49812682ea7479645b8b7bbf459e376,3982ff67ef7e56884cb20ebd1c912dd13305efd49de30c97ba1d1d3d4ede83f3,"{""circuit"":""surface_code:rotated_memory_x"",""cluster_node_limit"":50,""d"":11,""decoder"":""mwpf"",""decoder_type"":""SolverSerialJointSingleHair"",""p"":0.003,""p_erase"":0.0,""r"":11,""run_id"":""f8aa956a2e2076433f554631dc774e205799286246e2bbf1a0cefd6d6db83727""}",
         4,         0,         0,   0.448,mwpf__816dbb216f33548bde82700373ed8762c4588f7e736c0d6ce8bbd83718eb9bc4,4a103945d4b3e03fb447b3f991894618fed8c7625561e2ed8d29b4caf27b2618,"{""circuit"":""surface_code:rotated_memory_x"",""cluster_node_limit"":50,""d"":11,""decoder"":""mwpf"",""decoder_type"":""SolverSerialJointSingleHair"",""p"":0.004,""p_erase"":0.0,""r"":11,""run_id"":""3083dc33435eff96398d9127ce3d8e2c144ff987bf7bc12ab2896614c67e19b0""}",
         8,         0,         0,    1.18,mwpf__b86dfdc6edf5243fa953eba38df9eedffa26e17e861ff53898370ede6b3f4924,ed4377a6fc84ce98150c12b4f78cbf0f69f277dc7b34e1caecdce413a6651655,"{""circuit"":""surface_code:rotated_memory_x"",""cluster_node_limit"":50,""d"":9,""decoder"":""mwpf"",""decoder_type"":""SolverSerialJointSingleHair"",""p"":0.003,""p_erase"":0.0,""r"":9,""run_id"":""efe7c5548b07943d995a96c2060d6be39255a1f992a2a76f4714bdcbfad04986""}",
        40,         1,         0,    1.04,mwpf__74b18df185b22796a559f32f488c1f95ef0d82d34c256906317561e4acce78ec,ff1f59d74e0a85a29f4995de86372e17ef6d73f50ef84112e0cd3a298e221696,"{""circuit"":""surface_code:rotated_memory_x"",""cluster_node_limit"":50,""d"":5,""decoder"":""mwpf"",""decoder_type"":""SolverSerialJointSingleHair"",""p"":0.009,""p_erase"":0.0,""r"":5,""run_id"":""c32281a89ec9fb6ef8731b931cbe729d04602aba0eeadfec21fc1875143cc8af""}",
       128,         0,         0,   0.207,mwpf__1c59223be739329e89f3e2f13123f7a8f4b0534135cf1e86feb02275412b9cb4,0634ed5aa73fe8e8c1c641cba85bef34b7d4eda6b029d2ee4500c76f6a3e6dd0,"{""circuit"":""surface_code:rotated_memory_x"",""cluster_node_limit"":50,""d"":5,""decoder"":""mwpf"",""decoder_type"":""SolverSerialJointSingleHair"",""p"":0.003,""p_erase"":0.0,""r"":5,""run_id"":""15e3edac26702bd06daa1bb3e90bddb5f87b2bb2b182b8fed1b9f8d68845e848""}",
         8,         0,         0,   0.227,mwpf__0480aaa502c889192677deb2a1f79b047530feca1cf6dfaaff42d6ad35de660c,2428a4412b21fcaa2436e1c2e9c61819ecb01828206a188ce051a39d99979d3f,"{""circuit"":""surface_code:rotated_memory_x"",""cluster_node_limit"":50,""d"":7,""decoder"":""mwpf"",""decoder_type"":""SolverSerialJointSingleHair"",""p"":0.008,""p_erase"":0.0,""r"":7,""run_id"":""b0127341a48953a855ea3549247068ee7050e7461912fad56a38b1d8708ded61""}",
         8,         0,         0,   0.598,mwpf__761f3371de99df9efabba094f174e439214687dced9cc3cd6fcfd4925ef05ead,5373d5de17f66a3eb06d839f452c3912e4e626c22ca55edf6a2d0424cc80f5ce,"{""circuit"":""surface_code:rotated_memory_x"",""cluster_node_limit"":50,""d"":7,""decoder"":""mwpf"",""decoder_type"":""SolverSerialJointSingleHair"",""p"":0.007,""p_erase"":0.0,""r"":7,""run_id"":""cc23d39f806d6b050b42fdf6523d37ff1ded4115cd9804c1b1173f160297dfb9""}",
         2,         0,         0,   0.167,mwpf__5690b4a8bc9c88c24efb060e4e655ea926b0a3cafb8eccb6b16e13bcfa6f8f57,2319881ca4af7e340fa0dc5e54cc6bc5ff4176d44f6e7028a967f989b1262cd0,"{""circuit"":""surface_code:rotated_memory_x"",""cluster_node_limit"":50,""d"":9,""decoder"":""mwpf"",""decoder_type"":""SolverSerialJointSingleHair"",""p"":0.0065,""p_erase"":0.0,""r"":9,""run_id"":""bcb66dbf1963af5450bb3b51e6950f2b7fc1b6490e9ba479a670b91dc4b2af88""}",
      1024,        25,         0,   0.898,mwpf__d56b027df54bbcee1a569d4b790c31989f5693ab552e6ad7d4b399bc8a5b7ae2,f0a51108deaa2e813a85a0daf8998382d985f25173b21c56aa0f0dddcd7c45dc,"{""circuit"":""surface_code:rotated_memory_x"",""cluster_node_limit"":50,""d"":3,""decoder"":""mwpf"",""decoder_type"":""SolverSerialJointSingleHair"",""p"":0.009,""p_erase"":0.0,""r"":3,""run_id"":""f3773bbf3001f7044304ac6a12d9ddb4d020a1b2b51ce7b475f4f14944f915f3""}",
        32,         1,         0,    1.04,mwpf__91ffc942ec0dda29e3cbefbf32236cf9a6f3fa7b23e4675ef61bf5a2d3aa5377,40546135e2bd9eb08f97c8c1c6115e8bc75406288d37472ee0445cd367e1721b,"{""circuit"":""surface_code:rotated_memory_x"",""cluster_node_limit"":50,""d"":5,""decoder"":""mwpf"",""decoder_type"":""SolverSerialJointSingleHair"",""p"":0.0075,""p_erase"":0.0,""r"":5,""run_id"":""5a57a6d0ff957d816c2c86860718eec6af832a23575ff55f991f4b130256fb39""}",
      1024,        27,         0,   0.590,mwpf__03fa2c6e37aff7c81ae22b7dea7a504d3eb26ec3a7b349088c7bcea7a9871e0c,6267ba7f3c1c772896eebefc6d523adb68e82d38d020e307be1f733b70ad8bd3,"{""circuit"":""surface_code:rotated_memory_x"",""cluster_node_limit"":50,""d"":3,""decoder"":""mwpf"",""decoder_type"":""SolverSerialJointSingleHair"",""p"":0.007,""p_erase"":0.0,""r"":3,""run_id"":""135e03791629607bb61bf8b9b22bc12f2324f26b65e31e82f5c3cd97d24c99c9""}",
         8,         3,         0,   0.651,mwpf__c6ba5eb607084c237766d2f1acb7719308a77ef713824e5c4b8d9fdd0cd4a1b6,f538726661a9ad85ba0d5eda8cd32b2cbddd0a923127051b03a5b9c672de5ae4,"{""circuit"":""surface_code:rotated_memory_x"",""cluster_node_limit"":50,""d"":7,""decoder"":""mwpf"",""decoder_type"":""SolverSerialJointSingleHair"",""p"":0.0075,""p_erase"":0.0,""r"":7,""run_id"":""746c0ed850e7a1c4899561c73e97af04ff040736013cde397145df4c660e1d2a""}",
         4,         0,         0,   0.564,mwpf__f72406d99baaa155e6537da23b921802aac7a0476bf592363ce60d85dc12f754,502cdaad1f5ad245d27f94b87cf52b63e8d9429b6075479c1cd1ab87feb4cda0,"{""circuit"":""surface_code:rotated_memory_x"",""cluster_node_limit"":50,""d"":13,""decoder"":""mwpf"",""decoder_type"":""SolverSerialJointSingleHair"",""p"":0.004,""p_erase"":0.0,""r"":13,""run_id"":""9c5f0f6384601a18598e9ec8096fd7d1f329b4fab58d65bfc72b05c12fd62fb2""}",
         4,         0,         0,   0.423,mwpf__e0a55262cf1f1a7a613b4765b0629e55d0b3fe9d54b863fbeff7519c53c8e351,34913737fb3f42b5d01e95eaa7e9bb6ec2ccceeb90dac3afed499a1716fb1a4c,"{""circuit"":""surface_code:rotated_memory_x"",""cluster_node_limit"":50,""d"":7,""decoder"":""mwpf"",""decoder_type"":""SolverSerialJointSingleHair"",""p"":0.01,""p_erase"":0.0,""r"":7,""run_id"":""85dc4b86326449a5e4d2267937782207589c000366e3fbe70d98bb3f9fb5a333""}",
      1024,        24,         0,   0.822,mwpf__43962ba459d86cd819b8558032ffa6472ba0555135068fb74009d94b7bad5532,1b4e499b3b262af26ba14e01aa169e3a7f2d864a488b68fa6fba53177a53ffcc,"{""circuit"":""surface_code:rotated_memory_x"",""cluster_node_limit"":50,""d"":3,""decoder"":""mwpf"",""decoder_type"":""SolverSerialJointSingleHair"",""p"":0.008,""p_erase"":0.0,""r"":3,""run_id"":""842b8d9622dd95e081373b13334f0c4c970c25ea256e90e9985b8d1bb6968aef""}",
      1024,        25,         0,    1.10,mwpf__4e1601b0668063eadc05111c07696cccf168dd50474bd608d301815d45c9a786,d19a124337761452ca3104e53f7e971c7bb837f006c26f70a68a8f67e770bb67,"{""circuit"":""surface_code:rotated_memory_x"",""cluster_node_limit"":50,""d"":3,""decoder"":""mwpf"",""decoder_type"":""SolverSerialJointSingleHair"",""p"":0.0075,""p_erase"":0.0,""r"":3,""run_id"":""4bc734d2ac70cf62b78df146e81bdcf5df30d786b05a2eea177a13d890e64669""}",
      2048,        21,         0,    1.08,mwpf__f1c73b55d20502edeb1352a97286268c1728587a9a613ad3646eea7ce6f5b0e8,c945d4451adf51d3115cab618d9042a74af97ed090632e5d8ded54a9c2a8acaa,"{""circuit"":""surface_code:rotated_memory_x"",""cluster_node_limit"":50,""d"":3,""decoder"":""mwpf"",""decoder_type"":""SolverSerialJointSingleHair"",""p"":0.005,""p_erase"":0.0,""r"":3,""run_id"":""5101ac8ef9c97b83df4dd9d8fb12d7b219d036893929703eba32fffa9e647600""}",
        32,         0,         0,    2.15,mwpf__e098ae1eaf131a692c7d269ecd7c0b356809a18a2ccc52547656bea351773dd9,c4e2e9f4264f6040fcd119a2d32c96bd25a12364f525742dd40c8b2e504c5240,"{""circuit"":""surface_code:rotated_memory_x"",""cluster_node_limit"":50,""d"":5,""decoder"":""mwpf"",""decoder_type"":""SolverSerialJointSingleHair"",""p"":0.01,""p_erase"":0.0,""r"":5,""run_id"":""669fd91e75976823dd1cbb6f0d860524121f186f614db6fb259f60c1945fce8a""}",
         8,         0,         0,   0.303,mwpf__e31bcda4313c15612f870938a65840ff53c2398150f9cb961189e5e84b026776,2367d5faa513e3a6decb45c2bdd8779be42812fdc67d351c372070210ef9e7dd,"{""circuit"":""surface_code:rotated_memory_x"",""cluster_node_limit"":50,""d"":7,""decoder"":""mwpf"",""decoder_type"":""SolverSerialJointSingleHair"",""p"":0.006,""p_erase"":0.0,""r"":7,""run_id"":""c569d24a00e94715f929354bdbd1860f950e40c56d976da161032d1bf73e9e9d""}",
         2,         0,         0,    1.10,mwpf__657887243b5868399920fa937a3887ed9e2ac0d9d98cadc2e1a651e3f504cda0,d4553ef01c242393c1aeaba835587e05af3c08f66bad464752b049a3be541a37,"{""circuit"":""surface_code:rotated_memory_x"",""cluster_node_limit"":50,""d"":11,""decoder"":""mwpf"",""decoder_type"":""SolverSerialJointSingleHair"",""p"":0.0065,""p_erase"":0.0,""r"":11,""run_id"":""8e1df1698035a74962cf4fbf46e34daf5b11fbeb2de0990648bf3b88ed7162d9""}",
        32,         0,         0,   0.154,mwpf__91ffc942ec0dda29e3cbefbf32236cf9a6f3fa7b23e4675ef61bf5a2d3aa5377,40546135e2bd9eb08f97c8c1c6115e8bc75406288d37472ee0445cd367e1721b,"{""circuit"":""surface_code:rotated_memory_x"",""cluster_node_limit"":50,""d"":5,""decoder"":""mwpf"",""decoder_type"":""SolverSerialJointSingleHair"",""p"":0.0075,""p_erase"":0.0,""r"":5,""run_id"":""5a57a6d0ff957d816c2c86860718eec6af832a23575ff55f991f4b130256fb39""}",
       128,         1,         0,    1.73,mwpf__6d4510a60f3ab5a6af5bc8ff2f60857cc46b32094baeda08965a4d99c4f42aec,0cb3695c8696727a8873244b6e84d963d4eb9e0abd45b5a7328dfa907569f518,"{""circuit"":""surface_code:rotated_memory_x"",""cluster_node_limit"":50,""d"":5,""decoder"":""mwpf"",""decoder_type"":""SolverSerialJointSingleHair"",""p"":0.005,""p_erase"":0.0,""r"":5,""run_id"":""a9419091d73bd2c76a2c7e3604d34d847de2f4b02b85d0c3d0860c0754fc56d1""}",
       512,         8,         0,   0.507,mwpf__aaa863e9a64627555b04b70db757b2526080350f57c3e44aa6971a8e395c5be7,4e04f8aa9db7314d71683d08e68e1c551e91b6148e3b3a9d2b78be567b73a4ed,"{""circuit"":""surface_code:rotated_memory_x"",""cluster_node_limit"":50,""d"":3,""decoder"":""mwpf"",""decoder_type"":""SolverSerialJointSingleHair"",""p"":0.01,""p_erase"":0.0,""r"":3,""run_id"":""5b6db69d825a9e1af451573dd00a4a7082d74a5e74fde81d397d7b0bcc5645b2""}",
         4,         0,         0,   0.967,mwpf__f1ba2c1f600b7a69e787fba16d98ab1a9190d2cbf22cb139f6d85f0963050ecd,362d43fe567b84549d5b408b2c9937944a18c5015578d62368865481ce9a1280,"{""circuit"":""surface_code:rotated_memory_x"",""cluster_node_limit"":50,""d"":9,""decoder"":""mwpf"",""decoder_type"":""SolverSerialJointSingleHair"",""p"":0.009,""p_erase"":0.0,""r"":9,""run_id"":""38d09452ebb2ff3ecc7153e5d90de64e1415b048dd2df4f50bcd6553bab20233""}",
        32,         1,         0,   0.921,mwpf__d6e273bec9b587e85ba4f19af1099d5769edba9e40437c8089c08ed25bd72758,5388f8eb2e6e41b439260433c3419bdbf5f8b4bd5b8e2a2c70a24a791cee3145,"{""circuit"":""surface_code:rotated_memory_x"",""cluster_node_limit"":50,""d"":5,""decoder"":""mwpf"",""decoder_type"":""SolverSerialJointSingleHair"",""p"":0.008,""p_erase"":0.0,""r"":5,""run_id"":""bfa3c7cba13850dd37e54bb29bb945687e3fe04272a3151e2ac8acb7416976e7""}",
         8,         0,         0,   0.138,mwpf__e31bcda4313c15612f870938a65840ff53c2398150f9cb961189e5e84b026776,2367d5faa513e3a6decb45c2bdd8779be42812fdc67d351c372070210ef9e7dd,"{""circuit"":""surface_code:rotated_memory_x"",""cluster_node_limit"":50,""d"":7,""decoder"":""mwpf"",""decoder_type"":""SolverSerialJointSingleHair"",""p"":0.006,""p_erase"":0.0,""r"":7,""run_id"":""c569d24a00e94715f929354bdbd1860f950e40c56d976da161032d1bf73e9e9d""}",
         2,         0,         0,    1.61,mwpf__1e6eb1b7d5a2ec0e953a7cb244b33bc530e16f23c32db88007fc1c7b035f330b,4b7230cba9d61504918ac10d685a7d051d9b1c23b970118aff9533c10c21a028,"{""circuit"":""surface_code:rotated_memory_x"",""cluster_node_limit"":50,""d"":11,""decoder"":""mwpf"",""decoder_type"":""SolverSerialJointSingleHair"",""p"":0.0075,""p_erase"":0.0,""r"":11,""run_id"":""d141b2a8478788124b5b1cb4085ff0997ab6fd837791f95217839732d3f5a11a""}",
         1,         0,         0,   0.637,mwpf__d6e8817167c21e257031ce66381ee5547a20cccfb4c07657b5dadac3a6833f79,77c3f58796b3a8a06dbcfa38996887a82fbc4ff14750db8111f1c9a504ceb897,"{""circuit"":""surface_code:rotated_memory_x"",""cluster_node_limit"":50,""d"":11,""decoder"":""mwpf"",""decoder_type"":""SolverSerialJointSingleHair"",""p"":0.007,""p_erase"":0.0,""r"":11,""run_id"":""738582bca717139319653195fdb3aed07ff60eec35baeb0848929c7f5b5792fa""}",
         1,         0,         0,    4.42,mwpf__57391e40513f77c41f6a5a9525f7848296f820427a102e649174251c3ae8c6ad,c79309ca0aef5cbc081da3f3155afd72d2954938e38b055a062809320ce791a5,"{""circuit"":""surface_code:rotated_memory_x"",""cluster_node_limit"":50,""d"":11,""decoder"":""mwpf"",""decoder_type"":""SolverSerialJointSingleHair"",""p"":0.009,""p_erase"":0.0,""r"":11,""run_id"":""aafe4cc1c9371c3b19f54d96c87b12f95609d65a09ae8f01c1659b6987c891b7""}",
        32,         0,         0,    1.62,mwpf__8b7aba4b42c55eac316a2911da8b71ada3c5c95714024fe9cb878eda2ed964eb,19dae4f12454abdb37e7a82e67feb6734eaa8650e81bd5af32a541e6d88fd6f1,"{""circuit"":""surface_code:rotated_memory_x"",""cluster_node_limit"":50,""d"":5,""decoder"":""mwpf"",""decoder_type"":""SolverSerialJointSingleHair"",""p"":0.0065,""p_erase"":0.0,""r"":5,""run_id"":""14c277d1360d884007b225112d7b983b9f2c5fc158d2870f656c6b2929b311b6""}",
         8,         0,         0,    1.22,mwpf__71869c18a9a089d40b18edd25a7ba89978fac639dfba4267cf7ec0f8c602c1b8,a01cc1b908db7b76624bbdaed185a25417056dfe423183481572b126d2518af4,"{""circuit"":""surface_code:rotated_memory_x"",""cluster_node_limit"":50,""d"":7,""decoder"":""mwpf"",""decoder_type"":""SolverSerialJointSingleHair"",""p"":0.009,""p_erase"":0.0,""r"":7,""run_id"":""4b2052dd33b88244b8dc64e1aa696c4f0cef9c363b27e7d2cd9a4ccb51da3596""}",
         1,         0,         0,   0.681,mwpf__27a571c12c515651d4ffcfb77cd014cbd564d8d59b84c23e14b783de48feab52,c7796fbd3a9ed9e25c88662f131fdcc3db567aa019543a6d04c9545bad45a9e6,"{""circuit"":""surface_code:rotated_memory_x"",""cluster_node_limit"":50,""d"":11,""decoder"":""mwpf"",""decoder_type"":""SolverSerialJointSingleHair"",""p"":0.008,""p_erase"":0.0,""r"":11,""run_id"":""a1c19c3e7f2e8098c81889b056bfa77224d1f0cf9b3deea17d360de81aae0496""}",
        64,         0,         0,   0.304,mwpf__6d4510a60f3ab5a6af5bc8ff2f60857cc46b32094baeda08965a4d99c4f42aec,0cb3695c8696727a8873244b6e84d963d4eb9e0abd45b5a7328dfa907569f518,"{""circuit"":""surface_code:rotated_memory_x"",""cluster_node_limit"":50,""d"":5,""decoder"":""mwpf"",""decoder_type"":""SolverSerialJointSingleHair"",""p"":0.005,""p_erase"":0.0,""r"":5,""run_id"":""a9419091d73bd2c76a2c7e3604d34d847de2f4b02b85d0c3d0860c0754fc56d1""}",
      1024,        15,         0,   0.487,mwpf__03fa2c6e37aff7c81ae22b7dea7a504d3eb26ec3a7b349088c7bcea7a9871e0c,6267ba7f3c1c772896eebefc6d523adb68e82d38d020e307be1f733b70ad8bd3,"{""circuit"":""surface_code:rotated_memory_x"",""cluster_node_limit"":50,""d"":3,""decoder"":""mwpf"",""decoder_type"":""SolverSerialJointSingleHair"",""p"":0.007,""p_erase"":0.0,""r"":3,""run_id"":""135e03791629607bb61bf8b9b22bc12f2324f26b65e31e82f5c3cd97d24c99c9""}",
        16,         0,         0,   0.130,mwpf__8b7aba4b42c55eac316a2911da8b71ada3c5c95714024fe9cb878eda2ed964eb,19dae4f12454abdb37e7a82e67feb6734eaa8650e81bd5af32a541e6d88fd6f1,"{""circuit"":""surface_code:rotated_memory_x"",""cluster_node_limit"":50,""d"":5,""decoder"":""mwpf"",""decoder_type"":""SolverSerialJointSingleHair"",""p"":0.0065,""p_erase"":0.0,""r"":5,""run_id"":""14c277d1360d884007b225112d7b983b9f2c5fc158d2870f656c6b2929b311b6""}",
         2,         0,         0,   0.399,mwpf__657887243b5868399920fa937a3887ed9e2ac0d9d98cadc2e1a651e3f504cda0,d4553ef01c242393c1aeaba835587e05af3c08f66bad464752b049a3be541a37,"{""circuit"":""surface_code:rotated_memory_x"",""cluster_node_limit"":50,""d"":11,""decoder"":""mwpf"",""decoder_type"":""SolverSerialJointSingleHair"",""p"":0.0065,""p_erase"":0.0,""r"":11,""run_id"":""8e1df1698035a74962cf4fbf46e34daf5b11fbeb2de0990648bf3b88ed7162d9""}",
      2048,        31,         0,   0.886,mwpf__682d5c8b1e761a1076b65dca539a2d15d82ad086708269570743d5b5c12e48ec,7ee21ac07e1d2d837dee1b9de812df8e43271af75c9d02b6bafea9ec15c9affa,"{""circuit"":""surface_code:rotated_memory_x"",""cluster_node_limit"":50,""d"":3,""decoder"":""mwpf"",""decoder_type"":""SolverSerialJointSingleHair"",""p"":0.0065,""p_erase"":0.0,""r"":3,""run_id"":""b8f63b3afee4afe98e7bbb30f20c4398dd3b9aec649fcfb3e47705c2a2c61b36""}",
         4,         0,         0,   0.505,mwpf__e0a55262cf1f1a7a613b4765b0629e55d0b3fe9d54b863fbeff7519c53c8e351,34913737fb3f42b5d01e95eaa7e9bb6ec2ccceeb90dac3afed499a1716fb1a4c,"{""circuit"":""surface_code:rotated_memory_x"",""cluster_node_limit"":50,""d"":7,""decoder"":""mwpf"",""decoder_type"":""SolverSerialJointSingleHair"",""p"":0.01,""p_erase"":0.0,""r"":7,""run_id"":""85dc4b86326449a5e4d2267937782207589c000366e3fbe70d98bb3f9fb5a333""}",
         8,         1,         0,   0.637,mwpf__761f3371de99df9efabba094f174e439214687dced9cc3cd6fcfd4925ef05ead,5373d5de17f66a3eb06d839f452c3912e4e626c22ca55edf6a2d0424cc80f5ce,"{""circuit"":""surface_code:rotated_memory_x"",""cluster_node_limit"":50,""d"":7,""decoder"":""mwpf"",""decoder_type"":""SolverSerialJointSingleHair"",""p"":0.007,""p_erase"":0.0,""r"":7,""run_id"":""cc23d39f806d6b050b42fdf6523d37ff1ded4115cd9804c1b1173f160297dfb9""}",
        16,         0,         0,    4.68,mwpf__b51c22942b58bed18bbe1e33230fc16d37f2f994d4a2eb9aac1a816c71f648b5,49723c50d532252a125a0f77a511824bc8ba2453ced225ca935be4f8ae908466,"{""circuit"":""surface_code:rotated_memory_x"",""cluster_node_limit"":50,""d"":11,""decoder"":""mwpf"",""decoder_type"":""SolverSerialJointSingleHair"",""p"":0.005,""p_erase"":0.0,""r"":11,""run_id"":""dc16d4efdc8c9f700a5975f7aeee7db9a23f8fb27d65c75c03a3aeb77312b5d0""}",
       512,        15,         0,   0.434,mwpf__aaa863e9a64627555b04b70db757b2526080350f57c3e44aa6971a8e395c5be7,4e04f8aa9db7314d71683d08e68e1c551e91b6148e3b3a9d2b78be567b73a4ed,"{""circuit"":""surface_code:rotated_memory_x"",""cluster_node_limit"":50,""d"":3,""decoder"":""mwpf"",""decoder_type"":""SolverSerialJointSingleHair"",""p"":0.01,""p_erase"":0.0,""r"":3,""run_id"":""5b6db69d825a9e1af451573dd00a4a7082d74a5e74fde81d397d7b0bcc5645b2""}",
        16,         1,         0,    5.46,mwpf__0ffad40cb78e56d31871ef678a2c2c220e01e0128694bf21b48103122ad96d78,1eeffca09c34ec66ea37833c9064e8ea37a416c4745e08373b9f3699fa053396,"{""circuit"":""surface_code:rotated_memory_x"",""cluster_node_limit"":50,""d"":9,""decoder"":""mwpf"",""decoder_type"":""SolverSerialJointSingleHair"",""p"":0.006,""p_erase"":0.0,""r"":9,""run_id"":""24bb5f6faf950c7f32be70c2a658f8a2aec69874df03f312866b1e584c72f944""}",
         8,         0,         0,    1.04,mwpf__3f1b64a9ac39918fdfc1d8685d2ae22620c080992f83b482a25d7b8f1adaea5a,0b2a8a048818ac11f66a73bdbd1d5dc5a971687b6a9c1ab5af8e2dcdd4f0c1bf,"{""circuit"":""surface_code:rotated_memory_x"",""cluster_node_limit"":50,""d"":5,""decoder"":""mwpf"",""decoder_type"":""SolverSerialJointSingleHair"",""p"":0.015,""p_erase"":0.0,""r"":5,""run_id"":""6fe96edac5c8fb2c1aed8ea14c67ceeb92423fdf3ce9e1c97fff0ce2aa5d5538""}",
      1024,        23,         0,   0.575,mwpf__4e1601b0668063eadc05111c07696cccf168dd50474bd608d301815d45c9a786,d19a124337761452ca3104e53f7e971c7bb837f006c26f70a68a8f67e770bb67,"{""circuit"":""surface_code:rotated_memory_x"",""cluster_node_limit"":50,""d"":3,""decoder"":""mwpf"",""decoder_type"":""SolverSerialJointSingleHair"",""p"":0.0075,""p_erase"":0.0,""r"":3,""run_id"":""4bc734d2ac70cf62b78df146e81bdcf5df30d786b05a2eea177a13d890e64669""}",
         1,         0,         0,   0.363,mwpf__d6e8817167c21e257031ce66381ee5547a20cccfb4c07657b5dadac3a6833f79,77c3f58796b3a8a06dbcfa38996887a82fbc4ff14750db8111f1c9a504ceb897,"{""circuit"":""surface_code:rotated_memory_x"",""cluster_node_limit"":50,""d"":11,""decoder"":""mwpf"",""decoder_type"":""SolverSerialJointSingleHair"",""p"":0.007,""p_erase"":0.0,""r"":11,""run_id"":""738582bca717139319653195fdb3aed07ff60eec35baeb0848929c7f5b5792fa""}",
        16,         0,         0,   0.564,mwpf__e098ae1eaf131a692c7d269ecd7c0b356809a18a2ccc52547656bea351773dd9,c4e2e9f4264f6040fcd119a2d32c96bd25a12364f525742dd40c8b2e504c5240,"{""circuit"":""surface_code:rotated_memory_x"",""cluster_node_limit"":50,""d"":5,""decoder"":""mwpf"",""decoder_type"":""SolverSerialJointSingleHair"",""p"":0.01,""p_erase"":0.0,""r"":5,""run_id"":""669fd91e75976823dd1cbb6f0d860524121f186f614db6fb259f60c1945fce8a""}",
      5120,        31,         0,    1.31,mwpf__dced78135bd52c04bba10b515d4a91692dee24b8a04d4984c307073656943ffb,72b113c0355b3f34501fe2d9bc415951079307c7c15cd05285136221a1fc4dc0,"{""circuit"":""surface_code:rotated_memory_x"",""cluster_node_limit"":50,""d"":3,""decoder"":""mwpf"",""decoder_type"":""SolverSerialJointSingleHair"",""p"":0.004,""p_erase"":0.0,""r"":3,""run_id"":""90efa888ab0be85c6dc82d20d594fb219f455db906f7e8f7ad923a214270e30c""}",
         8,         0,         0,    2.33,mwpf__8c35bf1fe40791e0cc86728b65286dceac7fa4a3150955de718fb71e20591ac0,1db55f393cb47cd7701b494aee001a18fd4a230d6df85129178e6c37931db9f3,"{""circuit"":""surface_code:rotated_memory_x"",""cluster_node_limit"":50,""d"":9,""decoder"":""mwpf"",""decoder_type"":""SolverSerialJointSingleHair"",""p"":0.005,""p_erase"":0.0,""r"":9,""run_id"":""6ff49e3994bd55cd42a49411e80b5ece5d8b1ccd21e8041d4b16720db3ebea01""}",
       128,         0,         0,    1.30,mwpf__6dc40dd78a7537f759b93670cd0af0008adf279fbc2acda6010b04619b90078a,71b64adea95d26ec136e0f6d5c44173faab2351254ae92ff6c2fb79fe431c3f7,"{""circuit"":""surface_code:rotated_memory_x"",""cluster_node_limit"":50,""d"":5,""decoder"":""mwpf"",""decoder_type"":""SolverSerialJointSingleHair"",""p"":0.004,""p_erase"":0.0,""r"":5,""run_id"":""2c1d23bd89bcf5d6d623dffd52817527ab5ba820bb8c60558a749cc97b051f30""}",
         8,         0,         0,   0.710,mwpf__c6ba5eb607084c237766d2f1acb7719308a77ef713824e5c4b8d9fdd0cd4a1b6,f538726661a9ad85ba0d5eda8cd32b2cbddd0a923127051b03a5b9c672de5ae4,"{""circuit"":""surface_code:rotated_memory_x"",""cluster_node_limit"":50,""d"":7,""decoder"":""mwpf"",""decoder_type"":""SolverSerialJointSingleHair"",""p"":0.0075,""p_erase"":0.0,""r"":7,""run_id"":""746c0ed850e7a1c4899561c73e97af04ff040736013cde397145df4c660e1d2a""}",
      1024,        12,         0,   0.668,mwpf__43962ba459d86cd819b8558032ffa6472ba0555135068fb74009d94b7bad5532,1b4e499b3b262af26ba14e01aa169e3a7f2d864a488b68fa6fba53177a53ffcc,"{""circuit"":""surface_code:rotated_memory_x"",""cluster_node_limit"":50,""d"":3,""decoder"":""mwpf"",""decoder_type"":""SolverSerialJointSingleHair"",""p"":0.008,""p_erase"":0.0,""r"":3,""run_id"":""842b8d9622dd95e081373b13334f0c4c970c25ea256e90e9985b8d1bb6968aef""}",
         2,         0,         0,    1.23,mwpf__635e40dda6d3e96020ea75ae193e9dd537bd1e25622b042e0e59c0187110d1be,06dc2e6bd74ae874fe58d9f164c4486dc719c5118f922909b0e948fb9b7a211e,"{""circuit"":""surface_code:rotated_memory_x"",""cluster_node_limit"":50,""d"":13,""decoder"":""mwpf"",""decoder_type"":""SolverSerialJointSingleHair"",""p"":0.005,""p_erase"":0.0,""r"":13,""run_id"":""1dd32fbecda77a042c5f41d375ae2b79efd66b7adfe572570e9f313567b2202a""}",
         2,         0,         0,    1.18,mwpf__7a95b4e0e46b327d000e116a0c1b8752a5233749e2ab488204b0555276cc7d20,3739a29a1a4cc537bb158528d425c3e0bc4b8143c997f57751cec9d6df3b5373,"{""circuit"":""surface_code:rotated_memory_x"",""cluster_node_limit"":50,""d"":11,""decoder"":""mwpf"",""decoder_type"":""SolverSerialJointSingleHair"",""p"":0.006,""p_erase"":0.0,""r"":11,""run_id"":""8004ec240d1464395bfc8a126a835b432e446c1a1cef8253e8138d42920ca974""}",
         8,         0,         0,   0.200,mwpf__761f3371de99df9efabba094f174e439214687dced9cc3cd6fcfd4925ef05ead,5373d5de17f66a3eb06d839f452c3912e4e626c22ca55edf6a2d0424cc80f5ce,"{""circuit"":""surface_code:rotated_memory_x"",""cluster_node_limit"":50,""d"":7,""decoder"":""mwpf"",""decoder_type"":""SolverSerialJointSingleHair"",""p"":0.007,""p_erase"":0.0,""r"":7,""run_id"":""cc23d39f806d6b050b42fdf6523d37ff1ded4115cd9804c1b1173f160297dfb9""}",
      1024,        22,         0,   0.852,mwpf__d56b027df54bbcee1a569d4b790c31989f5693ab552e6ad7d4b399bc8a5b7ae2,f0a51108deaa2e813a85a0daf8998382d985f25173b21c56aa0f0dddcd7c45dc,"{""circuit"":""surface_code:rotated_memory_x"",""cluster_node_limit"":50,""d"":3,""decoder"":""mwpf"",""decoder_type"":""SolverSerialJointSingleHair"",""p"":0.009,""p_erase"":0.0,""r"":3,""run_id"":""f3773bbf3001f7044304ac6a12d9ddb4d020a1b2b51ce7b475f4f14944f915f3""}",
        16,         0,         0,   0.955,mwpf__0480aaa502c889192677deb2a1f79b047530feca1cf6dfaaff42d6ad35de660c,2428a4412b21fcaa2436e1c2e9c61819ecb01828206a188ce051a39d99979d3f,"{""circuit"":""surface_code:rotated_memory_x"",""cluster_node_limit"":50,""d"":7,""decoder"":""mwpf"",""decoder_type"":""SolverSerialJointSingleHair"",""p"":0.008,""p_erase"":0.0,""r"":7,""run_id"":""b0127341a48953a855ea3549247068ee7050e7461912fad56a38b1d8708ded61""}",
         4,         0,         0,    1.22,mwpf__ef4bd14b406ebb94921d73b05e28e9be274fd0180168db54ebfe9ad4abb5c3dd,813034dd365f90862ad3456e088d05537a5961eea78ad69b71aff0330e723902,"{""circuit"":""surface_code:rotated_memory_x"",""cluster_node_limit"":50,""d"":9,""decoder"":""mwpf"",""decoder_type"":""SolverSerialJointSingleHair"",""p"":0.0075,""p_erase"":0.0,""r"":9,""run_id"":""d43e2110d6096cb21b3dc2507099ab1df8f05023ab41bfbd088fbc12277e6cad""}",
        16,         1,         0,   0.171,mwpf__e098ae1eaf131a692c7d269ecd7c0b356809a18a2ccc52547656bea351773dd9,c4e2e9f4264f6040fcd119a2d32c96bd25a12364f525742dd40c8b2e504c5240,"{""circuit"":""surface_code:rotated_memory_x"",""cluster_node_limit"":50,""d"":5,""decoder"":""mwpf"",""decoder_type"":""SolverSerialJointSingleHair"",""p"":0.01,""p_erase"":0.0,""r"":5,""run_id"":""669fd91e75976823dd1cbb6f0d860524121f186f614db6fb259f60c1945fce8a""}",
         4,         0,         0,   0.921,mwpf__5690b4a8bc9c88c24efb060e4e655ea926b0a3cafb8eccb6b16e13bcfa6f8f57,2319881ca4af7e340fa0dc5e54cc6bc5ff4176d44f6e7028a967f989b1262cd0,"{""circuit"":""surface_code:rotated_memory_x"",""cluster_node_limit"":50,""d"":9,""decoder"":""mwpf"",""decoder_type"":""SolverSerialJointSingleHair"",""p"":0.0065,""p_erase"":0.0,""r"":9,""run_id"":""bcb66dbf1963af5450bb3b51e6950f2b7fc1b6490e9ba479a670b91dc4b2af88""}",
         1,         0,         0,    2.00,mwpf__bfd5b310e8eced2354db1dce9c9fad845aa941e3b26e0c6170d4068b017cfba0,315ebfc19e03e72c6148aeb55af9b476378911c97521531ba47e2c6cf8462c43,"{""circuit"":""surface_code:rotated_memory_x"",""cluster_node_limit"":50,""d"":13,""decoder"":""mwpf"",""decoder_type"":""SolverSerialJointSingleHair"",""p"":0.0065,""p_erase"":0.0,""r"":13,""run_id"":""d6e6b5f30d5c430c1d008316473642c9132dda56a771c87d942a1c6853aa6d9e""}",
        32,         0,         0,    1.06,mwpf__74b18df185b22796a559f32f488c1f95ef0d82d34c256906317561e4acce78ec,ff1f59d74e0a85a29f4995de86372e17ef6d73f50ef84112e0cd3a298e221696,"{""circuit"":""surface_code:rotated_memory_x"",""cluster_node_limit"":50,""d"":5,""decoder"":""mwpf"",""decoder_type"":""SolverSerialJointSingleHair"",""p"":0.009,""p_erase"":0.0,""r"":5,""run_id"":""c32281a89ec9fb6ef8731b931cbe729d04602aba0eeadfec21fc1875143cc8af""}",
         8,         0,         0,    1.10,mwpf__8548f0e17df6ec2da00e239d3cc0f77db49812682ea7479645b8b7bbf459e376,3982ff67ef7e56884cb20ebd1c912dd13305efd49de30c97ba1d1d3d4ede83f3,"{""circuit"":""surface_code:rotated_memory_x"",""cluster_node_limit"":50,""d"":11,""decoder"":""mwpf"",""decoder_type"":""SolverSerialJointSingleHair"",""p"":0.003,""p_erase"":0.0,""r"":11,""run_id"":""f8aa956a2e2076433f554631dc774e205799286246e2bbf1a0cefd6d6db83727""}",
         8,         0,         0,    1.17,mwpf__b86dfdc6edf5243fa953eba38df9eedffa26e17e861ff53898370ede6b3f4924,ed4377a6fc84ce98150c12b4f78cbf0f69f277dc7b34e1caecdce413a6651655,"{""circuit"":""surface_code:rotated_memory_x"",""cluster_node_limit"":50,""d"":9,""decoder"":""mwpf"",""decoder_type"":""SolverSerialJointSingleHair"",""p"":0.003,""p_erase"":0.0,""r"":9,""run_id"":""efe7c5548b07943d995a96c2060d6be39255a1f992a2a76f4714bdcbfad04986""}",
       512,        14,         0,   0.429,mwpf__aaa863e9a64627555b04b70db757b2526080350f57c3e44aa6971a8e395c5be7,4e04f8aa9db7314d71683d08e68e1c551e91b6148e3b3a9d2b78be567b73a4ed,"{""circuit"":""surface_code:rotated_memory_x"",""cluster_node_limit"":50,""d"":3,""decoder"":""mwpf"",""decoder_type"":""SolverSerialJointSingleHair"",""p"":0.01,""p_erase"":0.0,""r"":3,""run_id"":""5b6db69d825a9e1af451573dd00a4a7082d74a5e74fde81d397d7b0bcc5645b2""}",
      4096,        50,         0,    1.28,mwpf__be13af6e4aecc79fd8470069cbeba0b7402ccae8a2a39ca14aa05aab56e13157,a0053533921bc46fbfe14bb420d60339e3870782d8212090091825118b30ddec,"{""circuit"":""surface_code:rotated_memory_x"",""cluster_node_limit"":50,""d"":3,""decoder"":""mwpf"",""decoder_type"":""SolverSerialJointSingleHair"",""p"":0.006,""p_erase"":0.0,""r"":3,""run_id"":""dd60754122c9f7a810b0c1d8b1c92188ea52870232067546237f0fa25d610548""}",
         8,         0,         0,   0.213,mwpf__8548f0e17df6ec2da00e239d3cc0f77db49812682ea7479645b8b7bbf459e376,3982ff67ef7e56884cb20ebd1c912dd13305efd49de30c97ba1d1d3d4ede83f3,"{""circuit"":""surface_code:rotated_memory_x"",""cluster_node_limit"":50,""d"":11,""decoder"":""mwpf"",""decoder_type"":""SolverSerialJointSingleHair"",""p"":0.003,""p_erase"":0.0,""r"":11,""run_id"":""f8aa956a2e2076433f554631dc774e205799286246e2bbf1a0cefd6d6db83727""}",
         4,         0,         0,    1.15,mwpf__f72406d99baaa155e6537da23b921802aac7a0476bf592363ce60d85dc12f754,502cdaad1f5ad245d27f94b87cf52b63e8d9429b6075479c1cd1ab87feb4cda0,"{""circuit"":""surface_code:rotated_memory_x"",""cluster_node_limit"":50,""d"":13,""decoder"":""mwpf"",""decoder_type"":""SolverSerialJointSingleHair"",""p"":0.004,""p_erase"":0.0,""r"":13,""run_id"":""9c5f0f6384601a18598e9ec8096fd7d1f329b4fab58d65bfc72b05c12fd62fb2""}",
         4,         0,         0,   0.599,mwpf__e0a55262cf1f1a7a613b4765b0629e55d0b3fe9d54b863fbeff7519c53c8e351,34913737fb3f42b5d01e95eaa7e9bb6ec2ccceeb90dac3afed499a1716fb1a4c,"{""circuit"":""surface_code:rotated_memory_x"",""cluster_node_limit"":50,""d"":7,""decoder"":""mwpf"",""decoder_type"":""SolverSerialJointSingleHair"",""p"":0.01,""p_erase"":0.0,""r"":7,""run_id"":""85dc4b86326449a5e4d2267937782207589c000366e3fbe70d98bb3f9fb5a333""}",
         2,         0,         0,   0.652,mwpf__657887243b5868399920fa937a3887ed9e2ac0d9d98cadc2e1a651e3f504cda0,d4553ef01c242393c1aeaba835587e05af3c08f66bad464752b049a3be541a37,"{""circuit"":""surface_code:rotated_memory_x"",""cluster_node_limit"":50,""d"":11,""decoder"":""mwpf"",""decoder_type"":""SolverSerialJointSingleHair"",""p"":0.0065,""p_erase"":0.0,""r"":11,""run_id"":""8e1df1698035a74962cf4fbf46e34daf5b11fbeb2de0990648bf3b88ed7162d9""}",
         8,         0,         0,   0.495,mwpf__c6ba5eb607084c237766d2f1acb7719308a77ef713824e5c4b8d9fdd0cd4a1b6,f538726661a9ad85ba0d5eda8cd32b2cbddd0a923127051b03a5b9c672de5ae4,"{""circuit"":""surface_code:rotated_memory_x"",""cluster_node_limit"":50,""d"":7,""decoder"":""mwpf"",""decoder_type"":""SolverSerialJointSingleHair"",""p"":0.0075,""p_erase"":0.0,""r"":7,""run_id"":""746c0ed850e7a1c4899561c73e97af04ff040736013cde397145df4c660e1d2a""}",
      4096,        39,         0,    1.17,mwpf__f1c73b55d20502edeb1352a97286268c1728587a9a613ad3646eea7ce6f5b0e8,c945d4451adf51d3115cab618d9042a74af97ed090632e5d8ded54a9c2a8acaa,"{""circuit"":""surface_code:rotated_memory_x"",""cluster_node_limit"":50,""d"":3,""decoder"":""mwpf"",""decoder_type"":""SolverSerialJointSingleHair"",""p"":0.005,""p_erase"":0.0,""r"":3,""run_id"":""5101ac8ef9c97b83df4dd9d8fb12d7b219d036893929703eba32fffa9e647600""}",
         8,         0,         0,    3.03,mwpf__21df6b2b273042e1d2ed9f329f81aafabed1f5f52db8a49dfa00753827685509,88fba1d38adf9b5170f72959e8ad037789746d8b4d0c05adc7b86ff083a5f8ba,"{""circuit"":""surface_code:rotated_memory_x"",""cluster_node_limit"":50,""d"":13,""decoder"":""mwpf"",""decoder_type"":""SolverSerialJointSingleHair"",""p"":0.003,""p_erase"":0.0,""r"":13,""run_id"":""9c1c158be912dc2d5d59c6edb8c837f5c8480a5e1b0cd3bc21b958a6713a9a18""}",
        64,         0,         0,    2.28,mwpf__0d9aa11d665261a85b6152ce35c4d28399141c8834633741366e3ced28c5496e,9cb90efc03faa69e23b17dfc883ad5c9f049e23f8b4a263ea7026d53febd314f,"{""circuit"":""surface_code:rotated_memory_x"",""cluster_node_limit"":50,""d"":7,""decoder"":""mwpf"",""decoder_type"":""SolverSerialJointSingleHair"",""p"":0.004,""p_erase"":0.0,""r"":7,""run_id"":""bc63bb586674bf0943da17e714fe33cb9292304a00c52142dcc0aa98a48fe916""}",
      2048,        40,         0,   0.827,mwpf__03fa2c6e37aff7c81ae22b7dea7a504d3eb26ec3a7b349088c7bcea7a9871e0c,6267ba7f3c1c772896eebefc6d523adb68e82d38d020e307be1f733b70ad8bd3,"{""circuit"":""surface_code:rotated_memory_x"",""cluster_node_limit"":50,""d"":3,""decoder"":""mwpf"",""decoder_type"":""SolverSerialJointSingleHair"",""p"":0.007,""p_erase"":0.0,""r"":3,""run_id"":""135e03791629607bb61bf8b9b22bc12f2324f26b65e31e82f5c3cd97d24c99c9""}",
         4,         0,         0,   0.600,mwpf__8c35bf1fe40791e0cc86728b65286dceac7fa4a3150955de718fb71e20591ac0,1db55f393cb47cd7701b494aee001a18fd4a230d6df85129178e6c37931db9f3,"{""circuit"":""surface_code:rotated_memory_x"",""cluster_node_limit"":50,""d"":9,""decoder"":""mwpf"",""decoder_type"":""SolverSerialJointSingleHair"",""p"":0.005,""p_erase"":0.0,""r"":9,""run_id"":""6ff49e3994bd55cd42a49411e80b5ece5d8b1ccd21e8041d4b16720db3ebea01""}",
         8,         0,         0,    3.69,mwpf__1c17b6ee16c741b8697b91cd285aaee9a8e106198ab113a3b41e17f1b62daa89,3627112f92c7e85ea6801db379ff16386d627c78375e4cf85abab0e7352f9166,"{""circuit"":""surface_code:rotated_memory_x"",""cluster_node_limit"":50,""d"":9,""decoder"":""mwpf"",""decoder_type"":""SolverSerialJointSingleHair"",""p"":0.007,""p_erase"":0.0,""r"":9,""run_id"":""afd2d1bea34409055a74153634f35b6efd9ed9b105183e8591ec4772c9d800e4""}",
      9216,        45,         0,    1.57,mwpf__b0f6649b21db54ecbb8826cdfafa1ba0e2bf46532f7acaf5414024d498b451a0,529639a8efcc2d68bcd5753eb8355ddcaf6a93496022c9cf7dbfb051af66a68c,"{""circuit"":""surface_code:rotated_memory_x"",""cluster_node_limit"":50,""d"":3,""decoder"":""mwpf"",""decoder_type"":""SolverSerialJointSingleHair"",""p"":0.003,""p_erase"":0.0,""r"":3,""run_id"":""915e7fac76f0cb44d6aac79997be9e5a903d4aa353a8207f80b396814e1292cb""}",
        64,         0,         0,   0.965,mwpf__6d4510a60f3ab5a6af5bc8ff2f60857cc46b32094baeda08965a4d99c4f42aec,0cb3695c8696727a8873244b6e84d963d4eb9e0abd45b5a7328dfa907569f518,"{""circuit"":""surface_code:rotated_memory_x"",""cluster_node_limit"":50,""d"":5,""decoder"":""mwpf"",""decoder_type"":""SolverSerialJointSingleHair"",""p"":0.005,""p_erase"":0.0,""r"":5,""run_id"":""a9419091d73bd2c76a2c7e3604d34d847de2f4b02b85d0c3d0860c0754fc56d1""}",
       128,         0,         0,   0.735,mwpf__6dc40dd78a7537f759b93670cd0af0008adf279fbc2acda6010b04619b90078a,71b64adea95d26ec136e0f6d5c44173faab2351254ae92ff6c2fb79fe431c3f7,"{""circuit"":""surface_code:rotated_memory_x"",""cluster_node_limit"":50,""d"":5,""decoder"":""mwpf"",""decoder_type"":""SolverSerialJointSingleHair"",""p"":0.004,""p_erase"":0.0,""r"":5,""run_id"":""2c1d23bd89bcf5d6d623dffd52817527ab5ba820bb8c60558a749cc97b051f30""}",
        64,         2,         0,    1.33,mwpf__91ffc942ec0dda29e3cbefbf32236cf9a6f3fa7b23e4675ef61bf5a2d3aa5377,40546135e2bd9eb08f97c8c1c6115e8bc75406288d37472ee0445cd367e1721b,"{""circuit"":""surface_code:rotated_memory_x"",""cluster_node_limit"":50,""d"":5,""decoder"":""mwpf"",""decoder_type"":""SolverSerialJointSingleHair"",""p"":0.0075,""p_erase"":0.0,""r"":5,""run_id"":""5a57a6d0ff957d816c2c86860718eec6af832a23575ff55f991f4b130256fb39""}",
         8,         2,         0,   0.850,mwpf__3f1b64a9ac39918fdfc1d8685d2ae22620c080992f83b482a25d7b8f1adaea5a,0b2a8a048818ac11f66a73bdbd1d5dc5a971687b6a9c1ab5af8e2dcdd4f0c1bf,"{""circuit"":""surface_code:rotated_memory_x"",""cluster_node_limit"":50,""d"":5,""decoder"":""mwpf"",""decoder_type"":""SolverSerialJointSingleHair"",""p"":0.015,""p_erase"":0.0,""r"":5,""run_id"":""6fe96edac5c8fb2c1aed8ea14c67ceeb92423fdf3ce9e1c97fff0ce2aa5d5538""}",
      2048,        37,         0,   0.953,mwpf__682d5c8b1e761a1076b65dca539a2d15d82ad086708269570743d5b5c12e48ec,7ee21ac07e1d2d837dee1b9de812df8e43271af75c9d02b6bafea9ec15c9affa,"{""circuit"":""surface_code:rotated_memory_x"",""cluster_node_limit"":50,""d"":3,""decoder"":""mwpf"",""decoder_type"":""SolverSerialJointSingleHair"",""p"":0.0065,""p_erase"":0.0,""r"":3,""run_id"":""b8f63b3afee4afe98e7bbb30f20c4398dd3b9aec649fcfb3e47705c2a2c61b36""}",
         1,         0,         0,    1.21,mwpf__1e6eb1b7d5a2ec0e953a7cb244b33bc530e16f23c32db88007fc1c7b035f330b,4b7230cba9d61504918ac10d685a7d051d9b1c23b970118aff9533c10c21a028,"{""circuit"":""surface_code:rotated_memory_x"",""cluster_node_limit"":50,""d"":11,""decoder"":""mwpf"",""decoder_type"":""SolverSerialJointSingleHair"",""p"":0.0075,""p_erase"":0.0,""r"":11,""run_id"":""d141b2a8478788124b5b1cb4085ff0997ab6fd837791f95217839732d3f5a11a""}",
         8,         0,         0,   0.280,mwpf__c6ba5eb607084c237766d2f1acb7719308a77ef713824e5c4b8d9fdd0cd4a1b6,f538726661a9ad85ba0d5eda8cd32b2cbddd0a923127051b03a5b9c672de5ae4,"{""circuit"":""surface_code:rotated_memory_x"",""cluster_node_limit"":50,""d"":7,""decoder"":""mwpf"",""decoder_type"":""SolverSerialJointSingleHair"",""p"":0.0075,""p_erase"":0.0,""r"":7,""run_id"":""746c0ed850e7a1c4899561c73e97af04ff040736013cde397145df4c660e1d2a""}",
       768,        55,         0,    1.67,mwpf__b0b7dc35549e4684aaf56d7f39208097266fbb01b99fc634aa5cc65cb30d3fd9,28ac44c8c5b47a07887bdc431a672e9f8611047ab24d905f93db9d3c36d03445,"{""circuit"":""surface_code:rotated_memory_x"",""cluster_node_limit"":50,""d"":3,""decoder"":""mwpf"",""decoder_type"":""SolverSerialJointSingleHair"",""p"":0.015,""p_erase"":0.0,""r"":3,""run_id"":""b44761db4df8b64c8917c437ae7fe1c452a55149c1dc7a5ca0f619d5bff0315c""}",
       256,         0,         0,    1.65,mwpf__1c59223be739329e89f3e2f13123f7a8f4b0534135cf1e86feb02275412b9cb4,0634ed5aa73fe8e8c1c641cba85bef34b7d4eda6b029d2ee4500c76f6a3e6dd0,"{""circuit"":""surface_code:rotated_memory_x"",""cluster_node_limit"":50,""d"":5,""decoder"":""mwpf"",""decoder_type"":""SolverSerialJointSingleHair"",""p"":0.003,""p_erase"":0.0,""r"":5,""run_id"":""15e3edac26702bd06daa1bb3e90bddb5f87b2bb2b182b8fed1b9f8d68845e848""}",
         4,         0,         0,   0.212,mwpf__8c35bf1fe40791e0cc86728b65286dceac7fa4a3150955de718fb71e20591ac0,1db55f393cb47cd7701b494aee001a18fd4a230d6df85129178e6c37931db9f3,"{""circuit"":""surface_code:rotated_memory_x"",""cluster_node_limit"":50,""d"":9,""decoder"":""mwpf"",""decoder_type"":""SolverSerialJointSingleHair"",""p"":0.005,""p_erase"":0.0,""r"":9,""run_id"":""6ff49e3994bd55cd42a49411e80b5ece5d8b1ccd21e8041d4b16720db3ebea01""}",
         1,         0,         0,    2.99,mwpf__4f2003d1a89cbab61d79e87a09a2976b8dd26d83c596509b48a165ee5488bbeb,175546001eaf15e5eec910e644a4e44db259318c59115eb89bfe0c8686f47616,"{""circuit"":""surface_code:rotated_memory_x"",""cluster_node_limit"":50,""d"":13,""decoder"":""mwpf"",""decoder_type"":""SolverSerialJointSingleHair"",""p"":0.006,""p_erase"":0.0,""r"":13,""run_id"":""62be0f9566ae226642dba313ffd2ee6fb56abf4ecd764eb123ecb3879eba54f4""}",
         2,         0,         0,   0.380,mwpf__657887243b5868399920fa937a3887ed9e2ac0d9d98cadc2e1a651e3f504cda0,d4553ef01c242393c1aeaba835587e05af3c08f66bad464752b049a3be541a37,"{""circuit"":""surface_code:rotated_memory_x"",""cluster_node_limit"":50,""d"":11,""decoder"":""mwpf"",""decoder_type"":""SolverSerialJointSingleHair"",""p"":0.0065,""p_erase"":0.0,""r"":11,""run_id"":""8e1df1698035a74962cf4fbf46e34daf5b11fbeb2de0990648bf3b88ed7162d9""}",
      1024,        21,         0,   0.949,mwpf__4e1601b0668063eadc05111c07696cccf168dd50474bd608d301815d45c9a786,d19a124337761452ca3104e53f7e971c7bb837f006c26f70a68a8f67e770bb67,"{""circuit"":""surface_code:rotated_memory_x"",""cluster_node_limit"":50,""d"":3,""decoder"":""mwpf"",""decoder_type"":""SolverSerialJointSingleHair"",""p"":0.0075,""p_erase"":0.0,""r"":3,""run_id"":""4bc734d2ac70cf62b78df146e81bdcf5df30d786b05a2eea177a13d890e64669""}",
      1024,        17,         0,   0.886,mwpf__43962ba459d86cd819b8558032ffa6472ba0555135068fb74009d94b7bad5532,1b4e499b3b262af26ba14e01aa169e3a7f2d864a488b68fa6fba53177a53ffcc,"{""circuit"":""surface_code:rotated_memory_x"",""cluster_node_limit"":50,""d"":3,""decoder"":""mwpf"",""decoder_type"":""SolverSerialJointSingleHair"",""p"":0.008,""p_erase"":0.0,""r"":3,""run_id"":""842b8d9622dd95e081373b13334f0c4c970c25ea256e90e9985b8d1bb6968aef""}",
         4,         0,         0,    2.99,mwpf__6099ca9ba0e75d433e29cf0e99deb8fecdb2af5c2add85a0679af0a6cbc31454,059af26b3446a53a53fb02480a7d49eb29e7b3510b62d2455b645061774c7dd8,"{""circuit"":""surface_code:rotated_memory_x"",""cluster_node_limit"":50,""d"":9,""decoder"":""mwpf"",""decoder_type"":""SolverSerialJointSingleHair"",""p"":0.008,""p_erase"":0.0,""r"":9,""run_id"":""8dfac8c52a2bdb8ad1978822189831360902afd0bc2eb7a9333f1f5088b13a03""}",
        16,         0,         0,    2.16,mwpf__7b751ba9c29dec22792ae2997abbcfb30aeccd30f12272dee86da02f98924346,ef36a2d62e6f27449c8c54ebc380941555cc4126bf8269beb48c5d4285c2c832,"{""circuit"":""surface_code:rotated_memory_x"",""cluster_node_limit"":50,""d"":7,""decoder"":""mwpf"",""decoder_type"":""SolverSerialJointSingleHair"",""p"":0.0065,""p_erase"":0.0,""r"":7,""run_id"":""2dbf0f369a61ab19037b084768e1601bc2d15a711cdebadba5827ddd88dd2495""}",
        64,         0,         0,    2.14,mwpf__b1e65b016886068417e23bc8e6fc3b5255b88b9358acef6c4d90bf957e517d18,31b39447a5c78d0b15a05b2c95790aeec81d5a48fd188b4f6a69524fe0d6720c,"{""circuit"":""surface_code:rotated_memory_x"",""cluster_node_limit"":50,""d"":7,""decoder"":""mwpf"",""decoder_type"":""SolverSerialJointSingleHair"",""p"":0.003,""p_erase"":0.0,""r"":7,""run_id"":""3e7768a46571fd1de5957ad6fb50ce7c500c937939ee9035abc77e8f3db0e162""}",
         8,         0,         0,    1.39,mwpf__71869c18a9a089d40b18edd25a7ba89978fac639dfba4267cf7ec0f8c602c1b8,a01cc1b908db7b76624bbdaed185a25417056dfe423183481572b126d2518af4,"{""circuit"":""surface_code:rotated_memory_x"",""cluster_node_limit"":50,""d"":7,""decoder"":""mwpf"",""decoder_type"":""SolverSerialJointSingleHair"",""p"":0.009,""p_erase"":0.0,""r"":7,""run_id"":""4b2052dd33b88244b8dc64e1aa696c4f0cef9c363b27e7d2cd9a4ccb51da3596""}",
         2,         0,         0,    6.40,mwpf__4d095e94564aaf70b358e5d5ebb14c977585d24f71ee066d73c8d28da9e509d1,f558194f437a2b7eb02e26a0c3c685b29032de063b739c7351099f552cd87aa6,"{""circuit"":""surface_code:rotated_memory_x"",""cluster_node_limit"":50,""d"":9,""decoder"":""mwpf"",""decoder_type"":""SolverSerialJointSingleHair"",""p"":0.01,""p_erase"":0.0,""r"":9,""run_id"":""07c0f409e8370b67d9c8c55c2486281381c0937533be35a12e0610e26f05aded""}",
        64,         1,         0,   0.404,mwpf__6d4510a60f3ab5a6af5bc8ff2f60857cc46b32094baeda08965a4d99c4f42aec,0cb3695c8696727a8873244b6e84d963d4eb9e0abd45b5a7328dfa907569f518,"{""circuit"":""surface_code:rotated_memory_x"",""cluster_node_limit"":50,""d"":5,""decoder"":""mwpf"",""decoder_type"":""SolverSerialJointSingleHair"",""p"":0.005,""p_erase"":0.0,""r"":5,""run_id"":""a9419091d73bd2c76a2c7e3604d34d847de2f4b02b85d0c3d0860c0754fc56d1""}",
        64,         2,         0,    2.83,mwpf__951eb3349e78cec2a155134d7fb171e1ad03d800a86442f3c4b76397f4c7fd4d,cde164a21cdab97d63839b3f64b1c2e5cf62ef5d8be22509c82bac34fbb3e2b2,"{""circuit"":""surface_code:rotated_memory_x"",""cluster_node_limit"":50,""d"":5,""decoder"":""mwpf"",""decoder_type"":""SolverSerialJointSingleHair"",""p"":0.007,""p_erase"":0.0,""r"":5,""run_id"":""fc11e6013551ff75fa4759b0fc71e28cb776c1e995679ad07f9247f45c9ad106""}",
       256,         6,         0,    7.25,mwpf__9d3e7a869e7911d9ce122143a3492c036ddd4432f11bd090435ee7772beb17ae,6d5c7f274b75ae537824437920d4a7ca50ed98e1dfa880fcbb9eccb2e87a1048,"{""circuit"":""surface_code:rotated_memory_x"",""cluster_node_limit"":50,""d"":5,""decoder"":""mwpf"",""decoder_type"":""SolverSerialJointSingleHair"",""p"":0.006,""p_erase"":0.0,""r"":5,""run_id"":""136e458ea1bb00db5031dfe54473bc21d7f67216ffcf15b01c0f763ac55c92f3""}",
      1024,        29,         0,    1.01,mwpf__d56b027df54bbcee1a569d4b790c31989f5693ab552e6ad7d4b399bc8a5b7ae2,f0a51108deaa2e813a85a0daf8998382d985f25173b21c56aa0f0dddcd7c45dc,"{""circuit"":""surface_code:rotated_memory_x"",""cluster_node_limit"":50,""d"":3,""decoder"":""mwpf"",""decoder_type"":""SolverSerialJointSingleHair"",""p"":0.009,""p_erase"":0.0,""r"":3,""run_id"":""f3773bbf3001f7044304ac6a12d9ddb4d020a1b2b51ce7b475f4f14944f915f3""}",
        32,         1,         0,   0.947,mwpf__74b18df185b22796a559f32f488c1f95ef0d82d34c256906317561e4acce78ec,ff1f59d74e0a85a29f4995de86372e17ef6d73f50ef84112e0cd3a298e221696,"{""circuit"":""surface_code:rotated_memory_x"",""cluster_node_limit"":50,""d"":5,""decoder"":""mwpf"",""decoder_type"":""SolverSerialJointSingleHair"",""p"":0.009,""p_erase"":0.0,""r"":5,""run_id"":""c32281a89ec9fb6ef8731b931cbe729d04602aba0eeadfec21fc1875143cc8af""}",
        32,         1,         0,    1.64,mwpf__d6e273bec9b587e85ba4f19af1099d5769edba9e40437c8089c08ed25bd72758,5388f8eb2e6e41b439260433c3419bdbf5f8b4bd5b8e2a2c70a24a791cee3145,"{""circuit"":""surface_code:rotated_memory_x"",""cluster_node_limit"":50,""d"":5,""decoder"":""mwpf"",""decoder_type"":""SolverSerialJointSingleHair"",""p"":0.008,""p_erase"":0.0,""r"":5,""run_id"":""bfa3c7cba13850dd37e54bb29bb945687e3fe04272a3151e2ac8acb7416976e7""}",
         4,         0,         0,    1.06,mwpf__ef4bd14b406ebb94921d73b05e28e9be274fd0180168db54ebfe9ad4abb5c3dd,813034dd365f90862ad3456e088d05537a5961eea78ad69b71aff0330e723902,"{""circuit"":""surface_code:rotated_memory_x"",""cluster_node_limit"":50,""d"":9,""decoder"":""mwpf"",""decoder_type"":""SolverSerialJointSingleHair"",""p"":0.0075,""p_erase"":0.0,""r"":9,""run_id"":""d43e2110d6096cb21b3dc2507099ab1df8f05023ab41bfbd088fbc12277e6cad""}",
        64,         1,         0,    1.42,mwpf__8b7aba4b42c55eac316a2911da8b71ada3c5c95714024fe9cb878eda2ed964eb,19dae4f12454abdb37e7a82e67feb6734eaa8650e81bd5af32a541e6d88fd6f1,"{""circuit"":""surface_code:rotated_memory_x"",""cluster_node_limit"":50,""d"":5,""decoder"":""mwpf"",""decoder_type"":""SolverSerialJointSingleHair"",""p"":0.0065,""p_erase"":0.0,""r"":5,""run_id"":""14c277d1360d884007b225112d7b983b9f2c5fc158d2870f656c6b2929b311b6""}",
         1,         0,         0,   0.399,mwpf__4f2003d1a89cbab61d79e87a09a2976b8dd26d83c596509b48a165ee5488bbeb,175546001eaf15e5eec910e644a4e44db259318c59115eb89bfe0c8686f47616,"{""circuit"":""surface_code:rotated_memory_x"",""cluster_node_limit"":50,""d"":13,""decoder"":""mwpf"",""decoder_type"":""SolverSerialJointSingleHair"",""p"":0.006,""p_erase"":0.0,""r"":13,""run_id"":""62be0f9566ae226642dba313ffd2ee6fb56abf4ecd764eb123ecb3879eba54f4""}",
        16,         0,         0,    1.19,mwpf__761f3371de99df9efabba094f174e439214687dced9cc3cd6fcfd4925ef05ead,5373d5de17f66a3eb06d839f452c3912e4e626c22ca55edf6a2d0424cc80f5ce,"{""circuit"":""surface_code:rotated_memory_x"",""cluster_node_limit"":50,""d"":7,""decoder"":""mwpf"",""decoder_type"":""SolverSerialJointSingleHair"",""p"":0.007,""p_erase"":0.0,""r"":7,""run_id"":""cc23d39f806d6b050b42fdf6523d37ff1ded4115cd9804c1b1173f160297dfb9""}",
        16,         0,         0,    1.15,mwpf__0480aaa502c889192677deb2a1f79b047530feca1cf6dfaaff42d6ad35de660c,2428a4412b21fcaa2436e1c2e9c61819ecb01828206a188ce051a39d99979d3f,"{""circuit"":""surface_code:rotated_memory_x"",""cluster_node_limit"":50,""d"":7,""decoder"":""mwpf"",""decoder_type"":""SolverSerialJointSingleHair"",""p"":0.008,""p_erase"":0.0,""r"":7,""run_id"":""b0127341a48953a855ea3549247068ee7050e7461912fad56a38b1d8708ded61""}",
         4,         0,         0,    2.16,mwpf__816dbb216f33548bde82700373ed8762c4588f7e736c0d6ce8bbd83718eb9bc4,4a103945d4b3e03fb447b3f991894618fed8c7625561e2ed8d29b4caf27b2618,"{""circuit"":""surface_code:rotated_memory_x"",""cluster_node_limit"":50,""d"":11,""decoder"":""mwpf"",""decoder_type"":""SolverSerialJointSingleHair"",""p"":0.004,""p_erase"":0.0,""r"":11,""run_id"":""3083dc33435eff96398d9127ce3d8e2c144ff987bf7bc12ab2896614c67e19b0""}",
         1,         0,         0,   0.238,mwpf__4d095e94564aaf70b358e5d5ebb14c977585d24f71ee066d73c8d28da9e509d1,f558194f437a2b7eb02e26a0c3c685b29032de063b739c7351099f552cd87aa6,"{""circuit"":""surface_code:rotated_memory_x"",""cluster_node_limit"":50,""d"":9,""decoder"":""mwpf"",""decoder_type"":""SolverSerialJointSingleHair"",""p"":0.01,""p_erase"":0.0,""r"":9,""run_id"":""07c0f409e8370b67d9c8c55c2486281381c0937533be35a12e0610e26f05aded""}",
       256,        12,         0,   0.529,mwpf__b0b7dc35549e4684aaf56d7f39208097266fbb01b99fc634aa5cc65cb30d3fd9,28ac44c8c5b47a07887bdc431a672e9f8611047ab24d905f93db9d3c36d03445,"{""circuit"":""surface_code:rotated_memory_x"",""cluster_node_limit"":50,""d"":3,""decoder"":""mwpf"",""decoder_type"":""SolverSerialJointSingleHair"",""p"":0.015,""p_erase"":0.0,""r"":3,""run_id"":""b44761db4df8b64c8917c437ae7fe1c452a55149c1dc7a5ca0f619d5bff0315c""}",
         8,         2,         0,   0.556,mwpf__3f1b64a9ac39918fdfc1d8685d2ae22620c080992f83b482a25d7b8f1adaea5a,0b2a8a048818ac11f66a73bdbd1d5dc5a971687b6a9c1ab5af8e2dcdd4f0c1bf,"{""circuit"":""surface_code:rotated_memory_x"",""cluster_node_limit"":50,""d"":5,""decoder"":""mwpf"",""decoder_type"":""SolverSerialJointSingleHair"",""p"":0.015,""p_erase"":0.0,""r"":5,""run_id"":""6fe96edac5c8fb2c1aed8ea14c67ceeb92423fdf3ce9e1c97fff0ce2aa5d5538""}",
         2,         0,         0,   0.425,mwpf__6099ca9ba0e75d433e29cf0e99deb8fecdb2af5c2add85a0679af0a6cbc31454,059af26b3446a53a53fb02480a7d49eb29e7b3510b62d2455b645061774c7dd8,"{""circuit"":""surface_code:rotated_memory_x"",""cluster_node_limit"":50,""d"":9,""decoder"":""mwpf"",""decoder_type"":""SolverSerialJointSingleHair"",""p"":0.008,""p_erase"":0.0,""r"":9,""run_id"":""8dfac8c52a2bdb8ad1978822189831360902afd0bc2eb7a9333f1f5088b13a03""}",
      1024,        33,         0,    1.02,mwpf__aaa863e9a64627555b04b70db757b2526080350f57c3e44aa6971a8e395c5be7,4e04f8aa9db7314d71683d08e68e1c551e91b6148e3b3a9d2b78be567b73a4ed,"{""circuit"":""surface_code:rotated_memory_x"",""cluster_node_limit"":50,""d"":3,""decoder"":""mwpf"",""decoder_type"":""SolverSerialJointSingleHair"",""p"":0.01,""p_erase"":0.0,""r"":3,""run_id"":""5b6db69d825a9e1af451573dd00a4a7082d74a5e74fde81d397d7b0bcc5645b2""}",
         2,         0,         0,    1.33,mwpf__7a95b4e0e46b327d000e116a0c1b8752a5233749e2ab488204b0555276cc7d20,3739a29a1a4cc537bb158528d425c3e0bc4b8143c997f57751cec9d6df3b5373,"{""circuit"":""surface_code:rotated_memory_x"",""cluster_node_limit"":50,""d"":11,""decoder"":""mwpf"",""decoder_type"":""SolverSerialJointSingleHair"",""p"":0.006,""p_erase"":0.0,""r"":11,""run_id"":""8004ec240d1464395bfc8a126a835b432e446c1a1cef8253e8138d42920ca974""}",
         4,         0,         0,   0.342,mwpf__71869c18a9a089d40b18edd25a7ba89978fac639dfba4267cf7ec0f8c602c1b8,a01cc1b908db7b76624bbdaed185a25417056dfe423183481572b126d2518af4,"{""circuit"":""surface_code:rotated_memory_x"",""cluster_node_limit"":50,""d"":7,""decoder"":""mwpf"",""decoder_type"":""SolverSerialJointSingleHair"",""p"":0.009,""p_erase"":0.0,""r"":7,""run_id"":""4b2052dd33b88244b8dc64e1aa696c4f0cef9c363b27e7d2cd9a4ccb51da3596""}",
         4,         0,         0,    1.25,mwpf__5690b4a8bc9c88c24efb060e4e655ea926b0a3cafb8eccb6b16e13bcfa6f8f57,2319881ca4af7e340fa0dc5e54cc6bc5ff4176d44f6e7028a967f989b1262cd0,"{""circuit"":""surface_code:rotated_memory_x"",""cluster_node_limit"":50,""d"":9,""decoder"":""mwpf"",""decoder_type"":""SolverSerialJointSingleHair"",""p"":0.0065,""p_erase"":0.0,""r"":9,""run_id"":""bcb66dbf1963af5450bb3b51e6950f2b7fc1b6490e9ba479a670b91dc4b2af88""}",
         9,         3,         0,    2.51,mwpf__0e7c94a776c9d36b18431c37b59c5d54ed615181b4983b9359c243e9f764dfb4,18ed3080fc8dd3e2ad1b8ac4ffd96f6ee6464a3ae086c1352c800cbc7cd6c4b7,"{""circuit"":""surface_code:rotated_memory_x"",""cluster_node_limit"":50,""d"":7,""decoder"":""mwpf"",""decoder_type"":""SolverSerialJointSingleHair"",""p"":0.015,""p_erase"":0.0,""r"":7,""run_id"":""acdc3549d7b3f20ef13fd9539e517d8487bc2b0a145673bebaddb7b3e0579f70""}",
         2,         0,         0,   0.578,mwpf__657887243b5868399920fa937a3887ed9e2ac0d9d98cadc2e1a651e3f504cda0,d4553ef01c242393c1aeaba835587e05af3c08f66bad464752b049a3be541a37,"{""circuit"":""surface_code:rotated_memory_x"",""cluster_node_limit"":50,""d"":11,""decoder"":""mwpf"",""decoder_type"":""SolverSerialJointSingleHair"",""p"":0.0065,""p_erase"":0.0,""r"":11,""run_id"":""8e1df1698035a74962cf4fbf46e34daf5b11fbeb2de0990648bf3b88ed7162d9""}",
         1,         0,         0,   0.076,mwpf__7a95b4e0e46b327d000e116a0c1b8752a5233749e2ab488204b0555276cc7d20,3739a29a1a4cc537bb158528d425c3e0bc4b8143c997f57751cec9d6df3b5373,"{""circuit"":""surface_code:rotated_memory_x"",""cluster_node_limit"":50,""d"":11,""decoder"":""mwpf"",""decoder_type"":""SolverSerialJointSingleHair"",""p"":0.006,""p_erase"":0.0,""r"":11,""run_id"":""8004ec240d1464395bfc8a126a835b432e446c1a1cef8253e8138d42920ca974""}",
      2048,        35,         0,   0.879,mwpf__03fa2c6e37aff7c81ae22b7dea7a504d3eb26ec3a7b349088c7bcea7a9871e0c,6267ba7f3c1c772896eebefc6d523adb68e82d38d020e307be1f733b70ad8bd3,"{""circuit"":""surface_code:rotated_memory_x"",""cluster_node_limit"":50,""d"":3,""decoder"":""mwpf"",""decoder_type"":""SolverSerialJointSingleHair"",""p"":0.007,""p_erase"":0.0,""r"":3,""run_id"":""135e03791629607bb61bf8b9b22bc12f2324f26b65e31e82f5c3cd97d24c99c9""}",
      1024,        23,         0,   0.599,mwpf__4e1601b0668063eadc05111c07696cccf168dd50474bd608d301815d45c9a786,d19a124337761452ca3104e53f7e971c7bb837f006c26f70a68a8f67e770bb67,"{""circuit"":""surface_code:rotated_memory_x"",""cluster_node_limit"":50,""d"":3,""decoder"":""mwpf"",""decoder_type"":""SolverSerialJointSingleHair"",""p"":0.0075,""p_erase"":0.0,""r"":3,""run_id"":""4bc734d2ac70cf62b78df146e81bdcf5df30d786b05a2eea177a13d890e64669""}",
      1024,        20,         0,   0.638,mwpf__43962ba459d86cd819b8558032ffa6472ba0555135068fb74009d94b7bad5532,1b4e499b3b262af26ba14e01aa169e3a7f2d864a488b68fa6fba53177a53ffcc,"{""circuit"":""surface_code:rotated_memory_x"",""cluster_node_limit"":50,""d"":3,""decoder"":""mwpf"",""decoder_type"":""SolverSerialJointSingleHair"",""p"":0.008,""p_erase"":0.0,""r"":3,""run_id"":""842b8d9622dd95e081373b13334f0c4c970c25ea256e90e9985b8d1bb6968aef""}",
        32,         0,         0,   0.582,mwpf__b1e65b016886068417e23bc8e6fc3b5255b88b9358acef6c4d90bf957e517d18,31b39447a5c78d0b15a05b2c95790aeec81d5a48fd188b4f6a69524fe0d6720c,"{""circuit"":""surface_code:rotated_memory_x"",""cluster_node_limit"":50,""d"":7,""decoder"":""mwpf"",""decoder_type"":""SolverSerialJointSingleHair"",""p"":0.003,""p_erase"":0.0,""r"":7,""run_id"":""3e7768a46571fd1de5957ad6fb50ce7c500c937939ee9035abc77e8f3db0e162""}",
         8,         0,         0,   0.595,mwpf__7b751ba9c29dec22792ae2997abbcfb30aeccd30f12272dee86da02f98924346,ef36a2d62e6f27449c8c54ebc380941555cc4126bf8269beb48c5d4285c2c832,"{""circuit"":""surface_code:rotated_memory_x"",""cluster_node_limit"":50,""d"":7,""decoder"":""mwpf"",""decoder_type"":""SolverSerialJointSingleHair"",""p"":0.0065,""p_erase"":0.0,""r"":7,""run_id"":""2dbf0f369a61ab19037b084768e1601bc2d15a711cdebadba5827ddd88dd2495""}",
         2,         0,         0,    1.55,mwpf__635e40dda6d3e96020ea75ae193e9dd537bd1e25622b042e0e59c0187110d1be,06dc2e6bd74ae874fe58d9f164c4486dc719c5118f922909b0e948fb9b7a211e,"{""circuit"":""surface_code:rotated_memory_x"",""cluster_node_limit"":50,""d"":13,""decoder"":""mwpf"",""decoder_type"":""SolverSerialJointSingleHair"",""p"":0.005,""p_erase"":0.0,""r"":13,""run_id"":""1dd32fbecda77a042c5f41d375ae2b79efd66b7adfe572570e9f313567b2202a""}",
      6144,        24,         0,    1.63,mwpf__dced78135bd52c04bba10b515d4a91692dee24b8a04d4984c307073656943ffb,72b113c0355b3f34501fe2d9bc415951079307c7c15cd05285136221a1fc4dc0,"{""circuit"":""surface_code:rotated_memory_x"",""cluster_node_limit"":50,""d"":3,""decoder"":""mwpf"",""decoder_type"":""SolverSerialJointSingleHair"",""p"":0.004,""p_erase"":0.0,""r"":3,""run_id"":""90efa888ab0be85c6dc82d20d594fb219f455db906f7e8f7ad923a214270e30c""}",
       128,         0,         0,   0.931,mwpf__6dc40dd78a7537f759b93670cd0af0008adf279fbc2acda6010b04619b90078a,71b64adea95d26ec136e0f6d5c44173faab2351254ae92ff6c2fb79fe431c3f7,"{""circuit"":""surface_code:rotated_memory_x"",""cluster_node_limit"":50,""d"":5,""decoder"":""mwpf"",""decoder_type"":""SolverSerialJointSingleHair"",""p"":0.004,""p_erase"":0.0,""r"":5,""run_id"":""2c1d23bd89bcf5d6d623dffd52817527ab5ba820bb8c60558a749cc97b051f30""}",
        32,         0,         0,    1.10,mwpf__0d9aa11d665261a85b6152ce35c4d28399141c8834633741366e3ced28c5496e,9cb90efc03faa69e23b17dfc883ad5c9f049e23f8b4a263ea7026d53febd314f,"{""circuit"":""surface_code:rotated_memory_x"",""cluster_node_limit"":50,""d"":7,""decoder"":""mwpf"",""decoder_type"":""SolverSerialJointSingleHair"",""p"":0.004,""p_erase"":0.0,""r"":7,""run_id"":""bc63bb586674bf0943da17e714fe33cb9292304a00c52142dcc0aa98a48fe916""}",
        32,         0,         0,    3.86,mwpf__51e8ee19cf0aaa70da53967b6319671a0062ce98a2bc87274e8dc28f0b80d783,80a8d8d8845ce59d024eed62a7aec2b46f82d021196b4658f49128b3cea863e2,"{""circuit"":""surface_code:rotated_memory_x"",""cluster_node_limit"":50,""d"":7,""decoder"":""mwpf"",""decoder_type"":""SolverSerialJointSingleHair"",""p"":0.005,""p_erase"":0.0,""r"":7,""run_id"":""3ff977703ebf3f566a41dac215e2bc8e682579cf7cec84db2f03627fcfabbad2""}",
        32,         0,         0,   0.160,mwpf__b1e65b016886068417e23bc8e6fc3b5255b88b9358acef6c4d90bf957e517d18,31b39447a5c78d0b15a05b2c95790aeec81d5a48fd188b4f6a69524fe0d6720c,"{""circuit"":""surface_code:rotated_memory_x"",""cluster_node_limit"":50,""d"":7,""decoder"":""mwpf"",""decoder_type"":""SolverSerialJointSingleHair"",""p"":0.003,""p_erase"":0.0,""r"":7,""run_id"":""3e7768a46571fd1de5957ad6fb50ce7c500c937939ee9035abc77e8f3db0e162""}",
         4,         0,         0,   0.339,mwpf__71869c18a9a089d40b18edd25a7ba89978fac639dfba4267cf7ec0f8c602c1b8,a01cc1b908db7b76624bbdaed185a25417056dfe423183481572b126d2518af4,"{""circuit"":""surface_code:rotated_memory_x"",""cluster_node_limit"":50,""d"":7,""decoder"":""mwpf"",""decoder_type"":""SolverSerialJointSingleHair"",""p"":0.009,""p_erase"":0.0,""r"":7,""run_id"":""4b2052dd33b88244b8dc64e1aa696c4f0cef9c363b27e7d2cd9a4ccb51da3596""}",
         4,         0,         0,    1.12,mwpf__1c17b6ee16c741b8697b91cd285aaee9a8e106198ab113a3b41e17f1b62daa89,3627112f92c7e85ea6801db379ff16386d627c78375e4cf85abab0e7352f9166,"{""circuit"":""surface_code:rotated_memory_x"",""cluster_node_limit"":50,""d"":9,""decoder"":""mwpf"",""decoder_type"":""SolverSerialJointSingleHair"",""p"":0.007,""p_erase"":0.0,""r"":9,""run_id"":""afd2d1bea34409055a74153634f35b6efd9ed9b105183e8591ec4772c9d800e4""}",
        16,         0,         0,   0.975,mwpf__c6ba5eb607084c237766d2f1acb7719308a77ef713824e5c4b8d9fdd0cd4a1b6,f538726661a9ad85ba0d5eda8cd32b2cbddd0a923127051b03a5b9c672de5ae4,"{""circuit"":""surface_code:rotated_memory_x"",""cluster_node_limit"":50,""d"":7,""decoder"":""mwpf"",""decoder_type"":""SolverSerialJointSingleHair"",""p"":0.0075,""p_erase"":0.0,""r"":7,""run_id"":""746c0ed850e7a1c4899561c73e97af04ff040736013cde397145df4c660e1d2a""}",
        16,         0,         0,    4.50,mwpf__df232194f367aabe935bb4165a6f2a18934748069bb45308bdea72b5aa54cc52,91cc3f9bee6eacdc4ac1e2e6b8df0d38ece142e9760fded5c2a9edaa44f54857,"{""circuit"":""surface_code:rotated_memory_x"",""cluster_node_limit"":50,""d"":9,""decoder"":""mwpf"",""decoder_type"":""SolverSerialJointSingleHair"",""p"":0.004,""p_erase"":0.0,""r"":9,""run_id"":""4464f5804de6cb9a9718f832f08fe8f67d7fac0287acd1b900c7694bfd7b4af5""}",
        32,         1,         0,    2.25,mwpf__e31bcda4313c15612f870938a65840ff53c2398150f9cb961189e5e84b026776,2367d5faa513e3a6decb45c2bdd8779be42812fdc67d351c372070210ef9e7dd,"{""circuit"":""surface_code:rotated_memory_x"",""cluster_node_limit"":50,""d"":7,""decoder"":""mwpf"",""decoder_type"":""SolverSerialJointSingleHair"",""p"":0.006,""p_erase"":0.0,""r"":7,""run_id"":""c569d24a00e94715f929354bdbd1860f950e40c56d976da161032d1bf73e9e9d""}",
         1,         0,         0,   0.265,mwpf__635e40dda6d3e96020ea75ae193e9dd537bd1e25622b042e0e59c0187110d1be,06dc2e6bd74ae874fe58d9f164c4486dc719c5118f922909b0e948fb9b7a211e,"{""circuit"":""surface_code:rotated_memory_x"",""cluster_node_limit"":50,""d"":13,""decoder"":""mwpf"",""decoder_type"":""SolverSerialJointSingleHair"",""p"":0.005,""p_erase"":0.0,""r"":13,""run_id"":""1dd32fbecda77a042c5f41d375ae2b79efd66b7adfe572570e9f313567b2202a""}",
      1024,        19,         0,   0.767,mwpf__d56b027df54bbcee1a569d4b790c31989f5693ab552e6ad7d4b399bc8a5b7ae2,f0a51108deaa2e813a85a0daf8998382d985f25173b21c56aa0f0dddcd7c45dc,"{""circuit"":""surface_code:rotated_memory_x"",""cluster_node_limit"":50,""d"":3,""decoder"":""mwpf"",""decoder_type"":""SolverSerialJointSingleHair"",""p"":0.009,""p_erase"":0.0,""r"":3,""run_id"":""f3773bbf3001f7044304ac6a12d9ddb4d020a1b2b51ce7b475f4f14944f915f3""}",
        64,         1,         0,   0.797,mwpf__6d4510a60f3ab5a6af5bc8ff2f60857cc46b32094baeda08965a4d99c4f42aec,0cb3695c8696727a8873244b6e84d963d4eb9e0abd45b5a7328dfa907569f518,"{""circuit"":""surface_code:rotated_memory_x"",""cluster_node_limit"":50,""d"":5,""decoder"":""mwpf"",""decoder_type"":""SolverSerialJointSingleHair"",""p"":0.005,""p_erase"":0.0,""r"":5,""run_id"":""a9419091d73bd2c76a2c7e3604d34d847de2f4b02b85d0c3d0860c0754fc56d1""}",
         8,         0,         0,    1.10,mwpf__8c35bf1fe40791e0cc86728b65286dceac7fa4a3150955de718fb71e20591ac0,1db55f393cb47cd7701b494aee001a18fd4a230d6df85129178e6c37931db9f3,"{""circuit"":""surface_code:rotated_memory_x"",""cluster_node_limit"":50,""d"":9,""decoder"":""mwpf"",""decoder_type"":""SolverSerialJointSingleHair"",""p"":0.005,""p_erase"":0.0,""r"":9,""run_id"":""6ff49e3994bd55cd42a49411e80b5ece5d8b1ccd21e8041d4b16720db3ebea01""}",
       256,        24,         0,   0.630,mwpf__b0b7dc35549e4684aaf56d7f39208097266fbb01b99fc634aa5cc65cb30d3fd9,28ac44c8c5b47a07887bdc431a672e9f8611047ab24d905f93db9d3c36d03445,"{""circuit"":""surface_code:rotated_memory_x"",""cluster_node_limit"":50,""d"":3,""decoder"":""mwpf"",""decoder_type"":""SolverSerialJointSingleHair"",""p"":0.015,""p_erase"":0.0,""r"":3,""run_id"":""b44761db4df8b64c8917c437ae7fe1c452a55149c1dc7a5ca0f619d5bff0315c""}",
         8,         0,         0,    2.08,mwpf__b51c22942b58bed18bbe1e33230fc16d37f2f994d4a2eb9aac1a816c71f648b5,49723c50d532252a125a0f77a511824bc8ba2453ced225ca935be4f8ae908466,"{""circuit"":""surface_code:rotated_memory_x"",""cluster_node_limit"":50,""d"":11,""decoder"":""mwpf"",""decoder_type"":""SolverSerialJointSingleHair"",""p"":0.005,""p_erase"":0.0,""r"":11,""run_id"":""dc16d4efdc8c9f700a5975f7aeee7db9a23f8fb27d65c75c03a3aeb77312b5d0""}",
         4,         0,         0,   0.217,mwpf__1c17b6ee16c741b8697b91cd285aaee9a8e106198ab113a3b41e17f1b62daa89,3627112f92c7e85ea6801db379ff16386d627c78375e4cf85abab0e7352f9166,"{""circuit"":""surface_code:rotated_memory_x"",""cluster_node_limit"":50,""d"":9,""decoder"":""mwpf"",""decoder_type"":""SolverSerialJointSingleHair"",""p"":0.007,""p_erase"":0.0,""r"":9,""run_id"":""afd2d1bea34409055a74153634f35b6efd9ed9b105183e8591ec4772c9d800e4""}",
      3072,        44,         0,    1.22,mwpf__682d5c8b1e761a1076b65dca539a2d15d82ad086708269570743d5b5c12e48ec,7ee21ac07e1d2d837dee1b9de812df8e43271af75c9d02b6bafea9ec15c9affa,"{""circuit"":""surface_code:rotated_memory_x"",""cluster_node_limit"":50,""d"":3,""decoder"":""mwpf"",""decoder_type"":""SolverSerialJointSingleHair"",""p"":0.0065,""p_erase"":0.0,""r"":3,""run_id"":""b8f63b3afee4afe98e7bbb30f20c4398dd3b9aec649fcfb3e47705c2a2c61b36""}",
         8,         0,         0,    2.15,mwpf__0ffad40cb78e56d31871ef678a2c2c220e01e0128694bf21b48103122ad96d78,1eeffca09c34ec66ea37833c9064e8ea37a416c4745e08373b9f3699fa053396,"{""circuit"":""surface_code:rotated_memory_x"",""cluster_node_limit"":50,""d"":9,""decoder"":""mwpf"",""decoder_type"":""SolverSerialJointSingleHair"",""p"":0.006,""p_erase"":0.0,""r"":9,""run_id"":""24bb5f6faf950c7f32be70c2a658f8a2aec69874df03f312866b1e584c72f944""}",
      1024,        25,         0,   0.570,mwpf__43962ba459d86cd819b8558032ffa6472ba0555135068fb74009d94b7bad5532,1b4e499b3b262af26ba14e01aa169e3a7f2d864a488b68fa6fba53177a53ffcc,"{""circuit"":""surface_code:rotated_memory_x"",""cluster_node_limit"":50,""d"":3,""decoder"":""mwpf"",""decoder_type"":""SolverSerialJointSingleHair"",""p"":0.008,""p_erase"":0.0,""r"":3,""run_id"":""842b8d9622dd95e081373b13334f0c4c970c25ea256e90e9985b8d1bb6968aef""}",
         8,         1,         0,   0.580,mwpf__7b751ba9c29dec22792ae2997abbcfb30aeccd30f12272dee86da02f98924346,ef36a2d62e6f27449c8c54ebc380941555cc4126bf8269beb48c5d4285c2c832,"{""circuit"":""surface_code:rotated_memory_x"",""cluster_node_limit"":50,""d"":7,""decoder"":""mwpf"",""decoder_type"":""SolverSerialJointSingleHair"",""p"":0.0065,""p_erase"":0.0,""r"":7,""run_id"":""2dbf0f369a61ab19037b084768e1601bc2d15a711cdebadba5827ddd88dd2495""}",
         2,         0,         0,   0.817,mwpf__4d095e94564aaf70b358e5d5ebb14c977585d24f71ee066d73c8d28da9e509d1,f558194f437a2b7eb02e26a0c3c685b29032de063b739c7351099f552cd87aa6,"{""circuit"":""surface_code:rotated_memory_x"",""cluster_node_limit"":50,""d"":9,""decoder"":""mwpf"",""decoder_type"":""SolverSerialJointSingleHair"",""p"":0.01,""p_erase"":0.0,""r"":9,""run_id"":""07c0f409e8370b67d9c8c55c2486281381c0937533be35a12e0610e26f05aded""}",
         2,         0,         0,   0.847,mwpf__816dbb216f33548bde82700373ed8762c4588f7e736c0d6ce8bbd83718eb9bc4,4a103945d4b3e03fb447b3f991894618fed8c7625561e2ed8d29b4caf27b2618,"{""circuit"":""surface_code:rotated_memory_x"",""cluster_node_limit"":50,""d"":11,""decoder"":""mwpf"",""decoder_type"":""SolverSerialJointSingleHair"",""p"":0.004,""p_erase"":0.0,""r"":11,""run_id"":""3083dc33435eff96398d9127ce3d8e2c144ff987bf7bc12ab2896614c67e19b0""}",
      5120,        53,         0,    1.66,mwpf__f1c73b55d20502edeb1352a97286268c1728587a9a613ad3646eea7ce6f5b0e8,c945d4451adf51d3115cab618d9042a74af97ed090632e5d8ded54a9c2a8acaa,"{""circuit"":""surface_code:rotated_memory_x"",""cluster_node_limit"":50,""d"":3,""decoder"":""mwpf"",""decoder_type"":""SolverSerialJointSingleHair"",""p"":0.005,""p_erase"":0.0,""r"":3,""run_id"":""5101ac8ef9c97b83df4dd9d8fb12d7b219d036893929703eba32fffa9e647600""}",
         8,         0,         0,   0.918,mwpf__3f1b64a9ac39918fdfc1d8685d2ae22620c080992f83b482a25d7b8f1adaea5a,0b2a8a048818ac11f66a73bdbd1d5dc5a971687b6a9c1ab5af8e2dcdd4f0c1bf,"{""circuit"":""surface_code:rotated_memory_x"",""cluster_node_limit"":50,""d"":5,""decoder"":""mwpf"",""decoder_type"":""SolverSerialJointSingleHair"",""p"":0.015,""p_erase"":0.0,""r"":5,""run_id"":""6fe96edac5c8fb2c1aed8ea14c67ceeb92423fdf3ce9e1c97fff0ce2aa5d5538""}",
        32,         0,         0,    1.50,mwpf__91ffc942ec0dda29e3cbefbf32236cf9a6f3fa7b23e4675ef61bf5a2d3aa5377,40546135e2bd9eb08f97c8c1c6115e8bc75406288d37472ee0445cd367e1721b,"{""circuit"":""surface_code:rotated_memory_x"",""cluster_node_limit"":50,""d"":5,""decoder"":""mwpf"",""decoder_type"":""SolverSerialJointSingleHair"",""p"":0.0075,""p_erase"":0.0,""r"":5,""run_id"":""5a57a6d0ff957d816c2c86860718eec6af832a23575ff55f991f4b130256fb39""}",
        16,         0,         0,   0.609,mwpf__51e8ee19cf0aaa70da53967b6319671a0062ce98a2bc87274e8dc28f0b80d783,80a8d8d8845ce59d024eed62a7aec2b46f82d021196b4658f49128b3cea863e2,"{""circuit"":""surface_code:rotated_memory_x"",""cluster_node_limit"":50,""d"":7,""decoder"":""mwpf"",""decoder_type"":""SolverSerialJointSingleHair"",""p"":0.005,""p_erase"":0.0,""r"":7,""run_id"":""3ff977703ebf3f566a41dac215e2bc8e682579cf7cec84db2f03627fcfabbad2""}",
         2,         0,         0,   0.189,mwpf__816dbb216f33548bde82700373ed8762c4588f7e736c0d6ce8bbd83718eb9bc4,4a103945d4b3e03fb447b3f991894618fed8c7625561e2ed8d29b4caf27b2618,"{""circuit"":""surface_code:rotated_memory_x"",""cluster_node_limit"":50,""d"":11,""decoder"":""mwpf"",""decoder_type"":""SolverSerialJointSingleHair"",""p"":0.004,""p_erase"":0.0,""r"":11,""run_id"":""3083dc33435eff96398d9127ce3d8e2c144ff987bf7bc12ab2896614c67e19b0""}",
        16,         0,         0,    1.17,mwpf__d6e273bec9b587e85ba4f19af1099d5769edba9e40437c8089c08ed25bd72758,5388f8eb2e6e41b439260433c3419bdbf5f8b4bd5b8e2a2c70a24a791cee3145,"{""circuit"":""surface_code:rotated_memory_x"",""cluster_node_limit"":50,""d"":5,""decoder"":""mwpf"",""decoder_type"":""SolverSerialJointSingleHair"",""p"":0.008,""p_erase"":0.0,""r"":5,""run_id"":""bfa3c7cba13850dd37e54bb29bb945687e3fe04272a3151e2ac8acb7416976e7""}",
         2,         0,         0,   0.928,mwpf__657887243b5868399920fa937a3887ed9e2ac0d9d98cadc2e1a651e3f504cda0,d4553ef01c242393c1aeaba835587e05af3c08f66bad464752b049a3be541a37,"{""circuit"":""surface_code:rotated_memory_x"",""cluster_node_limit"":50,""d"":11,""decoder"":""mwpf"",""decoder_type"":""SolverSerialJointSingleHair"",""p"":0.0065,""p_erase"":0.0,""r"":11,""run_id"":""8e1df1698035a74962cf4fbf46e34daf5b11fbeb2de0990648bf3b88ed7162d9""}",
      1024,        40,         0,    1.03,mwpf__aaa863e9a64627555b04b70db757b2526080350f57c3e44aa6971a8e395c5be7,4e04f8aa9db7314d71683d08e68e1c551e91b6148e3b3a9d2b78be567b73a4ed,"{""circuit"":""surface_code:rotated_memory_x"",""cluster_node_limit"":50,""d"":3,""decoder"":""mwpf"",""decoder_type"":""SolverSerialJointSingleHair"",""p"":0.01,""p_erase"":0.0,""r"":3,""run_id"":""5b6db69d825a9e1af451573dd00a4a7082d74a5e74fde81d397d7b0bcc5645b2""}",
        32,         0,         0,    1.30,mwpf__951eb3349e78cec2a155134d7fb171e1ad03d800a86442f3c4b76397f4c7fd4d,cde164a21cdab97d63839b3f64b1c2e5cf62ef5d8be22509c82bac34fbb3e2b2,"{""circuit"":""surface_code:rotated_memory_x"",""cluster_node_limit"":50,""d"":5,""decoder"":""mwpf"",""decoder_type"":""SolverSerialJointSingleHair"",""p"":0.007,""p_erase"":0.0,""r"":5,""run_id"":""fc11e6013551ff75fa4759b0fc71e28cb776c1e995679ad07f9247f45c9ad106""}",
         4,         0,         0,    1.86,mwpf__21df6b2b273042e1d2ed9f329f81aafabed1f5f52db8a49dfa00753827685509,88fba1d38adf9b5170f72959e8ad037789746d8b4d0c05adc7b86ff083a5f8ba,"{""circuit"":""surface_code:rotated_memory_x"",""cluster_node_limit"":50,""d"":13,""decoder"":""mwpf"",""decoder_type"":""SolverSerialJointSingleHair"",""p"":0.003,""p_erase"":0.0,""r"":13,""run_id"":""9c1c158be912dc2d5d59c6edb8c837f5c8480a5e1b0cd3bc21b958a6713a9a18""}",
         4,         0,         0,   0.396,mwpf__0ffad40cb78e56d31871ef678a2c2c220e01e0128694bf21b48103122ad96d78,1eeffca09c34ec66ea37833c9064e8ea37a416c4745e08373b9f3699fa053396,"{""circuit"":""surface_code:rotated_memory_x"",""cluster_node_limit"":50,""d"":9,""decoder"":""mwpf"",""decoder_type"":""SolverSerialJointSingleHair"",""p"":0.006,""p_erase"":0.0,""r"":9,""run_id"":""24bb5f6faf950c7f32be70c2a658f8a2aec69874df03f312866b1e584c72f944""}",
         8,         0,         0,   0.675,mwpf__df232194f367aabe935bb4165a6f2a18934748069bb45308bdea72b5aa54cc52,91cc3f9bee6eacdc4ac1e2e6b8df0d38ece142e9760fded5c2a9edaa44f54857,"{""circuit"":""surface_code:rotated_memory_x"",""cluster_node_limit"":50,""d"":9,""decoder"":""mwpf"",""decoder_type"":""SolverSerialJointSingleHair"",""p"":0.004,""p_erase"":0.0,""r"":9,""run_id"":""4464f5804de6cb9a9718f832f08fe8f67d7fac0287acd1b900c7694bfd7b4af5""}",
        16,         1,         0,    1.21,mwpf__0480aaa502c889192677deb2a1f79b047530feca1cf6dfaaff42d6ad35de660c,2428a4412b21fcaa2436e1c2e9c61819ecb01828206a188ce051a39d99979d3f,"{""circuit"":""surface_code:rotated_memory_x"",""cluster_node_limit"":50,""d"":7,""decoder"":""mwpf"",""decoder_type"":""SolverSerialJointSingleHair"",""p"":0.008,""p_erase"":0.0,""r"":7,""run_id"":""b0127341a48953a855ea3549247068ee7050e7461912fad56a38b1d8708ded61""}",
      4096,        66,         0,    2.08,mwpf__be13af6e4aecc79fd8470069cbeba0b7402ccae8a2a39ca14aa05aab56e13157,a0053533921bc46fbfe14bb420d60339e3870782d8212090091825118b30ddec,"{""circuit"":""surface_code:rotated_memory_x"",""cluster_node_limit"":50,""d"":3,""decoder"":""mwpf"",""decoder_type"":""SolverSerialJointSingleHair"",""p"":0.006,""p_erase"":0.0,""r"":3,""run_id"":""dd60754122c9f7a810b0c1d8b1c92188ea52870232067546237f0fa25d610548""}",
         8,         0,         0,   0.588,mwpf__8c35bf1fe40791e0cc86728b65286dceac7fa4a3150955de718fb71e20591ac0,1db55f393cb47cd7701b494aee001a18fd4a230d6df85129178e6c37931db9f3,"{""circuit"":""surface_code:rotated_memory_x"",""cluster_node_limit"":50,""d"":9,""decoder"":""mwpf"",""decoder_type"":""SolverSerialJointSingleHair"",""p"":0.005,""p_erase"":0.0,""r"":9,""run_id"":""6ff49e3994bd55cd42a49411e80b5ece5d8b1ccd21e8041d4b16720db3ebea01""}",
        32,         0,         0,    2.41,mwpf__e098ae1eaf131a692c7d269ecd7c0b356809a18a2ccc52547656bea351773dd9,c4e2e9f4264f6040fcd119a2d32c96bd25a12364f525742dd40c8b2e504c5240,"{""circuit"":""surface_code:rotated_memory_x"",""cluster_node_limit"":50,""d"":5,""decoder"":""mwpf"",""decoder_type"":""SolverSerialJointSingleHair"",""p"":0.01,""p_erase"":0.0,""r"":5,""run_id"":""669fd91e75976823dd1cbb6f0d860524121f186f614db6fb259f60c1945fce8a""}",
        64,         1,         0,   0.645,mwpf__6d4510a60f3ab5a6af5bc8ff2f60857cc46b32094baeda08965a4d99c4f42aec,0cb3695c8696727a8873244b6e84d963d4eb9e0abd45b5a7328dfa907569f518,"{""circuit"":""surface_code:rotated_memory_x"",""cluster_node_limit"":50,""d"":5,""decoder"":""mwpf"",""decoder_type"":""SolverSerialJointSingleHair"",""p"":0.005,""p_erase"":0.0,""r"":5,""run_id"":""a9419091d73bd2c76a2c7e3604d34d847de2f4b02b85d0c3d0860c0754fc56d1""}",
        32,         0,         0,    1.39,mwpf__8b7aba4b42c55eac316a2911da8b71ada3c5c95714024fe9cb878eda2ed964eb,19dae4f12454abdb37e7a82e67feb6734eaa8650e81bd5af32a541e6d88fd6f1,"{""circuit"":""surface_code:rotated_memory_x"",""cluster_node_limit"":50,""d"":5,""decoder"":""mwpf"",""decoder_type"":""SolverSerialJointSingleHair"",""p"":0.0065,""p_erase"":0.0,""r"":5,""run_id"":""14c277d1360d884007b225112d7b983b9f2c5fc158d2870f656c6b2929b311b6""}",
      9279,        32,         0,    1.94,mwpf__b0f6649b21db54ecbb8826cdfafa1ba0e2bf46532f7acaf5414024d498b451a0,529639a8efcc2d68bcd5753eb8355ddcaf6a93496022c9cf7dbfb051af66a68c,"{""circuit"":""surface_code:rotated_memory_x"",""cluster_node_limit"":50,""d"":3,""decoder"":""mwpf"",""decoder_type"":""SolverSerialJointSingleHair"",""p"":0.003,""p_erase"":0.0,""r"":3,""run_id"":""915e7fac76f0cb44d6aac79997be9e5a903d4aa353a8207f80b396814e1292cb""}",
         4,         0,         0,    2.18,mwpf__e0a55262cf1f1a7a613b4765b0629e55d0b3fe9d54b863fbeff7519c53c8e351,34913737fb3f42b5d01e95eaa7e9bb6ec2ccceeb90dac3afed499a1716fb1a4c,"{""circuit"":""surface_code:rotated_memory_x"",""cluster_node_limit"":50,""d"":7,""decoder"":""mwpf"",""decoder_type"":""SolverSerialJointSingleHair"",""p"":0.01,""p_erase"":0.0,""r"":7,""run_id"":""85dc4b86326449a5e4d2267937782207589c000366e3fbe70d98bb3f9fb5a333""}",
         4,         0,         0,    2.19,mwpf__f72406d99baaa155e6537da23b921802aac7a0476bf592363ce60d85dc12f754,502cdaad1f5ad245d27f94b87cf52b63e8d9429b6075479c1cd1ab87feb4cda0,"{""circuit"":""surface_code:rotated_memory_x"",""cluster_node_limit"":50,""d"":13,""decoder"":""mwpf"",""decoder_type"":""SolverSerialJointSingleHair"",""p"":0.004,""p_erase"":0.0,""r"":13,""run_id"":""9c5f0f6384601a18598e9ec8096fd7d1f329b4fab58d65bfc72b05c12fd62fb2""}",
         1,         0,         0,    1.87,mwpf__1e6eb1b7d5a2ec0e953a7cb244b33bc530e16f23c32db88007fc1c7b035f330b,4b7230cba9d61504918ac10d685a7d051d9b1c23b970118aff9533c10c21a028,"{""circuit"":""surface_code:rotated_memory_x"",""cluster_node_limit"":50,""d"":11,""decoder"":""mwpf"",""decoder_type"":""SolverSerialJointSingleHair"",""p"":0.0075,""p_erase"":0.0,""r"":11,""run_id"":""d141b2a8478788124b5b1cb4085ff0997ab6fd837791f95217839732d3f5a11a""}",
         4,         0,         0,    1.30,mwpf__5690b4a8bc9c88c24efb060e4e655ea926b0a3cafb8eccb6b16e13bcfa6f8f57,2319881ca4af7e340fa0dc5e54cc6bc5ff4176d44f6e7028a967f989b1262cd0,"{""circuit"":""surface_code:rotated_memory_x"",""cluster_node_limit"":50,""d"":9,""decoder"":""mwpf"",""decoder_type"":""SolverSerialJointSingleHair"",""p"":0.0065,""p_erase"":0.0,""r"":9,""run_id"":""bcb66dbf1963af5450bb3b51e6950f2b7fc1b6490e9ba479a670b91dc4b2af88""}",
         2,         0,         0,   0.274,mwpf__21df6b2b273042e1d2ed9f329f81aafabed1f5f52db8a49dfa00753827685509,88fba1d38adf9b5170f72959e8ad037789746d8b4d0c05adc7b86ff083a5f8ba,"{""circuit"":""surface_code:rotated_memory_x"",""cluster_node_limit"":50,""d"":13,""decoder"":""mwpf"",""decoder_type"":""SolverSerialJointSingleHair"",""p"":0.003,""p_erase"":0.0,""r"":13,""run_id"":""9c1c158be912dc2d5d59c6edb8c837f5c8480a5e1b0cd3bc21b958a6713a9a18""}",
      2048,        44,         0,    1.24,mwpf__4e1601b0668063eadc05111c07696cccf168dd50474bd608d301815d45c9a786,d19a124337761452ca3104e53f7e971c7bb837f006c26f70a68a8f67e770bb67,"{""circuit"":""surface_code:rotated_memory_x"",""cluster_node_limit"":50,""d"":3,""decoder"":""mwpf"",""decoder_type"":""SolverSerialJointSingleHair"",""p"":0.0075,""p_erase"":0.0,""r"":3,""run_id"":""4bc734d2ac70cf62b78df146e81bdcf5df30d786b05a2eea177a13d890e64669""}",
        16,         1,         0,   0.429,mwpf__d6e273bec9b587e85ba4f19af1099d5769edba9e40437c8089c08ed25bd72758,5388f8eb2e6e41b439260433c3419bdbf5f8b4bd5b8e2a2c70a24a791cee3145,"{""circuit"":""surface_code:rotated_memory_x"",""cluster_node_limit"":50,""d"":5,""decoder"":""mwpf"",""decoder_type"":""SolverSerialJointSingleHair"",""p"":0.008,""p_erase"":0.0,""r"":5,""run_id"":""bfa3c7cba13850dd37e54bb29bb945687e3fe04272a3151e2ac8acb7416976e7""}",
        16,         0,         0,   0.460,mwpf__51e8ee19cf0aaa70da53967b6319671a0062ce98a2bc87274e8dc28f0b80d783,80a8d8d8845ce59d024eed62a7aec2b46f82d021196b4658f49128b3cea863e2,"{""circuit"":""surface_code:rotated_memory_x"",""cluster_node_limit"":50,""d"":7,""decoder"":""mwpf"",""decoder_type"":""SolverSerialJointSingleHair"",""p"":0.005,""p_erase"":0.0,""r"":7,""run_id"":""3ff977703ebf3f566a41dac215e2bc8e682579cf7cec84db2f03627fcfabbad2""}",
      1024,        27,         0,   0.890,mwpf__d56b027df54bbcee1a569d4b790c31989f5693ab552e6ad7d4b399bc8a5b7ae2,f0a51108deaa2e813a85a0daf8998382d985f25173b21c56aa0f0dddcd7c45dc,"{""circuit"":""surface_code:rotated_memory_x"",""cluster_node_limit"":50,""d"":3,""decoder"":""mwpf"",""decoder_type"":""SolverSerialJointSingleHair"",""p"":0.009,""p_erase"":0.0,""r"":3,""run_id"":""f3773bbf3001f7044304ac6a12d9ddb4d020a1b2b51ce7b475f4f14944f915f3""}",
       512,        33,         0,   0.884,mwpf__b0b7dc35549e4684aaf56d7f39208097266fbb01b99fc634aa5cc65cb30d3fd9,28ac44c8c5b47a07887bdc431a672e9f8611047ab24d905f93db9d3c36d03445,"{""circuit"":""surface_code:rotated_memory_x"",""cluster_node_limit"":50,""d"":3,""decoder"":""mwpf"",""decoder_type"":""SolverSerialJointSingleHair"",""p"":0.015,""p_erase"":0.0,""r"":3,""run_id"":""b44761db4df8b64c8917c437ae7fe1c452a55149c1dc7a5ca0f619d5bff0315c""}",
         1,         0,         0,    1.61,mwpf__4f2003d1a89cbab61d79e87a09a2976b8dd26d83c596509b48a165ee5488bbeb,175546001eaf15e5eec910e644a4e44db259318c59115eb89bfe0c8686f47616,"{""circuit"":""surface_code:rotated_memory_x"",""cluster_node_limit"":50,""d"":13,""decoder"":""mwpf"",""decoder_type"":""SolverSerialJointSingleHair"",""p"":0.006,""p_erase"":0.0,""r"":13,""run_id"":""62be0f9566ae226642dba313ffd2ee6fb56abf4ecd764eb123ecb3879eba54f4""}",
         2,         0,         0,   0.193,mwpf__f72406d99baaa155e6537da23b921802aac7a0476bf592363ce60d85dc12f754,502cdaad1f5ad245d27f94b87cf52b63e8d9429b6075479c1cd1ab87feb4cda0,"{""circuit"":""surface_code:rotated_memory_x"",""cluster_node_limit"":50,""d"":13,""decoder"":""mwpf"",""decoder_type"":""SolverSerialJointSingleHair"",""p"":0.004,""p_erase"":0.0,""r"":13,""run_id"":""9c5f0f6384601a18598e9ec8096fd7d1f329b4fab58d65bfc72b05c12fd62fb2""}",
         4,         1,         0,    1.47,mwpf__0e7c94a776c9d36b18431c37b59c5d54ed615181b4983b9359c243e9f764dfb4,18ed3080fc8dd3e2ad1b8ac4ffd96f6ee6464a3ae086c1352c800cbc7cd6c4b7,"{""circuit"":""surface_code:rotated_memory_x"",""cluster_node_limit"":50,""d"":7,""decoder"":""mwpf"",""decoder_type"":""SolverSerialJointSingleHair"",""p"":0.015,""p_erase"":0.0,""r"":7,""run_id"":""acdc3549d7b3f20ef13fd9539e517d8487bc2b0a145673bebaddb7b3e0579f70""}",
      2048,        26,         0,    1.42,mwpf__03fa2c6e37aff7c81ae22b7dea7a504d3eb26ec3a7b349088c7bcea7a9871e0c,6267ba7f3c1c772896eebefc6d523adb68e82d38d020e307be1f733b70ad8bd3,"{""circuit"":""surface_code:rotated_memory_x"",""cluster_node_limit"":50,""d"":3,""decoder"":""mwpf"",""decoder_type"":""SolverSerialJointSingleHair"",""p"":0.007,""p_erase"":0.0,""r"":3,""run_id"":""135e03791629607bb61bf8b9b22bc12f2324f26b65e31e82f5c3cd97d24c99c9""}",
         1,         0,         0,    3.01,mwpf__d6e8817167c21e257031ce66381ee5547a20cccfb4c07657b5dadac3a6833f79,77c3f58796b3a8a06dbcfa38996887a82fbc4ff14750db8111f1c9a504ceb897,"{""circuit"":""surface_code:rotated_memory_x"",""cluster_node_limit"":50,""d"":11,""decoder"":""mwpf"",""decoder_type"":""SolverSerialJointSingleHair"",""p"":0.007,""p_erase"":0.0,""r"":11,""run_id"":""738582bca717139319653195fdb3aed07ff60eec35baeb0848929c7f5b5792fa""}",
         2,         0,         0,   0.609,mwpf__657887243b5868399920fa937a3887ed9e2ac0d9d98cadc2e1a651e3f504cda0,d4553ef01c242393c1aeaba835587e05af3c08f66bad464752b049a3be541a37,"{""circuit"":""surface_code:rotated_memory_x"",""cluster_node_limit"":50,""d"":11,""decoder"":""mwpf"",""decoder_type"":""SolverSerialJointSingleHair"",""p"":0.0065,""p_erase"":0.0,""r"":11,""run_id"":""8e1df1698035a74962cf4fbf46e34daf5b11fbeb2de0990648bf3b88ed7162d9""}",
         8,         0,         0,   0.501,mwpf__df232194f367aabe935bb4165a6f2a18934748069bb45308bdea72b5aa54cc52,91cc3f9bee6eacdc4ac1e2e6b8df0d38ece142e9760fded5c2a9edaa44f54857,"{""circuit"":""surface_code:rotated_memory_x"",""cluster_node_limit"":50,""d"":9,""decoder"":""mwpf"",""decoder_type"":""SolverSerialJointSingleHair"",""p"":0.004,""p_erase"":0.0,""r"":9,""run_id"":""4464f5804de6cb9a9718f832f08fe8f67d7fac0287acd1b900c7694bfd7b4af5""}",
        72,         0,         0,    2.65,mwpf__b86dfdc6edf5243fa953eba38df9eedffa26e17e861ff53898370ede6b3f4924,ed4377a6fc84ce98150c12b4f78cbf0f69f277dc7b34e1caecdce413a6651655,"{""circuit"":""surface_code:rotated_memory_x"",""cluster_node_limit"":50,""d"":9,""decoder"":""mwpf"",""decoder_type"":""SolverSerialJointSingleHair"",""p"":0.003,""p_erase"":0.0,""r"":9,""run_id"":""efe7c5548b07943d995a96c2060d6be39255a1f992a2a76f4714bdcbfad04986""}",
        64,         0,         0,   0.424,mwpf__6d4510a60f3ab5a6af5bc8ff2f60857cc46b32094baeda08965a4d99c4f42aec,0cb3695c8696727a8873244b6e84d963d4eb9e0abd45b5a7328dfa907569f518,"{""circuit"":""surface_code:rotated_memory_x"",""cluster_node_limit"":50,""d"":5,""decoder"":""mwpf"",""decoder_type"":""SolverSerialJointSingleHair"",""p"":0.005,""p_erase"":0.0,""r"":5,""run_id"":""a9419091d73bd2c76a2c7e3604d34d847de2f4b02b85d0c3d0860c0754fc56d1""}",
        12,         0,         0,    1.26,mwpf__71869c18a9a089d40b18edd25a7ba89978fac639dfba4267cf7ec0f8c602c1b8,a01cc1b908db7b76624bbdaed185a25417056dfe423183481572b126d2518af4,"{""circuit"":""surface_code:rotated_memory_x"",""cluster_node_limit"":50,""d"":7,""decoder"":""mwpf"",""decoder_type"":""SolverSerialJointSingleHair"",""p"":0.009,""p_erase"":0.0,""r"":7,""run_id"":""4b2052dd33b88244b8dc64e1aa696c4f0cef9c363b27e7d2cd9a4ccb51da3596""}",
        16,         0,         0,   0.421,mwpf__8b7aba4b42c55eac316a2911da8b71ada3c5c95714024fe9cb878eda2ed964eb,19dae4f12454abdb37e7a82e67feb6734eaa8650e81bd5af32a541e6d88fd6f1,"{""circuit"":""surface_code:rotated_memory_x"",""cluster_node_limit"":50,""d"":5,""decoder"":""mwpf"",""decoder_type"":""SolverSerialJointSingleHair"",""p"":0.0065,""p_erase"":0.0,""r"":5,""run_id"":""14c277d1360d884007b225112d7b983b9f2c5fc158d2870f656c6b2929b311b6""}",
      1024,        16,         0,   0.925,mwpf__43962ba459d86cd819b8558032ffa6472ba0555135068fb74009d94b7bad5532,1b4e499b3b262af26ba14e01aa169e3a7f2d864a488b68fa6fba53177a53ffcc,"{""circuit"":""surface_code:rotated_memory_x"",""cluster_node_limit"":50,""d"":3,""decoder"":""mwpf"",""decoder_type"":""SolverSerialJointSingleHair"",""p"":0.008,""p_erase"":0.0,""r"":3,""run_id"":""842b8d9622dd95e081373b13334f0c4c970c25ea256e90e9985b8d1bb6968aef""}",
         8,         1,         0,   0.837,mwpf__3f1b64a9ac39918fdfc1d8685d2ae22620c080992f83b482a25d7b8f1adaea5a,0b2a8a048818ac11f66a73bdbd1d5dc5a971687b6a9c1ab5af8e2dcdd4f0c1bf,"{""circuit"":""surface_code:rotated_memory_x"",""cluster_node_limit"":50,""d"":5,""decoder"":""mwpf"",""decoder_type"":""SolverSerialJointSingleHair"",""p"":0.015,""p_erase"":0.0,""r"":5,""run_id"":""6fe96edac5c8fb2c1aed8ea14c67ceeb92423fdf3ce9e1c97fff0ce2aa5d5538""}",
         4,         0,         0,   0.644,mwpf__0ffad40cb78e56d31871ef678a2c2c220e01e0128694bf21b48103122ad96d78,1eeffca09c34ec66ea37833c9064e8ea37a416c4745e08373b9f3699fa053396,"{""circuit"":""surface_code:rotated_memory_x"",""cluster_node_limit"":50,""d"":9,""decoder"":""mwpf"",""decoder_type"":""SolverSerialJointSingleHair"",""p"":0.006,""p_erase"":0.0,""r"":9,""run_id"":""24bb5f6faf950c7f32be70c2a658f8a2aec69874df03f312866b1e584c72f944""}",
         4,         1,         0,    3.67,mwpf__f1ba2c1f600b7a69e787fba16d98ab1a9190d2cbf22cb139f6d85f0963050ecd,362d43fe567b84549d5b408b2c9937944a18c5015578d62368865481ce9a1280,"{""circuit"":""surface_code:rotated_memory_x"",""cluster_node_limit"":50,""d"":9,""decoder"":""mwpf"",""decoder_type"":""SolverSerialJointSingleHair"",""p"":0.009,""p_erase"":0.0,""r"":9,""run_id"":""38d09452ebb2ff3ecc7153e5d90de64e1415b048dd2df4f50bcd6553bab20233""}",
         8,         0,         0,   0.188,mwpf__df232194f367aabe935bb4165a6f2a18934748069bb45308bdea72b5aa54cc52,91cc3f9bee6eacdc4ac1e2e6b8df0d38ece142e9760fded5c2a9edaa44f54857,"{""circuit"":""surface_code:rotated_memory_x"",""cluster_node_limit"":50,""d"":9,""decoder"":""mwpf"",""decoder_type"":""SolverSerialJointSingleHair"",""p"":0.004,""p_erase"":0.0,""r"":9,""run_id"":""4464f5804de6cb9a9718f832f08fe8f67d7fac0287acd1b900c7694bfd7b4af5""}",
         8,         0,         0,    1.03,mwpf__7b751ba9c29dec22792ae2997abbcfb30aeccd30f12272dee86da02f98924346,ef36a2d62e6f27449c8c54ebc380941555cc4126bf8269beb48c5d4285c2c832,"{""circuit"":""surface_code:rotated_memory_x"",""cluster_node_limit"":50,""d"":7,""decoder"":""mwpf"",""decoder_type"":""SolverSerialJointSingleHair"",""p"":0.0065,""p_erase"":0.0,""r"":7,""run_id"":""2dbf0f369a61ab19037b084768e1601bc2d15a711cdebadba5827ddd88dd2495""}",
         4,         0,         0,   0.532,mwpf__21df6b2b273042e1d2ed9f329f81aafabed1f5f52db8a49dfa00753827685509,88fba1d38adf9b5170f72959e8ad037789746d8b4d0c05adc7b86ff083a5f8ba,"{""circuit"":""surface_code:rotated_memory_x"",""cluster_node_limit"":50,""d"":13,""decoder"":""mwpf"",""decoder_type"":""SolverSerialJointSingleHair"",""p"":0.003,""p_erase"":0.0,""r"":13,""run_id"":""9c1c158be912dc2d5d59c6edb8c837f5c8480a5e1b0cd3bc21b958a6713a9a18""}",
        16,         0,         0,   0.482,mwpf__51e8ee19cf0aaa70da53967b6319671a0062ce98a2bc87274e8dc28f0b80d783,80a8d8d8845ce59d024eed62a7aec2b46f82d021196b4658f49128b3cea863e2,"{""circuit"":""surface_code:rotated_memory_x"",""cluster_node_limit"":50,""d"":7,""decoder"":""mwpf"",""decoder_type"":""SolverSerialJointSingleHair"",""p"":0.005,""p_erase"":0.0,""r"":7,""run_id"":""3ff977703ebf3f566a41dac215e2bc8e682579cf7cec84db2f03627fcfabbad2""}",
        16,         0,         0,   0.802,mwpf__e098ae1eaf131a692c7d269ecd7c0b356809a18a2ccc52547656bea351773dd9,c4e2e9f4264f6040fcd119a2d32c96bd25a12364f525742dd40c8b2e504c5240,"{""circuit"":""surface_code:rotated_memory_x"",""cluster_node_limit"":50,""d"":5,""decoder"":""mwpf"",""decoder_type"":""SolverSerialJointSingleHair"",""p"":0.01,""p_erase"":0.0,""r"":5,""run_id"":""669fd91e75976823dd1cbb6f0d860524121f186f614db6fb259f60c1945fce8a""}",
      1024,        19,         0,   0.587,mwpf__d56b027df54bbcee1a569d4b790c31989f5693ab552e6ad7d4b399bc8a5b7ae2,f0a51108deaa2e813a85a0daf8998382d985f25173b21c56aa0f0dddcd7c45dc,"{""circuit"":""surface_code:rotated_memory_x"",""cluster_node_limit"":50,""d"":3,""decoder"":""mwpf"",""decoder_type"":""SolverSerialJointSingleHair"",""p"":0.009,""p_erase"":0.0,""r"":3,""run_id"":""f3773bbf3001f7044304ac6a12d9ddb4d020a1b2b51ce7b475f4f14944f915f3""}",
         4,         0,         0,   0.679,mwpf__5690b4a8bc9c88c24efb060e4e655ea926b0a3cafb8eccb6b16e13bcfa6f8f57,2319881ca4af7e340fa0dc5e54cc6bc5ff4176d44f6e7028a967f989b1262cd0,"{""circuit"":""surface_code:rotated_memory_x"",""cluster_node_limit"":50,""d"":9,""decoder"":""mwpf"",""decoder_type"":""SolverSerialJointSingleHair"",""p"":0.0065,""p_erase"":0.0,""r"":9,""run_id"":""bcb66dbf1963af5450bb3b51e6950f2b7fc1b6490e9ba479a670b91dc4b2af88""}",
        16,         2,         0,    1.19,mwpf__91ffc942ec0dda29e3cbefbf32236cf9a6f3fa7b23e4675ef61bf5a2d3aa5377,40546135e2bd9eb08f97c8c1c6115e8bc75406288d37472ee0445cd367e1721b,"{""circuit"":""surface_code:rotated_memory_x"",""cluster_node_limit"":50,""d"":5,""decoder"":""mwpf"",""decoder_type"":""SolverSerialJointSingleHair"",""p"":0.0075,""p_erase"":0.0,""r"":5,""run_id"":""5a57a6d0ff957d816c2c86860718eec6af832a23575ff55f991f4b130256fb39""}",
        48,         1,         0,   0.454,mwpf__8b7aba4b42c55eac316a2911da8b71ada3c5c95714024fe9cb878eda2ed964eb,19dae4f12454abdb37e7a82e67feb6734eaa8650e81bd5af32a541e6d88fd6f1,"{""circuit"":""surface_code:rotated_memory_x"",""cluster_node_limit"":50,""d"":5,""decoder"":""mwpf"",""decoder_type"":""SolverSerialJointSingleHair"",""p"":0.0065,""p_erase"":0.0,""r"":5,""run_id"":""14c277d1360d884007b225112d7b983b9f2c5fc158d2870f656c6b2929b311b6""}",
         4,         0,         0,    2.29,mwpf__ef4bd14b406ebb94921d73b05e28e9be274fd0180168db54ebfe9ad4abb5c3dd,813034dd365f90862ad3456e088d05537a5961eea78ad69b71aff0330e723902,"{""circuit"":""surface_code:rotated_memory_x"",""cluster_node_limit"":50,""d"":9,""decoder"":""mwpf"",""decoder_type"":""SolverSerialJointSingleHair"",""p"":0.0075,""p_erase"":0.0,""r"":9,""run_id"":""d43e2110d6096cb21b3dc2507099ab1df8f05023ab41bfbd088fbc12277e6cad""}",
         2,         0,         0,    1.65,mwpf__635e40dda6d3e96020ea75ae193e9dd537bd1e25622b042e0e59c0187110d1be,06dc2e6bd74ae874fe58d9f164c4486dc719c5118f922909b0e948fb9b7a211e,"{""circuit"":""surface_code:rotated_memory_x"",""cluster_node_limit"":50,""d"":13,""decoder"":""mwpf"",""decoder_type"":""SolverSerialJointSingleHair"",""p"":0.005,""p_erase"":0.0,""r"":13,""run_id"":""1dd32fbecda77a042c5f41d375ae2b79efd66b7adfe572570e9f313567b2202a""}",
         1,         0,         0,   0.680,mwpf__4f2003d1a89cbab61d79e87a09a2976b8dd26d83c596509b48a165ee5488bbeb,175546001eaf15e5eec910e644a4e44db259318c59115eb89bfe0c8686f47616,"{""circuit"":""surface_code:rotated_memory_x"",""cluster_node_limit"":50,""d"":13,""decoder"":""mwpf"",""decoder_type"":""SolverSerialJointSingleHair"",""p"":0.006,""p_erase"":0.0,""r"":13,""run_id"":""62be0f9566ae226642dba313ffd2ee6fb56abf4ecd764eb123ecb3879eba54f4""}",
         8,         0,         0,   0.389,mwpf__7b751ba9c29dec22792ae2997abbcfb30aeccd30f12272dee86da02f98924346,ef36a2d62e6f27449c8c54ebc380941555cc4126bf8269beb48c5d4285c2c832,"{""circuit"":""surface_code:rotated_memory_x"",""cluster_node_limit"":50,""d"":7,""decoder"":""mwpf"",""decoder_type"":""SolverSerialJointSingleHair"",""p"":0.0065,""p_erase"":0.0,""r"":7,""run_id"":""2dbf0f369a61ab19037b084768e1601bc2d15a711cdebadba5827ddd88dd2495""}",
      4096,        70,         0,    1.59,mwpf__682d5c8b1e761a1076b65dca539a2d15d82ad086708269570743d5b5c12e48ec,7ee21ac07e1d2d837dee1b9de812df8e43271af75c9d02b6bafea9ec15c9affa,"{""circuit"":""surface_code:rotated_memory_x"",""cluster_node_limit"":50,""d"":3,""decoder"":""mwpf"",""decoder_type"":""SolverSerialJointSingleHair"",""p"":0.0065,""p_erase"":0.0,""r"":3,""run_id"":""b8f63b3afee4afe98e7bbb30f20c4398dd3b9aec649fcfb3e47705c2a2c61b36""}",
        16,         0,         0,    1.79,mwpf__e31bcda4313c15612f870938a65840ff53c2398150f9cb961189e5e84b026776,2367d5faa513e3a6decb45c2bdd8779be42812fdc67d351c372070210ef9e7dd,"{""circuit"":""surface_code:rotated_memory_x"",""cluster_node_limit"":50,""d"":7,""decoder"":""mwpf"",""decoder_type"":""SolverSerialJointSingleHair"",""p"":0.006,""p_erase"":0.0,""r"":7,""run_id"":""c569d24a00e94715f929354bdbd1860f950e40c56d976da161032d1bf73e9e9d""}",
      1536,        47,         0,    1.24,mwpf__aaa863e9a64627555b04b70db757b2526080350f57c3e44aa6971a8e395c5be7,4e04f8aa9db7314d71683d08e68e1c551e91b6148e3b3a9d2b78be567b73a4ed,"{""circuit"":""surface_code:rotated_memory_x"",""cluster_node_limit"":50,""d"":3,""decoder"":""mwpf"",""decoder_type"":""SolverSerialJointSingleHair"",""p"":0.01,""p_erase"":0.0,""r"":3,""run_id"":""5b6db69d825a9e1af451573dd00a4a7082d74a5e74fde81d397d7b0bcc5645b2""}",
         4,         0,         0,    1.32,mwpf__816dbb216f33548bde82700373ed8762c4588f7e736c0d6ce8bbd83718eb9bc4,4a103945d4b3e03fb447b3f991894618fed8c7625561e2ed8d29b4caf27b2618,"{""circuit"":""surface_code:rotated_memory_x"",""cluster_node_limit"":50,""d"":11,""decoder"":""mwpf"",""decoder_type"":""SolverSerialJointSingleHair"",""p"":0.004,""p_erase"":0.0,""r"":11,""run_id"":""3083dc33435eff96398d9127ce3d8e2c144ff987bf7bc12ab2896614c67e19b0""}",
        32,         1,         0,    1.29,mwpf__951eb3349e78cec2a155134d7fb171e1ad03d800a86442f3c4b76397f4c7fd4d,cde164a21cdab97d63839b3f64b1c2e5cf62ef5d8be22509c82bac34fbb3e2b2,"{""circuit"":""surface_code:rotated_memory_x"",""cluster_node_limit"":50,""d"":5,""decoder"":""mwpf"",""decoder_type"":""SolverSerialJointSingleHair"",""p"":0.007,""p_erase"":0.0,""r"":5,""run_id"":""fc11e6013551ff75fa4759b0fc71e28cb776c1e995679ad07f9247f45c9ad106""}",
        16,         0,         0,   0.955,mwpf__d6e273bec9b587e85ba4f19af1099d5769edba9e40437c8089c08ed25bd72758,5388f8eb2e6e41b439260433c3419bdbf5f8b4bd5b8e2a2c70a24a791cee3145,"{""circuit"":""surface_code:rotated_memory_x"",""cluster_node_limit"":50,""d"":5,""decoder"":""mwpf"",""decoder_type"":""SolverSerialJointSingleHair"",""p"":0.008,""p_erase"":0.0,""r"":5,""run_id"":""bfa3c7cba13850dd37e54bb29bb945687e3fe04272a3151e2ac8acb7416976e7""}",
      2048,        28,         0,    1.01,mwpf__4e1601b0668063eadc05111c07696cccf168dd50474bd608d301815d45c9a786,d19a124337761452ca3104e53f7e971c7bb837f006c26f70a68a8f67e770bb67,"{""circuit"":""surface_code:rotated_memory_x"",""cluster_node_limit"":50,""d"":3,""decoder"":""mwpf"",""decoder_type"":""SolverSerialJointSingleHair"",""p"":0.0075,""p_erase"":0.0,""r"":3,""run_id"":""4bc734d2ac70cf62b78df146e81bdcf5df30d786b05a2eea177a13d890e64669""}",
         4,         0,         0,    2.29,mwpf__7a95b4e0e46b327d000e116a0c1b8752a5233749e2ab488204b0555276cc7d20,3739a29a1a4cc537bb158528d425c3e0bc4b8143c997f57751cec9d6df3b5373,"{""circuit"":""surface_code:rotated_memory_x"",""cluster_node_limit"":50,""d"":11,""decoder"":""mwpf"",""decoder_type"":""SolverSerialJointSingleHair"",""p"":0.006,""p_erase"":0.0,""r"":11,""run_id"":""8004ec240d1464395bfc8a126a835b432e446c1a1cef8253e8138d42920ca974""}",
         2,         0,         0,   0.796,mwpf__657887243b5868399920fa937a3887ed9e2ac0d9d98cadc2e1a651e3f504cda0,d4553ef01c242393c1aeaba835587e05af3c08f66bad464752b049a3be541a37,"{""circuit"":""surface_code:rotated_memory_x"",""cluster_node_limit"":50,""d"":11,""decoder"":""mwpf"",""decoder_type"":""SolverSerialJointSingleHair"",""p"":0.0065,""p_erase"":0.0,""r"":11,""run_id"":""8e1df1698035a74962cf4fbf46e34daf5b11fbeb2de0990648bf3b88ed7162d9""}",
         8,         0,         0,   0.209,mwpf__7b751ba9c29dec22792ae2997abbcfb30aeccd30f12272dee86da02f98924346,ef36a2d62e6f27449c8c54ebc380941555cc4126bf8269beb48c5d4285c2c832,"{""circuit"":""surface_code:rotated_memory_x"",""cluster_node_limit"":50,""d"":7,""decoder"":""mwpf"",""decoder_type"":""SolverSerialJointSingleHair"",""p"":0.0065,""p_erase"":0.0,""r"":7,""run_id"":""2dbf0f369a61ab19037b084768e1601bc2d15a711cdebadba5827ddd88dd2495""}",
        16,         0,         0,   0.652,mwpf__51e8ee19cf0aaa70da53967b6319671a0062ce98a2bc87274e8dc28f0b80d783,80a8d8d8845ce59d024eed62a7aec2b46f82d021196b4658f49128b3cea863e2,"{""circuit"":""surface_code:rotated_memory_x"",""cluster_node_limit"":50,""d"":7,""decoder"":""mwpf"",""decoder_type"":""SolverSerialJointSingleHair"",""p"":0.005,""p_erase"":0.0,""r"":7,""run_id"":""3ff977703ebf3f566a41dac215e2bc8e682579cf7cec84db2f03627fcfabbad2""}",
        16,         0,         0,   0.572,mwpf__e098ae1eaf131a692c7d269ecd7c0b356809a18a2ccc52547656bea351773dd9,c4e2e9f4264f6040fcd119a2d32c96bd25a12364f525742dd40c8b2e504c5240,"{""circuit"":""surface_code:rotated_memory_x"",""cluster_node_limit"":50,""d"":5,""decoder"":""mwpf"",""decoder_type"":""SolverSerialJointSingleHair"",""p"":0.01,""p_erase"":0.0,""r"":5,""run_id"":""669fd91e75976823dd1cbb6f0d860524121f186f614db6fb259f60c1945fce8a""}",
         1,         0,         0,    1.27,mwpf__1e6eb1b7d5a2ec0e953a7cb244b33bc530e16f23c32db88007fc1c7b035f330b,4b7230cba9d61504918ac10d685a7d051d9b1c23b970118aff9533c10c21a028,"{""circuit"":""surface_code:rotated_memory_x"",""cluster_node_limit"":50,""d"":11,""decoder"":""mwpf"",""decoder_type"":""SolverSerialJointSingleHair"",""p"":0.0075,""p_erase"":0.0,""r"":11,""run_id"":""d141b2a8478788124b5b1cb4085ff0997ab6fd837791f95217839732d3f5a11a""}",
       128,         0,         0,    2.33,mwpf__6dc40dd78a7537f759b93670cd0af0008adf279fbc2acda6010b04619b90078a,71b64adea95d26ec136e0f6d5c44173faab2351254ae92ff6c2fb79fe431c3f7,"{""circuit"":""surface_code:rotated_memory_x"",""cluster_node_limit"":50,""d"":5,""decoder"":""mwpf"",""decoder_type"":""SolverSerialJointSingleHair"",""p"":0.004,""p_erase"":0.0,""r"":5,""run_id"":""2c1d23bd89bcf5d6d623dffd52817527ab5ba820bb8c60558a749cc97b051f30""}",
         1,         0,         0,    4.29,mwpf__27a571c12c515651d4ffcfb77cd014cbd564d8d59b84c23e14b783de48feab52,c7796fbd3a9ed9e25c88662f131fdcc3db567aa019543a6d04c9545bad45a9e6,"{""circuit"":""surface_code:rotated_memory_x"",""cluster_node_limit"":50,""d"":11,""decoder"":""mwpf"",""decoder_type"":""SolverSerialJointSingleHair"",""p"":0.008,""p_erase"":0.0,""r"":11,""run_id"":""a1c19c3e7f2e8098c81889b056bfa77224d1f0cf9b3deea17d360de81aae0496""}",
      8192,        58,         0,    2.39,mwpf__dced78135bd52c04bba10b515d4a91692dee24b8a04d4984c307073656943ffb,72b113c0355b3f34501fe2d9bc415951079307c7c15cd05285136221a1fc4dc0,"{""circuit"":""surface_code:rotated_memory_x"",""cluster_node_limit"":50,""d"":3,""decoder"":""mwpf"",""decoder_type"":""SolverSerialJointSingleHair"",""p"":0.004,""p_erase"":0.0,""r"":3,""run_id"":""90efa888ab0be85c6dc82d20d594fb219f455db906f7e8f7ad923a214270e30c""}",
        10,         2,         0,    1.39,mwpf__e0a55262cf1f1a7a613b4765b0629e55d0b3fe9d54b863fbeff7519c53c8e351,34913737fb3f42b5d01e95eaa7e9bb6ec2ccceeb90dac3afed499a1716fb1a4c,"{""circuit"":""surface_code:rotated_memory_x"",""cluster_node_limit"":50,""d"":7,""decoder"":""mwpf"",""decoder_type"":""SolverSerialJointSingleHair"",""p"":0.01,""p_erase"":0.0,""r"":7,""run_id"":""85dc4b86326449a5e4d2267937782207589c000366e3fbe70d98bb3f9fb5a333""}",
         2,         0,         0,   0.587,mwpf__ef4bd14b406ebb94921d73b05e28e9be274fd0180168db54ebfe9ad4abb5c3dd,813034dd365f90862ad3456e088d05537a5961eea78ad69b71aff0330e723902,"{""circuit"":""surface_code:rotated_memory_x"",""cluster_node_limit"":50,""d"":9,""decoder"":""mwpf"",""decoder_type"":""SolverSerialJointSingleHair"",""p"":0.0075,""p_erase"":0.0,""r"":9,""run_id"":""d43e2110d6096cb21b3dc2507099ab1df8f05023ab41bfbd088fbc12277e6cad""}",
        32,         0,         0,    1.09,mwpf__b86dfdc6edf5243fa953eba38df9eedffa26e17e861ff53898370ede6b3f4924,ed4377a6fc84ce98150c12b4f78cbf0f69f277dc7b34e1caecdce413a6651655,"{""circuit"":""surface_code:rotated_memory_x"",""cluster_node_limit"":50,""d"":9,""decoder"":""mwpf"",""decoder_type"":""SolverSerialJointSingleHair"",""p"":0.003,""p_erase"":0.0,""r"":9,""run_id"":""efe7c5548b07943d995a96c2060d6be39255a1f992a2a76f4714bdcbfad04986""}",
        16,         0,         0,    1.61,mwpf__0480aaa502c889192677deb2a1f79b047530feca1cf6dfaaff42d6ad35de660c,2428a4412b21fcaa2436e1c2e9c61819ecb01828206a188ce051a39d99979d3f,"{""circuit"":""surface_code:rotated_memory_x"",""cluster_node_limit"":50,""d"":7,""decoder"":""mwpf"",""decoder_type"":""SolverSerialJointSingleHair"",""p"":0.008,""p_erase"":0.0,""r"":7,""run_id"":""b0127341a48953a855ea3549247068ee7050e7461912fad56a38b1d8708ded61""}",
         4,         0,         0,   0.707,mwpf__5690b4a8bc9c88c24efb060e4e655ea926b0a3cafb8eccb6b16e13bcfa6f8f57,2319881ca4af7e340fa0dc5e54cc6bc5ff4176d44f6e7028a967f989b1262cd0,"{""circuit"":""surface_code:rotated_memory_x"",""cluster_node_limit"":50,""d"":9,""decoder"":""mwpf"",""decoder_type"":""SolverSerialJointSingleHair"",""p"":0.0065,""p_erase"":0.0,""r"":9,""run_id"":""bcb66dbf1963af5450bb3b51e6950f2b7fc1b6490e9ba479a670b91dc4b2af88""}",
         8,         0,         0,   0.517,mwpf__e31bcda4313c15612f870938a65840ff53c2398150f9cb961189e5e84b026776,2367d5faa513e3a6decb45c2bdd8779be42812fdc67d351c372070210ef9e7dd,"{""circuit"":""surface_code:rotated_memory_x"",""cluster_node_limit"":50,""d"":7,""decoder"":""mwpf"",""decoder_type"":""SolverSerialJointSingleHair"",""p"":0.006,""p_erase"":0.0,""r"":7,""run_id"":""c569d24a00e94715f929354bdbd1860f950e40c56d976da161032d1bf73e9e9d""}",
        16,         0,         0,   0.968,mwpf__df232194f367aabe935bb4165a6f2a18934748069bb45308bdea72b5aa54cc52,91cc3f9bee6eacdc4ac1e2e6b8df0d38ece142e9760fded5c2a9edaa44f54857,"{""circuit"":""surface_code:rotated_memory_x"",""cluster_node_limit"":50,""d"":9,""decoder"":""mwpf"",""decoder_type"":""SolverSerialJointSingleHair"",""p"":0.004,""p_erase"":0.0,""r"":9,""run_id"":""4464f5804de6cb9a9718f832f08fe8f67d7fac0287acd1b900c7694bfd7b4af5""}",
        16,         1,         0,    2.89,mwpf__761f3371de99df9efabba094f174e439214687dced9cc3cd6fcfd4925ef05ead,5373d5de17f66a3eb06d839f452c3912e4e626c22ca55edf6a2d0424cc80f5ce,"{""circuit"":""surface_code:rotated_memory_x"",""cluster_node_limit"":50,""d"":7,""decoder"":""mwpf"",""decoder_type"":""SolverSerialJointSingleHair"",""p"":0.007,""p_erase"":0.0,""r"":7,""run_id"":""cc23d39f806d6b050b42fdf6523d37ff1ded4115cd9804c1b1173f160297dfb9""}",
         8,         0,         0,    1.21,mwpf__71869c18a9a089d40b18edd25a7ba89978fac639dfba4267cf7ec0f8c602c1b8,a01cc1b908db7b76624bbdaed185a25417056dfe423183481572b126d2518af4,"{""circuit"":""surface_code:rotated_memory_x"",""cluster_node_limit"":50,""d"":7,""decoder"":""mwpf"",""decoder_type"":""SolverSerialJointSingleHair"",""p"":0.009,""p_erase"":0.0,""r"":7,""run_id"":""4b2052dd33b88244b8dc64e1aa696c4f0cef9c363b27e7d2cd9a4ccb51da3596""}",
         1,         0,         0,   0.705,mwpf__635e40dda6d3e96020ea75ae193e9dd537bd1e25622b042e0e59c0187110d1be,06dc2e6bd74ae874fe58d9f164c4486dc719c5118f922909b0e948fb9b7a211e,"{""circuit"":""surface_code:rotated_memory_x"",""cluster_node_limit"":50,""d"":13,""decoder"":""mwpf"",""decoder_type"":""SolverSerialJointSingleHair"",""p"":0.005,""p_erase"":0.0,""r"":13,""run_id"":""1dd32fbecda77a042c5f41d375ae2b79efd66b7adfe572570e9f313567b2202a""}",
       128,         1,         0,    3.11,mwpf__9d3e7a869e7911d9ce122143a3492c036ddd4432f11bd090435ee7772beb17ae,6d5c7f274b75ae537824437920d4a7ca50ed98e1dfa880fcbb9eccb2e87a1048,"{""circuit"":""surface_code:rotated_memory_x"",""cluster_node_limit"":50,""d"":5,""decoder"":""mwpf"",""decoder_type"":""SolverSerialJointSingleHair"",""p"":0.006,""p_erase"":0.0,""r"":5,""run_id"":""136e458ea1bb00db5031dfe54473bc21d7f67216ffcf15b01c0f763ac55c92f3""}",
        16,         0,         0,    2.49,mwpf__c6ba5eb607084c237766d2f1acb7719308a77ef713824e5c4b8d9fdd0cd4a1b6,f538726661a9ad85ba0d5eda8cd32b2cbddd0a923127051b03a5b9c672de5ae4,"{""circuit"":""surface_code:rotated_memory_x"",""cluster_node_limit"":50,""d"":7,""decoder"":""mwpf"",""decoder_type"":""SolverSerialJointSingleHair"",""p"":0.0075,""p_erase"":0.0,""r"":7,""run_id"":""746c0ed850e7a1c4899561c73e97af04ff040736013cde397145df4c660e1d2a""}",
         2,         0,         0,   0.510,mwpf__7a95b4e0e46b327d000e116a0c1b8752a5233749e2ab488204b0555276cc7d20,3739a29a1a4cc537bb158528d425c3e0bc4b8143c997f57751cec9d6df3b5373,"{""circuit"":""surface_code:rotated_memory_x"",""cluster_node_limit"":50,""d"":11,""decoder"":""mwpf"",""decoder_type"":""SolverSerialJointSingleHair"",""p"":0.006,""p_erase"":0.0,""r"":11,""run_id"":""8004ec240d1464395bfc8a126a835b432e446c1a1cef8253e8138d42920ca974""}",
         2,         0,         0,   0.625,mwpf__816dbb216f33548bde82700373ed8762c4588f7e736c0d6ce8bbd83718eb9bc4,4a103945d4b3e03fb447b3f991894618fed8c7625561e2ed8d29b4caf27b2618,"{""circuit"":""surface_code:rotated_memory_x"",""cluster_node_limit"":50,""d"":11,""decoder"":""mwpf"",""decoder_type"":""SolverSerialJointSingleHair"",""p"":0.004,""p_erase"":0.0,""r"":11,""run_id"":""3083dc33435eff96398d9127ce3d8e2c144ff987bf7bc12ab2896614c67e19b0""}",
        16,         1,         0,   0.832,mwpf__91ffc942ec0dda29e3cbefbf32236cf9a6f3fa7b23e4675ef61bf5a2d3aa5377,40546135e2bd9eb08f97c8c1c6115e8bc75406288d37472ee0445cd367e1721b,"{""circuit"":""surface_code:rotated_memory_x"",""cluster_node_limit"":50,""d"":5,""decoder"":""mwpf"",""decoder_type"":""SolverSerialJointSingleHair"",""p"":0.0075,""p_erase"":0.0,""r"":5,""run_id"":""5a57a6d0ff957d816c2c86860718eec6af832a23575ff55f991f4b130256fb39""}",
        64,         2,         0,    1.31,mwpf__6d4510a60f3ab5a6af5bc8ff2f60857cc46b32094baeda08965a4d99c4f42aec,0cb3695c8696727a8873244b6e84d963d4eb9e0abd45b5a7328dfa907569f518,"{""circuit"":""surface_code:rotated_memory_x"",""cluster_node_limit"":50,""d"":5,""decoder"":""mwpf"",""decoder_type"":""SolverSerialJointSingleHair"",""p"":0.005,""p_erase"":0.0,""r"":5,""run_id"":""a9419091d73bd2c76a2c7e3604d34d847de2f4b02b85d0c3d0860c0754fc56d1""}",
         2,         0,         0,    1.17,mwpf__f1ba2c1f600b7a69e787fba16d98ab1a9190d2cbf22cb139f6d85f0963050ecd,362d43fe567b84549d5b408b2c9937944a18c5015578d62368865481ce9a1280,"{""circuit"":""surface_code:rotated_memory_x"",""cluster_node_limit"":50,""d"":9,""decoder"":""mwpf"",""decoder_type"":""SolverSerialJointSingleHair"",""p"":0.009,""p_erase"":0.0,""r"":9,""run_id"":""38d09452ebb2ff3ecc7153e5d90de64e1415b048dd2df4f50bcd6553bab20233""}",
         4,         0,         0,    2.35,mwpf__b51c22942b58bed18bbe1e33230fc16d37f2f994d4a2eb9aac1a816c71f648b5,49723c50d532252a125a0f77a511824bc8ba2453ced225ca935be4f8ae908466,"{""circuit"":""surface_code:rotated_memory_x"",""cluster_node_limit"":50,""d"":11,""decoder"":""mwpf"",""decoder_type"":""SolverSerialJointSingleHair"",""p"":0.005,""p_erase"":0.0,""r"":11,""run_id"":""dc16d4efdc8c9f700a5975f7aeee7db9a23f8fb27d65c75c03a3aeb77312b5d0""}",
         2,         0,         0,    2.18,mwpf__4d095e94564aaf70b358e5d5ebb14c977585d24f71ee066d73c8d28da9e509d1,f558194f437a2b7eb02e26a0c3c685b29032de063b739c7351099f552cd87aa6,"{""circuit"":""surface_code:rotated_memory_x"",""cluster_node_limit"":50,""d"":9,""decoder"":""mwpf"",""decoder_type"":""SolverSerialJointSingleHair"",""p"":0.01,""p_erase"":0.0,""r"":9,""run_id"":""07c0f409e8370b67d9c8c55c2486281381c0937533be35a12e0610e26f05aded""}",
         4,         0,         0,    1.50,mwpf__f72406d99baaa155e6537da23b921802aac7a0476bf592363ce60d85dc12f754,502cdaad1f5ad245d27f94b87cf52b63e8d9429b6075479c1cd1ab87feb4cda0,"{""circuit"":""surface_code:rotated_memory_x"",""cluster_node_limit"":50,""d"":13,""decoder"":""mwpf"",""decoder_type"":""SolverSerialJointSingleHair"",""p"":0.004,""p_erase"":0.0,""r"":13,""run_id"":""9c5f0f6384601a18598e9ec8096fd7d1f329b4fab58d65bfc72b05c12fd62fb2""}",
        16,         2,         0,    1.28,mwpf__3f1b64a9ac39918fdfc1d8685d2ae22620c080992f83b482a25d7b8f1adaea5a,0b2a8a048818ac11f66a73bdbd1d5dc5a971687b6a9c1ab5af8e2dcdd4f0c1bf,"{""circuit"":""surface_code:rotated_memory_x"",""cluster_node_limit"":50,""d"":5,""decoder"":""mwpf"",""decoder_type"":""SolverSerialJointSingleHair"",""p"":0.015,""p_erase"":0.0,""r"":5,""run_id"":""6fe96edac5c8fb2c1aed8ea14c67ceeb92423fdf3ce9e1c97fff0ce2aa5d5538""}",
         2,         0,         0,   0.321,mwpf__ef4bd14b406ebb94921d73b05e28e9be274fd0180168db54ebfe9ad4abb5c3dd,813034dd365f90862ad3456e088d05537a5961eea78ad69b71aff0330e723902,"{""circuit"":""surface_code:rotated_memory_x"",""cluster_node_limit"":50,""d"":9,""decoder"":""mwpf"",""decoder_type"":""SolverSerialJointSingleHair"",""p"":0.0075,""p_erase"":0.0,""r"":9,""run_id"":""d43e2110d6096cb21b3dc2507099ab1df8f05023ab41bfbd088fbc12277e6cad""}",
         2,         0,         0,    3.04,mwpf__6099ca9ba0e75d433e29cf0e99deb8fecdb2af5c2add85a0679af0a6cbc31454,059af26b3446a53a53fb02480a7d49eb29e7b3510b62d2455b645061774c7dd8,"{""circuit"":""surface_code:rotated_memory_x"",""cluster_node_limit"":50,""d"":9,""decoder"":""mwpf"",""decoder_type"":""SolverSerialJointSingleHair"",""p"":0.008,""p_erase"":0.0,""r"":9,""run_id"":""8dfac8c52a2bdb8ad1978822189831360902afd0bc2eb7a9333f1f5088b13a03""}",
         1,         0,         0,   0.884,mwpf__4f2003d1a89cbab61d79e87a09a2976b8dd26d83c596509b48a165ee5488bbeb,175546001eaf15e5eec910e644a4e44db259318c59115eb89bfe0c8686f47616,"{""circuit"":""surface_code:rotated_memory_x"",""cluster_node_limit"":50,""d"":13,""decoder"":""mwpf"",""decoder_type"":""SolverSerialJointSingleHair"",""p"":0.006,""p_erase"":0.0,""r"":13,""run_id"":""62be0f9566ae226642dba313ffd2ee6fb56abf4ecd764eb123ecb3879eba54f4""}",
      1024,        63,         0,    1.63,mwpf__b0b7dc35549e4684aaf56d7f39208097266fbb01b99fc634aa5cc65cb30d3fd9,28ac44c8c5b47a07887bdc431a672e9f8611047ab24d905f93db9d3c36d03445,"{""circuit"":""surface_code:rotated_memory_x"",""cluster_node_limit"":50,""d"":3,""decoder"":""mwpf"",""decoder_type"":""SolverSerialJointSingleHair"",""p"":0.015,""p_erase"":0.0,""r"":3,""run_id"":""b44761db4df8b64c8917c437ae7fe1c452a55149c1dc7a5ca0f619d5bff0315c""}",
      1024,        27,         0,    1.11,mwpf__d56b027df54bbcee1a569d4b790c31989f5693ab552e6ad7d4b399bc8a5b7ae2,f0a51108deaa2e813a85a0daf8998382d985f25173b21c56aa0f0dddcd7c45dc,"{""circuit"":""surface_code:rotated_memory_x"",""cluster_node_limit"":50,""d"":3,""decoder"":""mwpf"",""decoder_type"":""SolverSerialJointSingleHair"",""p"":0.009,""p_erase"":0.0,""r"":3,""run_id"":""f3773bbf3001f7044304ac6a12d9ddb4d020a1b2b51ce7b475f4f14944f915f3""}",
         1,         0,         0,   0.289,mwpf__635e40dda6d3e96020ea75ae193e9dd537bd1e25622b042e0e59c0187110d1be,06dc2e6bd74ae874fe58d9f164c4486dc719c5118f922909b0e948fb9b7a211e,"{""circuit"":""surface_code:rotated_memory_x"",""cluster_node_limit"":50,""d"":13,""decoder"":""mwpf"",""decoder_type"":""SolverSerialJointSingleHair"",""p"":0.005,""p_erase"":0.0,""r"":13,""run_id"":""1dd32fbecda77a042c5f41d375ae2b79efd66b7adfe572570e9f313567b2202a""}",
         8,         0,         0,    2.02,mwpf__8c35bf1fe40791e0cc86728b65286dceac7fa4a3150955de718fb71e20591ac0,1db55f393cb47cd7701b494aee001a18fd4a230d6df85129178e6c37931db9f3,"{""circuit"":""surface_code:rotated_memory_x"",""cluster_node_limit"":50,""d"":9,""decoder"":""mwpf"",""decoder_type"":""SolverSerialJointSingleHair"",""p"":0.005,""p_erase"":0.0,""r"":9,""run_id"":""6ff49e3994bd55cd42a49411e80b5ece5d8b1ccd21e8041d4b16720db3ebea01""}",
         4,         1,         0,    1.45,mwpf__0ffad40cb78e56d31871ef678a2c2c220e01e0128694bf21b48103122ad96d78,1eeffca09c34ec66ea37833c9064e8ea37a416c4745e08373b9f3699fa053396,"{""circuit"":""surface_code:rotated_memory_x"",""cluster_node_limit"":50,""d"":9,""decoder"":""mwpf"",""decoder_type"":""SolverSerialJointSingleHair"",""p"":0.006,""p_erase"":0.0,""r"":9,""run_id"":""24bb5f6faf950c7f32be70c2a658f8a2aec69874df03f312866b1e584c72f944""}",
         4,         0,         0,    1.35,mwpf__21df6b2b273042e1d2ed9f329f81aafabed1f5f52db8a49dfa00753827685509,88fba1d38adf9b5170f72959e8ad037789746d8b4d0c05adc7b86ff083a5f8ba,"{""circuit"":""surface_code:rotated_memory_x"",""cluster_node_limit"":50,""d"":13,""decoder"":""mwpf"",""decoder_type"":""SolverSerialJointSingleHair"",""p"":0.003,""p_erase"":0.0,""r"":13,""run_id"":""9c1c158be912dc2d5d59c6edb8c837f5c8480a5e1b0cd3bc21b958a6713a9a18""}",
      3072,        63,         0,    1.75,mwpf__03fa2c6e37aff7c81ae22b7dea7a504d3eb26ec3a7b349088c7bcea7a9871e0c,6267ba7f3c1c772896eebefc6d523adb68e82d38d020e307be1f733b70ad8bd3,"{""circuit"":""surface_code:rotated_memory_x"",""cluster_node_limit"":50,""d"":3,""decoder"":""mwpf"",""decoder_type"":""SolverSerialJointSingleHair"",""p"":0.007,""p_erase"":0.0,""r"":3,""run_id"":""135e03791629607bb61bf8b9b22bc12f2324f26b65e31e82f5c3cd97d24c99c9""}",
      7168,        72,         0,    2.46,mwpf__f1c73b55d20502edeb1352a97286268c1728587a9a613ad3646eea7ce6f5b0e8,c945d4451adf51d3115cab618d9042a74af97ed090632e5d8ded54a9c2a8acaa,"{""circuit"":""surface_code:rotated_memory_x"",""cluster_node_limit"":50,""d"":3,""decoder"":""mwpf"",""decoder_type"":""SolverSerialJointSingleHair"",""p"":0.005,""p_erase"":0.0,""r"":3,""run_id"":""5101ac8ef9c97b83df4dd9d8fb12d7b219d036893929703eba32fffa9e647600""}",
        32,         1,         0,    3.00,mwpf__0d9aa11d665261a85b6152ce35c4d28399141c8834633741366e3ced28c5496e,9cb90efc03faa69e23b17dfc883ad5c9f049e23f8b4a263ea7026d53febd314f,"{""circuit"":""surface_code:rotated_memory_x"",""cluster_node_limit"":50,""d"":7,""decoder"":""mwpf"",""decoder_type"":""SolverSerialJointSingleHair"",""p"":0.004,""p_erase"":0.0,""r"":7,""run_id"":""bc63bb586674bf0943da17e714fe33cb9292304a00c52142dcc0aa98a48fe916""}",
      4096,        58,         0,    2.21,mwpf__be13af6e4aecc79fd8470069cbeba0b7402ccae8a2a39ca14aa05aab56e13157,a0053533921bc46fbfe14bb420d60339e3870782d8212090091825118b30ddec,"{""circuit"":""surface_code:rotated_memory_x"",""cluster_node_limit"":50,""d"":3,""decoder"":""mwpf"",""decoder_type"":""SolverSerialJointSingleHair"",""p"":0.006,""p_erase"":0.0,""r"":3,""run_id"":""dd60754122c9f7a810b0c1d8b1c92188ea52870232067546237f0fa25d610548""}",
         1,         0,         0,   0.306,mwpf__6099ca9ba0e75d433e29cf0e99deb8fecdb2af5c2add85a0679af0a6cbc31454,059af26b3446a53a53fb02480a7d49eb29e7b3510b62d2455b645061774c7dd8,"{""circuit"":""surface_code:rotated_memory_x"",""cluster_node_limit"":50,""d"":9,""decoder"":""mwpf"",""decoder_type"":""SolverSerialJointSingleHair"",""p"":0.008,""p_erase"":0.0,""r"":9,""run_id"":""8dfac8c52a2bdb8ad1978822189831360902afd0bc2eb7a9333f1f5088b13a03""}",
        32,         0,         0,    3.60,mwpf__74b18df185b22796a559f32f488c1f95ef0d82d34c256906317561e4acce78ec,ff1f59d74e0a85a29f4995de86372e17ef6d73f50ef84112e0cd3a298e221696,"{""circuit"":""surface_code:rotated_memory_x"",""cluster_node_limit"":50,""d"":5,""decoder"":""mwpf"",""decoder_type"":""SolverSerialJointSingleHair"",""p"":0.009,""p_erase"":0.0,""r"":5,""run_id"":""c32281a89ec9fb6ef8731b931cbe729d04602aba0eeadfec21fc1875143cc8af""}",
        16,         0,         0,   0.655,mwpf__e31bcda4313c15612f870938a65840ff53c2398150f9cb961189e5e84b026776,2367d5faa513e3a6decb45c2bdd8779be42812fdc67d351c372070210ef9e7dd,"{""circuit"":""surface_code:rotated_memory_x"",""cluster_node_limit"":50,""d"":7,""decoder"":""mwpf"",""decoder_type"":""SolverSerialJointSingleHair"",""p"":0.006,""p_erase"":0.0,""r"":7,""run_id"":""c569d24a00e94715f929354bdbd1860f950e40c56d976da161032d1bf73e9e9d""}",
        16,         0,         0,    4.33,mwpf__8548f0e17df6ec2da00e239d3cc0f77db49812682ea7479645b8b7bbf459e376,3982ff67ef7e56884cb20ebd1c912dd13305efd49de30c97ba1d1d3d4ede83f3,"{""circuit"":""surface_code:rotated_memory_x"",""cluster_node_limit"":50,""d"":11,""decoder"":""mwpf"",""decoder_type"":""SolverSerialJointSingleHair"",""p"":0.003,""p_erase"":0.0,""r"":11,""run_id"":""f8aa956a2e2076433f554631dc774e205799286246e2bbf1a0cefd6d6db83727""}",
      3072,        78,         0,    1.78,mwpf__43962ba459d86cd819b8558032ffa6472ba0555135068fb74009d94b7bad5532,1b4e499b3b262af26ba14e01aa169e3a7f2d864a488b68fa6fba53177a53ffcc,"{""circuit"":""surface_code:rotated_memory_x"",""cluster_node_limit"":50,""d"":3,""decoder"":""mwpf"",""decoder_type"":""SolverSerialJointSingleHair"",""p"":0.008,""p_erase"":0.0,""r"":3,""run_id"":""842b8d9622dd95e081373b13334f0c4c970c25ea256e90e9985b8d1bb6968aef""}",
         8,         0,         0,   0.743,mwpf__0480aaa502c889192677deb2a1f79b047530feca1cf6dfaaff42d6ad35de660c,2428a4412b21fcaa2436e1c2e9c61819ecb01828206a188ce051a39d99979d3f,"{""circuit"":""surface_code:rotated_memory_x"",""cluster_node_limit"":50,""d"":7,""decoder"":""mwpf"",""decoder_type"":""SolverSerialJointSingleHair"",""p"":0.008,""p_erase"":0.0,""r"":7,""run_id"":""b0127341a48953a855ea3549247068ee7050e7461912fad56a38b1d8708ded61""}",
        32,         0,         0,    1.13,mwpf__951eb3349e78cec2a155134d7fb171e1ad03d800a86442f3c4b76397f4c7fd4d,cde164a21cdab97d63839b3f64b1c2e5cf62ef5d8be22509c82bac34fbb3e2b2,"{""circuit"":""surface_code:rotated_memory_x"",""cluster_node_limit"":50,""d"":5,""decoder"":""mwpf"",""decoder_type"":""SolverSerialJointSingleHair"",""p"":0.007,""p_erase"":0.0,""r"":5,""run_id"":""fc11e6013551ff75fa4759b0fc71e28cb776c1e995679ad07f9247f45c9ad106""}",
         2,         0,         0,   0.285,mwpf__21df6b2b273042e1d2ed9f329f81aafabed1f5f52db8a49dfa00753827685509,88fba1d38adf9b5170f72959e8ad037789746d8b4d0c05adc7b86ff083a5f8ba,"{""circuit"":""surface_code:rotated_memory_x"",""cluster_node_limit"":50,""d"":13,""decoder"":""mwpf"",""decoder_type"":""SolverSerialJointSingleHair"",""p"":0.003,""p_erase"":0.0,""r"":13,""run_id"":""9c1c158be912dc2d5d59c6edb8c837f5c8480a5e1b0cd3bc21b958a6713a9a18""}",
         1,         1,         0,    1.93,mwpf__d6e8817167c21e257031ce66381ee5547a20cccfb4c07657b5dadac3a6833f79,77c3f58796b3a8a06dbcfa38996887a82fbc4ff14750db8111f1c9a504ceb897,"{""circuit"":""surface_code:rotated_memory_x"",""cluster_node_limit"":50,""d"":11,""decoder"":""mwpf"",""decoder_type"":""SolverSerialJointSingleHair"",""p"":0.007,""p_erase"":0.0,""r"":11,""run_id"":""738582bca717139319653195fdb3aed07ff60eec35baeb0848929c7f5b5792fa""}",
         1,         0,         0,   0.484,mwpf__4f2003d1a89cbab61d79e87a09a2976b8dd26d83c596509b48a165ee5488bbeb,175546001eaf15e5eec910e644a4e44db259318c59115eb89bfe0c8686f47616,"{""circuit"":""surface_code:rotated_memory_x"",""cluster_node_limit"":50,""d"":13,""decoder"":""mwpf"",""decoder_type"":""SolverSerialJointSingleHair"",""p"":0.006,""p_erase"":0.0,""r"":13,""run_id"":""62be0f9566ae226642dba313ffd2ee6fb56abf4ecd764eb123ecb3879eba54f4""}",
         2,         0,         0,   0.627,mwpf__816dbb216f33548bde82700373ed8762c4588f7e736c0d6ce8bbd83718eb9bc4,4a103945d4b3e03fb447b3f991894618fed8c7625561e2ed8d29b4caf27b2618,"{""circuit"":""surface_code:rotated_memory_x"",""cluster_node_limit"":50,""d"":11,""decoder"":""mwpf"",""decoder_type"":""SolverSerialJointSingleHair"",""p"":0.004,""p_erase"":0.0,""r"":11,""run_id"":""3083dc33435eff96398d9127ce3d8e2c144ff987bf7bc12ab2896614c67e19b0""}",
         8,         0,         0,   0.789,mwpf__761f3371de99df9efabba094f174e439214687dced9cc3cd6fcfd4925ef05ead,5373d5de17f66a3eb06d839f452c3912e4e626c22ca55edf6a2d0424cc80f5ce,"{""circuit"":""surface_code:rotated_memory_x"",""cluster_node_limit"":50,""d"":7,""decoder"":""mwpf"",""decoder_type"":""SolverSerialJointSingleHair"",""p"":0.007,""p_erase"":0.0,""r"":7,""run_id"":""cc23d39f806d6b050b42fdf6523d37ff1ded4115cd9804c1b1173f160297dfb9""}",
         1,         0,         0,   0.635,mwpf__4d095e94564aaf70b358e5d5ebb14c977585d24f71ee066d73c8d28da9e509d1,f558194f437a2b7eb02e26a0c3c685b29032de063b739c7351099f552cd87aa6,"{""circuit"":""surface_code:rotated_memory_x"",""cluster_node_limit"":50,""d"":9,""decoder"":""mwpf"",""decoder_type"":""SolverSerialJointSingleHair"",""p"":0.01,""p_erase"":0.0,""r"":9,""run_id"":""07c0f409e8370b67d9c8c55c2486281381c0937533be35a12e0610e26f05aded""}",
         2,         0,         0,   0.621,mwpf__f72406d99baaa155e6537da23b921802aac7a0476bf592363ce60d85dc12f754,502cdaad1f5ad245d27f94b87cf52b63e8d9429b6075479c1cd1ab87feb4cda0,"{""circuit"":""surface_code:rotated_memory_x"",""cluster_node_limit"":50,""d"":13,""decoder"":""mwpf"",""decoder_type"":""SolverSerialJointSingleHair"",""p"":0.004,""p_erase"":0.0,""r"":13,""run_id"":""9c5f0f6384601a18598e9ec8096fd7d1f329b4fab58d65bfc72b05c12fd62fb2""}",
         1,         0,         0,   0.972,mwpf__27a571c12c515651d4ffcfb77cd014cbd564d8d59b84c23e14b783de48feab52,c7796fbd3a9ed9e25c88662f131fdcc3db567aa019543a6d04c9545bad45a9e6,"{""circuit"":""surface_code:rotated_memory_x"",""cluster_node_limit"":50,""d"":11,""decoder"":""mwpf"",""decoder_type"":""SolverSerialJointSingleHair"",""p"":0.008,""p_erase"":0.0,""r"":11,""run_id"":""a1c19c3e7f2e8098c81889b056bfa77224d1f0cf9b3deea17d360de81aae0496""}",
         8,         2,         0,   0.807,mwpf__71869c18a9a089d40b18edd25a7ba89978fac639dfba4267cf7ec0f8c602c1b8,a01cc1b908db7b76624bbdaed185a25417056dfe423183481572b126d2518af4,"{""circuit"":""surface_code:rotated_memory_x"",""cluster_node_limit"":50,""d"":7,""decoder"":""mwpf"",""decoder_type"":""SolverSerialJointSingleHair"",""p"":0.009,""p_erase"":0.0,""r"":7,""run_id"":""4b2052dd33b88244b8dc64e1aa696c4f0cef9c363b27e7d2cd9a4ccb51da3596""}",
        32,         0,         0,    1.27,mwpf__d6e273bec9b587e85ba4f19af1099d5769edba9e40437c8089c08ed25bd72758,5388f8eb2e6e41b439260433c3419bdbf5f8b4bd5b8e2a2c70a24a791cee3145,"{""circuit"":""surface_code:rotated_memory_x"",""cluster_node_limit"":50,""d"":5,""decoder"":""mwpf"",""decoder_type"":""SolverSerialJointSingleHair"",""p"":0.008,""p_erase"":0.0,""r"":5,""run_id"":""bfa3c7cba13850dd37e54bb29bb945687e3fe04272a3151e2ac8acb7416976e7""}",
         1,         0,         0,    1.11,mwpf__1e6eb1b7d5a2ec0e953a7cb244b33bc530e16f23c32db88007fc1c7b035f330b,4b7230cba9d61504918ac10d685a7d051d9b1c23b970118aff9533c10c21a028,"{""circuit"":""surface_code:rotated_memory_x"",""cluster_node_limit"":50,""d"":11,""decoder"":""mwpf"",""decoder_type"":""SolverSerialJointSingleHair"",""p"":0.0075,""p_erase"":0.0,""r"":11,""run_id"":""d141b2a8478788124b5b1cb4085ff0997ab6fd837791f95217839732d3f5a11a""}",
        48,         2,         0,    1.13,mwpf__e098ae1eaf131a692c7d269ecd7c0b356809a18a2ccc52547656bea351773dd9,c4e2e9f4264f6040fcd119a2d32c96bd25a12364f525742dd40c8b2e504c5240,"{""circuit"":""surface_code:rotated_memory_x"",""cluster_node_limit"":50,""d"":5,""decoder"":""mwpf"",""decoder_type"":""SolverSerialJointSingleHair"",""p"":0.01,""p_erase"":0.0,""r"":5,""run_id"":""669fd91e75976823dd1cbb6f0d860524121f186f614db6fb259f60c1945fce8a""}",
         2,         0,         0,   0.491,mwpf__0ffad40cb78e56d31871ef678a2c2c220e01e0128694bf21b48103122ad96d78,1eeffca09c34ec66ea37833c9064e8ea37a416c4745e08373b9f3699fa053396,"{""circuit"":""surface_code:rotated_memory_x"",""cluster_node_limit"":50,""d"":9,""decoder"":""mwpf"",""decoder_type"":""SolverSerialJointSingleHair"",""p"":0.006,""p_erase"":0.0,""r"":9,""run_id"":""24bb5f6faf950c7f32be70c2a658f8a2aec69874df03f312866b1e584c72f944""}",
         2,         0,         0,   0.761,mwpf__b51c22942b58bed18bbe1e33230fc16d37f2f994d4a2eb9aac1a816c71f648b5,49723c50d532252a125a0f77a511824bc8ba2453ced225ca935be4f8ae908466,"{""circuit"":""surface_code:rotated_memory_x"",""cluster_node_limit"":50,""d"":11,""decoder"":""mwpf"",""decoder_type"":""SolverSerialJointSingleHair"",""p"":0.005,""p_erase"":0.0,""r"":11,""run_id"":""dc16d4efdc8c9f700a5975f7aeee7db9a23f8fb27d65c75c03a3aeb77312b5d0""}",
         1,         0,         0,   0.410,mwpf__6099ca9ba0e75d433e29cf0e99deb8fecdb2af5c2add85a0679af0a6cbc31454,059af26b3446a53a53fb02480a7d49eb29e7b3510b62d2455b645061774c7dd8,"{""circuit"":""surface_code:rotated_memory_x"",""cluster_node_limit"":50,""d"":9,""decoder"":""mwpf"",""decoder_type"":""SolverSerialJointSingleHair"",""p"":0.008,""p_erase"":0.0,""r"":9,""run_id"":""8dfac8c52a2bdb8ad1978822189831360902afd0bc2eb7a9333f1f5088b13a03""}",
         1,         0,         0,   0.212,mwpf__27a571c12c515651d4ffcfb77cd014cbd564d8d59b84c23e14b783de48feab52,c7796fbd3a9ed9e25c88662f131fdcc3db567aa019543a6d04c9545bad45a9e6,"{""circuit"":""surface_code:rotated_memory_x"",""cluster_node_limit"":50,""d"":11,""decoder"":""mwpf"",""decoder_type"":""SolverSerialJointSingleHair"",""p"":0.008,""p_erase"":0.0,""r"":11,""run_id"":""a1c19c3e7f2e8098c81889b056bfa77224d1f0cf9b3deea17d360de81aae0496""}",
         8,         0,         0,   0.458,mwpf__8548f0e17df6ec2da00e239d3cc0f77db49812682ea7479645b8b7bbf459e376,3982ff67ef7e56884cb20ebd1c912dd13305efd49de30c97ba1d1d3d4ede83f3,"{""circuit"":""surface_code:rotated_memory_x"",""cluster_node_limit"":50,""d"":11,""decoder"":""mwpf"",""decoder_type"":""SolverSerialJointSingleHair"",""p"":0.003,""p_erase"":0.0,""r"":11,""run_id"":""f8aa956a2e2076433f554631dc774e205799286246e2bbf1a0cefd6d6db83727""}",
      1152,         1,         0,    4.47,mwpf__1c59223be739329e89f3e2f13123f7a8f4b0534135cf1e86feb02275412b9cb4,0634ed5aa73fe8e8c1c641cba85bef34b7d4eda6b029d2ee4500c76f6a3e6dd0,"{""circuit"":""surface_code:rotated_memory_x"",""cluster_node_limit"":50,""d"":5,""decoder"":""mwpf"",""decoder_type"":""SolverSerialJointSingleHair"",""p"":0.003,""p_erase"":0.0,""r"":5,""run_id"":""15e3edac26702bd06daa1bb3e90bddb5f87b2bb2b182b8fed1b9f8d68845e848""}",
        16,         0,         0,   0.632,mwpf__0d9aa11d665261a85b6152ce35c4d28399141c8834633741366e3ced28c5496e,9cb90efc03faa69e23b17dfc883ad5c9f049e23f8b4a263ea7026d53febd314f,"{""circuit"":""surface_code:rotated_memory_x"",""cluster_node_limit"":50,""d"":7,""decoder"":""mwpf"",""decoder_type"":""SolverSerialJointSingleHair"",""p"":0.004,""p_erase"":0.0,""r"":7,""run_id"":""bc63bb586674bf0943da17e714fe33cb9292304a00c52142dcc0aa98a48fe916""}",
         6,         0,         0,   0.417,mwpf__816dbb216f33548bde82700373ed8762c4588f7e736c0d6ce8bbd83718eb9bc4,4a103945d4b3e03fb447b3f991894618fed8c7625561e2ed8d29b4caf27b2618,"{""circuit"":""surface_code:rotated_memory_x"",""cluster_node_limit"":50,""d"":11,""decoder"":""mwpf"",""decoder_type"":""SolverSerialJointSingleHair"",""p"":0.004,""p_erase"":0.0,""r"":11,""run_id"":""3083dc33435eff96398d9127ce3d8e2c144ff987bf7bc12ab2896614c67e19b0""}",
      3072,        54,         0,    1.59,mwpf__4e1601b0668063eadc05111c07696cccf168dd50474bd608d301815d45c9a786,d19a124337761452ca3104e53f7e971c7bb837f006c26f70a68a8f67e770bb67,"{""circuit"":""surface_code:rotated_memory_x"",""cluster_node_limit"":50,""d"":3,""decoder"":""mwpf"",""decoder_type"":""SolverSerialJointSingleHair"",""p"":0.0075,""p_erase"":0.0,""r"":3,""run_id"":""4bc734d2ac70cf62b78df146e81bdcf5df30d786b05a2eea177a13d890e64669""}",
        16,         1,         0,    1.06,mwpf__91ffc942ec0dda29e3cbefbf32236cf9a6f3fa7b23e4675ef61bf5a2d3aa5377,40546135e2bd9eb08f97c8c1c6115e8bc75406288d37472ee0445cd367e1721b,"{""circuit"":""surface_code:rotated_memory_x"",""cluster_node_limit"":50,""d"":5,""decoder"":""mwpf"",""decoder_type"":""SolverSerialJointSingleHair"",""p"":0.0075,""p_erase"":0.0,""r"":5,""run_id"":""5a57a6d0ff957d816c2c86860718eec6af832a23575ff55f991f4b130256fb39""}",
      2048,        65,         0,    1.71,mwpf__aaa863e9a64627555b04b70db757b2526080350f57c3e44aa6971a8e395c5be7,4e04f8aa9db7314d71683d08e68e1c551e91b6148e3b3a9d2b78be567b73a4ed,"{""circuit"":""surface_code:rotated_memory_x"",""cluster_node_limit"":50,""d"":3,""decoder"":""mwpf"",""decoder_type"":""SolverSerialJointSingleHair"",""p"":0.01,""p_erase"":0.0,""r"":3,""run_id"":""5b6db69d825a9e1af451573dd00a4a7082d74a5e74fde81d397d7b0bcc5645b2""}",
         8,         1,         0,   0.421,mwpf__761f3371de99df9efabba094f174e439214687dced9cc3cd6fcfd4925ef05ead,5373d5de17f66a3eb06d839f452c3912e4e626c22ca55edf6a2d0424cc80f5ce,"{""circuit"":""surface_code:rotated_memory_x"",""cluster_node_limit"":50,""d"":7,""decoder"":""mwpf"",""decoder_type"":""SolverSerialJointSingleHair"",""p"":0.007,""p_erase"":0.0,""r"":7,""run_id"":""cc23d39f806d6b050b42fdf6523d37ff1ded4115cd9804c1b1173f160297dfb9""}",
        96,         0,         0,    1.06,mwpf__6d4510a60f3ab5a6af5bc8ff2f60857cc46b32094baeda08965a4d99c4f42aec,0cb3695c8696727a8873244b6e84d963d4eb9e0abd45b5a7328dfa907569f518,"{""circuit"":""surface_code:rotated_memory_x"",""cluster_node_limit"":50,""d"":5,""decoder"":""mwpf"",""decoder_type"":""SolverSerialJointSingleHair"",""p"":0.005,""p_erase"":0.0,""r"":5,""run_id"":""a9419091d73bd2c76a2c7e3604d34d847de2f4b02b85d0c3d0860c0754fc56d1""}",
         2,         0,         0,   0.306,mwpf__b51c22942b58bed18bbe1e33230fc16d37f2f994d4a2eb9aac1a816c71f648b5,49723c50d532252a125a0f77a511824bc8ba2453ced225ca935be4f8ae908466,"{""circuit"":""surface_code:rotated_memory_x"",""cluster_node_limit"":50,""d"":11,""decoder"":""mwpf"",""decoder_type"":""SolverSerialJointSingleHair"",""p"":0.005,""p_erase"":0.0,""r"":11,""run_id"":""dc16d4efdc8c9f700a5975f7aeee7db9a23f8fb27d65c75c03a3aeb77312b5d0""}",
         1,         0,         0,   0.436,mwpf__4d095e94564aaf70b358e5d5ebb14c977585d24f71ee066d73c8d28da9e509d1,f558194f437a2b7eb02e26a0c3c685b29032de063b739c7351099f552cd87aa6,"{""circuit"":""surface_code:rotated_memory_x"",""cluster_node_limit"":50,""d"":9,""decoder"":""mwpf"",""decoder_type"":""SolverSerialJointSingleHair"",""p"":0.01,""p_erase"":0.0,""r"":9,""run_id"":""07c0f409e8370b67d9c8c55c2486281381c0937533be35a12e0610e26f05aded""}",
         8,         1,         0,   0.576,mwpf__0480aaa502c889192677deb2a1f79b047530feca1cf6dfaaff42d6ad35de660c,2428a4412b21fcaa2436e1c2e9c61819ecb01828206a188ce051a39d99979d3f,"{""circuit"":""surface_code:rotated_memory_x"",""cluster_node_limit"":50,""d"":7,""decoder"":""mwpf"",""decoder_type"":""SolverSerialJointSingleHair"",""p"":0.008,""p_erase"":0.0,""r"":7,""run_id"":""b0127341a48953a855ea3549247068ee7050e7461912fad56a38b1d8708ded61""}",
         2,         0,         0,    1.06,mwpf__ef4bd14b406ebb94921d73b05e28e9be274fd0180168db54ebfe9ad4abb5c3dd,813034dd365f90862ad3456e088d05537a5961eea78ad69b71aff0330e723902,"{""circuit"":""surface_code:rotated_memory_x"",""cluster_node_limit"":50,""d"":9,""decoder"":""mwpf"",""decoder_type"":""SolverSerialJointSingleHair"",""p"":0.0075,""p_erase"":0.0,""r"":9,""run_id"":""d43e2110d6096cb21b3dc2507099ab1df8f05023ab41bfbd088fbc12277e6cad""}",
        64,         0,         0,    3.83,mwpf__b1e65b016886068417e23bc8e6fc3b5255b88b9358acef6c4d90bf957e517d18,31b39447a5c78d0b15a05b2c95790aeec81d5a48fd188b4f6a69524fe0d6720c,"{""circuit"":""surface_code:rotated_memory_x"",""cluster_node_limit"":50,""d"":7,""decoder"":""mwpf"",""decoder_type"":""SolverSerialJointSingleHair"",""p"":0.003,""p_erase"":0.0,""r"":7,""run_id"":""3e7768a46571fd1de5957ad6fb50ce7c500c937939ee9035abc77e8f3db0e162""}",
         4,         0,         0,   0.682,mwpf__21df6b2b273042e1d2ed9f329f81aafabed1f5f52db8a49dfa00753827685509,88fba1d38adf9b5170f72959e8ad037789746d8b4d0c05adc7b86ff083a5f8ba,"{""circuit"":""surface_code:rotated_memory_x"",""cluster_node_limit"":50,""d"":13,""decoder"":""mwpf"",""decoder_type"":""SolverSerialJointSingleHair"",""p"":0.003,""p_erase"":0.0,""r"":13,""run_id"":""9c1c158be912dc2d5d59c6edb8c837f5c8480a5e1b0cd3bc21b958a6713a9a18""}",
         8,         0,         0,    3.60,mwpf__1c17b6ee16c741b8697b91cd285aaee9a8e106198ab113a3b41e17f1b62daa89,3627112f92c7e85ea6801db379ff16386d627c78375e4cf85abab0e7352f9166,"{""circuit"":""surface_code:rotated_memory_x"",""cluster_node_limit"":50,""d"":9,""decoder"":""mwpf"",""decoder_type"":""SolverSerialJointSingleHair"",""p"":0.007,""p_erase"":0.0,""r"":9,""run_id"":""afd2d1bea34409055a74153634f35b6efd9ed9b105183e8591ec4772c9d800e4""}",
         2,         0,         0,   0.507,mwpf__6099ca9ba0e75d433e29cf0e99deb8fecdb2af5c2add85a0679af0a6cbc31454,059af26b3446a53a53fb02480a7d49eb29e7b3510b62d2455b645061774c7dd8,"{""circuit"":""surface_code:rotated_memory_x"",""cluster_node_limit"":50,""d"":9,""decoder"":""mwpf"",""decoder_type"":""SolverSerialJointSingleHair"",""p"":0.008,""p_erase"":0.0,""r"":9,""run_id"":""8dfac8c52a2bdb8ad1978822189831360902afd0bc2eb7a9333f1f5088b13a03""}",
        64,         0,         0,    1.63,mwpf__6dc40dd78a7537f759b93670cd0af0008adf279fbc2acda6010b04619b90078a,71b64adea95d26ec136e0f6d5c44173faab2351254ae92ff6c2fb79fe431c3f7,"{""circuit"":""surface_code:rotated_memory_x"",""cluster_node_limit"":50,""d"":5,""decoder"":""mwpf"",""decoder_type"":""SolverSerialJointSingleHair"",""p"":0.004,""p_erase"":0.0,""r"":5,""run_id"":""2c1d23bd89bcf5d6d623dffd52817527ab5ba820bb8c60558a749cc97b051f30""}",
        12,         0,         0,    1.53,mwpf__5690b4a8bc9c88c24efb060e4e655ea926b0a3cafb8eccb6b16e13bcfa6f8f57,2319881ca4af7e340fa0dc5e54cc6bc5ff4176d44f6e7028a967f989b1262cd0,"{""circuit"":""surface_code:rotated_memory_x"",""cluster_node_limit"":50,""d"":9,""decoder"":""mwpf"",""decoder_type"":""SolverSerialJointSingleHair"",""p"":0.0065,""p_erase"":0.0,""r"":9,""run_id"":""bcb66dbf1963af5450bb3b51e6950f2b7fc1b6490e9ba479a670b91dc4b2af88""}",
        16,         1,         0,    1.39,mwpf__c6ba5eb607084c237766d2f1acb7719308a77ef713824e5c4b8d9fdd0cd4a1b6,f538726661a9ad85ba0d5eda8cd32b2cbddd0a923127051b03a5b9c672de5ae4,"{""circuit"":""surface_code:rotated_memory_x"",""cluster_node_limit"":50,""d"":7,""decoder"":""mwpf"",""decoder_type"":""SolverSerialJointSingleHair"",""p"":0.0075,""p_erase"":0.0,""r"":7,""run_id"":""746c0ed850e7a1c4899561c73e97af04ff040736013cde397145df4c660e1d2a""}",
         1,         0,         0,   0.619,mwpf__1e6eb1b7d5a2ec0e953a7cb244b33bc530e16f23c32db88007fc1c7b035f330b,4b7230cba9d61504918ac10d685a7d051d9b1c23b970118aff9533c10c21a028,"{""circuit"":""surface_code:rotated_memory_x"",""cluster_node_limit"":50,""d"":11,""decoder"":""mwpf"",""decoder_type"":""SolverSerialJointSingleHair"",""p"":0.0075,""p_erase"":0.0,""r"":11,""run_id"":""d141b2a8478788124b5b1cb4085ff0997ab6fd837791f95217839732d3f5a11a""}",
         8,         0,         0,   0.897,mwpf__e31bcda4313c15612f870938a65840ff53c2398150f9cb961189e5e84b026776,2367d5faa513e3a6decb45c2bdd8779be42812fdc67d351c372070210ef9e7dd,"{""circuit"":""surface_code:rotated_memory_x"",""cluster_node_limit"":50,""d"":7,""decoder"":""mwpf"",""decoder_type"":""SolverSerialJointSingleHair"",""p"":0.006,""p_erase"":0.0,""r"":7,""run_id"":""c569d24a00e94715f929354bdbd1860f950e40c56d976da161032d1bf73e9e9d""}",
        64,         0,         0,    2.21,mwpf__8b7aba4b42c55eac316a2911da8b71ada3c5c95714024fe9cb878eda2ed964eb,19dae4f12454abdb37e7a82e67feb6734eaa8650e81bd5af32a541e6d88fd6f1,"{""circuit"":""surface_code:rotated_memory_x"",""cluster_node_limit"":50,""d"":5,""decoder"":""mwpf"",""decoder_type"":""SolverSerialJointSingleHair"",""p"":0.0065,""p_erase"":0.0,""r"":5,""run_id"":""14c277d1360d884007b225112d7b983b9f2c5fc158d2870f656c6b2929b311b6""}",
      7743,        47,         0,    1.66,mwpf__dced78135bd52c04bba10b515d4a91692dee24b8a04d4984c307073656943ffb,72b113c0355b3f34501fe2d9bc415951079307c7c15cd05285136221a1fc4dc0,"{""circuit"":""surface_code:rotated_memory_x"",""cluster_node_limit"":50,""d"":3,""decoder"":""mwpf"",""decoder_type"":""SolverSerialJointSingleHair"",""p"":0.004,""p_erase"":0.0,""r"":3,""run_id"":""90efa888ab0be85c6dc82d20d594fb219f455db906f7e8f7ad923a214270e30c""}",
         8,         0,         0,   0.446,mwpf__8548f0e17df6ec2da00e239d3cc0f77db49812682ea7479645b8b7bbf459e376,3982ff67ef7e56884cb20ebd1c912dd13305efd49de30c97ba1d1d3d4ede83f3,"{""circuit"":""surface_code:rotated_memory_x"",""cluster_node_limit"":50,""d"":11,""decoder"":""mwpf"",""decoder_type"":""SolverSerialJointSingleHair"",""p"":0.003,""p_erase"":0.0,""r"":11,""run_id"":""f8aa956a2e2076433f554631dc774e205799286246e2bbf1a0cefd6d6db83727""}",
      1024,        33,         0,    1.24,mwpf__d56b027df54bbcee1a569d4b790c31989f5693ab552e6ad7d4b399bc8a5b7ae2,f0a51108deaa2e813a85a0daf8998382d985f25173b21c56aa0f0dddcd7c45dc,"{""circuit"":""surface_code:rotated_memory_x"",""cluster_node_limit"":50,""d"":3,""decoder"":""mwpf"",""decoder_type"":""SolverSerialJointSingleHair"",""p"":0.009,""p_erase"":0.0,""r"":3,""run_id"":""f3773bbf3001f7044304ac6a12d9ddb4d020a1b2b51ce7b475f4f14944f915f3""}",
        16,         0,         0,   0.429,mwpf__0d9aa11d665261a85b6152ce35c4d28399141c8834633741366e3ced28c5496e,9cb90efc03faa69e23b17dfc883ad5c9f049e23f8b4a263ea7026d53febd314f,"{""circuit"":""surface_code:rotated_memory_x"",""cluster_node_limit"":50,""d"":7,""decoder"":""mwpf"",""decoder_type"":""SolverSerialJointSingleHair"",""p"":0.004,""p_erase"":0.0,""r"":7,""run_id"":""bc63bb586674bf0943da17e714fe33cb9292304a00c52142dcc0aa98a48fe916""}",
         1,         0,         0,   0.451,mwpf__4d095e94564aaf70b358e5d5ebb14c977585d24f71ee066d73c8d28da9e509d1,f558194f437a2b7eb02e26a0c3c685b29032de063b739c7351099f552cd87aa6,"{""circuit"":""surface_code:rotated_memory_x"",""cluster_node_limit"":50,""d"":9,""decoder"":""mwpf"",""decoder_type"":""SolverSerialJointSingleHair"",""p"":0.01,""p_erase"":0.0,""r"":9,""run_id"":""07c0f409e8370b67d9c8c55c2486281381c0937533be35a12e0610e26f05aded""}",
         2,         0,         0,   0.446,mwpf__ef4bd14b406ebb94921d73b05e28e9be274fd0180168db54ebfe9ad4abb5c3dd,813034dd365f90862ad3456e088d05537a5961eea78ad69b71aff0330e723902,"{""circuit"":""surface_code:rotated_memory_x"",""cluster_node_limit"":50,""d"":9,""decoder"":""mwpf"",""decoder_type"":""SolverSerialJointSingleHair"",""p"":0.0075,""p_erase"":0.0,""r"":9,""run_id"":""d43e2110d6096cb21b3dc2507099ab1df8f05023ab41bfbd088fbc12277e6cad""}",
         4,         0,         0,   0.331,mwpf__21df6b2b273042e1d2ed9f329f81aafabed1f5f52db8a49dfa00753827685509,88fba1d38adf9b5170f72959e8ad037789746d8b4d0c05adc7b86ff083a5f8ba,"{""circuit"":""surface_code:rotated_memory_x"",""cluster_node_limit"":50,""d"":13,""decoder"":""mwpf"",""decoder_type"":""SolverSerialJointSingleHair"",""p"":0.003,""p_erase"":0.0,""r"":13,""run_id"":""9c1c158be912dc2d5d59c6edb8c837f5c8480a5e1b0cd3bc21b958a6713a9a18""}",
         8,         0,         0,    1.37,mwpf__8c35bf1fe40791e0cc86728b65286dceac7fa4a3150955de718fb71e20591ac0,1db55f393cb47cd7701b494aee001a18fd4a230d6df85129178e6c37931db9f3,"{""circuit"":""surface_code:rotated_memory_x"",""cluster_node_limit"":50,""d"":9,""decoder"":""mwpf"",""decoder_type"":""SolverSerialJointSingleHair"",""p"":0.005,""p_erase"":0.0,""r"":9,""run_id"":""6ff49e3994bd55cd42a49411e80b5ece5d8b1ccd21e8041d4b16720db3ebea01""}",
         2,         0,         0,   0.947,mwpf__f72406d99baaa155e6537da23b921802aac7a0476bf592363ce60d85dc12f754,502cdaad1f5ad245d27f94b87cf52b63e8d9429b6075479c1cd1ab87feb4cda0,"{""circuit"":""surface_code:rotated_memory_x"",""cluster_node_limit"":50,""d"":13,""decoder"":""mwpf"",""decoder_type"":""SolverSerialJointSingleHair"",""p"":0.004,""p_erase"":0.0,""r"":13,""run_id"":""9c5f0f6384601a18598e9ec8096fd7d1f329b4fab58d65bfc72b05c12fd62fb2""}",
         2,         0,         0,   0.545,mwpf__b51c22942b58bed18bbe1e33230fc16d37f2f994d4a2eb9aac1a816c71f648b5,49723c50d532252a125a0f77a511824bc8ba2453ced225ca935be4f8ae908466,"{""circuit"":""surface_code:rotated_memory_x"",""cluster_node_limit"":50,""d"":11,""decoder"":""mwpf"",""decoder_type"":""SolverSerialJointSingleHair"",""p"":0.005,""p_erase"":0.0,""r"":11,""run_id"":""dc16d4efdc8c9f700a5975f7aeee7db9a23f8fb27d65c75c03a3aeb77312b5d0""}",
        12,         1,         0,    1.91,mwpf__e0a55262cf1f1a7a613b4765b0629e55d0b3fe9d54b863fbeff7519c53c8e351,34913737fb3f42b5d01e95eaa7e9bb6ec2ccceeb90dac3afed499a1716fb1a4c,"{""circuit"":""surface_code:rotated_memory_x"",""cluster_node_limit"":50,""d"":7,""decoder"":""mwpf"",""decoder_type"":""SolverSerialJointSingleHair"",""p"":0.01,""p_erase"":0.0,""r"":7,""run_id"":""85dc4b86326449a5e4d2267937782207589c000366e3fbe70d98bb3f9fb5a333""}",
        16,         0,         0,    2.18,mwpf__7b751ba9c29dec22792ae2997abbcfb30aeccd30f12272dee86da02f98924346,ef36a2d62e6f27449c8c54ebc380941555cc4126bf8269beb48c5d4285c2c832,"{""circuit"":""surface_code:rotated_memory_x"",""cluster_node_limit"":50,""d"":7,""decoder"":""mwpf"",""decoder_type"":""SolverSerialJointSingleHair"",""p"":0.0065,""p_erase"":0.0,""r"":7,""run_id"":""2dbf0f369a61ab19037b084768e1601bc2d15a711cdebadba5827ddd88dd2495""}",
         2,         0,         0,    1.64,mwpf__f1ba2c1f600b7a69e787fba16d98ab1a9190d2cbf22cb139f6d85f0963050ecd,362d43fe567b84549d5b408b2c9937944a18c5015578d62368865481ce9a1280,"{""circuit"":""surface_code:rotated_memory_x"",""cluster_node_limit"":50,""d"":9,""decoder"":""mwpf"",""decoder_type"":""SolverSerialJointSingleHair"",""p"":0.009,""p_erase"":0.0,""r"":9,""run_id"":""38d09452ebb2ff3ecc7153e5d90de64e1415b048dd2df4f50bcd6553bab20233""}",
        32,         0,         0,   0.346,mwpf__6dc40dd78a7537f759b93670cd0af0008adf279fbc2acda6010b04619b90078a,71b64adea95d26ec136e0f6d5c44173faab2351254ae92ff6c2fb79fe431c3f7,"{""circuit"":""surface_code:rotated_memory_x"",""cluster_node_limit"":50,""d"":5,""decoder"":""mwpf"",""decoder_type"":""SolverSerialJointSingleHair"",""p"":0.004,""p_erase"":0.0,""r"":5,""run_id"":""2c1d23bd89bcf5d6d623dffd52817527ab5ba820bb8c60558a749cc97b051f30""}",
         1,         0,         0,   0.152,mwpf__4d095e94564aaf70b358e5d5ebb14c977585d24f71ee066d73c8d28da9e509d1,f558194f437a2b7eb02e26a0c3c685b29032de063b739c7351099f552cd87aa6,"{""circuit"":""surface_code:rotated_memory_x"",""cluster_node_limit"":50,""d"":9,""decoder"":""mwpf"",""decoder_type"":""SolverSerialJointSingleHair"",""p"":0.01,""p_erase"":0.0,""r"":9,""run_id"":""07c0f409e8370b67d9c8c55c2486281381c0937533be35a12e0610e26f05aded""}",
      4096,        68,         0,    2.44,mwpf__682d5c8b1e761a1076b65dca539a2d15d82ad086708269570743d5b5c12e48ec,7ee21ac07e1d2d837dee1b9de812df8e43271af75c9d02b6bafea9ec15c9affa,"{""circuit"":""surface_code:rotated_memory_x"",""cluster_node_limit"":50,""d"":3,""decoder"":""mwpf"",""decoder_type"":""SolverSerialJointSingleHair"",""p"":0.0065,""p_erase"":0.0,""r"":3,""run_id"":""b8f63b3afee4afe98e7bbb30f20c4398dd3b9aec649fcfb3e47705c2a2c61b36""}",
        16,         0,         0,   0.324,mwpf__0d9aa11d665261a85b6152ce35c4d28399141c8834633741366e3ced28c5496e,9cb90efc03faa69e23b17dfc883ad5c9f049e23f8b4a263ea7026d53febd314f,"{""circuit"":""surface_code:rotated_memory_x"",""cluster_node_limit"":50,""d"":7,""decoder"":""mwpf"",""decoder_type"":""SolverSerialJointSingleHair"",""p"":0.004,""p_erase"":0.0,""r"":7,""run_id"":""bc63bb586674bf0943da17e714fe33cb9292304a00c52142dcc0aa98a48fe916""}",
        32,         0,         0,    1.27,mwpf__951eb3349e78cec2a155134d7fb171e1ad03d800a86442f3c4b76397f4c7fd4d,cde164a21cdab97d63839b3f64b1c2e5cf62ef5d8be22509c82bac34fbb3e2b2,"{""circuit"":""surface_code:rotated_memory_x"",""cluster_node_limit"":50,""d"":5,""decoder"":""mwpf"",""decoder_type"":""SolverSerialJointSingleHair"",""p"":0.007,""p_erase"":0.0,""r"":5,""run_id"":""fc11e6013551ff75fa4759b0fc71e28cb776c1e995679ad07f9247f45c9ad106""}",
         1,         0,         0,    1.19,mwpf__f9063755c39883c48737094eb951c81e28c0aefc8fc06c8eb835458a62282981,fdac3f78e7f3f721527d59c20e8b245fc629ff60f002686769ee78cadbe52a57,"{""circuit"":""surface_code:rotated_memory_x"",""cluster_node_limit"":50,""d"":13,""decoder"":""mwpf"",""decoder_type"":""SolverSerialJointSingleHair"",""p"":0.007,""p_erase"":0.0,""r"":13,""run_id"":""68d030e70085ac3f063fd9eaa2e4f59bd9a3703071bd2ef7fe33246307eb68cb""}",
         2,         1,         0,    3.22,mwpf__0e7c94a776c9d36b18431c37b59c5d54ed615181b4983b9359c243e9f764dfb4,18ed3080fc8dd3e2ad1b8ac4ffd96f6ee6464a3ae086c1352c800cbc7cd6c4b7,"{""circuit"":""surface_code:rotated_memory_x"",""cluster_node_limit"":50,""d"":7,""decoder"":""mwpf"",""decoder_type"":""SolverSerialJointSingleHair"",""p"":0.015,""p_erase"":0.0,""r"":7,""run_id"":""acdc3549d7b3f20ef13fd9539e517d8487bc2b0a145673bebaddb7b3e0579f70""}",
        16,         5,         0,    1.75,mwpf__3f1b64a9ac39918fdfc1d8685d2ae22620c080992f83b482a25d7b8f1adaea5a,0b2a8a048818ac11f66a73bdbd1d5dc5a971687b6a9c1ab5af8e2dcdd4f0c1bf,"{""circuit"":""surface_code:rotated_memory_x"",""cluster_node_limit"":50,""d"":5,""decoder"":""mwpf"",""decoder_type"":""SolverSerialJointSingleHair"",""p"":0.015,""p_erase"":0.0,""r"":5,""run_id"":""6fe96edac5c8fb2c1aed8ea14c67ceeb92423fdf3ce9e1c97fff0ce2aa5d5538""}",
        64,         1,         0,    1.94,mwpf__9d3e7a869e7911d9ce122143a3492c036ddd4432f11bd090435ee7772beb17ae,6d5c7f274b75ae537824437920d4a7ca50ed98e1dfa880fcbb9eccb2e87a1048,"{""circuit"":""surface_code:rotated_memory_x"",""cluster_node_limit"":50,""d"":5,""decoder"":""mwpf"",""decoder_type"":""SolverSerialJointSingleHair"",""p"":0.006,""p_erase"":0.0,""r"":5,""run_id"":""136e458ea1bb00db5031dfe54473bc21d7f67216ffcf15b01c0f763ac55c92f3""}",
         4,         0,         0,    2.50,mwpf__657887243b5868399920fa937a3887ed9e2ac0d9d98cadc2e1a651e3f504cda0,d4553ef01c242393c1aeaba835587e05af3c08f66bad464752b049a3be541a37,"{""circuit"":""surface_code:rotated_memory_x"",""cluster_node_limit"":50,""d"":11,""decoder"":""mwpf"",""decoder_type"":""SolverSerialJointSingleHair"",""p"":0.0065,""p_erase"":0.0,""r"":11,""run_id"":""8e1df1698035a74962cf4fbf46e34daf5b11fbeb2de0990648bf3b88ed7162d9""}",
       768,        53,         0,    1.84,mwpf__b0b7dc35549e4684aaf56d7f39208097266fbb01b99fc634aa5cc65cb30d3fd9,28ac44c8c5b47a07887bdc431a672e9f8611047ab24d905f93db9d3c36d03445,"{""circuit"":""surface_code:rotated_memory_x"",""cluster_node_limit"":50,""d"":3,""decoder"":""mwpf"",""decoder_type"":""SolverSerialJointSingleHair"",""p"":0.015,""p_erase"":0.0,""r"":3,""run_id"":""b44761db4df8b64c8917c437ae7fe1c452a55149c1dc7a5ca0f619d5bff0315c""}",
         8,         1,         0,   0.904,mwpf__0480aaa502c889192677deb2a1f79b047530feca1cf6dfaaff42d6ad35de660c,2428a4412b21fcaa2436e1c2e9c61819ecb01828206a188ce051a39d99979d3f,"{""circuit"":""surface_code:rotated_memory_x"",""cluster_node_limit"":50,""d"":7,""decoder"":""mwpf"",""decoder_type"":""SolverSerialJointSingleHair"",""p"":0.008,""p_erase"":0.0,""r"":7,""run_id"":""b0127341a48953a855ea3549247068ee7050e7461912fad56a38b1d8708ded61""}",
         4,         0,         0,   0.524,mwpf__21df6b2b273042e1d2ed9f329f81aafabed1f5f52db8a49dfa00753827685509,88fba1d38adf9b5170f72959e8ad037789746d8b4d0c05adc7b86ff083a5f8ba,"{""circuit"":""surface_code:rotated_memory_x"",""cluster_node_limit"":50,""d"":13,""decoder"":""mwpf"",""decoder_type"":""SolverSerialJointSingleHair"",""p"":0.003,""p_erase"":0.0,""r"":13,""run_id"":""9c1c158be912dc2d5d59c6edb8c837f5c8480a5e1b0cd3bc21b958a6713a9a18""}",
        48,         3,         0,    1.68,mwpf__74b18df185b22796a559f32f488c1f95ef0d82d34c256906317561e4acce78ec,ff1f59d74e0a85a29f4995de86372e17ef6d73f50ef84112e0cd3a298e221696,"{""circuit"":""surface_code:rotated_memory_x"",""cluster_node_limit"":50,""d"":5,""decoder"":""mwpf"",""decoder_type"":""SolverSerialJointSingleHair"",""p"":0.009,""p_erase"":0.0,""r"":5,""run_id"":""c32281a89ec9fb6ef8731b931cbe729d04602aba0eeadfec21fc1875143cc8af""}",
         4,         0,         0,   0.855,mwpf__5690b4a8bc9c88c24efb060e4e655ea926b0a3cafb8eccb6b16e13bcfa6f8f57,2319881ca4af7e340fa0dc5e54cc6bc5ff4176d44f6e7028a967f989b1262cd0,"{""circuit"":""surface_code:rotated_memory_x"",""cluster_node_limit"":50,""d"":9,""decoder"":""mwpf"",""decoder_type"":""SolverSerialJointSingleHair"",""p"":0.0065,""p_erase"":0.0,""r"":9,""run_id"":""bcb66dbf1963af5450bb3b51e6950f2b7fc1b6490e9ba479a670b91dc4b2af88""}",
         1,         0,         0,    1.61,mwpf__4f2003d1a89cbab61d79e87a09a2976b8dd26d83c596509b48a165ee5488bbeb,175546001eaf15e5eec910e644a4e44db259318c59115eb89bfe0c8686f47616,"{""circuit"":""surface_code:rotated_memory_x"",""cluster_node_limit"":50,""d"":13,""decoder"":""mwpf"",""decoder_type"":""SolverSerialJointSingleHair"",""p"":0.006,""p_erase"":0.0,""r"":13,""run_id"":""62be0f9566ae226642dba313ffd2ee6fb56abf4ecd764eb123ecb3879eba54f4""}",
         8,         0,         0,    1.15,mwpf__761f3371de99df9efabba094f174e439214687dced9cc3cd6fcfd4925ef05ead,5373d5de17f66a3eb06d839f452c3912e4e626c22ca55edf6a2d0424cc80f5ce,"{""circuit"":""surface_code:rotated_memory_x"",""cluster_node_limit"":50,""d"":7,""decoder"":""mwpf"",""decoder_type"":""SolverSerialJointSingleHair"",""p"":0.007,""p_erase"":0.0,""r"":7,""run_id"":""cc23d39f806d6b050b42fdf6523d37ff1ded4115cd9804c1b1173f160297dfb9""}",
      1536,        36,         0,    1.69,mwpf__43962ba459d86cd819b8558032ffa6472ba0555135068fb74009d94b7bad5532,1b4e499b3b262af26ba14e01aa169e3a7f2d864a488b68fa6fba53177a53ffcc,"{""circuit"":""surface_code:rotated_memory_x"",""cluster_node_limit"":50,""d"":3,""decoder"":""mwpf"",""decoder_type"":""SolverSerialJointSingleHair"",""p"":0.008,""p_erase"":0.0,""r"":3,""run_id"":""842b8d9622dd95e081373b13334f0c4c970c25ea256e90e9985b8d1bb6968aef""}",
        32,         2,         0,    1.52,mwpf__e098ae1eaf131a692c7d269ecd7c0b356809a18a2ccc52547656bea351773dd9,c4e2e9f4264f6040fcd119a2d32c96bd25a12364f525742dd40c8b2e504c5240,"{""circuit"":""surface_code:rotated_memory_x"",""cluster_node_limit"":50,""d"":5,""decoder"":""mwpf"",""decoder_type"":""SolverSerialJointSingleHair"",""p"":0.01,""p_erase"":0.0,""r"":5,""run_id"":""669fd91e75976823dd1cbb6f0d860524121f186f614db6fb259f60c1945fce8a""}",
        48,         1,         0,    1.27,mwpf__91ffc942ec0dda29e3cbefbf32236cf9a6f3fa7b23e4675ef61bf5a2d3aa5377,40546135e2bd9eb08f97c8c1c6115e8bc75406288d37472ee0445cd367e1721b,"{""circuit"":""surface_code:rotated_memory_x"",""cluster_node_limit"":50,""d"":5,""decoder"":""mwpf"",""decoder_type"":""SolverSerialJointSingleHair"",""p"":0.0075,""p_erase"":0.0,""r"":5,""run_id"":""5a57a6d0ff957d816c2c86860718eec6af832a23575ff55f991f4b130256fb39""}",
        32,         0,         0,   0.656,mwpf__6dc40dd78a7537f759b93670cd0af0008adf279fbc2acda6010b04619b90078a,71b64adea95d26ec136e0f6d5c44173faab2351254ae92ff6c2fb79fe431c3f7,"{""circuit"":""surface_code:rotated_memory_x"",""cluster_node_limit"":50,""d"":5,""decoder"":""mwpf"",""decoder_type"":""SolverSerialJointSingleHair"",""p"":0.004,""p_erase"":0.0,""r"":5,""run_id"":""2c1d23bd89bcf5d6d623dffd52817527ab5ba820bb8c60558a749cc97b051f30""}",
         8,         0,         0,   0.736,mwpf__7b751ba9c29dec22792ae2997abbcfb30aeccd30f12272dee86da02f98924346,ef36a2d62e6f27449c8c54ebc380941555cc4126bf8269beb48c5d4285c2c832,"{""circuit"":""surface_code:rotated_memory_x"",""cluster_node_limit"":50,""d"":7,""decoder"":""mwpf"",""decoder_type"":""SolverSerialJointSingleHair"",""p"":0.0065,""p_erase"":0.0,""r"":7,""run_id"":""2dbf0f369a61ab19037b084768e1601bc2d15a711cdebadba5827ddd88dd2495""}",
         4,         0,         0,    1.13,mwpf__1c17b6ee16c741b8697b91cd285aaee9a8e106198ab113a3b41e17f1b62daa89,3627112f92c7e85ea6801db379ff16386d627c78375e4cf85abab0e7352f9166,"{""circuit"":""surface_code:rotated_memory_x"",""cluster_node_limit"":50,""d"":9,""decoder"":""mwpf"",""decoder_type"":""SolverSerialJointSingleHair"",""p"":0.007,""p_erase"":0.0,""r"":9,""run_id"":""afd2d1bea34409055a74153634f35b6efd9ed9b105183e8591ec4772c9d800e4""}",
        16,         0,         0,   0.654,mwpf__0d9aa11d665261a85b6152ce35c4d28399141c8834633741366e3ced28c5496e,9cb90efc03faa69e23b17dfc883ad5c9f049e23f8b4a263ea7026d53febd314f,"{""circuit"":""surface_code:rotated_memory_x"",""cluster_node_limit"":50,""d"":7,""decoder"":""mwpf"",""decoder_type"":""SolverSerialJointSingleHair"",""p"":0.004,""p_erase"":0.0,""r"":7,""run_id"":""bc63bb586674bf0943da17e714fe33cb9292304a00c52142dcc0aa98a48fe916""}",
         8,         0,         0,    1.06,mwpf__8548f0e17df6ec2da00e239d3cc0f77db49812682ea7479645b8b7bbf459e376,3982ff67ef7e56884cb20ebd1c912dd13305efd49de30c97ba1d1d3d4ede83f3,"{""circuit"":""surface_code:rotated_memory_x"",""cluster_node_limit"":50,""d"":11,""decoder"":""mwpf"",""decoder_type"":""SolverSerialJointSingleHair"",""p"":0.003,""p_erase"":0.0,""r"":11,""run_id"":""f8aa956a2e2076433f554631dc774e205799286246e2bbf1a0cefd6d6db83727""}",
         6,         0,         0,   0.875,mwpf__f72406d99baaa155e6537da23b921802aac7a0476bf592363ce60d85dc12f754,502cdaad1f5ad245d27f94b87cf52b63e8d9429b6075479c1cd1ab87feb4cda0,"{""circuit"":""surface_code:rotated_memory_x"",""cluster_node_limit"":50,""d"":13,""decoder"":""mwpf"",""decoder_type"":""SolverSerialJointSingleHair"",""p"":0.004,""p_erase"":0.0,""r"":13,""run_id"":""9c5f0f6384601a18598e9ec8096fd7d1f329b4fab58d65bfc72b05c12fd62fb2""}",
         2,         0,         0,   0.991,mwpf__ef4bd14b406ebb94921d73b05e28e9be274fd0180168db54ebfe9ad4abb5c3dd,813034dd365f90862ad3456e088d05537a5961eea78ad69b71aff0330e723902,"{""circuit"":""surface_code:rotated_memory_x"",""cluster_node_limit"":50,""d"":9,""decoder"":""mwpf"",""decoder_type"":""SolverSerialJointSingleHair"",""p"":0.0075,""p_erase"":0.0,""r"":9,""run_id"":""d43e2110d6096cb21b3dc2507099ab1df8f05023ab41bfbd088fbc12277e6cad""}",
        16,         2,         0,    1.94,mwpf__71869c18a9a089d40b18edd25a7ba89978fac639dfba4267cf7ec0f8c602c1b8,a01cc1b908db7b76624bbdaed185a25417056dfe423183481572b126d2518af4,"{""circuit"":""surface_code:rotated_memory_x"",""cluster_node_limit"":50,""d"":7,""decoder"":""mwpf"",""decoder_type"":""SolverSerialJointSingleHair"",""p"":0.009,""p_erase"":0.0,""r"":7,""run_id"":""4b2052dd33b88244b8dc64e1aa696c4f0cef9c363b27e7d2cd9a4ccb51da3596""}",
      5120,        73,         0,    2.30,mwpf__03fa2c6e37aff7c81ae22b7dea7a504d3eb26ec3a7b349088c7bcea7a9871e0c,6267ba7f3c1c772896eebefc6d523adb68e82d38d020e307be1f733b70ad8bd3,"{""circuit"":""surface_code:rotated_memory_x"",""cluster_node_limit"":50,""d"":3,""decoder"":""mwpf"",""decoder_type"":""SolverSerialJointSingleHair"",""p"":0.007,""p_erase"":0.0,""r"":3,""run_id"":""135e03791629607bb61bf8b9b22bc12f2324f26b65e31e82f5c3cd97d24c99c9""}",
        32,         0,         0,   0.791,mwpf__9d3e7a869e7911d9ce122143a3492c036ddd4432f11bd090435ee7772beb17ae,6d5c7f274b75ae537824437920d4a7ca50ed98e1dfa880fcbb9eccb2e87a1048,"{""circuit"":""surface_code:rotated_memory_x"",""cluster_node_limit"":50,""d"":5,""decoder"":""mwpf"",""decoder_type"":""SolverSerialJointSingleHair"",""p"":0.006,""p_erase"":0.0,""r"":5,""run_id"":""136e458ea1bb00db5031dfe54473bc21d7f67216ffcf15b01c0f763ac55c92f3""}",
        48,         0,         0,    3.09,mwpf__51e8ee19cf0aaa70da53967b6319671a0062ce98a2bc87274e8dc28f0b80d783,80a8d8d8845ce59d024eed62a7aec2b46f82d021196b4658f49128b3cea863e2,"{""circuit"":""surface_code:rotated_memory_x"",""cluster_node_limit"":50,""d"":7,""decoder"":""mwpf"",""decoder_type"":""SolverSerialJointSingleHair"",""p"":0.005,""p_erase"":0.0,""r"":7,""run_id"":""3ff977703ebf3f566a41dac215e2bc8e682579cf7cec84db2f03627fcfabbad2""}",
         5,         0,         0,    1.04,mwpf__f1ba2c1f600b7a69e787fba16d98ab1a9190d2cbf22cb139f6d85f0963050ecd,362d43fe567b84549d5b408b2c9937944a18c5015578d62368865481ce9a1280,"{""circuit"":""surface_code:rotated_memory_x"",""cluster_node_limit"":50,""d"":9,""decoder"":""mwpf"",""decoder_type"":""SolverSerialJointSingleHair"",""p"":0.009,""p_erase"":0.0,""r"":9,""run_id"":""38d09452ebb2ff3ecc7153e5d90de64e1415b048dd2df4f50bcd6553bab20233""}",
         8,         0,         0,    1.14,mwpf__8c35bf1fe40791e0cc86728b65286dceac7fa4a3150955de718fb71e20591ac0,1db55f393cb47cd7701b494aee001a18fd4a230d6df85129178e6c37931db9f3,"{""circuit"":""surface_code:rotated_memory_x"",""cluster_node_limit"":50,""d"":9,""decoder"":""mwpf"",""decoder_type"":""SolverSerialJointSingleHair"",""p"":0.005,""p_erase"":0.0,""r"":9,""run_id"":""6ff49e3994bd55cd42a49411e80b5ece5d8b1ccd21e8041d4b16720db3ebea01""}",
         2,         0,         0,    2.01,mwpf__0ffad40cb78e56d31871ef678a2c2c220e01e0128694bf21b48103122ad96d78,1eeffca09c34ec66ea37833c9064e8ea37a416c4745e08373b9f3699fa053396,"{""circuit"":""surface_code:rotated_memory_x"",""cluster_node_limit"":50,""d"":9,""decoder"":""mwpf"",""decoder_type"":""SolverSerialJointSingleHair"",""p"":0.006,""p_erase"":0.0,""r"":9,""run_id"":""24bb5f6faf950c7f32be70c2a658f8a2aec69874df03f312866b1e584c72f944""}",
         8,         0,         0,    1.42,mwpf__c6ba5eb607084c237766d2f1acb7719308a77ef713824e5c4b8d9fdd0cd4a1b6,f538726661a9ad85ba0d5eda8cd32b2cbddd0a923127051b03a5b9c672de5ae4,"{""circuit"":""surface_code:rotated_memory_x"",""cluster_node_limit"":50,""d"":7,""decoder"":""mwpf"",""decoder_type"":""SolverSerialJointSingleHair"",""p"":0.0075,""p_erase"":0.0,""r"":7,""run_id"":""746c0ed850e7a1c4899561c73e97af04ff040736013cde397145df4c660e1d2a""}",
         8,         0,         0,   0.406,mwpf__7b751ba9c29dec22792ae2997abbcfb30aeccd30f12272dee86da02f98924346,ef36a2d62e6f27449c8c54ebc380941555cc4126bf8269beb48c5d4285c2c832,"{""circuit"":""surface_code:rotated_memory_x"",""cluster_node_limit"":50,""d"":7,""decoder"":""mwpf"",""decoder_type"":""SolverSerialJointSingleHair"",""p"":0.0065,""p_erase"":0.0,""r"":7,""run_id"":""2dbf0f369a61ab19037b084768e1601bc2d15a711cdebadba5827ddd88dd2495""}",
        16,         0,         0,    2.97,mwpf__df232194f367aabe935bb4165a6f2a18934748069bb45308bdea72b5aa54cc52,91cc3f9bee6eacdc4ac1e2e6b8df0d38ece142e9760fded5c2a9edaa44f54857,"{""circuit"":""surface_code:rotated_memory_x"",""cluster_node_limit"":50,""d"":9,""decoder"":""mwpf"",""decoder_type"":""SolverSerialJointSingleHair"",""p"":0.004,""p_erase"":0.0,""r"":9,""run_id"":""4464f5804de6cb9a9718f832f08fe8f67d7fac0287acd1b900c7694bfd7b4af5""}",
      2048,        52,         0,    1.38,mwpf__d56b027df54bbcee1a569d4b790c31989f5693ab552e6ad7d4b399bc8a5b7ae2,f0a51108deaa2e813a85a0daf8998382d985f25173b21c56aa0f0dddcd7c45dc,"{""circuit"":""surface_code:rotated_memory_x"",""cluster_node_limit"":50,""d"":3,""decoder"":""mwpf"",""decoder_type"":""SolverSerialJointSingleHair"",""p"":0.009,""p_erase"":0.0,""r"":3,""run_id"":""f3773bbf3001f7044304ac6a12d9ddb4d020a1b2b51ce7b475f4f14944f915f3""}",
      2048,        58,         0,    1.78,mwpf__4e1601b0668063eadc05111c07696cccf168dd50474bd608d301815d45c9a786,d19a124337761452ca3104e53f7e971c7bb837f006c26f70a68a8f67e770bb67,"{""circuit"":""surface_code:rotated_memory_x"",""cluster_node_limit"":50,""d"":3,""decoder"":""mwpf"",""decoder_type"":""SolverSerialJointSingleHair"",""p"":0.0075,""p_erase"":0.0,""r"":3,""run_id"":""4bc734d2ac70cf62b78df146e81bdcf5df30d786b05a2eea177a13d890e64669""}",
        32,         0,         0,    1.56,mwpf__b1e65b016886068417e23bc8e6fc3b5255b88b9358acef6c4d90bf957e517d18,31b39447a5c78d0b15a05b2c95790aeec81d5a48fd188b4f6a69524fe0d6720c,"{""circuit"":""surface_code:rotated_memory_x"",""cluster_node_limit"":50,""d"":7,""decoder"":""mwpf"",""decoder_type"":""SolverSerialJointSingleHair"",""p"":0.003,""p_erase"":0.0,""r"":7,""run_id"":""3e7768a46571fd1de5957ad6fb50ce7c500c937939ee9035abc77e8f3db0e162""}",
        32,         1,         0,   0.247,mwpf__9d3e7a869e7911d9ce122143a3492c036ddd4432f11bd090435ee7772beb17ae,6d5c7f274b75ae537824437920d4a7ca50ed98e1dfa880fcbb9eccb2e87a1048,"{""circuit"":""surface_code:rotated_memory_x"",""cluster_node_limit"":50,""d"":5,""decoder"":""mwpf"",""decoder_type"":""SolverSerialJointSingleHair"",""p"":0.006,""p_erase"":0.0,""r"":5,""run_id"":""136e458ea1bb00db5031dfe54473bc21d7f67216ffcf15b01c0f763ac55c92f3""}",
         6,         0,         0,    2.72,mwpf__635e40dda6d3e96020ea75ae193e9dd537bd1e25622b042e0e59c0187110d1be,06dc2e6bd74ae874fe58d9f164c4486dc719c5118f922909b0e948fb9b7a211e,"{""circuit"":""surface_code:rotated_memory_x"",""cluster_node_limit"":50,""d"":13,""decoder"":""mwpf"",""decoder_type"":""SolverSerialJointSingleHair"",""p"":0.005,""p_erase"":0.0,""r"":13,""run_id"":""1dd32fbecda77a042c5f41d375ae2b79efd66b7adfe572570e9f313567b2202a""}",
         5,         0,         0,    2.41,mwpf__d6e8817167c21e257031ce66381ee5547a20cccfb4c07657b5dadac3a6833f79,77c3f58796b3a8a06dbcfa38996887a82fbc4ff14750db8111f1c9a504ceb897,"{""circuit"":""surface_code:rotated_memory_x"",""cluster_node_limit"":50,""d"":11,""decoder"":""mwpf"",""decoder_type"":""SolverSerialJointSingleHair"",""p"":0.007,""p_erase"":0.0,""r"":11,""run_id"":""738582bca717139319653195fdb3aed07ff60eec35baeb0848929c7f5b5792fa""}",
         4,         0,         0,   0.615,mwpf__1c17b6ee16c741b8697b91cd285aaee9a8e106198ab113a3b41e17f1b62daa89,3627112f92c7e85ea6801db379ff16386d627c78375e4cf85abab0e7352f9166,"{""circuit"":""surface_code:rotated_memory_x"",""cluster_node_limit"":50,""d"":9,""decoder"":""mwpf"",""decoder_type"":""SolverSerialJointSingleHair"",""p"":0.007,""p_erase"":0.0,""r"":9,""run_id"":""afd2d1bea34409055a74153634f35b6efd9ed9b105183e8591ec4772c9d800e4""}",
         2,         0,         0,    2.20,mwpf__27a571c12c515651d4ffcfb77cd014cbd564d8d59b84c23e14b783de48feab52,c7796fbd3a9ed9e25c88662f131fdcc3db567aa019543a6d04c9545bad45a9e6,"{""circuit"":""surface_code:rotated_memory_x"",""cluster_node_limit"":50,""d"":11,""decoder"":""mwpf"",""decoder_type"":""SolverSerialJointSingleHair"",""p"":0.008,""p_erase"":0.0,""r"":11,""run_id"":""a1c19c3e7f2e8098c81889b056bfa77224d1f0cf9b3deea17d360de81aae0496""}",
       128,         1,         0,    2.06,mwpf__6d4510a60f3ab5a6af5bc8ff2f60857cc46b32094baeda08965a4d99c4f42aec,0cb3695c8696727a8873244b6e84d963d4eb9e0abd45b5a7328dfa907569f518,"{""circuit"":""surface_code:rotated_memory_x"",""cluster_node_limit"":50,""d"":5,""decoder"":""mwpf"",""decoder_type"":""SolverSerialJointSingleHair"",""p"":0.005,""p_erase"":0.0,""r"":5,""run_id"":""a9419091d73bd2c76a2c7e3604d34d847de2f4b02b85d0c3d0860c0754fc56d1""}",
         2,         0,         0,    1.42,mwpf__4d095e94564aaf70b358e5d5ebb14c977585d24f71ee066d73c8d28da9e509d1,f558194f437a2b7eb02e26a0c3c685b29032de063b739c7351099f552cd87aa6,"{""circuit"":""surface_code:rotated_memory_x"",""cluster_node_limit"":50,""d"":9,""decoder"":""mwpf"",""decoder_type"":""SolverSerialJointSingleHair"",""p"":0.01,""p_erase"":0.0,""r"":9,""run_id"":""07c0f409e8370b67d9c8c55c2486281381c0937533be35a12e0610e26f05aded""}",
         1,         0,         0,   0.976,mwpf__4f2003d1a89cbab61d79e87a09a2976b8dd26d83c596509b48a165ee5488bbeb,175546001eaf15e5eec910e644a4e44db259318c59115eb89bfe0c8686f47616,"{""circuit"":""surface_code:rotated_memory_x"",""cluster_node_limit"":50,""d"":13,""decoder"":""mwpf"",""decoder_type"":""SolverSerialJointSingleHair"",""p"":0.006,""p_erase"":0.0,""r"":13,""run_id"":""62be0f9566ae226642dba313ffd2ee6fb56abf4ecd764eb123ecb3879eba54f4""}",
         2,         0,         0,    3.23,mwpf__7a95b4e0e46b327d000e116a0c1b8752a5233749e2ab488204b0555276cc7d20,3739a29a1a4cc537bb158528d425c3e0bc4b8143c997f57751cec9d6df3b5373,"{""circuit"":""surface_code:rotated_memory_x"",""cluster_node_limit"":50,""d"":11,""decoder"":""mwpf"",""decoder_type"":""SolverSerialJointSingleHair"",""p"":0.006,""p_erase"":0.0,""r"":11,""run_id"":""8004ec240d1464395bfc8a126a835b432e446c1a1cef8253e8138d42920ca974""}",
         1,         0,         0,   0.435,mwpf__0ffad40cb78e56d31871ef678a2c2c220e01e0128694bf21b48103122ad96d78,1eeffca09c34ec66ea37833c9064e8ea37a416c4745e08373b9f3699fa053396,"{""circuit"":""surface_code:rotated_memory_x"",""cluster_node_limit"":50,""d"":9,""decoder"":""mwpf"",""decoder_type"":""SolverSerialJointSingleHair"",""p"":0.006,""p_erase"":0.0,""r"":9,""run_id"":""24bb5f6faf950c7f32be70c2a658f8a2aec69874df03f312866b1e584c72f944""}",
         8,         0,         0,   0.773,mwpf__8548f0e17df6ec2da00e239d3cc0f77db49812682ea7479645b8b7bbf459e376,3982ff67ef7e56884cb20ebd1c912dd13305efd49de30c97ba1d1d3d4ede83f3,"{""circuit"":""surface_code:rotated_memory_x"",""cluster_node_limit"":50,""d"":11,""decoder"":""mwpf"",""decoder_type"":""SolverSerialJointSingleHair"",""p"":0.003,""p_erase"":0.0,""r"":11,""run_id"":""f8aa956a2e2076433f554631dc774e205799286246e2bbf1a0cefd6d6db83727""}",
         8,         1,         0,    1.26,mwpf__0480aaa502c889192677deb2a1f79b047530feca1cf6dfaaff42d6ad35de660c,2428a4412b21fcaa2436e1c2e9c61819ecb01828206a188ce051a39d99979d3f,"{""circuit"":""surface_code:rotated_memory_x"",""cluster_node_limit"":50,""d"":7,""decoder"":""mwpf"",""decoder_type"":""SolverSerialJointSingleHair"",""p"":0.008,""p_erase"":0.0,""r"":7,""run_id"":""b0127341a48953a855ea3549247068ee7050e7461912fad56a38b1d8708ded61""}",
         4,         0,         0,    1.96,mwpf__6099ca9ba0e75d433e29cf0e99deb8fecdb2af5c2add85a0679af0a6cbc31454,059af26b3446a53a53fb02480a7d49eb29e7b3510b62d2455b645061774c7dd8,"{""circuit"":""surface_code:rotated_memory_x"",""cluster_node_limit"":50,""d"":9,""decoder"":""mwpf"",""decoder_type"":""SolverSerialJointSingleHair"",""p"":0.008,""p_erase"":0.0,""r"":9,""run_id"":""8dfac8c52a2bdb8ad1978822189831360902afd0bc2eb7a9333f1f5088b13a03""}",
         2,         0,         0,    1.65,mwpf__b51c22942b58bed18bbe1e33230fc16d37f2f994d4a2eb9aac1a816c71f648b5,49723c50d532252a125a0f77a511824bc8ba2453ced225ca935be4f8ae908466,"{""circuit"":""surface_code:rotated_memory_x"",""cluster_node_limit"":50,""d"":11,""decoder"":""mwpf"",""decoder_type"":""SolverSerialJointSingleHair"",""p"":0.005,""p_erase"":0.0,""r"":11,""run_id"":""dc16d4efdc8c9f700a5975f7aeee7db9a23f8fb27d65c75c03a3aeb77312b5d0""}",
        96,         0,         0,   0.989,mwpf__6dc40dd78a7537f759b93670cd0af0008adf279fbc2acda6010b04619b90078a,71b64adea95d26ec136e0f6d5c44173faab2351254ae92ff6c2fb79fe431c3f7,"{""circuit"":""surface_code:rotated_memory_x"",""cluster_node_limit"":50,""d"":5,""decoder"":""mwpf"",""decoder_type"":""SolverSerialJointSingleHair"",""p"":0.004,""p_erase"":0.0,""r"":5,""run_id"":""2c1d23bd89bcf5d6d623dffd52817527ab5ba820bb8c60558a749cc97b051f30""}",
         4,         0,         0,    1.25,mwpf__21df6b2b273042e1d2ed9f329f81aafabed1f5f52db8a49dfa00753827685509,88fba1d38adf9b5170f72959e8ad037789746d8b4d0c05adc7b86ff083a5f8ba,"{""circuit"":""surface_code:rotated_memory_x"",""cluster_node_limit"":50,""d"":13,""decoder"":""mwpf"",""decoder_type"":""SolverSerialJointSingleHair"",""p"":0.003,""p_erase"":0.0,""r"":13,""run_id"":""9c1c158be912dc2d5d59c6edb8c837f5c8480a5e1b0cd3bc21b958a6713a9a18""}",
        16,         0,         0,    1.21,mwpf__761f3371de99df9efabba094f174e439214687dced9cc3cd6fcfd4925ef05ead,5373d5de17f66a3eb06d839f452c3912e4e626c22ca55edf6a2d0424cc80f5ce,"{""circuit"":""surface_code:rotated_memory_x"",""cluster_node_limit"":50,""d"":7,""decoder"":""mwpf"",""decoder_type"":""SolverSerialJointSingleHair"",""p"":0.007,""p_erase"":0.0,""r"":7,""run_id"":""cc23d39f806d6b050b42fdf6523d37ff1ded4115cd9804c1b1173f160297dfb9""}",
        32,         1,         0,    2.04,mwpf__8b7aba4b42c55eac316a2911da8b71ada3c5c95714024fe9cb878eda2ed964eb,19dae4f12454abdb37e7a82e67feb6734eaa8650e81bd5af32a541e6d88fd6f1,"{""circuit"":""surface_code:rotated_memory_x"",""cluster_node_limit"":50,""d"":5,""decoder"":""mwpf"",""decoder_type"":""SolverSerialJointSingleHair"",""p"":0.0065,""p_erase"":0.0,""r"":5,""run_id"":""14c277d1360d884007b225112d7b983b9f2c5fc158d2870f656c6b2929b311b6""}",
        32,         0,         0,    3.67,mwpf__b86dfdc6edf5243fa953eba38df9eedffa26e17e861ff53898370ede6b3f4924,ed4377a6fc84ce98150c12b4f78cbf0f69f277dc7b34e1caecdce413a6651655,"{""circuit"":""surface_code:rotated_memory_x"",""cluster_node_limit"":50,""d"":9,""decoder"":""mwpf"",""decoder_type"":""SolverSerialJointSingleHair"",""p"":0.003,""p_erase"":0.0,""r"":9,""run_id"":""efe7c5548b07943d995a96c2060d6be39255a1f992a2a76f4714bdcbfad04986""}",
         8,         0,         0,   0.645,mwpf__df232194f367aabe935bb4165a6f2a18934748069bb45308bdea72b5aa54cc52,91cc3f9bee6eacdc4ac1e2e6b8df0d38ece142e9760fded5c2a9edaa44f54857,"{""circuit"":""surface_code:rotated_memory_x"",""cluster_node_limit"":50,""d"":9,""decoder"":""mwpf"",""decoder_type"":""SolverSerialJointSingleHair"",""p"":0.004,""p_erase"":0.0,""r"":9,""run_id"":""4464f5804de6cb9a9718f832f08fe8f67d7fac0287acd1b900c7694bfd7b4af5""}",
         1,         0,         0,   0.181,mwpf__b51c22942b58bed18bbe1e33230fc16d37f2f994d4a2eb9aac1a816c71f648b5,49723c50d532252a125a0f77a511824bc8ba2453ced225ca935be4f8ae908466,"{""circuit"":""surface_code:rotated_memory_x"",""cluster_node_limit"":50,""d"":11,""decoder"":""mwpf"",""decoder_type"":""SolverSerialJointSingleHair"",""p"":0.005,""p_erase"":0.0,""r"":11,""run_id"":""dc16d4efdc8c9f700a5975f7aeee7db9a23f8fb27d65c75c03a3aeb77312b5d0""}",
         2,         0,         0,   0.588,mwpf__635e40dda6d3e96020ea75ae193e9dd537bd1e25622b042e0e59c0187110d1be,06dc2e6bd74ae874fe58d9f164c4486dc719c5118f922909b0e948fb9b7a211e,"{""circuit"":""surface_code:rotated_memory_x"",""cluster_node_limit"":50,""d"":13,""decoder"":""mwpf"",""decoder_type"":""SolverSerialJointSingleHair"",""p"":0.005,""p_erase"":0.0,""r"":13,""run_id"":""1dd32fbecda77a042c5f41d375ae2b79efd66b7adfe572570e9f313567b2202a""}",
         8,         0,         0,    1.35,mwpf__5690b4a8bc9c88c24efb060e4e655ea926b0a3cafb8eccb6b16e13bcfa6f8f57,2319881ca4af7e340fa0dc5e54cc6bc5ff4176d44f6e7028a967f989b1262cd0,"{""circuit"":""surface_code:rotated_memory_x"",""cluster_node_limit"":50,""d"":9,""decoder"":""mwpf"",""decoder_type"":""SolverSerialJointSingleHair"",""p"":0.0065,""p_erase"":0.0,""r"":9,""run_id"":""bcb66dbf1963af5450bb3b51e6950f2b7fc1b6490e9ba479a670b91dc4b2af88""}",
         1,         1,         0,    11.0,mwpf__379f6dbce7a8107a155ae56b95b39b3b041fc70754e4109af3d0a79a7dc1064d,02bf57d656549d4ae6cbf5d702646ade8255c5271d45423d621fa1b7777a6908,"{""circuit"":""surface_code:rotated_memory_x"",""cluster_node_limit"":50,""d"":11,""decoder"":""mwpf"",""decoder_type"":""SolverSerialJointSingleHair"",""p"":0.01,""p_erase"":0.0,""r"":11,""run_id"":""f2936ce57f818d69f7e1b5c9954ec7387d9a1f53c4355bd88c213e49338e6b5b""}",
         8,         0,         0,   0.780,mwpf__7b751ba9c29dec22792ae2997abbcfb30aeccd30f12272dee86da02f98924346,ef36a2d62e6f27449c8c54ebc380941555cc4126bf8269beb48c5d4285c2c832,"{""circuit"":""surface_code:rotated_memory_x"",""cluster_node_limit"":50,""d"":7,""decoder"":""mwpf"",""decoder_type"":""SolverSerialJointSingleHair"",""p"":0.0065,""p_erase"":0.0,""r"":7,""run_id"":""2dbf0f369a61ab19037b084768e1601bc2d15a711cdebadba5827ddd88dd2495""}",
      9216,        86,         0,    3.21,mwpf__f1c73b55d20502edeb1352a97286268c1728587a9a613ad3646eea7ce6f5b0e8,c945d4451adf51d3115cab618d9042a74af97ed090632e5d8ded54a9c2a8acaa,"{""circuit"":""surface_code:rotated_memory_x"",""cluster_node_limit"":50,""d"":3,""decoder"":""mwpf"",""decoder_type"":""SolverSerialJointSingleHair"",""p"":0.005,""p_erase"":0.0,""r"":3,""run_id"":""5101ac8ef9c97b83df4dd9d8fb12d7b219d036893929703eba32fffa9e647600""}",
      3072,        85,         0,    2.56,mwpf__aaa863e9a64627555b04b70db757b2526080350f57c3e44aa6971a8e395c5be7,4e04f8aa9db7314d71683d08e68e1c551e91b6148e3b3a9d2b78be567b73a4ed,"{""circuit"":""surface_code:rotated_memory_x"",""cluster_node_limit"":50,""d"":3,""decoder"":""mwpf"",""decoder_type"":""SolverSerialJointSingleHair"",""p"":0.01,""p_erase"":0.0,""r"":3,""run_id"":""5b6db69d825a9e1af451573dd00a4a7082d74a5e74fde81d397d7b0bcc5645b2""}",
         1,         0,         0,   0.531,mwpf__4f2003d1a89cbab61d79e87a09a2976b8dd26d83c596509b48a165ee5488bbeb,175546001eaf15e5eec910e644a4e44db259318c59115eb89bfe0c8686f47616,"{""circuit"":""surface_code:rotated_memory_x"",""cluster_node_limit"":50,""d"":13,""decoder"":""mwpf"",""decoder_type"":""SolverSerialJointSingleHair"",""p"":0.006,""p_erase"":0.0,""r"":13,""run_id"":""62be0f9566ae226642dba313ffd2ee6fb56abf4ecd764eb123ecb3879eba54f4""}",
      8192,       102,         0,    3.33,mwpf__be13af6e4aecc79fd8470069cbeba0b7402ccae8a2a39ca14aa05aab56e13157,a0053533921bc46fbfe14bb420d60339e3870782d8212090091825118b30ddec,"{""circuit"":""surface_code:rotated_memory_x"",""cluster_node_limit"":50,""d"":3,""decoder"":""mwpf"",""decoder_type"":""SolverSerialJointSingleHair"",""p"":0.006,""p_erase"":0.0,""r"":3,""run_id"":""dd60754122c9f7a810b0c1d8b1c92188ea52870232067546237f0fa25d610548""}",
        32,         2,         0,    1.93,mwpf__951eb3349e78cec2a155134d7fb171e1ad03d800a86442f3c4b76397f4c7fd4d,cde164a21cdab97d63839b3f64b1c2e5cf62ef5d8be22509c82bac34fbb3e2b2,"{""circuit"":""surface_code:rotated_memory_x"",""cluster_node_limit"":50,""d"":5,""decoder"":""mwpf"",""decoder_type"":""SolverSerialJointSingleHair"",""p"":0.007,""p_erase"":0.0,""r"":5,""run_id"":""fc11e6013551ff75fa4759b0fc71e28cb776c1e995679ad07f9247f45c9ad106""}",
        16,         0,         0,    1.30,mwpf__0d9aa11d665261a85b6152ce35c4d28399141c8834633741366e3ced28c5496e,9cb90efc03faa69e23b17dfc883ad5c9f049e23f8b4a263ea7026d53febd314f,"{""circuit"":""surface_code:rotated_memory_x"",""cluster_node_limit"":50,""d"":7,""decoder"":""mwpf"",""decoder_type"":""SolverSerialJointSingleHair"",""p"":0.004,""p_erase"":0.0,""r"":7,""run_id"":""bc63bb586674bf0943da17e714fe33cb9292304a00c52142dcc0aa98a48fe916""}",
        16,         0,         0,    1.54,mwpf__e098ae1eaf131a692c7d269ecd7c0b356809a18a2ccc52547656bea351773dd9,c4e2e9f4264f6040fcd119a2d32c96bd25a12364f525742dd40c8b2e504c5240,"{""circuit"":""surface_code:rotated_memory_x"",""cluster_node_limit"":50,""d"":5,""decoder"":""mwpf"",""decoder_type"":""SolverSerialJointSingleHair"",""p"":0.01,""p_erase"":0.0,""r"":5,""run_id"":""669fd91e75976823dd1cbb6f0d860524121f186f614db6fb259f60c1945fce8a""}",
        32,         1,         0,    1.68,mwpf__74b18df185b22796a559f32f488c1f95ef0d82d34c256906317561e4acce78ec,ff1f59d74e0a85a29f4995de86372e17ef6d73f50ef84112e0cd3a298e221696,"{""circuit"":""surface_code:rotated_memory_x"",""cluster_node_limit"":50,""d"":5,""decoder"":""mwpf"",""decoder_type"":""SolverSerialJointSingleHair"",""p"":0.009,""p_erase"":0.0,""r"":5,""run_id"":""c32281a89ec9fb6ef8731b931cbe729d04602aba0eeadfec21fc1875143cc8af""}",
         1,         1,         0,    10.9,mwpf__2513811017579026d7674ebe2393e0cc3aa91e0705b0a322adcdc3e99a3a038c,faaca1e550d6a99dde065c98f56a1aeef0a6af23a66e67c706b6ffdd967b8259,"{""circuit"":""surface_code:rotated_memory_x"",""cluster_node_limit"":50,""d"":9,""decoder"":""mwpf"",""decoder_type"":""SolverSerialJointSingleHair"",""p"":0.015,""p_erase"":0.0,""r"":9,""run_id"":""48b869192ebdc343a5330d4ec118d7f7605576a3810e15cb95222da28197c77e""}",
         1,         0,         0,    8.53,mwpf__57391e40513f77c41f6a5a9525f7848296f820427a102e649174251c3ae8c6ad,c79309ca0aef5cbc081da3f3155afd72d2954938e38b055a062809320ce791a5,"{""circuit"":""surface_code:rotated_memory_x"",""cluster_node_limit"":50,""d"":11,""decoder"":""mwpf"",""decoder_type"":""SolverSerialJointSingleHair"",""p"":0.009,""p_erase"":0.0,""r"":11,""run_id"":""aafe4cc1c9371c3b19f54d96c87b12f95609d65a09ae8f01c1659b6987c891b7""}",
         1,         1,         0,    2.07,mwpf__0e7c94a776c9d36b18431c37b59c5d54ed615181b4983b9359c243e9f764dfb4,18ed3080fc8dd3e2ad1b8ac4ffd96f6ee6464a3ae086c1352c800cbc7cd6c4b7,"{""circuit"":""surface_code:rotated_memory_x"",""cluster_node_limit"":50,""d"":7,""decoder"":""mwpf"",""decoder_type"":""SolverSerialJointSingleHair"",""p"":0.015,""p_erase"":0.0,""r"":7,""run_id"":""acdc3549d7b3f20ef13fd9539e517d8487bc2b0a145673bebaddb7b3e0579f70""}",
        64,         0,         0,   0.590,mwpf__6dc40dd78a7537f759b93670cd0af0008adf279fbc2acda6010b04619b90078a,71b64adea95d26ec136e0f6d5c44173faab2351254ae92ff6c2fb79fe431c3f7,"{""circuit"":""surface_code:rotated_memory_x"",""cluster_node_limit"":50,""d"":5,""decoder"":""mwpf"",""decoder_type"":""SolverSerialJointSingleHair"",""p"":0.004,""p_erase"":0.0,""r"":5,""run_id"":""2c1d23bd89bcf5d6d623dffd52817527ab5ba820bb8c60558a749cc97b051f30""}",
         4,         0,         0,    1.43,mwpf__f72406d99baaa155e6537da23b921802aac7a0476bf592363ce60d85dc12f754,502cdaad1f5ad245d27f94b87cf52b63e8d9429b6075479c1cd1ab87feb4cda0,"{""circuit"":""surface_code:rotated_memory_x"",""cluster_node_limit"":50,""d"":13,""decoder"":""mwpf"",""decoder_type"":""SolverSerialJointSingleHair"",""p"":0.004,""p_erase"":0.0,""r"":13,""run_id"":""9c5f0f6384601a18598e9ec8096fd7d1f329b4fab58d65bfc72b05c12fd62fb2""}",
         4,         0,         0,   0.918,mwpf__1c17b6ee16c741b8697b91cd285aaee9a8e106198ab113a3b41e17f1b62daa89,3627112f92c7e85ea6801db379ff16386d627c78375e4cf85abab0e7352f9166,"{""circuit"":""surface_code:rotated_memory_x"",""cluster_node_limit"":50,""d"":9,""decoder"":""mwpf"",""decoder_type"":""SolverSerialJointSingleHair"",""p"":0.007,""p_erase"":0.0,""r"":9,""run_id"":""afd2d1bea34409055a74153634f35b6efd9ed9b105183e8591ec4772c9d800e4""}",
         2,         0,         0,   0.968,mwpf__d6e8817167c21e257031ce66381ee5547a20cccfb4c07657b5dadac3a6833f79,77c3f58796b3a8a06dbcfa38996887a82fbc4ff14750db8111f1c9a504ceb897,"{""circuit"":""surface_code:rotated_memory_x"",""cluster_node_limit"":50,""d"":11,""decoder"":""mwpf"",""decoder_type"":""SolverSerialJointSingleHair"",""p"":0.007,""p_erase"":0.0,""r"":11,""run_id"":""738582bca717139319653195fdb3aed07ff60eec35baeb0848929c7f5b5792fa""}",
        32,         0,         0,    1.28,mwpf__51e8ee19cf0aaa70da53967b6319671a0062ce98a2bc87274e8dc28f0b80d783,80a8d8d8845ce59d024eed62a7aec2b46f82d021196b4658f49128b3cea863e2,"{""circuit"":""surface_code:rotated_memory_x"",""cluster_node_limit"":50,""d"":7,""decoder"":""mwpf"",""decoder_type"":""SolverSerialJointSingleHair"",""p"":0.005,""p_erase"":0.0,""r"":7,""run_id"":""3ff977703ebf3f566a41dac215e2bc8e682579cf7cec84db2f03627fcfabbad2""}",
        16,         1,         0,    1.34,mwpf__71869c18a9a089d40b18edd25a7ba89978fac639dfba4267cf7ec0f8c602c1b8,a01cc1b908db7b76624bbdaed185a25417056dfe423183481572b126d2518af4,"{""circuit"":""surface_code:rotated_memory_x"",""cluster_node_limit"":50,""d"":7,""decoder"":""mwpf"",""decoder_type"":""SolverSerialJointSingleHair"",""p"":0.009,""p_erase"":0.0,""r"":7,""run_id"":""4b2052dd33b88244b8dc64e1aa696c4f0cef9c363b27e7d2cd9a4ccb51da3596""}",
         3,         0,         0,    2.68,mwpf__1e6eb1b7d5a2ec0e953a7cb244b33bc530e16f23c32db88007fc1c7b035f330b,4b7230cba9d61504918ac10d685a7d051d9b1c23b970118aff9533c10c21a028,"{""circuit"":""surface_code:rotated_memory_x"",""cluster_node_limit"":50,""d"":11,""decoder"":""mwpf"",""decoder_type"":""SolverSerialJointSingleHair"",""p"":0.0075,""p_erase"":0.0,""r"":11,""run_id"":""d141b2a8478788124b5b1cb4085ff0997ab6fd837791f95217839732d3f5a11a""}",
         2,         0,         0,    1.52,mwpf__ef4bd14b406ebb94921d73b05e28e9be274fd0180168db54ebfe9ad4abb5c3dd,813034dd365f90862ad3456e088d05537a5961eea78ad69b71aff0330e723902,"{""circuit"":""surface_code:rotated_memory_x"",""cluster_node_limit"":50,""d"":9,""decoder"":""mwpf"",""decoder_type"":""SolverSerialJointSingleHair"",""p"":0.0075,""p_erase"":0.0,""r"":9,""run_id"":""d43e2110d6096cb21b3dc2507099ab1df8f05023ab41bfbd088fbc12277e6cad""}",
         8,         0,         0,   0.676,mwpf__df232194f367aabe935bb4165a6f2a18934748069bb45308bdea72b5aa54cc52,91cc3f9bee6eacdc4ac1e2e6b8df0d38ece142e9760fded5c2a9edaa44f54857,"{""circuit"":""surface_code:rotated_memory_x"",""cluster_node_limit"":50,""d"":9,""decoder"":""mwpf"",""decoder_type"":""SolverSerialJointSingleHair"",""p"":0.004,""p_erase"":0.0,""r"":9,""run_id"":""4464f5804de6cb9a9718f832f08fe8f67d7fac0287acd1b900c7694bfd7b4af5""}",
        48,         0,         0,    3.43,mwpf__d6e273bec9b587e85ba4f19af1099d5769edba9e40437c8089c08ed25bd72758,5388f8eb2e6e41b439260433c3419bdbf5f8b4bd5b8e2a2c70a24a791cee3145,"{""circuit"":""surface_code:rotated_memory_x"",""cluster_node_limit"":50,""d"":5,""decoder"":""mwpf"",""decoder_type"":""SolverSerialJointSingleHair"",""p"":0.008,""p_erase"":0.0,""r"":5,""run_id"":""bfa3c7cba13850dd37e54bb29bb945687e3fe04272a3151e2ac8acb7416976e7""}",
         1,         1,         0,   0.389,mwpf__2513811017579026d7674ebe2393e0cc3aa91e0705b0a322adcdc3e99a3a038c,faaca1e550d6a99dde065c98f56a1aeef0a6af23a66e67c706b6ffdd967b8259,"{""circuit"":""surface_code:rotated_memory_x"",""cluster_node_limit"":50,""d"":9,""decoder"":""mwpf"",""decoder_type"":""SolverSerialJointSingleHair"",""p"":0.015,""p_erase"":0.0,""r"":9,""run_id"":""48b869192ebdc343a5330d4ec118d7f7605576a3810e15cb95222da28197c77e""}",
        32,         1,         0,    2.89,mwpf__e31bcda4313c15612f870938a65840ff53c2398150f9cb961189e5e84b026776,2367d5faa513e3a6decb45c2bdd8779be42812fdc67d351c372070210ef9e7dd,"{""circuit"":""surface_code:rotated_memory_x"",""cluster_node_limit"":50,""d"":7,""decoder"":""mwpf"",""decoder_type"":""SolverSerialJointSingleHair"",""p"":0.006,""p_erase"":0.0,""r"":7,""run_id"":""c569d24a00e94715f929354bdbd1860f950e40c56d976da161032d1bf73e9e9d""}",
       512,         0,         0,    3.29,mwpf__1c59223be739329e89f3e2f13123f7a8f4b0534135cf1e86feb02275412b9cb4,0634ed5aa73fe8e8c1c641cba85bef34b7d4eda6b029d2ee4500c76f6a3e6dd0,"{""circuit"":""surface_code:rotated_memory_x"",""cluster_node_limit"":50,""d"":5,""decoder"":""mwpf"",""decoder_type"":""SolverSerialJointSingleHair"",""p"":0.003,""p_erase"":0.0,""r"":5,""run_id"":""15e3edac26702bd06daa1bb3e90bddb5f87b2bb2b182b8fed1b9f8d68845e848""}",
       144,         0,         0,    1.50,mwpf__b1e65b016886068417e23bc8e6fc3b5255b88b9358acef6c4d90bf957e517d18,31b39447a5c78d0b15a05b2c95790aeec81d5a48fd188b4f6a69524fe0d6720c,"{""circuit"":""surface_code:rotated_memory_x"",""cluster_node_limit"":50,""d"":7,""decoder"":""mwpf"",""decoder_type"":""SolverSerialJointSingleHair"",""p"":0.003,""p_erase"":0.0,""r"":7,""run_id"":""3e7768a46571fd1de5957ad6fb50ce7c500c937939ee9035abc77e8f3db0e162""}",
        40,         6,         0,    2.48,mwpf__3f1b64a9ac39918fdfc1d8685d2ae22620c080992f83b482a25d7b8f1adaea5a,0b2a8a048818ac11f66a73bdbd1d5dc5a971687b6a9c1ab5af8e2dcdd4f0c1bf,"{""circuit"":""surface_code:rotated_memory_x"",""cluster_node_limit"":50,""d"":5,""decoder"":""mwpf"",""decoder_type"":""SolverSerialJointSingleHair"",""p"":0.015,""p_erase"":0.0,""r"":5,""run_id"":""6fe96edac5c8fb2c1aed8ea14c67ceeb92423fdf3ce9e1c97fff0ce2aa5d5538""}",
      1280,        80,         0,    2.36,mwpf__b0b7dc35549e4684aaf56d7f39208097266fbb01b99fc634aa5cc65cb30d3fd9,28ac44c8c5b47a07887bdc431a672e9f8611047ab24d905f93db9d3c36d03445,"{""circuit"":""surface_code:rotated_memory_x"",""cluster_node_limit"":50,""d"":3,""decoder"":""mwpf"",""decoder_type"":""SolverSerialJointSingleHair"",""p"":0.015,""p_erase"":0.0,""r"":3,""run_id"":""b44761db4df8b64c8917c437ae7fe1c452a55149c1dc7a5ca0f619d5bff0315c""}",
        16,         0,         0,   0.825,mwpf__0d9aa11d665261a85b6152ce35c4d28399141c8834633741366e3ced28c5496e,9cb90efc03faa69e23b17dfc883ad5c9f049e23f8b4a263ea7026d53febd314f,"{""circuit"":""surface_code:rotated_memory_x"",""cluster_node_limit"":50,""d"":7,""decoder"":""mwpf"",""decoder_type"":""SolverSerialJointSingleHair"",""p"":0.004,""p_erase"":0.0,""r"":7,""run_id"":""bc63bb586674bf0943da17e714fe33cb9292304a00c52142dcc0aa98a48fe916""}",
         2,         0,         0,    1.08,mwpf__635e40dda6d3e96020ea75ae193e9dd537bd1e25622b042e0e59c0187110d1be,06dc2e6bd74ae874fe58d9f164c4486dc719c5118f922909b0e948fb9b7a211e,"{""circuit"":""surface_code:rotated_memory_x"",""cluster_node_limit"":50,""d"":13,""decoder"":""mwpf"",""decoder_type"":""SolverSerialJointSingleHair"",""p"":0.005,""p_erase"":0.0,""r"":13,""run_id"":""1dd32fbecda77a042c5f41d375ae2b79efd66b7adfe572570e9f313567b2202a""}",
      2048,        67,         0,    1.80,mwpf__d56b027df54bbcee1a569d4b790c31989f5693ab552e6ad7d4b399bc8a5b7ae2,f0a51108deaa2e813a85a0daf8998382d985f25173b21c56aa0f0dddcd7c45dc,"{""circuit"":""surface_code:rotated_memory_x"",""cluster_node_limit"":50,""d"":3,""decoder"":""mwpf"",""decoder_type"":""SolverSerialJointSingleHair"",""p"":0.009,""p_erase"":0.0,""r"":3,""run_id"":""f3773bbf3001f7044304ac6a12d9ddb4d020a1b2b51ce7b475f4f14944f915f3""}",
         4,         0,         0,   0.694,mwpf__f72406d99baaa155e6537da23b921802aac7a0476bf592363ce60d85dc12f754,502cdaad1f5ad245d27f94b87cf52b63e8d9429b6075479c1cd1ab87feb4cda0,"{""circuit"":""surface_code:rotated_memory_x"",""cluster_node_limit"":50,""d"":13,""decoder"":""mwpf"",""decoder_type"":""SolverSerialJointSingleHair"",""p"":0.004,""p_erase"":0.0,""r"":13,""run_id"":""9c5f0f6384601a18598e9ec8096fd7d1f329b4fab58d65bfc72b05c12fd62fb2""}",
         8,         0,         0,    1.42,mwpf__8548f0e17df6ec2da00e239d3cc0f77db49812682ea7479645b8b7bbf459e376,3982ff67ef7e56884cb20ebd1c912dd13305efd49de30c97ba1d1d3d4ede83f3,"{""circuit"":""surface_code:rotated_memory_x"",""cluster_node_limit"":50,""d"":11,""decoder"":""mwpf"",""decoder_type"":""SolverSerialJointSingleHair"",""p"":0.003,""p_erase"":0.0,""r"":11,""run_id"":""f8aa956a2e2076433f554631dc774e205799286246e2bbf1a0cefd6d6db83727""}",
         1,         0,         0,    1.56,mwpf__27a571c12c515651d4ffcfb77cd014cbd564d8d59b84c23e14b783de48feab52,c7796fbd3a9ed9e25c88662f131fdcc3db567aa019543a6d04c9545bad45a9e6,"{""circuit"":""surface_code:rotated_memory_x"",""cluster_node_limit"":50,""d"":11,""decoder"":""mwpf"",""decoder_type"":""SolverSerialJointSingleHair"",""p"":0.008,""p_erase"":0.0,""r"":11,""run_id"":""a1c19c3e7f2e8098c81889b056bfa77224d1f0cf9b3deea17d360de81aae0496""}",
        48,         0,         0,    1.25,mwpf__8b7aba4b42c55eac316a2911da8b71ada3c5c95714024fe9cb878eda2ed964eb,19dae4f12454abdb37e7a82e67feb6734eaa8650e81bd5af32a541e6d88fd6f1,"{""circuit"":""surface_code:rotated_memory_x"",""cluster_node_limit"":50,""d"":5,""decoder"":""mwpf"",""decoder_type"":""SolverSerialJointSingleHair"",""p"":0.0065,""p_erase"":0.0,""r"":5,""run_id"":""14c277d1360d884007b225112d7b983b9f2c5fc158d2870f656c6b2929b311b6""}",
        20,         1,         0,    1.92,mwpf__c6ba5eb607084c237766d2f1acb7719308a77ef713824e5c4b8d9fdd0cd4a1b6,f538726661a9ad85ba0d5eda8cd32b2cbddd0a923127051b03a5b9c672de5ae4,"{""circuit"":""surface_code:rotated_memory_x"",""cluster_node_limit"":50,""d"":7,""decoder"":""mwpf"",""decoder_type"":""SolverSerialJointSingleHair"",""p"":0.0075,""p_erase"":0.0,""r"":7,""run_id"":""746c0ed850e7a1c4899561c73e97af04ff040736013cde397145df4c660e1d2a""}",
         4,         0,         0,    1.17,mwpf__5690b4a8bc9c88c24efb060e4e655ea926b0a3cafb8eccb6b16e13bcfa6f8f57,2319881ca4af7e340fa0dc5e54cc6bc5ff4176d44f6e7028a967f989b1262cd0,"{""circuit"":""surface_code:rotated_memory_x"",""cluster_node_limit"":50,""d"":9,""decoder"":""mwpf"",""decoder_type"":""SolverSerialJointSingleHair"",""p"":0.0065,""p_erase"":0.0,""r"":9,""run_id"":""bcb66dbf1963af5450bb3b51e6950f2b7fc1b6490e9ba479a670b91dc4b2af88""}",
        16,         0,         0,    1.02,mwpf__951eb3349e78cec2a155134d7fb171e1ad03d800a86442f3c4b76397f4c7fd4d,cde164a21cdab97d63839b3f64b1c2e5cf62ef5d8be22509c82bac34fbb3e2b2,"{""circuit"":""surface_code:rotated_memory_x"",""cluster_node_limit"":50,""d"":5,""decoder"":""mwpf"",""decoder_type"":""SolverSerialJointSingleHair"",""p"":0.007,""p_erase"":0.0,""r"":5,""run_id"":""fc11e6013551ff75fa4759b0fc71e28cb776c1e995679ad07f9247f45c9ad106""}",
        16,         1,         0,    1.52,mwpf__0480aaa502c889192677deb2a1f79b047530feca1cf6dfaaff42d6ad35de660c,2428a4412b21fcaa2436e1c2e9c61819ecb01828206a188ce051a39d99979d3f,"{""circuit"":""surface_code:rotated_memory_x"",""cluster_node_limit"":50,""d"":7,""decoder"":""mwpf"",""decoder_type"":""SolverSerialJointSingleHair"",""p"":0.008,""p_erase"":0.0,""r"":7,""run_id"":""b0127341a48953a855ea3549247068ee7050e7461912fad56a38b1d8708ded61""}",
        16,         2,         0,    1.22,mwpf__7b751ba9c29dec22792ae2997abbcfb30aeccd30f12272dee86da02f98924346,ef36a2d62e6f27449c8c54ebc380941555cc4126bf8269beb48c5d4285c2c832,"{""circuit"":""surface_code:rotated_memory_x"",""cluster_node_limit"":50,""d"":7,""decoder"":""mwpf"",""decoder_type"":""SolverSerialJointSingleHair"",""p"":0.0065,""p_erase"":0.0,""r"":7,""run_id"":""2dbf0f369a61ab19037b084768e1601bc2d15a711cdebadba5827ddd88dd2495""}",
         1,         0,         0,    3.00,mwpf__f9063755c39883c48737094eb951c81e28c0aefc8fc06c8eb835458a62282981,fdac3f78e7f3f721527d59c20e8b245fc629ff60f002686769ee78cadbe52a57,"{""circuit"":""surface_code:rotated_memory_x"",""cluster_node_limit"":50,""d"":13,""decoder"":""mwpf"",""decoder_type"":""SolverSerialJointSingleHair"",""p"":0.007,""p_erase"":0.0,""r"":13,""run_id"":""68d030e70085ac3f063fd9eaa2e4f59bd9a3703071bd2ef7fe33246307eb68cb""}",
        24,         1,         0,    1.05,mwpf__e098ae1eaf131a692c7d269ecd7c0b356809a18a2ccc52547656bea351773dd9,c4e2e9f4264f6040fcd119a2d32c96bd25a12364f525742dd40c8b2e504c5240,"{""circuit"":""surface_code:rotated_memory_x"",""cluster_node_limit"":50,""d"":5,""decoder"":""mwpf"",""decoder_type"":""SolverSerialJointSingleHair"",""p"":0.01,""p_erase"":0.0,""r"":5,""run_id"":""669fd91e75976823dd1cbb6f0d860524121f186f614db6fb259f60c1945fce8a""}",
        16,         0,         0,    1.06,mwpf__74b18df185b22796a559f32f488c1f95ef0d82d34c256906317561e4acce78ec,ff1f59d74e0a85a29f4995de86372e17ef6d73f50ef84112e0cd3a298e221696,"{""circuit"":""surface_code:rotated_memory_x"",""cluster_node_limit"":50,""d"":5,""decoder"":""mwpf"",""decoder_type"":""SolverSerialJointSingleHair"",""p"":0.009,""p_erase"":0.0,""r"":5,""run_id"":""c32281a89ec9fb6ef8731b931cbe729d04602aba0eeadfec21fc1875143cc8af""}",
         2,         0,         0,    1.41,mwpf__b51c22942b58bed18bbe1e33230fc16d37f2f994d4a2eb9aac1a816c71f648b5,49723c50d532252a125a0f77a511824bc8ba2453ced225ca935be4f8ae908466,"{""circuit"":""surface_code:rotated_memory_x"",""cluster_node_limit"":50,""d"":11,""decoder"":""mwpf"",""decoder_type"":""SolverSerialJointSingleHair"",""p"":0.005,""p_erase"":0.0,""r"":11,""run_id"":""dc16d4efdc8c9f700a5975f7aeee7db9a23f8fb27d65c75c03a3aeb77312b5d0""}",
        64,         0,         0,    1.77,mwpf__6d4510a60f3ab5a6af5bc8ff2f60857cc46b32094baeda08965a4d99c4f42aec,0cb3695c8696727a8873244b6e84d963d4eb9e0abd45b5a7328dfa907569f518,"{""circuit"":""surface_code:rotated_memory_x"",""cluster_node_limit"":50,""d"":5,""decoder"":""mwpf"",""decoder_type"":""SolverSerialJointSingleHair"",""p"":0.005,""p_erase"":0.0,""r"":5,""run_id"":""a9419091d73bd2c76a2c7e3604d34d847de2f4b02b85d0c3d0860c0754fc56d1""}",
         3,         0,         0,    1.74,mwpf__7a95b4e0e46b327d000e116a0c1b8752a5233749e2ab488204b0555276cc7d20,3739a29a1a4cc537bb158528d425c3e0bc4b8143c997f57751cec9d6df3b5373,"{""circuit"":""surface_code:rotated_memory_x"",""cluster_node_limit"":50,""d"":11,""decoder"":""mwpf"",""decoder_type"":""SolverSerialJointSingleHair"",""p"":0.006,""p_erase"":0.0,""r"":11,""run_id"":""8004ec240d1464395bfc8a126a835b432e446c1a1cef8253e8138d42920ca974""}",
      4096,        89,         0,    2.70,mwpf__43962ba459d86cd819b8558032ffa6472ba0555135068fb74009d94b7bad5532,1b4e499b3b262af26ba14e01aa169e3a7f2d864a488b68fa6fba53177a53ffcc,"{""circuit"":""surface_code:rotated_memory_x"",""cluster_node_limit"":50,""d"":3,""decoder"":""mwpf"",""decoder_type"":""SolverSerialJointSingleHair"",""p"":0.008,""p_erase"":0.0,""r"":3,""run_id"":""842b8d9622dd95e081373b13334f0c4c970c25ea256e90e9985b8d1bb6968aef""}",
         4,         0,         0,    1.61,mwpf__21df6b2b273042e1d2ed9f329f81aafabed1f5f52db8a49dfa00753827685509,88fba1d38adf9b5170f72959e8ad037789746d8b4d0c05adc7b86ff083a5f8ba,"{""circuit"":""surface_code:rotated_memory_x"",""cluster_node_limit"":50,""d"":13,""decoder"":""mwpf"",""decoder_type"":""SolverSerialJointSingleHair"",""p"":0.003,""p_erase"":0.0,""r"":13,""run_id"":""9c1c158be912dc2d5d59c6edb8c837f5c8480a5e1b0cd3bc21b958a6713a9a18""}",
        64,         0,         0,    2.10,mwpf__9d3e7a869e7911d9ce122143a3492c036ddd4432f11bd090435ee7772beb17ae,6d5c7f274b75ae537824437920d4a7ca50ed98e1dfa880fcbb9eccb2e87a1048,"{""circuit"":""surface_code:rotated_memory_x"",""cluster_node_limit"":50,""d"":5,""decoder"":""mwpf"",""decoder_type"":""SolverSerialJointSingleHair"",""p"":0.006,""p_erase"":0.0,""r"":5,""run_id"":""136e458ea1bb00db5031dfe54473bc21d7f67216ffcf15b01c0f763ac55c92f3""}",
      7168,       119,         0,    3.34,mwpf__682d5c8b1e761a1076b65dca539a2d15d82ad086708269570743d5b5c12e48ec,7ee21ac07e1d2d837dee1b9de812df8e43271af75c9d02b6bafea9ec15c9affa,"{""circuit"":""surface_code:rotated_memory_x"",""cluster_node_limit"":50,""d"":3,""decoder"":""mwpf"",""decoder_type"":""SolverSerialJointSingleHair"",""p"":0.0065,""p_erase"":0.0,""r"":3,""run_id"":""b8f63b3afee4afe98e7bbb30f20c4398dd3b9aec649fcfb3e47705c2a2c61b36""}",
         1,         0,         0,    1.82,mwpf__6099ca9ba0e75d433e29cf0e99deb8fecdb2af5c2add85a0679af0a6cbc31454,059af26b3446a53a53fb02480a7d49eb29e7b3510b62d2455b645061774c7dd8,"{""circuit"":""surface_code:rotated_memory_x"",""cluster_node_limit"":50,""d"":9,""decoder"":""mwpf"",""decoder_type"":""SolverSerialJointSingleHair"",""p"":0.008,""p_erase"":0.0,""r"":9,""run_id"":""8dfac8c52a2bdb8ad1978822189831360902afd0bc2eb7a9333f1f5088b13a03""}",
       128,         0,         0,    2.84,mwpf__91ffc942ec0dda29e3cbefbf32236cf9a6f3fa7b23e4675ef61bf5a2d3aa5377,40546135e2bd9eb08f97c8c1c6115e8bc75406288d37472ee0445cd367e1721b,"{""circuit"":""surface_code:rotated_memory_x"",""cluster_node_limit"":50,""d"":5,""decoder"":""mwpf"",""decoder_type"":""SolverSerialJointSingleHair"",""p"":0.0075,""p_erase"":0.0,""r"":5,""run_id"":""5a57a6d0ff957d816c2c86860718eec6af832a23575ff55f991f4b130256fb39""}",
        32,         0,         0,   0.178,mwpf__9d3e7a869e7911d9ce122143a3492c036ddd4432f11bd090435ee7772beb17ae,6d5c7f274b75ae537824437920d4a7ca50ed98e1dfa880fcbb9eccb2e87a1048,"{""circuit"":""surface_code:rotated_memory_x"",""cluster_node_limit"":50,""d"":5,""decoder"":""mwpf"",""decoder_type"":""SolverSerialJointSingleHair"",""p"":0.006,""p_erase"":0.0,""r"":5,""run_id"":""136e458ea1bb00db5031dfe54473bc21d7f67216ffcf15b01c0f763ac55c92f3""}",
      4096,        57,         0,    2.39,mwpf__4e1601b0668063eadc05111c07696cccf168dd50474bd608d301815d45c9a786,d19a124337761452ca3104e53f7e971c7bb837f006c26f70a68a8f67e770bb67,"{""circuit"":""surface_code:rotated_memory_x"",""cluster_node_limit"":50,""d"":3,""decoder"":""mwpf"",""decoder_type"":""SolverSerialJointSingleHair"",""p"":0.0075,""p_erase"":0.0,""r"":3,""run_id"":""4bc734d2ac70cf62b78df146e81bdcf5df30d786b05a2eea177a13d890e64669""}",
         1,         0,         0,    1.32,mwpf__0e7c94a776c9d36b18431c37b59c5d54ed615181b4983b9359c243e9f764dfb4,18ed3080fc8dd3e2ad1b8ac4ffd96f6ee6464a3ae086c1352c800cbc7cd6c4b7,"{""circuit"":""surface_code:rotated_memory_x"",""cluster_node_limit"":50,""d"":7,""decoder"":""mwpf"",""decoder_type"":""SolverSerialJointSingleHair"",""p"":0.015,""p_erase"":0.0,""r"":7,""run_id"":""acdc3549d7b3f20ef13fd9539e517d8487bc2b0a145673bebaddb7b3e0579f70""}",
        16,         1,         0,    1.81,mwpf__761f3371de99df9efabba094f174e439214687dced9cc3cd6fcfd4925ef05ead,5373d5de17f66a3eb06d839f452c3912e4e626c22ca55edf6a2d0424cc80f5ce,"{""circuit"":""surface_code:rotated_memory_x"",""cluster_node_limit"":50,""d"":7,""decoder"":""mwpf"",""decoder_type"":""SolverSerialJointSingleHair"",""p"":0.007,""p_erase"":0.0,""r"":7,""run_id"":""cc23d39f806d6b050b42fdf6523d37ff1ded4115cd9804c1b1173f160297dfb9""}",
       256,         0,         0,    1.01,mwpf__1c59223be739329e89f3e2f13123f7a8f4b0534135cf1e86feb02275412b9cb4,0634ed5aa73fe8e8c1c641cba85bef34b7d4eda6b029d2ee4500c76f6a3e6dd0,"{""circuit"":""surface_code:rotated_memory_x"",""cluster_node_limit"":50,""d"":5,""decoder"":""mwpf"",""decoder_type"":""SolverSerialJointSingleHair"",""p"":0.003,""p_erase"":0.0,""r"":5,""run_id"":""15e3edac26702bd06daa1bb3e90bddb5f87b2bb2b182b8fed1b9f8d68845e848""}",
        16,         0,         0,    2.64,mwpf__8c35bf1fe40791e0cc86728b65286dceac7fa4a3150955de718fb71e20591ac0,1db55f393cb47cd7701b494aee001a18fd4a230d6df85129178e6c37931db9f3,"{""circuit"":""surface_code:rotated_memory_x"",""cluster_node_limit"":50,""d"":9,""decoder"":""mwpf"",""decoder_type"":""SolverSerialJointSingleHair"",""p"":0.005,""p_erase"":0.0,""r"":9,""run_id"":""6ff49e3994bd55cd42a49411e80b5ece5d8b1ccd21e8041d4b16720db3ebea01""}",
        64,         0,         0,    1.09,mwpf__b1e65b016886068417e23bc8e6fc3b5255b88b9358acef6c4d90bf957e517d18,31b39447a5c78d0b15a05b2c95790aeec81d5a48fd188b4f6a69524fe0d6720c,"{""circuit"":""surface_code:rotated_memory_x"",""cluster_node_limit"":50,""d"":7,""decoder"":""mwpf"",""decoder_type"":""SolverSerialJointSingleHair"",""p"":0.003,""p_erase"":0.0,""r"":7,""run_id"":""3e7768a46571fd1de5957ad6fb50ce7c500c937939ee9035abc77e8f3db0e162""}",
        20,         1,         0,    3.77,mwpf__e0a55262cf1f1a7a613b4765b0629e55d0b3fe9d54b863fbeff7519c53c8e351,34913737fb3f42b5d01e95eaa7e9bb6ec2ccceeb90dac3afed499a1716fb1a4c,"{""circuit"":""surface_code:rotated_memory_x"",""cluster_node_limit"":50,""d"":7,""decoder"":""mwpf"",""decoder_type"":""SolverSerialJointSingleHair"",""p"":0.01,""p_erase"":0.0,""r"":7,""run_id"":""85dc4b86326449a5e4d2267937782207589c000366e3fbe70d98bb3f9fb5a333""}",
         2,         0,         0,    1.39,mwpf__1e6eb1b7d5a2ec0e953a7cb244b33bc530e16f23c32db88007fc1c7b035f330b,4b7230cba9d61504918ac10d685a7d051d9b1c23b970118aff9533c10c21a028,"{""circuit"":""surface_code:rotated_memory_x"",""cluster_node_limit"":50,""d"":11,""decoder"":""mwpf"",""decoder_type"":""SolverSerialJointSingleHair"",""p"":0.0075,""p_erase"":0.0,""r"":11,""run_id"":""d141b2a8478788124b5b1cb4085ff0997ab6fd837791f95217839732d3f5a11a""}",
        16,         0,         0,    1.46,mwpf__51e8ee19cf0aaa70da53967b6319671a0062ce98a2bc87274e8dc28f0b80d783,80a8d8d8845ce59d024eed62a7aec2b46f82d021196b4658f49128b3cea863e2,"{""circuit"":""surface_code:rotated_memory_x"",""cluster_node_limit"":50,""d"":7,""decoder"":""mwpf"",""decoder_type"":""SolverSerialJointSingleHair"",""p"":0.005,""p_erase"":0.0,""r"":7,""run_id"":""3ff977703ebf3f566a41dac215e2bc8e682579cf7cec84db2f03627fcfabbad2""}",
         1,         0,         0,   0.803,mwpf__27a571c12c515651d4ffcfb77cd014cbd564d8d59b84c23e14b783de48feab52,c7796fbd3a9ed9e25c88662f131fdcc3db567aa019543a6d04c9545bad45a9e6,"{""circuit"":""surface_code:rotated_memory_x"",""cluster_node_limit"":50,""d"":11,""decoder"":""mwpf"",""decoder_type"":""SolverSerialJointSingleHair"",""p"":0.008,""p_erase"":0.0,""r"":11,""run_id"":""a1c19c3e7f2e8098c81889b056bfa77224d1f0cf9b3deea17d360de81aae0496""}",
        64,         1,         0,    1.34,mwpf__d6e273bec9b587e85ba4f19af1099d5769edba9e40437c8089c08ed25bd72758,5388f8eb2e6e41b439260433c3419bdbf5f8b4bd5b8e2a2c70a24a791cee3145,"{""circuit"":""surface_code:rotated_memory_x"",""cluster_node_limit"":50,""d"":5,""decoder"":""mwpf"",""decoder_type"":""SolverSerialJointSingleHair"",""p"":0.008,""p_erase"":0.0,""r"":5,""run_id"":""bfa3c7cba13850dd37e54bb29bb945687e3fe04272a3151e2ac8acb7416976e7""}",
         2,         0,         0,   0.636,mwpf__7a95b4e0e46b327d000e116a0c1b8752a5233749e2ab488204b0555276cc7d20,3739a29a1a4cc537bb158528d425c3e0bc4b8143c997f57751cec9d6df3b5373,"{""circuit"":""surface_code:rotated_memory_x"",""cluster_node_limit"":50,""d"":11,""decoder"":""mwpf"",""decoder_type"":""SolverSerialJointSingleHair"",""p"":0.006,""p_erase"":0.0,""r"":11,""run_id"":""8004ec240d1464395bfc8a126a835b432e446c1a1cef8253e8138d42920ca974""}",
         9,         0,         0,    2.37,mwpf__0ffad40cb78e56d31871ef678a2c2c220e01e0128694bf21b48103122ad96d78,1eeffca09c34ec66ea37833c9064e8ea37a416c4745e08373b9f3699fa053396,"{""circuit"":""surface_code:rotated_memory_x"",""cluster_node_limit"":50,""d"":9,""decoder"":""mwpf"",""decoder_type"":""SolverSerialJointSingleHair"",""p"":0.006,""p_erase"":0.0,""r"":9,""run_id"":""24bb5f6faf950c7f32be70c2a658f8a2aec69874df03f312866b1e584c72f944""}",
         1,         0,         0,   0.773,mwpf__f9063755c39883c48737094eb951c81e28c0aefc8fc06c8eb835458a62282981,fdac3f78e7f3f721527d59c20e8b245fc629ff60f002686769ee78cadbe52a57,"{""circuit"":""surface_code:rotated_memory_x"",""cluster_node_limit"":50,""d"":13,""decoder"":""mwpf"",""decoder_type"":""SolverSerialJointSingleHair"",""p"":0.007,""p_erase"":0.0,""r"":13,""run_id"":""68d030e70085ac3f063fd9eaa2e4f59bd9a3703071bd2ef7fe33246307eb68cb""}",
       192,         0,         0,    1.71,mwpf__6dc40dd78a7537f759b93670cd0af0008adf279fbc2acda6010b04619b90078a,71b64adea95d26ec136e0f6d5c44173faab2351254ae92ff6c2fb79fe431c3f7,"{""circuit"":""surface_code:rotated_memory_x"",""cluster_node_limit"":50,""d"":5,""decoder"":""mwpf"",""decoder_type"":""SolverSerialJointSingleHair"",""p"":0.004,""p_erase"":0.0,""r"":5,""run_id"":""2c1d23bd89bcf5d6d623dffd52817527ab5ba820bb8c60558a749cc97b051f30""}",
        16,         0,         0,    4.61,mwpf__816dbb216f33548bde82700373ed8762c4588f7e736c0d6ce8bbd83718eb9bc4,4a103945d4b3e03fb447b3f991894618fed8c7625561e2ed8d29b4caf27b2618,"{""circuit"":""surface_code:rotated_memory_x"",""cluster_node_limit"":50,""d"":11,""decoder"":""mwpf"",""decoder_type"":""SolverSerialJointSingleHair"",""p"":0.004,""p_erase"":0.0,""r"":11,""run_id"":""3083dc33435eff96398d9127ce3d8e2c144ff987bf7bc12ab2896614c67e19b0""}",
         8,         0,         0,    1.09,mwpf__8548f0e17df6ec2da00e239d3cc0f77db49812682ea7479645b8b7bbf459e376,3982ff67ef7e56884cb20ebd1c912dd13305efd49de30c97ba1d1d3d4ede83f3,"{""circuit"":""surface_code:rotated_memory_x"",""cluster_node_limit"":50,""d"":11,""decoder"":""mwpf"",""decoder_type"":""SolverSerialJointSingleHair"",""p"":0.003,""p_erase"":0.0,""r"":11,""run_id"":""f8aa956a2e2076433f554631dc774e205799286246e2bbf1a0cefd6d6db83727""}",
      5120,       100,         0,    3.10,mwpf__03fa2c6e37aff7c81ae22b7dea7a504d3eb26ec3a7b349088c7bcea7a9871e0c,6267ba7f3c1c772896eebefc6d523adb68e82d38d020e307be1f733b70ad8bd3,"{""circuit"":""surface_code:rotated_memory_x"",""cluster_node_limit"":50,""d"":3,""decoder"":""mwpf"",""decoder_type"":""SolverSerialJointSingleHair"",""p"":0.007,""p_erase"":0.0,""r"":3,""run_id"":""135e03791629607bb61bf8b9b22bc12f2324f26b65e31e82f5c3cd97d24c99c9""}",
        64,         0,         0,   0.596,mwpf__9d3e7a869e7911d9ce122143a3492c036ddd4432f11bd090435ee7772beb17ae,6d5c7f274b75ae537824437920d4a7ca50ed98e1dfa880fcbb9eccb2e87a1048,"{""circuit"":""surface_code:rotated_memory_x"",""cluster_node_limit"":50,""d"":5,""decoder"":""mwpf"",""decoder_type"":""SolverSerialJointSingleHair"",""p"":0.006,""p_erase"":0.0,""r"":5,""run_id"":""136e458ea1bb00db5031dfe54473bc21d7f67216ffcf15b01c0f763ac55c92f3""}",
        16,         0,         0,    1.53,mwpf__e31bcda4313c15612f870938a65840ff53c2398150f9cb961189e5e84b026776,2367d5faa513e3a6decb45c2bdd8779be42812fdc67d351c372070210ef9e7dd,"{""circuit"":""surface_code:rotated_memory_x"",""cluster_node_limit"":50,""d"":7,""decoder"":""mwpf"",""decoder_type"":""SolverSerialJointSingleHair"",""p"":0.006,""p_erase"":0.0,""r"":7,""run_id"":""c569d24a00e94715f929354bdbd1860f950e40c56d976da161032d1bf73e9e9d""}",
         1,         0,         0,    2.17,mwpf__4f2003d1a89cbab61d79e87a09a2976b8dd26d83c596509b48a165ee5488bbeb,175546001eaf15e5eec910e644a4e44db259318c59115eb89bfe0c8686f47616,"{""circuit"":""surface_code:rotated_memory_x"",""cluster_node_limit"":50,""d"":13,""decoder"":""mwpf"",""decoder_type"":""SolverSerialJointSingleHair"",""p"":0.006,""p_erase"":0.0,""r"":13,""run_id"":""62be0f9566ae226642dba313ffd2ee6fb56abf4ecd764eb123ecb3879eba54f4""}",
         5,         0,         0,    3.93,mwpf__657887243b5868399920fa937a3887ed9e2ac0d9d98cadc2e1a651e3f504cda0,d4553ef01c242393c1aeaba835587e05af3c08f66bad464752b049a3be541a37,"{""circuit"":""surface_code:rotated_memory_x"",""cluster_node_limit"":50,""d"":11,""decoder"":""mwpf"",""decoder_type"":""SolverSerialJointSingleHair"",""p"":0.0065,""p_erase"":0.0,""r"":11,""run_id"":""8e1df1698035a74962cf4fbf46e34daf5b11fbeb2de0990648bf3b88ed7162d9""}",
      8959,        73,         0,    2.34,mwpf__f1c73b55d20502edeb1352a97286268c1728587a9a613ad3646eea7ce6f5b0e8,c945d4451adf51d3115cab618d9042a74af97ed090632e5d8ded54a9c2a8acaa,"{""circuit"":""surface_code:rotated_memory_x"",""cluster_node_limit"":50,""d"":3,""decoder"":""mwpf"",""decoder_type"":""SolverSerialJointSingleHair"",""p"":0.005,""p_erase"":0.0,""r"":3,""run_id"":""5101ac8ef9c97b83df4dd9d8fb12d7b219d036893929703eba32fffa9e647600""}",
        32,         0,         0,    1.39,mwpf__0d9aa11d665261a85b6152ce35c4d28399141c8834633741366e3ced28c5496e,9cb90efc03faa69e23b17dfc883ad5c9f049e23f8b4a263ea7026d53febd314f,"{""circuit"":""surface_code:rotated_memory_x"",""cluster_node_limit"":50,""d"":7,""decoder"":""mwpf"",""decoder_type"":""SolverSerialJointSingleHair"",""p"":0.004,""p_erase"":0.0,""r"":7,""run_id"":""bc63bb586674bf0943da17e714fe33cb9292304a00c52142dcc0aa98a48fe916""}",
         8,         0,         0,    1.88,mwpf__df232194f367aabe935bb4165a6f2a18934748069bb45308bdea72b5aa54cc52,91cc3f9bee6eacdc4ac1e2e6b8df0d38ece142e9760fded5c2a9edaa44f54857,"{""circuit"":""surface_code:rotated_memory_x"",""cluster_node_limit"":50,""d"":9,""decoder"":""mwpf"",""decoder_type"":""SolverSerialJointSingleHair"",""p"":0.004,""p_erase"":0.0,""r"":9,""run_id"":""4464f5804de6cb9a9718f832f08fe8f67d7fac0287acd1b900c7694bfd7b4af5""}",
        16,         0,         0,    1.13,mwpf__74b18df185b22796a559f32f488c1f95ef0d82d34c256906317561e4acce78ec,ff1f59d74e0a85a29f4995de86372e17ef6d73f50ef84112e0cd3a298e221696,"{""circuit"":""surface_code:rotated_memory_x"",""cluster_node_limit"":50,""d"":5,""decoder"":""mwpf"",""decoder_type"":""SolverSerialJointSingleHair"",""p"":0.009,""p_erase"":0.0,""r"":5,""run_id"":""c32281a89ec9fb6ef8731b931cbe729d04602aba0eeadfec21fc1875143cc8af""}",
        16,         1,         0,    2.05,mwpf__71869c18a9a089d40b18edd25a7ba89978fac639dfba4267cf7ec0f8c602c1b8,a01cc1b908db7b76624bbdaed185a25417056dfe423183481572b126d2518af4,"{""circuit"":""surface_code:rotated_memory_x"",""cluster_node_limit"":50,""d"":7,""decoder"":""mwpf"",""decoder_type"":""SolverSerialJointSingleHair"",""p"":0.009,""p_erase"":0.0,""r"":7,""run_id"":""4b2052dd33b88244b8dc64e1aa696c4f0cef9c363b27e7d2cd9a4ccb51da3596""}",
         4,         1,         0,    2.12,mwpf__1c17b6ee16c741b8697b91cd285aaee9a8e106198ab113a3b41e17f1b62daa89,3627112f92c7e85ea6801db379ff16386d627c78375e4cf85abab0e7352f9166,"{""circuit"":""surface_code:rotated_memory_x"",""cluster_node_limit"":50,""d"":9,""decoder"":""mwpf"",""decoder_type"":""SolverSerialJointSingleHair"",""p"":0.007,""p_erase"":0.0,""r"":9,""run_id"":""afd2d1bea34409055a74153634f35b6efd9ed9b105183e8591ec4772c9d800e4""}",
        80,         0,         0,    2.67,mwpf__b86dfdc6edf5243fa953eba38df9eedffa26e17e861ff53898370ede6b3f4924,ed4377a6fc84ce98150c12b4f78cbf0f69f277dc7b34e1caecdce413a6651655,"{""circuit"":""surface_code:rotated_memory_x"",""cluster_node_limit"":50,""d"":9,""decoder"":""mwpf"",""decoder_type"":""SolverSerialJointSingleHair"",""p"":0.003,""p_erase"":0.0,""r"":9,""run_id"":""efe7c5548b07943d995a96c2060d6be39255a1f992a2a76f4714bdcbfad04986""}",
        64,         1,         0,   0.383,mwpf__9d3e7a869e7911d9ce122143a3492c036ddd4432f11bd090435ee7772beb17ae,6d5c7f274b75ae537824437920d4a7ca50ed98e1dfa880fcbb9eccb2e87a1048,"{""circuit"":""surface_code:rotated_memory_x"",""cluster_node_limit"":50,""d"":5,""decoder"":""mwpf"",""decoder_type"":""SolverSerialJointSingleHair"",""p"":0.006,""p_erase"":0.0,""r"":5,""run_id"":""136e458ea1bb00db5031dfe54473bc21d7f67216ffcf15b01c0f763ac55c92f3""}",
         1,         0,         0,   0.797,mwpf__1e6eb1b7d5a2ec0e953a7cb244b33bc530e16f23c32db88007fc1c7b035f330b,4b7230cba9d61504918ac10d685a7d051d9b1c23b970118aff9533c10c21a028,"{""circuit"":""surface_code:rotated_memory_x"",""cluster_node_limit"":50,""d"":11,""decoder"":""mwpf"",""decoder_type"":""SolverSerialJointSingleHair"",""p"":0.0075,""p_erase"":0.0,""r"":11,""run_id"":""d141b2a8478788124b5b1cb4085ff0997ab6fd837791f95217839732d3f5a11a""}",
         2,         0,         0,    1.68,mwpf__f72406d99baaa155e6537da23b921802aac7a0476bf592363ce60d85dc12f754,502cdaad1f5ad245d27f94b87cf52b63e8d9429b6075479c1cd1ab87feb4cda0,"{""circuit"":""surface_code:rotated_memory_x"",""cluster_node_limit"":50,""d"":13,""decoder"":""mwpf"",""decoder_type"":""SolverSerialJointSingleHair"",""p"":0.004,""p_erase"":0.0,""r"":13,""run_id"":""9c5f0f6384601a18598e9ec8096fd7d1f329b4fab58d65bfc72b05c12fd62fb2""}",
        32,         1,         0,    1.56,mwpf__951eb3349e78cec2a155134d7fb171e1ad03d800a86442f3c4b76397f4c7fd4d,cde164a21cdab97d63839b3f64b1c2e5cf62ef5d8be22509c82bac34fbb3e2b2,"{""circuit"":""surface_code:rotated_memory_x"",""cluster_node_limit"":50,""d"":5,""decoder"":""mwpf"",""decoder_type"":""SolverSerialJointSingleHair"",""p"":0.007,""p_erase"":0.0,""r"":5,""run_id"":""fc11e6013551ff75fa4759b0fc71e28cb776c1e995679ad07f9247f45c9ad106""}",
         5,         1,         0,    3.22,mwpf__4d095e94564aaf70b358e5d5ebb14c977585d24f71ee066d73c8d28da9e509d1,f558194f437a2b7eb02e26a0c3c685b29032de063b739c7351099f552cd87aa6,"{""circuit"":""surface_code:rotated_memory_x"",""cluster_node_limit"":50,""d"":9,""decoder"":""mwpf"",""decoder_type"":""SolverSerialJointSingleHair"",""p"":0.01,""p_erase"":0.0,""r"":9,""run_id"":""07c0f409e8370b67d9c8c55c2486281381c0937533be35a12e0610e26f05aded""}",
         4,         0,         0,   0.815,mwpf__0ffad40cb78e56d31871ef678a2c2c220e01e0128694bf21b48103122ad96d78,1eeffca09c34ec66ea37833c9064e8ea37a416c4745e08373b9f3699fa053396,"{""circuit"":""surface_code:rotated_memory_x"",""cluster_node_limit"":50,""d"":9,""decoder"":""mwpf"",""decoder_type"":""SolverSerialJointSingleHair"",""p"":0.006,""p_erase"":0.0,""r"":9,""run_id"":""24bb5f6faf950c7f32be70c2a658f8a2aec69874df03f312866b1e584c72f944""}",
        48,         1,         0,    1.79,mwpf__8b7aba4b42c55eac316a2911da8b71ada3c5c95714024fe9cb878eda2ed964eb,19dae4f12454abdb37e7a82e67feb6734eaa8650e81bd5af32a541e6d88fd6f1,"{""circuit"":""surface_code:rotated_memory_x"",""cluster_node_limit"":50,""d"":5,""decoder"":""mwpf"",""decoder_type"":""SolverSerialJointSingleHair"",""p"":0.0065,""p_erase"":0.0,""r"":5,""run_id"":""14c277d1360d884007b225112d7b983b9f2c5fc158d2870f656c6b2929b311b6""}",
         3,         1,         0,    1.30,mwpf__0e7c94a776c9d36b18431c37b59c5d54ed615181b4983b9359c243e9f764dfb4,18ed3080fc8dd3e2ad1b8ac4ffd96f6ee6464a3ae086c1352c800cbc7cd6c4b7,"{""circuit"":""surface_code:rotated_memory_x"",""cluster_node_limit"":50,""d"":7,""decoder"":""mwpf"",""decoder_type"":""SolverSerialJointSingleHair"",""p"":0.015,""p_erase"":0.0,""r"":7,""run_id"":""acdc3549d7b3f20ef13fd9539e517d8487bc2b0a145673bebaddb7b3e0579f70""}",
        12,         0,         0,    1.91,mwpf__c6ba5eb607084c237766d2f1acb7719308a77ef713824e5c4b8d9fdd0cd4a1b6,f538726661a9ad85ba0d5eda8cd32b2cbddd0a923127051b03a5b9c672de5ae4,"{""circuit"":""surface_code:rotated_memory_x"",""cluster_node_limit"":50,""d"":7,""decoder"":""mwpf"",""decoder_type"":""SolverSerialJointSingleHair"",""p"":0.0075,""p_erase"":0.0,""r"":7,""run_id"":""746c0ed850e7a1c4899561c73e97af04ff040736013cde397145df4c660e1d2a""}",
        64,         2,         0,    1.45,mwpf__91ffc942ec0dda29e3cbefbf32236cf9a6f3fa7b23e4675ef61bf5a2d3aa5377,40546135e2bd9eb08f97c8c1c6115e8bc75406288d37472ee0445cd367e1721b,"{""circuit"":""surface_code:rotated_memory_x"",""cluster_node_limit"":50,""d"":5,""decoder"":""mwpf"",""decoder_type"":""SolverSerialJointSingleHair"",""p"":0.0075,""p_erase"":0.0,""r"":5,""run_id"":""5a57a6d0ff957d816c2c86860718eec6af832a23575ff55f991f4b130256fb39""}",
        32,         2,         0,    1.76,mwpf__e098ae1eaf131a692c7d269ecd7c0b356809a18a2ccc52547656bea351773dd9,c4e2e9f4264f6040fcd119a2d32c96bd25a12364f525742dd40c8b2e504c5240,"{""circuit"":""surface_code:rotated_memory_x"",""cluster_node_limit"":50,""d"":5,""decoder"":""mwpf"",""decoder_type"":""SolverSerialJointSingleHair"",""p"":0.01,""p_erase"":0.0,""r"":5,""run_id"":""669fd91e75976823dd1cbb6f0d860524121f186f614db6fb259f60c1945fce8a""}",
        16,         2,         0,    1.84,mwpf__7b751ba9c29dec22792ae2997abbcfb30aeccd30f12272dee86da02f98924346,ef36a2d62e6f27449c8c54ebc380941555cc4126bf8269beb48c5d4285c2c832,"{""circuit"":""surface_code:rotated_memory_x"",""cluster_node_limit"":50,""d"":7,""decoder"":""mwpf"",""decoder_type"":""SolverSerialJointSingleHair"",""p"":0.0065,""p_erase"":0.0,""r"":7,""run_id"":""2dbf0f369a61ab19037b084768e1601bc2d15a711cdebadba5827ddd88dd2495""}",
       160,         2,         0,    1.76,mwpf__6d4510a60f3ab5a6af5bc8ff2f60857cc46b32094baeda08965a4d99c4f42aec,0cb3695c8696727a8873244b6e84d963d4eb9e0abd45b5a7328dfa907569f518,"{""circuit"":""surface_code:rotated_memory_x"",""cluster_node_limit"":50,""d"":5,""decoder"":""mwpf"",""decoder_type"":""SolverSerialJointSingleHair"",""p"":0.005,""p_erase"":0.0,""r"":5,""run_id"":""a9419091d73bd2c76a2c7e3604d34d847de2f4b02b85d0c3d0860c0754fc56d1""}",
       128,         0,         0,    1.12,mwpf__6dc40dd78a7537f759b93670cd0af0008adf279fbc2acda6010b04619b90078a,71b64adea95d26ec136e0f6d5c44173faab2351254ae92ff6c2fb79fe431c3f7,"{""circuit"":""surface_code:rotated_memory_x"",""cluster_node_limit"":50,""d"":5,""decoder"":""mwpf"",""decoder_type"":""SolverSerialJointSingleHair"",""p"":0.004,""p_erase"":0.0,""r"":5,""run_id"":""2c1d23bd89bcf5d6d623dffd52817527ab5ba820bb8c60558a749cc97b051f30""}",
         1,         0,         0,   0.950,mwpf__4f2003d1a89cbab61d79e87a09a2976b8dd26d83c596509b48a165ee5488bbeb,175546001eaf15e5eec910e644a4e44db259318c59115eb89bfe0c8686f47616,"{""circuit"":""surface_code:rotated_memory_x"",""cluster_node_limit"":50,""d"":13,""decoder"":""mwpf"",""decoder_type"":""SolverSerialJointSingleHair"",""p"":0.006,""p_erase"":0.0,""r"":13,""run_id"":""62be0f9566ae226642dba313ffd2ee6fb56abf4ecd764eb123ecb3879eba54f4""}",
      3072,        73,         0,    2.24,mwpf__d56b027df54bbcee1a569d4b790c31989f5693ab552e6ad7d4b399bc8a5b7ae2,f0a51108deaa2e813a85a0daf8998382d985f25173b21c56aa0f0dddcd7c45dc,"{""circuit"":""surface_code:rotated_memory_x"",""cluster_node_limit"":50,""d"":3,""decoder"":""mwpf"",""decoder_type"":""SolverSerialJointSingleHair"",""p"":0.009,""p_erase"":0.0,""r"":3,""run_id"":""f3773bbf3001f7044304ac6a12d9ddb4d020a1b2b51ce7b475f4f14944f915f3""}",
         1,         0,         0,    1.51,mwpf__27a571c12c515651d4ffcfb77cd014cbd564d8d59b84c23e14b783de48feab52,c7796fbd3a9ed9e25c88662f131fdcc3db567aa019543a6d04c9545bad45a9e6,"{""circuit"":""surface_code:rotated_memory_x"",""cluster_node_limit"":50,""d"":11,""decoder"":""mwpf"",""decoder_type"":""SolverSerialJointSingleHair"",""p"":0.008,""p_erase"":0.0,""r"":11,""run_id"":""a1c19c3e7f2e8098c81889b056bfa77224d1f0cf9b3deea17d360de81aae0496""}",
         2,         0,         0,    2.41,mwpf__635e40dda6d3e96020ea75ae193e9dd537bd1e25622b042e0e59c0187110d1be,06dc2e6bd74ae874fe58d9f164c4486dc719c5118f922909b0e948fb9b7a211e,"{""circuit"":""surface_code:rotated_memory_x"",""cluster_node_limit"":50,""d"":13,""decoder"":""mwpf"",""decoder_type"":""SolverSerialJointSingleHair"",""p"":0.005,""p_erase"":0.0,""r"":13,""run_id"":""1dd32fbecda77a042c5f41d375ae2b79efd66b7adfe572570e9f313567b2202a""}",
       256,         1,         0,    1.78,mwpf__1c59223be739329e89f3e2f13123f7a8f4b0534135cf1e86feb02275412b9cb4,0634ed5aa73fe8e8c1c641cba85bef34b7d4eda6b029d2ee4500c76f6a3e6dd0,"{""circuit"":""surface_code:rotated_memory_x"",""cluster_node_limit"":50,""d"":5,""decoder"":""mwpf"",""decoder_type"":""SolverSerialJointSingleHair"",""p"":0.003,""p_erase"":0.0,""r"":5,""run_id"":""15e3edac26702bd06daa1bb3e90bddb5f87b2bb2b182b8fed1b9f8d68845e848""}",
        40,         0,         0,    2.33,mwpf__0480aaa502c889192677deb2a1f79b047530feca1cf6dfaaff42d6ad35de660c,2428a4412b21fcaa2436e1c2e9c61819ecb01828206a188ce051a39d99979d3f,"{""circuit"":""surface_code:rotated_memory_x"",""cluster_node_limit"":50,""d"":7,""decoder"":""mwpf"",""decoder_type"":""SolverSerialJointSingleHair"",""p"":0.008,""p_erase"":0.0,""r"":7,""run_id"":""b0127341a48953a855ea3549247068ee7050e7461912fad56a38b1d8708ded61""}",
        32,         2,         0,    1.83,mwpf__d6e273bec9b587e85ba4f19af1099d5769edba9e40437c8089c08ed25bd72758,5388f8eb2e6e41b439260433c3419bdbf5f8b4bd5b8e2a2c70a24a791cee3145,"{""circuit"":""surface_code:rotated_memory_x"",""cluster_node_limit"":50,""d"":5,""decoder"":""mwpf"",""decoder_type"":""SolverSerialJointSingleHair"",""p"":0.008,""p_erase"":0.0,""r"":5,""run_id"":""bfa3c7cba13850dd37e54bb29bb945687e3fe04272a3151e2ac8acb7416976e7""}",
         8,         0,         0,    1.71,mwpf__816dbb216f33548bde82700373ed8762c4588f7e736c0d6ce8bbd83718eb9bc4,4a103945d4b3e03fb447b3f991894618fed8c7625561e2ed8d29b4caf27b2618,"{""circuit"":""surface_code:rotated_memory_x"",""cluster_node_limit"":50,""d"":11,""decoder"":""mwpf"",""decoder_type"":""SolverSerialJointSingleHair"",""p"":0.004,""p_erase"":0.0,""r"":11,""run_id"":""3083dc33435eff96398d9127ce3d8e2c144ff987bf7bc12ab2896614c67e19b0""}",
         3,         0,         0,    2.31,mwpf__6099ca9ba0e75d433e29cf0e99deb8fecdb2af5c2add85a0679af0a6cbc31454,059af26b3446a53a53fb02480a7d49eb29e7b3510b62d2455b645061774c7dd8,"{""circuit"":""surface_code:rotated_memory_x"",""cluster_node_limit"":50,""d"":9,""decoder"":""mwpf"",""decoder_type"":""SolverSerialJointSingleHair"",""p"":0.008,""p_erase"":0.0,""r"":9,""run_id"":""8dfac8c52a2bdb8ad1978822189831360902afd0bc2eb7a9333f1f5088b13a03""}",
         4,         0,         0,    1.69,mwpf__8548f0e17df6ec2da00e239d3cc0f77db49812682ea7479645b8b7bbf459e376,3982ff67ef7e56884cb20ebd1c912dd13305efd49de30c97ba1d1d3d4ede83f3,"{""circuit"":""surface_code:rotated_memory_x"",""cluster_node_limit"":50,""d"":11,""decoder"":""mwpf"",""decoder_type"":""SolverSerialJointSingleHair"",""p"":0.003,""p_erase"":0.0,""r"":11,""run_id"":""f8aa956a2e2076433f554631dc774e205799286246e2bbf1a0cefd6d6db83727""}",
         4,         0,         0,    1.38,mwpf__1c17b6ee16c741b8697b91cd285aaee9a8e106198ab113a3b41e17f1b62daa89,3627112f92c7e85ea6801db379ff16386d627c78375e4cf85abab0e7352f9166,"{""circuit"":""surface_code:rotated_memory_x"",""cluster_node_limit"":50,""d"":9,""decoder"":""mwpf"",""decoder_type"":""SolverSerialJointSingleHair"",""p"":0.007,""p_erase"":0.0,""r"":9,""run_id"":""afd2d1bea34409055a74153634f35b6efd9ed9b105183e8591ec4772c9d800e4""}",
         1,         1,         0,    3.62,mwpf__57391e40513f77c41f6a5a9525f7848296f820427a102e649174251c3ae8c6ad,c79309ca0aef5cbc081da3f3155afd72d2954938e38b055a062809320ce791a5,"{""circuit"":""surface_code:rotated_memory_x"",""cluster_node_limit"":50,""d"":11,""decoder"":""mwpf"",""decoder_type"":""SolverSerialJointSingleHair"",""p"":0.009,""p_erase"":0.0,""r"":11,""run_id"":""aafe4cc1c9371c3b19f54d96c87b12f95609d65a09ae8f01c1659b6987c891b7""}",
         9,         0,         0,    2.70,mwpf__b51c22942b58bed18bbe1e33230fc16d37f2f994d4a2eb9aac1a816c71f648b5,49723c50d532252a125a0f77a511824bc8ba2453ced225ca935be4f8ae908466,"{""circuit"":""surface_code:rotated_memory_x"",""cluster_node_limit"":50,""d"":11,""decoder"":""mwpf"",""decoder_type"":""SolverSerialJointSingleHair"",""p"":0.005,""p_erase"":0.0,""r"":11,""run_id"":""dc16d4efdc8c9f700a5975f7aeee7db9a23f8fb27d65c75c03a3aeb77312b5d0""}",
         2,         0,         0,    1.36,mwpf__4d095e94564aaf70b358e5d5ebb14c977585d24f71ee066d73c8d28da9e509d1,f558194f437a2b7eb02e26a0c3c685b29032de063b739c7351099f552cd87aa6,"{""circuit"":""surface_code:rotated_memory_x"",""cluster_node_limit"":50,""d"":9,""decoder"":""mwpf"",""decoder_type"":""SolverSerialJointSingleHair"",""p"":0.01,""p_erase"":0.0,""r"":9,""run_id"":""07c0f409e8370b67d9c8c55c2486281381c0937533be35a12e0610e26f05aded""}",
      4096,       144,         0,    4.24,mwpf__aaa863e9a64627555b04b70db757b2526080350f57c3e44aa6971a8e395c5be7,4e04f8aa9db7314d71683d08e68e1c551e91b6148e3b3a9d2b78be567b73a4ed,"{""circuit"":""surface_code:rotated_memory_x"",""cluster_node_limit"":50,""d"":3,""decoder"":""mwpf"",""decoder_type"":""SolverSerialJointSingleHair"",""p"":0.01,""p_erase"":0.0,""r"":3,""run_id"":""5b6db69d825a9e1af451573dd00a4a7082d74a5e74fde81d397d7b0bcc5645b2""}",
       192,         1,         0,    1.17,mwpf__6dc40dd78a7537f759b93670cd0af0008adf279fbc2acda6010b04619b90078a,71b64adea95d26ec136e0f6d5c44173faab2351254ae92ff6c2fb79fe431c3f7,"{""circuit"":""surface_code:rotated_memory_x"",""cluster_node_limit"":50,""d"":5,""decoder"":""mwpf"",""decoder_type"":""SolverSerialJointSingleHair"",""p"":0.004,""p_erase"":0.0,""r"":5,""run_id"":""2c1d23bd89bcf5d6d623dffd52817527ab5ba820bb8c60558a749cc97b051f30""}",
        16,         0,         0,    2.56,mwpf__8c35bf1fe40791e0cc86728b65286dceac7fa4a3150955de718fb71e20591ac0,1db55f393cb47cd7701b494aee001a18fd4a230d6df85129178e6c37931db9f3,"{""circuit"":""surface_code:rotated_memory_x"",""cluster_node_limit"":50,""d"":9,""decoder"":""mwpf"",""decoder_type"":""SolverSerialJointSingleHair"",""p"":0.005,""p_erase"":0.0,""r"":9,""run_id"":""6ff49e3994bd55cd42a49411e80b5ece5d8b1ccd21e8041d4b16720db3ebea01""}",
         5,         0,         0,    1.73,mwpf__1e6eb1b7d5a2ec0e953a7cb244b33bc530e16f23c32db88007fc1c7b035f330b,4b7230cba9d61504918ac10d685a7d051d9b1c23b970118aff9533c10c21a028,"{""circuit"":""surface_code:rotated_memory_x"",""cluster_node_limit"":50,""d"":11,""decoder"":""mwpf"",""decoder_type"":""SolverSerialJointSingleHair"",""p"":0.0075,""p_erase"":0.0,""r"":11,""run_id"":""d141b2a8478788124b5b1cb4085ff0997ab6fd837791f95217839732d3f5a11a""}",
       128,         1,         0,   0.880,mwpf__1c59223be739329e89f3e2f13123f7a8f4b0534135cf1e86feb02275412b9cb4,0634ed5aa73fe8e8c1c641cba85bef34b7d4eda6b029d2ee4500c76f6a3e6dd0,"{""circuit"":""surface_code:rotated_memory_x"",""cluster_node_limit"":50,""d"":5,""decoder"":""mwpf"",""decoder_type"":""SolverSerialJointSingleHair"",""p"":0.003,""p_erase"":0.0,""r"":5,""run_id"":""15e3edac26702bd06daa1bb3e90bddb5f87b2bb2b182b8fed1b9f8d68845e848""}",
         1,         0,         0,   0.987,mwpf__27a571c12c515651d4ffcfb77cd014cbd564d8d59b84c23e14b783de48feab52,c7796fbd3a9ed9e25c88662f131fdcc3db567aa019543a6d04c9545bad45a9e6,"{""circuit"":""surface_code:rotated_memory_x"",""cluster_node_limit"":50,""d"":11,""decoder"":""mwpf"",""decoder_type"":""SolverSerialJointSingleHair"",""p"":0.008,""p_erase"":0.0,""r"":11,""run_id"":""a1c19c3e7f2e8098c81889b056bfa77224d1f0cf9b3deea17d360de81aae0496""}",
        16,         1,         0,    2.20,mwpf__e31bcda4313c15612f870938a65840ff53c2398150f9cb961189e5e84b026776,2367d5faa513e3a6decb45c2bdd8779be42812fdc67d351c372070210ef9e7dd,"{""circuit"":""surface_code:rotated_memory_x"",""cluster_node_limit"":50,""d"":7,""decoder"":""mwpf"",""decoder_type"":""SolverSerialJointSingleHair"",""p"":0.006,""p_erase"":0.0,""r"":7,""run_id"":""c569d24a00e94715f929354bdbd1860f950e40c56d976da161032d1bf73e9e9d""}",
         1,         0,         0,    4.50,mwpf__379f6dbce7a8107a155ae56b95b39b3b041fc70754e4109af3d0a79a7dc1064d,02bf57d656549d4ae6cbf5d702646ade8255c5271d45423d621fa1b7777a6908,"{""circuit"":""surface_code:rotated_memory_x"",""cluster_node_limit"":50,""d"":11,""decoder"":""mwpf"",""decoder_type"":""SolverSerialJointSingleHair"",""p"":0.01,""p_erase"":0.0,""r"":11,""run_id"":""f2936ce57f818d69f7e1b5c9954ec7387d9a1f53c4355bd88c213e49338e6b5b""}",
      2048,       132,         0,    3.67,mwpf__b0b7dc35549e4684aaf56d7f39208097266fbb01b99fc634aa5cc65cb30d3fd9,28ac44c8c5b47a07887bdc431a672e9f8611047ab24d905f93db9d3c36d03445,"{""circuit"":""surface_code:rotated_memory_x"",""cluster_node_limit"":50,""d"":3,""decoder"":""mwpf"",""decoder_type"":""SolverSerialJointSingleHair"",""p"":0.015,""p_erase"":0.0,""r"":3,""run_id"":""b44761db4df8b64c8917c437ae7fe1c452a55149c1dc7a5ca0f619d5bff0315c""}",
        20,         3,         0,    2.67,mwpf__e0a55262cf1f1a7a613b4765b0629e55d0b3fe9d54b863fbeff7519c53c8e351,34913737fb3f42b5d01e95eaa7e9bb6ec2ccceeb90dac3afed499a1716fb1a4c,"{""circuit"":""surface_code:rotated_memory_x"",""cluster_node_limit"":50,""d"":7,""decoder"":""mwpf"",""decoder_type"":""SolverSerialJointSingleHair"",""p"":0.01,""p_erase"":0.0,""r"":7,""run_id"":""85dc4b86326449a5e4d2267937782207589c000366e3fbe70d98bb3f9fb5a333""}",
         8,         0,         0,    3.38,mwpf__5690b4a8bc9c88c24efb060e4e655ea926b0a3cafb8eccb6b16e13bcfa6f8f57,2319881ca4af7e340fa0dc5e54cc6bc5ff4176d44f6e7028a967f989b1262cd0,"{""circuit"":""surface_code:rotated_memory_x"",""cluster_node_limit"":50,""d"":9,""decoder"":""mwpf"",""decoder_type"":""SolverSerialJointSingleHair"",""p"":0.0065,""p_erase"":0.0,""r"":9,""run_id"":""bcb66dbf1963af5450bb3b51e6950f2b7fc1b6490e9ba479a670b91dc4b2af88""}",
         3,         0,         0,    1.12,mwpf__635e40dda6d3e96020ea75ae193e9dd537bd1e25622b042e0e59c0187110d1be,06dc2e6bd74ae874fe58d9f164c4486dc719c5118f922909b0e948fb9b7a211e,"{""circuit"":""surface_code:rotated_memory_x"",""cluster_node_limit"":50,""d"":13,""decoder"":""mwpf"",""decoder_type"":""SolverSerialJointSingleHair"",""p"":0.005,""p_erase"":0.0,""r"":13,""run_id"":""1dd32fbecda77a042c5f41d375ae2b79efd66b7adfe572570e9f313567b2202a""}",
        16,         0,         0,    2.90,mwpf__761f3371de99df9efabba094f174e439214687dced9cc3cd6fcfd4925ef05ead,5373d5de17f66a3eb06d839f452c3912e4e626c22ca55edf6a2d0424cc80f5ce,"{""circuit"":""surface_code:rotated_memory_x"",""cluster_node_limit"":50,""d"":7,""decoder"":""mwpf"",""decoder_type"":""SolverSerialJointSingleHair"",""p"":0.007,""p_erase"":0.0,""r"":7,""run_id"":""cc23d39f806d6b050b42fdf6523d37ff1ded4115cd9804c1b1173f160297dfb9""}",
         4,         3,         0,    1.61,mwpf__0e7c94a776c9d36b18431c37b59c5d54ed615181b4983b9359c243e9f764dfb4,18ed3080fc8dd3e2ad1b8ac4ffd96f6ee6464a3ae086c1352c800cbc7cd6c4b7,"{""circuit"":""surface_code:rotated_memory_x"",""cluster_node_limit"":50,""d"":7,""decoder"":""mwpf"",""decoder_type"":""SolverSerialJointSingleHair"",""p"":0.015,""p_erase"":0.0,""r"":7,""run_id"":""acdc3549d7b3f20ef13fd9539e517d8487bc2b0a145673bebaddb7b3e0579f70""}",
         4,         0,         0,   0.577,mwpf__b51c22942b58bed18bbe1e33230fc16d37f2f994d4a2eb9aac1a816c71f648b5,49723c50d532252a125a0f77a511824bc8ba2453ced225ca935be4f8ae908466,"{""circuit"":""surface_code:rotated_memory_x"",""cluster_node_limit"":50,""d"":11,""decoder"":""mwpf"",""decoder_type"":""SolverSerialJointSingleHair"",""p"":0.005,""p_erase"":0.0,""r"":11,""run_id"":""dc16d4efdc8c9f700a5975f7aeee7db9a23f8fb27d65c75c03a3aeb77312b5d0""}",
         1,         0,         0,    1.36,mwpf__4f2003d1a89cbab61d79e87a09a2976b8dd26d83c596509b48a165ee5488bbeb,175546001eaf15e5eec910e644a4e44db259318c59115eb89bfe0c8686f47616,"{""circuit"":""surface_code:rotated_memory_x"",""cluster_node_limit"":50,""d"":13,""decoder"":""mwpf"",""decoder_type"":""SolverSerialJointSingleHair"",""p"":0.006,""p_erase"":0.0,""r"":13,""run_id"":""62be0f9566ae226642dba313ffd2ee6fb56abf4ecd764eb123ecb3879eba54f4""}",
     10240,       139,         0,    4.53,mwpf__be13af6e4aecc79fd8470069cbeba0b7402ccae8a2a39ca14aa05aab56e13157,a0053533921bc46fbfe14bb420d60339e3870782d8212090091825118b30ddec,"{""circuit"":""surface_code:rotated_memory_x"",""cluster_node_limit"":50,""d"":3,""decoder"":""mwpf"",""decoder_type"":""SolverSerialJointSingleHair"",""p"":0.006,""p_erase"":0.0,""r"":3,""run_id"":""dd60754122c9f7a810b0c1d8b1c92188ea52870232067546237f0fa25d610548""}",
      5120,       128,         0,    3.07,mwpf__4e1601b0668063eadc05111c07696cccf168dd50474bd608d301815d45c9a786,d19a124337761452ca3104e53f7e971c7bb837f006c26f70a68a8f67e770bb67,"{""circuit"":""surface_code:rotated_memory_x"",""cluster_node_limit"":50,""d"":3,""decoder"":""mwpf"",""decoder_type"":""SolverSerialJointSingleHair"",""p"":0.0075,""p_erase"":0.0,""r"":3,""run_id"":""4bc734d2ac70cf62b78df146e81bdcf5df30d786b05a2eea177a13d890e64669""}",
        32,         2,         0,    2.25,mwpf__71869c18a9a089d40b18edd25a7ba89978fac639dfba4267cf7ec0f8c602c1b8,a01cc1b908db7b76624bbdaed185a25417056dfe423183481572b126d2518af4,"{""circuit"":""surface_code:rotated_memory_x"",""cluster_node_limit"":50,""d"":7,""decoder"":""mwpf"",""decoder_type"":""SolverSerialJointSingleHair"",""p"":0.009,""p_erase"":0.0,""r"":7,""run_id"":""4b2052dd33b88244b8dc64e1aa696c4f0cef9c363b27e7d2cd9a4ccb51da3596""}",
        48,         0,         0,    2.35,mwpf__0d9aa11d665261a85b6152ce35c4d28399141c8834633741366e3ced28c5496e,9cb90efc03faa69e23b17dfc883ad5c9f049e23f8b4a263ea7026d53febd314f,"{""circuit"":""surface_code:rotated_memory_x"",""cluster_node_limit"":50,""d"":7,""decoder"":""mwpf"",""decoder_type"":""SolverSerialJointSingleHair"",""p"":0.004,""p_erase"":0.0,""r"":7,""run_id"":""bc63bb586674bf0943da17e714fe33cb9292304a00c52142dcc0aa98a48fe916""}",
        12,         0,         0,    3.35,mwpf__21df6b2b273042e1d2ed9f329f81aafabed1f5f52db8a49dfa00753827685509,88fba1d38adf9b5170f72959e8ad037789746d8b4d0c05adc7b86ff083a5f8ba,"{""circuit"":""surface_code:rotated_memory_x"",""cluster_node_limit"":50,""d"":13,""decoder"":""mwpf"",""decoder_type"":""SolverSerialJointSingleHair"",""p"":0.003,""p_erase"":0.0,""r"":13,""run_id"":""9c1c158be912dc2d5d59c6edb8c837f5c8480a5e1b0cd3bc21b958a6713a9a18""}",
         1,         0,         0,   0.866,mwpf__57391e40513f77c41f6a5a9525f7848296f820427a102e649174251c3ae8c6ad,c79309ca0aef5cbc081da3f3155afd72d2954938e38b055a062809320ce791a5,"{""circuit"":""surface_code:rotated_memory_x"",""cluster_node_limit"":50,""d"":11,""decoder"":""mwpf"",""decoder_type"":""SolverSerialJointSingleHair"",""p"":0.009,""p_erase"":0.0,""r"":11,""run_id"":""aafe4cc1c9371c3b19f54d96c87b12f95609d65a09ae8f01c1659b6987c891b7""}",
         2,         0,         0,    4.41,mwpf__d6e8817167c21e257031ce66381ee5547a20cccfb4c07657b5dadac3a6833f79,77c3f58796b3a8a06dbcfa38996887a82fbc4ff14750db8111f1c9a504ceb897,"{""circuit"":""surface_code:rotated_memory_x"",""cluster_node_limit"":50,""d"":11,""decoder"":""mwpf"",""decoder_type"":""SolverSerialJointSingleHair"",""p"":0.007,""p_erase"":0.0,""r"":11,""run_id"":""738582bca717139319653195fdb3aed07ff60eec35baeb0848929c7f5b5792fa""}",
         4,         0,         0,    2.10,mwpf__f72406d99baaa155e6537da23b921802aac7a0476bf592363ce60d85dc12f754,502cdaad1f5ad245d27f94b87cf52b63e8d9429b6075479c1cd1ab87feb4cda0,"{""circuit"":""surface_code:rotated_memory_x"",""cluster_node_limit"":50,""d"":13,""decoder"":""mwpf"",""decoder_type"":""SolverSerialJointSingleHair"",""p"":0.004,""p_erase"":0.0,""r"":13,""run_id"":""9c5f0f6384601a18598e9ec8096fd7d1f329b4fab58d65bfc72b05c12fd62fb2""}",
      4096,        89,         0,    3.50,mwpf__43962ba459d86cd819b8558032ffa6472ba0555135068fb74009d94b7bad5532,1b4e499b3b262af26ba14e01aa169e3a7f2d864a488b68fa6fba53177a53ffcc,"{""circuit"":""surface_code:rotated_memory_x"",""cluster_node_limit"":50,""d"":3,""decoder"":""mwpf"",""decoder_type"":""SolverSerialJointSingleHair"",""p"":0.008,""p_erase"":0.0,""r"":3,""run_id"":""842b8d9622dd95e081373b13334f0c4c970c25ea256e90e9985b8d1bb6968aef""}",
        64,         1,         0,    2.38,mwpf__9d3e7a869e7911d9ce122143a3492c036ddd4432f11bd090435ee7772beb17ae,6d5c7f274b75ae537824437920d4a7ca50ed98e1dfa880fcbb9eccb2e87a1048,"{""circuit"":""surface_code:rotated_memory_x"",""cluster_node_limit"":50,""d"":5,""decoder"":""mwpf"",""decoder_type"":""SolverSerialJointSingleHair"",""p"":0.006,""p_erase"":0.0,""r"":5,""run_id"":""136e458ea1bb00db5031dfe54473bc21d7f67216ffcf15b01c0f763ac55c92f3""}",
         4,         0,         0,    2.66,mwpf__657887243b5868399920fa937a3887ed9e2ac0d9d98cadc2e1a651e3f504cda0,d4553ef01c242393c1aeaba835587e05af3c08f66bad464752b049a3be541a37,"{""circuit"":""surface_code:rotated_memory_x"",""cluster_node_limit"":50,""d"":11,""decoder"":""mwpf"",""decoder_type"":""SolverSerialJointSingleHair"",""p"":0.0065,""p_erase"":0.0,""r"":11,""run_id"":""8e1df1698035a74962cf4fbf46e34daf5b11fbeb2de0990648bf3b88ed7162d9""}",
         8,         0,         0,    1.32,mwpf__816dbb216f33548bde82700373ed8762c4588f7e736c0d6ce8bbd83718eb9bc4,4a103945d4b3e03fb447b3f991894618fed8c7625561e2ed8d29b4caf27b2618,"{""circuit"":""surface_code:rotated_memory_x"",""cluster_node_limit"":50,""d"":11,""decoder"":""mwpf"",""decoder_type"":""SolverSerialJointSingleHair"",""p"":0.004,""p_erase"":0.0,""r"":11,""run_id"":""3083dc33435eff96398d9127ce3d8e2c144ff987bf7bc12ab2896614c67e19b0""}",
        96,         1,         0,    2.21,mwpf__8b7aba4b42c55eac316a2911da8b71ada3c5c95714024fe9cb878eda2ed964eb,19dae4f12454abdb37e7a82e67feb6734eaa8650e81bd5af32a541e6d88fd6f1,"{""circuit"":""surface_code:rotated_memory_x"",""cluster_node_limit"":50,""d"":5,""decoder"":""mwpf"",""decoder_type"":""SolverSerialJointSingleHair"",""p"":0.0065,""p_erase"":0.0,""r"":5,""run_id"":""14c277d1360d884007b225112d7b983b9f2c5fc158d2870f656c6b2929b311b6""}",
        72,         0,         0,    3.27,mwpf__51e8ee19cf0aaa70da53967b6319671a0062ce98a2bc87274e8dc28f0b80d783,80a8d8d8845ce59d024eed62a7aec2b46f82d021196b4658f49128b3cea863e2,"{""circuit"":""surface_code:rotated_memory_x"",""cluster_node_limit"":50,""d"":7,""decoder"":""mwpf"",""decoder_type"":""SolverSerialJointSingleHair"",""p"":0.005,""p_erase"":0.0,""r"":7,""run_id"":""3ff977703ebf3f566a41dac215e2bc8e682579cf7cec84db2f03627fcfabbad2""}",
         1,         0,         0,   0.803,mwpf__27a571c12c515651d4ffcfb77cd014cbd564d8d59b84c23e14b783de48feab52,c7796fbd3a9ed9e25c88662f131fdcc3db567aa019543a6d04c9545bad45a9e6,"{""circuit"":""surface_code:rotated_memory_x"",""cluster_node_limit"":50,""d"":11,""decoder"":""mwpf"",""decoder_type"":""SolverSerialJointSingleHair"",""p"":0.008,""p_erase"":0.0,""r"":11,""run_id"":""a1c19c3e7f2e8098c81889b056bfa77224d1f0cf9b3deea17d360de81aae0496""}",
       128,         2,         0,    2.18,mwpf__6d4510a60f3ab5a6af5bc8ff2f60857cc46b32094baeda08965a4d99c4f42aec,0cb3695c8696727a8873244b6e84d963d4eb9e0abd45b5a7328dfa907569f518,"{""circuit"":""surface_code:rotated_memory_x"",""cluster_node_limit"":50,""d"":5,""decoder"":""mwpf"",""decoder_type"":""SolverSerialJointSingleHair"",""p"":0.005,""p_erase"":0.0,""r"":5,""run_id"":""a9419091d73bd2c76a2c7e3604d34d847de2f4b02b85d0c3d0860c0754fc56d1""}",
         4,         0,         0,    2.47,mwpf__0ffad40cb78e56d31871ef678a2c2c220e01e0128694bf21b48103122ad96d78,1eeffca09c34ec66ea37833c9064e8ea37a416c4745e08373b9f3699fa053396,"{""circuit"":""surface_code:rotated_memory_x"",""cluster_node_limit"":50,""d"":9,""decoder"":""mwpf"",""decoder_type"":""SolverSerialJointSingleHair"",""p"":0.006,""p_erase"":0.0,""r"":9,""run_id"":""24bb5f6faf950c7f32be70c2a658f8a2aec69874df03f312866b1e584c72f944""}",
         1,         0,         0,   0.475,mwpf__d6e8817167c21e257031ce66381ee5547a20cccfb4c07657b5dadac3a6833f79,77c3f58796b3a8a06dbcfa38996887a82fbc4ff14750db8111f1c9a504ceb897,"{""circuit"":""surface_code:rotated_memory_x"",""cluster_node_limit"":50,""d"":11,""decoder"":""mwpf"",""decoder_type"":""SolverSerialJointSingleHair"",""p"":0.007,""p_erase"":0.0,""r"":11,""run_id"":""738582bca717139319653195fdb3aed07ff60eec35baeb0848929c7f5b5792fa""}",
        96,         5,         0,    2.26,mwpf__91ffc942ec0dda29e3cbefbf32236cf9a6f3fa7b23e4675ef61bf5a2d3aa5377,40546135e2bd9eb08f97c8c1c6115e8bc75406288d37472ee0445cd367e1721b,"{""circuit"":""surface_code:rotated_memory_x"",""cluster_node_limit"":50,""d"":5,""decoder"":""mwpf"",""decoder_type"":""SolverSerialJointSingleHair"",""p"":0.0075,""p_erase"":0.0,""r"":5,""run_id"":""5a57a6d0ff957d816c2c86860718eec6af832a23575ff55f991f4b130256fb39""}",
        24,         0,         0,    2.27,mwpf__7b751ba9c29dec22792ae2997abbcfb30aeccd30f12272dee86da02f98924346,ef36a2d62e6f27449c8c54ebc380941555cc4126bf8269beb48c5d4285c2c832,"{""circuit"":""surface_code:rotated_memory_x"",""cluster_node_limit"":50,""d"":7,""decoder"":""mwpf"",""decoder_type"":""SolverSerialJointSingleHair"",""p"":0.0065,""p_erase"":0.0,""r"":7,""run_id"":""2dbf0f369a61ab19037b084768e1601bc2d15a711cdebadba5827ddd88dd2495""}",
        64,         1,         0,    3.59,mwpf__b1e65b016886068417e23bc8e6fc3b5255b88b9358acef6c4d90bf957e517d18,31b39447a5c78d0b15a05b2c95790aeec81d5a48fd188b4f6a69524fe0d6720c,"{""circuit"":""surface_code:rotated_memory_x"",""cluster_node_limit"":50,""d"":7,""decoder"":""mwpf"",""decoder_type"":""SolverSerialJointSingleHair"",""p"":0.003,""p_erase"":0.0,""r"":7,""run_id"":""3e7768a46571fd1de5957ad6fb50ce7c500c937939ee9035abc77e8f3db0e162""}",
        48,         0,         0,    2.74,mwpf__951eb3349e78cec2a155134d7fb171e1ad03d800a86442f3c4b76397f4c7fd4d,cde164a21cdab97d63839b3f64b1c2e5cf62ef5d8be22509c82bac34fbb3e2b2,"{""circuit"":""surface_code:rotated_memory_x"",""cluster_node_limit"":50,""d"":5,""decoder"":""mwpf"",""decoder_type"":""SolverSerialJointSingleHair"",""p"":0.007,""p_erase"":0.0,""r"":5,""run_id"":""fc11e6013551ff75fa4759b0fc71e28cb776c1e995679ad07f9247f45c9ad106""}",
        48,         2,         0,    2.46,mwpf__e098ae1eaf131a692c7d269ecd7c0b356809a18a2ccc52547656bea351773dd9,c4e2e9f4264f6040fcd119a2d32c96bd25a12364f525742dd40c8b2e504c5240,"{""circuit"":""surface_code:rotated_memory_x"",""cluster_node_limit"":50,""d"":5,""decoder"":""mwpf"",""decoder_type"":""SolverSerialJointSingleHair"",""p"":0.01,""p_erase"":0.0,""r"":5,""run_id"":""669fd91e75976823dd1cbb6f0d860524121f186f614db6fb259f60c1945fce8a""}",
        56,         4,         0,    3.19,mwpf__74b18df185b22796a559f32f488c1f95ef0d82d34c256906317561e4acce78ec,ff1f59d74e0a85a29f4995de86372e17ef6d73f50ef84112e0cd3a298e221696,"{""circuit"":""surface_code:rotated_memory_x"",""cluster_node_limit"":50,""d"":5,""decoder"":""mwpf"",""decoder_type"":""SolverSerialJointSingleHair"",""p"":0.009,""p_erase"":0.0,""r"":5,""run_id"":""c32281a89ec9fb6ef8731b931cbe729d04602aba0eeadfec21fc1875143cc8af""}",
         1,         0,         0,    1.56,mwpf__4d095e94564aaf70b358e5d5ebb14c977585d24f71ee066d73c8d28da9e509d1,f558194f437a2b7eb02e26a0c3c685b29032de063b739c7351099f552cd87aa6,"{""circuit"":""surface_code:rotated_memory_x"",""cluster_node_limit"":50,""d"":9,""decoder"":""mwpf"",""decoder_type"":""SolverSerialJointSingleHair"",""p"":0.01,""p_erase"":0.0,""r"":9,""run_id"":""07c0f409e8370b67d9c8c55c2486281381c0937533be35a12e0610e26f05aded""}",
         6,         1,         0,    1.90,mwpf__6099ca9ba0e75d433e29cf0e99deb8fecdb2af5c2add85a0679af0a6cbc31454,059af26b3446a53a53fb02480a7d49eb29e7b3510b62d2455b645061774c7dd8,"{""circuit"":""surface_code:rotated_memory_x"",""cluster_node_limit"":50,""d"":9,""decoder"":""mwpf"",""decoder_type"":""SolverSerialJointSingleHair"",""p"":0.008,""p_erase"":0.0,""r"":9,""run_id"":""8dfac8c52a2bdb8ad1978822189831360902afd0bc2eb7a9333f1f5088b13a03""}",
     11264,       159,         0,    4.44,mwpf__682d5c8b1e761a1076b65dca539a2d15d82ad086708269570743d5b5c12e48ec,7ee21ac07e1d2d837dee1b9de812df8e43271af75c9d02b6bafea9ec15c9affa,"{""circuit"":""surface_code:rotated_memory_x"",""cluster_node_limit"":50,""d"":3,""decoder"":""mwpf"",""decoder_type"":""SolverSerialJointSingleHair"",""p"":0.0065,""p_erase"":0.0,""r"":3,""run_id"":""b8f63b3afee4afe98e7bbb30f20c4398dd3b9aec649fcfb3e47705c2a2c61b36""}",
         4,         0,         0,    2.15,mwpf__1c17b6ee16c741b8697b91cd285aaee9a8e106198ab113a3b41e17f1b62daa89,3627112f92c7e85ea6801db379ff16386d627c78375e4cf85abab0e7352f9166,"{""circuit"":""surface_code:rotated_memory_x"",""cluster_node_limit"":50,""d"":9,""decoder"":""mwpf"",""decoder_type"":""SolverSerialJointSingleHair"",""p"":0.007,""p_erase"":0.0,""r"":9,""run_id"":""afd2d1bea34409055a74153634f35b6efd9ed9b105183e8591ec4772c9d800e4""}",
         4,         0,         0,    1.40,mwpf__4f2003d1a89cbab61d79e87a09a2976b8dd26d83c596509b48a165ee5488bbeb,175546001eaf15e5eec910e644a4e44db259318c59115eb89bfe0c8686f47616,"{""circuit"":""surface_code:rotated_memory_x"",""cluster_node_limit"":50,""d"":13,""decoder"":""mwpf"",""decoder_type"":""SolverSerialJointSingleHair"",""p"":0.006,""p_erase"":0.0,""r"":13,""run_id"":""62be0f9566ae226642dba313ffd2ee6fb56abf4ecd764eb123ecb3879eba54f4""}",
        16,         0,         0,    2.48,mwpf__0480aaa502c889192677deb2a1f79b047530feca1cf6dfaaff42d6ad35de660c,2428a4412b21fcaa2436e1c2e9c61819ecb01828206a188ce051a39d99979d3f,"{""circuit"":""surface_code:rotated_memory_x"",""cluster_node_limit"":50,""d"":7,""decoder"":""mwpf"",""decoder_type"":""SolverSerialJointSingleHair"",""p"":0.008,""p_erase"":0.0,""r"":7,""run_id"":""b0127341a48953a855ea3549247068ee7050e7461912fad56a38b1d8708ded61""}",
        32,         0,         0,    1.10,mwpf__9d3e7a869e7911d9ce122143a3492c036ddd4432f11bd090435ee7772beb17ae,6d5c7f274b75ae537824437920d4a7ca50ed98e1dfa880fcbb9eccb2e87a1048,"{""circuit"":""surface_code:rotated_memory_x"",""cluster_node_limit"":50,""d"":5,""decoder"":""mwpf"",""decoder_type"":""SolverSerialJointSingleHair"",""p"":0.006,""p_erase"":0.0,""r"":5,""run_id"":""136e458ea1bb00db5031dfe54473bc21d7f67216ffcf15b01c0f763ac55c92f3""}",
       256,         1,         0,    1.75,mwpf__1c59223be739329e89f3e2f13123f7a8f4b0534135cf1e86feb02275412b9cb4,0634ed5aa73fe8e8c1c641cba85bef34b7d4eda6b029d2ee4500c76f6a3e6dd0,"{""circuit"":""surface_code:rotated_memory_x"",""cluster_node_limit"":50,""d"":5,""decoder"":""mwpf"",""decoder_type"":""SolverSerialJointSingleHair"",""p"":0.003,""p_erase"":0.0,""r"":5,""run_id"":""15e3edac26702bd06daa1bb3e90bddb5f87b2bb2b182b8fed1b9f8d68845e848""}",
         1,         0,         0,   0.926,mwpf__27a571c12c515651d4ffcfb77cd014cbd564d8d59b84c23e14b783de48feab52,c7796fbd3a9ed9e25c88662f131fdcc3db567aa019543a6d04c9545bad45a9e6,"{""circuit"":""surface_code:rotated_memory_x"",""cluster_node_limit"":50,""d"":11,""decoder"":""mwpf"",""decoder_type"":""SolverSerialJointSingleHair"",""p"":0.008,""p_erase"":0.0,""r"":11,""run_id"":""a1c19c3e7f2e8098c81889b056bfa77224d1f0cf9b3deea17d360de81aae0496""}",
         6,         0,         0,    1.82,mwpf__1e6eb1b7d5a2ec0e953a7cb244b33bc530e16f23c32db88007fc1c7b035f330b,4b7230cba9d61504918ac10d685a7d051d9b1c23b970118aff9533c10c21a028,"{""circuit"":""surface_code:rotated_memory_x"",""cluster_node_limit"":50,""d"":11,""decoder"":""mwpf"",""decoder_type"":""SolverSerialJointSingleHair"",""p"":0.0075,""p_erase"":0.0,""r"":11,""run_id"":""d141b2a8478788124b5b1cb4085ff0997ab6fd837791f95217839732d3f5a11a""}",
         4,         0,         0,    1.78,mwpf__0e7c94a776c9d36b18431c37b59c5d54ed615181b4983b9359c243e9f764dfb4,18ed3080fc8dd3e2ad1b8ac4ffd96f6ee6464a3ae086c1352c800cbc7cd6c4b7,"{""circuit"":""surface_code:rotated_memory_x"",""cluster_node_limit"":50,""d"":7,""decoder"":""mwpf"",""decoder_type"":""SolverSerialJointSingleHair"",""p"":0.015,""p_erase"":0.0,""r"":7,""run_id"":""acdc3549d7b3f20ef13fd9539e517d8487bc2b0a145673bebaddb7b3e0579f70""}",
         4,         0,         0,    1.76,mwpf__b51c22942b58bed18bbe1e33230fc16d37f2f994d4a2eb9aac1a816c71f648b5,49723c50d532252a125a0f77a511824bc8ba2453ced225ca935be4f8ae908466,"{""circuit"":""surface_code:rotated_memory_x"",""cluster_node_limit"":50,""d"":11,""decoder"":""mwpf"",""decoder_type"":""SolverSerialJointSingleHair"",""p"":0.005,""p_erase"":0.0,""r"":11,""run_id"":""dc16d4efdc8c9f700a5975f7aeee7db9a23f8fb27d65c75c03a3aeb77312b5d0""}",
        34,         0,         0,    2.56,mwpf__8548f0e17df6ec2da00e239d3cc0f77db49812682ea7479645b8b7bbf459e376,3982ff67ef7e56884cb20ebd1c912dd13305efd49de30c97ba1d1d3d4ede83f3,"{""circuit"":""surface_code:rotated_memory_x"",""cluster_node_limit"":50,""d"":11,""decoder"":""mwpf"",""decoder_type"":""SolverSerialJointSingleHair"",""p"":0.003,""p_erase"":0.0,""r"":11,""run_id"":""f8aa956a2e2076433f554631dc774e205799286246e2bbf1a0cefd6d6db83727""}",
      3072,        73,         0,    3.15,mwpf__d56b027df54bbcee1a569d4b790c31989f5693ab552e6ad7d4b399bc8a5b7ae2,f0a51108deaa2e813a85a0daf8998382d985f25173b21c56aa0f0dddcd7c45dc,"{""circuit"":""surface_code:rotated_memory_x"",""cluster_node_limit"":50,""d"":3,""decoder"":""mwpf"",""decoder_type"":""SolverSerialJointSingleHair"",""p"":0.009,""p_erase"":0.0,""r"":3,""run_id"":""f3773bbf3001f7044304ac6a12d9ddb4d020a1b2b51ce7b475f4f14944f915f3""}",
         2,         0,         0,    4.60,mwpf__7a95b4e0e46b327d000e116a0c1b8752a5233749e2ab488204b0555276cc7d20,3739a29a1a4cc537bb158528d425c3e0bc4b8143c997f57751cec9d6df3b5373,"{""circuit"":""surface_code:rotated_memory_x"",""cluster_node_limit"":50,""d"":11,""decoder"":""mwpf"",""decoder_type"":""SolverSerialJointSingleHair"",""p"":0.006,""p_erase"":0.0,""r"":11,""run_id"":""8004ec240d1464395bfc8a126a835b432e446c1a1cef8253e8138d42920ca974""}",
         8,         0,         0,    2.04,mwpf__21df6b2b273042e1d2ed9f329f81aafabed1f5f52db8a49dfa00753827685509,88fba1d38adf9b5170f72959e8ad037789746d8b4d0c05adc7b86ff083a5f8ba,"{""circuit"":""surface_code:rotated_memory_x"",""cluster_node_limit"":50,""d"":13,""decoder"":""mwpf"",""decoder_type"":""SolverSerialJointSingleHair"",""p"":0.003,""p_erase"":0.0,""r"":13,""run_id"":""9c1c158be912dc2d5d59c6edb8c837f5c8480a5e1b0cd3bc21b958a6713a9a18""}",
        48,         0,         0,    1.71,mwpf__51e8ee19cf0aaa70da53967b6319671a0062ce98a2bc87274e8dc28f0b80d783,80a8d8d8845ce59d024eed62a7aec2b46f82d021196b4658f49128b3cea863e2,"{""circuit"":""surface_code:rotated_memory_x"",""cluster_node_limit"":50,""d"":7,""decoder"":""mwpf"",""decoder_type"":""SolverSerialJointSingleHair"",""p"":0.005,""p_erase"":0.0,""r"":7,""run_id"":""3ff977703ebf3f566a41dac215e2bc8e682579cf7cec84db2f03627fcfabbad2""}",
      7168,       121,         0,    4.68,mwpf__03fa2c6e37aff7c81ae22b7dea7a504d3eb26ec3a7b349088c7bcea7a9871e0c,6267ba7f3c1c772896eebefc6d523adb68e82d38d020e307be1f733b70ad8bd3,"{""circuit"":""surface_code:rotated_memory_x"",""cluster_node_limit"":50,""d"":3,""decoder"":""mwpf"",""decoder_type"":""SolverSerialJointSingleHair"",""p"":0.007,""p_erase"":0.0,""r"":3,""run_id"":""135e03791629607bb61bf8b9b22bc12f2324f26b65e31e82f5c3cd97d24c99c9""}",
         4,         1,         0,    7.76,mwpf__f1ba2c1f600b7a69e787fba16d98ab1a9190d2cbf22cb139f6d85f0963050ecd,362d43fe567b84549d5b408b2c9937944a18c5015578d62368865481ce9a1280,"{""circuit"":""surface_code:rotated_memory_x"",""cluster_node_limit"":50,""d"":9,""decoder"":""mwpf"",""decoder_type"":""SolverSerialJointSingleHair"",""p"":0.009,""p_erase"":0.0,""r"":9,""run_id"":""38d09452ebb2ff3ecc7153e5d90de64e1415b048dd2df4f50bcd6553bab20233""}",
        64,         0,         0,   0.807,mwpf__9d3e7a869e7911d9ce122143a3492c036ddd4432f11bd090435ee7772beb17ae,6d5c7f274b75ae537824437920d4a7ca50ed98e1dfa880fcbb9eccb2e87a1048,"{""circuit"":""surface_code:rotated_memory_x"",""cluster_node_limit"":50,""d"":5,""decoder"":""mwpf"",""decoder_type"":""SolverSerialJointSingleHair"",""p"":0.006,""p_erase"":0.0,""r"":5,""run_id"":""136e458ea1bb00db5031dfe54473bc21d7f67216ffcf15b01c0f763ac55c92f3""}",
        20,         1,         0,    2.33,mwpf__761f3371de99df9efabba094f174e439214687dced9cc3cd6fcfd4925ef05ead,5373d5de17f66a3eb06d839f452c3912e4e626c22ca55edf6a2d0424cc80f5ce,"{""circuit"":""surface_code:rotated_memory_x"",""cluster_node_limit"":50,""d"":7,""decoder"":""mwpf"",""decoder_type"":""SolverSerialJointSingleHair"",""p"":0.007,""p_erase"":0.0,""r"":7,""run_id"":""cc23d39f806d6b050b42fdf6523d37ff1ded4115cd9804c1b1173f160297dfb9""}",
        48,         0,         0,    3.18,mwpf__d6e273bec9b587e85ba4f19af1099d5769edba9e40437c8089c08ed25bd72758,5388f8eb2e6e41b439260433c3419bdbf5f8b4bd5b8e2a2c70a24a791cee3145,"{""circuit"":""surface_code:rotated_memory_x"",""cluster_node_limit"":50,""d"":5,""decoder"":""mwpf"",""decoder_type"":""SolverSerialJointSingleHair"",""p"":0.008,""p_erase"":0.0,""r"":5,""run_id"":""bfa3c7cba13850dd37e54bb29bb945687e3fe04272a3151e2ac8acb7416976e7""}",
        24,         0,         0,    2.24,mwpf__0d9aa11d665261a85b6152ce35c4d28399141c8834633741366e3ced28c5496e,9cb90efc03faa69e23b17dfc883ad5c9f049e23f8b4a263ea7026d53febd314f,"{""circuit"":""surface_code:rotated_memory_x"",""cluster_node_limit"":50,""d"":7,""decoder"":""mwpf"",""decoder_type"":""SolverSerialJointSingleHair"",""p"":0.004,""p_erase"":0.0,""r"":7,""run_id"":""bc63bb586674bf0943da17e714fe33cb9292304a00c52142dcc0aa98a48fe916""}",
         6,         0,         0,    2.44,mwpf__635e40dda6d3e96020ea75ae193e9dd537bd1e25622b042e0e59c0187110d1be,06dc2e6bd74ae874fe58d9f164c4486dc719c5118f922909b0e948fb9b7a211e,"{""circuit"":""surface_code:rotated_memory_x"",""cluster_node_limit"":50,""d"":13,""decoder"":""mwpf"",""decoder_type"":""SolverSerialJointSingleHair"",""p"":0.005,""p_erase"":0.0,""r"":13,""run_id"":""1dd32fbecda77a042c5f41d375ae2b79efd66b7adfe572570e9f313567b2202a""}",
        18,         0,         0,    6.61,mwpf__ef4bd14b406ebb94921d73b05e28e9be274fd0180168db54ebfe9ad4abb5c3dd,813034dd365f90862ad3456e088d05537a5961eea78ad69b71aff0330e723902,"{""circuit"":""surface_code:rotated_memory_x"",""cluster_node_limit"":50,""d"":9,""decoder"":""mwpf"",""decoder_type"":""SolverSerialJointSingleHair"",""p"":0.0075,""p_erase"":0.0,""r"":9,""run_id"":""d43e2110d6096cb21b3dc2507099ab1df8f05023ab41bfbd088fbc12277e6cad""}",
        32,         0,         0,    4.63,mwpf__b86dfdc6edf5243fa953eba38df9eedffa26e17e861ff53898370ede6b3f4924,ed4377a6fc84ce98150c12b4f78cbf0f69f277dc7b34e1caecdce413a6651655,"{""circuit"":""surface_code:rotated_memory_x"",""cluster_node_limit"":50,""d"":9,""decoder"":""mwpf"",""decoder_type"":""SolverSerialJointSingleHair"",""p"":0.003,""p_erase"":0.0,""r"":9,""run_id"":""efe7c5548b07943d995a96c2060d6be39255a1f992a2a76f4714bdcbfad04986""}",
        72,         0,         0,    4.17,mwpf__c6ba5eb607084c237766d2f1acb7719308a77ef713824e5c4b8d9fdd0cd4a1b6,f538726661a9ad85ba0d5eda8cd32b2cbddd0a923127051b03a5b9c672de5ae4,"{""circuit"":""surface_code:rotated_memory_x"",""cluster_node_limit"":50,""d"":7,""decoder"":""mwpf"",""decoder_type"":""SolverSerialJointSingleHair"",""p"":0.0075,""p_erase"":0.0,""r"":7,""run_id"":""746c0ed850e7a1c4899561c73e97af04ff040736013cde397145df4c660e1d2a""}",
         6,         0,         0,    1.96,mwpf__0ffad40cb78e56d31871ef678a2c2c220e01e0128694bf21b48103122ad96d78,1eeffca09c34ec66ea37833c9064e8ea37a416c4745e08373b9f3699fa053396,"{""circuit"":""surface_code:rotated_memory_x"",""cluster_node_limit"":50,""d"":9,""decoder"":""mwpf"",""decoder_type"":""SolverSerialJointSingleHair"",""p"":0.006,""p_erase"":0.0,""r"":9,""run_id"":""24bb5f6faf950c7f32be70c2a658f8a2aec69874df03f312866b1e584c72f944""}",
      4671,        72,         0,    2.58,mwpf__be13af6e4aecc79fd8470069cbeba0b7402ccae8a2a39ca14aa05aab56e13157,a0053533921bc46fbfe14bb420d60339e3870782d8212090091825118b30ddec,"{""circuit"":""surface_code:rotated_memory_x"",""cluster_node_limit"":50,""d"":3,""decoder"":""mwpf"",""decoder_type"":""SolverSerialJointSingleHair"",""p"":0.006,""p_erase"":0.0,""r"":3,""run_id"":""dd60754122c9f7a810b0c1d8b1c92188ea52870232067546237f0fa25d610548""}",
        12,         0,         0,    2.82,mwpf__5690b4a8bc9c88c24efb060e4e655ea926b0a3cafb8eccb6b16e13bcfa6f8f57,2319881ca4af7e340fa0dc5e54cc6bc5ff4176d44f6e7028a967f989b1262cd0,"{""circuit"":""surface_code:rotated_memory_x"",""cluster_node_limit"":50,""d"":9,""decoder"":""mwpf"",""decoder_type"":""SolverSerialJointSingleHair"",""p"":0.0065,""p_erase"":0.0,""r"":9,""run_id"":""bcb66dbf1963af5450bb3b51e6950f2b7fc1b6490e9ba479a670b91dc4b2af88""}",
        10,         0,         0,    2.54,mwpf__f72406d99baaa155e6537da23b921802aac7a0476bf592363ce60d85dc12f754,502cdaad1f5ad245d27f94b87cf52b63e8d9429b6075479c1cd1ab87feb4cda0,"{""circuit"":""surface_code:rotated_memory_x"",""cluster_node_limit"":50,""d"":13,""decoder"":""mwpf"",""decoder_type"":""SolverSerialJointSingleHair"",""p"":0.004,""p_erase"":0.0,""r"":13,""run_id"":""9c5f0f6384601a18598e9ec8096fd7d1f329b4fab58d65bfc72b05c12fd62fb2""}",
        16,         0,         0,    2.32,mwpf__816dbb216f33548bde82700373ed8762c4588f7e736c0d6ce8bbd83718eb9bc4,4a103945d4b3e03fb447b3f991894618fed8c7625561e2ed8d29b4caf27b2618,"{""circuit"":""surface_code:rotated_memory_x"",""cluster_node_limit"":50,""d"":11,""decoder"":""mwpf"",""decoder_type"":""SolverSerialJointSingleHair"",""p"":0.004,""p_erase"":0.0,""r"":11,""run_id"":""3083dc33435eff96398d9127ce3d8e2c144ff987bf7bc12ab2896614c67e19b0""}",
         7,         0,         0,    2.58,mwpf__657887243b5868399920fa937a3887ed9e2ac0d9d98cadc2e1a651e3f504cda0,d4553ef01c242393c1aeaba835587e05af3c08f66bad464752b049a3be541a37,"{""circuit"":""surface_code:rotated_memory_x"",""cluster_node_limit"":50,""d"":11,""decoder"":""mwpf"",""decoder_type"":""SolverSerialJointSingleHair"",""p"":0.0065,""p_erase"":0.0,""r"":11,""run_id"":""8e1df1698035a74962cf4fbf46e34daf5b11fbeb2de0990648bf3b88ed7162d9""}",
        24,         4,         0,    3.08,mwpf__e0a55262cf1f1a7a613b4765b0629e55d0b3fe9d54b863fbeff7519c53c8e351,34913737fb3f42b5d01e95eaa7e9bb6ec2ccceeb90dac3afed499a1716fb1a4c,"{""circuit"":""surface_code:rotated_memory_x"",""cluster_node_limit"":50,""d"":7,""decoder"":""mwpf"",""decoder_type"":""SolverSerialJointSingleHair"",""p"":0.01,""p_erase"":0.0,""r"":7,""run_id"":""85dc4b86326449a5e4d2267937782207589c000366e3fbe70d98bb3f9fb5a333""}",
        16,         2,         0,    2.26,mwpf__7b751ba9c29dec22792ae2997abbcfb30aeccd30f12272dee86da02f98924346,ef36a2d62e6f27449c8c54ebc380941555cc4126bf8269beb48c5d4285c2c832,"{""circuit"":""surface_code:rotated_memory_x"",""cluster_node_limit"":50,""d"":7,""decoder"":""mwpf"",""decoder_type"":""SolverSerialJointSingleHair"",""p"":0.0065,""p_erase"":0.0,""r"":7,""run_id"":""2dbf0f369a61ab19037b084768e1601bc2d15a711cdebadba5827ddd88dd2495""}",
         4,         0,         0,    1.14,mwpf__7a95b4e0e46b327d000e116a0c1b8752a5233749e2ab488204b0555276cc7d20,3739a29a1a4cc537bb158528d425c3e0bc4b8143c997f57751cec9d6df3b5373,"{""circuit"":""surface_code:rotated_memory_x"",""cluster_node_limit"":50,""d"":11,""decoder"":""mwpf"",""decoder_type"":""SolverSerialJointSingleHair"",""p"":0.006,""p_erase"":0.0,""r"":11,""run_id"":""8004ec240d1464395bfc8a126a835b432e446c1a1cef8253e8138d42920ca974""}",
         2,         0,         0,   0.868,mwpf__f1ba2c1f600b7a69e787fba16d98ab1a9190d2cbf22cb139f6d85f0963050ecd,362d43fe567b84549d5b408b2c9937944a18c5015578d62368865481ce9a1280,"{""circuit"":""surface_code:rotated_memory_x"",""cluster_node_limit"":50,""d"":9,""decoder"":""mwpf"",""decoder_type"":""SolverSerialJointSingleHair"",""p"":0.009,""p_erase"":0.0,""r"":9,""run_id"":""38d09452ebb2ff3ecc7153e5d90de64e1415b048dd2df4f50bcd6553bab20233""}",
       320,         2,         0,    3.41,mwpf__6dc40dd78a7537f759b93670cd0af0008adf279fbc2acda6010b04619b90078a,71b64adea95d26ec136e0f6d5c44173faab2351254ae92ff6c2fb79fe431c3f7,"{""circuit"":""surface_code:rotated_memory_x"",""cluster_node_limit"":50,""d"":5,""decoder"":""mwpf"",""decoder_type"":""SolverSerialJointSingleHair"",""p"":0.004,""p_erase"":0.0,""r"":5,""run_id"":""2c1d23bd89bcf5d6d623dffd52817527ab5ba820bb8c60558a749cc97b051f30""}",
        96,         1,         0,    2.46,mwpf__b1e65b016886068417e23bc8e6fc3b5255b88b9358acef6c4d90bf957e517d18,31b39447a5c78d0b15a05b2c95790aeec81d5a48fd188b4f6a69524fe0d6720c,"{""circuit"":""surface_code:rotated_memory_x"",""cluster_node_limit"":50,""d"":7,""decoder"":""mwpf"",""decoder_type"":""SolverSerialJointSingleHair"",""p"":0.003,""p_erase"":0.0,""r"":7,""run_id"":""3e7768a46571fd1de5957ad6fb50ce7c500c937939ee9035abc77e8f3db0e162""}",
        32,         0,         0,    2.60,mwpf__91ffc942ec0dda29e3cbefbf32236cf9a6f3fa7b23e4675ef61bf5a2d3aa5377,40546135e2bd9eb08f97c8c1c6115e8bc75406288d37472ee0445cd367e1721b,"{""circuit"":""surface_code:rotated_memory_x"",""cluster_node_limit"":50,""d"":5,""decoder"":""mwpf"",""decoder_type"":""SolverSerialJointSingleHair"",""p"":0.0075,""p_erase"":0.0,""r"":5,""run_id"":""5a57a6d0ff957d816c2c86860718eec6af832a23575ff55f991f4b130256fb39""}",
         4,         0,         0,   0.793,mwpf__0ffad40cb78e56d31871ef678a2c2c220e01e0128694bf21b48103122ad96d78,1eeffca09c34ec66ea37833c9064e8ea37a416c4745e08373b9f3699fa053396,"{""circuit"":""surface_code:rotated_memory_x"",""cluster_node_limit"":50,""d"":9,""decoder"":""mwpf"",""decoder_type"":""SolverSerialJointSingleHair"",""p"":0.006,""p_erase"":0.0,""r"":9,""run_id"":""24bb5f6faf950c7f32be70c2a658f8a2aec69874df03f312866b1e584c72f944""}",
      3647,        56,         0,    2.11,mwpf__682d5c8b1e761a1076b65dca539a2d15d82ad086708269570743d5b5c12e48ec,7ee21ac07e1d2d837dee1b9de812df8e43271af75c9d02b6bafea9ec15c9affa,"{""circuit"":""surface_code:rotated_memory_x"",""cluster_node_limit"":50,""d"":3,""decoder"":""mwpf"",""decoder_type"":""SolverSerialJointSingleHair"",""p"":0.0065,""p_erase"":0.0,""r"":3,""run_id"":""b8f63b3afee4afe98e7bbb30f20c4398dd3b9aec649fcfb3e47705c2a2c61b36""}",
         1,         0,         0,    7.92,mwpf__65cc82da5e33c4f59fbea0b968e342ff75897867edbc7eb9a86af26555b4d079,d984dd8cf1c44306b4070d86f0449ce6e97af834e7dc9b844c01ea04064bc71c,"{""circuit"":""surface_code:rotated_memory_x"",""cluster_node_limit"":50,""d"":13,""decoder"":""mwpf"",""decoder_type"":""SolverSerialJointSingleHair"",""p"":0.0075,""p_erase"":0.0,""r"":13,""run_id"":""145c87dc125c965ea510c81614a2b6d45eec9b437193173d0cb14f7efa403d78""}",
        32,         1,         0,    3.37,mwpf__71869c18a9a089d40b18edd25a7ba89978fac639dfba4267cf7ec0f8c602c1b8,a01cc1b908db7b76624bbdaed185a25417056dfe423183481572b126d2518af4,"{""circuit"":""surface_code:rotated_memory_x"",""cluster_node_limit"":50,""d"":7,""decoder"":""mwpf"",""decoder_type"":""SolverSerialJointSingleHair"",""p"":0.009,""p_erase"":0.0,""r"":7,""run_id"":""4b2052dd33b88244b8dc64e1aa696c4f0cef9c363b27e7d2cd9a4ccb51da3596""}",
        64,         0,         0,    1.31,mwpf__9d3e7a869e7911d9ce122143a3492c036ddd4432f11bd090435ee7772beb17ae,6d5c7f274b75ae537824437920d4a7ca50ed98e1dfa880fcbb9eccb2e87a1048,"{""circuit"":""surface_code:rotated_memory_x"",""cluster_node_limit"":50,""d"":5,""decoder"":""mwpf"",""decoder_type"":""SolverSerialJointSingleHair"",""p"":0.006,""p_erase"":0.0,""r"":5,""run_id"":""136e458ea1bb00db5031dfe54473bc21d7f67216ffcf15b01c0f763ac55c92f3""}",
       640,         0,         0,    2.07,mwpf__1c59223be739329e89f3e2f13123f7a8f4b0534135cf1e86feb02275412b9cb4,0634ed5aa73fe8e8c1c641cba85bef34b7d4eda6b029d2ee4500c76f6a3e6dd0,"{""circuit"":""surface_code:rotated_memory_x"",""cluster_node_limit"":50,""d"":5,""decoder"":""mwpf"",""decoder_type"":""SolverSerialJointSingleHair"",""p"":0.003,""p_erase"":0.0,""r"":5,""run_id"":""15e3edac26702bd06daa1bb3e90bddb5f87b2bb2b182b8fed1b9f8d68845e848""}",
       144,         1,         0,    3.12,mwpf__8b7aba4b42c55eac316a2911da8b71ada3c5c95714024fe9cb878eda2ed964eb,19dae4f12454abdb37e7a82e67feb6734eaa8650e81bd5af32a541e6d88fd6f1,"{""circuit"":""surface_code:rotated_memory_x"",""cluster_node_limit"":50,""d"":5,""decoder"":""mwpf"",""decoder_type"":""SolverSerialJointSingleHair"",""p"":0.0065,""p_erase"":0.0,""r"":5,""run_id"":""14c277d1360d884007b225112d7b983b9f2c5fc158d2870f656c6b2929b311b6""}",
        28,         0,         0,    3.89,mwpf__8c35bf1fe40791e0cc86728b65286dceac7fa4a3150955de718fb71e20591ac0,1db55f393cb47cd7701b494aee001a18fd4a230d6df85129178e6c37931db9f3,"{""circuit"":""surface_code:rotated_memory_x"",""cluster_node_limit"":50,""d"":9,""decoder"":""mwpf"",""decoder_type"":""SolverSerialJointSingleHair"",""p"":0.005,""p_erase"":0.0,""r"":9,""run_id"":""6ff49e3994bd55cd42a49411e80b5ece5d8b1ccd21e8041d4b16720db3ebea01""}",
         4,         0,         0,    1.57,mwpf__21df6b2b273042e1d2ed9f329f81aafabed1f5f52db8a49dfa00753827685509,88fba1d38adf9b5170f72959e8ad037789746d8b4d0c05adc7b86ff083a5f8ba,"{""circuit"":""surface_code:rotated_memory_x"",""cluster_node_limit"":50,""d"":13,""decoder"":""mwpf"",""decoder_type"":""SolverSerialJointSingleHair"",""p"":0.003,""p_erase"":0.0,""r"":13,""run_id"":""9c1c158be912dc2d5d59c6edb8c837f5c8480a5e1b0cd3bc21b958a6713a9a18""}",
      4096,       150,         0,    4.29,mwpf__aaa863e9a64627555b04b70db757b2526080350f57c3e44aa6971a8e395c5be7,4e04f8aa9db7314d71683d08e68e1c551e91b6148e3b3a9d2b78be567b73a4ed,"{""circuit"":""surface_code:rotated_memory_x"",""cluster_node_limit"":50,""d"":3,""decoder"":""mwpf"",""decoder_type"":""SolverSerialJointSingleHair"",""p"":0.01,""p_erase"":0.0,""r"":3,""run_id"":""5b6db69d825a9e1af451573dd00a4a7082d74a5e74fde81d397d7b0bcc5645b2""}",
        96,         3,         0,    2.94,mwpf__74b18df185b22796a559f32f488c1f95ef0d82d34c256906317561e4acce78ec,ff1f59d74e0a85a29f4995de86372e17ef6d73f50ef84112e0cd3a298e221696,"{""circuit"":""surface_code:rotated_memory_x"",""cluster_node_limit"":50,""d"":5,""decoder"":""mwpf"",""decoder_type"":""SolverSerialJointSingleHair"",""p"":0.009,""p_erase"":0.0,""r"":5,""run_id"":""c32281a89ec9fb6ef8731b931cbe729d04602aba0eeadfec21fc1875143cc8af""}",
        56,         1,         0,    3.08,mwpf__e098ae1eaf131a692c7d269ecd7c0b356809a18a2ccc52547656bea351773dd9,c4e2e9f4264f6040fcd119a2d32c96bd25a12364f525742dd40c8b2e504c5240,"{""circuit"":""surface_code:rotated_memory_x"",""cluster_node_limit"":50,""d"":5,""decoder"":""mwpf"",""decoder_type"":""SolverSerialJointSingleHair"",""p"":0.01,""p_erase"":0.0,""r"":5,""run_id"":""669fd91e75976823dd1cbb6f0d860524121f186f614db6fb259f60c1945fce8a""}",
        10,         0,         0,    2.90,mwpf__6099ca9ba0e75d433e29cf0e99deb8fecdb2af5c2add85a0679af0a6cbc31454,059af26b3446a53a53fb02480a7d49eb29e7b3510b62d2455b645061774c7dd8,"{""circuit"":""surface_code:rotated_memory_x"",""cluster_node_limit"":50,""d"":9,""decoder"":""mwpf"",""decoder_type"":""SolverSerialJointSingleHair"",""p"":0.008,""p_erase"":0.0,""r"":9,""run_id"":""8dfac8c52a2bdb8ad1978822189831360902afd0bc2eb7a9333f1f5088b13a03""}",
       192,         2,         0,    3.53,mwpf__6d4510a60f3ab5a6af5bc8ff2f60857cc46b32094baeda08965a4d99c4f42aec,0cb3695c8696727a8873244b6e84d963d4eb9e0abd45b5a7328dfa907569f518,"{""circuit"":""surface_code:rotated_memory_x"",""cluster_node_limit"":50,""d"":5,""decoder"":""mwpf"",""decoder_type"":""SolverSerialJointSingleHair"",""p"":0.005,""p_erase"":0.0,""r"":5,""run_id"":""a9419091d73bd2c76a2c7e3604d34d847de2f4b02b85d0c3d0860c0754fc56d1""}",
         1,         0,         0,    4.06,mwpf__57391e40513f77c41f6a5a9525f7848296f820427a102e649174251c3ae8c6ad,c79309ca0aef5cbc081da3f3155afd72d2954938e38b055a062809320ce791a5,"{""circuit"":""surface_code:rotated_memory_x"",""cluster_node_limit"":50,""d"":11,""decoder"":""mwpf"",""decoder_type"":""SolverSerialJointSingleHair"",""p"":0.009,""p_erase"":0.0,""r"":11,""run_id"":""aafe4cc1c9371c3b19f54d96c87b12f95609d65a09ae8f01c1659b6987c891b7""}",
         8,         0,         0,    1.12,mwpf__7a95b4e0e46b327d000e116a0c1b8752a5233749e2ab488204b0555276cc7d20,3739a29a1a4cc537bb158528d425c3e0bc4b8143c997f57751cec9d6df3b5373,"{""circuit"":""surface_code:rotated_memory_x"",""cluster_node_limit"":50,""d"":11,""decoder"":""mwpf"",""decoder_type"":""SolverSerialJointSingleHair"",""p"":0.006,""p_erase"":0.0,""r"":11,""run_id"":""8004ec240d1464395bfc8a126a835b432e446c1a1cef8253e8138d42920ca974""}",
         1,         0,         0,    4.27,mwpf__43b93046e9364a22259da392bc3668e1033ffbb0945e7dc0e3e1267d20501b3f,4e90c1b95d5e427725f1fd04cbb48a832548a441590a919987ff7d8162105cf0,"{""circuit"":""surface_code:rotated_memory_x"",""cluster_node_limit"":50,""d"":13,""decoder"":""mwpf"",""decoder_type"":""SolverSerialJointSingleHair"",""p"":0.008,""p_erase"":0.0,""r"":13,""run_id"":""3eb0a7712a1b277d4862a6fd791dbd402e6201930b681f484191ed45b10368cf""}",
         4,         0,         0,    1.55,mwpf__816dbb216f33548bde82700373ed8762c4588f7e736c0d6ce8bbd83718eb9bc4,4a103945d4b3e03fb447b3f991894618fed8c7625561e2ed8d29b4caf27b2618,"{""circuit"":""surface_code:rotated_memory_x"",""cluster_node_limit"":50,""d"":11,""decoder"":""mwpf"",""decoder_type"":""SolverSerialJointSingleHair"",""p"":0.004,""p_erase"":0.0,""r"":11,""run_id"":""3083dc33435eff96398d9127ce3d8e2c144ff987bf7bc12ab2896614c67e19b0""}",
        96,         0,         0,    1.34,mwpf__b1e65b016886068417e23bc8e6fc3b5255b88b9358acef6c4d90bf957e517d18,31b39447a5c78d0b15a05b2c95790aeec81d5a48fd188b4f6a69524fe0d6720c,"{""circuit"":""surface_code:rotated_memory_x"",""cluster_node_limit"":50,""d"":7,""decoder"":""mwpf"",""decoder_type"":""SolverSerialJointSingleHair"",""p"":0.003,""p_erase"":0.0,""r"":7,""run_id"":""3e7768a46571fd1de5957ad6fb50ce7c500c937939ee9035abc77e8f3db0e162""}",
         8,         1,         0,    2.21,mwpf__ef4bd14b406ebb94921d73b05e28e9be274fd0180168db54ebfe9ad4abb5c3dd,813034dd365f90862ad3456e088d05537a5961eea78ad69b71aff0330e723902,"{""circuit"":""surface_code:rotated_memory_x"",""cluster_node_limit"":50,""d"":9,""decoder"":""mwpf"",""decoder_type"":""SolverSerialJointSingleHair"",""p"":0.0075,""p_erase"":0.0,""r"":9,""run_id"":""d43e2110d6096cb21b3dc2507099ab1df8f05023ab41bfbd088fbc12277e6cad""}",
         1,         0,         0,    1.29,mwpf__65cc82da5e33c4f59fbea0b968e342ff75897867edbc7eb9a86af26555b4d079,d984dd8cf1c44306b4070d86f0449ce6e97af834e7dc9b844c01ea04064bc71c,"{""circuit"":""surface_code:rotated_memory_x"",""cluster_node_limit"":50,""d"":13,""decoder"":""mwpf"",""decoder_type"":""SolverSerialJointSingleHair"",""p"":0.0075,""p_erase"":0.0,""r"":13,""run_id"":""145c87dc125c965ea510c81614a2b6d45eec9b437193173d0cb14f7efa403d78""}",
        16,         0,         0,    2.21,mwpf__b86dfdc6edf5243fa953eba38df9eedffa26e17e861ff53898370ede6b3f4924,ed4377a6fc84ce98150c12b4f78cbf0f69f277dc7b34e1caecdce413a6651655,"{""circuit"":""surface_code:rotated_memory_x"",""cluster_node_limit"":50,""d"":9,""decoder"":""mwpf"",""decoder_type"":""SolverSerialJointSingleHair"",""p"":0.003,""p_erase"":0.0,""r"":9,""run_id"":""efe7c5548b07943d995a96c2060d6be39255a1f992a2a76f4714bdcbfad04986""}",
        24,         0,         0,    2.99,mwpf__8548f0e17df6ec2da00e239d3cc0f77db49812682ea7479645b8b7bbf459e376,3982ff67ef7e56884cb20ebd1c912dd13305efd49de30c97ba1d1d3d4ede83f3,"{""circuit"":""surface_code:rotated_memory_x"",""cluster_node_limit"":50,""d"":11,""decoder"":""mwpf"",""decoder_type"":""SolverSerialJointSingleHair"",""p"":0.003,""p_erase"":0.0,""r"":11,""run_id"":""f8aa956a2e2076433f554631dc774e205799286246e2bbf1a0cefd6d6db83727""}",
      7168,       136,         0,    4.72,mwpf__4e1601b0668063eadc05111c07696cccf168dd50474bd608d301815d45c9a786,d19a124337761452ca3104e53f7e971c7bb837f006c26f70a68a8f67e770bb67,"{""circuit"":""surface_code:rotated_memory_x"",""cluster_node_limit"":50,""d"":3,""decoder"":""mwpf"",""decoder_type"":""SolverSerialJointSingleHair"",""p"":0.0075,""p_erase"":0.0,""r"":3,""run_id"":""4bc734d2ac70cf62b78df146e81bdcf5df30d786b05a2eea177a13d890e64669""}",
         2,         0,         0,    3.40,mwpf__4f2003d1a89cbab61d79e87a09a2976b8dd26d83c596509b48a165ee5488bbeb,175546001eaf15e5eec910e644a4e44db259318c59115eb89bfe0c8686f47616,"{""circuit"":""surface_code:rotated_memory_x"",""cluster_node_limit"":50,""d"":13,""decoder"":""mwpf"",""decoder_type"":""SolverSerialJointSingleHair"",""p"":0.006,""p_erase"":0.0,""r"":13,""run_id"":""62be0f9566ae226642dba313ffd2ee6fb56abf4ecd764eb123ecb3879eba54f4""}",
         2,         0,         0,    1.70,mwpf__f1ba2c1f600b7a69e787fba16d98ab1a9190d2cbf22cb139f6d85f0963050ecd,362d43fe567b84549d5b408b2c9937944a18c5015578d62368865481ce9a1280,"{""circuit"":""surface_code:rotated_memory_x"",""cluster_node_limit"":50,""d"":9,""decoder"":""mwpf"",""decoder_type"":""SolverSerialJointSingleHair"",""p"":0.009,""p_erase"":0.0,""r"":9,""run_id"":""38d09452ebb2ff3ecc7153e5d90de64e1415b048dd2df4f50bcd6553bab20233""}",
         2,         0,         0,    3.39,mwpf__27a571c12c515651d4ffcfb77cd014cbd564d8d59b84c23e14b783de48feab52,c7796fbd3a9ed9e25c88662f131fdcc3db567aa019543a6d04c9545bad45a9e6,"{""circuit"":""surface_code:rotated_memory_x"",""cluster_node_limit"":50,""d"":11,""decoder"":""mwpf"",""decoder_type"":""SolverSerialJointSingleHair"",""p"":0.008,""p_erase"":0.0,""r"":11,""run_id"":""a1c19c3e7f2e8098c81889b056bfa77224d1f0cf9b3deea17d360de81aae0496""}",
        48,         1,         0,    3.66,mwpf__0480aaa502c889192677deb2a1f79b047530feca1cf6dfaaff42d6ad35de660c,2428a4412b21fcaa2436e1c2e9c61819ecb01828206a188ce051a39d99979d3f,"{""circuit"":""surface_code:rotated_memory_x"",""cluster_node_limit"":50,""d"":7,""decoder"":""mwpf"",""decoder_type"":""SolverSerialJointSingleHair"",""p"":0.008,""p_erase"":0.0,""r"":7,""run_id"":""b0127341a48953a855ea3549247068ee7050e7461912fad56a38b1d8708ded61""}",
      7168,       157,         0,    4.85,mwpf__43962ba459d86cd819b8558032ffa6472ba0555135068fb74009d94b7bad5532,1b4e499b3b262af26ba14e01aa169e3a7f2d864a488b68fa6fba53177a53ffcc,"{""circuit"":""surface_code:rotated_memory_x"",""cluster_node_limit"":50,""d"":3,""decoder"":""mwpf"",""decoder_type"":""SolverSerialJointSingleHair"",""p"":0.008,""p_erase"":0.0,""r"":3,""run_id"":""842b8d9622dd95e081373b13334f0c4c970c25ea256e90e9985b8d1bb6968aef""}",
       256,         1,         0,    1.52,mwpf__1c59223be739329e89f3e2f13123f7a8f4b0534135cf1e86feb02275412b9cb4,0634ed5aa73fe8e8c1c641cba85bef34b7d4eda6b029d2ee4500c76f6a3e6dd0,"{""circuit"":""surface_code:rotated_memory_x"",""cluster_node_limit"":50,""d"":5,""decoder"":""mwpf"",""decoder_type"":""SolverSerialJointSingleHair"",""p"":0.003,""p_erase"":0.0,""r"":5,""run_id"":""15e3edac26702bd06daa1bb3e90bddb5f87b2bb2b182b8fed1b9f8d68845e848""}",
      2560,       180,         0,    5.28,mwpf__b0b7dc35549e4684aaf56d7f39208097266fbb01b99fc634aa5cc65cb30d3fd9,28ac44c8c5b47a07887bdc431a672e9f8611047ab24d905f93db9d3c36d03445,"{""circuit"":""surface_code:rotated_memory_x"",""cluster_node_limit"":50,""d"":3,""decoder"":""mwpf"",""decoder_type"":""SolverSerialJointSingleHair"",""p"":0.015,""p_erase"":0.0,""r"":3,""run_id"":""b44761db4df8b64c8917c437ae7fe1c452a55149c1dc7a5ca0f619d5bff0315c""}",
        32,         0,         0,    3.00,mwpf__51e8ee19cf0aaa70da53967b6319671a0062ce98a2bc87274e8dc28f0b80d783,80a8d8d8845ce59d024eed62a7aec2b46f82d021196b4658f49128b3cea863e2,"{""circuit"":""surface_code:rotated_memory_x"",""cluster_node_limit"":50,""d"":7,""decoder"":""mwpf"",""decoder_type"":""SolverSerialJointSingleHair"",""p"":0.005,""p_erase"":0.0,""r"":7,""run_id"":""3ff977703ebf3f566a41dac215e2bc8e682579cf7cec84db2f03627fcfabbad2""}",
         8,         1,         0,    3.52,mwpf__0e7c94a776c9d36b18431c37b59c5d54ed615181b4983b9359c243e9f764dfb4,18ed3080fc8dd3e2ad1b8ac4ffd96f6ee6464a3ae086c1352c800cbc7cd6c4b7,"{""circuit"":""surface_code:rotated_memory_x"",""cluster_node_limit"":50,""d"":7,""decoder"":""mwpf"",""decoder_type"":""SolverSerialJointSingleHair"",""p"":0.015,""p_erase"":0.0,""r"":7,""run_id"":""acdc3549d7b3f20ef13fd9539e517d8487bc2b0a145673bebaddb7b3e0579f70""}",
         6,         0,         0,    3.87,mwpf__1c17b6ee16c741b8697b91cd285aaee9a8e106198ab113a3b41e17f1b62daa89,3627112f92c7e85ea6801db379ff16386d627c78375e4cf85abab0e7352f9166,"{""circuit"":""surface_code:rotated_memory_x"",""cluster_node_limit"":50,""d"":9,""decoder"":""mwpf"",""decoder_type"":""SolverSerialJointSingleHair"",""p"":0.007,""p_erase"":0.0,""r"":9,""run_id"":""afd2d1bea34409055a74153634f35b6efd9ed9b105183e8591ec4772c9d800e4""}",
       128,         4,         0,    1.81,mwpf__9d3e7a869e7911d9ce122143a3492c036ddd4432f11bd090435ee7772beb17ae,6d5c7f274b75ae537824437920d4a7ca50ed98e1dfa880fcbb9eccb2e87a1048,"{""circuit"":""surface_code:rotated_memory_x"",""cluster_node_limit"":50,""d"":5,""decoder"":""mwpf"",""decoder_type"":""SolverSerialJointSingleHair"",""p"":0.006,""p_erase"":0.0,""r"":5,""run_id"":""136e458ea1bb00db5031dfe54473bc21d7f67216ffcf15b01c0f763ac55c92f3""}",
         1,         0,         0,    1.27,mwpf__57391e40513f77c41f6a5a9525f7848296f820427a102e649174251c3ae8c6ad,c79309ca0aef5cbc081da3f3155afd72d2954938e38b055a062809320ce791a5,"{""circuit"":""surface_code:rotated_memory_x"",""cluster_node_limit"":50,""d"":11,""decoder"":""mwpf"",""decoder_type"":""SolverSerialJointSingleHair"",""p"":0.009,""p_erase"":0.0,""r"":11,""run_id"":""aafe4cc1c9371c3b19f54d96c87b12f95609d65a09ae8f01c1659b6987c891b7""}",
       128,         0,         0,    1.09,mwpf__b1e65b016886068417e23bc8e6fc3b5255b88b9358acef6c4d90bf957e517d18,31b39447a5c78d0b15a05b2c95790aeec81d5a48fd188b4f6a69524fe0d6720c,"{""circuit"":""surface_code:rotated_memory_x"",""cluster_node_limit"":50,""d"":7,""decoder"":""mwpf"",""decoder_type"":""SolverSerialJointSingleHair"",""p"":0.003,""p_erase"":0.0,""r"":7,""run_id"":""3e7768a46571fd1de5957ad6fb50ce7c500c937939ee9035abc77e8f3db0e162""}",
         3,         0,         0,    4.16,mwpf__1e6eb1b7d5a2ec0e953a7cb244b33bc530e16f23c32db88007fc1c7b035f330b,4b7230cba9d61504918ac10d685a7d051d9b1c23b970118aff9533c10c21a028,"{""circuit"":""surface_code:rotated_memory_x"",""cluster_node_limit"":50,""d"":11,""decoder"":""mwpf"",""decoder_type"":""SolverSerialJointSingleHair"",""p"":0.0075,""p_erase"":0.0,""r"":11,""run_id"":""d141b2a8478788124b5b1cb4085ff0997ab6fd837791f95217839732d3f5a11a""}",
        24,         0,         0,    1.02,mwpf__b86dfdc6edf5243fa953eba38df9eedffa26e17e861ff53898370ede6b3f4924,ed4377a6fc84ce98150c12b4f78cbf0f69f277dc7b34e1caecdce413a6651655,"{""circuit"":""surface_code:rotated_memory_x"",""cluster_node_limit"":50,""d"":9,""decoder"":""mwpf"",""decoder_type"":""SolverSerialJointSingleHair"",""p"":0.003,""p_erase"":0.0,""r"":9,""run_id"":""efe7c5548b07943d995a96c2060d6be39255a1f992a2a76f4714bdcbfad04986""}",
         4,         0,         0,    3.01,mwpf__657887243b5868399920fa937a3887ed9e2ac0d9d98cadc2e1a651e3f504cda0,d4553ef01c242393c1aeaba835587e05af3c08f66bad464752b049a3be541a37,"{""circuit"":""surface_code:rotated_memory_x"",""cluster_node_limit"":50,""d"":11,""decoder"":""mwpf"",""decoder_type"":""SolverSerialJointSingleHair"",""p"":0.0065,""p_erase"":0.0,""r"":11,""run_id"":""8e1df1698035a74962cf4fbf46e34daf5b11fbeb2de0990648bf3b88ed7162d9""}",
         2,         0,         0,    3.63,mwpf__635e40dda6d3e96020ea75ae193e9dd537bd1e25622b042e0e59c0187110d1be,06dc2e6bd74ae874fe58d9f164c4486dc719c5118f922909b0e948fb9b7a211e,"{""circuit"":""surface_code:rotated_memory_x"",""cluster_node_limit"":50,""d"":13,""decoder"":""mwpf"",""decoder_type"":""SolverSerialJointSingleHair"",""p"":0.005,""p_erase"":0.0,""r"":13,""run_id"":""1dd32fbecda77a042c5f41d375ae2b79efd66b7adfe572570e9f313567b2202a""}",
        68,         0,         0,    8.28,mwpf__df232194f367aabe935bb4165a6f2a18934748069bb45308bdea72b5aa54cc52,91cc3f9bee6eacdc4ac1e2e6b8df0d38ece142e9760fded5c2a9edaa44f54857,"{""circuit"":""surface_code:rotated_memory_x"",""cluster_node_limit"":50,""d"":9,""decoder"":""mwpf"",""decoder_type"":""SolverSerialJointSingleHair"",""p"":0.004,""p_erase"":0.0,""r"":9,""run_id"":""4464f5804de6cb9a9718f832f08fe8f67d7fac0287acd1b900c7694bfd7b4af5""}",
        96,         1,         0,    3.75,mwpf__0d9aa11d665261a85b6152ce35c4d28399141c8834633741366e3ced28c5496e,9cb90efc03faa69e23b17dfc883ad5c9f049e23f8b4a263ea7026d53febd314f,"{""circuit"":""surface_code:rotated_memory_x"",""cluster_node_limit"":50,""d"":7,""decoder"":""mwpf"",""decoder_type"":""SolverSerialJointSingleHair"",""p"":0.004,""p_erase"":0.0,""r"":7,""run_id"":""bc63bb586674bf0943da17e714fe33cb9292304a00c52142dcc0aa98a48fe916""}",
       192,         2,         0,    2.99,mwpf__6dc40dd78a7537f759b93670cd0af0008adf279fbc2acda6010b04619b90078a,71b64adea95d26ec136e0f6d5c44173faab2351254ae92ff6c2fb79fe431c3f7,"{""circuit"":""surface_code:rotated_memory_x"",""cluster_node_limit"":50,""d"":5,""decoder"":""mwpf"",""decoder_type"":""SolverSerialJointSingleHair"",""p"":0.004,""p_erase"":0.0,""r"":5,""run_id"":""2c1d23bd89bcf5d6d623dffd52817527ab5ba820bb8c60558a749cc97b051f30""}",
         6,         0,         0,    3.47,mwpf__f72406d99baaa155e6537da23b921802aac7a0476bf592363ce60d85dc12f754,502cdaad1f5ad245d27f94b87cf52b63e8d9429b6075479c1cd1ab87feb4cda0,"{""circuit"":""surface_code:rotated_memory_x"",""cluster_node_limit"":50,""d"":13,""decoder"":""mwpf"",""decoder_type"":""SolverSerialJointSingleHair"",""p"":0.004,""p_erase"":0.0,""r"":13,""run_id"":""9c5f0f6384601a18598e9ec8096fd7d1f329b4fab58d65bfc72b05c12fd62fb2""}",
        32,         1,         0,    3.25,mwpf__7b751ba9c29dec22792ae2997abbcfb30aeccd30f12272dee86da02f98924346,ef36a2d62e6f27449c8c54ebc380941555cc4126bf8269beb48c5d4285c2c832,"{""circuit"":""surface_code:rotated_memory_x"",""cluster_node_limit"":50,""d"":7,""decoder"":""mwpf"",""decoder_type"":""SolverSerialJointSingleHair"",""p"":0.0065,""p_erase"":0.0,""r"":7,""run_id"":""2dbf0f369a61ab19037b084768e1601bc2d15a711cdebadba5827ddd88dd2495""}",
         1,         0,         0,   0.491,mwpf__a6b6da67b5a1e3aee36e902e05bc27326d78be9dd6ded0079178275595d97db4,975f0201b4cb8fbc22b31e92b5a4c7217d41d2b1e9aa757dd34f5038ce274cbb,"{""circuit"":""surface_code:rotated_memory_x"",""cluster_node_limit"":50,""d"":13,""decoder"":""mwpf"",""decoder_type"":""SolverSerialJointSingleHair"",""p"":0.01,""p_erase"":0.0,""r"":13,""run_id"":""60330d6f5bf5854d1adf85492d2c34237bf72fd74536795960111cd95bbbe05d""}",
         1,         0,         0,   0.912,mwpf__57391e40513f77c41f6a5a9525f7848296f820427a102e649174251c3ae8c6ad,c79309ca0aef5cbc081da3f3155afd72d2954938e38b055a062809320ce791a5,"{""circuit"":""surface_code:rotated_memory_x"",""cluster_node_limit"":50,""d"":11,""decoder"":""mwpf"",""decoder_type"":""SolverSerialJointSingleHair"",""p"":0.009,""p_erase"":0.0,""r"":11,""run_id"":""aafe4cc1c9371c3b19f54d96c87b12f95609d65a09ae8f01c1659b6987c891b7""}",
         6,         0,         0,    2.67,mwpf__21df6b2b273042e1d2ed9f329f81aafabed1f5f52db8a49dfa00753827685509,88fba1d38adf9b5170f72959e8ad037789746d8b4d0c05adc7b86ff083a5f8ba,"{""circuit"":""surface_code:rotated_memory_x"",""cluster_node_limit"":50,""d"":13,""decoder"":""mwpf"",""decoder_type"":""SolverSerialJointSingleHair"",""p"":0.003,""p_erase"":0.0,""r"":13,""run_id"":""9c1c158be912dc2d5d59c6edb8c837f5c8480a5e1b0cd3bc21b958a6713a9a18""}",
        12,         0,         0,    3.95,mwpf__5690b4a8bc9c88c24efb060e4e655ea926b0a3cafb8eccb6b16e13bcfa6f8f57,2319881ca4af7e340fa0dc5e54cc6bc5ff4176d44f6e7028a967f989b1262cd0,"{""circuit"":""surface_code:rotated_memory_x"",""cluster_node_limit"":50,""d"":9,""decoder"":""mwpf"",""decoder_type"":""SolverSerialJointSingleHair"",""p"":0.0065,""p_erase"":0.0,""r"":9,""run_id"":""bcb66dbf1963af5450bb3b51e6950f2b7fc1b6490e9ba479a670b91dc4b2af88""}",
        76,         2,         0,    6.98,mwpf__e31bcda4313c15612f870938a65840ff53c2398150f9cb961189e5e84b026776,2367d5faa513e3a6decb45c2bdd8779be42812fdc67d351c372070210ef9e7dd,"{""circuit"":""surface_code:rotated_memory_x"",""cluster_node_limit"":50,""d"":7,""decoder"":""mwpf"",""decoder_type"":""SolverSerialJointSingleHair"",""p"":0.006,""p_erase"":0.0,""r"":7,""run_id"":""c569d24a00e94715f929354bdbd1860f950e40c56d976da161032d1bf73e9e9d""}",
        80,         3,         0,    3.50,mwpf__91ffc942ec0dda29e3cbefbf32236cf9a6f3fa7b23e4675ef61bf5a2d3aa5377,40546135e2bd9eb08f97c8c1c6115e8bc75406288d37472ee0445cd367e1721b,"{""circuit"":""surface_code:rotated_memory_x"",""cluster_node_limit"":50,""d"":5,""decoder"":""mwpf"",""decoder_type"":""SolverSerialJointSingleHair"",""p"":0.0075,""p_erase"":0.0,""r"":5,""run_id"":""5a57a6d0ff957d816c2c86860718eec6af832a23575ff55f991f4b130256fb39""}",
      6144,       163,         0,    5.07,mwpf__d56b027df54bbcee1a569d4b790c31989f5693ab552e6ad7d4b399bc8a5b7ae2,f0a51108deaa2e813a85a0daf8998382d985f25173b21c56aa0f0dddcd7c45dc,"{""circuit"":""surface_code:rotated_memory_x"",""cluster_node_limit"":50,""d"":3,""decoder"":""mwpf"",""decoder_type"":""SolverSerialJointSingleHair"",""p"":0.009,""p_erase"":0.0,""r"":3,""run_id"":""f3773bbf3001f7044304ac6a12d9ddb4d020a1b2b51ce7b475f4f14944f915f3""}",
         2,         0,         0,    5.34,mwpf__b51c22942b58bed18bbe1e33230fc16d37f2f994d4a2eb9aac1a816c71f648b5,49723c50d532252a125a0f77a511824bc8ba2453ced225ca935be4f8ae908466,"{""circuit"":""surface_code:rotated_memory_x"",""cluster_node_limit"":50,""d"":11,""decoder"":""mwpf"",""decoder_type"":""SolverSerialJointSingleHair"",""p"":0.005,""p_erase"":0.0,""r"":11,""run_id"":""dc16d4efdc8c9f700a5975f7aeee7db9a23f8fb27d65c75c03a3aeb77312b5d0""}",
         8,         0,         0,    2.89,mwpf__7a95b4e0e46b327d000e116a0c1b8752a5233749e2ab488204b0555276cc7d20,3739a29a1a4cc537bb158528d425c3e0bc4b8143c997f57751cec9d6df3b5373,"{""circuit"":""surface_code:rotated_memory_x"",""cluster_node_limit"":50,""d"":11,""decoder"":""mwpf"",""decoder_type"":""SolverSerialJointSingleHair"",""p"":0.006,""p_erase"":0.0,""r"":11,""run_id"":""8004ec240d1464395bfc8a126a835b432e446c1a1cef8253e8138d42920ca974""}",
        48,         0,         0,    4.93,mwpf__761f3371de99df9efabba094f174e439214687dced9cc3cd6fcfd4925ef05ead,5373d5de17f66a3eb06d839f452c3912e4e626c22ca55edf6a2d0424cc80f5ce,"{""circuit"":""surface_code:rotated_memory_x"",""cluster_node_limit"":50,""d"":7,""decoder"":""mwpf"",""decoder_type"":""SolverSerialJointSingleHair"",""p"":0.007,""p_erase"":0.0,""r"":7,""run_id"":""cc23d39f806d6b050b42fdf6523d37ff1ded4115cd9804c1b1173f160297dfb9""}",
       144,        15,         0,    11.1,mwpf__3f1b64a9ac39918fdfc1d8685d2ae22620c080992f83b482a25d7b8f1adaea5a,0b2a8a048818ac11f66a73bdbd1d5dc5a971687b6a9c1ab5af8e2dcdd4f0c1bf,"{""circuit"":""surface_code:rotated_memory_x"",""cluster_node_limit"":50,""d"":5,""decoder"":""mwpf"",""decoder_type"":""SolverSerialJointSingleHair"",""p"":0.015,""p_erase"":0.0,""r"":5,""run_id"":""6fe96edac5c8fb2c1aed8ea14c67ceeb92423fdf3ce9e1c97fff0ce2aa5d5538""}",
        64,        10,         0,    3.47,mwpf__e098ae1eaf131a692c7d269ecd7c0b356809a18a2ccc52547656bea351773dd9,c4e2e9f4264f6040fcd119a2d32c96bd25a12364f525742dd40c8b2e504c5240,"{""circuit"":""surface_code:rotated_memory_x"",""cluster_node_limit"":50,""d"":5,""decoder"":""mwpf"",""decoder_type"":""SolverSerialJointSingleHair"",""p"":0.01,""p_erase"":0.0,""r"":5,""run_id"":""669fd91e75976823dd1cbb6f0d860524121f186f614db6fb259f60c1945fce8a""}",
         9,         0,         0,    2.67,mwpf__f1ba2c1f600b7a69e787fba16d98ab1a9190d2cbf22cb139f6d85f0963050ecd,362d43fe567b84549d5b408b2c9937944a18c5015578d62368865481ce9a1280,"{""circuit"":""surface_code:rotated_memory_x"",""cluster_node_limit"":50,""d"":9,""decoder"":""mwpf"",""decoder_type"":""SolverSerialJointSingleHair"",""p"":0.009,""p_erase"":0.0,""r"":9,""run_id"":""38d09452ebb2ff3ecc7153e5d90de64e1415b048dd2df4f50bcd6553bab20233""}",
        64,         0,         0,    2.15,mwpf__9d3e7a869e7911d9ce122143a3492c036ddd4432f11bd090435ee7772beb17ae,6d5c7f274b75ae537824437920d4a7ca50ed98e1dfa880fcbb9eccb2e87a1048,"{""circuit"":""surface_code:rotated_memory_x"",""cluster_node_limit"":50,""d"":5,""decoder"":""mwpf"",""decoder_type"":""SolverSerialJointSingleHair"",""p"":0.006,""p_erase"":0.0,""r"":5,""run_id"":""136e458ea1bb00db5031dfe54473bc21d7f67216ffcf15b01c0f763ac55c92f3""}",
        32,         1,         0,    4.99,mwpf__c6ba5eb607084c237766d2f1acb7719308a77ef713824e5c4b8d9fdd0cd4a1b6,f538726661a9ad85ba0d5eda8cd32b2cbddd0a923127051b03a5b9c672de5ae4,"{""circuit"":""surface_code:rotated_memory_x"",""cluster_node_limit"":50,""d"":7,""decoder"":""mwpf"",""decoder_type"":""SolverSerialJointSingleHair"",""p"":0.0075,""p_erase"":0.0,""r"":7,""run_id"":""746c0ed850e7a1c4899561c73e97af04ff040736013cde397145df4c660e1d2a""}",
        16,         1,         0,    4.15,mwpf__0ffad40cb78e56d31871ef678a2c2c220e01e0128694bf21b48103122ad96d78,1eeffca09c34ec66ea37833c9064e8ea37a416c4745e08373b9f3699fa053396,"{""circuit"":""surface_code:rotated_memory_x"",""cluster_node_limit"":50,""d"":9,""decoder"":""mwpf"",""decoder_type"":""SolverSerialJointSingleHair"",""p"":0.006,""p_erase"":0.0,""r"":9,""run_id"":""24bb5f6faf950c7f32be70c2a658f8a2aec69874df03f312866b1e584c72f944""}",
        64,         3,         0,    3.62,mwpf__74b18df185b22796a559f32f488c1f95ef0d82d34c256906317561e4acce78ec,ff1f59d74e0a85a29f4995de86372e17ef6d73f50ef84112e0cd3a298e221696,"{""circuit"":""surface_code:rotated_memory_x"",""cluster_node_limit"":50,""d"":5,""decoder"":""mwpf"",""decoder_type"":""SolverSerialJointSingleHair"",""p"":0.009,""p_erase"":0.0,""r"":5,""run_id"":""c32281a89ec9fb6ef8731b931cbe729d04602aba0eeadfec21fc1875143cc8af""}",
       192,         1,         0,    3.41,mwpf__6d4510a60f3ab5a6af5bc8ff2f60857cc46b32094baeda08965a4d99c4f42aec,0cb3695c8696727a8873244b6e84d963d4eb9e0abd45b5a7328dfa907569f518,"{""circuit"":""surface_code:rotated_memory_x"",""cluster_node_limit"":50,""d"":5,""decoder"":""mwpf"",""decoder_type"":""SolverSerialJointSingleHair"",""p"":0.005,""p_erase"":0.0,""r"":5,""run_id"":""a9419091d73bd2c76a2c7e3604d34d847de2f4b02b85d0c3d0860c0754fc56d1""}",
         1,         0,         0,    1.45,mwpf__a6b6da67b5a1e3aee36e902e05bc27326d78be9dd6ded0079178275595d97db4,975f0201b4cb8fbc22b31e92b5a4c7217d41d2b1e9aa757dd34f5038ce274cbb,"{""circuit"":""surface_code:rotated_memory_x"",""cluster_node_limit"":50,""d"":13,""decoder"":""mwpf"",""decoder_type"":""SolverSerialJointSingleHair"",""p"":0.01,""p_erase"":0.0,""r"":13,""run_id"":""60330d6f5bf5854d1adf85492d2c34237bf72fd74536795960111cd95bbbe05d""}",
         5,         0,         0,    2.95,mwpf__4f2003d1a89cbab61d79e87a09a2976b8dd26d83c596509b48a165ee5488bbeb,175546001eaf15e5eec910e644a4e44db259318c59115eb89bfe0c8686f47616,"{""circuit"":""surface_code:rotated_memory_x"",""cluster_node_limit"":50,""d"":13,""decoder"":""mwpf"",""decoder_type"":""SolverSerialJointSingleHair"",""p"":0.006,""p_erase"":0.0,""r"":13,""run_id"":""62be0f9566ae226642dba313ffd2ee6fb56abf4ecd764eb123ecb3879eba54f4""}",
        24,         0,         0,    4.30,mwpf__8c35bf1fe40791e0cc86728b65286dceac7fa4a3150955de718fb71e20591ac0,1db55f393cb47cd7701b494aee001a18fd4a230d6df85129178e6c37931db9f3,"{""circuit"":""surface_code:rotated_memory_x"",""cluster_node_limit"":50,""d"":9,""decoder"":""mwpf"",""decoder_type"":""SolverSerialJointSingleHair"",""p"":0.005,""p_erase"":0.0,""r"":9,""run_id"":""6ff49e3994bd55cd42a49411e80b5ece5d8b1ccd21e8041d4b16720db3ebea01""}",
        12,         0,         0,    3.71,mwpf__816dbb216f33548bde82700373ed8762c4588f7e736c0d6ce8bbd83718eb9bc4,4a103945d4b3e03fb447b3f991894618fed8c7625561e2ed8d29b4caf27b2618,"{""circuit"":""surface_code:rotated_memory_x"",""cluster_node_limit"":50,""d"":11,""decoder"":""mwpf"",""decoder_type"":""SolverSerialJointSingleHair"",""p"":0.004,""p_erase"":0.0,""r"":11,""run_id"":""3083dc33435eff96398d9127ce3d8e2c144ff987bf7bc12ab2896614c67e19b0""}",
         6,         0,         0,    4.08,mwpf__6099ca9ba0e75d433e29cf0e99deb8fecdb2af5c2add85a0679af0a6cbc31454,059af26b3446a53a53fb02480a7d49eb29e7b3510b62d2455b645061774c7dd8,"{""circuit"":""surface_code:rotated_memory_x"",""cluster_node_limit"":50,""d"":9,""decoder"":""mwpf"",""decoder_type"":""SolverSerialJointSingleHair"",""p"":0.008,""p_erase"":0.0,""r"":9,""run_id"":""8dfac8c52a2bdb8ad1978822189831360902afd0bc2eb7a9333f1f5088b13a03""}",
       192,         0,         0,    2.43,mwpf__b1e65b016886068417e23bc8e6fc3b5255b88b9358acef6c4d90bf957e517d18,31b39447a5c78d0b15a05b2c95790aeec81d5a48fd188b4f6a69524fe0d6720c,"{""circuit"":""surface_code:rotated_memory_x"",""cluster_node_limit"":50,""d"":7,""decoder"":""mwpf"",""decoder_type"":""SolverSerialJointSingleHair"",""p"":0.003,""p_erase"":0.0,""r"":7,""run_id"":""3e7768a46571fd1de5957ad6fb50ce7c500c937939ee9035abc77e8f3db0e162""}",
       144,         3,         0,    4.54,mwpf__8b7aba4b42c55eac316a2911da8b71ada3c5c95714024fe9cb878eda2ed964eb,19dae4f12454abdb37e7a82e67feb6734eaa8650e81bd5af32a541e6d88fd6f1,"{""circuit"":""surface_code:rotated_memory_x"",""cluster_node_limit"":50,""d"":5,""decoder"":""mwpf"",""decoder_type"":""SolverSerialJointSingleHair"",""p"":0.0065,""p_erase"":0.0,""r"":5,""run_id"":""14c277d1360d884007b225112d7b983b9f2c5fc158d2870f656c6b2929b311b6""}",
     11839,       191,         0,    5.97,mwpf__03fa2c6e37aff7c81ae22b7dea7a504d3eb26ec3a7b349088c7bcea7a9871e0c,6267ba7f3c1c772896eebefc6d523adb68e82d38d020e307be1f733b70ad8bd3,"{""circuit"":""surface_code:rotated_memory_x"",""cluster_node_limit"":50,""d"":3,""decoder"":""mwpf"",""decoder_type"":""SolverSerialJointSingleHair"",""p"":0.007,""p_erase"":0.0,""r"":3,""run_id"":""135e03791629607bb61bf8b9b22bc12f2324f26b65e31e82f5c3cd97d24c99c9""}",
        48,         2,         0,    4.76,mwpf__71869c18a9a089d40b18edd25a7ba89978fac639dfba4267cf7ec0f8c602c1b8,a01cc1b908db7b76624bbdaed185a25417056dfe423183481572b126d2518af4,"{""circuit"":""surface_code:rotated_memory_x"",""cluster_node_limit"":50,""d"":7,""decoder"":""mwpf"",""decoder_type"":""SolverSerialJointSingleHair"",""p"":0.009,""p_erase"":0.0,""r"":7,""run_id"":""4b2052dd33b88244b8dc64e1aa696c4f0cef9c363b27e7d2cd9a4ccb51da3596""}",
         1,         0,         0,    12.4,mwpf__2513811017579026d7674ebe2393e0cc3aa91e0705b0a322adcdc3e99a3a038c,faaca1e550d6a99dde065c98f56a1aeef0a6af23a66e67c706b6ffdd967b8259,"{""circuit"":""surface_code:rotated_memory_x"",""cluster_node_limit"":50,""d"":9,""decoder"":""mwpf"",""decoder_type"":""SolverSerialJointSingleHair"",""p"":0.015,""p_erase"":0.0,""r"":9,""run_id"":""48b869192ebdc343a5330d4ec118d7f7605576a3810e15cb95222da28197c77e""}",
         1,         1,         0,    8.71,mwpf__379f6dbce7a8107a155ae56b95b39b3b041fc70754e4109af3d0a79a7dc1064d,02bf57d656549d4ae6cbf5d702646ade8255c5271d45423d621fa1b7777a6908,"{""circuit"":""surface_code:rotated_memory_x"",""cluster_node_limit"":50,""d"":11,""decoder"":""mwpf"",""decoder_type"":""SolverSerialJointSingleHair"",""p"":0.01,""p_erase"":0.0,""r"":11,""run_id"":""f2936ce57f818d69f7e1b5c9954ec7387d9a1f53c4355bd88c213e49338e6b5b""}",
         6,         0,         0,    3.39,mwpf__0e7c94a776c9d36b18431c37b59c5d54ed615181b4983b9359c243e9f764dfb4,18ed3080fc8dd3e2ad1b8ac4ffd96f6ee6464a3ae086c1352c800cbc7cd6c4b7,"{""circuit"":""surface_code:rotated_memory_x"",""cluster_node_limit"":50,""d"":7,""decoder"":""mwpf"",""decoder_type"":""SolverSerialJointSingleHair"",""p"":0.015,""p_erase"":0.0,""r"":7,""run_id"":""acdc3549d7b3f20ef13fd9539e517d8487bc2b0a145673bebaddb7b3e0579f70""}",
        64,         1,         0,    3.41,mwpf__51e8ee19cf0aaa70da53967b6319671a0062ce98a2bc87274e8dc28f0b80d783,80a8d8d8845ce59d024eed62a7aec2b46f82d021196b4658f49128b3cea863e2,"{""circuit"":""surface_code:rotated_memory_x"",""cluster_node_limit"":50,""d"":7,""decoder"":""mwpf"",""decoder_type"":""SolverSerialJointSingleHair"",""p"":0.005,""p_erase"":0.0,""r"":7,""run_id"":""3ff977703ebf3f566a41dac215e2bc8e682579cf7cec84db2f03627fcfabbad2""}",
         4,         1,         0,    4.06,mwpf__ef4bd14b406ebb94921d73b05e28e9be274fd0180168db54ebfe9ad4abb5c3dd,813034dd365f90862ad3456e088d05537a5961eea78ad69b71aff0330e723902,"{""circuit"":""surface_code:rotated_memory_x"",""cluster_node_limit"":50,""d"":9,""decoder"":""mwpf"",""decoder_type"":""SolverSerialJointSingleHair"",""p"":0.0075,""p_erase"":0.0,""r"":9,""run_id"":""d43e2110d6096cb21b3dc2507099ab1df8f05023ab41bfbd088fbc12277e6cad""}",
        16,         0,         0,    4.05,mwpf__8548f0e17df6ec2da00e239d3cc0f77db49812682ea7479645b8b7bbf459e376,3982ff67ef7e56884cb20ebd1c912dd13305efd49de30c97ba1d1d3d4ede83f3,"{""circuit"":""surface_code:rotated_memory_x"",""cluster_node_limit"":50,""d"":11,""decoder"":""mwpf"",""decoder_type"":""SolverSerialJointSingleHair"",""p"":0.003,""p_erase"":0.0,""r"":11,""run_id"":""f8aa956a2e2076433f554631dc774e205799286246e2bbf1a0cefd6d6db83727""}",
       328,         5,         0,    7.99,mwpf__951eb3349e78cec2a155134d7fb171e1ad03d800a86442f3c4b76397f4c7fd4d,cde164a21cdab97d63839b3f64b1c2e5cf62ef5d8be22509c82bac34fbb3e2b2,"{""circuit"":""surface_code:rotated_memory_x"",""cluster_node_limit"":50,""d"":5,""decoder"":""mwpf"",""decoder_type"":""SolverSerialJointSingleHair"",""p"":0.007,""p_erase"":0.0,""r"":5,""run_id"":""fc11e6013551ff75fa4759b0fc71e28cb776c1e995679ad07f9247f45c9ad106""}",
        38,         2,         0,    5.99,mwpf__e0a55262cf1f1a7a613b4765b0629e55d0b3fe9d54b863fbeff7519c53c8e351,34913737fb3f42b5d01e95eaa7e9bb6ec2ccceeb90dac3afed499a1716fb1a4c,"{""circuit"":""surface_code:rotated_memory_x"",""cluster_node_limit"":50,""d"":7,""decoder"":""mwpf"",""decoder_type"":""SolverSerialJointSingleHair"",""p"":0.01,""p_erase"":0.0,""r"":7,""run_id"":""85dc4b86326449a5e4d2267937782207589c000366e3fbe70d98bb3f9fb5a333""}",
       640,         0,         0,    3.99,mwpf__1c59223be739329e89f3e2f13123f7a8f4b0534135cf1e86feb02275412b9cb4,0634ed5aa73fe8e8c1c641cba85bef34b7d4eda6b029d2ee4500c76f6a3e6dd0,"{""circuit"":""surface_code:rotated_memory_x"",""cluster_node_limit"":50,""d"":5,""decoder"":""mwpf"",""decoder_type"":""SolverSerialJointSingleHair"",""p"":0.003,""p_erase"":0.0,""r"":5,""run_id"":""15e3edac26702bd06daa1bb3e90bddb5f87b2bb2b182b8fed1b9f8d68845e848""}",
         8,         0,         0,    1.68,mwpf__f1ba2c1f600b7a69e787fba16d98ab1a9190d2cbf22cb139f6d85f0963050ecd,362d43fe567b84549d5b408b2c9937944a18c5015578d62368865481ce9a1280,"{""circuit"":""surface_code:rotated_memory_x"",""cluster_node_limit"":50,""d"":9,""decoder"":""mwpf"",""decoder_type"":""SolverSerialJointSingleHair"",""p"":0.009,""p_erase"":0.0,""r"":9,""run_id"":""38d09452ebb2ff3ecc7153e5d90de64e1415b048dd2df4f50bcd6553bab20233""}",
         3,         0,         0,    3.31,mwpf__635e40dda6d3e96020ea75ae193e9dd537bd1e25622b042e0e59c0187110d1be,06dc2e6bd74ae874fe58d9f164c4486dc719c5118f922909b0e948fb9b7a211e,"{""circuit"":""surface_code:rotated_memory_x"",""cluster_node_limit"":50,""d"":13,""decoder"":""mwpf"",""decoder_type"":""SolverSerialJointSingleHair"",""p"":0.005,""p_erase"":0.0,""r"":13,""run_id"":""1dd32fbecda77a042c5f41d375ae2b79efd66b7adfe572570e9f313567b2202a""}",
       480,         1,         0,    3.21,mwpf__6dc40dd78a7537f759b93670cd0af0008adf279fbc2acda6010b04619b90078a,71b64adea95d26ec136e0f6d5c44173faab2351254ae92ff6c2fb79fe431c3f7,"{""circuit"":""surface_code:rotated_memory_x"",""cluster_node_limit"":50,""d"":5,""decoder"":""mwpf"",""decoder_type"":""SolverSerialJointSingleHair"",""p"":0.004,""p_erase"":0.0,""r"":5,""run_id"":""2c1d23bd89bcf5d6d623dffd52817527ab5ba820bb8c60558a749cc97b051f30""}",
        10,         0,         0,    2.31,mwpf__b51c22942b58bed18bbe1e33230fc16d37f2f994d4a2eb9aac1a816c71f648b5,49723c50d532252a125a0f77a511824bc8ba2453ced225ca935be4f8ae908466,"{""circuit"":""surface_code:rotated_memory_x"",""cluster_node_limit"":50,""d"":11,""decoder"":""mwpf"",""decoder_type"":""SolverSerialJointSingleHair"",""p"":0.005,""p_erase"":0.0,""r"":11,""run_id"":""dc16d4efdc8c9f700a5975f7aeee7db9a23f8fb27d65c75c03a3aeb77312b5d0""}",
        10,         0,         0,    3.51,mwpf__657887243b5868399920fa937a3887ed9e2ac0d9d98cadc2e1a651e3f504cda0,d4553ef01c242393c1aeaba835587e05af3c08f66bad464752b049a3be541a37,"{""circuit"":""surface_code:rotated_memory_x"",""cluster_node_limit"":50,""d"":11,""decoder"":""mwpf"",""decoder_type"":""SolverSerialJointSingleHair"",""p"":0.0065,""p_erase"":0.0,""r"":11,""run_id"":""8e1df1698035a74962cf4fbf46e34daf5b11fbeb2de0990648bf3b88ed7162d9""}",
        72,         2,         0,    4.40,mwpf__0480aaa502c889192677deb2a1f79b047530feca1cf6dfaaff42d6ad35de660c,2428a4412b21fcaa2436e1c2e9c61819ecb01828206a188ce051a39d99979d3f,"{""circuit"":""surface_code:rotated_memory_x"",""cluster_node_limit"":50,""d"":7,""decoder"":""mwpf"",""decoder_type"":""SolverSerialJointSingleHair"",""p"":0.008,""p_erase"":0.0,""r"":7,""run_id"":""b0127341a48953a855ea3549247068ee7050e7461912fad56a38b1d8708ded61""}",
         5,         0,         0,    3.77,mwpf__1e6eb1b7d5a2ec0e953a7cb244b33bc530e16f23c32db88007fc1c7b035f330b,4b7230cba9d61504918ac10d685a7d051d9b1c23b970118aff9533c10c21a028,"{""circuit"":""surface_code:rotated_memory_x"",""cluster_node_limit"":50,""d"":11,""decoder"":""mwpf"",""decoder_type"":""SolverSerialJointSingleHair"",""p"":0.0075,""p_erase"":0.0,""r"":11,""run_id"":""d141b2a8478788124b5b1cb4085ff0997ab6fd837791f95217839732d3f5a11a""}",
         3,         0,         0,    4.64,mwpf__27a571c12c515651d4ffcfb77cd014cbd564d8d59b84c23e14b783de48feab52,c7796fbd3a9ed9e25c88662f131fdcc3db567aa019543a6d04c9545bad45a9e6,"{""circuit"":""surface_code:rotated_memory_x"",""cluster_node_limit"":50,""d"":11,""decoder"":""mwpf"",""decoder_type"":""SolverSerialJointSingleHair"",""p"":0.008,""p_erase"":0.0,""r"":11,""run_id"":""a1c19c3e7f2e8098c81889b056bfa77224d1f0cf9b3deea17d360de81aae0496""}",
         5,         1,         0,    8.50,mwpf__4d095e94564aaf70b358e5d5ebb14c977585d24f71ee066d73c8d28da9e509d1,f558194f437a2b7eb02e26a0c3c685b29032de063b739c7351099f552cd87aa6,"{""circuit"":""surface_code:rotated_memory_x"",""cluster_node_limit"":50,""d"":9,""decoder"":""mwpf"",""decoder_type"":""SolverSerialJointSingleHair"",""p"":0.01,""p_erase"":0.0,""r"":9,""run_id"":""07c0f409e8370b67d9c8c55c2486281381c0937533be35a12e0610e26f05aded""}",
        13,         0,         0,    3.49,mwpf__f72406d99baaa155e6537da23b921802aac7a0476bf592363ce60d85dc12f754,502cdaad1f5ad245d27f94b87cf52b63e8d9429b6075479c1cd1ab87feb4cda0,"{""circuit"":""surface_code:rotated_memory_x"",""cluster_node_limit"":50,""d"":13,""decoder"":""mwpf"",""decoder_type"":""SolverSerialJointSingleHair"",""p"":0.004,""p_erase"":0.0,""r"":13,""run_id"":""9c5f0f6384601a18598e9ec8096fd7d1f329b4fab58d65bfc72b05c12fd62fb2""}",
        15,         0,         0,    3.31,mwpf__21df6b2b273042e1d2ed9f329f81aafabed1f5f52db8a49dfa00753827685509,88fba1d38adf9b5170f72959e8ad037789746d8b4d0c05adc7b86ff083a5f8ba,"{""circuit"":""surface_code:rotated_memory_x"",""cluster_node_limit"":50,""d"":13,""decoder"":""mwpf"",""decoder_type"":""SolverSerialJointSingleHair"",""p"":0.003,""p_erase"":0.0,""r"":13,""run_id"":""9c1c158be912dc2d5d59c6edb8c837f5c8480a5e1b0cd3bc21b958a6713a9a18""}",
         1,         0,         0,    9.09,mwpf__d6e8817167c21e257031ce66381ee5547a20cccfb4c07657b5dadac3a6833f79,77c3f58796b3a8a06dbcfa38996887a82fbc4ff14750db8111f1c9a504ceb897,"{""circuit"":""surface_code:rotated_memory_x"",""cluster_node_limit"":50,""d"":11,""decoder"":""mwpf"",""decoder_type"":""SolverSerialJointSingleHair"",""p"":0.007,""p_erase"":0.0,""r"":11,""run_id"":""738582bca717139319653195fdb3aed07ff60eec35baeb0848929c7f5b5792fa""}",
      5632,       199,         0,    6.10,mwpf__aaa863e9a64627555b04b70db757b2526080350f57c3e44aa6971a8e395c5be7,4e04f8aa9db7314d71683d08e68e1c551e91b6148e3b3a9d2b78be567b73a4ed,"{""circuit"":""surface_code:rotated_memory_x"",""cluster_node_limit"":50,""d"":3,""decoder"":""mwpf"",""decoder_type"":""SolverSerialJointSingleHair"",""p"":0.01,""p_erase"":0.0,""r"":3,""run_id"":""5b6db69d825a9e1af451573dd00a4a7082d74a5e74fde81d397d7b0bcc5645b2""}",
       208,        11,         0,    7.84,mwpf__d6e273bec9b587e85ba4f19af1099d5769edba9e40437c8089c08ed25bd72758,5388f8eb2e6e41b439260433c3419bdbf5f8b4bd5b8e2a2c70a24a791cee3145,"{""circuit"":""surface_code:rotated_memory_x"",""cluster_node_limit"":50,""d"":5,""decoder"":""mwpf"",""decoder_type"":""SolverSerialJointSingleHair"",""p"":0.008,""p_erase"":0.0,""r"":5,""run_id"":""bfa3c7cba13850dd37e54bb29bb945687e3fe04272a3151e2ac8acb7416976e7""}",
         1,         0,         0,    6.08,mwpf__43b93046e9364a22259da392bc3668e1033ffbb0945e7dc0e3e1267d20501b3f,4e90c1b95d5e427725f1fd04cbb48a832548a441590a919987ff7d8162105cf0,"{""circuit"":""surface_code:rotated_memory_x"",""cluster_node_limit"":50,""d"":13,""decoder"":""mwpf"",""decoder_type"":""SolverSerialJointSingleHair"",""p"":0.008,""p_erase"":0.0,""r"":13,""run_id"":""3eb0a7712a1b277d4862a6fd791dbd402e6201930b681f484191ed45b10368cf""}",
         8,         0,         0,    2.98,mwpf__0ffad40cb78e56d31871ef678a2c2c220e01e0128694bf21b48103122ad96d78,1eeffca09c34ec66ea37833c9064e8ea37a416c4745e08373b9f3699fa053396,"{""circuit"":""surface_code:rotated_memory_x"",""cluster_node_limit"":50,""d"":9,""decoder"":""mwpf"",""decoder_type"":""SolverSerialJointSingleHair"",""p"":0.006,""p_erase"":0.0,""r"":9,""run_id"":""24bb5f6faf950c7f32be70c2a658f8a2aec69874df03f312866b1e584c72f944""}",
        36,         0,         0,    4.42,mwpf__7b751ba9c29dec22792ae2997abbcfb30aeccd30f12272dee86da02f98924346,ef36a2d62e6f27449c8c54ebc380941555cc4126bf8269beb48c5d4285c2c832,"{""circuit"":""surface_code:rotated_memory_x"",""cluster_node_limit"":50,""d"":7,""decoder"":""mwpf"",""decoder_type"":""SolverSerialJointSingleHair"",""p"":0.0065,""p_erase"":0.0,""r"":7,""run_id"":""2dbf0f369a61ab19037b084768e1601bc2d15a711cdebadba5827ddd88dd2495""}",
        80,         0,         0,    4.87,mwpf__b86dfdc6edf5243fa953eba38df9eedffa26e17e861ff53898370ede6b3f4924,ed4377a6fc84ce98150c12b4f78cbf0f69f277dc7b34e1caecdce413a6651655,"{""circuit"":""surface_code:rotated_memory_x"",""cluster_node_limit"":50,""d"":9,""decoder"":""mwpf"",""decoder_type"":""SolverSerialJointSingleHair"",""p"":0.003,""p_erase"":0.0,""r"":9,""run_id"":""efe7c5548b07943d995a96c2060d6be39255a1f992a2a76f4714bdcbfad04986""}",
        32,         0,         0,    2.90,mwpf__b1e65b016886068417e23bc8e6fc3b5255b88b9358acef6c4d90bf957e517d18,31b39447a5c78d0b15a05b2c95790aeec81d5a48fd188b4f6a69524fe0d6720c,"{""circuit"":""surface_code:rotated_memory_x"",""cluster_node_limit"":50,""d"":7,""decoder"":""mwpf"",""decoder_type"":""SolverSerialJointSingleHair"",""p"":0.003,""p_erase"":0.0,""r"":7,""run_id"":""3e7768a46571fd1de5957ad6fb50ce7c500c937939ee9035abc77e8f3db0e162""}",
      9216,       168,         0,    6.32,mwpf__4e1601b0668063eadc05111c07696cccf168dd50474bd608d301815d45c9a786,d19a124337761452ca3104e53f7e971c7bb837f006c26f70a68a8f67e770bb67,"{""circuit"":""surface_code:rotated_memory_x"",""cluster_node_limit"":50,""d"":3,""decoder"":""mwpf"",""decoder_type"":""SolverSerialJointSingleHair"",""p"":0.0075,""p_erase"":0.0,""r"":3,""run_id"":""4bc734d2ac70cf62b78df146e81bdcf5df30d786b05a2eea177a13d890e64669""}",
        32,         0,         0,    4.35,mwpf__e31bcda4313c15612f870938a65840ff53c2398150f9cb961189e5e84b026776,2367d5faa513e3a6decb45c2bdd8779be42812fdc67d351c372070210ef9e7dd,"{""circuit"":""surface_code:rotated_memory_x"",""cluster_node_limit"":50,""d"":7,""decoder"":""mwpf"",""decoder_type"":""SolverSerialJointSingleHair"",""p"":0.006,""p_erase"":0.0,""r"":7,""run_id"":""c569d24a00e94715f929354bdbd1860f950e40c56d976da161032d1bf73e9e9d""}",
         1,         0,         0,   0.725,mwpf__43b93046e9364a22259da392bc3668e1033ffbb0945e7dc0e3e1267d20501b3f,4e90c1b95d5e427725f1fd04cbb48a832548a441590a919987ff7d8162105cf0,"{""circuit"":""surface_code:rotated_memory_x"",""cluster_node_limit"":50,""d"":13,""decoder"":""mwpf"",""decoder_type"":""SolverSerialJointSingleHair"",""p"":0.008,""p_erase"":0.0,""r"":13,""run_id"":""3eb0a7712a1b277d4862a6fd791dbd402e6201930b681f484191ed45b10368cf""}",
      8192,       194,         0,    6.18,mwpf__43962ba459d86cd819b8558032ffa6472ba0555135068fb74009d94b7bad5532,1b4e499b3b262af26ba14e01aa169e3a7f2d864a488b68fa6fba53177a53ffcc,"{""circuit"":""surface_code:rotated_memory_x"",""cluster_node_limit"":50,""d"":3,""decoder"":""mwpf"",""decoder_type"":""SolverSerialJointSingleHair"",""p"":0.008,""p_erase"":0.0,""r"":3,""run_id"":""842b8d9622dd95e081373b13334f0c4c970c25ea256e90e9985b8d1bb6968aef""}",
       176,         1,         0,    5.21,mwpf__0d9aa11d665261a85b6152ce35c4d28399141c8834633741366e3ced28c5496e,9cb90efc03faa69e23b17dfc883ad5c9f049e23f8b4a263ea7026d53febd314f,"{""circuit"":""surface_code:rotated_memory_x"",""cluster_node_limit"":50,""d"":7,""decoder"":""mwpf"",""decoder_type"":""SolverSerialJointSingleHair"",""p"":0.004,""p_erase"":0.0,""r"":7,""run_id"":""bc63bb586674bf0943da17e714fe33cb9292304a00c52142dcc0aa98a48fe916""}",
       144,         3,         0,    3.80,mwpf__9d3e7a869e7911d9ce122143a3492c036ddd4432f11bd090435ee7772beb17ae,6d5c7f274b75ae537824437920d4a7ca50ed98e1dfa880fcbb9eccb2e87a1048,"{""circuit"":""surface_code:rotated_memory_x"",""cluster_node_limit"":50,""d"":5,""decoder"":""mwpf"",""decoder_type"":""SolverSerialJointSingleHair"",""p"":0.006,""p_erase"":0.0,""r"":5,""run_id"":""136e458ea1bb00db5031dfe54473bc21d7f67216ffcf15b01c0f763ac55c92f3""}",
         4,         0,         0,    3.71,mwpf__4f2003d1a89cbab61d79e87a09a2976b8dd26d83c596509b48a165ee5488bbeb,175546001eaf15e5eec910e644a4e44db259318c59115eb89bfe0c8686f47616,"{""circuit"":""surface_code:rotated_memory_x"",""cluster_node_limit"":50,""d"":13,""decoder"":""mwpf"",""decoder_type"":""SolverSerialJointSingleHair"",""p"":0.006,""p_erase"":0.0,""r"":13,""run_id"":""62be0f9566ae226642dba313ffd2ee6fb56abf4ecd764eb123ecb3879eba54f4""}",
         8,         0,         0,    2.10,mwpf__b51c22942b58bed18bbe1e33230fc16d37f2f994d4a2eb9aac1a816c71f648b5,49723c50d532252a125a0f77a511824bc8ba2453ced225ca935be4f8ae908466,"{""circuit"":""surface_code:rotated_memory_x"",""cluster_node_limit"":50,""d"":11,""decoder"":""mwpf"",""decoder_type"":""SolverSerialJointSingleHair"",""p"":0.005,""p_erase"":0.0,""r"":11,""run_id"":""dc16d4efdc8c9f700a5975f7aeee7db9a23f8fb27d65c75c03a3aeb77312b5d0""}",
        36,         0,         0,    4.34,mwpf__761f3371de99df9efabba094f174e439214687dced9cc3cd6fcfd4925ef05ead,5373d5de17f66a3eb06d839f452c3912e4e626c22ca55edf6a2d0424cc80f5ce,"{""circuit"":""surface_code:rotated_memory_x"",""cluster_node_limit"":50,""d"":7,""decoder"":""mwpf"",""decoder_type"":""SolverSerialJointSingleHair"",""p"":0.007,""p_erase"":0.0,""r"":7,""run_id"":""cc23d39f806d6b050b42fdf6523d37ff1ded4115cd9804c1b1173f160297dfb9""}",
      3328,       235,         0,    6.48,mwpf__b0b7dc35549e4684aaf56d7f39208097266fbb01b99fc634aa5cc65cb30d3fd9,28ac44c8c5b47a07887bdc431a672e9f8611047ab24d905f93db9d3c36d03445,"{""circuit"":""surface_code:rotated_memory_x"",""cluster_node_limit"":50,""d"":3,""decoder"":""mwpf"",""decoder_type"":""SolverSerialJointSingleHair"",""p"":0.015,""p_erase"":0.0,""r"":3,""run_id"":""b44761db4df8b64c8917c437ae7fe1c452a55149c1dc7a5ca0f619d5bff0315c""}",
         2,         1,         0,    1.95,mwpf__d6e8817167c21e257031ce66381ee5547a20cccfb4c07657b5dadac3a6833f79,77c3f58796b3a8a06dbcfa38996887a82fbc4ff14750db8111f1c9a504ceb897,"{""circuit"":""surface_code:rotated_memory_x"",""cluster_node_limit"":50,""d"":11,""decoder"":""mwpf"",""decoder_type"":""SolverSerialJointSingleHair"",""p"":0.007,""p_erase"":0.0,""r"":11,""run_id"":""738582bca717139319653195fdb3aed07ff60eec35baeb0848929c7f5b5792fa""}",
        96,         8,         0,    4.47,mwpf__e098ae1eaf131a692c7d269ecd7c0b356809a18a2ccc52547656bea351773dd9,c4e2e9f4264f6040fcd119a2d32c96bd25a12364f525742dd40c8b2e504c5240,"{""circuit"":""surface_code:rotated_memory_x"",""cluster_node_limit"":50,""d"":5,""decoder"":""mwpf"",""decoder_type"":""SolverSerialJointSingleHair"",""p"":0.01,""p_erase"":0.0,""r"":5,""run_id"":""669fd91e75976823dd1cbb6f0d860524121f186f614db6fb259f60c1945fce8a""}",
       160,         2,         0,    4.33,mwpf__6d4510a60f3ab5a6af5bc8ff2f60857cc46b32094baeda08965a4d99c4f42aec,0cb3695c8696727a8873244b6e84d963d4eb9e0abd45b5a7328dfa907569f518,"{""circuit"":""surface_code:rotated_memory_x"",""cluster_node_limit"":50,""d"":5,""decoder"":""mwpf"",""decoder_type"":""SolverSerialJointSingleHair"",""p"":0.005,""p_erase"":0.0,""r"":5,""run_id"":""a9419091d73bd2c76a2c7e3604d34d847de2f4b02b85d0c3d0860c0754fc56d1""}",
         6,         2,         0,    3.32,mwpf__0e7c94a776c9d36b18431c37b59c5d54ed615181b4983b9359c243e9f764dfb4,18ed3080fc8dd3e2ad1b8ac4ffd96f6ee6464a3ae086c1352c800cbc7cd6c4b7,"{""circuit"":""surface_code:rotated_memory_x"",""cluster_node_limit"":50,""d"":7,""decoder"":""mwpf"",""decoder_type"":""SolverSerialJointSingleHair"",""p"":0.015,""p_erase"":0.0,""r"":7,""run_id"":""acdc3549d7b3f20ef13fd9539e517d8487bc2b0a145673bebaddb7b3e0579f70""}",
        22,         2,         0,    6.73,mwpf__1c17b6ee16c741b8697b91cd285aaee9a8e106198ab113a3b41e17f1b62daa89,3627112f92c7e85ea6801db379ff16386d627c78375e4cf85abab0e7352f9166,"{""circuit"":""surface_code:rotated_memory_x"",""cluster_node_limit"":50,""d"":9,""decoder"":""mwpf"",""decoder_type"":""SolverSerialJointSingleHair"",""p"":0.007,""p_erase"":0.0,""r"":9,""run_id"":""afd2d1bea34409055a74153634f35b6efd9ed9b105183e8591ec4772c9d800e4""}",
         4,         0,         0,    3.22,mwpf__ef4bd14b406ebb94921d73b05e28e9be274fd0180168db54ebfe9ad4abb5c3dd,813034dd365f90862ad3456e088d05537a5961eea78ad69b71aff0330e723902,"{""circuit"":""surface_code:rotated_memory_x"",""cluster_node_limit"":50,""d"":9,""decoder"":""mwpf"",""decoder_type"":""SolverSerialJointSingleHair"",""p"":0.0075,""p_erase"":0.0,""r"":9,""run_id"":""d43e2110d6096cb21b3dc2507099ab1df8f05023ab41bfbd088fbc12277e6cad""}",
         4,         0,         0,    2.50,mwpf__4d095e94564aaf70b358e5d5ebb14c977585d24f71ee066d73c8d28da9e509d1,f558194f437a2b7eb02e26a0c3c685b29032de063b739c7351099f552cd87aa6,"{""circuit"":""surface_code:rotated_memory_x"",""cluster_node_limit"":50,""d"":9,""decoder"":""mwpf"",""decoder_type"":""SolverSerialJointSingleHair"",""p"":0.01,""p_erase"":0.0,""r"":9,""run_id"":""07c0f409e8370b67d9c8c55c2486281381c0937533be35a12e0610e26f05aded""}",
       768,         2,         0,    3.01,mwpf__1c59223be739329e89f3e2f13123f7a8f4b0534135cf1e86feb02275412b9cb4,0634ed5aa73fe8e8c1c641cba85bef34b7d4eda6b029d2ee4500c76f6a3e6dd0,"{""circuit"":""surface_code:rotated_memory_x"",""cluster_node_limit"":50,""d"":5,""decoder"":""mwpf"",""decoder_type"":""SolverSerialJointSingleHair"",""p"":0.003,""p_erase"":0.0,""r"":5,""run_id"":""15e3edac26702bd06daa1bb3e90bddb5f87b2bb2b182b8fed1b9f8d68845e848""}",
         1,         1,         0,    3.65,mwpf__2513811017579026d7674ebe2393e0cc3aa91e0705b0a322adcdc3e99a3a038c,faaca1e550d6a99dde065c98f56a1aeef0a6af23a66e67c706b6ffdd967b8259,"{""circuit"":""surface_code:rotated_memory_x"",""cluster_node_limit"":50,""d"":9,""decoder"":""mwpf"",""decoder_type"":""SolverSerialJointSingleHair"",""p"":0.015,""p_erase"":0.0,""r"":9,""run_id"":""48b869192ebdc343a5330d4ec118d7f7605576a3810e15cb95222da28197c77e""}",
        64,         2,         0,    4.63,mwpf__74b18df185b22796a559f32f488c1f95ef0d82d34c256906317561e4acce78ec,ff1f59d74e0a85a29f4995de86372e17ef6d73f50ef84112e0cd3a298e221696,"{""circuit"":""surface_code:rotated_memory_x"",""cluster_node_limit"":50,""d"":5,""decoder"":""mwpf"",""decoder_type"":""SolverSerialJointSingleHair"",""p"":0.009,""p_erase"":0.0,""r"":5,""run_id"":""c32281a89ec9fb6ef8731b931cbe729d04602aba0eeadfec21fc1875143cc8af""}",
       160,         7,         0,    5.44,mwpf__91ffc942ec0dda29e3cbefbf32236cf9a6f3fa7b23e4675ef61bf5a2d3aa5377,40546135e2bd9eb08f97c8c1c6115e8bc75406288d37472ee0445cd367e1721b,"{""circuit"":""surface_code:rotated_memory_x"",""cluster_node_limit"":50,""d"":5,""decoder"":""mwpf"",""decoder_type"":""SolverSerialJointSingleHair"",""p"":0.0075,""p_erase"":0.0,""r"":5,""run_id"":""5a57a6d0ff957d816c2c86860718eec6af832a23575ff55f991f4b130256fb39""}",
       128,         2,         0,    3.40,mwpf__951eb3349e78cec2a155134d7fb171e1ad03d800a86442f3c4b76397f4c7fd4d,cde164a21cdab97d63839b3f64b1c2e5cf62ef5d8be22509c82bac34fbb3e2b2,"{""circuit"":""surface_code:rotated_memory_x"",""cluster_node_limit"":50,""d"":5,""decoder"":""mwpf"",""decoder_type"":""SolverSerialJointSingleHair"",""p"":0.007,""p_erase"":0.0,""r"":5,""run_id"":""fc11e6013551ff75fa4759b0fc71e28cb776c1e995679ad07f9247f45c9ad106""}",
        48,         0,         0,    4.76,mwpf__c6ba5eb607084c237766d2f1acb7719308a77ef713824e5c4b8d9fdd0cd4a1b6,f538726661a9ad85ba0d5eda8cd32b2cbddd0a923127051b03a5b9c672de5ae4,"{""circuit"":""surface_code:rotated_memory_x"",""cluster_node_limit"":50,""d"":7,""decoder"":""mwpf"",""decoder_type"":""SolverSerialJointSingleHair"",""p"":0.0075,""p_erase"":0.0,""r"":7,""run_id"":""746c0ed850e7a1c4899561c73e97af04ff040736013cde397145df4c660e1d2a""}",
        32,         0,         0,    1.70,mwpf__b86dfdc6edf5243fa953eba38df9eedffa26e17e861ff53898370ede6b3f4924,ed4377a6fc84ce98150c12b4f78cbf0f69f277dc7b34e1caecdce413a6651655,"{""circuit"":""surface_code:rotated_memory_x"",""cluster_node_limit"":50,""d"":9,""decoder"":""mwpf"",""decoder_type"":""SolverSerialJointSingleHair"",""p"":0.003,""p_erase"":0.0,""r"":9,""run_id"":""efe7c5548b07943d995a96c2060d6be39255a1f992a2a76f4714bdcbfad04986""}",
         4,         1,         0,    5.47,mwpf__7a95b4e0e46b327d000e116a0c1b8752a5233749e2ab488204b0555276cc7d20,3739a29a1a4cc537bb158528d425c3e0bc4b8143c997f57751cec9d6df3b5373,"{""circuit"":""surface_code:rotated_memory_x"",""cluster_node_limit"":50,""d"":11,""decoder"":""mwpf"",""decoder_type"":""SolverSerialJointSingleHair"",""p"":0.006,""p_erase"":0.0,""r"":11,""run_id"":""8004ec240d1464395bfc8a126a835b432e446c1a1cef8253e8138d42920ca974""}",
        96,        14,         0,    5.40,mwpf__3f1b64a9ac39918fdfc1d8685d2ae22620c080992f83b482a25d7b8f1adaea5a,0b2a8a048818ac11f66a73bdbd1d5dc5a971687b6a9c1ab5af8e2dcdd4f0c1bf,"{""circuit"":""surface_code:rotated_memory_x"",""cluster_node_limit"":50,""d"":5,""decoder"":""mwpf"",""decoder_type"":""SolverSerialJointSingleHair"",""p"":0.015,""p_erase"":0.0,""r"":5,""run_id"":""6fe96edac5c8fb2c1aed8ea14c67ceeb92423fdf3ce9e1c97fff0ce2aa5d5538""}",
         6,         1,         0,    3.17,mwpf__27a571c12c515651d4ffcfb77cd014cbd564d8d59b84c23e14b783de48feab52,c7796fbd3a9ed9e25c88662f131fdcc3db567aa019543a6d04c9545bad45a9e6,"{""circuit"":""surface_code:rotated_memory_x"",""cluster_node_limit"":50,""d"":11,""decoder"":""mwpf"",""decoder_type"":""SolverSerialJointSingleHair"",""p"":0.008,""p_erase"":0.0,""r"":11,""run_id"":""a1c19c3e7f2e8098c81889b056bfa77224d1f0cf9b3deea17d360de81aae0496""}",
        96,         0,         0,    1.79,mwpf__b1e65b016886068417e23bc8e6fc3b5255b88b9358acef6c4d90bf957e517d18,31b39447a5c78d0b15a05b2c95790aeec81d5a48fd188b4f6a69524fe0d6720c,"{""circuit"":""surface_code:rotated_memory_x"",""cluster_node_limit"":50,""d"":7,""decoder"":""mwpf"",""decoder_type"":""SolverSerialJointSingleHair"",""p"":0.003,""p_erase"":0.0,""r"":7,""run_id"":""3e7768a46571fd1de5957ad6fb50ce7c500c937939ee9035abc77e8f3db0e162""}",
         4,         1,         0,    3.69,mwpf__f1ba2c1f600b7a69e787fba16d98ab1a9190d2cbf22cb139f6d85f0963050ecd,362d43fe567b84549d5b408b2c9937944a18c5015578d62368865481ce9a1280,"{""circuit"":""surface_code:rotated_memory_x"",""cluster_node_limit"":50,""d"":9,""decoder"":""mwpf"",""decoder_type"":""SolverSerialJointSingleHair"",""p"":0.009,""p_erase"":0.0,""r"":9,""run_id"":""38d09452ebb2ff3ecc7153e5d90de64e1415b048dd2df4f50bcd6553bab20233""}",
        40,         0,         0,    4.30,mwpf__51e8ee19cf0aaa70da53967b6319671a0062ce98a2bc87274e8dc28f0b80d783,80a8d8d8845ce59d024eed62a7aec2b46f82d021196b4658f49128b3cea863e2,"{""circuit"":""surface_code:rotated_memory_x"",""cluster_node_limit"":50,""d"":7,""decoder"":""mwpf"",""decoder_type"":""SolverSerialJointSingleHair"",""p"":0.005,""p_erase"":0.0,""r"":7,""run_id"":""3ff977703ebf3f566a41dac215e2bc8e682579cf7cec84db2f03627fcfabbad2""}",
         1,         0,         0,    1.90,mwpf__43b93046e9364a22259da392bc3668e1033ffbb0945e7dc0e3e1267d20501b3f,4e90c1b95d5e427725f1fd04cbb48a832548a441590a919987ff7d8162105cf0,"{""circuit"":""surface_code:rotated_memory_x"",""cluster_node_limit"":50,""d"":13,""decoder"":""mwpf"",""decoder_type"":""SolverSerialJointSingleHair"",""p"":0.008,""p_erase"":0.0,""r"":13,""run_id"":""3eb0a7712a1b277d4862a6fd791dbd402e6201930b681f484191ed45b10368cf""}",
        42,         0,         0,    4.43,mwpf__8548f0e17df6ec2da00e239d3cc0f77db49812682ea7479645b8b7bbf459e376,3982ff67ef7e56884cb20ebd1c912dd13305efd49de30c97ba1d1d3d4ede83f3,"{""circuit"":""surface_code:rotated_memory_x"",""cluster_node_limit"":50,""d"":11,""decoder"":""mwpf"",""decoder_type"":""SolverSerialJointSingleHair"",""p"":0.003,""p_erase"":0.0,""r"":11,""run_id"":""f8aa956a2e2076433f554631dc774e205799286246e2bbf1a0cefd6d6db83727""}",
      6656,       195,         0,    6.58,mwpf__d56b027df54bbcee1a569d4b790c31989f5693ab552e6ad7d4b399bc8a5b7ae2,f0a51108deaa2e813a85a0daf8998382d985f25173b21c56aa0f0dddcd7c45dc,"{""circuit"":""surface_code:rotated_memory_x"",""cluster_node_limit"":50,""d"":3,""decoder"":""mwpf"",""decoder_type"":""SolverSerialJointSingleHair"",""p"":0.009,""p_erase"":0.0,""r"":3,""run_id"":""f3773bbf3001f7044304ac6a12d9ddb4d020a1b2b51ce7b475f4f14944f915f3""}",
         8,         0,         0,    2.94,mwpf__0ffad40cb78e56d31871ef678a2c2c220e01e0128694bf21b48103122ad96d78,1eeffca09c34ec66ea37833c9064e8ea37a416c4745e08373b9f3699fa053396,"{""circuit"":""surface_code:rotated_memory_x"",""cluster_node_limit"":50,""d"":9,""decoder"":""mwpf"",""decoder_type"":""SolverSerialJointSingleHair"",""p"":0.006,""p_erase"":0.0,""r"":9,""run_id"":""24bb5f6faf950c7f32be70c2a658f8a2aec69874df03f312866b1e584c72f944""}",
        18,         1,         0,    5.39,mwpf__6099ca9ba0e75d433e29cf0e99deb8fecdb2af5c2add85a0679af0a6cbc31454,059af26b3446a53a53fb02480a7d49eb29e7b3510b62d2455b645061774c7dd8,"{""circuit"":""surface_code:rotated_memory_x"",""cluster_node_limit"":50,""d"":9,""decoder"":""mwpf"",""decoder_type"":""SolverSerialJointSingleHair"",""p"":0.008,""p_erase"":0.0,""r"":9,""run_id"":""8dfac8c52a2bdb8ad1978822189831360902afd0bc2eb7a9333f1f5088b13a03""}",
      4671,        80,         0,    2.63,mwpf__4e1601b0668063eadc05111c07696cccf168dd50474bd608d301815d45c9a786,d19a124337761452ca3104e53f7e971c7bb837f006c26f70a68a8f67e770bb67,"{""circuit"":""surface_code:rotated_memory_x"",""cluster_node_limit"":50,""d"":3,""decoder"":""mwpf"",""decoder_type"":""SolverSerialJointSingleHair"",""p"":0.0075,""p_erase"":0.0,""r"":3,""run_id"":""4bc734d2ac70cf62b78df146e81bdcf5df30d786b05a2eea177a13d890e64669""}",
         7,         0,         0,    4.53,mwpf__635e40dda6d3e96020ea75ae193e9dd537bd1e25622b042e0e59c0187110d1be,06dc2e6bd74ae874fe58d9f164c4486dc719c5118f922909b0e948fb9b7a211e,"{""circuit"":""surface_code:rotated_memory_x"",""cluster_node_limit"":50,""d"":13,""decoder"":""mwpf"",""decoder_type"":""SolverSerialJointSingleHair"",""p"":0.005,""p_erase"":0.0,""r"":13,""run_id"":""1dd32fbecda77a042c5f41d375ae2b79efd66b7adfe572570e9f313567b2202a""}",
         7,         0,         0,    4.63,mwpf__657887243b5868399920fa937a3887ed9e2ac0d9d98cadc2e1a651e3f504cda0,d4553ef01c242393c1aeaba835587e05af3c08f66bad464752b049a3be541a37,"{""circuit"":""surface_code:rotated_memory_x"",""cluster_node_limit"":50,""d"":11,""decoder"":""mwpf"",""decoder_type"":""SolverSerialJointSingleHair"",""p"":0.0065,""p_erase"":0.0,""r"":11,""run_id"":""8e1df1698035a74962cf4fbf46e34daf5b11fbeb2de0990648bf3b88ed7162d9""}",
         3,         1,         0,    2.33,mwpf__4d095e94564aaf70b358e5d5ebb14c977585d24f71ee066d73c8d28da9e509d1,f558194f437a2b7eb02e26a0c3c685b29032de063b739c7351099f552cd87aa6,"{""circuit"":""surface_code:rotated_memory_x"",""cluster_node_limit"":50,""d"":9,""decoder"":""mwpf"",""decoder_type"":""SolverSerialJointSingleHair"",""p"":0.01,""p_erase"":0.0,""r"":9,""run_id"":""07c0f409e8370b67d9c8c55c2486281381c0937533be35a12e0610e26f05aded""}",
       512,         2,         0,    5.36,mwpf__6dc40dd78a7537f759b93670cd0af0008adf279fbc2acda6010b04619b90078a,71b64adea95d26ec136e0f6d5c44173faab2351254ae92ff6c2fb79fe431c3f7,"{""circuit"":""surface_code:rotated_memory_x"",""cluster_node_limit"":50,""d"":5,""decoder"":""mwpf"",""decoder_type"":""SolverSerialJointSingleHair"",""p"":0.004,""p_erase"":0.0,""r"":5,""run_id"":""2c1d23bd89bcf5d6d623dffd52817527ab5ba820bb8c60558a749cc97b051f30""}",
       224,         2,         0,    3.45,mwpf__9d3e7a869e7911d9ce122143a3492c036ddd4432f11bd090435ee7772beb17ae,6d5c7f274b75ae537824437920d4a7ca50ed98e1dfa880fcbb9eccb2e87a1048,"{""circuit"":""surface_code:rotated_memory_x"",""cluster_node_limit"":50,""d"":5,""decoder"":""mwpf"",""decoder_type"":""SolverSerialJointSingleHair"",""p"":0.006,""p_erase"":0.0,""r"":5,""run_id"":""136e458ea1bb00db5031dfe54473bc21d7f67216ffcf15b01c0f763ac55c92f3""}",
        32,         0,         0,    2.53,mwpf__b86dfdc6edf5243fa953eba38df9eedffa26e17e861ff53898370ede6b3f4924,ed4377a6fc84ce98150c12b4f78cbf0f69f277dc7b34e1caecdce413a6651655,"{""circuit"":""surface_code:rotated_memory_x"",""cluster_node_limit"":50,""d"":9,""decoder"":""mwpf"",""decoder_type"":""SolverSerialJointSingleHair"",""p"":0.003,""p_erase"":0.0,""r"":9,""run_id"":""efe7c5548b07943d995a96c2060d6be39255a1f992a2a76f4714bdcbfad04986""}",
         1,         0,         0,    6.49,mwpf__379f6dbce7a8107a155ae56b95b39b3b041fc70754e4109af3d0a79a7dc1064d,02bf57d656549d4ae6cbf5d702646ade8255c5271d45423d621fa1b7777a6908,"{""circuit"":""surface_code:rotated_memory_x"",""cluster_node_limit"":50,""d"":11,""decoder"":""mwpf"",""decoder_type"":""SolverSerialJointSingleHair"",""p"":0.01,""p_erase"":0.0,""r"":11,""run_id"":""f2936ce57f818d69f7e1b5c9954ec7387d9a1f53c4355bd88c213e49338e6b5b""}",
        62,         4,         0,    6.90,mwpf__71869c18a9a089d40b18edd25a7ba89978fac639dfba4267cf7ec0f8c602c1b8,a01cc1b908db7b76624bbdaed185a25417056dfe423183481572b126d2518af4,"{""circuit"":""surface_code:rotated_memory_x"",""cluster_node_limit"":50,""d"":7,""decoder"":""mwpf"",""decoder_type"":""SolverSerialJointSingleHair"",""p"":0.009,""p_erase"":0.0,""r"":7,""run_id"":""4b2052dd33b88244b8dc64e1aa696c4f0cef9c363b27e7d2cd9a4ccb51da3596""}",
        22,         0,         0,    7.08,mwpf__816dbb216f33548bde82700373ed8762c4588f7e736c0d6ce8bbd83718eb9bc4,4a103945d4b3e03fb447b3f991894618fed8c7625561e2ed8d29b4caf27b2618,"{""circuit"":""surface_code:rotated_memory_x"",""cluster_node_limit"":50,""d"":11,""decoder"":""mwpf"",""decoder_type"":""SolverSerialJointSingleHair"",""p"":0.004,""p_erase"":0.0,""r"":11,""run_id"":""3083dc33435eff96398d9127ce3d8e2c144ff987bf7bc12ab2896614c67e19b0""}",
       128,         0,         0,    2.34,mwpf__b1e65b016886068417e23bc8e6fc3b5255b88b9358acef6c4d90bf957e517d18,31b39447a5c78d0b15a05b2c95790aeec81d5a48fd188b4f6a69524fe0d6720c,"{""circuit"":""surface_code:rotated_memory_x"",""cluster_node_limit"":50,""d"":7,""decoder"":""mwpf"",""decoder_type"":""SolverSerialJointSingleHair"",""p"":0.003,""p_erase"":0.0,""r"":7,""run_id"":""3e7768a46571fd1de5957ad6fb50ce7c500c937939ee9035abc77e8f3db0e162""}",
         1,         0,         0,    2.15,mwpf__43b93046e9364a22259da392bc3668e1033ffbb0945e7dc0e3e1267d20501b3f,4e90c1b95d5e427725f1fd04cbb48a832548a441590a919987ff7d8162105cf0,"{""circuit"":""surface_code:rotated_memory_x"",""cluster_node_limit"":50,""d"":13,""decoder"":""mwpf"",""decoder_type"":""SolverSerialJointSingleHair"",""p"":0.008,""p_erase"":0.0,""r"":13,""run_id"":""3eb0a7712a1b277d4862a6fd791dbd402e6201930b681f484191ed45b10368cf""}",
       160,         2,         0,    5.06,mwpf__d6e273bec9b587e85ba4f19af1099d5769edba9e40437c8089c08ed25bd72758,5388f8eb2e6e41b439260433c3419bdbf5f8b4bd5b8e2a2c70a24a791cee3145,"{""circuit"":""surface_code:rotated_memory_x"",""cluster_node_limit"":50,""d"":5,""decoder"":""mwpf"",""decoder_type"":""SolverSerialJointSingleHair"",""p"":0.008,""p_erase"":0.0,""r"":5,""run_id"":""bfa3c7cba13850dd37e54bb29bb945687e3fe04272a3151e2ac8acb7416976e7""}",
        64,         5,         0,    6.00,mwpf__0480aaa502c889192677deb2a1f79b047530feca1cf6dfaaff42d6ad35de660c,2428a4412b21fcaa2436e1c2e9c61819ecb01828206a188ce051a39d99979d3f,"{""circuit"":""surface_code:rotated_memory_x"",""cluster_node_limit"":50,""d"":7,""decoder"":""mwpf"",""decoder_type"":""SolverSerialJointSingleHair"",""p"":0.008,""p_erase"":0.0,""r"":7,""run_id"":""b0127341a48953a855ea3549247068ee7050e7461912fad56a38b1d8708ded61""}",
        68,         0,         0,    7.52,mwpf__8c35bf1fe40791e0cc86728b65286dceac7fa4a3150955de718fb71e20591ac0,1db55f393cb47cd7701b494aee001a18fd4a230d6df85129178e6c37931db9f3,"{""circuit"":""surface_code:rotated_memory_x"",""cluster_node_limit"":50,""d"":9,""decoder"":""mwpf"",""decoder_type"":""SolverSerialJointSingleHair"",""p"":0.005,""p_erase"":0.0,""r"":9,""run_id"":""6ff49e3994bd55cd42a49411e80b5ece5d8b1ccd21e8041d4b16720db3ebea01""}",
        20,         0,         0,    5.83,mwpf__21df6b2b273042e1d2ed9f329f81aafabed1f5f52db8a49dfa00753827685509,88fba1d38adf9b5170f72959e8ad037789746d8b4d0c05adc7b86ff083a5f8ba,"{""circuit"":""surface_code:rotated_memory_x"",""cluster_node_limit"":50,""d"":13,""decoder"":""mwpf"",""decoder_type"":""SolverSerialJointSingleHair"",""p"":0.003,""p_erase"":0.0,""r"":13,""run_id"":""9c1c158be912dc2d5d59c6edb8c837f5c8480a5e1b0cd3bc21b958a6713a9a18""}",
        44,         0,         0,    6.60,mwpf__e0a55262cf1f1a7a613b4765b0629e55d0b3fe9d54b863fbeff7519c53c8e351,34913737fb3f42b5d01e95eaa7e9bb6ec2ccceeb90dac3afed499a1716fb1a4c,"{""circuit"":""surface_code:rotated_memory_x"",""cluster_node_limit"":50,""d"":7,""decoder"":""mwpf"",""decoder_type"":""SolverSerialJointSingleHair"",""p"":0.01,""p_erase"":0.0,""r"":7,""run_id"":""85dc4b86326449a5e4d2267937782207589c000366e3fbe70d98bb3f9fb5a333""}",
         7,         1,         0,    3.85,mwpf__0e7c94a776c9d36b18431c37b59c5d54ed615181b4983b9359c243e9f764dfb4,18ed3080fc8dd3e2ad1b8ac4ffd96f6ee6464a3ae086c1352c800cbc7cd6c4b7,"{""circuit"":""surface_code:rotated_memory_x"",""cluster_node_limit"":50,""d"":7,""decoder"":""mwpf"",""decoder_type"":""SolverSerialJointSingleHair"",""p"":0.015,""p_erase"":0.0,""r"":7,""run_id"":""acdc3549d7b3f20ef13fd9539e517d8487bc2b0a145673bebaddb7b3e0579f70""}",
       640,         1,         0,    3.71,mwpf__1c59223be739329e89f3e2f13123f7a8f4b0534135cf1e86feb02275412b9cb4,0634ed5aa73fe8e8c1c641cba85bef34b7d4eda6b029d2ee4500c76f6a3e6dd0,"{""circuit"":""surface_code:rotated_memory_x"",""cluster_node_limit"":50,""d"":5,""decoder"":""mwpf"",""decoder_type"":""SolverSerialJointSingleHair"",""p"":0.003,""p_erase"":0.0,""r"":5,""run_id"":""15e3edac26702bd06daa1bb3e90bddb5f87b2bb2b182b8fed1b9f8d68845e848""}",
         9,         0,         0,    4.41,mwpf__4f2003d1a89cbab61d79e87a09a2976b8dd26d83c596509b48a165ee5488bbeb,175546001eaf15e5eec910e644a4e44db259318c59115eb89bfe0c8686f47616,"{""circuit"":""surface_code:rotated_memory_x"",""cluster_node_limit"":50,""d"":13,""decoder"":""mwpf"",""decoder_type"":""SolverSerialJointSingleHair"",""p"":0.006,""p_erase"":0.0,""r"":13,""run_id"":""62be0f9566ae226642dba313ffd2ee6fb56abf4ecd764eb123ecb3879eba54f4""}",
         3,         0,         0,    3.42,mwpf__7a95b4e0e46b327d000e116a0c1b8752a5233749e2ab488204b0555276cc7d20,3739a29a1a4cc537bb158528d425c3e0bc4b8143c997f57751cec9d6df3b5373,"{""circuit"":""surface_code:rotated_memory_x"",""cluster_node_limit"":50,""d"":11,""decoder"":""mwpf"",""decoder_type"":""SolverSerialJointSingleHair"",""p"":0.006,""p_erase"":0.0,""r"":11,""run_id"":""8004ec240d1464395bfc8a126a835b432e446c1a1cef8253e8138d42920ca974""}",
         9,         0,         0,    6.56,mwpf__1e6eb1b7d5a2ec0e953a7cb244b33bc530e16f23c32db88007fc1c7b035f330b,4b7230cba9d61504918ac10d685a7d051d9b1c23b970118aff9533c10c21a028,"{""circuit"":""surface_code:rotated_memory_x"",""cluster_node_limit"":50,""d"":11,""decoder"":""mwpf"",""decoder_type"":""SolverSerialJointSingleHair"",""p"":0.0075,""p_erase"":0.0,""r"":11,""run_id"":""d141b2a8478788124b5b1cb4085ff0997ab6fd837791f95217839732d3f5a11a""}",
         9,         0,         0,    4.45,mwpf__d6e8817167c21e257031ce66381ee5547a20cccfb4c07657b5dadac3a6833f79,77c3f58796b3a8a06dbcfa38996887a82fbc4ff14750db8111f1c9a504ceb897,"{""circuit"":""surface_code:rotated_memory_x"",""cluster_node_limit"":50,""d"":11,""decoder"":""mwpf"",""decoder_type"":""SolverSerialJointSingleHair"",""p"":0.007,""p_erase"":0.0,""r"":11,""run_id"":""738582bca717139319653195fdb3aed07ff60eec35baeb0848929c7f5b5792fa""}",
        24,         0,         0,    5.07,mwpf__e31bcda4313c15612f870938a65840ff53c2398150f9cb961189e5e84b026776,2367d5faa513e3a6decb45c2bdd8779be42812fdc67d351c372070210ef9e7dd,"{""circuit"":""surface_code:rotated_memory_x"",""cluster_node_limit"":50,""d"":7,""decoder"":""mwpf"",""decoder_type"":""SolverSerialJointSingleHair"",""p"":0.006,""p_erase"":0.0,""r"":7,""run_id"":""c569d24a00e94715f929354bdbd1860f950e40c56d976da161032d1bf73e9e9d""}",
        40,         0,         0,    9.54,mwpf__5690b4a8bc9c88c24efb060e4e655ea926b0a3cafb8eccb6b16e13bcfa6f8f57,2319881ca4af7e340fa0dc5e54cc6bc5ff4176d44f6e7028a967f989b1262cd0,"{""circuit"":""surface_code:rotated_memory_x"",""cluster_node_limit"":50,""d"":9,""decoder"":""mwpf"",""decoder_type"":""SolverSerialJointSingleHair"",""p"":0.0065,""p_erase"":0.0,""r"":9,""run_id"":""bcb66dbf1963af5450bb3b51e6950f2b7fc1b6490e9ba479a670b91dc4b2af88""}",
        17,         0,         0,    6.70,mwpf__f72406d99baaa155e6537da23b921802aac7a0476bf592363ce60d85dc12f754,502cdaad1f5ad245d27f94b87cf52b63e8d9429b6075479c1cd1ab87feb4cda0,"{""circuit"":""surface_code:rotated_memory_x"",""cluster_node_limit"":50,""d"":13,""decoder"":""mwpf"",""decoder_type"":""SolverSerialJointSingleHair"",""p"":0.004,""p_erase"":0.0,""r"":13,""run_id"":""9c5f0f6384601a18598e9ec8096fd7d1f329b4fab58d65bfc72b05c12fd62fb2""}",
         3,         0,         0,    2.24,mwpf__4d095e94564aaf70b358e5d5ebb14c977585d24f71ee066d73c8d28da9e509d1,f558194f437a2b7eb02e26a0c3c685b29032de063b739c7351099f552cd87aa6,"{""circuit"":""surface_code:rotated_memory_x"",""cluster_node_limit"":50,""d"":9,""decoder"":""mwpf"",""decoder_type"":""SolverSerialJointSingleHair"",""p"":0.01,""p_erase"":0.0,""r"":9,""run_id"":""07c0f409e8370b67d9c8c55c2486281381c0937533be35a12e0610e26f05aded""}",
         1,         0,         0,    1.50,mwpf__43b93046e9364a22259da392bc3668e1033ffbb0945e7dc0e3e1267d20501b3f,4e90c1b95d5e427725f1fd04cbb48a832548a441590a919987ff7d8162105cf0,"{""circuit"":""surface_code:rotated_memory_x"",""cluster_node_limit"":50,""d"":13,""decoder"":""mwpf"",""decoder_type"":""SolverSerialJointSingleHair"",""p"":0.008,""p_erase"":0.0,""r"":13,""run_id"":""3eb0a7712a1b277d4862a6fd791dbd402e6201930b681f484191ed45b10368cf""}",
       304,         6,         0,    8.54,mwpf__8b7aba4b42c55eac316a2911da8b71ada3c5c95714024fe9cb878eda2ed964eb,19dae4f12454abdb37e7a82e67feb6734eaa8650e81bd5af32a541e6d88fd6f1,"{""circuit"":""surface_code:rotated_memory_x"",""cluster_node_limit"":50,""d"":5,""decoder"":""mwpf"",""decoder_type"":""SolverSerialJointSingleHair"",""p"":0.0065,""p_erase"":0.0,""r"":5,""run_id"":""14c277d1360d884007b225112d7b983b9f2c5fc158d2870f656c6b2929b311b6""}",
        12,         0,         0,    4.82,mwpf__1c17b6ee16c741b8697b91cd285aaee9a8e106198ab113a3b41e17f1b62daa89,3627112f92c7e85ea6801db379ff16386d627c78375e4cf85abab0e7352f9166,"{""circuit"":""surface_code:rotated_memory_x"",""cluster_node_limit"":50,""d"":9,""decoder"":""mwpf"",""decoder_type"":""SolverSerialJointSingleHair"",""p"":0.007,""p_erase"":0.0,""r"":9,""run_id"":""afd2d1bea34409055a74153634f35b6efd9ed9b105183e8591ec4772c9d800e4""}",
        32,         0,         0,    10.7,mwpf__df232194f367aabe935bb4165a6f2a18934748069bb45308bdea72b5aa54cc52,91cc3f9bee6eacdc4ac1e2e6b8df0d38ece142e9760fded5c2a9edaa44f54857,"{""circuit"":""surface_code:rotated_memory_x"",""cluster_node_limit"":50,""d"":9,""decoder"":""mwpf"",""decoder_type"":""SolverSerialJointSingleHair"",""p"":0.004,""p_erase"":0.0,""r"":9,""run_id"":""4464f5804de6cb9a9718f832f08fe8f67d7fac0287acd1b900c7694bfd7b4af5""}",
       192,         3,         0,    4.71,mwpf__951eb3349e78cec2a155134d7fb171e1ad03d800a86442f3c4b76397f4c7fd4d,cde164a21cdab97d63839b3f64b1c2e5cf62ef5d8be22509c82bac34fbb3e2b2,"{""circuit"":""surface_code:rotated_memory_x"",""cluster_node_limit"":50,""d"":5,""decoder"":""mwpf"",""decoder_type"":""SolverSerialJointSingleHair"",""p"":0.007,""p_erase"":0.0,""r"":5,""run_id"":""fc11e6013551ff75fa4759b0fc71e28cb776c1e995679ad07f9247f45c9ad106""}",
        13,         0,         0,    3.54,mwpf__0ffad40cb78e56d31871ef678a2c2c220e01e0128694bf21b48103122ad96d78,1eeffca09c34ec66ea37833c9064e8ea37a416c4745e08373b9f3699fa053396,"{""circuit"":""surface_code:rotated_memory_x"",""cluster_node_limit"":50,""d"":9,""decoder"":""mwpf"",""decoder_type"":""SolverSerialJointSingleHair"",""p"":0.006,""p_erase"":0.0,""r"":9,""run_id"":""24bb5f6faf950c7f32be70c2a658f8a2aec69874df03f312866b1e584c72f944""}",
        56,         1,         0,    6.81,mwpf__7b751ba9c29dec22792ae2997abbcfb30aeccd30f12272dee86da02f98924346,ef36a2d62e6f27449c8c54ebc380941555cc4126bf8269beb48c5d4285c2c832,"{""circuit"":""surface_code:rotated_memory_x"",""cluster_node_limit"":50,""d"":7,""decoder"":""mwpf"",""decoder_type"":""SolverSerialJointSingleHair"",""p"":0.0065,""p_erase"":0.0,""r"":7,""run_id"":""2dbf0f369a61ab19037b084768e1601bc2d15a711cdebadba5827ddd88dd2495""}",
       128,         0,         0,    6.20,mwpf__0d9aa11d665261a85b6152ce35c4d28399141c8834633741366e3ced28c5496e,9cb90efc03faa69e23b17dfc883ad5c9f049e23f8b4a263ea7026d53febd314f,"{""circuit"":""surface_code:rotated_memory_x"",""cluster_node_limit"":50,""d"":7,""decoder"":""mwpf"",""decoder_type"":""SolverSerialJointSingleHair"",""p"":0.004,""p_erase"":0.0,""r"":7,""run_id"":""bc63bb586674bf0943da17e714fe33cb9292304a00c52142dcc0aa98a48fe916""}",
         1,         0,         0,    12.6,mwpf__f87c96aa3373dc2ac440982efc7a0366d20a84ef182cb742ac0fa82c0860091e,967472b0d94b02730a324424faedb234d075b92a6f91c8ca1ffc3113f4c29366,"{""circuit"":""surface_code:rotated_memory_x"",""cluster_node_limit"":50,""d"":13,""decoder"":""mwpf"",""decoder_type"":""SolverSerialJointSingleHair"",""p"":0.009,""p_erase"":0.0,""r"":13,""run_id"":""65973629100f086449ed2ff833d794e52240ce5150ad8e397c789e082dbbd661""}",
        10,         0,         0,    5.56,mwpf__ef4bd14b406ebb94921d73b05e28e9be274fd0180168db54ebfe9ad4abb5c3dd,813034dd365f90862ad3456e088d05537a5961eea78ad69b71aff0330e723902,"{""circuit"":""surface_code:rotated_memory_x"",""cluster_node_limit"":50,""d"":9,""decoder"":""mwpf"",""decoder_type"":""SolverSerialJointSingleHair"",""p"":0.0075,""p_erase"":0.0,""r"":9,""run_id"":""d43e2110d6096cb21b3dc2507099ab1df8f05023ab41bfbd088fbc12277e6cad""}",
        72,         0,         0,    2.95,mwpf__b86dfdc6edf5243fa953eba38df9eedffa26e17e861ff53898370ede6b3f4924,ed4377a6fc84ce98150c12b4f78cbf0f69f277dc7b34e1caecdce413a6651655,"{""circuit"":""surface_code:rotated_memory_x"",""cluster_node_limit"":50,""d"":9,""decoder"":""mwpf"",""decoder_type"":""SolverSerialJointSingleHair"",""p"":0.003,""p_erase"":0.0,""r"":9,""run_id"":""efe7c5548b07943d995a96c2060d6be39255a1f992a2a76f4714bdcbfad04986""}",
         3,         1,         0,    5.13,mwpf__27a571c12c515651d4ffcfb77cd014cbd564d8d59b84c23e14b783de48feab52,c7796fbd3a9ed9e25c88662f131fdcc3db567aa019543a6d04c9545bad45a9e6,"{""circuit"":""surface_code:rotated_memory_x"",""cluster_node_limit"":50,""d"":11,""decoder"":""mwpf"",""decoder_type"":""SolverSerialJointSingleHair"",""p"":0.008,""p_erase"":0.0,""r"":11,""run_id"":""a1c19c3e7f2e8098c81889b056bfa77224d1f0cf9b3deea17d360de81aae0496""}",
         4,         0,         0,    6.54,mwpf__b51c22942b58bed18bbe1e33230fc16d37f2f994d4a2eb9aac1a816c71f648b5,49723c50d532252a125a0f77a511824bc8ba2453ced225ca935be4f8ae908466,"{""circuit"":""surface_code:rotated_memory_x"",""cluster_node_limit"":50,""d"":11,""decoder"":""mwpf"",""decoder_type"":""SolverSerialJointSingleHair"",""p"":0.005,""p_erase"":0.0,""r"":11,""run_id"":""dc16d4efdc8c9f700a5975f7aeee7db9a23f8fb27d65c75c03a3aeb77312b5d0""}",
        72,         3,         0,    6.55,mwpf__761f3371de99df9efabba094f174e439214687dced9cc3cd6fcfd4925ef05ead,5373d5de17f66a3eb06d839f452c3912e4e626c22ca55edf6a2d0424cc80f5ce,"{""circuit"":""surface_code:rotated_memory_x"",""cluster_node_limit"":50,""d"":7,""decoder"":""mwpf"",""decoder_type"":""SolverSerialJointSingleHair"",""p"":0.007,""p_erase"":0.0,""r"":7,""run_id"":""cc23d39f806d6b050b42fdf6523d37ff1ded4115cd9804c1b1173f160297dfb9""}",
         1,         0,         0,   0.825,mwpf__5628b4a6b38fe29dbafc3c1893bf80accce86825995fe861aeeda54b9bdb548f,a05a45a3402b64c2124b61668c6f51fbe4ee785ce144baed29926f4237b57edf,"{""circuit"":""surface_code:rotated_memory_x"",""cluster_node_limit"":50,""d"":15,""decoder"":""mwpf"",""decoder_type"":""SolverSerialJointSingleHair"",""p"":0.003,""p_erase"":0.0,""r"":15,""run_id"":""5ab0f789e9276cc53f443c738e0824d6818252ef4016c736dbd7da5c9c2198f4""}",
        16,         0,         0,    1.57,mwpf__df232194f367aabe935bb4165a6f2a18934748069bb45308bdea72b5aa54cc52,91cc3f9bee6eacdc4ac1e2e6b8df0d38ece142e9760fded5c2a9edaa44f54857,"{""circuit"":""surface_code:rotated_memory_x"",""cluster_node_limit"":50,""d"":9,""decoder"":""mwpf"",""decoder_type"":""SolverSerialJointSingleHair"",""p"":0.004,""p_erase"":0.0,""r"":9,""run_id"":""4464f5804de6cb9a9718f832f08fe8f67d7fac0287acd1b900c7694bfd7b4af5""}",
       512,         3,         0,    6.50,mwpf__6d4510a60f3ab5a6af5bc8ff2f60857cc46b32094baeda08965a4d99c4f42aec,0cb3695c8696727a8873244b6e84d963d4eb9e0abd45b5a7328dfa907569f518,"{""circuit"":""surface_code:rotated_memory_x"",""cluster_node_limit"":50,""d"":5,""decoder"":""mwpf"",""decoder_type"":""SolverSerialJointSingleHair"",""p"":0.005,""p_erase"":0.0,""r"":5,""run_id"":""a9419091d73bd2c76a2c7e3604d34d847de2f4b02b85d0c3d0860c0754fc56d1""}",
         1,         0,         0,   0.072,mwpf__5628b4a6b38fe29dbafc3c1893bf80accce86825995fe861aeeda54b9bdb548f,a05a45a3402b64c2124b61668c6f51fbe4ee785ce144baed29926f4237b57edf,"{""circuit"":""surface_code:rotated_memory_x"",""cluster_node_limit"":50,""d"":15,""decoder"":""mwpf"",""decoder_type"":""SolverSerialJointSingleHair"",""p"":0.003,""p_erase"":0.0,""r"":15,""run_id"":""5ab0f789e9276cc53f443c738e0824d6818252ef4016c736dbd7da5c9c2198f4""}",
       208,         0,         0,    6.25,mwpf__91ffc942ec0dda29e3cbefbf32236cf9a6f3fa7b23e4675ef61bf5a2d3aa5377,40546135e2bd9eb08f97c8c1c6115e8bc75406288d37472ee0445cd367e1721b,"{""circuit"":""surface_code:rotated_memory_x"",""cluster_node_limit"":50,""d"":5,""decoder"":""mwpf"",""decoder_type"":""SolverSerialJointSingleHair"",""p"":0.0075,""p_erase"":0.0,""r"":5,""run_id"":""5a57a6d0ff957d816c2c86860718eec6af832a23575ff55f991f4b130256fb39""}",
      9407,       209,         0,    7.32,mwpf__43962ba459d86cd819b8558032ffa6472ba0555135068fb74009d94b7bad5532,1b4e499b3b262af26ba14e01aa169e3a7f2d864a488b68fa6fba53177a53ffcc,"{""circuit"":""surface_code:rotated_memory_x"",""cluster_node_limit"":50,""d"":3,""decoder"":""mwpf"",""decoder_type"":""SolverSerialJointSingleHair"",""p"":0.008,""p_erase"":0.0,""r"":3,""run_id"":""842b8d9622dd95e081373b13334f0c4c970c25ea256e90e9985b8d1bb6968aef""}",
        68,         1,         0,    6.30,mwpf__c6ba5eb607084c237766d2f1acb7719308a77ef713824e5c4b8d9fdd0cd4a1b6,f538726661a9ad85ba0d5eda8cd32b2cbddd0a923127051b03a5b9c672de5ae4,"{""circuit"":""surface_code:rotated_memory_x"",""cluster_node_limit"":50,""d"":7,""decoder"":""mwpf"",""decoder_type"":""SolverSerialJointSingleHair"",""p"":0.0075,""p_erase"":0.0,""r"":7,""run_id"":""746c0ed850e7a1c4899561c73e97af04ff040736013cde397145df4c660e1d2a""}",
      9728,       322,         0,    8.61,mwpf__aaa863e9a64627555b04b70db757b2526080350f57c3e44aa6971a8e395c5be7,4e04f8aa9db7314d71683d08e68e1c551e91b6148e3b3a9d2b78be567b73a4ed,"{""circuit"":""surface_code:rotated_memory_x"",""cluster_node_limit"":50,""d"":3,""decoder"":""mwpf"",""decoder_type"":""SolverSerialJointSingleHair"",""p"":0.01,""p_erase"":0.0,""r"":3,""run_id"":""5b6db69d825a9e1af451573dd00a4a7082d74a5e74fde81d397d7b0bcc5645b2""}",
         4,         0,         0,    2.63,mwpf__d6e8817167c21e257031ce66381ee5547a20cccfb4c07657b5dadac3a6833f79,77c3f58796b3a8a06dbcfa38996887a82fbc4ff14750db8111f1c9a504ceb897,"{""circuit"":""surface_code:rotated_memory_x"",""cluster_node_limit"":50,""d"":11,""decoder"":""mwpf"",""decoder_type"":""SolverSerialJointSingleHair"",""p"":0.007,""p_erase"":0.0,""r"":11,""run_id"":""738582bca717139319653195fdb3aed07ff60eec35baeb0848929c7f5b5792fa""}",
        88,         0,         0,    6.21,mwpf__51e8ee19cf0aaa70da53967b6319671a0062ce98a2bc87274e8dc28f0b80d783,80a8d8d8845ce59d024eed62a7aec2b46f82d021196b4658f49128b3cea863e2,"{""circuit"":""surface_code:rotated_memory_x"",""cluster_node_limit"":50,""d"":7,""decoder"":""mwpf"",""decoder_type"":""SolverSerialJointSingleHair"",""p"":0.005,""p_erase"":0.0,""r"":7,""run_id"":""3ff977703ebf3f566a41dac215e2bc8e682579cf7cec84db2f03627fcfabbad2""}",
         1,         0,         0,    14.4,mwpf__65cc82da5e33c4f59fbea0b968e342ff75897867edbc7eb9a86af26555b4d079,d984dd8cf1c44306b4070d86f0449ce6e97af834e7dc9b844c01ea04064bc71c,"{""circuit"":""surface_code:rotated_memory_x"",""cluster_node_limit"":50,""d"":13,""decoder"":""mwpf"",""decoder_type"":""SolverSerialJointSingleHair"",""p"":0.0075,""p_erase"":0.0,""r"":13,""run_id"":""145c87dc125c965ea510c81614a2b6d45eec9b437193173d0cb14f7efa403d78""}",
         1,         0,         0,    4.18,mwpf__379f6dbce7a8107a155ae56b95b39b3b041fc70754e4109af3d0a79a7dc1064d,02bf57d656549d4ae6cbf5d702646ade8255c5271d45423d621fa1b7777a6908,"{""circuit"":""surface_code:rotated_memory_x"",""cluster_node_limit"":50,""d"":11,""decoder"":""mwpf"",""decoder_type"":""SolverSerialJointSingleHair"",""p"":0.01,""p_erase"":0.0,""r"":11,""run_id"":""f2936ce57f818d69f7e1b5c9954ec7387d9a1f53c4355bd88c213e49338e6b5b""}",
       128,         1,         0,    4.66,mwpf__9d3e7a869e7911d9ce122143a3492c036ddd4432f11bd090435ee7772beb17ae,6d5c7f274b75ae537824437920d4a7ca50ed98e1dfa880fcbb9eccb2e87a1048,"{""circuit"":""surface_code:rotated_memory_x"",""cluster_node_limit"":50,""d"":5,""decoder"":""mwpf"",""decoder_type"":""SolverSerialJointSingleHair"",""p"":0.006,""p_erase"":0.0,""r"":5,""run_id"":""136e458ea1bb00db5031dfe54473bc21d7f67216ffcf15b01c0f763ac55c92f3""}",
        20,         1,         0,    6.01,mwpf__6099ca9ba0e75d433e29cf0e99deb8fecdb2af5c2add85a0679af0a6cbc31454,059af26b3446a53a53fb02480a7d49eb29e7b3510b62d2455b645061774c7dd8,"{""circuit"":""surface_code:rotated_memory_x"",""cluster_node_limit"":50,""d"":9,""decoder"":""mwpf"",""decoder_type"":""SolverSerialJointSingleHair"",""p"":0.008,""p_erase"":0.0,""r"":9,""run_id"":""8dfac8c52a2bdb8ad1978822189831360902afd0bc2eb7a9333f1f5088b13a03""}",
        56,         0,         0,    6.28,mwpf__8548f0e17df6ec2da00e239d3cc0f77db49812682ea7479645b8b7bbf459e376,3982ff67ef7e56884cb20ebd1c912dd13305efd49de30c97ba1d1d3d4ede83f3,"{""circuit"":""surface_code:rotated_memory_x"",""cluster_node_limit"":50,""d"":11,""decoder"":""mwpf"",""decoder_type"":""SolverSerialJointSingleHair"",""p"":0.003,""p_erase"":0.0,""r"":11,""run_id"":""f8aa956a2e2076433f554631dc774e205799286246e2bbf1a0cefd6d6db83727""}",
        72,         9,         0,    6.91,mwpf__3f1b64a9ac39918fdfc1d8685d2ae22620c080992f83b482a25d7b8f1adaea5a,0b2a8a048818ac11f66a73bdbd1d5dc5a971687b6a9c1ab5af8e2dcdd4f0c1bf,"{""circuit"":""surface_code:rotated_memory_x"",""cluster_node_limit"":50,""d"":5,""decoder"":""mwpf"",""decoder_type"":""SolverSerialJointSingleHair"",""p"":0.015,""p_erase"":0.0,""r"":5,""run_id"":""6fe96edac5c8fb2c1aed8ea14c67ceeb92423fdf3ce9e1c97fff0ce2aa5d5538""}",
       136,         5,         0,    7.83,mwpf__e098ae1eaf131a692c7d269ecd7c0b356809a18a2ccc52547656bea351773dd9,c4e2e9f4264f6040fcd119a2d32c96bd25a12364f525742dd40c8b2e504c5240,"{""circuit"":""surface_code:rotated_memory_x"",""cluster_node_limit"":50,""d"":5,""decoder"":""mwpf"",""decoder_type"":""SolverSerialJointSingleHair"",""p"":0.01,""p_erase"":0.0,""r"":5,""run_id"":""669fd91e75976823dd1cbb6f0d860524121f186f614db6fb259f60c1945fce8a""}",
         1,         0,         0,   0.663,mwpf__65cc82da5e33c4f59fbea0b968e342ff75897867edbc7eb9a86af26555b4d079,d984dd8cf1c44306b4070d86f0449ce6e97af834e7dc9b844c01ea04064bc71c,"{""circuit"":""surface_code:rotated_memory_x"",""cluster_node_limit"":50,""d"":13,""decoder"":""mwpf"",""decoder_type"":""SolverSerialJointSingleHair"",""p"":0.0075,""p_erase"":0.0,""r"":13,""run_id"":""145c87dc125c965ea510c81614a2b6d45eec9b437193173d0cb14f7efa403d78""}",
        16,         0,         0,    2.08,mwpf__df232194f367aabe935bb4165a6f2a18934748069bb45308bdea72b5aa54cc52,91cc3f9bee6eacdc4ac1e2e6b8df0d38ece142e9760fded5c2a9edaa44f54857,"{""circuit"":""surface_code:rotated_memory_x"",""cluster_node_limit"":50,""d"":9,""decoder"":""mwpf"",""decoder_type"":""SolverSerialJointSingleHair"",""p"":0.004,""p_erase"":0.0,""r"":9,""run_id"":""4464f5804de6cb9a9718f832f08fe8f67d7fac0287acd1b900c7694bfd7b4af5""}",
         1,         0,         0,   0.725,mwpf__65cc82da5e33c4f59fbea0b968e342ff75897867edbc7eb9a86af26555b4d079,d984dd8cf1c44306b4070d86f0449ce6e97af834e7dc9b844c01ea04064bc71c,"{""circuit"":""surface_code:rotated_memory_x"",""cluster_node_limit"":50,""d"":13,""decoder"":""mwpf"",""decoder_type"":""SolverSerialJointSingleHair"",""p"":0.0075,""p_erase"":0.0,""r"":13,""run_id"":""145c87dc125c965ea510c81614a2b6d45eec9b437193173d0cb14f7efa403d78""}",
        13,         0,         0,    6.52,mwpf__657887243b5868399920fa937a3887ed9e2ac0d9d98cadc2e1a651e3f504cda0,d4553ef01c242393c1aeaba835587e05af3c08f66bad464752b049a3be541a37,"{""circuit"":""surface_code:rotated_memory_x"",""cluster_node_limit"":50,""d"":11,""decoder"":""mwpf"",""decoder_type"":""SolverSerialJointSingleHair"",""p"":0.0065,""p_erase"":0.0,""r"":11,""run_id"":""8e1df1698035a74962cf4fbf46e34daf5b11fbeb2de0990648bf3b88ed7162d9""}",
         1,         0,         0,    1.47,mwpf__379f6dbce7a8107a155ae56b95b39b3b041fc70754e4109af3d0a79a7dc1064d,02bf57d656549d4ae6cbf5d702646ade8255c5271d45423d621fa1b7777a6908,"{""circuit"":""surface_code:rotated_memory_x"",""cluster_node_limit"":50,""d"":11,""decoder"":""mwpf"",""decoder_type"":""SolverSerialJointSingleHair"",""p"":0.01,""p_erase"":0.0,""r"":11,""run_id"":""f2936ce57f818d69f7e1b5c9954ec7387d9a1f53c4355bd88c213e49338e6b5b""}",
       480,         2,         0,    6.05,mwpf__6dc40dd78a7537f759b93670cd0af0008adf279fbc2acda6010b04619b90078a,71b64adea95d26ec136e0f6d5c44173faab2351254ae92ff6c2fb79fe431c3f7,"{""circuit"":""surface_code:rotated_memory_x"",""cluster_node_limit"":50,""d"":5,""decoder"":""mwpf"",""decoder_type"":""SolverSerialJointSingleHair"",""p"":0.004,""p_erase"":0.0,""r"":5,""run_id"":""2c1d23bd89bcf5d6d623dffd52817527ab5ba820bb8c60558a749cc97b051f30""}",
        11,         0,         0,    4.78,mwpf__7a95b4e0e46b327d000e116a0c1b8752a5233749e2ab488204b0555276cc7d20,3739a29a1a4cc537bb158528d425c3e0bc4b8143c997f57751cec9d6df3b5373,"{""circuit"":""surface_code:rotated_memory_x"",""cluster_node_limit"":50,""d"":11,""decoder"":""mwpf"",""decoder_type"":""SolverSerialJointSingleHair"",""p"":0.006,""p_erase"":0.0,""r"":11,""run_id"":""8004ec240d1464395bfc8a126a835b432e446c1a1cef8253e8138d42920ca974""}",
      4352,       308,         0,    9.22,mwpf__b0b7dc35549e4684aaf56d7f39208097266fbb01b99fc634aa5cc65cb30d3fd9,28ac44c8c5b47a07887bdc431a672e9f8611047ab24d905f93db9d3c36d03445,"{""circuit"":""surface_code:rotated_memory_x"",""cluster_node_limit"":50,""d"":3,""decoder"":""mwpf"",""decoder_type"":""SolverSerialJointSingleHair"",""p"":0.015,""p_erase"":0.0,""r"":3,""run_id"":""b44761db4df8b64c8917c437ae7fe1c452a55149c1dc7a5ca0f619d5bff0315c""}",
        16,         0,         0,    3.07,mwpf__b86dfdc6edf5243fa953eba38df9eedffa26e17e861ff53898370ede6b3f4924,ed4377a6fc84ce98150c12b4f78cbf0f69f277dc7b34e1caecdce413a6651655,"{""circuit"":""surface_code:rotated_memory_x"",""cluster_node_limit"":50,""d"":9,""decoder"":""mwpf"",""decoder_type"":""SolverSerialJointSingleHair"",""p"":0.003,""p_erase"":0.0,""r"":9,""run_id"":""efe7c5548b07943d995a96c2060d6be39255a1f992a2a76f4714bdcbfad04986""}",
       768,         2,         0,    5.28,mwpf__1c59223be739329e89f3e2f13123f7a8f4b0534135cf1e86feb02275412b9cb4,0634ed5aa73fe8e8c1c641cba85bef34b7d4eda6b029d2ee4500c76f6a3e6dd0,"{""circuit"":""surface_code:rotated_memory_x"",""cluster_node_limit"":50,""d"":5,""decoder"":""mwpf"",""decoder_type"":""SolverSerialJointSingleHair"",""p"":0.003,""p_erase"":0.0,""r"":5,""run_id"":""15e3edac26702bd06daa1bb3e90bddb5f87b2bb2b182b8fed1b9f8d68845e848""}",
         4,         0,         0,    2.32,mwpf__d6e8817167c21e257031ce66381ee5547a20cccfb4c07657b5dadac3a6833f79,77c3f58796b3a8a06dbcfa38996887a82fbc4ff14750db8111f1c9a504ceb897,"{""circuit"":""surface_code:rotated_memory_x"",""cluster_node_limit"":50,""d"":11,""decoder"":""mwpf"",""decoder_type"":""SolverSerialJointSingleHair"",""p"":0.007,""p_erase"":0.0,""r"":11,""run_id"":""738582bca717139319653195fdb3aed07ff60eec35baeb0848929c7f5b5792fa""}",
         1,         0,         0,   0.598,mwpf__65cc82da5e33c4f59fbea0b968e342ff75897867edbc7eb9a86af26555b4d079,d984dd8cf1c44306b4070d86f0449ce6e97af834e7dc9b844c01ea04064bc71c,"{""circuit"":""surface_code:rotated_memory_x"",""cluster_node_limit"":50,""d"":13,""decoder"":""mwpf"",""decoder_type"":""SolverSerialJointSingleHair"",""p"":0.0075,""p_erase"":0.0,""r"":13,""run_id"":""145c87dc125c965ea510c81614a2b6d45eec9b437193173d0cb14f7efa403d78""}",
       224,         2,         0,    6.09,mwpf__b1e65b016886068417e23bc8e6fc3b5255b88b9358acef6c4d90bf957e517d18,31b39447a5c78d0b15a05b2c95790aeec81d5a48fd188b4f6a69524fe0d6720c,"{""circuit"":""surface_code:rotated_memory_x"",""cluster_node_limit"":50,""d"":7,""decoder"":""mwpf"",""decoder_type"":""SolverSerialJointSingleHair"",""p"":0.003,""p_erase"":0.0,""r"":7,""run_id"":""3e7768a46571fd1de5957ad6fb50ce7c500c937939ee9035abc77e8f3db0e162""}",
         8,         0,         0,    3.24,mwpf__b51c22942b58bed18bbe1e33230fc16d37f2f994d4a2eb9aac1a816c71f648b5,49723c50d532252a125a0f77a511824bc8ba2453ced225ca935be4f8ae908466,"{""circuit"":""surface_code:rotated_memory_x"",""cluster_node_limit"":50,""d"":11,""decoder"":""mwpf"",""decoder_type"":""SolverSerialJointSingleHair"",""p"":0.005,""p_erase"":0.0,""r"":11,""run_id"":""dc16d4efdc8c9f700a5975f7aeee7db9a23f8fb27d65c75c03a3aeb77312b5d0""}",
        12,         0,         0,    7.42,mwpf__635e40dda6d3e96020ea75ae193e9dd537bd1e25622b042e0e59c0187110d1be,06dc2e6bd74ae874fe58d9f164c4486dc719c5118f922909b0e948fb9b7a211e,"{""circuit"":""surface_code:rotated_memory_x"",""cluster_node_limit"":50,""d"":13,""decoder"":""mwpf"",""decoder_type"":""SolverSerialJointSingleHair"",""p"":0.005,""p_erase"":0.0,""r"":13,""run_id"":""1dd32fbecda77a042c5f41d375ae2b79efd66b7adfe572570e9f313567b2202a""}",
        34,         0,         0,    6.08,mwpf__21df6b2b273042e1d2ed9f329f81aafabed1f5f52db8a49dfa00753827685509,88fba1d38adf9b5170f72959e8ad037789746d8b4d0c05adc7b86ff083a5f8ba,"{""circuit"":""surface_code:rotated_memory_x"",""cluster_node_limit"":50,""d"":13,""decoder"":""mwpf"",""decoder_type"":""SolverSerialJointSingleHair"",""p"":0.003,""p_erase"":0.0,""r"":13,""run_id"":""9c1c158be912dc2d5d59c6edb8c837f5c8480a5e1b0cd3bc21b958a6713a9a18""}",
        10,         3,         0,    5.86,mwpf__0e7c94a776c9d36b18431c37b59c5d54ed615181b4983b9359c243e9f764dfb4,18ed3080fc8dd3e2ad1b8ac4ffd96f6ee6464a3ae086c1352c800cbc7cd6c4b7,"{""circuit"":""surface_code:rotated_memory_x"",""cluster_node_limit"":50,""d"":7,""decoder"":""mwpf"",""decoder_type"":""SolverSerialJointSingleHair"",""p"":0.015,""p_erase"":0.0,""r"":7,""run_id"":""acdc3549d7b3f20ef13fd9539e517d8487bc2b0a145673bebaddb7b3e0579f70""}",
         6,         0,         0,    5.99,mwpf__4f2003d1a89cbab61d79e87a09a2976b8dd26d83c596509b48a165ee5488bbeb,175546001eaf15e5eec910e644a4e44db259318c59115eb89bfe0c8686f47616,"{""circuit"":""surface_code:rotated_memory_x"",""cluster_node_limit"":50,""d"":13,""decoder"":""mwpf"",""decoder_type"":""SolverSerialJointSingleHair"",""p"":0.006,""p_erase"":0.0,""r"":13,""run_id"":""62be0f9566ae226642dba313ffd2ee6fb56abf4ecd764eb123ecb3879eba54f4""}",
         1,         0,         0,   0.797,mwpf__65cc82da5e33c4f59fbea0b968e342ff75897867edbc7eb9a86af26555b4d079,d984dd8cf1c44306b4070d86f0449ce6e97af834e7dc9b844c01ea04064bc71c,"{""circuit"":""surface_code:rotated_memory_x"",""cluster_node_limit"":50,""d"":13,""decoder"":""mwpf"",""decoder_type"":""SolverSerialJointSingleHair"",""p"":0.0075,""p_erase"":0.0,""r"":13,""run_id"":""145c87dc125c965ea510c81614a2b6d45eec9b437193173d0cb14f7efa403d78""}",
        28,         0,         0,    6.90,mwpf__816dbb216f33548bde82700373ed8762c4588f7e736c0d6ce8bbd83718eb9bc4,4a103945d4b3e03fb447b3f991894618fed8c7625561e2ed8d29b4caf27b2618,"{""circuit"":""surface_code:rotated_memory_x"",""cluster_node_limit"":50,""d"":11,""decoder"":""mwpf"",""decoder_type"":""SolverSerialJointSingleHair"",""p"":0.004,""p_erase"":0.0,""r"":11,""run_id"":""3083dc33435eff96398d9127ce3d8e2c144ff987bf7bc12ab2896614c67e19b0""}",
        14,         0,         0,    5.07,mwpf__0ffad40cb78e56d31871ef678a2c2c220e01e0128694bf21b48103122ad96d78,1eeffca09c34ec66ea37833c9064e8ea37a416c4745e08373b9f3699fa053396,"{""circuit"":""surface_code:rotated_memory_x"",""cluster_node_limit"":50,""d"":9,""decoder"":""mwpf"",""decoder_type"":""SolverSerialJointSingleHair"",""p"":0.006,""p_erase"":0.0,""r"":9,""run_id"":""24bb5f6faf950c7f32be70c2a658f8a2aec69874df03f312866b1e584c72f944""}",
       160,         2,         0,    7.00,mwpf__d6e273bec9b587e85ba4f19af1099d5769edba9e40437c8089c08ed25bd72758,5388f8eb2e6e41b439260433c3419bdbf5f8b4bd5b8e2a2c70a24a791cee3145,"{""circuit"":""surface_code:rotated_memory_x"",""cluster_node_limit"":50,""d"":5,""decoder"":""mwpf"",""decoder_type"":""SolverSerialJointSingleHair"",""p"":0.008,""p_erase"":0.0,""r"":5,""run_id"":""bfa3c7cba13850dd37e54bb29bb945687e3fe04272a3151e2ac8acb7416976e7""}",
         1,         0,         0,    10.1,mwpf__2513811017579026d7674ebe2393e0cc3aa91e0705b0a322adcdc3e99a3a038c,faaca1e550d6a99dde065c98f56a1aeef0a6af23a66e67c706b6ffdd967b8259,"{""circuit"":""surface_code:rotated_memory_x"",""cluster_node_limit"":50,""d"":9,""decoder"":""mwpf"",""decoder_type"":""SolverSerialJointSingleHair"",""p"":0.015,""p_erase"":0.0,""r"":9,""run_id"":""48b869192ebdc343a5330d4ec118d7f7605576a3810e15cb95222da28197c77e""}",
     10752,       298,         0,    8.75,mwpf__d56b027df54bbcee1a569d4b790c31989f5693ab552e6ad7d4b399bc8a5b7ae2,f0a51108deaa2e813a85a0daf8998382d985f25173b21c56aa0f0dddcd7c45dc,"{""circuit"":""surface_code:rotated_memory_x"",""cluster_node_limit"":50,""d"":3,""decoder"":""mwpf"",""decoder_type"":""SolverSerialJointSingleHair"",""p"":0.009,""p_erase"":0.0,""r"":3,""run_id"":""f3773bbf3001f7044304ac6a12d9ddb4d020a1b2b51ce7b475f4f14944f915f3""}",
         7,         0,         0,    6.06,mwpf__f72406d99baaa155e6537da23b921802aac7a0476bf592363ce60d85dc12f754,502cdaad1f5ad245d27f94b87cf52b63e8d9429b6075479c1cd1ab87feb4cda0,"{""circuit"":""surface_code:rotated_memory_x"",""cluster_node_limit"":50,""d"":13,""decoder"":""mwpf"",""decoder_type"":""SolverSerialJointSingleHair"",""p"":0.004,""p_erase"":0.0,""r"":13,""run_id"":""9c5f0f6384601a18598e9ec8096fd7d1f329b4fab58d65bfc72b05c12fd62fb2""}",
        96,         0,         0,    6.39,mwpf__e31bcda4313c15612f870938a65840ff53c2398150f9cb961189e5e84b026776,2367d5faa513e3a6decb45c2bdd8779be42812fdc67d351c372070210ef9e7dd,"{""circuit"":""surface_code:rotated_memory_x"",""cluster_node_limit"":50,""d"":7,""decoder"":""mwpf"",""decoder_type"":""SolverSerialJointSingleHair"",""p"":0.006,""p_erase"":0.0,""r"":7,""run_id"":""c569d24a00e94715f929354bdbd1860f950e40c56d976da161032d1bf73e9e9d""}",
        28,         0,         0,    6.47,mwpf__5690b4a8bc9c88c24efb060e4e655ea926b0a3cafb8eccb6b16e13bcfa6f8f57,2319881ca4af7e340fa0dc5e54cc6bc5ff4176d44f6e7028a967f989b1262cd0,"{""circuit"":""surface_code:rotated_memory_x"",""cluster_node_limit"":50,""d"":9,""decoder"":""mwpf"",""decoder_type"":""SolverSerialJointSingleHair"",""p"":0.0065,""p_erase"":0.0,""r"":9,""run_id"":""bcb66dbf1963af5450bb3b51e6950f2b7fc1b6490e9ba479a670b91dc4b2af88""}",
         1,         0,         0,   0.525,mwpf__460adf3e0fce8e97f8258edb7fcba81d39e0ef300a03fecec0ab3a6f75e38bf3,7f036904242460c4484e31eae9e01840ad71949550b570aebc2955bc4b43e0e0,"{""circuit"":""surface_code:rotated_memory_x"",""cluster_node_limit"":50,""d"":15,""decoder"":""mwpf"",""decoder_type"":""SolverSerialJointSingleHair"",""p"":0.004,""p_erase"":0.0,""r"":15,""run_id"":""1317d44bf99f5292f9e08d937043099db5ea6a123e4c5804cb2eff1c8e5d10e8""}",
         6,         1,         0,    7.10,mwpf__1e6eb1b7d5a2ec0e953a7cb244b33bc530e16f23c32db88007fc1c7b035f330b,4b7230cba9d61504918ac10d685a7d051d9b1c23b970118aff9533c10c21a028,"{""circuit"":""surface_code:rotated_memory_x"",""cluster_node_limit"":50,""d"":11,""decoder"":""mwpf"",""decoder_type"":""SolverSerialJointSingleHair"",""p"":0.0075,""p_erase"":0.0,""r"":11,""run_id"":""d141b2a8478788124b5b1cb4085ff0997ab6fd837791f95217839732d3f5a11a""}",
       208,        12,         0,    11.0,mwpf__74b18df185b22796a559f32f488c1f95ef0d82d34c256906317561e4acce78ec,ff1f59d74e0a85a29f4995de86372e17ef6d73f50ef84112e0cd3a298e221696,"{""circuit"":""surface_code:rotated_memory_x"",""cluster_node_limit"":50,""d"":5,""decoder"":""mwpf"",""decoder_type"":""SolverSerialJointSingleHair"",""p"":0.009,""p_erase"":0.0,""r"":5,""run_id"":""c32281a89ec9fb6ef8731b931cbe729d04602aba0eeadfec21fc1875143cc8af""}",
         1,         0,         0,   0.287,mwpf__460adf3e0fce8e97f8258edb7fcba81d39e0ef300a03fecec0ab3a6f75e38bf3,7f036904242460c4484e31eae9e01840ad71949550b570aebc2955bc4b43e0e0,"{""circuit"":""surface_code:rotated_memory_x"",""cluster_node_limit"":50,""d"":15,""decoder"":""mwpf"",""decoder_type"":""SolverSerialJointSingleHair"",""p"":0.004,""p_erase"":0.0,""r"":15,""run_id"":""1317d44bf99f5292f9e08d937043099db5ea6a123e4c5804cb2eff1c8e5d10e8""}",
       208,         0,         0,    6.36,mwpf__951eb3349e78cec2a155134d7fb171e1ad03d800a86442f3c4b76397f4c7fd4d,cde164a21cdab97d63839b3f64b1c2e5cf62ef5d8be22509c82bac34fbb3e2b2,"{""circuit"":""surface_code:rotated_memory_x"",""cluster_node_limit"":50,""d"":5,""decoder"":""mwpf"",""decoder_type"":""SolverSerialJointSingleHair"",""p"":0.007,""p_erase"":0.0,""r"":5,""run_id"":""fc11e6013551ff75fa4759b0fc71e28cb776c1e995679ad07f9247f45c9ad106""}",
         6,         0,         0,    6.53,mwpf__1c17b6ee16c741b8697b91cd285aaee9a8e106198ab113a3b41e17f1b62daa89,3627112f92c7e85ea6801db379ff16386d627c78375e4cf85abab0e7352f9166,"{""circuit"":""surface_code:rotated_memory_x"",""cluster_node_limit"":50,""d"":9,""decoder"":""mwpf"",""decoder_type"":""SolverSerialJointSingleHair"",""p"":0.007,""p_erase"":0.0,""r"":9,""run_id"":""afd2d1bea34409055a74153634f35b6efd9ed9b105183e8591ec4772c9d800e4""}",
        23,         0,         0,    6.19,mwpf__ef4bd14b406ebb94921d73b05e28e9be274fd0180168db54ebfe9ad4abb5c3dd,813034dd365f90862ad3456e088d05537a5961eea78ad69b71aff0330e723902,"{""circuit"":""surface_code:rotated_memory_x"",""cluster_node_limit"":50,""d"":9,""decoder"":""mwpf"",""decoder_type"":""SolverSerialJointSingleHair"",""p"":0.0075,""p_erase"":0.0,""r"":9,""run_id"":""d43e2110d6096cb21b3dc2507099ab1df8f05023ab41bfbd088fbc12277e6cad""}",
         8,         0,         0,    5.68,mwpf__5628b4a6b38fe29dbafc3c1893bf80accce86825995fe861aeeda54b9bdb548f,a05a45a3402b64c2124b61668c6f51fbe4ee785ce144baed29926f4237b57edf,"{""circuit"":""surface_code:rotated_memory_x"",""cluster_node_limit"":50,""d"":15,""decoder"":""mwpf"",""decoder_type"":""SolverSerialJointSingleHair"",""p"":0.003,""p_erase"":0.0,""r"":15,""run_id"":""5ab0f789e9276cc53f443c738e0824d6818252ef4016c736dbd7da5c9c2198f4""}",
        36,         0,         0,    3.65,mwpf__df232194f367aabe935bb4165a6f2a18934748069bb45308bdea72b5aa54cc52,91cc3f9bee6eacdc4ac1e2e6b8df0d38ece142e9760fded5c2a9edaa44f54857,"{""circuit"":""surface_code:rotated_memory_x"",""cluster_node_limit"":50,""d"":9,""decoder"":""mwpf"",""decoder_type"":""SolverSerialJointSingleHair"",""p"":0.004,""p_erase"":0.0,""r"":9,""run_id"":""4464f5804de6cb9a9718f832f08fe8f67d7fac0287acd1b900c7694bfd7b4af5""}",
        40,         0,         0,    3.24,mwpf__b86dfdc6edf5243fa953eba38df9eedffa26e17e861ff53898370ede6b3f4924,ed4377a6fc84ce98150c12b4f78cbf0f69f277dc7b34e1caecdce413a6651655,"{""circuit"":""surface_code:rotated_memory_x"",""cluster_node_limit"":50,""d"":9,""decoder"":""mwpf"",""decoder_type"":""SolverSerialJointSingleHair"",""p"":0.003,""p_erase"":0.0,""r"":9,""run_id"":""efe7c5548b07943d995a96c2060d6be39255a1f992a2a76f4714bdcbfad04986""}",
         4,         1,         0,    7.54,mwpf__4d095e94564aaf70b358e5d5ebb14c977585d24f71ee066d73c8d28da9e509d1,f558194f437a2b7eb02e26a0c3c685b29032de063b739c7351099f552cd87aa6,"{""circuit"":""surface_code:rotated_memory_x"",""cluster_node_limit"":50,""d"":9,""decoder"":""mwpf"",""decoder_type"":""SolverSerialJointSingleHair"",""p"":0.01,""p_erase"":0.0,""r"":9,""run_id"":""07c0f409e8370b67d9c8c55c2486281381c0937533be35a12e0610e26f05aded""}",
        72,         8,         0,    8.70,mwpf__e0a55262cf1f1a7a613b4765b0629e55d0b3fe9d54b863fbeff7519c53c8e351,34913737fb3f42b5d01e95eaa7e9bb6ec2ccceeb90dac3afed499a1716fb1a4c,"{""circuit"":""surface_code:rotated_memory_x"",""cluster_node_limit"":50,""d"":7,""decoder"":""mwpf"",""decoder_type"":""SolverSerialJointSingleHair"",""p"":0.01,""p_erase"":0.0,""r"":7,""run_id"":""85dc4b86326449a5e4d2267937782207589c000366e3fbe70d98bb3f9fb5a333""}",
        72,         1,         0,    9.32,mwpf__71869c18a9a089d40b18edd25a7ba89978fac639dfba4267cf7ec0f8c602c1b8,a01cc1b908db7b76624bbdaed185a25417056dfe423183481572b126d2518af4,"{""circuit"":""surface_code:rotated_memory_x"",""cluster_node_limit"":50,""d"":7,""decoder"":""mwpf"",""decoder_type"":""SolverSerialJointSingleHair"",""p"":0.009,""p_erase"":0.0,""r"":7,""run_id"":""4b2052dd33b88244b8dc64e1aa696c4f0cef9c363b27e7d2cd9a4ccb51da3596""}",
        54,         0,         0,    9.10,mwpf__8c35bf1fe40791e0cc86728b65286dceac7fa4a3150955de718fb71e20591ac0,1db55f393cb47cd7701b494aee001a18fd4a230d6df85129178e6c37931db9f3,"{""circuit"":""surface_code:rotated_memory_x"",""cluster_node_limit"":50,""d"":9,""decoder"":""mwpf"",""decoder_type"":""SolverSerialJointSingleHair"",""p"":0.005,""p_erase"":0.0,""r"":9,""run_id"":""6ff49e3994bd55cd42a49411e80b5ece5d8b1ccd21e8041d4b16720db3ebea01""}",
      2623,        60,         0,    2.45,mwpf__d56b027df54bbcee1a569d4b790c31989f5693ab552e6ad7d4b399bc8a5b7ae2,f0a51108deaa2e813a85a0daf8998382d985f25173b21c56aa0f0dddcd7c45dc,"{""circuit"":""surface_code:rotated_memory_x"",""cluster_node_limit"":50,""d"":3,""decoder"":""mwpf"",""decoder_type"":""SolverSerialJointSingleHair"",""p"":0.009,""p_erase"":0.0,""r"":3,""run_id"":""f3773bbf3001f7044304ac6a12d9ddb4d020a1b2b51ce7b475f4f14944f915f3""}",
        84,         3,         0,    9.24,mwpf__0480aaa502c889192677deb2a1f79b047530feca1cf6dfaaff42d6ad35de660c,2428a4412b21fcaa2436e1c2e9c61819ecb01828206a188ce051a39d99979d3f,"{""circuit"":""surface_code:rotated_memory_x"",""cluster_node_limit"":50,""d"":7,""decoder"":""mwpf"",""decoder_type"":""SolverSerialJointSingleHair"",""p"":0.008,""p_erase"":0.0,""r"":7,""run_id"":""b0127341a48953a855ea3549247068ee7050e7461912fad56a38b1d8708ded61""}",
         2,         0,         0,    1.65,mwpf__460adf3e0fce8e97f8258edb7fcba81d39e0ef300a03fecec0ab3a6f75e38bf3,7f036904242460c4484e31eae9e01840ad71949550b570aebc2955bc4b43e0e0,"{""circuit"":""surface_code:rotated_memory_x"",""cluster_node_limit"":50,""d"":15,""decoder"":""mwpf"",""decoder_type"":""SolverSerialJointSingleHair"",""p"":0.004,""p_erase"":0.0,""r"":15,""run_id"":""1317d44bf99f5292f9e08d937043099db5ea6a123e4c5804cb2eff1c8e5d10e8""}",
         4,         0,         0,   0.895,mwpf__5628b4a6b38fe29dbafc3c1893bf80accce86825995fe861aeeda54b9bdb548f,a05a45a3402b64c2124b61668c6f51fbe4ee785ce144baed29926f4237b57edf,"{""circuit"":""surface_code:rotated_memory_x"",""cluster_node_limit"":50,""d"":15,""decoder"":""mwpf"",""decoder_type"":""SolverSerialJointSingleHair"",""p"":0.003,""p_erase"":0.0,""r"":15,""run_id"":""5ab0f789e9276cc53f443c738e0824d6818252ef4016c736dbd7da5c9c2198f4""}",
         1,         0,         0,   0.350,mwpf__460adf3e0fce8e97f8258edb7fcba81d39e0ef300a03fecec0ab3a6f75e38bf3,7f036904242460c4484e31eae9e01840ad71949550b570aebc2955bc4b43e0e0,"{""circuit"":""surface_code:rotated_memory_x"",""cluster_node_limit"":50,""d"":15,""decoder"":""mwpf"",""decoder_type"":""SolverSerialJointSingleHair"",""p"":0.004,""p_erase"":0.0,""r"":15,""run_id"":""1317d44bf99f5292f9e08d937043099db5ea6a123e4c5804cb2eff1c8e5d10e8""}",
         1,         0,         0,   0.176,mwpf__460adf3e0fce8e97f8258edb7fcba81d39e0ef300a03fecec0ab3a6f75e38bf3,7f036904242460c4484e31eae9e01840ad71949550b570aebc2955bc4b43e0e0,"{""circuit"":""surface_code:rotated_memory_x"",""cluster_node_limit"":50,""d"":15,""decoder"":""mwpf"",""decoder_type"":""SolverSerialJointSingleHair"",""p"":0.004,""p_erase"":0.0,""r"":15,""run_id"":""1317d44bf99f5292f9e08d937043099db5ea6a123e4c5804cb2eff1c8e5d10e8""}",
       224,         0,         0,    4.34,mwpf__b1e65b016886068417e23bc8e6fc3b5255b88b9358acef6c4d90bf957e517d18,31b39447a5c78d0b15a05b2c95790aeec81d5a48fd188b4f6a69524fe0d6720c,"{""circuit"":""surface_code:rotated_memory_x"",""cluster_node_limit"":50,""d"":7,""decoder"":""mwpf"",""decoder_type"":""SolverSerialJointSingleHair"",""p"":0.003,""p_erase"":0.0,""r"":7,""run_id"":""3e7768a46571fd1de5957ad6fb50ce7c500c937939ee9035abc77e8f3db0e162""}",
         4,         0,         0,   0.722,mwpf__5628b4a6b38fe29dbafc3c1893bf80accce86825995fe861aeeda54b9bdb548f,a05a45a3402b64c2124b61668c6f51fbe4ee785ce144baed29926f4237b57edf,"{""circuit"":""surface_code:rotated_memory_x"",""cluster_node_limit"":50,""d"":15,""decoder"":""mwpf"",""decoder_type"":""SolverSerialJointSingleHair"",""p"":0.003,""p_erase"":0.0,""r"":15,""run_id"":""5ab0f789e9276cc53f443c738e0824d6818252ef4016c736dbd7da5c9c2198f4""}",
       224,         0,         0,    8.50,mwpf__0d9aa11d665261a85b6152ce35c4d28399141c8834633741366e3ced28c5496e,9cb90efc03faa69e23b17dfc883ad5c9f049e23f8b4a263ea7026d53febd314f,"{""circuit"":""surface_code:rotated_memory_x"",""cluster_node_limit"":50,""d"":7,""decoder"":""mwpf"",""decoder_type"":""SolverSerialJointSingleHair"",""p"":0.004,""p_erase"":0.0,""r"":7,""run_id"":""bc63bb586674bf0943da17e714fe33cb9292304a00c52142dcc0aa98a48fe916""}",
        18,         0,         0,    4.88,mwpf__b51c22942b58bed18bbe1e33230fc16d37f2f994d4a2eb9aac1a816c71f648b5,49723c50d532252a125a0f77a511824bc8ba2453ced225ca935be4f8ae908466,"{""circuit"":""surface_code:rotated_memory_x"",""cluster_node_limit"":50,""d"":11,""decoder"":""mwpf"",""decoder_type"":""SolverSerialJointSingleHair"",""p"":0.005,""p_erase"":0.0,""r"":11,""run_id"":""dc16d4efdc8c9f700a5975f7aeee7db9a23f8fb27d65c75c03a3aeb77312b5d0""}",
         1,         0,         0,    19.8,mwpf__57391e40513f77c41f6a5a9525f7848296f820427a102e649174251c3ae8c6ad,c79309ca0aef5cbc081da3f3155afd72d2954938e38b055a062809320ce791a5,"{""circuit"":""surface_code:rotated_memory_x"",""cluster_node_limit"":50,""d"":11,""decoder"":""mwpf"",""decoder_type"":""SolverSerialJointSingleHair"",""p"":0.009,""p_erase"":0.0,""r"":11,""run_id"":""aafe4cc1c9371c3b19f54d96c87b12f95609d65a09ae8f01c1659b6987c891b7""}",
       208,         1,         0,    7.01,mwpf__9d3e7a869e7911d9ce122143a3492c036ddd4432f11bd090435ee7772beb17ae,6d5c7f274b75ae537824437920d4a7ca50ed98e1dfa880fcbb9eccb2e87a1048,"{""circuit"":""surface_code:rotated_memory_x"",""cluster_node_limit"":50,""d"":5,""decoder"":""mwpf"",""decoder_type"":""SolverSerialJointSingleHair"",""p"":0.006,""p_erase"":0.0,""r"":5,""run_id"":""136e458ea1bb00db5031dfe54473bc21d7f67216ffcf15b01c0f763ac55c92f3""}",
       368,         1,         0,    9.80,mwpf__8b7aba4b42c55eac316a2911da8b71ada3c5c95714024fe9cb878eda2ed964eb,19dae4f12454abdb37e7a82e67feb6734eaa8650e81bd5af32a541e6d88fd6f1,"{""circuit"":""surface_code:rotated_memory_x"",""cluster_node_limit"":50,""d"":5,""decoder"":""mwpf"",""decoder_type"":""SolverSerialJointSingleHair"",""p"":0.0065,""p_erase"":0.0,""r"":5,""run_id"":""14c277d1360d884007b225112d7b983b9f2c5fc158d2870f656c6b2929b311b6""}",
         1,         0,         0,   0.449,mwpf__57391e40513f77c41f6a5a9525f7848296f820427a102e649174251c3ae8c6ad,c79309ca0aef5cbc081da3f3155afd72d2954938e38b055a062809320ce791a5,"{""circuit"":""surface_code:rotated_memory_x"",""cluster_node_limit"":50,""d"":11,""decoder"":""mwpf"",""decoder_type"":""SolverSerialJointSingleHair"",""p"":0.009,""p_erase"":0.0,""r"":11,""run_id"":""aafe4cc1c9371c3b19f54d96c87b12f95609d65a09ae8f01c1659b6987c891b7""}",
        76,         1,         0,    8.55,mwpf__761f3371de99df9efabba094f174e439214687dced9cc3cd6fcfd4925ef05ead,5373d5de17f66a3eb06d839f452c3912e4e626c22ca55edf6a2d0424cc80f5ce,"{""circuit"":""surface_code:rotated_memory_x"",""cluster_node_limit"":50,""d"":7,""decoder"":""mwpf"",""decoder_type"":""SolverSerialJointSingleHair"",""p"":0.007,""p_erase"":0.0,""r"":7,""run_id"":""cc23d39f806d6b050b42fdf6523d37ff1ded4115cd9804c1b1173f160297dfb9""}",
         2,         0,         0,    1.32,mwpf__460adf3e0fce8e97f8258edb7fcba81d39e0ef300a03fecec0ab3a6f75e38bf3,7f036904242460c4484e31eae9e01840ad71949550b570aebc2955bc4b43e0e0,"{""circuit"":""surface_code:rotated_memory_x"",""cluster_node_limit"":50,""d"":15,""decoder"":""mwpf"",""decoder_type"":""SolverSerialJointSingleHair"",""p"":0.004,""p_erase"":0.0,""r"":15,""run_id"":""1317d44bf99f5292f9e08d937043099db5ea6a123e4c5804cb2eff1c8e5d10e8""}",
         1,         0,         0,   0.100,mwpf__460adf3e0fce8e97f8258edb7fcba81d39e0ef300a03fecec0ab3a6f75e38bf3,7f036904242460c4484e31eae9e01840ad71949550b570aebc2955bc4b43e0e0,"{""circuit"":""surface_code:rotated_memory_x"",""cluster_node_limit"":50,""d"":15,""decoder"":""mwpf"",""decoder_type"":""SolverSerialJointSingleHair"",""p"":0.004,""p_erase"":0.0,""r"":15,""run_id"":""1317d44bf99f5292f9e08d937043099db5ea6a123e4c5804cb2eff1c8e5d10e8""}",
         4,         0,         0,    1.37,mwpf__5628b4a6b38fe29dbafc3c1893bf80accce86825995fe861aeeda54b9bdb548f,a05a45a3402b64c2124b61668c6f51fbe4ee785ce144baed29926f4237b57edf,"{""circuit"":""surface_code:rotated_memory_x"",""cluster_node_limit"":50,""d"":15,""decoder"":""mwpf"",""decoder_type"":""SolverSerialJointSingleHair"",""p"":0.003,""p_erase"":0.0,""r"":15,""run_id"":""5ab0f789e9276cc53f443c738e0824d6818252ef4016c736dbd7da5c9c2198f4""}",
       112,         3,         0,    8.66,mwpf__c6ba5eb607084c237766d2f1acb7719308a77ef713824e5c4b8d9fdd0cd4a1b6,f538726661a9ad85ba0d5eda8cd32b2cbddd0a923127051b03a5b9c672de5ae4,"{""circuit"":""surface_code:rotated_memory_x"",""cluster_node_limit"":50,""d"":7,""decoder"":""mwpf"",""decoder_type"":""SolverSerialJointSingleHair"",""p"":0.0075,""p_erase"":0.0,""r"":7,""run_id"":""746c0ed850e7a1c4899561c73e97af04ff040736013cde397145df4c660e1d2a""}",
        24,         0,         0,    3.37,mwpf__df232194f367aabe935bb4165a6f2a18934748069bb45308bdea72b5aa54cc52,91cc3f9bee6eacdc4ac1e2e6b8df0d38ece142e9760fded5c2a9edaa44f54857,"{""circuit"":""surface_code:rotated_memory_x"",""cluster_node_limit"":50,""d"":9,""decoder"":""mwpf"",""decoder_type"":""SolverSerialJointSingleHair"",""p"":0.004,""p_erase"":0.0,""r"":9,""run_id"":""4464f5804de6cb9a9718f832f08fe8f67d7fac0287acd1b900c7694bfd7b4af5""}",
       208,         1,         0,    8.37,mwpf__51e8ee19cf0aaa70da53967b6319671a0062ce98a2bc87274e8dc28f0b80d783,80a8d8d8845ce59d024eed62a7aec2b46f82d021196b4658f49128b3cea863e2,"{""circuit"":""surface_code:rotated_memory_x"",""cluster_node_limit"":50,""d"":7,""decoder"":""mwpf"",""decoder_type"":""SolverSerialJointSingleHair"",""p"":0.005,""p_erase"":0.0,""r"":7,""run_id"":""3ff977703ebf3f566a41dac215e2bc8e682579cf7cec84db2f03627fcfabbad2""}",
      1024,         0,         0,    6.63,mwpf__1c59223be739329e89f3e2f13123f7a8f4b0534135cf1e86feb02275412b9cb4,0634ed5aa73fe8e8c1c641cba85bef34b7d4eda6b029d2ee4500c76f6a3e6dd0,"{""circuit"":""surface_code:rotated_memory_x"",""cluster_node_limit"":50,""d"":5,""decoder"":""mwpf"",""decoder_type"":""SolverSerialJointSingleHair"",""p"":0.003,""p_erase"":0.0,""r"":5,""run_id"":""15e3edac26702bd06daa1bb3e90bddb5f87b2bb2b182b8fed1b9f8d68845e848""}",
       704,         5,         0,    9.30,mwpf__6d4510a60f3ab5a6af5bc8ff2f60857cc46b32094baeda08965a4d99c4f42aec,0cb3695c8696727a8873244b6e84d963d4eb9e0abd45b5a7328dfa907569f518,"{""circuit"":""surface_code:rotated_memory_x"",""cluster_node_limit"":50,""d"":5,""decoder"":""mwpf"",""decoder_type"":""SolverSerialJointSingleHair"",""p"":0.005,""p_erase"":0.0,""r"":5,""run_id"":""a9419091d73bd2c76a2c7e3604d34d847de2f4b02b85d0c3d0860c0754fc56d1""}",
         8,         0,         0,    7.03,mwpf__7a95b4e0e46b327d000e116a0c1b8752a5233749e2ab488204b0555276cc7d20,3739a29a1a4cc537bb158528d425c3e0bc4b8143c997f57751cec9d6df3b5373,"{""circuit"":""surface_code:rotated_memory_x"",""cluster_node_limit"":50,""d"":11,""decoder"":""mwpf"",""decoder_type"":""SolverSerialJointSingleHair"",""p"":0.006,""p_erase"":0.0,""r"":11,""run_id"":""8004ec240d1464395bfc8a126a835b432e446c1a1cef8253e8138d42920ca974""}",
         1,         0,         0,    45.2,mwpf__8bb61e09f7bcc5e1739dca591edf2ac47cfd8e6d0a8d37b846585404dc5bca8c,44e8efe04bb5aaf1fd1bfe54f6ecda8b38e546dd279785a8842f21f607e8ffb3,"{""circuit"":""surface_code:rotated_memory_x"",""cluster_node_limit"":50,""d"":11,""decoder"":""mwpf"",""decoder_type"":""SolverSerialJointSingleHair"",""p"":0.015,""p_erase"":0.0,""r"":11,""run_id"":""a3623304233dc67bf5d1d91e76da9f951bf8b6f50c5b9123c73e74001027638a""}",
         1,         0,         0,    1.23,mwpf__57391e40513f77c41f6a5a9525f7848296f820427a102e649174251c3ae8c6ad,c79309ca0aef5cbc081da3f3155afd72d2954938e38b055a062809320ce791a5,"{""circuit"":""surface_code:rotated_memory_x"",""cluster_node_limit"":50,""d"":11,""decoder"":""mwpf"",""decoder_type"":""SolverSerialJointSingleHair"",""p"":0.009,""p_erase"":0.0,""r"":11,""run_id"":""aafe4cc1c9371c3b19f54d96c87b12f95609d65a09ae8f01c1659b6987c891b7""}",
       240,        12,         0,    9.52,mwpf__91ffc942ec0dda29e3cbefbf32236cf9a6f3fa7b23e4675ef61bf5a2d3aa5377,40546135e2bd9eb08f97c8c1c6115e8bc75406288d37472ee0445cd367e1721b,"{""circuit"":""surface_code:rotated_memory_x"",""cluster_node_limit"":50,""d"":5,""decoder"":""mwpf"",""decoder_type"":""SolverSerialJointSingleHair"",""p"":0.0075,""p_erase"":0.0,""r"":5,""run_id"":""5a57a6d0ff957d816c2c86860718eec6af832a23575ff55f991f4b130256fb39""}",
        14,         0,         0,    8.51,mwpf__6099ca9ba0e75d433e29cf0e99deb8fecdb2af5c2add85a0679af0a6cbc31454,059af26b3446a53a53fb02480a7d49eb29e7b3510b62d2455b645061774c7dd8,"{""circuit"":""surface_code:rotated_memory_x"",""cluster_node_limit"":50,""d"":9,""decoder"":""mwpf"",""decoder_type"":""SolverSerialJointSingleHair"",""p"":0.008,""p_erase"":0.0,""r"":9,""run_id"":""8dfac8c52a2bdb8ad1978822189831360902afd0bc2eb7a9333f1f5088b13a03""}",
       100,        14,         0,    8.47,mwpf__3f1b64a9ac39918fdfc1d8685d2ae22620c080992f83b482a25d7b8f1adaea5a,0b2a8a048818ac11f66a73bdbd1d5dc5a971687b6a9c1ab5af8e2dcdd4f0c1bf,"{""circuit"":""surface_code:rotated_memory_x"",""cluster_node_limit"":50,""d"":5,""decoder"":""mwpf"",""decoder_type"":""SolverSerialJointSingleHair"",""p"":0.015,""p_erase"":0.0,""r"":5,""run_id"":""6fe96edac5c8fb2c1aed8ea14c67ceeb92423fdf3ce9e1c97fff0ce2aa5d5538""}",
        10,         1,         0,    6.93,mwpf__d6e8817167c21e257031ce66381ee5547a20cccfb4c07657b5dadac3a6833f79,77c3f58796b3a8a06dbcfa38996887a82fbc4ff14750db8111f1c9a504ceb897,"{""circuit"":""surface_code:rotated_memory_x"",""cluster_node_limit"":50,""d"":11,""decoder"":""mwpf"",""decoder_type"":""SolverSerialJointSingleHair"",""p"":0.007,""p_erase"":0.0,""r"":11,""run_id"":""738582bca717139319653195fdb3aed07ff60eec35baeb0848929c7f5b5792fa""}",
        24,         0,         0,    6.10,mwpf__816dbb216f33548bde82700373ed8762c4588f7e736c0d6ce8bbd83718eb9bc4,4a103945d4b3e03fb447b3f991894618fed8c7625561e2ed8d29b4caf27b2618,"{""circuit"":""surface_code:rotated_memory_x"",""cluster_node_limit"":50,""d"":11,""decoder"":""mwpf"",""decoder_type"":""SolverSerialJointSingleHair"",""p"":0.004,""p_erase"":0.0,""r"":11,""run_id"":""3083dc33435eff96398d9127ce3d8e2c144ff987bf7bc12ab2896614c67e19b0""}",
         2,         0,         0,    1.07,mwpf__5628b4a6b38fe29dbafc3c1893bf80accce86825995fe861aeeda54b9bdb548f,a05a45a3402b64c2124b61668c6f51fbe4ee785ce144baed29926f4237b57edf,"{""circuit"":""surface_code:rotated_memory_x"",""cluster_node_limit"":50,""d"":15,""decoder"":""mwpf"",""decoder_type"":""SolverSerialJointSingleHair"",""p"":0.003,""p_erase"":0.0,""r"":15,""run_id"":""5ab0f789e9276cc53f443c738e0824d6818252ef4016c736dbd7da5c9c2198f4""}",
         3,         1,         0,    4.81,mwpf__4d095e94564aaf70b358e5d5ebb14c977585d24f71ee066d73c8d28da9e509d1,f558194f437a2b7eb02e26a0c3c685b29032de063b739c7351099f552cd87aa6,"{""circuit"":""surface_code:rotated_memory_x"",""cluster_node_limit"":50,""d"":9,""decoder"":""mwpf"",""decoder_type"":""SolverSerialJointSingleHair"",""p"":0.01,""p_erase"":0.0,""r"":9,""run_id"":""07c0f409e8370b67d9c8c55c2486281381c0937533be35a12e0610e26f05aded""}",
         1,         0,         0,   0.739,mwpf__4354fad67b436ede8412214e7847e96d2a7cf1df9086dbda576efeab7545c91a,631712db4ccb28ddc5b9ff2dac56c363881d6a2ef5db7d2d20d826f2c810d300,"{""circuit"":""surface_code:rotated_memory_x"",""cluster_node_limit"":50,""d"":15,""decoder"":""mwpf"",""decoder_type"":""SolverSerialJointSingleHair"",""p"":0.005,""p_erase"":0.0,""r"":15,""run_id"":""1d848605754125582de87074785173d9f8d2634048cb3776a258af5251c7c465""}",
        92,         0,         0,    9.78,mwpf__8548f0e17df6ec2da00e239d3cc0f77db49812682ea7479645b8b7bbf459e376,3982ff67ef7e56884cb20ebd1c912dd13305efd49de30c97ba1d1d3d4ede83f3,"{""circuit"":""surface_code:rotated_memory_x"",""cluster_node_limit"":50,""d"":11,""decoder"":""mwpf"",""decoder_type"":""SolverSerialJointSingleHair"",""p"":0.003,""p_erase"":0.0,""r"":11,""run_id"":""f8aa956a2e2076433f554631dc774e205799286246e2bbf1a0cefd6d6db83727""}",
       148,         3,         0,    11.9,mwpf__7b751ba9c29dec22792ae2997abbcfb30aeccd30f12272dee86da02f98924346,ef36a2d62e6f27449c8c54ebc380941555cc4126bf8269beb48c5d4285c2c832,"{""circuit"":""surface_code:rotated_memory_x"",""cluster_node_limit"":50,""d"":7,""decoder"":""mwpf"",""decoder_type"":""SolverSerialJointSingleHair"",""p"":0.0065,""p_erase"":0.0,""r"":7,""run_id"":""2dbf0f369a61ab19037b084768e1601bc2d15a711cdebadba5827ddd88dd2495""}",
        22,         0,         0,    8.84,mwpf__657887243b5868399920fa937a3887ed9e2ac0d9d98cadc2e1a651e3f504cda0,d4553ef01c242393c1aeaba835587e05af3c08f66bad464752b049a3be541a37,"{""circuit"":""surface_code:rotated_memory_x"",""cluster_node_limit"":50,""d"":11,""decoder"":""mwpf"",""decoder_type"":""SolverSerialJointSingleHair"",""p"":0.0065,""p_erase"":0.0,""r"":11,""run_id"":""8e1df1698035a74962cf4fbf46e34daf5b11fbeb2de0990648bf3b88ed7162d9""}",
        23,         2,         0,    16.7,mwpf__f1ba2c1f600b7a69e787fba16d98ab1a9190d2cbf22cb139f6d85f0963050ecd,362d43fe567b84549d5b408b2c9937944a18c5015578d62368865481ce9a1280,"{""circuit"":""surface_code:rotated_memory_x"",""cluster_node_limit"":50,""d"":9,""decoder"":""mwpf"",""decoder_type"":""SolverSerialJointSingleHair"",""p"":0.009,""p_erase"":0.0,""r"":9,""run_id"":""38d09452ebb2ff3ecc7153e5d90de64e1415b048dd2df4f50bcd6553bab20233""}",
       224,        12,         0,    9.89,mwpf__e098ae1eaf131a692c7d269ecd7c0b356809a18a2ccc52547656bea351773dd9,c4e2e9f4264f6040fcd119a2d32c96bd25a12364f525742dd40c8b2e504c5240,"{""circuit"":""surface_code:rotated_memory_x"",""cluster_node_limit"":50,""d"":5,""decoder"":""mwpf"",""decoder_type"":""SolverSerialJointSingleHair"",""p"":0.01,""p_erase"":0.0,""r"":5,""run_id"":""669fd91e75976823dd1cbb6f0d860524121f186f614db6fb259f60c1945fce8a""}",
       128,         0,         0,    5.67,mwpf__b86dfdc6edf5243fa953eba38df9eedffa26e17e861ff53898370ede6b3f4924,ed4377a6fc84ce98150c12b4f78cbf0f69f277dc7b34e1caecdce413a6651655,"{""circuit"":""surface_code:rotated_memory_x"",""cluster_node_limit"":50,""d"":9,""decoder"":""mwpf"",""decoder_type"":""SolverSerialJointSingleHair"",""p"":0.003,""p_erase"":0.0,""r"":9,""run_id"":""efe7c5548b07943d995a96c2060d6be39255a1f992a2a76f4714bdcbfad04986""}",
         1,         0,         0,    1.98,mwpf__57391e40513f77c41f6a5a9525f7848296f820427a102e649174251c3ae8c6ad,c79309ca0aef5cbc081da3f3155afd72d2954938e38b055a062809320ce791a5,"{""circuit"":""surface_code:rotated_memory_x"",""cluster_node_limit"":50,""d"":11,""decoder"":""mwpf"",""decoder_type"":""SolverSerialJointSingleHair"",""p"":0.009,""p_erase"":0.0,""r"":11,""run_id"":""aafe4cc1c9371c3b19f54d96c87b12f95609d65a09ae8f01c1659b6987c891b7""}",
        12,         0,         0,    7.86,mwpf__0ffad40cb78e56d31871ef678a2c2c220e01e0128694bf21b48103122ad96d78,1eeffca09c34ec66ea37833c9064e8ea37a416c4745e08373b9f3699fa053396,"{""circuit"":""surface_code:rotated_memory_x"",""cluster_node_limit"":50,""d"":9,""decoder"":""mwpf"",""decoder_type"":""SolverSerialJointSingleHair"",""p"":0.006,""p_erase"":0.0,""r"":9,""run_id"":""24bb5f6faf950c7f32be70c2a658f8a2aec69874df03f312866b1e584c72f944""}",
        26,         0,         0,    8.54,mwpf__21df6b2b273042e1d2ed9f329f81aafabed1f5f52db8a49dfa00753827685509,88fba1d38adf9b5170f72959e8ad037789746d8b4d0c05adc7b86ff083a5f8ba,"{""circuit"":""surface_code:rotated_memory_x"",""cluster_node_limit"":50,""d"":13,""decoder"":""mwpf"",""decoder_type"":""SolverSerialJointSingleHair"",""p"":0.003,""p_erase"":0.0,""r"":13,""run_id"":""9c1c158be912dc2d5d59c6edb8c837f5c8480a5e1b0cd3bc21b958a6713a9a18""}",
      1184,         4,         0,    9.50,mwpf__6dc40dd78a7537f759b93670cd0af0008adf279fbc2acda6010b04619b90078a,71b64adea95d26ec136e0f6d5c44173faab2351254ae92ff6c2fb79fe431c3f7,"{""circuit"":""surface_code:rotated_memory_x"",""cluster_node_limit"":50,""d"":5,""decoder"":""mwpf"",""decoder_type"":""SolverSerialJointSingleHair"",""p"":0.004,""p_erase"":0.0,""r"":5,""run_id"":""2c1d23bd89bcf5d6d623dffd52817527ab5ba820bb8c60558a749cc97b051f30""}",
     11264,       387,         0,    11.8,mwpf__aaa863e9a64627555b04b70db757b2526080350f57c3e44aa6971a8e395c5be7,4e04f8aa9db7314d71683d08e68e1c551e91b6148e3b3a9d2b78be567b73a4ed,"{""circuit"":""surface_code:rotated_memory_x"",""cluster_node_limit"":50,""d"":3,""decoder"":""mwpf"",""decoder_type"":""SolverSerialJointSingleHair"",""p"":0.01,""p_erase"":0.0,""r"":3,""run_id"":""5b6db69d825a9e1af451573dd00a4a7082d74a5e74fde81d397d7b0bcc5645b2""}",
         2,         0,         0,    2.38,mwpf__5628b4a6b38fe29dbafc3c1893bf80accce86825995fe861aeeda54b9bdb548f,a05a45a3402b64c2124b61668c6f51fbe4ee785ce144baed29926f4237b57edf,"{""circuit"":""surface_code:rotated_memory_x"",""cluster_node_limit"":50,""d"":15,""decoder"":""mwpf"",""decoder_type"":""SolverSerialJointSingleHair"",""p"":0.003,""p_erase"":0.0,""r"":15,""run_id"":""5ab0f789e9276cc53f443c738e0824d6818252ef4016c736dbd7da5c9c2198f4""}",
        15,         0,         0,    9.31,mwpf__635e40dda6d3e96020ea75ae193e9dd537bd1e25622b042e0e59c0187110d1be,06dc2e6bd74ae874fe58d9f164c4486dc719c5118f922909b0e948fb9b7a211e,"{""circuit"":""surface_code:rotated_memory_x"",""cluster_node_limit"":50,""d"":13,""decoder"":""mwpf"",""decoder_type"":""SolverSerialJointSingleHair"",""p"":0.005,""p_erase"":0.0,""r"":13,""run_id"":""1dd32fbecda77a042c5f41d375ae2b79efd66b7adfe572570e9f313567b2202a""}",
         4,         0,         0,    3.74,mwpf__460adf3e0fce8e97f8258edb7fcba81d39e0ef300a03fecec0ab3a6f75e38bf3,7f036904242460c4484e31eae9e01840ad71949550b570aebc2955bc4b43e0e0,"{""circuit"":""surface_code:rotated_memory_x"",""cluster_node_limit"":50,""d"":15,""decoder"":""mwpf"",""decoder_type"":""SolverSerialJointSingleHair"",""p"":0.004,""p_erase"":0.0,""r"":15,""run_id"":""1317d44bf99f5292f9e08d937043099db5ea6a123e4c5804cb2eff1c8e5d10e8""}",
        21,         4,         0,    8.94,mwpf__0e7c94a776c9d36b18431c37b59c5d54ed615181b4983b9359c243e9f764dfb4,18ed3080fc8dd3e2ad1b8ac4ffd96f6ee6464a3ae086c1352c800cbc7cd6c4b7,"{""circuit"":""surface_code:rotated_memory_x"",""cluster_node_limit"":50,""d"":7,""decoder"":""mwpf"",""decoder_type"":""SolverSerialJointSingleHair"",""p"":0.015,""p_erase"":0.0,""r"":7,""run_id"":""acdc3549d7b3f20ef13fd9539e517d8487bc2b0a145673bebaddb7b3e0579f70""}",
         1,         0,         0,    1.71,mwpf__4354fad67b436ede8412214e7847e96d2a7cf1df9086dbda576efeab7545c91a,631712db4ccb28ddc5b9ff2dac56c363881d6a2ef5db7d2d20d826f2c810d300,"{""circuit"":""surface_code:rotated_memory_x"",""cluster_node_limit"":50,""d"":15,""decoder"":""mwpf"",""decoder_type"":""SolverSerialJointSingleHair"",""p"":0.005,""p_erase"":0.0,""r"":15,""run_id"":""1d848605754125582de87074785173d9f8d2634048cb3776a258af5251c7c465""}",
       575,        11,         0,   0.566,mwpf__aaa863e9a64627555b04b70db757b2526080350f57c3e44aa6971a8e395c5be7,4e04f8aa9db7314d71683d08e68e1c551e91b6148e3b3a9d2b78be567b73a4ed,"{""circuit"":""surface_code:rotated_memory_x"",""cluster_node_limit"":50,""d"":3,""decoder"":""mwpf"",""decoder_type"":""SolverSerialJointSingleHair"",""p"":0.01,""p_erase"":0.0,""r"":3,""run_id"":""5b6db69d825a9e1af451573dd00a4a7082d74a5e74fde81d397d7b0bcc5645b2""}",
         1,         0,         0,   0.584,mwpf__5628b4a6b38fe29dbafc3c1893bf80accce86825995fe861aeeda54b9bdb548f,a05a45a3402b64c2124b61668c6f51fbe4ee785ce144baed29926f4237b57edf,"{""circuit"":""surface_code:rotated_memory_x"",""cluster_node_limit"":50,""d"":15,""decoder"":""mwpf"",""decoder_type"":""SolverSerialJointSingleHair"",""p"":0.003,""p_erase"":0.0,""r"":15,""run_id"":""5ab0f789e9276cc53f443c738e0824d6818252ef4016c736dbd7da5c9c2198f4""}",
        28,         0,         0,    8.71,mwpf__f72406d99baaa155e6537da23b921802aac7a0476bf592363ce60d85dc12f754,502cdaad1f5ad245d27f94b87cf52b63e8d9429b6075479c1cd1ab87feb4cda0,"{""circuit"":""surface_code:rotated_memory_x"",""cluster_node_limit"":50,""d"":13,""decoder"":""mwpf"",""decoder_type"":""SolverSerialJointSingleHair"",""p"":0.004,""p_erase"":0.0,""r"":13,""run_id"":""9c5f0f6384601a18598e9ec8096fd7d1f329b4fab58d65bfc72b05c12fd62fb2""}",
       176,         4,         0,    9.00,mwpf__d6e273bec9b587e85ba4f19af1099d5769edba9e40437c8089c08ed25bd72758,5388f8eb2e6e41b439260433c3419bdbf5f8b4bd5b8e2a2c70a24a791cee3145,"{""circuit"":""surface_code:rotated_memory_x"",""cluster_node_limit"":50,""d"":5,""decoder"":""mwpf"",""decoder_type"":""SolverSerialJointSingleHair"",""p"":0.008,""p_erase"":0.0,""r"":5,""run_id"":""bfa3c7cba13850dd37e54bb29bb945687e3fe04272a3151e2ac8acb7416976e7""}",
         8,         0,         0,    8.42,mwpf__1e6eb1b7d5a2ec0e953a7cb244b33bc530e16f23c32db88007fc1c7b035f330b,4b7230cba9d61504918ac10d685a7d051d9b1c23b970118aff9533c10c21a028,"{""circuit"":""surface_code:rotated_memory_x"",""cluster_node_limit"":50,""d"":11,""decoder"":""mwpf"",""decoder_type"":""SolverSerialJointSingleHair"",""p"":0.0075,""p_erase"":0.0,""r"":11,""run_id"":""d141b2a8478788124b5b1cb4085ff0997ab6fd837791f95217839732d3f5a11a""}",
         3,         0,         0,   0.508,mwpf__5628b4a6b38fe29dbafc3c1893bf80accce86825995fe861aeeda54b9bdb548f,a05a45a3402b64c2124b61668c6f51fbe4ee785ce144baed29926f4237b57edf,"{""circuit"":""surface_code:rotated_memory_x"",""cluster_node_limit"":50,""d"":15,""decoder"":""mwpf"",""decoder_type"":""SolverSerialJointSingleHair"",""p"":0.003,""p_erase"":0.0,""r"":15,""run_id"":""5ab0f789e9276cc53f443c738e0824d6818252ef4016c736dbd7da5c9c2198f4""}",
         2,         0,         0,    1.27,mwpf__460adf3e0fce8e97f8258edb7fcba81d39e0ef300a03fecec0ab3a6f75e38bf3,7f036904242460c4484e31eae9e01840ad71949550b570aebc2955bc4b43e0e0,"{""circuit"":""surface_code:rotated_memory_x"",""cluster_node_limit"":50,""d"":15,""decoder"":""mwpf"",""decoder_type"":""SolverSerialJointSingleHair"",""p"":0.004,""p_erase"":0.0,""r"":15,""run_id"":""1317d44bf99f5292f9e08d937043099db5ea6a123e4c5804cb2eff1c8e5d10e8""}",
        38,         1,         0,    8.49,mwpf__ef4bd14b406ebb94921d73b05e28e9be274fd0180168db54ebfe9ad4abb5c3dd,813034dd365f90862ad3456e088d05537a5961eea78ad69b71aff0330e723902,"{""circuit"":""surface_code:rotated_memory_x"",""cluster_node_limit"":50,""d"":9,""decoder"":""mwpf"",""decoder_type"":""SolverSerialJointSingleHair"",""p"":0.0075,""p_erase"":0.0,""r"":9,""run_id"":""d43e2110d6096cb21b3dc2507099ab1df8f05023ab41bfbd088fbc12277e6cad""}",
        28,         2,         0,    8.95,mwpf__1c17b6ee16c741b8697b91cd285aaee9a8e106198ab113a3b41e17f1b62daa89,3627112f92c7e85ea6801db379ff16386d627c78375e4cf85abab0e7352f9166,"{""circuit"":""surface_code:rotated_memory_x"",""cluster_node_limit"":50,""d"":9,""decoder"":""mwpf"",""decoder_type"":""SolverSerialJointSingleHair"",""p"":0.007,""p_erase"":0.0,""r"":9,""run_id"":""afd2d1bea34409055a74153634f35b6efd9ed9b105183e8591ec4772c9d800e4""}",
         1,         0,         0,    1.47,mwpf__4354fad67b436ede8412214e7847e96d2a7cf1df9086dbda576efeab7545c91a,631712db4ccb28ddc5b9ff2dac56c363881d6a2ef5db7d2d20d826f2c810d300,"{""circuit"":""surface_code:rotated_memory_x"",""cluster_node_limit"":50,""d"":15,""decoder"":""mwpf"",""decoder_type"":""SolverSerialJointSingleHair"",""p"":0.005,""p_erase"":0.0,""r"":15,""run_id"":""1d848605754125582de87074785173d9f8d2634048cb3776a258af5251c7c465""}",
        60,         0,         0,    5.02,mwpf__df232194f367aabe935bb4165a6f2a18934748069bb45308bdea72b5aa54cc52,91cc3f9bee6eacdc4ac1e2e6b8df0d38ece142e9760fded5c2a9edaa44f54857,"{""circuit"":""surface_code:rotated_memory_x"",""cluster_node_limit"":50,""d"":9,""decoder"":""mwpf"",""decoder_type"":""SolverSerialJointSingleHair"",""p"":0.004,""p_erase"":0.0,""r"":9,""run_id"":""4464f5804de6cb9a9718f832f08fe8f67d7fac0287acd1b900c7694bfd7b4af5""}",
       256,         6,         0,    9.43,mwpf__74b18df185b22796a559f32f488c1f95ef0d82d34c256906317561e4acce78ec,ff1f59d74e0a85a29f4995de86372e17ef6d73f50ef84112e0cd3a298e221696,"{""circuit"":""surface_code:rotated_memory_x"",""cluster_node_limit"":50,""d"":5,""decoder"":""mwpf"",""decoder_type"":""SolverSerialJointSingleHair"",""p"":0.009,""p_erase"":0.0,""r"":5,""run_id"":""c32281a89ec9fb6ef8731b931cbe729d04602aba0eeadfec21fc1875143cc8af""}",
      6144,       418,         0,    11.9,mwpf__b0b7dc35549e4684aaf56d7f39208097266fbb01b99fc634aa5cc65cb30d3fd9,28ac44c8c5b47a07887bdc431a672e9f8611047ab24d905f93db9d3c36d03445,"{""circuit"":""surface_code:rotated_memory_x"",""cluster_node_limit"":50,""d"":3,""decoder"":""mwpf"",""decoder_type"":""SolverSerialJointSingleHair"",""p"":0.015,""p_erase"":0.0,""r"":3,""run_id"":""b44761db4df8b64c8917c437ae7fe1c452a55149c1dc7a5ca0f619d5bff0315c""}",
       108,         2,         0,    10.1,mwpf__e31bcda4313c15612f870938a65840ff53c2398150f9cb961189e5e84b026776,2367d5faa513e3a6decb45c2bdd8779be42812fdc67d351c372070210ef9e7dd,"{""circuit"":""surface_code:rotated_memory_x"",""cluster_node_limit"":50,""d"":7,""decoder"":""mwpf"",""decoder_type"":""SolverSerialJointSingleHair"",""p"":0.006,""p_erase"":0.0,""r"":7,""run_id"":""c569d24a00e94715f929354bdbd1860f950e40c56d976da161032d1bf73e9e9d""}",
       256,         5,         0,    9.38,mwpf__951eb3349e78cec2a155134d7fb171e1ad03d800a86442f3c4b76397f4c7fd4d,cde164a21cdab97d63839b3f64b1c2e5cf62ef5d8be22509c82bac34fbb3e2b2,"{""circuit"":""surface_code:rotated_memory_x"",""cluster_node_limit"":50,""d"":5,""decoder"":""mwpf"",""decoder_type"":""SolverSerialJointSingleHair"",""p"":0.007,""p_erase"":0.0,""r"":5,""run_id"":""fc11e6013551ff75fa4759b0fc71e28cb776c1e995679ad07f9247f45c9ad106""}",
        13,         0,         0,    6.72,mwpf__b51c22942b58bed18bbe1e33230fc16d37f2f994d4a2eb9aac1a816c71f648b5,49723c50d532252a125a0f77a511824bc8ba2453ced225ca935be4f8ae908466,"{""circuit"":""surface_code:rotated_memory_x"",""cluster_node_limit"":50,""d"":11,""decoder"":""mwpf"",""decoder_type"":""SolverSerialJointSingleHair"",""p"":0.005,""p_erase"":0.0,""r"":11,""run_id"":""dc16d4efdc8c9f700a5975f7aeee7db9a23f8fb27d65c75c03a3aeb77312b5d0""}",
        41,         0,         0,    10.2,mwpf__5690b4a8bc9c88c24efb060e4e655ea926b0a3cafb8eccb6b16e13bcfa6f8f57,2319881ca4af7e340fa0dc5e54cc6bc5ff4176d44f6e7028a967f989b1262cd0,"{""circuit"":""surface_code:rotated_memory_x"",""cluster_node_limit"":50,""d"":9,""decoder"":""mwpf"",""decoder_type"":""SolverSerialJointSingleHair"",""p"":0.0065,""p_erase"":0.0,""r"":9,""run_id"":""bcb66dbf1963af5450bb3b51e6950f2b7fc1b6490e9ba479a670b91dc4b2af88""}",
         2,         0,         0,    1.30,mwpf__5628b4a6b38fe29dbafc3c1893bf80accce86825995fe861aeeda54b9bdb548f,a05a45a3402b64c2124b61668c6f51fbe4ee785ce144baed29926f4237b57edf,"{""circuit"":""surface_code:rotated_memory_x"",""cluster_node_limit"":50,""d"":15,""decoder"":""mwpf"",""decoder_type"":""SolverSerialJointSingleHair"",""p"":0.003,""p_erase"":0.0,""r"":15,""run_id"":""5ab0f789e9276cc53f443c738e0824d6818252ef4016c736dbd7da5c9c2198f4""}",
       416,         0,         0,    7.61,mwpf__b1e65b016886068417e23bc8e6fc3b5255b88b9358acef6c4d90bf957e517d18,31b39447a5c78d0b15a05b2c95790aeec81d5a48fd188b4f6a69524fe0d6720c,"{""circuit"":""surface_code:rotated_memory_x"",""cluster_node_limit"":50,""d"":7,""decoder"":""mwpf"",""decoder_type"":""SolverSerialJointSingleHair"",""p"":0.003,""p_erase"":0.0,""r"":7,""run_id"":""3e7768a46571fd1de5957ad6fb50ce7c500c937939ee9035abc77e8f3db0e162""}",
         3,         1,         0,    3.53,mwpf__57391e40513f77c41f6a5a9525f7848296f820427a102e649174251c3ae8c6ad,c79309ca0aef5cbc081da3f3155afd72d2954938e38b055a062809320ce791a5,"{""circuit"":""surface_code:rotated_memory_x"",""cluster_node_limit"":50,""d"":11,""decoder"":""mwpf"",""decoder_type"":""SolverSerialJointSingleHair"",""p"":0.009,""p_erase"":0.0,""r"":11,""run_id"":""aafe4cc1c9371c3b19f54d96c87b12f95609d65a09ae8f01c1659b6987c891b7""}",
         1,         0,         0,    5.49,mwpf__d6e8817167c21e257031ce66381ee5547a20cccfb4c07657b5dadac3a6833f79,77c3f58796b3a8a06dbcfa38996887a82fbc4ff14750db8111f1c9a504ceb897,"{""circuit"":""surface_code:rotated_memory_x"",""cluster_node_limit"":50,""d"":11,""decoder"":""mwpf"",""decoder_type"":""SolverSerialJointSingleHair"",""p"":0.007,""p_erase"":0.0,""r"":11,""run_id"":""738582bca717139319653195fdb3aed07ff60eec35baeb0848929c7f5b5792fa""}",
         2,         0,         0,    2.14,mwpf__460adf3e0fce8e97f8258edb7fcba81d39e0ef300a03fecec0ab3a6f75e38bf3,7f036904242460c4484e31eae9e01840ad71949550b570aebc2955bc4b43e0e0,"{""circuit"":""surface_code:rotated_memory_x"",""cluster_node_limit"":50,""d"":15,""decoder"":""mwpf"",""decoder_type"":""SolverSerialJointSingleHair"",""p"":0.004,""p_erase"":0.0,""r"":15,""run_id"":""1317d44bf99f5292f9e08d937043099db5ea6a123e4c5804cb2eff1c8e5d10e8""}",
         1,         0,         0,    13.5,mwpf__379f6dbce7a8107a155ae56b95b39b3b041fc70754e4109af3d0a79a7dc1064d,02bf57d656549d4ae6cbf5d702646ade8255c5271d45423d621fa1b7777a6908,"{""circuit"":""surface_code:rotated_memory_x"",""cluster_node_limit"":50,""d"":11,""decoder"":""mwpf"",""decoder_type"":""SolverSerialJointSingleHair"",""p"":0.01,""p_erase"":0.0,""r"":11,""run_id"":""f2936ce57f818d69f7e1b5c9954ec7387d9a1f53c4355bd88c213e49338e6b5b""}",
        12,         0,         0,    4.67,mwpf__f1ba2c1f600b7a69e787fba16d98ab1a9190d2cbf22cb139f6d85f0963050ecd,362d43fe567b84549d5b408b2c9937944a18c5015578d62368865481ce9a1280,"{""circuit"":""surface_code:rotated_memory_x"",""cluster_node_limit"":50,""d"":9,""decoder"":""mwpf"",""decoder_type"":""SolverSerialJointSingleHair"",""p"":0.009,""p_erase"":0.0,""r"":9,""run_id"":""38d09452ebb2ff3ecc7153e5d90de64e1415b048dd2df4f50bcd6553bab20233""}",
         2,         0,         0,    1.31,mwpf__5628b4a6b38fe29dbafc3c1893bf80accce86825995fe861aeeda54b9bdb548f,a05a45a3402b64c2124b61668c6f51fbe4ee785ce144baed29926f4237b57edf,"{""circuit"":""surface_code:rotated_memory_x"",""cluster_node_limit"":50,""d"":15,""decoder"":""mwpf"",""decoder_type"":""SolverSerialJointSingleHair"",""p"":0.003,""p_erase"":0.0,""r"":15,""run_id"":""5ab0f789e9276cc53f443c738e0824d6818252ef4016c736dbd7da5c9c2198f4""}",
         1,         0,         0,   0.384,mwpf__460adf3e0fce8e97f8258edb7fcba81d39e0ef300a03fecec0ab3a6f75e38bf3,7f036904242460c4484e31eae9e01840ad71949550b570aebc2955bc4b43e0e0,"{""circuit"":""surface_code:rotated_memory_x"",""cluster_node_limit"":50,""d"":15,""decoder"":""mwpf"",""decoder_type"":""SolverSerialJointSingleHair"",""p"":0.004,""p_erase"":0.0,""r"":15,""run_id"":""1317d44bf99f5292f9e08d937043099db5ea6a123e4c5804cb2eff1c8e5d10e8""}",
         1,         0,         0,    2.07,mwpf__4354fad67b436ede8412214e7847e96d2a7cf1df9086dbda576efeab7545c91a,631712db4ccb28ddc5b9ff2dac56c363881d6a2ef5db7d2d20d826f2c810d300,"{""circuit"":""surface_code:rotated_memory_x"",""cluster_node_limit"":50,""d"":15,""decoder"":""mwpf"",""decoder_type"":""SolverSerialJointSingleHair"",""p"":0.005,""p_erase"":0.0,""r"":15,""run_id"":""1d848605754125582de87074785173d9f8d2634048cb3776a258af5251c7c465""}",
         5,         0,         0,    13.1,mwpf__4f2003d1a89cbab61d79e87a09a2976b8dd26d83c596509b48a165ee5488bbeb,175546001eaf15e5eec910e644a4e44db259318c59115eb89bfe0c8686f47616,"{""circuit"":""surface_code:rotated_memory_x"",""cluster_node_limit"":50,""d"":13,""decoder"":""mwpf"",""decoder_type"":""SolverSerialJointSingleHair"",""p"":0.006,""p_erase"":0.0,""r"":13,""run_id"":""62be0f9566ae226642dba313ffd2ee6fb56abf4ecd764eb123ecb3879eba54f4""}",
         5,         0,         0,   0.772,mwpf__5628b4a6b38fe29dbafc3c1893bf80accce86825995fe861aeeda54b9bdb548f,a05a45a3402b64c2124b61668c6f51fbe4ee785ce144baed29926f4237b57edf,"{""circuit"":""surface_code:rotated_memory_x"",""cluster_node_limit"":50,""d"":15,""decoder"":""mwpf"",""decoder_type"":""SolverSerialJointSingleHair"",""p"":0.003,""p_erase"":0.0,""r"":15,""run_id"":""5ab0f789e9276cc53f443c738e0824d6818252ef4016c736dbd7da5c9c2198f4""}",
       128,         0,         0,    6.33,mwpf__b86dfdc6edf5243fa953eba38df9eedffa26e17e861ff53898370ede6b3f4924,ed4377a6fc84ce98150c12b4f78cbf0f69f277dc7b34e1caecdce413a6651655,"{""circuit"":""surface_code:rotated_memory_x"",""cluster_node_limit"":50,""d"":9,""decoder"":""mwpf"",""decoder_type"":""SolverSerialJointSingleHair"",""p"":0.003,""p_erase"":0.0,""r"":9,""run_id"":""efe7c5548b07943d995a96c2060d6be39255a1f992a2a76f4714bdcbfad04986""}",
        88,         0,         0,    11.8,mwpf__8c35bf1fe40791e0cc86728b65286dceac7fa4a3150955de718fb71e20591ac0,1db55f393cb47cd7701b494aee001a18fd4a230d6df85129178e6c37931db9f3,"{""circuit"":""surface_code:rotated_memory_x"",""cluster_node_limit"":50,""d"":9,""decoder"":""mwpf"",""decoder_type"":""SolverSerialJointSingleHair"",""p"":0.005,""p_erase"":0.0,""r"":9,""run_id"":""6ff49e3994bd55cd42a49411e80b5ece5d8b1ccd21e8041d4b16720db3ebea01""}",
         3,         0,         0,    1.96,mwpf__460adf3e0fce8e97f8258edb7fcba81d39e0ef300a03fecec0ab3a6f75e38bf3,7f036904242460c4484e31eae9e01840ad71949550b570aebc2955bc4b43e0e0,"{""circuit"":""surface_code:rotated_memory_x"",""cluster_node_limit"":50,""d"":15,""decoder"":""mwpf"",""decoder_type"":""SolverSerialJointSingleHair"",""p"":0.004,""p_erase"":0.0,""r"":15,""run_id"":""1317d44bf99f5292f9e08d937043099db5ea6a123e4c5804cb2eff1c8e5d10e8""}",
         1,         0,         0,    1.60,mwpf__9cae48f5e3591c089bc6ab38d1048ff40eccea18bbb014dfeddab7aa2d7f31d1,b1a3c246ef4012d88c26a2ea30d574bf92ca2552752ddf81ec8a92332035ebf1,"{""circuit"":""surface_code:rotated_memory_x"",""cluster_node_limit"":50,""d"":15,""decoder"":""mwpf"",""decoder_type"":""SolverSerialJointSingleHair"",""p"":0.006,""p_erase"":0.0,""r"":15,""run_id"":""e7f6735d2dfee2157036bacd032f738374b9b813e296fdfdaa2dfb6db2ce10a4""}",
        86,         6,         0,    12.4,mwpf__e0a55262cf1f1a7a613b4765b0629e55d0b3fe9d54b863fbeff7519c53c8e351,34913737fb3f42b5d01e95eaa7e9bb6ec2ccceeb90dac3afed499a1716fb1a4c,"{""circuit"":""surface_code:rotated_memory_x"",""cluster_node_limit"":50,""d"":7,""decoder"":""mwpf"",""decoder_type"":""SolverSerialJointSingleHair"",""p"":0.01,""p_erase"":0.0,""r"":7,""run_id"":""85dc4b86326449a5e4d2267937782207589c000366e3fbe70d98bb3f9fb5a333""}",
      2176,         2,         0,    8.99,mwpf__1c59223be739329e89f3e2f13123f7a8f4b0534135cf1e86feb02275412b9cb4,0634ed5aa73fe8e8c1c641cba85bef34b7d4eda6b029d2ee4500c76f6a3e6dd0,"{""circuit"":""surface_code:rotated_memory_x"",""cluster_node_limit"":50,""d"":5,""decoder"":""mwpf"",""decoder_type"":""SolverSerialJointSingleHair"",""p"":0.003,""p_erase"":0.0,""r"":5,""run_id"":""15e3edac26702bd06daa1bb3e90bddb5f87b2bb2b182b8fed1b9f8d68845e848""}",
         1,         0,         0,   0.594,mwpf__460adf3e0fce8e97f8258edb7fcba81d39e0ef300a03fecec0ab3a6f75e38bf3,7f036904242460c4484e31eae9e01840ad71949550b570aebc2955bc4b43e0e0,"{""circuit"":""surface_code:rotated_memory_x"",""cluster_node_limit"":50,""d"":15,""decoder"":""mwpf"",""decoder_type"":""SolverSerialJointSingleHair"",""p"":0.004,""p_erase"":0.0,""r"":15,""run_id"":""1317d44bf99f5292f9e08d937043099db5ea6a123e4c5804cb2eff1c8e5d10e8""}",
       132,         7,         0,    12.5,mwpf__71869c18a9a089d40b18edd25a7ba89978fac639dfba4267cf7ec0f8c602c1b8,a01cc1b908db7b76624bbdaed185a25417056dfe423183481572b126d2518af4,"{""circuit"":""surface_code:rotated_memory_x"",""cluster_node_limit"":50,""d"":7,""decoder"":""mwpf"",""decoder_type"":""SolverSerialJointSingleHair"",""p"":0.009,""p_erase"":0.0,""r"":7,""run_id"":""4b2052dd33b88244b8dc64e1aa696c4f0cef9c363b27e7d2cd9a4ccb51da3596""}",
         1,         0,         0,    2.79,mwpf__4354fad67b436ede8412214e7847e96d2a7cf1df9086dbda576efeab7545c91a,631712db4ccb28ddc5b9ff2dac56c363881d6a2ef5db7d2d20d826f2c810d300,"{""circuit"":""surface_code:rotated_memory_x"",""cluster_node_limit"":50,""d"":15,""decoder"":""mwpf"",""decoder_type"":""SolverSerialJointSingleHair"",""p"":0.005,""p_erase"":0.0,""r"":15,""run_id"":""1d848605754125582de87074785173d9f8d2634048cb3776a258af5251c7c465""}",
         1,         0,         0,    15.2,mwpf__2513811017579026d7674ebe2393e0cc3aa91e0705b0a322adcdc3e99a3a038c,faaca1e550d6a99dde065c98f56a1aeef0a6af23a66e67c706b6ffdd967b8259,"{""circuit"":""surface_code:rotated_memory_x"",""cluster_node_limit"":50,""d"":9,""decoder"":""mwpf"",""decoder_type"":""SolverSerialJointSingleHair"",""p"":0.015,""p_erase"":0.0,""r"":9,""run_id"":""48b869192ebdc343a5330d4ec118d7f7605576a3810e15cb95222da28197c77e""}",
         1,         0,         0,   0.187,mwpf__4354fad67b436ede8412214e7847e96d2a7cf1df9086dbda576efeab7545c91a,631712db4ccb28ddc5b9ff2dac56c363881d6a2ef5db7d2d20d826f2c810d300,"{""circuit"":""surface_code:rotated_memory_x"",""cluster_node_limit"":50,""d"":15,""decoder"":""mwpf"",""decoder_type"":""SolverSerialJointSingleHair"",""p"":0.005,""p_erase"":0.0,""r"":15,""run_id"":""1d848605754125582de87074785173d9f8d2634048cb3776a258af5251c7c465""}",
         8,         0,         0,    2.48,mwpf__5628b4a6b38fe29dbafc3c1893bf80accce86825995fe861aeeda54b9bdb548f,a05a45a3402b64c2124b61668c6f51fbe4ee785ce144baed29926f4237b57edf,"{""circuit"":""surface_code:rotated_memory_x"",""cluster_node_limit"":50,""d"":15,""decoder"":""mwpf"",""decoder_type"":""SolverSerialJointSingleHair"",""p"":0.003,""p_erase"":0.0,""r"":15,""run_id"":""5ab0f789e9276cc53f443c738e0824d6818252ef4016c736dbd7da5c9c2198f4""}",
       132,         7,         0,    12.9,mwpf__0480aaa502c889192677deb2a1f79b047530feca1cf6dfaaff42d6ad35de660c,2428a4412b21fcaa2436e1c2e9c61819ecb01828206a188ce051a39d99979d3f,"{""circuit"":""surface_code:rotated_memory_x"",""cluster_node_limit"":50,""d"":7,""decoder"":""mwpf"",""decoder_type"":""SolverSerialJointSingleHair"",""p"":0.008,""p_erase"":0.0,""r"":7,""run_id"":""b0127341a48953a855ea3549247068ee7050e7461912fad56a38b1d8708ded61""}",
         4,         1,         0,    19.9,mwpf__27a571c12c515651d4ffcfb77cd014cbd564d8d59b84c23e14b783de48feab52,c7796fbd3a9ed9e25c88662f131fdcc3db567aa019543a6d04c9545bad45a9e6,"{""circuit"":""surface_code:rotated_memory_x"",""cluster_node_limit"":50,""d"":11,""decoder"":""mwpf"",""decoder_type"":""SolverSerialJointSingleHair"",""p"":0.008,""p_erase"":0.0,""r"":11,""run_id"":""a1c19c3e7f2e8098c81889b056bfa77224d1f0cf9b3deea17d360de81aae0496""}",
         1,         0,         0,    16.1,mwpf__65cc82da5e33c4f59fbea0b968e342ff75897867edbc7eb9a86af26555b4d079,d984dd8cf1c44306b4070d86f0449ce6e97af834e7dc9b844c01ea04064bc71c,"{""circuit"":""surface_code:rotated_memory_x"",""cluster_node_limit"":50,""d"":13,""decoder"":""mwpf"",""decoder_type"":""SolverSerialJointSingleHair"",""p"":0.0075,""p_erase"":0.0,""r"":13,""run_id"":""145c87dc125c965ea510c81614a2b6d45eec9b437193173d0cb14f7efa403d78""}",
         2,         0,         0,    1.28,mwpf__460adf3e0fce8e97f8258edb7fcba81d39e0ef300a03fecec0ab3a6f75e38bf3,7f036904242460c4484e31eae9e01840ad71949550b570aebc2955bc4b43e0e0,"{""circuit"":""surface_code:rotated_memory_x"",""cluster_node_limit"":50,""d"":15,""decoder"":""mwpf"",""decoder_type"":""SolverSerialJointSingleHair"",""p"":0.004,""p_erase"":0.0,""r"":15,""run_id"":""1317d44bf99f5292f9e08d937043099db5ea6a123e4c5804cb2eff1c8e5d10e8""}",
         1,         0,         0,    2.27,mwpf__9cae48f5e3591c089bc6ab38d1048ff40eccea18bbb014dfeddab7aa2d7f31d1,b1a3c246ef4012d88c26a2ea30d574bf92ca2552752ddf81ec8a92332035ebf1,"{""circuit"":""surface_code:rotated_memory_x"",""cluster_node_limit"":50,""d"":15,""decoder"":""mwpf"",""decoder_type"":""SolverSerialJointSingleHair"",""p"":0.006,""p_erase"":0.0,""r"":15,""run_id"":""e7f6735d2dfee2157036bacd032f738374b9b813e296fdfdaa2dfb6db2ce10a4""}",
         4,         0,         0,    1.42,mwpf__5628b4a6b38fe29dbafc3c1893bf80accce86825995fe861aeeda54b9bdb548f,a05a45a3402b64c2124b61668c6f51fbe4ee785ce144baed29926f4237b57edf,"{""circuit"":""surface_code:rotated_memory_x"",""cluster_node_limit"":50,""d"":15,""decoder"":""mwpf"",""decoder_type"":""SolverSerialJointSingleHair"",""p"":0.003,""p_erase"":0.0,""r"":15,""run_id"":""5ab0f789e9276cc53f443c738e0824d6818252ef4016c736dbd7da5c9c2198f4""}",
        94,         2,         0,    12.5,mwpf__761f3371de99df9efabba094f174e439214687dced9cc3cd6fcfd4925ef05ead,5373d5de17f66a3eb06d839f452c3912e4e626c22ca55edf6a2d0424cc80f5ce,"{""circuit"":""surface_code:rotated_memory_x"",""cluster_node_limit"":50,""d"":7,""decoder"":""mwpf"",""decoder_type"":""SolverSerialJointSingleHair"",""p"":0.007,""p_erase"":0.0,""r"":7,""run_id"":""cc23d39f806d6b050b42fdf6523d37ff1ded4115cd9804c1b1173f160297dfb9""}",
       132,         2,         0,    11.9,mwpf__c6ba5eb607084c237766d2f1acb7719308a77ef713824e5c4b8d9fdd0cd4a1b6,f538726661a9ad85ba0d5eda8cd32b2cbddd0a923127051b03a5b9c672de5ae4,"{""circuit"":""surface_code:rotated_memory_x"",""cluster_node_limit"":50,""d"":7,""decoder"":""mwpf"",""decoder_type"":""SolverSerialJointSingleHair"",""p"":0.0075,""p_erase"":0.0,""r"":7,""run_id"":""746c0ed850e7a1c4899561c73e97af04ff040736013cde397145df4c660e1d2a""}",
        26,         4,         0,    8.81,mwpf__0e7c94a776c9d36b18431c37b59c5d54ed615181b4983b9359c243e9f764dfb4,18ed3080fc8dd3e2ad1b8ac4ffd96f6ee6464a3ae086c1352c800cbc7cd6c4b7,"{""circuit"":""surface_code:rotated_memory_x"",""cluster_node_limit"":50,""d"":7,""decoder"":""mwpf"",""decoder_type"":""SolverSerialJointSingleHair"",""p"":0.015,""p_erase"":0.0,""r"":7,""run_id"":""acdc3549d7b3f20ef13fd9539e517d8487bc2b0a145673bebaddb7b3e0579f70""}",
       400,         0,         0,    13.5,mwpf__0d9aa11d665261a85b6152ce35c4d28399141c8834633741366e3ced28c5496e,9cb90efc03faa69e23b17dfc883ad5c9f049e23f8b4a263ea7026d53febd314f,"{""circuit"":""surface_code:rotated_memory_x"",""cluster_node_limit"":50,""d"":7,""decoder"":""mwpf"",""decoder_type"":""SolverSerialJointSingleHair"",""p"":0.004,""p_erase"":0.0,""r"":7,""run_id"":""bc63bb586674bf0943da17e714fe33cb9292304a00c52142dcc0aa98a48fe916""}",
       688,         7,         0,    11.9,mwpf__6d4510a60f3ab5a6af5bc8ff2f60857cc46b32094baeda08965a4d99c4f42aec,0cb3695c8696727a8873244b6e84d963d4eb9e0abd45b5a7328dfa907569f518,"{""circuit"":""surface_code:rotated_memory_x"",""cluster_node_limit"":50,""d"":5,""decoder"":""mwpf"",""decoder_type"":""SolverSerialJointSingleHair"",""p"":0.005,""p_erase"":0.0,""r"":5,""run_id"":""a9419091d73bd2c76a2c7e3604d34d847de2f4b02b85d0c3d0860c0754fc56d1""}",
       192,         2,         0,    12.1,mwpf__51e8ee19cf0aaa70da53967b6319671a0062ce98a2bc87274e8dc28f0b80d783,80a8d8d8845ce59d024eed62a7aec2b46f82d021196b4658f49128b3cea863e2,"{""circuit"":""surface_code:rotated_memory_x"",""cluster_node_limit"":50,""d"":7,""decoder"":""mwpf"",""decoder_type"":""SolverSerialJointSingleHair"",""p"":0.005,""p_erase"":0.0,""r"":7,""run_id"":""3ff977703ebf3f566a41dac215e2bc8e682579cf7cec84db2f03627fcfabbad2""}",
         1,         0,         0,    1.40,mwpf__9cae48f5e3591c089bc6ab38d1048ff40eccea18bbb014dfeddab7aa2d7f31d1,b1a3c246ef4012d88c26a2ea30d574bf92ca2552752ddf81ec8a92332035ebf1,"{""circuit"":""surface_code:rotated_memory_x"",""cluster_node_limit"":50,""d"":15,""decoder"":""mwpf"",""decoder_type"":""SolverSerialJointSingleHair"",""p"":0.006,""p_erase"":0.0,""r"":15,""run_id"":""e7f6735d2dfee2157036bacd032f738374b9b813e296fdfdaa2dfb6db2ce10a4""}",
        36,         1,         0,    12.3,mwpf__6099ca9ba0e75d433e29cf0e99deb8fecdb2af5c2add85a0679af0a6cbc31454,059af26b3446a53a53fb02480a7d49eb29e7b3510b62d2455b645061774c7dd8,"{""circuit"":""surface_code:rotated_memory_x"",""cluster_node_limit"":50,""d"":9,""decoder"":""mwpf"",""decoder_type"":""SolverSerialJointSingleHair"",""p"":0.008,""p_erase"":0.0,""r"":9,""run_id"":""8dfac8c52a2bdb8ad1978822189831360902afd0bc2eb7a9333f1f5088b13a03""}",
         1,         0,         0,    2.93,mwpf__2513811017579026d7674ebe2393e0cc3aa91e0705b0a322adcdc3e99a3a038c,faaca1e550d6a99dde065c98f56a1aeef0a6af23a66e67c706b6ffdd967b8259,"{""circuit"":""surface_code:rotated_memory_x"",""cluster_node_limit"":50,""d"":9,""decoder"":""mwpf"",""decoder_type"":""SolverSerialJointSingleHair"",""p"":0.015,""p_erase"":0.0,""r"":9,""run_id"":""48b869192ebdc343a5330d4ec118d7f7605576a3810e15cb95222da28197c77e""}",
        52,         0,         0,    7.79,mwpf__df232194f367aabe935bb4165a6f2a18934748069bb45308bdea72b5aa54cc52,91cc3f9bee6eacdc4ac1e2e6b8df0d38ece142e9760fded5c2a9edaa44f54857,"{""circuit"":""surface_code:rotated_memory_x"",""cluster_node_limit"":50,""d"":9,""decoder"":""mwpf"",""decoder_type"":""SolverSerialJointSingleHair"",""p"":0.004,""p_erase"":0.0,""r"":9,""run_id"":""4464f5804de6cb9a9718f832f08fe8f67d7fac0287acd1b900c7694bfd7b4af5""}",
       576,         8,         0,    14.0,mwpf__9d3e7a869e7911d9ce122143a3492c036ddd4432f11bd090435ee7772beb17ae,6d5c7f274b75ae537824437920d4a7ca50ed98e1dfa880fcbb9eccb2e87a1048,"{""circuit"":""surface_code:rotated_memory_x"",""cluster_node_limit"":50,""d"":5,""decoder"":""mwpf"",""decoder_type"":""SolverSerialJointSingleHair"",""p"":0.006,""p_erase"":0.0,""r"":5,""run_id"":""136e458ea1bb00db5031dfe54473bc21d7f67216ffcf15b01c0f763ac55c92f3""}",
       148,        22,         0,    12.5,mwpf__3f1b64a9ac39918fdfc1d8685d2ae22620c080992f83b482a25d7b8f1adaea5a,0b2a8a048818ac11f66a73bdbd1d5dc5a971687b6a9c1ab5af8e2dcdd4f0c1bf,"{""circuit"":""surface_code:rotated_memory_x"",""cluster_node_limit"":50,""d"":5,""decoder"":""mwpf"",""decoder_type"":""SolverSerialJointSingleHair"",""p"":0.015,""p_erase"":0.0,""r"":5,""run_id"":""6fe96edac5c8fb2c1aed8ea14c67ceeb92423fdf3ce9e1c97fff0ce2aa5d5538""}",
         1,         0,         0,    2.49,mwpf__460adf3e0fce8e97f8258edb7fcba81d39e0ef300a03fecec0ab3a6f75e38bf3,7f036904242460c4484e31eae9e01840ad71949550b570aebc2955bc4b43e0e0,"{""circuit"":""surface_code:rotated_memory_x"",""cluster_node_limit"":50,""d"":15,""decoder"":""mwpf"",""decoder_type"":""SolverSerialJointSingleHair"",""p"":0.004,""p_erase"":0.0,""r"":15,""run_id"":""1317d44bf99f5292f9e08d937043099db5ea6a123e4c5804cb2eff1c8e5d10e8""}",
         4,         0,         0,    1.82,mwpf__5628b4a6b38fe29dbafc3c1893bf80accce86825995fe861aeeda54b9bdb548f,a05a45a3402b64c2124b61668c6f51fbe4ee785ce144baed29926f4237b57edf,"{""circuit"":""surface_code:rotated_memory_x"",""cluster_node_limit"":50,""d"":15,""decoder"":""mwpf"",""decoder_type"":""SolverSerialJointSingleHair"",""p"":0.003,""p_erase"":0.0,""r"":15,""run_id"":""5ab0f789e9276cc53f443c738e0824d6818252ef4016c736dbd7da5c9c2198f4""}",
       392,         9,         0,    12.8,mwpf__91ffc942ec0dda29e3cbefbf32236cf9a6f3fa7b23e4675ef61bf5a2d3aa5377,40546135e2bd9eb08f97c8c1c6115e8bc75406288d37472ee0445cd367e1721b,"{""circuit"":""surface_code:rotated_memory_x"",""cluster_node_limit"":50,""d"":5,""decoder"":""mwpf"",""decoder_type"":""SolverSerialJointSingleHair"",""p"":0.0075,""p_erase"":0.0,""r"":5,""run_id"":""5a57a6d0ff957d816c2c86860718eec6af832a23575ff55f991f4b130256fb39""}",
         7,         2,         0,    7.74,mwpf__d6e8817167c21e257031ce66381ee5547a20cccfb4c07657b5dadac3a6833f79,77c3f58796b3a8a06dbcfa38996887a82fbc4ff14750db8111f1c9a504ceb897,"{""circuit"":""surface_code:rotated_memory_x"",""cluster_node_limit"":50,""d"":11,""decoder"":""mwpf"",""decoder_type"":""SolverSerialJointSingleHair"",""p"":0.007,""p_erase"":0.0,""r"":11,""run_id"":""738582bca717139319653195fdb3aed07ff60eec35baeb0848929c7f5b5792fa""}",
         2,         0,         0,    3.85,mwpf__4354fad67b436ede8412214e7847e96d2a7cf1df9086dbda576efeab7545c91a,631712db4ccb28ddc5b9ff2dac56c363881d6a2ef5db7d2d20d826f2c810d300,"{""circuit"":""surface_code:rotated_memory_x"",""cluster_node_limit"":50,""d"":15,""decoder"":""mwpf"",""decoder_type"":""SolverSerialJointSingleHair"",""p"":0.005,""p_erase"":0.0,""r"":15,""run_id"":""1d848605754125582de87074785173d9f8d2634048cb3776a258af5251c7c465""}",
       116,         2,         0,    12.0,mwpf__7b751ba9c29dec22792ae2997abbcfb30aeccd30f12272dee86da02f98924346,ef36a2d62e6f27449c8c54ebc380941555cc4126bf8269beb48c5d4285c2c832,"{""circuit"":""surface_code:rotated_memory_x"",""cluster_node_limit"":50,""d"":7,""decoder"":""mwpf"",""decoder_type"":""SolverSerialJointSingleHair"",""p"":0.0065,""p_erase"":0.0,""r"":7,""run_id"":""2dbf0f369a61ab19037b084768e1601bc2d15a711cdebadba5827ddd88dd2495""}",
        10,         1,         0,    12.1,mwpf__657887243b5868399920fa937a3887ed9e2ac0d9d98cadc2e1a651e3f504cda0,d4553ef01c242393c1aeaba835587e05af3c08f66bad464752b049a3be541a37,"{""circuit"":""surface_code:rotated_memory_x"",""cluster_node_limit"":50,""d"":11,""decoder"":""mwpf"",""decoder_type"":""SolverSerialJointSingleHair"",""p"":0.0065,""p_erase"":0.0,""r"":11,""run_id"":""8e1df1698035a74962cf4fbf46e34daf5b11fbeb2de0990648bf3b88ed7162d9""}",
        31,         0,         0,    8.78,mwpf__b51c22942b58bed18bbe1e33230fc16d37f2f994d4a2eb9aac1a816c71f648b5,49723c50d532252a125a0f77a511824bc8ba2453ced225ca935be4f8ae908466,"{""circuit"":""surface_code:rotated_memory_x"",""cluster_node_limit"":50,""d"":11,""decoder"":""mwpf"",""decoder_type"":""SolverSerialJointSingleHair"",""p"":0.005,""p_erase"":0.0,""r"":11,""run_id"":""dc16d4efdc8c9f700a5975f7aeee7db9a23f8fb27d65c75c03a3aeb77312b5d0""}",
        92,         0,         0,    12.6,mwpf__8548f0e17df6ec2da00e239d3cc0f77db49812682ea7479645b8b7bbf459e376,3982ff67ef7e56884cb20ebd1c912dd13305efd49de30c97ba1d1d3d4ede83f3,"{""circuit"":""surface_code:rotated_memory_x"",""cluster_node_limit"":50,""d"":11,""decoder"":""mwpf"",""decoder_type"":""SolverSerialJointSingleHair"",""p"":0.003,""p_erase"":0.0,""r"":11,""run_id"":""f8aa956a2e2076433f554631dc774e205799286246e2bbf1a0cefd6d6db83727""}",
         1,         0,         0,   0.720,mwpf__4354fad67b436ede8412214e7847e96d2a7cf1df9086dbda576efeab7545c91a,631712db4ccb28ddc5b9ff2dac56c363881d6a2ef5db7d2d20d826f2c810d300,"{""circuit"":""surface_code:rotated_memory_x"",""cluster_node_limit"":50,""d"":15,""decoder"":""mwpf"",""decoder_type"":""SolverSerialJointSingleHair"",""p"":0.005,""p_erase"":0.0,""r"":15,""run_id"":""1d848605754125582de87074785173d9f8d2634048cb3776a258af5251c7c465""}",
         2,         0,         0,    8.71,mwpf__57391e40513f77c41f6a5a9525f7848296f820427a102e649174251c3ae8c6ad,c79309ca0aef5cbc081da3f3155afd72d2954938e38b055a062809320ce791a5,"{""circuit"":""surface_code:rotated_memory_x"",""cluster_node_limit"":50,""d"":11,""decoder"":""mwpf"",""decoder_type"":""SolverSerialJointSingleHair"",""p"":0.009,""p_erase"":0.0,""r"":11,""run_id"":""aafe4cc1c9371c3b19f54d96c87b12f95609d65a09ae8f01c1659b6987c891b7""}",
       216,        12,         0,    12.5,mwpf__e098ae1eaf131a692c7d269ecd7c0b356809a18a2ccc52547656bea351773dd9,c4e2e9f4264f6040fcd119a2d32c96bd25a12364f525742dd40c8b2e504c5240,"{""circuit"":""surface_code:rotated_memory_x"",""cluster_node_limit"":50,""d"":5,""decoder"":""mwpf"",""decoder_type"":""SolverSerialJointSingleHair"",""p"":0.01,""p_erase"":0.0,""r"":5,""run_id"":""669fd91e75976823dd1cbb6f0d860524121f186f614db6fb259f60c1945fce8a""}",
        65,         0,         0,    12.0,mwpf__21df6b2b273042e1d2ed9f329f81aafabed1f5f52db8a49dfa00753827685509,88fba1d38adf9b5170f72959e8ad037789746d8b4d0c05adc7b86ff083a5f8ba,"{""circuit"":""surface_code:rotated_memory_x"",""cluster_node_limit"":50,""d"":13,""decoder"":""mwpf"",""decoder_type"":""SolverSerialJointSingleHair"",""p"":0.003,""p_erase"":0.0,""r"":13,""run_id"":""9c1c158be912dc2d5d59c6edb8c837f5c8480a5e1b0cd3bc21b958a6713a9a18""}",
       352,         0,         0,    9.04,mwpf__b1e65b016886068417e23bc8e6fc3b5255b88b9358acef6c4d90bf957e517d18,31b39447a5c78d0b15a05b2c95790aeec81d5a48fd188b4f6a69524fe0d6720c,"{""circuit"":""surface_code:rotated_memory_x"",""cluster_node_limit"":50,""d"":7,""decoder"":""mwpf"",""decoder_type"":""SolverSerialJointSingleHair"",""p"":0.003,""p_erase"":0.0,""r"":7,""run_id"":""3e7768a46571fd1de5957ad6fb50ce7c500c937939ee9035abc77e8f3db0e162""}",
        50,         0,         0,    12.3,mwpf__0ffad40cb78e56d31871ef678a2c2c220e01e0128694bf21b48103122ad96d78,1eeffca09c34ec66ea37833c9064e8ea37a416c4745e08373b9f3699fa053396,"{""circuit"":""surface_code:rotated_memory_x"",""cluster_node_limit"":50,""d"":9,""decoder"":""mwpf"",""decoder_type"":""SolverSerialJointSingleHair"",""p"":0.006,""p_erase"":0.0,""r"":9,""run_id"":""24bb5f6faf950c7f32be70c2a658f8a2aec69874df03f312866b1e584c72f944""}",
       544,         7,         0,    16.1,mwpf__8b7aba4b42c55eac316a2911da8b71ada3c5c95714024fe9cb878eda2ed964eb,19dae4f12454abdb37e7a82e67feb6734eaa8650e81bd5af32a541e6d88fd6f1,"{""circuit"":""surface_code:rotated_memory_x"",""cluster_node_limit"":50,""d"":5,""decoder"":""mwpf"",""decoder_type"":""SolverSerialJointSingleHair"",""p"":0.0065,""p_erase"":0.0,""r"":5,""run_id"":""14c277d1360d884007b225112d7b983b9f2c5fc158d2870f656c6b2929b311b6""}",
         1,         1,         0,    3.00,mwpf__9cae48f5e3591c089bc6ab38d1048ff40eccea18bbb014dfeddab7aa2d7f31d1,b1a3c246ef4012d88c26a2ea30d574bf92ca2552752ddf81ec8a92332035ebf1,"{""circuit"":""surface_code:rotated_memory_x"",""cluster_node_limit"":50,""d"":15,""decoder"":""mwpf"",""decoder_type"":""SolverSerialJointSingleHair"",""p"":0.006,""p_erase"":0.0,""r"":15,""run_id"":""e7f6735d2dfee2157036bacd032f738374b9b813e296fdfdaa2dfb6db2ce10a4""}",
        14,         0,         0,    8.98,mwpf__f1ba2c1f600b7a69e787fba16d98ab1a9190d2cbf22cb139f6d85f0963050ecd,362d43fe567b84549d5b408b2c9937944a18c5015578d62368865481ce9a1280,"{""circuit"":""surface_code:rotated_memory_x"",""cluster_node_limit"":50,""d"":9,""decoder"":""mwpf"",""decoder_type"":""SolverSerialJointSingleHair"",""p"":0.009,""p_erase"":0.0,""r"":9,""run_id"":""38d09452ebb2ff3ecc7153e5d90de64e1415b048dd2df4f50bcd6553bab20233""}",
         1,         0,         0,    2.92,mwpf__2513811017579026d7674ebe2393e0cc3aa91e0705b0a322adcdc3e99a3a038c,faaca1e550d6a99dde065c98f56a1aeef0a6af23a66e67c706b6ffdd967b8259,"{""circuit"":""surface_code:rotated_memory_x"",""cluster_node_limit"":50,""d"":9,""decoder"":""mwpf"",""decoder_type"":""SolverSerialJointSingleHair"",""p"":0.015,""p_erase"":0.0,""r"":9,""run_id"":""48b869192ebdc343a5330d4ec118d7f7605576a3810e15cb95222da28197c77e""}",
        18,         0,         0,    12.7,mwpf__635e40dda6d3e96020ea75ae193e9dd537bd1e25622b042e0e59c0187110d1be,06dc2e6bd74ae874fe58d9f164c4486dc719c5118f922909b0e948fb9b7a211e,"{""circuit"":""surface_code:rotated_memory_x"",""cluster_node_limit"":50,""d"":13,""decoder"":""mwpf"",""decoder_type"":""SolverSerialJointSingleHair"",""p"":0.005,""p_erase"":0.0,""r"":13,""run_id"":""1dd32fbecda77a042c5f41d375ae2b79efd66b7adfe572570e9f313567b2202a""}",
         6,         0,         0,    2.88,mwpf__460adf3e0fce8e97f8258edb7fcba81d39e0ef300a03fecec0ab3a6f75e38bf3,7f036904242460c4484e31eae9e01840ad71949550b570aebc2955bc4b43e0e0,"{""circuit"":""surface_code:rotated_memory_x"",""cluster_node_limit"":50,""d"":15,""decoder"":""mwpf"",""decoder_type"":""SolverSerialJointSingleHair"",""p"":0.004,""p_erase"":0.0,""r"":15,""run_id"":""1317d44bf99f5292f9e08d937043099db5ea6a123e4c5804cb2eff1c8e5d10e8""}",
         6,         0,         0,    2.91,mwpf__5628b4a6b38fe29dbafc3c1893bf80accce86825995fe861aeeda54b9bdb548f,a05a45a3402b64c2124b61668c6f51fbe4ee785ce144baed29926f4237b57edf,"{""circuit"":""surface_code:rotated_memory_x"",""cluster_node_limit"":50,""d"":15,""decoder"":""mwpf"",""decoder_type"":""SolverSerialJointSingleHair"",""p"":0.003,""p_erase"":0.0,""r"":15,""run_id"":""5ab0f789e9276cc53f443c738e0824d6818252ef4016c736dbd7da5c9c2198f4""}",
         1,         0,         0,    1.71,mwpf__4354fad67b436ede8412214e7847e96d2a7cf1df9086dbda576efeab7545c91a,631712db4ccb28ddc5b9ff2dac56c363881d6a2ef5db7d2d20d826f2c810d300,"{""circuit"":""surface_code:rotated_memory_x"",""cluster_node_limit"":50,""d"":15,""decoder"":""mwpf"",""decoder_type"":""SolverSerialJointSingleHair"",""p"":0.005,""p_erase"":0.0,""r"":15,""run_id"":""1d848605754125582de87074785173d9f8d2634048cb3776a258af5251c7c465""}",
         1,         0,         0,   0.625,mwpf__9cae48f5e3591c089bc6ab38d1048ff40eccea18bbb014dfeddab7aa2d7f31d1,b1a3c246ef4012d88c26a2ea30d574bf92ca2552752ddf81ec8a92332035ebf1,"{""circuit"":""surface_code:rotated_memory_x"",""cluster_node_limit"":50,""d"":15,""decoder"":""mwpf"",""decoder_type"":""SolverSerialJointSingleHair"",""p"":0.006,""p_erase"":0.0,""r"":15,""run_id"":""e7f6735d2dfee2157036bacd032f738374b9b813e296fdfdaa2dfb6db2ce10a4""}",
       336,        11,         0,    12.7,mwpf__d6e273bec9b587e85ba4f19af1099d5769edba9e40437c8089c08ed25bd72758,5388f8eb2e6e41b439260433c3419bdbf5f8b4bd5b8e2a2c70a24a791cee3145,"{""circuit"":""surface_code:rotated_memory_x"",""cluster_node_limit"":50,""d"":5,""decoder"":""mwpf"",""decoder_type"":""SolverSerialJointSingleHair"",""p"":0.008,""p_erase"":0.0,""r"":5,""run_id"":""bfa3c7cba13850dd37e54bb29bb945687e3fe04272a3151e2ac8acb7416976e7""}",
        31,         0,         0,    12.0,mwpf__1c17b6ee16c741b8697b91cd285aaee9a8e106198ab113a3b41e17f1b62daa89,3627112f92c7e85ea6801db379ff16386d627c78375e4cf85abab0e7352f9166,"{""circuit"":""surface_code:rotated_memory_x"",""cluster_node_limit"":50,""d"":9,""decoder"":""mwpf"",""decoder_type"":""SolverSerialJointSingleHair"",""p"":0.007,""p_erase"":0.0,""r"":9,""run_id"":""afd2d1bea34409055a74153634f35b6efd9ed9b105183e8591ec4772c9d800e4""}",
       188,         0,         0,    11.7,mwpf__e31bcda4313c15612f870938a65840ff53c2398150f9cb961189e5e84b026776,2367d5faa513e3a6decb45c2bdd8779be42812fdc67d351c372070210ef9e7dd,"{""circuit"":""surface_code:rotated_memory_x"",""cluster_node_limit"":50,""d"":7,""decoder"":""mwpf"",""decoder_type"":""SolverSerialJointSingleHair"",""p"":0.006,""p_erase"":0.0,""r"":7,""run_id"":""c569d24a00e94715f929354bdbd1860f950e40c56d976da161032d1bf73e9e9d""}",
      1376,         6,         0,    14.2,mwpf__6dc40dd78a7537f759b93670cd0af0008adf279fbc2acda6010b04619b90078a,71b64adea95d26ec136e0f6d5c44173faab2351254ae92ff6c2fb79fe431c3f7,"{""circuit"":""surface_code:rotated_memory_x"",""cluster_node_limit"":50,""d"":5,""decoder"":""mwpf"",""decoder_type"":""SolverSerialJointSingleHair"",""p"":0.004,""p_erase"":0.0,""r"":5,""run_id"":""2c1d23bd89bcf5d6d623dffd52817527ab5ba820bb8c60558a749cc97b051f30""}",
       336,         9,         0,    11.8,mwpf__951eb3349e78cec2a155134d7fb171e1ad03d800a86442f3c4b76397f4c7fd4d,cde164a21cdab97d63839b3f64b1c2e5cf62ef5d8be22509c82bac34fbb3e2b2,"{""circuit"":""surface_code:rotated_memory_x"",""cluster_node_limit"":50,""d"":5,""decoder"":""mwpf"",""decoder_type"":""SolverSerialJointSingleHair"",""p"":0.007,""p_erase"":0.0,""r"":5,""run_id"":""fc11e6013551ff75fa4759b0fc71e28cb776c1e995679ad07f9247f45c9ad106""}",
        17,         0,         0,    12.7,mwpf__ef4bd14b406ebb94921d73b05e28e9be274fd0180168db54ebfe9ad4abb5c3dd,813034dd365f90862ad3456e088d05537a5961eea78ad69b71aff0330e723902,"{""circuit"":""surface_code:rotated_memory_x"",""cluster_node_limit"":50,""d"":9,""decoder"":""mwpf"",""decoder_type"":""SolverSerialJointSingleHair"",""p"":0.0075,""p_erase"":0.0,""r"":9,""run_id"":""d43e2110d6096cb21b3dc2507099ab1df8f05023ab41bfbd088fbc12277e6cad""}",
        58,         1,         0,    12.1,mwpf__5690b4a8bc9c88c24efb060e4e655ea926b0a3cafb8eccb6b16e13bcfa6f8f57,2319881ca4af7e340fa0dc5e54cc6bc5ff4176d44f6e7028a967f989b1262cd0,"{""circuit"":""surface_code:rotated_memory_x"",""cluster_node_limit"":50,""d"":9,""decoder"":""mwpf"",""decoder_type"":""SolverSerialJointSingleHair"",""p"":0.0065,""p_erase"":0.0,""r"":9,""run_id"":""bcb66dbf1963af5450bb3b51e6950f2b7fc1b6490e9ba479a670b91dc4b2af88""}",
         1,         0,         0,    1.57,mwpf__9cae48f5e3591c089bc6ab38d1048ff40eccea18bbb014dfeddab7aa2d7f31d1,b1a3c246ef4012d88c26a2ea30d574bf92ca2552752ddf81ec8a92332035ebf1,"{""circuit"":""surface_code:rotated_memory_x"",""cluster_node_limit"":50,""d"":15,""decoder"":""mwpf"",""decoder_type"":""SolverSerialJointSingleHair"",""p"":0.006,""p_erase"":0.0,""r"":15,""run_id"":""e7f6735d2dfee2157036bacd032f738374b9b813e296fdfdaa2dfb6db2ce10a4""}",
         1,         0,         0,    7.39,mwpf__65cc82da5e33c4f59fbea0b968e342ff75897867edbc7eb9a86af26555b4d079,d984dd8cf1c44306b4070d86f0449ce6e97af834e7dc9b844c01ea04064bc71c,"{""circuit"":""surface_code:rotated_memory_x"",""cluster_node_limit"":50,""d"":13,""decoder"":""mwpf"",""decoder_type"":""SolverSerialJointSingleHair"",""p"":0.0075,""p_erase"":0.0,""r"":13,""run_id"":""145c87dc125c965ea510c81614a2b6d45eec9b437193173d0cb14f7efa403d78""}",
        37,         0,         0,    14.6,mwpf__f72406d99baaa155e6537da23b921802aac7a0476bf592363ce60d85dc12f754,502cdaad1f5ad245d27f94b87cf52b63e8d9429b6075479c1cd1ab87feb4cda0,"{""circuit"":""surface_code:rotated_memory_x"",""cluster_node_limit"":50,""d"":13,""decoder"":""mwpf"",""decoder_type"":""SolverSerialJointSingleHair"",""p"":0.004,""p_erase"":0.0,""r"":13,""run_id"":""9c5f0f6384601a18598e9ec8096fd7d1f329b4fab58d65bfc72b05c12fd62fb2""}",
         1,         0,         0,   0.528,mwpf__65cc82da5e33c4f59fbea0b968e342ff75897867edbc7eb9a86af26555b4d079,d984dd8cf1c44306b4070d86f0449ce6e97af834e7dc9b844c01ea04064bc71c,"{""circuit"":""surface_code:rotated_memory_x"",""cluster_node_limit"":50,""d"":13,""decoder"":""mwpf"",""decoder_type"":""SolverSerialJointSingleHair"",""p"":0.0075,""p_erase"":0.0,""r"":13,""run_id"":""145c87dc125c965ea510c81614a2b6d45eec9b437193173d0cb14f7efa403d78""}",
       152,         0,         0,    9.87,mwpf__b86dfdc6edf5243fa953eba38df9eedffa26e17e861ff53898370ede6b3f4924,ed4377a6fc84ce98150c12b4f78cbf0f69f277dc7b34e1caecdce413a6651655,"{""circuit"":""surface_code:rotated_memory_x"",""cluster_node_limit"":50,""d"":9,""decoder"":""mwpf"",""decoder_type"":""SolverSerialJointSingleHair"",""p"":0.003,""p_erase"":0.0,""r"":9,""run_id"":""efe7c5548b07943d995a96c2060d6be39255a1f992a2a76f4714bdcbfad04986""}",
        40,         0,         0,    17.9,mwpf__816dbb216f33548bde82700373ed8762c4588f7e736c0d6ce8bbd83718eb9bc4,4a103945d4b3e03fb447b3f991894618fed8c7625561e2ed8d29b4caf27b2618,"{""circuit"":""surface_code:rotated_memory_x"",""cluster_node_limit"":50,""d"":11,""decoder"":""mwpf"",""decoder_type"":""SolverSerialJointSingleHair"",""p"":0.004,""p_erase"":0.0,""r"":11,""run_id"":""3083dc33435eff96398d9127ce3d8e2c144ff987bf7bc12ab2896614c67e19b0""}",
         9,         1,         0,    14.4,mwpf__1e6eb1b7d5a2ec0e953a7cb244b33bc530e16f23c32db88007fc1c7b035f330b,4b7230cba9d61504918ac10d685a7d051d9b1c23b970118aff9533c10c21a028,"{""circuit"":""surface_code:rotated_memory_x"",""cluster_node_limit"":50,""d"":11,""decoder"":""mwpf"",""decoder_type"":""SolverSerialJointSingleHair"",""p"":0.0075,""p_erase"":0.0,""r"":11,""run_id"":""d141b2a8478788124b5b1cb4085ff0997ab6fd837791f95217839732d3f5a11a""}",
         1,         1,         0,    12.1,mwpf__379f6dbce7a8107a155ae56b95b39b3b041fc70754e4109af3d0a79a7dc1064d,02bf57d656549d4ae6cbf5d702646ade8255c5271d45423d621fa1b7777a6908,"{""circuit"":""surface_code:rotated_memory_x"",""cluster_node_limit"":50,""d"":11,""decoder"":""mwpf"",""decoder_type"":""SolverSerialJointSingleHair"",""p"":0.01,""p_erase"":0.0,""r"":11,""run_id"":""f2936ce57f818d69f7e1b5c9954ec7387d9a1f53c4355bd88c213e49338e6b5b""}",
         6,         0,         0,    2.87,mwpf__460adf3e0fce8e97f8258edb7fcba81d39e0ef300a03fecec0ab3a6f75e38bf3,7f036904242460c4484e31eae9e01840ad71949550b570aebc2955bc4b43e0e0,"{""circuit"":""surface_code:rotated_memory_x"",""cluster_node_limit"":50,""d"":15,""decoder"":""mwpf"",""decoder_type"":""SolverSerialJointSingleHair"",""p"":0.004,""p_erase"":0.0,""r"":15,""run_id"":""1317d44bf99f5292f9e08d937043099db5ea6a123e4c5804cb2eff1c8e5d10e8""}",
         1,         0,         0,   0.925,mwpf__65cc82da5e33c4f59fbea0b968e342ff75897867edbc7eb9a86af26555b4d079,d984dd8cf1c44306b4070d86f0449ce6e97af834e7dc9b844c01ea04064bc71c,"{""circuit"":""surface_code:rotated_memory_x"",""cluster_node_limit"":50,""d"":13,""decoder"":""mwpf"",""decoder_type"":""SolverSerialJointSingleHair"",""p"":0.0075,""p_erase"":0.0,""r"":13,""run_id"":""145c87dc125c965ea510c81614a2b6d45eec9b437193173d0cb14f7efa403d78""}",
         1,         0,         0,    3.33,mwpf__4354fad67b436ede8412214e7847e96d2a7cf1df9086dbda576efeab7545c91a,631712db4ccb28ddc5b9ff2dac56c363881d6a2ef5db7d2d20d826f2c810d300,"{""circuit"":""surface_code:rotated_memory_x"",""cluster_node_limit"":50,""d"":15,""decoder"":""mwpf"",""decoder_type"":""SolverSerialJointSingleHair"",""p"":0.005,""p_erase"":0.0,""r"":15,""run_id"":""1d848605754125582de87074785173d9f8d2634048cb3776a258af5251c7c465""}",
         2,         0,         0,    5.13,mwpf__57391e40513f77c41f6a5a9525f7848296f820427a102e649174251c3ae8c6ad,c79309ca0aef5cbc081da3f3155afd72d2954938e38b055a062809320ce791a5,"{""circuit"":""surface_code:rotated_memory_x"",""cluster_node_limit"":50,""d"":11,""decoder"":""mwpf"",""decoder_type"":""SolverSerialJointSingleHair"",""p"":0.009,""p_erase"":0.0,""r"":11,""run_id"":""aafe4cc1c9371c3b19f54d96c87b12f95609d65a09ae8f01c1659b6987c891b7""}",
         9,         0,         0,    3.56,mwpf__5628b4a6b38fe29dbafc3c1893bf80accce86825995fe861aeeda54b9bdb548f,a05a45a3402b64c2124b61668c6f51fbe4ee785ce144baed29926f4237b57edf,"{""circuit"":""surface_code:rotated_memory_x"",""cluster_node_limit"":50,""d"":15,""decoder"":""mwpf"",""decoder_type"":""SolverSerialJointSingleHair"",""p"":0.003,""p_erase"":0.0,""r"":15,""run_id"":""5ab0f789e9276cc53f443c738e0824d6818252ef4016c736dbd7da5c9c2198f4""}",
         1,         0,         0,   0.441,mwpf__4354fad67b436ede8412214e7847e96d2a7cf1df9086dbda576efeab7545c91a,631712db4ccb28ddc5b9ff2dac56c363881d6a2ef5db7d2d20d826f2c810d300,"{""circuit"":""surface_code:rotated_memory_x"",""cluster_node_limit"":50,""d"":15,""decoder"":""mwpf"",""decoder_type"":""SolverSerialJointSingleHair"",""p"":0.005,""p_erase"":0.0,""r"":15,""run_id"":""1d848605754125582de87074785173d9f8d2634048cb3776a258af5251c7c465""}",
         1,         0,         0,    1.18,mwpf__379f6dbce7a8107a155ae56b95b39b3b041fc70754e4109af3d0a79a7dc1064d,02bf57d656549d4ae6cbf5d702646ade8255c5271d45423d621fa1b7777a6908,"{""circuit"":""surface_code:rotated_memory_x"",""cluster_node_limit"":50,""d"":11,""decoder"":""mwpf"",""decoder_type"":""SolverSerialJointSingleHair"",""p"":0.01,""p_erase"":0.0,""r"":11,""run_id"":""f2936ce57f818d69f7e1b5c9954ec7387d9a1f53c4355bd88c213e49338e6b5b""}",
         1,         0,         0,    2.55,mwpf__9cae48f5e3591c089bc6ab38d1048ff40eccea18bbb014dfeddab7aa2d7f31d1,b1a3c246ef4012d88c26a2ea30d574bf92ca2552752ddf81ec8a92332035ebf1,"{""circuit"":""surface_code:rotated_memory_x"",""cluster_node_limit"":50,""d"":15,""decoder"":""mwpf"",""decoder_type"":""SolverSerialJointSingleHair"",""p"":0.006,""p_erase"":0.0,""r"":15,""run_id"":""e7f6735d2dfee2157036bacd032f738374b9b813e296fdfdaa2dfb6db2ce10a4""}",
        21,         0,         0,    20.3,mwpf__7a95b4e0e46b327d000e116a0c1b8752a5233749e2ab488204b0555276cc7d20,3739a29a1a4cc537bb158528d425c3e0bc4b8143c997f57751cec9d6df3b5373,"{""circuit"":""surface_code:rotated_memory_x"",""cluster_node_limit"":50,""d"":11,""decoder"":""mwpf"",""decoder_type"":""SolverSerialJointSingleHair"",""p"":0.006,""p_erase"":0.0,""r"":11,""run_id"":""8004ec240d1464395bfc8a126a835b432e446c1a1cef8253e8138d42920ca974""}",
         1,         0,         0,   0.785,mwpf__4354fad67b436ede8412214e7847e96d2a7cf1df9086dbda576efeab7545c91a,631712db4ccb28ddc5b9ff2dac56c363881d6a2ef5db7d2d20d826f2c810d300,"{""circuit"":""surface_code:rotated_memory_x"",""cluster_node_limit"":50,""d"":15,""decoder"":""mwpf"",""decoder_type"":""SolverSerialJointSingleHair"",""p"":0.005,""p_erase"":0.0,""r"":15,""run_id"":""1d848605754125582de87074785173d9f8d2634048cb3776a258af5251c7c465""}",
        10,         0,         0,    13.5,mwpf__4f2003d1a89cbab61d79e87a09a2976b8dd26d83c596509b48a165ee5488bbeb,175546001eaf15e5eec910e644a4e44db259318c59115eb89bfe0c8686f47616,"{""circuit"":""surface_code:rotated_memory_x"",""cluster_node_limit"":50,""d"":13,""decoder"":""mwpf"",""decoder_type"":""SolverSerialJointSingleHair"",""p"":0.006,""p_erase"":0.0,""r"":13,""run_id"":""62be0f9566ae226642dba313ffd2ee6fb56abf4ecd764eb123ecb3879eba54f4""}",
         1,         1,         0,    5.40,mwpf__2513811017579026d7674ebe2393e0cc3aa91e0705b0a322adcdc3e99a3a038c,faaca1e550d6a99dde065c98f56a1aeef0a6af23a66e67c706b6ffdd967b8259,"{""circuit"":""surface_code:rotated_memory_x"",""cluster_node_limit"":50,""d"":9,""decoder"":""mwpf"",""decoder_type"":""SolverSerialJointSingleHair"",""p"":0.015,""p_erase"":0.0,""r"":9,""run_id"":""48b869192ebdc343a5330d4ec118d7f7605576a3810e15cb95222da28197c77e""}",
         1,         0,         0,    1.18,mwpf__9cae48f5e3591c089bc6ab38d1048ff40eccea18bbb014dfeddab7aa2d7f31d1,b1a3c246ef4012d88c26a2ea30d574bf92ca2552752ddf81ec8a92332035ebf1,"{""circuit"":""surface_code:rotated_memory_x"",""cluster_node_limit"":50,""d"":15,""decoder"":""mwpf"",""decoder_type"":""SolverSerialJointSingleHair"",""p"":0.006,""p_erase"":0.0,""r"":15,""run_id"":""e7f6735d2dfee2157036bacd032f738374b9b813e296fdfdaa2dfb6db2ce10a4""}",
      2368,         4,         0,    12.6,mwpf__1c59223be739329e89f3e2f13123f7a8f4b0534135cf1e86feb02275412b9cb4,0634ed5aa73fe8e8c1c641cba85bef34b7d4eda6b029d2ee4500c76f6a3e6dd0,"{""circuit"":""surface_code:rotated_memory_x"",""cluster_node_limit"":50,""d"":5,""decoder"":""mwpf"",""decoder_type"":""SolverSerialJointSingleHair"",""p"":0.003,""p_erase"":0.0,""r"":5,""run_id"":""15e3edac26702bd06daa1bb3e90bddb5f87b2bb2b182b8fed1b9f8d68845e848""}",
      8448,       608,         0,    16.8,mwpf__b0b7dc35549e4684aaf56d7f39208097266fbb01b99fc634aa5cc65cb30d3fd9,28ac44c8c5b47a07887bdc431a672e9f8611047ab24d905f93db9d3c36d03445,"{""circuit"":""surface_code:rotated_memory_x"",""cluster_node_limit"":50,""d"":3,""decoder"":""mwpf"",""decoder_type"":""SolverSerialJointSingleHair"",""p"":0.015,""p_erase"":0.0,""r"":3,""run_id"":""b44761db4df8b64c8917c437ae7fe1c452a55149c1dc7a5ca0f619d5bff0315c""}",
         1,         0,         0,   0.866,mwpf__2513811017579026d7674ebe2393e0cc3aa91e0705b0a322adcdc3e99a3a038c,faaca1e550d6a99dde065c98f56a1aeef0a6af23a66e67c706b6ffdd967b8259,"{""circuit"":""surface_code:rotated_memory_x"",""cluster_node_limit"":50,""d"":9,""decoder"":""mwpf"",""decoder_type"":""SolverSerialJointSingleHair"",""p"":0.015,""p_erase"":0.0,""r"":9,""run_id"":""48b869192ebdc343a5330d4ec118d7f7605576a3810e15cb95222da28197c77e""}",
         3,         0,         0,    2.69,mwpf__57391e40513f77c41f6a5a9525f7848296f820427a102e649174251c3ae8c6ad,c79309ca0aef5cbc081da3f3155afd72d2954938e38b055a062809320ce791a5,"{""circuit"":""surface_code:rotated_memory_x"",""cluster_node_limit"":50,""d"":11,""decoder"":""mwpf"",""decoder_type"":""SolverSerialJointSingleHair"",""p"":0.009,""p_erase"":0.0,""r"":11,""run_id"":""aafe4cc1c9371c3b19f54d96c87b12f95609d65a09ae8f01c1659b6987c891b7""}",
         1,         0,         0,    1.65,mwpf__4354fad67b436ede8412214e7847e96d2a7cf1df9086dbda576efeab7545c91a,631712db4ccb28ddc5b9ff2dac56c363881d6a2ef5db7d2d20d826f2c810d300,"{""circuit"":""surface_code:rotated_memory_x"",""cluster_node_limit"":50,""d"":15,""decoder"":""mwpf"",""decoder_type"":""SolverSerialJointSingleHair"",""p"":0.005,""p_erase"":0.0,""r"":15,""run_id"":""1d848605754125582de87074785173d9f8d2634048cb3776a258af5251c7c465""}",
         1,         0,         0,    3.29,mwpf__65cc82da5e33c4f59fbea0b968e342ff75897867edbc7eb9a86af26555b4d079,d984dd8cf1c44306b4070d86f0449ce6e97af834e7dc9b844c01ea04064bc71c,"{""circuit"":""surface_code:rotated_memory_x"",""cluster_node_limit"":50,""d"":13,""decoder"":""mwpf"",""decoder_type"":""SolverSerialJointSingleHair"",""p"":0.0075,""p_erase"":0.0,""r"":13,""run_id"":""145c87dc125c965ea510c81614a2b6d45eec9b437193173d0cb14f7efa403d78""}",
         1,         0,         0,   0.719,mwpf__2513811017579026d7674ebe2393e0cc3aa91e0705b0a322adcdc3e99a3a038c,faaca1e550d6a99dde065c98f56a1aeef0a6af23a66e67c706b6ffdd967b8259,"{""circuit"":""surface_code:rotated_memory_x"",""cluster_node_limit"":50,""d"":9,""decoder"":""mwpf"",""decoder_type"":""SolverSerialJointSingleHair"",""p"":0.015,""p_erase"":0.0,""r"":9,""run_id"":""48b869192ebdc343a5330d4ec118d7f7605576a3810e15cb95222da28197c77e""}",
       104,         1,         0,    10.1,mwpf__df232194f367aabe935bb4165a6f2a18934748069bb45308bdea72b5aa54cc52,91cc3f9bee6eacdc4ac1e2e6b8df0d38ece142e9760fded5c2a9edaa44f54857,"{""circuit"":""surface_code:rotated_memory_x"",""cluster_node_limit"":50,""d"":9,""decoder"":""mwpf"",""decoder_type"":""SolverSerialJointSingleHair"",""p"":0.004,""p_erase"":0.0,""r"":9,""run_id"":""4464f5804de6cb9a9718f832f08fe8f67d7fac0287acd1b900c7694bfd7b4af5""}",
        16,         1,         0,    9.31,mwpf__d6e8817167c21e257031ce66381ee5547a20cccfb4c07657b5dadac3a6833f79,77c3f58796b3a8a06dbcfa38996887a82fbc4ff14750db8111f1c9a504ceb897,"{""circuit"":""surface_code:rotated_memory_x"",""cluster_node_limit"":50,""d"":11,""decoder"":""mwpf"",""decoder_type"":""SolverSerialJointSingleHair"",""p"":0.007,""p_erase"":0.0,""r"":11,""run_id"":""738582bca717139319653195fdb3aed07ff60eec35baeb0848929c7f5b5792fa""}",
         1,         0,         0,    1.46,mwpf__9cae48f5e3591c089bc6ab38d1048ff40eccea18bbb014dfeddab7aa2d7f31d1,b1a3c246ef4012d88c26a2ea30d574bf92ca2552752ddf81ec8a92332035ebf1,"{""circuit"":""surface_code:rotated_memory_x"",""cluster_node_limit"":50,""d"":15,""decoder"":""mwpf"",""decoder_type"":""SolverSerialJointSingleHair"",""p"":0.006,""p_erase"":0.0,""r"":15,""run_id"":""e7f6735d2dfee2157036bacd032f738374b9b813e296fdfdaa2dfb6db2ce10a4""}",
         3,         0,         0,    4.51,mwpf__460adf3e0fce8e97f8258edb7fcba81d39e0ef300a03fecec0ab3a6f75e38bf3,7f036904242460c4484e31eae9e01840ad71949550b570aebc2955bc4b43e0e0,"{""circuit"":""surface_code:rotated_memory_x"",""cluster_node_limit"":50,""d"":15,""decoder"":""mwpf"",""decoder_type"":""SolverSerialJointSingleHair"",""p"":0.004,""p_erase"":0.0,""r"":15,""run_id"":""1317d44bf99f5292f9e08d937043099db5ea6a123e4c5804cb2eff1c8e5d10e8""}",
         1,         1,         0,   0.807,mwpf__2513811017579026d7674ebe2393e0cc3aa91e0705b0a322adcdc3e99a3a038c,faaca1e550d6a99dde065c98f56a1aeef0a6af23a66e67c706b6ffdd967b8259,"{""circuit"":""surface_code:rotated_memory_x"",""cluster_node_limit"":50,""d"":9,""decoder"":""mwpf"",""decoder_type"":""SolverSerialJointSingleHair"",""p"":0.015,""p_erase"":0.0,""r"":9,""run_id"":""48b869192ebdc343a5330d4ec118d7f7605576a3810e15cb95222da28197c77e""}",
         1,         0,         0,   0.829,mwpf__65cc82da5e33c4f59fbea0b968e342ff75897867edbc7eb9a86af26555b4d079,d984dd8cf1c44306b4070d86f0449ce6e97af834e7dc9b844c01ea04064bc71c,"{""circuit"":""surface_code:rotated_memory_x"",""cluster_node_limit"":50,""d"":13,""decoder"":""mwpf"",""decoder_type"":""SolverSerialJointSingleHair"",""p"":0.0075,""p_erase"":0.0,""r"":13,""run_id"":""145c87dc125c965ea510c81614a2b6d45eec9b437193173d0cb14f7efa403d78""}",
         1,         0,         0,   0.842,mwpf__9cae48f5e3591c089bc6ab38d1048ff40eccea18bbb014dfeddab7aa2d7f31d1,b1a3c246ef4012d88c26a2ea30d574bf92ca2552752ddf81ec8a92332035ebf1,"{""circuit"":""surface_code:rotated_memory_x"",""cluster_node_limit"":50,""d"":15,""decoder"":""mwpf"",""decoder_type"":""SolverSerialJointSingleHair"",""p"":0.006,""p_erase"":0.0,""r"":15,""run_id"":""e7f6735d2dfee2157036bacd032f738374b9b813e296fdfdaa2dfb6db2ce10a4""}",
         2,         0,         0,    1.64,mwpf__4354fad67b436ede8412214e7847e96d2a7cf1df9086dbda576efeab7545c91a,631712db4ccb28ddc5b9ff2dac56c363881d6a2ef5db7d2d20d826f2c810d300,"{""circuit"":""surface_code:rotated_memory_x"",""cluster_node_limit"":50,""d"":15,""decoder"":""mwpf"",""decoder_type"":""SolverSerialJointSingleHair"",""p"":0.005,""p_erase"":0.0,""r"":15,""run_id"":""1d848605754125582de87074785173d9f8d2634048cb3776a258af5251c7c465""}",
        18,         0,         0,    8.39,mwpf__f1ba2c1f600b7a69e787fba16d98ab1a9190d2cbf22cb139f6d85f0963050ecd,362d43fe567b84549d5b408b2c9937944a18c5015578d62368865481ce9a1280,"{""circuit"":""surface_code:rotated_memory_x"",""cluster_node_limit"":50,""d"":9,""decoder"":""mwpf"",""decoder_type"":""SolverSerialJointSingleHair"",""p"":0.009,""p_erase"":0.0,""r"":9,""run_id"":""38d09452ebb2ff3ecc7153e5d90de64e1415b048dd2df4f50bcd6553bab20233""}",
         1,         0,         0,    1.77,mwpf__57391e40513f77c41f6a5a9525f7848296f820427a102e649174251c3ae8c6ad,c79309ca0aef5cbc081da3f3155afd72d2954938e38b055a062809320ce791a5,"{""circuit"":""surface_code:rotated_memory_x"",""cluster_node_limit"":50,""d"":11,""decoder"":""mwpf"",""decoder_type"":""SolverSerialJointSingleHair"",""p"":0.009,""p_erase"":0.0,""r"":11,""run_id"":""aafe4cc1c9371c3b19f54d96c87b12f95609d65a09ae8f01c1659b6987c891b7""}",
        12,         0,         0,    4.88,mwpf__5628b4a6b38fe29dbafc3c1893bf80accce86825995fe861aeeda54b9bdb548f,a05a45a3402b64c2124b61668c6f51fbe4ee785ce144baed29926f4237b57edf,"{""circuit"":""surface_code:rotated_memory_x"",""cluster_node_limit"":50,""d"":15,""decoder"":""mwpf"",""decoder_type"":""SolverSerialJointSingleHair"",""p"":0.003,""p_erase"":0.0,""r"":15,""run_id"":""5ab0f789e9276cc53f443c738e0824d6818252ef4016c736dbd7da5c9c2198f4""}",
       456,        15,         0,    20.0,mwpf__74b18df185b22796a559f32f488c1f95ef0d82d34c256906317561e4acce78ec,ff1f59d74e0a85a29f4995de86372e17ef6d73f50ef84112e0cd3a298e221696,"{""circuit"":""surface_code:rotated_memory_x"",""cluster_node_limit"":50,""d"":5,""decoder"":""mwpf"",""decoder_type"":""SolverSerialJointSingleHair"",""p"":0.009,""p_erase"":0.0,""r"":5,""run_id"":""c32281a89ec9fb6ef8731b931cbe729d04602aba0eeadfec21fc1875143cc8af""}",
       352,         5,         0,    12.2,mwpf__9d3e7a869e7911d9ce122143a3492c036ddd4432f11bd090435ee7772beb17ae,6d5c7f274b75ae537824437920d4a7ca50ed98e1dfa880fcbb9eccb2e87a1048,"{""circuit"":""surface_code:rotated_memory_x"",""cluster_node_limit"":50,""d"":5,""decoder"":""mwpf"",""decoder_type"":""SolverSerialJointSingleHair"",""p"":0.006,""p_erase"":0.0,""r"":5,""run_id"":""136e458ea1bb00db5031dfe54473bc21d7f67216ffcf15b01c0f763ac55c92f3""}",
         2,         0,         0,    1.33,mwpf__4354fad67b436ede8412214e7847e96d2a7cf1df9086dbda576efeab7545c91a,631712db4ccb28ddc5b9ff2dac56c363881d6a2ef5db7d2d20d826f2c810d300,"{""circuit"":""surface_code:rotated_memory_x"",""cluster_node_limit"":50,""d"":15,""decoder"":""mwpf"",""decoder_type"":""SolverSerialJointSingleHair"",""p"":0.005,""p_erase"":0.0,""r"":15,""run_id"":""1d848605754125582de87074785173d9f8d2634048cb3776a258af5251c7c465""}",
         1,         0,         0,    2.11,mwpf__65cc82da5e33c4f59fbea0b968e342ff75897867edbc7eb9a86af26555b4d079,d984dd8cf1c44306b4070d86f0449ce6e97af834e7dc9b844c01ea04064bc71c,"{""circuit"":""surface_code:rotated_memory_x"",""cluster_node_limit"":50,""d"":13,""decoder"":""mwpf"",""decoder_type"":""SolverSerialJointSingleHair"",""p"":0.0075,""p_erase"":0.0,""r"":13,""run_id"":""145c87dc125c965ea510c81614a2b6d45eec9b437193173d0cb14f7efa403d78""}",
        72,         8,         0,    16.5,mwpf__e0a55262cf1f1a7a613b4765b0629e55d0b3fe9d54b863fbeff7519c53c8e351,34913737fb3f42b5d01e95eaa7e9bb6ec2ccceeb90dac3afed499a1716fb1a4c,"{""circuit"":""surface_code:rotated_memory_x"",""cluster_node_limit"":50,""d"":7,""decoder"":""mwpf"",""decoder_type"":""SolverSerialJointSingleHair"",""p"":0.01,""p_erase"":0.0,""r"":7,""run_id"":""85dc4b86326449a5e4d2267937782207589c000366e3fbe70d98bb3f9fb5a333""}",
        12,         2,         0,    14.0,mwpf__0e7c94a776c9d36b18431c37b59c5d54ed615181b4983b9359c243e9f764dfb4,18ed3080fc8dd3e2ad1b8ac4ffd96f6ee6464a3ae086c1352c800cbc7cd6c4b7,"{""circuit"":""surface_code:rotated_memory_x"",""cluster_node_limit"":50,""d"":7,""decoder"":""mwpf"",""decoder_type"":""SolverSerialJointSingleHair"",""p"":0.015,""p_erase"":0.0,""r"":7,""run_id"":""acdc3549d7b3f20ef13fd9539e517d8487bc2b0a145673bebaddb7b3e0579f70""}",
        36,         0,         0,    11.8,mwpf__b51c22942b58bed18bbe1e33230fc16d37f2f994d4a2eb9aac1a816c71f648b5,49723c50d532252a125a0f77a511824bc8ba2453ced225ca935be4f8ae908466,"{""circuit"":""surface_code:rotated_memory_x"",""cluster_node_limit"":50,""d"":11,""decoder"":""mwpf"",""decoder_type"":""SolverSerialJointSingleHair"",""p"":0.005,""p_erase"":0.0,""r"":11,""run_id"":""dc16d4efdc8c9f700a5975f7aeee7db9a23f8fb27d65c75c03a3aeb77312b5d0""}",
       168,         8,         0,    16.6,mwpf__71869c18a9a089d40b18edd25a7ba89978fac639dfba4267cf7ec0f8c602c1b8,a01cc1b908db7b76624bbdaed185a25417056dfe423183481572b126d2518af4,"{""circuit"":""surface_code:rotated_memory_x"",""cluster_node_limit"":50,""d"":7,""decoder"":""mwpf"",""decoder_type"":""SolverSerialJointSingleHair"",""p"":0.009,""p_erase"":0.0,""r"":7,""run_id"":""4b2052dd33b88244b8dc64e1aa696c4f0cef9c363b27e7d2cd9a4ccb51da3596""}",
         1,         1,         0,    2.98,mwpf__2513811017579026d7674ebe2393e0cc3aa91e0705b0a322adcdc3e99a3a038c,faaca1e550d6a99dde065c98f56a1aeef0a6af23a66e67c706b6ffdd967b8259,"{""circuit"":""surface_code:rotated_memory_x"",""cluster_node_limit"":50,""d"":9,""decoder"":""mwpf"",""decoder_type"":""SolverSerialJointSingleHair"",""p"":0.015,""p_erase"":0.0,""r"":9,""run_id"":""48b869192ebdc343a5330d4ec118d7f7605576a3810e15cb95222da28197c77e""}",
         1,         0,         0,    2.67,mwpf__9cae48f5e3591c089bc6ab38d1048ff40eccea18bbb014dfeddab7aa2d7f31d1,b1a3c246ef4012d88c26a2ea30d574bf92ca2552752ddf81ec8a92332035ebf1,"{""circuit"":""surface_code:rotated_memory_x"",""cluster_node_limit"":50,""d"":15,""decoder"":""mwpf"",""decoder_type"":""SolverSerialJointSingleHair"",""p"":0.006,""p_erase"":0.0,""r"":15,""run_id"":""e7f6735d2dfee2157036bacd032f738374b9b813e296fdfdaa2dfb6db2ce10a4""}",
         1,         0,         0,    2.46,mwpf__57391e40513f77c41f6a5a9525f7848296f820427a102e649174251c3ae8c6ad,c79309ca0aef5cbc081da3f3155afd72d2954938e38b055a062809320ce791a5,"{""circuit"":""surface_code:rotated_memory_x"",""cluster_node_limit"":50,""d"":11,""decoder"":""mwpf"",""decoder_type"":""SolverSerialJointSingleHair"",""p"":0.009,""p_erase"":0.0,""r"":11,""run_id"":""aafe4cc1c9371c3b19f54d96c87b12f95609d65a09ae8f01c1659b6987c891b7""}",
       192,         3,         0,    16.5,mwpf__0480aaa502c889192677deb2a1f79b047530feca1cf6dfaaff42d6ad35de660c,2428a4412b21fcaa2436e1c2e9c61819ecb01828206a188ce051a39d99979d3f,"{""circuit"":""surface_code:rotated_memory_x"",""cluster_node_limit"":50,""d"":7,""decoder"":""mwpf"",""decoder_type"":""SolverSerialJointSingleHair"",""p"":0.008,""p_erase"":0.0,""r"":7,""run_id"":""b0127341a48953a855ea3549247068ee7050e7461912fad56a38b1d8708ded61""}",
       592,         0,         0,    12.1,mwpf__b1e65b016886068417e23bc8e6fc3b5255b88b9358acef6c4d90bf957e517d18,31b39447a5c78d0b15a05b2c95790aeec81d5a48fd188b4f6a69524fe0d6720c,"{""circuit"":""surface_code:rotated_memory_x"",""cluster_node_limit"":50,""d"":7,""decoder"":""mwpf"",""decoder_type"":""SolverSerialJointSingleHair"",""p"":0.003,""p_erase"":0.0,""r"":7,""run_id"":""3e7768a46571fd1de5957ad6fb50ce7c500c937939ee9035abc77e8f3db0e162""}",
         1,         1,         0,    36.9,mwpf__f87c96aa3373dc2ac440982efc7a0366d20a84ef182cb742ac0fa82c0860091e,967472b0d94b02730a324424faedb234d075b92a6f91c8ca1ffc3113f4c29366,"{""circuit"":""surface_code:rotated_memory_x"",""cluster_node_limit"":50,""d"":13,""decoder"":""mwpf"",""decoder_type"":""SolverSerialJointSingleHair"",""p"":0.009,""p_erase"":0.0,""r"":13,""run_id"":""65973629100f086449ed2ff833d794e52240ce5150ad8e397c789e082dbbd661""}",
         1,         0,         0,    1.59,mwpf__4354fad67b436ede8412214e7847e96d2a7cf1df9086dbda576efeab7545c91a,631712db4ccb28ddc5b9ff2dac56c363881d6a2ef5db7d2d20d826f2c810d300,"{""circuit"":""surface_code:rotated_memory_x"",""cluster_node_limit"":50,""d"":15,""decoder"":""mwpf"",""decoder_type"":""SolverSerialJointSingleHair"",""p"":0.005,""p_erase"":0.0,""r"":15,""run_id"":""1d848605754125582de87074785173d9f8d2634048cb3776a258af5251c7c465""}",
       114,         2,         0,    18.4,mwpf__8c35bf1fe40791e0cc86728b65286dceac7fa4a3150955de718fb71e20591ac0,1db55f393cb47cd7701b494aee001a18fd4a230d6df85129178e6c37931db9f3,"{""circuit"":""surface_code:rotated_memory_x"",""cluster_node_limit"":50,""d"":9,""decoder"":""mwpf"",""decoder_type"":""SolverSerialJointSingleHair"",""p"":0.005,""p_erase"":0.0,""r"":9,""run_id"":""6ff49e3994bd55cd42a49411e80b5ece5d8b1ccd21e8041d4b16720db3ebea01""}",
         1,         0,         0,   0.782,mwpf__f87c96aa3373dc2ac440982efc7a0366d20a84ef182cb742ac0fa82c0860091e,967472b0d94b02730a324424faedb234d075b92a6f91c8ca1ffc3113f4c29366,"{""circuit"":""surface_code:rotated_memory_x"",""cluster_node_limit"":50,""d"":13,""decoder"":""mwpf"",""decoder_type"":""SolverSerialJointSingleHair"",""p"":0.009,""p_erase"":0.0,""r"":13,""run_id"":""65973629100f086449ed2ff833d794e52240ce5150ad8e397c789e082dbbd661""}",
         1,         0,         0,    2.23,mwpf__65cc82da5e33c4f59fbea0b968e342ff75897867edbc7eb9a86af26555b4d079,d984dd8cf1c44306b4070d86f0449ce6e97af834e7dc9b844c01ea04064bc71c,"{""circuit"":""surface_code:rotated_memory_x"",""cluster_node_limit"":50,""d"":13,""decoder"":""mwpf"",""decoder_type"":""SolverSerialJointSingleHair"",""p"":0.0075,""p_erase"":0.0,""r"":13,""run_id"":""145c87dc125c965ea510c81614a2b6d45eec9b437193173d0cb14f7efa403d78""}",
         8,         0,         0,    4.51,mwpf__460adf3e0fce8e97f8258edb7fcba81d39e0ef300a03fecec0ab3a6f75e38bf3,7f036904242460c4484e31eae9e01840ad71949550b570aebc2955bc4b43e0e0,"{""circuit"":""surface_code:rotated_memory_x"",""cluster_node_limit"":50,""d"":15,""decoder"":""mwpf"",""decoder_type"":""SolverSerialJointSingleHair"",""p"":0.004,""p_erase"":0.0,""r"":15,""run_id"":""1317d44bf99f5292f9e08d937043099db5ea6a123e4c5804cb2eff1c8e5d10e8""}",
        62,         0,         0,    13.5,mwpf__0ffad40cb78e56d31871ef678a2c2c220e01e0128694bf21b48103122ad96d78,1eeffca09c34ec66ea37833c9064e8ea37a416c4745e08373b9f3699fa053396,"{""circuit"":""surface_code:rotated_memory_x"",""cluster_node_limit"":50,""d"":9,""decoder"":""mwpf"",""decoder_type"":""SolverSerialJointSingleHair"",""p"":0.006,""p_erase"":0.0,""r"":9,""run_id"":""24bb5f6faf950c7f32be70c2a658f8a2aec69874df03f312866b1e584c72f944""}",
         1,         1,         0,    27.2,mwpf__4d095e94564aaf70b358e5d5ebb14c977585d24f71ee066d73c8d28da9e509d1,f558194f437a2b7eb02e26a0c3c685b29032de063b739c7351099f552cd87aa6,"{""circuit"":""surface_code:rotated_memory_x"",""cluster_node_limit"":50,""d"":9,""decoder"":""mwpf"",""decoder_type"":""SolverSerialJointSingleHair"",""p"":0.01,""p_erase"":0.0,""r"":9,""run_id"":""07c0f409e8370b67d9c8c55c2486281381c0937533be35a12e0610e26f05aded""}",
       136,         2,         0,    17.3,mwpf__761f3371de99df9efabba094f174e439214687dced9cc3cd6fcfd4925ef05ead,5373d5de17f66a3eb06d839f452c3912e4e626c22ca55edf6a2d0424cc80f5ce,"{""circuit"":""surface_code:rotated_memory_x"",""cluster_node_limit"":50,""d"":7,""decoder"":""mwpf"",""decoder_type"":""SolverSerialJointSingleHair"",""p"":0.007,""p_erase"":0.0,""r"":7,""run_id"":""cc23d39f806d6b050b42fdf6523d37ff1ded4115cd9804c1b1173f160297dfb9""}",
       192,         0,         0,    16.7,mwpf__51e8ee19cf0aaa70da53967b6319671a0062ce98a2bc87274e8dc28f0b80d783,80a8d8d8845ce59d024eed62a7aec2b46f82d021196b4658f49128b3cea863e2,"{""circuit"":""surface_code:rotated_memory_x"",""cluster_node_limit"":50,""d"":7,""decoder"":""mwpf"",""decoder_type"":""SolverSerialJointSingleHair"",""p"":0.005,""p_erase"":0.0,""r"":7,""run_id"":""3ff977703ebf3f566a41dac215e2bc8e682579cf7cec84db2f03627fcfabbad2""}",
       320,         1,         0,    17.3,mwpf__0d9aa11d665261a85b6152ce35c4d28399141c8834633741366e3ced28c5496e,9cb90efc03faa69e23b17dfc883ad5c9f049e23f8b4a263ea7026d53febd314f,"{""circuit"":""surface_code:rotated_memory_x"",""cluster_node_limit"":50,""d"":7,""decoder"":""mwpf"",""decoder_type"":""SolverSerialJointSingleHair"",""p"":0.004,""p_erase"":0.0,""r"":7,""run_id"":""bc63bb586674bf0943da17e714fe33cb9292304a00c52142dcc0aa98a48fe916""}",
         1,         0,         0,    2.44,mwpf__4354fad67b436ede8412214e7847e96d2a7cf1df9086dbda576efeab7545c91a,631712db4ccb28ddc5b9ff2dac56c363881d6a2ef5db7d2d20d826f2c810d300,"{""circuit"":""surface_code:rotated_memory_x"",""cluster_node_limit"":50,""d"":15,""decoder"":""mwpf"",""decoder_type"":""SolverSerialJointSingleHair"",""p"":0.005,""p_erase"":0.0,""r"":15,""run_id"":""1d848605754125582de87074785173d9f8d2634048cb3776a258af5251c7c465""}",
         4,         0,         0,    19.4,mwpf__27a571c12c515651d4ffcfb77cd014cbd564d8d59b84c23e14b783de48feab52,c7796fbd3a9ed9e25c88662f131fdcc3db567aa019543a6d04c9545bad45a9e6,"{""circuit"":""surface_code:rotated_memory_x"",""cluster_node_limit"":50,""d"":11,""decoder"":""mwpf"",""decoder_type"":""SolverSerialJointSingleHair"",""p"":0.008,""p_erase"":0.0,""r"":11,""run_id"":""a1c19c3e7f2e8098c81889b056bfa77224d1f0cf9b3deea17d360de81aae0496""}",
      1120,         9,         0,    17.8,mwpf__6d4510a60f3ab5a6af5bc8ff2f60857cc46b32094baeda08965a4d99c4f42aec,0cb3695c8696727a8873244b6e84d963d4eb9e0abd45b5a7328dfa907569f518,"{""circuit"":""surface_code:rotated_memory_x"",""cluster_node_limit"":50,""d"":5,""decoder"":""mwpf"",""decoder_type"":""SolverSerialJointSingleHair"",""p"":0.005,""p_erase"":0.0,""r"":5,""run_id"":""a9419091d73bd2c76a2c7e3604d34d847de2f4b02b85d0c3d0860c0754fc56d1""}",
       216,         4,         0,    18.3,mwpf__c6ba5eb607084c237766d2f1acb7719308a77ef713824e5c4b8d9fdd0cd4a1b6,f538726661a9ad85ba0d5eda8cd32b2cbddd0a923127051b03a5b9c672de5ae4,"{""circuit"":""surface_code:rotated_memory_x"",""cluster_node_limit"":50,""d"":7,""decoder"":""mwpf"",""decoder_type"":""SolverSerialJointSingleHair"",""p"":0.0075,""p_erase"":0.0,""r"":7,""run_id"":""746c0ed850e7a1c4899561c73e97af04ff040736013cde397145df4c660e1d2a""}",
         1,         0,         0,    2.30,mwpf__65cc82da5e33c4f59fbea0b968e342ff75897867edbc7eb9a86af26555b4d079,d984dd8cf1c44306b4070d86f0449ce6e97af834e7dc9b844c01ea04064bc71c,"{""circuit"":""surface_code:rotated_memory_x"",""cluster_node_limit"":50,""d"":13,""decoder"":""mwpf"",""decoder_type"":""SolverSerialJointSingleHair"",""p"":0.0075,""p_erase"":0.0,""r"":13,""run_id"":""145c87dc125c965ea510c81614a2b6d45eec9b437193173d0cb14f7efa403d78""}",
       204,        21,         0,    17.3,mwpf__3f1b64a9ac39918fdfc1d8685d2ae22620c080992f83b482a25d7b8f1adaea5a,0b2a8a048818ac11f66a73bdbd1d5dc5a971687b6a9c1ab5af8e2dcdd4f0c1bf,"{""circuit"":""surface_code:rotated_memory_x"",""cluster_node_limit"":50,""d"":5,""decoder"":""mwpf"",""decoder_type"":""SolverSerialJointSingleHair"",""p"":0.015,""p_erase"":0.0,""r"":5,""run_id"":""6fe96edac5c8fb2c1aed8ea14c67ceeb92423fdf3ce9e1c97fff0ce2aa5d5538""}",
         1,         0,         0,    2.70,mwpf__f87c96aa3373dc2ac440982efc7a0366d20a84ef182cb742ac0fa82c0860091e,967472b0d94b02730a324424faedb234d075b92a6f91c8ca1ffc3113f4c29366,"{""circuit"":""surface_code:rotated_memory_x"",""cluster_node_limit"":50,""d"":13,""decoder"":""mwpf"",""decoder_type"":""SolverSerialJointSingleHair"",""p"":0.009,""p_erase"":0.0,""r"":13,""run_id"":""65973629100f086449ed2ff833d794e52240ce5150ad8e397c789e082dbbd661""}",
       584,        10,         0,    17.3,mwpf__91ffc942ec0dda29e3cbefbf32236cf9a6f3fa7b23e4675ef61bf5a2d3aa5377,40546135e2bd9eb08f97c8c1c6115e8bc75406288d37472ee0445cd367e1721b,"{""circuit"":""surface_code:rotated_memory_x"",""cluster_node_limit"":50,""d"":5,""decoder"":""mwpf"",""decoder_type"":""SolverSerialJointSingleHair"",""p"":0.0075,""p_erase"":0.0,""r"":5,""run_id"":""5a57a6d0ff957d816c2c86860718eec6af832a23575ff55f991f4b130256fb39""}",
        29,         0,         0,    16.6,mwpf__657887243b5868399920fa937a3887ed9e2ac0d9d98cadc2e1a651e3f504cda0,d4553ef01c242393c1aeaba835587e05af3c08f66bad464752b049a3be541a37,"{""circuit"":""surface_code:rotated_memory_x"",""cluster_node_limit"":50,""d"":11,""decoder"":""mwpf"",""decoder_type"":""SolverSerialJointSingleHair"",""p"":0.0065,""p_erase"":0.0,""r"":11,""run_id"":""8e1df1698035a74962cf4fbf46e34daf5b11fbeb2de0990648bf3b88ed7162d9""}",
       148,         0,         0,    16.4,mwpf__8548f0e17df6ec2da00e239d3cc0f77db49812682ea7479645b8b7bbf459e376,3982ff67ef7e56884cb20ebd1c912dd13305efd49de30c97ba1d1d3d4ede83f3,"{""circuit"":""surface_code:rotated_memory_x"",""cluster_node_limit"":50,""d"":11,""decoder"":""mwpf"",""decoder_type"":""SolverSerialJointSingleHair"",""p"":0.003,""p_erase"":0.0,""r"":11,""run_id"":""f8aa956a2e2076433f554631dc774e205799286246e2bbf1a0cefd6d6db83727""}",
         1,         0,         0,    4.25,mwpf__9cae48f5e3591c089bc6ab38d1048ff40eccea18bbb014dfeddab7aa2d7f31d1,b1a3c246ef4012d88c26a2ea30d574bf92ca2552752ddf81ec8a92332035ebf1,"{""circuit"":""surface_code:rotated_memory_x"",""cluster_node_limit"":50,""d"":15,""decoder"":""mwpf"",""decoder_type"":""SolverSerialJointSingleHair"",""p"":0.006,""p_erase"":0.0,""r"":15,""run_id"":""e7f6735d2dfee2157036bacd032f738374b9b813e296fdfdaa2dfb6db2ce10a4""}",
       208,         0,         0,    12.4,mwpf__b86dfdc6edf5243fa953eba38df9eedffa26e17e861ff53898370ede6b3f4924,ed4377a6fc84ce98150c12b4f78cbf0f69f277dc7b34e1caecdce413a6651655,"{""circuit"":""surface_code:rotated_memory_x"",""cluster_node_limit"":50,""d"":9,""decoder"":""mwpf"",""decoder_type"":""SolverSerialJointSingleHair"",""p"":0.003,""p_erase"":0.0,""r"":9,""run_id"":""efe7c5548b07943d995a96c2060d6be39255a1f992a2a76f4714bdcbfad04986""}",
       168,         3,         0,    17.3,mwpf__7b751ba9c29dec22792ae2997abbcfb30aeccd30f12272dee86da02f98924346,ef36a2d62e6f27449c8c54ebc380941555cc4126bf8269beb48c5d4285c2c832,"{""circuit"":""surface_code:rotated_memory_x"",""cluster_node_limit"":50,""d"":7,""decoder"":""mwpf"",""decoder_type"":""SolverSerialJointSingleHair"",""p"":0.0065,""p_erase"":0.0,""r"":7,""run_id"":""2dbf0f369a61ab19037b084768e1601bc2d15a711cdebadba5827ddd88dd2495""}",
        46,         1,         0,    18.5,mwpf__6099ca9ba0e75d433e29cf0e99deb8fecdb2af5c2add85a0679af0a6cbc31454,059af26b3446a53a53fb02480a7d49eb29e7b3510b62d2455b645061774c7dd8,"{""circuit"":""surface_code:rotated_memory_x"",""cluster_node_limit"":50,""d"":9,""decoder"":""mwpf"",""decoder_type"":""SolverSerialJointSingleHair"",""p"":0.008,""p_erase"":0.0,""r"":9,""run_id"":""8dfac8c52a2bdb8ad1978822189831360902afd0bc2eb7a9333f1f5088b13a03""}",
        84,         0,         0,    16.7,mwpf__21df6b2b273042e1d2ed9f329f81aafabed1f5f52db8a49dfa00753827685509,88fba1d38adf9b5170f72959e8ad037789746d8b4d0c05adc7b86ff083a5f8ba,"{""circuit"":""surface_code:rotated_memory_x"",""cluster_node_limit"":50,""d"":13,""decoder"":""mwpf"",""decoder_type"":""SolverSerialJointSingleHair"",""p"":0.003,""p_erase"":0.0,""r"":13,""run_id"":""9c1c158be912dc2d5d59c6edb8c837f5c8480a5e1b0cd3bc21b958a6713a9a18""}",
       232,        14,         0,    16.9,mwpf__e098ae1eaf131a692c7d269ecd7c0b356809a18a2ccc52547656bea351773dd9,c4e2e9f4264f6040fcd119a2d32c96bd25a12364f525742dd40c8b2e504c5240,"{""circuit"":""surface_code:rotated_memory_x"",""cluster_node_limit"":50,""d"":5,""decoder"":""mwpf"",""decoder_type"":""SolverSerialJointSingleHair"",""p"":0.01,""p_erase"":0.0,""r"":5,""run_id"":""669fd91e75976823dd1cbb6f0d860524121f186f614db6fb259f60c1945fce8a""}",
         2,         0,         0,    1.16,mwpf__9cae48f5e3591c089bc6ab38d1048ff40eccea18bbb014dfeddab7aa2d7f31d1,b1a3c246ef4012d88c26a2ea30d574bf92ca2552752ddf81ec8a92332035ebf1,"{""circuit"":""surface_code:rotated_memory_x"",""cluster_node_limit"":50,""d"":15,""decoder"":""mwpf"",""decoder_type"":""SolverSerialJointSingleHair"",""p"":0.006,""p_erase"":0.0,""r"":15,""run_id"":""e7f6735d2dfee2157036bacd032f738374b9b813e296fdfdaa2dfb6db2ce10a4""}",
        29,         0,         0,    12.0,mwpf__7a95b4e0e46b327d000e116a0c1b8752a5233749e2ab488204b0555276cc7d20,3739a29a1a4cc537bb158528d425c3e0bc4b8143c997f57751cec9d6df3b5373,"{""circuit"":""surface_code:rotated_memory_x"",""cluster_node_limit"":50,""d"":11,""decoder"":""mwpf"",""decoder_type"":""SolverSerialJointSingleHair"",""p"":0.006,""p_erase"":0.0,""r"":11,""run_id"":""8004ec240d1464395bfc8a126a835b432e446c1a1cef8253e8138d42920ca974""}",
        19,         0,         0,    8.03,mwpf__5628b4a6b38fe29dbafc3c1893bf80accce86825995fe861aeeda54b9bdb548f,a05a45a3402b64c2124b61668c6f51fbe4ee785ce144baed29926f4237b57edf,"{""circuit"":""surface_code:rotated_memory_x"",""cluster_node_limit"":50,""d"":15,""decoder"":""mwpf"",""decoder_type"":""SolverSerialJointSingleHair"",""p"":0.003,""p_erase"":0.0,""r"":15,""run_id"":""5ab0f789e9276cc53f443c738e0824d6818252ef4016c736dbd7da5c9c2198f4""}",
        20,         0,         0,    16.9,mwpf__635e40dda6d3e96020ea75ae193e9dd537bd1e25622b042e0e59c0187110d1be,06dc2e6bd74ae874fe58d9f164c4486dc719c5118f922909b0e948fb9b7a211e,"{""circuit"":""surface_code:rotated_memory_x"",""cluster_node_limit"":50,""d"":13,""decoder"":""mwpf"",""decoder_type"":""SolverSerialJointSingleHair"",""p"":0.005,""p_erase"":0.0,""r"":13,""run_id"":""1dd32fbecda77a042c5f41d375ae2b79efd66b7adfe572570e9f313567b2202a""}",
       592,        11,         0,    17.6,mwpf__8b7aba4b42c55eac316a2911da8b71ada3c5c95714024fe9cb878eda2ed964eb,19dae4f12454abdb37e7a82e67feb6734eaa8650e81bd5af32a541e6d88fd6f1,"{""circuit"":""surface_code:rotated_memory_x"",""cluster_node_limit"":50,""d"":5,""decoder"":""mwpf"",""decoder_type"":""SolverSerialJointSingleHair"",""p"":0.0065,""p_erase"":0.0,""r"":5,""run_id"":""14c277d1360d884007b225112d7b983b9f2c5fc158d2870f656c6b2929b311b6""}",
         1,         0,         0,    12.9,mwpf__379f6dbce7a8107a155ae56b95b39b3b041fc70754e4109af3d0a79a7dc1064d,02bf57d656549d4ae6cbf5d702646ade8255c5271d45423d621fa1b7777a6908,"{""circuit"":""surface_code:rotated_memory_x"",""cluster_node_limit"":50,""d"":11,""decoder"":""mwpf"",""decoder_type"":""SolverSerialJointSingleHair"",""p"":0.01,""p_erase"":0.0,""r"":11,""run_id"":""f2936ce57f818d69f7e1b5c9954ec7387d9a1f53c4355bd88c213e49338e6b5b""}",
         4,         0,         0,    3.88,mwpf__4354fad67b436ede8412214e7847e96d2a7cf1df9086dbda576efeab7545c91a,631712db4ccb28ddc5b9ff2dac56c363881d6a2ef5db7d2d20d826f2c810d300,"{""circuit"":""surface_code:rotated_memory_x"",""cluster_node_limit"":50,""d"":15,""decoder"":""mwpf"",""decoder_type"":""SolverSerialJointSingleHair"",""p"":0.005,""p_erase"":0.0,""r"":15,""run_id"":""1d848605754125582de87074785173d9f8d2634048cb3776a258af5251c7c465""}",
       480,        14,         0,    17.0,mwpf__d6e273bec9b587e85ba4f19af1099d5769edba9e40437c8089c08ed25bd72758,5388f8eb2e6e41b439260433c3419bdbf5f8b4bd5b8e2a2c70a24a791cee3145,"{""circuit"":""surface_code:rotated_memory_x"",""cluster_node_limit"":50,""d"":5,""decoder"":""mwpf"",""decoder_type"":""SolverSerialJointSingleHair"",""p"":0.008,""p_erase"":0.0,""r"":5,""run_id"":""bfa3c7cba13850dd37e54bb29bb945687e3fe04272a3151e2ac8acb7416976e7""}",
        45,         0,         0,    16.8,mwpf__1c17b6ee16c741b8697b91cd285aaee9a8e106198ab113a3b41e17f1b62daa89,3627112f92c7e85ea6801db379ff16386d627c78375e4cf85abab0e7352f9166,"{""circuit"":""surface_code:rotated_memory_x"",""cluster_node_limit"":50,""d"":9,""decoder"":""mwpf"",""decoder_type"":""SolverSerialJointSingleHair"",""p"":0.007,""p_erase"":0.0,""r"":9,""run_id"":""afd2d1bea34409055a74153634f35b6efd9ed9b105183e8591ec4772c9d800e4""}",
         1,         0,         0,    1.67,mwpf__9cae48f5e3591c089bc6ab38d1048ff40eccea18bbb014dfeddab7aa2d7f31d1,b1a3c246ef4012d88c26a2ea30d574bf92ca2552752ddf81ec8a92332035ebf1,"{""circuit"":""surface_code:rotated_memory_x"",""cluster_node_limit"":50,""d"":15,""decoder"":""mwpf"",""decoder_type"":""SolverSerialJointSingleHair"",""p"":0.006,""p_erase"":0.0,""r"":15,""run_id"":""e7f6735d2dfee2157036bacd032f738374b9b813e296fdfdaa2dfb6db2ce10a4""}",
       148,         3,         0,    17.0,mwpf__e31bcda4313c15612f870938a65840ff53c2398150f9cb961189e5e84b026776,2367d5faa513e3a6decb45c2bdd8779be42812fdc67d351c372070210ef9e7dd,"{""circuit"":""surface_code:rotated_memory_x"",""cluster_node_limit"":50,""d"":7,""decoder"":""mwpf"",""decoder_type"":""SolverSerialJointSingleHair"",""p"":0.006,""p_erase"":0.0,""r"":7,""run_id"":""c569d24a00e94715f929354bdbd1860f950e40c56d976da161032d1bf73e9e9d""}",
       480,        11,         0,    17.1,mwpf__951eb3349e78cec2a155134d7fb171e1ad03d800a86442f3c4b76397f4c7fd4d,cde164a21cdab97d63839b3f64b1c2e5cf62ef5d8be22509c82bac34fbb3e2b2,"{""circuit"":""surface_code:rotated_memory_x"",""cluster_node_limit"":50,""d"":5,""decoder"":""mwpf"",""decoder_type"":""SolverSerialJointSingleHair"",""p"":0.007,""p_erase"":0.0,""r"":5,""run_id"":""fc11e6013551ff75fa4759b0fc71e28cb776c1e995679ad07f9247f45c9ad106""}",
         1,         0,         0,    64.6,mwpf__f9063755c39883c48737094eb951c81e28c0aefc8fc06c8eb835458a62282981,fdac3f78e7f3f721527d59c20e8b245fc629ff60f002686769ee78cadbe52a57,"{""circuit"":""surface_code:rotated_memory_x"",""cluster_node_limit"":50,""d"":13,""decoder"":""mwpf"",""decoder_type"":""SolverSerialJointSingleHair"",""p"":0.007,""p_erase"":0.0,""r"":13,""run_id"":""68d030e70085ac3f063fd9eaa2e4f59bd9a3703071bd2ef7fe33246307eb68cb""}",
         1,         0,         0,    4.34,mwpf__65cc82da5e33c4f59fbea0b968e342ff75897867edbc7eb9a86af26555b4d079,d984dd8cf1c44306b4070d86f0449ce6e97af834e7dc9b844c01ea04064bc71c,"{""circuit"":""surface_code:rotated_memory_x"",""cluster_node_limit"":50,""d"":13,""decoder"":""mwpf"",""decoder_type"":""SolverSerialJointSingleHair"",""p"":0.0075,""p_erase"":0.0,""r"":13,""run_id"":""145c87dc125c965ea510c81614a2b6d45eec9b437193173d0cb14f7efa403d78""}",
         6,         0,         0,    6.59,mwpf__460adf3e0fce8e97f8258edb7fcba81d39e0ef300a03fecec0ab3a6f75e38bf3,7f036904242460c4484e31eae9e01840ad71949550b570aebc2955bc4b43e0e0,"{""circuit"":""surface_code:rotated_memory_x"",""cluster_node_limit"":50,""d"":15,""decoder"":""mwpf"",""decoder_type"":""SolverSerialJointSingleHair"",""p"":0.004,""p_erase"":0.0,""r"":15,""run_id"":""1317d44bf99f5292f9e08d937043099db5ea6a123e4c5804cb2eff1c8e5d10e8""}",
         1,         0,         0,    4.22,mwpf__f87c96aa3373dc2ac440982efc7a0366d20a84ef182cb742ac0fa82c0860091e,967472b0d94b02730a324424faedb234d075b92a6f91c8ca1ffc3113f4c29366,"{""circuit"":""surface_code:rotated_memory_x"",""cluster_node_limit"":50,""d"":13,""decoder"":""mwpf"",""decoder_type"":""SolverSerialJointSingleHair"",""p"":0.009,""p_erase"":0.0,""r"":13,""run_id"":""65973629100f086449ed2ff833d794e52240ce5150ad8e397c789e082dbbd661""}",
       128,         0,         0,    11.8,mwpf__df232194f367aabe935bb4165a6f2a18934748069bb45308bdea72b5aa54cc52,91cc3f9bee6eacdc4ac1e2e6b8df0d38ece142e9760fded5c2a9edaa44f54857,"{""circuit"":""surface_code:rotated_memory_x"",""cluster_node_limit"":50,""d"":9,""decoder"":""mwpf"",""decoder_type"":""SolverSerialJointSingleHair"",""p"":0.004,""p_erase"":0.0,""r"":9,""run_id"":""4464f5804de6cb9a9718f832f08fe8f67d7fac0287acd1b900c7694bfd7b4af5""}",
         2,         2,         0,    8.20,mwpf__2513811017579026d7674ebe2393e0cc3aa91e0705b0a322adcdc3e99a3a038c,faaca1e550d6a99dde065c98f56a1aeef0a6af23a66e67c706b6ffdd967b8259,"{""circuit"":""surface_code:rotated_memory_x"",""cluster_node_limit"":50,""d"":9,""decoder"":""mwpf"",""decoder_type"":""SolverSerialJointSingleHair"",""p"":0.015,""p_erase"":0.0,""r"":9,""run_id"":""48b869192ebdc343a5330d4ec118d7f7605576a3810e15cb95222da28197c77e""}",
        11,         0,         0,    11.8,mwpf__d6e8817167c21e257031ce66381ee5547a20cccfb4c07657b5dadac3a6833f79,77c3f58796b3a8a06dbcfa38996887a82fbc4ff14750db8111f1c9a504ceb897,"{""circuit"":""surface_code:rotated_memory_x"",""cluster_node_limit"":50,""d"":11,""decoder"":""mwpf"",""decoder_type"":""SolverSerialJointSingleHair"",""p"":0.007,""p_erase"":0.0,""r"":11,""run_id"":""738582bca717139319653195fdb3aed07ff60eec35baeb0848929c7f5b5792fa""}",
        38,         0,         0,    16.6,mwpf__f72406d99baaa155e6537da23b921802aac7a0476bf592363ce60d85dc12f754,502cdaad1f5ad245d27f94b87cf52b63e8d9429b6075479c1cd1ab87feb4cda0,"{""circuit"":""surface_code:rotated_memory_x"",""cluster_node_limit"":50,""d"":13,""decoder"":""mwpf"",""decoder_type"":""SolverSerialJointSingleHair"",""p"":0.004,""p_erase"":0.0,""r"":13,""run_id"":""9c5f0f6384601a18598e9ec8096fd7d1f329b4fab58d65bfc72b05c12fd62fb2""}",
         2,         0,         0,    1.93,mwpf__9cae48f5e3591c089bc6ab38d1048ff40eccea18bbb014dfeddab7aa2d7f31d1,b1a3c246ef4012d88c26a2ea30d574bf92ca2552752ddf81ec8a92332035ebf1,"{""circuit"":""surface_code:rotated_memory_x"",""cluster_node_limit"":50,""d"":15,""decoder"":""mwpf"",""decoder_type"":""SolverSerialJointSingleHair"",""p"":0.006,""p_erase"":0.0,""r"":15,""run_id"":""e7f6735d2dfee2157036bacd032f738374b9b813e296fdfdaa2dfb6db2ce10a4""}",
        21,         0,         0,    17.2,mwpf__1e6eb1b7d5a2ec0e953a7cb244b33bc530e16f23c32db88007fc1c7b035f330b,4b7230cba9d61504918ac10d685a7d051d9b1c23b970118aff9533c10c21a028,"{""circuit"":""surface_code:rotated_memory_x"",""cluster_node_limit"":50,""d"":11,""decoder"":""mwpf"",""decoder_type"":""SolverSerialJointSingleHair"",""p"":0.0075,""p_erase"":0.0,""r"":11,""run_id"":""d141b2a8478788124b5b1cb4085ff0997ab6fd837791f95217839732d3f5a11a""}",
        50,         0,         0,    17.5,mwpf__816dbb216f33548bde82700373ed8762c4588f7e736c0d6ce8bbd83718eb9bc4,4a103945d4b3e03fb447b3f991894618fed8c7625561e2ed8d29b4caf27b2618,"{""circuit"":""surface_code:rotated_memory_x"",""cluster_node_limit"":50,""d"":11,""decoder"":""mwpf"",""decoder_type"":""SolverSerialJointSingleHair"",""p"":0.004,""p_erase"":0.0,""r"":11,""run_id"":""3083dc33435eff96398d9127ce3d8e2c144ff987bf7bc12ab2896614c67e19b0""}",
      1568,         6,         0,    19.2,mwpf__6dc40dd78a7537f759b93670cd0af0008adf279fbc2acda6010b04619b90078a,71b64adea95d26ec136e0f6d5c44173faab2351254ae92ff6c2fb79fe431c3f7,"{""circuit"":""surface_code:rotated_memory_x"",""cluster_node_limit"":50,""d"":5,""decoder"":""mwpf"",""decoder_type"":""SolverSerialJointSingleHair"",""p"":0.004,""p_erase"":0.0,""r"":5,""run_id"":""2c1d23bd89bcf5d6d623dffd52817527ab5ba820bb8c60558a749cc97b051f30""}",
         1,         0,         0,    1.71,mwpf__f9063755c39883c48737094eb951c81e28c0aefc8fc06c8eb835458a62282981,fdac3f78e7f3f721527d59c20e8b245fc629ff60f002686769ee78cadbe52a57,"{""circuit"":""surface_code:rotated_memory_x"",""cluster_node_limit"":50,""d"":13,""decoder"":""mwpf"",""decoder_type"":""SolverSerialJointSingleHair"",""p"":0.007,""p_erase"":0.0,""r"":13,""run_id"":""68d030e70085ac3f063fd9eaa2e4f59bd9a3703071bd2ef7fe33246307eb68cb""}",
        60,         3,         0,    18.7,mwpf__5690b4a8bc9c88c24efb060e4e655ea926b0a3cafb8eccb6b16e13bcfa6f8f57,2319881ca4af7e340fa0dc5e54cc6bc5ff4176d44f6e7028a967f989b1262cd0,"{""circuit"":""surface_code:rotated_memory_x"",""cluster_node_limit"":50,""d"":9,""decoder"":""mwpf"",""decoder_type"":""SolverSerialJointSingleHair"",""p"":0.0065,""p_erase"":0.0,""r"":9,""run_id"":""bcb66dbf1963af5450bb3b51e6950f2b7fc1b6490e9ba479a670b91dc4b2af88""}",
        28,         0,         0,    19.3,mwpf__ef4bd14b406ebb94921d73b05e28e9be274fd0180168db54ebfe9ad4abb5c3dd,813034dd365f90862ad3456e088d05537a5961eea78ad69b71aff0330e723902,"{""circuit"":""surface_code:rotated_memory_x"",""cluster_node_limit"":50,""d"":9,""decoder"":""mwpf"",""decoder_type"":""SolverSerialJointSingleHair"",""p"":0.0075,""p_erase"":0.0,""r"":9,""run_id"":""d43e2110d6096cb21b3dc2507099ab1df8f05023ab41bfbd088fbc12277e6cad""}",
         1,         0,         0,   0.939,mwpf__f9063755c39883c48737094eb951c81e28c0aefc8fc06c8eb835458a62282981,fdac3f78e7f3f721527d59c20e8b245fc629ff60f002686769ee78cadbe52a57,"{""circuit"":""surface_code:rotated_memory_x"",""cluster_node_limit"":50,""d"":13,""decoder"":""mwpf"",""decoder_type"":""SolverSerialJointSingleHair"",""p"":0.007,""p_erase"":0.0,""r"":13,""run_id"":""68d030e70085ac3f063fd9eaa2e4f59bd9a3703071bd2ef7fe33246307eb68cb""}",
         1,         1,         0,    2.55,mwpf__2513811017579026d7674ebe2393e0cc3aa91e0705b0a322adcdc3e99a3a038c,faaca1e550d6a99dde065c98f56a1aeef0a6af23a66e67c706b6ffdd967b8259,"{""circuit"":""surface_code:rotated_memory_x"",""cluster_node_limit"":50,""d"":9,""decoder"":""mwpf"",""decoder_type"":""SolverSerialJointSingleHair"",""p"":0.015,""p_erase"":0.0,""r"":9,""run_id"":""48b869192ebdc343a5330d4ec118d7f7605576a3810e15cb95222da28197c77e""}",
        20,         2,         0,    13.3,mwpf__f1ba2c1f600b7a69e787fba16d98ab1a9190d2cbf22cb139f6d85f0963050ecd,362d43fe567b84549d5b408b2c9937944a18c5015578d62368865481ce9a1280,"{""circuit"":""surface_code:rotated_memory_x"",""cluster_node_limit"":50,""d"":9,""decoder"":""mwpf"",""decoder_type"":""SolverSerialJointSingleHair"",""p"":0.009,""p_erase"":0.0,""r"":9,""run_id"":""38d09452ebb2ff3ecc7153e5d90de64e1415b048dd2df4f50bcd6553bab20233""}",
         1,         0,         0,   0.456,mwpf__f9063755c39883c48737094eb951c81e28c0aefc8fc06c8eb835458a62282981,fdac3f78e7f3f721527d59c20e8b245fc629ff60f002686769ee78cadbe52a57,"{""circuit"":""surface_code:rotated_memory_x"",""cluster_node_limit"":50,""d"":13,""decoder"":""mwpf"",""decoder_type"":""SolverSerialJointSingleHair"",""p"":0.007,""p_erase"":0.0,""r"":13,""run_id"":""68d030e70085ac3f063fd9eaa2e4f59bd9a3703071bd2ef7fe33246307eb68cb""}",
         2,         0,         0,    2.16,mwpf__9cae48f5e3591c089bc6ab38d1048ff40eccea18bbb014dfeddab7aa2d7f31d1,b1a3c246ef4012d88c26a2ea30d574bf92ca2552752ddf81ec8a92332035ebf1,"{""circuit"":""surface_code:rotated_memory_x"",""cluster_node_limit"":50,""d"":15,""decoder"":""mwpf"",""decoder_type"":""SolverSerialJointSingleHair"",""p"":0.006,""p_erase"":0.0,""r"":15,""run_id"":""e7f6735d2dfee2157036bacd032f738374b9b813e296fdfdaa2dfb6db2ce10a4""}",
         6,         0,         0,    4.61,mwpf__4354fad67b436ede8412214e7847e96d2a7cf1df9086dbda576efeab7545c91a,631712db4ccb28ddc5b9ff2dac56c363881d6a2ef5db7d2d20d826f2c810d300,"{""circuit"":""surface_code:rotated_memory_x"",""cluster_node_limit"":50,""d"":15,""decoder"":""mwpf"",""decoder_type"":""SolverSerialJointSingleHair"",""p"":0.005,""p_erase"":0.0,""r"":15,""run_id"":""1d848605754125582de87074785173d9f8d2634048cb3776a258af5251c7c465""}",
         3,         1,         0,    11.3,mwpf__57391e40513f77c41f6a5a9525f7848296f820427a102e649174251c3ae8c6ad,c79309ca0aef5cbc081da3f3155afd72d2954938e38b055a062809320ce791a5,"{""circuit"":""surface_code:rotated_memory_x"",""cluster_node_limit"":50,""d"":11,""decoder"":""mwpf"",""decoder_type"":""SolverSerialJointSingleHair"",""p"":0.009,""p_erase"":0.0,""r"":11,""run_id"":""aafe4cc1c9371c3b19f54d96c87b12f95609d65a09ae8f01c1659b6987c891b7""}",
         1,         0,         0,   0.713,mwpf__f9063755c39883c48737094eb951c81e28c0aefc8fc06c8eb835458a62282981,fdac3f78e7f3f721527d59c20e8b245fc629ff60f002686769ee78cadbe52a57,"{""circuit"":""surface_code:rotated_memory_x"",""cluster_node_limit"":50,""d"":13,""decoder"":""mwpf"",""decoder_type"":""SolverSerialJointSingleHair"",""p"":0.007,""p_erase"":0.0,""r"":13,""run_id"":""68d030e70085ac3f063fd9eaa2e4f59bd9a3703071bd2ef7fe33246307eb68cb""}",
      3008,         2,         0,    16.5,mwpf__1c59223be739329e89f3e2f13123f7a8f4b0534135cf1e86feb02275412b9cb4,0634ed5aa73fe8e8c1c641cba85bef34b7d4eda6b029d2ee4500c76f6a3e6dd0,"{""circuit"":""surface_code:rotated_memory_x"",""cluster_node_limit"":50,""d"":5,""decoder"":""mwpf"",""decoder_type"":""SolverSerialJointSingleHair"",""p"":0.003,""p_erase"":0.0,""r"":5,""run_id"":""15e3edac26702bd06daa1bb3e90bddb5f87b2bb2b182b8fed1b9f8d68845e848""}",
         1,         1,         0,    58.4,mwpf__a6b6da67b5a1e3aee36e902e05bc27326d78be9dd6ded0079178275595d97db4,975f0201b4cb8fbc22b31e92b5a4c7217d41d2b1e9aa757dd34f5038ce274cbb,"{""circuit"":""surface_code:rotated_memory_x"",""cluster_node_limit"":50,""d"":13,""decoder"":""mwpf"",""decoder_type"":""SolverSerialJointSingleHair"",""p"":0.01,""p_erase"":0.0,""r"":13,""run_id"":""60330d6f5bf5854d1adf85492d2c34237bf72fd74536795960111cd95bbbe05d""}",
         1,         0,         0,    5.17,mwpf__f87c96aa3373dc2ac440982efc7a0366d20a84ef182cb742ac0fa82c0860091e,967472b0d94b02730a324424faedb234d075b92a6f91c8ca1ffc3113f4c29366,"{""circuit"":""surface_code:rotated_memory_x"",""cluster_node_limit"":50,""d"":13,""decoder"":""mwpf"",""decoder_type"":""SolverSerialJointSingleHair"",""p"":0.009,""p_erase"":0.0,""r"":13,""run_id"":""65973629100f086449ed2ff833d794e52240ce5150ad8e397c789e082dbbd661""}",
         1,         1,         0,    39.7,mwpf__8bb61e09f7bcc5e1739dca591edf2ac47cfd8e6d0a8d37b846585404dc5bca8c,44e8efe04bb5aaf1fd1bfe54f6ecda8b38e546dd279785a8842f21f607e8ffb3,"{""circuit"":""surface_code:rotated_memory_x"",""cluster_node_limit"":50,""d"":11,""decoder"":""mwpf"",""decoder_type"":""SolverSerialJointSingleHair"",""p"":0.015,""p_erase"":0.0,""r"":11,""run_id"":""a3623304233dc67bf5d1d91e76da9f951bf8b6f50c5b9123c73e74001027638a""}",
         1,         0,         0,    1.59,mwpf__a6b6da67b5a1e3aee36e902e05bc27326d78be9dd6ded0079178275595d97db4,975f0201b4cb8fbc22b31e92b5a4c7217d41d2b1e9aa757dd34f5038ce274cbb,"{""circuit"":""surface_code:rotated_memory_x"",""cluster_node_limit"":50,""d"":13,""decoder"":""mwpf"",""decoder_type"":""SolverSerialJointSingleHair"",""p"":0.01,""p_erase"":0.0,""r"":13,""run_id"":""60330d6f5bf5854d1adf85492d2c34237bf72fd74536795960111cd95bbbe05d""}",
         1,         1,         0,    3.16,mwpf__2513811017579026d7674ebe2393e0cc3aa91e0705b0a322adcdc3e99a3a038c,faaca1e550d6a99dde065c98f56a1aeef0a6af23a66e67c706b6ffdd967b8259,"{""circuit"":""surface_code:rotated_memory_x"",""cluster_node_limit"":50,""d"":9,""decoder"":""mwpf"",""decoder_type"":""SolverSerialJointSingleHair"",""p"":0.015,""p_erase"":0.0,""r"":9,""run_id"":""48b869192ebdc343a5330d4ec118d7f7605576a3810e15cb95222da28197c77e""}",
         1,         0,         0,    2.62,mwpf__f9063755c39883c48737094eb951c81e28c0aefc8fc06c8eb835458a62282981,fdac3f78e7f3f721527d59c20e8b245fc629ff60f002686769ee78cadbe52a57,"{""circuit"":""surface_code:rotated_memory_x"",""cluster_node_limit"":50,""d"":13,""decoder"":""mwpf"",""decoder_type"":""SolverSerialJointSingleHair"",""p"":0.007,""p_erase"":0.0,""r"":13,""run_id"":""68d030e70085ac3f063fd9eaa2e4f59bd9a3703071bd2ef7fe33246307eb68cb""}",
         1,         0,         0,    3.33,mwpf__9cae48f5e3591c089bc6ab38d1048ff40eccea18bbb014dfeddab7aa2d7f31d1,b1a3c246ef4012d88c26a2ea30d574bf92ca2552752ddf81ec8a92332035ebf1,"{""circuit"":""surface_code:rotated_memory_x"",""cluster_node_limit"":50,""d"":15,""decoder"":""mwpf"",""decoder_type"":""SolverSerialJointSingleHair"",""p"":0.006,""p_erase"":0.0,""r"":15,""run_id"":""e7f6735d2dfee2157036bacd032f738374b9b813e296fdfdaa2dfb6db2ce10a4""}",
        27,         0,         0,    9.00,mwpf__5628b4a6b38fe29dbafc3c1893bf80accce86825995fe861aeeda54b9bdb548f,a05a45a3402b64c2124b61668c6f51fbe4ee785ce144baed29926f4237b57edf,"{""circuit"":""surface_code:rotated_memory_x"",""cluster_node_limit"":50,""d"":15,""decoder"":""mwpf"",""decoder_type"":""SolverSerialJointSingleHair"",""p"":0.003,""p_erase"":0.0,""r"":15,""run_id"":""5ab0f789e9276cc53f443c738e0824d6818252ef4016c736dbd7da5c9c2198f4""}",
         1,         0,         0,   0.810,mwpf__f9063755c39883c48737094eb951c81e28c0aefc8fc06c8eb835458a62282981,fdac3f78e7f3f721527d59c20e8b245fc629ff60f002686769ee78cadbe52a57,"{""circuit"":""surface_code:rotated_memory_x"",""cluster_node_limit"":50,""d"":13,""decoder"":""mwpf"",""decoder_type"":""SolverSerialJointSingleHair"",""p"":0.007,""p_erase"":0.0,""r"":13,""run_id"":""68d030e70085ac3f063fd9eaa2e4f59bd9a3703071bd2ef7fe33246307eb68cb""}",
         1,         0,         0,    81.6,mwpf__bfd5b310e8eced2354db1dce9c9fad845aa941e3b26e0c6170d4068b017cfba0,315ebfc19e03e72c6148aeb55af9b476378911c97521531ba47e2c6cf8462c43,"{""circuit"":""surface_code:rotated_memory_x"",""cluster_node_limit"":50,""d"":13,""decoder"":""mwpf"",""decoder_type"":""SolverSerialJointSingleHair"",""p"":0.0065,""p_erase"":0.0,""r"":13,""run_id"":""d6e6b5f30d5c430c1d008316473642c9132dda56a771c87d942a1c6853aa6d9e""}",
         6,         1,         0,    13.4,mwpf__4d095e94564aaf70b358e5d5ebb14c977585d24f71ee066d73c8d28da9e509d1,f558194f437a2b7eb02e26a0c3c685b29032de063b739c7351099f552cd87aa6,"{""circuit"":""surface_code:rotated_memory_x"",""cluster_node_limit"":50,""d"":9,""decoder"":""mwpf"",""decoder_type"":""SolverSerialJointSingleHair"",""p"":0.01,""p_erase"":0.0,""r"":9,""run_id"":""07c0f409e8370b67d9c8c55c2486281381c0937533be35a12e0610e26f05aded""}",
         1,         0,         0,   0.611,mwpf__bfd5b310e8eced2354db1dce9c9fad845aa941e3b26e0c6170d4068b017cfba0,315ebfc19e03e72c6148aeb55af9b476378911c97521531ba47e2c6cf8462c43,"{""circuit"":""surface_code:rotated_memory_x"",""cluster_node_limit"":50,""d"":13,""decoder"":""mwpf"",""decoder_type"":""SolverSerialJointSingleHair"",""p"":0.0065,""p_erase"":0.0,""r"":13,""run_id"":""d6e6b5f30d5c430c1d008316473642c9132dda56a771c87d942a1c6853aa6d9e""}",
       400,        14,         0,    17.3,mwpf__74b18df185b22796a559f32f488c1f95ef0d82d34c256906317561e4acce78ec,ff1f59d74e0a85a29f4995de86372e17ef6d73f50ef84112e0cd3a298e221696,"{""circuit"":""surface_code:rotated_memory_x"",""cluster_node_limit"":50,""d"":5,""decoder"":""mwpf"",""decoder_type"":""SolverSerialJointSingleHair"",""p"":0.009,""p_erase"":0.0,""r"":5,""run_id"":""c32281a89ec9fb6ef8731b931cbe729d04602aba0eeadfec21fc1875143cc8af""}",
         1,         0,         0,    1.07,mwpf__f9063755c39883c48737094eb951c81e28c0aefc8fc06c8eb835458a62282981,fdac3f78e7f3f721527d59c20e8b245fc629ff60f002686769ee78cadbe52a57,"{""circuit"":""surface_code:rotated_memory_x"",""cluster_node_limit"":50,""d"":13,""decoder"":""mwpf"",""decoder_type"":""SolverSerialJointSingleHair"",""p"":0.007,""p_erase"":0.0,""r"":13,""run_id"":""68d030e70085ac3f063fd9eaa2e4f59bd9a3703071bd2ef7fe33246307eb68cb""}",
         1,         0,         0,    9.91,mwpf__379f6dbce7a8107a155ae56b95b39b3b041fc70754e4109af3d0a79a7dc1064d,02bf57d656549d4ae6cbf5d702646ade8255c5271d45423d621fa1b7777a6908,"{""circuit"":""surface_code:rotated_memory_x"",""cluster_node_limit"":50,""d"":11,""decoder"":""mwpf"",""decoder_type"":""SolverSerialJointSingleHair"",""p"":0.01,""p_erase"":0.0,""r"":11,""run_id"":""f2936ce57f818d69f7e1b5c9954ec7387d9a1f53c4355bd88c213e49338e6b5b""}",
         1,         0,         0,   0.635,mwpf__bfd5b310e8eced2354db1dce9c9fad845aa941e3b26e0c6170d4068b017cfba0,315ebfc19e03e72c6148aeb55af9b476378911c97521531ba47e2c6cf8462c43,"{""circuit"":""surface_code:rotated_memory_x"",""cluster_node_limit"":50,""d"":13,""decoder"":""mwpf"",""decoder_type"":""SolverSerialJointSingleHair"",""p"":0.0065,""p_erase"":0.0,""r"":13,""run_id"":""d6e6b5f30d5c430c1d008316473642c9132dda56a771c87d942a1c6853aa6d9e""}",
        31,         7,         0,    17.2,mwpf__0e7c94a776c9d36b18431c37b59c5d54ed615181b4983b9359c243e9f764dfb4,18ed3080fc8dd3e2ad1b8ac4ffd96f6ee6464a3ae086c1352c800cbc7cd6c4b7,"{""circuit"":""surface_code:rotated_memory_x"",""cluster_node_limit"":50,""d"":7,""decoder"":""mwpf"",""decoder_type"":""SolverSerialJointSingleHair"",""p"":0.015,""p_erase"":0.0,""r"":7,""run_id"":""acdc3549d7b3f20ef13fd9539e517d8487bc2b0a145673bebaddb7b3e0579f70""}",
         1,         0,         0,    3.61,mwpf__f87c96aa3373dc2ac440982efc7a0366d20a84ef182cb742ac0fa82c0860091e,967472b0d94b02730a324424faedb234d075b92a6f91c8ca1ffc3113f4c29366,"{""circuit"":""surface_code:rotated_memory_x"",""cluster_node_limit"":50,""d"":13,""decoder"":""mwpf"",""decoder_type"":""SolverSerialJointSingleHair"",""p"":0.009,""p_erase"":0.0,""r"":13,""run_id"":""65973629100f086449ed2ff833d794e52240ce5150ad8e397c789e082dbbd661""}",
       624,        13,         0,    18.6,mwpf__9d3e7a869e7911d9ce122143a3492c036ddd4432f11bd090435ee7772beb17ae,6d5c7f274b75ae537824437920d4a7ca50ed98e1dfa880fcbb9eccb2e87a1048,"{""circuit"":""surface_code:rotated_memory_x"",""cluster_node_limit"":50,""d"":5,""decoder"":""mwpf"",""decoder_type"":""SolverSerialJointSingleHair"",""p"":0.006,""p_erase"":0.0,""r"":5,""run_id"":""136e458ea1bb00db5031dfe54473bc21d7f67216ffcf15b01c0f763ac55c92f3""}",
       720,         0,         0,    17.0,mwpf__b1e65b016886068417e23bc8e6fc3b5255b88b9358acef6c4d90bf957e517d18,31b39447a5c78d0b15a05b2c95790aeec81d5a48fd188b4f6a69524fe0d6720c,"{""circuit"":""surface_code:rotated_memory_x"",""cluster_node_limit"":50,""d"":7,""decoder"":""mwpf"",""decoder_type"":""SolverSerialJointSingleHair"",""p"":0.003,""p_erase"":0.0,""r"":7,""run_id"":""3e7768a46571fd1de5957ad6fb50ce7c500c937939ee9035abc77e8f3db0e162""}",
         7,         0,         0,    6.17,mwpf__4354fad67b436ede8412214e7847e96d2a7cf1df9086dbda576efeab7545c91a,631712db4ccb28ddc5b9ff2dac56c363881d6a2ef5db7d2d20d826f2c810d300,"{""circuit"":""surface_code:rotated_memory_x"",""cluster_node_limit"":50,""d"":15,""decoder"":""mwpf"",""decoder_type"":""SolverSerialJointSingleHair"",""p"":0.005,""p_erase"":0.0,""r"":15,""run_id"":""1d848605754125582de87074785173d9f8d2634048cb3776a258af5251c7c465""}",
         1,         0,         0,    1.72,mwpf__f9063755c39883c48737094eb951c81e28c0aefc8fc06c8eb835458a62282981,fdac3f78e7f3f721527d59c20e8b245fc629ff60f002686769ee78cadbe52a57,"{""circuit"":""surface_code:rotated_memory_x"",""cluster_node_limit"":50,""d"":13,""decoder"":""mwpf"",""decoder_type"":""SolverSerialJointSingleHair"",""p"":0.007,""p_erase"":0.0,""r"":13,""run_id"":""68d030e70085ac3f063fd9eaa2e4f59bd9a3703071bd2ef7fe33246307eb68cb""}",
        64,         0,         0,    18.6,mwpf__b51c22942b58bed18bbe1e33230fc16d37f2f994d4a2eb9aac1a816c71f648b5,49723c50d532252a125a0f77a511824bc8ba2453ced225ca935be4f8ae908466,"{""circuit"":""surface_code:rotated_memory_x"",""cluster_node_limit"":50,""d"":11,""decoder"":""mwpf"",""decoder_type"":""SolverSerialJointSingleHair"",""p"":0.005,""p_erase"":0.0,""r"":11,""run_id"":""dc16d4efdc8c9f700a5975f7aeee7db9a23f8fb27d65c75c03a3aeb77312b5d0""}",
        94,         2,         0,    16.8,mwpf__0ffad40cb78e56d31871ef678a2c2c220e01e0128694bf21b48103122ad96d78,1eeffca09c34ec66ea37833c9064e8ea37a416c4745e08373b9f3699fa053396,"{""circuit"":""surface_code:rotated_memory_x"",""cluster_node_limit"":50,""d"":9,""decoder"":""mwpf"",""decoder_type"":""SolverSerialJointSingleHair"",""p"":0.006,""p_erase"":0.0,""r"":9,""run_id"":""24bb5f6faf950c7f32be70c2a658f8a2aec69874df03f312866b1e584c72f944""}",
         7,         0,         0,    24.2,mwpf__4f2003d1a89cbab61d79e87a09a2976b8dd26d83c596509b48a165ee5488bbeb,175546001eaf15e5eec910e644a4e44db259318c59115eb89bfe0c8686f47616,"{""circuit"":""surface_code:rotated_memory_x"",""cluster_node_limit"":50,""d"":13,""decoder"":""mwpf"",""decoder_type"":""SolverSerialJointSingleHair"",""p"":0.006,""p_erase"":0.0,""r"":13,""run_id"":""62be0f9566ae226642dba313ffd2ee6fb56abf4ecd764eb123ecb3879eba54f4""}",
         1,         0,         0,    1.77,mwpf__f87c96aa3373dc2ac440982efc7a0366d20a84ef182cb742ac0fa82c0860091e,967472b0d94b02730a324424faedb234d075b92a6f91c8ca1ffc3113f4c29366,"{""circuit"":""surface_code:rotated_memory_x"",""cluster_node_limit"":50,""d"":13,""decoder"":""mwpf"",""decoder_type"":""SolverSerialJointSingleHair"",""p"":0.009,""p_erase"":0.0,""r"":13,""run_id"":""65973629100f086449ed2ff833d794e52240ce5150ad8e397c789e082dbbd661""}",
     11520,       771,         0,    23.3,mwpf__b0b7dc35549e4684aaf56d7f39208097266fbb01b99fc634aa5cc65cb30d3fd9,28ac44c8c5b47a07887bdc431a672e9f8611047ab24d905f93db9d3c36d03445,"{""circuit"":""surface_code:rotated_memory_x"",""cluster_node_limit"":50,""d"":3,""decoder"":""mwpf"",""decoder_type"":""SolverSerialJointSingleHair"",""p"":0.015,""p_erase"":0.0,""r"":3,""run_id"":""b44761db4df8b64c8917c437ae7fe1c452a55149c1dc7a5ca0f619d5bff0315c""}",
         4,         0,         0,    4.17,mwpf__9cae48f5e3591c089bc6ab38d1048ff40eccea18bbb014dfeddab7aa2d7f31d1,b1a3c246ef4012d88c26a2ea30d574bf92ca2552752ddf81ec8a92332035ebf1,"{""circuit"":""surface_code:rotated_memory_x"",""cluster_node_limit"":50,""d"":15,""decoder"":""mwpf"",""decoder_type"":""SolverSerialJointSingleHair"",""p"":0.006,""p_erase"":0.0,""r"":15,""run_id"":""e7f6735d2dfee2157036bacd032f738374b9b813e296fdfdaa2dfb6db2ce10a4""}",
         1,         0,         0,   0.630,mwpf__f87c96aa3373dc2ac440982efc7a0366d20a84ef182cb742ac0fa82c0860091e,967472b0d94b02730a324424faedb234d075b92a6f91c8ca1ffc3113f4c29366,"{""circuit"":""surface_code:rotated_memory_x"",""cluster_node_limit"":50,""d"":13,""decoder"":""mwpf"",""decoder_type"":""SolverSerialJointSingleHair"",""p"":0.009,""p_erase"":0.0,""r"":13,""run_id"":""65973629100f086449ed2ff833d794e52240ce5150ad8e397c789e082dbbd661""}",
       352,         0,         0,    16.9,mwpf__b86dfdc6edf5243fa953eba38df9eedffa26e17e861ff53898370ede6b3f4924,ed4377a6fc84ce98150c12b4f78cbf0f69f277dc7b34e1caecdce413a6651655,"{""circuit"":""surface_code:rotated_memory_x"",""cluster_node_limit"":50,""d"":9,""decoder"":""mwpf"",""decoder_type"":""SolverSerialJointSingleHair"",""p"":0.003,""p_erase"":0.0,""r"":9,""run_id"":""efe7c5548b07943d995a96c2060d6be39255a1f992a2a76f4714bdcbfad04986""}",
         1,         0,         0,    7.94,mwpf__8bb61e09f7bcc5e1739dca591edf2ac47cfd8e6d0a8d37b846585404dc5bca8c,44e8efe04bb5aaf1fd1bfe54f6ecda8b38e546dd279785a8842f21f607e8ffb3,"{""circuit"":""surface_code:rotated_memory_x"",""cluster_node_limit"":50,""d"":11,""decoder"":""mwpf"",""decoder_type"":""SolverSerialJointSingleHair"",""p"":0.015,""p_erase"":0.0,""r"":11,""run_id"":""a3623304233dc67bf5d1d91e76da9f951bf8b6f50c5b9123c73e74001027638a""}",
         1,         0,         0,    3.57,mwpf__f9063755c39883c48737094eb951c81e28c0aefc8fc06c8eb835458a62282981,fdac3f78e7f3f721527d59c20e8b245fc629ff60f002686769ee78cadbe52a57,"{""circuit"":""surface_code:rotated_memory_x"",""cluster_node_limit"":50,""d"":13,""decoder"":""mwpf"",""decoder_type"":""SolverSerialJointSingleHair"",""p"":0.007,""p_erase"":0.0,""r"":13,""run_id"":""68d030e70085ac3f063fd9eaa2e4f59bd9a3703071bd2ef7fe33246307eb68cb""}",
         5,         0,         0,    14.2,mwpf__65cc82da5e33c4f59fbea0b968e342ff75897867edbc7eb9a86af26555b4d079,d984dd8cf1c44306b4070d86f0449ce6e97af834e7dc9b844c01ea04064bc71c,"{""circuit"":""surface_code:rotated_memory_x"",""cluster_node_limit"":50,""d"":13,""decoder"":""mwpf"",""decoder_type"":""SolverSerialJointSingleHair"",""p"":0.0075,""p_erase"":0.0,""r"":13,""run_id"":""145c87dc125c965ea510c81614a2b6d45eec9b437193173d0cb14f7efa403d78""}",
         2,         1,         0,    8.62,mwpf__2513811017579026d7674ebe2393e0cc3aa91e0705b0a322adcdc3e99a3a038c,faaca1e550d6a99dde065c98f56a1aeef0a6af23a66e67c706b6ffdd967b8259,"{""circuit"":""surface_code:rotated_memory_x"",""cluster_node_limit"":50,""d"":9,""decoder"":""mwpf"",""decoder_type"":""SolverSerialJointSingleHair"",""p"":0.015,""p_erase"":0.0,""r"":9,""run_id"":""48b869192ebdc343a5330d4ec118d7f7605576a3810e15cb95222da28197c77e""}",
       216,        15,         0,    23.1,mwpf__71869c18a9a089d40b18edd25a7ba89978fac639dfba4267cf7ec0f8c602c1b8,a01cc1b908db7b76624bbdaed185a25417056dfe423183481572b126d2518af4,"{""circuit"":""surface_code:rotated_memory_x"",""cluster_node_limit"":50,""d"":7,""decoder"":""mwpf"",""decoder_type"":""SolverSerialJointSingleHair"",""p"":0.009,""p_erase"":0.0,""r"":7,""run_id"":""4b2052dd33b88244b8dc64e1aa696c4f0cef9c363b27e7d2cd9a4ccb51da3596""}",
       178,        11,         0,    23.7,mwpf__e0a55262cf1f1a7a613b4765b0629e55d0b3fe9d54b863fbeff7519c53c8e351,34913737fb3f42b5d01e95eaa7e9bb6ec2ccceeb90dac3afed499a1716fb1a4c,"{""circuit"":""surface_code:rotated_memory_x"",""cluster_node_limit"":50,""d"":7,""decoder"":""mwpf"",""decoder_type"":""SolverSerialJointSingleHair"",""p"":0.01,""p_erase"":0.0,""r"":7,""run_id"":""85dc4b86326449a5e4d2267937782207589c000366e3fbe70d98bb3f9fb5a333""}",
       256,         8,         0,    23.1,mwpf__0480aaa502c889192677deb2a1f79b047530feca1cf6dfaaff42d6ad35de660c,2428a4412b21fcaa2436e1c2e9c61819ecb01828206a188ce051a39d99979d3f,"{""circuit"":""surface_code:rotated_memory_x"",""cluster_node_limit"":50,""d"":7,""decoder"":""mwpf"",""decoder_type"":""SolverSerialJointSingleHair"",""p"":0.008,""p_erase"":0.0,""r"":7,""run_id"":""b0127341a48953a855ea3549247068ee7050e7461912fad56a38b1d8708ded61""}",
         7,         0,         0,    15.7,mwpf__460adf3e0fce8e97f8258edb7fcba81d39e0ef300a03fecec0ab3a6f75e38bf3,7f036904242460c4484e31eae9e01840ad71949550b570aebc2955bc4b43e0e0,"{""circuit"":""surface_code:rotated_memory_x"",""cluster_node_limit"":50,""d"":15,""decoder"":""mwpf"",""decoder_type"":""SolverSerialJointSingleHair"",""p"":0.004,""p_erase"":0.0,""r"":15,""run_id"":""1317d44bf99f5292f9e08d937043099db5ea6a123e4c5804cb2eff1c8e5d10e8""}",
        30,         0,         0,    18.4,mwpf__7a95b4e0e46b327d000e116a0c1b8752a5233749e2ab488204b0555276cc7d20,3739a29a1a4cc537bb158528d425c3e0bc4b8143c997f57751cec9d6df3b5373,"{""circuit"":""surface_code:rotated_memory_x"",""cluster_node_limit"":50,""d"":11,""decoder"":""mwpf"",""decoder_type"":""SolverSerialJointSingleHair"",""p"":0.006,""p_erase"":0.0,""r"":11,""run_id"":""8004ec240d1464395bfc8a126a835b432e446c1a1cef8253e8138d42920ca974""}",
       164,         2,         0,    16.5,mwpf__df232194f367aabe935bb4165a6f2a18934748069bb45308bdea72b5aa54cc52,91cc3f9bee6eacdc4ac1e2e6b8df0d38ece142e9760fded5c2a9edaa44f54857,"{""circuit"":""surface_code:rotated_memory_x"",""cluster_node_limit"":50,""d"":9,""decoder"":""mwpf"",""decoder_type"":""SolverSerialJointSingleHair"",""p"":0.004,""p_erase"":0.0,""r"":9,""run_id"":""4464f5804de6cb9a9718f832f08fe8f67d7fac0287acd1b900c7694bfd7b4af5""}",
         1,         0,         0,    3.15,mwpf__f9063755c39883c48737094eb951c81e28c0aefc8fc06c8eb835458a62282981,fdac3f78e7f3f721527d59c20e8b245fc629ff60f002686769ee78cadbe52a57,"{""circuit"":""surface_code:rotated_memory_x"",""cluster_node_limit"":50,""d"":13,""decoder"":""mwpf"",""decoder_type"":""SolverSerialJointSingleHair"",""p"":0.007,""p_erase"":0.0,""r"":13,""run_id"":""68d030e70085ac3f063fd9eaa2e4f59bd9a3703071bd2ef7fe33246307eb68cb""}",
         1,         0,         0,    5.51,mwpf__f87c96aa3373dc2ac440982efc7a0366d20a84ef182cb742ac0fa82c0860091e,967472b0d94b02730a324424faedb234d075b92a6f91c8ca1ffc3113f4c29366,"{""circuit"":""surface_code:rotated_memory_x"",""cluster_node_limit"":50,""d"":13,""decoder"":""mwpf"",""decoder_type"":""SolverSerialJointSingleHair"",""p"":0.009,""p_erase"":0.0,""r"":13,""run_id"":""65973629100f086449ed2ff833d794e52240ce5150ad8e397c789e082dbbd661""}",
       104,         2,         0,    24.2,mwpf__8c35bf1fe40791e0cc86728b65286dceac7fa4a3150955de718fb71e20591ac0,1db55f393cb47cd7701b494aee001a18fd4a230d6df85129178e6c37931db9f3,"{""circuit"":""surface_code:rotated_memory_x"",""cluster_node_limit"":50,""d"":9,""decoder"":""mwpf"",""decoder_type"":""SolverSerialJointSingleHair"",""p"":0.005,""p_erase"":0.0,""r"":9,""run_id"":""6ff49e3994bd55cd42a49411e80b5ece5d8b1ccd21e8041d4b16720db3ebea01""}",
       384,         1,         0,    23.0,mwpf__51e8ee19cf0aaa70da53967b6319671a0062ce98a2bc87274e8dc28f0b80d783,80a8d8d8845ce59d024eed62a7aec2b46f82d021196b4658f49128b3cea863e2,"{""circuit"":""surface_code:rotated_memory_x"",""cluster_node_limit"":50,""d"":7,""decoder"":""mwpf"",""decoder_type"":""SolverSerialJointSingleHair"",""p"":0.005,""p_erase"":0.0,""r"":7,""run_id"":""3ff977703ebf3f566a41dac215e2bc8e682579cf7cec84db2f03627fcfabbad2""}",
         8,         2,         0,    22.6,mwpf__27a571c12c515651d4ffcfb77cd014cbd564d8d59b84c23e14b783de48feab52,c7796fbd3a9ed9e25c88662f131fdcc3db567aa019543a6d04c9545bad45a9e6,"{""circuit"":""surface_code:rotated_memory_x"",""cluster_node_limit"":50,""d"":11,""decoder"":""mwpf"",""decoder_type"":""SolverSerialJointSingleHair"",""p"":0.008,""p_erase"":0.0,""r"":11,""run_id"":""a1c19c3e7f2e8098c81889b056bfa77224d1f0cf9b3deea17d360de81aae0496""}",
       260,         3,         0,    23.6,mwpf__761f3371de99df9efabba094f174e439214687dced9cc3cd6fcfd4925ef05ead,5373d5de17f66a3eb06d839f452c3912e4e626c22ca55edf6a2d0424cc80f5ce,"{""circuit"":""surface_code:rotated_memory_x"",""cluster_node_limit"":50,""d"":7,""decoder"":""mwpf"",""decoder_type"":""SolverSerialJointSingleHair"",""p"":0.007,""p_erase"":0.0,""r"":7,""run_id"":""cc23d39f806d6b050b42fdf6523d37ff1ded4115cd9804c1b1173f160297dfb9""}",
         1,         0,         0,    1.17,mwpf__f87c96aa3373dc2ac440982efc7a0366d20a84ef182cb742ac0fa82c0860091e,967472b0d94b02730a324424faedb234d075b92a6f91c8ca1ffc3113f4c29366,"{""circuit"":""surface_code:rotated_memory_x"",""cluster_node_limit"":50,""d"":13,""decoder"":""mwpf"",""decoder_type"":""SolverSerialJointSingleHair"",""p"":0.009,""p_erase"":0.0,""r"":13,""run_id"":""65973629100f086449ed2ff833d794e52240ce5150ad8e397c789e082dbbd661""}",
        32,         0,         0,    17.8,mwpf__d6e8817167c21e257031ce66381ee5547a20cccfb4c07657b5dadac3a6833f79,77c3f58796b3a8a06dbcfa38996887a82fbc4ff14750db8111f1c9a504ceb897,"{""circuit"":""surface_code:rotated_memory_x"",""cluster_node_limit"":50,""d"":11,""decoder"":""mwpf"",""decoder_type"":""SolverSerialJointSingleHair"",""p"":0.007,""p_erase"":0.0,""r"":11,""run_id"":""738582bca717139319653195fdb3aed07ff60eec35baeb0848929c7f5b5792fa""}",
       520,         3,         0,    23.4,mwpf__0d9aa11d665261a85b6152ce35c4d28399141c8834633741366e3ced28c5496e,9cb90efc03faa69e23b17dfc883ad5c9f049e23f8b4a263ea7026d53febd314f,"{""circuit"":""surface_code:rotated_memory_x"",""cluster_node_limit"":50,""d"":7,""decoder"":""mwpf"",""decoder_type"":""SolverSerialJointSingleHair"",""p"":0.004,""p_erase"":0.0,""r"":7,""run_id"":""bc63bb586674bf0943da17e714fe33cb9292304a00c52142dcc0aa98a48fe916""}",
         7,         0,         0,    8.79,mwpf__4354fad67b436ede8412214e7847e96d2a7cf1df9086dbda576efeab7545c91a,631712db4ccb28ddc5b9ff2dac56c363881d6a2ef5db7d2d20d826f2c810d300,"{""circuit"":""surface_code:rotated_memory_x"",""cluster_node_limit"":50,""d"":15,""decoder"":""mwpf"",""decoder_type"":""SolverSerialJointSingleHair"",""p"":0.005,""p_erase"":0.0,""r"":15,""run_id"":""1d848605754125582de87074785173d9f8d2634048cb3776a258af5251c7c465""}",
      1344,         6,         0,    23.0,mwpf__6d4510a60f3ab5a6af5bc8ff2f60857cc46b32094baeda08965a4d99c4f42aec,0cb3695c8696727a8873244b6e84d963d4eb9e0abd45b5a7328dfa907569f518,"{""circuit"":""surface_code:rotated_memory_x"",""cluster_node_limit"":50,""d"":5,""decoder"":""mwpf"",""decoder_type"":""SolverSerialJointSingleHair"",""p"":0.005,""p_erase"":0.0,""r"":5,""run_id"":""a9419091d73bd2c76a2c7e3604d34d847de2f4b02b85d0c3d0860c0754fc56d1""}",
       296,        10,         0,    23.3,mwpf__c6ba5eb607084c237766d2f1acb7719308a77ef713824e5c4b8d9fdd0cd4a1b6,f538726661a9ad85ba0d5eda8cd32b2cbddd0a923127051b03a5b9c672de5ae4,"{""circuit"":""surface_code:rotated_memory_x"",""cluster_node_limit"":50,""d"":7,""decoder"":""mwpf"",""decoder_type"":""SolverSerialJointSingleHair"",""p"":0.0075,""p_erase"":0.0,""r"":7,""run_id"":""746c0ed850e7a1c4899561c73e97af04ff040736013cde397145df4c660e1d2a""}",
        32,         0,         0,    11.8,mwpf__5628b4a6b38fe29dbafc3c1893bf80accce86825995fe861aeeda54b9bdb548f,a05a45a3402b64c2124b61668c6f51fbe4ee785ce144baed29926f4237b57edf,"{""circuit"":""surface_code:rotated_memory_x"",""cluster_node_limit"":50,""d"":15,""decoder"":""mwpf"",""decoder_type"":""SolverSerialJointSingleHair"",""p"":0.003,""p_erase"":0.0,""r"":15,""run_id"":""5ab0f789e9276cc53f443c738e0824d6818252ef4016c736dbd7da5c9c2198f4""}",
        90,         0,         0,    17.6,mwpf__816dbb216f33548bde82700373ed8762c4588f7e736c0d6ce8bbd83718eb9bc4,4a103945d4b3e03fb447b3f991894618fed8c7625561e2ed8d29b4caf27b2618,"{""circuit"":""surface_code:rotated_memory_x"",""cluster_node_limit"":50,""d"":11,""decoder"":""mwpf"",""decoder_type"":""SolverSerialJointSingleHair"",""p"":0.004,""p_erase"":0.0,""r"":11,""run_id"":""3083dc33435eff96398d9127ce3d8e2c144ff987bf7bc12ab2896614c67e19b0""}",
        25,         3,         0,    16.6,mwpf__f1ba2c1f600b7a69e787fba16d98ab1a9190d2cbf22cb139f6d85f0963050ecd,362d43fe567b84549d5b408b2c9937944a18c5015578d62368865481ce9a1280,"{""circuit"":""surface_code:rotated_memory_x"",""cluster_node_limit"":50,""d"":9,""decoder"":""mwpf"",""decoder_type"":""SolverSerialJointSingleHair"",""p"":0.009,""p_erase"":0.0,""r"":9,""run_id"":""38d09452ebb2ff3ecc7153e5d90de64e1415b048dd2df4f50bcd6553bab20233""}",
      4223,       323,         0,    8.76,mwpf__b0b7dc35549e4684aaf56d7f39208097266fbb01b99fc634aa5cc65cb30d3fd9,28ac44c8c5b47a07887bdc431a672e9f8611047ab24d905f93db9d3c36d03445,"{""circuit"":""surface_code:rotated_memory_x"",""cluster_node_limit"":50,""d"":3,""decoder"":""mwpf"",""decoder_type"":""SolverSerialJointSingleHair"",""p"":0.015,""p_erase"":0.0,""r"":3,""run_id"":""b44761db4df8b64c8917c437ae7fe1c452a55149c1dc7a5ca0f619d5bff0315c""}",
       268,        29,         0,    23.7,mwpf__3f1b64a9ac39918fdfc1d8685d2ae22620c080992f83b482a25d7b8f1adaea5a,0b2a8a048818ac11f66a73bdbd1d5dc5a971687b6a9c1ab5af8e2dcdd4f0c1bf,"{""circuit"":""surface_code:rotated_memory_x"",""cluster_node_limit"":50,""d"":5,""decoder"":""mwpf"",""decoder_type"":""SolverSerialJointSingleHair"",""p"":0.015,""p_erase"":0.0,""r"":5,""run_id"":""6fe96edac5c8fb2c1aed8ea14c67ceeb92423fdf3ce9e1c97fff0ce2aa5d5538""}",
         9,         1,         0,    11.9,mwpf__4d095e94564aaf70b358e5d5ebb14c977585d24f71ee066d73c8d28da9e509d1,f558194f437a2b7eb02e26a0c3c685b29032de063b739c7351099f552cd87aa6,"{""circuit"":""surface_code:rotated_memory_x"",""cluster_node_limit"":50,""d"":9,""decoder"":""mwpf"",""decoder_type"":""SolverSerialJointSingleHair"",""p"":0.01,""p_erase"":0.0,""r"":9,""run_id"":""07c0f409e8370b67d9c8c55c2486281381c0937533be35a12e0610e26f05aded""}",
       194,         0,         0,    23.3,mwpf__8548f0e17df6ec2da00e239d3cc0f77db49812682ea7479645b8b7bbf459e376,3982ff67ef7e56884cb20ebd1c912dd13305efd49de30c97ba1d1d3d4ede83f3,"{""circuit"":""surface_code:rotated_memory_x"",""cluster_node_limit"":50,""d"":11,""decoder"":""mwpf"",""decoder_type"":""SolverSerialJointSingleHair"",""p"":0.003,""p_erase"":0.0,""r"":11,""run_id"":""f8aa956a2e2076433f554631dc774e205799286246e2bbf1a0cefd6d6db83727""}",
         2,         0,         0,    9.02,mwpf__9cae48f5e3591c089bc6ab38d1048ff40eccea18bbb014dfeddab7aa2d7f31d1,b1a3c246ef4012d88c26a2ea30d574bf92ca2552752ddf81ec8a92332035ebf1,"{""circuit"":""surface_code:rotated_memory_x"",""cluster_node_limit"":50,""d"":15,""decoder"":""mwpf"",""decoder_type"":""SolverSerialJointSingleHair"",""p"":0.006,""p_erase"":0.0,""r"":15,""run_id"":""e7f6735d2dfee2157036bacd032f738374b9b813e296fdfdaa2dfb6db2ce10a4""}",
        19,         0,         0,    23.6,mwpf__657887243b5868399920fa937a3887ed9e2ac0d9d98cadc2e1a651e3f504cda0,d4553ef01c242393c1aeaba835587e05af3c08f66bad464752b049a3be541a37,"{""circuit"":""surface_code:rotated_memory_x"",""cluster_node_limit"":50,""d"":11,""decoder"":""mwpf"",""decoder_type"":""SolverSerialJointSingleHair"",""p"":0.0065,""p_erase"":0.0,""r"":11,""run_id"":""8e1df1698035a74962cf4fbf46e34daf5b11fbeb2de0990648bf3b88ed7162d9""}",
         2,         0,         0,    3.44,mwpf__f9063755c39883c48737094eb951c81e28c0aefc8fc06c8eb835458a62282981,fdac3f78e7f3f721527d59c20e8b245fc629ff60f002686769ee78cadbe52a57,"{""circuit"":""surface_code:rotated_memory_x"",""cluster_node_limit"":50,""d"":13,""decoder"":""mwpf"",""decoder_type"":""SolverSerialJointSingleHair"",""p"":0.007,""p_erase"":0.0,""r"":13,""run_id"":""68d030e70085ac3f063fd9eaa2e4f59bd9a3703071bd2ef7fe33246307eb68cb""}",
       472,        22,         0,    23.2,mwpf__e098ae1eaf131a692c7d269ecd7c0b356809a18a2ccc52547656bea351773dd9,c4e2e9f4264f6040fcd119a2d32c96bd25a12364f525742dd40c8b2e504c5240,"{""circuit"":""surface_code:rotated_memory_x"",""cluster_node_limit"":50,""d"":5,""decoder"":""mwpf"",""decoder_type"":""SolverSerialJointSingleHair"",""p"":0.01,""p_erase"":0.0,""r"":5,""run_id"":""669fd91e75976823dd1cbb6f0d860524121f186f614db6fb259f60c1945fce8a""}",
       109,         0,         0,    23.3,mwpf__21df6b2b273042e1d2ed9f329f81aafabed1f5f52db8a49dfa00753827685509,88fba1d38adf9b5170f72959e8ad037789746d8b4d0c05adc7b86ff083a5f8ba,"{""circuit"":""surface_code:rotated_memory_x"",""cluster_node_limit"":50,""d"":13,""decoder"":""mwpf"",""decoder_type"":""SolverSerialJointSingleHair"",""p"":0.003,""p_erase"":0.0,""r"":13,""run_id"":""9c1c158be912dc2d5d59c6edb8c837f5c8480a5e1b0cd3bc21b958a6713a9a18""}",
         1,         0,         0,    12.6,mwpf__379f6dbce7a8107a155ae56b95b39b3b041fc70754e4109af3d0a79a7dc1064d,02bf57d656549d4ae6cbf5d702646ade8255c5271d45423d621fa1b7777a6908,"{""circuit"":""surface_code:rotated_memory_x"",""cluster_node_limit"":50,""d"":11,""decoder"":""mwpf"",""decoder_type"":""SolverSerialJointSingleHair"",""p"":0.01,""p_erase"":0.0,""r"":11,""run_id"":""f2936ce57f818d69f7e1b5c9954ec7387d9a1f53c4355bd88c213e49338e6b5b""}",
        40,         0,         0,    23.3,mwpf__635e40dda6d3e96020ea75ae193e9dd537bd1e25622b042e0e59c0187110d1be,06dc2e6bd74ae874fe58d9f164c4486dc719c5118f922909b0e948fb9b7a211e,"{""circuit"":""surface_code:rotated_memory_x"",""cluster_node_limit"":50,""d"":13,""decoder"":""mwpf"",""decoder_type"":""SolverSerialJointSingleHair"",""p"":0.005,""p_erase"":0.0,""r"":13,""run_id"":""1dd32fbecda77a042c5f41d375ae2b79efd66b7adfe572570e9f313567b2202a""}",
       872,        19,         0,    23.4,mwpf__8b7aba4b42c55eac316a2911da8b71ada3c5c95714024fe9cb878eda2ed964eb,19dae4f12454abdb37e7a82e67feb6734eaa8650e81bd5af32a541e6d88fd6f1,"{""circuit"":""surface_code:rotated_memory_x"",""cluster_node_limit"":50,""d"":5,""decoder"":""mwpf"",""decoder_type"":""SolverSerialJointSingleHair"",""p"":0.0065,""p_erase"":0.0,""r"":5,""run_id"":""14c277d1360d884007b225112d7b983b9f2c5fc158d2870f656c6b2929b311b6""}",
       600,        16,         0,    23.4,mwpf__d6e273bec9b587e85ba4f19af1099d5769edba9e40437c8089c08ed25bd72758,5388f8eb2e6e41b439260433c3419bdbf5f8b4bd5b8e2a2c70a24a791cee3145,"{""circuit"":""surface_code:rotated_memory_x"",""cluster_node_limit"":50,""d"":5,""decoder"":""mwpf"",""decoder_type"":""SolverSerialJointSingleHair"",""p"":0.008,""p_erase"":0.0,""r"":5,""run_id"":""bfa3c7cba13850dd37e54bb29bb945687e3fe04272a3151e2ac8acb7416976e7""}",
        79,         1,         0,    23.3,mwpf__1c17b6ee16c741b8697b91cd285aaee9a8e106198ab113a3b41e17f1b62daa89,3627112f92c7e85ea6801db379ff16386d627c78375e4cf85abab0e7352f9166,"{""circuit"":""surface_code:rotated_memory_x"",""cluster_node_limit"":50,""d"":9,""decoder"":""mwpf"",""decoder_type"":""SolverSerialJointSingleHair"",""p"":0.007,""p_erase"":0.0,""r"":9,""run_id"":""afd2d1bea34409055a74153634f35b6efd9ed9b105183e8591ec4772c9d800e4""}",
       688,        15,         0,    26.5,mwpf__91ffc942ec0dda29e3cbefbf32236cf9a6f3fa7b23e4675ef61bf5a2d3aa5377,40546135e2bd9eb08f97c8c1c6115e8bc75406288d37472ee0445cd367e1721b,"{""circuit"":""surface_code:rotated_memory_x"",""cluster_node_limit"":50,""d"":5,""decoder"":""mwpf"",""decoder_type"":""SolverSerialJointSingleHair"",""p"":0.0075,""p_erase"":0.0,""r"":5,""run_id"":""5a57a6d0ff957d816c2c86860718eec6af832a23575ff55f991f4b130256fb39""}",
       240,         5,         0,    23.5,mwpf__e31bcda4313c15612f870938a65840ff53c2398150f9cb961189e5e84b026776,2367d5faa513e3a6decb45c2bdd8779be42812fdc67d351c372070210ef9e7dd,"{""circuit"":""surface_code:rotated_memory_x"",""cluster_node_limit"":50,""d"":7,""decoder"":""mwpf"",""decoder_type"":""SolverSerialJointSingleHair"",""p"":0.006,""p_erase"":0.0,""r"":7,""run_id"":""c569d24a00e94715f929354bdbd1860f950e40c56d976da161032d1bf73e9e9d""}",
       816,         8,         0,    24.4,mwpf__951eb3349e78cec2a155134d7fb171e1ad03d800a86442f3c4b76397f4c7fd4d,cde164a21cdab97d63839b3f64b1c2e5cf62ef5d8be22509c82bac34fbb3e2b2,"{""circuit"":""surface_code:rotated_memory_x"",""cluster_node_limit"":50,""d"":5,""decoder"":""mwpf"",""decoder_type"":""SolverSerialJointSingleHair"",""p"":0.007,""p_erase"":0.0,""r"":5,""run_id"":""fc11e6013551ff75fa4759b0fc71e28cb776c1e995679ad07f9247f45c9ad106""}",
       224,         2,         0,    27.6,mwpf__7b751ba9c29dec22792ae2997abbcfb30aeccd30f12272dee86da02f98924346,ef36a2d62e6f27449c8c54ebc380941555cc4126bf8269beb48c5d4285c2c832,"{""circuit"":""surface_code:rotated_memory_x"",""cluster_node_limit"":50,""d"":7,""decoder"":""mwpf"",""decoder_type"":""SolverSerialJointSingleHair"",""p"":0.0065,""p_erase"":0.0,""r"":7,""run_id"":""2dbf0f369a61ab19037b084768e1601bc2d15a711cdebadba5827ddd88dd2495""}",
        19,         1,         0,    23.4,mwpf__1e6eb1b7d5a2ec0e953a7cb244b33bc530e16f23c32db88007fc1c7b035f330b,4b7230cba9d61504918ac10d685a7d051d9b1c23b970118aff9533c10c21a028,"{""circuit"":""surface_code:rotated_memory_x"",""cluster_node_limit"":50,""d"":11,""decoder"":""mwpf"",""decoder_type"":""SolverSerialJointSingleHair"",""p"":0.0075,""p_erase"":0.0,""r"":11,""run_id"":""d141b2a8478788124b5b1cb4085ff0997ab6fd837791f95217839732d3f5a11a""}",
         2,         0,         0,    4.72,mwpf__f9063755c39883c48737094eb951c81e28c0aefc8fc06c8eb835458a62282981,fdac3f78e7f3f721527d59c20e8b245fc629ff60f002686769ee78cadbe52a57,"{""circuit"":""surface_code:rotated_memory_x"",""cluster_node_limit"":50,""d"":13,""decoder"":""mwpf"",""decoder_type"":""SolverSerialJointSingleHair"",""p"":0.007,""p_erase"":0.0,""r"":13,""run_id"":""68d030e70085ac3f063fd9eaa2e4f59bd9a3703071bd2ef7fe33246307eb68cb""}",
        63,         0,         0,    24.6,mwpf__f72406d99baaa155e6537da23b921802aac7a0476bf592363ce60d85dc12f754,502cdaad1f5ad245d27f94b87cf52b63e8d9429b6075479c1cd1ab87feb4cda0,"{""circuit"":""surface_code:rotated_memory_x"",""cluster_node_limit"":50,""d"":13,""decoder"":""mwpf"",""decoder_type"":""SolverSerialJointSingleHair"",""p"":0.004,""p_erase"":0.0,""r"":13,""run_id"":""9c5f0f6384601a18598e9ec8096fd7d1f329b4fab58d65bfc72b05c12fd62fb2""}",
         2,         0,         0,    10.8,mwpf__65cc82da5e33c4f59fbea0b968e342ff75897867edbc7eb9a86af26555b4d079,d984dd8cf1c44306b4070d86f0449ce6e97af834e7dc9b844c01ea04064bc71c,"{""circuit"":""surface_code:rotated_memory_x"",""cluster_node_limit"":50,""d"":13,""decoder"":""mwpf"",""decoder_type"":""SolverSerialJointSingleHair"",""p"":0.0075,""p_erase"":0.0,""r"":13,""run_id"":""145c87dc125c965ea510c81614a2b6d45eec9b437193173d0cb14f7efa403d78""}",
        65,         1,         0,    23.2,mwpf__ef4bd14b406ebb94921d73b05e28e9be274fd0180168db54ebfe9ad4abb5c3dd,813034dd365f90862ad3456e088d05537a5961eea78ad69b71aff0330e723902,"{""circuit"":""surface_code:rotated_memory_x"",""cluster_node_limit"":50,""d"":9,""decoder"":""mwpf"",""decoder_type"":""SolverSerialJointSingleHair"",""p"":0.0075,""p_erase"":0.0,""r"":9,""run_id"":""d43e2110d6096cb21b3dc2507099ab1df8f05023ab41bfbd088fbc12277e6cad""}",
        90,         3,         0,    23.8,mwpf__5690b4a8bc9c88c24efb060e4e655ea926b0a3cafb8eccb6b16e13bcfa6f8f57,2319881ca4af7e340fa0dc5e54cc6bc5ff4176d44f6e7028a967f989b1262cd0,"{""circuit"":""surface_code:rotated_memory_x"",""cluster_node_limit"":50,""d"":9,""decoder"":""mwpf"",""decoder_type"":""SolverSerialJointSingleHair"",""p"":0.0065,""p_erase"":0.0,""r"":9,""run_id"":""bcb66dbf1963af5450bb3b51e6950f2b7fc1b6490e9ba479a670b91dc4b2af88""}",
      2176,         7,         0,    24.0,mwpf__6dc40dd78a7537f759b93670cd0af0008adf279fbc2acda6010b04619b90078a,71b64adea95d26ec136e0f6d5c44173faab2351254ae92ff6c2fb79fe431c3f7,"{""circuit"":""surface_code:rotated_memory_x"",""cluster_node_limit"":50,""d"":5,""decoder"":""mwpf"",""decoder_type"":""SolverSerialJointSingleHair"",""p"":0.004,""p_erase"":0.0,""r"":5,""run_id"":""2c1d23bd89bcf5d6d623dffd52817527ab5ba820bb8c60558a749cc97b051f30""}",
         1,         0,         0,    3.78,mwpf__f1d36c636e1a9ef52b14dba041fee8465812fb7288803d86af19604b1883e5d0,f14127e1b26e7260f45d64f290c72496df316f544ff41028dc60910011c744ea,"{""circuit"":""surface_code:rotated_memory_x"",""cluster_node_limit"":50,""d"":15,""decoder"":""mwpf"",""decoder_type"":""SolverSerialJointSingleHair"",""p"":0.0065,""p_erase"":0.0,""r"":15,""run_id"":""099fb0de991ed794c4f96762d5c58060cd4760043ff47042e9e141a090895ce0""}",
         5,         0,         0,    7.70,mwpf__9cae48f5e3591c089bc6ab38d1048ff40eccea18bbb014dfeddab7aa2d7f31d1,b1a3c246ef4012d88c26a2ea30d574bf92ca2552752ddf81ec8a92332035ebf1,"{""circuit"":""surface_code:rotated_memory_x"",""cluster_node_limit"":50,""d"":15,""decoder"":""mwpf"",""decoder_type"":""SolverSerialJointSingleHair"",""p"":0.006,""p_erase"":0.0,""r"":15,""run_id"":""e7f6735d2dfee2157036bacd032f738374b9b813e296fdfdaa2dfb6db2ce10a4""}",
      4992,         6,         0,    24.1,mwpf__1c59223be739329e89f3e2f13123f7a8f4b0534135cf1e86feb02275412b9cb4,0634ed5aa73fe8e8c1c641cba85bef34b7d4eda6b029d2ee4500c76f6a3e6dd0,"{""circuit"":""surface_code:rotated_memory_x"",""cluster_node_limit"":50,""d"":5,""decoder"":""mwpf"",""decoder_type"":""SolverSerialJointSingleHair"",""p"":0.003,""p_erase"":0.0,""r"":5,""run_id"":""15e3edac26702bd06daa1bb3e90bddb5f87b2bb2b182b8fed1b9f8d68845e848""}",
         1,         1,         0,    13.7,mwpf__2513811017579026d7674ebe2393e0cc3aa91e0705b0a322adcdc3e99a3a038c,faaca1e550d6a99dde065c98f56a1aeef0a6af23a66e67c706b6ffdd967b8259,"{""circuit"":""surface_code:rotated_memory_x"",""cluster_node_limit"":50,""d"":9,""decoder"":""mwpf"",""decoder_type"":""SolverSerialJointSingleHair"",""p"":0.015,""p_erase"":0.0,""r"":9,""run_id"":""48b869192ebdc343a5330d4ec118d7f7605576a3810e15cb95222da28197c77e""}",
        17,         0,         0,    13.8,mwpf__460adf3e0fce8e97f8258edb7fcba81d39e0ef300a03fecec0ab3a6f75e38bf3,7f036904242460c4484e31eae9e01840ad71949550b570aebc2955bc4b43e0e0,"{""circuit"":""surface_code:rotated_memory_x"",""cluster_node_limit"":50,""d"":15,""decoder"":""mwpf"",""decoder_type"":""SolverSerialJointSingleHair"",""p"":0.004,""p_erase"":0.0,""r"":15,""run_id"":""1317d44bf99f5292f9e08d937043099db5ea6a123e4c5804cb2eff1c8e5d10e8""}",
         1,         1,         0,    21.2,mwpf__bfd5b310e8eced2354db1dce9c9fad845aa941e3b26e0c6170d4068b017cfba0,315ebfc19e03e72c6148aeb55af9b476378911c97521531ba47e2c6cf8462c43,"{""circuit"":""surface_code:rotated_memory_x"",""cluster_node_limit"":50,""d"":13,""decoder"":""mwpf"",""decoder_type"":""SolverSerialJointSingleHair"",""p"":0.0065,""p_erase"":0.0,""r"":13,""run_id"":""d6e6b5f30d5c430c1d008316473642c9132dda56a771c87d942a1c6853aa6d9e""}",
        12,         0,         0,    12.2,mwpf__27a571c12c515651d4ffcfb77cd014cbd564d8d59b84c23e14b783de48feab52,c7796fbd3a9ed9e25c88662f131fdcc3db567aa019543a6d04c9545bad45a9e6,"{""circuit"":""surface_code:rotated_memory_x"",""cluster_node_limit"":50,""d"":11,""decoder"":""mwpf"",""decoder_type"":""SolverSerialJointSingleHair"",""p"":0.008,""p_erase"":0.0,""r"":11,""run_id"":""a1c19c3e7f2e8098c81889b056bfa77224d1f0cf9b3deea17d360de81aae0496""}",
         1,         0,         0,   0.496,mwpf__bfd5b310e8eced2354db1dce9c9fad845aa941e3b26e0c6170d4068b017cfba0,315ebfc19e03e72c6148aeb55af9b476378911c97521531ba47e2c6cf8462c43,"{""circuit"":""surface_code:rotated_memory_x"",""cluster_node_limit"":50,""d"":13,""decoder"":""mwpf"",""decoder_type"":""SolverSerialJointSingleHair"",""p"":0.0065,""p_erase"":0.0,""r"":13,""run_id"":""d6e6b5f30d5c430c1d008316473642c9132dda56a771c87d942a1c6853aa6d9e""}",
        10,         0,         0,    12.1,mwpf__4354fad67b436ede8412214e7847e96d2a7cf1df9086dbda576efeab7545c91a,631712db4ccb28ddc5b9ff2dac56c363881d6a2ef5db7d2d20d826f2c810d300,"{""circuit"":""surface_code:rotated_memory_x"",""cluster_node_limit"":50,""d"":15,""decoder"":""mwpf"",""decoder_type"":""SolverSerialJointSingleHair"",""p"":0.005,""p_erase"":0.0,""r"":15,""run_id"":""1d848605754125582de87074785173d9f8d2634048cb3776a258af5251c7c465""}",
         1,         0,         0,   0.736,mwpf__bfd5b310e8eced2354db1dce9c9fad845aa941e3b26e0c6170d4068b017cfba0,315ebfc19e03e72c6148aeb55af9b476378911c97521531ba47e2c6cf8462c43,"{""circuit"":""surface_code:rotated_memory_x"",""cluster_node_limit"":50,""d"":13,""decoder"":""mwpf"",""decoder_type"":""SolverSerialJointSingleHair"",""p"":0.0065,""p_erase"":0.0,""r"":13,""run_id"":""d6e6b5f30d5c430c1d008316473642c9132dda56a771c87d942a1c6853aa6d9e""}",
       520,        22,         0,    23.4,mwpf__74b18df185b22796a559f32f488c1f95ef0d82d34c256906317561e4acce78ec,ff1f59d74e0a85a29f4995de86372e17ef6d73f50ef84112e0cd3a298e221696,"{""circuit"":""surface_code:rotated_memory_x"",""cluster_node_limit"":50,""d"":5,""decoder"":""mwpf"",""decoder_type"":""SolverSerialJointSingleHair"",""p"":0.009,""p_erase"":0.0,""r"":5,""run_id"":""c32281a89ec9fb6ef8731b931cbe729d04602aba0eeadfec21fc1875143cc8af""}",
         1,         0,         0,   0.600,mwpf__bfd5b310e8eced2354db1dce9c9fad845aa941e3b26e0c6170d4068b017cfba0,315ebfc19e03e72c6148aeb55af9b476378911c97521531ba47e2c6cf8462c43,"{""circuit"":""surface_code:rotated_memory_x"",""cluster_node_limit"":50,""d"":13,""decoder"":""mwpf"",""decoder_type"":""SolverSerialJointSingleHair"",""p"":0.0065,""p_erase"":0.0,""r"":13,""run_id"":""d6e6b5f30d5c430c1d008316473642c9132dda56a771c87d942a1c6853aa6d9e""}",
         1,         0,         0,   0.434,mwpf__bfd5b310e8eced2354db1dce9c9fad845aa941e3b26e0c6170d4068b017cfba0,315ebfc19e03e72c6148aeb55af9b476378911c97521531ba47e2c6cf8462c43,"{""circuit"":""surface_code:rotated_memory_x"",""cluster_node_limit"":50,""d"":13,""decoder"":""mwpf"",""decoder_type"":""SolverSerialJointSingleHair"",""p"":0.0065,""p_erase"":0.0,""r"":13,""run_id"":""d6e6b5f30d5c430c1d008316473642c9132dda56a771c87d942a1c6853aa6d9e""}",
        40,         8,         0,    23.4,mwpf__0e7c94a776c9d36b18431c37b59c5d54ed615181b4983b9359c243e9f764dfb4,18ed3080fc8dd3e2ad1b8ac4ffd96f6ee6464a3ae086c1352c800cbc7cd6c4b7,"{""circuit"":""surface_code:rotated_memory_x"",""cluster_node_limit"":50,""d"":7,""decoder"":""mwpf"",""decoder_type"":""SolverSerialJointSingleHair"",""p"":0.015,""p_erase"":0.0,""r"":7,""run_id"":""acdc3549d7b3f20ef13fd9539e517d8487bc2b0a145673bebaddb7b3e0579f70""}",
         1,         0,         0,    77.8,mwpf__43b93046e9364a22259da392bc3668e1033ffbb0945e7dc0e3e1267d20501b3f,4e90c1b95d5e427725f1fd04cbb48a832548a441590a919987ff7d8162105cf0,"{""circuit"":""surface_code:rotated_memory_x"",""cluster_node_limit"":50,""d"":13,""decoder"":""mwpf"",""decoder_type"":""SolverSerialJointSingleHair"",""p"":0.008,""p_erase"":0.0,""r"":13,""run_id"":""3eb0a7712a1b277d4862a6fd791dbd402e6201930b681f484191ed45b10368cf""}",
        69,         1,         0,    35.8,mwpf__6099ca9ba0e75d433e29cf0e99deb8fecdb2af5c2add85a0679af0a6cbc31454,059af26b3446a53a53fb02480a7d49eb29e7b3510b62d2455b645061774c7dd8,"{""circuit"":""surface_code:rotated_memory_x"",""cluster_node_limit"":50,""d"":9,""decoder"":""mwpf"",""decoder_type"":""SolverSerialJointSingleHair"",""p"":0.008,""p_erase"":0.0,""r"":9,""run_id"":""8dfac8c52a2bdb8ad1978822189831360902afd0bc2eb7a9333f1f5088b13a03""}",
       896,        12,         0,    23.5,mwpf__9d3e7a869e7911d9ce122143a3492c036ddd4432f11bd090435ee7772beb17ae,6d5c7f274b75ae537824437920d4a7ca50ed98e1dfa880fcbb9eccb2e87a1048,"{""circuit"":""surface_code:rotated_memory_x"",""cluster_node_limit"":50,""d"":5,""decoder"":""mwpf"",""decoder_type"":""SolverSerialJointSingleHair"",""p"":0.006,""p_erase"":0.0,""r"":5,""run_id"":""136e458ea1bb00db5031dfe54473bc21d7f67216ffcf15b01c0f763ac55c92f3""}",
         1,         0,         0,    2.17,mwpf__bfd5b310e8eced2354db1dce9c9fad845aa941e3b26e0c6170d4068b017cfba0,315ebfc19e03e72c6148aeb55af9b476378911c97521531ba47e2c6cf8462c43,"{""circuit"":""surface_code:rotated_memory_x"",""cluster_node_limit"":50,""d"":13,""decoder"":""mwpf"",""decoder_type"":""SolverSerialJointSingleHair"",""p"":0.0065,""p_erase"":0.0,""r"":13,""run_id"":""d6e6b5f30d5c430c1d008316473642c9132dda56a771c87d942a1c6853aa6d9e""}",
        23,         1,         0,    23.9,mwpf__4f2003d1a89cbab61d79e87a09a2976b8dd26d83c596509b48a165ee5488bbeb,175546001eaf15e5eec910e644a4e44db259318c59115eb89bfe0c8686f47616,"{""circuit"":""surface_code:rotated_memory_x"",""cluster_node_limit"":50,""d"":13,""decoder"":""mwpf"",""decoder_type"":""SolverSerialJointSingleHair"",""p"":0.006,""p_erase"":0.0,""r"":13,""run_id"":""62be0f9566ae226642dba313ffd2ee6fb56abf4ecd764eb123ecb3879eba54f4""}",
        71,         0,         0,    24.5,mwpf__b51c22942b58bed18bbe1e33230fc16d37f2f994d4a2eb9aac1a816c71f648b5,49723c50d532252a125a0f77a511824bc8ba2453ced225ca935be4f8ae908466,"{""circuit"":""surface_code:rotated_memory_x"",""cluster_node_limit"":50,""d"":11,""decoder"":""mwpf"",""decoder_type"":""SolverSerialJointSingleHair"",""p"":0.005,""p_erase"":0.0,""r"":11,""run_id"":""dc16d4efdc8c9f700a5975f7aeee7db9a23f8fb27d65c75c03a3aeb77312b5d0""}",
         1,         1,         0,    13.7,mwpf__379f6dbce7a8107a155ae56b95b39b3b041fc70754e4109af3d0a79a7dc1064d,02bf57d656549d4ae6cbf5d702646ade8255c5271d45423d621fa1b7777a6908,"{""circuit"":""surface_code:rotated_memory_x"",""cluster_node_limit"":50,""d"":11,""decoder"":""mwpf"",""decoder_type"":""SolverSerialJointSingleHair"",""p"":0.01,""p_erase"":0.0,""r"":11,""run_id"":""f2936ce57f818d69f7e1b5c9954ec7387d9a1f53c4355bd88c213e49338e6b5b""}",
         4,         0,         0,    9.91,mwpf__f9063755c39883c48737094eb951c81e28c0aefc8fc06c8eb835458a62282981,fdac3f78e7f3f721527d59c20e8b245fc629ff60f002686769ee78cadbe52a57,"{""circuit"":""surface_code:rotated_memory_x"",""cluster_node_limit"":50,""d"":13,""decoder"":""mwpf"",""decoder_type"":""SolverSerialJointSingleHair"",""p"":0.007,""p_erase"":0.0,""r"":13,""run_id"":""68d030e70085ac3f063fd9eaa2e4f59bd9a3703071bd2ef7fe33246307eb68cb""}",
        44,         0,         0,    16.4,mwpf__5628b4a6b38fe29dbafc3c1893bf80accce86825995fe861aeeda54b9bdb548f,a05a45a3402b64c2124b61668c6f51fbe4ee785ce144baed29926f4237b57edf,"{""circuit"":""surface_code:rotated_memory_x"",""cluster_node_limit"":50,""d"":15,""decoder"":""mwpf"",""decoder_type"":""SolverSerialJointSingleHair"",""p"":0.003,""p_erase"":0.0,""r"":15,""run_id"":""5ab0f789e9276cc53f443c738e0824d6818252ef4016c736dbd7da5c9c2198f4""}",
         1,         0,         0,    1.39,mwpf__bfd5b310e8eced2354db1dce9c9fad845aa941e3b26e0c6170d4068b017cfba0,315ebfc19e03e72c6148aeb55af9b476378911c97521531ba47e2c6cf8462c43,"{""circuit"":""surface_code:rotated_memory_x"",""cluster_node_limit"":50,""d"":13,""decoder"":""mwpf"",""decoder_type"":""SolverSerialJointSingleHair"",""p"":0.0065,""p_erase"":0.0,""r"":13,""run_id"":""d6e6b5f30d5c430c1d008316473642c9132dda56a771c87d942a1c6853aa6d9e""}",
      1184,         1,         0,    26.6,mwpf__b1e65b016886068417e23bc8e6fc3b5255b88b9358acef6c4d90bf957e517d18,31b39447a5c78d0b15a05b2c95790aeec81d5a48fd188b4f6a69524fe0d6720c,"{""circuit"":""surface_code:rotated_memory_x"",""cluster_node_limit"":50,""d"":7,""decoder"":""mwpf"",""decoder_type"":""SolverSerialJointSingleHair"",""p"":0.003,""p_erase"":0.0,""r"":7,""run_id"":""3e7768a46571fd1de5957ad6fb50ce7c500c937939ee9035abc77e8f3db0e162""}",
         1,         0,         0,   0.865,mwpf__bfd5b310e8eced2354db1dce9c9fad845aa941e3b26e0c6170d4068b017cfba0,315ebfc19e03e72c6148aeb55af9b476378911c97521531ba47e2c6cf8462c43,"{""circuit"":""surface_code:rotated_memory_x"",""cluster_node_limit"":50,""d"":13,""decoder"":""mwpf"",""decoder_type"":""SolverSerialJointSingleHair"",""p"":0.0065,""p_erase"":0.0,""r"":13,""run_id"":""d6e6b5f30d5c430c1d008316473642c9132dda56a771c87d942a1c6853aa6d9e""}",
         6,         2,         0,    8.50,mwpf__2513811017579026d7674ebe2393e0cc3aa91e0705b0a322adcdc3e99a3a038c,faaca1e550d6a99dde065c98f56a1aeef0a6af23a66e67c706b6ffdd967b8259,"{""circuit"":""surface_code:rotated_memory_x"",""cluster_node_limit"":50,""d"":9,""decoder"":""mwpf"",""decoder_type"":""SolverSerialJointSingleHair"",""p"":0.015,""p_erase"":0.0,""r"":9,""run_id"":""48b869192ebdc343a5330d4ec118d7f7605576a3810e15cb95222da28197c77e""}",
       536,         0,         0,    23.6,mwpf__b86dfdc6edf5243fa953eba38df9eedffa26e17e861ff53898370ede6b3f4924,ed4377a6fc84ce98150c12b4f78cbf0f69f277dc7b34e1caecdce413a6651655,"{""circuit"":""surface_code:rotated_memory_x"",""cluster_node_limit"":50,""d"":9,""decoder"":""mwpf"",""decoder_type"":""SolverSerialJointSingleHair"",""p"":0.003,""p_erase"":0.0,""r"":9,""run_id"":""efe7c5548b07943d995a96c2060d6be39255a1f992a2a76f4714bdcbfad04986""}",
         5,         0,         0,    9.73,mwpf__9cae48f5e3591c089bc6ab38d1048ff40eccea18bbb014dfeddab7aa2d7f31d1,b1a3c246ef4012d88c26a2ea30d574bf92ca2552752ddf81ec8a92332035ebf1,"{""circuit"":""surface_code:rotated_memory_x"",""cluster_node_limit"":50,""d"":15,""decoder"":""mwpf"",""decoder_type"":""SolverSerialJointSingleHair"",""p"":0.006,""p_erase"":0.0,""r"":15,""run_id"":""e7f6735d2dfee2157036bacd032f738374b9b813e296fdfdaa2dfb6db2ce10a4""}",
         3,         0,         0,    1.43,mwpf__bfd5b310e8eced2354db1dce9c9fad845aa941e3b26e0c6170d4068b017cfba0,315ebfc19e03e72c6148aeb55af9b476378911c97521531ba47e2c6cf8462c43,"{""circuit"":""surface_code:rotated_memory_x"",""cluster_node_limit"":50,""d"":13,""decoder"":""mwpf"",""decoder_type"":""SolverSerialJointSingleHair"",""p"":0.0065,""p_erase"":0.0,""r"":13,""run_id"":""d6e6b5f30d5c430c1d008316473642c9132dda56a771c87d942a1c6853aa6d9e""}",
       126,         1,         0,    28.3,mwpf__0ffad40cb78e56d31871ef678a2c2c220e01e0128694bf21b48103122ad96d78,1eeffca09c34ec66ea37833c9064e8ea37a416c4745e08373b9f3699fa053396,"{""circuit"":""surface_code:rotated_memory_x"",""cluster_node_limit"":50,""d"":9,""decoder"":""mwpf"",""decoder_type"":""SolverSerialJointSingleHair"",""p"":0.006,""p_erase"":0.0,""r"":9,""run_id"":""24bb5f6faf950c7f32be70c2a658f8a2aec69874df03f312866b1e584c72f944""}",
         3,         0,         0,    4.14,mwpf__f9063755c39883c48737094eb951c81e28c0aefc8fc06c8eb835458a62282981,fdac3f78e7f3f721527d59c20e8b245fc629ff60f002686769ee78cadbe52a57,"{""circuit"":""surface_code:rotated_memory_x"",""cluster_node_limit"":50,""d"":13,""decoder"":""mwpf"",""decoder_type"":""SolverSerialJointSingleHair"",""p"":0.007,""p_erase"":0.0,""r"":13,""run_id"":""68d030e70085ac3f063fd9eaa2e4f59bd9a3703071bd2ef7fe33246307eb68cb""}",
