     shots,    errors,  discards, seconds,decoder,strong_id,json_metadata,custom_counts
         1,         0,         0,   0.014,mwpf__e464f2d6feb4169bf921ee71c61a166fa54aa6d9fc8aafef9186d17a5b3157ce,ca032f963ae8b0a09b3c0575cc72c15f12738d5e31f7547119d853d406e651a6,"{""circuit"":""surface_code:rotated_memory_x"",""cluster_node_limit"":50,""d"":9,""decoder"":""mwpf"",""decoder_type"":""SolverSerialJointSingleHair"",""p"":0.004,""p_erase"":0.0,""r"":27,""run_id"":""dfa10e4705b239f568dc861208894c334d09727348aa108fce2bfa124564d3b8""}",
         1,         0,         0,   0.027,mwpf__c15b7bb0ff0012f0b948662426ce893e94240819d364bcf73c902cabc84cd33e,4836a6256ec9cf7d274b38aed4c7b7454299c87c216c6edd3ffabc406f995116,"{""circuit"":""surface_code:rotated_memory_x"",""cluster_node_limit"":50,""d"":9,""decoder"":""mwpf"",""decoder_type"":""SolverSerialJointSingleHair"",""p"":0.005,""p_erase"":0.0,""r"":27,""run_id"":""46b35d0fc399f4bd986b261367f981aff72f4db7f9e3eaf11f0fa2338e3ec458""}",
         1,         0,         0,   0.152,mwpf__72173c4f37fb755c0d039c1fdc4c2478d1514eecb0fb7246d38ee53f7f6c33de,450af0b6d793a26749cdbbc154715f1e957fa6a1de50ad294d57a2e56e8faa68,"{""circuit"":""surface_code:rotated_memory_x"",""cluster_node_limit"":50,""d"":9,""decoder"":""mwpf"",""decoder_type"":""SolverSerialJointSingleHair"",""p"":0.0065,""p_erase"":0.0,""r"":27,""run_id"":""d97729197ec9a9cc3beb7b4105ee96f26b6723caa81371ab95a553fce7788c2e""}",
         1,         0,         0,   0.213,mwpf__3de0d8ba3d4f26a4aa47761089b54c7f9aa32f5bb30c252ef4ff9641d3422a8b,5f445648feac72d33661740427e68d0cd01752e4d0c5077c76ebd04073024775,"{""circuit"":""surface_code:rotated_memory_x"",""cluster_node_limit"":50,""d"":9,""decoder"":""mwpf"",""decoder_type"":""SolverSerialJointSingleHair"",""p"":0.01,""p_erase"":0.0,""r"":27,""run_id"":""6b89ea55942bd903fc9de7195a114f8fd81aba8225c2ead847c4f5ead4730f95""}",
         1,         0,         0,   0.211,mwpf__a84eaf4abfe907a932c6015e39161f585dcfce91bfc28e37cdd0de963adf1257,5fb873a54f64183f4b432d7c791ff695e3a9b1308a353e686213ee85b5bf073c,"{""circuit"":""surface_code:rotated_memory_x"",""cluster_node_limit"":50,""d"":9,""decoder"":""mwpf"",""decoder_type"":""SolverSerialJointSingleHair"",""p"":0.007,""p_erase"":0.0,""r"":27,""run_id"":""f720d5971f43fd95a6eb87f1b71bf149134828490d7e52580da913a2fa024f7c""}",
         1,         0,         0,   0.392,mwpf__f4d39fc10386a89ff38f3d31b2e48ffe9d083a7fd716f793840309d01ff8379d,145c3dd4686f49e58233aad1f6cb32492657ff0053b40db3658e5aead9d622e0,"{""circuit"":""surface_code:rotated_memory_x"",""cluster_node_limit"":50,""d"":9,""decoder"":""mwpf"",""decoder_type"":""SolverSerialJointSingleHair"",""p"":0.009,""p_erase"":0.0,""r"":27,""run_id"":""ff21a10e786fdbe645e9c3fa60c001df4cfdc01991613b981a22f8f187b7f8c9""}",
         1,         0,         0,   0.379,mwpf__f4d39fc10386a89ff38f3d31b2e48ffe9d083a7fd716f793840309d01ff8379d,145c3dd4686f49e58233aad1f6cb32492657ff0053b40db3658e5aead9d622e0,"{""circuit"":""surface_code:rotated_memory_x"",""cluster_node_limit"":50,""d"":9,""decoder"":""mwpf"",""decoder_type"":""SolverSerialJointSingleHair"",""p"":0.009,""p_erase"":0.0,""r"":27,""run_id"":""ff21a10e786fdbe645e9c3fa60c001df4cfdc01991613b981a22f8f187b7f8c9""}",
         1,         0,         0,   0.431,mwpf__3ebedd84177c526063d38deffdc5f7995e8b39297a4d2ab60991457e1c1f2bfa,d6945f43432daf14926073c1f216e0a7921b3342d8848e2c91499f36339ed255,"{""circuit"":""surface_code:rotated_memory_x"",""cluster_node_limit"":50,""d"":9,""decoder"":""mwpf"",""decoder_type"":""SolverSerialJointSingleHair"",""p"":0.0075,""p_erase"":0.0,""r"":27,""run_id"":""a04c9b7f2593f94d57dbede2cebf935e30e76acb0762bc8d6931f304cac92d86""}",
         1,         0,         0,   0.242,mwpf__f4d39fc10386a89ff38f3d31b2e48ffe9d083a7fd716f793840309d01ff8379d,145c3dd4686f49e58233aad1f6cb32492657ff0053b40db3658e5aead9d622e0,"{""circuit"":""surface_code:rotated_memory_x"",""cluster_node_limit"":50,""d"":9,""decoder"":""mwpf"",""decoder_type"":""SolverSerialJointSingleHair"",""p"":0.009,""p_erase"":0.0,""r"":27,""run_id"":""ff21a10e786fdbe645e9c3fa60c001df4cfdc01991613b981a22f8f187b7f8c9""}",
        17,         0,         0,   0.758,mwpf__6b20241fdef0bc50af7bc5beb4af9085525359ff7961438f1d6c14e7a40559fc,6497b989ace1f5c4a466377684ff9e6e71bf768cf2005e5b0935ab83dc325a4d,"{""circuit"":""surface_code:rotated_memory_x"",""cluster_node_limit"":50,""d"":9,""decoder"":""mwpf"",""decoder_type"":""SolverSerialJointSingleHair"",""p"":0.001,""p_erase"":0.0,""r"":27,""run_id"":""84219ea677c17ec3283ee1385a1d135bd22bd4da5f9bbb2cb86709e81fbe2de3""}",
         1,         0,         0,   0.383,mwpf__3ebedd84177c526063d38deffdc5f7995e8b39297a4d2ab60991457e1c1f2bfa,d6945f43432daf14926073c1f216e0a7921b3342d8848e2c91499f36339ed255,"{""circuit"":""surface_code:rotated_memory_x"",""cluster_node_limit"":50,""d"":9,""decoder"":""mwpf"",""decoder_type"":""SolverSerialJointSingleHair"",""p"":0.0075,""p_erase"":0.0,""r"":27,""run_id"":""a04c9b7f2593f94d57dbede2cebf935e30e76acb0762bc8d6931f304cac92d86""}",
         1,         0,         0,   0.867,mwpf__6ed5ff748543711e5cd7b4f80c85e8a4facd73595b09b8e8c91b2fc6ea7bca87,86079d2dde882a1b36fdb0f0be90ce0bc9b3fcb68ef79806912138a3e1eefab5,"{""circuit"":""surface_code:rotated_memory_x"",""cluster_node_limit"":50,""d"":9,""decoder"":""mwpf"",""decoder_type"":""SolverSerialJointSingleHair"",""p"":0.006,""p_erase"":0.0,""r"":27,""run_id"":""4cab9b35185258cd2ab7f1806b7c3d16a626fa96dd58cd5907dd5e222a7a9d91""}",
         1,         0,         0,   0.132,mwpf__3ebedd84177c526063d38deffdc5f7995e8b39297a4d2ab60991457e1c1f2bfa,d6945f43432daf14926073c1f216e0a7921b3342d8848e2c91499f36339ed255,"{""circuit"":""surface_code:rotated_memory_x"",""cluster_node_limit"":50,""d"":9,""decoder"":""mwpf"",""decoder_type"":""SolverSerialJointSingleHair"",""p"":0.0075,""p_erase"":0.0,""r"":27,""run_id"":""a04c9b7f2593f94d57dbede2cebf935e30e76acb0762bc8d6931f304cac92d86""}",
         1,         0,         0,   0.168,mwpf__6ed5ff748543711e5cd7b4f80c85e8a4facd73595b09b8e8c91b2fc6ea7bca87,86079d2dde882a1b36fdb0f0be90ce0bc9b3fcb68ef79806912138a3e1eefab5,"{""circuit"":""surface_code:rotated_memory_x"",""cluster_node_limit"":50,""d"":9,""decoder"":""mwpf"",""decoder_type"":""SolverSerialJointSingleHair"",""p"":0.006,""p_erase"":0.0,""r"":27,""run_id"":""4cab9b35185258cd2ab7f1806b7c3d16a626fa96dd58cd5907dd5e222a7a9d91""}",
         1,         0,         0,   0.717,mwpf__f4d39fc10386a89ff38f3d31b2e48ffe9d083a7fd716f793840309d01ff8379d,145c3dd4686f49e58233aad1f6cb32492657ff0053b40db3658e5aead9d622e0,"{""circuit"":""surface_code:rotated_memory_x"",""cluster_node_limit"":50,""d"":9,""decoder"":""mwpf"",""decoder_type"":""SolverSerialJointSingleHair"",""p"":0.009,""p_erase"":0.0,""r"":27,""run_id"":""ff21a10e786fdbe645e9c3fa60c001df4cfdc01991613b981a22f8f187b7f8c9""}",
         1,         1,         0,    1.07,mwpf__aa950e61247fa49b97ba2e4846e5caae67b7200469ac9849b5c1eac27c2911e5,6bf244f37b3a5b598d84faf3843f45f8452c9f3c0671cde50797820b706d88be,"{""circuit"":""surface_code:rotated_memory_x"",""cluster_node_limit"":50,""d"":9,""decoder"":""mwpf"",""decoder_type"":""SolverSerialJointSingleHair"",""p"":0.011,""p_erase"":0.0,""r"":27,""run_id"":""df8149f089fa2bb225048ada61fd134f48599de5ea86075a8cef94f27ba707b4""}",
        16,         0,         0,   0.394,mwpf__6b20241fdef0bc50af7bc5beb4af9085525359ff7961438f1d6c14e7a40559fc,6497b989ace1f5c4a466377684ff9e6e71bf768cf2005e5b0935ab83dc325a4d,"{""circuit"":""surface_code:rotated_memory_x"",""cluster_node_limit"":50,""d"":9,""decoder"":""mwpf"",""decoder_type"":""SolverSerialJointSingleHair"",""p"":0.001,""p_erase"":0.0,""r"":27,""run_id"":""84219ea677c17ec3283ee1385a1d135bd22bd4da5f9bbb2cb86709e81fbe2de3""}",
         2,         1,         0,   0.996,mwpf__a84eaf4abfe907a932c6015e39161f585dcfce91bfc28e37cdd0de963adf1257,5fb873a54f64183f4b432d7c791ff695e3a9b1308a353e686213ee85b5bf073c,"{""circuit"":""surface_code:rotated_memory_x"",""cluster_node_limit"":50,""d"":9,""decoder"":""mwpf"",""decoder_type"":""SolverSerialJointSingleHair"",""p"":0.007,""p_erase"":0.0,""r"":27,""run_id"":""f720d5971f43fd95a6eb87f1b71bf149134828490d7e52580da913a2fa024f7c""}",
        16,         0,         0,   0.057,mwpf__6b20241fdef0bc50af7bc5beb4af9085525359ff7961438f1d6c14e7a40559fc,6497b989ace1f5c4a466377684ff9e6e71bf768cf2005e5b0935ab83dc325a4d,"{""circuit"":""surface_code:rotated_memory_x"",""cluster_node_limit"":50,""d"":9,""decoder"":""mwpf"",""decoder_type"":""SolverSerialJointSingleHair"",""p"":0.001,""p_erase"":0.0,""r"":27,""run_id"":""84219ea677c17ec3283ee1385a1d135bd22bd4da5f9bbb2cb86709e81fbe2de3""}",
         1,         0,         0,    1.22,mwpf__8c0dee3b72490cd99940eb344db6dd047bfda29afb5b61597b97539b079c72d8,4a9c64a159c68bbef2b1487bd9ce846f6fd4e451c6f28d2659bf00c12820cdb9,"{""circuit"":""surface_code:rotated_memory_x"",""cluster_node_limit"":50,""d"":9,""decoder"":""mwpf"",""decoder_type"":""SolverSerialJointSingleHair"",""p"":0.008,""p_erase"":0.0,""r"":27,""run_id"":""310d17c43a0b4c7b4cddac58dc5999da13b706985eb107267c12d661b860647c""}",
         1,         1,         0,    1.38,mwpf__aa950e61247fa49b97ba2e4846e5caae67b7200469ac9849b5c1eac27c2911e5,6bf244f37b3a5b598d84faf3843f45f8452c9f3c0671cde50797820b706d88be,"{""circuit"":""surface_code:rotated_memory_x"",""cluster_node_limit"":50,""d"":9,""decoder"":""mwpf"",""decoder_type"":""SolverSerialJointSingleHair"",""p"":0.011,""p_erase"":0.0,""r"":27,""run_id"":""df8149f089fa2bb225048ada61fd134f48599de5ea86075a8cef94f27ba707b4""}",
         2,         0,         0,    1.21,mwpf__72173c4f37fb755c0d039c1fdc4c2478d1514eecb0fb7246d38ee53f7f6c33de,450af0b6d793a26749cdbbc154715f1e957fa6a1de50ad294d57a2e56e8faa68,"{""circuit"":""surface_code:rotated_memory_x"",""cluster_node_limit"":50,""d"":9,""decoder"":""mwpf"",""decoder_type"":""SolverSerialJointSingleHair"",""p"":0.0065,""p_erase"":0.0,""r"":27,""run_id"":""d97729197ec9a9cc3beb7b4105ee96f26b6723caa81371ab95a553fce7788c2e""}",
         2,         0,         0,    1.50,mwpf__3de0d8ba3d4f26a4aa47761089b54c7f9aa32f5bb30c252ef4ff9641d3422a8b,5f445648feac72d33661740427e68d0cd01752e4d0c5077c76ebd04073024775,"{""circuit"":""surface_code:rotated_memory_x"",""cluster_node_limit"":50,""d"":9,""decoder"":""mwpf"",""decoder_type"":""SolverSerialJointSingleHair"",""p"":0.01,""p_erase"":0.0,""r"":27,""run_id"":""6b89ea55942bd903fc9de7195a114f8fd81aba8225c2ead847c4f5ead4730f95""}",
         2,         0,         0,   0.439,mwpf__72173c4f37fb755c0d039c1fdc4c2478d1514eecb0fb7246d38ee53f7f6c33de,450af0b6d793a26749cdbbc154715f1e957fa6a1de50ad294d57a2e56e8faa68,"{""circuit"":""surface_code:rotated_memory_x"",""cluster_node_limit"":50,""d"":9,""decoder"":""mwpf"",""decoder_type"":""SolverSerialJointSingleHair"",""p"":0.0065,""p_erase"":0.0,""r"":27,""run_id"":""d97729197ec9a9cc3beb7b4105ee96f26b6723caa81371ab95a553fce7788c2e""}",
         1,         1,         0,   0.744,mwpf__f4d39fc10386a89ff38f3d31b2e48ffe9d083a7fd716f793840309d01ff8379d,145c3dd4686f49e58233aad1f6cb32492657ff0053b40db3658e5aead9d622e0,"{""circuit"":""surface_code:rotated_memory_x"",""cluster_node_limit"":50,""d"":9,""decoder"":""mwpf"",""decoder_type"":""SolverSerialJointSingleHair"",""p"":0.009,""p_erase"":0.0,""r"":27,""run_id"":""ff21a10e786fdbe645e9c3fa60c001df4cfdc01991613b981a22f8f187b7f8c9""}",
         1,         1,         0,   0.629,mwpf__8c0dee3b72490cd99940eb344db6dd047bfda29afb5b61597b97539b079c72d8,4a9c64a159c68bbef2b1487bd9ce846f6fd4e451c6f28d2659bf00c12820cdb9,"{""circuit"":""surface_code:rotated_memory_x"",""cluster_node_limit"":50,""d"":9,""decoder"":""mwpf"",""decoder_type"":""SolverSerialJointSingleHair"",""p"":0.008,""p_erase"":0.0,""r"":27,""run_id"":""310d17c43a0b4c7b4cddac58dc5999da13b706985eb107267c12d661b860647c""}",
       128,         0,         0,   0.653,mwpf__6b20241fdef0bc50af7bc5beb4af9085525359ff7961438f1d6c14e7a40559fc,6497b989ace1f5c4a466377684ff9e6e71bf768cf2005e5b0935ab83dc325a4d,"{""circuit"":""surface_code:rotated_memory_x"",""cluster_node_limit"":50,""d"":9,""decoder"":""mwpf"",""decoder_type"":""SolverSerialJointSingleHair"",""p"":0.001,""p_erase"":0.0,""r"":27,""run_id"":""84219ea677c17ec3283ee1385a1d135bd22bd4da5f9bbb2cb86709e81fbe2de3""}",
         2,         0,         0,    1.01,mwpf__6ed5ff748543711e5cd7b4f80c85e8a4facd73595b09b8e8c91b2fc6ea7bca87,86079d2dde882a1b36fdb0f0be90ce0bc9b3fcb68ef79806912138a3e1eefab5,"{""circuit"":""surface_code:rotated_memory_x"",""cluster_node_limit"":50,""d"":9,""decoder"":""mwpf"",""decoder_type"":""SolverSerialJointSingleHair"",""p"":0.006,""p_erase"":0.0,""r"":27,""run_id"":""4cab9b35185258cd2ab7f1806b7c3d16a626fa96dd58cd5907dd5e222a7a9d91""}",
         1,         0,         0,   0.623,mwpf__3de0d8ba3d4f26a4aa47761089b54c7f9aa32f5bb30c252ef4ff9641d3422a8b,5f445648feac72d33661740427e68d0cd01752e4d0c5077c76ebd04073024775,"{""circuit"":""surface_code:rotated_memory_x"",""cluster_node_limit"":50,""d"":9,""decoder"":""mwpf"",""decoder_type"":""SolverSerialJointSingleHair"",""p"":0.01,""p_erase"":0.0,""r"":27,""run_id"":""6b89ea55942bd903fc9de7195a114f8fd81aba8225c2ead847c4f5ead4730f95""}",
         1,         1,         0,   0.614,mwpf__f4d39fc10386a89ff38f3d31b2e48ffe9d083a7fd716f793840309d01ff8379d,145c3dd4686f49e58233aad1f6cb32492657ff0053b40db3658e5aead9d622e0,"{""circuit"":""surface_code:rotated_memory_x"",""cluster_node_limit"":50,""d"":9,""decoder"":""mwpf"",""decoder_type"":""SolverSerialJointSingleHair"",""p"":0.009,""p_erase"":0.0,""r"":27,""run_id"":""ff21a10e786fdbe645e9c3fa60c001df4cfdc01991613b981a22f8f187b7f8c9""}",
         1,         0,         0,   0.587,mwpf__8c0dee3b72490cd99940eb344db6dd047bfda29afb5b61597b97539b079c72d8,4a9c64a159c68bbef2b1487bd9ce846f6fd4e451c6f28d2659bf00c12820cdb9,"{""circuit"":""surface_code:rotated_memory_x"",""cluster_node_limit"":50,""d"":9,""decoder"":""mwpf"",""decoder_type"":""SolverSerialJointSingleHair"",""p"":0.008,""p_erase"":0.0,""r"":27,""run_id"":""310d17c43a0b4c7b4cddac58dc5999da13b706985eb107267c12d661b860647c""}",
         2,         0,         0,    1.24,mwpf__a84eaf4abfe907a932c6015e39161f585dcfce91bfc28e37cdd0de963adf1257,5fb873a54f64183f4b432d7c791ff695e3a9b1308a353e686213ee85b5bf073c,"{""circuit"":""surface_code:rotated_memory_x"",""cluster_node_limit"":50,""d"":9,""decoder"":""mwpf"",""decoder_type"":""SolverSerialJointSingleHair"",""p"":0.007,""p_erase"":0.0,""r"":27,""run_id"":""f720d5971f43fd95a6eb87f1b71bf149134828490d7e52580da913a2fa024f7c""}",
         2,         0,         0,   0.489,mwpf__6ed5ff748543711e5cd7b4f80c85e8a4facd73595b09b8e8c91b2fc6ea7bca87,86079d2dde882a1b36fdb0f0be90ce0bc9b3fcb68ef79806912138a3e1eefab5,"{""circuit"":""surface_code:rotated_memory_x"",""cluster_node_limit"":50,""d"":9,""decoder"":""mwpf"",""decoder_type"":""SolverSerialJointSingleHair"",""p"":0.006,""p_erase"":0.0,""r"":27,""run_id"":""4cab9b35185258cd2ab7f1806b7c3d16a626fa96dd58cd5907dd5e222a7a9d91""}",
        16,         0,         0,    2.71,mwpf__e464f2d6feb4169bf921ee71c61a166fa54aa6d9fc8aafef9186d17a5b3157ce,ca032f963ae8b0a09b3c0575cc72c15f12738d5e31f7547119d853d406e651a6,"{""circuit"":""surface_code:rotated_memory_x"",""cluster_node_limit"":50,""d"":9,""decoder"":""mwpf"",""decoder_type"":""SolverSerialJointSingleHair"",""p"":0.004,""p_erase"":0.0,""r"":27,""run_id"":""dfa10e4705b239f568dc861208894c334d09727348aa108fce2bfa124564d3b8""}",
         1,         0,         0,   0.340,mwpf__f4d39fc10386a89ff38f3d31b2e48ffe9d083a7fd716f793840309d01ff8379d,145c3dd4686f49e58233aad1f6cb32492657ff0053b40db3658e5aead9d622e0,"{""circuit"":""surface_code:rotated_memory_x"",""cluster_node_limit"":50,""d"":9,""decoder"":""mwpf"",""decoder_type"":""SolverSerialJointSingleHair"",""p"":0.009,""p_erase"":0.0,""r"":27,""run_id"":""ff21a10e786fdbe645e9c3fa60c001df4cfdc01991613b981a22f8f187b7f8c9""}",
         2,         0,         0,   0.990,mwpf__72173c4f37fb755c0d039c1fdc4c2478d1514eecb0fb7246d38ee53f7f6c33de,450af0b6d793a26749cdbbc154715f1e957fa6a1de50ad294d57a2e56e8faa68,"{""circuit"":""surface_code:rotated_memory_x"",""cluster_node_limit"":50,""d"":9,""decoder"":""mwpf"",""decoder_type"":""SolverSerialJointSingleHair"",""p"":0.0065,""p_erase"":0.0,""r"":27,""run_id"":""d97729197ec9a9cc3beb7b4105ee96f26b6723caa81371ab95a553fce7788c2e""}",
        16,         1,         0,    2.84,mwpf__c15b7bb0ff0012f0b948662426ce893e94240819d364bcf73c902cabc84cd33e,4836a6256ec9cf7d274b38aed4c7b7454299c87c216c6edd3ffabc406f995116,"{""circuit"":""surface_code:rotated_memory_x"",""cluster_node_limit"":50,""d"":9,""decoder"":""mwpf"",""decoder_type"":""SolverSerialJointSingleHair"",""p"":0.005,""p_erase"":0.0,""r"":27,""run_id"":""46b35d0fc399f4bd986b261367f981aff72f4db7f9e3eaf11f0fa2338e3ec458""}",
         2,         0,         0,   0.356,mwpf__6ed5ff748543711e5cd7b4f80c85e8a4facd73595b09b8e8c91b2fc6ea7bca87,86079d2dde882a1b36fdb0f0be90ce0bc9b3fcb68ef79806912138a3e1eefab5,"{""circuit"":""surface_code:rotated_memory_x"",""cluster_node_limit"":50,""d"":9,""decoder"":""mwpf"",""decoder_type"":""SolverSerialJointSingleHair"",""p"":0.006,""p_erase"":0.0,""r"":27,""run_id"":""4cab9b35185258cd2ab7f1806b7c3d16a626fa96dd58cd5907dd5e222a7a9d91""}",
         2,         0,         0,   0.551,mwpf__a84eaf4abfe907a932c6015e39161f585dcfce91bfc28e37cdd0de963adf1257,5fb873a54f64183f4b432d7c791ff695e3a9b1308a353e686213ee85b5bf073c,"{""circuit"":""surface_code:rotated_memory_x"",""cluster_node_limit"":50,""d"":9,""decoder"":""mwpf"",""decoder_type"":""SolverSerialJointSingleHair"",""p"":0.007,""p_erase"":0.0,""r"":27,""run_id"":""f720d5971f43fd95a6eb87f1b71bf149134828490d7e52580da913a2fa024f7c""}",
       128,         0,         0,    1.29,mwpf__6b20241fdef0bc50af7bc5beb4af9085525359ff7961438f1d6c14e7a40559fc,6497b989ace1f5c4a466377684ff9e6e71bf768cf2005e5b0935ab83dc325a4d,"{""circuit"":""surface_code:rotated_memory_x"",""cluster_node_limit"":50,""d"":9,""decoder"":""mwpf"",""decoder_type"":""SolverSerialJointSingleHair"",""p"":0.001,""p_erase"":0.0,""r"":27,""run_id"":""84219ea677c17ec3283ee1385a1d135bd22bd4da5f9bbb2cb86709e81fbe2de3""}",
         2,         0,         0,   0.386,mwpf__6ed5ff748543711e5cd7b4f80c85e8a4facd73595b09b8e8c91b2fc6ea7bca87,86079d2dde882a1b36fdb0f0be90ce0bc9b3fcb68ef79806912138a3e1eefab5,"{""circuit"":""surface_code:rotated_memory_x"",""cluster_node_limit"":50,""d"":9,""decoder"":""mwpf"",""decoder_type"":""SolverSerialJointSingleHair"",""p"":0.006,""p_erase"":0.0,""r"":27,""run_id"":""4cab9b35185258cd2ab7f1806b7c3d16a626fa96dd58cd5907dd5e222a7a9d91""}",
         1,         0,         0,   0.654,mwpf__f4d39fc10386a89ff38f3d31b2e48ffe9d083a7fd716f793840309d01ff8379d,145c3dd4686f49e58233aad1f6cb32492657ff0053b40db3658e5aead9d622e0,"{""circuit"":""surface_code:rotated_memory_x"",""cluster_node_limit"":50,""d"":9,""decoder"":""mwpf"",""decoder_type"":""SolverSerialJointSingleHair"",""p"":0.009,""p_erase"":0.0,""r"":27,""run_id"":""ff21a10e786fdbe645e9c3fa60c001df4cfdc01991613b981a22f8f187b7f8c9""}",
         2,         0,         0,   0.523,mwpf__a84eaf4abfe907a932c6015e39161f585dcfce91bfc28e37cdd0de963adf1257,5fb873a54f64183f4b432d7c791ff695e3a9b1308a353e686213ee85b5bf073c,"{""circuit"":""surface_code:rotated_memory_x"",""cluster_node_limit"":50,""d"":9,""decoder"":""mwpf"",""decoder_type"":""SolverSerialJointSingleHair"",""p"":0.007,""p_erase"":0.0,""r"":27,""run_id"":""f720d5971f43fd95a6eb87f1b71bf149134828490d7e52580da913a2fa024f7c""}",
         2,         0,         0,   0.768,mwpf__72173c4f37fb755c0d039c1fdc4c2478d1514eecb0fb7246d38ee53f7f6c33de,450af0b6d793a26749cdbbc154715f1e957fa6a1de50ad294d57a2e56e8faa68,"{""circuit"":""surface_code:rotated_memory_x"",""cluster_node_limit"":50,""d"":9,""decoder"":""mwpf"",""decoder_type"":""SolverSerialJointSingleHair"",""p"":0.0065,""p_erase"":0.0,""r"":27,""run_id"":""d97729197ec9a9cc3beb7b4105ee96f26b6723caa81371ab95a553fce7788c2e""}",
         8,         1,         0,   0.866,mwpf__e464f2d6feb4169bf921ee71c61a166fa54aa6d9fc8aafef9186d17a5b3157ce,ca032f963ae8b0a09b3c0575cc72c15f12738d5e31f7547119d853d406e651a6,"{""circuit"":""surface_code:rotated_memory_x"",""cluster_node_limit"":50,""d"":9,""decoder"":""mwpf"",""decoder_type"":""SolverSerialJointSingleHair"",""p"":0.004,""p_erase"":0.0,""r"":27,""run_id"":""dfa10e4705b239f568dc861208894c334d09727348aa108fce2bfa124564d3b8""}",
         2,         0,         0,   0.467,mwpf__6ed5ff748543711e5cd7b4f80c85e8a4facd73595b09b8e8c91b2fc6ea7bca87,86079d2dde882a1b36fdb0f0be90ce0bc9b3fcb68ef79806912138a3e1eefab5,"{""circuit"":""surface_code:rotated_memory_x"",""cluster_node_limit"":50,""d"":9,""decoder"":""mwpf"",""decoder_type"":""SolverSerialJointSingleHair"",""p"":0.006,""p_erase"":0.0,""r"":27,""run_id"":""4cab9b35185258cd2ab7f1806b7c3d16a626fa96dd58cd5907dd5e222a7a9d91""}",
         4,         0,         0,    2.85,mwpf__3ebedd84177c526063d38deffdc5f7995e8b39297a4d2ab60991457e1c1f2bfa,d6945f43432daf14926073c1f216e0a7921b3342d8848e2c91499f36339ed255,"{""circuit"":""surface_code:rotated_memory_x"",""cluster_node_limit"":50,""d"":9,""decoder"":""mwpf"",""decoder_type"":""SolverSerialJointSingleHair"",""p"":0.0075,""p_erase"":0.0,""r"":27,""run_id"":""a04c9b7f2593f94d57dbede2cebf935e30e76acb0762bc8d6931f304cac92d86""}",
         1,         1,         0,    1.57,mwpf__3de0d8ba3d4f26a4aa47761089b54c7f9aa32f5bb30c252ef4ff9641d3422a8b,5f445648feac72d33661740427e68d0cd01752e4d0c5077c76ebd04073024775,"{""circuit"":""surface_code:rotated_memory_x"",""cluster_node_limit"":50,""d"":9,""decoder"":""mwpf"",""decoder_type"":""SolverSerialJointSingleHair"",""p"":0.01,""p_erase"":0.0,""r"":27,""run_id"":""6b89ea55942bd903fc9de7195a114f8fd81aba8225c2ead847c4f5ead4730f95""}",
       128,         0,         0,   0.986,mwpf__6b20241fdef0bc50af7bc5beb4af9085525359ff7961438f1d6c14e7a40559fc,6497b989ace1f5c4a466377684ff9e6e71bf768cf2005e5b0935ab83dc325a4d,"{""circuit"":""surface_code:rotated_memory_x"",""cluster_node_limit"":50,""d"":9,""decoder"":""mwpf"",""decoder_type"":""SolverSerialJointSingleHair"",""p"":0.001,""p_erase"":0.0,""r"":27,""run_id"":""84219ea677c17ec3283ee1385a1d135bd22bd4da5f9bbb2cb86709e81fbe2de3""}",
         8,         0,         0,   0.628,mwpf__e464f2d6feb4169bf921ee71c61a166fa54aa6d9fc8aafef9186d17a5b3157ce,ca032f963ae8b0a09b3c0575cc72c15f12738d5e31f7547119d853d406e651a6,"{""circuit"":""surface_code:rotated_memory_x"",""cluster_node_limit"":50,""d"":9,""decoder"":""mwpf"",""decoder_type"":""SolverSerialJointSingleHair"",""p"":0.004,""p_erase"":0.0,""r"":27,""run_id"":""dfa10e4705b239f568dc861208894c334d09727348aa108fce2bfa124564d3b8""}",
         2,         0,         0,   0.730,mwpf__72173c4f37fb755c0d039c1fdc4c2478d1514eecb0fb7246d38ee53f7f6c33de,450af0b6d793a26749cdbbc154715f1e957fa6a1de50ad294d57a2e56e8faa68,"{""circuit"":""surface_code:rotated_memory_x"",""cluster_node_limit"":50,""d"":9,""decoder"":""mwpf"",""decoder_type"":""SolverSerialJointSingleHair"",""p"":0.0065,""p_erase"":0.0,""r"":27,""run_id"":""d97729197ec9a9cc3beb7b4105ee96f26b6723caa81371ab95a553fce7788c2e""}",
         2,         0,         0,   0.563,mwpf__6ed5ff748543711e5cd7b4f80c85e8a4facd73595b09b8e8c91b2fc6ea7bca87,86079d2dde882a1b36fdb0f0be90ce0bc9b3fcb68ef79806912138a3e1eefab5,"{""circuit"":""surface_code:rotated_memory_x"",""cluster_node_limit"":50,""d"":9,""decoder"":""mwpf"",""decoder_type"":""SolverSerialJointSingleHair"",""p"":0.006,""p_erase"":0.0,""r"":27,""run_id"":""4cab9b35185258cd2ab7f1806b7c3d16a626fa96dd58cd5907dd5e222a7a9d91""}",
         8,         0,         0,    1.48,mwpf__c15b7bb0ff0012f0b948662426ce893e94240819d364bcf73c902cabc84cd33e,4836a6256ec9cf7d274b38aed4c7b7454299c87c216c6edd3ffabc406f995116,"{""circuit"":""surface_code:rotated_memory_x"",""cluster_node_limit"":50,""d"":9,""decoder"":""mwpf"",""decoder_type"":""SolverSerialJointSingleHair"",""p"":0.005,""p_erase"":0.0,""r"":27,""run_id"":""46b35d0fc399f4bd986b261367f981aff72f4db7f9e3eaf11f0fa2338e3ec458""}",
         1,         0,         0,   0.527,mwpf__3de0d8ba3d4f26a4aa47761089b54c7f9aa32f5bb30c252ef4ff9641d3422a8b,5f445648feac72d33661740427e68d0cd01752e4d0c5077c76ebd04073024775,"{""circuit"":""surface_code:rotated_memory_x"",""cluster_node_limit"":50,""d"":9,""decoder"":""mwpf"",""decoder_type"":""SolverSerialJointSingleHair"",""p"":0.01,""p_erase"":0.0,""r"":27,""run_id"":""6b89ea55942bd903fc9de7195a114f8fd81aba8225c2ead847c4f5ead4730f95""}",
         1,         0,         0,    3.33,mwpf__aa950e61247fa49b97ba2e4846e5caae67b7200469ac9849b5c1eac27c2911e5,6bf244f37b3a5b598d84faf3843f45f8452c9f3c0671cde50797820b706d88be,"{""circuit"":""surface_code:rotated_memory_x"",""cluster_node_limit"":50,""d"":9,""decoder"":""mwpf"",""decoder_type"":""SolverSerialJointSingleHair"",""p"":0.011,""p_erase"":0.0,""r"":27,""run_id"":""df8149f089fa2bb225048ada61fd134f48599de5ea86075a8cef94f27ba707b4""}",
         2,         0,         0,   0.187,mwpf__6ed5ff748543711e5cd7b4f80c85e8a4facd73595b09b8e8c91b2fc6ea7bca87,86079d2dde882a1b36fdb0f0be90ce0bc9b3fcb68ef79806912138a3e1eefab5,"{""circuit"":""surface_code:rotated_memory_x"",""cluster_node_limit"":50,""d"":9,""decoder"":""mwpf"",""decoder_type"":""SolverSerialJointSingleHair"",""p"":0.006,""p_erase"":0.0,""r"":27,""run_id"":""4cab9b35185258cd2ab7f1806b7c3d16a626fa96dd58cd5907dd5e222a7a9d91""}",
         2,         0,         0,   0.405,mwpf__72173c4f37fb755c0d039c1fdc4c2478d1514eecb0fb7246d38ee53f7f6c33de,450af0b6d793a26749cdbbc154715f1e957fa6a1de50ad294d57a2e56e8faa68,"{""circuit"":""surface_code:rotated_memory_x"",""cluster_node_limit"":50,""d"":9,""decoder"":""mwpf"",""decoder_type"":""SolverSerialJointSingleHair"",""p"":0.0065,""p_erase"":0.0,""r"":27,""run_id"":""d97729197ec9a9cc3beb7b4105ee96f26b6723caa81371ab95a553fce7788c2e""}",
       128,         0,         0,   0.810,mwpf__6b20241fdef0bc50af7bc5beb4af9085525359ff7961438f1d6c14e7a40559fc,6497b989ace1f5c4a466377684ff9e6e71bf768cf2005e5b0935ab83dc325a4d,"{""circuit"":""surface_code:rotated_memory_x"",""cluster_node_limit"":50,""d"":9,""decoder"":""mwpf"",""decoder_type"":""SolverSerialJointSingleHair"",""p"":0.001,""p_erase"":0.0,""r"":27,""run_id"":""84219ea677c17ec3283ee1385a1d135bd22bd4da5f9bbb2cb86709e81fbe2de3""}",
         4,         0,         0,   0.728,mwpf__c15b7bb0ff0012f0b948662426ce893e94240819d364bcf73c902cabc84cd33e,4836a6256ec9cf7d274b38aed4c7b7454299c87c216c6edd3ffabc406f995116,"{""circuit"":""surface_code:rotated_memory_x"",""cluster_node_limit"":50,""d"":9,""decoder"":""mwpf"",""decoder_type"":""SolverSerialJointSingleHair"",""p"":0.005,""p_erase"":0.0,""r"":27,""run_id"":""46b35d0fc399f4bd986b261367f981aff72f4db7f9e3eaf11f0fa2338e3ec458""}",
         8,         0,         0,   0.870,mwpf__e464f2d6feb4169bf921ee71c61a166fa54aa6d9fc8aafef9186d17a5b3157ce,ca032f963ae8b0a09b3c0575cc72c15f12738d5e31f7547119d853d406e651a6,"{""circuit"":""surface_code:rotated_memory_x"",""cluster_node_limit"":50,""d"":9,""decoder"":""mwpf"",""decoder_type"":""SolverSerialJointSingleHair"",""p"":0.004,""p_erase"":0.0,""r"":27,""run_id"":""dfa10e4705b239f568dc861208894c334d09727348aa108fce2bfa124564d3b8""}",
         2,         0,         0,    1.43,mwpf__3ebedd84177c526063d38deffdc5f7995e8b39297a4d2ab60991457e1c1f2bfa,d6945f43432daf14926073c1f216e0a7921b3342d8848e2c91499f36339ed255,"{""circuit"":""surface_code:rotated_memory_x"",""cluster_node_limit"":50,""d"":9,""decoder"":""mwpf"",""decoder_type"":""SolverSerialJointSingleHair"",""p"":0.0075,""p_erase"":0.0,""r"":27,""run_id"":""a04c9b7f2593f94d57dbede2cebf935e30e76acb0762bc8d6931f304cac92d86""}",
         2,         0,         0,   0.785,mwpf__72173c4f37fb755c0d039c1fdc4c2478d1514eecb0fb7246d38ee53f7f6c33de,450af0b6d793a26749cdbbc154715f1e957fa6a1de50ad294d57a2e56e8faa68,"{""circuit"":""surface_code:rotated_memory_x"",""cluster_node_limit"":50,""d"":9,""decoder"":""mwpf"",""decoder_type"":""SolverSerialJointSingleHair"",""p"":0.0065,""p_erase"":0.0,""r"":27,""run_id"":""d97729197ec9a9cc3beb7b4105ee96f26b6723caa81371ab95a553fce7788c2e""}",
       128,         0,         0,   0.567,mwpf__6b20241fdef0bc50af7bc5beb4af9085525359ff7961438f1d6c14e7a40559fc,6497b989ace1f5c4a466377684ff9e6e71bf768cf2005e5b0935ab83dc325a4d,"{""circuit"":""surface_code:rotated_memory_x"",""cluster_node_limit"":50,""d"":9,""decoder"":""mwpf"",""decoder_type"":""SolverSerialJointSingleHair"",""p"":0.001,""p_erase"":0.0,""r"":27,""run_id"":""84219ea677c17ec3283ee1385a1d135bd22bd4da5f9bbb2cb86709e81fbe2de3""}",
         1,         1,         0,    1.11,mwpf__aa950e61247fa49b97ba2e4846e5caae67b7200469ac9849b5c1eac27c2911e5,6bf244f37b3a5b598d84faf3843f45f8452c9f3c0671cde50797820b706d88be,"{""circuit"":""surface_code:rotated_memory_x"",""cluster_node_limit"":50,""d"":9,""decoder"":""mwpf"",""decoder_type"":""SolverSerialJointSingleHair"",""p"":0.011,""p_erase"":0.0,""r"":27,""run_id"":""df8149f089fa2bb225048ada61fd134f48599de5ea86075a8cef94f27ba707b4""}",
         1,         0,         0,   0.345,mwpf__3ebedd84177c526063d38deffdc5f7995e8b39297a4d2ab60991457e1c1f2bfa,d6945f43432daf14926073c1f216e0a7921b3342d8848e2c91499f36339ed255,"{""circuit"":""surface_code:rotated_memory_x"",""cluster_node_limit"":50,""d"":9,""decoder"":""mwpf"",""decoder_type"":""SolverSerialJointSingleHair"",""p"":0.0075,""p_erase"":0.0,""r"":27,""run_id"":""a04c9b7f2593f94d57dbede2cebf935e30e76acb0762bc8d6931f304cac92d86""}",
         2,         0,         0,   0.181,mwpf__72173c4f37fb755c0d039c1fdc4c2478d1514eecb0fb7246d38ee53f7f6c33de,450af0b6d793a26749cdbbc154715f1e957fa6a1de50ad294d57a2e56e8faa68,"{""circuit"":""surface_code:rotated_memory_x"",""cluster_node_limit"":50,""d"":9,""decoder"":""mwpf"",""decoder_type"":""SolverSerialJointSingleHair"",""p"":0.0065,""p_erase"":0.0,""r"":27,""run_id"":""d97729197ec9a9cc3beb7b4105ee96f26b6723caa81371ab95a553fce7788c2e""}",
         1,         1,         0,    1.35,mwpf__3de0d8ba3d4f26a4aa47761089b54c7f9aa32f5bb30c252ef4ff9641d3422a8b,5f445648feac72d33661740427e68d0cd01752e4d0c5077c76ebd04073024775,"{""circuit"":""surface_code:rotated_memory_x"",""cluster_node_limit"":50,""d"":9,""decoder"":""mwpf"",""decoder_type"":""SolverSerialJointSingleHair"",""p"":0.01,""p_erase"":0.0,""r"":27,""run_id"":""6b89ea55942bd903fc9de7195a114f8fd81aba8225c2ead847c4f5ead4730f95""}",
         1,         0,         0,    2.37,mwpf__f4d39fc10386a89ff38f3d31b2e48ffe9d083a7fd716f793840309d01ff8379d,145c3dd4686f49e58233aad1f6cb32492657ff0053b40db3658e5aead9d622e0,"{""circuit"":""surface_code:rotated_memory_x"",""cluster_node_limit"":50,""d"":9,""decoder"":""mwpf"",""decoder_type"":""SolverSerialJointSingleHair"",""p"":0.009,""p_erase"":0.0,""r"":27,""run_id"":""ff21a10e786fdbe645e9c3fa60c001df4cfdc01991613b981a22f8f187b7f8c9""}",
         1,         0,         0,   0.357,mwpf__3ebedd84177c526063d38deffdc5f7995e8b39297a4d2ab60991457e1c1f2bfa,d6945f43432daf14926073c1f216e0a7921b3342d8848e2c91499f36339ed255,"{""circuit"":""surface_code:rotated_memory_x"",""cluster_node_limit"":50,""d"":9,""decoder"":""mwpf"",""decoder_type"":""SolverSerialJointSingleHair"",""p"":0.0075,""p_erase"":0.0,""r"":27,""run_id"":""a04c9b7f2593f94d57dbede2cebf935e30e76acb0762bc8d6931f304cac92d86""}",
         4,         0,         0,    1.47,mwpf__6ed5ff748543711e5cd7b4f80c85e8a4facd73595b09b8e8c91b2fc6ea7bca87,86079d2dde882a1b36fdb0f0be90ce0bc9b3fcb68ef79806912138a3e1eefab5,"{""circuit"":""surface_code:rotated_memory_x"",""cluster_node_limit"":50,""d"":9,""decoder"":""mwpf"",""decoder_type"":""SolverSerialJointSingleHair"",""p"":0.006,""p_erase"":0.0,""r"":27,""run_id"":""4cab9b35185258cd2ab7f1806b7c3d16a626fa96dd58cd5907dd5e222a7a9d91""}",
         8,         0,         0,    1.02,mwpf__e464f2d6feb4169bf921ee71c61a166fa54aa6d9fc8aafef9186d17a5b3157ce,ca032f963ae8b0a09b3c0575cc72c15f12738d5e31f7547119d853d406e651a6,"{""circuit"":""surface_code:rotated_memory_x"",""cluster_node_limit"":50,""d"":9,""decoder"":""mwpf"",""decoder_type"":""SolverSerialJointSingleHair"",""p"":0.004,""p_erase"":0.0,""r"":27,""run_id"":""dfa10e4705b239f568dc861208894c334d09727348aa108fce2bfa124564d3b8""}",
         4,         0,         0,    1.20,mwpf__c15b7bb0ff0012f0b948662426ce893e94240819d364bcf73c902cabc84cd33e,4836a6256ec9cf7d274b38aed4c7b7454299c87c216c6edd3ffabc406f995116,"{""circuit"":""surface_code:rotated_memory_x"",""cluster_node_limit"":50,""d"":9,""decoder"":""mwpf"",""decoder_type"":""SolverSerialJointSingleHair"",""p"":0.005,""p_erase"":0.0,""r"":27,""run_id"":""46b35d0fc399f4bd986b261367f981aff72f4db7f9e3eaf11f0fa2338e3ec458""}",
         6,         0,         0,   0.592,mwpf__6ed5ff748543711e5cd7b4f80c85e8a4facd73595b09b8e8c91b2fc6ea7bca87,86079d2dde882a1b36fdb0f0be90ce0bc9b3fcb68ef79806912138a3e1eefab5,"{""circuit"":""surface_code:rotated_memory_x"",""cluster_node_limit"":50,""d"":9,""decoder"":""mwpf"",""decoder_type"":""SolverSerialJointSingleHair"",""p"":0.006,""p_erase"":0.0,""r"":27,""run_id"":""4cab9b35185258cd2ab7f1806b7c3d16a626fa96dd58cd5907dd5e222a7a9d91""}",
         2,         0,         0,    3.18,mwpf__a84eaf4abfe907a932c6015e39161f585dcfce91bfc28e37cdd0de963adf1257,5fb873a54f64183f4b432d7c791ff695e3a9b1308a353e686213ee85b5bf073c,"{""circuit"":""surface_code:rotated_memory_x"",""cluster_node_limit"":50,""d"":9,""decoder"":""mwpf"",""decoder_type"":""SolverSerialJointSingleHair"",""p"":0.007,""p_erase"":0.0,""r"":27,""run_id"":""f720d5971f43fd95a6eb87f1b71bf149134828490d7e52580da913a2fa024f7c""}",
         1,         0,         0,   0.996,mwpf__3de0d8ba3d4f26a4aa47761089b54c7f9aa32f5bb30c252ef4ff9641d3422a8b,5f445648feac72d33661740427e68d0cd01752e4d0c5077c76ebd04073024775,"{""circuit"":""surface_code:rotated_memory_x"",""cluster_node_limit"":50,""d"":9,""decoder"":""mwpf"",""decoder_type"":""SolverSerialJointSingleHair"",""p"":0.01,""p_erase"":0.0,""r"":27,""run_id"":""6b89ea55942bd903fc9de7195a114f8fd81aba8225c2ead847c4f5ead4730f95""}",
         8,         0,         0,   0.700,mwpf__e464f2d6feb4169bf921ee71c61a166fa54aa6d9fc8aafef9186d17a5b3157ce,ca032f963ae8b0a09b3c0575cc72c15f12738d5e31f7547119d853d406e651a6,"{""circuit"":""surface_code:rotated_memory_x"",""cluster_node_limit"":50,""d"":9,""decoder"":""mwpf"",""decoder_type"":""SolverSerialJointSingleHair"",""p"":0.004,""p_erase"":0.0,""r"":27,""run_id"":""dfa10e4705b239f568dc861208894c334d09727348aa108fce2bfa124564d3b8""}",
         1,         1,         0,   0.850,mwpf__3ebedd84177c526063d38deffdc5f7995e8b39297a4d2ab60991457e1c1f2bfa,d6945f43432daf14926073c1f216e0a7921b3342d8848e2c91499f36339ed255,"{""circuit"":""surface_code:rotated_memory_x"",""cluster_node_limit"":50,""d"":9,""decoder"":""mwpf"",""decoder_type"":""SolverSerialJointSingleHair"",""p"":0.0075,""p_erase"":0.0,""r"":27,""run_id"":""a04c9b7f2593f94d57dbede2cebf935e30e76acb0762bc8d6931f304cac92d86""}",
       128,         0,         0,    1.31,mwpf__6b20241fdef0bc50af7bc5beb4af9085525359ff7961438f1d6c14e7a40559fc,6497b989ace1f5c4a466377684ff9e6e71bf768cf2005e5b0935ab83dc325a4d,"{""circuit"":""surface_code:rotated_memory_x"",""cluster_node_limit"":50,""d"":9,""decoder"":""mwpf"",""decoder_type"":""SolverSerialJointSingleHair"",""p"":0.001,""p_erase"":0.0,""r"":27,""run_id"":""84219ea677c17ec3283ee1385a1d135bd22bd4da5f9bbb2cb86709e81fbe2de3""}",
         4,         0,         0,   0.678,mwpf__c15b7bb0ff0012f0b948662426ce893e94240819d364bcf73c902cabc84cd33e,4836a6256ec9cf7d274b38aed4c7b7454299c87c216c6edd3ffabc406f995116,"{""circuit"":""surface_code:rotated_memory_x"",""cluster_node_limit"":50,""d"":9,""decoder"":""mwpf"",""decoder_type"":""SolverSerialJointSingleHair"",""p"":0.005,""p_erase"":0.0,""r"":27,""run_id"":""46b35d0fc399f4bd986b261367f981aff72f4db7f9e3eaf11f0fa2338e3ec458""}",
         1,         0,         0,   0.247,mwpf__a84eaf4abfe907a932c6015e39161f585dcfce91bfc28e37cdd0de963adf1257,5fb873a54f64183f4b432d7c791ff695e3a9b1308a353e686213ee85b5bf073c,"{""circuit"":""surface_code:rotated_memory_x"",""cluster_node_limit"":50,""d"":9,""decoder"":""mwpf"",""decoder_type"":""SolverSerialJointSingleHair"",""p"":0.007,""p_erase"":0.0,""r"":27,""run_id"":""f720d5971f43fd95a6eb87f1b71bf149134828490d7e52580da913a2fa024f7c""}",
         4,         0,         0,   0.723,mwpf__6ed5ff748543711e5cd7b4f80c85e8a4facd73595b09b8e8c91b2fc6ea7bca87,86079d2dde882a1b36fdb0f0be90ce0bc9b3fcb68ef79806912138a3e1eefab5,"{""circuit"":""surface_code:rotated_memory_x"",""cluster_node_limit"":50,""d"":9,""decoder"":""mwpf"",""decoder_type"":""SolverSerialJointSingleHair"",""p"":0.006,""p_erase"":0.0,""r"":27,""run_id"":""4cab9b35185258cd2ab7f1806b7c3d16a626fa96dd58cd5907dd5e222a7a9d91""}",
         2,         0,         0,    6.75,mwpf__f4d39fc10386a89ff38f3d31b2e48ffe9d083a7fd716f793840309d01ff8379d,145c3dd4686f49e58233aad1f6cb32492657ff0053b40db3658e5aead9d622e0,"{""circuit"":""surface_code:rotated_memory_x"",""cluster_node_limit"":50,""d"":9,""decoder"":""mwpf"",""decoder_type"":""SolverSerialJointSingleHair"",""p"":0.009,""p_erase"":0.0,""r"":27,""run_id"":""ff21a10e786fdbe645e9c3fa60c001df4cfdc01991613b981a22f8f187b7f8c9""}",
         1,         0,         0,    5.03,mwpf__8c0dee3b72490cd99940eb344db6dd047bfda29afb5b61597b97539b079c72d8,4a9c64a159c68bbef2b1487bd9ce846f6fd4e451c6f28d2659bf00c12820cdb9,"{""circuit"":""surface_code:rotated_memory_x"",""cluster_node_limit"":50,""d"":9,""decoder"":""mwpf"",""decoder_type"":""SolverSerialJointSingleHair"",""p"":0.008,""p_erase"":0.0,""r"":27,""run_id"":""310d17c43a0b4c7b4cddac58dc5999da13b706985eb107267c12d661b860647c""}",
       192,         0,         0,   0.644,mwpf__6b20241fdef0bc50af7bc5beb4af9085525359ff7961438f1d6c14e7a40559fc,6497b989ace1f5c4a466377684ff9e6e71bf768cf2005e5b0935ab83dc325a4d,"{""circuit"":""surface_code:rotated_memory_x"",""cluster_node_limit"":50,""d"":9,""decoder"":""mwpf"",""decoder_type"":""SolverSerialJointSingleHair"",""p"":0.001,""p_erase"":0.0,""r"":27,""run_id"":""84219ea677c17ec3283ee1385a1d135bd22bd4da5f9bbb2cb86709e81fbe2de3""}",
         8,         0,         0,   0.764,mwpf__e464f2d6feb4169bf921ee71c61a166fa54aa6d9fc8aafef9186d17a5b3157ce,ca032f963ae8b0a09b3c0575cc72c15f12738d5e31f7547119d853d406e651a6,"{""circuit"":""surface_code:rotated_memory_x"",""cluster_node_limit"":50,""d"":9,""decoder"":""mwpf"",""decoder_type"":""SolverSerialJointSingleHair"",""p"":0.004,""p_erase"":0.0,""r"":27,""run_id"":""dfa10e4705b239f568dc861208894c334d09727348aa108fce2bfa124564d3b8""}",
         1,         0,         0,   0.800,mwpf__3ebedd84177c526063d38deffdc5f7995e8b39297a4d2ab60991457e1c1f2bfa,d6945f43432daf14926073c1f216e0a7921b3342d8848e2c91499f36339ed255,"{""circuit"":""surface_code:rotated_memory_x"",""cluster_node_limit"":50,""d"":9,""decoder"":""mwpf"",""decoder_type"":""SolverSerialJointSingleHair"",""p"":0.0075,""p_erase"":0.0,""r"":27,""run_id"":""a04c9b7f2593f94d57dbede2cebf935e30e76acb0762bc8d6931f304cac92d86""}",
         8,         0,         0,   0.396,mwpf__e464f2d6feb4169bf921ee71c61a166fa54aa6d9fc8aafef9186d17a5b3157ce,ca032f963ae8b0a09b3c0575cc72c15f12738d5e31f7547119d853d406e651a6,"{""circuit"":""surface_code:rotated_memory_x"",""cluster_node_limit"":50,""d"":9,""decoder"":""mwpf"",""decoder_type"":""SolverSerialJointSingleHair"",""p"":0.004,""p_erase"":0.0,""r"":27,""run_id"":""dfa10e4705b239f568dc861208894c334d09727348aa108fce2bfa124564d3b8""}",
         4,         2,         0,   0.992,mwpf__6ed5ff748543711e5cd7b4f80c85e8a4facd73595b09b8e8c91b2fc6ea7bca87,86079d2dde882a1b36fdb0f0be90ce0bc9b3fcb68ef79806912138a3e1eefab5,"{""circuit"":""surface_code:rotated_memory_x"",""cluster_node_limit"":50,""d"":9,""decoder"":""mwpf"",""decoder_type"":""SolverSerialJointSingleHair"",""p"":0.006,""p_erase"":0.0,""r"":27,""run_id"":""4cab9b35185258cd2ab7f1806b7c3d16a626fa96dd58cd5907dd5e222a7a9d91""}",
         1,         0,         0,   0.885,mwpf__8c0dee3b72490cd99940eb344db6dd047bfda29afb5b61597b97539b079c72d8,4a9c64a159c68bbef2b1487bd9ce846f6fd4e451c6f28d2659bf00c12820cdb9,"{""circuit"":""surface_code:rotated_memory_x"",""cluster_node_limit"":50,""d"":9,""decoder"":""mwpf"",""decoder_type"":""SolverSerialJointSingleHair"",""p"":0.008,""p_erase"":0.0,""r"":27,""run_id"":""310d17c43a0b4c7b4cddac58dc5999da13b706985eb107267c12d661b860647c""}",
         1,         0,         0,   0.868,mwpf__3ebedd84177c526063d38deffdc5f7995e8b39297a4d2ab60991457e1c1f2bfa,d6945f43432daf14926073c1f216e0a7921b3342d8848e2c91499f36339ed255,"{""circuit"":""surface_code:rotated_memory_x"",""cluster_node_limit"":50,""d"":9,""decoder"":""mwpf"",""decoder_type"":""SolverSerialJointSingleHair"",""p"":0.0075,""p_erase"":0.0,""r"":27,""run_id"":""a04c9b7f2593f94d57dbede2cebf935e30e76acb0762bc8d6931f304cac92d86""}",
         1,         0,         0,    2.70,mwpf__f4d39fc10386a89ff38f3d31b2e48ffe9d083a7fd716f793840309d01ff8379d,145c3dd4686f49e58233aad1f6cb32492657ff0053b40db3658e5aead9d622e0,"{""circuit"":""surface_code:rotated_memory_x"",""cluster_node_limit"":50,""d"":9,""decoder"":""mwpf"",""decoder_type"":""SolverSerialJointSingleHair"",""p"":0.009,""p_erase"":0.0,""r"":27,""run_id"":""ff21a10e786fdbe645e9c3fa60c001df4cfdc01991613b981a22f8f187b7f8c9""}",
         2,         0,         0,    1.55,mwpf__a84eaf4abfe907a932c6015e39161f585dcfce91bfc28e37cdd0de963adf1257,5fb873a54f64183f4b432d7c791ff695e3a9b1308a353e686213ee85b5bf073c,"{""circuit"":""surface_code:rotated_memory_x"",""cluster_node_limit"":50,""d"":9,""decoder"":""mwpf"",""decoder_type"":""SolverSerialJointSingleHair"",""p"":0.007,""p_erase"":0.0,""r"":27,""run_id"":""f720d5971f43fd95a6eb87f1b71bf149134828490d7e52580da913a2fa024f7c""}",
         1,         0,         0,   0.290,mwpf__8c0dee3b72490cd99940eb344db6dd047bfda29afb5b61597b97539b079c72d8,4a9c64a159c68bbef2b1487bd9ce846f6fd4e451c6f28d2659bf00c12820cdb9,"{""circuit"":""surface_code:rotated_memory_x"",""cluster_node_limit"":50,""d"":9,""decoder"":""mwpf"",""decoder_type"":""SolverSerialJointSingleHair"",""p"":0.008,""p_erase"":0.0,""r"":27,""run_id"":""310d17c43a0b4c7b4cddac58dc5999da13b706985eb107267c12d661b860647c""}",
         4,         0,         0,    3.00,mwpf__72173c4f37fb755c0d039c1fdc4c2478d1514eecb0fb7246d38ee53f7f6c33de,450af0b6d793a26749cdbbc154715f1e957fa6a1de50ad294d57a2e56e8faa68,"{""circuit"":""surface_code:rotated_memory_x"",""cluster_node_limit"":50,""d"":9,""decoder"":""mwpf"",""decoder_type"":""SolverSerialJointSingleHair"",""p"":0.0065,""p_erase"":0.0,""r"":27,""run_id"":""d97729197ec9a9cc3beb7b4105ee96f26b6723caa81371ab95a553fce7788c2e""}",
         4,         0,         0,    1.94,mwpf__c15b7bb0ff0012f0b948662426ce893e94240819d364bcf73c902cabc84cd33e,4836a6256ec9cf7d274b38aed4c7b7454299c87c216c6edd3ffabc406f995116,"{""circuit"":""surface_code:rotated_memory_x"",""cluster_node_limit"":50,""d"":9,""decoder"":""mwpf"",""decoder_type"":""SolverSerialJointSingleHair"",""p"":0.005,""p_erase"":0.0,""r"":27,""run_id"":""46b35d0fc399f4bd986b261367f981aff72f4db7f9e3eaf11f0fa2338e3ec458""}",
         1,         1,         0,   0.378,mwpf__a84eaf4abfe907a932c6015e39161f585dcfce91bfc28e37cdd0de963adf1257,5fb873a54f64183f4b432d7c791ff695e3a9b1308a353e686213ee85b5bf073c,"{""circuit"":""surface_code:rotated_memory_x"",""cluster_node_limit"":50,""d"":9,""decoder"":""mwpf"",""decoder_type"":""SolverSerialJointSingleHair"",""p"":0.007,""p_erase"":0.0,""r"":27,""run_id"":""f720d5971f43fd95a6eb87f1b71bf149134828490d7e52580da913a2fa024f7c""}",
       128,         0,         0,    1.46,mwpf__6b20241fdef0bc50af7bc5beb4af9085525359ff7961438f1d6c14e7a40559fc,6497b989ace1f5c4a466377684ff9e6e71bf768cf2005e5b0935ab83dc325a4d,"{""circuit"":""surface_code:rotated_memory_x"",""cluster_node_limit"":50,""d"":9,""decoder"":""mwpf"",""decoder_type"":""SolverSerialJointSingleHair"",""p"":0.001,""p_erase"":0.0,""r"":27,""run_id"":""84219ea677c17ec3283ee1385a1d135bd22bd4da5f9bbb2cb86709e81fbe2de3""}",
         8,         0,         0,    1.04,mwpf__e464f2d6feb4169bf921ee71c61a166fa54aa6d9fc8aafef9186d17a5b3157ce,ca032f963ae8b0a09b3c0575cc72c15f12738d5e31f7547119d853d406e651a6,"{""circuit"":""surface_code:rotated_memory_x"",""cluster_node_limit"":50,""d"":9,""decoder"":""mwpf"",""decoder_type"":""SolverSerialJointSingleHair"",""p"":0.004,""p_erase"":0.0,""r"":27,""run_id"":""dfa10e4705b239f568dc861208894c334d09727348aa108fce2bfa124564d3b8""}",
         1,         0,         0,    7.66,mwpf__aa950e61247fa49b97ba2e4846e5caae67b7200469ac9849b5c1eac27c2911e5,6bf244f37b3a5b598d84faf3843f45f8452c9f3c0671cde50797820b706d88be,"{""circuit"":""surface_code:rotated_memory_x"",""cluster_node_limit"":50,""d"":9,""decoder"":""mwpf"",""decoder_type"":""SolverSerialJointSingleHair"",""p"":0.011,""p_erase"":0.0,""r"":27,""run_id"":""df8149f089fa2bb225048ada61fd134f48599de5ea86075a8cef94f27ba707b4""}",
         2,         0,         0,   0.350,mwpf__72173c4f37fb755c0d039c1fdc4c2478d1514eecb0fb7246d38ee53f7f6c33de,450af0b6d793a26749cdbbc154715f1e957fa6a1de50ad294d57a2e56e8faa68,"{""circuit"":""surface_code:rotated_memory_x"",""cluster_node_limit"":50,""d"":9,""decoder"":""mwpf"",""decoder_type"":""SolverSerialJointSingleHair"",""p"":0.0065,""p_erase"":0.0,""r"":27,""run_id"":""d97729197ec9a9cc3beb7b4105ee96f26b6723caa81371ab95a553fce7788c2e""}",
         1,         1,         0,    3.67,mwpf__aa950e61247fa49b97ba2e4846e5caae67b7200469ac9849b5c1eac27c2911e5,6bf244f37b3a5b598d84faf3843f45f8452c9f3c0671cde50797820b706d88be,"{""circuit"":""surface_code:rotated_memory_x"",""cluster_node_limit"":50,""d"":9,""decoder"":""mwpf"",""decoder_type"":""SolverSerialJointSingleHair"",""p"":0.011,""p_erase"":0.0,""r"":27,""run_id"":""df8149f089fa2bb225048ada61fd134f48599de5ea86075a8cef94f27ba707b4""}",
         4,         0,         0,    1.04,mwpf__6ed5ff748543711e5cd7b4f80c85e8a4facd73595b09b8e8c91b2fc6ea7bca87,86079d2dde882a1b36fdb0f0be90ce0bc9b3fcb68ef79806912138a3e1eefab5,"{""circuit"":""surface_code:rotated_memory_x"",""cluster_node_limit"":50,""d"":9,""decoder"":""mwpf"",""decoder_type"":""SolverSerialJointSingleHair"",""p"":0.006,""p_erase"":0.0,""r"":27,""run_id"":""4cab9b35185258cd2ab7f1806b7c3d16a626fa96dd58cd5907dd5e222a7a9d91""}",
         2,         1,         0,   0.823,mwpf__8c0dee3b72490cd99940eb344db6dd047bfda29afb5b61597b97539b079c72d8,4a9c64a159c68bbef2b1487bd9ce846f6fd4e451c6f28d2659bf00c12820cdb9,"{""circuit"":""surface_code:rotated_memory_x"",""cluster_node_limit"":50,""d"":9,""decoder"":""mwpf"",""decoder_type"":""SolverSerialJointSingleHair"",""p"":0.008,""p_erase"":0.0,""r"":27,""run_id"":""310d17c43a0b4c7b4cddac58dc5999da13b706985eb107267c12d661b860647c""}",
         2,         0,         0,   0.477,mwpf__72173c4f37fb755c0d039c1fdc4c2478d1514eecb0fb7246d38ee53f7f6c33de,450af0b6d793a26749cdbbc154715f1e957fa6a1de50ad294d57a2e56e8faa68,"{""circuit"":""surface_code:rotated_memory_x"",""cluster_node_limit"":50,""d"":9,""decoder"":""mwpf"",""decoder_type"":""SolverSerialJointSingleHair"",""p"":0.0065,""p_erase"":0.0,""r"":27,""run_id"":""d97729197ec9a9cc3beb7b4105ee96f26b6723caa81371ab95a553fce7788c2e""}",
         1,         1,         0,    2.19,mwpf__f4d39fc10386a89ff38f3d31b2e48ffe9d083a7fd716f793840309d01ff8379d,145c3dd4686f49e58233aad1f6cb32492657ff0053b40db3658e5aead9d622e0,"{""circuit"":""surface_code:rotated_memory_x"",""cluster_node_limit"":50,""d"":9,""decoder"":""mwpf"",""decoder_type"":""SolverSerialJointSingleHair"",""p"":0.009,""p_erase"":0.0,""r"":27,""run_id"":""ff21a10e786fdbe645e9c3fa60c001df4cfdc01991613b981a22f8f187b7f8c9""}",
         2,         0,         0,   0.753,mwpf__c15b7bb0ff0012f0b948662426ce893e94240819d364bcf73c902cabc84cd33e,4836a6256ec9cf7d274b38aed4c7b7454299c87c216c6edd3ffabc406f995116,"{""circuit"":""surface_code:rotated_memory_x"",""cluster_node_limit"":50,""d"":9,""decoder"":""mwpf"",""decoder_type"":""SolverSerialJointSingleHair"",""p"":0.005,""p_erase"":0.0,""r"":27,""run_id"":""46b35d0fc399f4bd986b261367f981aff72f4db7f9e3eaf11f0fa2338e3ec458""}",
         1,         1,         0,    2.97,mwpf__3de0d8ba3d4f26a4aa47761089b54c7f9aa32f5bb30c252ef4ff9641d3422a8b,5f445648feac72d33661740427e68d0cd01752e4d0c5077c76ebd04073024775,"{""circuit"":""surface_code:rotated_memory_x"",""cluster_node_limit"":50,""d"":9,""decoder"":""mwpf"",""decoder_type"":""SolverSerialJointSingleHair"",""p"":0.01,""p_erase"":0.0,""r"":27,""run_id"":""6b89ea55942bd903fc9de7195a114f8fd81aba8225c2ead847c4f5ead4730f95""}",
         1,         0,         0,   0.873,mwpf__a84eaf4abfe907a932c6015e39161f585dcfce91bfc28e37cdd0de963adf1257,5fb873a54f64183f4b432d7c791ff695e3a9b1308a353e686213ee85b5bf073c,"{""circuit"":""surface_code:rotated_memory_x"",""cluster_node_limit"":50,""d"":9,""decoder"":""mwpf"",""decoder_type"":""SolverSerialJointSingleHair"",""p"":0.007,""p_erase"":0.0,""r"":27,""run_id"":""f720d5971f43fd95a6eb87f1b71bf149134828490d7e52580da913a2fa024f7c""}",
        64,         0,         0,   0.870,mwpf__6b20241fdef0bc50af7bc5beb4af9085525359ff7961438f1d6c14e7a40559fc,6497b989ace1f5c4a466377684ff9e6e71bf768cf2005e5b0935ab83dc325a4d,"{""circuit"":""surface_code:rotated_memory_x"",""cluster_node_limit"":50,""d"":9,""decoder"":""mwpf"",""decoder_type"":""SolverSerialJointSingleHair"",""p"":0.001,""p_erase"":0.0,""r"":27,""run_id"":""84219ea677c17ec3283ee1385a1d135bd22bd4da5f9bbb2cb86709e81fbe2de3""}",
         8,         0,         0,   0.869,mwpf__e464f2d6feb4169bf921ee71c61a166fa54aa6d9fc8aafef9186d17a5b3157ce,ca032f963ae8b0a09b3c0575cc72c15f12738d5e31f7547119d853d406e651a6,"{""circuit"":""surface_code:rotated_memory_x"",""cluster_node_limit"":50,""d"":9,""decoder"":""mwpf"",""decoder_type"":""SolverSerialJointSingleHair"",""p"":0.004,""p_erase"":0.0,""r"":27,""run_id"":""dfa10e4705b239f568dc861208894c334d09727348aa108fce2bfa124564d3b8""}",
         2,         0,         0,   0.253,mwpf__c15b7bb0ff0012f0b948662426ce893e94240819d364bcf73c902cabc84cd33e,4836a6256ec9cf7d274b38aed4c7b7454299c87c216c6edd3ffabc406f995116,"{""circuit"":""surface_code:rotated_memory_x"",""cluster_node_limit"":50,""d"":9,""decoder"":""mwpf"",""decoder_type"":""SolverSerialJointSingleHair"",""p"":0.005,""p_erase"":0.0,""r"":27,""run_id"":""46b35d0fc399f4bd986b261367f981aff72f4db7f9e3eaf11f0fa2338e3ec458""}",
         1,         0,         0,    1.00,mwpf__aa950e61247fa49b97ba2e4846e5caae67b7200469ac9849b5c1eac27c2911e5,6bf244f37b3a5b598d84faf3843f45f8452c9f3c0671cde50797820b706d88be,"{""circuit"":""surface_code:rotated_memory_x"",""cluster_node_limit"":50,""d"":9,""decoder"":""mwpf"",""decoder_type"":""SolverSerialJointSingleHair"",""p"":0.011,""p_erase"":0.0,""r"":27,""run_id"":""df8149f089fa2bb225048ada61fd134f48599de5ea86075a8cef94f27ba707b4""}",
         1,         0,         0,   0.507,mwpf__f4d39fc10386a89ff38f3d31b2e48ffe9d083a7fd716f793840309d01ff8379d,145c3dd4686f49e58233aad1f6cb32492657ff0053b40db3658e5aead9d622e0,"{""circuit"":""surface_code:rotated_memory_x"",""cluster_node_limit"":50,""d"":9,""decoder"":""mwpf"",""decoder_type"":""SolverSerialJointSingleHair"",""p"":0.009,""p_erase"":0.0,""r"":27,""run_id"":""ff21a10e786fdbe645e9c3fa60c001df4cfdc01991613b981a22f8f187b7f8c9""}",
         1,         0,         0,   0.393,mwpf__3de0d8ba3d4f26a4aa47761089b54c7f9aa32f5bb30c252ef4ff9641d3422a8b,5f445648feac72d33661740427e68d0cd01752e4d0c5077c76ebd04073024775,"{""circuit"":""surface_code:rotated_memory_x"",""cluster_node_limit"":50,""d"":9,""decoder"":""mwpf"",""decoder_type"":""SolverSerialJointSingleHair"",""p"":0.01,""p_erase"":0.0,""r"":27,""run_id"":""6b89ea55942bd903fc9de7195a114f8fd81aba8225c2ead847c4f5ead4730f95""}",
         1,         1,         0,    1.78,mwpf__f4d39fc10386a89ff38f3d31b2e48ffe9d083a7fd716f793840309d01ff8379d,145c3dd4686f49e58233aad1f6cb32492657ff0053b40db3658e5aead9d622e0,"{""circuit"":""surface_code:rotated_memory_x"",""cluster_node_limit"":50,""d"":9,""decoder"":""mwpf"",""decoder_type"":""SolverSerialJointSingleHair"",""p"":0.009,""p_erase"":0.0,""r"":27,""run_id"":""ff21a10e786fdbe645e9c3fa60c001df4cfdc01991613b981a22f8f187b7f8c9""}",
       128,         0,         0,   0.600,mwpf__6b20241fdef0bc50af7bc5beb4af9085525359ff7961438f1d6c14e7a40559fc,6497b989ace1f5c4a466377684ff9e6e71bf768cf2005e5b0935ab83dc325a4d,"{""circuit"":""surface_code:rotated_memory_x"",""cluster_node_limit"":50,""d"":9,""decoder"":""mwpf"",""decoder_type"":""SolverSerialJointSingleHair"",""p"":0.001,""p_erase"":0.0,""r"":27,""run_id"":""84219ea677c17ec3283ee1385a1d135bd22bd4da5f9bbb2cb86709e81fbe2de3""}",
         1,         0,         0,    1.22,mwpf__aa950e61247fa49b97ba2e4846e5caae67b7200469ac9849b5c1eac27c2911e5,6bf244f37b3a5b598d84faf3843f45f8452c9f3c0671cde50797820b706d88be,"{""circuit"":""surface_code:rotated_memory_x"",""cluster_node_limit"":50,""d"":9,""decoder"":""mwpf"",""decoder_type"":""SolverSerialJointSingleHair"",""p"":0.011,""p_erase"":0.0,""r"":27,""run_id"":""df8149f089fa2bb225048ada61fd134f48599de5ea86075a8cef94f27ba707b4""}",
         3,         0,         0,    2.03,mwpf__3ebedd84177c526063d38deffdc5f7995e8b39297a4d2ab60991457e1c1f2bfa,d6945f43432daf14926073c1f216e0a7921b3342d8848e2c91499f36339ed255,"{""circuit"":""surface_code:rotated_memory_x"",""cluster_node_limit"":50,""d"":9,""decoder"":""mwpf"",""decoder_type"":""SolverSerialJointSingleHair"",""p"":0.0075,""p_erase"":0.0,""r"":27,""run_id"":""a04c9b7f2593f94d57dbede2cebf935e30e76acb0762bc8d6931f304cac92d86""}",
         3,         1,         0,   0.935,mwpf__a84eaf4abfe907a932c6015e39161f585dcfce91bfc28e37cdd0de963adf1257,5fb873a54f64183f4b432d7c791ff695e3a9b1308a353e686213ee85b5bf073c,"{""circuit"":""surface_code:rotated_memory_x"",""cluster_node_limit"":50,""d"":9,""decoder"":""mwpf"",""decoder_type"":""SolverSerialJointSingleHair"",""p"":0.007,""p_erase"":0.0,""r"":27,""run_id"":""f720d5971f43fd95a6eb87f1b71bf149134828490d7e52580da913a2fa024f7c""}",
         1,         0,         0,   0.603,mwpf__3de0d8ba3d4f26a4aa47761089b54c7f9aa32f5bb30c252ef4ff9641d3422a8b,5f445648feac72d33661740427e68d0cd01752e4d0c5077c76ebd04073024775,"{""circuit"":""surface_code:rotated_memory_x"",""cluster_node_limit"":50,""d"":9,""decoder"":""mwpf"",""decoder_type"":""SolverSerialJointSingleHair"",""p"":0.01,""p_erase"":0.0,""r"":27,""run_id"":""6b89ea55942bd903fc9de7195a114f8fd81aba8225c2ead847c4f5ead4730f95""}",
         4,         0,         0,   0.842,mwpf__c15b7bb0ff0012f0b948662426ce893e94240819d364bcf73c902cabc84cd33e,4836a6256ec9cf7d274b38aed4c7b7454299c87c216c6edd3ffabc406f995116,"{""circuit"":""surface_code:rotated_memory_x"",""cluster_node_limit"":50,""d"":9,""decoder"":""mwpf"",""decoder_type"":""SolverSerialJointSingleHair"",""p"":0.005,""p_erase"":0.0,""r"":27,""run_id"":""46b35d0fc399f4bd986b261367f981aff72f4db7f9e3eaf11f0fa2338e3ec458""}",
         1,         0,         0,   0.629,mwpf__f4d39fc10386a89ff38f3d31b2e48ffe9d083a7fd716f793840309d01ff8379d,145c3dd4686f49e58233aad1f6cb32492657ff0053b40db3658e5aead9d622e0,"{""circuit"":""surface_code:rotated_memory_x"",""cluster_node_limit"":50,""d"":9,""decoder"":""mwpf"",""decoder_type"":""SolverSerialJointSingleHair"",""p"":0.009,""p_erase"":0.0,""r"":27,""run_id"":""ff21a10e786fdbe645e9c3fa60c001df4cfdc01991613b981a22f8f187b7f8c9""}",
         8,         0,         0,    1.12,mwpf__e464f2d6feb4169bf921ee71c61a166fa54aa6d9fc8aafef9186d17a5b3157ce,ca032f963ae8b0a09b3c0575cc72c15f12738d5e31f7547119d853d406e651a6,"{""circuit"":""surface_code:rotated_memory_x"",""cluster_node_limit"":50,""d"":9,""decoder"":""mwpf"",""decoder_type"":""SolverSerialJointSingleHair"",""p"":0.004,""p_erase"":0.0,""r"":27,""run_id"":""dfa10e4705b239f568dc861208894c334d09727348aa108fce2bfa124564d3b8""}",
         1,         0,         0,   0.932,mwpf__f4d39fc10386a89ff38f3d31b2e48ffe9d083a7fd716f793840309d01ff8379d,145c3dd4686f49e58233aad1f6cb32492657ff0053b40db3658e5aead9d622e0,"{""circuit"":""surface_code:rotated_memory_x"",""cluster_node_limit"":50,""d"":9,""decoder"":""mwpf"",""decoder_type"":""SolverSerialJointSingleHair"",""p"":0.009,""p_erase"":0.0,""r"":27,""run_id"":""ff21a10e786fdbe645e9c3fa60c001df4cfdc01991613b981a22f8f187b7f8c9""}",
         1,         1,         0,    11.0,mwpf__3de0d8ba3d4f26a4aa47761089b54c7f9aa32f5bb30c252ef4ff9641d3422a8b,5f445648feac72d33661740427e68d0cd01752e4d0c5077c76ebd04073024775,"{""circuit"":""surface_code:rotated_memory_x"",""cluster_node_limit"":50,""d"":9,""decoder"":""mwpf"",""decoder_type"":""SolverSerialJointSingleHair"",""p"":0.01,""p_erase"":0.0,""r"":27,""run_id"":""6b89ea55942bd903fc9de7195a114f8fd81aba8225c2ead847c4f5ead4730f95""}",
         8,         0,         0,    1.90,mwpf__6ed5ff748543711e5cd7b4f80c85e8a4facd73595b09b8e8c91b2fc6ea7bca87,86079d2dde882a1b36fdb0f0be90ce0bc9b3fcb68ef79806912138a3e1eefab5,"{""circuit"":""surface_code:rotated_memory_x"",""cluster_node_limit"":50,""d"":9,""decoder"":""mwpf"",""decoder_type"":""SolverSerialJointSingleHair"",""p"":0.006,""p_erase"":0.0,""r"":27,""run_id"":""4cab9b35185258cd2ab7f1806b7c3d16a626fa96dd58cd5907dd5e222a7a9d91""}",
         1,         0,         0,   0.304,mwpf__f4d39fc10386a89ff38f3d31b2e48ffe9d083a7fd716f793840309d01ff8379d,145c3dd4686f49e58233aad1f6cb32492657ff0053b40db3658e5aead9d622e0,"{""circuit"":""surface_code:rotated_memory_x"",""cluster_node_limit"":50,""d"":9,""decoder"":""mwpf"",""decoder_type"":""SolverSerialJointSingleHair"",""p"":0.009,""p_erase"":0.0,""r"":27,""run_id"":""ff21a10e786fdbe645e9c3fa60c001df4cfdc01991613b981a22f8f187b7f8c9""}",
         4,         1,         0,   0.753,mwpf__c15b7bb0ff0012f0b948662426ce893e94240819d364bcf73c902cabc84cd33e,4836a6256ec9cf7d274b38aed4c7b7454299c87c216c6edd3ffabc406f995116,"{""circuit"":""surface_code:rotated_memory_x"",""cluster_node_limit"":50,""d"":9,""decoder"":""mwpf"",""decoder_type"":""SolverSerialJointSingleHair"",""p"":0.005,""p_erase"":0.0,""r"":27,""run_id"":""46b35d0fc399f4bd986b261367f981aff72f4db7f9e3eaf11f0fa2338e3ec458""}",
         1,         0,         0,    1.10,mwpf__3ebedd84177c526063d38deffdc5f7995e8b39297a4d2ab60991457e1c1f2bfa,d6945f43432daf14926073c1f216e0a7921b3342d8848e2c91499f36339ed255,"{""circuit"":""surface_code:rotated_memory_x"",""cluster_node_limit"":50,""d"":9,""decoder"":""mwpf"",""decoder_type"":""SolverSerialJointSingleHair"",""p"":0.0075,""p_erase"":0.0,""r"":27,""run_id"":""a04c9b7f2593f94d57dbede2cebf935e30e76acb0762bc8d6931f304cac92d86""}",
         4,         0,         0,   0.431,mwpf__c15b7bb0ff0012f0b948662426ce893e94240819d364bcf73c902cabc84cd33e,4836a6256ec9cf7d274b38aed4c7b7454299c87c216c6edd3ffabc406f995116,"{""circuit"":""surface_code:rotated_memory_x"",""cluster_node_limit"":50,""d"":9,""decoder"":""mwpf"",""decoder_type"":""SolverSerialJointSingleHair"",""p"":0.005,""p_erase"":0.0,""r"":27,""run_id"":""46b35d0fc399f4bd986b261367f981aff72f4db7f9e3eaf11f0fa2338e3ec458""}",
         6,         0,         0,    2.90,mwpf__72173c4f37fb755c0d039c1fdc4c2478d1514eecb0fb7246d38ee53f7f6c33de,450af0b6d793a26749cdbbc154715f1e957fa6a1de50ad294d57a2e56e8faa68,"{""circuit"":""surface_code:rotated_memory_x"",""cluster_node_limit"":50,""d"":9,""decoder"":""mwpf"",""decoder_type"":""SolverSerialJointSingleHair"",""p"":0.0065,""p_erase"":0.0,""r"":27,""run_id"":""d97729197ec9a9cc3beb7b4105ee96f26b6723caa81371ab95a553fce7788c2e""}",
         6,         0,         0,    1.79,mwpf__a84eaf4abfe907a932c6015e39161f585dcfce91bfc28e37cdd0de963adf1257,5fb873a54f64183f4b432d7c791ff695e3a9b1308a353e686213ee85b5bf073c,"{""circuit"":""surface_code:rotated_memory_x"",""cluster_node_limit"":50,""d"":9,""decoder"":""mwpf"",""decoder_type"":""SolverSerialJointSingleHair"",""p"":0.007,""p_erase"":0.0,""r"":27,""run_id"":""f720d5971f43fd95a6eb87f1b71bf149134828490d7e52580da913a2fa024f7c""}",
       256,         0,         0,    2.24,mwpf__6b20241fdef0bc50af7bc5beb4af9085525359ff7961438f1d6c14e7a40559fc,6497b989ace1f5c4a466377684ff9e6e71bf768cf2005e5b0935ab83dc325a4d,"{""circuit"":""surface_code:rotated_memory_x"",""cluster_node_limit"":50,""d"":9,""decoder"":""mwpf"",""decoder_type"":""SolverSerialJointSingleHair"",""p"":0.001,""p_erase"":0.0,""r"":27,""run_id"":""84219ea677c17ec3283ee1385a1d135bd22bd4da5f9bbb2cb86709e81fbe2de3""}",
         4,         0,         0,   0.797,mwpf__c15b7bb0ff0012f0b948662426ce893e94240819d364bcf73c902cabc84cd33e,4836a6256ec9cf7d274b38aed4c7b7454299c87c216c6edd3ffabc406f995116,"{""circuit"":""surface_code:rotated_memory_x"",""cluster_node_limit"":50,""d"":9,""decoder"":""mwpf"",""decoder_type"":""SolverSerialJointSingleHair"",""p"":0.005,""p_erase"":0.0,""r"":27,""run_id"":""46b35d0fc399f4bd986b261367f981aff72f4db7f9e3eaf11f0fa2338e3ec458""}",
         8,         1,         0,    1.77,mwpf__e464f2d6feb4169bf921ee71c61a166fa54aa6d9fc8aafef9186d17a5b3157ce,ca032f963ae8b0a09b3c0575cc72c15f12738d5e31f7547119d853d406e651a6,"{""circuit"":""surface_code:rotated_memory_x"",""cluster_node_limit"":50,""d"":9,""decoder"":""mwpf"",""decoder_type"":""SolverSerialJointSingleHair"",""p"":0.004,""p_erase"":0.0,""r"":27,""run_id"":""dfa10e4705b239f568dc861208894c334d09727348aa108fce2bfa124564d3b8""}",
         6,         0,         0,    1.77,mwpf__6ed5ff748543711e5cd7b4f80c85e8a4facd73595b09b8e8c91b2fc6ea7bca87,86079d2dde882a1b36fdb0f0be90ce0bc9b3fcb68ef79806912138a3e1eefab5,"{""circuit"":""surface_code:rotated_memory_x"",""cluster_node_limit"":50,""d"":9,""decoder"":""mwpf"",""decoder_type"":""SolverSerialJointSingleHair"",""p"":0.006,""p_erase"":0.0,""r"":27,""run_id"":""4cab9b35185258cd2ab7f1806b7c3d16a626fa96dd58cd5907dd5e222a7a9d91""}",
         3,         1,         0,    1.41,mwpf__3ebedd84177c526063d38deffdc5f7995e8b39297a4d2ab60991457e1c1f2bfa,d6945f43432daf14926073c1f216e0a7921b3342d8848e2c91499f36339ed255,"{""circuit"":""surface_code:rotated_memory_x"",""cluster_node_limit"":50,""d"":9,""decoder"":""mwpf"",""decoder_type"":""SolverSerialJointSingleHair"",""p"":0.0075,""p_erase"":0.0,""r"":27,""run_id"":""a04c9b7f2593f94d57dbede2cebf935e30e76acb0762bc8d6931f304cac92d86""}",
         1,         0,         0,    1.90,mwpf__f4d39fc10386a89ff38f3d31b2e48ffe9d083a7fd716f793840309d01ff8379d,145c3dd4686f49e58233aad1f6cb32492657ff0053b40db3658e5aead9d622e0,"{""circuit"":""surface_code:rotated_memory_x"",""cluster_node_limit"":50,""d"":9,""decoder"":""mwpf"",""decoder_type"":""SolverSerialJointSingleHair"",""p"":0.009,""p_erase"":0.0,""r"":27,""run_id"":""ff21a10e786fdbe645e9c3fa60c001df4cfdc01991613b981a22f8f187b7f8c9""}",
         1,         0,         0,   0.499,mwpf__f4d39fc10386a89ff38f3d31b2e48ffe9d083a7fd716f793840309d01ff8379d,145c3dd4686f49e58233aad1f6cb32492657ff0053b40db3658e5aead9d622e0,"{""circuit"":""surface_code:rotated_memory_x"",""cluster_node_limit"":50,""d"":9,""decoder"":""mwpf"",""decoder_type"":""SolverSerialJointSingleHair"",""p"":0.009,""p_erase"":0.0,""r"":27,""run_id"":""ff21a10e786fdbe645e9c3fa60c001df4cfdc01991613b981a22f8f187b7f8c9""}",
         1,         0,         0,    2.90,mwpf__f4d39fc10386a89ff38f3d31b2e48ffe9d083a7fd716f793840309d01ff8379d,145c3dd4686f49e58233aad1f6cb32492657ff0053b40db3658e5aead9d622e0,"{""circuit"":""surface_code:rotated_memory_x"",""cluster_node_limit"":50,""d"":9,""decoder"":""mwpf"",""decoder_type"":""SolverSerialJointSingleHair"",""p"":0.009,""p_erase"":0.0,""r"":27,""run_id"":""ff21a10e786fdbe645e9c3fa60c001df4cfdc01991613b981a22f8f187b7f8c9""}",
         1,         1,         0,    2.87,mwpf__3de0d8ba3d4f26a4aa47761089b54c7f9aa32f5bb30c252ef4ff9641d3422a8b,5f445648feac72d33661740427e68d0cd01752e4d0c5077c76ebd04073024775,"{""circuit"":""surface_code:rotated_memory_x"",""cluster_node_limit"":50,""d"":9,""decoder"":""mwpf"",""decoder_type"":""SolverSerialJointSingleHair"",""p"":0.01,""p_erase"":0.0,""r"":27,""run_id"":""6b89ea55942bd903fc9de7195a114f8fd81aba8225c2ead847c4f5ead4730f95""}",
         4,         0,         0,    1.49,mwpf__72173c4f37fb755c0d039c1fdc4c2478d1514eecb0fb7246d38ee53f7f6c33de,450af0b6d793a26749cdbbc154715f1e957fa6a1de50ad294d57a2e56e8faa68,"{""circuit"":""surface_code:rotated_memory_x"",""cluster_node_limit"":50,""d"":9,""decoder"":""mwpf"",""decoder_type"":""SolverSerialJointSingleHair"",""p"":0.0065,""p_erase"":0.0,""r"":27,""run_id"":""d97729197ec9a9cc3beb7b4105ee96f26b6723caa81371ab95a553fce7788c2e""}",
         4,         0,         0,    1.18,mwpf__e464f2d6feb4169bf921ee71c61a166fa54aa6d9fc8aafef9186d17a5b3157ce,ca032f963ae8b0a09b3c0575cc72c15f12738d5e31f7547119d853d406e651a6,"{""circuit"":""surface_code:rotated_memory_x"",""cluster_node_limit"":50,""d"":9,""decoder"":""mwpf"",""decoder_type"":""SolverSerialJointSingleHair"",""p"":0.004,""p_erase"":0.0,""r"":27,""run_id"":""dfa10e4705b239f568dc861208894c334d09727348aa108fce2bfa124564d3b8""}",
       128,         0,         0,    1.62,mwpf__6b20241fdef0bc50af7bc5beb4af9085525359ff7961438f1d6c14e7a40559fc,6497b989ace1f5c4a466377684ff9e6e71bf768cf2005e5b0935ab83dc325a4d,"{""circuit"":""surface_code:rotated_memory_x"",""cluster_node_limit"":50,""d"":9,""decoder"":""mwpf"",""decoder_type"":""SolverSerialJointSingleHair"",""p"":0.001,""p_erase"":0.0,""r"":27,""run_id"":""84219ea677c17ec3283ee1385a1d135bd22bd4da5f9bbb2cb86709e81fbe2de3""}",
         4,         0,         0,    1.62,mwpf__c15b7bb0ff0012f0b948662426ce893e94240819d364bcf73c902cabc84cd33e,4836a6256ec9cf7d274b38aed4c7b7454299c87c216c6edd3ffabc406f995116,"{""circuit"":""surface_code:rotated_memory_x"",""cluster_node_limit"":50,""d"":9,""decoder"":""mwpf"",""decoder_type"":""SolverSerialJointSingleHair"",""p"":0.005,""p_erase"":0.0,""r"":27,""run_id"":""46b35d0fc399f4bd986b261367f981aff72f4db7f9e3eaf11f0fa2338e3ec458""}",
         1,         0,         0,   0.966,mwpf__f4d39fc10386a89ff38f3d31b2e48ffe9d083a7fd716f793840309d01ff8379d,145c3dd4686f49e58233aad1f6cb32492657ff0053b40db3658e5aead9d622e0,"{""circuit"":""surface_code:rotated_memory_x"",""cluster_node_limit"":50,""d"":9,""decoder"":""mwpf"",""decoder_type"":""SolverSerialJointSingleHair"",""p"":0.009,""p_erase"":0.0,""r"":27,""run_id"":""ff21a10e786fdbe645e9c3fa60c001df4cfdc01991613b981a22f8f187b7f8c9""}",
        10,         1,         0,    2.18,mwpf__6ed5ff748543711e5cd7b4f80c85e8a4facd73595b09b8e8c91b2fc6ea7bca87,86079d2dde882a1b36fdb0f0be90ce0bc9b3fcb68ef79806912138a3e1eefab5,"{""circuit"":""surface_code:rotated_memory_x"",""cluster_node_limit"":50,""d"":9,""decoder"":""mwpf"",""decoder_type"":""SolverSerialJointSingleHair"",""p"":0.006,""p_erase"":0.0,""r"":27,""run_id"":""4cab9b35185258cd2ab7f1806b7c3d16a626fa96dd58cd5907dd5e222a7a9d91""}",
         2,         0,         0,    2.75,mwpf__a84eaf4abfe907a932c6015e39161f585dcfce91bfc28e37cdd0de963adf1257,5fb873a54f64183f4b432d7c791ff695e3a9b1308a353e686213ee85b5bf073c,"{""circuit"":""surface_code:rotated_memory_x"",""cluster_node_limit"":50,""d"":9,""decoder"":""mwpf"",""decoder_type"":""SolverSerialJointSingleHair"",""p"":0.007,""p_erase"":0.0,""r"":27,""run_id"":""f720d5971f43fd95a6eb87f1b71bf149134828490d7e52580da913a2fa024f7c""}",
         1,         0,         0,    5.27,mwpf__aa950e61247fa49b97ba2e4846e5caae67b7200469ac9849b5c1eac27c2911e5,6bf244f37b3a5b598d84faf3843f45f8452c9f3c0671cde50797820b706d88be,"{""circuit"":""surface_code:rotated_memory_x"",""cluster_node_limit"":50,""d"":9,""decoder"":""mwpf"",""decoder_type"":""SolverSerialJointSingleHair"",""p"":0.011,""p_erase"":0.0,""r"":27,""run_id"":""df8149f089fa2bb225048ada61fd134f48599de5ea86075a8cef94f27ba707b4""}",
         8,         0,         0,    1.37,mwpf__e464f2d6feb4169bf921ee71c61a166fa54aa6d9fc8aafef9186d17a5b3157ce,ca032f963ae8b0a09b3c0575cc72c15f12738d5e31f7547119d853d406e651a6,"{""circuit"":""surface_code:rotated_memory_x"",""cluster_node_limit"":50,""d"":9,""decoder"":""mwpf"",""decoder_type"":""SolverSerialJointSingleHair"",""p"":0.004,""p_erase"":0.0,""r"":27,""run_id"":""dfa10e4705b239f568dc861208894c334d09727348aa108fce2bfa124564d3b8""}",
         2,         1,         0,    1.51,mwpf__f4d39fc10386a89ff38f3d31b2e48ffe9d083a7fd716f793840309d01ff8379d,145c3dd4686f49e58233aad1f6cb32492657ff0053b40db3658e5aead9d622e0,"{""circuit"":""surface_code:rotated_memory_x"",""cluster_node_limit"":50,""d"":9,""decoder"":""mwpf"",""decoder_type"":""SolverSerialJointSingleHair"",""p"":0.009,""p_erase"":0.0,""r"":27,""run_id"":""ff21a10e786fdbe645e9c3fa60c001df4cfdc01991613b981a22f8f187b7f8c9""}",
         1,         1,         0,    1.95,mwpf__3de0d8ba3d4f26a4aa47761089b54c7f9aa32f5bb30c252ef4ff9641d3422a8b,5f445648feac72d33661740427e68d0cd01752e4d0c5077c76ebd04073024775,"{""circuit"":""surface_code:rotated_memory_x"",""cluster_node_limit"":50,""d"":9,""decoder"":""mwpf"",""decoder_type"":""SolverSerialJointSingleHair"",""p"":0.01,""p_erase"":0.0,""r"":27,""run_id"":""6b89ea55942bd903fc9de7195a114f8fd81aba8225c2ead847c4f5ead4730f95""}",
         1,         0,         0,    5.37,mwpf__aa950e61247fa49b97ba2e4846e5caae67b7200469ac9849b5c1eac27c2911e5,6bf244f37b3a5b598d84faf3843f45f8452c9f3c0671cde50797820b706d88be,"{""circuit"":""surface_code:rotated_memory_x"",""cluster_node_limit"":50,""d"":9,""decoder"":""mwpf"",""decoder_type"":""SolverSerialJointSingleHair"",""p"":0.011,""p_erase"":0.0,""r"":27,""run_id"":""df8149f089fa2bb225048ada61fd134f48599de5ea86075a8cef94f27ba707b4""}",
       192,         0,         0,    1.62,mwpf__6b20241fdef0bc50af7bc5beb4af9085525359ff7961438f1d6c14e7a40559fc,6497b989ace1f5c4a466377684ff9e6e71bf768cf2005e5b0935ab83dc325a4d,"{""circuit"":""surface_code:rotated_memory_x"",""cluster_node_limit"":50,""d"":9,""decoder"":""mwpf"",""decoder_type"":""SolverSerialJointSingleHair"",""p"":0.001,""p_erase"":0.0,""r"":27,""run_id"":""84219ea677c17ec3283ee1385a1d135bd22bd4da5f9bbb2cb86709e81fbe2de3""}",
         3,         0,         0,   0.814,mwpf__a84eaf4abfe907a932c6015e39161f585dcfce91bfc28e37cdd0de963adf1257,5fb873a54f64183f4b432d7c791ff695e3a9b1308a353e686213ee85b5bf073c,"{""circuit"":""surface_code:rotated_memory_x"",""cluster_node_limit"":50,""d"":9,""decoder"":""mwpf"",""decoder_type"":""SolverSerialJointSingleHair"",""p"":0.007,""p_erase"":0.0,""r"":27,""run_id"":""f720d5971f43fd95a6eb87f1b71bf149134828490d7e52580da913a2fa024f7c""}",
         2,         0,         0,    6.85,mwpf__8c0dee3b72490cd99940eb344db6dd047bfda29afb5b61597b97539b079c72d8,4a9c64a159c68bbef2b1487bd9ce846f6fd4e451c6f28d2659bf00c12820cdb9,"{""circuit"":""surface_code:rotated_memory_x"",""cluster_node_limit"":50,""d"":9,""decoder"":""mwpf"",""decoder_type"":""SolverSerialJointSingleHair"",""p"":0.008,""p_erase"":0.0,""r"":27,""run_id"":""310d17c43a0b4c7b4cddac58dc5999da13b706985eb107267c12d661b860647c""}",
         1,         0,         0,   0.346,mwpf__8c0dee3b72490cd99940eb344db6dd047bfda29afb5b61597b97539b079c72d8,4a9c64a159c68bbef2b1487bd9ce846f6fd4e451c6f28d2659bf00c12820cdb9,"{""circuit"":""surface_code:rotated_memory_x"",""cluster_node_limit"":50,""d"":9,""decoder"":""mwpf"",""decoder_type"":""SolverSerialJointSingleHair"",""p"":0.008,""p_erase"":0.0,""r"":27,""run_id"":""310d17c43a0b4c7b4cddac58dc5999da13b706985eb107267c12d661b860647c""}",
         8,         1,         0,    3.09,mwpf__72173c4f37fb755c0d039c1fdc4c2478d1514eecb0fb7246d38ee53f7f6c33de,450af0b6d793a26749cdbbc154715f1e957fa6a1de50ad294d57a2e56e8faa68,"{""circuit"":""surface_code:rotated_memory_x"",""cluster_node_limit"":50,""d"":9,""decoder"":""mwpf"",""decoder_type"":""SolverSerialJointSingleHair"",""p"":0.0065,""p_erase"":0.0,""r"":27,""run_id"":""d97729197ec9a9cc3beb7b4105ee96f26b6723caa81371ab95a553fce7788c2e""}",
        20,         0,         0,    1.75,mwpf__e464f2d6feb4169bf921ee71c61a166fa54aa6d9fc8aafef9186d17a5b3157ce,ca032f963ae8b0a09b3c0575cc72c15f12738d5e31f7547119d853d406e651a6,"{""circuit"":""surface_code:rotated_memory_x"",""cluster_node_limit"":50,""d"":9,""decoder"":""mwpf"",""decoder_type"":""SolverSerialJointSingleHair"",""p"":0.004,""p_erase"":0.0,""r"":27,""run_id"":""dfa10e4705b239f568dc861208894c334d09727348aa108fce2bfa124564d3b8""}",
        10,         0,         0,    2.87,mwpf__c15b7bb0ff0012f0b948662426ce893e94240819d364bcf73c902cabc84cd33e,4836a6256ec9cf7d274b38aed4c7b7454299c87c216c6edd3ffabc406f995116,"{""circuit"":""surface_code:rotated_memory_x"",""cluster_node_limit"":50,""d"":9,""decoder"":""mwpf"",""decoder_type"":""SolverSerialJointSingleHair"",""p"":0.005,""p_erase"":0.0,""r"":27,""run_id"":""46b35d0fc399f4bd986b261367f981aff72f4db7f9e3eaf11f0fa2338e3ec458""}",
         2,         1,         0,    1.97,mwpf__f4d39fc10386a89ff38f3d31b2e48ffe9d083a7fd716f793840309d01ff8379d,145c3dd4686f49e58233aad1f6cb32492657ff0053b40db3658e5aead9d622e0,"{""circuit"":""surface_code:rotated_memory_x"",""cluster_node_limit"":50,""d"":9,""decoder"":""mwpf"",""decoder_type"":""SolverSerialJointSingleHair"",""p"":0.009,""p_erase"":0.0,""r"":27,""run_id"":""ff21a10e786fdbe645e9c3fa60c001df4cfdc01991613b981a22f8f187b7f8c9""}",
         1,         0,         0,    1.69,mwpf__3de0d8ba3d4f26a4aa47761089b54c7f9aa32f5bb30c252ef4ff9641d3422a8b,5f445648feac72d33661740427e68d0cd01752e4d0c5077c76ebd04073024775,"{""circuit"":""surface_code:rotated_memory_x"",""cluster_node_limit"":50,""d"":9,""decoder"":""mwpf"",""decoder_type"":""SolverSerialJointSingleHair"",""p"":0.01,""p_erase"":0.0,""r"":27,""run_id"":""6b89ea55942bd903fc9de7195a114f8fd81aba8225c2ead847c4f5ead4730f95""}",
         2,         0,         0,    1.50,mwpf__a84eaf4abfe907a932c6015e39161f585dcfce91bfc28e37cdd0de963adf1257,5fb873a54f64183f4b432d7c791ff695e3a9b1308a353e686213ee85b5bf073c,"{""circuit"":""surface_code:rotated_memory_x"",""cluster_node_limit"":50,""d"":9,""decoder"":""mwpf"",""decoder_type"":""SolverSerialJointSingleHair"",""p"":0.007,""p_erase"":0.0,""r"":27,""run_id"":""f720d5971f43fd95a6eb87f1b71bf149134828490d7e52580da913a2fa024f7c""}",
         4,         1,         0,    5.25,mwpf__3ebedd84177c526063d38deffdc5f7995e8b39297a4d2ab60991457e1c1f2bfa,d6945f43432daf14926073c1f216e0a7921b3342d8848e2c91499f36339ed255,"{""circuit"":""surface_code:rotated_memory_x"",""cluster_node_limit"":50,""d"":9,""decoder"":""mwpf"",""decoder_type"":""SolverSerialJointSingleHair"",""p"":0.0075,""p_erase"":0.0,""r"":27,""run_id"":""a04c9b7f2593f94d57dbede2cebf935e30e76acb0762bc8d6931f304cac92d86""}",
       320,         0,         0,    2.41,mwpf__6b20241fdef0bc50af7bc5beb4af9085525359ff7961438f1d6c14e7a40559fc,6497b989ace1f5c4a466377684ff9e6e71bf768cf2005e5b0935ab83dc325a4d,"{""circuit"":""surface_code:rotated_memory_x"",""cluster_node_limit"":50,""d"":9,""decoder"":""mwpf"",""decoder_type"":""SolverSerialJointSingleHair"",""p"":0.001,""p_erase"":0.0,""r"":27,""run_id"":""84219ea677c17ec3283ee1385a1d135bd22bd4da5f9bbb2cb86709e81fbe2de3""}",
         1,         0,         0,   0.843,mwpf__3de0d8ba3d4f26a4aa47761089b54c7f9aa32f5bb30c252ef4ff9641d3422a8b,5f445648feac72d33661740427e68d0cd01752e4d0c5077c76ebd04073024775,"{""circuit"":""surface_code:rotated_memory_x"",""cluster_node_limit"":50,""d"":9,""decoder"":""mwpf"",""decoder_type"":""SolverSerialJointSingleHair"",""p"":0.01,""p_erase"":0.0,""r"":27,""run_id"":""6b89ea55942bd903fc9de7195a114f8fd81aba8225c2ead847c4f5ead4730f95""}",
         3,         1,         0,    1.93,mwpf__8c0dee3b72490cd99940eb344db6dd047bfda29afb5b61597b97539b079c72d8,4a9c64a159c68bbef2b1487bd9ce846f6fd4e451c6f28d2659bf00c12820cdb9,"{""circuit"":""surface_code:rotated_memory_x"",""cluster_node_limit"":50,""d"":9,""decoder"":""mwpf"",""decoder_type"":""SolverSerialJointSingleHair"",""p"":0.008,""p_erase"":0.0,""r"":27,""run_id"":""310d17c43a0b4c7b4cddac58dc5999da13b706985eb107267c12d661b860647c""}",
         3,         0,         0,    1.73,mwpf__72173c4f37fb755c0d039c1fdc4c2478d1514eecb0fb7246d38ee53f7f6c33de,450af0b6d793a26749cdbbc154715f1e957fa6a1de50ad294d57a2e56e8faa68,"{""circuit"":""surface_code:rotated_memory_x"",""cluster_node_limit"":50,""d"":9,""decoder"":""mwpf"",""decoder_type"":""SolverSerialJointSingleHair"",""p"":0.0065,""p_erase"":0.0,""r"":27,""run_id"":""d97729197ec9a9cc3beb7b4105ee96f26b6723caa81371ab95a553fce7788c2e""}",
         1,         0,         0,    1.44,mwpf__f4d39fc10386a89ff38f3d31b2e48ffe9d083a7fd716f793840309d01ff8379d,145c3dd4686f49e58233aad1f6cb32492657ff0053b40db3658e5aead9d622e0,"{""circuit"":""surface_code:rotated_memory_x"",""cluster_node_limit"":50,""d"":9,""decoder"":""mwpf"",""decoder_type"":""SolverSerialJointSingleHair"",""p"":0.009,""p_erase"":0.0,""r"":27,""run_id"":""ff21a10e786fdbe645e9c3fa60c001df4cfdc01991613b981a22f8f187b7f8c9""}",
         1,         0,         0,   0.762,mwpf__3de0d8ba3d4f26a4aa47761089b54c7f9aa32f5bb30c252ef4ff9641d3422a8b,5f445648feac72d33661740427e68d0cd01752e4d0c5077c76ebd04073024775,"{""circuit"":""surface_code:rotated_memory_x"",""cluster_node_limit"":50,""d"":9,""decoder"":""mwpf"",""decoder_type"":""SolverSerialJointSingleHair"",""p"":0.01,""p_erase"":0.0,""r"":27,""run_id"":""6b89ea55942bd903fc9de7195a114f8fd81aba8225c2ead847c4f5ead4730f95""}",
         8,         0,         0,    1.97,mwpf__c15b7bb0ff0012f0b948662426ce893e94240819d364bcf73c902cabc84cd33e,4836a6256ec9cf7d274b38aed4c7b7454299c87c216c6edd3ffabc406f995116,"{""circuit"":""surface_code:rotated_memory_x"",""cluster_node_limit"":50,""d"":9,""decoder"":""mwpf"",""decoder_type"":""SolverSerialJointSingleHair"",""p"":0.005,""p_erase"":0.0,""r"":27,""run_id"":""46b35d0fc399f4bd986b261367f981aff72f4db7f9e3eaf11f0fa2338e3ec458""}",
         5,         0,         0,    1.73,mwpf__a84eaf4abfe907a932c6015e39161f585dcfce91bfc28e37cdd0de963adf1257,5fb873a54f64183f4b432d7c791ff695e3a9b1308a353e686213ee85b5bf073c,"{""circuit"":""surface_code:rotated_memory_x"",""cluster_node_limit"":50,""d"":9,""decoder"":""mwpf"",""decoder_type"":""SolverSerialJointSingleHair"",""p"":0.007,""p_erase"":0.0,""r"":27,""run_id"":""f720d5971f43fd95a6eb87f1b71bf149134828490d7e52580da913a2fa024f7c""}",
         2,         0,         0,    1.15,mwpf__3ebedd84177c526063d38deffdc5f7995e8b39297a4d2ab60991457e1c1f2bfa,d6945f43432daf14926073c1f216e0a7921b3342d8848e2c91499f36339ed255,"{""circuit"":""surface_code:rotated_memory_x"",""cluster_node_limit"":50,""d"":9,""decoder"":""mwpf"",""decoder_type"":""SolverSerialJointSingleHair"",""p"":0.0075,""p_erase"":0.0,""r"":27,""run_id"":""a04c9b7f2593f94d57dbede2cebf935e30e76acb0762bc8d6931f304cac92d86""}",
        24,         0,         0,    2.90,mwpf__e464f2d6feb4169bf921ee71c61a166fa54aa6d9fc8aafef9186d17a5b3157ce,ca032f963ae8b0a09b3c0575cc72c15f12738d5e31f7547119d853d406e651a6,"{""circuit"":""surface_code:rotated_memory_x"",""cluster_node_limit"":50,""d"":9,""decoder"":""mwpf"",""decoder_type"":""SolverSerialJointSingleHair"",""p"":0.004,""p_erase"":0.0,""r"":27,""run_id"":""dfa10e4705b239f568dc861208894c334d09727348aa108fce2bfa124564d3b8""}",
         1,         1,         0,    4.18,mwpf__aa950e61247fa49b97ba2e4846e5caae67b7200469ac9849b5c1eac27c2911e5,6bf244f37b3a5b598d84faf3843f45f8452c9f3c0671cde50797820b706d88be,"{""circuit"":""surface_code:rotated_memory_x"",""cluster_node_limit"":50,""d"":9,""decoder"":""mwpf"",""decoder_type"":""SolverSerialJointSingleHair"",""p"":0.011,""p_erase"":0.0,""r"":27,""run_id"":""df8149f089fa2bb225048ada61fd134f48599de5ea86075a8cef94f27ba707b4""}",
         1,         1,         0,   0.937,mwpf__3de0d8ba3d4f26a4aa47761089b54c7f9aa32f5bb30c252ef4ff9641d3422a8b,5f445648feac72d33661740427e68d0cd01752e4d0c5077c76ebd04073024775,"{""circuit"":""surface_code:rotated_memory_x"",""cluster_node_limit"":50,""d"":9,""decoder"":""mwpf"",""decoder_type"":""SolverSerialJointSingleHair"",""p"":0.01,""p_erase"":0.0,""r"":27,""run_id"":""6b89ea55942bd903fc9de7195a114f8fd81aba8225c2ead847c4f5ead4730f95""}",
         2,         0,         0,    1.76,mwpf__f4d39fc10386a89ff38f3d31b2e48ffe9d083a7fd716f793840309d01ff8379d,145c3dd4686f49e58233aad1f6cb32492657ff0053b40db3658e5aead9d622e0,"{""circuit"":""surface_code:rotated_memory_x"",""cluster_node_limit"":50,""d"":9,""decoder"":""mwpf"",""decoder_type"":""SolverSerialJointSingleHair"",""p"":0.009,""p_erase"":0.0,""r"":27,""run_id"":""ff21a10e786fdbe645e9c3fa60c001df4cfdc01991613b981a22f8f187b7f8c9""}",
         1,         0,         0,   0.709,mwpf__aa950e61247fa49b97ba2e4846e5caae67b7200469ac9849b5c1eac27c2911e5,6bf244f37b3a5b598d84faf3843f45f8452c9f3c0671cde50797820b706d88be,"{""circuit"":""surface_code:rotated_memory_x"",""cluster_node_limit"":50,""d"":9,""decoder"":""mwpf"",""decoder_type"":""SolverSerialJointSingleHair"",""p"":0.011,""p_erase"":0.0,""r"":27,""run_id"":""df8149f089fa2bb225048ada61fd134f48599de5ea86075a8cef94f27ba707b4""}",
         4,         0,         0,    2.25,mwpf__3ebedd84177c526063d38deffdc5f7995e8b39297a4d2ab60991457e1c1f2bfa,d6945f43432daf14926073c1f216e0a7921b3342d8848e2c91499f36339ed255,"{""circuit"":""surface_code:rotated_memory_x"",""cluster_node_limit"":50,""d"":9,""decoder"":""mwpf"",""decoder_type"":""SolverSerialJointSingleHair"",""p"":0.0075,""p_erase"":0.0,""r"":27,""run_id"":""a04c9b7f2593f94d57dbede2cebf935e30e76acb0762bc8d6931f304cac92d86""}",
        12,         0,         0,    2.54,mwpf__c15b7bb0ff0012f0b948662426ce893e94240819d364bcf73c902cabc84cd33e,4836a6256ec9cf7d274b38aed4c7b7454299c87c216c6edd3ffabc406f995116,"{""circuit"":""surface_code:rotated_memory_x"",""cluster_node_limit"":50,""d"":9,""decoder"":""mwpf"",""decoder_type"":""SolverSerialJointSingleHair"",""p"":0.005,""p_erase"":0.0,""r"":27,""run_id"":""46b35d0fc399f4bd986b261367f981aff72f4db7f9e3eaf11f0fa2338e3ec458""}",
         6,         0,         0,    2.59,mwpf__a84eaf4abfe907a932c6015e39161f585dcfce91bfc28e37cdd0de963adf1257,5fb873a54f64183f4b432d7c791ff695e3a9b1308a353e686213ee85b5bf073c,"{""circuit"":""surface_code:rotated_memory_x"",""cluster_node_limit"":50,""d"":9,""decoder"":""mwpf"",""decoder_type"":""SolverSerialJointSingleHair"",""p"":0.007,""p_erase"":0.0,""r"":27,""run_id"":""f720d5971f43fd95a6eb87f1b71bf149134828490d7e52580da913a2fa024f7c""}",
       576,         0,         0,    3.79,mwpf__6b20241fdef0bc50af7bc5beb4af9085525359ff7961438f1d6c14e7a40559fc,6497b989ace1f5c4a466377684ff9e6e71bf768cf2005e5b0935ab83dc325a4d,"{""circuit"":""surface_code:rotated_memory_x"",""cluster_node_limit"":50,""d"":9,""decoder"":""mwpf"",""decoder_type"":""SolverSerialJointSingleHair"",""p"":0.001,""p_erase"":0.0,""r"":27,""run_id"":""84219ea677c17ec3283ee1385a1d135bd22bd4da5f9bbb2cb86709e81fbe2de3""}",
         1,         0,         0,    6.99,mwpf__aa950e61247fa49b97ba2e4846e5caae67b7200469ac9849b5c1eac27c2911e5,6bf244f37b3a5b598d84faf3843f45f8452c9f3c0671cde50797820b706d88be,"{""circuit"":""surface_code:rotated_memory_x"",""cluster_node_limit"":50,""d"":9,""decoder"":""mwpf"",""decoder_type"":""SolverSerialJointSingleHair"",""p"":0.011,""p_erase"":0.0,""r"":27,""run_id"":""df8149f089fa2bb225048ada61fd134f48599de5ea86075a8cef94f27ba707b4""}",
         1,         0,         0,    2.34,mwpf__3de0d8ba3d4f26a4aa47761089b54c7f9aa32f5bb30c252ef4ff9641d3422a8b,5f445648feac72d33661740427e68d0cd01752e4d0c5077c76ebd04073024775,"{""circuit"":""surface_code:rotated_memory_x"",""cluster_node_limit"":50,""d"":9,""decoder"":""mwpf"",""decoder_type"":""SolverSerialJointSingleHair"",""p"":0.01,""p_erase"":0.0,""r"":27,""run_id"":""6b89ea55942bd903fc9de7195a114f8fd81aba8225c2ead847c4f5ead4730f95""}",
         8,         2,         0,    7.36,mwpf__6ed5ff748543711e5cd7b4f80c85e8a4facd73595b09b8e8c91b2fc6ea7bca87,86079d2dde882a1b36fdb0f0be90ce0bc9b3fcb68ef79806912138a3e1eefab5,"{""circuit"":""surface_code:rotated_memory_x"",""cluster_node_limit"":50,""d"":9,""decoder"":""mwpf"",""decoder_type"":""SolverSerialJointSingleHair"",""p"":0.006,""p_erase"":0.0,""r"":27,""run_id"":""4cab9b35185258cd2ab7f1806b7c3d16a626fa96dd58cd5907dd5e222a7a9d91""}",
         1,         0,         0,   0.536,mwpf__3de0d8ba3d4f26a4aa47761089b54c7f9aa32f5bb30c252ef4ff9641d3422a8b,5f445648feac72d33661740427e68d0cd01752e4d0c5077c76ebd04073024775,"{""circuit"":""surface_code:rotated_memory_x"",""cluster_node_limit"":50,""d"":9,""decoder"":""mwpf"",""decoder_type"":""SolverSerialJointSingleHair"",""p"":0.01,""p_erase"":0.0,""r"":27,""run_id"":""6b89ea55942bd903fc9de7195a114f8fd81aba8225c2ead847c4f5ead4730f95""}",
         2,         0,         0,    2.83,mwpf__f4d39fc10386a89ff38f3d31b2e48ffe9d083a7fd716f793840309d01ff8379d,145c3dd4686f49e58233aad1f6cb32492657ff0053b40db3658e5aead9d622e0,"{""circuit"":""surface_code:rotated_memory_x"",""cluster_node_limit"":50,""d"":9,""decoder"":""mwpf"",""decoder_type"":""SolverSerialJointSingleHair"",""p"":0.009,""p_erase"":0.0,""r"":27,""run_id"":""ff21a10e786fdbe645e9c3fa60c001df4cfdc01991613b981a22f8f187b7f8c9""}",
         1,         0,         0,    1.21,mwpf__aa950e61247fa49b97ba2e4846e5caae67b7200469ac9849b5c1eac27c2911e5,6bf244f37b3a5b598d84faf3843f45f8452c9f3c0671cde50797820b706d88be,"{""circuit"":""surface_code:rotated_memory_x"",""cluster_node_limit"":50,""d"":9,""decoder"":""mwpf"",""decoder_type"":""SolverSerialJointSingleHair"",""p"":0.011,""p_erase"":0.0,""r"":27,""run_id"":""df8149f089fa2bb225048ada61fd134f48599de5ea86075a8cef94f27ba707b4""}",
        28,         0,         0,    4.10,mwpf__e464f2d6feb4169bf921ee71c61a166fa54aa6d9fc8aafef9186d17a5b3157ce,ca032f963ae8b0a09b3c0575cc72c15f12738d5e31f7547119d853d406e651a6,"{""circuit"":""surface_code:rotated_memory_x"",""cluster_node_limit"":50,""d"":9,""decoder"":""mwpf"",""decoder_type"":""SolverSerialJointSingleHair"",""p"":0.004,""p_erase"":0.0,""r"":27,""run_id"":""dfa10e4705b239f568dc861208894c334d09727348aa108fce2bfa124564d3b8""}",
         1,         1,         0,    5.46,mwpf__8c0dee3b72490cd99940eb344db6dd047bfda29afb5b61597b97539b079c72d8,4a9c64a159c68bbef2b1487bd9ce846f6fd4e451c6f28d2659bf00c12820cdb9,"{""circuit"":""surface_code:rotated_memory_x"",""cluster_node_limit"":50,""d"":9,""decoder"":""mwpf"",""decoder_type"":""SolverSerialJointSingleHair"",""p"":0.008,""p_erase"":0.0,""r"":27,""run_id"":""310d17c43a0b4c7b4cddac58dc5999da13b706985eb107267c12d661b860647c""}",
         6,         1,         0,    5.56,mwpf__72173c4f37fb755c0d039c1fdc4c2478d1514eecb0fb7246d38ee53f7f6c33de,450af0b6d793a26749cdbbc154715f1e957fa6a1de50ad294d57a2e56e8faa68,"{""circuit"":""surface_code:rotated_memory_x"",""cluster_node_limit"":50,""d"":9,""decoder"":""mwpf"",""decoder_type"":""SolverSerialJointSingleHair"",""p"":0.0065,""p_erase"":0.0,""r"":27,""run_id"":""d97729197ec9a9cc3beb7b4105ee96f26b6723caa81371ab95a553fce7788c2e""}",
         3,         0,         0,    2.75,mwpf__3ebedd84177c526063d38deffdc5f7995e8b39297a4d2ab60991457e1c1f2bfa,d6945f43432daf14926073c1f216e0a7921b3342d8848e2c91499f36339ed255,"{""circuit"":""surface_code:rotated_memory_x"",""cluster_node_limit"":50,""d"":9,""decoder"":""mwpf"",""decoder_type"":""SolverSerialJointSingleHair"",""p"":0.0075,""p_erase"":0.0,""r"":27,""run_id"":""a04c9b7f2593f94d57dbede2cebf935e30e76acb0762bc8d6931f304cac92d86""}",
         1,         0,         0,   0.533,mwpf__8c0dee3b72490cd99940eb344db6dd047bfda29afb5b61597b97539b079c72d8,4a9c64a159c68bbef2b1487bd9ce846f6fd4e451c6f28d2659bf00c12820cdb9,"{""circuit"":""surface_code:rotated_memory_x"",""cluster_node_limit"":50,""d"":9,""decoder"":""mwpf"",""decoder_type"":""SolverSerialJointSingleHair"",""p"":0.008,""p_erase"":0.0,""r"":27,""run_id"":""310d17c43a0b4c7b4cddac58dc5999da13b706985eb107267c12d661b860647c""}",
         6,         0,         0,    3.08,mwpf__a84eaf4abfe907a932c6015e39161f585dcfce91bfc28e37cdd0de963adf1257,5fb873a54f64183f4b432d7c791ff695e3a9b1308a353e686213ee85b5bf073c,"{""circuit"":""surface_code:rotated_memory_x"",""cluster_node_limit"":50,""d"":9,""decoder"":""mwpf"",""decoder_type"":""SolverSerialJointSingleHair"",""p"":0.007,""p_erase"":0.0,""r"":27,""run_id"":""f720d5971f43fd95a6eb87f1b71bf149134828490d7e52580da913a2fa024f7c""}",
         1,         0,         0,    2.09,mwpf__3de0d8ba3d4f26a4aa47761089b54c7f9aa32f5bb30c252ef4ff9641d3422a8b,5f445648feac72d33661740427e68d0cd01752e4d0c5077c76ebd04073024775,"{""circuit"":""surface_code:rotated_memory_x"",""cluster_node_limit"":50,""d"":9,""decoder"":""mwpf"",""decoder_type"":""SolverSerialJointSingleHair"",""p"":0.01,""p_erase"":0.0,""r"":27,""run_id"":""6b89ea55942bd903fc9de7195a114f8fd81aba8225c2ead847c4f5ead4730f95""}",
         1,         0,         0,    1.58,mwpf__aa950e61247fa49b97ba2e4846e5caae67b7200469ac9849b5c1eac27c2911e5,6bf244f37b3a5b598d84faf3843f45f8452c9f3c0671cde50797820b706d88be,"{""circuit"":""surface_code:rotated_memory_x"",""cluster_node_limit"":50,""d"":9,""decoder"":""mwpf"",""decoder_type"":""SolverSerialJointSingleHair"",""p"":0.011,""p_erase"":0.0,""r"":27,""run_id"":""df8149f089fa2bb225048ada61fd134f48599de5ea86075a8cef94f27ba707b4""}",
        16,         0,         0,    3.42,mwpf__c15b7bb0ff0012f0b948662426ce893e94240819d364bcf73c902cabc84cd33e,4836a6256ec9cf7d274b38aed4c7b7454299c87c216c6edd3ffabc406f995116,"{""circuit"":""surface_code:rotated_memory_x"",""cluster_node_limit"":50,""d"":9,""decoder"":""mwpf"",""decoder_type"":""SolverSerialJointSingleHair"",""p"":0.005,""p_erase"":0.0,""r"":27,""run_id"":""46b35d0fc399f4bd986b261367f981aff72f4db7f9e3eaf11f0fa2338e3ec458""}",
         1,         0,         0,   0.310,mwpf__3de0d8ba3d4f26a4aa47761089b54c7f9aa32f5bb30c252ef4ff9641d3422a8b,5f445648feac72d33661740427e68d0cd01752e4d0c5077c76ebd04073024775,"{""circuit"":""surface_code:rotated_memory_x"",""cluster_node_limit"":50,""d"":9,""decoder"":""mwpf"",""decoder_type"":""SolverSerialJointSingleHair"",""p"":0.01,""p_erase"":0.0,""r"":27,""run_id"":""6b89ea55942bd903fc9de7195a114f8fd81aba8225c2ead847c4f5ead4730f95""}",
         1,         0,         0,   0.971,mwpf__8c0dee3b72490cd99940eb344db6dd047bfda29afb5b61597b97539b079c72d8,4a9c64a159c68bbef2b1487bd9ce846f6fd4e451c6f28d2659bf00c12820cdb9,"{""circuit"":""surface_code:rotated_memory_x"",""cluster_node_limit"":50,""d"":9,""decoder"":""mwpf"",""decoder_type"":""SolverSerialJointSingleHair"",""p"":0.008,""p_erase"":0.0,""r"":27,""run_id"":""310d17c43a0b4c7b4cddac58dc5999da13b706985eb107267c12d661b860647c""}",
         3,         0,         0,    2.37,mwpf__f4d39fc10386a89ff38f3d31b2e48ffe9d083a7fd716f793840309d01ff8379d,145c3dd4686f49e58233aad1f6cb32492657ff0053b40db3658e5aead9d622e0,"{""circuit"":""surface_code:rotated_memory_x"",""cluster_node_limit"":50,""d"":9,""decoder"":""mwpf"",""decoder_type"":""SolverSerialJointSingleHair"",""p"":0.009,""p_erase"":0.0,""r"":27,""run_id"":""ff21a10e786fdbe645e9c3fa60c001df4cfdc01991613b981a22f8f187b7f8c9""}",
         1,         0,         0,    5.28,mwpf__aa950e61247fa49b97ba2e4846e5caae67b7200469ac9849b5c1eac27c2911e5,6bf244f37b3a5b598d84faf3843f45f8452c9f3c0671cde50797820b706d88be,"{""circuit"":""surface_code:rotated_memory_x"",""cluster_node_limit"":50,""d"":9,""decoder"":""mwpf"",""decoder_type"":""SolverSerialJointSingleHair"",""p"":0.011,""p_erase"":0.0,""r"":27,""run_id"":""df8149f089fa2bb225048ada61fd134f48599de5ea86075a8cef94f27ba707b4""}",
       896,         0,         0,    4.28,mwpf__6b20241fdef0bc50af7bc5beb4af9085525359ff7961438f1d6c14e7a40559fc,6497b989ace1f5c4a466377684ff9e6e71bf768cf2005e5b0935ab83dc325a4d,"{""circuit"":""surface_code:rotated_memory_x"",""cluster_node_limit"":50,""d"":9,""decoder"":""mwpf"",""decoder_type"":""SolverSerialJointSingleHair"",""p"":0.001,""p_erase"":0.0,""r"":27,""run_id"":""84219ea677c17ec3283ee1385a1d135bd22bd4da5f9bbb2cb86709e81fbe2de3""}",
         2,         0,         0,    1.10,mwpf__8c0dee3b72490cd99940eb344db6dd047bfda29afb5b61597b97539b079c72d8,4a9c64a159c68bbef2b1487bd9ce846f6fd4e451c6f28d2659bf00c12820cdb9,"{""circuit"":""surface_code:rotated_memory_x"",""cluster_node_limit"":50,""d"":9,""decoder"":""mwpf"",""decoder_type"":""SolverSerialJointSingleHair"",""p"":0.008,""p_erase"":0.0,""r"":27,""run_id"":""310d17c43a0b4c7b4cddac58dc5999da13b706985eb107267c12d661b860647c""}",
         1,         0,         0,   0.983,mwpf__aa950e61247fa49b97ba2e4846e5caae67b7200469ac9849b5c1eac27c2911e5,6bf244f37b3a5b598d84faf3843f45f8452c9f3c0671cde50797820b706d88be,"{""circuit"":""surface_code:rotated_memory_x"",""cluster_node_limit"":50,""d"":9,""decoder"":""mwpf"",""decoder_type"":""SolverSerialJointSingleHair"",""p"":0.011,""p_erase"":0.0,""r"":27,""run_id"":""df8149f089fa2bb225048ada61fd134f48599de5ea86075a8cef94f27ba707b4""}",
         6,         2,         0,    3.17,mwpf__3ebedd84177c526063d38deffdc5f7995e8b39297a4d2ab60991457e1c1f2bfa,d6945f43432daf14926073c1f216e0a7921b3342d8848e2c91499f36339ed255,"{""circuit"":""surface_code:rotated_memory_x"",""cluster_node_limit"":50,""d"":9,""decoder"":""mwpf"",""decoder_type"":""SolverSerialJointSingleHair"",""p"":0.0075,""p_erase"":0.0,""r"":27,""run_id"":""a04c9b7f2593f94d57dbede2cebf935e30e76acb0762bc8d6931f304cac92d86""}",
        24,         0,         0,    4.37,mwpf__e464f2d6feb4169bf921ee71c61a166fa54aa6d9fc8aafef9186d17a5b3157ce,ca032f963ae8b0a09b3c0575cc72c15f12738d5e31f7547119d853d406e651a6,"{""circuit"":""surface_code:rotated_memory_x"",""cluster_node_limit"":50,""d"":9,""decoder"":""mwpf"",""decoder_type"":""SolverSerialJointSingleHair"",""p"":0.004,""p_erase"":0.0,""r"":27,""run_id"":""dfa10e4705b239f568dc861208894c334d09727348aa108fce2bfa124564d3b8""}",
         2,         1,         0,    1.85,mwpf__8c0dee3b72490cd99940eb344db6dd047bfda29afb5b61597b97539b079c72d8,4a9c64a159c68bbef2b1487bd9ce846f6fd4e451c6f28d2659bf00c12820cdb9,"{""circuit"":""surface_code:rotated_memory_x"",""cluster_node_limit"":50,""d"":9,""decoder"":""mwpf"",""decoder_type"":""SolverSerialJointSingleHair"",""p"":0.008,""p_erase"":0.0,""r"":27,""run_id"":""310d17c43a0b4c7b4cddac58dc5999da13b706985eb107267c12d661b860647c""}",
        13,         1,         0,    6.06,mwpf__6ed5ff748543711e5cd7b4f80c85e8a4facd73595b09b8e8c91b2fc6ea7bca87,86079d2dde882a1b36fdb0f0be90ce0bc9b3fcb68ef79806912138a3e1eefab5,"{""circuit"":""surface_code:rotated_memory_x"",""cluster_node_limit"":50,""d"":9,""decoder"":""mwpf"",""decoder_type"":""SolverSerialJointSingleHair"",""p"":0.006,""p_erase"":0.0,""r"":27,""run_id"":""4cab9b35185258cd2ab7f1806b7c3d16a626fa96dd58cd5907dd5e222a7a9d91""}",
         1,         1,         0,    1.81,mwpf__aa950e61247fa49b97ba2e4846e5caae67b7200469ac9849b5c1eac27c2911e5,6bf244f37b3a5b598d84faf3843f45f8452c9f3c0671cde50797820b706d88be,"{""circuit"":""surface_code:rotated_memory_x"",""cluster_node_limit"":50,""d"":9,""decoder"":""mwpf"",""decoder_type"":""SolverSerialJointSingleHair"",""p"":0.011,""p_erase"":0.0,""r"":27,""run_id"":""df8149f089fa2bb225048ada61fd134f48599de5ea86075a8cef94f27ba707b4""}",
         4,         1,         0,    3.26,mwpf__f4d39fc10386a89ff38f3d31b2e48ffe9d083a7fd716f793840309d01ff8379d,145c3dd4686f49e58233aad1f6cb32492657ff0053b40db3658e5aead9d622e0,"{""circuit"":""surface_code:rotated_memory_x"",""cluster_node_limit"":50,""d"":9,""decoder"":""mwpf"",""decoder_type"":""SolverSerialJointSingleHair"",""p"":0.009,""p_erase"":0.0,""r"":27,""run_id"":""ff21a10e786fdbe645e9c3fa60c001df4cfdc01991613b981a22f8f187b7f8c9""}",
         9,         0,         0,    4.29,mwpf__a84eaf4abfe907a932c6015e39161f585dcfce91bfc28e37cdd0de963adf1257,5fb873a54f64183f4b432d7c791ff695e3a9b1308a353e686213ee85b5bf073c,"{""circuit"":""surface_code:rotated_memory_x"",""cluster_node_limit"":50,""d"":9,""decoder"":""mwpf"",""decoder_type"":""SolverSerialJointSingleHair"",""p"":0.007,""p_erase"":0.0,""r"":27,""run_id"":""f720d5971f43fd95a6eb87f1b71bf149134828490d7e52580da913a2fa024f7c""}",
         1,         0,         0,    3.98,mwpf__3de0d8ba3d4f26a4aa47761089b54c7f9aa32f5bb30c252ef4ff9641d3422a8b,5f445648feac72d33661740427e68d0cd01752e4d0c5077c76ebd04073024775,"{""circuit"":""surface_code:rotated_memory_x"",""cluster_node_limit"":50,""d"":9,""decoder"":""mwpf"",""decoder_type"":""SolverSerialJointSingleHair"",""p"":0.01,""p_erase"":0.0,""r"":27,""run_id"":""6b89ea55942bd903fc9de7195a114f8fd81aba8225c2ead847c4f5ead4730f95""}",
         1,         1,         0,    18.8,mwpf__3de0d8ba3d4f26a4aa47761089b54c7f9aa32f5bb30c252ef4ff9641d3422a8b,5f445648feac72d33661740427e68d0cd01752e4d0c5077c76ebd04073024775,"{""circuit"":""surface_code:rotated_memory_x"",""cluster_node_limit"":50,""d"":9,""decoder"":""mwpf"",""decoder_type"":""SolverSerialJointSingleHair"",""p"":0.01,""p_erase"":0.0,""r"":27,""run_id"":""6b89ea55942bd903fc9de7195a114f8fd81aba8225c2ead847c4f5ead4730f95""}",
        18,         0,         0,    4.77,mwpf__c15b7bb0ff0012f0b948662426ce893e94240819d364bcf73c902cabc84cd33e,4836a6256ec9cf7d274b38aed4c7b7454299c87c216c6edd3ffabc406f995116,"{""circuit"":""surface_code:rotated_memory_x"",""cluster_node_limit"":50,""d"":9,""decoder"":""mwpf"",""decoder_type"":""SolverSerialJointSingleHair"",""p"":0.005,""p_erase"":0.0,""r"":27,""run_id"":""46b35d0fc399f4bd986b261367f981aff72f4db7f9e3eaf11f0fa2338e3ec458""}",
         5,         1,         0,    5.69,mwpf__72173c4f37fb755c0d039c1fdc4c2478d1514eecb0fb7246d38ee53f7f6c33de,450af0b6d793a26749cdbbc154715f1e957fa6a1de50ad294d57a2e56e8faa68,"{""circuit"":""surface_code:rotated_memory_x"",""cluster_node_limit"":50,""d"":9,""decoder"":""mwpf"",""decoder_type"":""SolverSerialJointSingleHair"",""p"":0.0065,""p_erase"":0.0,""r"":27,""run_id"":""d97729197ec9a9cc3beb7b4105ee96f26b6723caa81371ab95a553fce7788c2e""}",
         1,         0,         0,    1.59,mwpf__8c0dee3b72490cd99940eb344db6dd047bfda29afb5b61597b97539b079c72d8,4a9c64a159c68bbef2b1487bd9ce846f6fd4e451c6f28d2659bf00c12820cdb9,"{""circuit"":""surface_code:rotated_memory_x"",""cluster_node_limit"":50,""d"":9,""decoder"":""mwpf"",""decoder_type"":""SolverSerialJointSingleHair"",""p"":0.008,""p_erase"":0.0,""r"":27,""run_id"":""310d17c43a0b4c7b4cddac58dc5999da13b706985eb107267c12d661b860647c""}",
         1,         0,         0,   0.818,mwpf__3de0d8ba3d4f26a4aa47761089b54c7f9aa32f5bb30c252ef4ff9641d3422a8b,5f445648feac72d33661740427e68d0cd01752e4d0c5077c76ebd04073024775,"{""circuit"":""surface_code:rotated_memory_x"",""cluster_node_limit"":50,""d"":9,""decoder"":""mwpf"",""decoder_type"":""SolverSerialJointSingleHair"",""p"":0.01,""p_erase"":0.0,""r"":27,""run_id"":""6b89ea55942bd903fc9de7195a114f8fd81aba8225c2ead847c4f5ead4730f95""}",
         1,         0,         0,    2.83,mwpf__aa950e61247fa49b97ba2e4846e5caae67b7200469ac9849b5c1eac27c2911e5,6bf244f37b3a5b598d84faf3843f45f8452c9f3c0671cde50797820b706d88be,"{""circuit"":""surface_code:rotated_memory_x"",""cluster_node_limit"":50,""d"":9,""decoder"":""mwpf"",""decoder_type"":""SolverSerialJointSingleHair"",""p"":0.011,""p_erase"":0.0,""r"":27,""run_id"":""df8149f089fa2bb225048ada61fd134f48599de5ea86075a8cef94f27ba707b4""}",
         6,         1,         0,    4.76,mwpf__3ebedd84177c526063d38deffdc5f7995e8b39297a4d2ab60991457e1c1f2bfa,d6945f43432daf14926073c1f216e0a7921b3342d8848e2c91499f36339ed255,"{""circuit"":""surface_code:rotated_memory_x"",""cluster_node_limit"":50,""d"":9,""decoder"":""mwpf"",""decoder_type"":""SolverSerialJointSingleHair"",""p"":0.0075,""p_erase"":0.0,""r"":27,""run_id"":""a04c9b7f2593f94d57dbede2cebf935e30e76acb0762bc8d6931f304cac92d86""}",
         1,         0,         0,    2.84,mwpf__3de0d8ba3d4f26a4aa47761089b54c7f9aa32f5bb30c252ef4ff9641d3422a8b,5f445648feac72d33661740427e68d0cd01752e4d0c5077c76ebd04073024775,"{""circuit"":""surface_code:rotated_memory_x"",""cluster_node_limit"":50,""d"":9,""decoder"":""mwpf"",""decoder_type"":""SolverSerialJointSingleHair"",""p"":0.01,""p_erase"":0.0,""r"":27,""run_id"":""6b89ea55942bd903fc9de7195a114f8fd81aba8225c2ead847c4f5ead4730f95""}",
         4,         0,         0,    2.92,mwpf__8c0dee3b72490cd99940eb344db6dd047bfda29afb5b61597b97539b079c72d8,4a9c64a159c68bbef2b1487bd9ce846f6fd4e451c6f28d2659bf00c12820cdb9,"{""circuit"":""surface_code:rotated_memory_x"",""cluster_node_limit"":50,""d"":9,""decoder"":""mwpf"",""decoder_type"":""SolverSerialJointSingleHair"",""p"":0.008,""p_erase"":0.0,""r"":27,""run_id"":""310d17c43a0b4c7b4cddac58dc5999da13b706985eb107267c12d661b860647c""}",
       832,         0,         0,    6.99,mwpf__6b20241fdef0bc50af7bc5beb4af9085525359ff7961438f1d6c14e7a40559fc,6497b989ace1f5c4a466377684ff9e6e71bf768cf2005e5b0935ab83dc325a4d,"{""circuit"":""surface_code:rotated_memory_x"",""cluster_node_limit"":50,""d"":9,""decoder"":""mwpf"",""decoder_type"":""SolverSerialJointSingleHair"",""p"":0.001,""p_erase"":0.0,""r"":27,""run_id"":""84219ea677c17ec3283ee1385a1d135bd22bd4da5f9bbb2cb86709e81fbe2de3""}",
         2,         0,         0,    1.50,mwpf__3de0d8ba3d4f26a4aa47761089b54c7f9aa32f5bb30c252ef4ff9641d3422a8b,5f445648feac72d33661740427e68d0cd01752e4d0c5077c76ebd04073024775,"{""circuit"":""surface_code:rotated_memory_x"",""cluster_node_limit"":50,""d"":9,""decoder"":""mwpf"",""decoder_type"":""SolverSerialJointSingleHair"",""p"":0.01,""p_erase"":0.0,""r"":27,""run_id"":""6b89ea55942bd903fc9de7195a114f8fd81aba8225c2ead847c4f5ead4730f95""}",
        36,         0,         0,    6.31,mwpf__e464f2d6feb4169bf921ee71c61a166fa54aa6d9fc8aafef9186d17a5b3157ce,ca032f963ae8b0a09b3c0575cc72c15f12738d5e31f7547119d853d406e651a6,"{""circuit"":""surface_code:rotated_memory_x"",""cluster_node_limit"":50,""d"":9,""decoder"":""mwpf"",""decoder_type"":""SolverSerialJointSingleHair"",""p"":0.004,""p_erase"":0.0,""r"":27,""run_id"":""dfa10e4705b239f568dc861208894c334d09727348aa108fce2bfa124564d3b8""}",
        13,         1,         0,    4.81,mwpf__72173c4f37fb755c0d039c1fdc4c2478d1514eecb0fb7246d38ee53f7f6c33de,450af0b6d793a26749cdbbc154715f1e957fa6a1de50ad294d57a2e56e8faa68,"{""circuit"":""surface_code:rotated_memory_x"",""cluster_node_limit"":50,""d"":9,""decoder"":""mwpf"",""decoder_type"":""SolverSerialJointSingleHair"",""p"":0.0065,""p_erase"":0.0,""r"":27,""run_id"":""d97729197ec9a9cc3beb7b4105ee96f26b6723caa81371ab95a553fce7788c2e""}",
        24,         1,         0,    6.31,mwpf__6ed5ff748543711e5cd7b4f80c85e8a4facd73595b09b8e8c91b2fc6ea7bca87,86079d2dde882a1b36fdb0f0be90ce0bc9b3fcb68ef79806912138a3e1eefab5,"{""circuit"":""surface_code:rotated_memory_x"",""cluster_node_limit"":50,""d"":9,""decoder"":""mwpf"",""decoder_type"":""SolverSerialJointSingleHair"",""p"":0.006,""p_erase"":0.0,""r"":27,""run_id"":""4cab9b35185258cd2ab7f1806b7c3d16a626fa96dd58cd5907dd5e222a7a9d91""}",
         1,         1,         0,    10.1,mwpf__aa950e61247fa49b97ba2e4846e5caae67b7200469ac9849b5c1eac27c2911e5,6bf244f37b3a5b598d84faf3843f45f8452c9f3c0671cde50797820b706d88be,"{""circuit"":""surface_code:rotated_memory_x"",""cluster_node_limit"":50,""d"":9,""decoder"":""mwpf"",""decoder_type"":""SolverSerialJointSingleHair"",""p"":0.011,""p_erase"":0.0,""r"":27,""run_id"":""df8149f089fa2bb225048ada61fd134f48599de5ea86075a8cef94f27ba707b4""}",
        11,         1,         0,    6.06,mwpf__a84eaf4abfe907a932c6015e39161f585dcfce91bfc28e37cdd0de963adf1257,5fb873a54f64183f4b432d7c791ff695e3a9b1308a353e686213ee85b5bf073c,"{""circuit"":""surface_code:rotated_memory_x"",""cluster_node_limit"":50,""d"":9,""decoder"":""mwpf"",""decoder_type"":""SolverSerialJointSingleHair"",""p"":0.007,""p_erase"":0.0,""r"":27,""run_id"":""f720d5971f43fd95a6eb87f1b71bf149134828490d7e52580da913a2fa024f7c""}",
        26,         0,         0,    6.27,mwpf__c15b7bb0ff0012f0b948662426ce893e94240819d364bcf73c902cabc84cd33e,4836a6256ec9cf7d274b38aed4c7b7454299c87c216c6edd3ffabc406f995116,"{""circuit"":""surface_code:rotated_memory_x"",""cluster_node_limit"":50,""d"":9,""decoder"":""mwpf"",""decoder_type"":""SolverSerialJointSingleHair"",""p"":0.005,""p_erase"":0.0,""r"":27,""run_id"":""46b35d0fc399f4bd986b261367f981aff72f4db7f9e3eaf11f0fa2338e3ec458""}",
         6,         1,         0,    3.46,mwpf__8c0dee3b72490cd99940eb344db6dd047bfda29afb5b61597b97539b079c72d8,4a9c64a159c68bbef2b1487bd9ce846f6fd4e451c6f28d2659bf00c12820cdb9,"{""circuit"":""surface_code:rotated_memory_x"",""cluster_node_limit"":50,""d"":9,""decoder"":""mwpf"",""decoder_type"":""SolverSerialJointSingleHair"",""p"":0.008,""p_erase"":0.0,""r"":27,""run_id"":""310d17c43a0b4c7b4cddac58dc5999da13b706985eb107267c12d661b860647c""}",
         1,         0,         0,    1.33,mwpf__aa950e61247fa49b97ba2e4846e5caae67b7200469ac9849b5c1eac27c2911e5,6bf244f37b3a5b598d84faf3843f45f8452c9f3c0671cde50797820b706d88be,"{""circuit"":""surface_code:rotated_memory_x"",""cluster_node_limit"":50,""d"":9,""decoder"":""mwpf"",""decoder_type"":""SolverSerialJointSingleHair"",""p"":0.011,""p_erase"":0.0,""r"":27,""run_id"":""df8149f089fa2bb225048ada61fd134f48599de5ea86075a8cef94f27ba707b4""}",
         2,         0,         0,    7.20,mwpf__3de0d8ba3d4f26a4aa47761089b54c7f9aa32f5bb30c252ef4ff9641d3422a8b,5f445648feac72d33661740427e68d0cd01752e4d0c5077c76ebd04073024775,"{""circuit"":""surface_code:rotated_memory_x"",""cluster_node_limit"":50,""d"":9,""decoder"":""mwpf"",""decoder_type"":""SolverSerialJointSingleHair"",""p"":0.01,""p_erase"":0.0,""r"":27,""run_id"":""6b89ea55942bd903fc9de7195a114f8fd81aba8225c2ead847c4f5ead4730f95""}",
         1,         1,         0,    1.06,mwpf__aa950e61247fa49b97ba2e4846e5caae67b7200469ac9849b5c1eac27c2911e5,6bf244f37b3a5b598d84faf3843f45f8452c9f3c0671cde50797820b706d88be,"{""circuit"":""surface_code:rotated_memory_x"",""cluster_node_limit"":50,""d"":9,""decoder"":""mwpf"",""decoder_type"":""SolverSerialJointSingleHair"",""p"":0.011,""p_erase"":0.0,""r"":27,""run_id"":""df8149f089fa2bb225048ada61fd134f48599de5ea86075a8cef94f27ba707b4""}",
         5,         0,         0,    8.88,mwpf__f4d39fc10386a89ff38f3d31b2e48ffe9d083a7fd716f793840309d01ff8379d,145c3dd4686f49e58233aad1f6cb32492657ff0053b40db3658e5aead9d622e0,"{""circuit"":""surface_code:rotated_memory_x"",""cluster_node_limit"":50,""d"":9,""decoder"":""mwpf"",""decoder_type"":""SolverSerialJointSingleHair"",""p"":0.009,""p_erase"":0.0,""r"":27,""run_id"":""ff21a10e786fdbe645e9c3fa60c001df4cfdc01991613b981a22f8f187b7f8c9""}",
         1,         1,         0,   0.693,mwpf__aa950e61247fa49b97ba2e4846e5caae67b7200469ac9849b5c1eac27c2911e5,6bf244f37b3a5b598d84faf3843f45f8452c9f3c0671cde50797820b706d88be,"{""circuit"":""surface_code:rotated_memory_x"",""cluster_node_limit"":50,""d"":9,""decoder"":""mwpf"",""decoder_type"":""SolverSerialJointSingleHair"",""p"":0.011,""p_erase"":0.0,""r"":27,""run_id"":""df8149f089fa2bb225048ada61fd134f48599de5ea86075a8cef94f27ba707b4""}",
         1,         0,         0,    2.27,mwpf__3de0d8ba3d4f26a4aa47761089b54c7f9aa32f5bb30c252ef4ff9641d3422a8b,5f445648feac72d33661740427e68d0cd01752e4d0c5077c76ebd04073024775,"{""circuit"":""surface_code:rotated_memory_x"",""cluster_node_limit"":50,""d"":9,""decoder"":""mwpf"",""decoder_type"":""SolverSerialJointSingleHair"",""p"":0.01,""p_erase"":0.0,""r"":27,""run_id"":""6b89ea55942bd903fc9de7195a114f8fd81aba8225c2ead847c4f5ead4730f95""}",
         2,         1,         0,    5.87,mwpf__3de0d8ba3d4f26a4aa47761089b54c7f9aa32f5bb30c252ef4ff9641d3422a8b,5f445648feac72d33661740427e68d0cd01752e4d0c5077c76ebd04073024775,"{""circuit"":""surface_code:rotated_memory_x"",""cluster_node_limit"":50,""d"":9,""decoder"":""mwpf"",""decoder_type"":""SolverSerialJointSingleHair"",""p"":0.01,""p_erase"":0.0,""r"":27,""run_id"":""6b89ea55942bd903fc9de7195a114f8fd81aba8225c2ead847c4f5ead4730f95""}",
         1,         1,         0,    2.69,mwpf__aa950e61247fa49b97ba2e4846e5caae67b7200469ac9849b5c1eac27c2911e5,6bf244f37b3a5b598d84faf3843f45f8452c9f3c0671cde50797820b706d88be,"{""circuit"":""surface_code:rotated_memory_x"",""cluster_node_limit"":50,""d"":9,""decoder"":""mwpf"",""decoder_type"":""SolverSerialJointSingleHair"",""p"":0.011,""p_erase"":0.0,""r"":27,""run_id"":""df8149f089fa2bb225048ada61fd134f48599de5ea86075a8cef94f27ba707b4""}",
        18,         3,         0,    6.49,mwpf__72173c4f37fb755c0d039c1fdc4c2478d1514eecb0fb7246d38ee53f7f6c33de,450af0b6d793a26749cdbbc154715f1e957fa6a1de50ad294d57a2e56e8faa68,"{""circuit"":""surface_code:rotated_memory_x"",""cluster_node_limit"":50,""d"":9,""decoder"":""mwpf"",""decoder_type"":""SolverSerialJointSingleHair"",""p"":0.0065,""p_erase"":0.0,""r"":27,""run_id"":""d97729197ec9a9cc3beb7b4105ee96f26b6723caa81371ab95a553fce7788c2e""}",
         8,         2,         0,    9.54,mwpf__3ebedd84177c526063d38deffdc5f7995e8b39297a4d2ab60991457e1c1f2bfa,d6945f43432daf14926073c1f216e0a7921b3342d8848e2c91499f36339ed255,"{""circuit"":""surface_code:rotated_memory_x"",""cluster_node_limit"":50,""d"":9,""decoder"":""mwpf"",""decoder_type"":""SolverSerialJointSingleHair"",""p"":0.0075,""p_erase"":0.0,""r"":27,""run_id"":""a04c9b7f2593f94d57dbede2cebf935e30e76acb0762bc8d6931f304cac92d86""}",
         3,         1,         0,    5.68,mwpf__8c0dee3b72490cd99940eb344db6dd047bfda29afb5b61597b97539b079c72d8,4a9c64a159c68bbef2b1487bd9ce846f6fd4e451c6f28d2659bf00c12820cdb9,"{""circuit"":""surface_code:rotated_memory_x"",""cluster_node_limit"":50,""d"":9,""decoder"":""mwpf"",""decoder_type"":""SolverSerialJointSingleHair"",""p"":0.008,""p_erase"":0.0,""r"":27,""run_id"":""310d17c43a0b4c7b4cddac58dc5999da13b706985eb107267c12d661b860647c""}",
      1216,         0,         0,    9.39,mwpf__6b20241fdef0bc50af7bc5beb4af9085525359ff7961438f1d6c14e7a40559fc,6497b989ace1f5c4a466377684ff9e6e71bf768cf2005e5b0935ab83dc325a4d,"{""circuit"":""surface_code:rotated_memory_x"",""cluster_node_limit"":50,""d"":9,""decoder"":""mwpf"",""decoder_type"":""SolverSerialJointSingleHair"",""p"":0.001,""p_erase"":0.0,""r"":27,""run_id"":""84219ea677c17ec3283ee1385a1d135bd22bd4da5f9bbb2cb86709e81fbe2de3""}",
        44,         0,         0,    8.74,mwpf__e464f2d6feb4169bf921ee71c61a166fa54aa6d9fc8aafef9186d17a5b3157ce,ca032f963ae8b0a09b3c0575cc72c15f12738d5e31f7547119d853d406e651a6,"{""circuit"":""surface_code:rotated_memory_x"",""cluster_node_limit"":50,""d"":9,""decoder"":""mwpf"",""decoder_type"":""SolverSerialJointSingleHair"",""p"":0.004,""p_erase"":0.0,""r"":27,""run_id"":""dfa10e4705b239f568dc861208894c334d09727348aa108fce2bfa124564d3b8""}",
        23,         1,         0,    8.78,mwpf__6ed5ff748543711e5cd7b4f80c85e8a4facd73595b09b8e8c91b2fc6ea7bca87,86079d2dde882a1b36fdb0f0be90ce0bc9b3fcb68ef79806912138a3e1eefab5,"{""circuit"":""surface_code:rotated_memory_x"",""cluster_node_limit"":50,""d"":9,""decoder"":""mwpf"",""decoder_type"":""SolverSerialJointSingleHair"",""p"":0.006,""p_erase"":0.0,""r"":27,""run_id"":""4cab9b35185258cd2ab7f1806b7c3d16a626fa96dd58cd5907dd5e222a7a9d91""}",
         3,         0,         0,    3.62,mwpf__3de0d8ba3d4f26a4aa47761089b54c7f9aa32f5bb30c252ef4ff9641d3422a8b,5f445648feac72d33661740427e68d0cd01752e4d0c5077c76ebd04073024775,"{""circuit"":""surface_code:rotated_memory_x"",""cluster_node_limit"":50,""d"":9,""decoder"":""mwpf"",""decoder_type"":""SolverSerialJointSingleHair"",""p"":0.01,""p_erase"":0.0,""r"":27,""run_id"":""6b89ea55942bd903fc9de7195a114f8fd81aba8225c2ead847c4f5ead4730f95""}",
         5,         0,         0,    6.50,mwpf__f4d39fc10386a89ff38f3d31b2e48ffe9d083a7fd716f793840309d01ff8379d,145c3dd4686f49e58233aad1f6cb32492657ff0053b40db3658e5aead9d622e0,"{""circuit"":""surface_code:rotated_memory_x"",""cluster_node_limit"":50,""d"":9,""decoder"":""mwpf"",""decoder_type"":""SolverSerialJointSingleHair"",""p"":0.009,""p_erase"":0.0,""r"":27,""run_id"":""ff21a10e786fdbe645e9c3fa60c001df4cfdc01991613b981a22f8f187b7f8c9""}",
        12,         1,         0,    9.05,mwpf__a84eaf4abfe907a932c6015e39161f585dcfce91bfc28e37cdd0de963adf1257,5fb873a54f64183f4b432d7c791ff695e3a9b1308a353e686213ee85b5bf073c,"{""circuit"":""surface_code:rotated_memory_x"",""cluster_node_limit"":50,""d"":9,""decoder"":""mwpf"",""decoder_type"":""SolverSerialJointSingleHair"",""p"":0.007,""p_erase"":0.0,""r"":27,""run_id"":""f720d5971f43fd95a6eb87f1b71bf149134828490d7e52580da913a2fa024f7c""}",
         1,         1,         0,    12.8,mwpf__aa950e61247fa49b97ba2e4846e5caae67b7200469ac9849b5c1eac27c2911e5,6bf244f37b3a5b598d84faf3843f45f8452c9f3c0671cde50797820b706d88be,"{""circuit"":""surface_code:rotated_memory_x"",""cluster_node_limit"":50,""d"":9,""decoder"":""mwpf"",""decoder_type"":""SolverSerialJointSingleHair"",""p"":0.011,""p_erase"":0.0,""r"":27,""run_id"":""df8149f089fa2bb225048ada61fd134f48599de5ea86075a8cef94f27ba707b4""}",
         1,         0,         0,    4.14,mwpf__aa950e61247fa49b97ba2e4846e5caae67b7200469ac9849b5c1eac27c2911e5,6bf244f37b3a5b598d84faf3843f45f8452c9f3c0671cde50797820b706d88be,"{""circuit"":""surface_code:rotated_memory_x"",""cluster_node_limit"":50,""d"":9,""decoder"":""mwpf"",""decoder_type"":""SolverSerialJointSingleHair"",""p"":0.011,""p_erase"":0.0,""r"":27,""run_id"":""df8149f089fa2bb225048ada61fd134f48599de5ea86075a8cef94f27ba707b4""}",
         1,         0,         0,   0.916,mwpf__aa950e61247fa49b97ba2e4846e5caae67b7200469ac9849b5c1eac27c2911e5,6bf244f37b3a5b598d84faf3843f45f8452c9f3c0671cde50797820b706d88be,"{""circuit"":""surface_code:rotated_memory_x"",""cluster_node_limit"":50,""d"":9,""decoder"":""mwpf"",""decoder_type"":""SolverSerialJointSingleHair"",""p"":0.011,""p_erase"":0.0,""r"":27,""run_id"":""df8149f089fa2bb225048ada61fd134f48599de5ea86075a8cef94f27ba707b4""}",
        34,         0,         0,    9.27,mwpf__c15b7bb0ff0012f0b948662426ce893e94240819d364bcf73c902cabc84cd33e,4836a6256ec9cf7d274b38aed4c7b7454299c87c216c6edd3ffabc406f995116,"{""circuit"":""surface_code:rotated_memory_x"",""cluster_node_limit"":50,""d"":9,""decoder"":""mwpf"",""decoder_type"":""SolverSerialJointSingleHair"",""p"":0.005,""p_erase"":0.0,""r"":27,""run_id"":""46b35d0fc399f4bd986b261367f981aff72f4db7f9e3eaf11f0fa2338e3ec458""}",
         4,         4,         0,    3.31,mwpf__3de0d8ba3d4f26a4aa47761089b54c7f9aa32f5bb30c252ef4ff9641d3422a8b,5f445648feac72d33661740427e68d0cd01752e4d0c5077c76ebd04073024775,"{""circuit"":""surface_code:rotated_memory_x"",""cluster_node_limit"":50,""d"":9,""decoder"":""mwpf"",""decoder_type"":""SolverSerialJointSingleHair"",""p"":0.01,""p_erase"":0.0,""r"":27,""run_id"":""6b89ea55942bd903fc9de7195a114f8fd81aba8225c2ead847c4f5ead4730f95""}",
         4,         0,         0,    6.58,mwpf__8c0dee3b72490cd99940eb344db6dd047bfda29afb5b61597b97539b079c72d8,4a9c64a159c68bbef2b1487bd9ce846f6fd4e451c6f28d2659bf00c12820cdb9,"{""circuit"":""surface_code:rotated_memory_x"",""cluster_node_limit"":50,""d"":9,""decoder"":""mwpf"",""decoder_type"":""SolverSerialJointSingleHair"",""p"":0.008,""p_erase"":0.0,""r"":27,""run_id"":""310d17c43a0b4c7b4cddac58dc5999da13b706985eb107267c12d661b860647c""}",
         1,         0,         0,    34.2,mwpf__f4d39fc10386a89ff38f3d31b2e48ffe9d083a7fd716f793840309d01ff8379d,145c3dd4686f49e58233aad1f6cb32492657ff0053b40db3658e5aead9d622e0,"{""circuit"":""surface_code:rotated_memory_x"",""cluster_node_limit"":50,""d"":9,""decoder"":""mwpf"",""decoder_type"":""SolverSerialJointSingleHair"",""p"":0.009,""p_erase"":0.0,""r"":27,""run_id"":""ff21a10e786fdbe645e9c3fa60c001df4cfdc01991613b981a22f8f187b7f8c9""}",
         3,         0,         0,   0.673,mwpf__f4d39fc10386a89ff38f3d31b2e48ffe9d083a7fd716f793840309d01ff8379d,145c3dd4686f49e58233aad1f6cb32492657ff0053b40db3658e5aead9d622e0,"{""circuit"":""surface_code:rotated_memory_x"",""cluster_node_limit"":50,""d"":9,""decoder"":""mwpf"",""decoder_type"":""SolverSerialJointSingleHair"",""p"":0.009,""p_erase"":0.0,""r"":27,""run_id"":""ff21a10e786fdbe645e9c3fa60c001df4cfdc01991613b981a22f8f187b7f8c9""}",
         1,         0,         0,    4.46,mwpf__aa950e61247fa49b97ba2e4846e5caae67b7200469ac9849b5c1eac27c2911e5,6bf244f37b3a5b598d84faf3843f45f8452c9f3c0671cde50797820b706d88be,"{""circuit"":""surface_code:rotated_memory_x"",""cluster_node_limit"":50,""d"":9,""decoder"":""mwpf"",""decoder_type"":""SolverSerialJointSingleHair"",""p"":0.011,""p_erase"":0.0,""r"":27,""run_id"":""df8149f089fa2bb225048ada61fd134f48599de5ea86075a8cef94f27ba707b4""}",
        10,         1,         0,    8.38,mwpf__3ebedd84177c526063d38deffdc5f7995e8b39297a4d2ab60991457e1c1f2bfa,d6945f43432daf14926073c1f216e0a7921b3342d8848e2c91499f36339ed255,"{""circuit"":""surface_code:rotated_memory_x"",""cluster_node_limit"":50,""d"":9,""decoder"":""mwpf"",""decoder_type"":""SolverSerialJointSingleHair"",""p"":0.0075,""p_erase"":0.0,""r"":27,""run_id"":""a04c9b7f2593f94d57dbede2cebf935e30e76acb0762bc8d6931f304cac92d86""}",
         9,         1,         0,    8.43,mwpf__f4d39fc10386a89ff38f3d31b2e48ffe9d083a7fd716f793840309d01ff8379d,145c3dd4686f49e58233aad1f6cb32492657ff0053b40db3658e5aead9d622e0,"{""circuit"":""surface_code:rotated_memory_x"",""cluster_node_limit"":50,""d"":9,""decoder"":""mwpf"",""decoder_type"":""SolverSerialJointSingleHair"",""p"":0.009,""p_erase"":0.0,""r"":27,""run_id"":""ff21a10e786fdbe645e9c3fa60c001df4cfdc01991613b981a22f8f187b7f8c9""}",
        16,         2,         0,    11.9,mwpf__72173c4f37fb755c0d039c1fdc4c2478d1514eecb0fb7246d38ee53f7f6c33de,450af0b6d793a26749cdbbc154715f1e957fa6a1de50ad294d57a2e56e8faa68,"{""circuit"":""surface_code:rotated_memory_x"",""cluster_node_limit"":50,""d"":9,""decoder"":""mwpf"",""decoder_type"":""SolverSerialJointSingleHair"",""p"":0.0065,""p_erase"":0.0,""r"":27,""run_id"":""d97729197ec9a9cc3beb7b4105ee96f26b6723caa81371ab95a553fce7788c2e""}",
         4,         1,         0,    7.84,mwpf__3de0d8ba3d4f26a4aa47761089b54c7f9aa32f5bb30c252ef4ff9641d3422a8b,5f445648feac72d33661740427e68d0cd01752e4d0c5077c76ebd04073024775,"{""circuit"":""surface_code:rotated_memory_x"",""cluster_node_limit"":50,""d"":9,""decoder"":""mwpf"",""decoder_type"":""SolverSerialJointSingleHair"",""p"":0.01,""p_erase"":0.0,""r"":27,""run_id"":""6b89ea55942bd903fc9de7195a114f8fd81aba8225c2ead847c4f5ead4730f95""}",
        70,         0,         0,    11.9,mwpf__e464f2d6feb4169bf921ee71c61a166fa54aa6d9fc8aafef9186d17a5b3157ce,ca032f963ae8b0a09b3c0575cc72c15f12738d5e31f7547119d853d406e651a6,"{""circuit"":""surface_code:rotated_memory_x"",""cluster_node_limit"":50,""d"":9,""decoder"":""mwpf"",""decoder_type"":""SolverSerialJointSingleHair"",""p"":0.004,""p_erase"":0.0,""r"":27,""run_id"":""dfa10e4705b239f568dc861208894c334d09727348aa108fce2bfa124564d3b8""}",
        29,         0,         0,    12.3,mwpf__6ed5ff748543711e5cd7b4f80c85e8a4facd73595b09b8e8c91b2fc6ea7bca87,86079d2dde882a1b36fdb0f0be90ce0bc9b3fcb68ef79806912138a3e1eefab5,"{""circuit"":""surface_code:rotated_memory_x"",""cluster_node_limit"":50,""d"":9,""decoder"":""mwpf"",""decoder_type"":""SolverSerialJointSingleHair"",""p"":0.006,""p_erase"":0.0,""r"":27,""run_id"":""4cab9b35185258cd2ab7f1806b7c3d16a626fa96dd58cd5907dd5e222a7a9d91""}",
      1248,         0,         0,    13.8,mwpf__6b20241fdef0bc50af7bc5beb4af9085525359ff7961438f1d6c14e7a40559fc,6497b989ace1f5c4a466377684ff9e6e71bf768cf2005e5b0935ab83dc325a4d,"{""circuit"":""surface_code:rotated_memory_x"",""cluster_node_limit"":50,""d"":9,""decoder"":""mwpf"",""decoder_type"":""SolverSerialJointSingleHair"",""p"":0.001,""p_erase"":0.0,""r"":27,""run_id"":""84219ea677c17ec3283ee1385a1d135bd22bd4da5f9bbb2cb86709e81fbe2de3""}",
        35,         3,         0,    12.5,mwpf__a84eaf4abfe907a932c6015e39161f585dcfce91bfc28e37cdd0de963adf1257,5fb873a54f64183f4b432d7c791ff695e3a9b1308a353e686213ee85b5bf073c,"{""circuit"":""surface_code:rotated_memory_x"",""cluster_node_limit"":50,""d"":9,""decoder"":""mwpf"",""decoder_type"":""SolverSerialJointSingleHair"",""p"":0.007,""p_erase"":0.0,""r"":27,""run_id"":""f720d5971f43fd95a6eb87f1b71bf149134828490d7e52580da913a2fa024f7c""}",
        44,         0,         0,    11.8,mwpf__c15b7bb0ff0012f0b948662426ce893e94240819d364bcf73c902cabc84cd33e,4836a6256ec9cf7d274b38aed4c7b7454299c87c216c6edd3ffabc406f995116,"{""circuit"":""surface_code:rotated_memory_x"",""cluster_node_limit"":50,""d"":9,""decoder"":""mwpf"",""decoder_type"":""SolverSerialJointSingleHair"",""p"":0.005,""p_erase"":0.0,""r"":27,""run_id"":""46b35d0fc399f4bd986b261367f981aff72f4db7f9e3eaf11f0fa2338e3ec458""}",
         2,         0,         0,    10.4,mwpf__f4d39fc10386a89ff38f3d31b2e48ffe9d083a7fd716f793840309d01ff8379d,145c3dd4686f49e58233aad1f6cb32492657ff0053b40db3658e5aead9d622e0,"{""circuit"":""surface_code:rotated_memory_x"",""cluster_node_limit"":50,""d"":9,""decoder"":""mwpf"",""decoder_type"":""SolverSerialJointSingleHair"",""p"":0.009,""p_erase"":0.0,""r"":27,""run_id"":""ff21a10e786fdbe645e9c3fa60c001df4cfdc01991613b981a22f8f187b7f8c9""}",
         1,         1,         0,    1.28,mwpf__f4d39fc10386a89ff38f3d31b2e48ffe9d083a7fd716f793840309d01ff8379d,145c3dd4686f49e58233aad1f6cb32492657ff0053b40db3658e5aead9d622e0,"{""circuit"":""surface_code:rotated_memory_x"",""cluster_node_limit"":50,""d"":9,""decoder"":""mwpf"",""decoder_type"":""SolverSerialJointSingleHair"",""p"":0.009,""p_erase"":0.0,""r"":27,""run_id"":""ff21a10e786fdbe645e9c3fa60c001df4cfdc01991613b981a22f8f187b7f8c9""}",
         2,         0,         0,    6.04,mwpf__3de0d8ba3d4f26a4aa47761089b54c7f9aa32f5bb30c252ef4ff9641d3422a8b,5f445648feac72d33661740427e68d0cd01752e4d0c5077c76ebd04073024775,"{""circuit"":""surface_code:rotated_memory_x"",""cluster_node_limit"":50,""d"":9,""decoder"":""mwpf"",""decoder_type"":""SolverSerialJointSingleHair"",""p"":0.01,""p_erase"":0.0,""r"":27,""run_id"":""6b89ea55942bd903fc9de7195a114f8fd81aba8225c2ead847c4f5ead4730f95""}",
        12,         2,         0,    13.4,mwpf__8c0dee3b72490cd99940eb344db6dd047bfda29afb5b61597b97539b079c72d8,4a9c64a159c68bbef2b1487bd9ce846f6fd4e451c6f28d2659bf00c12820cdb9,"{""circuit"":""surface_code:rotated_memory_x"",""cluster_node_limit"":50,""d"":9,""decoder"":""mwpf"",""decoder_type"":""SolverSerialJointSingleHair"",""p"":0.008,""p_erase"":0.0,""r"":27,""run_id"":""310d17c43a0b4c7b4cddac58dc5999da13b706985eb107267c12d661b860647c""}",
        17,         3,         0,    12.8,mwpf__3ebedd84177c526063d38deffdc5f7995e8b39297a4d2ab60991457e1c1f2bfa,d6945f43432daf14926073c1f216e0a7921b3342d8848e2c91499f36339ed255,"{""circuit"":""surface_code:rotated_memory_x"",""cluster_node_limit"":50,""d"":9,""decoder"":""mwpf"",""decoder_type"":""SolverSerialJointSingleHair"",""p"":0.0075,""p_erase"":0.0,""r"":27,""run_id"":""a04c9b7f2593f94d57dbede2cebf935e30e76acb0762bc8d6931f304cac92d86""}",
         1,         1,         0,    14.3,mwpf__aa950e61247fa49b97ba2e4846e5caae67b7200469ac9849b5c1eac27c2911e5,6bf244f37b3a5b598d84faf3843f45f8452c9f3c0671cde50797820b706d88be,"{""circuit"":""surface_code:rotated_memory_x"",""cluster_node_limit"":50,""d"":9,""decoder"":""mwpf"",""decoder_type"":""SolverSerialJointSingleHair"",""p"":0.011,""p_erase"":0.0,""r"":27,""run_id"":""df8149f089fa2bb225048ada61fd134f48599de5ea86075a8cef94f27ba707b4""}",
         2,         0,         0,    19.5,mwpf__aa950e61247fa49b97ba2e4846e5caae67b7200469ac9849b5c1eac27c2911e5,6bf244f37b3a5b598d84faf3843f45f8452c9f3c0671cde50797820b706d88be,"{""circuit"":""surface_code:rotated_memory_x"",""cluster_node_limit"":50,""d"":9,""decoder"":""mwpf"",""decoder_type"":""SolverSerialJointSingleHair"",""p"":0.011,""p_erase"":0.0,""r"":27,""run_id"":""df8149f089fa2bb225048ada61fd134f48599de5ea86075a8cef94f27ba707b4""}",
        12,         4,         0,    12.3,mwpf__f4d39fc10386a89ff38f3d31b2e48ffe9d083a7fd716f793840309d01ff8379d,145c3dd4686f49e58233aad1f6cb32492657ff0053b40db3658e5aead9d622e0,"{""circuit"":""surface_code:rotated_memory_x"",""cluster_node_limit"":50,""d"":9,""decoder"":""mwpf"",""decoder_type"":""SolverSerialJointSingleHair"",""p"":0.009,""p_erase"":0.0,""r"":27,""run_id"":""ff21a10e786fdbe645e9c3fa60c001df4cfdc01991613b981a22f8f187b7f8c9""}",
         2,         0,         0,    26.1,mwpf__3de0d8ba3d4f26a4aa47761089b54c7f9aa32f5bb30c252ef4ff9641d3422a8b,5f445648feac72d33661740427e68d0cd01752e4d0c5077c76ebd04073024775,"{""circuit"":""surface_code:rotated_memory_x"",""cluster_node_limit"":50,""d"":9,""decoder"":""mwpf"",""decoder_type"":""SolverSerialJointSingleHair"",""p"":0.01,""p_erase"":0.0,""r"":27,""run_id"":""6b89ea55942bd903fc9de7195a114f8fd81aba8225c2ead847c4f5ead4730f95""}",
        35,         0,         0,    12.0,mwpf__72173c4f37fb755c0d039c1fdc4c2478d1514eecb0fb7246d38ee53f7f6c33de,450af0b6d793a26749cdbbc154715f1e957fa6a1de50ad294d57a2e56e8faa68,"{""circuit"":""surface_code:rotated_memory_x"",""cluster_node_limit"":50,""d"":9,""decoder"":""mwpf"",""decoder_type"":""SolverSerialJointSingleHair"",""p"":0.0065,""p_erase"":0.0,""r"":27,""run_id"":""d97729197ec9a9cc3beb7b4105ee96f26b6723caa81371ab95a553fce7788c2e""}",
         1,         0,         0,    8.43,mwpf__f4d39fc10386a89ff38f3d31b2e48ffe9d083a7fd716f793840309d01ff8379d,145c3dd4686f49e58233aad1f6cb32492657ff0053b40db3658e5aead9d622e0,"{""circuit"":""surface_code:rotated_memory_x"",""cluster_node_limit"":50,""d"":9,""decoder"":""mwpf"",""decoder_type"":""SolverSerialJointSingleHair"",""p"":0.009,""p_erase"":0.0,""r"":27,""run_id"":""ff21a10e786fdbe645e9c3fa60c001df4cfdc01991613b981a22f8f187b7f8c9""}",
         7,         2,         0,    9.67,mwpf__3de0d8ba3d4f26a4aa47761089b54c7f9aa32f5bb30c252ef4ff9641d3422a8b,5f445648feac72d33661740427e68d0cd01752e4d0c5077c76ebd04073024775,"{""circuit"":""surface_code:rotated_memory_x"",""cluster_node_limit"":50,""d"":9,""decoder"":""mwpf"",""decoder_type"":""SolverSerialJointSingleHair"",""p"":0.01,""p_erase"":0.0,""r"":27,""run_id"":""6b89ea55942bd903fc9de7195a114f8fd81aba8225c2ead847c4f5ead4730f95""}",
         4,         0,         0,    2.00,mwpf__f4d39fc10386a89ff38f3d31b2e48ffe9d083a7fd716f793840309d01ff8379d,145c3dd4686f49e58233aad1f6cb32492657ff0053b40db3658e5aead9d622e0,"{""circuit"":""surface_code:rotated_memory_x"",""cluster_node_limit"":50,""d"":9,""decoder"":""mwpf"",""decoder_type"":""SolverSerialJointSingleHair"",""p"":0.009,""p_erase"":0.0,""r"":27,""run_id"":""ff21a10e786fdbe645e9c3fa60c001df4cfdc01991613b981a22f8f187b7f8c9""}",
         2,         1,         0,    6.91,mwpf__3de0d8ba3d4f26a4aa47761089b54c7f9aa32f5bb30c252ef4ff9641d3422a8b,5f445648feac72d33661740427e68d0cd01752e4d0c5077c76ebd04073024775,"{""circuit"":""surface_code:rotated_memory_x"",""cluster_node_limit"":50,""d"":9,""decoder"":""mwpf"",""decoder_type"":""SolverSerialJointSingleHair"",""p"":0.01,""p_erase"":0.0,""r"":27,""run_id"":""6b89ea55942bd903fc9de7195a114f8fd81aba8225c2ead847c4f5ead4730f95""}",
      2240,         0,         0,    16.5,mwpf__6b20241fdef0bc50af7bc5beb4af9085525359ff7961438f1d6c14e7a40559fc,6497b989ace1f5c4a466377684ff9e6e71bf768cf2005e5b0935ab83dc325a4d,"{""circuit"":""surface_code:rotated_memory_x"",""cluster_node_limit"":50,""d"":9,""decoder"":""mwpf"",""decoder_type"":""SolverSerialJointSingleHair"",""p"":0.001,""p_erase"":0.0,""r"":27,""run_id"":""84219ea677c17ec3283ee1385a1d135bd22bd4da5f9bbb2cb86709e81fbe2de3""}",
        48,         2,         0,    17.5,mwpf__6ed5ff748543711e5cd7b4f80c85e8a4facd73595b09b8e8c91b2fc6ea7bca87,86079d2dde882a1b36fdb0f0be90ce0bc9b3fcb68ef79806912138a3e1eefab5,"{""circuit"":""surface_code:rotated_memory_x"",""cluster_node_limit"":50,""d"":9,""decoder"":""mwpf"",""decoder_type"":""SolverSerialJointSingleHair"",""p"":0.006,""p_erase"":0.0,""r"":27,""run_id"":""4cab9b35185258cd2ab7f1806b7c3d16a626fa96dd58cd5907dd5e222a7a9d91""}",
        29,         4,         0,    16.7,mwpf__a84eaf4abfe907a932c6015e39161f585dcfce91bfc28e37cdd0de963adf1257,5fb873a54f64183f4b432d7c791ff695e3a9b1308a353e686213ee85b5bf073c,"{""circuit"":""surface_code:rotated_memory_x"",""cluster_node_limit"":50,""d"":9,""decoder"":""mwpf"",""decoder_type"":""SolverSerialJointSingleHair"",""p"":0.007,""p_erase"":0.0,""r"":27,""run_id"":""f720d5971f43fd95a6eb87f1b71bf149134828490d7e52580da913a2fa024f7c""}",
        58,         1,         0,    16.9,mwpf__c15b7bb0ff0012f0b948662426ce893e94240819d364bcf73c902cabc84cd33e,4836a6256ec9cf7d274b38aed4c7b7454299c87c216c6edd3ffabc406f995116,"{""circuit"":""surface_code:rotated_memory_x"",""cluster_node_limit"":50,""d"":9,""decoder"":""mwpf"",""decoder_type"":""SolverSerialJointSingleHair"",""p"":0.005,""p_erase"":0.0,""r"":27,""run_id"":""46b35d0fc399f4bd986b261367f981aff72f4db7f9e3eaf11f0fa2338e3ec458""}",
       128,         0,         0,    19.0,mwpf__e464f2d6feb4169bf921ee71c61a166fa54aa6d9fc8aafef9186d17a5b3157ce,ca032f963ae8b0a09b3c0575cc72c15f12738d5e31f7547119d853d406e651a6,"{""circuit"":""surface_code:rotated_memory_x"",""cluster_node_limit"":50,""d"":9,""decoder"":""mwpf"",""decoder_type"":""SolverSerialJointSingleHair"",""p"":0.004,""p_erase"":0.0,""r"":27,""run_id"":""dfa10e4705b239f568dc861208894c334d09727348aa108fce2bfa124564d3b8""}",
        19,         2,         0,    12.4,mwpf__8c0dee3b72490cd99940eb344db6dd047bfda29afb5b61597b97539b079c72d8,4a9c64a159c68bbef2b1487bd9ce846f6fd4e451c6f28d2659bf00c12820cdb9,"{""circuit"":""surface_code:rotated_memory_x"",""cluster_node_limit"":50,""d"":9,""decoder"":""mwpf"",""decoder_type"":""SolverSerialJointSingleHair"",""p"":0.008,""p_erase"":0.0,""r"":27,""run_id"":""310d17c43a0b4c7b4cddac58dc5999da13b706985eb107267c12d661b860647c""}",
         2,         1,         0,    4.06,mwpf__3de0d8ba3d4f26a4aa47761089b54c7f9aa32f5bb30c252ef4ff9641d3422a8b,5f445648feac72d33661740427e68d0cd01752e4d0c5077c76ebd04073024775,"{""circuit"":""surface_code:rotated_memory_x"",""cluster_node_limit"":50,""d"":9,""decoder"":""mwpf"",""decoder_type"":""SolverSerialJointSingleHair"",""p"":0.01,""p_erase"":0.0,""r"":27,""run_id"":""6b89ea55942bd903fc9de7195a114f8fd81aba8225c2ead847c4f5ead4730f95""}",
         1,         0,         0,    12.7,mwpf__aa950e61247fa49b97ba2e4846e5caae67b7200469ac9849b5c1eac27c2911e5,6bf244f37b3a5b598d84faf3843f45f8452c9f3c0671cde50797820b706d88be,"{""circuit"":""surface_code:rotated_memory_x"",""cluster_node_limit"":50,""d"":9,""decoder"":""mwpf"",""decoder_type"":""SolverSerialJointSingleHair"",""p"":0.011,""p_erase"":0.0,""r"":27,""run_id"":""df8149f089fa2bb225048ada61fd134f48599de5ea86075a8cef94f27ba707b4""}",
         2,         2,         0,    6.14,mwpf__f4d39fc10386a89ff38f3d31b2e48ffe9d083a7fd716f793840309d01ff8379d,145c3dd4686f49e58233aad1f6cb32492657ff0053b40db3658e5aead9d622e0,"{""circuit"":""surface_code:rotated_memory_x"",""cluster_node_limit"":50,""d"":9,""decoder"":""mwpf"",""decoder_type"":""SolverSerialJointSingleHair"",""p"":0.009,""p_erase"":0.0,""r"":27,""run_id"":""ff21a10e786fdbe645e9c3fa60c001df4cfdc01991613b981a22f8f187b7f8c9""}",
         2,         0,         0,    3.08,mwpf__3de0d8ba3d4f26a4aa47761089b54c7f9aa32f5bb30c252ef4ff9641d3422a8b,5f445648feac72d33661740427e68d0cd01752e4d0c5077c76ebd04073024775,"{""circuit"":""surface_code:rotated_memory_x"",""cluster_node_limit"":50,""d"":9,""decoder"":""mwpf"",""decoder_type"":""SolverSerialJointSingleHair"",""p"":0.01,""p_erase"":0.0,""r"":27,""run_id"":""6b89ea55942bd903fc9de7195a114f8fd81aba8225c2ead847c4f5ead4730f95""}",
         1,         1,         0,    2.60,mwpf__aa950e61247fa49b97ba2e4846e5caae67b7200469ac9849b5c1eac27c2911e5,6bf244f37b3a5b598d84faf3843f45f8452c9f3c0671cde50797820b706d88be,"{""circuit"":""surface_code:rotated_memory_x"",""cluster_node_limit"":50,""d"":9,""decoder"":""mwpf"",""decoder_type"":""SolverSerialJointSingleHair"",""p"":0.011,""p_erase"":0.0,""r"":27,""run_id"":""df8149f089fa2bb225048ada61fd134f48599de5ea86075a8cef94f27ba707b4""}",
        22,         4,         0,    17.4,mwpf__3ebedd84177c526063d38deffdc5f7995e8b39297a4d2ab60991457e1c1f2bfa,d6945f43432daf14926073c1f216e0a7921b3342d8848e2c91499f36339ed255,"{""circuit"":""surface_code:rotated_memory_x"",""cluster_node_limit"":50,""d"":9,""decoder"":""mwpf"",""decoder_type"":""SolverSerialJointSingleHair"",""p"":0.0075,""p_erase"":0.0,""r"":27,""run_id"":""a04c9b7f2593f94d57dbede2cebf935e30e76acb0762bc8d6931f304cac92d86""}",
       767,         0,         0,    7.78,mwpf__6b20241fdef0bc50af7bc5beb4af9085525359ff7961438f1d6c14e7a40559fc,6497b989ace1f5c4a466377684ff9e6e71bf768cf2005e5b0935ab83dc325a4d,"{""circuit"":""surface_code:rotated_memory_x"",""cluster_node_limit"":50,""d"":9,""decoder"":""mwpf"",""decoder_type"":""SolverSerialJointSingleHair"",""p"":0.001,""p_erase"":0.0,""r"":27,""run_id"":""84219ea677c17ec3283ee1385a1d135bd22bd4da5f9bbb2cb86709e81fbe2de3""}",
         6,         2,         0,    11.9,mwpf__3de0d8ba3d4f26a4aa47761089b54c7f9aa32f5bb30c252ef4ff9641d3422a8b,5f445648feac72d33661740427e68d0cd01752e4d0c5077c76ebd04073024775,"{""circuit"":""surface_code:rotated_memory_x"",""cluster_node_limit"":50,""d"":9,""decoder"":""mwpf"",""decoder_type"":""SolverSerialJointSingleHair"",""p"":0.01,""p_erase"":0.0,""r"":27,""run_id"":""6b89ea55942bd903fc9de7195a114f8fd81aba8225c2ead847c4f5ead4730f95""}",
         2,         2,         0,    5.75,mwpf__f4d39fc10386a89ff38f3d31b2e48ffe9d083a7fd716f793840309d01ff8379d,145c3dd4686f49e58233aad1f6cb32492657ff0053b40db3658e5aead9d622e0,"{""circuit"":""surface_code:rotated_memory_x"",""cluster_node_limit"":50,""d"":9,""decoder"":""mwpf"",""decoder_type"":""SolverSerialJointSingleHair"",""p"":0.009,""p_erase"":0.0,""r"":27,""run_id"":""ff21a10e786fdbe645e9c3fa60c001df4cfdc01991613b981a22f8f187b7f8c9""}",
         1,         0,         0,   0.059,mwpf__e464f2d6feb4169bf921ee71c61a166fa54aa6d9fc8aafef9186d17a5b3157ce,ca032f963ae8b0a09b3c0575cc72c15f12738d5e31f7547119d853d406e651a6,"{""circuit"":""surface_code:rotated_memory_x"",""cluster_node_limit"":50,""d"":9,""decoder"":""mwpf"",""decoder_type"":""SolverSerialJointSingleHair"",""p"":0.004,""p_erase"":0.0,""r"":27,""run_id"":""dfa10e4705b239f568dc861208894c334d09727348aa108fce2bfa124564d3b8""}",
         1,         1,         0,    19.9,mwpf__aa950e61247fa49b97ba2e4846e5caae67b7200469ac9849b5c1eac27c2911e5,6bf244f37b3a5b598d84faf3843f45f8452c9f3c0671cde50797820b706d88be,"{""circuit"":""surface_code:rotated_memory_x"",""cluster_node_limit"":50,""d"":9,""decoder"":""mwpf"",""decoder_type"":""SolverSerialJointSingleHair"",""p"":0.011,""p_erase"":0.0,""r"":27,""run_id"":""df8149f089fa2bb225048ada61fd134f48599de5ea86075a8cef94f27ba707b4""}",
         8,         0,         0,    1.44,mwpf__e464f2d6feb4169bf921ee71c61a166fa54aa6d9fc8aafef9186d17a5b3157ce,ca032f963ae8b0a09b3c0575cc72c15f12738d5e31f7547119d853d406e651a6,"{""circuit"":""surface_code:rotated_memory_x"",""cluster_node_limit"":50,""d"":9,""decoder"":""mwpf"",""decoder_type"":""SolverSerialJointSingleHair"",""p"":0.004,""p_erase"":0.0,""r"":27,""run_id"":""dfa10e4705b239f568dc861208894c334d09727348aa108fce2bfa124564d3b8""}",
        43,         1,         0,    21.0,mwpf__72173c4f37fb755c0d039c1fdc4c2478d1514eecb0fb7246d38ee53f7f6c33de,450af0b6d793a26749cdbbc154715f1e957fa6a1de50ad294d57a2e56e8faa68,"{""circuit"":""surface_code:rotated_memory_x"",""cluster_node_limit"":50,""d"":9,""decoder"":""mwpf"",""decoder_type"":""SolverSerialJointSingleHair"",""p"":0.0065,""p_erase"":0.0,""r"":27,""run_id"":""d97729197ec9a9cc3beb7b4105ee96f26b6723caa81371ab95a553fce7788c2e""}",
         4,         1,         0,    1.26,mwpf__e464f2d6feb4169bf921ee71c61a166fa54aa6d9fc8aafef9186d17a5b3157ce,ca032f963ae8b0a09b3c0575cc72c15f12738d5e31f7547119d853d406e651a6,"{""circuit"":""surface_code:rotated_memory_x"",""cluster_node_limit"":50,""d"":9,""decoder"":""mwpf"",""decoder_type"":""SolverSerialJointSingleHair"",""p"":0.004,""p_erase"":0.0,""r"":27,""run_id"":""dfa10e4705b239f568dc861208894c334d09727348aa108fce2bfa124564d3b8""}",
         4,         0,         0,   0.556,mwpf__e464f2d6feb4169bf921ee71c61a166fa54aa6d9fc8aafef9186d17a5b3157ce,ca032f963ae8b0a09b3c0575cc72c15f12738d5e31f7547119d853d406e651a6,"{""circuit"":""surface_code:rotated_memory_x"",""cluster_node_limit"":50,""d"":9,""decoder"":""mwpf"",""decoder_type"":""SolverSerialJointSingleHair"",""p"":0.004,""p_erase"":0.0,""r"":27,""run_id"":""dfa10e4705b239f568dc861208894c334d09727348aa108fce2bfa124564d3b8""}",
         2,         2,         0,    8.04,mwpf__3de0d8ba3d4f26a4aa47761089b54c7f9aa32f5bb30c252ef4ff9641d3422a8b,5f445648feac72d33661740427e68d0cd01752e4d0c5077c76ebd04073024775,"{""circuit"":""surface_code:rotated_memory_x"",""cluster_node_limit"":50,""d"":9,""decoder"":""mwpf"",""decoder_type"":""SolverSerialJointSingleHair"",""p"":0.01,""p_erase"":0.0,""r"":27,""run_id"":""6b89ea55942bd903fc9de7195a114f8fd81aba8225c2ead847c4f5ead4730f95""}",
         4,         0,         0,    1.11,mwpf__e464f2d6feb4169bf921ee71c61a166fa54aa6d9fc8aafef9186d17a5b3157ce,ca032f963ae8b0a09b3c0575cc72c15f12738d5e31f7547119d853d406e651a6,"{""circuit"":""surface_code:rotated_memory_x"",""cluster_node_limit"":50,""d"":9,""decoder"":""mwpf"",""decoder_type"":""SolverSerialJointSingleHair"",""p"":0.004,""p_erase"":0.0,""r"":27,""run_id"":""dfa10e4705b239f568dc861208894c334d09727348aa108fce2bfa124564d3b8""}",
         4,         0,         0,   0.363,mwpf__e464f2d6feb4169bf921ee71c61a166fa54aa6d9fc8aafef9186d17a5b3157ce,ca032f963ae8b0a09b3c0575cc72c15f12738d5e31f7547119d853d406e651a6,"{""circuit"":""surface_code:rotated_memory_x"",""cluster_node_limit"":50,""d"":9,""decoder"":""mwpf"",""decoder_type"":""SolverSerialJointSingleHair"",""p"":0.004,""p_erase"":0.0,""r"":27,""run_id"":""dfa10e4705b239f568dc861208894c334d09727348aa108fce2bfa124564d3b8""}",
         6,         3,         0,    5.72,mwpf__f4d39fc10386a89ff38f3d31b2e48ffe9d083a7fd716f793840309d01ff8379d,145c3dd4686f49e58233aad1f6cb32492657ff0053b40db3658e5aead9d622e0,"{""circuit"":""surface_code:rotated_memory_x"",""cluster_node_limit"":50,""d"":9,""decoder"":""mwpf"",""decoder_type"":""SolverSerialJointSingleHair"",""p"":0.009,""p_erase"":0.0,""r"":27,""run_id"":""ff21a10e786fdbe645e9c3fa60c001df4cfdc01991613b981a22f8f187b7f8c9""}",
         4,         0,         0,    1.06,mwpf__e464f2d6feb4169bf921ee71c61a166fa54aa6d9fc8aafef9186d17a5b3157ce,ca032f963ae8b0a09b3c0575cc72c15f12738d5e31f7547119d853d406e651a6,"{""circuit"":""surface_code:rotated_memory_x"",""cluster_node_limit"":50,""d"":9,""decoder"":""mwpf"",""decoder_type"":""SolverSerialJointSingleHair"",""p"":0.004,""p_erase"":0.0,""r"":27,""run_id"":""dfa10e4705b239f568dc861208894c334d09727348aa108fce2bfa124564d3b8""}",
         4,         0,         0,   0.806,mwpf__e464f2d6feb4169bf921ee71c61a166fa54aa6d9fc8aafef9186d17a5b3157ce,ca032f963ae8b0a09b3c0575cc72c15f12738d5e31f7547119d853d406e651a6,"{""circuit"":""surface_code:rotated_memory_x"",""cluster_node_limit"":50,""d"":9,""decoder"":""mwpf"",""decoder_type"":""SolverSerialJointSingleHair"",""p"":0.004,""p_erase"":0.0,""r"":27,""run_id"":""dfa10e4705b239f568dc861208894c334d09727348aa108fce2bfa124564d3b8""}",
         3,         0,         0,    11.1,mwpf__aa950e61247fa49b97ba2e4846e5caae67b7200469ac9849b5c1eac27c2911e5,6bf244f37b3a5b598d84faf3843f45f8452c9f3c0671cde50797820b706d88be,"{""circuit"":""surface_code:rotated_memory_x"",""cluster_node_limit"":50,""d"":9,""decoder"":""mwpf"",""decoder_type"":""SolverSerialJointSingleHair"",""p"":0.011,""p_erase"":0.0,""r"":27,""run_id"":""df8149f089fa2bb225048ada61fd134f48599de5ea86075a8cef94f27ba707b4""}",
         4,         0,         0,   0.481,mwpf__e464f2d6feb4169bf921ee71c61a166fa54aa6d9fc8aafef9186d17a5b3157ce,ca032f963ae8b0a09b3c0575cc72c15f12738d5e31f7547119d853d406e651a6,"{""circuit"":""surface_code:rotated_memory_x"",""cluster_node_limit"":50,""d"":9,""decoder"":""mwpf"",""decoder_type"":""SolverSerialJointSingleHair"",""p"":0.004,""p_erase"":0.0,""r"":27,""run_id"":""dfa10e4705b239f568dc861208894c334d09727348aa108fce2bfa124564d3b8""}",
         4,         0,         0,   0.811,mwpf__e464f2d6feb4169bf921ee71c61a166fa54aa6d9fc8aafef9186d17a5b3157ce,ca032f963ae8b0a09b3c0575cc72c15f12738d5e31f7547119d853d406e651a6,"{""circuit"":""surface_code:rotated_memory_x"",""cluster_node_limit"":50,""d"":9,""decoder"":""mwpf"",""decoder_type"":""SolverSerialJointSingleHair"",""p"":0.004,""p_erase"":0.0,""r"":27,""run_id"":""dfa10e4705b239f568dc861208894c334d09727348aa108fce2bfa124564d3b8""}",
         1,         0,         0,    6.80,mwpf__aa950e61247fa49b97ba2e4846e5caae67b7200469ac9849b5c1eac27c2911e5,6bf244f37b3a5b598d84faf3843f45f8452c9f3c0671cde50797820b706d88be,"{""circuit"":""surface_code:rotated_memory_x"",""cluster_node_limit"":50,""d"":9,""decoder"":""mwpf"",""decoder_type"":""SolverSerialJointSingleHair"",""p"":0.011,""p_erase"":0.0,""r"":27,""run_id"":""df8149f089fa2bb225048ada61fd134f48599de5ea86075a8cef94f27ba707b4""}",
        15,         1,         0,    17.3,mwpf__8c0dee3b72490cd99940eb344db6dd047bfda29afb5b61597b97539b079c72d8,4a9c64a159c68bbef2b1487bd9ce846f6fd4e451c6f28d2659bf00c12820cdb9,"{""circuit"":""surface_code:rotated_memory_x"",""cluster_node_limit"":50,""d"":9,""decoder"":""mwpf"",""decoder_type"":""SolverSerialJointSingleHair"",""p"":0.008,""p_erase"":0.0,""r"":27,""run_id"":""310d17c43a0b4c7b4cddac58dc5999da13b706985eb107267c12d661b860647c""}",
        12,         0,         0,    1.42,mwpf__e464f2d6feb4169bf921ee71c61a166fa54aa6d9fc8aafef9186d17a5b3157ce,ca032f963ae8b0a09b3c0575cc72c15f12738d5e31f7547119d853d406e651a6,"{""circuit"":""surface_code:rotated_memory_x"",""cluster_node_limit"":50,""d"":9,""decoder"":""mwpf"",""decoder_type"":""SolverSerialJointSingleHair"",""p"":0.004,""p_erase"":0.0,""r"":27,""run_id"":""dfa10e4705b239f568dc861208894c334d09727348aa108fce2bfa124564d3b8""}",
         8,         0,         0,    1.34,mwpf__e464f2d6feb4169bf921ee71c61a166fa54aa6d9fc8aafef9186d17a5b3157ce,ca032f963ae8b0a09b3c0575cc72c15f12738d5e31f7547119d853d406e651a6,"{""circuit"":""surface_code:rotated_memory_x"",""cluster_node_limit"":50,""d"":9,""decoder"":""mwpf"",""decoder_type"":""SolverSerialJointSingleHair"",""p"":0.004,""p_erase"":0.0,""r"":27,""run_id"":""dfa10e4705b239f568dc861208894c334d09727348aa108fce2bfa124564d3b8""}",
         8,         0,         0,   0.883,mwpf__e464f2d6feb4169bf921ee71c61a166fa54aa6d9fc8aafef9186d17a5b3157ce,ca032f963ae8b0a09b3c0575cc72c15f12738d5e31f7547119d853d406e651a6,"{""circuit"":""surface_code:rotated_memory_x"",""cluster_node_limit"":50,""d"":9,""decoder"":""mwpf"",""decoder_type"":""SolverSerialJointSingleHair"",""p"":0.004,""p_erase"":0.0,""r"":27,""run_id"":""dfa10e4705b239f568dc861208894c334d09727348aa108fce2bfa124564d3b8""}",
         4,         0,         0,   0.922,mwpf__e464f2d6feb4169bf921ee71c61a166fa54aa6d9fc8aafef9186d17a5b3157ce,ca032f963ae8b0a09b3c0575cc72c15f12738d5e31f7547119d853d406e651a6,"{""circuit"":""surface_code:rotated_memory_x"",""cluster_node_limit"":50,""d"":9,""decoder"":""mwpf"",""decoder_type"":""SolverSerialJointSingleHair"",""p"":0.004,""p_erase"":0.0,""r"":27,""run_id"":""dfa10e4705b239f568dc861208894c334d09727348aa108fce2bfa124564d3b8""}",
        68,         0,         0,    23.2,mwpf__6ed5ff748543711e5cd7b4f80c85e8a4facd73595b09b8e8c91b2fc6ea7bca87,86079d2dde882a1b36fdb0f0be90ce0bc9b3fcb68ef79806912138a3e1eefab5,"{""circuit"":""surface_code:rotated_memory_x"",""cluster_node_limit"":50,""d"":9,""decoder"":""mwpf"",""decoder_type"":""SolverSerialJointSingleHair"",""p"":0.006,""p_erase"":0.0,""r"":27,""run_id"":""4cab9b35185258cd2ab7f1806b7c3d16a626fa96dd58cd5907dd5e222a7a9d91""}",
         5,         1,         0,    7.54,mwpf__f4d39fc10386a89ff38f3d31b2e48ffe9d083a7fd716f793840309d01ff8379d,145c3dd4686f49e58233aad1f6cb32492657ff0053b40db3658e5aead9d622e0,"{""circuit"":""surface_code:rotated_memory_x"",""cluster_node_limit"":50,""d"":9,""decoder"":""mwpf"",""decoder_type"":""SolverSerialJointSingleHair"",""p"":0.009,""p_erase"":0.0,""r"":27,""run_id"":""ff21a10e786fdbe645e9c3fa60c001df4cfdc01991613b981a22f8f187b7f8c9""}",
        41,         1,         0,    23.4,mwpf__a84eaf4abfe907a932c6015e39161f585dcfce91bfc28e37cdd0de963adf1257,5fb873a54f64183f4b432d7c791ff695e3a9b1308a353e686213ee85b5bf073c,"{""circuit"":""surface_code:rotated_memory_x"",""cluster_node_limit"":50,""d"":9,""decoder"":""mwpf"",""decoder_type"":""SolverSerialJointSingleHair"",""p"":0.007,""p_erase"":0.0,""r"":27,""run_id"":""f720d5971f43fd95a6eb87f1b71bf149134828490d7e52580da913a2fa024f7c""}",
        88,         0,         0,    23.2,mwpf__c15b7bb0ff0012f0b948662426ce893e94240819d364bcf73c902cabc84cd33e,4836a6256ec9cf7d274b38aed4c7b7454299c87c216c6edd3ffabc406f995116,"{""circuit"":""surface_code:rotated_memory_x"",""cluster_node_limit"":50,""d"":9,""decoder"":""mwpf"",""decoder_type"":""SolverSerialJointSingleHair"",""p"":0.005,""p_erase"":0.0,""r"":27,""run_id"":""46b35d0fc399f4bd986b261367f981aff72f4db7f9e3eaf11f0fa2338e3ec458""}",
        20,         0,         0,    3.09,mwpf__e464f2d6feb4169bf921ee71c61a166fa54aa6d9fc8aafef9186d17a5b3157ce,ca032f963ae8b0a09b3c0575cc72c15f12738d5e31f7547119d853d406e651a6,"{""circuit"":""surface_code:rotated_memory_x"",""cluster_node_limit"":50,""d"":9,""decoder"":""mwpf"",""decoder_type"":""SolverSerialJointSingleHair"",""p"":0.004,""p_erase"":0.0,""r"":27,""run_id"":""dfa10e4705b239f568dc861208894c334d09727348aa108fce2bfa124564d3b8""}",
         2,         0,         0,    7.70,mwpf__aa950e61247fa49b97ba2e4846e5caae67b7200469ac9849b5c1eac27c2911e5,6bf244f37b3a5b598d84faf3843f45f8452c9f3c0671cde50797820b706d88be,"{""circuit"":""surface_code:rotated_memory_x"",""cluster_node_limit"":50,""d"":9,""decoder"":""mwpf"",""decoder_type"":""SolverSerialJointSingleHair"",""p"":0.011,""p_erase"":0.0,""r"":27,""run_id"":""df8149f089fa2bb225048ada61fd134f48599de5ea86075a8cef94f27ba707b4""}",
       128,         0,         0,    25.3,mwpf__e464f2d6feb4169bf921ee71c61a166fa54aa6d9fc8aafef9186d17a5b3157ce,ca032f963ae8b0a09b3c0575cc72c15f12738d5e31f7547119d853d406e651a6,"{""circuit"":""surface_code:rotated_memory_x"",""cluster_node_limit"":50,""d"":9,""decoder"":""mwpf"",""decoder_type"":""SolverSerialJointSingleHair"",""p"":0.004,""p_erase"":0.0,""r"":27,""run_id"":""dfa10e4705b239f568dc861208894c334d09727348aa108fce2bfa124564d3b8""}",
         1,         0,         0,    9.61,mwpf__aa950e61247fa49b97ba2e4846e5caae67b7200469ac9849b5c1eac27c2911e5,6bf244f37b3a5b598d84faf3843f45f8452c9f3c0671cde50797820b706d88be,"{""circuit"":""surface_code:rotated_memory_x"",""cluster_node_limit"":50,""d"":9,""decoder"":""mwpf"",""decoder_type"":""SolverSerialJointSingleHair"",""p"":0.011,""p_erase"":0.0,""r"":27,""run_id"":""df8149f089fa2bb225048ada61fd134f48599de5ea86075a8cef94f27ba707b4""}",
         5,         1,         0,    14.2,mwpf__3de0d8ba3d4f26a4aa47761089b54c7f9aa32f5bb30c252ef4ff9641d3422a8b,5f445648feac72d33661740427e68d0cd01752e4d0c5077c76ebd04073024775,"{""circuit"":""surface_code:rotated_memory_x"",""cluster_node_limit"":50,""d"":9,""decoder"":""mwpf"",""decoder_type"":""SolverSerialJointSingleHair"",""p"":0.01,""p_erase"":0.0,""r"":27,""run_id"":""6b89ea55942bd903fc9de7195a114f8fd81aba8225c2ead847c4f5ead4730f95""}",
        16,         0,         0,    2.61,mwpf__e464f2d6feb4169bf921ee71c61a166fa54aa6d9fc8aafef9186d17a5b3157ce,ca032f963ae8b0a09b3c0575cc72c15f12738d5e31f7547119d853d406e651a6,"{""circuit"":""surface_code:rotated_memory_x"",""cluster_node_limit"":50,""d"":9,""decoder"":""mwpf"",""decoder_type"":""SolverSerialJointSingleHair"",""p"":0.004,""p_erase"":0.0,""r"":27,""run_id"":""dfa10e4705b239f568dc861208894c334d09727348aa108fce2bfa124564d3b8""}",
        42,         7,         0,    23.2,mwpf__3ebedd84177c526063d38deffdc5f7995e8b39297a4d2ab60991457e1c1f2bfa,d6945f43432daf14926073c1f216e0a7921b3342d8848e2c91499f36339ed255,"{""circuit"":""surface_code:rotated_memory_x"",""cluster_node_limit"":50,""d"":9,""decoder"":""mwpf"",""decoder_type"":""SolverSerialJointSingleHair"",""p"":0.0075,""p_erase"":0.0,""r"":27,""run_id"":""a04c9b7f2593f94d57dbede2cebf935e30e76acb0762bc8d6931f304cac92d86""}",
         6,         1,         0,    39.2,mwpf__f4d39fc10386a89ff38f3d31b2e48ffe9d083a7fd716f793840309d01ff8379d,145c3dd4686f49e58233aad1f6cb32492657ff0053b40db3658e5aead9d622e0,"{""circuit"":""surface_code:rotated_memory_x"",""cluster_node_limit"":50,""d"":9,""decoder"":""mwpf"",""decoder_type"":""SolverSerialJointSingleHair"",""p"":0.009,""p_erase"":0.0,""r"":27,""run_id"":""ff21a10e786fdbe645e9c3fa60c001df4cfdc01991613b981a22f8f187b7f8c9""}",
        28,         0,         0,    3.27,mwpf__e464f2d6feb4169bf921ee71c61a166fa54aa6d9fc8aafef9186d17a5b3157ce,ca032f963ae8b0a09b3c0575cc72c15f12738d5e31f7547119d853d406e651a6,"{""circuit"":""surface_code:rotated_memory_x"",""cluster_node_limit"":50,""d"":9,""decoder"":""mwpf"",""decoder_type"":""SolverSerialJointSingleHair"",""p"":0.004,""p_erase"":0.0,""r"":27,""run_id"":""dfa10e4705b239f568dc861208894c334d09727348aa108fce2bfa124564d3b8""}",
         8,         1,         0,    8.45,mwpf__f4d39fc10386a89ff38f3d31b2e48ffe9d083a7fd716f793840309d01ff8379d,145c3dd4686f49e58233aad1f6cb32492657ff0053b40db3658e5aead9d622e0,"{""circuit"":""surface_code:rotated_memory_x"",""cluster_node_limit"":50,""d"":9,""decoder"":""mwpf"",""decoder_type"":""SolverSerialJointSingleHair"",""p"":0.009,""p_erase"":0.0,""r"":27,""run_id"":""ff21a10e786fdbe645e9c3fa60c001df4cfdc01991613b981a22f8f187b7f8c9""}",
         1,         0,         0,    6.66,mwpf__3de0d8ba3d4f26a4aa47761089b54c7f9aa32f5bb30c252ef4ff9641d3422a8b,5f445648feac72d33661740427e68d0cd01752e4d0c5077c76ebd04073024775,"{""circuit"":""surface_code:rotated_memory_x"",""cluster_node_limit"":50,""d"":9,""decoder"":""mwpf"",""decoder_type"":""SolverSerialJointSingleHair"",""p"":0.01,""p_erase"":0.0,""r"":27,""run_id"":""6b89ea55942bd903fc9de7195a114f8fd81aba8225c2ead847c4f5ead4730f95""}",
        16,         0,         0,    3.24,mwpf__e464f2d6feb4169bf921ee71c61a166fa54aa6d9fc8aafef9186d17a5b3157ce,ca032f963ae8b0a09b3c0575cc72c15f12738d5e31f7547119d853d406e651a6,"{""circuit"":""surface_code:rotated_memory_x"",""cluster_node_limit"":50,""d"":9,""decoder"":""mwpf"",""decoder_type"":""SolverSerialJointSingleHair"",""p"":0.004,""p_erase"":0.0,""r"":27,""run_id"":""dfa10e4705b239f568dc861208894c334d09727348aa108fce2bfa124564d3b8""}",
         1,         1,         0,    9.28,mwpf__aa950e61247fa49b97ba2e4846e5caae67b7200469ac9849b5c1eac27c2911e5,6bf244f37b3a5b598d84faf3843f45f8452c9f3c0671cde50797820b706d88be,"{""circuit"":""surface_code:rotated_memory_x"",""cluster_node_limit"":50,""d"":9,""decoder"":""mwpf"",""decoder_type"":""SolverSerialJointSingleHair"",""p"":0.011,""p_erase"":0.0,""r"":27,""run_id"":""df8149f089fa2bb225048ada61fd134f48599de5ea86075a8cef94f27ba707b4""}",
        49,         2,         0,    23.4,mwpf__72173c4f37fb755c0d039c1fdc4c2478d1514eecb0fb7246d38ee53f7f6c33de,450af0b6d793a26749cdbbc154715f1e957fa6a1de50ad294d57a2e56e8faa68,"{""circuit"":""surface_code:rotated_memory_x"",""cluster_node_limit"":50,""d"":9,""decoder"":""mwpf"",""decoder_type"":""SolverSerialJointSingleHair"",""p"":0.0065,""p_erase"":0.0,""r"":27,""run_id"":""d97729197ec9a9cc3beb7b4105ee96f26b6723caa81371ab95a553fce7788c2e""}",
         5,         3,         0,    29.1,mwpf__3de0d8ba3d4f26a4aa47761089b54c7f9aa32f5bb30c252ef4ff9641d3422a8b,5f445648feac72d33661740427e68d0cd01752e4d0c5077c76ebd04073024775,"{""circuit"":""surface_code:rotated_memory_x"",""cluster_node_limit"":50,""d"":9,""decoder"":""mwpf"",""decoder_type"":""SolverSerialJointSingleHair"",""p"":0.01,""p_erase"":0.0,""r"":27,""run_id"":""6b89ea55942bd903fc9de7195a114f8fd81aba8225c2ead847c4f5ead4730f95""}",
        32,         0,         0,    4.30,mwpf__e464f2d6feb4169bf921ee71c61a166fa54aa6d9fc8aafef9186d17a5b3157ce,ca032f963ae8b0a09b3c0575cc72c15f12738d5e31f7547119d853d406e651a6,"{""circuit"":""surface_code:rotated_memory_x"",""cluster_node_limit"":50,""d"":9,""decoder"":""mwpf"",""decoder_type"":""SolverSerialJointSingleHair"",""p"":0.004,""p_erase"":0.0,""r"":27,""run_id"":""dfa10e4705b239f568dc861208894c334d09727348aa108fce2bfa124564d3b8""}",
        21,         5,         0,    23.4,mwpf__8c0dee3b72490cd99940eb344db6dd047bfda29afb5b61597b97539b079c72d8,4a9c64a159c68bbef2b1487bd9ce846f6fd4e451c6f28d2659bf00c12820cdb9,"{""circuit"":""surface_code:rotated_memory_x"",""cluster_node_limit"":50,""d"":9,""decoder"":""mwpf"",""decoder_type"":""SolverSerialJointSingleHair"",""p"":0.008,""p_erase"":0.0,""r"":27,""run_id"":""310d17c43a0b4c7b4cddac58dc5999da13b706985eb107267c12d661b860647c""}",
         1,         0,         0,    7.78,mwpf__aa950e61247fa49b97ba2e4846e5caae67b7200469ac9849b5c1eac27c2911e5,6bf244f37b3a5b598d84faf3843f45f8452c9f3c0671cde50797820b706d88be,"{""circuit"":""surface_code:rotated_memory_x"",""cluster_node_limit"":50,""d"":9,""decoder"":""mwpf"",""decoder_type"":""SolverSerialJointSingleHair"",""p"":0.011,""p_erase"":0.0,""r"":27,""run_id"":""df8149f089fa2bb225048ada61fd134f48599de5ea86075a8cef94f27ba707b4""}",
         6,         0,         0,    9.92,mwpf__3de0d8ba3d4f26a4aa47761089b54c7f9aa32f5bb30c252ef4ff9641d3422a8b,5f445648feac72d33661740427e68d0cd01752e4d0c5077c76ebd04073024775,"{""circuit"":""surface_code:rotated_memory_x"",""cluster_node_limit"":50,""d"":9,""decoder"":""mwpf"",""decoder_type"":""SolverSerialJointSingleHair"",""p"":0.01,""p_erase"":0.0,""r"":27,""run_id"":""6b89ea55942bd903fc9de7195a114f8fd81aba8225c2ead847c4f5ead4730f95""}",
        64,         1,         0,    7.40,mwpf__e464f2d6feb4169bf921ee71c61a166fa54aa6d9fc8aafef9186d17a5b3157ce,ca032f963ae8b0a09b3c0575cc72c15f12738d5e31f7547119d853d406e651a6,"{""circuit"":""surface_code:rotated_memory_x"",""cluster_node_limit"":50,""d"":9,""decoder"":""mwpf"",""decoder_type"":""SolverSerialJointSingleHair"",""p"":0.004,""p_erase"":0.0,""r"":27,""run_id"":""dfa10e4705b239f568dc861208894c334d09727348aa108fce2bfa124564d3b8""}",
         1,         0,         0,    22.6,mwpf__aa950e61247fa49b97ba2e4846e5caae67b7200469ac9849b5c1eac27c2911e5,6bf244f37b3a5b598d84faf3843f45f8452c9f3c0671cde50797820b706d88be,"{""circuit"":""surface_code:rotated_memory_x"",""cluster_node_limit"":50,""d"":9,""decoder"":""mwpf"",""decoder_type"":""SolverSerialJointSingleHair"",""p"":0.011,""p_erase"":0.0,""r"":27,""run_id"":""df8149f089fa2bb225048ada61fd134f48599de5ea86075a8cef94f27ba707b4""}",
         5,         3,         0,    19.4,mwpf__f4d39fc10386a89ff38f3d31b2e48ffe9d083a7fd716f793840309d01ff8379d,145c3dd4686f49e58233aad1f6cb32492657ff0053b40db3658e5aead9d622e0,"{""circuit"":""surface_code:rotated_memory_x"",""cluster_node_limit"":50,""d"":9,""decoder"":""mwpf"",""decoder_type"":""SolverSerialJointSingleHair"",""p"":0.009,""p_erase"":0.0,""r"":27,""run_id"":""ff21a10e786fdbe645e9c3fa60c001df4cfdc01991613b981a22f8f187b7f8c9""}",
         1,         1,         0,    11.2,mwpf__aa950e61247fa49b97ba2e4846e5caae67b7200469ac9849b5c1eac27c2911e5,6bf244f37b3a5b598d84faf3843f45f8452c9f3c0671cde50797820b706d88be,"{""circuit"":""surface_code:rotated_memory_x"",""cluster_node_limit"":50,""d"":9,""decoder"":""mwpf"",""decoder_type"":""SolverSerialJointSingleHair"",""p"":0.011,""p_erase"":0.0,""r"":27,""run_id"":""df8149f089fa2bb225048ada61fd134f48599de5ea86075a8cef94f27ba707b4""}",
        64,         0,         0,    8.47,mwpf__e464f2d6feb4169bf921ee71c61a166fa54aa6d9fc8aafef9186d17a5b3157ce,ca032f963ae8b0a09b3c0575cc72c15f12738d5e31f7547119d853d406e651a6,"{""circuit"":""surface_code:rotated_memory_x"",""cluster_node_limit"":50,""d"":9,""decoder"":""mwpf"",""decoder_type"":""SolverSerialJointSingleHair"",""p"":0.004,""p_erase"":0.0,""r"":27,""run_id"":""dfa10e4705b239f568dc861208894c334d09727348aa108fce2bfa124564d3b8""}",
        15,         1,         0,    25.5,mwpf__f4d39fc10386a89ff38f3d31b2e48ffe9d083a7fd716f793840309d01ff8379d,145c3dd4686f49e58233aad1f6cb32492657ff0053b40db3658e5aead9d622e0,"{""circuit"":""surface_code:rotated_memory_x"",""cluster_node_limit"":50,""d"":9,""decoder"":""mwpf"",""decoder_type"":""SolverSerialJointSingleHair"",""p"":0.009,""p_erase"":0.0,""r"":27,""run_id"":""ff21a10e786fdbe645e9c3fa60c001df4cfdc01991613b981a22f8f187b7f8c9""}",
       126,         4,         0,    32.5,mwpf__c15b7bb0ff0012f0b948662426ce893e94240819d364bcf73c902cabc84cd33e,4836a6256ec9cf7d274b38aed4c7b7454299c87c216c6edd3ffabc406f995116,"{""circuit"":""surface_code:rotated_memory_x"",""cluster_node_limit"":50,""d"":9,""decoder"":""mwpf"",""decoder_type"":""SolverSerialJointSingleHair"",""p"":0.005,""p_erase"":0.0,""r"":27,""run_id"":""46b35d0fc399f4bd986b261367f981aff72f4db7f9e3eaf11f0fa2338e3ec458""}",
        89,         4,         0,    33.3,mwpf__6ed5ff748543711e5cd7b4f80c85e8a4facd73595b09b8e8c91b2fc6ea7bca87,86079d2dde882a1b36fdb0f0be90ce0bc9b3fcb68ef79806912138a3e1eefab5,"{""circuit"":""surface_code:rotated_memory_x"",""cluster_node_limit"":50,""d"":9,""decoder"":""mwpf"",""decoder_type"":""SolverSerialJointSingleHair"",""p"":0.006,""p_erase"":0.0,""r"":27,""run_id"":""4cab9b35185258cd2ab7f1806b7c3d16a626fa96dd58cd5907dd5e222a7a9d91""}",
         5,         2,         0,    12.2,mwpf__3de0d8ba3d4f26a4aa47761089b54c7f9aa32f5bb30c252ef4ff9641d3422a8b,5f445648feac72d33661740427e68d0cd01752e4d0c5077c76ebd04073024775,"{""circuit"":""surface_code:rotated_memory_x"",""cluster_node_limit"":50,""d"":9,""decoder"":""mwpf"",""decoder_type"":""SolverSerialJointSingleHair"",""p"":0.01,""p_erase"":0.0,""r"":27,""run_id"":""6b89ea55942bd903fc9de7195a114f8fd81aba8225c2ead847c4f5ead4730f95""}",
        43,        10,         0,    33.4,mwpf__a84eaf4abfe907a932c6015e39161f585dcfce91bfc28e37cdd0de963adf1257,5fb873a54f64183f4b432d7c791ff695e3a9b1308a353e686213ee85b5bf073c,"{""circuit"":""surface_code:rotated_memory_x"",""cluster_node_limit"":50,""d"":9,""decoder"":""mwpf"",""decoder_type"":""SolverSerialJointSingleHair"",""p"":0.007,""p_erase"":0.0,""r"":27,""run_id"":""f720d5971f43fd95a6eb87f1b71bf149134828490d7e52580da913a2fa024f7c""}",
       190,         1,         0,    32.3,mwpf__e464f2d6feb4169bf921ee71c61a166fa54aa6d9fc8aafef9186d17a5b3157ce,ca032f963ae8b0a09b3c0575cc72c15f12738d5e31f7547119d853d406e651a6,"{""circuit"":""surface_code:rotated_memory_x"",""cluster_node_limit"":50,""d"":9,""decoder"":""mwpf"",""decoder_type"":""SolverSerialJointSingleHair"",""p"":0.004,""p_erase"":0.0,""r"":27,""run_id"":""dfa10e4705b239f568dc861208894c334d09727348aa108fce2bfa124564d3b8""}",
        41,         7,         0,    32.3,mwpf__3ebedd84177c526063d38deffdc5f7995e8b39297a4d2ab60991457e1c1f2bfa,d6945f43432daf14926073c1f216e0a7921b3342d8848e2c91499f36339ed255,"{""circuit"":""surface_code:rotated_memory_x"",""cluster_node_limit"":50,""d"":9,""decoder"":""mwpf"",""decoder_type"":""SolverSerialJointSingleHair"",""p"":0.0075,""p_erase"":0.0,""r"":27,""run_id"":""a04c9b7f2593f94d57dbede2cebf935e30e76acb0762bc8d6931f304cac92d86""}",
         4,         1,         0,    12.4,mwpf__aa950e61247fa49b97ba2e4846e5caae67b7200469ac9849b5c1eac27c2911e5,6bf244f37b3a5b598d84faf3843f45f8452c9f3c0671cde50797820b706d88be,"{""circuit"":""surface_code:rotated_memory_x"",""cluster_node_limit"":50,""d"":9,""decoder"":""mwpf"",""decoder_type"":""SolverSerialJointSingleHair"",""p"":0.011,""p_erase"":0.0,""r"":27,""run_id"":""df8149f089fa2bb225048ada61fd134f48599de5ea86075a8cef94f27ba707b4""}",
        14,         1,         0,    17.1,mwpf__f4d39fc10386a89ff38f3d31b2e48ffe9d083a7fd716f793840309d01ff8379d,145c3dd4686f49e58233aad1f6cb32492657ff0053b40db3658e5aead9d622e0,"{""circuit"":""surface_code:rotated_memory_x"",""cluster_node_limit"":50,""d"":9,""decoder"":""mwpf"",""decoder_type"":""SolverSerialJointSingleHair"",""p"":0.009,""p_erase"":0.0,""r"":27,""run_id"":""ff21a10e786fdbe645e9c3fa60c001df4cfdc01991613b981a22f8f187b7f8c9""}",
        84,         0,         0,    13.6,mwpf__e464f2d6feb4169bf921ee71c61a166fa54aa6d9fc8aafef9186d17a5b3157ce,ca032f963ae8b0a09b3c0575cc72c15f12738d5e31f7547119d853d406e651a6,"{""circuit"":""surface_code:rotated_memory_x"",""cluster_node_limit"":50,""d"":9,""decoder"":""mwpf"",""decoder_type"":""SolverSerialJointSingleHair"",""p"":0.004,""p_erase"":0.0,""r"":27,""run_id"":""dfa10e4705b239f568dc861208894c334d09727348aa108fce2bfa124564d3b8""}",
        78,         3,         0,    32.9,mwpf__72173c4f37fb755c0d039c1fdc4c2478d1514eecb0fb7246d38ee53f7f6c33de,450af0b6d793a26749cdbbc154715f1e957fa6a1de50ad294d57a2e56e8faa68,"{""circuit"":""surface_code:rotated_memory_x"",""cluster_node_limit"":50,""d"":9,""decoder"":""mwpf"",""decoder_type"":""SolverSerialJointSingleHair"",""p"":0.0065,""p_erase"":0.0,""r"":27,""run_id"":""d97729197ec9a9cc3beb7b4105ee96f26b6723caa81371ab95a553fce7788c2e""}",
         9,         3,         0,    17.1,mwpf__3de0d8ba3d4f26a4aa47761089b54c7f9aa32f5bb30c252ef4ff9641d3422a8b,5f445648feac72d33661740427e68d0cd01752e4d0c5077c76ebd04073024775,"{""circuit"":""surface_code:rotated_memory_x"",""cluster_node_limit"":50,""d"":9,""decoder"":""mwpf"",""decoder_type"":""SolverSerialJointSingleHair"",""p"":0.01,""p_erase"":0.0,""r"":27,""run_id"":""6b89ea55942bd903fc9de7195a114f8fd81aba8225c2ead847c4f5ead4730f95""}",
        45,         4,         0,    32.4,mwpf__8c0dee3b72490cd99940eb344db6dd047bfda29afb5b61597b97539b079c72d8,4a9c64a159c68bbef2b1487bd9ce846f6fd4e451c6f28d2659bf00c12820cdb9,"{""circuit"":""surface_code:rotated_memory_x"",""cluster_node_limit"":50,""d"":9,""decoder"":""mwpf"",""decoder_type"":""SolverSerialJointSingleHair"",""p"":0.008,""p_erase"":0.0,""r"":27,""run_id"":""310d17c43a0b4c7b4cddac58dc5999da13b706985eb107267c12d661b860647c""}",
         2,         0,         0,    26.0,mwpf__aa950e61247fa49b97ba2e4846e5caae67b7200469ac9849b5c1eac27c2911e5,6bf244f37b3a5b598d84faf3843f45f8452c9f3c0671cde50797820b706d88be,"{""circuit"":""surface_code:rotated_memory_x"",""cluster_node_limit"":50,""d"":9,""decoder"":""mwpf"",""decoder_type"":""SolverSerialJointSingleHair"",""p"":0.011,""p_erase"":0.0,""r"":27,""run_id"":""df8149f089fa2bb225048ada61fd134f48599de5ea86075a8cef94f27ba707b4""}",
        14,         5,         0,    36.7,mwpf__3de0d8ba3d4f26a4aa47761089b54c7f9aa32f5bb30c252ef4ff9641d3422a8b,5f445648feac72d33661740427e68d0cd01752e4d0c5077c76ebd04073024775,"{""circuit"":""surface_code:rotated_memory_x"",""cluster_node_limit"":50,""d"":9,""decoder"":""mwpf"",""decoder_type"":""SolverSerialJointSingleHair"",""p"":0.01,""p_erase"":0.0,""r"":27,""run_id"":""6b89ea55942bd903fc9de7195a114f8fd81aba8225c2ead847c4f5ead4730f95""}",
        92,         0,         0,    17.0,mwpf__e464f2d6feb4169bf921ee71c61a166fa54aa6d9fc8aafef9186d17a5b3157ce,ca032f963ae8b0a09b3c0575cc72c15f12738d5e31f7547119d853d406e651a6,"{""circuit"":""surface_code:rotated_memory_x"",""cluster_node_limit"":50,""d"":9,""decoder"":""mwpf"",""decoder_type"":""SolverSerialJointSingleHair"",""p"":0.004,""p_erase"":0.0,""r"":27,""run_id"":""dfa10e4705b239f568dc861208894c334d09727348aa108fce2bfa124564d3b8""}",
        19,         4,         0,    32.6,mwpf__f4d39fc10386a89ff38f3d31b2e48ffe9d083a7fd716f793840309d01ff8379d,145c3dd4686f49e58233aad1f6cb32492657ff0053b40db3658e5aead9d622e0,"{""circuit"":""surface_code:rotated_memory_x"",""cluster_node_limit"":50,""d"":9,""decoder"":""mwpf"",""decoder_type"":""SolverSerialJointSingleHair"",""p"":0.009,""p_erase"":0.0,""r"":27,""run_id"":""ff21a10e786fdbe645e9c3fa60c001df4cfdc01991613b981a22f8f187b7f8c9""}",
         4,         0,         0,    24.1,mwpf__aa950e61247fa49b97ba2e4846e5caae67b7200469ac9849b5c1eac27c2911e5,6bf244f37b3a5b598d84faf3843f45f8452c9f3c0671cde50797820b706d88be,"{""circuit"":""surface_code:rotated_memory_x"",""cluster_node_limit"":50,""d"":9,""decoder"":""mwpf"",""decoder_type"":""SolverSerialJointSingleHair"",""p"":0.011,""p_erase"":0.0,""r"":27,""run_id"":""df8149f089fa2bb225048ada61fd134f48599de5ea86075a8cef94f27ba707b4""}",
         4,         3,         0,    16.6,mwpf__aa950e61247fa49b97ba2e4846e5caae67b7200469ac9849b5c1eac27c2911e5,6bf244f37b3a5b598d84faf3843f45f8452c9f3c0671cde50797820b706d88be,"{""circuit"":""surface_code:rotated_memory_x"",""cluster_node_limit"":50,""d"":9,""decoder"":""mwpf"",""decoder_type"":""SolverSerialJointSingleHair"",""p"":0.011,""p_erase"":0.0,""r"":27,""run_id"":""df8149f089fa2bb225048ada61fd134f48599de5ea86075a8cef94f27ba707b4""}",
        11,         4,         0,    25.8,mwpf__f4d39fc10386a89ff38f3d31b2e48ffe9d083a7fd716f793840309d01ff8379d,145c3dd4686f49e58233aad1f6cb32492657ff0053b40db3658e5aead9d622e0,"{""circuit"":""surface_code:rotated_memory_x"",""cluster_node_limit"":50,""d"":9,""decoder"":""mwpf"",""decoder_type"":""SolverSerialJointSingleHair"",""p"":0.009,""p_erase"":0.0,""r"":27,""run_id"":""ff21a10e786fdbe645e9c3fa60c001df4cfdc01991613b981a22f8f187b7f8c9""}",
         4,         3,         0,    24.1,mwpf__3de0d8ba3d4f26a4aa47761089b54c7f9aa32f5bb30c252ef4ff9641d3422a8b,5f445648feac72d33661740427e68d0cd01752e4d0c5077c76ebd04073024775,"{""circuit"":""surface_code:rotated_memory_x"",""cluster_node_limit"":50,""d"":9,""decoder"":""mwpf"",""decoder_type"":""SolverSerialJointSingleHair"",""p"":0.01,""p_erase"":0.0,""r"":27,""run_id"":""6b89ea55942bd903fc9de7195a114f8fd81aba8225c2ead847c4f5ead4730f95""}",
       170,         3,         0,    45.4,mwpf__c15b7bb0ff0012f0b948662426ce893e94240819d364bcf73c902cabc84cd33e,4836a6256ec9cf7d274b38aed4c7b7454299c87c216c6edd3ffabc406f995116,"{""circuit"":""surface_code:rotated_memory_x"",""cluster_node_limit"":50,""d"":9,""decoder"":""mwpf"",""decoder_type"":""SolverSerialJointSingleHair"",""p"":0.005,""p_erase"":0.0,""r"":27,""run_id"":""46b35d0fc399f4bd986b261367f981aff72f4db7f9e3eaf11f0fa2338e3ec458""}",
       124,         6,         0,    46.1,mwpf__6ed5ff748543711e5cd7b4f80c85e8a4facd73595b09b8e8c91b2fc6ea7bca87,86079d2dde882a1b36fdb0f0be90ce0bc9b3fcb68ef79806912138a3e1eefab5,"{""circuit"":""surface_code:rotated_memory_x"",""cluster_node_limit"":50,""d"":9,""decoder"":""mwpf"",""decoder_type"":""SolverSerialJointSingleHair"",""p"":0.006,""p_erase"":0.0,""r"":27,""run_id"":""4cab9b35185258cd2ab7f1806b7c3d16a626fa96dd58cd5907dd5e222a7a9d91""}",
       276,         0,         0,    45.1,mwpf__e464f2d6feb4169bf921ee71c61a166fa54aa6d9fc8aafef9186d17a5b3157ce,ca032f963ae8b0a09b3c0575cc72c15f12738d5e31f7547119d853d406e651a6,"{""circuit"":""surface_code:rotated_memory_x"",""cluster_node_limit"":50,""d"":9,""decoder"":""mwpf"",""decoder_type"":""SolverSerialJointSingleHair"",""p"":0.004,""p_erase"":0.0,""r"":27,""run_id"":""dfa10e4705b239f568dc861208894c334d09727348aa108fce2bfa124564d3b8""}",
        80,         8,         0,    46.9,mwpf__a84eaf4abfe907a932c6015e39161f585dcfce91bfc28e37cdd0de963adf1257,5fb873a54f64183f4b432d7c791ff695e3a9b1308a353e686213ee85b5bf073c,"{""circuit"":""surface_code:rotated_memory_x"",""cluster_node_limit"":50,""d"":9,""decoder"":""mwpf"",""decoder_type"":""SolverSerialJointSingleHair"",""p"":0.007,""p_erase"":0.0,""r"":27,""run_id"":""f720d5971f43fd95a6eb87f1b71bf149134828490d7e52580da913a2fa024f7c""}",
        21,         3,         0,    32.3,mwpf__3de0d8ba3d4f26a4aa47761089b54c7f9aa32f5bb30c252ef4ff9641d3422a8b,5f445648feac72d33661740427e68d0cd01752e4d0c5077c76ebd04073024775,"{""circuit"":""surface_code:rotated_memory_x"",""cluster_node_limit"":50,""d"":9,""decoder"":""mwpf"",""decoder_type"":""SolverSerialJointSingleHair"",""p"":0.01,""p_erase"":0.0,""r"":27,""run_id"":""6b89ea55942bd903fc9de7195a114f8fd81aba8225c2ead847c4f5ead4730f95""}",
        40,        10,         0,    45.9,mwpf__3ebedd84177c526063d38deffdc5f7995e8b39297a4d2ab60991457e1c1f2bfa,d6945f43432daf14926073c1f216e0a7921b3342d8848e2c91499f36339ed255,"{""circuit"":""surface_code:rotated_memory_x"",""cluster_node_limit"":50,""d"":9,""decoder"":""mwpf"",""decoder_type"":""SolverSerialJointSingleHair"",""p"":0.0075,""p_erase"":0.0,""r"":27,""run_id"":""a04c9b7f2593f94d57dbede2cebf935e30e76acb0762bc8d6931f304cac92d86""}",
       146,         1,         0,    23.5,mwpf__e464f2d6feb4169bf921ee71c61a166fa54aa6d9fc8aafef9186d17a5b3157ce,ca032f963ae8b0a09b3c0575cc72c15f12738d5e31f7547119d853d406e651a6,"{""circuit"":""surface_code:rotated_memory_x"",""cluster_node_limit"":50,""d"":9,""decoder"":""mwpf"",""decoder_type"":""SolverSerialJointSingleHair"",""p"":0.004,""p_erase"":0.0,""r"":27,""run_id"":""dfa10e4705b239f568dc861208894c334d09727348aa108fce2bfa124564d3b8""}",
        98,         1,         0,    45.2,mwpf__72173c4f37fb755c0d039c1fdc4c2478d1514eecb0fb7246d38ee53f7f6c33de,450af0b6d793a26749cdbbc154715f1e957fa6a1de50ad294d57a2e56e8faa68,"{""circuit"":""surface_code:rotated_memory_x"",""cluster_node_limit"":50,""d"":9,""decoder"":""mwpf"",""decoder_type"":""SolverSerialJointSingleHair"",""p"":0.0065,""p_erase"":0.0,""r"":27,""run_id"":""d97729197ec9a9cc3beb7b4105ee96f26b6723caa81371ab95a553fce7788c2e""}",
        54,        10,         0,    45.0,mwpf__8c0dee3b72490cd99940eb344db6dd047bfda29afb5b61597b97539b079c72d8,4a9c64a159c68bbef2b1487bd9ce846f6fd4e451c6f28d2659bf00c12820cdb9,"{""circuit"":""surface_code:rotated_memory_x"",""cluster_node_limit"":50,""d"":9,""decoder"":""mwpf"",""decoder_type"":""SolverSerialJointSingleHair"",""p"":0.008,""p_erase"":0.0,""r"":27,""run_id"":""310d17c43a0b4c7b4cddac58dc5999da13b706985eb107267c12d661b860647c""}",
         9,         3,         0,    33.0,mwpf__3de0d8ba3d4f26a4aa47761089b54c7f9aa32f5bb30c252ef4ff9641d3422a8b,5f445648feac72d33661740427e68d0cd01752e4d0c5077c76ebd04073024775,"{""circuit"":""surface_code:rotated_memory_x"",""cluster_node_limit"":50,""d"":9,""decoder"":""mwpf"",""decoder_type"":""SolverSerialJointSingleHair"",""p"":0.01,""p_erase"":0.0,""r"":27,""run_id"":""6b89ea55942bd903fc9de7195a114f8fd81aba8225c2ead847c4f5ead4730f95""}",
         3,         0,         0,    41.0,mwpf__aa950e61247fa49b97ba2e4846e5caae67b7200469ac9849b5c1eac27c2911e5,6bf244f37b3a5b598d84faf3843f45f8452c9f3c0671cde50797820b706d88be,"{""circuit"":""surface_code:rotated_memory_x"",""cluster_node_limit"":50,""d"":9,""decoder"":""mwpf"",""decoder_type"":""SolverSerialJointSingleHair"",""p"":0.011,""p_erase"":0.0,""r"":27,""run_id"":""df8149f089fa2bb225048ada61fd134f48599de5ea86075a8cef94f27ba707b4""}",
        28,         3,         0,    46.3,mwpf__f4d39fc10386a89ff38f3d31b2e48ffe9d083a7fd716f793840309d01ff8379d,145c3dd4686f49e58233aad1f6cb32492657ff0053b40db3658e5aead9d622e0,"{""circuit"":""surface_code:rotated_memory_x"",""cluster_node_limit"":50,""d"":9,""decoder"":""mwpf"",""decoder_type"":""SolverSerialJointSingleHair"",""p"":0.009,""p_erase"":0.0,""r"":27,""run_id"":""ff21a10e786fdbe645e9c3fa60c001df4cfdc01991613b981a22f8f187b7f8c9""}",
       200,         3,         0,    33.3,mwpf__e464f2d6feb4169bf921ee71c61a166fa54aa6d9fc8aafef9186d17a5b3157ce,ca032f963ae8b0a09b3c0575cc72c15f12738d5e31f7547119d853d406e651a6,"{""circuit"":""surface_code:rotated_memory_x"",""cluster_node_limit"":50,""d"":9,""decoder"":""mwpf"",""decoder_type"":""SolverSerialJointSingleHair"",""p"":0.004,""p_erase"":0.0,""r"":27,""run_id"":""dfa10e4705b239f568dc861208894c334d09727348aa108fce2bfa124564d3b8""}",
        10,         5,         0,    45.7,mwpf__3de0d8ba3d4f26a4aa47761089b54c7f9aa32f5bb30c252ef4ff9641d3422a8b,5f445648feac72d33661740427e68d0cd01752e4d0c5077c76ebd04073024775,"{""circuit"":""surface_code:rotated_memory_x"",""cluster_node_limit"":50,""d"":9,""decoder"":""mwpf"",""decoder_type"":""SolverSerialJointSingleHair"",""p"":0.01,""p_erase"":0.0,""r"":27,""run_id"":""6b89ea55942bd903fc9de7195a114f8fd81aba8225c2ead847c4f5ead4730f95""}",
         8,         1,         0,    23.9,mwpf__aa950e61247fa49b97ba2e4846e5caae67b7200469ac9849b5c1eac27c2911e5,6bf244f37b3a5b598d84faf3843f45f8452c9f3c0671cde50797820b706d88be,"{""circuit"":""surface_code:rotated_memory_x"",""cluster_node_limit"":50,""d"":9,""decoder"":""mwpf"",""decoder_type"":""SolverSerialJointSingleHair"",""p"":0.011,""p_erase"":0.0,""r"":27,""run_id"":""df8149f089fa2bb225048ada61fd134f48599de5ea86075a8cef94f27ba707b4""}",
         5,         3,         0,    68.8,mwpf__aa950e61247fa49b97ba2e4846e5caae67b7200469ac9849b5c1eac27c2911e5,6bf244f37b3a5b598d84faf3843f45f8452c9f3c0671cde50797820b706d88be,"{""circuit"":""surface_code:rotated_memory_x"",""cluster_node_limit"":50,""d"":9,""decoder"":""mwpf"",""decoder_type"":""SolverSerialJointSingleHair"",""p"":0.011,""p_erase"":0.0,""r"":27,""run_id"":""df8149f089fa2bb225048ada61fd134f48599de5ea86075a8cef94f27ba707b4""}",
       240,         3,         0,    63.1,mwpf__c15b7bb0ff0012f0b948662426ce893e94240819d364bcf73c902cabc84cd33e,4836a6256ec9cf7d274b38aed4c7b7454299c87c216c6edd3ffabc406f995116,"{""circuit"":""surface_code:rotated_memory_x"",""cluster_node_limit"":50,""d"":9,""decoder"":""mwpf"",""decoder_type"":""SolverSerialJointSingleHair"",""p"":0.005,""p_erase"":0.0,""r"":27,""run_id"":""46b35d0fc399f4bd986b261367f981aff72f4db7f9e3eaf11f0fa2338e3ec458""}",
       183,         6,         0,    63.3,mwpf__6ed5ff748543711e5cd7b4f80c85e8a4facd73595b09b8e8c91b2fc6ea7bca87,86079d2dde882a1b36fdb0f0be90ce0bc9b3fcb68ef79806912138a3e1eefab5,"{""circuit"":""surface_code:rotated_memory_x"",""cluster_node_limit"":50,""d"":9,""decoder"":""mwpf"",""decoder_type"":""SolverSerialJointSingleHair"",""p"":0.006,""p_erase"":0.0,""r"":27,""run_id"":""4cab9b35185258cd2ab7f1806b7c3d16a626fa96dd58cd5907dd5e222a7a9d91""}",
       362,         1,         0,    63.4,mwpf__e464f2d6feb4169bf921ee71c61a166fa54aa6d9fc8aafef9186d17a5b3157ce,ca032f963ae8b0a09b3c0575cc72c15f12738d5e31f7547119d853d406e651a6,"{""circuit"":""surface_code:rotated_memory_x"",""cluster_node_limit"":50,""d"":9,""decoder"":""mwpf"",""decoder_type"":""SolverSerialJointSingleHair"",""p"":0.004,""p_erase"":0.0,""r"":27,""run_id"":""dfa10e4705b239f568dc861208894c334d09727348aa108fce2bfa124564d3b8""}",
       113,         4,         0,    65.4,mwpf__a84eaf4abfe907a932c6015e39161f585dcfce91bfc28e37cdd0de963adf1257,5fb873a54f64183f4b432d7c791ff695e3a9b1308a353e686213ee85b5bf073c,"{""circuit"":""surface_code:rotated_memory_x"",""cluster_node_limit"":50,""d"":9,""decoder"":""mwpf"",""decoder_type"":""SolverSerialJointSingleHair"",""p"":0.007,""p_erase"":0.0,""r"":27,""run_id"":""f720d5971f43fd95a6eb87f1b71bf149134828490d7e52580da913a2fa024f7c""}",
        98,         9,         0,    64.4,mwpf__3ebedd84177c526063d38deffdc5f7995e8b39297a4d2ab60991457e1c1f2bfa,d6945f43432daf14926073c1f216e0a7921b3342d8848e2c91499f36339ed255,"{""circuit"":""surface_code:rotated_memory_x"",""cluster_node_limit"":50,""d"":9,""decoder"":""mwpf"",""decoder_type"":""SolverSerialJointSingleHair"",""p"":0.0075,""p_erase"":0.0,""r"":27,""run_id"":""a04c9b7f2593f94d57dbede2cebf935e30e76acb0762bc8d6931f304cac92d86""}",
        12,         4,         0,    45.7,mwpf__3de0d8ba3d4f26a4aa47761089b54c7f9aa32f5bb30c252ef4ff9641d3422a8b,5f445648feac72d33661740427e68d0cd01752e4d0c5077c76ebd04073024775,"{""circuit"":""surface_code:rotated_memory_x"",""cluster_node_limit"":50,""d"":9,""decoder"":""mwpf"",""decoder_type"":""SolverSerialJointSingleHair"",""p"":0.01,""p_erase"":0.0,""r"":27,""run_id"":""6b89ea55942bd903fc9de7195a114f8fd81aba8225c2ead847c4f5ead4730f95""}",
       152,         9,         0,    64.1,mwpf__72173c4f37fb755c0d039c1fdc4c2478d1514eecb0fb7246d38ee53f7f6c33de,450af0b6d793a26749cdbbc154715f1e957fa6a1de50ad294d57a2e56e8faa68,"{""circuit"":""surface_code:rotated_memory_x"",""cluster_node_limit"":50,""d"":9,""decoder"":""mwpf"",""decoder_type"":""SolverSerialJointSingleHair"",""p"":0.0065,""p_erase"":0.0,""r"":27,""run_id"":""d97729197ec9a9cc3beb7b4105ee96f26b6723caa81371ab95a553fce7788c2e""}",
        60,        10,         0,    63.6,mwpf__8c0dee3b72490cd99940eb344db6dd047bfda29afb5b61597b97539b079c72d8,4a9c64a159c68bbef2b1487bd9ce846f6fd4e451c6f28d2659bf00c12820cdb9,"{""circuit"":""surface_code:rotated_memory_x"",""cluster_node_limit"":50,""d"":9,""decoder"":""mwpf"",""decoder_type"":""SolverSerialJointSingleHair"",""p"":0.008,""p_erase"":0.0,""r"":27,""run_id"":""310d17c43a0b4c7b4cddac58dc5999da13b706985eb107267c12d661b860647c""}",
       306,         0,         0,    45.0,mwpf__e464f2d6feb4169bf921ee71c61a166fa54aa6d9fc8aafef9186d17a5b3157ce,ca032f963ae8b0a09b3c0575cc72c15f12738d5e31f7547119d853d406e651a6,"{""circuit"":""surface_code:rotated_memory_x"",""cluster_node_limit"":50,""d"":9,""decoder"":""mwpf"",""decoder_type"":""SolverSerialJointSingleHair"",""p"":0.004,""p_erase"":0.0,""r"":27,""run_id"":""dfa10e4705b239f568dc861208894c334d09727348aa108fce2bfa124564d3b8""}",
         4,         2,         0,    37.5,mwpf__aa950e61247fa49b97ba2e4846e5caae67b7200469ac9849b5c1eac27c2911e5,6bf244f37b3a5b598d84faf3843f45f8452c9f3c0671cde50797820b706d88be,"{""circuit"":""surface_code:rotated_memory_x"",""cluster_node_limit"":50,""d"":9,""decoder"":""mwpf"",""decoder_type"":""SolverSerialJointSingleHair"",""p"":0.011,""p_erase"":0.0,""r"":27,""run_id"":""df8149f089fa2bb225048ada61fd134f48599de5ea86075a8cef94f27ba707b4""}",
         7,         4,         0,   102.7,mwpf__f4d39fc10386a89ff38f3d31b2e48ffe9d083a7fd716f793840309d01ff8379d,145c3dd4686f49e58233aad1f6cb32492657ff0053b40db3658e5aead9d622e0,"{""circuit"":""surface_code:rotated_memory_x"",""cluster_node_limit"":50,""d"":9,""decoder"":""mwpf"",""decoder_type"":""SolverSerialJointSingleHair"",""p"":0.009,""p_erase"":0.0,""r"":27,""run_id"":""ff21a10e786fdbe645e9c3fa60c001df4cfdc01991613b981a22f8f187b7f8c9""}",
        36,        10,         0,    66.0,mwpf__f4d39fc10386a89ff38f3d31b2e48ffe9d083a7fd716f793840309d01ff8379d,145c3dd4686f49e58233aad1f6cb32492657ff0053b40db3658e5aead9d622e0,"{""circuit"":""surface_code:rotated_memory_x"",""cluster_node_limit"":50,""d"":9,""decoder"":""mwpf"",""decoder_type"":""SolverSerialJointSingleHair"",""p"":0.009,""p_erase"":0.0,""r"":27,""run_id"":""ff21a10e786fdbe645e9c3fa60c001df4cfdc01991613b981a22f8f187b7f8c9""}",
         8,         3,         0,    46.3,mwpf__f4d39fc10386a89ff38f3d31b2e48ffe9d083a7fd716f793840309d01ff8379d,145c3dd4686f49e58233aad1f6cb32492657ff0053b40db3658e5aead9d622e0,"{""circuit"":""surface_code:rotated_memory_x"",""cluster_node_limit"":50,""d"":9,""decoder"":""mwpf"",""decoder_type"":""SolverSerialJointSingleHair"",""p"":0.009,""p_erase"":0.0,""r"":27,""run_id"":""ff21a10e786fdbe645e9c3fa60c001df4cfdc01991613b981a22f8f187b7f8c9""}",
         6,         4,         0,    49.6,mwpf__aa950e61247fa49b97ba2e4846e5caae67b7200469ac9849b5c1eac27c2911e5,6bf244f37b3a5b598d84faf3843f45f8452c9f3c0671cde50797820b706d88be,"{""circuit"":""surface_code:rotated_memory_x"",""cluster_node_limit"":50,""d"":9,""decoder"":""mwpf"",""decoder_type"":""SolverSerialJointSingleHair"",""p"":0.011,""p_erase"":0.0,""r"":27,""run_id"":""df8149f089fa2bb225048ada61fd134f48599de5ea86075a8cef94f27ba707b4""}",
        28,         4,         0,    91.9,mwpf__3de0d8ba3d4f26a4aa47761089b54c7f9aa32f5bb30c252ef4ff9641d3422a8b,5f445648feac72d33661740427e68d0cd01752e4d0c5077c76ebd04073024775,"{""circuit"":""surface_code:rotated_memory_x"",""cluster_node_limit"":50,""d"":9,""decoder"":""mwpf"",""decoder_type"":""SolverSerialJointSingleHair"",""p"":0.01,""p_erase"":0.0,""r"":27,""run_id"":""6b89ea55942bd903fc9de7195a114f8fd81aba8225c2ead847c4f5ead4730f95""}",
       348,         2,         0,    63.2,mwpf__e464f2d6feb4169bf921ee71c61a166fa54aa6d9fc8aafef9186d17a5b3157ce,ca032f963ae8b0a09b3c0575cc72c15f12738d5e31f7547119d853d406e651a6,"{""circuit"":""surface_code:rotated_memory_x"",""cluster_node_limit"":50,""d"":9,""decoder"":""mwpf"",""decoder_type"":""SolverSerialJointSingleHair"",""p"":0.004,""p_erase"":0.0,""r"":27,""run_id"":""dfa10e4705b239f568dc861208894c334d09727348aa108fce2bfa124564d3b8""}",
         5,         1,         0,    91.4,mwpf__aa950e61247fa49b97ba2e4846e5caae67b7200469ac9849b5c1eac27c2911e5,6bf244f37b3a5b598d84faf3843f45f8452c9f3c0671cde50797820b706d88be,"{""circuit"":""surface_code:rotated_memory_x"",""cluster_node_limit"":50,""d"":9,""decoder"":""mwpf"",""decoder_type"":""SolverSerialJointSingleHair"",""p"":0.011,""p_erase"":0.0,""r"":27,""run_id"":""df8149f089fa2bb225048ada61fd134f48599de5ea86075a8cef94f27ba707b4""}",
       320,         3,         0,    89.0,mwpf__c15b7bb0ff0012f0b948662426ce893e94240819d364bcf73c902cabc84cd33e,4836a6256ec9cf7d274b38aed4c7b7454299c87c216c6edd3ffabc406f995116,"{""circuit"":""surface_code:rotated_memory_x"",""cluster_node_limit"":50,""d"":9,""decoder"":""mwpf"",""decoder_type"":""SolverSerialJointSingleHair"",""p"":0.005,""p_erase"":0.0,""r"":27,""run_id"":""46b35d0fc399f4bd986b261367f981aff72f4db7f9e3eaf11f0fa2338e3ec458""}",
       231,         9,         0,    88.3,mwpf__6ed5ff748543711e5cd7b4f80c85e8a4facd73595b09b8e8c91b2fc6ea7bca87,86079d2dde882a1b36fdb0f0be90ce0bc9b3fcb68ef79806912138a3e1eefab5,"{""circuit"":""surface_code:rotated_memory_x"",""cluster_node_limit"":50,""d"":9,""decoder"":""mwpf"",""decoder_type"":""SolverSerialJointSingleHair"",""p"":0.006,""p_erase"":0.0,""r"":27,""run_id"":""4cab9b35185258cd2ab7f1806b7c3d16a626fa96dd58cd5907dd5e222a7a9d91""}",
       570,         3,         0,    88.2,mwpf__e464f2d6feb4169bf921ee71c61a166fa54aa6d9fc8aafef9186d17a5b3157ce,ca032f963ae8b0a09b3c0575cc72c15f12738d5e31f7547119d853d406e651a6,"{""circuit"":""surface_code:rotated_memory_x"",""cluster_node_limit"":50,""d"":9,""decoder"":""mwpf"",""decoder_type"":""SolverSerialJointSingleHair"",""p"":0.004,""p_erase"":0.0,""r"":27,""run_id"":""dfa10e4705b239f568dc861208894c334d09727348aa108fce2bfa124564d3b8""}",
       145,        10,         0,    88.4,mwpf__a84eaf4abfe907a932c6015e39161f585dcfce91bfc28e37cdd0de963adf1257,5fb873a54f64183f4b432d7c791ff695e3a9b1308a353e686213ee85b5bf073c,"{""circuit"":""surface_code:rotated_memory_x"",""cluster_node_limit"":50,""d"":9,""decoder"":""mwpf"",""decoder_type"":""SolverSerialJointSingleHair"",""p"":0.007,""p_erase"":0.0,""r"":27,""run_id"":""f720d5971f43fd95a6eb87f1b71bf149134828490d7e52580da913a2fa024f7c""}",
       147,        12,         0,    88.3,mwpf__3ebedd84177c526063d38deffdc5f7995e8b39297a4d2ab60991457e1c1f2bfa,d6945f43432daf14926073c1f216e0a7921b3342d8848e2c91499f36339ed255,"{""circuit"":""surface_code:rotated_memory_x"",""cluster_node_limit"":50,""d"":9,""decoder"":""mwpf"",""decoder_type"":""SolverSerialJointSingleHair"",""p"":0.0075,""p_erase"":0.0,""r"":27,""run_id"":""a04c9b7f2593f94d57dbede2cebf935e30e76acb0762bc8d6931f304cac92d86""}",
       178,        10,         0,    88.4,mwpf__72173c4f37fb755c0d039c1fdc4c2478d1514eecb0fb7246d38ee53f7f6c33de,450af0b6d793a26749cdbbc154715f1e957fa6a1de50ad294d57a2e56e8faa68,"{""circuit"":""surface_code:rotated_memory_x"",""cluster_node_limit"":50,""d"":9,""decoder"":""mwpf"",""decoder_type"":""SolverSerialJointSingleHair"",""p"":0.0065,""p_erase"":0.0,""r"":27,""run_id"":""d97729197ec9a9cc3beb7b4105ee96f26b6723caa81371ab95a553fce7788c2e""}",
        21,         8,         0,    96.2,mwpf__3de0d8ba3d4f26a4aa47761089b54c7f9aa32f5bb30c252ef4ff9641d3422a8b,5f445648feac72d33661740427e68d0cd01752e4d0c5077c76ebd04073024775,"{""circuit"":""surface_code:rotated_memory_x"",""cluster_node_limit"":50,""d"":9,""decoder"":""mwpf"",""decoder_type"":""SolverSerialJointSingleHair"",""p"":0.01,""p_erase"":0.0,""r"":27,""run_id"":""6b89ea55942bd903fc9de7195a114f8fd81aba8225c2ead847c4f5ead4730f95""}",
        82,        14,         0,    94.1,mwpf__8c0dee3b72490cd99940eb344db6dd047bfda29afb5b61597b97539b079c72d8,4a9c64a159c68bbef2b1487bd9ce846f6fd4e451c6f28d2659bf00c12820cdb9,"{""circuit"":""surface_code:rotated_memory_x"",""cluster_node_limit"":50,""d"":9,""decoder"":""mwpf"",""decoder_type"":""SolverSerialJointSingleHair"",""p"":0.008,""p_erase"":0.0,""r"":27,""run_id"":""310d17c43a0b4c7b4cddac58dc5999da13b706985eb107267c12d661b860647c""}",
        61,        16,         0,    91.1,mwpf__f4d39fc10386a89ff38f3d31b2e48ffe9d083a7fd716f793840309d01ff8379d,145c3dd4686f49e58233aad1f6cb32492657ff0053b40db3658e5aead9d622e0,"{""circuit"":""surface_code:rotated_memory_x"",""cluster_node_limit"":50,""d"":9,""decoder"":""mwpf"",""decoder_type"":""SolverSerialJointSingleHair"",""p"":0.009,""p_erase"":0.0,""r"":27,""run_id"":""ff21a10e786fdbe645e9c3fa60c001df4cfdc01991613b981a22f8f187b7f8c9""}",
        42,         9,         0,    64.5,mwpf__f4d39fc10386a89ff38f3d31b2e48ffe9d083a7fd716f793840309d01ff8379d,145c3dd4686f49e58233aad1f6cb32492657ff0053b40db3658e5aead9d622e0,"{""circuit"":""surface_code:rotated_memory_x"",""cluster_node_limit"":50,""d"":9,""decoder"":""mwpf"",""decoder_type"":""SolverSerialJointSingleHair"",""p"":0.009,""p_erase"":0.0,""r"":27,""run_id"":""ff21a10e786fdbe645e9c3fa60c001df4cfdc01991613b981a22f8f187b7f8c9""}",
         9,         2,         0,    65.8,mwpf__aa950e61247fa49b97ba2e4846e5caae67b7200469ac9849b5c1eac27c2911e5,6bf244f37b3a5b598d84faf3843f45f8452c9f3c0671cde50797820b706d88be,"{""circuit"":""surface_code:rotated_memory_x"",""cluster_node_limit"":50,""d"":9,""decoder"":""mwpf"",""decoder_type"":""SolverSerialJointSingleHair"",""p"":0.011,""p_erase"":0.0,""r"":27,""run_id"":""df8149f089fa2bb225048ada61fd134f48599de5ea86075a8cef94f27ba707b4""}",
         5,         3,         0,    59.8,mwpf__aa950e61247fa49b97ba2e4846e5caae67b7200469ac9849b5c1eac27c2911e5,6bf244f37b3a5b598d84faf3843f45f8452c9f3c0671cde50797820b706d88be,"{""circuit"":""surface_code:rotated_memory_x"",""cluster_node_limit"":50,""d"":9,""decoder"":""mwpf"",""decoder_type"":""SolverSerialJointSingleHair"",""p"":0.011,""p_erase"":0.0,""r"":27,""run_id"":""df8149f089fa2bb225048ada61fd134f48599de5ea86075a8cef94f27ba707b4""}",
        34,        11,         0,    88.4,mwpf__3de0d8ba3d4f26a4aa47761089b54c7f9aa32f5bb30c252ef4ff9641d3422a8b,5f445648feac72d33661740427e68d0cd01752e4d0c5077c76ebd04073024775,"{""circuit"":""surface_code:rotated_memory_x"",""cluster_node_limit"":50,""d"":9,""decoder"":""mwpf"",""decoder_type"":""SolverSerialJointSingleHair"",""p"":0.01,""p_erase"":0.0,""r"":27,""run_id"":""6b89ea55942bd903fc9de7195a114f8fd81aba8225c2ead847c4f5ead4730f95""}",
       516,         1,         0,    89.3,mwpf__e464f2d6feb4169bf921ee71c61a166fa54aa6d9fc8aafef9186d17a5b3157ce,ca032f963ae8b0a09b3c0575cc72c15f12738d5e31f7547119d853d406e651a6,"{""circuit"":""surface_code:rotated_memory_x"",""cluster_node_limit"":50,""d"":9,""decoder"":""mwpf"",""decoder_type"":""SolverSerialJointSingleHair"",""p"":0.004,""p_erase"":0.0,""r"":27,""run_id"":""dfa10e4705b239f568dc861208894c334d09727348aa108fce2bfa124564d3b8""}",
        31,        12,         0,    88.5,mwpf__3de0d8ba3d4f26a4aa47761089b54c7f9aa32f5bb30c252ef4ff9641d3422a8b,5f445648feac72d33661740427e68d0cd01752e4d0c5077c76ebd04073024775,"{""circuit"":""surface_code:rotated_memory_x"",""cluster_node_limit"":50,""d"":9,""decoder"":""mwpf"",""decoder_type"":""SolverSerialJointSingleHair"",""p"":0.01,""p_erase"":0.0,""r"":27,""run_id"":""6b89ea55942bd903fc9de7195a114f8fd81aba8225c2ead847c4f5ead4730f95""}",
       319,        12,         0,   120.1,mwpf__6ed5ff748543711e5cd7b4f80c85e8a4facd73595b09b8e8c91b2fc6ea7bca87,86079d2dde882a1b36fdb0f0be90ce0bc9b3fcb68ef79806912138a3e1eefab5,"{""circuit"":""surface_code:rotated_memory_x"",""cluster_node_limit"":50,""d"":9,""decoder"":""mwpf"",""decoder_type"":""SolverSerialJointSingleHair"",""p"":0.006,""p_erase"":0.0,""r"":27,""run_id"":""4cab9b35185258cd2ab7f1806b7c3d16a626fa96dd58cd5907dd5e222a7a9d91""}",
       678,         4,         0,   120.1,mwpf__e464f2d6feb4169bf921ee71c61a166fa54aa6d9fc8aafef9186d17a5b3157ce,ca032f963ae8b0a09b3c0575cc72c15f12738d5e31f7547119d853d406e651a6,"{""circuit"":""surface_code:rotated_memory_x"",""cluster_node_limit"":50,""d"":9,""decoder"":""mwpf"",""decoder_type"":""SolverSerialJointSingleHair"",""p"":0.004,""p_erase"":0.0,""r"":27,""run_id"":""dfa10e4705b239f568dc861208894c334d09727348aa108fce2bfa124564d3b8""}",
       450,        10,         0,   122.9,mwpf__c15b7bb0ff0012f0b948662426ce893e94240819d364bcf73c902cabc84cd33e,4836a6256ec9cf7d274b38aed4c7b7454299c87c216c6edd3ffabc406f995116,"{""circuit"":""surface_code:rotated_memory_x"",""cluster_node_limit"":50,""d"":9,""decoder"":""mwpf"",""decoder_type"":""SolverSerialJointSingleHair"",""p"":0.005,""p_erase"":0.0,""r"":27,""run_id"":""46b35d0fc399f4bd986b261367f981aff72f4db7f9e3eaf11f0fa2338e3ec458""}",
       218,        14,         0,   120.4,mwpf__a84eaf4abfe907a932c6015e39161f585dcfce91bfc28e37cdd0de963adf1257,5fb873a54f64183f4b432d7c791ff695e3a9b1308a353e686213ee85b5bf073c,"{""circuit"":""surface_code:rotated_memory_x"",""cluster_node_limit"":50,""d"":9,""decoder"":""mwpf"",""decoder_type"":""SolverSerialJointSingleHair"",""p"":0.007,""p_erase"":0.0,""r"":27,""run_id"":""f720d5971f43fd95a6eb87f1b71bf149134828490d7e52580da913a2fa024f7c""}",
       152,        19,         0,   125.5,mwpf__3ebedd84177c526063d38deffdc5f7995e8b39297a4d2ab60991457e1c1f2bfa,d6945f43432daf14926073c1f216e0a7921b3342d8848e2c91499f36339ed255,"{""circuit"":""surface_code:rotated_memory_x"",""cluster_node_limit"":50,""d"":9,""decoder"":""mwpf"",""decoder_type"":""SolverSerialJointSingleHair"",""p"":0.0075,""p_erase"":0.0,""r"":27,""run_id"":""a04c9b7f2593f94d57dbede2cebf935e30e76acb0762bc8d6931f304cac92d86""}",
       236,        13,         0,   120.1,mwpf__72173c4f37fb755c0d039c1fdc4c2478d1514eecb0fb7246d38ee53f7f6c33de,450af0b6d793a26749cdbbc154715f1e957fa6a1de50ad294d57a2e56e8faa68,"{""circuit"":""surface_code:rotated_memory_x"",""cluster_node_limit"":50,""d"":9,""decoder"":""mwpf"",""decoder_type"":""SolverSerialJointSingleHair"",""p"":0.0065,""p_erase"":0.0,""r"":27,""run_id"":""d97729197ec9a9cc3beb7b4105ee96f26b6723caa81371ab95a553fce7788c2e""}",
         3,         2,         0,    77.1,mwpf__aa950e61247fa49b97ba2e4846e5caae67b7200469ac9849b5c1eac27c2911e5,6bf244f37b3a5b598d84faf3843f45f8452c9f3c0671cde50797820b706d88be,"{""circuit"":""surface_code:rotated_memory_x"",""cluster_node_limit"":50,""d"":9,""decoder"":""mwpf"",""decoder_type"":""SolverSerialJointSingleHair"",""p"":0.011,""p_erase"":0.0,""r"":27,""run_id"":""df8149f089fa2bb225048ada61fd134f48599de5ea86075a8cef94f27ba707b4""}",
        47,        12,         0,    89.5,mwpf__f4d39fc10386a89ff38f3d31b2e48ffe9d083a7fd716f793840309d01ff8379d,145c3dd4686f49e58233aad1f6cb32492657ff0053b40db3658e5aead9d622e0,"{""circuit"":""surface_code:rotated_memory_x"",""cluster_node_limit"":50,""d"":9,""decoder"":""mwpf"",""decoder_type"":""SolverSerialJointSingleHair"",""p"":0.009,""p_erase"":0.0,""r"":27,""run_id"":""ff21a10e786fdbe645e9c3fa60c001df4cfdc01991613b981a22f8f187b7f8c9""}",
       143,        25,         0,   120.6,mwpf__8c0dee3b72490cd99940eb344db6dd047bfda29afb5b61597b97539b079c72d8,4a9c64a159c68bbef2b1487bd9ce846f6fd4e451c6f28d2659bf00c12820cdb9,"{""circuit"":""surface_code:rotated_memory_x"",""cluster_node_limit"":50,""d"":9,""decoder"":""mwpf"",""decoder_type"":""SolverSerialJointSingleHair"",""p"":0.008,""p_erase"":0.0,""r"":27,""run_id"":""310d17c43a0b4c7b4cddac58dc5999da13b706985eb107267c12d661b860647c""}",
        70,        12,         0,   120.1,mwpf__f4d39fc10386a89ff38f3d31b2e48ffe9d083a7fd716f793840309d01ff8379d,145c3dd4686f49e58233aad1f6cb32492657ff0053b40db3658e5aead9d622e0,"{""circuit"":""surface_code:rotated_memory_x"",""cluster_node_limit"":50,""d"":9,""decoder"":""mwpf"",""decoder_type"":""SolverSerialJointSingleHair"",""p"":0.009,""p_erase"":0.0,""r"":27,""run_id"":""ff21a10e786fdbe645e9c3fa60c001df4cfdc01991613b981a22f8f187b7f8c9""}",
        32,         7,         0,   122.1,mwpf__3de0d8ba3d4f26a4aa47761089b54c7f9aa32f5bb30c252ef4ff9641d3422a8b,5f445648feac72d33661740427e68d0cd01752e4d0c5077c76ebd04073024775,"{""circuit"":""surface_code:rotated_memory_x"",""cluster_node_limit"":50,""d"":9,""decoder"":""mwpf"",""decoder_type"":""SolverSerialJointSingleHair"",""p"":0.01,""p_erase"":0.0,""r"":27,""run_id"":""6b89ea55942bd903fc9de7195a114f8fd81aba8225c2ead847c4f5ead4730f95""}",
       726,         4,         0,   120.4,mwpf__e464f2d6feb4169bf921ee71c61a166fa54aa6d9fc8aafef9186d17a5b3157ce,ca032f963ae8b0a09b3c0575cc72c15f12738d5e31f7547119d853d406e651a6,"{""circuit"":""surface_code:rotated_memory_x"",""cluster_node_limit"":50,""d"":9,""decoder"":""mwpf"",""decoder_type"":""SolverSerialJointSingleHair"",""p"":0.004,""p_erase"":0.0,""r"":27,""run_id"":""dfa10e4705b239f568dc861208894c334d09727348aa108fce2bfa124564d3b8""}",
        14,         2,         0,   151.0,mwpf__aa950e61247fa49b97ba2e4846e5caae67b7200469ac9849b5c1eac27c2911e5,6bf244f37b3a5b598d84faf3843f45f8452c9f3c0671cde50797820b706d88be,"{""circuit"":""surface_code:rotated_memory_x"",""cluster_node_limit"":50,""d"":9,""decoder"":""mwpf"",""decoder_type"":""SolverSerialJointSingleHair"",""p"":0.011,""p_erase"":0.0,""r"":27,""run_id"":""df8149f089fa2bb225048ada61fd134f48599de5ea86075a8cef94f27ba707b4""}",
        18,        10,         0,    88.6,mwpf__aa950e61247fa49b97ba2e4846e5caae67b7200469ac9849b5c1eac27c2911e5,6bf244f37b3a5b598d84faf3843f45f8452c9f3c0671cde50797820b706d88be,"{""circuit"":""surface_code:rotated_memory_x"",""cluster_node_limit"":50,""d"":9,""decoder"":""mwpf"",""decoder_type"":""SolverSerialJointSingleHair"",""p"":0.011,""p_erase"":0.0,""r"":27,""run_id"":""df8149f089fa2bb225048ada61fd134f48599de5ea86075a8cef94f27ba707b4""}",
       319,        10,         0,   121.1,mwpf__6ed5ff748543711e5cd7b4f80c85e8a4facd73595b09b8e8c91b2fc6ea7bca87,86079d2dde882a1b36fdb0f0be90ce0bc9b3fcb68ef79806912138a3e1eefab5,"{""circuit"":""surface_code:rotated_memory_x"",""cluster_node_limit"":50,""d"":9,""decoder"":""mwpf"",""decoder_type"":""SolverSerialJointSingleHair"",""p"":0.006,""p_erase"":0.0,""r"":27,""run_id"":""4cab9b35185258cd2ab7f1806b7c3d16a626fa96dd58cd5907dd5e222a7a9d91""}",
        50,        18,         0,   134.5,mwpf__3de0d8ba3d4f26a4aa47761089b54c7f9aa32f5bb30c252ef4ff9641d3422a8b,5f445648feac72d33661740427e68d0cd01752e4d0c5077c76ebd04073024775,"{""circuit"":""surface_code:rotated_memory_x"",""cluster_node_limit"":50,""d"":9,""decoder"":""mwpf"",""decoder_type"":""SolverSerialJointSingleHair"",""p"":0.01,""p_erase"":0.0,""r"":27,""run_id"":""6b89ea55942bd903fc9de7195a114f8fd81aba8225c2ead847c4f5ead4730f95""}",
       706,         1,         0,   120.4,mwpf__e464f2d6feb4169bf921ee71c61a166fa54aa6d9fc8aafef9186d17a5b3157ce,ca032f963ae8b0a09b3c0575cc72c15f12738d5e31f7547119d853d406e651a6,"{""circuit"":""surface_code:rotated_memory_x"",""cluster_node_limit"":50,""d"":9,""decoder"":""mwpf"",""decoder_type"":""SolverSerialJointSingleHair"",""p"":0.004,""p_erase"":0.0,""r"":27,""run_id"":""dfa10e4705b239f568dc861208894c334d09727348aa108fce2bfa124564d3b8""}",
       469,         8,         0,   120.0,mwpf__c15b7bb0ff0012f0b948662426ce893e94240819d364bcf73c902cabc84cd33e,4836a6256ec9cf7d274b38aed4c7b7454299c87c216c6edd3ffabc406f995116,"{""circuit"":""surface_code:rotated_memory_x"",""cluster_node_limit"":50,""d"":9,""decoder"":""mwpf"",""decoder_type"":""SolverSerialJointSingleHair"",""p"":0.005,""p_erase"":0.0,""r"":27,""run_id"":""46b35d0fc399f4bd986b261367f981aff72f4db7f9e3eaf11f0fa2338e3ec458""}",
       191,        19,         0,   123.0,mwpf__a84eaf4abfe907a932c6015e39161f585dcfce91bfc28e37cdd0de963adf1257,5fb873a54f64183f4b432d7c791ff695e3a9b1308a353e686213ee85b5bf073c,"{""circuit"":""surface_code:rotated_memory_x"",""cluster_node_limit"":50,""d"":9,""decoder"":""mwpf"",""decoder_type"":""SolverSerialJointSingleHair"",""p"":0.007,""p_erase"":0.0,""r"":27,""run_id"":""f720d5971f43fd95a6eb87f1b71bf149134828490d7e52580da913a2fa024f7c""}",
       270,        16,         0,   120.2,mwpf__72173c4f37fb755c0d039c1fdc4c2478d1514eecb0fb7246d38ee53f7f6c33de,450af0b6d793a26749cdbbc154715f1e957fa6a1de50ad294d57a2e56e8faa68,"{""circuit"":""surface_code:rotated_memory_x"",""cluster_node_limit"":50,""d"":9,""decoder"":""mwpf"",""decoder_type"":""SolverSerialJointSingleHair"",""p"":0.0065,""p_erase"":0.0,""r"":27,""run_id"":""d97729197ec9a9cc3beb7b4105ee96f26b6723caa81371ab95a553fce7788c2e""}",
       184,        20,         0,   120.8,mwpf__3ebedd84177c526063d38deffdc5f7995e8b39297a4d2ab60991457e1c1f2bfa,d6945f43432daf14926073c1f216e0a7921b3342d8848e2c91499f36339ed255,"{""circuit"":""surface_code:rotated_memory_x"",""cluster_node_limit"":50,""d"":9,""decoder"":""mwpf"",""decoder_type"":""SolverSerialJointSingleHair"",""p"":0.0075,""p_erase"":0.0,""r"":27,""run_id"":""a04c9b7f2593f94d57dbede2cebf935e30e76acb0762bc8d6931f304cac92d86""}",
        89,        13,         0,   120.7,mwpf__8c0dee3b72490cd99940eb344db6dd047bfda29afb5b61597b97539b079c72d8,4a9c64a159c68bbef2b1487bd9ce846f6fd4e451c6f28d2659bf00c12820cdb9,"{""circuit"":""surface_code:rotated_memory_x"",""cluster_node_limit"":50,""d"":9,""decoder"":""mwpf"",""decoder_type"":""SolverSerialJointSingleHair"",""p"":0.008,""p_erase"":0.0,""r"":27,""run_id"":""310d17c43a0b4c7b4cddac58dc5999da13b706985eb107267c12d661b860647c""}",
        81,        23,         0,   121.7,mwpf__f4d39fc10386a89ff38f3d31b2e48ffe9d083a7fd716f793840309d01ff8379d,145c3dd4686f49e58233aad1f6cb32492657ff0053b40db3658e5aead9d622e0,"{""circuit"":""surface_code:rotated_memory_x"",""cluster_node_limit"":50,""d"":9,""decoder"":""mwpf"",""decoder_type"":""SolverSerialJointSingleHair"",""p"":0.009,""p_erase"":0.0,""r"":27,""run_id"":""ff21a10e786fdbe645e9c3fa60c001df4cfdc01991613b981a22f8f187b7f8c9""}",
        81,        18,         0,   120.6,mwpf__f4d39fc10386a89ff38f3d31b2e48ffe9d083a7fd716f793840309d01ff8379d,145c3dd4686f49e58233aad1f6cb32492657ff0053b40db3658e5aead9d622e0,"{""circuit"":""surface_code:rotated_memory_x"",""cluster_node_limit"":50,""d"":9,""decoder"":""mwpf"",""decoder_type"":""SolverSerialJointSingleHair"",""p"":0.009,""p_erase"":0.0,""r"":27,""run_id"":""ff21a10e786fdbe645e9c3fa60c001df4cfdc01991613b981a22f8f187b7f8c9""}",
