     shots,    errors,  discards, seconds,decoder,strong_id,json_metadata,custom_counts
     18705,       334,         0,   0.009,pymatching,985c68e304035aeb52eabd12e6df6f508ef69ea93774e0c51cf471e32fb9a106,"{""circuit"":""surface_code:rotated_memory_x"",""cluster_node_limit"":null,""d"":3,""decoder"":""pymatching"",""decoder_type"":null,""p"":0.0065,""p_erase"":0.0,""r"":3,""run_id"":""38047c63c1a63b9d68a265f8eef7703e49945552d93bee3ae38cc734e7dd9a64""}",
     13585,       666,         0,   0.009,pymatching,ddd3f56ad69b29def059ead258e641f161362d10a9c17744d987ebb52469a1f5,"{""circuit"":""surface_code:rotated_memory_x"",""cluster_node_limit"":null,""d"":3,""decoder"":""pymatching"",""decoder_type"":null,""p"":0.011,""p_erase"":0.0,""r"":3,""run_id"":""945f73dabde4c6b13a28ecee2ae2a6f6c75162f169fa8b501245f75911055cdf""}",
     24849,       434,         0,   0.009,pymatching,46df5dce9d86ab00b870b35c6aa9962fe6fafab4c2419ed6d91045dfd4d6a2e6,"{""circuit"":""surface_code:rotated_memory_x"",""cluster_node_limit"":null,""d"":3,""decoder"":""pymatching"",""decoder_type"":null,""p"":0.006,""p_erase"":0.0,""r"":3,""run_id"":""a280df8001cea1ee070a56c4996ec5d50320b8479c12fc1989535040228b7844""}",
      7441,        44,         0,   0.010,pymatching,6b8e617f3ef09d9760f9d6463e55bf6f68f2487296ca7815acf915dac70dd214,"{""circuit"":""surface_code:rotated_memory_x"",""cluster_node_limit"":null,""d"":5,""decoder"":""pymatching"",""decoder_type"":null,""p"":0.004,""p_erase"":0.0,""r"":5,""run_id"":""a008ffb481bda2017dfcb879635fa8388e218721ed152b56043459aa4404b180""}",
     43281,        27,         0,   0.008,pymatching,0452496056397b4f992c8e8861ea3d5fa6965a49ad14c52c265cc4394171d8f2,"{""circuit"":""surface_code:rotated_memory_x"",""cluster_node_limit"":null,""d"":3,""decoder"":""pymatching"",""decoder_type"":null,""p"":0.001,""p_erase"":0.0,""r"":3,""run_id"":""d172fc5198bbf949f1e6d23cdb320fdf27d83251bba9328b122b374cd0c7219d""}",
     19729,       702,         0,   0.009,pymatching,7dc8660fa7b675e0b7a7b25e7f8be9f5a5f61d81955402db6f1feb5a0ad138c3,"{""circuit"":""surface_code:rotated_memory_x"",""cluster_node_limit"":null,""d"":3,""decoder"":""pymatching"",""decoder_type"":null,""p"":0.009,""p_erase"":0.0,""r"":3,""run_id"":""41c8a8737ab88760e2482764a976d4e1215e793afb5c7515836adab1b3beb68b""}",
     33041,       269,         0,   0.008,pymatching,9a91f9de93cc9d242330c6fa1ef6520413dedb5a232b803dffe823d41b2d65a2,"{""circuit"":""surface_code:rotated_memory_x"",""cluster_node_limit"":null,""d"":3,""decoder"":""pymatching"",""decoder_type"":null,""p"":0.004,""p_erase"":0.0,""r"":3,""run_id"":""802dee4d8cb2ab32054c80ddfdaee33432e9b4b313d923c5c5e938004e4867b3""}",
     23825,       556,         0,   0.009,pymatching,ecab6b9d6d97c1f1e49fec31ae07ca166e680c6823bcac341ff5229b15b4e14e,"{""circuit"":""surface_code:rotated_memory_x"",""cluster_node_limit"":null,""d"":3,""decoder"":""pymatching"",""decoder_type"":null,""p"":0.0075,""p_erase"":0.0,""r"":3,""run_id"":""2abbd67f691a06be56a714841dbb3ffc69ff07228f5deb34fab16bef9900ebe0""}",
     37888,       739,         0,   0.012,pymatching,985c68e304035aeb52eabd12e6df6f508ef69ea93774e0c51cf471e32fb9a106,"{""circuit"":""surface_code:rotated_memory_x"",""cluster_node_limit"":null,""d"":3,""decoder"":""pymatching"",""decoder_type"":null,""p"":0.0065,""p_erase"":0.0,""r"":3,""run_id"":""38047c63c1a63b9d68a265f8eef7703e49945552d93bee3ae38cc734e7dd9a64""}",
     18705,         0,         0,   0.009,pymatching,e5ab5affce2ded52f692e77fe211891492318c62b9c56cf3dd96c02be5579024,"{""circuit"":""surface_code:rotated_memory_x"",""cluster_node_limit"":null,""d"":5,""decoder"":""pymatching"",""decoder_type"":null,""p"":0.001,""p_erase"":0.0,""r"":5,""run_id"":""81bd8dd36e3080fed91254839f23cad976e6574caba7343d4025f307e163b165""}",
     24849,       521,         0,   0.009,pymatching,9705675245f022ace214d41330f62352bf7881709893c7768972f551a4f3ae8b,"{""circuit"":""surface_code:rotated_memory_x"",""cluster_node_limit"":null,""d"":3,""decoder"":""pymatching"",""decoder_type"":null,""p"":0.007,""p_erase"":0.0,""r"":3,""run_id"":""ca25dd60382702c8ab4919f5b60aa8c5bb5fcadfc5ec8a927b40c0b9b3d684ff""}",
     17681,       715,         0,   0.009,pymatching,5fd403f6dd2f39b54b1d3716975b091d73c77d8fa329219337447baee61da41b,"{""circuit"":""surface_code:rotated_memory_x"",""cluster_node_limit"":null,""d"":3,""decoder"":""pymatching"",""decoder_type"":null,""p"":0.01,""p_erase"":0.0,""r"":3,""run_id"":""d0b2a4fae9ed29b01e6385f44d8ad1aac77e5f6dc0b2ec39f60d56b361abd1fc""}",
     26624,      1286,         0,   0.013,pymatching,ddd3f56ad69b29def059ead258e641f161362d10a9c17744d987ebb52469a1f5,"{""circuit"":""surface_code:rotated_memory_x"",""cluster_node_limit"":null,""d"":3,""decoder"":""pymatching"",""decoder_type"":null,""p"":0.011,""p_erase"":0.0,""r"":3,""run_id"":""945f73dabde4c6b13a28ecee2ae2a6f6c75162f169fa8b501245f75911055cdf""}",
      6417,        71,         0,   0.010,pymatching,f39561b2c5c2aa20fd9dbdce4396276175fd4f49962dc41ead2a9fafbfdfa321,"{""circuit"":""surface_code:rotated_memory_x"",""cluster_node_limit"":null,""d"":5,""decoder"":""pymatching"",""decoder_type"":null,""p"":0.005,""p_erase"":0.0,""r"":5,""run_id"":""628cfead0e155fffbf162574e5118ad4c463cbf43a9777512870686b39deaa04""}",
     56719,        30,         0,   0.008,pymatching,0452496056397b4f992c8e8861ea3d5fa6965a49ad14c52c265cc4394171d8f2,"{""circuit"":""surface_code:rotated_memory_x"",""cluster_node_limit"":null,""d"":3,""decoder"":""pymatching"",""decoder_type"":null,""p"":0.001,""p_erase"":0.0,""r"":3,""run_id"":""d172fc5198bbf949f1e6d23cdb320fdf27d83251bba9328b122b374cd0c7219d""}",
     27921,       336,         0,   0.008,pymatching,4ba88674a516fc2ce7fc0e7b875816ca00b52bee6965871d4c7ba369db446cfe,"{""circuit"":""surface_code:rotated_memory_x"",""cluster_node_limit"":null,""d"":3,""decoder"":""pymatching"",""decoder_type"":null,""p"":0.005,""p_erase"":0.0,""r"":3,""run_id"":""42345086844b23be61f3d5906d09fcc5871748b8f8921f75a24c695264657414""}",
     21777,       603,         0,   0.009,pymatching,577ad1691eeb20862f7262ccc21ac1f12d900521f1ce8c3a35315be58dc0884b,"{""circuit"":""surface_code:rotated_memory_x"",""cluster_node_limit"":null,""d"":3,""decoder"":""pymatching"",""decoder_type"":null,""p"":0.008,""p_erase"":0.0,""r"":3,""run_id"":""33e9b7e2d8507311f56d6ccac9dd998782e7cfac0415ebe1c06c19c27ac6dcb4""}",
     39936,       680,         0,   0.012,pymatching,46df5dce9d86ab00b870b35c6aa9962fe6fafab4c2419ed6d91045dfd4d6a2e6,"{""circuit"":""surface_code:rotated_memory_x"",""cluster_node_limit"":null,""d"":3,""decoder"":""pymatching"",""decoder_type"":null,""p"":0.006,""p_erase"":0.0,""r"":3,""run_id"":""a280df8001cea1ee070a56c4996ec5d50320b8479c12fc1989535040228b7844""}",
     11264,        70,         0,   0.013,pymatching,6b8e617f3ef09d9760f9d6463e55bf6f68f2487296ca7815acf915dac70dd214,"{""circuit"":""surface_code:rotated_memory_x"",""cluster_node_limit"":null,""d"":5,""decoder"":""pymatching"",""decoder_type"":null,""p"":0.004,""p_erase"":0.0,""r"":5,""run_id"":""a008ffb481bda2017dfcb879635fa8388e218721ed152b56043459aa4404b180""}",
     31744,      1130,         0,   0.013,pymatching,7dc8660fa7b675e0b7a7b25e7f8be9f5a5f61d81955402db6f1feb5a0ad138c3,"{""circuit"":""surface_code:rotated_memory_x"",""cluster_node_limit"":null,""d"":3,""decoder"":""pymatching"",""decoder_type"":null,""p"":0.009,""p_erase"":0.0,""r"":3,""run_id"":""41c8a8737ab88760e2482764a976d4e1215e793afb5c7515836adab1b3beb68b""}",
     49152,       348,         0,   0.012,pymatching,9a91f9de93cc9d242330c6fa1ef6520413dedb5a232b803dffe823d41b2d65a2,"{""circuit"":""surface_code:rotated_memory_x"",""cluster_node_limit"":null,""d"":3,""decoder"":""pymatching"",""decoder_type"":null,""p"":0.004,""p_erase"":0.0,""r"":3,""run_id"":""802dee4d8cb2ab32054c80ddfdaee33432e9b4b313d923c5c5e938004e4867b3""}",
     17807,       152,         0,   0.004,pymatching,9a91f9de93cc9d242330c6fa1ef6520413dedb5a232b803dffe823d41b2d65a2,"{""circuit"":""surface_code:rotated_memory_x"",""cluster_node_limit"":null,""d"":3,""decoder"":""pymatching"",""decoder_type"":null,""p"":0.004,""p_erase"":0.0,""r"":3,""run_id"":""802dee4d8cb2ab32054c80ddfdaee33432e9b4b313d923c5c5e938004e4867b3""}",
     35840,       883,         0,   0.012,pymatching,ecab6b9d6d97c1f1e49fec31ae07ca166e680c6823bcac341ff5229b15b4e14e,"{""circuit"":""surface_code:rotated_memory_x"",""cluster_node_limit"":null,""d"":3,""decoder"":""pymatching"",""decoder_type"":null,""p"":0.0075,""p_erase"":0.0,""r"":3,""run_id"":""2abbd67f691a06be56a714841dbb3ffc69ff07228f5deb34fab16bef9900ebe0""}",
     28672,         8,         0,   0.012,pymatching,e5ab5affce2ded52f692e77fe211891492318c62b9c56cf3dd96c02be5579024,"{""circuit"":""surface_code:rotated_memory_x"",""cluster_node_limit"":null,""d"":5,""decoder"":""pymatching"",""decoder_type"":null,""p"":0.001,""p_erase"":0.0,""r"":5,""run_id"":""81bd8dd36e3080fed91254839f23cad976e6574caba7343d4025f307e163b165""}",
     30720,      1302,         0,   0.012,pymatching,5fd403f6dd2f39b54b1d3716975b091d73c77d8fa329219337447baee61da41b,"{""circuit"":""surface_code:rotated_memory_x"",""cluster_node_limit"":null,""d"":3,""decoder"":""pymatching"",""decoder_type"":null,""p"":0.01,""p_erase"":0.0,""r"":3,""run_id"":""d0b2a4fae9ed29b01e6385f44d8ad1aac77e5f6dc0b2ec39f60d56b361abd1fc""}",
     39936,       951,         0,   0.012,pymatching,9705675245f022ace214d41330f62352bf7881709893c7768972f551a4f3ae8b,"{""circuit"":""surface_code:rotated_memory_x"",""cluster_node_limit"":null,""d"":3,""decoder"":""pymatching"",""decoder_type"":null,""p"":0.007,""p_erase"":0.0,""r"":3,""run_id"":""ca25dd60382702c8ab4919f5b60aa8c5bb5fcadfc5ec8a927b40c0b9b3d684ff""}",
     43407,       869,         0,   0.013,pymatching,985c68e304035aeb52eabd12e6df6f508ef69ea93774e0c51cf471e32fb9a106,"{""circuit"":""surface_code:rotated_memory_x"",""cluster_node_limit"":null,""d"":3,""decoder"":""pymatching"",""decoder_type"":null,""p"":0.0065,""p_erase"":0.0,""r"":3,""run_id"":""38047c63c1a63b9d68a265f8eef7703e49945552d93bee3ae38cc734e7dd9a64""}",
     35215,       639,         0,   0.009,pymatching,46df5dce9d86ab00b870b35c6aa9962fe6fafab4c2419ed6d91045dfd4d6a2e6,"{""circuit"":""surface_code:rotated_memory_x"",""cluster_node_limit"":null,""d"":3,""decoder"":""pymatching"",""decoder_type"":null,""p"":0.006,""p_erase"":0.0,""r"":3,""run_id"":""a280df8001cea1ee070a56c4996ec5d50320b8479c12fc1989535040228b7844""}",
      9216,        79,         0,   0.014,pymatching,f39561b2c5c2aa20fd9dbdce4396276175fd4f49962dc41ead2a9fafbfdfa321,"{""circuit"":""surface_code:rotated_memory_x"",""cluster_node_limit"":null,""d"":5,""decoder"":""pymatching"",""decoder_type"":null,""p"":0.005,""p_erase"":0.0,""r"":5,""run_id"":""628cfead0e155fffbf162574e5118ad4c463cbf43a9777512870686b39deaa04""}",
     51200,       572,         0,   0.012,pymatching,4ba88674a516fc2ce7fc0e7b875816ca00b52bee6965871d4c7ba369db446cfe,"{""circuit"":""surface_code:rotated_memory_x"",""cluster_node_limit"":null,""d"":3,""decoder"":""pymatching"",""decoder_type"":null,""p"":0.005,""p_erase"":0.0,""r"":3,""run_id"":""42345086844b23be61f3d5906d09fcc5871748b8f8921f75a24c695264657414""}",
     36864,      1033,         0,   0.013,pymatching,577ad1691eeb20862f7262ccc21ac1f12d900521f1ce8c3a35315be58dc0884b,"{""circuit"":""surface_code:rotated_memory_x"",""cluster_node_limit"":null,""d"":3,""decoder"":""pymatching"",""decoder_type"":null,""p"":0.008,""p_erase"":0.0,""r"":3,""run_id"":""33e9b7e2d8507311f56d6ccac9dd998782e7cfac0415ebe1c06c19c27ac6dcb4""}",
     40960,      2083,         0,   0.018,pymatching,ddd3f56ad69b29def059ead258e641f161362d10a9c17744d987ebb52469a1f5,"{""circuit"":""surface_code:rotated_memory_x"",""cluster_node_limit"":null,""d"":3,""decoder"":""pymatching"",""decoder_type"":null,""p"":0.011,""p_erase"":0.0,""r"":3,""run_id"":""945f73dabde4c6b13a28ecee2ae2a6f6c75162f169fa8b501245f75911055cdf""}",
     20879,       260,         0,   0.004,pymatching,4ba88674a516fc2ce7fc0e7b875816ca00b52bee6965871d4c7ba369db446cfe,"{""circuit"":""surface_code:rotated_memory_x"",""cluster_node_limit"":null,""d"":3,""decoder"":""pymatching"",""decoder_type"":null,""p"":0.005,""p_erase"":0.0,""r"":3,""run_id"":""42345086844b23be61f3d5906d09fcc5871748b8f8921f75a24c695264657414""}",
     35215,       756,         0,   0.009,pymatching,9705675245f022ace214d41330f62352bf7881709893c7768972f551a4f3ae8b,"{""circuit"":""surface_code:rotated_memory_x"",""cluster_node_limit"":null,""d"":3,""decoder"":""pymatching"",""decoder_type"":null,""p"":0.007,""p_erase"":0.0,""r"":3,""run_id"":""ca25dd60382702c8ab4919f5b60aa8c5bb5fcadfc5ec8a927b40c0b9b3d684ff""}",
     40335,       981,         0,   0.012,pymatching,ecab6b9d6d97c1f1e49fec31ae07ca166e680c6823bcac341ff5229b15b4e14e,"{""circuit"":""surface_code:rotated_memory_x"",""cluster_node_limit"":null,""d"":3,""decoder"":""pymatching"",""decoder_type"":null,""p"":0.0075,""p_erase"":0.0,""r"":3,""run_id"":""2abbd67f691a06be56a714841dbb3ffc69ff07228f5deb34fab16bef9900ebe0""}",
     48527,      1648,         0,   0.017,pymatching,7dc8660fa7b675e0b7a7b25e7f8be9f5a5f61d81955402db6f1feb5a0ad138c3,"{""circuit"":""surface_code:rotated_memory_x"",""cluster_node_limit"":null,""d"":3,""decoder"":""pymatching"",""decoder_type"":null,""p"":0.009,""p_erase"":0.0,""r"":3,""run_id"":""41c8a8737ab88760e2482764a976d4e1215e793afb5c7515836adab1b3beb68b""}",
     17408,       110,         0,   0.020,pymatching,6b8e617f3ef09d9760f9d6463e55bf6f68f2487296ca7815acf915dac70dd214,"{""circuit"":""surface_code:rotated_memory_x"",""cluster_node_limit"":null,""d"":5,""decoder"":""pymatching"",""decoder_type"":null,""p"":0.004,""p_erase"":0.0,""r"":5,""run_id"":""a008ffb481bda2017dfcb879635fa8388e218721ed152b56043459aa4404b180""}",
     18831,       921,         0,   0.008,pymatching,ddd3f56ad69b29def059ead258e641f161362d10a9c17744d987ebb52469a1f5,"{""circuit"":""surface_code:rotated_memory_x"",""cluster_node_limit"":null,""d"":3,""decoder"":""pymatching"",""decoder_type"":null,""p"":0.011,""p_erase"":0.0,""r"":3,""run_id"":""945f73dabde4c6b13a28ecee2ae2a6f6c75162f169fa8b501245f75911055cdf""}",
     41359,      1166,         0,   0.012,pymatching,577ad1691eeb20862f7262ccc21ac1f12d900521f1ce8c3a35315be58dc0884b,"{""circuit"":""surface_code:rotated_memory_x"",""cluster_node_limit"":null,""d"":3,""decoder"":""pymatching"",""decoder_type"":null,""p"":0.008,""p_erase"":0.0,""r"":3,""run_id"":""33e9b7e2d8507311f56d6ccac9dd998782e7cfac0415ebe1c06c19c27ac6dcb4""}",
      5393,       109,         0,   0.010,pymatching,57ee5cf8c2b8e6a99aa960d7d4863183984c7698f1929b72d2122a1b0c5bf8c5,"{""circuit"":""surface_code:rotated_memory_x"",""cluster_node_limit"":null,""d"":5,""decoder"":""pymatching"",""decoder_type"":null,""p"":0.006,""p_erase"":0.0,""r"":5,""run_id"":""0126865a5b699aea093d9be1730a1146722bf92c2ad6ee8b80e704249fb29fc8""}",
     48128,         2,         0,   0.019,pymatching,e5ab5affce2ded52f692e77fe211891492318c62b9c56cf3dd96c02be5579024,"{""circuit"":""surface_code:rotated_memory_x"",""cluster_node_limit"":null,""d"":5,""decoder"":""pymatching"",""decoder_type"":null,""p"":0.001,""p_erase"":0.0,""r"":5,""run_id"":""81bd8dd36e3080fed91254839f23cad976e6574caba7343d4025f307e163b165""}",
     50176,      2118,         0,   0.019,pymatching,5fd403f6dd2f39b54b1d3716975b091d73c77d8fa329219337447baee61da41b,"{""circuit"":""surface_code:rotated_memory_x"",""cluster_node_limit"":null,""d"":3,""decoder"":""pymatching"",""decoder_type"":null,""p"":0.01,""p_erase"":0.0,""r"":3,""run_id"":""d0b2a4fae9ed29b01e6385f44d8ad1aac77e5f6dc0b2ec39f60d56b361abd1fc""}",
      1423,        59,         0,   0.001,pymatching,5fd403f6dd2f39b54b1d3716975b091d73c77d8fa329219337447baee61da41b,"{""circuit"":""surface_code:rotated_memory_x"",""cluster_node_limit"":null,""d"":3,""decoder"":""pymatching"",""decoder_type"":null,""p"":0.01,""p_erase"":0.0,""r"":3,""run_id"":""d0b2a4fae9ed29b01e6385f44d8ad1aac77e5f6dc0b2ec39f60d56b361abd1fc""}",
      4495,         3,         0,   0.002,pymatching,e5ab5affce2ded52f692e77fe211891492318c62b9c56cf3dd96c02be5579024,"{""circuit"":""surface_code:rotated_memory_x"",""cluster_node_limit"":null,""d"":5,""decoder"":""pymatching"",""decoder_type"":null,""p"":0.001,""p_erase"":0.0,""r"":5,""run_id"":""81bd8dd36e3080fed91254839f23cad976e6574caba7343d4025f307e163b165""}",
     14336,       158,         0,   0.020,pymatching,f39561b2c5c2aa20fd9dbdce4396276175fd4f49962dc41ead2a9fafbfdfa321,"{""circuit"":""surface_code:rotated_memory_x"",""cluster_node_limit"":null,""d"":5,""decoder"":""pymatching"",""decoder_type"":null,""p"":0.005,""p_erase"":0.0,""r"":5,""run_id"":""628cfead0e155fffbf162574e5118ad4c463cbf43a9777512870686b39deaa04""}",
      5393,       106,         0,   0.010,pymatching,cace5edf2f727ad80fcb1dc193edc30a05b66673c477a0e7cffad42025846065,"{""circuit"":""surface_code:rotated_memory_x"",""cluster_node_limit"":null,""d"":5,""decoder"":""pymatching"",""decoder_type"":null,""p"":0.0065,""p_erase"":0.0,""r"":5,""run_id"":""bd690f4d4b29c38652356ee6a8b352e8fbe6157987781b979ace2f79bc25c79f""}",
      5393,       131,         0,   0.011,pymatching,a704313c266a8b9d333d793afcb0d9b8c97cda0251f9dfb3e5da445f0e32c927,"{""circuit"":""surface_code:rotated_memory_x"",""cluster_node_limit"":null,""d"":5,""decoder"":""pymatching"",""decoder_type"":null,""p"":0.007,""p_erase"":0.0,""r"":5,""run_id"":""a0bb58d5692994a18d5ebba78ba19e06af2149ac88549c1f03ff63602fe763df""}",
      4369,       129,         0,   0.010,pymatching,da3a54d1a700e3d3a3c68745d66cbc1d26c0d1f801f189551bd5abb62b74db6b,"{""circuit"":""surface_code:rotated_memory_x"",""cluster_node_limit"":null,""d"":5,""decoder"":""pymatching"",""decoder_type"":null,""p"":0.0075,""p_erase"":0.0,""r"":5,""run_id"":""11973f12822f3ceaf11a70f2f8528f3ff30bd7dbd97a86f24f4aa9c72adfc067""}",
      8192,       133,         0,   0.014,pymatching,57ee5cf8c2b8e6a99aa960d7d4863183984c7698f1929b72d2122a1b0c5bf8c5,"{""circuit"":""surface_code:rotated_memory_x"",""cluster_node_limit"":null,""d"":5,""decoder"":""pymatching"",""decoder_type"":null,""p"":0.006,""p_erase"":0.0,""r"":5,""run_id"":""0126865a5b699aea093d9be1730a1146722bf92c2ad6ee8b80e704249fb29fc8""}",
      3345,       171,         0,   0.010,pymatching,1e25a6ecc3cdf18bbc68d1d4e81a720c4eb758a1a5337b349ea8d535845f17c9,"{""circuit"":""surface_code:rotated_memory_x"",""cluster_node_limit"":null,""d"":5,""decoder"":""pymatching"",""decoder_type"":null,""p"":0.009,""p_erase"":0.0,""r"":5,""run_id"":""5e4d3a87ab43e791f14603a0b25aeba3505e09dc0ed9fc4e230e1fc0f54fadda""}",
      4369,       183,         0,   0.011,pymatching,4e0bd4688adbf65d276d6d96baf91ba03671e1fbc4a990b04f684c3f16d02ed9,"{""circuit"":""surface_code:rotated_memory_x"",""cluster_node_limit"":null,""d"":5,""decoder"":""pymatching"",""decoder_type"":null,""p"":0.008,""p_erase"":0.0,""r"":5,""run_id"":""af5779d6bf6523c0dc667be210a4b072dbc160edc77d76e0194ccefb9fdfea04""}",
     23552,       121,         0,   0.027,pymatching,6b8e617f3ef09d9760f9d6463e55bf6f68f2487296ca7815acf915dac70dd214,"{""circuit"":""surface_code:rotated_memory_x"",""cluster_node_limit"":null,""d"":5,""decoder"":""pymatching"",""decoder_type"":null,""p"":0.004,""p_erase"":0.0,""r"":5,""run_id"":""a008ffb481bda2017dfcb879635fa8388e218721ed152b56043459aa4404b180""}",
      3345,       223,         0,   0.011,pymatching,1e9e43760ef80c126dedc7428a9976645ec42f2672037fae9ec485096fba825d,"{""circuit"":""surface_code:rotated_memory_x"",""cluster_node_limit"":null,""d"":5,""decoder"":""pymatching"",""decoder_type"":null,""p"":0.01,""p_erase"":0.0,""r"":5,""run_id"":""83e6aec94650abd09866ce160d7e141567aaa40d2723dd88fda3b900240388c0""}",
      3345,       287,         0,   0.013,pymatching,c801145cf78875d84a4fd9ccd3394892f29344a5695efcd6651349e798e3a9aa,"{""circuit"":""surface_code:rotated_memory_x"",""cluster_node_limit"":null,""d"":5,""decoder"":""pymatching"",""decoder_type"":null,""p"":0.011,""p_erase"":0.0,""r"":5,""run_id"":""1dd551e4c52b9ee80f93c919218ede77bd90575c02255f486a610c5cd458cb7f""}",
      7168,       143,         0,   0.016,pymatching,cace5edf2f727ad80fcb1dc193edc30a05b66673c477a0e7cffad42025846065,"{""circuit"":""surface_code:rotated_memory_x"",""cluster_node_limit"":null,""d"":5,""decoder"":""pymatching"",""decoder_type"":null,""p"":0.0065,""p_erase"":0.0,""r"":5,""run_id"":""bd690f4d4b29c38652356ee6a8b352e8fbe6157987781b979ace2f79bc25c79f""}",
      6144,       165,         0,   0.014,pymatching,a704313c266a8b9d333d793afcb0d9b8c97cda0251f9dfb3e5da445f0e32c927,"{""circuit"":""surface_code:rotated_memory_x"",""cluster_node_limit"":null,""d"":5,""decoder"":""pymatching"",""decoder_type"":null,""p"":0.007,""p_erase"":0.0,""r"":5,""run_id"":""a0bb58d5692994a18d5ebba78ba19e06af2149ac88549c1f03ff63602fe763df""}",
      6144,       213,         0,   0.015,pymatching,da3a54d1a700e3d3a3c68745d66cbc1d26c0d1f801f189551bd5abb62b74db6b,"{""circuit"":""surface_code:rotated_memory_x"",""cluster_node_limit"":null,""d"":5,""decoder"":""pymatching"",""decoder_type"":null,""p"":0.0075,""p_erase"":0.0,""r"":5,""run_id"":""11973f12822f3ceaf11a70f2f8528f3ff30bd7dbd97a86f24f4aa9c72adfc067""}",
     17408,       181,         0,   0.027,pymatching,f39561b2c5c2aa20fd9dbdce4396276175fd4f49962dc41ead2a9fafbfdfa321,"{""circuit"":""surface_code:rotated_memory_x"",""cluster_node_limit"":null,""d"":5,""decoder"":""pymatching"",""decoder_type"":null,""p"":0.005,""p_erase"":0.0,""r"":5,""run_id"":""628cfead0e155fffbf162574e5118ad4c463cbf43a9777512870686b39deaa04""}",
      9216,       156,         0,   0.019,pymatching,57ee5cf8c2b8e6a99aa960d7d4863183984c7698f1929b72d2122a1b0c5bf8c5,"{""circuit"":""surface_code:rotated_memory_x"",""cluster_node_limit"":null,""d"":5,""decoder"":""pymatching"",""decoder_type"":null,""p"":0.006,""p_erase"":0.0,""r"":5,""run_id"":""0126865a5b699aea093d9be1730a1146722bf92c2ad6ee8b80e704249fb29fc8""}",
      6417,         0,         0,   0.009,pymatching,b8a7179e7ea9b350c4c826c8e529468c380e9aded6e7e3f44f3fe01a4b25314d,"{""circuit"":""surface_code:rotated_memory_x"",""cluster_node_limit"":null,""d"":7,""decoder"":""pymatching"",""decoder_type"":null,""p"":0.001,""p_erase"":0.0,""r"":7,""run_id"":""fb24f0430c2bbb1ccff6aafe8c7571afbb868ebe1133b4a2c7c79bd2d1ea2f85""}",
      5120,       251,         0,   0.015,pymatching,1e25a6ecc3cdf18bbc68d1d4e81a720c4eb758a1a5337b349ea8d535845f17c9,"{""circuit"":""surface_code:rotated_memory_x"",""cluster_node_limit"":null,""d"":5,""decoder"":""pymatching"",""decoder_type"":null,""p"":0.009,""p_erase"":0.0,""r"":5,""run_id"":""5e4d3a87ab43e791f14603a0b25aeba3505e09dc0ed9fc4e230e1fc0f54fadda""}",
      6144,       207,         0,   0.016,pymatching,4e0bd4688adbf65d276d6d96baf91ba03671e1fbc4a990b04f684c3f16d02ed9,"{""circuit"":""surface_code:rotated_memory_x"",""cluster_node_limit"":null,""d"":5,""decoder"":""pymatching"",""decoder_type"":null,""p"":0.008,""p_erase"":0.0,""r"":5,""run_id"":""af5779d6bf6523c0dc667be210a4b072dbc160edc77d76e0194ccefb9fdfea04""}",
      3345,        14,         0,   0.013,pymatching,373f68a47d153890dac0bd1702d2dc508c259de11991888b2dde4e2c82a0db2f,"{""circuit"":""surface_code:rotated_memory_x"",""cluster_node_limit"":null,""d"":7,""decoder"":""pymatching"",""decoder_type"":null,""p"":0.004,""p_erase"":0.0,""r"":7,""run_id"":""058f77d888dcfb89db5ca64215175f09da6d9d09e6b45c7a24f772e82ebce166""}",
      5120,       357,         0,   0.016,pymatching,1e9e43760ef80c126dedc7428a9976645ec42f2672037fae9ec485096fba825d,"{""circuit"":""surface_code:rotated_memory_x"",""cluster_node_limit"":null,""d"":5,""decoder"":""pymatching"",""decoder_type"":null,""p"":0.01,""p_erase"":0.0,""r"":5,""run_id"":""83e6aec94650abd09866ce160d7e141567aaa40d2723dd88fda3b900240388c0""}",
      4096,       313,         0,   0.015,pymatching,c801145cf78875d84a4fd9ccd3394892f29344a5695efcd6651349e798e3a9aa,"{""circuit"":""surface_code:rotated_memory_x"",""cluster_node_limit"":null,""d"":5,""decoder"":""pymatching"",""decoder_type"":null,""p"":0.011,""p_erase"":0.0,""r"":5,""run_id"":""1dd551e4c52b9ee80f93c919218ede77bd90575c02255f486a610c5cd458cb7f""}",
      2321,        18,         0,   0.012,pymatching,f19813e61585498a45f40b1db775cba1f4907f3b418df599ae9faa9c05f0cdd1,"{""circuit"":""surface_code:rotated_memory_x"",""cluster_node_limit"":null,""d"":7,""decoder"":""pymatching"",""decoder_type"":null,""p"":0.005,""p_erase"":0.0,""r"":7,""run_id"":""16454ecae6916d9e99c505bd41706374f02896ecc18a92dca733323a8b23ea30""}",
      9216,       207,         0,   0.019,pymatching,cace5edf2f727ad80fcb1dc193edc30a05b66673c477a0e7cffad42025846065,"{""circuit"":""surface_code:rotated_memory_x"",""cluster_node_limit"":null,""d"":5,""decoder"":""pymatching"",""decoder_type"":null,""p"":0.0065,""p_erase"":0.0,""r"":5,""run_id"":""bd690f4d4b29c38652356ee6a8b352e8fbe6157987781b979ace2f79bc25c79f""}",
      2321,        29,         0,   0.015,pymatching,4c3051486415fff506c4e7aa9b318a32419927ff1bf00919399a09daffe554af,"{""circuit"":""surface_code:rotated_memory_x"",""cluster_node_limit"":null,""d"":7,""decoder"":""pymatching"",""decoder_type"":null,""p"":0.006,""p_erase"":0.0,""r"":7,""run_id"":""e903a71bf50b13f8c81be65ae2d64042330f1bf599902e768a4ef8a0f68d21a1""}",
      9216,       214,         0,   0.020,pymatching,a704313c266a8b9d333d793afcb0d9b8c97cda0251f9dfb3e5da445f0e32c927,"{""circuit"":""surface_code:rotated_memory_x"",""cluster_node_limit"":null,""d"":5,""decoder"":""pymatching"",""decoder_type"":null,""p"":0.007,""p_erase"":0.0,""r"":5,""run_id"":""a0bb58d5692994a18d5ebba78ba19e06af2149ac88549c1f03ff63602fe763df""}",
      8192,       245,         0,   0.020,pymatching,da3a54d1a700e3d3a3c68745d66cbc1d26c0d1f801f189551bd5abb62b74db6b,"{""circuit"":""surface_code:rotated_memory_x"",""cluster_node_limit"":null,""d"":5,""decoder"":""pymatching"",""decoder_type"":null,""p"":0.0075,""p_erase"":0.0,""r"":5,""run_id"":""11973f12822f3ceaf11a70f2f8528f3ff30bd7dbd97a86f24f4aa9c72adfc067""}",
     11264,         0,         0,   0.014,pymatching,b8a7179e7ea9b350c4c826c8e529468c380e9aded6e7e3f44f3fe01a4b25314d,"{""circuit"":""surface_code:rotated_memory_x"",""cluster_node_limit"":null,""d"":7,""decoder"":""pymatching"",""decoder_type"":null,""p"":0.001,""p_erase"":0.0,""r"":7,""run_id"":""fb24f0430c2bbb1ccff6aafe8c7571afbb868ebe1133b4a2c7c79bd2d1ea2f85""}",
      4096,        13,         0,   0.016,pymatching,373f68a47d153890dac0bd1702d2dc508c259de11991888b2dde4e2c82a0db2f,"{""circuit"":""surface_code:rotated_memory_x"",""cluster_node_limit"":null,""d"":7,""decoder"":""pymatching"",""decoder_type"":null,""p"":0.004,""p_erase"":0.0,""r"":7,""run_id"":""058f77d888dcfb89db5ca64215175f09da6d9d09e6b45c7a24f772e82ebce166""}",
      3072,        13,         0,   0.015,pymatching,f19813e61585498a45f40b1db775cba1f4907f3b418df599ae9faa9c05f0cdd1,"{""circuit"":""surface_code:rotated_memory_x"",""cluster_node_limit"":null,""d"":7,""decoder"":""pymatching"",""decoder_type"":null,""p"":0.005,""p_erase"":0.0,""r"":7,""run_id"":""16454ecae6916d9e99c505bd41706374f02896ecc18a92dca733323a8b23ea30""}",
      7168,       321,         0,   0.021,pymatching,1e25a6ecc3cdf18bbc68d1d4e81a720c4eb758a1a5337b349ea8d535845f17c9,"{""circuit"":""surface_code:rotated_memory_x"",""cluster_node_limit"":null,""d"":5,""decoder"":""pymatching"",""decoder_type"":null,""p"":0.009,""p_erase"":0.0,""r"":5,""run_id"":""5e4d3a87ab43e791f14603a0b25aeba3505e09dc0ed9fc4e230e1fc0f54fadda""}",
      7168,       244,         0,   0.020,pymatching,4e0bd4688adbf65d276d6d96baf91ba03671e1fbc4a990b04f684c3f16d02ed9,"{""circuit"":""surface_code:rotated_memory_x"",""cluster_node_limit"":null,""d"":5,""decoder"":""pymatching"",""decoder_type"":null,""p"":0.008,""p_erase"":0.0,""r"":5,""run_id"":""af5779d6bf6523c0dc667be210a4b072dbc160edc77d76e0194ccefb9fdfea04""}",
      6144,       386,         0,   0.021,pymatching,1e9e43760ef80c126dedc7428a9976645ec42f2672037fae9ec485096fba825d,"{""circuit"":""surface_code:rotated_memory_x"",""cluster_node_limit"":null,""d"":5,""decoder"":""pymatching"",""decoder_type"":null,""p"":0.01,""p_erase"":0.0,""r"":5,""run_id"":""83e6aec94650abd09866ce160d7e141567aaa40d2723dd88fda3b900240388c0""}",
     26624,       159,         0,   0.037,pymatching,6b8e617f3ef09d9760f9d6463e55bf6f68f2487296ca7815acf915dac70dd214,"{""circuit"":""surface_code:rotated_memory_x"",""cluster_node_limit"":null,""d"":5,""decoder"":""pymatching"",""decoder_type"":null,""p"":0.004,""p_erase"":0.0,""r"":5,""run_id"":""a008ffb481bda2017dfcb879635fa8388e218721ed152b56043459aa4404b180""}",
      6144,       536,         0,   0.023,pymatching,c801145cf78875d84a4fd9ccd3394892f29344a5695efcd6651349e798e3a9aa,"{""circuit"":""surface_code:rotated_memory_x"",""cluster_node_limit"":null,""d"":5,""decoder"":""pymatching"",""decoder_type"":null,""p"":0.011,""p_erase"":0.0,""r"":5,""run_id"":""1dd551e4c52b9ee80f93c919218ede77bd90575c02255f486a610c5cd458cb7f""}",
     14336,       207,         0,   0.028,pymatching,57ee5cf8c2b8e6a99aa960d7d4863183984c7698f1929b72d2122a1b0c5bf8c5,"{""circuit"":""surface_code:rotated_memory_x"",""cluster_node_limit"":null,""d"":5,""decoder"":""pymatching"",""decoder_type"":null,""p"":0.006,""p_erase"":0.0,""r"":5,""run_id"":""0126865a5b699aea093d9be1730a1146722bf92c2ad6ee8b80e704249fb29fc8""}",
      3072,        56,         0,   0.018,pymatching,4c3051486415fff506c4e7aa9b318a32419927ff1bf00919399a09daffe554af,"{""circuit"":""surface_code:rotated_memory_x"",""cluster_node_limit"":null,""d"":7,""decoder"":""pymatching"",""decoder_type"":null,""p"":0.006,""p_erase"":0.0,""r"":7,""run_id"":""e903a71bf50b13f8c81be65ae2d64042330f1bf599902e768a4ef8a0f68d21a1""}",
     14336,         0,         0,   0.020,pymatching,b8a7179e7ea9b350c4c826c8e529468c380e9aded6e7e3f44f3fe01a4b25314d,"{""circuit"":""surface_code:rotated_memory_x"",""cluster_node_limit"":null,""d"":7,""decoder"":""pymatching"",""decoder_type"":null,""p"":0.001,""p_erase"":0.0,""r"":7,""run_id"":""fb24f0430c2bbb1ccff6aafe8c7571afbb868ebe1133b4a2c7c79bd2d1ea2f85""}",
     21504,       235,         0,   0.038,pymatching,f39561b2c5c2aa20fd9dbdce4396276175fd4f49962dc41ead2a9fafbfdfa321,"{""circuit"":""surface_code:rotated_memory_x"",""cluster_node_limit"":null,""d"":5,""decoder"":""pymatching"",""decoder_type"":null,""p"":0.005,""p_erase"":0.0,""r"":5,""run_id"":""628cfead0e155fffbf162574e5118ad4c463cbf43a9777512870686b39deaa04""}",
     13312,       271,         0,   0.028,pymatching,cace5edf2f727ad80fcb1dc193edc30a05b66673c477a0e7cffad42025846065,"{""circuit"":""surface_code:rotated_memory_x"",""cluster_node_limit"":null,""d"":5,""decoder"":""pymatching"",""decoder_type"":null,""p"":0.0065,""p_erase"":0.0,""r"":5,""run_id"":""bd690f4d4b29c38652356ee6a8b352e8fbe6157987781b979ace2f79bc25c79f""}",
     12288,       328,         0,   0.028,pymatching,a704313c266a8b9d333d793afcb0d9b8c97cda0251f9dfb3e5da445f0e32c927,"{""circuit"":""surface_code:rotated_memory_x"",""cluster_node_limit"":null,""d"":5,""decoder"":""pymatching"",""decoder_type"":null,""p"":0.007,""p_erase"":0.0,""r"":5,""run_id"":""a0bb58d5692994a18d5ebba78ba19e06af2149ac88549c1f03ff63602fe763df""}",
      5120,        13,         0,   0.020,pymatching,373f68a47d153890dac0bd1702d2dc508c259de11991888b2dde4e2c82a0db2f,"{""circuit"":""surface_code:rotated_memory_x"",""cluster_node_limit"":null,""d"":7,""decoder"":""pymatching"",""decoder_type"":null,""p"":0.004,""p_erase"":0.0,""r"":7,""run_id"":""058f77d888dcfb89db5ca64215175f09da6d9d09e6b45c7a24f772e82ebce166""}",
     11264,       334,         0,   0.029,pymatching,da3a54d1a700e3d3a3c68745d66cbc1d26c0d1f801f189551bd5abb62b74db6b,"{""circuit"":""surface_code:rotated_memory_x"",""cluster_node_limit"":null,""d"":5,""decoder"":""pymatching"",""decoder_type"":null,""p"":0.0075,""p_erase"":0.0,""r"":5,""run_id"":""11973f12822f3ceaf11a70f2f8528f3ff30bd7dbd97a86f24f4aa9c72adfc067""}",
      4096,        29,         0,   0.020,pymatching,f19813e61585498a45f40b1db775cba1f4907f3b418df599ae9faa9c05f0cdd1,"{""circuit"":""surface_code:rotated_memory_x"",""cluster_node_limit"":null,""d"":7,""decoder"":""pymatching"",""decoder_type"":null,""p"":0.005,""p_erase"":0.0,""r"":7,""run_id"":""16454ecae6916d9e99c505bd41706374f02896ecc18a92dca733323a8b23ea30""}",
     13711,        68,         0,   0.018,pymatching,6b8e617f3ef09d9760f9d6463e55bf6f68f2487296ca7815acf915dac70dd214,"{""circuit"":""surface_code:rotated_memory_x"",""cluster_node_limit"":null,""d"":5,""decoder"":""pymatching"",""decoder_type"":null,""p"":0.004,""p_erase"":0.0,""r"":5,""run_id"":""a008ffb481bda2017dfcb879635fa8388e218721ed152b56043459aa4404b180""}",
      9216,       467,         0,   0.027,pymatching,1e25a6ecc3cdf18bbc68d1d4e81a720c4eb758a1a5337b349ea8d535845f17c9,"{""circuit"":""surface_code:rotated_memory_x"",""cluster_node_limit"":null,""d"":5,""decoder"":""pymatching"",""decoder_type"":null,""p"":0.009,""p_erase"":0.0,""r"":5,""run_id"":""5e4d3a87ab43e791f14603a0b25aeba3505e09dc0ed9fc4e230e1fc0f54fadda""}",
     10240,       387,         0,   0.028,pymatching,4e0bd4688adbf65d276d6d96baf91ba03671e1fbc4a990b04f684c3f16d02ed9,"{""circuit"":""surface_code:rotated_memory_x"",""cluster_node_limit"":null,""d"":5,""decoder"":""pymatching"",""decoder_type"":null,""p"":0.008,""p_erase"":0.0,""r"":5,""run_id"":""af5779d6bf6523c0dc667be210a4b072dbc160edc77d76e0194ccefb9fdfea04""}",
      8192,       527,         0,   0.027,pymatching,1e9e43760ef80c126dedc7428a9976645ec42f2672037fae9ec485096fba825d,"{""circuit"":""surface_code:rotated_memory_x"",""cluster_node_limit"":null,""d"":5,""decoder"":""pymatching"",""decoder_type"":null,""p"":0.01,""p_erase"":0.0,""r"":5,""run_id"":""83e6aec94650abd09866ce160d7e141567aaa40d2723dd88fda3b900240388c0""}",
      4096,        66,         0,   0.025,pymatching,4c3051486415fff506c4e7aa9b318a32419927ff1bf00919399a09daffe554af,"{""circuit"":""surface_code:rotated_memory_x"",""cluster_node_limit"":null,""d"":7,""decoder"":""pymatching"",""decoder_type"":null,""p"":0.006,""p_erase"":0.0,""r"":7,""run_id"":""e903a71bf50b13f8c81be65ae2d64042330f1bf599902e768a4ef8a0f68d21a1""}",
      8192,       669,         0,   0.030,pymatching,c801145cf78875d84a4fd9ccd3394892f29344a5695efcd6651349e798e3a9aa,"{""circuit"":""surface_code:rotated_memory_x"",""cluster_node_limit"":null,""d"":5,""decoder"":""pymatching"",""decoder_type"":null,""p"":0.011,""p_erase"":0.0,""r"":5,""run_id"":""1dd551e4c52b9ee80f93c919218ede77bd90575c02255f486a610c5cd458cb7f""}",
     20480,         0,         0,   0.027,pymatching,b8a7179e7ea9b350c4c826c8e529468c380e9aded6e7e3f44f3fe01a4b25314d,"{""circuit"":""surface_code:rotated_memory_x"",""cluster_node_limit"":null,""d"":7,""decoder"":""pymatching"",""decoder_type"":null,""p"":0.001,""p_erase"":0.0,""r"":7,""run_id"":""fb24f0430c2bbb1ccff6aafe8c7571afbb868ebe1133b4a2c7c79bd2d1ea2f85""}",
     19456,       310,         0,   0.039,pymatching,57ee5cf8c2b8e6a99aa960d7d4863183984c7698f1929b72d2122a1b0c5bf8c5,"{""circuit"":""surface_code:rotated_memory_x"",""cluster_node_limit"":null,""d"":5,""decoder"":""pymatching"",""decoder_type"":null,""p"":0.006,""p_erase"":0.0,""r"":5,""run_id"":""0126865a5b699aea093d9be1730a1146722bf92c2ad6ee8b80e704249fb29fc8""}",
      6144,        37,         0,   0.029,pymatching,f19813e61585498a45f40b1db775cba1f4907f3b418df599ae9faa9c05f0cdd1,"{""circuit"":""surface_code:rotated_memory_x"",""cluster_node_limit"":null,""d"":7,""decoder"":""pymatching"",""decoder_type"":null,""p"":0.005,""p_erase"":0.0,""r"":7,""run_id"":""16454ecae6916d9e99c505bd41706374f02896ecc18a92dca733323a8b23ea30""}",
      8192,        22,         0,   0.031,pymatching,373f68a47d153890dac0bd1702d2dc508c259de11991888b2dde4e2c82a0db2f,"{""circuit"":""surface_code:rotated_memory_x"",""cluster_node_limit"":null,""d"":7,""decoder"":""pymatching"",""decoder_type"":null,""p"":0.004,""p_erase"":0.0,""r"":7,""run_id"":""058f77d888dcfb89db5ca64215175f09da6d9d09e6b45c7a24f772e82ebce166""}",
     18432,       370,         0,   0.038,pymatching,cace5edf2f727ad80fcb1dc193edc30a05b66673c477a0e7cffad42025846065,"{""circuit"":""surface_code:rotated_memory_x"",""cluster_node_limit"":null,""d"":5,""decoder"":""pymatching"",""decoder_type"":null,""p"":0.0065,""p_erase"":0.0,""r"":5,""run_id"":""bd690f4d4b29c38652356ee6a8b352e8fbe6157987781b979ace2f79bc25c79f""}",
     15360,       456,         0,   0.038,pymatching,da3a54d1a700e3d3a3c68745d66cbc1d26c0d1f801f189551bd5abb62b74db6b,"{""circuit"":""surface_code:rotated_memory_x"",""cluster_node_limit"":null,""d"":5,""decoder"":""pymatching"",""decoder_type"":null,""p"":0.0075,""p_erase"":0.0,""r"":5,""run_id"":""11973f12822f3ceaf11a70f2f8528f3ff30bd7dbd97a86f24f4aa9c72adfc067""}",
     17408,       411,         0,   0.039,pymatching,a704313c266a8b9d333d793afcb0d9b8c97cda0251f9dfb3e5da445f0e32c927,"{""circuit"":""surface_code:rotated_memory_x"",""cluster_node_limit"":null,""d"":5,""decoder"":""pymatching"",""decoder_type"":null,""p"":0.007,""p_erase"":0.0,""r"":5,""run_id"":""a0bb58d5692994a18d5ebba78ba19e06af2149ac88549c1f03ff63602fe763df""}",
      5120,        72,         0,   0.031,pymatching,4c3051486415fff506c4e7aa9b318a32419927ff1bf00919399a09daffe554af,"{""circuit"":""surface_code:rotated_memory_x"",""cluster_node_limit"":null,""d"":7,""decoder"":""pymatching"",""decoder_type"":null,""p"":0.006,""p_erase"":0.0,""r"":7,""run_id"":""e903a71bf50b13f8c81be65ae2d64042330f1bf599902e768a4ef8a0f68d21a1""}",
      2321,        48,         0,   0.016,pymatching,c233478a3f6de0a2bc37970ff7a557bbe6c661ebf1b7166203daae410930b3c5,"{""circuit"":""surface_code:rotated_memory_x"",""cluster_node_limit"":null,""d"":7,""decoder"":""pymatching"",""decoder_type"":null,""p"":0.0065,""p_erase"":0.0,""r"":7,""run_id"":""3a57856ea0a2eef7cfc126320f5a2fda58f51137c4820ac87e7cd9f25bd7185e""}",
     31119,       302,         0,   0.050,pymatching,f39561b2c5c2aa20fd9dbdce4396276175fd4f49962dc41ead2a9fafbfdfa321,"{""circuit"":""surface_code:rotated_memory_x"",""cluster_node_limit"":null,""d"":5,""decoder"":""pymatching"",""decoder_type"":null,""p"":0.005,""p_erase"":0.0,""r"":5,""run_id"":""628cfead0e155fffbf162574e5118ad4c463cbf43a9777512870686b39deaa04""}",
     13312,       626,         0,   0.040,pymatching,1e25a6ecc3cdf18bbc68d1d4e81a720c4eb758a1a5337b349ea8d535845f17c9,"{""circuit"":""surface_code:rotated_memory_x"",""cluster_node_limit"":null,""d"":5,""decoder"":""pymatching"",""decoder_type"":null,""p"":0.009,""p_erase"":0.0,""r"":5,""run_id"":""5e4d3a87ab43e791f14603a0b25aeba3505e09dc0ed9fc4e230e1fc0f54fadda""}",
     15360,       558,         0,   0.039,pymatching,4e0bd4688adbf65d276d6d96baf91ba03671e1fbc4a990b04f684c3f16d02ed9,"{""circuit"":""surface_code:rotated_memory_x"",""cluster_node_limit"":null,""d"":5,""decoder"":""pymatching"",""decoder_type"":null,""p"":0.008,""p_erase"":0.0,""r"":5,""run_id"":""af5779d6bf6523c0dc667be210a4b072dbc160edc77d76e0194ccefb9fdfea04""}",
     11264,       711,         0,   0.038,pymatching,1e9e43760ef80c126dedc7428a9976645ec42f2672037fae9ec485096fba825d,"{""circuit"":""surface_code:rotated_memory_x"",""cluster_node_limit"":null,""d"":5,""decoder"":""pymatching"",""decoder_type"":null,""p"":0.01,""p_erase"":0.0,""r"":5,""run_id"":""83e6aec94650abd09866ce160d7e141567aaa40d2723dd88fda3b900240388c0""}",
     11264,       957,         0,   0.041,pymatching,c801145cf78875d84a4fd9ccd3394892f29344a5695efcd6651349e798e3a9aa,"{""circuit"":""surface_code:rotated_memory_x"",""cluster_node_limit"":null,""d"":5,""decoder"":""pymatching"",""decoder_type"":null,""p"":0.011,""p_erase"":0.0,""r"":5,""run_id"":""1dd551e4c52b9ee80f93c919218ede77bd90575c02255f486a610c5cd458cb7f""}",
     29696,         0,         0,   0.037,pymatching,b8a7179e7ea9b350c4c826c8e529468c380e9aded6e7e3f44f3fe01a4b25314d,"{""circuit"":""surface_code:rotated_memory_x"",""cluster_node_limit"":null,""d"":7,""decoder"":""pymatching"",""decoder_type"":null,""p"":0.001,""p_erase"":0.0,""r"":7,""run_id"":""fb24f0430c2bbb1ccff6aafe8c7571afbb868ebe1133b4a2c7c79bd2d1ea2f85""}",
      3072,        55,         0,   0.020,pymatching,c233478a3f6de0a2bc37970ff7a557bbe6c661ebf1b7166203daae410930b3c5,"{""circuit"":""surface_code:rotated_memory_x"",""cluster_node_limit"":null,""d"":7,""decoder"":""pymatching"",""decoder_type"":null,""p"":0.0065,""p_erase"":0.0,""r"":7,""run_id"":""3a57856ea0a2eef7cfc126320f5a2fda58f51137c4820ac87e7cd9f25bd7185e""}",
     10240,        29,         0,   0.038,pymatching,373f68a47d153890dac0bd1702d2dc508c259de11991888b2dde4e2c82a0db2f,"{""circuit"":""surface_code:rotated_memory_x"",""cluster_node_limit"":null,""d"":7,""decoder"":""pymatching"",""decoder_type"":null,""p"":0.004,""p_erase"":0.0,""r"":7,""run_id"":""058f77d888dcfb89db5ca64215175f09da6d9d09e6b45c7a24f772e82ebce166""}",
      8192,        78,         0,   0.039,pymatching,f19813e61585498a45f40b1db775cba1f4907f3b418df599ae9faa9c05f0cdd1,"{""circuit"":""surface_code:rotated_memory_x"",""cluster_node_limit"":null,""d"":7,""decoder"":""pymatching"",""decoder_type"":null,""p"":0.005,""p_erase"":0.0,""r"":7,""run_id"":""16454ecae6916d9e99c505bd41706374f02896ecc18a92dca733323a8b23ea30""}",
     27648,       475,         0,   0.053,pymatching,57ee5cf8c2b8e6a99aa960d7d4863183984c7698f1929b72d2122a1b0c5bf8c5,"{""circuit"":""surface_code:rotated_memory_x"",""cluster_node_limit"":null,""d"":5,""decoder"":""pymatching"",""decoder_type"":null,""p"":0.006,""p_erase"":0.0,""r"":5,""run_id"":""0126865a5b699aea093d9be1730a1146722bf92c2ad6ee8b80e704249fb29fc8""}",
      7168,       107,         0,   0.043,pymatching,4c3051486415fff506c4e7aa9b318a32419927ff1bf00919399a09daffe554af,"{""circuit"":""surface_code:rotated_memory_x"",""cluster_node_limit"":null,""d"":7,""decoder"":""pymatching"",""decoder_type"":null,""p"":0.006,""p_erase"":0.0,""r"":7,""run_id"":""e903a71bf50b13f8c81be65ae2d64042330f1bf599902e768a4ef8a0f68d21a1""}",
     17807,         1,         0,   0.026,pymatching,b8a7179e7ea9b350c4c826c8e529468c380e9aded6e7e3f44f3fe01a4b25314d,"{""circuit"":""surface_code:rotated_memory_x"",""cluster_node_limit"":null,""d"":7,""decoder"":""pymatching"",""decoder_type"":null,""p"":0.001,""p_erase"":0.0,""r"":7,""run_id"":""fb24f0430c2bbb1ccff6aafe8c7571afbb868ebe1133b4a2c7c79bd2d1ea2f85""}",
      3072,        57,         0,   0.020,pymatching,c233478a3f6de0a2bc37970ff7a557bbe6c661ebf1b7166203daae410930b3c5,"{""circuit"":""surface_code:rotated_memory_x"",""cluster_node_limit"":null,""d"":7,""decoder"":""pymatching"",""decoder_type"":null,""p"":0.0065,""p_erase"":0.0,""r"":7,""run_id"":""3a57856ea0a2eef7cfc126320f5a2fda58f51137c4820ac87e7cd9f25bd7185e""}",
      1297,        33,         0,   0.012,pymatching,cd87e975410d81d451058195a3fd6f65422ac200bf52141ba5997d17e09dac1a,"{""circuit"":""surface_code:rotated_memory_x"",""cluster_node_limit"":null,""d"":7,""decoder"":""pymatching"",""decoder_type"":null,""p"":0.007,""p_erase"":0.0,""r"":7,""run_id"":""91d8f46bc9afc343fc7789c72214def569b94e63852c322746912bfd179edfb0""}",
     25600,       509,         0,   0.054,pymatching,cace5edf2f727ad80fcb1dc193edc30a05b66673c477a0e7cffad42025846065,"{""circuit"":""surface_code:rotated_memory_x"",""cluster_node_limit"":null,""d"":5,""decoder"":""pymatching"",""decoder_type"":null,""p"":0.0065,""p_erase"":0.0,""r"":5,""run_id"":""bd690f4d4b29c38652356ee6a8b352e8fbe6157987781b979ace2f79bc25c79f""}",
     23552,       588,         0,   0.053,pymatching,a704313c266a8b9d333d793afcb0d9b8c97cda0251f9dfb3e5da445f0e32c927,"{""circuit"":""surface_code:rotated_memory_x"",""cluster_node_limit"":null,""d"":5,""decoder"":""pymatching"",""decoder_type"":null,""p"":0.007,""p_erase"":0.0,""r"":5,""run_id"":""a0bb58d5692994a18d5ebba78ba19e06af2149ac88549c1f03ff63602fe763df""}",
     22528,       727,         0,   0.055,pymatching,da3a54d1a700e3d3a3c68745d66cbc1d26c0d1f801f189551bd5abb62b74db6b,"{""circuit"":""surface_code:rotated_memory_x"",""cluster_node_limit"":null,""d"":5,""decoder"":""pymatching"",""decoder_type"":null,""p"":0.0075,""p_erase"":0.0,""r"":5,""run_id"":""11973f12822f3ceaf11a70f2f8528f3ff30bd7dbd97a86f24f4aa9c72adfc067""}",
      2048,        51,         0,   0.015,pymatching,cd87e975410d81d451058195a3fd6f65422ac200bf52141ba5997d17e09dac1a,"{""circuit"":""surface_code:rotated_memory_x"",""cluster_node_limit"":null,""d"":7,""decoder"":""pymatching"",""decoder_type"":null,""p"":0.007,""p_erase"":0.0,""r"":7,""run_id"":""91d8f46bc9afc343fc7789c72214def569b94e63852c322746912bfd179edfb0""}",
     20480,       748,         0,   0.054,pymatching,4e0bd4688adbf65d276d6d96baf91ba03671e1fbc4a990b04f684c3f16d02ed9,"{""circuit"":""surface_code:rotated_memory_x"",""cluster_node_limit"":null,""d"":5,""decoder"":""pymatching"",""decoder_type"":null,""p"":0.008,""p_erase"":0.0,""r"":5,""run_id"":""af5779d6bf6523c0dc667be210a4b072dbc160edc77d76e0194ccefb9fdfea04""}",
     18432,       897,         0,   0.055,pymatching,1e25a6ecc3cdf18bbc68d1d4e81a720c4eb758a1a5337b349ea8d535845f17c9,"{""circuit"":""surface_code:rotated_memory_x"",""cluster_node_limit"":null,""d"":5,""decoder"":""pymatching"",""decoder_type"":null,""p"":0.009,""p_erase"":0.0,""r"":5,""run_id"":""5e4d3a87ab43e791f14603a0b25aeba3505e09dc0ed9fc4e230e1fc0f54fadda""}",
     16384,       985,         0,   0.055,pymatching,1e9e43760ef80c126dedc7428a9976645ec42f2672037fae9ec485096fba825d,"{""circuit"":""surface_code:rotated_memory_x"",""cluster_node_limit"":null,""d"":5,""decoder"":""pymatching"",""decoder_type"":null,""p"":0.01,""p_erase"":0.0,""r"":5,""run_id"":""83e6aec94650abd09866ce160d7e141567aaa40d2723dd88fda3b900240388c0""}",
     15360,      1265,         0,   0.056,pymatching,c801145cf78875d84a4fd9ccd3394892f29344a5695efcd6651349e798e3a9aa,"{""circuit"":""surface_code:rotated_memory_x"",""cluster_node_limit"":null,""d"":5,""decoder"":""pymatching"",""decoder_type"":null,""p"":0.011,""p_erase"":0.0,""r"":5,""run_id"":""1dd551e4c52b9ee80f93c919218ede77bd90575c02255f486a610c5cd458cb7f""}",
     15759,       278,         0,   0.033,pymatching,57ee5cf8c2b8e6a99aa960d7d4863183984c7698f1929b72d2122a1b0c5bf8c5,"{""circuit"":""surface_code:rotated_memory_x"",""cluster_node_limit"":null,""d"":5,""decoder"":""pymatching"",""decoder_type"":null,""p"":0.006,""p_erase"":0.0,""r"":5,""run_id"":""0126865a5b699aea093d9be1730a1146722bf92c2ad6ee8b80e704249fb29fc8""}",
      5120,       103,         0,   0.033,pymatching,c233478a3f6de0a2bc37970ff7a557bbe6c661ebf1b7166203daae410930b3c5,"{""circuit"":""surface_code:rotated_memory_x"",""cluster_node_limit"":null,""d"":7,""decoder"":""pymatching"",""decoder_type"":null,""p"":0.0065,""p_erase"":0.0,""r"":7,""run_id"":""3a57856ea0a2eef7cfc126320f5a2fda58f51137c4820ac87e7cd9f25bd7185e""}",
     11264,        85,         0,   0.053,pymatching,f19813e61585498a45f40b1db775cba1f4907f3b418df599ae9faa9c05f0cdd1,"{""circuit"":""surface_code:rotated_memory_x"",""cluster_node_limit"":null,""d"":7,""decoder"":""pymatching"",""decoder_type"":null,""p"":0.005,""p_erase"":0.0,""r"":7,""run_id"":""16454ecae6916d9e99c505bd41706374f02896ecc18a92dca733323a8b23ea30""}",
     14336,        39,         0,   0.053,pymatching,373f68a47d153890dac0bd1702d2dc508c259de11991888b2dde4e2c82a0db2f,"{""circuit"":""surface_code:rotated_memory_x"",""cluster_node_limit"":null,""d"":7,""decoder"":""pymatching"",""decoder_type"":null,""p"":0.004,""p_erase"":0.0,""r"":7,""run_id"":""058f77d888dcfb89db5ca64215175f09da6d9d09e6b45c7a24f772e82ebce166""}",
      3072,        78,         0,   0.022,pymatching,cd87e975410d81d451058195a3fd6f65422ac200bf52141ba5997d17e09dac1a,"{""circuit"":""surface_code:rotated_memory_x"",""cluster_node_limit"":null,""d"":7,""decoder"":""pymatching"",""decoder_type"":null,""p"":0.007,""p_erase"":0.0,""r"":7,""run_id"":""91d8f46bc9afc343fc7789c72214def569b94e63852c322746912bfd179edfb0""}",
      1297,        54,         0,   0.011,pymatching,4367478e3c034363ca2a92cfe06260b462806556c1eb33be817e047cb5f0192c,"{""circuit"":""surface_code:rotated_memory_x"",""cluster_node_limit"":null,""d"":7,""decoder"":""pymatching"",""decoder_type"":null,""p"":0.0075,""p_erase"":0.0,""r"":7,""run_id"":""f80fa2b4fbf080be88fc9f8578d9c113faf5dc0645fb72e02ae24a27edb43396""}",
     20879,       441,         0,   0.045,pymatching,cace5edf2f727ad80fcb1dc193edc30a05b66673c477a0e7cffad42025846065,"{""circuit"":""surface_code:rotated_memory_x"",""cluster_node_limit"":null,""d"":5,""decoder"":""pymatching"",""decoder_type"":null,""p"":0.0065,""p_erase"":0.0,""r"":5,""run_id"":""bd690f4d4b29c38652356ee6a8b352e8fbe6157987781b979ace2f79bc25c79f""}",
      9216,       121,         0,   0.056,pymatching,4c3051486415fff506c4e7aa9b318a32419927ff1bf00919399a09daffe554af,"{""circuit"":""surface_code:rotated_memory_x"",""cluster_node_limit"":null,""d"":7,""decoder"":""pymatching"",""decoder_type"":null,""p"":0.006,""p_erase"":0.0,""r"":7,""run_id"":""e903a71bf50b13f8c81be65ae2d64042330f1bf599902e768a4ef8a0f68d21a1""}",
      2048,        53,         0,   0.016,pymatching,4367478e3c034363ca2a92cfe06260b462806556c1eb33be817e047cb5f0192c,"{""circuit"":""surface_code:rotated_memory_x"",""cluster_node_limit"":null,""d"":7,""decoder"":""pymatching"",""decoder_type"":null,""p"":0.0075,""p_erase"":0.0,""r"":7,""run_id"":""f80fa2b4fbf080be88fc9f8578d9c113faf5dc0645fb72e02ae24a27edb43396""}",
     25999,       649,         0,   0.059,pymatching,a704313c266a8b9d333d793afcb0d9b8c97cda0251f9dfb3e5da445f0e32c927,"{""circuit"":""surface_code:rotated_memory_x"",""cluster_node_limit"":null,""d"":5,""decoder"":""pymatching"",""decoder_type"":null,""p"":0.007,""p_erase"":0.0,""r"":5,""run_id"":""a0bb58d5692994a18d5ebba78ba19e06af2149ac88549c1f03ff63602fe763df""}",
      4096,       114,         0,   0.029,pymatching,cd87e975410d81d451058195a3fd6f65422ac200bf52141ba5997d17e09dac1a,"{""circuit"":""surface_code:rotated_memory_x"",""cluster_node_limit"":null,""d"":7,""decoder"":""pymatching"",""decoder_type"":null,""p"":0.007,""p_erase"":0.0,""r"":7,""run_id"":""91d8f46bc9afc343fc7789c72214def569b94e63852c322746912bfd179edfb0""}",
      1297,        57,         0,   0.012,pymatching,f9aa53b73f715f7c1748dfc73af185f2e61e08bfc1b05a61b159b6cccdd60647,"{""circuit"":""surface_code:rotated_memory_x"",""cluster_node_limit"":null,""d"":7,""decoder"":""pymatching"",""decoder_type"":null,""p"":0.008,""p_erase"":0.0,""r"":7,""run_id"":""81d370d5ed4c7024002ca188b7488972a99add503257f553aced5d5cb56f6ed6""}",
     12288,      1006,         0,   0.046,pymatching,c801145cf78875d84a4fd9ccd3394892f29344a5695efcd6651349e798e3a9aa,"{""circuit"":""surface_code:rotated_memory_x"",""cluster_node_limit"":null,""d"":5,""decoder"":""pymatching"",""decoder_type"":null,""p"":0.011,""p_erase"":0.0,""r"":5,""run_id"":""1dd551e4c52b9ee80f93c919218ede77bd90575c02255f486a610c5cd458cb7f""}",
      6144,       120,         0,   0.041,pymatching,c233478a3f6de0a2bc37970ff7a557bbe6c661ebf1b7166203daae410930b3c5,"{""circuit"":""surface_code:rotated_memory_x"",""cluster_node_limit"":null,""d"":7,""decoder"":""pymatching"",""decoder_type"":null,""p"":0.0065,""p_erase"":0.0,""r"":7,""run_id"":""3a57856ea0a2eef7cfc126320f5a2fda58f51137c4820ac87e7cd9f25bd7185e""}",
      3072,       104,         0,   0.024,pymatching,4367478e3c034363ca2a92cfe06260b462806556c1eb33be817e047cb5f0192c,"{""circuit"":""surface_code:rotated_memory_x"",""cluster_node_limit"":null,""d"":7,""decoder"":""pymatching"",""decoder_type"":null,""p"":0.0075,""p_erase"":0.0,""r"":7,""run_id"":""f80fa2b4fbf080be88fc9f8578d9c113faf5dc0645fb72e02ae24a27edb43396""}",
     30720,       989,         0,   0.075,pymatching,da3a54d1a700e3d3a3c68745d66cbc1d26c0d1f801f189551bd5abb62b74db6b,"{""circuit"":""surface_code:rotated_memory_x"",""cluster_node_limit"":null,""d"":5,""decoder"":""pymatching"",""decoder_type"":null,""p"":0.0075,""p_erase"":0.0,""r"":5,""run_id"":""11973f12822f3ceaf11a70f2f8528f3ff30bd7dbd97a86f24f4aa9c72adfc067""}",
      2048,        91,         0,   0.017,pymatching,f9aa53b73f715f7c1748dfc73af185f2e61e08bfc1b05a61b159b6cccdd60647,"{""circuit"":""surface_code:rotated_memory_x"",""cluster_node_limit"":null,""d"":7,""decoder"":""pymatching"",""decoder_type"":null,""p"":0.008,""p_erase"":0.0,""r"":7,""run_id"":""81d370d5ed4c7024002ca188b7488972a99add503257f553aced5d5cb56f6ed6""}",
      1423,        48,         0,   0.004,pymatching,da3a54d1a700e3d3a3c68745d66cbc1d26c0d1f801f189551bd5abb62b74db6b,"{""circuit"":""surface_code:rotated_memory_x"",""cluster_node_limit"":null,""d"":5,""decoder"":""pymatching"",""decoder_type"":null,""p"":0.0075,""p_erase"":0.0,""r"":5,""run_id"":""11973f12822f3ceaf11a70f2f8528f3ff30bd7dbd97a86f24f4aa9c72adfc067""}",
      1297,        66,         0,   0.013,pymatching,48874c950f80af767fc6361a4c53dfad000b8ded5efc33a94f0e82967eb1b1db,"{""circuit"":""surface_code:rotated_memory_x"",""cluster_node_limit"":null,""d"":7,""decoder"":""pymatching"",""decoder_type"":null,""p"":0.009,""p_erase"":0.0,""r"":7,""run_id"":""6e34c47688fcac2e2442cfe06a95442e760b70ea7d0e929344e05f9170b9303a""}",
     28672,      1048,         0,   0.074,pymatching,4e0bd4688adbf65d276d6d96baf91ba03671e1fbc4a990b04f684c3f16d02ed9,"{""circuit"":""surface_code:rotated_memory_x"",""cluster_node_limit"":null,""d"":5,""decoder"":""pymatching"",""decoder_type"":null,""p"":0.008,""p_erase"":0.0,""r"":5,""run_id"":""af5779d6bf6523c0dc667be210a4b072dbc160edc77d76e0194ccefb9fdfea04""}",
     22528,      1489,         0,   0.075,pymatching,1e9e43760ef80c126dedc7428a9976645ec42f2672037fae9ec485096fba825d,"{""circuit"":""surface_code:rotated_memory_x"",""cluster_node_limit"":null,""d"":5,""decoder"":""pymatching"",""decoder_type"":null,""p"":0.01,""p_erase"":0.0,""r"":5,""run_id"":""83e6aec94650abd09866ce160d7e141567aaa40d2723dd88fda3b900240388c0""}",
     25600,      1270,         0,   0.076,pymatching,1e25a6ecc3cdf18bbc68d1d4e81a720c4eb758a1a5337b349ea8d535845f17c9,"{""circuit"":""surface_code:rotated_memory_x"",""cluster_node_limit"":null,""d"":5,""decoder"":""pymatching"",""decoder_type"":null,""p"":0.009,""p_erase"":0.0,""r"":5,""run_id"":""5e4d3a87ab43e791f14603a0b25aeba3505e09dc0ed9fc4e230e1fc0f54fadda""}",
      1297,       100,         0,   0.015,pymatching,4f6ff4150dbf1b59ed2a5edab9955b7ac16c1f88c12672a5452d095b36acfb62,"{""circuit"":""surface_code:rotated_memory_x"",""cluster_node_limit"":null,""d"":7,""decoder"":""pymatching"",""decoder_type"":null,""p"":0.01,""p_erase"":0.0,""r"":7,""run_id"":""03061ce7bf4a4d4acad10d80f989a163f84bf6795d8567c7e122d85701dcc91f""}",
      6144,       170,         0,   0.043,pymatching,cd87e975410d81d451058195a3fd6f65422ac200bf52141ba5997d17e09dac1a,"{""circuit"":""surface_code:rotated_memory_x"",""cluster_node_limit"":null,""d"":7,""decoder"":""pymatching"",""decoder_type"":null,""p"":0.007,""p_erase"":0.0,""r"":7,""run_id"":""91d8f46bc9afc343fc7789c72214def569b94e63852c322746912bfd179edfb0""}",
      5120,       357,         0,   0.017,pymatching,1e9e43760ef80c126dedc7428a9976645ec42f2672037fae9ec485096fba825d,"{""circuit"":""surface_code:rotated_memory_x"",""cluster_node_limit"":null,""d"":5,""decoder"":""pymatching"",""decoder_type"":null,""p"":0.01,""p_erase"":0.0,""r"":5,""run_id"":""83e6aec94650abd09866ce160d7e141567aaa40d2723dd88fda3b900240388c0""}",
      2048,       113,         0,   0.019,pymatching,48874c950f80af767fc6361a4c53dfad000b8ded5efc33a94f0e82967eb1b1db,"{""circuit"":""surface_code:rotated_memory_x"",""cluster_node_limit"":null,""d"":7,""decoder"":""pymatching"",""decoder_type"":null,""p"":0.009,""p_erase"":0.0,""r"":7,""run_id"":""6e34c47688fcac2e2442cfe06a95442e760b70ea7d0e929344e05f9170b9303a""}",
      3072,       126,         0,   0.025,pymatching,f9aa53b73f715f7c1748dfc73af185f2e61e08bfc1b05a61b159b6cccdd60647,"{""circuit"":""surface_code:rotated_memory_x"",""cluster_node_limit"":null,""d"":7,""decoder"":""pymatching"",""decoder_type"":null,""p"":0.008,""p_erase"":0.0,""r"":7,""run_id"":""81d370d5ed4c7024002ca188b7488972a99add503257f553aced5d5cb56f6ed6""}",
      4096,       145,         0,   0.031,pymatching,4367478e3c034363ca2a92cfe06260b462806556c1eb33be817e047cb5f0192c,"{""circuit"":""surface_code:rotated_memory_x"",""cluster_node_limit"":null,""d"":7,""decoder"":""pymatching"",""decoder_type"":null,""p"":0.0075,""p_erase"":0.0,""r"":7,""run_id"":""f80fa2b4fbf080be88fc9f8578d9c113faf5dc0645fb72e02ae24a27edb43396""}",
     20480,        61,         0,   0.077,pymatching,373f68a47d153890dac0bd1702d2dc508c259de11991888b2dde4e2c82a0db2f,"{""circuit"":""surface_code:rotated_memory_x"",""cluster_node_limit"":null,""d"":7,""decoder"":""pymatching"",""decoder_type"":null,""p"":0.004,""p_erase"":0.0,""r"":7,""run_id"":""058f77d888dcfb89db5ca64215175f09da6d9d09e6b45c7a24f772e82ebce166""}",
      7567,       248,         0,   0.021,pymatching,4e0bd4688adbf65d276d6d96baf91ba03671e1fbc4a990b04f684c3f16d02ed9,"{""circuit"":""surface_code:rotated_memory_x"",""cluster_node_limit"":null,""d"":5,""decoder"":""pymatching"",""decoder_type"":null,""p"":0.008,""p_erase"":0.0,""r"":5,""run_id"":""af5779d6bf6523c0dc667be210a4b072dbc160edc77d76e0194ccefb9fdfea04""}",
     16384,       120,         0,   0.079,pymatching,f19813e61585498a45f40b1db775cba1f4907f3b418df599ae9faa9c05f0cdd1,"{""circuit"":""surface_code:rotated_memory_x"",""cluster_node_limit"":null,""d"":7,""decoder"":""pymatching"",""decoder_type"":null,""p"":0.005,""p_erase"":0.0,""r"":7,""run_id"":""16454ecae6916d9e99c505bd41706374f02896ecc18a92dca733323a8b23ea30""}",
      2048,       121,         0,   0.020,pymatching,48874c950f80af767fc6361a4c53dfad000b8ded5efc33a94f0e82967eb1b1db,"{""circuit"":""surface_code:rotated_memory_x"",""cluster_node_limit"":null,""d"":7,""decoder"":""pymatching"",""decoder_type"":null,""p"":0.009,""p_erase"":0.0,""r"":7,""run_id"":""6e34c47688fcac2e2442cfe06a95442e760b70ea7d0e929344e05f9170b9303a""}",
      1297,       126,         0,   0.017,pymatching,7c96d989f5720ee3f5af8bf79c493af0d5feeb763c1bed37dd73ece71f8c4347,"{""circuit"":""surface_code:rotated_memory_x"",""cluster_node_limit"":null,""d"":7,""decoder"":""pymatching"",""decoder_type"":null,""p"":0.011,""p_erase"":0.0,""r"":7,""run_id"":""ff92ed8cef0b2185378a4fc7a79235d080918ef50bc2e99bde1cb20bad30491e""}",
      2048,       168,         0,   0.023,pymatching,4f6ff4150dbf1b59ed2a5edab9955b7ac16c1f88c12672a5452d095b36acfb62,"{""circuit"":""surface_code:rotated_memory_x"",""cluster_node_limit"":null,""d"":7,""decoder"":""pymatching"",""decoder_type"":null,""p"":0.01,""p_erase"":0.0,""r"":7,""run_id"":""03061ce7bf4a4d4acad10d80f989a163f84bf6795d8567c7e122d85701dcc91f""}",
      9216,       191,         0,   0.060,pymatching,c233478a3f6de0a2bc37970ff7a557bbe6c661ebf1b7166203daae410930b3c5,"{""circuit"":""surface_code:rotated_memory_x"",""cluster_node_limit"":null,""d"":7,""decoder"":""pymatching"",""decoder_type"":null,""p"":0.0065,""p_erase"":0.0,""r"":7,""run_id"":""3a57856ea0a2eef7cfc126320f5a2fda58f51137c4820ac87e7cd9f25bd7185e""}",
     13312,       207,         0,   0.079,pymatching,4c3051486415fff506c4e7aa9b318a32419927ff1bf00919399a09daffe554af,"{""circuit"":""surface_code:rotated_memory_x"",""cluster_node_limit"":null,""d"":7,""decoder"":""pymatching"",""decoder_type"":null,""p"":0.006,""p_erase"":0.0,""r"":7,""run_id"":""e903a71bf50b13f8c81be65ae2d64042330f1bf599902e768a4ef8a0f68d21a1""}",
      3345,         0,         0,   0.011,pymatching,64ef87d9dcc81d69f07102ed75fe69d99c75a8b3a05c547825327c29aa9b2035,"{""circuit"":""surface_code:rotated_memory_x"",""cluster_node_limit"":null,""d"":9,""decoder"":""pymatching"",""decoder_type"":null,""p"":0.001,""p_erase"":0.0,""r"":9,""run_id"":""55b189fd0eb60871d80dbfeac71a3dcebaa9c7144ad7cd80494ee272dc33f5af""}",
      4096,       153,         0,   0.036,pymatching,f9aa53b73f715f7c1748dfc73af185f2e61e08bfc1b05a61b159b6cccdd60647,"{""circuit"":""surface_code:rotated_memory_x"",""cluster_node_limit"":null,""d"":7,""decoder"":""pymatching"",""decoder_type"":null,""p"":0.008,""p_erase"":0.0,""r"":7,""run_id"":""81d370d5ed4c7024002ca188b7488972a99add503257f553aced5d5cb56f6ed6""}",
     17807,       885,         0,   0.055,pymatching,1e25a6ecc3cdf18bbc68d1d4e81a720c4eb758a1a5337b349ea8d535845f17c9,"{""circuit"":""surface_code:rotated_memory_x"",""cluster_node_limit"":null,""d"":5,""decoder"":""pymatching"",""decoder_type"":null,""p"":0.009,""p_erase"":0.0,""r"":5,""run_id"":""5e4d3a87ab43e791f14603a0b25aeba3505e09dc0ed9fc4e230e1fc0f54fadda""}",
      5120,       164,         0,   0.041,pymatching,4367478e3c034363ca2a92cfe06260b462806556c1eb33be817e047cb5f0192c,"{""circuit"":""surface_code:rotated_memory_x"",""cluster_node_limit"":null,""d"":7,""decoder"":""pymatching"",""decoder_type"":null,""p"":0.0075,""p_erase"":0.0,""r"":7,""run_id"":""f80fa2b4fbf080be88fc9f8578d9c113faf5dc0645fb72e02ae24a27edb43396""}",
      5120,         0,         0,   0.015,pymatching,64ef87d9dcc81d69f07102ed75fe69d99c75a8b3a05c547825327c29aa9b2035,"{""circuit"":""surface_code:rotated_memory_x"",""cluster_node_limit"":null,""d"":9,""decoder"":""pymatching"",""decoder_type"":null,""p"":0.001,""p_erase"":0.0,""r"":9,""run_id"":""55b189fd0eb60871d80dbfeac71a3dcebaa9c7144ad7cd80494ee272dc33f5af""}",
      2048,       147,         0,   0.023,pymatching,4f6ff4150dbf1b59ed2a5edab9955b7ac16c1f88c12672a5452d095b36acfb62,"{""circuit"":""surface_code:rotated_memory_x"",""cluster_node_limit"":null,""d"":7,""decoder"":""pymatching"",""decoder_type"":null,""p"":0.01,""p_erase"":0.0,""r"":7,""run_id"":""03061ce7bf4a4d4acad10d80f989a163f84bf6795d8567c7e122d85701dcc91f""}",
      2048,       199,         0,   0.026,pymatching,7c96d989f5720ee3f5af8bf79c493af0d5feeb763c1bed37dd73ece71f8c4347,"{""circuit"":""surface_code:rotated_memory_x"",""cluster_node_limit"":null,""d"":7,""decoder"":""pymatching"",""decoder_type"":null,""p"":0.011,""p_erase"":0.0,""r"":7,""run_id"":""ff92ed8cef0b2185378a4fc7a79235d080918ef50bc2e99bde1cb20bad30491e""}",
      3072,       173,         0,   0.029,pymatching,48874c950f80af767fc6361a4c53dfad000b8ded5efc33a94f0e82967eb1b1db,"{""circuit"":""surface_code:rotated_memory_x"",""cluster_node_limit"":null,""d"":7,""decoder"":""pymatching"",""decoder_type"":null,""p"":0.009,""p_erase"":0.0,""r"":7,""run_id"":""6e34c47688fcac2e2442cfe06a95442e760b70ea7d0e929344e05f9170b9303a""}",
      1297,         4,         0,   0.013,pymatching,a78796fb5594a31916640586c65bc67da1b2e2bfe0ee2ff63c393fd757780422,"{""circuit"":""surface_code:rotated_memory_x"",""cluster_node_limit"":null,""d"":9,""decoder"":""pymatching"",""decoder_type"":null,""p"":0.004,""p_erase"":0.0,""r"":9,""run_id"":""fbd96cbc1edbf7653c744997b9674194ab59a5dc44bb3a2c9e7a420c42e3c8fc""}",
      8192,       197,         0,   0.059,pymatching,cd87e975410d81d451058195a3fd6f65422ac200bf52141ba5997d17e09dac1a,"{""circuit"":""surface_code:rotated_memory_x"",""cluster_node_limit"":null,""d"":7,""decoder"":""pymatching"",""decoder_type"":null,""p"":0.007,""p_erase"":0.0,""r"":7,""run_id"":""91d8f46bc9afc343fc7789c72214def569b94e63852c322746912bfd179edfb0""}",
      8192,         0,         0,   0.023,pymatching,64ef87d9dcc81d69f07102ed75fe69d99c75a8b3a05c547825327c29aa9b2035,"{""circuit"":""surface_code:rotated_memory_x"",""cluster_node_limit"":null,""d"":9,""decoder"":""pymatching"",""decoder_type"":null,""p"":0.001,""p_erase"":0.0,""r"":9,""run_id"":""55b189fd0eb60871d80dbfeac71a3dcebaa9c7144ad7cd80494ee272dc33f5af""}",
      1297,         8,         0,   0.016,pymatching,7a258fd1078357f42d0130b3f514fef6d77d8b8fd0d8dcdd9b95588a35b8a3ec,"{""circuit"":""surface_code:rotated_memory_x"",""cluster_node_limit"":null,""d"":9,""decoder"":""pymatching"",""decoder_type"":null,""p"":0.005,""p_erase"":0.0,""r"":9,""run_id"":""2a4ea2d584fc2bf5c8190788d85215184fedc7e186490a60b77c03f97ea87652""}",
      2048,         4,         0,   0.018,pymatching,a78796fb5594a31916640586c65bc67da1b2e2bfe0ee2ff63c393fd757780422,"{""circuit"":""surface_code:rotated_memory_x"",""cluster_node_limit"":null,""d"":9,""decoder"":""pymatching"",""decoder_type"":null,""p"":0.004,""p_erase"":0.0,""r"":9,""run_id"":""fbd96cbc1edbf7653c744997b9674194ab59a5dc44bb3a2c9e7a420c42e3c8fc""}",
      2048,       222,         0,   0.026,pymatching,7c96d989f5720ee3f5af8bf79c493af0d5feeb763c1bed37dd73ece71f8c4347,"{""circuit"":""surface_code:rotated_memory_x"",""cluster_node_limit"":null,""d"":7,""decoder"":""pymatching"",""decoder_type"":null,""p"":0.011,""p_erase"":0.0,""r"":7,""run_id"":""ff92ed8cef0b2185378a4fc7a79235d080918ef50bc2e99bde1cb20bad30491e""}",
      3072,       296,         0,   0.036,pymatching,4f6ff4150dbf1b59ed2a5edab9955b7ac16c1f88c12672a5452d095b36acfb62,"{""circuit"":""surface_code:rotated_memory_x"",""cluster_node_limit"":null,""d"":7,""decoder"":""pymatching"",""decoder_type"":null,""p"":0.01,""p_erase"":0.0,""r"":7,""run_id"":""03061ce7bf4a4d4acad10d80f989a163f84bf6795d8567c7e122d85701dcc91f""}",
      5120,       204,         0,   0.044,pymatching,f9aa53b73f715f7c1748dfc73af185f2e61e08bfc1b05a61b159b6cccdd60647,"{""circuit"":""surface_code:rotated_memory_x"",""cluster_node_limit"":null,""d"":7,""decoder"":""pymatching"",""decoder_type"":null,""p"":0.008,""p_erase"":0.0,""r"":7,""run_id"":""81d370d5ed4c7024002ca188b7488972a99add503257f553aced5d5cb56f6ed6""}",
      2048,        14,         0,   0.023,pymatching,7a258fd1078357f42d0130b3f514fef6d77d8b8fd0d8dcdd9b95588a35b8a3ec,"{""circuit"":""surface_code:rotated_memory_x"",""cluster_node_limit"":null,""d"":9,""decoder"":""pymatching"",""decoder_type"":null,""p"":0.005,""p_erase"":0.0,""r"":9,""run_id"":""2a4ea2d584fc2bf5c8190788d85215184fedc7e186490a60b77c03f97ea87652""}",
      4096,       247,         0,   0.041,pymatching,48874c950f80af767fc6361a4c53dfad000b8ded5efc33a94f0e82967eb1b1db,"{""circuit"":""surface_code:rotated_memory_x"",""cluster_node_limit"":null,""d"":7,""decoder"":""pymatching"",""decoder_type"":null,""p"":0.009,""p_erase"":0.0,""r"":7,""run_id"":""6e34c47688fcac2e2442cfe06a95442e760b70ea7d0e929344e05f9170b9303a""}",
     10240,         0,         0,   0.030,pymatching,64ef87d9dcc81d69f07102ed75fe69d99c75a8b3a05c547825327c29aa9b2035,"{""circuit"":""surface_code:rotated_memory_x"",""cluster_node_limit"":null,""d"":9,""decoder"":""pymatching"",""decoder_type"":null,""p"":0.001,""p_erase"":0.0,""r"":9,""run_id"":""55b189fd0eb60871d80dbfeac71a3dcebaa9c7144ad7cd80494ee272dc33f5af""}",
      7168,       231,         0,   0.056,pymatching,4367478e3c034363ca2a92cfe06260b462806556c1eb33be817e047cb5f0192c,"{""circuit"":""surface_code:rotated_memory_x"",""cluster_node_limit"":null,""d"":7,""decoder"":""pymatching"",""decoder_type"":null,""p"":0.0075,""p_erase"":0.0,""r"":7,""run_id"":""f80fa2b4fbf080be88fc9f8578d9c113faf5dc0645fb72e02ae24a27edb43396""}",
      3072,         3,         0,   0.026,pymatching,a78796fb5594a31916640586c65bc67da1b2e2bfe0ee2ff63c393fd757780422,"{""circuit"":""surface_code:rotated_memory_x"",""cluster_node_limit"":null,""d"":9,""decoder"":""pymatching"",""decoder_type"":null,""p"":0.004,""p_erase"":0.0,""r"":9,""run_id"":""fbd96cbc1edbf7653c744997b9674194ab59a5dc44bb3a2c9e7a420c42e3c8fc""}",
      1297,         9,         0,   0.020,pymatching,095b2096f3bed8f6a8a073fe98d7f29636ec55bc649f3aa2873b03d010f4de4e,"{""circuit"":""surface_code:rotated_memory_x"",""cluster_node_limit"":null,""d"":9,""decoder"":""pymatching"",""decoder_type"":null,""p"":0.006,""p_erase"":0.0,""r"":9,""run_id"":""49d7f376c9a48c12ec23d679fde87245bd4d0482dbc94bad0b77fac81ebbb791""}",
     11264,       265,         0,   0.077,pymatching,c233478a3f6de0a2bc37970ff7a557bbe6c661ebf1b7166203daae410930b3c5,"{""circuit"":""surface_code:rotated_memory_x"",""cluster_node_limit"":null,""d"":7,""decoder"":""pymatching"",""decoder_type"":null,""p"":0.0065,""p_erase"":0.0,""r"":7,""run_id"":""3a57856ea0a2eef7cfc126320f5a2fda58f51137c4820ac87e7cd9f25bd7185e""}",
     20480,       168,         0,   0.106,pymatching,f19813e61585498a45f40b1db775cba1f4907f3b418df599ae9faa9c05f0cdd1,"{""circuit"":""surface_code:rotated_memory_x"",""cluster_node_limit"":null,""d"":7,""decoder"":""pymatching"",""decoder_type"":null,""p"":0.005,""p_erase"":0.0,""r"":7,""run_id"":""16454ecae6916d9e99c505bd41706374f02896ecc18a92dca733323a8b23ea30""}",
      1024,        12,         0,   0.014,pymatching,095b2096f3bed8f6a8a073fe98d7f29636ec55bc649f3aa2873b03d010f4de4e,"{""circuit"":""surface_code:rotated_memory_x"",""cluster_node_limit"":null,""d"":9,""decoder"":""pymatching"",""decoder_type"":null,""p"":0.006,""p_erase"":0.0,""r"":9,""run_id"":""49d7f376c9a48c12ec23d679fde87245bd4d0482dbc94bad0b77fac81ebbb791""}",
      2048,        10,         0,   0.024,pymatching,7a258fd1078357f42d0130b3f514fef6d77d8b8fd0d8dcdd9b95588a35b8a3ec,"{""circuit"":""surface_code:rotated_memory_x"",""cluster_node_limit"":null,""d"":9,""decoder"":""pymatching"",""decoder_type"":null,""p"":0.005,""p_erase"":0.0,""r"":9,""run_id"":""2a4ea2d584fc2bf5c8190788d85215184fedc7e186490a60b77c03f97ea87652""}",
     26624,        75,         0,   0.110,pymatching,373f68a47d153890dac0bd1702d2dc508c259de11991888b2dde4e2c82a0db2f,"{""circuit"":""surface_code:rotated_memory_x"",""cluster_node_limit"":null,""d"":7,""decoder"":""pymatching"",""decoder_type"":null,""p"":0.004,""p_erase"":0.0,""r"":7,""run_id"":""058f77d888dcfb89db5ca64215175f09da6d9d09e6b45c7a24f772e82ebce166""}",
      3072,       346,         0,   0.040,pymatching,7c96d989f5720ee3f5af8bf79c493af0d5feeb763c1bed37dd73ece71f8c4347,"{""circuit"":""surface_code:rotated_memory_x"",""cluster_node_limit"":null,""d"":7,""decoder"":""pymatching"",""decoder_type"":null,""p"":0.011,""p_erase"":0.0,""r"":7,""run_id"":""ff92ed8cef0b2185378a4fc7a79235d080918ef50bc2e99bde1cb20bad30491e""}",
      4096,       347,         0,   0.046,pymatching,4f6ff4150dbf1b59ed2a5edab9955b7ac16c1f88c12672a5452d095b36acfb62,"{""circuit"":""surface_code:rotated_memory_x"",""cluster_node_limit"":null,""d"":7,""decoder"":""pymatching"",""decoder_type"":null,""p"":0.01,""p_erase"":0.0,""r"":7,""run_id"":""03061ce7bf4a4d4acad10d80f989a163f84bf6795d8567c7e122d85701dcc91f""}",
     17408,       290,         0,   0.106,pymatching,4c3051486415fff506c4e7aa9b318a32419927ff1bf00919399a09daffe554af,"{""circuit"":""surface_code:rotated_memory_x"",""cluster_node_limit"":null,""d"":7,""decoder"":""pymatching"",""decoder_type"":null,""p"":0.006,""p_erase"":0.0,""r"":7,""run_id"":""e903a71bf50b13f8c81be65ae2d64042330f1bf599902e768a4ef8a0f68d21a1""}",
      4096,         6,         0,   0.035,pymatching,a78796fb5594a31916640586c65bc67da1b2e2bfe0ee2ff63c393fd757780422,"{""circuit"":""surface_code:rotated_memory_x"",""cluster_node_limit"":null,""d"":9,""decoder"":""pymatching"",""decoder_type"":null,""p"":0.004,""p_erase"":0.0,""r"":9,""run_id"":""fbd96cbc1edbf7653c744997b9674194ab59a5dc44bb3a2c9e7a420c42e3c8fc""}",
     12288,         0,         0,   0.039,pymatching,64ef87d9dcc81d69f07102ed75fe69d99c75a8b3a05c547825327c29aa9b2035,"{""circuit"":""surface_code:rotated_memory_x"",""cluster_node_limit"":null,""d"":9,""decoder"":""pymatching"",""decoder_type"":null,""p"":0.001,""p_erase"":0.0,""r"":9,""run_id"":""55b189fd0eb60871d80dbfeac71a3dcebaa9c7144ad7cd80494ee272dc33f5af""}",
     10240,       252,         0,   0.076,pymatching,cd87e975410d81d451058195a3fd6f65422ac200bf52141ba5997d17e09dac1a,"{""circuit"":""surface_code:rotated_memory_x"",""cluster_node_limit"":null,""d"":7,""decoder"":""pymatching"",""decoder_type"":null,""p"":0.007,""p_erase"":0.0,""r"":7,""run_id"":""91d8f46bc9afc343fc7789c72214def569b94e63852c322746912bfd179edfb0""}",
      7168,       262,         0,   0.062,pymatching,f9aa53b73f715f7c1748dfc73af185f2e61e08bfc1b05a61b159b6cccdd60647,"{""circuit"":""surface_code:rotated_memory_x"",""cluster_node_limit"":null,""d"":7,""decoder"":""pymatching"",""decoder_type"":null,""p"":0.008,""p_erase"":0.0,""r"":7,""run_id"":""81d370d5ed4c7024002ca188b7488972a99add503257f553aced5d5cb56f6ed6""}",
      2048,        18,         0,   0.030,pymatching,095b2096f3bed8f6a8a073fe98d7f29636ec55bc649f3aa2873b03d010f4de4e,"{""circuit"":""surface_code:rotated_memory_x"",""cluster_node_limit"":null,""d"":9,""decoder"":""pymatching"",""decoder_type"":null,""p"":0.006,""p_erase"":0.0,""r"":9,""run_id"":""49d7f376c9a48c12ec23d679fde87245bd4d0482dbc94bad0b77fac81ebbb791""}",
      7567,        38,         0,   0.032,pymatching,373f68a47d153890dac0bd1702d2dc508c259de11991888b2dde4e2c82a0db2f,"{""circuit"":""surface_code:rotated_memory_x"",""cluster_node_limit"":null,""d"":7,""decoder"":""pymatching"",""decoder_type"":null,""p"":0.004,""p_erase"":0.0,""r"":7,""run_id"":""058f77d888dcfb89db5ca64215175f09da6d9d09e6b45c7a24f772e82ebce166""}",
      3072,        11,         0,   0.034,pymatching,7a258fd1078357f42d0130b3f514fef6d77d8b8fd0d8dcdd9b95588a35b8a3ec,"{""circuit"":""surface_code:rotated_memory_x"",""cluster_node_limit"":null,""d"":9,""decoder"":""pymatching"",""decoder_type"":null,""p"":0.005,""p_erase"":0.0,""r"":9,""run_id"":""2a4ea2d584fc2bf5c8190788d85215184fedc7e186490a60b77c03f97ea87652""}",
      3072,       327,         0,   0.039,pymatching,7c96d989f5720ee3f5af8bf79c493af0d5feeb763c1bed37dd73ece71f8c4347,"{""circuit"":""surface_code:rotated_memory_x"",""cluster_node_limit"":null,""d"":7,""decoder"":""pymatching"",""decoder_type"":null,""p"":0.011,""p_erase"":0.0,""r"":7,""run_id"":""ff92ed8cef0b2185378a4fc7a79235d080918ef50bc2e99bde1cb20bad30491e""}",
      6144,       358,         0,   0.063,pymatching,48874c950f80af767fc6361a4c53dfad000b8ded5efc33a94f0e82967eb1b1db,"{""circuit"":""surface_code:rotated_memory_x"",""cluster_node_limit"":null,""d"":7,""decoder"":""pymatching"",""decoder_type"":null,""p"":0.009,""p_erase"":0.0,""r"":7,""run_id"":""6e34c47688fcac2e2442cfe06a95442e760b70ea7d0e929344e05f9170b9303a""}",
      2048,        20,         0,   0.027,pymatching,095b2096f3bed8f6a8a073fe98d7f29636ec55bc649f3aa2873b03d010f4de4e,"{""circuit"":""surface_code:rotated_memory_x"",""cluster_node_limit"":null,""d"":9,""decoder"":""pymatching"",""decoder_type"":null,""p"":0.006,""p_erase"":0.0,""r"":9,""run_id"":""49d7f376c9a48c12ec23d679fde87245bd4d0482dbc94bad0b77fac81ebbb791""}",
      5120,         8,         0,   0.044,pymatching,a78796fb5594a31916640586c65bc67da1b2e2bfe0ee2ff63c393fd757780422,"{""circuit"":""surface_code:rotated_memory_x"",""cluster_node_limit"":null,""d"":9,""decoder"":""pymatching"",""decoder_type"":null,""p"":0.004,""p_erase"":0.0,""r"":9,""run_id"":""fbd96cbc1edbf7653c744997b9674194ab59a5dc44bb3a2c9e7a420c42e3c8fc""}",
     10240,       333,         0,   0.082,pymatching,4367478e3c034363ca2a92cfe06260b462806556c1eb33be817e047cb5f0192c,"{""circuit"":""surface_code:rotated_memory_x"",""cluster_node_limit"":null,""d"":7,""decoder"":""pymatching"",""decoder_type"":null,""p"":0.0075,""p_erase"":0.0,""r"":7,""run_id"":""f80fa2b4fbf080be88fc9f8578d9c113faf5dc0645fb72e02ae24a27edb43396""}",
      5120,       413,         0,   0.059,pymatching,4f6ff4150dbf1b59ed2a5edab9955b7ac16c1f88c12672a5452d095b36acfb62,"{""circuit"":""surface_code:rotated_memory_x"",""cluster_node_limit"":null,""d"":7,""decoder"":""pymatching"",""decoder_type"":null,""p"":0.01,""p_erase"":0.0,""r"":7,""run_id"":""03061ce7bf4a4d4acad10d80f989a163f84bf6795d8567c7e122d85701dcc91f""}",
     18432,         0,         0,   0.055,pymatching,64ef87d9dcc81d69f07102ed75fe69d99c75a8b3a05c547825327c29aa9b2035,"{""circuit"":""surface_code:rotated_memory_x"",""cluster_node_limit"":null,""d"":9,""decoder"":""pymatching"",""decoder_type"":null,""p"":0.001,""p_erase"":0.0,""r"":9,""run_id"":""55b189fd0eb60871d80dbfeac71a3dcebaa9c7144ad7cd80494ee272dc33f5af""}",
      4096,        11,         0,   0.045,pymatching,7a258fd1078357f42d0130b3f514fef6d77d8b8fd0d8dcdd9b95588a35b8a3ec,"{""circuit"":""surface_code:rotated_memory_x"",""cluster_node_limit"":null,""d"":9,""decoder"":""pymatching"",""decoder_type"":null,""p"":0.005,""p_erase"":0.0,""r"":9,""run_id"":""2a4ea2d584fc2bf5c8190788d85215184fedc7e186490a60b77c03f97ea87652""}",
      1297,        21,         0,   0.023,pymatching,f9da3d52964d9ba3cf6db8c99788484a569f512bbd9a2533b2f9eaa570403fd6,"{""circuit"":""surface_code:rotated_memory_x"",""cluster_node_limit"":null,""d"":9,""decoder"":""pymatching"",""decoder_type"":null,""p"":0.0065,""p_erase"":0.0,""r"":9,""run_id"":""9650806a51bcc949dff2c542a54c873e5284d724e3286a0ae542e0ca3321c32c""}",
     16384,       310,         0,   0.111,pymatching,c233478a3f6de0a2bc37970ff7a557bbe6c661ebf1b7166203daae410930b3c5,"{""circuit"":""surface_code:rotated_memory_x"",""cluster_node_limit"":null,""d"":7,""decoder"":""pymatching"",""decoder_type"":null,""p"":0.0065,""p_erase"":0.0,""r"":7,""run_id"":""3a57856ea0a2eef7cfc126320f5a2fda58f51137c4820ac87e7cd9f25bd7185e""}",
      3072,        34,         0,   0.046,pymatching,095b2096f3bed8f6a8a073fe98d7f29636ec55bc649f3aa2873b03d010f4de4e,"{""circuit"":""surface_code:rotated_memory_x"",""cluster_node_limit"":null,""d"":9,""decoder"":""pymatching"",""decoder_type"":null,""p"":0.006,""p_erase"":0.0,""r"":9,""run_id"":""49d7f376c9a48c12ec23d679fde87245bd4d0482dbc94bad0b77fac81ebbb791""}",
      5120,       570,         0,   0.068,pymatching,7c96d989f5720ee3f5af8bf79c493af0d5feeb763c1bed37dd73ece71f8c4347,"{""circuit"":""surface_code:rotated_memory_x"",""cluster_node_limit"":null,""d"":7,""decoder"":""pymatching"",""decoder_type"":null,""p"":0.011,""p_erase"":0.0,""r"":7,""run_id"":""ff92ed8cef0b2185378a4fc7a79235d080918ef50bc2e99bde1cb20bad30491e""}",
      9216,       354,         0,   0.079,pymatching,f9aa53b73f715f7c1748dfc73af185f2e61e08bfc1b05a61b159b6cccdd60647,"{""circuit"":""surface_code:rotated_memory_x"",""cluster_node_limit"":null,""d"":7,""decoder"":""pymatching"",""decoder_type"":null,""p"":0.008,""p_erase"":0.0,""r"":7,""run_id"":""81d370d5ed4c7024002ca188b7488972a99add503257f553aced5d5cb56f6ed6""}",
      1024,        13,         0,   0.017,pymatching,f9da3d52964d9ba3cf6db8c99788484a569f512bbd9a2533b2f9eaa570403fd6,"{""circuit"":""surface_code:rotated_memory_x"",""cluster_node_limit"":null,""d"":9,""decoder"":""pymatching"",""decoder_type"":null,""p"":0.0065,""p_erase"":0.0,""r"":9,""run_id"":""9650806a51bcc949dff2c542a54c873e5284d724e3286a0ae542e0ca3321c32c""}",
      8192,       477,         0,   0.083,pymatching,48874c950f80af767fc6361a4c53dfad000b8ded5efc33a94f0e82967eb1b1db,"{""circuit"":""surface_code:rotated_memory_x"",""cluster_node_limit"":null,""d"":7,""decoder"":""pymatching"",""decoder_type"":null,""p"":0.009,""p_erase"":0.0,""r"":7,""run_id"":""6e34c47688fcac2e2442cfe06a95442e760b70ea7d0e929344e05f9170b9303a""}",
      7168,        12,         0,   0.060,pymatching,a78796fb5594a31916640586c65bc67da1b2e2bfe0ee2ff63c393fd757780422,"{""circuit"":""surface_code:rotated_memory_x"",""cluster_node_limit"":null,""d"":9,""decoder"":""pymatching"",""decoder_type"":null,""p"":0.004,""p_erase"":0.0,""r"":9,""run_id"":""fbd96cbc1edbf7653c744997b9674194ab59a5dc44bb3a2c9e7a420c42e3c8fc""}",
     14336,       352,         0,   0.108,pymatching,cd87e975410d81d451058195a3fd6f65422ac200bf52141ba5997d17e09dac1a,"{""circuit"":""surface_code:rotated_memory_x"",""cluster_node_limit"":null,""d"":7,""decoder"":""pymatching"",""decoder_type"":null,""p"":0.007,""p_erase"":0.0,""r"":7,""run_id"":""91d8f46bc9afc343fc7789c72214def569b94e63852c322746912bfd179edfb0""}",
      5120,        20,         0,   0.058,pymatching,7a258fd1078357f42d0130b3f514fef6d77d8b8fd0d8dcdd9b95588a35b8a3ec,"{""circuit"":""surface_code:rotated_memory_x"",""cluster_node_limit"":null,""d"":9,""decoder"":""pymatching"",""decoder_type"":null,""p"":0.005,""p_erase"":0.0,""r"":9,""run_id"":""2a4ea2d584fc2bf5c8190788d85215184fedc7e186490a60b77c03f97ea87652""}",
     28047,       225,         0,   0.142,pymatching,f19813e61585498a45f40b1db775cba1f4907f3b418df599ae9faa9c05f0cdd1,"{""circuit"":""surface_code:rotated_memory_x"",""cluster_node_limit"":null,""d"":7,""decoder"":""pymatching"",""decoder_type"":null,""p"":0.005,""p_erase"":0.0,""r"":7,""run_id"":""16454ecae6916d9e99c505bd41706374f02896ecc18a92dca733323a8b23ea30""}",
      2048,        25,         0,   0.030,pymatching,f9da3d52964d9ba3cf6db8c99788484a569f512bbd9a2533b2f9eaa570403fd6,"{""circuit"":""surface_code:rotated_memory_x"",""cluster_node_limit"":null,""d"":9,""decoder"":""pymatching"",""decoder_type"":null,""p"":0.0065,""p_erase"":0.0,""r"":9,""run_id"":""9650806a51bcc949dff2c542a54c873e5284d724e3286a0ae542e0ca3321c32c""}",
     24576,         0,         0,   0.075,pymatching,64ef87d9dcc81d69f07102ed75fe69d99c75a8b3a05c547825327c29aa9b2035,"{""circuit"":""surface_code:rotated_memory_x"",""cluster_node_limit"":null,""d"":9,""decoder"":""pymatching"",""decoder_type"":null,""p"":0.001,""p_erase"":0.0,""r"":9,""run_id"":""55b189fd0eb60871d80dbfeac71a3dcebaa9c7144ad7cd80494ee272dc33f5af""}",
      7168,       586,         0,   0.081,pymatching,4f6ff4150dbf1b59ed2a5edab9955b7ac16c1f88c12672a5452d095b36acfb62,"{""circuit"":""surface_code:rotated_memory_x"",""cluster_node_limit"":null,""d"":7,""decoder"":""pymatching"",""decoder_type"":null,""p"":0.01,""p_erase"":0.0,""r"":7,""run_id"":""03061ce7bf4a4d4acad10d80f989a163f84bf6795d8567c7e122d85701dcc91f""}",
      4096,        48,         0,   0.057,pymatching,095b2096f3bed8f6a8a073fe98d7f29636ec55bc649f3aa2873b03d010f4de4e,"{""circuit"":""surface_code:rotated_memory_x"",""cluster_node_limit"":null,""d"":9,""decoder"":""pymatching"",""decoder_type"":null,""p"":0.006,""p_erase"":0.0,""r"":9,""run_id"":""49d7f376c9a48c12ec23d679fde87245bd4d0482dbc94bad0b77fac81ebbb791""}",
     23552,       353,         0,   0.148,pymatching,4c3051486415fff506c4e7aa9b318a32419927ff1bf00919399a09daffe554af,"{""circuit"":""surface_code:rotated_memory_x"",""cluster_node_limit"":null,""d"":7,""decoder"":""pymatching"",""decoder_type"":null,""p"":0.006,""p_erase"":0.0,""r"":7,""run_id"":""e903a71bf50b13f8c81be65ae2d64042330f1bf599902e768a4ef8a0f68d21a1""}",
      2048,        29,         0,   0.032,pymatching,f9da3d52964d9ba3cf6db8c99788484a569f512bbd9a2533b2f9eaa570403fd6,"{""circuit"":""surface_code:rotated_memory_x"",""cluster_node_limit"":null,""d"":9,""decoder"":""pymatching"",""decoder_type"":null,""p"":0.0065,""p_erase"":0.0,""r"":9,""run_id"":""9650806a51bcc949dff2c542a54c873e5284d724e3286a0ae542e0ca3321c32c""}",
     13312,       430,         0,   0.110,pymatching,4367478e3c034363ca2a92cfe06260b462806556c1eb33be817e047cb5f0192c,"{""circuit"":""surface_code:rotated_memory_x"",""cluster_node_limit"":null,""d"":7,""decoder"":""pymatching"",""decoder_type"":null,""p"":0.0075,""p_erase"":0.0,""r"":7,""run_id"":""f80fa2b4fbf080be88fc9f8578d9c113faf5dc0645fb72e02ae24a27edb43396""}",
      6144,       658,         0,   0.078,pymatching,7c96d989f5720ee3f5af8bf79c493af0d5feeb763c1bed37dd73ece71f8c4347,"{""circuit"":""surface_code:rotated_memory_x"",""cluster_node_limit"":null,""d"":7,""decoder"":""pymatching"",""decoder_type"":null,""p"":0.011,""p_erase"":0.0,""r"":7,""run_id"":""ff92ed8cef0b2185378a4fc7a79235d080918ef50bc2e99bde1cb20bad30491e""}",
      9216,        13,         0,   0.081,pymatching,a78796fb5594a31916640586c65bc67da1b2e2bfe0ee2ff63c393fd757780422,"{""circuit"":""surface_code:rotated_memory_x"",""cluster_node_limit"":null,""d"":9,""decoder"":""pymatching"",""decoder_type"":null,""p"":0.004,""p_erase"":0.0,""r"":9,""run_id"":""fbd96cbc1edbf7653c744997b9674194ab59a5dc44bb3a2c9e7a420c42e3c8fc""}",
      1297,        30,         0,   0.025,pymatching,b7d94757bbc93b264ff36abd2ad5a014200ca0ebf81a763ac69bc69d17cc0ce6,"{""circuit"":""surface_code:rotated_memory_x"",""cluster_node_limit"":null,""d"":9,""decoder"":""pymatching"",""decoder_type"":null,""p"":0.007,""p_erase"":0.0,""r"":9,""run_id"":""fae61c15ffc870897144694c623ca357447e02f7731f27d145cdb61fa77a334f""}",
     17807,         0,         0,   0.053,pymatching,64ef87d9dcc81d69f07102ed75fe69d99c75a8b3a05c547825327c29aa9b2035,"{""circuit"":""surface_code:rotated_memory_x"",""cluster_node_limit"":null,""d"":9,""decoder"":""pymatching"",""decoder_type"":null,""p"":0.001,""p_erase"":0.0,""r"":9,""run_id"":""55b189fd0eb60871d80dbfeac71a3dcebaa9c7144ad7cd80494ee272dc33f5af""}",
      7168,        42,         0,   0.080,pymatching,7a258fd1078357f42d0130b3f514fef6d77d8b8fd0d8dcdd9b95588a35b8a3ec,"{""circuit"":""surface_code:rotated_memory_x"",""cluster_node_limit"":null,""d"":9,""decoder"":""pymatching"",""decoder_type"":null,""p"":0.005,""p_erase"":0.0,""r"":9,""run_id"":""2a4ea2d584fc2bf5c8190788d85215184fedc7e186490a60b77c03f97ea87652""}",
     12288,       494,         0,   0.111,pymatching,f9aa53b73f715f7c1748dfc73af185f2e61e08bfc1b05a61b159b6cccdd60647,"{""circuit"":""surface_code:rotated_memory_x"",""cluster_node_limit"":null,""d"":7,""decoder"":""pymatching"",""decoder_type"":null,""p"":0.008,""p_erase"":0.0,""r"":7,""run_id"":""81d370d5ed4c7024002ca188b7488972a99add503257f553aced5d5cb56f6ed6""}",
      1024,        24,         0,   0.017,pymatching,b7d94757bbc93b264ff36abd2ad5a014200ca0ebf81a763ac69bc69d17cc0ce6,"{""circuit"":""surface_code:rotated_memory_x"",""cluster_node_limit"":null,""d"":9,""decoder"":""pymatching"",""decoder_type"":null,""p"":0.007,""p_erase"":0.0,""r"":9,""run_id"":""fae61c15ffc870897144694c623ca357447e02f7731f27d145cdb61fa77a334f""}",
      3072,        53,         0,   0.048,pymatching,f9da3d52964d9ba3cf6db8c99788484a569f512bbd9a2533b2f9eaa570403fd6,"{""circuit"":""surface_code:rotated_memory_x"",""cluster_node_limit"":null,""d"":9,""decoder"":""pymatching"",""decoder_type"":null,""p"":0.0065,""p_erase"":0.0,""r"":9,""run_id"":""9650806a51bcc949dff2c542a54c873e5284d724e3286a0ae542e0ca3321c32c""}",
      5120,        54,         0,   0.075,pymatching,095b2096f3bed8f6a8a073fe98d7f29636ec55bc649f3aa2873b03d010f4de4e,"{""circuit"":""surface_code:rotated_memory_x"",""cluster_node_limit"":null,""d"":9,""decoder"":""pymatching"",""decoder_type"":null,""p"":0.006,""p_erase"":0.0,""r"":9,""run_id"":""49d7f376c9a48c12ec23d679fde87245bd4d0482dbc94bad0b77fac81ebbb791""}",
     11264,       640,         0,   0.116,pymatching,48874c950f80af767fc6361a4c53dfad000b8ded5efc33a94f0e82967eb1b1db,"{""circuit"":""surface_code:rotated_memory_x"",""cluster_node_limit"":null,""d"":7,""decoder"":""pymatching"",""decoder_type"":null,""p"":0.009,""p_erase"":0.0,""r"":7,""run_id"":""6e34c47688fcac2e2442cfe06a95442e760b70ea7d0e929344e05f9170b9303a""}",
     21504,       442,         0,   0.148,pymatching,c233478a3f6de0a2bc37970ff7a557bbe6c661ebf1b7166203daae410930b3c5,"{""circuit"":""surface_code:rotated_memory_x"",""cluster_node_limit"":null,""d"":7,""decoder"":""pymatching"",""decoder_type"":null,""p"":0.0065,""p_erase"":0.0,""r"":7,""run_id"":""3a57856ea0a2eef7cfc126320f5a2fda58f51137c4820ac87e7cd9f25bd7185e""}",
      2048,        46,         0,   0.035,pymatching,b7d94757bbc93b264ff36abd2ad5a014200ca0ebf81a763ac69bc69d17cc0ce6,"{""circuit"":""surface_code:rotated_memory_x"",""cluster_node_limit"":null,""d"":9,""decoder"":""pymatching"",""decoder_type"":null,""p"":0.007,""p_erase"":0.0,""r"":9,""run_id"":""fae61c15ffc870897144694c623ca357447e02f7731f27d145cdb61fa77a334f""}",
     14735,       205,         0,   0.093,pymatching,4c3051486415fff506c4e7aa9b318a32419927ff1bf00919399a09daffe554af,"{""circuit"":""surface_code:rotated_memory_x"",""cluster_node_limit"":null,""d"":7,""decoder"":""pymatching"",""decoder_type"":null,""p"":0.006,""p_erase"":0.0,""r"":7,""run_id"":""e903a71bf50b13f8c81be65ae2d64042330f1bf599902e768a4ef8a0f68d21a1""}",
      9216,       785,         0,   0.110,pymatching,4f6ff4150dbf1b59ed2a5edab9955b7ac16c1f88c12672a5452d095b36acfb62,"{""circuit"":""surface_code:rotated_memory_x"",""cluster_node_limit"":null,""d"":7,""decoder"":""pymatching"",""decoder_type"":null,""p"":0.01,""p_erase"":0.0,""r"":7,""run_id"":""03061ce7bf4a4d4acad10d80f989a163f84bf6795d8567c7e122d85701dcc91f""}",
      1297,        37,         0,   0.027,pymatching,d89b364b08000c8dff12aaaa6871493b1030dfa16b189e9b6c3cb457c0a58275,"{""circuit"":""surface_code:rotated_memory_x"",""cluster_node_limit"":null,""d"":9,""decoder"":""pymatching"",""decoder_type"":null,""p"":0.0075,""p_erase"":0.0,""r"":9,""run_id"":""93b546d4fd79a7b6cef198f735724d37d3d84eb849ef505873742ace3722ea22""}",
     20480,       529,         0,   0.151,pymatching,cd87e975410d81d451058195a3fd6f65422ac200bf52141ba5997d17e09dac1a,"{""circuit"":""surface_code:rotated_memory_x"",""cluster_node_limit"":null,""d"":7,""decoder"":""pymatching"",""decoder_type"":null,""p"":0.007,""p_erase"":0.0,""r"":7,""run_id"":""91d8f46bc9afc343fc7789c72214def569b94e63852c322746912bfd179edfb0""}",
      4096,        60,         0,   0.061,pymatching,f9da3d52964d9ba3cf6db8c99788484a569f512bbd9a2533b2f9eaa570403fd6,"{""circuit"":""surface_code:rotated_memory_x"",""cluster_node_limit"":null,""d"":9,""decoder"":""pymatching"",""decoder_type"":null,""p"":0.0065,""p_erase"":0.0,""r"":9,""run_id"":""9650806a51bcc949dff2c542a54c873e5284d724e3286a0ae542e0ca3321c32c""}",
      8192,       850,         0,   0.107,pymatching,7c96d989f5720ee3f5af8bf79c493af0d5feeb763c1bed37dd73ece71f8c4347,"{""circuit"":""surface_code:rotated_memory_x"",""cluster_node_limit"":null,""d"":7,""decoder"":""pymatching"",""decoder_type"":null,""p"":0.011,""p_erase"":0.0,""r"":7,""run_id"":""ff92ed8cef0b2185378a4fc7a79235d080918ef50bc2e99bde1cb20bad30491e""}",
      2048,        42,         0,   0.036,pymatching,b7d94757bbc93b264ff36abd2ad5a014200ca0ebf81a763ac69bc69d17cc0ce6,"{""circuit"":""surface_code:rotated_memory_x"",""cluster_node_limit"":null,""d"":9,""decoder"":""pymatching"",""decoder_type"":null,""p"":0.007,""p_erase"":0.0,""r"":9,""run_id"":""fae61c15ffc870897144694c623ca357447e02f7731f27d145cdb61fa77a334f""}",
      1024,        38,         0,   0.020,pymatching,d89b364b08000c8dff12aaaa6871493b1030dfa16b189e9b6c3cb457c0a58275,"{""circuit"":""surface_code:rotated_memory_x"",""cluster_node_limit"":null,""d"":9,""decoder"":""pymatching"",""decoder_type"":null,""p"":0.0075,""p_erase"":0.0,""r"":9,""run_id"":""93b546d4fd79a7b6cef198f735724d37d3d84eb849ef505873742ace3722ea22""}",
      1024,        24,         0,   0.021,pymatching,d89b364b08000c8dff12aaaa6871493b1030dfa16b189e9b6c3cb457c0a58275,"{""circuit"":""surface_code:rotated_memory_x"",""cluster_node_limit"":null,""d"":9,""decoder"":""pymatching"",""decoder_type"":null,""p"":0.0075,""p_erase"":0.0,""r"":9,""run_id"":""93b546d4fd79a7b6cef198f735724d37d3d84eb849ef505873742ace3722ea22""}",
     12288,        21,         0,   0.113,pymatching,a78796fb5594a31916640586c65bc67da1b2e2bfe0ee2ff63c393fd757780422,"{""circuit"":""surface_code:rotated_memory_x"",""cluster_node_limit"":null,""d"":9,""decoder"":""pymatching"",""decoder_type"":null,""p"":0.004,""p_erase"":0.0,""r"":9,""run_id"":""fbd96cbc1edbf7653c744997b9674194ab59a5dc44bb3a2c9e7a420c42e3c8fc""}",
     18432,       599,         0,   0.149,pymatching,4367478e3c034363ca2a92cfe06260b462806556c1eb33be817e047cb5f0192c,"{""circuit"":""surface_code:rotated_memory_x"",""cluster_node_limit"":null,""d"":7,""decoder"":""pymatching"",""decoder_type"":null,""p"":0.0075,""p_erase"":0.0,""r"":7,""run_id"":""f80fa2b4fbf080be88fc9f8578d9c113faf5dc0645fb72e02ae24a27edb43396""}",
     10240,        47,         0,   0.115,pymatching,7a258fd1078357f42d0130b3f514fef6d77d8b8fd0d8dcdd9b95588a35b8a3ec,"{""circuit"":""surface_code:rotated_memory_x"",""cluster_node_limit"":null,""d"":9,""decoder"":""pymatching"",""decoder_type"":null,""p"":0.005,""p_erase"":0.0,""r"":9,""run_id"":""2a4ea2d584fc2bf5c8190788d85215184fedc7e186490a60b77c03f97ea87652""}",
      1297,        59,         0,   0.034,pymatching,327e5b214443101021e5259d35475f25196e478c10276329e56c3368fb784baf,"{""circuit"":""surface_code:rotated_memory_x"",""cluster_node_limit"":null,""d"":9,""decoder"":""pymatching"",""decoder_type"":null,""p"":0.008,""p_erase"":0.0,""r"":9,""run_id"":""2cf8b8429420829180e0dd4bd28a530ee6127525cd9fd2ccd239fd07128e61c1""}",
      7168,        81,         0,   0.105,pymatching,095b2096f3bed8f6a8a073fe98d7f29636ec55bc649f3aa2873b03d010f4de4e,"{""circuit"":""surface_code:rotated_memory_x"",""cluster_node_limit"":null,""d"":9,""decoder"":""pymatching"",""decoder_type"":null,""p"":0.006,""p_erase"":0.0,""r"":9,""run_id"":""49d7f376c9a48c12ec23d679fde87245bd4d0482dbc94bad0b77fac81ebbb791""}",
      3072,        66,         0,   0.053,pymatching,b7d94757bbc93b264ff36abd2ad5a014200ca0ebf81a763ac69bc69d17cc0ce6,"{""circuit"":""surface_code:rotated_memory_x"",""cluster_node_limit"":null,""d"":9,""decoder"":""pymatching"",""decoder_type"":null,""p"":0.007,""p_erase"":0.0,""r"":9,""run_id"":""fae61c15ffc870897144694c623ca357447e02f7731f27d145cdb61fa77a334f""}",
      2048,        49,         0,   0.039,pymatching,d89b364b08000c8dff12aaaa6871493b1030dfa16b189e9b6c3cb457c0a58275,"{""circuit"":""surface_code:rotated_memory_x"",""cluster_node_limit"":null,""d"":9,""decoder"":""pymatching"",""decoder_type"":null,""p"":0.0075,""p_erase"":0.0,""r"":9,""run_id"":""93b546d4fd79a7b6cef198f735724d37d3d84eb849ef505873742ace3722ea22""}",
      1024,        39,         0,   0.021,pymatching,327e5b214443101021e5259d35475f25196e478c10276329e56c3368fb784baf,"{""circuit"":""surface_code:rotated_memory_x"",""cluster_node_limit"":null,""d"":9,""decoder"":""pymatching"",""decoder_type"":null,""p"":0.008,""p_erase"":0.0,""r"":9,""run_id"":""2cf8b8429420829180e0dd4bd28a530ee6127525cd9fd2ccd239fd07128e61c1""}",
      5120,       110,         0,   0.081,pymatching,f9da3d52964d9ba3cf6db8c99788484a569f512bbd9a2533b2f9eaa570403fd6,"{""circuit"":""surface_code:rotated_memory_x"",""cluster_node_limit"":null,""d"":9,""decoder"":""pymatching"",""decoder_type"":null,""p"":0.0065,""p_erase"":0.0,""r"":9,""run_id"":""9650806a51bcc949dff2c542a54c873e5284d724e3286a0ae542e0ca3321c32c""}",
     17408,       705,         0,   0.152,pymatching,f9aa53b73f715f7c1748dfc73af185f2e61e08bfc1b05a61b159b6cccdd60647,"{""circuit"":""surface_code:rotated_memory_x"",""cluster_node_limit"":null,""d"":7,""decoder"":""pymatching"",""decoder_type"":null,""p"":0.008,""p_erase"":0.0,""r"":7,""run_id"":""81d370d5ed4c7024002ca188b7488972a99add503257f553aced5d5cb56f6ed6""}",
      1024,        50,         0,   0.022,pymatching,327e5b214443101021e5259d35475f25196e478c10276329e56c3368fb784baf,"{""circuit"":""surface_code:rotated_memory_x"",""cluster_node_limit"":null,""d"":9,""decoder"":""pymatching"",""decoder_type"":null,""p"":0.008,""p_erase"":0.0,""r"":9,""run_id"":""2cf8b8429420829180e0dd4bd28a530ee6127525cd9fd2ccd239fd07128e61c1""}",
     14336,       828,         0,   0.154,pymatching,48874c950f80af767fc6361a4c53dfad000b8ded5efc33a94f0e82967eb1b1db,"{""circuit"":""surface_code:rotated_memory_x"",""cluster_node_limit"":null,""d"":7,""decoder"":""pymatching"",""decoder_type"":null,""p"":0.009,""p_erase"":0.0,""r"":7,""run_id"":""6e34c47688fcac2e2442cfe06a95442e760b70ea7d0e929344e05f9170b9303a""}",
      2048,        68,         0,   0.040,pymatching,d89b364b08000c8dff12aaaa6871493b1030dfa16b189e9b6c3cb457c0a58275,"{""circuit"":""surface_code:rotated_memory_x"",""cluster_node_limit"":null,""d"":9,""decoder"":""pymatching"",""decoder_type"":null,""p"":0.0075,""p_erase"":0.0,""r"":9,""run_id"":""93b546d4fd79a7b6cef198f735724d37d3d84eb849ef505873742ace3722ea22""}",
      3072,        69,         0,   0.059,pymatching,b7d94757bbc93b264ff36abd2ad5a014200ca0ebf81a763ac69bc69d17cc0ce6,"{""circuit"":""surface_code:rotated_memory_x"",""cluster_node_limit"":null,""d"":9,""decoder"":""pymatching"",""decoder_type"":null,""p"":0.007,""p_erase"":0.0,""r"":9,""run_id"":""fae61c15ffc870897144694c623ca357447e02f7731f27d145cdb61fa77a334f""}",
     21903,       448,         0,   0.161,pymatching,c233478a3f6de0a2bc37970ff7a557bbe6c661ebf1b7166203daae410930b3c5,"{""circuit"":""surface_code:rotated_memory_x"",""cluster_node_limit"":null,""d"":7,""decoder"":""pymatching"",""decoder_type"":null,""p"":0.0065,""p_erase"":0.0,""r"":7,""run_id"":""3a57856ea0a2eef7cfc126320f5a2fda58f51137c4820ac87e7cd9f25bd7185e""}",
     13312,      1061,         0,   0.154,pymatching,4f6ff4150dbf1b59ed2a5edab9955b7ac16c1f88c12672a5452d095b36acfb62,"{""circuit"":""surface_code:rotated_memory_x"",""cluster_node_limit"":null,""d"":7,""decoder"":""pymatching"",""decoder_type"":null,""p"":0.01,""p_erase"":0.0,""r"":7,""run_id"":""03061ce7bf4a4d4acad10d80f989a163f84bf6795d8567c7e122d85701dcc91f""}",
      2048,        80,         0,   0.043,pymatching,327e5b214443101021e5259d35475f25196e478c10276329e56c3368fb784baf,"{""circuit"":""surface_code:rotated_memory_x"",""cluster_node_limit"":null,""d"":9,""decoder"":""pymatching"",""decoder_type"":null,""p"":0.008,""p_erase"":0.0,""r"":9,""run_id"":""2cf8b8429420829180e0dd4bd28a530ee6127525cd9fd2ccd239fd07128e61c1""}",
     11264,      1177,         0,   0.149,pymatching,7c96d989f5720ee3f5af8bf79c493af0d5feeb763c1bed37dd73ece71f8c4347,"{""circuit"":""surface_code:rotated_memory_x"",""cluster_node_limit"":null,""d"":7,""decoder"":""pymatching"",""decoder_type"":null,""p"":0.011,""p_erase"":0.0,""r"":7,""run_id"":""ff92ed8cef0b2185378a4fc7a79235d080918ef50bc2e99bde1cb20bad30491e""}",
      3072,       100,         0,   0.059,pymatching,d89b364b08000c8dff12aaaa6871493b1030dfa16b189e9b6c3cb457c0a58275,"{""circuit"":""surface_code:rotated_memory_x"",""cluster_node_limit"":null,""d"":9,""decoder"":""pymatching"",""decoder_type"":null,""p"":0.0075,""p_erase"":0.0,""r"":9,""run_id"":""93b546d4fd79a7b6cef198f735724d37d3d84eb849ef505873742ace3722ea22""}",
      2048,        65,         0,   0.046,pymatching,327e5b214443101021e5259d35475f25196e478c10276329e56c3368fb784baf,"{""circuit"":""surface_code:rotated_memory_x"",""cluster_node_limit"":null,""d"":9,""decoder"":""pymatching"",""decoder_type"":null,""p"":0.008,""p_erase"":0.0,""r"":9,""run_id"":""2cf8b8429420829180e0dd4bd28a530ee6127525cd9fd2ccd239fd07128e61c1""}",
     17408,        36,         0,   0.154,pymatching,a78796fb5594a31916640586c65bc67da1b2e2bfe0ee2ff63c393fd757780422,"{""circuit"":""surface_code:rotated_memory_x"",""cluster_node_limit"":null,""d"":9,""decoder"":""pymatching"",""decoder_type"":null,""p"":0.004,""p_erase"":0.0,""r"":9,""run_id"":""fbd96cbc1edbf7653c744997b9674194ab59a5dc44bb3a2c9e7a420c42e3c8fc""}",
      1297,        80,         0,   0.034,pymatching,3f341272898527425cfb0bdc9a3185f1356cba1b4f3b671fa2ade2768a318019,"{""circuit"":""surface_code:rotated_memory_x"",""cluster_node_limit"":null,""d"":9,""decoder"":""pymatching"",""decoder_type"":null,""p"":0.009,""p_erase"":0.0,""r"":9,""run_id"":""a016278b73fb5b419418cb041cf30739cf03aadd573d47440fff675183049023""}",
      7168,       131,         0,   0.118,pymatching,f9da3d52964d9ba3cf6db8c99788484a569f512bbd9a2533b2f9eaa570403fd6,"{""circuit"":""surface_code:rotated_memory_x"",""cluster_node_limit"":null,""d"":9,""decoder"":""pymatching"",""decoder_type"":null,""p"":0.0065,""p_erase"":0.0,""r"":9,""run_id"":""9650806a51bcc949dff2c542a54c873e5284d724e3286a0ae542e0ca3321c32c""}",
     13312,        59,         0,   0.153,pymatching,7a258fd1078357f42d0130b3f514fef6d77d8b8fd0d8dcdd9b95588a35b8a3ec,"{""circuit"":""surface_code:rotated_memory_x"",""cluster_node_limit"":null,""d"":9,""decoder"":""pymatching"",""decoder_type"":null,""p"":0.005,""p_erase"":0.0,""r"":9,""run_id"":""2a4ea2d584fc2bf5c8190788d85215184fedc7e186490a60b77c03f97ea87652""}",
     27648,       698,         0,   0.210,pymatching,cd87e975410d81d451058195a3fd6f65422ac200bf52141ba5997d17e09dac1a,"{""circuit"":""surface_code:rotated_memory_x"",""cluster_node_limit"":null,""d"":7,""decoder"":""pymatching"",""decoder_type"":null,""p"":0.007,""p_erase"":0.0,""r"":7,""run_id"":""91d8f46bc9afc343fc7789c72214def569b94e63852c322746912bfd179edfb0""}",
      5120,       132,         0,   0.088,pymatching,b7d94757bbc93b264ff36abd2ad5a014200ca0ebf81a763ac69bc69d17cc0ce6,"{""circuit"":""surface_code:rotated_memory_x"",""cluster_node_limit"":null,""d"":9,""decoder"":""pymatching"",""decoder_type"":null,""p"":0.007,""p_erase"":0.0,""r"":9,""run_id"":""fae61c15ffc870897144694c623ca357447e02f7731f27d145cdb61fa77a334f""}",
     11264,       136,         0,   0.157,pymatching,095b2096f3bed8f6a8a073fe98d7f29636ec55bc649f3aa2873b03d010f4de4e,"{""circuit"":""surface_code:rotated_memory_x"",""cluster_node_limit"":null,""d"":9,""decoder"":""pymatching"",""decoder_type"":null,""p"":0.006,""p_erase"":0.0,""r"":9,""run_id"":""49d7f376c9a48c12ec23d679fde87245bd4d0482dbc94bad0b77fac81ebbb791""}",
      1024,        60,         0,   0.025,pymatching,3f341272898527425cfb0bdc9a3185f1356cba1b4f3b671fa2ade2768a318019,"{""circuit"":""surface_code:rotated_memory_x"",""cluster_node_limit"":null,""d"":9,""decoder"":""pymatching"",""decoder_type"":null,""p"":0.009,""p_erase"":0.0,""r"":9,""run_id"":""a016278b73fb5b419418cb041cf30739cf03aadd573d47440fff675183049023""}",
      2447,        64,         0,   0.019,pymatching,cd87e975410d81d451058195a3fd6f65422ac200bf52141ba5997d17e09dac1a,"{""circuit"":""surface_code:rotated_memory_x"",""cluster_node_limit"":null,""d"":7,""decoder"":""pymatching"",""decoder_type"":null,""p"":0.007,""p_erase"":0.0,""r"":7,""run_id"":""91d8f46bc9afc343fc7789c72214def569b94e63852c322746912bfd179edfb0""}",
      6144,       599,         0,   0.084,pymatching,7c96d989f5720ee3f5af8bf79c493af0d5feeb763c1bed37dd73ece71f8c4347,"{""circuit"":""surface_code:rotated_memory_x"",""cluster_node_limit"":null,""d"":7,""decoder"":""pymatching"",""decoder_type"":null,""p"":0.011,""p_erase"":0.0,""r"":7,""run_id"":""ff92ed8cef0b2185378a4fc7a79235d080918ef50bc2e99bde1cb20bad30491e""}",
      3072,       138,         0,   0.065,pymatching,327e5b214443101021e5259d35475f25196e478c10276329e56c3368fb784baf,"{""circuit"":""surface_code:rotated_memory_x"",""cluster_node_limit"":null,""d"":9,""decoder"":""pymatching"",""decoder_type"":null,""p"":0.008,""p_erase"":0.0,""r"":9,""run_id"":""2cf8b8429420829180e0dd4bd28a530ee6127525cd9fd2ccd239fd07128e61c1""}",
      1024,        56,         0,   0.026,pymatching,3f341272898527425cfb0bdc9a3185f1356cba1b4f3b671fa2ade2768a318019,"{""circuit"":""surface_code:rotated_memory_x"",""cluster_node_limit"":null,""d"":9,""decoder"":""pymatching"",""decoder_type"":null,""p"":0.009,""p_erase"":0.0,""r"":9,""run_id"":""a016278b73fb5b419418cb041cf30739cf03aadd573d47440fff675183049023""}",
      4096,       127,         0,   0.081,pymatching,d89b364b08000c8dff12aaaa6871493b1030dfa16b189e9b6c3cb457c0a58275,"{""circuit"":""surface_code:rotated_memory_x"",""cluster_node_limit"":null,""d"":9,""decoder"":""pymatching"",""decoder_type"":null,""p"":0.0075,""p_erase"":0.0,""r"":9,""run_id"":""93b546d4fd79a7b6cef198f735724d37d3d84eb849ef505873742ace3722ea22""}",
     25600,       851,         0,   0.213,pymatching,4367478e3c034363ca2a92cfe06260b462806556c1eb33be817e047cb5f0192c,"{""circuit"":""surface_code:rotated_memory_x"",""cluster_node_limit"":null,""d"":7,""decoder"":""pymatching"",""decoder_type"":null,""p"":0.0075,""p_erase"":0.0,""r"":7,""run_id"":""f80fa2b4fbf080be88fc9f8578d9c113faf5dc0645fb72e02ae24a27edb43396""}",
       273,        33,         0,   0.010,pymatching,c383184899e842ea9d32b83fa01fb50afbc0d80ed2da543e82fecc72bcc6177f,"{""circuit"":""surface_code:rotated_memory_x"",""cluster_node_limit"":null,""d"":9,""decoder"":""pymatching"",""decoder_type"":null,""p"":0.01,""p_erase"":0.0,""r"":9,""run_id"":""efcf91dea02b7c96088b1948a8517f0da180a841bea0f5861e93a48e544e1c68""}",
      2048,       110,         0,   0.049,pymatching,3f341272898527425cfb0bdc9a3185f1356cba1b4f3b671fa2ade2768a318019,"{""circuit"":""surface_code:rotated_memory_x"",""cluster_node_limit"":null,""d"":9,""decoder"":""pymatching"",""decoder_type"":null,""p"":0.009,""p_erase"":0.0,""r"":9,""run_id"":""a016278b73fb5b419418cb041cf30739cf03aadd573d47440fff675183049023""}",
     23552,       933,         0,   0.209,pymatching,f9aa53b73f715f7c1748dfc73af185f2e61e08bfc1b05a61b159b6cccdd60647,"{""circuit"":""surface_code:rotated_memory_x"",""cluster_node_limit"":null,""d"":7,""decoder"":""pymatching"",""decoder_type"":null,""p"":0.008,""p_erase"":0.0,""r"":7,""run_id"":""81d370d5ed4c7024002ca188b7488972a99add503257f553aced5d5cb56f6ed6""}",
     14336,      1152,         0,   0.169,pymatching,4f6ff4150dbf1b59ed2a5edab9955b7ac16c1f88c12672a5452d095b36acfb62,"{""circuit"":""surface_code:rotated_memory_x"",""cluster_node_limit"":null,""d"":7,""decoder"":""pymatching"",""decoder_type"":null,""p"":0.01,""p_erase"":0.0,""r"":7,""run_id"":""03061ce7bf4a4d4acad10d80f989a163f84bf6795d8567c7e122d85701dcc91f""}",
       273,        34,         0,   0.012,pymatching,90e6a11649feb1c509ce1e77e8e6e44fe417c232b39f5463c4d13e9bd61b80f4,"{""circuit"":""surface_code:rotated_memory_x"",""cluster_node_limit"":null,""d"":9,""decoder"":""pymatching"",""decoder_type"":null,""p"":0.011,""p_erase"":0.0,""r"":9,""run_id"":""051ec822ba9a3f0e5ddde53ce1a079bcdd6c7fde33eedcfda3b3fcff7651bea5""}",
      1024,        87,         0,   0.029,pymatching,c383184899e842ea9d32b83fa01fb50afbc0d80ed2da543e82fecc72bcc6177f,"{""circuit"":""surface_code:rotated_memory_x"",""cluster_node_limit"":null,""d"":9,""decoder"":""pymatching"",""decoder_type"":null,""p"":0.01,""p_erase"":0.0,""r"":9,""run_id"":""efcf91dea02b7c96088b1948a8517f0da180a841bea0f5861e93a48e544e1c68""}",
      6144,       159,         0,   0.109,pymatching,b7d94757bbc93b264ff36abd2ad5a014200ca0ebf81a763ac69bc69d17cc0ce6,"{""circuit"":""surface_code:rotated_memory_x"",""cluster_node_limit"":null,""d"":9,""decoder"":""pymatching"",""decoder_type"":null,""p"":0.007,""p_erase"":0.0,""r"":9,""run_id"":""fae61c15ffc870897144694c623ca357447e02f7731f27d145cdb61fa77a334f""}",
     20480,      1166,         0,   0.212,pymatching,48874c950f80af767fc6361a4c53dfad000b8ded5efc33a94f0e82967eb1b1db,"{""circuit"":""surface_code:rotated_memory_x"",""cluster_node_limit"":null,""d"":7,""decoder"":""pymatching"",""decoder_type"":null,""p"":0.009,""p_erase"":0.0,""r"":7,""run_id"":""6e34c47688fcac2e2442cfe06a95442e760b70ea7d0e929344e05f9170b9303a""}",
      4096,       178,         0,   0.087,pymatching,327e5b214443101021e5259d35475f25196e478c10276329e56c3368fb784baf,"{""circuit"":""surface_code:rotated_memory_x"",""cluster_node_limit"":null,""d"":9,""decoder"":""pymatching"",""decoder_type"":null,""p"":0.008,""p_erase"":0.0,""r"":9,""run_id"":""2cf8b8429420829180e0dd4bd28a530ee6127525cd9fd2ccd239fd07128e61c1""}",
      1024,       134,         0,   0.034,pymatching,90e6a11649feb1c509ce1e77e8e6e44fe417c232b39f5463c4d13e9bd61b80f4,"{""circuit"":""surface_code:rotated_memory_x"",""cluster_node_limit"":null,""d"":9,""decoder"":""pymatching"",""decoder_type"":null,""p"":0.011,""p_erase"":0.0,""r"":9,""run_id"":""051ec822ba9a3f0e5ddde53ce1a079bcdd6c7fde33eedcfda3b3fcff7651bea5""}",
      1024,        90,         0,   0.031,pymatching,c383184899e842ea9d32b83fa01fb50afbc0d80ed2da543e82fecc72bcc6177f,"{""circuit"":""surface_code:rotated_memory_x"",""cluster_node_limit"":null,""d"":9,""decoder"":""pymatching"",""decoder_type"":null,""p"":0.01,""p_erase"":0.0,""r"":9,""run_id"":""efcf91dea02b7c96088b1948a8517f0da180a841bea0f5861e93a48e544e1c68""}",
      9615,       313,         0,   0.084,pymatching,4367478e3c034363ca2a92cfe06260b462806556c1eb33be817e047cb5f0192c,"{""circuit"":""surface_code:rotated_memory_x"",""cluster_node_limit"":null,""d"":7,""decoder"":""pymatching"",""decoder_type"":null,""p"":0.0075,""p_erase"":0.0,""r"":7,""run_id"":""f80fa2b4fbf080be88fc9f8578d9c113faf5dc0645fb72e02ae24a27edb43396""}",
      2048,       145,         0,   0.050,pymatching,3f341272898527425cfb0bdc9a3185f1356cba1b4f3b671fa2ade2768a318019,"{""circuit"":""surface_code:rotated_memory_x"",""cluster_node_limit"":null,""d"":9,""decoder"":""pymatching"",""decoder_type"":null,""p"":0.009,""p_erase"":0.0,""r"":9,""run_id"":""a016278b73fb5b419418cb041cf30739cf03aadd573d47440fff675183049023""}",
      5120,       156,         0,   0.105,pymatching,d89b364b08000c8dff12aaaa6871493b1030dfa16b189e9b6c3cb457c0a58275,"{""circuit"":""surface_code:rotated_memory_x"",""cluster_node_limit"":null,""d"":9,""decoder"":""pymatching"",""decoder_type"":null,""p"":0.0075,""p_erase"":0.0,""r"":9,""run_id"":""93b546d4fd79a7b6cef198f735724d37d3d84eb849ef505873742ace3722ea22""}",
     10240,       175,         0,   0.158,pymatching,f9da3d52964d9ba3cf6db8c99788484a569f512bbd9a2533b2f9eaa570403fd6,"{""circuit"":""surface_code:rotated_memory_x"",""cluster_node_limit"":null,""d"":9,""decoder"":""pymatching"",""decoder_type"":null,""p"":0.0065,""p_erase"":0.0,""r"":9,""run_id"":""9650806a51bcc949dff2c542a54c873e5284d724e3286a0ae542e0ca3321c32c""}",
      1024,       108,         0,   0.029,pymatching,c383184899e842ea9d32b83fa01fb50afbc0d80ed2da543e82fecc72bcc6177f,"{""circuit"":""surface_code:rotated_memory_x"",""cluster_node_limit"":null,""d"":9,""decoder"":""pymatching"",""decoder_type"":null,""p"":0.01,""p_erase"":0.0,""r"":9,""run_id"":""efcf91dea02b7c96088b1948a8517f0da180a841bea0f5861e93a48e544e1c68""}",
      1024,       158,         0,   0.034,pymatching,90e6a11649feb1c509ce1e77e8e6e44fe417c232b39f5463c4d13e9bd61b80f4,"{""circuit"":""surface_code:rotated_memory_x"",""cluster_node_limit"":null,""d"":9,""decoder"":""pymatching"",""decoder_type"":null,""p"":0.011,""p_erase"":0.0,""r"":9,""run_id"":""051ec822ba9a3f0e5ddde53ce1a079bcdd6c7fde33eedcfda3b3fcff7651bea5""}",
      1297,         0,         0,   0.011,pymatching,732463c957358bc59bcb16c03983222ce685a8af117ee9b424a8b8a1184aeb7f,"{""circuit"":""surface_code:rotated_memory_x"",""cluster_node_limit"":null,""d"":11,""decoder"":""pymatching"",""decoder_type"":null,""p"":0.001,""p_erase"":0.0,""r"":11,""run_id"":""fa5d2a0939d026d8b573da562fd11642be73dcca1b08957b563c1d258ddf4101""}",
      3072,         0,         0,   0.018,pymatching,732463c957358bc59bcb16c03983222ce685a8af117ee9b424a8b8a1184aeb7f,"{""circuit"":""surface_code:rotated_memory_x"",""cluster_node_limit"":null,""d"":11,""decoder"":""pymatching"",""decoder_type"":null,""p"":0.001,""p_erase"":0.0,""r"":11,""run_id"":""fa5d2a0939d026d8b573da562fd11642be73dcca1b08957b563c1d258ddf4101""}",
     23552,        42,         0,   0.214,pymatching,a78796fb5594a31916640586c65bc67da1b2e2bfe0ee2ff63c393fd757780422,"{""circuit"":""surface_code:rotated_memory_x"",""cluster_node_limit"":null,""d"":9,""decoder"":""pymatching"",""decoder_type"":null,""p"":0.004,""p_erase"":0.0,""r"":9,""run_id"":""fbd96cbc1edbf7653c744997b9674194ab59a5dc44bb3a2c9e7a420c42e3c8fc""}",
      1024,       134,         0,   0.033,pymatching,90e6a11649feb1c509ce1e77e8e6e44fe417c232b39f5463c4d13e9bd61b80f4,"{""circuit"":""surface_code:rotated_memory_x"",""cluster_node_limit"":null,""d"":9,""decoder"":""pymatching"",""decoder_type"":null,""p"":0.011,""p_erase"":0.0,""r"":9,""run_id"":""051ec822ba9a3f0e5ddde53ce1a079bcdd6c7fde33eedcfda3b3fcff7651bea5""}",
     18432,        80,         0,   0.215,pymatching,7a258fd1078357f42d0130b3f514fef6d77d8b8fd0d8dcdd9b95588a35b8a3ec,"{""circuit"":""surface_code:rotated_memory_x"",""cluster_node_limit"":null,""d"":9,""decoder"":""pymatching"",""decoder_type"":null,""p"":0.005,""p_erase"":0.0,""r"":9,""run_id"":""2a4ea2d584fc2bf5c8190788d85215184fedc7e186490a60b77c03f97ea87652""}",
      4096,         0,         0,   0.023,pymatching,732463c957358bc59bcb16c03983222ce685a8af117ee9b424a8b8a1184aeb7f,"{""circuit"":""surface_code:rotated_memory_x"",""cluster_node_limit"":null,""d"":11,""decoder"":""pymatching"",""decoder_type"":null,""p"":0.001,""p_erase"":0.0,""r"":11,""run_id"":""fa5d2a0939d026d8b573da562fd11642be73dcca1b08957b563c1d258ddf4101""}",
      1297,         1,         0,   0.026,pymatching,9fac061a89ccfd2a5339e100f97a967b7cf112943a3dbe1aa60b49da56bb7907,"{""circuit"":""surface_code:rotated_memory_x"",""cluster_node_limit"":null,""d"":11,""decoder"":""pymatching"",""decoder_type"":null,""p"":0.004,""p_erase"":0.0,""r"":11,""run_id"":""0f519201a4f88c92ca606d2661494d2fcfb8042eefcbbdc78cef0ca33c2b272e""}",
      3072,       202,         0,   0.078,pymatching,3f341272898527425cfb0bdc9a3185f1356cba1b4f3b671fa2ade2768a318019,"{""circuit"":""surface_code:rotated_memory_x"",""cluster_node_limit"":null,""d"":9,""decoder"":""pymatching"",""decoder_type"":null,""p"":0.009,""p_erase"":0.0,""r"":9,""run_id"":""a016278b73fb5b419418cb041cf30739cf03aadd573d47440fff675183049023""}",
      2048,       206,         0,   0.059,pymatching,c383184899e842ea9d32b83fa01fb50afbc0d80ed2da543e82fecc72bcc6177f,"{""circuit"":""surface_code:rotated_memory_x"",""cluster_node_limit"":null,""d"":9,""decoder"":""pymatching"",""decoder_type"":null,""p"":0.01,""p_erase"":0.0,""r"":9,""run_id"":""efcf91dea02b7c96088b1948a8517f0da180a841bea0f5861e93a48e544e1c68""}",
     14735,       587,         0,   0.130,pymatching,f9aa53b73f715f7c1748dfc73af185f2e61e08bfc1b05a61b159b6cccdd60647,"{""circuit"":""surface_code:rotated_memory_x"",""cluster_node_limit"":null,""d"":7,""decoder"":""pymatching"",""decoder_type"":null,""p"":0.008,""p_erase"":0.0,""r"":7,""run_id"":""81d370d5ed4c7024002ca188b7488972a99add503257f553aced5d5cb56f6ed6""}",
     15360,       189,         0,   0.221,pymatching,095b2096f3bed8f6a8a073fe98d7f29636ec55bc649f3aa2873b03d010f4de4e,"{""circuit"":""surface_code:rotated_memory_x"",""cluster_node_limit"":null,""d"":9,""decoder"":""pymatching"",""decoder_type"":null,""p"":0.006,""p_erase"":0.0,""r"":9,""run_id"":""49d7f376c9a48c12ec23d679fde87245bd4d0482dbc94bad0b77fac81ebbb791""}",
      1024,         0,         0,   0.017,pymatching,9fac061a89ccfd2a5339e100f97a967b7cf112943a3dbe1aa60b49da56bb7907,"{""circuit"":""surface_code:rotated_memory_x"",""cluster_node_limit"":null,""d"":11,""decoder"":""pymatching"",""decoder_type"":null,""p"":0.004,""p_erase"":0.0,""r"":11,""run_id"":""0f519201a4f88c92ca606d2661494d2fcfb8042eefcbbdc78cef0ca33c2b272e""}",
      5120,       189,         0,   0.109,pymatching,327e5b214443101021e5259d35475f25196e478c10276329e56c3368fb784baf,"{""circuit"":""surface_code:rotated_memory_x"",""cluster_node_limit"":null,""d"":9,""decoder"":""pymatching"",""decoder_type"":null,""p"":0.008,""p_erase"":0.0,""r"":9,""run_id"":""2cf8b8429420829180e0dd4bd28a530ee6127525cd9fd2ccd239fd07128e61c1""}",
      5120,         0,         0,   0.029,pymatching,732463c957358bc59bcb16c03983222ce685a8af117ee9b424a8b8a1184aeb7f,"{""circuit"":""surface_code:rotated_memory_x"",""cluster_node_limit"":null,""d"":11,""decoder"":""pymatching"",""decoder_type"":null,""p"":0.001,""p_erase"":0.0,""r"":11,""run_id"":""fa5d2a0939d026d8b573da562fd11642be73dcca1b08957b563c1d258ddf4101""}",
      2048,         4,         0,   0.032,pymatching,9fac061a89ccfd2a5339e100f97a967b7cf112943a3dbe1aa60b49da56bb7907,"{""circuit"":""surface_code:rotated_memory_x"",""cluster_node_limit"":null,""d"":11,""decoder"":""pymatching"",""decoder_type"":null,""p"":0.004,""p_erase"":0.0,""r"":11,""run_id"":""0f519201a4f88c92ca606d2661494d2fcfb8042eefcbbdc78cef0ca33c2b272e""}",
      2048,       266,         0,   0.068,pymatching,90e6a11649feb1c509ce1e77e8e6e44fe417c232b39f5463c4d13e9bd61b80f4,"{""circuit"":""surface_code:rotated_memory_x"",""cluster_node_limit"":null,""d"":9,""decoder"":""pymatching"",""decoder_type"":null,""p"":0.011,""p_erase"":0.0,""r"":9,""run_id"":""051ec822ba9a3f0e5ddde53ce1a079bcdd6c7fde33eedcfda3b3fcff7651bea5""}",
     14336,       853,         0,   0.152,pymatching,48874c950f80af767fc6361a4c53dfad000b8ded5efc33a94f0e82967eb1b1db,"{""circuit"":""surface_code:rotated_memory_x"",""cluster_node_limit"":null,""d"":7,""decoder"":""pymatching"",""decoder_type"":null,""p"":0.009,""p_erase"":0.0,""r"":7,""run_id"":""6e34c47688fcac2e2442cfe06a95442e760b70ea7d0e929344e05f9170b9303a""}",
      9216,       228,         0,   0.165,pymatching,b7d94757bbc93b264ff36abd2ad5a014200ca0ebf81a763ac69bc69d17cc0ce6,"{""circuit"":""surface_code:rotated_memory_x"",""cluster_node_limit"":null,""d"":9,""decoder"":""pymatching"",""decoder_type"":null,""p"":0.007,""p_erase"":0.0,""r"":9,""run_id"":""fae61c15ffc870897144694c623ca357447e02f7731f27d145cdb61fa77a334f""}",
      2048,       180,         0,   0.058,pymatching,c383184899e842ea9d32b83fa01fb50afbc0d80ed2da543e82fecc72bcc6177f,"{""circuit"":""surface_code:rotated_memory_x"",""cluster_node_limit"":null,""d"":9,""decoder"":""pymatching"",""decoder_type"":null,""p"":0.01,""p_erase"":0.0,""r"":9,""run_id"":""efcf91dea02b7c96088b1948a8517f0da180a841bea0f5861e93a48e544e1c68""}",
      7168,         0,         0,   0.039,pymatching,732463c957358bc59bcb16c03983222ce685a8af117ee9b424a8b8a1184aeb7f,"{""circuit"":""surface_code:rotated_memory_x"",""cluster_node_limit"":null,""d"":11,""decoder"":""pymatching"",""decoder_type"":null,""p"":0.001,""p_erase"":0.0,""r"":11,""run_id"":""fa5d2a0939d026d8b573da562fd11642be73dcca1b08957b563c1d258ddf4101""}",
      2048,         4,         0,   0.034,pymatching,9fac061a89ccfd2a5339e100f97a967b7cf112943a3dbe1aa60b49da56bb7907,"{""circuit"":""surface_code:rotated_memory_x"",""cluster_node_limit"":null,""d"":11,""decoder"":""pymatching"",""decoder_type"":null,""p"":0.004,""p_erase"":0.0,""r"":11,""run_id"":""0f519201a4f88c92ca606d2661494d2fcfb8042eefcbbdc78cef0ca33c2b272e""}",
      8192,       265,         0,   0.158,pymatching,d89b364b08000c8dff12aaaa6871493b1030dfa16b189e9b6c3cb457c0a58275,"{""circuit"":""surface_code:rotated_memory_x"",""cluster_node_limit"":null,""d"":9,""decoder"":""pymatching"",""decoder_type"":null,""p"":0.0075,""p_erase"":0.0,""r"":9,""run_id"":""93b546d4fd79a7b6cef198f735724d37d3d84eb849ef505873742ace3722ea22""}",
      1297,         3,         0,   0.031,pymatching,fd145cad6c14af911132ef19c1bee76d038a34d600ee78e06c215866bf8a8fc6,"{""circuit"":""surface_code:rotated_memory_x"",""cluster_node_limit"":null,""d"":11,""decoder"":""pymatching"",""decoder_type"":null,""p"":0.005,""p_erase"":0.0,""r"":11,""run_id"":""264ed3f9b698b05762c9b57c58ab3e7213fbdd6ee23e7439f6b06d1b7e82a27e""}",
      4096,       287,         0,   0.099,pymatching,3f341272898527425cfb0bdc9a3185f1356cba1b4f3b671fa2ade2768a318019,"{""circuit"":""surface_code:rotated_memory_x"",""cluster_node_limit"":null,""d"":9,""decoder"":""pymatching"",""decoder_type"":null,""p"":0.009,""p_erase"":0.0,""r"":9,""run_id"":""a016278b73fb5b419418cb041cf30739cf03aadd573d47440fff675183049023""}",
      1024,         3,         0,   0.022,pymatching,fd145cad6c14af911132ef19c1bee76d038a34d600ee78e06c215866bf8a8fc6,"{""circuit"":""surface_code:rotated_memory_x"",""cluster_node_limit"":null,""d"":11,""decoder"":""pymatching"",""decoder_type"":null,""p"":0.005,""p_erase"":0.0,""r"":11,""run_id"":""264ed3f9b698b05762c9b57c58ab3e7213fbdd6ee23e7439f6b06d1b7e82a27e""}",
     14735,        25,         0,   0.136,pymatching,a78796fb5594a31916640586c65bc67da1b2e2bfe0ee2ff63c393fd757780422,"{""circuit"":""surface_code:rotated_memory_x"",""cluster_node_limit"":null,""d"":9,""decoder"":""pymatching"",""decoder_type"":null,""p"":0.004,""p_erase"":0.0,""r"":9,""run_id"":""fbd96cbc1edbf7653c744997b9674194ab59a5dc44bb3a2c9e7a420c42e3c8fc""}",
      2048,       269,         0,   0.068,pymatching,90e6a11649feb1c509ce1e77e8e6e44fe417c232b39f5463c4d13e9bd61b80f4,"{""circuit"":""surface_code:rotated_memory_x"",""cluster_node_limit"":null,""d"":9,""decoder"":""pymatching"",""decoder_type"":null,""p"":0.011,""p_erase"":0.0,""r"":9,""run_id"":""051ec822ba9a3f0e5ddde53ce1a079bcdd6c7fde33eedcfda3b3fcff7651bea5""}",
      9216,         0,         0,   0.054,pymatching,732463c957358bc59bcb16c03983222ce685a8af117ee9b424a8b8a1184aeb7f,"{""circuit"":""surface_code:rotated_memory_x"",""cluster_node_limit"":null,""d"":11,""decoder"":""pymatching"",""decoder_type"":null,""p"":0.001,""p_erase"":0.0,""r"":11,""run_id"":""fa5d2a0939d026d8b573da562fd11642be73dcca1b08957b563c1d258ddf4101""}",
       273,         5,         0,   0.011,pymatching,f4e75ea784aa82d92d7feefc33efbca4f143f3c278978a9b5d513692184cad34,"{""circuit"":""surface_code:rotated_memory_x"",""cluster_node_limit"":null,""d"":11,""decoder"":""pymatching"",""decoder_type"":null,""p"":0.006,""p_erase"":0.0,""r"":11,""run_id"":""0e3945e8e73a4721a94f6dab9969d30ee8c29c1bc8cbf96080e0e787d62f6e4b""}",
      3072,         1,         0,   0.052,pymatching,9fac061a89ccfd2a5339e100f97a967b7cf112943a3dbe1aa60b49da56bb7907,"{""circuit"":""surface_code:rotated_memory_x"",""cluster_node_limit"":null,""d"":11,""decoder"":""pymatching"",""decoder_type"":null,""p"":0.004,""p_erase"":0.0,""r"":11,""run_id"":""0f519201a4f88c92ca606d2661494d2fcfb8042eefcbbdc78cef0ca33c2b272e""}",
      1024,         5,         0,   0.021,pymatching,fd145cad6c14af911132ef19c1bee76d038a34d600ee78e06c215866bf8a8fc6,"{""circuit"":""surface_code:rotated_memory_x"",""cluster_node_limit"":null,""d"":11,""decoder"":""pymatching"",""decoder_type"":null,""p"":0.005,""p_erase"":0.0,""r"":11,""run_id"":""264ed3f9b698b05762c9b57c58ab3e7213fbdd6ee23e7439f6b06d1b7e82a27e""}",
     13312,       229,         0,   0.213,pymatching,f9da3d52964d9ba3cf6db8c99788484a569f512bbd9a2533b2f9eaa570403fd6,"{""circuit"":""surface_code:rotated_memory_x"",""cluster_node_limit"":null,""d"":9,""decoder"":""pymatching"",""decoder_type"":null,""p"":0.0065,""p_erase"":0.0,""r"":9,""run_id"":""9650806a51bcc949dff2c542a54c873e5284d724e3286a0ae542e0ca3321c32c""}",
      3072,       289,         0,   0.089,pymatching,c383184899e842ea9d32b83fa01fb50afbc0d80ed2da543e82fecc72bcc6177f,"{""circuit"":""surface_code:rotated_memory_x"",""cluster_node_limit"":null,""d"":9,""decoder"":""pymatching"",""decoder_type"":null,""p"":0.01,""p_erase"":0.0,""r"":9,""run_id"":""efcf91dea02b7c96088b1948a8517f0da180a841bea0f5861e93a48e544e1c68""}",
      1024,        11,         0,   0.028,pymatching,f4e75ea784aa82d92d7feefc33efbca4f143f3c278978a9b5d513692184cad34,"{""circuit"":""surface_code:rotated_memory_x"",""cluster_node_limit"":null,""d"":11,""decoder"":""pymatching"",""decoder_type"":null,""p"":0.006,""p_erase"":0.0,""r"":11,""run_id"":""0e3945e8e73a4721a94f6dab9969d30ee8c29c1bc8cbf96080e0e787d62f6e4b""}",
      7168,       287,         0,   0.155,pymatching,327e5b214443101021e5259d35475f25196e478c10276329e56c3368fb784baf,"{""circuit"":""surface_code:rotated_memory_x"",""cluster_node_limit"":null,""d"":9,""decoder"":""pymatching"",""decoder_type"":null,""p"":0.008,""p_erase"":0.0,""r"":9,""run_id"":""2cf8b8429420829180e0dd4bd28a530ee6127525cd9fd2ccd239fd07128e61c1""}",
      2048,        11,         0,   0.043,pymatching,fd145cad6c14af911132ef19c1bee76d038a34d600ee78e06c215866bf8a8fc6,"{""circuit"":""surface_code:rotated_memory_x"",""cluster_node_limit"":null,""d"":11,""decoder"":""pymatching"",""decoder_type"":null,""p"":0.005,""p_erase"":0.0,""r"":11,""run_id"":""264ed3f9b698b05762c9b57c58ab3e7213fbdd6ee23e7439f6b06d1b7e82a27e""}",
       273,         6,         0,   0.013,pymatching,2c6cc6c663765f62fcb062cbc6153b47b3629a836fc871784e75f57e57ad1ed4,"{""circuit"":""surface_code:rotated_memory_x"",""cluster_node_limit"":null,""d"":11,""decoder"":""pymatching"",""decoder_type"":null,""p"":0.0065,""p_erase"":0.0,""r"":11,""run_id"":""e3895049058e7f3d286fb5c6a1d293b025b771c49df75c38a6387ce4ca0d4ec0""}",
      1024,         9,         0,   0.033,pymatching,f4e75ea784aa82d92d7feefc33efbca4f143f3c278978a9b5d513692184cad34,"{""circuit"":""surface_code:rotated_memory_x"",""cluster_node_limit"":null,""d"":11,""decoder"":""pymatching"",""decoder_type"":null,""p"":0.006,""p_erase"":0.0,""r"":11,""run_id"":""0e3945e8e73a4721a94f6dab9969d30ee8c29c1bc8cbf96080e0e787d62f6e4b""}",
      4096,         3,         0,   0.068,pymatching,9fac061a89ccfd2a5339e100f97a967b7cf112943a3dbe1aa60b49da56bb7907,"{""circuit"":""surface_code:rotated_memory_x"",""cluster_node_limit"":null,""d"":11,""decoder"":""pymatching"",""decoder_type"":null,""p"":0.004,""p_erase"":0.0,""r"":11,""run_id"":""0f519201a4f88c92ca606d2661494d2fcfb8042eefcbbdc78cef0ca33c2b272e""}",
     14336,         0,         0,   0.083,pymatching,732463c957358bc59bcb16c03983222ce685a8af117ee9b424a8b8a1184aeb7f,"{""circuit"":""surface_code:rotated_memory_x"",""cluster_node_limit"":null,""d"":11,""decoder"":""pymatching"",""decoder_type"":null,""p"":0.001,""p_erase"":0.0,""r"":11,""run_id"":""fa5d2a0939d026d8b573da562fd11642be73dcca1b08957b563c1d258ddf4101""}",
      3072,       408,         0,   0.098,pymatching,90e6a11649feb1c509ce1e77e8e6e44fe417c232b39f5463c4d13e9bd61b80f4,"{""circuit"":""surface_code:rotated_memory_x"",""cluster_node_limit"":null,""d"":9,""decoder"":""pymatching"",""decoder_type"":null,""p"":0.011,""p_erase"":0.0,""r"":9,""run_id"":""051ec822ba9a3f0e5ddde53ce1a079bcdd6c7fde33eedcfda3b3fcff7651bea5""}",
      1024,        13,         0,   0.034,pymatching,2c6cc6c663765f62fcb062cbc6153b47b3629a836fc871784e75f57e57ad1ed4,"{""circuit"":""surface_code:rotated_memory_x"",""cluster_node_limit"":null,""d"":11,""decoder"":""pymatching"",""decoder_type"":null,""p"":0.0065,""p_erase"":0.0,""r"":11,""run_id"":""e3895049058e7f3d286fb5c6a1d293b025b771c49df75c38a6387ce4ca0d4ec0""}",
      1024,         6,         0,   0.032,pymatching,f4e75ea784aa82d92d7feefc33efbca4f143f3c278978a9b5d513692184cad34,"{""circuit"":""surface_code:rotated_memory_x"",""cluster_node_limit"":null,""d"":11,""decoder"":""pymatching"",""decoder_type"":null,""p"":0.006,""p_erase"":0.0,""r"":11,""run_id"":""0e3945e8e73a4721a94f6dab9969d30ee8c29c1bc8cbf96080e0e787d62f6e4b""}",
      2048,         6,         0,   0.045,pymatching,fd145cad6c14af911132ef19c1bee76d038a34d600ee78e06c215866bf8a8fc6,"{""circuit"":""surface_code:rotated_memory_x"",""cluster_node_limit"":null,""d"":11,""decoder"":""pymatching"",""decoder_type"":null,""p"":0.005,""p_erase"":0.0,""r"":11,""run_id"":""264ed3f9b698b05762c9b57c58ab3e7213fbdd6ee23e7439f6b06d1b7e82a27e""}",
      5120,       337,         0,   0.130,pymatching,3f341272898527425cfb0bdc9a3185f1356cba1b4f3b671fa2ade2768a318019,"{""circuit"":""surface_code:rotated_memory_x"",""cluster_node_limit"":null,""d"":9,""decoder"":""pymatching"",""decoder_type"":null,""p"":0.009,""p_erase"":0.0,""r"":9,""run_id"":""a016278b73fb5b419418cb041cf30739cf03aadd573d47440fff675183049023""}",
      1024,        18,         0,   0.031,pymatching,2c6cc6c663765f62fcb062cbc6153b47b3629a836fc871784e75f57e57ad1ed4,"{""circuit"":""surface_code:rotated_memory_x"",""cluster_node_limit"":null,""d"":11,""decoder"":""pymatching"",""decoder_type"":null,""p"":0.0065,""p_erase"":0.0,""r"":11,""run_id"":""e3895049058e7f3d286fb5c6a1d293b025b771c49df75c38a6387ce4ca0d4ec0""}",
      4096,       379,         0,   0.117,pymatching,c383184899e842ea9d32b83fa01fb50afbc0d80ed2da543e82fecc72bcc6177f,"{""circuit"":""surface_code:rotated_memory_x"",""cluster_node_limit"":null,""d"":9,""decoder"":""pymatching"",""decoder_type"":null,""p"":0.01,""p_erase"":0.0,""r"":9,""run_id"":""efcf91dea02b7c96088b1948a8517f0da180a841bea0f5861e93a48e544e1c68""}",
      1024,        20,         0,   0.031,pymatching,2c6cc6c663765f62fcb062cbc6153b47b3629a836fc871784e75f57e57ad1ed4,"{""circuit"":""surface_code:rotated_memory_x"",""cluster_node_limit"":null,""d"":11,""decoder"":""pymatching"",""decoder_type"":null,""p"":0.0065,""p_erase"":0.0,""r"":11,""run_id"":""e3895049058e7f3d286fb5c6a1d293b025b771c49df75c38a6387ce4ca0d4ec0""}",
      2048,        11,         0,   0.059,pymatching,f4e75ea784aa82d92d7feefc33efbca4f143f3c278978a9b5d513692184cad34,"{""circuit"":""surface_code:rotated_memory_x"",""cluster_node_limit"":null,""d"":11,""decoder"":""pymatching"",""decoder_type"":null,""p"":0.006,""p_erase"":0.0,""r"":11,""run_id"":""0e3945e8e73a4721a94f6dab9969d30ee8c29c1bc8cbf96080e0e787d62f6e4b""}",
     12288,       288,         0,   0.222,pymatching,b7d94757bbc93b264ff36abd2ad5a014200ca0ebf81a763ac69bc69d17cc0ce6,"{""circuit"":""surface_code:rotated_memory_x"",""cluster_node_limit"":null,""d"":9,""decoder"":""pymatching"",""decoder_type"":null,""p"":0.007,""p_erase"":0.0,""r"":9,""run_id"":""fae61c15ffc870897144694c623ca357447e02f7731f27d145cdb61fa77a334f""}",
     25600,       126,         0,   0.292,pymatching,7a258fd1078357f42d0130b3f514fef6d77d8b8fd0d8dcdd9b95588a35b8a3ec,"{""circuit"":""surface_code:rotated_memory_x"",""cluster_node_limit"":null,""d"":9,""decoder"":""pymatching"",""decoder_type"":null,""p"":0.005,""p_erase"":0.0,""r"":9,""run_id"":""2a4ea2d584fc2bf5c8190788d85215184fedc7e186490a60b77c03f97ea87652""}",
      3072,         8,         0,   0.067,pymatching,fd145cad6c14af911132ef19c1bee76d038a34d600ee78e06c215866bf8a8fc6,"{""circuit"":""surface_code:rotated_memory_x"",""cluster_node_limit"":null,""d"":11,""decoder"":""pymatching"",""decoder_type"":null,""p"":0.005,""p_erase"":0.0,""r"":11,""run_id"":""264ed3f9b698b05762c9b57c58ab3e7213fbdd6ee23e7439f6b06d1b7e82a27e""}",
      5120,         4,         0,   0.089,pymatching,9fac061a89ccfd2a5339e100f97a967b7cf112943a3dbe1aa60b49da56bb7907,"{""circuit"":""surface_code:rotated_memory_x"",""cluster_node_limit"":null,""d"":11,""decoder"":""pymatching"",""decoder_type"":null,""p"":0.004,""p_erase"":0.0,""r"":11,""run_id"":""0f519201a4f88c92ca606d2661494d2fcfb8042eefcbbdc78cef0ca33c2b272e""}",
     11264,       349,         0,   0.221,pymatching,d89b364b08000c8dff12aaaa6871493b1030dfa16b189e9b6c3cb457c0a58275,"{""circuit"":""surface_code:rotated_memory_x"",""cluster_node_limit"":null,""d"":9,""decoder"":""pymatching"",""decoder_type"":null,""p"":0.0075,""p_erase"":0.0,""r"":9,""run_id"":""93b546d4fd79a7b6cef198f735724d37d3d84eb849ef505873742ace3722ea22""}",
     18432,         0,         0,   0.107,pymatching,732463c957358bc59bcb16c03983222ce685a8af117ee9b424a8b8a1184aeb7f,"{""circuit"":""surface_code:rotated_memory_x"",""cluster_node_limit"":null,""d"":11,""decoder"":""pymatching"",""decoder_type"":null,""p"":0.001,""p_erase"":0.0,""r"":11,""run_id"":""fa5d2a0939d026d8b573da562fd11642be73dcca1b08957b563c1d258ddf4101""}",
     20480,       230,         0,   0.305,pymatching,095b2096f3bed8f6a8a073fe98d7f29636ec55bc649f3aa2873b03d010f4de4e,"{""circuit"":""surface_code:rotated_memory_x"",""cluster_node_limit"":null,""d"":9,""decoder"":""pymatching"",""decoder_type"":null,""p"":0.006,""p_erase"":0.0,""r"":9,""run_id"":""49d7f376c9a48c12ec23d679fde87245bd4d0482dbc94bad0b77fac81ebbb791""}",
      2048,        22,         0,   0.059,pymatching,f4e75ea784aa82d92d7feefc33efbca4f143f3c278978a9b5d513692184cad34,"{""circuit"":""surface_code:rotated_memory_x"",""cluster_node_limit"":null,""d"":11,""decoder"":""pymatching"",""decoder_type"":null,""p"":0.006,""p_erase"":0.0,""r"":11,""run_id"":""0e3945e8e73a4721a94f6dab9969d30ee8c29c1bc8cbf96080e0e787d62f6e4b""}",
      2048,        30,         0,   0.067,pymatching,2c6cc6c663765f62fcb062cbc6153b47b3629a836fc871784e75f57e57ad1ed4,"{""circuit"":""surface_code:rotated_memory_x"",""cluster_node_limit"":null,""d"":11,""decoder"":""pymatching"",""decoder_type"":null,""p"":0.0065,""p_erase"":0.0,""r"":11,""run_id"":""e3895049058e7f3d286fb5c6a1d293b025b771c49df75c38a6387ce4ca0d4ec0""}",
      4096,       523,         0,   0.137,pymatching,90e6a11649feb1c509ce1e77e8e6e44fe417c232b39f5463c4d13e9bd61b80f4,"{""circuit"":""surface_code:rotated_memory_x"",""cluster_node_limit"":null,""d"":9,""decoder"":""pymatching"",""decoder_type"":null,""p"":0.011,""p_erase"":0.0,""r"":9,""run_id"":""051ec822ba9a3f0e5ddde53ce1a079bcdd6c7fde33eedcfda3b3fcff7651bea5""}",
      4096,        13,         0,   0.090,pymatching,fd145cad6c14af911132ef19c1bee76d038a34d600ee78e06c215866bf8a8fc6,"{""circuit"":""surface_code:rotated_memory_x"",""cluster_node_limit"":null,""d"":11,""decoder"":""pymatching"",""decoder_type"":null,""p"":0.005,""p_erase"":0.0,""r"":11,""run_id"":""264ed3f9b698b05762c9b57c58ab3e7213fbdd6ee23e7439f6b06d1b7e82a27e""}",
      7567,        30,         0,   0.096,pymatching,7a258fd1078357f42d0130b3f514fef6d77d8b8fd0d8dcdd9b95588a35b8a3ec,"{""circuit"":""surface_code:rotated_memory_x"",""cluster_node_limit"":null,""d"":9,""decoder"":""pymatching"",""decoder_type"":null,""p"":0.005,""p_erase"":0.0,""r"":9,""run_id"":""2a4ea2d584fc2bf5c8190788d85215184fedc7e186490a60b77c03f97ea87652""}",
      6144,       398,         0,   0.158,pymatching,3f341272898527425cfb0bdc9a3185f1356cba1b4f3b671fa2ade2768a318019,"{""circuit"":""surface_code:rotated_memory_x"",""cluster_node_limit"":null,""d"":9,""decoder"":""pymatching"",""decoder_type"":null,""p"":0.009,""p_erase"":0.0,""r"":9,""run_id"":""a016278b73fb5b419418cb041cf30739cf03aadd573d47440fff675183049023""}",
     10240,       453,         0,   0.221,pymatching,327e5b214443101021e5259d35475f25196e478c10276329e56c3368fb784baf,"{""circuit"":""surface_code:rotated_memory_x"",""cluster_node_limit"":null,""d"":9,""decoder"":""pymatching"",""decoder_type"":null,""p"":0.008,""p_erase"":0.0,""r"":9,""run_id"":""2cf8b8429420829180e0dd4bd28a530ee6127525cd9fd2ccd239fd07128e61c1""}",
      7168,         7,         0,   0.118,pymatching,9fac061a89ccfd2a5339e100f97a967b7cf112943a3dbe1aa60b49da56bb7907,"{""circuit"":""surface_code:rotated_memory_x"",""cluster_node_limit"":null,""d"":11,""decoder"":""pymatching"",""decoder_type"":null,""p"":0.004,""p_erase"":0.0,""r"":11,""run_id"":""0f519201a4f88c92ca606d2661494d2fcfb8042eefcbbdc78cef0ca33c2b272e""}",
      2048,        33,         0,   0.061,pymatching,2c6cc6c663765f62fcb062cbc6153b47b3629a836fc871784e75f57e57ad1ed4,"{""circuit"":""surface_code:rotated_memory_x"",""cluster_node_limit"":null,""d"":11,""decoder"":""pymatching"",""decoder_type"":null,""p"":0.0065,""p_erase"":0.0,""r"":11,""run_id"":""e3895049058e7f3d286fb5c6a1d293b025b771c49df75c38a6387ce4ca0d4ec0""}",
      5120,       506,         0,   0.149,pymatching,c383184899e842ea9d32b83fa01fb50afbc0d80ed2da543e82fecc72bcc6177f,"{""circuit"":""surface_code:rotated_memory_x"",""cluster_node_limit"":null,""d"":9,""decoder"":""pymatching"",""decoder_type"":null,""p"":0.01,""p_erase"":0.0,""r"":9,""run_id"":""efcf91dea02b7c96088b1948a8517f0da180a841bea0f5861e93a48e544e1c68""}",
      3072,        25,         0,   0.087,pymatching,f4e75ea784aa82d92d7feefc33efbca4f143f3c278978a9b5d513692184cad34,"{""circuit"":""surface_code:rotated_memory_x"",""cluster_node_limit"":null,""d"":11,""decoder"":""pymatching"",""decoder_type"":null,""p"":0.006,""p_erase"":0.0,""r"":11,""run_id"":""0e3945e8e73a4721a94f6dab9969d30ee8c29c1bc8cbf96080e0e787d62f6e4b""}",
       273,         5,         0,   0.014,pymatching,a7d1323eed055fec41026221b2e5ac2b73f3a1f94ad64474d12d8948f9163000,"{""circuit"":""surface_code:rotated_memory_x"",""cluster_node_limit"":null,""d"":11,""decoder"":""pymatching"",""decoder_type"":null,""p"":0.007,""p_erase"":0.0,""r"":11,""run_id"":""d44c56664df2329f11ba7807e588599df55c9e7726e3abb34429c4d14d90c33d""}",
     18432,       312,         0,   0.309,pymatching,f9da3d52964d9ba3cf6db8c99788484a569f512bbd9a2533b2f9eaa570403fd6,"{""circuit"":""surface_code:rotated_memory_x"",""cluster_node_limit"":null,""d"":9,""decoder"":""pymatching"",""decoder_type"":null,""p"":0.0065,""p_erase"":0.0,""r"":9,""run_id"":""9650806a51bcc949dff2c542a54c873e5284d724e3286a0ae542e0ca3321c32c""}",
     25600,         0,         0,   0.151,pymatching,732463c957358bc59bcb16c03983222ce685a8af117ee9b424a8b8a1184aeb7f,"{""circuit"":""surface_code:rotated_memory_x"",""cluster_node_limit"":null,""d"":11,""decoder"":""pymatching"",""decoder_type"":null,""p"":0.001,""p_erase"":0.0,""r"":11,""run_id"":""fa5d2a0939d026d8b573da562fd11642be73dcca1b08957b563c1d258ddf4101""}",
      1024,        14,         0,   0.036,pymatching,a7d1323eed055fec41026221b2e5ac2b73f3a1f94ad64474d12d8948f9163000,"{""circuit"":""surface_code:rotated_memory_x"",""cluster_node_limit"":null,""d"":11,""decoder"":""pymatching"",""decoder_type"":null,""p"":0.007,""p_erase"":0.0,""r"":11,""run_id"":""d44c56664df2329f11ba7807e588599df55c9e7726e3abb34429c4d14d90c33d""}",
      5120,        22,         0,   0.111,pymatching,fd145cad6c14af911132ef19c1bee76d038a34d600ee78e06c215866bf8a8fc6,"{""circuit"":""surface_code:rotated_memory_x"",""cluster_node_limit"":null,""d"":11,""decoder"":""pymatching"",""decoder_type"":null,""p"":0.005,""p_erase"":0.0,""r"":11,""run_id"":""264ed3f9b698b05762c9b57c58ab3e7213fbdd6ee23e7439f6b06d1b7e82a27e""}",
      3072,        42,         0,   0.093,pymatching,2c6cc6c663765f62fcb062cbc6153b47b3629a836fc871784e75f57e57ad1ed4,"{""circuit"":""surface_code:rotated_memory_x"",""cluster_node_limit"":null,""d"":11,""decoder"":""pymatching"",""decoder_type"":null,""p"":0.0065,""p_erase"":0.0,""r"":11,""run_id"":""e3895049058e7f3d286fb5c6a1d293b025b771c49df75c38a6387ce4ca0d4ec0""}",
      5120,       651,         0,   0.169,pymatching,90e6a11649feb1c509ce1e77e8e6e44fe417c232b39f5463c4d13e9bd61b80f4,"{""circuit"":""surface_code:rotated_memory_x"",""cluster_node_limit"":null,""d"":9,""decoder"":""pymatching"",""decoder_type"":null,""p"":0.011,""p_erase"":0.0,""r"":9,""run_id"":""051ec822ba9a3f0e5ddde53ce1a079bcdd6c7fde33eedcfda3b3fcff7651bea5""}",
      1024,        22,         0,   0.036,pymatching,a7d1323eed055fec41026221b2e5ac2b73f3a1f94ad64474d12d8948f9163000,"{""circuit"":""surface_code:rotated_memory_x"",""cluster_node_limit"":null,""d"":11,""decoder"":""pymatching"",""decoder_type"":null,""p"":0.007,""p_erase"":0.0,""r"":11,""run_id"":""d44c56664df2329f11ba7807e588599df55c9e7726e3abb34429c4d14d90c33d""}",
     11663,         0,         0,   0.067,pymatching,732463c957358bc59bcb16c03983222ce685a8af117ee9b424a8b8a1184aeb7f,"{""circuit"":""surface_code:rotated_memory_x"",""cluster_node_limit"":null,""d"":11,""decoder"":""pymatching"",""decoder_type"":null,""p"":0.001,""p_erase"":0.0,""r"":11,""run_id"":""fa5d2a0939d026d8b573da562fd11642be73dcca1b08957b563c1d258ddf4101""}",
      4096,        37,         0,   0.119,pymatching,f4e75ea784aa82d92d7feefc33efbca4f143f3c278978a9b5d513692184cad34,"{""circuit"":""surface_code:rotated_memory_x"",""cluster_node_limit"":null,""d"":11,""decoder"":""pymatching"",""decoder_type"":null,""p"":0.006,""p_erase"":0.0,""r"":11,""run_id"":""0e3945e8e73a4721a94f6dab9969d30ee8c29c1bc8cbf96080e0e787d62f6e4b""}",
      1024,        21,         0,   0.039,pymatching,a7d1323eed055fec41026221b2e5ac2b73f3a1f94ad64474d12d8948f9163000,"{""circuit"":""surface_code:rotated_memory_x"",""cluster_node_limit"":null,""d"":11,""decoder"":""pymatching"",""decoder_type"":null,""p"":0.007,""p_erase"":0.0,""r"":11,""run_id"":""d44c56664df2329f11ba7807e588599df55c9e7726e3abb34429c4d14d90c33d""}",
      9216,         6,         0,   0.156,pymatching,9fac061a89ccfd2a5339e100f97a967b7cf112943a3dbe1aa60b49da56bb7907,"{""circuit"":""surface_code:rotated_memory_x"",""cluster_node_limit"":null,""d"":11,""decoder"":""pymatching"",""decoder_type"":null,""p"":0.004,""p_erase"":0.0,""r"":11,""run_id"":""0f519201a4f88c92ca606d2661494d2fcfb8042eefcbbdc78cef0ca33c2b272e""}",
     16384,       409,         0,   0.294,pymatching,b7d94757bbc93b264ff36abd2ad5a014200ca0ebf81a763ac69bc69d17cc0ce6,"{""circuit"":""surface_code:rotated_memory_x"",""cluster_node_limit"":null,""d"":9,""decoder"":""pymatching"",""decoder_type"":null,""p"":0.007,""p_erase"":0.0,""r"":9,""run_id"":""fae61c15ffc870897144694c623ca357447e02f7731f27d145cdb61fa77a334f""}",
      8192,       538,         0,   0.209,pymatching,3f341272898527425cfb0bdc9a3185f1356cba1b4f3b671fa2ade2768a318019,"{""circuit"":""surface_code:rotated_memory_x"",""cluster_node_limit"":null,""d"":9,""decoder"":""pymatching"",""decoder_type"":null,""p"":0.009,""p_erase"":0.0,""r"":9,""run_id"":""a016278b73fb5b419418cb041cf30739cf03aadd573d47440fff675183049023""}",
       273,        12,         0,   0.015,pymatching,831fa19b7ac8afb3cd2911f6b74dcfcb00f91c76108587064c2a0d9e035ea16b,"{""circuit"":""surface_code:rotated_memory_x"",""cluster_node_limit"":null,""d"":11,""decoder"":""pymatching"",""decoder_type"":null,""p"":0.0075,""p_erase"":0.0,""r"":11,""run_id"":""bc27ba3783bb2d0703fb3d212d8a61b51c480684d1ab55584e2a80cc94dc90f4""}",
     15360,       473,         0,   0.300,pymatching,d89b364b08000c8dff12aaaa6871493b1030dfa16b189e9b6c3cb457c0a58275,"{""circuit"":""surface_code:rotated_memory_x"",""cluster_node_limit"":null,""d"":9,""decoder"":""pymatching"",""decoder_type"":null,""p"":0.0075,""p_erase"":0.0,""r"":9,""run_id"":""93b546d4fd79a7b6cef198f735724d37d3d84eb849ef505873742ace3722ea22""}",
      7168,       663,         0,   0.210,pymatching,c383184899e842ea9d32b83fa01fb50afbc0d80ed2da543e82fecc72bcc6177f,"{""circuit"":""surface_code:rotated_memory_x"",""cluster_node_limit"":null,""d"":9,""decoder"":""pymatching"",""decoder_type"":null,""p"":0.01,""p_erase"":0.0,""r"":9,""run_id"":""efcf91dea02b7c96088b1948a8517f0da180a841bea0f5861e93a48e544e1c68""}",
      2048,        45,         0,   0.068,pymatching,a7d1323eed055fec41026221b2e5ac2b73f3a1f94ad64474d12d8948f9163000,"{""circuit"":""surface_code:rotated_memory_x"",""cluster_node_limit"":null,""d"":11,""decoder"":""pymatching"",""decoder_type"":null,""p"":0.007,""p_erase"":0.0,""r"":11,""run_id"":""d44c56664df2329f11ba7807e588599df55c9e7726e3abb34429c4d14d90c33d""}",
      4096,        47,         0,   0.132,pymatching,2c6cc6c663765f62fcb062cbc6153b47b3629a836fc871784e75f57e57ad1ed4,"{""circuit"":""surface_code:rotated_memory_x"",""cluster_node_limit"":null,""d"":11,""decoder"":""pymatching"",""decoder_type"":null,""p"":0.0065,""p_erase"":0.0,""r"":11,""run_id"":""e3895049058e7f3d286fb5c6a1d293b025b771c49df75c38a6387ce4ca0d4ec0""}",
      1024,        31,         0,   0.040,pymatching,831fa19b7ac8afb3cd2911f6b74dcfcb00f91c76108587064c2a0d9e035ea16b,"{""circuit"":""surface_code:rotated_memory_x"",""cluster_node_limit"":null,""d"":11,""decoder"":""pymatching"",""decoder_type"":null,""p"":0.0075,""p_erase"":0.0,""r"":11,""run_id"":""bc27ba3783bb2d0703fb3d212d8a61b51c480684d1ab55584e2a80cc94dc90f4""}",
      7168,        30,         0,   0.156,pymatching,fd145cad6c14af911132ef19c1bee76d038a34d600ee78e06c215866bf8a8fc6,"{""circuit"":""surface_code:rotated_memory_x"",""cluster_node_limit"":null,""d"":11,""decoder"":""pymatching"",""decoder_type"":null,""p"":0.005,""p_erase"":0.0,""r"":11,""run_id"":""264ed3f9b698b05762c9b57c58ab3e7213fbdd6ee23e7439f6b06d1b7e82a27e""}",
      1024,        38,         0,   0.041,pymatching,831fa19b7ac8afb3cd2911f6b74dcfcb00f91c76108587064c2a0d9e035ea16b,"{""circuit"":""surface_code:rotated_memory_x"",""cluster_node_limit"":null,""d"":11,""decoder"":""pymatching"",""decoder_type"":null,""p"":0.0075,""p_erase"":0.0,""r"":11,""run_id"":""bc27ba3783bb2d0703fb3d212d8a61b51c480684d1ab55584e2a80cc94dc90f4""}",
     13312,       517,         0,   0.291,pymatching,327e5b214443101021e5259d35475f25196e478c10276329e56c3368fb784baf,"{""circuit"":""surface_code:rotated_memory_x"",""cluster_node_limit"":null,""d"":9,""decoder"":""pymatching"",""decoder_type"":null,""p"":0.008,""p_erase"":0.0,""r"":9,""run_id"":""2cf8b8429420829180e0dd4bd28a530ee6127525cd9fd2ccd239fd07128e61c1""}",
      5120,        50,         0,   0.149,pymatching,f4e75ea784aa82d92d7feefc33efbca4f143f3c278978a9b5d513692184cad34,"{""circuit"":""surface_code:rotated_memory_x"",""cluster_node_limit"":null,""d"":11,""decoder"":""pymatching"",""decoder_type"":null,""p"":0.006,""p_erase"":0.0,""r"":11,""run_id"":""0e3945e8e73a4721a94f6dab9969d30ee8c29c1bc8cbf96080e0e787d62f6e4b""}",
      2048,        35,         0,   0.071,pymatching,a7d1323eed055fec41026221b2e5ac2b73f3a1f94ad64474d12d8948f9163000,"{""circuit"":""surface_code:rotated_memory_x"",""cluster_node_limit"":null,""d"":11,""decoder"":""pymatching"",""decoder_type"":null,""p"":0.007,""p_erase"":0.0,""r"":11,""run_id"":""d44c56664df2329f11ba7807e588599df55c9e7726e3abb34429c4d14d90c33d""}",
      1024,        30,         0,   0.040,pymatching,831fa19b7ac8afb3cd2911f6b74dcfcb00f91c76108587064c2a0d9e035ea16b,"{""circuit"":""surface_code:rotated_memory_x"",""cluster_node_limit"":null,""d"":11,""decoder"":""pymatching"",""decoder_type"":null,""p"":0.0075,""p_erase"":0.0,""r"":11,""run_id"":""bc27ba3783bb2d0703fb3d212d8a61b51c480684d1ab55584e2a80cc94dc90f4""}",
     27023,       328,         0,   0.405,pymatching,095b2096f3bed8f6a8a073fe98d7f29636ec55bc649f3aa2873b03d010f4de4e,"{""circuit"":""surface_code:rotated_memory_x"",""cluster_node_limit"":null,""d"":9,""decoder"":""pymatching"",""decoder_type"":null,""p"":0.006,""p_erase"":0.0,""r"":9,""run_id"":""49d7f376c9a48c12ec23d679fde87245bd4d0482dbc94bad0b77fac81ebbb791""}",
      6144,       830,         0,   0.210,pymatching,90e6a11649feb1c509ce1e77e8e6e44fe417c232b39f5463c4d13e9bd61b80f4,"{""circuit"":""surface_code:rotated_memory_x"",""cluster_node_limit"":null,""d"":9,""decoder"":""pymatching"",""decoder_type"":null,""p"":0.011,""p_erase"":0.0,""r"":9,""run_id"":""051ec822ba9a3f0e5ddde53ce1a079bcdd6c7fde33eedcfda3b3fcff7651bea5""}",
      1024,        34,         0,   0.043,pymatching,831fa19b7ac8afb3cd2911f6b74dcfcb00f91c76108587064c2a0d9e035ea16b,"{""circuit"":""surface_code:rotated_memory_x"",""cluster_node_limit"":null,""d"":11,""decoder"":""pymatching"",""decoder_type"":null,""p"":0.0075,""p_erase"":0.0,""r"":11,""run_id"":""bc27ba3783bb2d0703fb3d212d8a61b51c480684d1ab55584e2a80cc94dc90f4""}",
     12288,         9,         0,   0.218,pymatching,9fac061a89ccfd2a5339e100f97a967b7cf112943a3dbe1aa60b49da56bb7907,"{""circuit"":""surface_code:rotated_memory_x"",""cluster_node_limit"":null,""d"":11,""decoder"":""pymatching"",""decoder_type"":null,""p"":0.004,""p_erase"":0.0,""r"":11,""run_id"":""0f519201a4f88c92ca606d2661494d2fcfb8042eefcbbdc78cef0ca33c2b272e""}",
       273,         6,         0,   0.016,pymatching,17c55b07aaac0686af75611a11c19622d5c0142cfbbf0b94bc9d63a78cdccc48,"{""circuit"":""surface_code:rotated_memory_x"",""cluster_node_limit"":null,""d"":11,""decoder"":""pymatching"",""decoder_type"":null,""p"":0.008,""p_erase"":0.0,""r"":11,""run_id"":""d5d5e47f2ba9e5014fdddb6643afd1169e73d1ac38cd4c789e3de609de918323""}",
      5120,        59,         0,   0.167,pymatching,2c6cc6c663765f62fcb062cbc6153b47b3629a836fc871784e75f57e57ad1ed4,"{""circuit"":""surface_code:rotated_memory_x"",""cluster_node_limit"":null,""d"":11,""decoder"":""pymatching"",""decoder_type"":null,""p"":0.0065,""p_erase"":0.0,""r"":11,""run_id"":""e3895049058e7f3d286fb5c6a1d293b025b771c49df75c38a6387ce4ca0d4ec0""}",
      3072,        65,         0,   0.110,pymatching,a7d1323eed055fec41026221b2e5ac2b73f3a1f94ad64474d12d8948f9163000,"{""circuit"":""surface_code:rotated_memory_x"",""cluster_node_limit"":null,""d"":11,""decoder"":""pymatching"",""decoder_type"":null,""p"":0.007,""p_erase"":0.0,""r"":11,""run_id"":""d44c56664df2329f11ba7807e588599df55c9e7726e3abb34429c4d14d90c33d""}",
      1024,        47,         0,   0.051,pymatching,17c55b07aaac0686af75611a11c19622d5c0142cfbbf0b94bc9d63a78cdccc48,"{""circuit"":""surface_code:rotated_memory_x"",""cluster_node_limit"":null,""d"":11,""decoder"":""pymatching"",""decoder_type"":null,""p"":0.008,""p_erase"":0.0,""r"":11,""run_id"":""d5d5e47f2ba9e5014fdddb6643afd1169e73d1ac38cd4c789e3de609de918323""}",
      2048,        59,         0,   0.083,pymatching,831fa19b7ac8afb3cd2911f6b74dcfcb00f91c76108587064c2a0d9e035ea16b,"{""circuit"":""surface_code:rotated_memory_x"",""cluster_node_limit"":null,""d"":11,""decoder"":""pymatching"",""decoder_type"":null,""p"":0.0075,""p_erase"":0.0,""r"":11,""run_id"":""bc27ba3783bb2d0703fb3d212d8a61b51c480684d1ab55584e2a80cc94dc90f4""}",
      9216,        30,         0,   0.209,pymatching,fd145cad6c14af911132ef19c1bee76d038a34d600ee78e06c215866bf8a8fc6,"{""circuit"":""surface_code:rotated_memory_x"",""cluster_node_limit"":null,""d"":11,""decoder"":""pymatching"",""decoder_type"":null,""p"":0.005,""p_erase"":0.0,""r"":11,""run_id"":""264ed3f9b698b05762c9b57c58ab3e7213fbdd6ee23e7439f6b06d1b7e82a27e""}",
     24576,       426,         0,   0.413,pymatching,f9da3d52964d9ba3cf6db8c99788484a569f512bbd9a2533b2f9eaa570403fd6,"{""circuit"":""surface_code:rotated_memory_x"",""cluster_node_limit"":null,""d"":9,""decoder"":""pymatching"",""decoder_type"":null,""p"":0.0065,""p_erase"":0.0,""r"":9,""run_id"":""9650806a51bcc949dff2c542a54c873e5284d724e3286a0ae542e0ca3321c32c""}",
      1024,        42,         0,   0.045,pymatching,17c55b07aaac0686af75611a11c19622d5c0142cfbbf0b94bc9d63a78cdccc48,"{""circuit"":""surface_code:rotated_memory_x"",""cluster_node_limit"":null,""d"":11,""decoder"":""pymatching"",""decoder_type"":null,""p"":0.008,""p_erase"":0.0,""r"":11,""run_id"":""d5d5e47f2ba9e5014fdddb6643afd1169e73d1ac38cd4c789e3de609de918323""}",
     11264,       691,         0,   0.301,pymatching,3f341272898527425cfb0bdc9a3185f1356cba1b4f3b671fa2ade2768a318019,"{""circuit"":""surface_code:rotated_memory_x"",""cluster_node_limit"":null,""d"":9,""decoder"":""pymatching"",""decoder_type"":null,""p"":0.009,""p_erase"":0.0,""r"":9,""run_id"":""a016278b73fb5b419418cb041cf30739cf03aadd573d47440fff675183049023""}",
     10240,      1000,         0,   0.297,pymatching,c383184899e842ea9d32b83fa01fb50afbc0d80ed2da543e82fecc72bcc6177f,"{""circuit"":""surface_code:rotated_memory_x"",""cluster_node_limit"":null,""d"":9,""decoder"":""pymatching"",""decoder_type"":null,""p"":0.01,""p_erase"":0.0,""r"":9,""run_id"":""efcf91dea02b7c96088b1948a8517f0da180a841bea0f5861e93a48e544e1c68""}",
      3072,        62,         0,   0.110,pymatching,a7d1323eed055fec41026221b2e5ac2b73f3a1f94ad64474d12d8948f9163000,"{""circuit"":""surface_code:rotated_memory_x"",""cluster_node_limit"":null,""d"":11,""decoder"":""pymatching"",""decoder_type"":null,""p"":0.007,""p_erase"":0.0,""r"":11,""run_id"":""d44c56664df2329f11ba7807e588599df55c9e7726e3abb34429c4d14d90c33d""}",
      8192,        84,         0,   0.229,pymatching,f4e75ea784aa82d92d7feefc33efbca4f143f3c278978a9b5d513692184cad34,"{""circuit"":""surface_code:rotated_memory_x"",""cluster_node_limit"":null,""d"":11,""decoder"":""pymatching"",""decoder_type"":null,""p"":0.006,""p_erase"":0.0,""r"":11,""run_id"":""0e3945e8e73a4721a94f6dab9969d30ee8c29c1bc8cbf96080e0e787d62f6e4b""}",
      2048,        73,         0,   0.081,pymatching,831fa19b7ac8afb3cd2911f6b74dcfcb00f91c76108587064c2a0d9e035ea16b,"{""circuit"":""surface_code:rotated_memory_x"",""cluster_node_limit"":null,""d"":11,""decoder"":""pymatching"",""decoder_type"":null,""p"":0.0075,""p_erase"":0.0,""r"":11,""run_id"":""bc27ba3783bb2d0703fb3d212d8a61b51c480684d1ab55584e2a80cc94dc90f4""}",
      1024,        44,         0,   0.045,pymatching,17c55b07aaac0686af75611a11c19622d5c0142cfbbf0b94bc9d63a78cdccc48,"{""circuit"":""surface_code:rotated_memory_x"",""cluster_node_limit"":null,""d"":11,""decoder"":""pymatching"",""decoder_type"":null,""p"":0.008,""p_erase"":0.0,""r"":11,""run_id"":""d5d5e47f2ba9e5014fdddb6643afd1169e73d1ac38cd4c789e3de609de918323""}",
      1024,        54,         0,   0.046,pymatching,17c55b07aaac0686af75611a11c19622d5c0142cfbbf0b94bc9d63a78cdccc48,"{""circuit"":""surface_code:rotated_memory_x"",""cluster_node_limit"":null,""d"":11,""decoder"":""pymatching"",""decoder_type"":null,""p"":0.008,""p_erase"":0.0,""r"":11,""run_id"":""d5d5e47f2ba9e5014fdddb6643afd1169e73d1ac38cd4c789e3de609de918323""}",
     22528,       515,         0,   0.418,pymatching,b7d94757bbc93b264ff36abd2ad5a014200ca0ebf81a763ac69bc69d17cc0ce6,"{""circuit"":""surface_code:rotated_memory_x"",""cluster_node_limit"":null,""d"":9,""decoder"":""pymatching"",""decoder_type"":null,""p"":0.007,""p_erase"":0.0,""r"":9,""run_id"":""fae61c15ffc870897144694c623ca357447e02f7731f27d145cdb61fa77a334f""}",
      7567,        93,         0,   0.129,pymatching,f9da3d52964d9ba3cf6db8c99788484a569f512bbd9a2533b2f9eaa570403fd6,"{""circuit"":""surface_code:rotated_memory_x"",""cluster_node_limit"":null,""d"":9,""decoder"":""pymatching"",""decoder_type"":null,""p"":0.0065,""p_erase"":0.0,""r"":9,""run_id"":""9650806a51bcc949dff2c542a54c873e5284d724e3286a0ae542e0ca3321c32c""}",
      7168,       103,         0,   0.223,pymatching,2c6cc6c663765f62fcb062cbc6153b47b3629a836fc871784e75f57e57ad1ed4,"{""circuit"":""surface_code:rotated_memory_x"",""cluster_node_limit"":null,""d"":11,""decoder"":""pymatching"",""decoder_type"":null,""p"":0.0065,""p_erase"":0.0,""r"":11,""run_id"":""e3895049058e7f3d286fb5c6a1d293b025b771c49df75c38a6387ce4ca0d4ec0""}",
     20480,       639,         0,   0.420,pymatching,d89b364b08000c8dff12aaaa6871493b1030dfa16b189e9b6c3cb457c0a58275,"{""circuit"":""surface_code:rotated_memory_x"",""cluster_node_limit"":null,""d"":9,""decoder"":""pymatching"",""decoder_type"":null,""p"":0.0075,""p_erase"":0.0,""r"":9,""run_id"":""93b546d4fd79a7b6cef198f735724d37d3d84eb849ef505873742ace3722ea22""}",
      9216,      1209,         0,   0.304,pymatching,90e6a11649feb1c509ce1e77e8e6e44fe417c232b39f5463c4d13e9bd61b80f4,"{""circuit"":""surface_code:rotated_memory_x"",""cluster_node_limit"":null,""d"":9,""decoder"":""pymatching"",""decoder_type"":null,""p"":0.011,""p_erase"":0.0,""r"":9,""run_id"":""051ec822ba9a3f0e5ddde53ce1a079bcdd6c7fde33eedcfda3b3fcff7651bea5""}",
      3072,        93,         0,   0.128,pymatching,831fa19b7ac8afb3cd2911f6b74dcfcb00f91c76108587064c2a0d9e035ea16b,"{""circuit"":""surface_code:rotated_memory_x"",""cluster_node_limit"":null,""d"":11,""decoder"":""pymatching"",""decoder_type"":null,""p"":0.0075,""p_erase"":0.0,""r"":11,""run_id"":""bc27ba3783bb2d0703fb3d212d8a61b51c480684d1ab55584e2a80cc94dc90f4""}",
      2048,        70,         0,   0.089,pymatching,17c55b07aaac0686af75611a11c19622d5c0142cfbbf0b94bc9d63a78cdccc48,"{""circuit"":""surface_code:rotated_memory_x"",""cluster_node_limit"":null,""d"":11,""decoder"":""pymatching"",""decoder_type"":null,""p"":0.008,""p_erase"":0.0,""r"":11,""run_id"":""d5d5e47f2ba9e5014fdddb6643afd1169e73d1ac38cd4c789e3de609de918323""}",
       273,        24,         0,   0.021,pymatching,efaee12e13d01252b0ce524d2e4264e8375c0dc7d39cc05d6de2b2f4df57fc3a,"{""circuit"":""surface_code:rotated_memory_x"",""cluster_node_limit"":null,""d"":11,""decoder"":""pymatching"",""decoder_type"":null,""p"":0.009,""p_erase"":0.0,""r"":11,""run_id"":""829fcaa931751cbd6b32b69ce0047ca2e909fc8767cb41fb89ba265664bf1e98""}",
     17408,        16,         0,   0.302,pymatching,9fac061a89ccfd2a5339e100f97a967b7cf112943a3dbe1aa60b49da56bb7907,"{""circuit"":""surface_code:rotated_memory_x"",""cluster_node_limit"":null,""d"":11,""decoder"":""pymatching"",""decoder_type"":null,""p"":0.004,""p_erase"":0.0,""r"":11,""run_id"":""0f519201a4f88c92ca606d2661494d2fcfb8042eefcbbdc78cef0ca33c2b272e""}",
     18432,       821,         0,   0.410,pymatching,327e5b214443101021e5259d35475f25196e478c10276329e56c3368fb784baf,"{""circuit"":""surface_code:rotated_memory_x"",""cluster_node_limit"":null,""d"":9,""decoder"":""pymatching"",""decoder_type"":null,""p"":0.008,""p_erase"":0.0,""r"":9,""run_id"":""2cf8b8429420829180e0dd4bd28a530ee6127525cd9fd2ccd239fd07128e61c1""}",
      5120,       102,         0,   0.178,pymatching,a7d1323eed055fec41026221b2e5ac2b73f3a1f94ad64474d12d8948f9163000,"{""circuit"":""surface_code:rotated_memory_x"",""cluster_node_limit"":null,""d"":11,""decoder"":""pymatching"",""decoder_type"":null,""p"":0.007,""p_erase"":0.0,""r"":11,""run_id"":""d44c56664df2329f11ba7807e588599df55c9e7726e3abb34429c4d14d90c33d""}",
      1024,        76,         0,   0.056,pymatching,efaee12e13d01252b0ce524d2e4264e8375c0dc7d39cc05d6de2b2f4df57fc3a,"{""circuit"":""surface_code:rotated_memory_x"",""cluster_node_limit"":null,""d"":11,""decoder"":""pymatching"",""decoder_type"":null,""p"":0.009,""p_erase"":0.0,""r"":11,""run_id"":""829fcaa931751cbd6b32b69ce0047ca2e909fc8767cb41fb89ba265664bf1e98""}",
      3072,       433,         0,   0.103,pymatching,90e6a11649feb1c509ce1e77e8e6e44fe417c232b39f5463c4d13e9bd61b80f4,"{""circuit"":""surface_code:rotated_memory_x"",""cluster_node_limit"":null,""d"":9,""decoder"":""pymatching"",""decoder_type"":null,""p"":0.011,""p_erase"":0.0,""r"":9,""run_id"":""051ec822ba9a3f0e5ddde53ce1a079bcdd6c7fde33eedcfda3b3fcff7651bea5""}",
      2048,        80,         0,   0.088,pymatching,17c55b07aaac0686af75611a11c19622d5c0142cfbbf0b94bc9d63a78cdccc48,"{""circuit"":""surface_code:rotated_memory_x"",""cluster_node_limit"":null,""d"":11,""decoder"":""pymatching"",""decoder_type"":null,""p"":0.008,""p_erase"":0.0,""r"":11,""run_id"":""d5d5e47f2ba9e5014fdddb6643afd1169e73d1ac38cd4c789e3de609de918323""}",
     14336,        37,         0,   0.312,pymatching,fd145cad6c14af911132ef19c1bee76d038a34d600ee78e06c215866bf8a8fc6,"{""circuit"":""surface_code:rotated_memory_x"",""cluster_node_limit"":null,""d"":11,""decoder"":""pymatching"",""decoder_type"":null,""p"":0.005,""p_erase"":0.0,""r"":11,""run_id"":""264ed3f9b698b05762c9b57c58ab3e7213fbdd6ee23e7439f6b06d1b7e82a27e""}",
      1024,        97,         0,   0.055,pymatching,efaee12e13d01252b0ce524d2e4264e8375c0dc7d39cc05d6de2b2f4df57fc3a,"{""circuit"":""surface_code:rotated_memory_x"",""cluster_node_limit"":null,""d"":11,""decoder"":""pymatching"",""decoder_type"":null,""p"":0.009,""p_erase"":0.0,""r"":11,""run_id"":""829fcaa931751cbd6b32b69ce0047ca2e909fc8767cb41fb89ba265664bf1e98""}",
     10240,        93,         0,   0.292,pymatching,f4e75ea784aa82d92d7feefc33efbca4f143f3c278978a9b5d513692184cad34,"{""circuit"":""surface_code:rotated_memory_x"",""cluster_node_limit"":null,""d"":11,""decoder"":""pymatching"",""decoder_type"":null,""p"":0.006,""p_erase"":0.0,""r"":11,""run_id"":""0e3945e8e73a4721a94f6dab9969d30ee8c29c1bc8cbf96080e0e787d62f6e4b""}",
      4096,       100,         0,   0.163,pymatching,831fa19b7ac8afb3cd2911f6b74dcfcb00f91c76108587064c2a0d9e035ea16b,"{""circuit"":""surface_code:rotated_memory_x"",""cluster_node_limit"":null,""d"":11,""decoder"":""pymatching"",""decoder_type"":null,""p"":0.0075,""p_erase"":0.0,""r"":11,""run_id"":""bc27ba3783bb2d0703fb3d212d8a61b51c480684d1ab55584e2a80cc94dc90f4""}",
       273,        36,         0,   0.025,pymatching,e82d8e3106bbbdd97e9cabdaae16ec20a7cebe6fbd14fedad03f9c1c1f79705f,"{""circuit"":""surface_code:rotated_memory_x"",""cluster_node_limit"":null,""d"":11,""decoder"":""pymatching"",""decoder_type"":null,""p"":0.01,""p_erase"":0.0,""r"":11,""run_id"":""13e9889914ca69e915cccaa1540a1c69fd212bfc1358801501ae1eb2a6cb17ba""}",
      1024,        68,         0,   0.054,pymatching,efaee12e13d01252b0ce524d2e4264e8375c0dc7d39cc05d6de2b2f4df57fc3a,"{""circuit"":""surface_code:rotated_memory_x"",""cluster_node_limit"":null,""d"":11,""decoder"":""pymatching"",""decoder_type"":null,""p"":0.009,""p_erase"":0.0,""r"":11,""run_id"":""829fcaa931751cbd6b32b69ce0047ca2e909fc8767cb41fb89ba265664bf1e98""}",
     15759,       382,         0,   0.278,pymatching,b7d94757bbc93b264ff36abd2ad5a014200ca0ebf81a763ac69bc69d17cc0ce6,"{""circuit"":""surface_code:rotated_memory_x"",""cluster_node_limit"":null,""d"":9,""decoder"":""pymatching"",""decoder_type"":null,""p"":0.007,""p_erase"":0.0,""r"":9,""run_id"":""fae61c15ffc870897144694c623ca357447e02f7731f27d145cdb61fa77a334f""}",
      3072,       120,         0,   0.133,pymatching,17c55b07aaac0686af75611a11c19622d5c0142cfbbf0b94bc9d63a78cdccc48,"{""circuit"":""surface_code:rotated_memory_x"",""cluster_node_limit"":null,""d"":11,""decoder"":""pymatching"",""decoder_type"":null,""p"":0.008,""p_erase"":0.0,""r"":11,""run_id"":""d5d5e47f2ba9e5014fdddb6643afd1169e73d1ac38cd4c789e3de609de918323""}",
      1024,       131,         0,   0.063,pymatching,e82d8e3106bbbdd97e9cabdaae16ec20a7cebe6fbd14fedad03f9c1c1f79705f,"{""circuit"":""surface_code:rotated_memory_x"",""cluster_node_limit"":null,""d"":11,""decoder"":""pymatching"",""decoder_type"":null,""p"":0.01,""p_erase"":0.0,""r"":11,""run_id"":""13e9889914ca69e915cccaa1540a1c69fd212bfc1358801501ae1eb2a6cb17ba""}",
      1024,        73,         0,   0.055,pymatching,efaee12e13d01252b0ce524d2e4264e8375c0dc7d39cc05d6de2b2f4df57fc3a,"{""circuit"":""surface_code:rotated_memory_x"",""cluster_node_limit"":null,""d"":11,""decoder"":""pymatching"",""decoder_type"":null,""p"":0.009,""p_erase"":0.0,""r"":11,""run_id"":""829fcaa931751cbd6b32b69ce0047ca2e909fc8767cb41fb89ba265664bf1e98""}",
      6144,       132,         0,   0.213,pymatching,a7d1323eed055fec41026221b2e5ac2b73f3a1f94ad64474d12d8948f9163000,"{""circuit"":""surface_code:rotated_memory_x"",""cluster_node_limit"":null,""d"":11,""decoder"":""pymatching"",""decoder_type"":null,""p"":0.007,""p_erase"":0.0,""r"":11,""run_id"":""d44c56664df2329f11ba7807e588599df55c9e7726e3abb34429c4d14d90c33d""}",
      9216,       116,         0,   0.297,pymatching,2c6cc6c663765f62fcb062cbc6153b47b3629a836fc871784e75f57e57ad1ed4,"{""circuit"":""surface_code:rotated_memory_x"",""cluster_node_limit"":null,""d"":11,""decoder"":""pymatching"",""decoder_type"":null,""p"":0.0065,""p_erase"":0.0,""r"":11,""run_id"":""e3895049058e7f3d286fb5c6a1d293b025b771c49df75c38a6387ce4ca0d4ec0""}",
     16384,      1054,         0,   0.428,pymatching,3f341272898527425cfb0bdc9a3185f1356cba1b4f3b671fa2ade2768a318019,"{""circuit"":""surface_code:rotated_memory_x"",""cluster_node_limit"":null,""d"":9,""decoder"":""pymatching"",""decoder_type"":null,""p"":0.009,""p_erase"":0.0,""r"":9,""run_id"":""a016278b73fb5b419418cb041cf30739cf03aadd573d47440fff675183049023""}",
     13312,      1293,         0,   0.404,pymatching,c383184899e842ea9d32b83fa01fb50afbc0d80ed2da543e82fecc72bcc6177f,"{""circuit"":""surface_code:rotated_memory_x"",""cluster_node_limit"":null,""d"":9,""decoder"":""pymatching"",""decoder_type"":null,""p"":0.01,""p_erase"":0.0,""r"":9,""run_id"":""efcf91dea02b7c96088b1948a8517f0da180a841bea0f5861e93a48e544e1c68""}",
       273,        45,         0,   0.025,pymatching,d7083ffb23fdc52079c3ed0ababe8663ca50eb6e49bd62e052479567e9aa2ef3,"{""circuit"":""surface_code:rotated_memory_x"",""cluster_node_limit"":null,""d"":11,""decoder"":""pymatching"",""decoder_type"":null,""p"":0.011,""p_erase"":0.0,""r"":11,""run_id"":""c7976122b30c77725f17fcfd30ff43b6475083c0b7cf3a3513813e985ae4aac8""}",
      1024,       123,         0,   0.068,pymatching,e82d8e3106bbbdd97e9cabdaae16ec20a7cebe6fbd14fedad03f9c1c1f79705f,"{""circuit"":""surface_code:rotated_memory_x"",""cluster_node_limit"":null,""d"":11,""decoder"":""pymatching"",""decoder_type"":null,""p"":0.01,""p_erase"":0.0,""r"":11,""run_id"":""13e9889914ca69e915cccaa1540a1c69fd212bfc1358801501ae1eb2a6cb17ba""}",
      2048,       192,         0,   0.060,pymatching,c383184899e842ea9d32b83fa01fb50afbc0d80ed2da543e82fecc72bcc6177f,"{""circuit"":""surface_code:rotated_memory_x"",""cluster_node_limit"":null,""d"":9,""decoder"":""pymatching"",""decoder_type"":null,""p"":0.01,""p_erase"":0.0,""r"":9,""run_id"":""efcf91dea02b7c96088b1948a8517f0da180a841bea0f5861e93a48e544e1c68""}",
      2048,       134,         0,   0.110,pymatching,efaee12e13d01252b0ce524d2e4264e8375c0dc7d39cc05d6de2b2f4df57fc3a,"{""circuit"":""surface_code:rotated_memory_x"",""cluster_node_limit"":null,""d"":11,""decoder"":""pymatching"",""decoder_type"":null,""p"":0.009,""p_erase"":0.0,""r"":11,""run_id"":""829fcaa931751cbd6b32b69ce0047ca2e909fc8767cb41fb89ba265664bf1e98""}",
      1024,       109,         0,   0.064,pymatching,e82d8e3106bbbdd97e9cabdaae16ec20a7cebe6fbd14fedad03f9c1c1f79705f,"{""circuit"":""surface_code:rotated_memory_x"",""cluster_node_limit"":null,""d"":11,""decoder"":""pymatching"",""decoder_type"":null,""p"":0.01,""p_erase"":0.0,""r"":11,""run_id"":""13e9889914ca69e915cccaa1540a1c69fd212bfc1358801501ae1eb2a6cb17ba""}",
      1024,       162,         0,   0.073,pymatching,d7083ffb23fdc52079c3ed0ababe8663ca50eb6e49bd62e052479567e9aa2ef3,"{""circuit"":""surface_code:rotated_memory_x"",""cluster_node_limit"":null,""d"":11,""decoder"":""pymatching"",""decoder_type"":null,""p"":0.011,""p_erase"":0.0,""r"":11,""run_id"":""c7976122b30c77725f17fcfd30ff43b6475083c0b7cf3a3513813e985ae4aac8""}",
      6144,       172,         0,   0.244,pymatching,831fa19b7ac8afb3cd2911f6b74dcfcb00f91c76108587064c2a0d9e035ea16b,"{""circuit"":""surface_code:rotated_memory_x"",""cluster_node_limit"":null,""d"":11,""decoder"":""pymatching"",""decoder_type"":null,""p"":0.0075,""p_erase"":0.0,""r"":11,""run_id"":""bc27ba3783bb2d0703fb3d212d8a61b51c480684d1ab55584e2a80cc94dc90f4""}",
      4096,       153,         0,   0.178,pymatching,17c55b07aaac0686af75611a11c19622d5c0142cfbbf0b94bc9d63a78cdccc48,"{""circuit"":""surface_code:rotated_memory_x"",""cluster_node_limit"":null,""d"":11,""decoder"":""pymatching"",""decoder_type"":null,""p"":0.008,""p_erase"":0.0,""r"":11,""run_id"":""d5d5e47f2ba9e5014fdddb6643afd1169e73d1ac38cd4c789e3de609de918323""}",
      1024,       113,         0,   0.064,pymatching,e82d8e3106bbbdd97e9cabdaae16ec20a7cebe6fbd14fedad03f9c1c1f79705f,"{""circuit"":""surface_code:rotated_memory_x"",""cluster_node_limit"":null,""d"":11,""decoder"":""pymatching"",""decoder_type"":null,""p"":0.01,""p_erase"":0.0,""r"":11,""run_id"":""13e9889914ca69e915cccaa1540a1c69fd212bfc1358801501ae1eb2a6cb17ba""}",
     22528,        26,         0,   0.407,pymatching,9fac061a89ccfd2a5339e100f97a967b7cf112943a3dbe1aa60b49da56bb7907,"{""circuit"":""surface_code:rotated_memory_x"",""cluster_node_limit"":null,""d"":11,""decoder"":""pymatching"",""decoder_type"":null,""p"":0.004,""p_erase"":0.0,""r"":11,""run_id"":""0f519201a4f88c92ca606d2661494d2fcfb8042eefcbbdc78cef0ca33c2b272e""}",
      1297,         0,         0,   0.017,pymatching,700ff2d7676c009b1d7bfe618e714b58ab185c5c7a2ad806aabe0b678784b7dc,"{""circuit"":""surface_code:rotated_memory_x"",""cluster_node_limit"":null,""d"":13,""decoder"":""pymatching"",""decoder_type"":null,""p"":0.001,""p_erase"":0.0,""r"":13,""run_id"":""36eee4d8b373d51293dda78de6ed0224780e82690691705254adcaaaf327f9a4""}",
      1024,       158,         0,   0.074,pymatching,d7083ffb23fdc52079c3ed0ababe8663ca50eb6e49bd62e052479567e9aa2ef3,"{""circuit"":""surface_code:rotated_memory_x"",""cluster_node_limit"":null,""d"":11,""decoder"":""pymatching"",""decoder_type"":null,""p"":0.011,""p_erase"":0.0,""r"":11,""run_id"":""c7976122b30c77725f17fcfd30ff43b6475083c0b7cf3a3513813e985ae4aac8""}",
      2048,         0,         0,   0.019,pymatching,700ff2d7676c009b1d7bfe618e714b58ab185c5c7a2ad806aabe0b678784b7dc,"{""circuit"":""surface_code:rotated_memory_x"",""cluster_node_limit"":null,""d"":13,""decoder"":""pymatching"",""decoder_type"":null,""p"":0.001,""p_erase"":0.0,""r"":13,""run_id"":""36eee4d8b373d51293dda78de6ed0224780e82690691705254adcaaaf327f9a4""}",
      2048,       151,         0,   0.113,pymatching,efaee12e13d01252b0ce524d2e4264e8375c0dc7d39cc05d6de2b2f4df57fc3a,"{""circuit"":""surface_code:rotated_memory_x"",""cluster_node_limit"":null,""d"":11,""decoder"":""pymatching"",""decoder_type"":null,""p"":0.009,""p_erase"":0.0,""r"":11,""run_id"":""829fcaa931751cbd6b32b69ce0047ca2e909fc8767cb41fb89ba265664bf1e98""}",
      3072,         0,         0,   0.026,pymatching,700ff2d7676c009b1d7bfe618e714b58ab185c5c7a2ad806aabe0b678784b7dc,"{""circuit"":""surface_code:rotated_memory_x"",""cluster_node_limit"":null,""d"":13,""decoder"":""pymatching"",""decoder_type"":null,""p"":0.001,""p_erase"":0.0,""r"":13,""run_id"":""36eee4d8b373d51293dda78de6ed0224780e82690691705254adcaaaf327f9a4""}",
     24975,       772,         0,   0.516,pymatching,d89b364b08000c8dff12aaaa6871493b1030dfa16b189e9b6c3cb457c0a58275,"{""circuit"":""surface_code:rotated_memory_x"",""cluster_node_limit"":null,""d"":9,""decoder"":""pymatching"",""decoder_type"":null,""p"":0.0075,""p_erase"":0.0,""r"":9,""run_id"":""93b546d4fd79a7b6cef198f735724d37d3d84eb849ef505873742ace3722ea22""}",
      1024,       106,         0,   0.062,pymatching,e82d8e3106bbbdd97e9cabdaae16ec20a7cebe6fbd14fedad03f9c1c1f79705f,"{""circuit"":""surface_code:rotated_memory_x"",""cluster_node_limit"":null,""d"":11,""decoder"":""pymatching"",""decoder_type"":null,""p"":0.01,""p_erase"":0.0,""r"":11,""run_id"":""13e9889914ca69e915cccaa1540a1c69fd212bfc1358801501ae1eb2a6cb17ba""}",
      3072,         0,         0,   0.027,pymatching,700ff2d7676c009b1d7bfe618e714b58ab185c5c7a2ad806aabe0b678784b7dc,"{""circuit"":""surface_code:rotated_memory_x"",""cluster_node_limit"":null,""d"":13,""decoder"":""pymatching"",""decoder_type"":null,""p"":0.001,""p_erase"":0.0,""r"":13,""run_id"":""36eee4d8b373d51293dda78de6ed0224780e82690691705254adcaaaf327f9a4""}",
      1024,       158,         0,   0.074,pymatching,d7083ffb23fdc52079c3ed0ababe8663ca50eb6e49bd62e052479567e9aa2ef3,"{""circuit"":""surface_code:rotated_memory_x"",""cluster_node_limit"":null,""d"":11,""decoder"":""pymatching"",""decoder_type"":null,""p"":0.011,""p_erase"":0.0,""r"":11,""run_id"":""c7976122b30c77725f17fcfd30ff43b6475083c0b7cf3a3513813e985ae4aac8""}",
     19456,        56,         0,   0.425,pymatching,fd145cad6c14af911132ef19c1bee76d038a34d600ee78e06c215866bf8a8fc6,"{""circuit"":""surface_code:rotated_memory_x"",""cluster_node_limit"":null,""d"":11,""decoder"":""pymatching"",""decoder_type"":null,""p"":0.005,""p_erase"":0.0,""r"":11,""run_id"":""264ed3f9b698b05762c9b57c58ab3e7213fbdd6ee23e7439f6b06d1b7e82a27e""}",
      5120,         0,         0,   0.045,pymatching,700ff2d7676c009b1d7bfe618e714b58ab185c5c7a2ad806aabe0b678784b7dc,"{""circuit"":""surface_code:rotated_memory_x"",""cluster_node_limit"":null,""d"":13,""decoder"":""pymatching"",""decoder_type"":null,""p"":0.001,""p_erase"":0.0,""r"":13,""run_id"":""36eee4d8b373d51293dda78de6ed0224780e82690691705254adcaaaf327f9a4""}",
      2048,       147,         0,   0.112,pymatching,efaee12e13d01252b0ce524d2e4264e8375c0dc7d39cc05d6de2b2f4df57fc3a,"{""circuit"":""surface_code:rotated_memory_x"",""cluster_node_limit"":null,""d"":11,""decoder"":""pymatching"",""decoder_type"":null,""p"":0.009,""p_erase"":0.0,""r"":11,""run_id"":""829fcaa931751cbd6b32b69ce0047ca2e909fc8767cb41fb89ba265664bf1e98""}",
       273,         0,         0,   0.016,pymatching,eea9b8db3af7d3f01c19fa7614c0022d0e5c8f40ae2fbb6d230dd8eb164fb3f7,"{""circuit"":""surface_code:rotated_memory_x"",""cluster_node_limit"":null,""d"":13,""decoder"":""pymatching"",""decoder_type"":null,""p"":0.004,""p_erase"":0.0,""r"":13,""run_id"":""14e7e398bac21d09e183f7c5cd7dc1e7c7cd801fe8098953fd8e8394b8988fc7""}",
      9216,       175,         0,   0.327,pymatching,a7d1323eed055fec41026221b2e5ac2b73f3a1f94ad64474d12d8948f9163000,"{""circuit"":""surface_code:rotated_memory_x"",""cluster_node_limit"":null,""d"":11,""decoder"":""pymatching"",""decoder_type"":null,""p"":0.007,""p_erase"":0.0,""r"":11,""run_id"":""d44c56664df2329f11ba7807e588599df55c9e7726e3abb34429c4d14d90c33d""}",
     15360,       123,         0,   0.427,pymatching,f4e75ea784aa82d92d7feefc33efbca4f143f3c278978a9b5d513692184cad34,"{""circuit"":""surface_code:rotated_memory_x"",""cluster_node_limit"":null,""d"":11,""decoder"":""pymatching"",""decoder_type"":null,""p"":0.006,""p_erase"":0.0,""r"":11,""run_id"":""0e3945e8e73a4721a94f6dab9969d30ee8c29c1bc8cbf96080e0e787d62f6e4b""}",
      1024,       154,         0,   0.071,pymatching,d7083ffb23fdc52079c3ed0ababe8663ca50eb6e49bd62e052479567e9aa2ef3,"{""circuit"":""surface_code:rotated_memory_x"",""cluster_node_limit"":null,""d"":11,""decoder"":""pymatching"",""decoder_type"":null,""p"":0.011,""p_erase"":0.0,""r"":11,""run_id"":""c7976122b30c77725f17fcfd30ff43b6475083c0b7cf3a3513813e985ae4aac8""}",
     25600,      1083,         0,   0.569,pymatching,327e5b214443101021e5259d35475f25196e478c10276329e56c3368fb784baf,"{""circuit"":""surface_code:rotated_memory_x"",""cluster_node_limit"":null,""d"":9,""decoder"":""pymatching"",""decoder_type"":null,""p"":0.008,""p_erase"":0.0,""r"":9,""run_id"":""2cf8b8429420829180e0dd4bd28a530ee6127525cd9fd2ccd239fd07128e61c1""}",
      1024,         0,         0,   0.029,pymatching,eea9b8db3af7d3f01c19fa7614c0022d0e5c8f40ae2fbb6d230dd8eb164fb3f7,"{""circuit"":""surface_code:rotated_memory_x"",""cluster_node_limit"":null,""d"":13,""decoder"":""pymatching"",""decoder_type"":null,""p"":0.004,""p_erase"":0.0,""r"":13,""run_id"":""14e7e398bac21d09e183f7c5cd7dc1e7c7cd801fe8098953fd8e8394b8988fc7""}",
      2048,       226,         0,   0.121,pymatching,e82d8e3106bbbdd97e9cabdaae16ec20a7cebe6fbd14fedad03f9c1c1f79705f,"{""circuit"":""surface_code:rotated_memory_x"",""cluster_node_limit"":null,""d"":11,""decoder"":""pymatching"",""decoder_type"":null,""p"":0.01,""p_erase"":0.0,""r"":11,""run_id"":""13e9889914ca69e915cccaa1540a1c69fd212bfc1358801501ae1eb2a6cb17ba""}",
      6144,         0,         0,   0.060,pymatching,700ff2d7676c009b1d7bfe618e714b58ab185c5c7a2ad806aabe0b678784b7dc,"{""circuit"":""surface_code:rotated_memory_x"",""cluster_node_limit"":null,""d"":13,""decoder"":""pymatching"",""decoder_type"":null,""p"":0.001,""p_erase"":0.0,""r"":13,""run_id"":""36eee4d8b373d51293dda78de6ed0224780e82690691705254adcaaaf327f9a4""}",
      5120,       214,         0,   0.225,pymatching,17c55b07aaac0686af75611a11c19622d5c0142cfbbf0b94bc9d63a78cdccc48,"{""circuit"":""surface_code:rotated_memory_x"",""cluster_node_limit"":null,""d"":11,""decoder"":""pymatching"",""decoder_type"":null,""p"":0.008,""p_erase"":0.0,""r"":11,""run_id"":""d5d5e47f2ba9e5014fdddb6643afd1169e73d1ac38cd4c789e3de609de918323""}",
      1024,         0,         0,   0.029,pymatching,eea9b8db3af7d3f01c19fa7614c0022d0e5c8f40ae2fbb6d230dd8eb164fb3f7,"{""circuit"":""surface_code:rotated_memory_x"",""cluster_node_limit"":null,""d"":13,""decoder"":""pymatching"",""decoder_type"":null,""p"":0.004,""p_erase"":0.0,""r"":13,""run_id"":""14e7e398bac21d09e183f7c5cd7dc1e7c7cd801fe8098953fd8e8394b8988fc7""}",
      1024,       167,         0,   0.074,pymatching,d7083ffb23fdc52079c3ed0ababe8663ca50eb6e49bd62e052479567e9aa2ef3,"{""circuit"":""surface_code:rotated_memory_x"",""cluster_node_limit"":null,""d"":11,""decoder"":""pymatching"",""decoder_type"":null,""p"":0.011,""p_erase"":0.0,""r"":11,""run_id"":""c7976122b30c77725f17fcfd30ff43b6475083c0b7cf3a3513813e985ae4aac8""}",
      1024,         0,         0,   0.029,pymatching,eea9b8db3af7d3f01c19fa7614c0022d0e5c8f40ae2fbb6d230dd8eb164fb3f7,"{""circuit"":""surface_code:rotated_memory_x"",""cluster_node_limit"":null,""d"":13,""decoder"":""pymatching"",""decoder_type"":null,""p"":0.004,""p_erase"":0.0,""r"":13,""run_id"":""14e7e398bac21d09e183f7c5cd7dc1e7c7cd801fe8098953fd8e8394b8988fc7""}",
     12687,        17,         0,   0.236,pymatching,9fac061a89ccfd2a5339e100f97a967b7cf112943a3dbe1aa60b49da56bb7907,"{""circuit"":""surface_code:rotated_memory_x"",""cluster_node_limit"":null,""d"":11,""decoder"":""pymatching"",""decoder_type"":null,""p"":0.004,""p_erase"":0.0,""r"":11,""run_id"":""0f519201a4f88c92ca606d2661494d2fcfb8042eefcbbdc78cef0ca33c2b272e""}",
     13312,       165,         0,   0.420,pymatching,2c6cc6c663765f62fcb062cbc6153b47b3629a836fc871784e75f57e57ad1ed4,"{""circuit"":""surface_code:rotated_memory_x"",""cluster_node_limit"":null,""d"":11,""decoder"":""pymatching"",""decoder_type"":null,""p"":0.0065,""p_erase"":0.0,""r"":11,""run_id"":""e3895049058e7f3d286fb5c6a1d293b025b771c49df75c38a6387ce4ca0d4ec0""}",
     16384,      1111,         0,   0.423,pymatching,3f341272898527425cfb0bdc9a3185f1356cba1b4f3b671fa2ade2768a318019,"{""circuit"":""surface_code:rotated_memory_x"",""cluster_node_limit"":null,""d"":9,""decoder"":""pymatching"",""decoder_type"":null,""p"":0.009,""p_erase"":0.0,""r"":9,""run_id"":""a016278b73fb5b419418cb041cf30739cf03aadd573d47440fff675183049023""}",
      8192,         0,         0,   0.076,pymatching,700ff2d7676c009b1d7bfe618e714b58ab185c5c7a2ad806aabe0b678784b7dc,"{""circuit"":""surface_code:rotated_memory_x"",""cluster_node_limit"":null,""d"":13,""decoder"":""pymatching"",""decoder_type"":null,""p"":0.001,""p_erase"":0.0,""r"":13,""run_id"":""36eee4d8b373d51293dda78de6ed0224780e82690691705254adcaaaf327f9a4""}",
      2048,         0,         0,   0.058,pymatching,eea9b8db3af7d3f01c19fa7614c0022d0e5c8f40ae2fbb6d230dd8eb164fb3f7,"{""circuit"":""surface_code:rotated_memory_x"",""cluster_node_limit"":null,""d"":13,""decoder"":""pymatching"",""decoder_type"":null,""p"":0.004,""p_erase"":0.0,""r"":13,""run_id"":""14e7e398bac21d09e183f7c5cd7dc1e7c7cd801fe8098953fd8e8394b8988fc7""}",
      8192,       277,         0,   0.328,pymatching,831fa19b7ac8afb3cd2911f6b74dcfcb00f91c76108587064c2a0d9e035ea16b,"{""circuit"":""surface_code:rotated_memory_x"",""cluster_node_limit"":null,""d"":11,""decoder"":""pymatching"",""decoder_type"":null,""p"":0.0075,""p_erase"":0.0,""r"":11,""run_id"":""bc27ba3783bb2d0703fb3d212d8a61b51c480684d1ab55584e2a80cc94dc90f4""}",
      3072,       218,         0,   0.161,pymatching,efaee12e13d01252b0ce524d2e4264e8375c0dc7d39cc05d6de2b2f4df57fc3a,"{""circuit"":""surface_code:rotated_memory_x"",""cluster_node_limit"":null,""d"":11,""decoder"":""pymatching"",""decoder_type"":null,""p"":0.009,""p_erase"":0.0,""r"":11,""run_id"":""829fcaa931751cbd6b32b69ce0047ca2e909fc8767cb41fb89ba265664bf1e98""}",
      2048,       224,         0,   0.121,pymatching,e82d8e3106bbbdd97e9cabdaae16ec20a7cebe6fbd14fedad03f9c1c1f79705f,"{""circuit"":""surface_code:rotated_memory_x"",""cluster_node_limit"":null,""d"":11,""decoder"":""pymatching"",""decoder_type"":null,""p"":0.01,""p_erase"":0.0,""r"":11,""run_id"":""13e9889914ca69e915cccaa1540a1c69fd212bfc1358801501ae1eb2a6cb17ba""}",
      5519,       208,         0,   0.126,pymatching,327e5b214443101021e5259d35475f25196e478c10276329e56c3368fb784baf,"{""circuit"":""surface_code:rotated_memory_x"",""cluster_node_limit"":null,""d"":9,""decoder"":""pymatching"",""decoder_type"":null,""p"":0.008,""p_erase"":0.0,""r"":9,""run_id"":""2cf8b8429420829180e0dd4bd28a530ee6127525cd9fd2ccd239fd07128e61c1""}",
       273,         1,         0,   0.021,pymatching,2ab2bafc917c15d984596e9394a6b41eb125727d0e3104dfd9f73b5861df462c,"{""circuit"":""surface_code:rotated_memory_x"",""cluster_node_limit"":null,""d"":13,""decoder"":""pymatching"",""decoder_type"":null,""p"":0.005,""p_erase"":0.0,""r"":13,""run_id"":""ba6ec0201ae5f2b5835a3c0847619ccc327503254d9c86b39cc4e0dd110fee2e""}",
      2048,         1,         0,   0.059,pymatching,eea9b8db3af7d3f01c19fa7614c0022d0e5c8f40ae2fbb6d230dd8eb164fb3f7,"{""circuit"":""surface_code:rotated_memory_x"",""cluster_node_limit"":null,""d"":13,""decoder"":""pymatching"",""decoder_type"":null,""p"":0.004,""p_erase"":0.0,""r"":13,""run_id"":""14e7e398bac21d09e183f7c5cd7dc1e7c7cd801fe8098953fd8e8394b8988fc7""}",
       273,         3,         0,   0.021,pymatching,8fede81d9a03285bce79fdcf77a025e530b05fc5d3cce29cc543a016173dad8c,"{""circuit"":""surface_code:rotated_memory_x"",""cluster_node_limit"":null,""d"":13,""decoder"":""pymatching"",""decoder_type"":null,""p"":0.006,""p_erase"":0.0,""r"":13,""run_id"":""e65c8f5eef81162d415860ae3216708d349da279871dd51f17fb9895565169a7""}",
     11264,         0,         0,   0.108,pymatching,700ff2d7676c009b1d7bfe618e714b58ab185c5c7a2ad806aabe0b678784b7dc,"{""circuit"":""surface_code:rotated_memory_x"",""cluster_node_limit"":null,""d"":13,""decoder"":""pymatching"",""decoder_type"":null,""p"":0.001,""p_erase"":0.0,""r"":13,""run_id"":""36eee4d8b373d51293dda78de6ed0224780e82690691705254adcaaaf327f9a4""}",
      1024,         4,         0,   0.036,pymatching,2ab2bafc917c15d984596e9394a6b41eb125727d0e3104dfd9f73b5861df462c,"{""circuit"":""surface_code:rotated_memory_x"",""cluster_node_limit"":null,""d"":13,""decoder"":""pymatching"",""decoder_type"":null,""p"":0.005,""p_erase"":0.0,""r"":13,""run_id"":""ba6ec0201ae5f2b5835a3c0847619ccc327503254d9c86b39cc4e0dd110fee2e""}",
      2048,       344,         0,   0.146,pymatching,d7083ffb23fdc52079c3ed0ababe8663ca50eb6e49bd62e052479567e9aa2ef3,"{""circuit"":""surface_code:rotated_memory_x"",""cluster_node_limit"":null,""d"":11,""decoder"":""pymatching"",""decoder_type"":null,""p"":0.011,""p_erase"":0.0,""r"":11,""run_id"":""c7976122b30c77725f17fcfd30ff43b6475083c0b7cf3a3513813e985ae4aac8""}",
       273,         3,         0,   0.024,pymatching,4273ecf73c78e79e6e939e733d93b9c670b553e48c9b8021e99a8c186415ec06,"{""circuit"":""surface_code:rotated_memory_x"",""cluster_node_limit"":null,""d"":13,""decoder"":""pymatching"",""decoder_type"":null,""p"":0.0065,""p_erase"":0.0,""r"":13,""run_id"":""e1a84c4d4ccbb85aade118efe53fba3e34792629f1ee15d7141f8a571f2e5d04""}",
      1024,         3,         0,   0.037,pymatching,2ab2bafc917c15d984596e9394a6b41eb125727d0e3104dfd9f73b5861df462c,"{""circuit"":""surface_code:rotated_memory_x"",""cluster_node_limit"":null,""d"":13,""decoder"":""pymatching"",""decoder_type"":null,""p"":0.005,""p_erase"":0.0,""r"":13,""run_id"":""ba6ec0201ae5f2b5835a3c0847619ccc327503254d9c86b39cc4e0dd110fee2e""}",
      1024,         8,         0,   0.052,pymatching,8fede81d9a03285bce79fdcf77a025e530b05fc5d3cce29cc543a016173dad8c,"{""circuit"":""surface_code:rotated_memory_x"",""cluster_node_limit"":null,""d"":13,""decoder"":""pymatching"",""decoder_type"":null,""p"":0.006,""p_erase"":0.0,""r"":13,""run_id"":""e65c8f5eef81162d415860ae3216708d349da279871dd51f17fb9895565169a7""}",
      3072,         0,         0,   0.090,pymatching,eea9b8db3af7d3f01c19fa7614c0022d0e5c8f40ae2fbb6d230dd8eb164fb3f7,"{""circuit"":""surface_code:rotated_memory_x"",""cluster_node_limit"":null,""d"":13,""decoder"":""pymatching"",""decoder_type"":null,""p"":0.004,""p_erase"":0.0,""r"":13,""run_id"":""14e7e398bac21d09e183f7c5cd7dc1e7c7cd801fe8098953fd8e8394b8988fc7""}",
      1024,         1,         0,   0.037,pymatching,2ab2bafc917c15d984596e9394a6b41eb125727d0e3104dfd9f73b5861df462c,"{""circuit"":""surface_code:rotated_memory_x"",""cluster_node_limit"":null,""d"":13,""decoder"":""pymatching"",""decoder_type"":null,""p"":0.005,""p_erase"":0.0,""r"":13,""run_id"":""ba6ec0201ae5f2b5835a3c0847619ccc327503254d9c86b39cc4e0dd110fee2e""}",
      1024,        17,         0,   0.056,pymatching,4273ecf73c78e79e6e939e733d93b9c670b553e48c9b8021e99a8c186415ec06,"{""circuit"":""surface_code:rotated_memory_x"",""cluster_node_limit"":null,""d"":13,""decoder"":""pymatching"",""decoder_type"":null,""p"":0.0065,""p_erase"":0.0,""r"":13,""run_id"":""e1a84c4d4ccbb85aade118efe53fba3e34792629f1ee15d7141f8a571f2e5d04""}",
      1024,         9,         0,   0.051,pymatching,8fede81d9a03285bce79fdcf77a025e530b05fc5d3cce29cc543a016173dad8c,"{""circuit"":""surface_code:rotated_memory_x"",""cluster_node_limit"":null,""d"":13,""decoder"":""pymatching"",""decoder_type"":null,""p"":0.006,""p_erase"":0.0,""r"":13,""run_id"":""e65c8f5eef81162d415860ae3216708d349da279871dd51f17fb9895565169a7""}",
      1024,         3,         0,   0.040,pymatching,2ab2bafc917c15d984596e9394a6b41eb125727d0e3104dfd9f73b5861df462c,"{""circuit"":""surface_code:rotated_memory_x"",""cluster_node_limit"":null,""d"":13,""decoder"":""pymatching"",""decoder_type"":null,""p"":0.005,""p_erase"":0.0,""r"":13,""run_id"":""ba6ec0201ae5f2b5835a3c0847619ccc327503254d9c86b39cc4e0dd110fee2e""}",
      3072,       363,         0,   0.210,pymatching,e82d8e3106bbbdd97e9cabdaae16ec20a7cebe6fbd14fedad03f9c1c1f79705f,"{""circuit"":""surface_code:rotated_memory_x"",""cluster_node_limit"":null,""d"":11,""decoder"":""pymatching"",""decoder_type"":null,""p"":0.01,""p_erase"":0.0,""r"":11,""run_id"":""13e9889914ca69e915cccaa1540a1c69fd212bfc1358801501ae1eb2a6cb17ba""}",
      7168,       313,         0,   0.311,pymatching,17c55b07aaac0686af75611a11c19622d5c0142cfbbf0b94bc9d63a78cdccc48,"{""circuit"":""surface_code:rotated_memory_x"",""cluster_node_limit"":null,""d"":11,""decoder"":""pymatching"",""decoder_type"":null,""p"":0.008,""p_erase"":0.0,""r"":11,""run_id"":""d5d5e47f2ba9e5014fdddb6643afd1169e73d1ac38cd4c789e3de609de918323""}",
      4096,       334,         0,   0.214,pymatching,efaee12e13d01252b0ce524d2e4264e8375c0dc7d39cc05d6de2b2f4df57fc3a,"{""circuit"":""surface_code:rotated_memory_x"",""cluster_node_limit"":null,""d"":11,""decoder"":""pymatching"",""decoder_type"":null,""p"":0.009,""p_erase"":0.0,""r"":11,""run_id"":""829fcaa931751cbd6b32b69ce0047ca2e909fc8767cb41fb89ba265664bf1e98""}",
      1024,        14,         0,   0.056,pymatching,4273ecf73c78e79e6e939e733d93b9c670b553e48c9b8021e99a8c186415ec06,"{""circuit"":""surface_code:rotated_memory_x"",""cluster_node_limit"":null,""d"":13,""decoder"":""pymatching"",""decoder_type"":null,""p"":0.0065,""p_erase"":0.0,""r"":13,""run_id"":""e1a84c4d4ccbb85aade118efe53fba3e34792629f1ee15d7141f8a571f2e5d04""}",
     16384,         0,         0,   0.147,pymatching,700ff2d7676c009b1d7bfe618e714b58ab185c5c7a2ad806aabe0b678784b7dc,"{""circuit"":""surface_code:rotated_memory_x"",""cluster_node_limit"":null,""d"":13,""decoder"":""pymatching"",""decoder_type"":null,""p"":0.001,""p_erase"":0.0,""r"":13,""run_id"":""36eee4d8b373d51293dda78de6ed0224780e82690691705254adcaaaf327f9a4""}",
      1024,         3,         0,   0.048,pymatching,8fede81d9a03285bce79fdcf77a025e530b05fc5d3cce29cc543a016173dad8c,"{""circuit"":""surface_code:rotated_memory_x"",""cluster_node_limit"":null,""d"":13,""decoder"":""pymatching"",""decoder_type"":null,""p"":0.006,""p_erase"":0.0,""r"":13,""run_id"":""e65c8f5eef81162d415860ae3216708d349da279871dd51f17fb9895565169a7""}",
      2048,       356,         0,   0.146,pymatching,d7083ffb23fdc52079c3ed0ababe8663ca50eb6e49bd62e052479567e9aa2ef3,"{""circuit"":""surface_code:rotated_memory_x"",""cluster_node_limit"":null,""d"":11,""decoder"":""pymatching"",""decoder_type"":null,""p"":0.011,""p_erase"":0.0,""r"":11,""run_id"":""c7976122b30c77725f17fcfd30ff43b6475083c0b7cf3a3513813e985ae4aac8""}",
      2048,         2,         0,   0.075,pymatching,2ab2bafc917c15d984596e9394a6b41eb125727d0e3104dfd9f73b5861df462c,"{""circuit"":""surface_code:rotated_memory_x"",""cluster_node_limit"":null,""d"":13,""decoder"":""pymatching"",""decoder_type"":null,""p"":0.005,""p_erase"":0.0,""r"":13,""run_id"":""ba6ec0201ae5f2b5835a3c0847619ccc327503254d9c86b39cc4e0dd110fee2e""}",
      1024,         9,         0,   0.049,pymatching,8fede81d9a03285bce79fdcf77a025e530b05fc5d3cce29cc543a016173dad8c,"{""circuit"":""surface_code:rotated_memory_x"",""cluster_node_limit"":null,""d"":13,""decoder"":""pymatching"",""decoder_type"":null,""p"":0.006,""p_erase"":0.0,""r"":13,""run_id"":""e65c8f5eef81162d415860ae3216708d349da279871dd51f17fb9895565169a7""}",
      4096,         2,         0,   0.127,pymatching,eea9b8db3af7d3f01c19fa7614c0022d0e5c8f40ae2fbb6d230dd8eb164fb3f7,"{""circuit"":""surface_code:rotated_memory_x"",""cluster_node_limit"":null,""d"":13,""decoder"":""pymatching"",""decoder_type"":null,""p"":0.004,""p_erase"":0.0,""r"":13,""run_id"":""14e7e398bac21d09e183f7c5cd7dc1e7c7cd801fe8098953fd8e8394b8988fc7""}",
      1024,        12,         0,   0.056,pymatching,4273ecf73c78e79e6e939e733d93b9c670b553e48c9b8021e99a8c186415ec06,"{""circuit"":""surface_code:rotated_memory_x"",""cluster_node_limit"":null,""d"":13,""decoder"":""pymatching"",""decoder_type"":null,""p"":0.0065,""p_erase"":0.0,""r"":13,""run_id"":""e1a84c4d4ccbb85aade118efe53fba3e34792629f1ee15d7141f8a571f2e5d04""}",
     12288,       286,         0,   0.437,pymatching,a7d1323eed055fec41026221b2e5ac2b73f3a1f94ad64474d12d8948f9163000,"{""circuit"":""surface_code:rotated_memory_x"",""cluster_node_limit"":null,""d"":11,""decoder"":""pymatching"",""decoder_type"":null,""p"":0.007,""p_erase"":0.0,""r"":11,""run_id"":""d44c56664df2329f11ba7807e588599df55c9e7726e3abb34429c4d14d90c33d""}",
      1024,         9,         0,   0.054,pymatching,4273ecf73c78e79e6e939e733d93b9c670b553e48c9b8021e99a8c186415ec06,"{""circuit"":""surface_code:rotated_memory_x"",""cluster_node_limit"":null,""d"":13,""decoder"":""pymatching"",""decoder_type"":null,""p"":0.0065,""p_erase"":0.0,""r"":13,""run_id"":""e1a84c4d4ccbb85aade118efe53fba3e34792629f1ee15d7141f8a571f2e5d04""}",
      2048,         4,         0,   0.082,pymatching,2ab2bafc917c15d984596e9394a6b41eb125727d0e3104dfd9f73b5861df462c,"{""circuit"":""surface_code:rotated_memory_x"",""cluster_node_limit"":null,""d"":13,""decoder"":""pymatching"",""decoder_type"":null,""p"":0.005,""p_erase"":0.0,""r"":13,""run_id"":""ba6ec0201ae5f2b5835a3c0847619ccc327503254d9c86b39cc4e0dd110fee2e""}",
      2048,        17,         0,   0.107,pymatching,8fede81d9a03285bce79fdcf77a025e530b05fc5d3cce29cc543a016173dad8c,"{""circuit"":""surface_code:rotated_memory_x"",""cluster_node_limit"":null,""d"":13,""decoder"":""pymatching"",""decoder_type"":null,""p"":0.006,""p_erase"":0.0,""r"":13,""run_id"":""e65c8f5eef81162d415860ae3216708d349da279871dd51f17fb9895565169a7""}",
     25600,        74,         0,   0.575,pymatching,fd145cad6c14af911132ef19c1bee76d038a34d600ee78e06c215866bf8a8fc6,"{""circuit"":""surface_code:rotated_memory_x"",""cluster_node_limit"":null,""d"":11,""decoder"":""pymatching"",""decoder_type"":null,""p"":0.005,""p_erase"":0.0,""r"":11,""run_id"":""264ed3f9b698b05762c9b57c58ab3e7213fbdd6ee23e7439f6b06d1b7e82a27e""}",
      2048,       333,         0,   0.154,pymatching,d7083ffb23fdc52079c3ed0ababe8663ca50eb6e49bd62e052479567e9aa2ef3,"{""circuit"":""surface_code:rotated_memory_x"",""cluster_node_limit"":null,""d"":11,""decoder"":""pymatching"",""decoder_type"":null,""p"":0.011,""p_erase"":0.0,""r"":11,""run_id"":""c7976122b30c77725f17fcfd30ff43b6475083c0b7cf3a3513813e985ae4aac8""}",
      1024,        14,         0,   0.061,pymatching,4273ecf73c78e79e6e939e733d93b9c670b553e48c9b8021e99a8c186415ec06,"{""circuit"":""surface_code:rotated_memory_x"",""cluster_node_limit"":null,""d"":13,""decoder"":""pymatching"",""decoder_type"":null,""p"":0.0065,""p_erase"":0.0,""r"":13,""run_id"":""e1a84c4d4ccbb85aade118efe53fba3e34792629f1ee15d7141f8a571f2e5d04""}",
     10240,       295,         0,   0.413,pymatching,831fa19b7ac8afb3cd2911f6b74dcfcb00f91c76108587064c2a0d9e035ea16b,"{""circuit"":""surface_code:rotated_memory_x"",""cluster_node_limit"":null,""d"":11,""decoder"":""pymatching"",""decoder_type"":null,""p"":0.0075,""p_erase"":0.0,""r"":11,""run_id"":""bc27ba3783bb2d0703fb3d212d8a61b51c480684d1ab55584e2a80cc94dc90f4""}",
     20480,       176,         0,   0.572,pymatching,f4e75ea784aa82d92d7feefc33efbca4f143f3c278978a9b5d513692184cad34,"{""circuit"":""surface_code:rotated_memory_x"",""cluster_node_limit"":null,""d"":11,""decoder"":""pymatching"",""decoder_type"":null,""p"":0.006,""p_erase"":0.0,""r"":11,""run_id"":""0e3945e8e73a4721a94f6dab9969d30ee8c29c1bc8cbf96080e0e787d62f6e4b""}",
     21504,         0,         0,   0.209,pymatching,700ff2d7676c009b1d7bfe618e714b58ab185c5c7a2ad806aabe0b678784b7dc,"{""circuit"":""surface_code:rotated_memory_x"",""cluster_node_limit"":null,""d"":13,""decoder"":""pymatching"",""decoder_type"":null,""p"":0.001,""p_erase"":0.0,""r"":13,""run_id"":""36eee4d8b373d51293dda78de6ed0224780e82690691705254adcaaaf327f9a4""}",
      6144,         2,         0,   0.171,pymatching,eea9b8db3af7d3f01c19fa7614c0022d0e5c8f40ae2fbb6d230dd8eb164fb3f7,"{""circuit"":""surface_code:rotated_memory_x"",""cluster_node_limit"":null,""d"":13,""decoder"":""pymatching"",""decoder_type"":null,""p"":0.004,""p_erase"":0.0,""r"":13,""run_id"":""14e7e398bac21d09e183f7c5cd7dc1e7c7cd801fe8098953fd8e8394b8988fc7""}",
      3072,         6,         0,   0.120,pymatching,2ab2bafc917c15d984596e9394a6b41eb125727d0e3104dfd9f73b5861df462c,"{""circuit"":""surface_code:rotated_memory_x"",""cluster_node_limit"":null,""d"":13,""decoder"":""pymatching"",""decoder_type"":null,""p"":0.005,""p_erase"":0.0,""r"":13,""run_id"":""ba6ec0201ae5f2b5835a3c0847619ccc327503254d9c86b39cc4e0dd110fee2e""}",
      4096,       442,         0,   0.257,pymatching,e82d8e3106bbbdd97e9cabdaae16ec20a7cebe6fbd14fedad03f9c1c1f79705f,"{""circuit"":""surface_code:rotated_memory_x"",""cluster_node_limit"":null,""d"":11,""decoder"":""pymatching"",""decoder_type"":null,""p"":0.01,""p_erase"":0.0,""r"":11,""run_id"":""13e9889914ca69e915cccaa1540a1c69fd212bfc1358801501ae1eb2a6cb17ba""}",
      2048,        17,         0,   0.100,pymatching,8fede81d9a03285bce79fdcf77a025e530b05fc5d3cce29cc543a016173dad8c,"{""circuit"":""surface_code:rotated_memory_x"",""cluster_node_limit"":null,""d"":13,""decoder"":""pymatching"",""decoder_type"":null,""p"":0.006,""p_erase"":0.0,""r"":13,""run_id"":""e65c8f5eef81162d415860ae3216708d349da279871dd51f17fb9895565169a7""}",
      4495,        19,         0,   0.104,pymatching,fd145cad6c14af911132ef19c1bee76d038a34d600ee78e06c215866bf8a8fc6,"{""circuit"":""surface_code:rotated_memory_x"",""cluster_node_limit"":null,""d"":11,""decoder"":""pymatching"",""decoder_type"":null,""p"":0.005,""p_erase"":0.0,""r"":11,""run_id"":""264ed3f9b698b05762c9b57c58ab3e7213fbdd6ee23e7439f6b06d1b7e82a27e""}",
      2048,        15,         0,   0.119,pymatching,4273ecf73c78e79e6e939e733d93b9c670b553e48c9b8021e99a8c186415ec06,"{""circuit"":""surface_code:rotated_memory_x"",""cluster_node_limit"":null,""d"":13,""decoder"":""pymatching"",""decoder_type"":null,""p"":0.0065,""p_erase"":0.0,""r"":13,""run_id"":""e1a84c4d4ccbb85aade118efe53fba3e34792629f1ee15d7141f8a571f2e5d04""}",
      6144,       417,         0,   0.314,pymatching,efaee12e13d01252b0ce524d2e4264e8375c0dc7d39cc05d6de2b2f4df57fc3a,"{""circuit"":""surface_code:rotated_memory_x"",""cluster_node_limit"":null,""d"":11,""decoder"":""pymatching"",""decoder_type"":null,""p"":0.009,""p_erase"":0.0,""r"":11,""run_id"":""829fcaa931751cbd6b32b69ce0047ca2e909fc8767cb41fb89ba265664bf1e98""}",
     18432,       270,         0,   0.601,pymatching,2c6cc6c663765f62fcb062cbc6153b47b3629a836fc871784e75f57e57ad1ed4,"{""circuit"":""surface_code:rotated_memory_x"",""cluster_node_limit"":null,""d"":11,""decoder"":""pymatching"",""decoder_type"":null,""p"":0.0065,""p_erase"":0.0,""r"":11,""run_id"":""e3895049058e7f3d286fb5c6a1d293b025b771c49df75c38a6387ce4ca0d4ec0""}",
       273,         6,         0,   0.023,pymatching,f64b2c4b0e836610eda394246a0594b3eb830470eade42b650e4e5a9d5d2179a,"{""circuit"":""surface_code:rotated_memory_x"",""cluster_node_limit"":null,""d"":13,""decoder"":""pymatching"",""decoder_type"":null,""p"":0.007,""p_erase"":0.0,""r"":13,""run_id"":""15a24d396bd944285eb34df36fc2a82b3720b70e4a37d4558b4da25f9a7cab7a""}",
      3072,       516,         0,   0.224,pymatching,d7083ffb23fdc52079c3ed0ababe8663ca50eb6e49bd62e052479567e9aa2ef3,"{""circuit"":""surface_code:rotated_memory_x"",""cluster_node_limit"":null,""d"":11,""decoder"":""pymatching"",""decoder_type"":null,""p"":0.011,""p_erase"":0.0,""r"":11,""run_id"":""c7976122b30c77725f17fcfd30ff43b6475083c0b7cf3a3513813e985ae4aac8""}",
      2048,        26,         0,   0.115,pymatching,4273ecf73c78e79e6e939e733d93b9c670b553e48c9b8021e99a8c186415ec06,"{""circuit"":""surface_code:rotated_memory_x"",""cluster_node_limit"":null,""d"":13,""decoder"":""pymatching"",""decoder_type"":null,""p"":0.0065,""p_erase"":0.0,""r"":13,""run_id"":""e1a84c4d4ccbb85aade118efe53fba3e34792629f1ee15d7141f8a571f2e5d04""}",
      4096,         8,         0,   0.160,pymatching,2ab2bafc917c15d984596e9394a6b41eb125727d0e3104dfd9f73b5861df462c,"{""circuit"":""surface_code:rotated_memory_x"",""cluster_node_limit"":null,""d"":13,""decoder"":""pymatching"",""decoder_type"":null,""p"":0.005,""p_erase"":0.0,""r"":13,""run_id"":""ba6ec0201ae5f2b5835a3c0847619ccc327503254d9c86b39cc4e0dd110fee2e""}",
      3072,        21,         0,   0.153,pymatching,8fede81d9a03285bce79fdcf77a025e530b05fc5d3cce29cc543a016173dad8c,"{""circuit"":""surface_code:rotated_memory_x"",""cluster_node_limit"":null,""d"":13,""decoder"":""pymatching"",""decoder_type"":null,""p"":0.006,""p_erase"":0.0,""r"":13,""run_id"":""e65c8f5eef81162d415860ae3216708d349da279871dd51f17fb9895565169a7""}",
      9216,       384,         0,   0.418,pymatching,17c55b07aaac0686af75611a11c19622d5c0142cfbbf0b94bc9d63a78cdccc48,"{""circuit"":""surface_code:rotated_memory_x"",""cluster_node_limit"":null,""d"":11,""decoder"":""pymatching"",""decoder_type"":null,""p"":0.008,""p_erase"":0.0,""r"":11,""run_id"":""d5d5e47f2ba9e5014fdddb6643afd1169e73d1ac38cd4c789e3de609de918323""}",
     21903,         0,         0,   0.205,pymatching,700ff2d7676c009b1d7bfe618e714b58ab185c5c7a2ad806aabe0b678784b7dc,"{""circuit"":""surface_code:rotated_memory_x"",""cluster_node_limit"":null,""d"":13,""decoder"":""pymatching"",""decoder_type"":null,""p"":0.001,""p_erase"":0.0,""r"":13,""run_id"":""36eee4d8b373d51293dda78de6ed0224780e82690691705254adcaaaf327f9a4""}",
      1024,        17,         0,   0.066,pymatching,f64b2c4b0e836610eda394246a0594b3eb830470eade42b650e4e5a9d5d2179a,"{""circuit"":""surface_code:rotated_memory_x"",""cluster_node_limit"":null,""d"":13,""decoder"":""pymatching"",""decoder_type"":null,""p"":0.007,""p_erase"":0.0,""r"":13,""run_id"":""15a24d396bd944285eb34df36fc2a82b3720b70e4a37d4558b4da25f9a7cab7a""}",
      8192,         5,         0,   0.232,pymatching,eea9b8db3af7d3f01c19fa7614c0022d0e5c8f40ae2fbb6d230dd8eb164fb3f7,"{""circuit"":""surface_code:rotated_memory_x"",""cluster_node_limit"":null,""d"":13,""decoder"":""pymatching"",""decoder_type"":null,""p"":0.004,""p_erase"":0.0,""r"":13,""run_id"":""14e7e398bac21d09e183f7c5cd7dc1e7c7cd801fe8098953fd8e8394b8988fc7""}",
      1024,        19,         0,   0.064,pymatching,f64b2c4b0e836610eda394246a0594b3eb830470eade42b650e4e5a9d5d2179a,"{""circuit"":""surface_code:rotated_memory_x"",""cluster_node_limit"":null,""d"":13,""decoder"":""pymatching"",""decoder_type"":null,""p"":0.007,""p_erase"":0.0,""r"":13,""run_id"":""15a24d396bd944285eb34df36fc2a82b3720b70e4a37d4558b4da25f9a7cab7a""}",
       273,         9,         0,   0.023,pymatching,2330c13f8d0ffcbe233b5d3dd31f44fe6179438b6424e0e381c81c0db518cb50,"{""circuit"":""surface_code:rotated_memory_x"",""cluster_node_limit"":null,""d"":13,""decoder"":""pymatching"",""decoder_type"":null,""p"":0.0075,""p_erase"":0.0,""r"":13,""run_id"":""8d9ba5c45e036367dbb56f6f75ef6b66d2c867a90246a0534f98bfc152f61347""}",
      1024,        16,         0,   0.062,pymatching,f64b2c4b0e836610eda394246a0594b3eb830470eade42b650e4e5a9d5d2179a,"{""circuit"":""surface_code:rotated_memory_x"",""cluster_node_limit"":null,""d"":13,""decoder"":""pymatching"",""decoder_type"":null,""p"":0.007,""p_erase"":0.0,""r"":13,""run_id"":""15a24d396bd944285eb34df36fc2a82b3720b70e4a37d4558b4da25f9a7cab7a""}",
      5120,       594,         0,   0.314,pymatching,e82d8e3106bbbdd97e9cabdaae16ec20a7cebe6fbd14fedad03f9c1c1f79705f,"{""circuit"":""surface_code:rotated_memory_x"",""cluster_node_limit"":null,""d"":11,""decoder"":""pymatching"",""decoder_type"":null,""p"":0.01,""p_erase"":0.0,""r"":11,""run_id"":""13e9889914ca69e915cccaa1540a1c69fd212bfc1358801501ae1eb2a6cb17ba""}",
      3072,        29,         0,   0.154,pymatching,8fede81d9a03285bce79fdcf77a025e530b05fc5d3cce29cc543a016173dad8c,"{""circuit"":""surface_code:rotated_memory_x"",""cluster_node_limit"":null,""d"":13,""decoder"":""pymatching"",""decoder_type"":null,""p"":0.006,""p_erase"":0.0,""r"":13,""run_id"":""e65c8f5eef81162d415860ae3216708d349da279871dd51f17fb9895565169a7""}",
      3072,        41,         0,   0.172,pymatching,4273ecf73c78e79e6e939e733d93b9c670b553e48c9b8021e99a8c186415ec06,"{""circuit"":""surface_code:rotated_memory_x"",""cluster_node_limit"":null,""d"":13,""decoder"":""pymatching"",""decoder_type"":null,""p"":0.0065,""p_erase"":0.0,""r"":13,""run_id"":""e1a84c4d4ccbb85aade118efe53fba3e34792629f1ee15d7141f8a571f2e5d04""}",
      1024,        24,         0,   0.070,pymatching,2330c13f8d0ffcbe233b5d3dd31f44fe6179438b6424e0e381c81c0db518cb50,"{""circuit"":""surface_code:rotated_memory_x"",""cluster_node_limit"":null,""d"":13,""decoder"":""pymatching"",""decoder_type"":null,""p"":0.0075,""p_erase"":0.0,""r"":13,""run_id"":""8d9ba5c45e036367dbb56f6f75ef6b66d2c867a90246a0534f98bfc152f61347""}",
      1024,        20,         0,   0.066,pymatching,f64b2c4b0e836610eda394246a0594b3eb830470eade42b650e4e5a9d5d2179a,"{""circuit"":""surface_code:rotated_memory_x"",""cluster_node_limit"":null,""d"":13,""decoder"":""pymatching"",""decoder_type"":null,""p"":0.007,""p_erase"":0.0,""r"":13,""run_id"":""15a24d396bd944285eb34df36fc2a82b3720b70e4a37d4558b4da25f9a7cab7a""}",
      6144,        15,         0,   0.242,pymatching,2ab2bafc917c15d984596e9394a6b41eb125727d0e3104dfd9f73b5861df462c,"{""circuit"":""surface_code:rotated_memory_x"",""cluster_node_limit"":null,""d"":13,""decoder"":""pymatching"",""decoder_type"":null,""p"":0.005,""p_erase"":0.0,""r"":13,""run_id"":""ba6ec0201ae5f2b5835a3c0847619ccc327503254d9c86b39cc4e0dd110fee2e""}",
      1024,        32,         0,   0.073,pymatching,2330c13f8d0ffcbe233b5d3dd31f44fe6179438b6424e0e381c81c0db518cb50,"{""circuit"":""surface_code:rotated_memory_x"",""cluster_node_limit"":null,""d"":13,""decoder"":""pymatching"",""decoder_type"":null,""p"":0.0075,""p_erase"":0.0,""r"":13,""run_id"":""8d9ba5c45e036367dbb56f6f75ef6b66d2c867a90246a0534f98bfc152f61347""}",
     16384,       352,         0,   0.589,pymatching,a7d1323eed055fec41026221b2e5ac2b73f3a1f94ad64474d12d8948f9163000,"{""circuit"":""surface_code:rotated_memory_x"",""cluster_node_limit"":null,""d"":11,""decoder"":""pymatching"",""decoder_type"":null,""p"":0.007,""p_erase"":0.0,""r"":11,""run_id"":""d44c56664df2329f11ba7807e588599df55c9e7726e3abb34429c4d14d90c33d""}",
      4096,       633,         0,   0.303,pymatching,d7083ffb23fdc52079c3ed0ababe8663ca50eb6e49bd62e052479567e9aa2ef3,"{""circuit"":""surface_code:rotated_memory_x"",""cluster_node_limit"":null,""d"":11,""decoder"":""pymatching"",""decoder_type"":null,""p"":0.011,""p_erase"":0.0,""r"":11,""run_id"":""c7976122b30c77725f17fcfd30ff43b6475083c0b7cf3a3513813e985ae4aac8""}",
      1024,        15,         0,   0.072,pymatching,f64b2c4b0e836610eda394246a0594b3eb830470eade42b650e4e5a9d5d2179a,"{""circuit"":""surface_code:rotated_memory_x"",""cluster_node_limit"":null,""d"":13,""decoder"":""pymatching"",""decoder_type"":null,""p"":0.007,""p_erase"":0.0,""r"":13,""run_id"":""15a24d396bd944285eb34df36fc2a82b3720b70e4a37d4558b4da25f9a7cab7a""}",
      1024,        26,         0,   0.071,pymatching,2330c13f8d0ffcbe233b5d3dd31f44fe6179438b6424e0e381c81c0db518cb50,"{""circuit"":""surface_code:rotated_memory_x"",""cluster_node_limit"":null,""d"":13,""decoder"":""pymatching"",""decoder_type"":null,""p"":0.0075,""p_erase"":0.0,""r"":13,""run_id"":""8d9ba5c45e036367dbb56f6f75ef6b66d2c867a90246a0534f98bfc152f61347""}",
      8192,       538,         0,   0.439,pymatching,efaee12e13d01252b0ce524d2e4264e8375c0dc7d39cc05d6de2b2f4df57fc3a,"{""circuit"":""surface_code:rotated_memory_x"",""cluster_node_limit"":null,""d"":11,""decoder"":""pymatching"",""decoder_type"":null,""p"":0.009,""p_erase"":0.0,""r"":11,""run_id"":""829fcaa931751cbd6b32b69ce0047ca2e909fc8767cb41fb89ba265664bf1e98""}",
     10240,         4,         0,   0.304,pymatching,eea9b8db3af7d3f01c19fa7614c0022d0e5c8f40ae2fbb6d230dd8eb164fb3f7,"{""circuit"":""surface_code:rotated_memory_x"",""cluster_node_limit"":null,""d"":13,""decoder"":""pymatching"",""decoder_type"":null,""p"":0.004,""p_erase"":0.0,""r"":13,""run_id"":""14e7e398bac21d09e183f7c5cd7dc1e7c7cd801fe8098953fd8e8394b8988fc7""}",
      4096,        31,         0,   0.210,pymatching,8fede81d9a03285bce79fdcf77a025e530b05fc5d3cce29cc543a016173dad8c,"{""circuit"":""surface_code:rotated_memory_x"",""cluster_node_limit"":null,""d"":13,""decoder"":""pymatching"",""decoder_type"":null,""p"":0.006,""p_erase"":0.0,""r"":13,""run_id"":""e65c8f5eef81162d415860ae3216708d349da279871dd51f17fb9895565169a7""}",
     14336,       435,         0,   0.595,pymatching,831fa19b7ac8afb3cd2911f6b74dcfcb00f91c76108587064c2a0d9e035ea16b,"{""circuit"":""surface_code:rotated_memory_x"",""cluster_node_limit"":null,""d"":11,""decoder"":""pymatching"",""decoder_type"":null,""p"":0.0075,""p_erase"":0.0,""r"":11,""run_id"":""bc27ba3783bb2d0703fb3d212d8a61b51c480684d1ab55584e2a80cc94dc90f4""}",
      4096,        35,         0,   0.227,pymatching,4273ecf73c78e79e6e939e733d93b9c670b553e48c9b8021e99a8c186415ec06,"{""circuit"":""surface_code:rotated_memory_x"",""cluster_node_limit"":null,""d"":13,""decoder"":""pymatching"",""decoder_type"":null,""p"":0.0065,""p_erase"":0.0,""r"":13,""run_id"":""e1a84c4d4ccbb85aade118efe53fba3e34792629f1ee15d7141f8a571f2e5d04""}",
      1024,        32,         0,   0.080,pymatching,2330c13f8d0ffcbe233b5d3dd31f44fe6179438b6424e0e381c81c0db518cb50,"{""circuit"":""surface_code:rotated_memory_x"",""cluster_node_limit"":null,""d"":13,""decoder"":""pymatching"",""decoder_type"":null,""p"":0.0075,""p_erase"":0.0,""r"":13,""run_id"":""8d9ba5c45e036367dbb56f6f75ef6b66d2c867a90246a0534f98bfc152f61347""}",
      2048,        30,         0,   0.136,pymatching,f64b2c4b0e836610eda394246a0594b3eb830470eade42b650e4e5a9d5d2179a,"{""circuit"":""surface_code:rotated_memory_x"",""cluster_node_limit"":null,""d"":13,""decoder"":""pymatching"",""decoder_type"":null,""p"":0.007,""p_erase"":0.0,""r"":13,""run_id"":""15a24d396bd944285eb34df36fc2a82b3720b70e4a37d4558b4da25f9a7cab7a""}",
      1024,        21,         0,   0.069,pymatching,2330c13f8d0ffcbe233b5d3dd31f44fe6179438b6424e0e381c81c0db518cb50,"{""circuit"":""surface_code:rotated_memory_x"",""cluster_node_limit"":null,""d"":13,""decoder"":""pymatching"",""decoder_type"":null,""p"":0.0075,""p_erase"":0.0,""r"":13,""run_id"":""8d9ba5c45e036367dbb56f6f75ef6b66d2c867a90246a0534f98bfc152f61347""}",
      2048,        38,         0,   0.133,pymatching,f64b2c4b0e836610eda394246a0594b3eb830470eade42b650e4e5a9d5d2179a,"{""circuit"":""surface_code:rotated_memory_x"",""cluster_node_limit"":null,""d"":13,""decoder"":""pymatching"",""decoder_type"":null,""p"":0.007,""p_erase"":0.0,""r"":13,""run_id"":""15a24d396bd944285eb34df36fc2a82b3720b70e4a37d4558b4da25f9a7cab7a""}",
      8192,        18,         0,   0.321,pymatching,2ab2bafc917c15d984596e9394a6b41eb125727d0e3104dfd9f73b5861df462c,"{""circuit"":""surface_code:rotated_memory_x"",""cluster_node_limit"":null,""d"":13,""decoder"":""pymatching"",""decoder_type"":null,""p"":0.005,""p_erase"":0.0,""r"":13,""run_id"":""ba6ec0201ae5f2b5835a3c0847619ccc327503254d9c86b39cc4e0dd110fee2e""}",
     25999,       253,         0,   0.773,pymatching,f4e75ea784aa82d92d7feefc33efbca4f143f3c278978a9b5d513692184cad34,"{""circuit"":""surface_code:rotated_memory_x"",""cluster_node_limit"":null,""d"":11,""decoder"":""pymatching"",""decoder_type"":null,""p"":0.006,""p_erase"":0.0,""r"":11,""run_id"":""0e3945e8e73a4721a94f6dab9969d30ee8c29c1bc8cbf96080e0e787d62f6e4b""}",
     13312,       486,         0,   0.592,pymatching,17c55b07aaac0686af75611a11c19622d5c0142cfbbf0b94bc9d63a78cdccc48,"{""circuit"":""surface_code:rotated_memory_x"",""cluster_node_limit"":null,""d"":11,""decoder"":""pymatching"",""decoder_type"":null,""p"":0.008,""p_erase"":0.0,""r"":11,""run_id"":""d5d5e47f2ba9e5014fdddb6643afd1169e73d1ac38cd4c789e3de609de918323""}",
      7168,       818,         0,   0.454,pymatching,e82d8e3106bbbdd97e9cabdaae16ec20a7cebe6fbd14fedad03f9c1c1f79705f,"{""circuit"":""surface_code:rotated_memory_x"",""cluster_node_limit"":null,""d"":11,""decoder"":""pymatching"",""decoder_type"":null,""p"":0.01,""p_erase"":0.0,""r"":11,""run_id"":""13e9889914ca69e915cccaa1540a1c69fd212bfc1358801501ae1eb2a6cb17ba""}",
      2048,        62,         0,   0.145,pymatching,2330c13f8d0ffcbe233b5d3dd31f44fe6179438b6424e0e381c81c0db518cb50,"{""circuit"":""surface_code:rotated_memory_x"",""cluster_node_limit"":null,""d"":13,""decoder"":""pymatching"",""decoder_type"":null,""p"":0.0075,""p_erase"":0.0,""r"":13,""run_id"":""8d9ba5c45e036367dbb56f6f75ef6b66d2c867a90246a0534f98bfc152f61347""}",
      6144,        48,         0,   0.299,pymatching,8fede81d9a03285bce79fdcf77a025e530b05fc5d3cce29cc543a016173dad8c,"{""circuit"":""surface_code:rotated_memory_x"",""cluster_node_limit"":null,""d"":13,""decoder"":""pymatching"",""decoder_type"":null,""p"":0.006,""p_erase"":0.0,""r"":13,""run_id"":""e65c8f5eef81162d415860ae3216708d349da279871dd51f17fb9895565169a7""}",
       273,        15,         0,   0.028,pymatching,227d6539726b8549dc3d06ab6ecd36140fa33688bd2038f94942eb97f2681f7c,"{""circuit"":""surface_code:rotated_memory_x"",""cluster_node_limit"":null,""d"":13,""decoder"":""pymatching"",""decoder_type"":null,""p"":0.008,""p_erase"":0.0,""r"":13,""run_id"":""0f07f06e92e807986e1aae638cac79f956202fd59e9fc13e7220f42fab9dfc68""}",
      5120,        38,         0,   0.292,pymatching,4273ecf73c78e79e6e939e733d93b9c670b553e48c9b8021e99a8c186415ec06,"{""circuit"":""surface_code:rotated_memory_x"",""cluster_node_limit"":null,""d"":13,""decoder"":""pymatching"",""decoder_type"":null,""p"":0.0065,""p_erase"":0.0,""r"":13,""run_id"":""e1a84c4d4ccbb85aade118efe53fba3e34792629f1ee15d7141f8a571f2e5d04""}",
      6144,      1060,         0,   0.453,pymatching,d7083ffb23fdc52079c3ed0ababe8663ca50eb6e49bd62e052479567e9aa2ef3,"{""circuit"":""surface_code:rotated_memory_x"",""cluster_node_limit"":null,""d"":11,""decoder"":""pymatching"",""decoder_type"":null,""p"":0.011,""p_erase"":0.0,""r"":11,""run_id"":""c7976122b30c77725f17fcfd30ff43b6475083c0b7cf3a3513813e985ae4aac8""}",
     24576,       345,         0,   0.811,pymatching,2c6cc6c663765f62fcb062cbc6153b47b3629a836fc871784e75f57e57ad1ed4,"{""circuit"":""surface_code:rotated_memory_x"",""cluster_node_limit"":null,""d"":11,""decoder"":""pymatching"",""decoder_type"":null,""p"":0.0065,""p_erase"":0.0,""r"":11,""run_id"":""e3895049058e7f3d286fb5c6a1d293b025b771c49df75c38a6387ce4ca0d4ec0""}",
     13312,         6,         0,   0.405,pymatching,eea9b8db3af7d3f01c19fa7614c0022d0e5c8f40ae2fbb6d230dd8eb164fb3f7,"{""circuit"":""surface_code:rotated_memory_x"",""cluster_node_limit"":null,""d"":13,""decoder"":""pymatching"",""decoder_type"":null,""p"":0.004,""p_erase"":0.0,""r"":13,""run_id"":""14e7e398bac21d09e183f7c5cd7dc1e7c7cd801fe8098953fd8e8394b8988fc7""}",
      1024,        38,         0,   0.078,pymatching,227d6539726b8549dc3d06ab6ecd36140fa33688bd2038f94942eb97f2681f7c,"{""circuit"":""surface_code:rotated_memory_x"",""cluster_node_limit"":null,""d"":13,""decoder"":""pymatching"",""decoder_type"":null,""p"":0.008,""p_erase"":0.0,""r"":13,""run_id"":""0f07f06e92e807986e1aae638cac79f956202fd59e9fc13e7220f42fab9dfc68""}",
      3072,        61,         0,   0.210,pymatching,f64b2c4b0e836610eda394246a0594b3eb830470eade42b650e4e5a9d5d2179a,"{""circuit"":""surface_code:rotated_memory_x"",""cluster_node_limit"":null,""d"":13,""decoder"":""pymatching"",""decoder_type"":null,""p"":0.007,""p_erase"":0.0,""r"":13,""run_id"":""15a24d396bd944285eb34df36fc2a82b3720b70e4a37d4558b4da25f9a7cab7a""}",
      2048,        55,         0,   0.152,pymatching,2330c13f8d0ffcbe233b5d3dd31f44fe6179438b6424e0e381c81c0db518cb50,"{""circuit"":""surface_code:rotated_memory_x"",""cluster_node_limit"":null,""d"":13,""decoder"":""pymatching"",""decoder_type"":null,""p"":0.0075,""p_erase"":0.0,""r"":13,""run_id"":""8d9ba5c45e036367dbb56f6f75ef6b66d2c867a90246a0534f98bfc152f61347""}",
      1024,        51,         0,   0.084,pymatching,227d6539726b8549dc3d06ab6ecd36140fa33688bd2038f94942eb97f2681f7c,"{""circuit"":""surface_code:rotated_memory_x"",""cluster_node_limit"":null,""d"":13,""decoder"":""pymatching"",""decoder_type"":null,""p"":0.008,""p_erase"":0.0,""r"":13,""run_id"":""0f07f06e92e807986e1aae638cac79f956202fd59e9fc13e7220f42fab9dfc68""}",
      2048,        66,         0,   0.153,pymatching,2330c13f8d0ffcbe233b5d3dd31f44fe6179438b6424e0e381c81c0db518cb50,"{""circuit"":""surface_code:rotated_memory_x"",""cluster_node_limit"":null,""d"":13,""decoder"":""pymatching"",""decoder_type"":null,""p"":0.0075,""p_erase"":0.0,""r"":13,""run_id"":""8d9ba5c45e036367dbb56f6f75ef6b66d2c867a90246a0534f98bfc152f61347""}",
      1024,        37,         0,   0.083,pymatching,227d6539726b8549dc3d06ab6ecd36140fa33688bd2038f94942eb97f2681f7c,"{""circuit"":""surface_code:rotated_memory_x"",""cluster_node_limit"":null,""d"":13,""decoder"":""pymatching"",""decoder_type"":null,""p"":0.008,""p_erase"":0.0,""r"":13,""run_id"":""0f07f06e92e807986e1aae638cac79f956202fd59e9fc13e7220f42fab9dfc68""}",
     11264,       845,         0,   0.601,pymatching,efaee12e13d01252b0ce524d2e4264e8375c0dc7d39cc05d6de2b2f4df57fc3a,"{""circuit"":""surface_code:rotated_memory_x"",""cluster_node_limit"":null,""d"":11,""decoder"":""pymatching"",""decoder_type"":null,""p"":0.009,""p_erase"":0.0,""r"":11,""run_id"":""829fcaa931751cbd6b32b69ce0047ca2e909fc8767cb41fb89ba265664bf1e98""}",
     10240,        21,         0,   0.410,pymatching,2ab2bafc917c15d984596e9394a6b41eb125727d0e3104dfd9f73b5861df462c,"{""circuit"":""surface_code:rotated_memory_x"",""cluster_node_limit"":null,""d"":13,""decoder"":""pymatching"",""decoder_type"":null,""p"":0.005,""p_erase"":0.0,""r"":13,""run_id"":""ba6ec0201ae5f2b5835a3c0847619ccc327503254d9c86b39cc4e0dd110fee2e""}",
      7567,       121,         0,   0.250,pymatching,2c6cc6c663765f62fcb062cbc6153b47b3629a836fc871784e75f57e57ad1ed4,"{""circuit"":""surface_code:rotated_memory_x"",""cluster_node_limit"":null,""d"":11,""decoder"":""pymatching"",""decoder_type"":null,""p"":0.0065,""p_erase"":0.0,""r"":11,""run_id"":""e3895049058e7f3d286fb5c6a1d293b025b771c49df75c38a6387ce4ca0d4ec0""}",
      1024,        37,         0,   0.084,pymatching,227d6539726b8549dc3d06ab6ecd36140fa33688bd2038f94942eb97f2681f7c,"{""circuit"":""surface_code:rotated_memory_x"",""cluster_node_limit"":null,""d"":13,""decoder"":""pymatching"",""decoder_type"":null,""p"":0.008,""p_erase"":0.0,""r"":13,""run_id"":""0f07f06e92e807986e1aae638cac79f956202fd59e9fc13e7220f42fab9dfc68""}",
      4096,        66,         0,   0.264,pymatching,f64b2c4b0e836610eda394246a0594b3eb830470eade42b650e4e5a9d5d2179a,"{""circuit"":""surface_code:rotated_memory_x"",""cluster_node_limit"":null,""d"":13,""decoder"":""pymatching"",""decoder_type"":null,""p"":0.007,""p_erase"":0.0,""r"":13,""run_id"":""15a24d396bd944285eb34df36fc2a82b3720b70e4a37d4558b4da25f9a7cab7a""}",
     22528,       466,         0,   0.811,pymatching,a7d1323eed055fec41026221b2e5ac2b73f3a1f94ad64474d12d8948f9163000,"{""circuit"":""surface_code:rotated_memory_x"",""cluster_node_limit"":null,""d"":11,""decoder"":""pymatching"",""decoder_type"":null,""p"":0.007,""p_erase"":0.0,""r"":11,""run_id"":""d44c56664df2329f11ba7807e588599df55c9e7726e3abb34429c4d14d90c33d""}",
      8192,        53,         0,   0.410,pymatching,8fede81d9a03285bce79fdcf77a025e530b05fc5d3cce29cc543a016173dad8c,"{""circuit"":""surface_code:rotated_memory_x"",""cluster_node_limit"":null,""d"":13,""decoder"":""pymatching"",""decoder_type"":null,""p"":0.006,""p_erase"":0.0,""r"":13,""run_id"":""e65c8f5eef81162d415860ae3216708d349da279871dd51f17fb9895565169a7""}",
      1024,        41,         0,   0.085,pymatching,227d6539726b8549dc3d06ab6ecd36140fa33688bd2038f94942eb97f2681f7c,"{""circuit"":""surface_code:rotated_memory_x"",""cluster_node_limit"":null,""d"":13,""decoder"":""pymatching"",""decoder_type"":null,""p"":0.008,""p_erase"":0.0,""r"":13,""run_id"":""0f07f06e92e807986e1aae638cac79f956202fd59e9fc13e7220f42fab9dfc68""}",
      7168,        85,         0,   0.415,pymatching,4273ecf73c78e79e6e939e733d93b9c670b553e48c9b8021e99a8c186415ec06,"{""circuit"":""surface_code:rotated_memory_x"",""cluster_node_limit"":null,""d"":13,""decoder"":""pymatching"",""decoder_type"":null,""p"":0.0065,""p_erase"":0.0,""r"":13,""run_id"":""e1a84c4d4ccbb85aade118efe53fba3e34792629f1ee15d7141f8a571f2e5d04""}",
       273,        17,         0,   0.039,pymatching,38e54bcdc2c464d08b1443283a7f41b02d61a28c35e78bb7ca50e7d4bf63b17d,"{""circuit"":""surface_code:rotated_memory_x"",""cluster_node_limit"":null,""d"":13,""decoder"":""pymatching"",""decoder_type"":null,""p"":0.009,""p_erase"":0.0,""r"":13,""run_id"":""15aa03545769ba7c3bdc7f1f0f10d61e22b61b5578e025dea57950e04aea7aa7""}",
      3072,        94,         0,   0.225,pymatching,2330c13f8d0ffcbe233b5d3dd31f44fe6179438b6424e0e381c81c0db518cb50,"{""circuit"":""surface_code:rotated_memory_x"",""cluster_node_limit"":null,""d"":13,""decoder"":""pymatching"",""decoder_type"":null,""p"":0.0075,""p_erase"":0.0,""r"":13,""run_id"":""8d9ba5c45e036367dbb56f6f75ef6b66d2c867a90246a0534f98bfc152f61347""}",
      1024,        41,         0,   0.082,pymatching,227d6539726b8549dc3d06ab6ecd36140fa33688bd2038f94942eb97f2681f7c,"{""circuit"":""surface_code:rotated_memory_x"",""cluster_node_limit"":null,""d"":13,""decoder"":""pymatching"",""decoder_type"":null,""p"":0.008,""p_erase"":0.0,""r"":13,""run_id"":""0f07f06e92e807986e1aae638cac79f956202fd59e9fc13e7220f42fab9dfc68""}",
      6144,       992,         0,   0.446,pymatching,d7083ffb23fdc52079c3ed0ababe8663ca50eb6e49bd62e052479567e9aa2ef3,"{""circuit"":""surface_code:rotated_memory_x"",""cluster_node_limit"":null,""d"":11,""decoder"":""pymatching"",""decoder_type"":null,""p"":0.011,""p_erase"":0.0,""r"":11,""run_id"":""c7976122b30c77725f17fcfd30ff43b6475083c0b7cf3a3513813e985ae4aac8""}",
     19456,       567,         0,   0.799,pymatching,831fa19b7ac8afb3cd2911f6b74dcfcb00f91c76108587064c2a0d9e035ea16b,"{""circuit"":""surface_code:rotated_memory_x"",""cluster_node_limit"":null,""d"":11,""decoder"":""pymatching"",""decoder_type"":null,""p"":0.0075,""p_erase"":0.0,""r"":11,""run_id"":""bc27ba3783bb2d0703fb3d212d8a61b51c480684d1ab55584e2a80cc94dc90f4""}",
      9216,      1029,         0,   0.576,pymatching,e82d8e3106bbbdd97e9cabdaae16ec20a7cebe6fbd14fedad03f9c1c1f79705f,"{""circuit"":""surface_code:rotated_memory_x"",""cluster_node_limit"":null,""d"":11,""decoder"":""pymatching"",""decoder_type"":null,""p"":0.01,""p_erase"":0.0,""r"":11,""run_id"":""13e9889914ca69e915cccaa1540a1c69fd212bfc1358801501ae1eb2a6cb17ba""}",
      1024,        82,         0,   0.102,pymatching,38e54bcdc2c464d08b1443283a7f41b02d61a28c35e78bb7ca50e7d4bf63b17d,"{""circuit"":""surface_code:rotated_memory_x"",""cluster_node_limit"":null,""d"":13,""decoder"":""pymatching"",""decoder_type"":null,""p"":0.009,""p_erase"":0.0,""r"":13,""run_id"":""15aa03545769ba7c3bdc7f1f0f10d61e22b61b5578e025dea57950e04aea7aa7""}",
      1024,        76,         0,   0.094,pymatching,38e54bcdc2c464d08b1443283a7f41b02d61a28c35e78bb7ca50e7d4bf63b17d,"{""circuit"":""surface_code:rotated_memory_x"",""cluster_node_limit"":null,""d"":13,""decoder"":""pymatching"",""decoder_type"":null,""p"":0.009,""p_erase"":0.0,""r"":13,""run_id"":""15aa03545769ba7c3bdc7f1f0f10d61e22b61b5578e025dea57950e04aea7aa7""}",
       273,        33,         0,   0.043,pymatching,d69f11d46d3a628f06716ae692b786eb0edcbe1e368c1f96227c123dadc07156,"{""circuit"":""surface_code:rotated_memory_x"",""cluster_node_limit"":null,""d"":13,""decoder"":""pymatching"",""decoder_type"":null,""p"":0.01,""p_erase"":0.0,""r"":13,""run_id"":""9f289422d43fc6755876d76b8e6beb45cecaa1878869c90586d01a8fd9469aeb""}",
     18432,         6,         0,   0.575,pymatching,eea9b8db3af7d3f01c19fa7614c0022d0e5c8f40ae2fbb6d230dd8eb164fb3f7,"{""circuit"":""surface_code:rotated_memory_x"",""cluster_node_limit"":null,""d"":13,""decoder"":""pymatching"",""decoder_type"":null,""p"":0.004,""p_erase"":0.0,""r"":13,""run_id"":""14e7e398bac21d09e183f7c5cd7dc1e7c7cd801fe8098953fd8e8394b8988fc7""}",
      2048,        93,         0,   0.163,pymatching,227d6539726b8549dc3d06ab6ecd36140fa33688bd2038f94942eb97f2681f7c,"{""circuit"":""surface_code:rotated_memory_x"",""cluster_node_limit"":null,""d"":13,""decoder"":""pymatching"",""decoder_type"":null,""p"":0.008,""p_erase"":0.0,""r"":13,""run_id"":""0f07f06e92e807986e1aae638cac79f956202fd59e9fc13e7220f42fab9dfc68""}",
      5120,        94,         0,   0.324,pymatching,f64b2c4b0e836610eda394246a0594b3eb830470eade42b650e4e5a9d5d2179a,"{""circuit"":""surface_code:rotated_memory_x"",""cluster_node_limit"":null,""d"":13,""decoder"":""pymatching"",""decoder_type"":null,""p"":0.007,""p_erase"":0.0,""r"":13,""run_id"":""15a24d396bd944285eb34df36fc2a82b3720b70e4a37d4558b4da25f9a7cab7a""}",
      1024,        89,         0,   0.096,pymatching,38e54bcdc2c464d08b1443283a7f41b02d61a28c35e78bb7ca50e7d4bf63b17d,"{""circuit"":""surface_code:rotated_memory_x"",""cluster_node_limit"":null,""d"":13,""decoder"":""pymatching"",""decoder_type"":null,""p"":0.009,""p_erase"":0.0,""r"":13,""run_id"":""15aa03545769ba7c3bdc7f1f0f10d61e22b61b5578e025dea57950e04aea7aa7""}",
     18432,       739,         0,   0.806,pymatching,17c55b07aaac0686af75611a11c19622d5c0142cfbbf0b94bc9d63a78cdccc48,"{""circuit"":""surface_code:rotated_memory_x"",""cluster_node_limit"":null,""d"":11,""decoder"":""pymatching"",""decoder_type"":null,""p"":0.008,""p_erase"":0.0,""r"":11,""run_id"":""d5d5e47f2ba9e5014fdddb6643afd1169e73d1ac38cd4c789e3de609de918323""}",
      1024,       128,         0,   0.120,pymatching,d69f11d46d3a628f06716ae692b786eb0edcbe1e368c1f96227c123dadc07156,"{""circuit"":""surface_code:rotated_memory_x"",""cluster_node_limit"":null,""d"":13,""decoder"":""pymatching"",""decoder_type"":null,""p"":0.01,""p_erase"":0.0,""r"":13,""run_id"":""9f289422d43fc6755876d76b8e6beb45cecaa1878869c90586d01a8fd9469aeb""}",
      4096,       119,         0,   0.310,pymatching,2330c13f8d0ffcbe233b5d3dd31f44fe6179438b6424e0e381c81c0db518cb50,"{""circuit"":""surface_code:rotated_memory_x"",""cluster_node_limit"":null,""d"":13,""decoder"":""pymatching"",""decoder_type"":null,""p"":0.0075,""p_erase"":0.0,""r"":13,""run_id"":""8d9ba5c45e036367dbb56f6f75ef6b66d2c867a90246a0534f98bfc152f61347""}",
      1024,        70,         0,   0.099,pymatching,38e54bcdc2c464d08b1443283a7f41b02d61a28c35e78bb7ca50e7d4bf63b17d,"{""circuit"":""surface_code:rotated_memory_x"",""cluster_node_limit"":null,""d"":13,""decoder"":""pymatching"",""decoder_type"":null,""p"":0.009,""p_erase"":0.0,""r"":13,""run_id"":""15aa03545769ba7c3bdc7f1f0f10d61e22b61b5578e025dea57950e04aea7aa7""}",
      2048,        76,         0,   0.161,pymatching,227d6539726b8549dc3d06ab6ecd36140fa33688bd2038f94942eb97f2681f7c,"{""circuit"":""surface_code:rotated_memory_x"",""cluster_node_limit"":null,""d"":13,""decoder"":""pymatching"",""decoder_type"":null,""p"":0.008,""p_erase"":0.0,""r"":13,""run_id"":""0f07f06e92e807986e1aae638cac79f956202fd59e9fc13e7220f42fab9dfc68""}",
      1024,       134,         0,   0.114,pymatching,d69f11d46d3a628f06716ae692b786eb0edcbe1e368c1f96227c123dadc07156,"{""circuit"":""surface_code:rotated_memory_x"",""cluster_node_limit"":null,""d"":13,""decoder"":""pymatching"",""decoder_type"":null,""p"":0.01,""p_erase"":0.0,""r"":13,""run_id"":""9f289422d43fc6755876d76b8e6beb45cecaa1878869c90586d01a8fd9469aeb""}",
     14336,        35,         0,   0.583,pymatching,2ab2bafc917c15d984596e9394a6b41eb125727d0e3104dfd9f73b5861df462c,"{""circuit"":""surface_code:rotated_memory_x"",""cluster_node_limit"":null,""d"":13,""decoder"":""pymatching"",""decoder_type"":null,""p"":0.005,""p_erase"":0.0,""r"":13,""run_id"":""ba6ec0201ae5f2b5835a3c0847619ccc327503254d9c86b39cc4e0dd110fee2e""}",
      1024,        76,         0,   0.103,pymatching,38e54bcdc2c464d08b1443283a7f41b02d61a28c35e78bb7ca50e7d4bf63b17d,"{""circuit"":""surface_code:rotated_memory_x"",""cluster_node_limit"":null,""d"":13,""decoder"":""pymatching"",""decoder_type"":null,""p"":0.009,""p_erase"":0.0,""r"":13,""run_id"":""15aa03545769ba7c3bdc7f1f0f10d61e22b61b5578e025dea57950e04aea7aa7""}",
     14735,       329,         0,   0.545,pymatching,a7d1323eed055fec41026221b2e5ac2b73f3a1f94ad64474d12d8948f9163000,"{""circuit"":""surface_code:rotated_memory_x"",""cluster_node_limit"":null,""d"":11,""decoder"":""pymatching"",""decoder_type"":null,""p"":0.007,""p_erase"":0.0,""r"":11,""run_id"":""d44c56664df2329f11ba7807e588599df55c9e7726e3abb34429c4d14d90c33d""}",
      7168,       771,         0,   0.469,pymatching,e82d8e3106bbbdd97e9cabdaae16ec20a7cebe6fbd14fedad03f9c1c1f79705f,"{""circuit"":""surface_code:rotated_memory_x"",""cluster_node_limit"":null,""d"":11,""decoder"":""pymatching"",""decoder_type"":null,""p"":0.01,""p_erase"":0.0,""r"":11,""run_id"":""13e9889914ca69e915cccaa1540a1c69fd212bfc1358801501ae1eb2a6cb17ba""}",
     11264,        85,         0,   0.580,pymatching,8fede81d9a03285bce79fdcf77a025e530b05fc5d3cce29cc543a016173dad8c,"{""circuit"":""surface_code:rotated_memory_x"",""cluster_node_limit"":null,""d"":13,""decoder"":""pymatching"",""decoder_type"":null,""p"":0.006,""p_erase"":0.0,""r"":13,""run_id"":""e65c8f5eef81162d415860ae3216708d349da279871dd51f17fb9895565169a7""}",
      1024,       143,         0,   0.124,pymatching,d69f11d46d3a628f06716ae692b786eb0edcbe1e368c1f96227c123dadc07156,"{""circuit"":""surface_code:rotated_memory_x"",""cluster_node_limit"":null,""d"":13,""decoder"":""pymatching"",""decoder_type"":null,""p"":0.01,""p_erase"":0.0,""r"":13,""run_id"":""9f289422d43fc6755876d76b8e6beb45cecaa1878869c90586d01a8fd9469aeb""}",
      1024,        78,         0,   0.096,pymatching,38e54bcdc2c464d08b1443283a7f41b02d61a28c35e78bb7ca50e7d4bf63b17d,"{""circuit"":""surface_code:rotated_memory_x"",""cluster_node_limit"":null,""d"":13,""decoder"":""pymatching"",""decoder_type"":null,""p"":0.009,""p_erase"":0.0,""r"":13,""run_id"":""15aa03545769ba7c3bdc7f1f0f10d61e22b61b5578e025dea57950e04aea7aa7""}",
     10240,       137,         0,   0.599,pymatching,4273ecf73c78e79e6e939e733d93b9c670b553e48c9b8021e99a8c186415ec06,"{""circuit"":""surface_code:rotated_memory_x"",""cluster_node_limit"":null,""d"":13,""decoder"":""pymatching"",""decoder_type"":null,""p"":0.0065,""p_erase"":0.0,""r"":13,""run_id"":""e1a84c4d4ccbb85aade118efe53fba3e34792629f1ee15d7141f8a571f2e5d04""}",
       273,        46,         0,   0.041,pymatching,2eb57dffc4ce8d48e970231a09a05a380e14b3d05f56fcca95cdd74a3769e80e,"{""circuit"":""surface_code:rotated_memory_x"",""cluster_node_limit"":null,""d"":13,""decoder"":""pymatching"",""decoder_type"":null,""p"":0.011,""p_erase"":0.0,""r"":13,""run_id"":""eec0677604e7f50e9b3a394dc54e0e21ea97fededc4d77884ac80165348b5d06""}",
      3072,       133,         0,   0.243,pymatching,227d6539726b8549dc3d06ab6ecd36140fa33688bd2038f94942eb97f2681f7c,"{""circuit"":""surface_code:rotated_memory_x"",""cluster_node_limit"":null,""d"":13,""decoder"":""pymatching"",""decoder_type"":null,""p"":0.008,""p_erase"":0.0,""r"":13,""run_id"":""0f07f06e92e807986e1aae638cac79f956202fd59e9fc13e7220f42fab9dfc68""}",
     15360,      1122,         0,   0.832,pymatching,efaee12e13d01252b0ce524d2e4264e8375c0dc7d39cc05d6de2b2f4df57fc3a,"{""circuit"":""surface_code:rotated_memory_x"",""cluster_node_limit"":null,""d"":11,""decoder"":""pymatching"",""decoder_type"":null,""p"":0.009,""p_erase"":0.0,""r"":11,""run_id"":""829fcaa931751cbd6b32b69ce0047ca2e909fc8767cb41fb89ba265664bf1e98""}",
       273,         0,         0,   0.016,pymatching,9a1c092a25a47ecf8dce2458977bbf00529bb6e39c1f21628403d319d4a3233d,"{""circuit"":""surface_code:rotated_memory_x"",""cluster_node_limit"":null,""d"":15,""decoder"":""pymatching"",""decoder_type"":null,""p"":0.001,""p_erase"":0.0,""r"":15,""run_id"":""6154d4ba595788dd970c1077f1c220d4b150b9311b973d5e18032ddfc248aba8""}",
      1024,       126,         0,   0.114,pymatching,d69f11d46d3a628f06716ae692b786eb0edcbe1e368c1f96227c123dadc07156,"{""circuit"":""surface_code:rotated_memory_x"",""cluster_node_limit"":null,""d"":13,""decoder"":""pymatching"",""decoder_type"":null,""p"":0.01,""p_erase"":0.0,""r"":13,""run_id"":""9f289422d43fc6755876d76b8e6beb45cecaa1878869c90586d01a8fd9469aeb""}",
      2048,         0,         0,   0.027,pymatching,9a1c092a25a47ecf8dce2458977bbf00529bb6e39c1f21628403d319d4a3233d,"{""circuit"":""surface_code:rotated_memory_x"",""cluster_node_limit"":null,""d"":15,""decoder"":""pymatching"",""decoder_type"":null,""p"":0.001,""p_erase"":0.0,""r"":15,""run_id"":""6154d4ba595788dd970c1077f1c220d4b150b9311b973d5e18032ddfc248aba8""}",
      7168,       120,         0,   0.471,pymatching,f64b2c4b0e836610eda394246a0594b3eb830470eade42b650e4e5a9d5d2179a,"{""circuit"":""surface_code:rotated_memory_x"",""cluster_node_limit"":null,""d"":13,""decoder"":""pymatching"",""decoder_type"":null,""p"":0.007,""p_erase"":0.0,""r"":13,""run_id"":""15a24d396bd944285eb34df36fc2a82b3720b70e4a37d4558b4da25f9a7cab7a""}",
      2048,         0,         0,   0.029,pymatching,9a1c092a25a47ecf8dce2458977bbf00529bb6e39c1f21628403d319d4a3233d,"{""circuit"":""surface_code:rotated_memory_x"",""cluster_node_limit"":null,""d"":15,""decoder"":""pymatching"",""decoder_type"":null,""p"":0.001,""p_erase"":0.0,""r"":15,""run_id"":""6154d4ba595788dd970c1077f1c220d4b150b9311b973d5e18032ddfc248aba8""}",
      1024,       176,         0,   0.139,pymatching,2eb57dffc4ce8d48e970231a09a05a380e14b3d05f56fcca95cdd74a3769e80e,"{""circuit"":""surface_code:rotated_memory_x"",""cluster_node_limit"":null,""d"":13,""decoder"":""pymatching"",""decoder_type"":null,""p"":0.011,""p_erase"":0.0,""r"":13,""run_id"":""eec0677604e7f50e9b3a394dc54e0e21ea97fededc4d77884ac80165348b5d06""}",
      2048,         0,         0,   0.030,pymatching,9a1c092a25a47ecf8dce2458977bbf00529bb6e39c1f21628403d319d4a3233d,"{""circuit"":""surface_code:rotated_memory_x"",""cluster_node_limit"":null,""d"":15,""decoder"":""pymatching"",""decoder_type"":null,""p"":0.001,""p_erase"":0.0,""r"":15,""run_id"":""6154d4ba595788dd970c1077f1c220d4b150b9311b973d5e18032ddfc248aba8""}",
      6144,       192,         0,   0.436,pymatching,2330c13f8d0ffcbe233b5d3dd31f44fe6179438b6424e0e381c81c0db518cb50,"{""circuit"":""surface_code:rotated_memory_x"",""cluster_node_limit"":null,""d"":13,""decoder"":""pymatching"",""decoder_type"":null,""p"":0.0075,""p_erase"":0.0,""r"":13,""run_id"":""8d9ba5c45e036367dbb56f6f75ef6b66d2c867a90246a0534f98bfc152f61347""}",
      2048,       148,         0,   0.201,pymatching,38e54bcdc2c464d08b1443283a7f41b02d61a28c35e78bb7ca50e7d4bf63b17d,"{""circuit"":""surface_code:rotated_memory_x"",""cluster_node_limit"":null,""d"":13,""decoder"":""pymatching"",""decoder_type"":null,""p"":0.009,""p_erase"":0.0,""r"":13,""run_id"":""15aa03545769ba7c3bdc7f1f0f10d61e22b61b5578e025dea57950e04aea7aa7""}",
      1024,       124,         0,   0.117,pymatching,d69f11d46d3a628f06716ae692b786eb0edcbe1e368c1f96227c123dadc07156,"{""circuit"":""surface_code:rotated_memory_x"",""cluster_node_limit"":null,""d"":13,""decoder"":""pymatching"",""decoder_type"":null,""p"":0.01,""p_erase"":0.0,""r"":13,""run_id"":""9f289422d43fc6755876d76b8e6beb45cecaa1878869c90586d01a8fd9469aeb""}",
      3072,         0,         0,   0.046,pymatching,9a1c092a25a47ecf8dce2458977bbf00529bb6e39c1f21628403d319d4a3233d,"{""circuit"":""surface_code:rotated_memory_x"",""cluster_node_limit"":null,""d"":15,""decoder"":""pymatching"",""decoder_type"":null,""p"":0.001,""p_erase"":0.0,""r"":15,""run_id"":""6154d4ba595788dd970c1077f1c220d4b150b9311b973d5e18032ddfc248aba8""}",
      4096,         0,         0,   0.058,pymatching,9a1c092a25a47ecf8dce2458977bbf00529bb6e39c1f21628403d319d4a3233d,"{""circuit"":""surface_code:rotated_memory_x"",""cluster_node_limit"":null,""d"":15,""decoder"":""pymatching"",""decoder_type"":null,""p"":0.001,""p_erase"":0.0,""r"":15,""run_id"":""6154d4ba595788dd970c1077f1c220d4b150b9311b973d5e18032ddfc248aba8""}",
      1024,       196,         0,   0.140,pymatching,2eb57dffc4ce8d48e970231a09a05a380e14b3d05f56fcca95cdd74a3769e80e,"{""circuit"":""surface_code:rotated_memory_x"",""cluster_node_limit"":null,""d"":13,""decoder"":""pymatching"",""decoder_type"":null,""p"":0.011,""p_erase"":0.0,""r"":13,""run_id"":""eec0677604e7f50e9b3a394dc54e0e21ea97fededc4d77884ac80165348b5d06""}",
      1024,       133,         0,   0.122,pymatching,d69f11d46d3a628f06716ae692b786eb0edcbe1e368c1f96227c123dadc07156,"{""circuit"":""surface_code:rotated_memory_x"",""cluster_node_limit"":null,""d"":13,""decoder"":""pymatching"",""decoder_type"":null,""p"":0.01,""p_erase"":0.0,""r"":13,""run_id"":""9f289422d43fc6755876d76b8e6beb45cecaa1878869c90586d01a8fd9469aeb""}",
      5120,         0,         0,   0.076,pymatching,9a1c092a25a47ecf8dce2458977bbf00529bb6e39c1f21628403d319d4a3233d,"{""circuit"":""surface_code:rotated_memory_x"",""cluster_node_limit"":null,""d"":15,""decoder"":""pymatching"",""decoder_type"":null,""p"":0.001,""p_erase"":0.0,""r"":15,""run_id"":""6154d4ba595788dd970c1077f1c220d4b150b9311b973d5e18032ddfc248aba8""}",
      4096,       166,         0,   0.332,pymatching,227d6539726b8549dc3d06ab6ecd36140fa33688bd2038f94942eb97f2681f7c,"{""circuit"":""surface_code:rotated_memory_x"",""cluster_node_limit"":null,""d"":13,""decoder"":""pymatching"",""decoder_type"":null,""p"":0.008,""p_erase"":0.0,""r"":13,""run_id"":""0f07f06e92e807986e1aae638cac79f956202fd59e9fc13e7220f42fab9dfc68""}",
      2048,       156,         0,   0.192,pymatching,38e54bcdc2c464d08b1443283a7f41b02d61a28c35e78bb7ca50e7d4bf63b17d,"{""circuit"":""surface_code:rotated_memory_x"",""cluster_node_limit"":null,""d"":13,""decoder"":""pymatching"",""decoder_type"":null,""p"":0.009,""p_erase"":0.0,""r"":13,""run_id"":""15aa03545769ba7c3bdc7f1f0f10d61e22b61b5578e025dea57950e04aea7aa7""}",
      1024,       197,         0,   0.138,pymatching,2eb57dffc4ce8d48e970231a09a05a380e14b3d05f56fcca95cdd74a3769e80e,"{""circuit"":""surface_code:rotated_memory_x"",""cluster_node_limit"":null,""d"":13,""decoder"":""pymatching"",""decoder_type"":null,""p"":0.011,""p_erase"":0.0,""r"":13,""run_id"":""eec0677604e7f50e9b3a394dc54e0e21ea97fededc4d77884ac80165348b5d06""}",
     26624,         6,         0,   0.809,pymatching,eea9b8db3af7d3f01c19fa7614c0022d0e5c8f40ae2fbb6d230dd8eb164fb3f7,"{""circuit"":""surface_code:rotated_memory_x"",""cluster_node_limit"":null,""d"":13,""decoder"":""pymatching"",""decoder_type"":null,""p"":0.004,""p_erase"":0.0,""r"":13,""run_id"":""14e7e398bac21d09e183f7c5cd7dc1e7c7cd801fe8098953fd8e8394b8988fc7""}",
      1024,       136,         0,   0.118,pymatching,d69f11d46d3a628f06716ae692b786eb0edcbe1e368c1f96227c123dadc07156,"{""circuit"":""surface_code:rotated_memory_x"",""cluster_node_limit"":null,""d"":13,""decoder"":""pymatching"",""decoder_type"":null,""p"":0.01,""p_erase"":0.0,""r"":13,""run_id"":""9f289422d43fc6755876d76b8e6beb45cecaa1878869c90586d01a8fd9469aeb""}",
      7168,         0,         0,   0.105,pymatching,9a1c092a25a47ecf8dce2458977bbf00529bb6e39c1f21628403d319d4a3233d,"{""circuit"":""surface_code:rotated_memory_x"",""cluster_node_limit"":null,""d"":15,""decoder"":""pymatching"",""decoder_type"":null,""p"":0.001,""p_erase"":0.0,""r"":15,""run_id"":""6154d4ba595788dd970c1077f1c220d4b150b9311b973d5e18032ddfc248aba8""}",
      2447,         1,         0,   0.069,pymatching,eea9b8db3af7d3f01c19fa7614c0022d0e5c8f40ae2fbb6d230dd8eb164fb3f7,"{""circuit"":""surface_code:rotated_memory_x"",""cluster_node_limit"":null,""d"":13,""decoder"":""pymatching"",""decoder_type"":null,""p"":0.004,""p_erase"":0.0,""r"":13,""run_id"":""14e7e398bac21d09e183f7c5cd7dc1e7c7cd801fe8098953fd8e8394b8988fc7""}",
      1024,       190,         0,   0.138,pymatching,2eb57dffc4ce8d48e970231a09a05a380e14b3d05f56fcca95cdd74a3769e80e,"{""circuit"":""surface_code:rotated_memory_x"",""cluster_node_limit"":null,""d"":13,""decoder"":""pymatching"",""decoder_type"":null,""p"":0.011,""p_erase"":0.0,""r"":13,""run_id"":""eec0677604e7f50e9b3a394dc54e0e21ea97fededc4d77884ac80165348b5d06""}",
     25999,       781,         0,    1.10,pymatching,831fa19b7ac8afb3cd2911f6b74dcfcb00f91c76108587064c2a0d9e035ea16b,"{""circuit"":""surface_code:rotated_memory_x"",""cluster_node_limit"":null,""d"":11,""decoder"":""pymatching"",""decoder_type"":null,""p"":0.0075,""p_erase"":0.0,""r"":11,""run_id"":""bc27ba3783bb2d0703fb3d212d8a61b51c480684d1ab55584e2a80cc94dc90f4""}",
     10240,         0,         0,   0.157,pymatching,9a1c092a25a47ecf8dce2458977bbf00529bb6e39c1f21628403d319d4a3233d,"{""circuit"":""surface_code:rotated_memory_x"",""cluster_node_limit"":null,""d"":15,""decoder"":""pymatching"",""decoder_type"":null,""p"":0.001,""p_erase"":0.0,""r"":15,""run_id"":""6154d4ba595788dd970c1077f1c220d4b150b9311b973d5e18032ddfc248aba8""}",
       273,         0,         0,   0.021,pymatching,b292548e50ad1b2b02734525ad7161907ca6a92cb4466fafe43805856a7a2a6e,"{""circuit"":""surface_code:rotated_memory_x"",""cluster_node_limit"":null,""d"":15,""decoder"":""pymatching"",""decoder_type"":null,""p"":0.004,""p_erase"":0.0,""r"":15,""run_id"":""e638d7a83939cc8b55abe5ce247b619ef0aa8afd616d0a48039a5706b5528300""}",
     11264,       808,         0,   0.598,pymatching,efaee12e13d01252b0ce524d2e4264e8375c0dc7d39cc05d6de2b2f4df57fc3a,"{""circuit"":""surface_code:rotated_memory_x"",""cluster_node_limit"":null,""d"":11,""decoder"":""pymatching"",""decoder_type"":null,""p"":0.009,""p_erase"":0.0,""r"":11,""run_id"":""829fcaa931751cbd6b32b69ce0047ca2e909fc8767cb41fb89ba265664bf1e98""}",
      1024,         0,         0,   0.047,pymatching,b292548e50ad1b2b02734525ad7161907ca6a92cb4466fafe43805856a7a2a6e,"{""circuit"":""surface_code:rotated_memory_x"",""cluster_node_limit"":null,""d"":15,""decoder"":""pymatching"",""decoder_type"":null,""p"":0.004,""p_erase"":0.0,""r"":15,""run_id"":""e638d7a83939cc8b55abe5ce247b619ef0aa8afd616d0a48039a5706b5528300""}",
     21504,        50,         0,   0.826,pymatching,2ab2bafc917c15d984596e9394a6b41eb125727d0e3104dfd9f73b5861df462c,"{""circuit"":""surface_code:rotated_memory_x"",""cluster_node_limit"":null,""d"":13,""decoder"":""pymatching"",""decoder_type"":null,""p"":0.005,""p_erase"":0.0,""r"":13,""run_id"":""ba6ec0201ae5f2b5835a3c0847619ccc327503254d9c86b39cc4e0dd110fee2e""}",
      3072,       242,         0,   0.296,pymatching,38e54bcdc2c464d08b1443283a7f41b02d61a28c35e78bb7ca50e7d4bf63b17d,"{""circuit"":""surface_code:rotated_memory_x"",""cluster_node_limit"":null,""d"":13,""decoder"":""pymatching"",""decoder_type"":null,""p"":0.009,""p_erase"":0.0,""r"":13,""run_id"":""15aa03545769ba7c3bdc7f1f0f10d61e22b61b5578e025dea57950e04aea7aa7""}",
      2048,       259,         0,   0.238,pymatching,d69f11d46d3a628f06716ae692b786eb0edcbe1e368c1f96227c123dadc07156,"{""circuit"":""surface_code:rotated_memory_x"",""cluster_node_limit"":null,""d"":13,""decoder"":""pymatching"",""decoder_type"":null,""p"":0.01,""p_erase"":0.0,""r"":13,""run_id"":""9f289422d43fc6755876d76b8e6beb45cecaa1878869c90586d01a8fd9469aeb""}",
      1024,       184,         0,   0.133,pymatching,2eb57dffc4ce8d48e970231a09a05a380e14b3d05f56fcca95cdd74a3769e80e,"{""circuit"":""surface_code:rotated_memory_x"",""cluster_node_limit"":null,""d"":13,""decoder"":""pymatching"",""decoder_type"":null,""p"":0.011,""p_erase"":0.0,""r"":13,""run_id"":""eec0677604e7f50e9b3a394dc54e0e21ea97fededc4d77884ac80165348b5d06""}",
       273,         0,         0,   0.028,pymatching,0b8fb658dfdcf73d4d73c2c2bc2e7b2f477635a2793bb94000b88a3ba106f778,"{""circuit"":""surface_code:rotated_memory_x"",""cluster_node_limit"":null,""d"":15,""decoder"":""pymatching"",""decoder_type"":null,""p"":0.005,""p_erase"":0.0,""r"":15,""run_id"":""b82c81b00653814c5f01f0abd96a7fa80d2e15a689063ac9aa37ddbd6db30f42""}",
      9216,       190,         0,   0.605,pymatching,f64b2c4b0e836610eda394246a0594b3eb830470eade42b650e4e5a9d5d2179a,"{""circuit"":""surface_code:rotated_memory_x"",""cluster_node_limit"":null,""d"":13,""decoder"":""pymatching"",""decoder_type"":null,""p"":0.007,""p_erase"":0.0,""r"":13,""run_id"":""15a24d396bd944285eb34df36fc2a82b3720b70e4a37d4558b4da25f9a7cab7a""}",
      1024,         0,         0,   0.051,pymatching,b292548e50ad1b2b02734525ad7161907ca6a92cb4466fafe43805856a7a2a6e,"{""circuit"":""surface_code:rotated_memory_x"",""cluster_node_limit"":null,""d"":15,""decoder"":""pymatching"",""decoder_type"":null,""p"":0.004,""p_erase"":0.0,""r"":15,""run_id"":""e638d7a83939cc8b55abe5ce247b619ef0aa8afd616d0a48039a5706b5528300""}",
     15360,       102,         0,   0.816,pymatching,8fede81d9a03285bce79fdcf77a025e530b05fc5d3cce29cc543a016173dad8c,"{""circuit"":""surface_code:rotated_memory_x"",""cluster_node_limit"":null,""d"":13,""decoder"":""pymatching"",""decoder_type"":null,""p"":0.006,""p_erase"":0.0,""r"":13,""run_id"":""e65c8f5eef81162d415860ae3216708d349da279871dd51f17fb9895565169a7""}",
      8192,       236,         0,   0.582,pymatching,2330c13f8d0ffcbe233b5d3dd31f44fe6179438b6424e0e381c81c0db518cb50,"{""circuit"":""surface_code:rotated_memory_x"",""cluster_node_limit"":null,""d"":13,""decoder"":""pymatching"",""decoder_type"":null,""p"":0.0075,""p_erase"":0.0,""r"":13,""run_id"":""8d9ba5c45e036367dbb56f6f75ef6b66d2c867a90246a0534f98bfc152f61347""}",
      1024,         0,         0,   0.044,pymatching,b292548e50ad1b2b02734525ad7161907ca6a92cb4466fafe43805856a7a2a6e,"{""circuit"":""surface_code:rotated_memory_x"",""cluster_node_limit"":null,""d"":15,""decoder"":""pymatching"",""decoder_type"":null,""p"":0.004,""p_erase"":0.0,""r"":15,""run_id"":""e638d7a83939cc8b55abe5ce247b619ef0aa8afd616d0a48039a5706b5528300""}",
      1024,         0,         0,   0.061,pymatching,0b8fb658dfdcf73d4d73c2c2bc2e7b2f477635a2793bb94000b88a3ba106f778,"{""circuit"":""surface_code:rotated_memory_x"",""cluster_node_limit"":null,""d"":15,""decoder"":""pymatching"",""decoder_type"":null,""p"":0.005,""p_erase"":0.0,""r"":15,""run_id"":""b82c81b00653814c5f01f0abd96a7fa80d2e15a689063ac9aa37ddbd6db30f42""}",
      5120,       244,         0,   0.414,pymatching,227d6539726b8549dc3d06ab6ecd36140fa33688bd2038f94942eb97f2681f7c,"{""circuit"":""surface_code:rotated_memory_x"",""cluster_node_limit"":null,""d"":13,""decoder"":""pymatching"",""decoder_type"":null,""p"":0.008,""p_erase"":0.0,""r"":13,""run_id"":""0f07f06e92e807986e1aae638cac79f956202fd59e9fc13e7220f42fab9dfc68""}",
        17,         0,         0,   0.011,pymatching,54681fd9daa4f610d2e921cb03d89e5c364dacb0ad051a6757222f9135ba02f9,"{""circuit"":""surface_code:rotated_memory_x"",""cluster_node_limit"":null,""d"":15,""decoder"":""pymatching"",""decoder_type"":null,""p"":0.006,""p_erase"":0.0,""r"":15,""run_id"":""3bb9c20fd39117472bc6ed49fc6c7e77f29394bd20f5ed21128d733db754bd97""}",
     14336,       137,         0,   0.817,pymatching,4273ecf73c78e79e6e939e733d93b9c670b553e48c9b8021e99a8c186415ec06,"{""circuit"":""surface_code:rotated_memory_x"",""cluster_node_limit"":null,""d"":13,""decoder"":""pymatching"",""decoder_type"":null,""p"":0.0065,""p_erase"":0.0,""r"":13,""run_id"":""e1a84c4d4ccbb85aade118efe53fba3e34792629f1ee15d7141f8a571f2e5d04""}",
      1024,         0,         0,   0.044,pymatching,b292548e50ad1b2b02734525ad7161907ca6a92cb4466fafe43805856a7a2a6e,"{""circuit"":""surface_code:rotated_memory_x"",""cluster_node_limit"":null,""d"":15,""decoder"":""pymatching"",""decoder_type"":null,""p"":0.004,""p_erase"":0.0,""r"":15,""run_id"":""e638d7a83939cc8b55abe5ce247b619ef0aa8afd616d0a48039a5706b5528300""}",
     13312,         0,         0,   0.208,pymatching,9a1c092a25a47ecf8dce2458977bbf00529bb6e39c1f21628403d319d4a3233d,"{""circuit"":""surface_code:rotated_memory_x"",""cluster_node_limit"":null,""d"":15,""decoder"":""pymatching"",""decoder_type"":null,""p"":0.001,""p_erase"":0.0,""r"":15,""run_id"":""6154d4ba595788dd970c1077f1c220d4b150b9311b973d5e18032ddfc248aba8""}",
       256,         1,         0,   0.024,pymatching,54681fd9daa4f610d2e921cb03d89e5c364dacb0ad051a6757222f9135ba02f9,"{""circuit"":""surface_code:rotated_memory_x"",""cluster_node_limit"":null,""d"":15,""decoder"":""pymatching"",""decoder_type"":null,""p"":0.006,""p_erase"":0.0,""r"":15,""run_id"":""3bb9c20fd39117472bc6ed49fc6c7e77f29394bd20f5ed21128d733db754bd97""}",
      1024,         3,         0,   0.063,pymatching,0b8fb658dfdcf73d4d73c2c2bc2e7b2f477635a2793bb94000b88a3ba106f778,"{""circuit"":""surface_code:rotated_memory_x"",""cluster_node_limit"":null,""d"":15,""decoder"":""pymatching"",""decoder_type"":null,""p"":0.005,""p_erase"":0.0,""r"":15,""run_id"":""b82c81b00653814c5f01f0abd96a7fa80d2e15a689063ac9aa37ddbd6db30f42""}",
     25600,      1075,         0,    1.15,pymatching,17c55b07aaac0686af75611a11c19622d5c0142cfbbf0b94bc9d63a78cdccc48,"{""circuit"":""surface_code:rotated_memory_x"",""cluster_node_limit"":null,""d"":11,""decoder"":""pymatching"",""decoder_type"":null,""p"":0.008,""p_erase"":0.0,""r"":11,""run_id"":""d5d5e47f2ba9e5014fdddb6643afd1169e73d1ac38cd4c789e3de609de918323""}",
      1024,       198,         0,   0.152,pymatching,2eb57dffc4ce8d48e970231a09a05a380e14b3d05f56fcca95cdd74a3769e80e,"{""circuit"":""surface_code:rotated_memory_x"",""cluster_node_limit"":null,""d"":13,""decoder"":""pymatching"",""decoder_type"":null,""p"":0.011,""p_erase"":0.0,""r"":13,""run_id"":""eec0677604e7f50e9b3a394dc54e0e21ea97fededc4d77884ac80165348b5d06""}",
      1024,         0,         0,   0.061,pymatching,0b8fb658dfdcf73d4d73c2c2bc2e7b2f477635a2793bb94000b88a3ba106f778,"{""circuit"":""surface_code:rotated_memory_x"",""cluster_node_limit"":null,""d"":15,""decoder"":""pymatching"",""decoder_type"":null,""p"":0.005,""p_erase"":0.0,""r"":15,""run_id"":""b82c81b00653814c5f01f0abd96a7fa80d2e15a689063ac9aa37ddbd6db30f42""}",
      2048,         0,         0,   0.091,pymatching,b292548e50ad1b2b02734525ad7161907ca6a92cb4466fafe43805856a7a2a6e,"{""circuit"":""surface_code:rotated_memory_x"",""cluster_node_limit"":null,""d"":15,""decoder"":""pymatching"",""decoder_type"":null,""p"":0.004,""p_erase"":0.0,""r"":15,""run_id"":""e638d7a83939cc8b55abe5ce247b619ef0aa8afd616d0a48039a5706b5528300""}",
      1024,         7,         0,   0.089,pymatching,54681fd9daa4f610d2e921cb03d89e5c364dacb0ad051a6757222f9135ba02f9,"{""circuit"":""surface_code:rotated_memory_x"",""cluster_node_limit"":null,""d"":15,""decoder"":""pymatching"",""decoder_type"":null,""p"":0.006,""p_erase"":0.0,""r"":15,""run_id"":""3bb9c20fd39117472bc6ed49fc6c7e77f29394bd20f5ed21128d733db754bd97""}",
      2048,       226,         0,   0.236,pymatching,d69f11d46d3a628f06716ae692b786eb0edcbe1e368c1f96227c123dadc07156,"{""circuit"":""surface_code:rotated_memory_x"",""cluster_node_limit"":null,""d"":13,""decoder"":""pymatching"",""decoder_type"":null,""p"":0.01,""p_erase"":0.0,""r"":13,""run_id"":""9f289422d43fc6755876d76b8e6beb45cecaa1878869c90586d01a8fd9469aeb""}",
      1024,         1,         0,   0.062,pymatching,0b8fb658dfdcf73d4d73c2c2bc2e7b2f477635a2793bb94000b88a3ba106f778,"{""circuit"":""surface_code:rotated_memory_x"",""cluster_node_limit"":null,""d"":15,""decoder"":""pymatching"",""decoder_type"":null,""p"":0.005,""p_erase"":0.0,""r"":15,""run_id"":""b82c81b00653814c5f01f0abd96a7fa80d2e15a689063ac9aa37ddbd6db30f42""}",
      3072,       239,         0,   0.300,pymatching,38e54bcdc2c464d08b1443283a7f41b02d61a28c35e78bb7ca50e7d4bf63b17d,"{""circuit"":""surface_code:rotated_memory_x"",""cluster_node_limit"":null,""d"":13,""decoder"":""pymatching"",""decoder_type"":null,""p"":0.009,""p_erase"":0.0,""r"":13,""run_id"":""15aa03545769ba7c3bdc7f1f0f10d61e22b61b5578e025dea57950e04aea7aa7""}",
      1024,         6,         0,   0.081,pymatching,54681fd9daa4f610d2e921cb03d89e5c364dacb0ad051a6757222f9135ba02f9,"{""circuit"":""surface_code:rotated_memory_x"",""cluster_node_limit"":null,""d"":15,""decoder"":""pymatching"",""decoder_type"":null,""p"":0.006,""p_erase"":0.0,""r"":15,""run_id"":""3bb9c20fd39117472bc6ed49fc6c7e77f29394bd20f5ed21128d733db754bd97""}",
      2048,         1,         0,   0.093,pymatching,b292548e50ad1b2b02734525ad7161907ca6a92cb4466fafe43805856a7a2a6e,"{""circuit"":""surface_code:rotated_memory_x"",""cluster_node_limit"":null,""d"":15,""decoder"":""pymatching"",""decoder_type"":null,""p"":0.004,""p_erase"":0.0,""r"":15,""run_id"":""e638d7a83939cc8b55abe5ce247b619ef0aa8afd616d0a48039a5706b5528300""}",
      1024,       204,         0,   0.143,pymatching,2eb57dffc4ce8d48e970231a09a05a380e14b3d05f56fcca95cdd74a3769e80e,"{""circuit"":""surface_code:rotated_memory_x"",""cluster_node_limit"":null,""d"":13,""decoder"":""pymatching"",""decoder_type"":null,""p"":0.011,""p_erase"":0.0,""r"":13,""run_id"":""eec0677604e7f50e9b3a394dc54e0e21ea97fededc4d77884ac80165348b5d06""}",
      1024,         0,         0,   0.061,pymatching,0b8fb658dfdcf73d4d73c2c2bc2e7b2f477635a2793bb94000b88a3ba106f778,"{""circuit"":""surface_code:rotated_memory_x"",""cluster_node_limit"":null,""d"":15,""decoder"":""pymatching"",""decoder_type"":null,""p"":0.005,""p_erase"":0.0,""r"":15,""run_id"":""b82c81b00653814c5f01f0abd96a7fa80d2e15a689063ac9aa37ddbd6db30f42""}",
      1024,         6,         0,   0.084,pymatching,54681fd9daa4f610d2e921cb03d89e5c364dacb0ad051a6757222f9135ba02f9,"{""circuit"":""surface_code:rotated_memory_x"",""cluster_node_limit"":null,""d"":15,""decoder"":""pymatching"",""decoder_type"":null,""p"":0.006,""p_erase"":0.0,""r"":15,""run_id"":""3bb9c20fd39117472bc6ed49fc6c7e77f29394bd20f5ed21128d733db754bd97""}",
      5519,       200,         0,   0.242,pymatching,17c55b07aaac0686af75611a11c19622d5c0142cfbbf0b94bc9d63a78cdccc48,"{""circuit"":""surface_code:rotated_memory_x"",""cluster_node_limit"":null,""d"":11,""decoder"":""pymatching"",""decoder_type"":null,""p"":0.008,""p_erase"":0.0,""r"":11,""run_id"":""d5d5e47f2ba9e5014fdddb6643afd1169e73d1ac38cd4c789e3de609de918323""}",
     20480,         0,         0,   0.300,pymatching,9a1c092a25a47ecf8dce2458977bbf00529bb6e39c1f21628403d319d4a3233d,"{""circuit"":""surface_code:rotated_memory_x"",""cluster_node_limit"":null,""d"":15,""decoder"":""pymatching"",""decoder_type"":null,""p"":0.001,""p_erase"":0.0,""r"":15,""run_id"":""6154d4ba595788dd970c1077f1c220d4b150b9311b973d5e18032ddfc248aba8""}",
      3072,         2,         0,   0.139,pymatching,b292548e50ad1b2b02734525ad7161907ca6a92cb4466fafe43805856a7a2a6e,"{""circuit"":""surface_code:rotated_memory_x"",""cluster_node_limit"":null,""d"":15,""decoder"":""pymatching"",""decoder_type"":null,""p"":0.004,""p_erase"":0.0,""r"":15,""run_id"":""e638d7a83939cc8b55abe5ce247b619ef0aa8afd616d0a48039a5706b5528300""}",
      2048,         2,         0,   0.127,pymatching,0b8fb658dfdcf73d4d73c2c2bc2e7b2f477635a2793bb94000b88a3ba106f778,"{""circuit"":""surface_code:rotated_memory_x"",""cluster_node_limit"":null,""d"":15,""decoder"":""pymatching"",""decoder_type"":null,""p"":0.005,""p_erase"":0.0,""r"":15,""run_id"":""b82c81b00653814c5f01f0abd96a7fa80d2e15a689063ac9aa37ddbd6db30f42""}",
      1024,         6,         0,   0.080,pymatching,54681fd9daa4f610d2e921cb03d89e5c364dacb0ad051a6757222f9135ba02f9,"{""circuit"":""surface_code:rotated_memory_x"",""cluster_node_limit"":null,""d"":15,""decoder"":""pymatching"",""decoder_type"":null,""p"":0.006,""p_erase"":0.0,""r"":15,""run_id"":""3bb9c20fd39117472bc6ed49fc6c7e77f29394bd20f5ed21128d733db754bd97""}",
        17,         0,         0,   0.012,pymatching,ef2998b438e2467c319370437fc9f136ab22f9acd114ce962975df117877187b,"{""circuit"":""surface_code:rotated_memory_x"",""cluster_node_limit"":null,""d"":15,""decoder"":""pymatching"",""decoder_type"":null,""p"":0.0065,""p_erase"":0.0,""r"":15,""run_id"":""3f2dbb3e06d4466c4dd8dc1d8fcff43d8bfd50c2b8e8bfe20ca709eec59e6ba5""}",
       256,         2,         0,   0.025,pymatching,ef2998b438e2467c319370437fc9f136ab22f9acd114ce962975df117877187b,"{""circuit"":""surface_code:rotated_memory_x"",""cluster_node_limit"":null,""d"":15,""decoder"":""pymatching"",""decoder_type"":null,""p"":0.0065,""p_erase"":0.0,""r"":15,""run_id"":""3f2dbb3e06d4466c4dd8dc1d8fcff43d8bfd50c2b8e8bfe20ca709eec59e6ba5""}",
      1024,         7,         0,   0.086,pymatching,54681fd9daa4f610d2e921cb03d89e5c364dacb0ad051a6757222f9135ba02f9,"{""circuit"":""surface_code:rotated_memory_x"",""cluster_node_limit"":null,""d"":15,""decoder"":""pymatching"",""decoder_type"":null,""p"":0.006,""p_erase"":0.0,""r"":15,""run_id"":""3bb9c20fd39117472bc6ed49fc6c7e77f29394bd20f5ed21128d733db754bd97""}",
      2048,         2,         0,   0.130,pymatching,0b8fb658dfdcf73d4d73c2c2bc2e7b2f477635a2793bb94000b88a3ba106f778,"{""circuit"":""surface_code:rotated_memory_x"",""cluster_node_limit"":null,""d"":15,""decoder"":""pymatching"",""decoder_type"":null,""p"":0.005,""p_erase"":0.0,""r"":15,""run_id"":""b82c81b00653814c5f01f0abd96a7fa80d2e15a689063ac9aa37ddbd6db30f42""}",
      3072,       386,         0,   0.366,pymatching,d69f11d46d3a628f06716ae692b786eb0edcbe1e368c1f96227c123dadc07156,"{""circuit"":""surface_code:rotated_memory_x"",""cluster_node_limit"":null,""d"":13,""decoder"":""pymatching"",""decoder_type"":null,""p"":0.01,""p_erase"":0.0,""r"":13,""run_id"":""9f289422d43fc6755876d76b8e6beb45cecaa1878869c90586d01a8fd9469aeb""}",
      3072,         0,         0,   0.148,pymatching,b292548e50ad1b2b02734525ad7161907ca6a92cb4466fafe43805856a7a2a6e,"{""circuit"":""surface_code:rotated_memory_x"",""cluster_node_limit"":null,""d"":15,""decoder"":""pymatching"",""decoder_type"":null,""p"":0.004,""p_erase"":0.0,""r"":15,""run_id"":""e638d7a83939cc8b55abe5ce247b619ef0aa8afd616d0a48039a5706b5528300""}",
      2048,       378,         0,   0.287,pymatching,2eb57dffc4ce8d48e970231a09a05a380e14b3d05f56fcca95cdd74a3769e80e,"{""circuit"":""surface_code:rotated_memory_x"",""cluster_node_limit"":null,""d"":13,""decoder"":""pymatching"",""decoder_type"":null,""p"":0.011,""p_erase"":0.0,""r"":13,""run_id"":""eec0677604e7f50e9b3a394dc54e0e21ea97fededc4d77884ac80165348b5d06""}",
      1024,        13,         0,   0.097,pymatching,ef2998b438e2467c319370437fc9f136ab22f9acd114ce962975df117877187b,"{""circuit"":""surface_code:rotated_memory_x"",""cluster_node_limit"":null,""d"":15,""decoder"":""pymatching"",""decoder_type"":null,""p"":0.0065,""p_erase"":0.0,""r"":15,""run_id"":""3f2dbb3e06d4466c4dd8dc1d8fcff43d8bfd50c2b8e8bfe20ca709eec59e6ba5""}",
      7168,       327,         0,   0.575,pymatching,227d6539726b8549dc3d06ab6ecd36140fa33688bd2038f94942eb97f2681f7c,"{""circuit"":""surface_code:rotated_memory_x"",""cluster_node_limit"":null,""d"":13,""decoder"":""pymatching"",""decoder_type"":null,""p"":0.008,""p_erase"":0.0,""r"":13,""run_id"":""0f07f06e92e807986e1aae638cac79f956202fd59e9fc13e7220f42fab9dfc68""}",
      4096,       296,         0,   0.408,pymatching,38e54bcdc2c464d08b1443283a7f41b02d61a28c35e78bb7ca50e7d4bf63b17d,"{""circuit"":""surface_code:rotated_memory_x"",""cluster_node_limit"":null,""d"":13,""decoder"":""pymatching"",""decoder_type"":null,""p"":0.009,""p_erase"":0.0,""r"":13,""run_id"":""15aa03545769ba7c3bdc7f1f0f10d61e22b61b5578e025dea57950e04aea7aa7""}",
      2048,        13,         0,   0.165,pymatching,54681fd9daa4f610d2e921cb03d89e5c364dacb0ad051a6757222f9135ba02f9,"{""circuit"":""surface_code:rotated_memory_x"",""cluster_node_limit"":null,""d"":15,""decoder"":""pymatching"",""decoder_type"":null,""p"":0.006,""p_erase"":0.0,""r"":15,""run_id"":""3bb9c20fd39117472bc6ed49fc6c7e77f29394bd20f5ed21128d733db754bd97""}",
      1024,        13,         0,   0.102,pymatching,ef2998b438e2467c319370437fc9f136ab22f9acd114ce962975df117877187b,"{""circuit"":""surface_code:rotated_memory_x"",""cluster_node_limit"":null,""d"":15,""decoder"":""pymatching"",""decoder_type"":null,""p"":0.0065,""p_erase"":0.0,""r"":15,""run_id"":""3f2dbb3e06d4466c4dd8dc1d8fcff43d8bfd50c2b8e8bfe20ca709eec59e6ba5""}",
      3072,         5,         0,   0.185,pymatching,0b8fb658dfdcf73d4d73c2c2bc2e7b2f477635a2793bb94000b88a3ba106f778,"{""circuit"":""surface_code:rotated_memory_x"",""cluster_node_limit"":null,""d"":15,""decoder"":""pymatching"",""decoder_type"":null,""p"":0.005,""p_erase"":0.0,""r"":15,""run_id"":""b82c81b00653814c5f01f0abd96a7fa80d2e15a689063ac9aa37ddbd6db30f42""}",
      5120,         0,         0,   0.234,pymatching,b292548e50ad1b2b02734525ad7161907ca6a92cb4466fafe43805856a7a2a6e,"{""circuit"":""surface_code:rotated_memory_x"",""cluster_node_limit"":null,""d"":15,""decoder"":""pymatching"",""decoder_type"":null,""p"":0.004,""p_erase"":0.0,""r"":15,""run_id"":""e638d7a83939cc8b55abe5ce247b619ef0aa8afd616d0a48039a5706b5528300""}",
     12288,       206,         0,   0.802,pymatching,f64b2c4b0e836610eda394246a0594b3eb830470eade42b650e4e5a9d5d2179a,"{""circuit"":""surface_code:rotated_memory_x"",""cluster_node_limit"":null,""d"":13,""decoder"":""pymatching"",""decoder_type"":null,""p"":0.007,""p_erase"":0.0,""r"":13,""run_id"":""15a24d396bd944285eb34df36fc2a82b3720b70e4a37d4558b4da25f9a7cab7a""}",
     27648,         0,         0,   0.410,pymatching,9a1c092a25a47ecf8dce2458977bbf00529bb6e39c1f21628403d319d4a3233d,"{""circuit"":""surface_code:rotated_memory_x"",""cluster_node_limit"":null,""d"":15,""decoder"":""pymatching"",""decoder_type"":null,""p"":0.001,""p_erase"":0.0,""r"":15,""run_id"":""6154d4ba595788dd970c1077f1c220d4b150b9311b973d5e18032ddfc248aba8""}",
      1024,        10,         0,   0.100,pymatching,ef2998b438e2467c319370437fc9f136ab22f9acd114ce962975df117877187b,"{""circuit"":""surface_code:rotated_memory_x"",""cluster_node_limit"":null,""d"":15,""decoder"":""pymatching"",""decoder_type"":null,""p"":0.0065,""p_erase"":0.0,""r"":15,""run_id"":""3f2dbb3e06d4466c4dd8dc1d8fcff43d8bfd50c2b8e8bfe20ca709eec59e6ba5""}",
      2447,         0,         0,   0.035,pymatching,9a1c092a25a47ecf8dce2458977bbf00529bb6e39c1f21628403d319d4a3233d,"{""circuit"":""surface_code:rotated_memory_x"",""cluster_node_limit"":null,""d"":15,""decoder"":""pymatching"",""decoder_type"":null,""p"":0.001,""p_erase"":0.0,""r"":15,""run_id"":""6154d4ba595788dd970c1077f1c220d4b150b9311b973d5e18032ddfc248aba8""}",
      2048,        10,         0,   0.162,pymatching,54681fd9daa4f610d2e921cb03d89e5c364dacb0ad051a6757222f9135ba02f9,"{""circuit"":""surface_code:rotated_memory_x"",""cluster_node_limit"":null,""d"":15,""decoder"":""pymatching"",""decoder_type"":null,""p"":0.006,""p_erase"":0.0,""r"":15,""run_id"":""3bb9c20fd39117472bc6ed49fc6c7e77f29394bd20f5ed21128d733db754bd97""}",
      2048,       376,         0,   0.281,pymatching,2eb57dffc4ce8d48e970231a09a05a380e14b3d05f56fcca95cdd74a3769e80e,"{""circuit"":""surface_code:rotated_memory_x"",""cluster_node_limit"":null,""d"":13,""decoder"":""pymatching"",""decoder_type"":null,""p"":0.011,""p_erase"":0.0,""r"":13,""run_id"":""eec0677604e7f50e9b3a394dc54e0e21ea97fededc4d77884ac80165348b5d06""}",
     11264,       329,         0,   0.822,pymatching,2330c13f8d0ffcbe233b5d3dd31f44fe6179438b6424e0e381c81c0db518cb50,"{""circuit"":""surface_code:rotated_memory_x"",""cluster_node_limit"":null,""d"":13,""decoder"":""pymatching"",""decoder_type"":null,""p"":0.0075,""p_erase"":0.0,""r"":13,""run_id"":""8d9ba5c45e036367dbb56f6f75ef6b66d2c867a90246a0534f98bfc152f61347""}",
     23951,        59,         0,   0.936,pymatching,2ab2bafc917c15d984596e9394a6b41eb125727d0e3104dfd9f73b5861df462c,"{""circuit"":""surface_code:rotated_memory_x"",""cluster_node_limit"":null,""d"":13,""decoder"":""pymatching"",""decoder_type"":null,""p"":0.005,""p_erase"":0.0,""r"":13,""run_id"":""ba6ec0201ae5f2b5835a3c0847619ccc327503254d9c86b39cc4e0dd110fee2e""}",
      1024,        10,         0,   0.091,pymatching,ef2998b438e2467c319370437fc9f136ab22f9acd114ce962975df117877187b,"{""circuit"":""surface_code:rotated_memory_x"",""cluster_node_limit"":null,""d"":15,""decoder"":""pymatching"",""decoder_type"":null,""p"":0.0065,""p_erase"":0.0,""r"":15,""run_id"":""3f2dbb3e06d4466c4dd8dc1d8fcff43d8bfd50c2b8e8bfe20ca709eec59e6ba5""}",
        17,         0,         0,   0.013,pymatching,4bfc6ec261a2834df970db0950828896e2487f653581b8486e91f10e95d038fa,"{""circuit"":""surface_code:rotated_memory_x"",""cluster_node_limit"":null,""d"":15,""decoder"":""pymatching"",""decoder_type"":null,""p"":0.007,""p_erase"":0.0,""r"":15,""run_id"":""d1ccf9ea1c9e07a005fccca81fb1bbf260f70d1b202228a3f41578efc77eb8c3""}",
      4096,         6,         0,   0.247,pymatching,0b8fb658dfdcf73d4d73c2c2bc2e7b2f477635a2793bb94000b88a3ba106f778,"{""circuit"":""surface_code:rotated_memory_x"",""cluster_node_limit"":null,""d"":15,""decoder"":""pymatching"",""decoder_type"":null,""p"":0.005,""p_erase"":0.0,""r"":15,""run_id"":""b82c81b00653814c5f01f0abd96a7fa80d2e15a689063ac9aa37ddbd6db30f42""}",
       256,         4,         0,   0.028,pymatching,4bfc6ec261a2834df970db0950828896e2487f653581b8486e91f10e95d038fa,"{""circuit"":""surface_code:rotated_memory_x"",""cluster_node_limit"":null,""d"":15,""decoder"":""pymatching"",""decoder_type"":null,""p"":0.007,""p_erase"":0.0,""r"":15,""run_id"":""d1ccf9ea1c9e07a005fccca81fb1bbf260f70d1b202228a3f41578efc77eb8c3""}",
      1024,        12,         0,   0.091,pymatching,ef2998b438e2467c319370437fc9f136ab22f9acd114ce962975df117877187b,"{""circuit"":""surface_code:rotated_memory_x"",""cluster_node_limit"":null,""d"":15,""decoder"":""pymatching"",""decoder_type"":null,""p"":0.0065,""p_erase"":0.0,""r"":15,""run_id"":""3f2dbb3e06d4466c4dd8dc1d8fcff43d8bfd50c2b8e8bfe20ca709eec59e6ba5""}",
      4096,       540,         0,   0.482,pymatching,d69f11d46d3a628f06716ae692b786eb0edcbe1e368c1f96227c123dadc07156,"{""circuit"":""surface_code:rotated_memory_x"",""cluster_node_limit"":null,""d"":13,""decoder"":""pymatching"",""decoder_type"":null,""p"":0.01,""p_erase"":0.0,""r"":13,""run_id"":""9f289422d43fc6755876d76b8e6beb45cecaa1878869c90586d01a8fd9469aeb""}",
       273,         5,         0,   0.047,pymatching,9feae9fa135770a18da2a11b39f91eae04f54184b525b84cc012c69a8e6f307f,"{""circuit"":""surface_code:rotated_memory_x"",""cluster_node_limit"":null,""d"":15,""decoder"":""pymatching"",""decoder_type"":null,""p"":0.0075,""p_erase"":0.0,""r"":15,""run_id"":""dc3660b314dc3ca7d4deac86cd94713bc5015e24a39ced86b89872ee1215c09b""}",
      1024,        24,         0,   0.103,pymatching,4bfc6ec261a2834df970db0950828896e2487f653581b8486e91f10e95d038fa,"{""circuit"":""surface_code:rotated_memory_x"",""cluster_node_limit"":null,""d"":15,""decoder"":""pymatching"",""decoder_type"":null,""p"":0.007,""p_erase"":0.0,""r"":15,""run_id"":""d1ccf9ea1c9e07a005fccca81fb1bbf260f70d1b202228a3f41578efc77eb8c3""}",
      3072,        16,         0,   0.265,pymatching,54681fd9daa4f610d2e921cb03d89e5c364dacb0ad051a6757222f9135ba02f9,"{""circuit"":""surface_code:rotated_memory_x"",""cluster_node_limit"":null,""d"":15,""decoder"":""pymatching"",""decoder_type"":null,""p"":0.006,""p_erase"":0.0,""r"":15,""run_id"":""3bb9c20fd39117472bc6ed49fc6c7e77f29394bd20f5ed21128d733db754bd97""}",
      7168,         2,         0,   0.319,pymatching,b292548e50ad1b2b02734525ad7161907ca6a92cb4466fafe43805856a7a2a6e,"{""circuit"":""surface_code:rotated_memory_x"",""cluster_node_limit"":null,""d"":15,""decoder"":""pymatching"",""decoder_type"":null,""p"":0.004,""p_erase"":0.0,""r"":15,""run_id"":""e638d7a83939cc8b55abe5ce247b619ef0aa8afd616d0a48039a5706b5528300""}",
      1024,        22,         0,   0.118,pymatching,9feae9fa135770a18da2a11b39f91eae04f54184b525b84cc012c69a8e6f307f,"{""circuit"":""surface_code:rotated_memory_x"",""cluster_node_limit"":null,""d"":15,""decoder"":""pymatching"",""decoder_type"":null,""p"":0.0075,""p_erase"":0.0,""r"":15,""run_id"":""dc3660b314dc3ca7d4deac86cd94713bc5015e24a39ced86b89872ee1215c09b""}",
      2048,        21,         0,   0.192,pymatching,ef2998b438e2467c319370437fc9f136ab22f9acd114ce962975df117877187b,"{""circuit"":""surface_code:rotated_memory_x"",""cluster_node_limit"":null,""d"":15,""decoder"":""pymatching"",""decoder_type"":null,""p"":0.0065,""p_erase"":0.0,""r"":15,""run_id"":""3f2dbb3e06d4466c4dd8dc1d8fcff43d8bfd50c2b8e8bfe20ca709eec59e6ba5""}",
     22528,       158,         0,    1.15,pymatching,8fede81d9a03285bce79fdcf77a025e530b05fc5d3cce29cc543a016173dad8c,"{""circuit"":""surface_code:rotated_memory_x"",""cluster_node_limit"":null,""d"":13,""decoder"":""pymatching"",""decoder_type"":null,""p"":0.006,""p_erase"":0.0,""r"":13,""run_id"":""e65c8f5eef81162d415860ae3216708d349da279871dd51f17fb9895565169a7""}",
      1024,        12,         0,   0.111,pymatching,4bfc6ec261a2834df970db0950828896e2487f653581b8486e91f10e95d038fa,"{""circuit"":""surface_code:rotated_memory_x"",""cluster_node_limit"":null,""d"":15,""decoder"":""pymatching"",""decoder_type"":null,""p"":0.007,""p_erase"":0.0,""r"":15,""run_id"":""d1ccf9ea1c9e07a005fccca81fb1bbf260f70d1b202228a3f41578efc77eb8c3""}",
     19456,       210,         0,    1.12,pymatching,4273ecf73c78e79e6e939e733d93b9c670b553e48c9b8021e99a8c186415ec06,"{""circuit"":""surface_code:rotated_memory_x"",""cluster_node_limit"":null,""d"":13,""decoder"":""pymatching"",""decoder_type"":null,""p"":0.0065,""p_erase"":0.0,""r"":13,""run_id"":""e1a84c4d4ccbb85aade118efe53fba3e34792629f1ee15d7141f8a571f2e5d04""}",
      6144,       463,         0,   0.601,pymatching,38e54bcdc2c464d08b1443283a7f41b02d61a28c35e78bb7ca50e7d4bf63b17d,"{""circuit"":""surface_code:rotated_memory_x"",""cluster_node_limit"":null,""d"":13,""decoder"":""pymatching"",""decoder_type"":null,""p"":0.009,""p_erase"":0.0,""r"":13,""run_id"":""15aa03545769ba7c3bdc7f1f0f10d61e22b61b5578e025dea57950e04aea7aa7""}",
      3072,       539,         0,   0.423,pymatching,2eb57dffc4ce8d48e970231a09a05a380e14b3d05f56fcca95cdd74a3769e80e,"{""circuit"":""surface_code:rotated_memory_x"",""cluster_node_limit"":null,""d"":13,""decoder"":""pymatching"",""decoder_type"":null,""p"":0.011,""p_erase"":0.0,""r"":13,""run_id"":""eec0677604e7f50e9b3a394dc54e0e21ea97fededc4d77884ac80165348b5d06""}",
      1024,        21,         0,   0.122,pymatching,9feae9fa135770a18da2a11b39f91eae04f54184b525b84cc012c69a8e6f307f,"{""circuit"":""surface_code:rotated_memory_x"",""cluster_node_limit"":null,""d"":15,""decoder"":""pymatching"",""decoder_type"":null,""p"":0.0075,""p_erase"":0.0,""r"":15,""run_id"":""dc3660b314dc3ca7d4deac86cd94713bc5015e24a39ced86b89872ee1215c09b""}",
      5120,         8,         0,   0.313,pymatching,0b8fb658dfdcf73d4d73c2c2bc2e7b2f477635a2793bb94000b88a3ba106f778,"{""circuit"":""surface_code:rotated_memory_x"",""cluster_node_limit"":null,""d"":15,""decoder"":""pymatching"",""decoder_type"":null,""p"":0.005,""p_erase"":0.0,""r"":15,""run_id"":""b82c81b00653814c5f01f0abd96a7fa80d2e15a689063ac9aa37ddbd6db30f42""}",
      1024,        15,         0,   0.112,pymatching,4bfc6ec261a2834df970db0950828896e2487f653581b8486e91f10e95d038fa,"{""circuit"":""surface_code:rotated_memory_x"",""cluster_node_limit"":null,""d"":15,""decoder"":""pymatching"",""decoder_type"":null,""p"":0.007,""p_erase"":0.0,""r"":15,""run_id"":""d1ccf9ea1c9e07a005fccca81fb1bbf260f70d1b202228a3f41578efc77eb8c3""}",
      2048,        19,         0,   0.197,pymatching,ef2998b438e2467c319370437fc9f136ab22f9acd114ce962975df117877187b,"{""circuit"":""surface_code:rotated_memory_x"",""cluster_node_limit"":null,""d"":15,""decoder"":""pymatching"",""decoder_type"":null,""p"":0.0065,""p_erase"":0.0,""r"":15,""run_id"":""3f2dbb3e06d4466c4dd8dc1d8fcff43d8bfd50c2b8e8bfe20ca709eec59e6ba5""}",
      1024,        17,         0,   0.111,pymatching,4bfc6ec261a2834df970db0950828896e2487f653581b8486e91f10e95d038fa,"{""circuit"":""surface_code:rotated_memory_x"",""cluster_node_limit"":null,""d"":15,""decoder"":""pymatching"",""decoder_type"":null,""p"":0.007,""p_erase"":0.0,""r"":15,""run_id"":""d1ccf9ea1c9e07a005fccca81fb1bbf260f70d1b202228a3f41578efc77eb8c3""}",
      1024,        30,         0,   0.129,pymatching,9feae9fa135770a18da2a11b39f91eae04f54184b525b84cc012c69a8e6f307f,"{""circuit"":""surface_code:rotated_memory_x"",""cluster_node_limit"":null,""d"":15,""decoder"":""pymatching"",""decoder_type"":null,""p"":0.0075,""p_erase"":0.0,""r"":15,""run_id"":""dc3660b314dc3ca7d4deac86cd94713bc5015e24a39ced86b89872ee1215c09b""}",
      4096,        25,         0,   0.344,pymatching,54681fd9daa4f610d2e921cb03d89e5c364dacb0ad051a6757222f9135ba02f9,"{""circuit"":""surface_code:rotated_memory_x"",""cluster_node_limit"":null,""d"":15,""decoder"":""pymatching"",""decoder_type"":null,""p"":0.006,""p_erase"":0.0,""r"":15,""run_id"":""3bb9c20fd39117472bc6ed49fc6c7e77f29394bd20f5ed21128d733db754bd97""}",
     10240,       419,         0,   0.847,pymatching,227d6539726b8549dc3d06ab6ecd36140fa33688bd2038f94942eb97f2681f7c,"{""circuit"":""surface_code:rotated_memory_x"",""cluster_node_limit"":null,""d"":13,""decoder"":""pymatching"",""decoder_type"":null,""p"":0.008,""p_erase"":0.0,""r"":13,""run_id"":""0f07f06e92e807986e1aae638cac79f956202fd59e9fc13e7220f42fab9dfc68""}",
      1024,        22,         0,   0.107,pymatching,4bfc6ec261a2834df970db0950828896e2487f653581b8486e91f10e95d038fa,"{""circuit"":""surface_code:rotated_memory_x"",""cluster_node_limit"":null,""d"":15,""decoder"":""pymatching"",""decoder_type"":null,""p"":0.007,""p_erase"":0.0,""r"":15,""run_id"":""d1ccf9ea1c9e07a005fccca81fb1bbf260f70d1b202228a3f41578efc77eb8c3""}",
      1024,        24,         0,   0.132,pymatching,9feae9fa135770a18da2a11b39f91eae04f54184b525b84cc012c69a8e6f307f,"{""circuit"":""surface_code:rotated_memory_x"",""cluster_node_limit"":null,""d"":15,""decoder"":""pymatching"",""decoder_type"":null,""p"":0.0075,""p_erase"":0.0,""r"":15,""run_id"":""dc3660b314dc3ca7d4deac86cd94713bc5015e24a39ced86b89872ee1215c09b""}",
      9216,         1,         0,   0.446,pymatching,b292548e50ad1b2b02734525ad7161907ca6a92cb4466fafe43805856a7a2a6e,"{""circuit"":""surface_code:rotated_memory_x"",""cluster_node_limit"":null,""d"":15,""decoder"":""pymatching"",""decoder_type"":null,""p"":0.004,""p_erase"":0.0,""r"":15,""run_id"":""e638d7a83939cc8b55abe5ce247b619ef0aa8afd616d0a48039a5706b5528300""}",
      2048,        19,         0,   0.208,pymatching,ef2998b438e2467c319370437fc9f136ab22f9acd114ce962975df117877187b,"{""circuit"":""surface_code:rotated_memory_x"",""cluster_node_limit"":null,""d"":15,""decoder"":""pymatching"",""decoder_type"":null,""p"":0.0065,""p_erase"":0.0,""r"":15,""run_id"":""3f2dbb3e06d4466c4dd8dc1d8fcff43d8bfd50c2b8e8bfe20ca709eec59e6ba5""}",
      1024,        16,         0,   0.112,pymatching,4bfc6ec261a2834df970db0950828896e2487f653581b8486e91f10e95d038fa,"{""circuit"":""surface_code:rotated_memory_x"",""cluster_node_limit"":null,""d"":15,""decoder"":""pymatching"",""decoder_type"":null,""p"":0.007,""p_erase"":0.0,""r"":15,""run_id"":""d1ccf9ea1c9e07a005fccca81fb1bbf260f70d1b202228a3f41578efc77eb8c3""}",
      5120,       640,         0,   0.609,pymatching,d69f11d46d3a628f06716ae692b786eb0edcbe1e368c1f96227c123dadc07156,"{""circuit"":""surface_code:rotated_memory_x"",""cluster_node_limit"":null,""d"":13,""decoder"":""pymatching"",""decoder_type"":null,""p"":0.01,""p_erase"":0.0,""r"":13,""run_id"":""9f289422d43fc6755876d76b8e6beb45cecaa1878869c90586d01a8fd9469aeb""}",
      1024,        30,         0,   0.117,pymatching,9feae9fa135770a18da2a11b39f91eae04f54184b525b84cc012c69a8e6f307f,"{""circuit"":""surface_code:rotated_memory_x"",""cluster_node_limit"":null,""d"":15,""decoder"":""pymatching"",""decoder_type"":null,""p"":0.0075,""p_erase"":0.0,""r"":15,""run_id"":""dc3660b314dc3ca7d4deac86cd94713bc5015e24a39ced86b89872ee1215c09b""}",
      3072,       558,         0,   0.410,pymatching,2eb57dffc4ce8d48e970231a09a05a380e14b3d05f56fcca95cdd74a3769e80e,"{""circuit"":""surface_code:rotated_memory_x"",""cluster_node_limit"":null,""d"":13,""decoder"":""pymatching"",""decoder_type"":null,""p"":0.011,""p_erase"":0.0,""r"":13,""run_id"":""eec0677604e7f50e9b3a394dc54e0e21ea97fededc4d77884ac80165348b5d06""}",
      7168,        12,         0,   0.442,pymatching,0b8fb658dfdcf73d4d73c2c2bc2e7b2f477635a2793bb94000b88a3ba106f778,"{""circuit"":""surface_code:rotated_memory_x"",""cluster_node_limit"":null,""d"":15,""decoder"":""pymatching"",""decoder_type"":null,""p"":0.005,""p_erase"":0.0,""r"":15,""run_id"":""b82c81b00653814c5f01f0abd96a7fa80d2e15a689063ac9aa37ddbd6db30f42""}",
      1024,        25,         0,   0.121,pymatching,9feae9fa135770a18da2a11b39f91eae04f54184b525b84cc012c69a8e6f307f,"{""circuit"":""surface_code:rotated_memory_x"",""cluster_node_limit"":null,""d"":15,""decoder"":""pymatching"",""decoder_type"":null,""p"":0.0075,""p_erase"":0.0,""r"":15,""run_id"":""dc3660b314dc3ca7d4deac86cd94713bc5015e24a39ced86b89872ee1215c09b""}",
      2048,        25,         0,   0.228,pymatching,4bfc6ec261a2834df970db0950828896e2487f653581b8486e91f10e95d038fa,"{""circuit"":""surface_code:rotated_memory_x"",""cluster_node_limit"":null,""d"":15,""decoder"":""pymatching"",""decoder_type"":null,""p"":0.007,""p_erase"":0.0,""r"":15,""run_id"":""d1ccf9ea1c9e07a005fccca81fb1bbf260f70d1b202228a3f41578efc77eb8c3""}",
      5120,        26,         0,   0.428,pymatching,54681fd9daa4f610d2e921cb03d89e5c364dacb0ad051a6757222f9135ba02f9,"{""circuit"":""surface_code:rotated_memory_x"",""cluster_node_limit"":null,""d"":15,""decoder"":""pymatching"",""decoder_type"":null,""p"":0.006,""p_erase"":0.0,""r"":15,""run_id"":""3bb9c20fd39117472bc6ed49fc6c7e77f29394bd20f5ed21128d733db754bd97""}",
      1024,        32,         0,   0.120,pymatching,9feae9fa135770a18da2a11b39f91eae04f54184b525b84cc012c69a8e6f307f,"{""circuit"":""surface_code:rotated_memory_x"",""cluster_node_limit"":null,""d"":15,""decoder"":""pymatching"",""decoder_type"":null,""p"":0.0075,""p_erase"":0.0,""r"":15,""run_id"":""dc3660b314dc3ca7d4deac86cd94713bc5015e24a39ced86b89872ee1215c09b""}",
     17408,       315,         0,    1.14,pymatching,f64b2c4b0e836610eda394246a0594b3eb830470eade42b650e4e5a9d5d2179a,"{""circuit"":""surface_code:rotated_memory_x"",""cluster_node_limit"":null,""d"":13,""decoder"":""pymatching"",""decoder_type"":null,""p"":0.007,""p_erase"":0.0,""r"":13,""run_id"":""15a24d396bd944285eb34df36fc2a82b3720b70e4a37d4558b4da25f9a7cab7a""}",
      4096,        43,         0,   0.385,pymatching,ef2998b438e2467c319370437fc9f136ab22f9acd114ce962975df117877187b,"{""circuit"":""surface_code:rotated_memory_x"",""cluster_node_limit"":null,""d"":15,""decoder"":""pymatching"",""decoder_type"":null,""p"":0.0065,""p_erase"":0.0,""r"":15,""run_id"":""3f2dbb3e06d4466c4dd8dc1d8fcff43d8bfd50c2b8e8bfe20ca709eec59e6ba5""}",
     15360,       410,         0,    1.15,pymatching,2330c13f8d0ffcbe233b5d3dd31f44fe6179438b6424e0e381c81c0db518cb50,"{""circuit"":""surface_code:rotated_memory_x"",""cluster_node_limit"":null,""d"":13,""decoder"":""pymatching"",""decoder_type"":null,""p"":0.0075,""p_erase"":0.0,""r"":13,""run_id"":""8d9ba5c45e036367dbb56f6f75ef6b66d2c867a90246a0534f98bfc152f61347""}",
      2048,        35,         0,   0.218,pymatching,4bfc6ec261a2834df970db0950828896e2487f653581b8486e91f10e95d038fa,"{""circuit"":""surface_code:rotated_memory_x"",""cluster_node_limit"":null,""d"":15,""decoder"":""pymatching"",""decoder_type"":null,""p"":0.007,""p_erase"":0.0,""r"":15,""run_id"":""d1ccf9ea1c9e07a005fccca81fb1bbf260f70d1b202228a3f41578efc77eb8c3""}",
      8192,       679,         0,   0.828,pymatching,38e54bcdc2c464d08b1443283a7f41b02d61a28c35e78bb7ca50e7d4bf63b17d,"{""circuit"":""surface_code:rotated_memory_x"",""cluster_node_limit"":null,""d"":13,""decoder"":""pymatching"",""decoder_type"":null,""p"":0.009,""p_erase"":0.0,""r"":13,""run_id"":""15aa03545769ba7c3bdc7f1f0f10d61e22b61b5578e025dea57950e04aea7aa7""}",
     17807,       134,         0,   0.924,pymatching,8fede81d9a03285bce79fdcf77a025e530b05fc5d3cce29cc543a016173dad8c,"{""circuit"":""surface_code:rotated_memory_x"",""cluster_node_limit"":null,""d"":13,""decoder"":""pymatching"",""decoder_type"":null,""p"":0.006,""p_erase"":0.0,""r"":13,""run_id"":""e65c8f5eef81162d415860ae3216708d349da279871dd51f17fb9895565169a7""}",
     12288,         2,         0,   0.581,pymatching,b292548e50ad1b2b02734525ad7161907ca6a92cb4466fafe43805856a7a2a6e,"{""circuit"":""surface_code:rotated_memory_x"",""cluster_node_limit"":null,""d"":15,""decoder"":""pymatching"",""decoder_type"":null,""p"":0.004,""p_erase"":0.0,""r"":15,""run_id"":""e638d7a83939cc8b55abe5ce247b619ef0aa8afd616d0a48039a5706b5528300""}",
      2048,        60,         0,   0.240,pymatching,9feae9fa135770a18da2a11b39f91eae04f54184b525b84cc012c69a8e6f307f,"{""circuit"":""surface_code:rotated_memory_x"",""cluster_node_limit"":null,""d"":15,""decoder"":""pymatching"",""decoder_type"":null,""p"":0.0075,""p_erase"":0.0,""r"":15,""run_id"":""dc3660b314dc3ca7d4deac86cd94713bc5015e24a39ced86b89872ee1215c09b""}",
        17,         1,         0,   0.013,pymatching,7821cb8f882bf900ca0d3d1811afa8e1a6daa7d780a4b5cd7a4a617f324660cc,"{""circuit"":""surface_code:rotated_memory_x"",""cluster_node_limit"":null,""d"":15,""decoder"":""pymatching"",""decoder_type"":null,""p"":0.008,""p_erase"":0.0,""r"":15,""run_id"":""e8bb317849b6618317422e72bc792362c94e7f80262ddd927256c9e13cedbdd5""}",
       256,        10,         0,   0.035,pymatching,7821cb8f882bf900ca0d3d1811afa8e1a6daa7d780a4b5cd7a4a617f324660cc,"{""circuit"":""surface_code:rotated_memory_x"",""cluster_node_limit"":null,""d"":15,""decoder"":""pymatching"",""decoder_type"":null,""p"":0.008,""p_erase"":0.0,""r"":15,""run_id"":""e8bb317849b6618317422e72bc792362c94e7f80262ddd927256c9e13cedbdd5""}",
      9216,        13,         0,   0.585,pymatching,0b8fb658dfdcf73d4d73c2c2bc2e7b2f477635a2793bb94000b88a3ba106f778,"{""circuit"":""surface_code:rotated_memory_x"",""cluster_node_limit"":null,""d"":15,""decoder"":""pymatching"",""decoder_type"":null,""p"":0.005,""p_erase"":0.0,""r"":15,""run_id"":""b82c81b00653814c5f01f0abd96a7fa80d2e15a689063ac9aa37ddbd6db30f42""}",
      5120,       957,         0,   0.709,pymatching,2eb57dffc4ce8d48e970231a09a05a380e14b3d05f56fcca95cdd74a3769e80e,"{""circuit"":""surface_code:rotated_memory_x"",""cluster_node_limit"":null,""d"":13,""decoder"":""pymatching"",""decoder_type"":null,""p"":0.011,""p_erase"":0.0,""r"":13,""run_id"":""eec0677604e7f50e9b3a394dc54e0e21ea97fededc4d77884ac80165348b5d06""}",
      1024,        48,         0,   0.142,pymatching,7821cb8f882bf900ca0d3d1811afa8e1a6daa7d780a4b5cd7a4a617f324660cc,"{""circuit"":""surface_code:rotated_memory_x"",""cluster_node_limit"":null,""d"":15,""decoder"":""pymatching"",""decoder_type"":null,""p"":0.008,""p_erase"":0.0,""r"":15,""run_id"":""e8bb317849b6618317422e72bc792362c94e7f80262ddd927256c9e13cedbdd5""}",
      2048,        63,         0,   0.254,pymatching,9feae9fa135770a18da2a11b39f91eae04f54184b525b84cc012c69a8e6f307f,"{""circuit"":""surface_code:rotated_memory_x"",""cluster_node_limit"":null,""d"":15,""decoder"":""pymatching"",""decoder_type"":null,""p"":0.0075,""p_erase"":0.0,""r"":15,""run_id"":""dc3660b314dc3ca7d4deac86cd94713bc5015e24a39ced86b89872ee1215c09b""}",
      3072,        41,         0,   0.328,pymatching,4bfc6ec261a2834df970db0950828896e2487f653581b8486e91f10e95d038fa,"{""circuit"":""surface_code:rotated_memory_x"",""cluster_node_limit"":null,""d"":15,""decoder"":""pymatching"",""decoder_type"":null,""p"":0.007,""p_erase"":0.0,""r"":15,""run_id"":""d1ccf9ea1c9e07a005fccca81fb1bbf260f70d1b202228a3f41578efc77eb8c3""}",
      5120,        39,         0,   0.476,pymatching,ef2998b438e2467c319370437fc9f136ab22f9acd114ce962975df117877187b,"{""circuit"":""surface_code:rotated_memory_x"",""cluster_node_limit"":null,""d"":15,""decoder"":""pymatching"",""decoder_type"":null,""p"":0.0065,""p_erase"":0.0,""r"":15,""run_id"":""3f2dbb3e06d4466c4dd8dc1d8fcff43d8bfd50c2b8e8bfe20ca709eec59e6ba5""}",
      7168,        39,         0,   0.580,pymatching,54681fd9daa4f610d2e921cb03d89e5c364dacb0ad051a6757222f9135ba02f9,"{""circuit"":""surface_code:rotated_memory_x"",""cluster_node_limit"":null,""d"":15,""decoder"":""pymatching"",""decoder_type"":null,""p"":0.006,""p_erase"":0.0,""r"":15,""run_id"":""3bb9c20fd39117472bc6ed49fc6c7e77f29394bd20f5ed21128d733db754bd97""}",
      7168,       883,         0,   0.863,pymatching,d69f11d46d3a628f06716ae692b786eb0edcbe1e368c1f96227c123dadc07156,"{""circuit"":""surface_code:rotated_memory_x"",""cluster_node_limit"":null,""d"":13,""decoder"":""pymatching"",""decoder_type"":null,""p"":0.01,""p_erase"":0.0,""r"":13,""run_id"":""9f289422d43fc6755876d76b8e6beb45cecaa1878869c90586d01a8fd9469aeb""}",
      1024,        43,         0,   0.137,pymatching,7821cb8f882bf900ca0d3d1811afa8e1a6daa7d780a4b5cd7a4a617f324660cc,"{""circuit"":""surface_code:rotated_memory_x"",""cluster_node_limit"":null,""d"":15,""decoder"":""pymatching"",""decoder_type"":null,""p"":0.008,""p_erase"":0.0,""r"":15,""run_id"":""e8bb317849b6618317422e72bc792362c94e7f80262ddd927256c9e13cedbdd5""}",
     14336,       564,         0,    1.17,pymatching,227d6539726b8549dc3d06ab6ecd36140fa33688bd2038f94942eb97f2681f7c,"{""circuit"":""surface_code:rotated_memory_x"",""cluster_node_limit"":null,""d"":13,""decoder"":""pymatching"",""decoder_type"":null,""p"":0.008,""p_erase"":0.0,""r"":13,""run_id"":""0f07f06e92e807986e1aae638cac79f956202fd59e9fc13e7220f42fab9dfc68""}",
      1024,        42,         0,   0.136,pymatching,7821cb8f882bf900ca0d3d1811afa8e1a6daa7d780a4b5cd7a4a617f324660cc,"{""circuit"":""surface_code:rotated_memory_x"",""cluster_node_limit"":null,""d"":15,""decoder"":""pymatching"",""decoder_type"":null,""p"":0.008,""p_erase"":0.0,""r"":15,""run_id"":""e8bb317849b6618317422e72bc792362c94e7f80262ddd927256c9e13cedbdd5""}",
     26624,       301,         0,    1.56,pymatching,4273ecf73c78e79e6e939e733d93b9c670b553e48c9b8021e99a8c186415ec06,"{""circuit"":""surface_code:rotated_memory_x"",""cluster_node_limit"":null,""d"":13,""decoder"":""pymatching"",""decoder_type"":null,""p"":0.0065,""p_erase"":0.0,""r"":13,""run_id"":""e1a84c4d4ccbb85aade118efe53fba3e34792629f1ee15d7141f8a571f2e5d04""}",
      3072,        70,         0,   0.365,pymatching,9feae9fa135770a18da2a11b39f91eae04f54184b525b84cc012c69a8e6f307f,"{""circuit"":""surface_code:rotated_memory_x"",""cluster_node_limit"":null,""d"":15,""decoder"":""pymatching"",""decoder_type"":null,""p"":0.0075,""p_erase"":0.0,""r"":15,""run_id"":""dc3660b314dc3ca7d4deac86cd94713bc5015e24a39ced86b89872ee1215c09b""}",
       399,         5,         0,   0.023,pymatching,4273ecf73c78e79e6e939e733d93b9c670b553e48c9b8021e99a8c186415ec06,"{""circuit"":""surface_code:rotated_memory_x"",""cluster_node_limit"":null,""d"":13,""decoder"":""pymatching"",""decoder_type"":null,""p"":0.0065,""p_erase"":0.0,""r"":13,""run_id"":""e1a84c4d4ccbb85aade118efe53fba3e34792629f1ee15d7141f8a571f2e5d04""}",
      1024,        44,         0,   0.135,pymatching,7821cb8f882bf900ca0d3d1811afa8e1a6daa7d780a4b5cd7a4a617f324660cc,"{""circuit"":""surface_code:rotated_memory_x"",""cluster_node_limit"":null,""d"":15,""decoder"":""pymatching"",""decoder_type"":null,""p"":0.008,""p_erase"":0.0,""r"":15,""run_id"":""e8bb317849b6618317422e72bc792362c94e7f80262ddd927256c9e13cedbdd5""}",
      4096,        78,         0,   0.429,pymatching,4bfc6ec261a2834df970db0950828896e2487f653581b8486e91f10e95d038fa,"{""circuit"":""surface_code:rotated_memory_x"",""cluster_node_limit"":null,""d"":15,""decoder"":""pymatching"",""decoder_type"":null,""p"":0.007,""p_erase"":0.0,""r"":15,""run_id"":""d1ccf9ea1c9e07a005fccca81fb1bbf260f70d1b202228a3f41578efc77eb8c3""}",
        17,         2,         0,   0.011,pymatching,d3e3135addc3cba58986b0407aa3c5318e3e350a4196a18fbca2c6e9d7bfc179,"{""circuit"":""surface_code:rotated_memory_x"",""cluster_node_limit"":null,""d"":15,""decoder"":""pymatching"",""decoder_type"":null,""p"":0.009,""p_erase"":0.0,""r"":15,""run_id"":""94c0949c55754534ae562094f34da5719fdbd4ba22c94f7219547d86b251b744""}",
     16384,         1,         0,   0.793,pymatching,b292548e50ad1b2b02734525ad7161907ca6a92cb4466fafe43805856a7a2a6e,"{""circuit"":""surface_code:rotated_memory_x"",""cluster_node_limit"":null,""d"":15,""decoder"":""pymatching"",""decoder_type"":null,""p"":0.004,""p_erase"":0.0,""r"":15,""run_id"":""e638d7a83939cc8b55abe5ce247b619ef0aa8afd616d0a48039a5706b5528300""}",
      1024,        36,         0,   0.134,pymatching,7821cb8f882bf900ca0d3d1811afa8e1a6daa7d780a4b5cd7a4a617f324660cc,"{""circuit"":""surface_code:rotated_memory_x"",""cluster_node_limit"":null,""d"":15,""decoder"":""pymatching"",""decoder_type"":null,""p"":0.008,""p_erase"":0.0,""r"":15,""run_id"":""e8bb317849b6618317422e72bc792362c94e7f80262ddd927256c9e13cedbdd5""}",
       256,        20,         0,   0.046,pymatching,d3e3135addc3cba58986b0407aa3c5318e3e350a4196a18fbca2c6e9d7bfc179,"{""circuit"":""surface_code:rotated_memory_x"",""cluster_node_limit"":null,""d"":15,""decoder"":""pymatching"",""decoder_type"":null,""p"":0.009,""p_erase"":0.0,""r"":15,""run_id"":""94c0949c55754534ae562094f34da5719fdbd4ba22c94f7219547d86b251b744""}",
      6144,        69,         0,   0.586,pymatching,ef2998b438e2467c319370437fc9f136ab22f9acd114ce962975df117877187b,"{""circuit"":""surface_code:rotated_memory_x"",""cluster_node_limit"":null,""d"":15,""decoder"":""pymatching"",""decoder_type"":null,""p"":0.0065,""p_erase"":0.0,""r"":15,""run_id"":""3f2dbb3e06d4466c4dd8dc1d8fcff43d8bfd50c2b8e8bfe20ca709eec59e6ba5""}",
      1024,        48,         0,   0.137,pymatching,7821cb8f882bf900ca0d3d1811afa8e1a6daa7d780a4b5cd7a4a617f324660cc,"{""circuit"":""surface_code:rotated_memory_x"",""cluster_node_limit"":null,""d"":15,""decoder"":""pymatching"",""decoder_type"":null,""p"":0.008,""p_erase"":0.0,""r"":15,""run_id"":""e8bb317849b6618317422e72bc792362c94e7f80262ddd927256c9e13cedbdd5""}",
      5120,       963,         0,   0.717,pymatching,2eb57dffc4ce8d48e970231a09a05a380e14b3d05f56fcca95cdd74a3769e80e,"{""circuit"":""surface_code:rotated_memory_x"",""cluster_node_limit"":null,""d"":13,""decoder"":""pymatching"",""decoder_type"":null,""p"":0.011,""p_erase"":0.0,""r"":13,""run_id"":""eec0677604e7f50e9b3a394dc54e0e21ea97fededc4d77884ac80165348b5d06""}",
      1024,        86,         0,   0.179,pymatching,d3e3135addc3cba58986b0407aa3c5318e3e350a4196a18fbca2c6e9d7bfc179,"{""circuit"":""surface_code:rotated_memory_x"",""cluster_node_limit"":null,""d"":15,""decoder"":""pymatching"",""decoder_type"":null,""p"":0.009,""p_erase"":0.0,""r"":15,""run_id"":""94c0949c55754534ae562094f34da5719fdbd4ba22c94f7219547d86b251b744""}",
     13312,        18,         0,   0.820,pymatching,0b8fb658dfdcf73d4d73c2c2bc2e7b2f477635a2793bb94000b88a3ba106f778,"{""circuit"":""surface_code:rotated_memory_x"",""cluster_node_limit"":null,""d"":15,""decoder"":""pymatching"",""decoder_type"":null,""p"":0.005,""p_erase"":0.0,""r"":15,""run_id"":""b82c81b00653814c5f01f0abd96a7fa80d2e15a689063ac9aa37ddbd6db30f42""}",
        17,         2,         0,   0.015,pymatching,850e39c47fced6ff7265bdb4c76365f515f67038ccb3ecdcb3a2c0933891d207,"{""circuit"":""surface_code:rotated_memory_x"",""cluster_node_limit"":null,""d"":15,""decoder"":""pymatching"",""decoder_type"":null,""p"":0.01,""p_erase"":0.0,""r"":15,""run_id"":""f44f7f89fafd0685a1b76ed7263b8333d809fe95c8f9d59e2a319ac1180c1a26""}",
      4096,       111,         0,   0.494,pymatching,9feae9fa135770a18da2a11b39f91eae04f54184b525b84cc012c69a8e6f307f,"{""circuit"":""surface_code:rotated_memory_x"",""cluster_node_limit"":null,""d"":15,""decoder"":""pymatching"",""decoder_type"":null,""p"":0.0075,""p_erase"":0.0,""r"":15,""run_id"":""dc3660b314dc3ca7d4deac86cd94713bc5015e24a39ced86b89872ee1215c09b""}",
     12288,       997,         0,    1.19,pymatching,38e54bcdc2c464d08b1443283a7f41b02d61a28c35e78bb7ca50e7d4bf63b17d,"{""circuit"":""surface_code:rotated_memory_x"",""cluster_node_limit"":null,""d"":13,""decoder"":""pymatching"",""decoder_type"":null,""p"":0.009,""p_erase"":0.0,""r"":13,""run_id"":""15aa03545769ba7c3bdc7f1f0f10d61e22b61b5578e025dea57950e04aea7aa7""}",
       256,        42,         0,   0.054,pymatching,850e39c47fced6ff7265bdb4c76365f515f67038ccb3ecdcb3a2c0933891d207,"{""circuit"":""surface_code:rotated_memory_x"",""cluster_node_limit"":null,""d"":15,""decoder"":""pymatching"",""decoder_type"":null,""p"":0.01,""p_erase"":0.0,""r"":15,""run_id"":""f44f7f89fafd0685a1b76ed7263b8333d809fe95c8f9d59e2a319ac1180c1a26""}",
      1024,        74,         0,   0.168,pymatching,d3e3135addc3cba58986b0407aa3c5318e3e350a4196a18fbca2c6e9d7bfc179,"{""circuit"":""surface_code:rotated_memory_x"",""cluster_node_limit"":null,""d"":15,""decoder"":""pymatching"",""decoder_type"":null,""p"":0.009,""p_erase"":0.0,""r"":15,""run_id"":""94c0949c55754534ae562094f34da5719fdbd4ba22c94f7219547d86b251b744""}",
     10240,        61,         0,   0.857,pymatching,54681fd9daa4f610d2e921cb03d89e5c364dacb0ad051a6757222f9135ba02f9,"{""circuit"":""surface_code:rotated_memory_x"",""cluster_node_limit"":null,""d"":15,""decoder"":""pymatching"",""decoder_type"":null,""p"":0.006,""p_erase"":0.0,""r"":15,""run_id"":""3bb9c20fd39117472bc6ed49fc6c7e77f29394bd20f5ed21128d733db754bd97""}",
      2048,        71,         0,   0.274,pymatching,7821cb8f882bf900ca0d3d1811afa8e1a6daa7d780a4b5cd7a4a617f324660cc,"{""circuit"":""surface_code:rotated_memory_x"",""cluster_node_limit"":null,""d"":15,""decoder"":""pymatching"",""decoder_type"":null,""p"":0.008,""p_erase"":0.0,""r"":15,""run_id"":""e8bb317849b6618317422e72bc792362c94e7f80262ddd927256c9e13cedbdd5""}",
      1024,        86,         0,   0.163,pymatching,d3e3135addc3cba58986b0407aa3c5318e3e350a4196a18fbca2c6e9d7bfc179,"{""circuit"":""surface_code:rotated_memory_x"",""cluster_node_limit"":null,""d"":15,""decoder"":""pymatching"",""decoder_type"":null,""p"":0.009,""p_erase"":0.0,""r"":15,""run_id"":""94c0949c55754534ae562094f34da5719fdbd4ba22c94f7219547d86b251b744""}",
      1024,       145,         0,   0.210,pymatching,850e39c47fced6ff7265bdb4c76365f515f67038ccb3ecdcb3a2c0933891d207,"{""circuit"":""surface_code:rotated_memory_x"",""cluster_node_limit"":null,""d"":15,""decoder"":""pymatching"",""decoder_type"":null,""p"":0.01,""p_erase"":0.0,""r"":15,""run_id"":""f44f7f89fafd0685a1b76ed7263b8333d809fe95c8f9d59e2a319ac1180c1a26""}",
      6144,       116,         0,   0.663,pymatching,4bfc6ec261a2834df970db0950828896e2487f653581b8486e91f10e95d038fa,"{""circuit"":""surface_code:rotated_memory_x"",""cluster_node_limit"":null,""d"":15,""decoder"":""pymatching"",""decoder_type"":null,""p"":0.007,""p_erase"":0.0,""r"":15,""run_id"":""d1ccf9ea1c9e07a005fccca81fb1bbf260f70d1b202228a3f41578efc77eb8c3""}",
     23552,       405,         0,    1.59,pymatching,f64b2c4b0e836610eda394246a0594b3eb830470eade42b650e4e5a9d5d2179a,"{""circuit"":""surface_code:rotated_memory_x"",""cluster_node_limit"":null,""d"":13,""decoder"":""pymatching"",""decoder_type"":null,""p"":0.007,""p_erase"":0.0,""r"":13,""run_id"":""15a24d396bd944285eb34df36fc2a82b3720b70e4a37d4558b4da25f9a7cab7a""}",
     21504,       626,         0,    1.58,pymatching,2330c13f8d0ffcbe233b5d3dd31f44fe6179438b6424e0e381c81c0db518cb50,"{""circuit"":""surface_code:rotated_memory_x"",""cluster_node_limit"":null,""d"":13,""decoder"":""pymatching"",""decoder_type"":null,""p"":0.0075,""p_erase"":0.0,""r"":13,""run_id"":""8d9ba5c45e036367dbb56f6f75ef6b66d2c867a90246a0534f98bfc152f61347""}",
      9216,      1150,         0,    1.12,pymatching,d69f11d46d3a628f06716ae692b786eb0edcbe1e368c1f96227c123dadc07156,"{""circuit"":""surface_code:rotated_memory_x"",""cluster_node_limit"":null,""d"":13,""decoder"":""pymatching"",""decoder_type"":null,""p"":0.01,""p_erase"":0.0,""r"":13,""run_id"":""9f289422d43fc6755876d76b8e6beb45cecaa1878869c90586d01a8fd9469aeb""}",
      2048,        86,         0,   0.276,pymatching,7821cb8f882bf900ca0d3d1811afa8e1a6daa7d780a4b5cd7a4a617f324660cc,"{""circuit"":""surface_code:rotated_memory_x"",""cluster_node_limit"":null,""d"":15,""decoder"":""pymatching"",""decoder_type"":null,""p"":0.008,""p_erase"":0.0,""r"":15,""run_id"":""e8bb317849b6618317422e72bc792362c94e7f80262ddd927256c9e13cedbdd5""}",
      1024,        70,         0,   0.173,pymatching,d3e3135addc3cba58986b0407aa3c5318e3e350a4196a18fbca2c6e9d7bfc179,"{""circuit"":""surface_code:rotated_memory_x"",""cluster_node_limit"":null,""d"":15,""decoder"":""pymatching"",""decoder_type"":null,""p"":0.009,""p_erase"":0.0,""r"":15,""run_id"":""94c0949c55754534ae562094f34da5719fdbd4ba22c94f7219547d86b251b744""}",
      1024,       150,         0,   0.203,pymatching,850e39c47fced6ff7265bdb4c76365f515f67038ccb3ecdcb3a2c0933891d207,"{""circuit"":""surface_code:rotated_memory_x"",""cluster_node_limit"":null,""d"":15,""decoder"":""pymatching"",""decoder_type"":null,""p"":0.01,""p_erase"":0.0,""r"":15,""run_id"":""f44f7f89fafd0685a1b76ed7263b8333d809fe95c8f9d59e2a319ac1180c1a26""}",
        17,         4,         0,   0.013,pymatching,b98a568ec4a76f6518c27ff2fabae00db0c077e8f2c0af0089a255c78bae580d,"{""circuit"":""surface_code:rotated_memory_x"",""cluster_node_limit"":null,""d"":15,""decoder"":""pymatching"",""decoder_type"":null,""p"":0.011,""p_erase"":0.0,""r"":15,""run_id"":""57d71f50de155ca44cec8f749bf2e788298bf07dbc034e47476e3acf085e6f4b""}",
      1024,        90,         0,   0.172,pymatching,d3e3135addc3cba58986b0407aa3c5318e3e350a4196a18fbca2c6e9d7bfc179,"{""circuit"":""surface_code:rotated_memory_x"",""cluster_node_limit"":null,""d"":15,""decoder"":""pymatching"",""decoder_type"":null,""p"":0.009,""p_erase"":0.0,""r"":15,""run_id"":""94c0949c55754534ae562094f34da5719fdbd4ba22c94f7219547d86b251b744""}",
       256,        61,         0,   0.061,pymatching,b98a568ec4a76f6518c27ff2fabae00db0c077e8f2c0af0089a255c78bae580d,"{""circuit"":""surface_code:rotated_memory_x"",""cluster_node_limit"":null,""d"":15,""decoder"":""pymatching"",""decoder_type"":null,""p"":0.011,""p_erase"":0.0,""r"":15,""run_id"":""57d71f50de155ca44cec8f749bf2e788298bf07dbc034e47476e3acf085e6f4b""}",
      5120,       140,         0,   0.615,pymatching,9feae9fa135770a18da2a11b39f91eae04f54184b525b84cc012c69a8e6f307f,"{""circuit"":""surface_code:rotated_memory_x"",""cluster_node_limit"":null,""d"":15,""decoder"":""pymatching"",""decoder_type"":null,""p"":0.0075,""p_erase"":0.0,""r"":15,""run_id"":""dc3660b314dc3ca7d4deac86cd94713bc5015e24a39ced86b89872ee1215c09b""}",
      1024,       151,         0,   0.204,pymatching,850e39c47fced6ff7265bdb4c76365f515f67038ccb3ecdcb3a2c0933891d207,"{""circuit"":""surface_code:rotated_memory_x"",""cluster_node_limit"":null,""d"":15,""decoder"":""pymatching"",""decoder_type"":null,""p"":0.01,""p_erase"":0.0,""r"":15,""run_id"":""f44f7f89fafd0685a1b76ed7263b8333d809fe95c8f9d59e2a319ac1180c1a26""}",
      9216,        86,         0,   0.875,pymatching,ef2998b438e2467c319370437fc9f136ab22f9acd114ce962975df117877187b,"{""circuit"":""surface_code:rotated_memory_x"",""cluster_node_limit"":null,""d"":15,""decoder"":""pymatching"",""decoder_type"":null,""p"":0.0065,""p_erase"":0.0,""r"":15,""run_id"":""3f2dbb3e06d4466c4dd8dc1d8fcff43d8bfd50c2b8e8bfe20ca709eec59e6ba5""}",
      1024,        82,         0,   0.184,pymatching,d3e3135addc3cba58986b0407aa3c5318e3e350a4196a18fbca2c6e9d7bfc179,"{""circuit"":""surface_code:rotated_memory_x"",""cluster_node_limit"":null,""d"":15,""decoder"":""pymatching"",""decoder_type"":null,""p"":0.009,""p_erase"":0.0,""r"":15,""run_id"":""94c0949c55754534ae562094f34da5719fdbd4ba22c94f7219547d86b251b744""}",
      3072,       132,         0,   0.410,pymatching,7821cb8f882bf900ca0d3d1811afa8e1a6daa7d780a4b5cd7a4a617f324660cc,"{""circuit"":""surface_code:rotated_memory_x"",""cluster_node_limit"":null,""d"":15,""decoder"":""pymatching"",""decoder_type"":null,""p"":0.008,""p_erase"":0.0,""r"":15,""run_id"":""e8bb317849b6618317422e72bc792362c94e7f80262ddd927256c9e13cedbdd5""}",
      1024,       219,         0,   0.238,pymatching,b98a568ec4a76f6518c27ff2fabae00db0c077e8f2c0af0089a255c78bae580d,"{""circuit"":""surface_code:rotated_memory_x"",""cluster_node_limit"":null,""d"":15,""decoder"":""pymatching"",""decoder_type"":null,""p"":0.011,""p_erase"":0.0,""r"":15,""run_id"":""57d71f50de155ca44cec8f749bf2e788298bf07dbc034e47476e3acf085e6f4b""}",
     24576,         7,         0,    1.15,pymatching,b292548e50ad1b2b02734525ad7161907ca6a92cb4466fafe43805856a7a2a6e,"{""circuit"":""surface_code:rotated_memory_x"",""cluster_node_limit"":null,""d"":15,""decoder"":""pymatching"",""decoder_type"":null,""p"":0.004,""p_erase"":0.0,""r"":15,""run_id"":""e638d7a83939cc8b55abe5ce247b619ef0aa8afd616d0a48039a5706b5528300""}",
      8591,       158,         0,   0.566,pymatching,f64b2c4b0e836610eda394246a0594b3eb830470eade42b650e4e5a9d5d2179a,"{""circuit"":""surface_code:rotated_memory_x"",""cluster_node_limit"":null,""d"":13,""decoder"":""pymatching"",""decoder_type"":null,""p"":0.007,""p_erase"":0.0,""r"":13,""run_id"":""15a24d396bd944285eb34df36fc2a82b3720b70e4a37d4558b4da25f9a7cab7a""}",
      1024,       149,         0,   0.207,pymatching,850e39c47fced6ff7265bdb4c76365f515f67038ccb3ecdcb3a2c0933891d207,"{""circuit"":""surface_code:rotated_memory_x"",""cluster_node_limit"":null,""d"":15,""decoder"":""pymatching"",""decoder_type"":null,""p"":0.01,""p_erase"":0.0,""r"":15,""run_id"":""f44f7f89fafd0685a1b76ed7263b8333d809fe95c8f9d59e2a319ac1180c1a26""}",
      1024,        83,         0,   0.171,pymatching,d3e3135addc3cba58986b0407aa3c5318e3e350a4196a18fbca2c6e9d7bfc179,"{""circuit"":""surface_code:rotated_memory_x"",""cluster_node_limit"":null,""d"":15,""decoder"":""pymatching"",""decoder_type"":null,""p"":0.009,""p_erase"":0.0,""r"":15,""run_id"":""94c0949c55754534ae562094f34da5719fdbd4ba22c94f7219547d86b251b744""}",
       273,         9,         0,   0.027,pymatching,2330c13f8d0ffcbe233b5d3dd31f44fe6179438b6424e0e381c81c0db518cb50,"{""circuit"":""surface_code:rotated_memory_x"",""cluster_node_limit"":null,""d"":13,""decoder"":""pymatching"",""decoder_type"":null,""p"":0.0075,""p_erase"":0.0,""r"":13,""run_id"":""8d9ba5c45e036367dbb56f6f75ef6b66d2c867a90246a0534f98bfc152f61347""}",
     19456,       802,         0,    1.58,pymatching,227d6539726b8549dc3d06ab6ecd36140fa33688bd2038f94942eb97f2681f7c,"{""circuit"":""surface_code:rotated_memory_x"",""cluster_node_limit"":null,""d"":13,""decoder"":""pymatching"",""decoder_type"":null,""p"":0.008,""p_erase"":0.0,""r"":13,""run_id"":""0f07f06e92e807986e1aae638cac79f956202fd59e9fc13e7220f42fab9dfc68""}",
      1024,        25,         0,   0.073,pymatching,2330c13f8d0ffcbe233b5d3dd31f44fe6179438b6424e0e381c81c0db518cb50,"{""circuit"":""surface_code:rotated_memory_x"",""cluster_node_limit"":null,""d"":13,""decoder"":""pymatching"",""decoder_type"":null,""p"":0.0075,""p_erase"":0.0,""r"":13,""run_id"":""8d9ba5c45e036367dbb56f6f75ef6b66d2c867a90246a0534f98bfc152f61347""}",
      9416,       237,         0,   0.694,pymatching,2330c13f8d0ffcbe233b5d3dd31f44fe6179438b6424e0e381c81c0db518cb50,"{""circuit"":""surface_code:rotated_memory_x"",""cluster_node_limit"":null,""d"":13,""decoder"":""pymatching"",""decoder_type"":null,""p"":0.0075,""p_erase"":0.0,""r"":13,""run_id"":""8d9ba5c45e036367dbb56f6f75ef6b66d2c867a90246a0534f98bfc152f61347""}",
      1024,       224,         0,   0.239,pymatching,b98a568ec4a76f6518c27ff2fabae00db0c077e8f2c0af0089a255c78bae580d,"{""circuit"":""surface_code:rotated_memory_x"",""cluster_node_limit"":null,""d"":15,""decoder"":""pymatching"",""decoder_type"":null,""p"":0.011,""p_erase"":0.0,""r"":15,""run_id"":""57d71f50de155ca44cec8f749bf2e788298bf07dbc034e47476e3acf085e6f4b""}",
     18432,        19,         0,    1.17,pymatching,0b8fb658dfdcf73d4d73c2c2bc2e7b2f477635a2793bb94000b88a3ba106f778,"{""circuit"":""surface_code:rotated_memory_x"",""cluster_node_limit"":null,""d"":15,""decoder"":""pymatching"",""decoder_type"":null,""p"":0.005,""p_erase"":0.0,""r"":15,""run_id"":""b82c81b00653814c5f01f0abd96a7fa80d2e15a689063ac9aa37ddbd6db30f42""}",
      1024,       151,         0,   0.206,pymatching,850e39c47fced6ff7265bdb4c76365f515f67038ccb3ecdcb3a2c0933891d207,"{""circuit"":""surface_code:rotated_memory_x"",""cluster_node_limit"":null,""d"":15,""decoder"":""pymatching"",""decoder_type"":null,""p"":0.01,""p_erase"":0.0,""r"":15,""run_id"":""f44f7f89fafd0685a1b76ed7263b8333d809fe95c8f9d59e2a319ac1180c1a26""}",
      1024,        27,         0,   0.075,pymatching,2330c13f8d0ffcbe233b5d3dd31f44fe6179438b6424e0e381c81c0db518cb50,"{""circuit"":""surface_code:rotated_memory_x"",""cluster_node_limit"":null,""d"":13,""decoder"":""pymatching"",""decoder_type"":null,""p"":0.0075,""p_erase"":0.0,""r"":13,""run_id"":""8d9ba5c45e036367dbb56f6f75ef6b66d2c867a90246a0534f98bfc152f61347""}",
      8192,       146,         0,   0.886,pymatching,4bfc6ec261a2834df970db0950828896e2487f653581b8486e91f10e95d038fa,"{""circuit"":""surface_code:rotated_memory_x"",""cluster_node_limit"":null,""d"":15,""decoder"":""pymatching"",""decoder_type"":null,""p"":0.007,""p_erase"":0.0,""r"":15,""run_id"":""d1ccf9ea1c9e07a005fccca81fb1bbf260f70d1b202228a3f41578efc77eb8c3""}",
      1024,        30,         0,   0.078,pymatching,2330c13f8d0ffcbe233b5d3dd31f44fe6179438b6424e0e381c81c0db518cb50,"{""circuit"":""surface_code:rotated_memory_x"",""cluster_node_limit"":null,""d"":13,""decoder"":""pymatching"",""decoder_type"":null,""p"":0.0075,""p_erase"":0.0,""r"":13,""run_id"":""8d9ba5c45e036367dbb56f6f75ef6b66d2c867a90246a0534f98bfc152f61347""}",
     13312,        72,         0,    1.12,pymatching,54681fd9daa4f610d2e921cb03d89e5c364dacb0ad051a6757222f9135ba02f9,"{""circuit"":""surface_code:rotated_memory_x"",""cluster_node_limit"":null,""d"":15,""decoder"":""pymatching"",""decoder_type"":null,""p"":0.006,""p_erase"":0.0,""r"":15,""run_id"":""3bb9c20fd39117472bc6ed49fc6c7e77f29394bd20f5ed21128d733db754bd97""}",
      3072,       115,         0,   0.432,pymatching,7821cb8f882bf900ca0d3d1811afa8e1a6daa7d780a4b5cd7a4a617f324660cc,"{""circuit"":""surface_code:rotated_memory_x"",""cluster_node_limit"":null,""d"":15,""decoder"":""pymatching"",""decoder_type"":null,""p"":0.008,""p_erase"":0.0,""r"":15,""run_id"":""e8bb317849b6618317422e72bc792362c94e7f80262ddd927256c9e13cedbdd5""}",
      2048,       176,         0,   0.337,pymatching,d3e3135addc3cba58986b0407aa3c5318e3e350a4196a18fbca2c6e9d7bfc179,"{""circuit"":""surface_code:rotated_memory_x"",""cluster_node_limit"":null,""d"":15,""decoder"":""pymatching"",""decoder_type"":null,""p"":0.009,""p_erase"":0.0,""r"":15,""run_id"":""94c0949c55754534ae562094f34da5719fdbd4ba22c94f7219547d86b251b744""}",
      1024,        28,         0,   0.075,pymatching,2330c13f8d0ffcbe233b5d3dd31f44fe6179438b6424e0e381c81c0db518cb50,"{""circuit"":""surface_code:rotated_memory_x"",""cluster_node_limit"":null,""d"":13,""decoder"":""pymatching"",""decoder_type"":null,""p"":0.0075,""p_erase"":0.0,""r"":13,""run_id"":""8d9ba5c45e036367dbb56f6f75ef6b66d2c867a90246a0534f98bfc152f61347""}",
      1024,       167,         0,   0.201,pymatching,850e39c47fced6ff7265bdb4c76365f515f67038ccb3ecdcb3a2c0933891d207,"{""circuit"":""surface_code:rotated_memory_x"",""cluster_node_limit"":null,""d"":15,""decoder"":""pymatching"",""decoder_type"":null,""p"":0.01,""p_erase"":0.0,""r"":15,""run_id"":""f44f7f89fafd0685a1b76ed7263b8333d809fe95c8f9d59e2a319ac1180c1a26""}",
      1024,       226,         0,   0.238,pymatching,b98a568ec4a76f6518c27ff2fabae00db0c077e8f2c0af0089a255c78bae580d,"{""circuit"":""surface_code:rotated_memory_x"",""cluster_node_limit"":null,""d"":15,""decoder"":""pymatching"",""decoder_type"":null,""p"":0.011,""p_erase"":0.0,""r"":15,""run_id"":""57d71f50de155ca44cec8f749bf2e788298bf07dbc034e47476e3acf085e6f4b""}",
     10639,         1,         0,   0.490,pymatching,b292548e50ad1b2b02734525ad7161907ca6a92cb4466fafe43805856a7a2a6e,"{""circuit"":""surface_code:rotated_memory_x"",""cluster_node_limit"":null,""d"":15,""decoder"":""pymatching"",""decoder_type"":null,""p"":0.004,""p_erase"":0.0,""r"":15,""run_id"":""e638d7a83939cc8b55abe5ce247b619ef0aa8afd616d0a48039a5706b5528300""}",
      1024,        23,         0,   0.075,pymatching,2330c13f8d0ffcbe233b5d3dd31f44fe6179438b6424e0e381c81c0db518cb50,"{""circuit"":""surface_code:rotated_memory_x"",""cluster_node_limit"":null,""d"":13,""decoder"":""pymatching"",""decoder_type"":null,""p"":0.0075,""p_erase"":0.0,""r"":13,""run_id"":""8d9ba5c45e036367dbb56f6f75ef6b66d2c867a90246a0534f98bfc152f61347""}",
      3547,       102,         0,   0.265,pymatching,2330c13f8d0ffcbe233b5d3dd31f44fe6179438b6424e0e381c81c0db518cb50,"{""circuit"":""surface_code:rotated_memory_x"",""cluster_node_limit"":null,""d"":13,""decoder"":""pymatching"",""decoder_type"":null,""p"":0.0075,""p_erase"":0.0,""r"":13,""run_id"":""8d9ba5c45e036367dbb56f6f75ef6b66d2c867a90246a0534f98bfc152f61347""}",
       475,        14,         0,   0.040,pymatching,2330c13f8d0ffcbe233b5d3dd31f44fe6179438b6424e0e381c81c0db518cb50,"{""circuit"":""surface_code:rotated_memory_x"",""cluster_node_limit"":null,""d"":13,""decoder"":""pymatching"",""decoder_type"":null,""p"":0.0075,""p_erase"":0.0,""r"":13,""run_id"":""8d9ba5c45e036367dbb56f6f75ef6b66d2c867a90246a0534f98bfc152f61347""}",
       273,        10,         0,   0.032,pymatching,227d6539726b8549dc3d06ab6ecd36140fa33688bd2038f94942eb97f2681f7c,"{""circuit"":""surface_code:rotated_memory_x"",""cluster_node_limit"":null,""d"":13,""decoder"":""pymatching"",""decoder_type"":null,""p"":0.008,""p_erase"":0.0,""r"":13,""run_id"":""0f07f06e92e807986e1aae638cac79f956202fd59e9fc13e7220f42fab9dfc68""}",
      1024,       146,         0,   0.206,pymatching,850e39c47fced6ff7265bdb4c76365f515f67038ccb3ecdcb3a2c0933891d207,"{""circuit"":""surface_code:rotated_memory_x"",""cluster_node_limit"":null,""d"":15,""decoder"":""pymatching"",""decoder_type"":null,""p"":0.01,""p_erase"":0.0,""r"":15,""run_id"":""f44f7f89fafd0685a1b76ed7263b8333d809fe95c8f9d59e2a319ac1180c1a26""}",
      7168,       184,         0,   0.856,pymatching,9feae9fa135770a18da2a11b39f91eae04f54184b525b84cc012c69a8e6f307f,"{""circuit"":""surface_code:rotated_memory_x"",""cluster_node_limit"":null,""d"":15,""decoder"":""pymatching"",""decoder_type"":null,""p"":0.0075,""p_erase"":0.0,""r"":15,""run_id"":""dc3660b314dc3ca7d4deac86cd94713bc5015e24a39ced86b89872ee1215c09b""}",
       273,        19,         0,   0.034,pymatching,38e54bcdc2c464d08b1443283a7f41b02d61a28c35e78bb7ca50e7d4bf63b17d,"{""circuit"":""surface_code:rotated_memory_x"",""cluster_node_limit"":null,""d"":13,""decoder"":""pymatching"",""decoder_type"":null,""p"":0.009,""p_erase"":0.0,""r"":13,""run_id"":""15aa03545769ba7c3bdc7f1f0f10d61e22b61b5578e025dea57950e04aea7aa7""}",
      1024,        39,         0,   0.082,pymatching,227d6539726b8549dc3d06ab6ecd36140fa33688bd2038f94942eb97f2681f7c,"{""circuit"":""surface_code:rotated_memory_x"",""cluster_node_limit"":null,""d"":13,""decoder"":""pymatching"",""decoder_type"":null,""p"":0.008,""p_erase"":0.0,""r"":13,""run_id"":""0f07f06e92e807986e1aae638cac79f956202fd59e9fc13e7220f42fab9dfc68""}",
       273,         1,         0,   0.024,pymatching,0b8fb658dfdcf73d4d73c2c2bc2e7b2f477635a2793bb94000b88a3ba106f778,"{""circuit"":""surface_code:rotated_memory_x"",""cluster_node_limit"":null,""d"":15,""decoder"":""pymatching"",""decoder_type"":null,""p"":0.005,""p_erase"":0.0,""r"":15,""run_id"":""b82c81b00653814c5f01f0abd96a7fa80d2e15a689063ac9aa37ddbd6db30f42""}",
      1024,       232,         0,   0.236,pymatching,b98a568ec4a76f6518c27ff2fabae00db0c077e8f2c0af0089a255c78bae580d,"{""circuit"":""surface_code:rotated_memory_x"",""cluster_node_limit"":null,""d"":15,""decoder"":""pymatching"",""decoder_type"":null,""p"":0.011,""p_erase"":0.0,""r"":15,""run_id"":""57d71f50de155ca44cec8f749bf2e788298bf07dbc034e47476e3acf085e6f4b""}",
      1024,         0,         0,   0.066,pymatching,0b8fb658dfdcf73d4d73c2c2bc2e7b2f477635a2793bb94000b88a3ba106f778,"{""circuit"":""surface_code:rotated_memory_x"",""cluster_node_limit"":null,""d"":15,""decoder"":""pymatching"",""decoder_type"":null,""p"":0.005,""p_erase"":0.0,""r"":15,""run_id"":""b82c81b00653814c5f01f0abd96a7fa80d2e15a689063ac9aa37ddbd6db30f42""}",
      2048,       191,         0,   0.330,pymatching,d3e3135addc3cba58986b0407aa3c5318e3e350a4196a18fbca2c6e9d7bfc179,"{""circuit"":""surface_code:rotated_memory_x"",""cluster_node_limit"":null,""d"":15,""decoder"":""pymatching"",""decoder_type"":null,""p"":0.009,""p_erase"":0.0,""r"":15,""run_id"":""94c0949c55754534ae562094f34da5719fdbd4ba22c94f7219547d86b251b744""}",
      1024,        45,         0,   0.087,pymatching,227d6539726b8549dc3d06ab6ecd36140fa33688bd2038f94942eb97f2681f7c,"{""circuit"":""surface_code:rotated_memory_x"",""cluster_node_limit"":null,""d"":13,""decoder"":""pymatching"",""decoder_type"":null,""p"":0.008,""p_erase"":0.0,""r"":13,""run_id"":""0f07f06e92e807986e1aae638cac79f956202fd59e9fc13e7220f42fab9dfc68""}",
      1024,        63,         0,   0.111,pymatching,38e54bcdc2c464d08b1443283a7f41b02d61a28c35e78bb7ca50e7d4bf63b17d,"{""circuit"":""surface_code:rotated_memory_x"",""cluster_node_limit"":null,""d"":13,""decoder"":""pymatching"",""decoder_type"":null,""p"":0.009,""p_erase"":0.0,""r"":13,""run_id"":""15aa03545769ba7c3bdc7f1f0f10d61e22b61b5578e025dea57950e04aea7aa7""}",
     16384,      1205,         0,    1.61,pymatching,38e54bcdc2c464d08b1443283a7f41b02d61a28c35e78bb7ca50e7d4bf63b17d,"{""circuit"":""surface_code:rotated_memory_x"",""cluster_node_limit"":null,""d"":13,""decoder"":""pymatching"",""decoder_type"":null,""p"":0.009,""p_erase"":0.0,""r"":13,""run_id"":""15aa03545769ba7c3bdc7f1f0f10d61e22b61b5578e025dea57950e04aea7aa7""}",
      1024,         1,         0,   0.069,pymatching,0b8fb658dfdcf73d4d73c2c2bc2e7b2f477635a2793bb94000b88a3ba106f778,"{""circuit"":""surface_code:rotated_memory_x"",""cluster_node_limit"":null,""d"":15,""decoder"":""pymatching"",""decoder_type"":null,""p"":0.005,""p_erase"":0.0,""r"":15,""run_id"":""b82c81b00653814c5f01f0abd96a7fa80d2e15a689063ac9aa37ddbd6db30f42""}",
      1024,        47,         0,   0.087,pymatching,227d6539726b8549dc3d06ab6ecd36140fa33688bd2038f94942eb97f2681f7c,"{""circuit"":""surface_code:rotated_memory_x"",""cluster_node_limit"":null,""d"":13,""decoder"":""pymatching"",""decoder_type"":null,""p"":0.008,""p_erase"":0.0,""r"":13,""run_id"":""0f07f06e92e807986e1aae638cac79f956202fd59e9fc13e7220f42fab9dfc68""}",
      1024,        76,         0,   0.098,pymatching,38e54bcdc2c464d08b1443283a7f41b02d61a28c35e78bb7ca50e7d4bf63b17d,"{""circuit"":""surface_code:rotated_memory_x"",""cluster_node_limit"":null,""d"":13,""decoder"":""pymatching"",""decoder_type"":null,""p"":0.009,""p_erase"":0.0,""r"":13,""run_id"":""15aa03545769ba7c3bdc7f1f0f10d61e22b61b5578e025dea57950e04aea7aa7""}",
      1024,         0,         0,   0.065,pymatching,0b8fb658dfdcf73d4d73c2c2bc2e7b2f477635a2793bb94000b88a3ba106f778,"{""circuit"":""surface_code:rotated_memory_x"",""cluster_node_limit"":null,""d"":15,""decoder"":""pymatching"",""decoder_type"":null,""p"":0.005,""p_erase"":0.0,""r"":15,""run_id"":""b82c81b00653814c5f01f0abd96a7fa80d2e15a689063ac9aa37ddbd6db30f42""}",
      1024,        88,         0,   0.108,pymatching,38e54bcdc2c464d08b1443283a7f41b02d61a28c35e78bb7ca50e7d4bf63b17d,"{""circuit"":""surface_code:rotated_memory_x"",""cluster_node_limit"":null,""d"":13,""decoder"":""pymatching"",""decoder_type"":null,""p"":0.009,""p_erase"":0.0,""r"":13,""run_id"":""15aa03545769ba7c3bdc7f1f0f10d61e22b61b5578e025dea57950e04aea7aa7""}",
      1024,       231,         0,   0.250,pymatching,b98a568ec4a76f6518c27ff2fabae00db0c077e8f2c0af0089a255c78bae580d,"{""circuit"":""surface_code:rotated_memory_x"",""cluster_node_limit"":null,""d"":15,""decoder"":""pymatching"",""decoder_type"":null,""p"":0.011,""p_erase"":0.0,""r"":15,""run_id"":""57d71f50de155ca44cec8f749bf2e788298bf07dbc034e47476e3acf085e6f4b""}",
      1024,        38,         0,   0.081,pymatching,227d6539726b8549dc3d06ab6ecd36140fa33688bd2038f94942eb97f2681f7c,"{""circuit"":""surface_code:rotated_memory_x"",""cluster_node_limit"":null,""d"":13,""decoder"":""pymatching"",""decoder_type"":null,""p"":0.008,""p_erase"":0.0,""r"":13,""run_id"":""0f07f06e92e807986e1aae638cac79f956202fd59e9fc13e7220f42fab9dfc68""}",
      1024,         1,         0,   0.067,pymatching,0b8fb658dfdcf73d4d73c2c2bc2e7b2f477635a2793bb94000b88a3ba106f778,"{""circuit"":""surface_code:rotated_memory_x"",""cluster_node_limit"":null,""d"":15,""decoder"":""pymatching"",""decoder_type"":null,""p"":0.005,""p_erase"":0.0,""r"":15,""run_id"":""b82c81b00653814c5f01f0abd96a7fa80d2e15a689063ac9aa37ddbd6db30f42""}",
      1024,        83,         0,   0.101,pymatching,38e54bcdc2c464d08b1443283a7f41b02d61a28c35e78bb7ca50e7d4bf63b17d,"{""circuit"":""surface_code:rotated_memory_x"",""cluster_node_limit"":null,""d"":13,""decoder"":""pymatching"",""decoder_type"":null,""p"":0.009,""p_erase"":0.0,""r"":13,""run_id"":""15aa03545769ba7c3bdc7f1f0f10d61e22b61b5578e025dea57950e04aea7aa7""}",
     12288,       110,         0,    1.17,pymatching,ef2998b438e2467c319370437fc9f136ab22f9acd114ce962975df117877187b,"{""circuit"":""surface_code:rotated_memory_x"",""cluster_node_limit"":null,""d"":15,""decoder"":""pymatching"",""decoder_type"":null,""p"":0.0065,""p_erase"":0.0,""r"":15,""run_id"":""3f2dbb3e06d4466c4dd8dc1d8fcff43d8bfd50c2b8e8bfe20ca709eec59e6ba5""}",
      1024,         0,         0,   0.061,pymatching,0b8fb658dfdcf73d4d73c2c2bc2e7b2f477635a2793bb94000b88a3ba106f778,"{""circuit"":""surface_code:rotated_memory_x"",""cluster_node_limit"":null,""d"":15,""decoder"":""pymatching"",""decoder_type"":null,""p"":0.005,""p_erase"":0.0,""r"":15,""run_id"":""b82c81b00653814c5f01f0abd96a7fa80d2e15a689063ac9aa37ddbd6db30f42""}",
      1024,        51,         0,   0.085,pymatching,227d6539726b8549dc3d06ab6ecd36140fa33688bd2038f94942eb97f2681f7c,"{""circuit"":""surface_code:rotated_memory_x"",""cluster_node_limit"":null,""d"":13,""decoder"":""pymatching"",""decoder_type"":null,""p"":0.008,""p_erase"":0.0,""r"":13,""run_id"":""0f07f06e92e807986e1aae638cac79f956202fd59e9fc13e7220f42fab9dfc68""}",
      2048,       328,         0,   0.412,pymatching,850e39c47fced6ff7265bdb4c76365f515f67038ccb3ecdcb3a2c0933891d207,"{""circuit"":""surface_code:rotated_memory_x"",""cluster_node_limit"":null,""d"":15,""decoder"":""pymatching"",""decoder_type"":null,""p"":0.01,""p_erase"":0.0,""r"":15,""run_id"":""f44f7f89fafd0685a1b76ed7263b8333d809fe95c8f9d59e2a319ac1180c1a26""}",
        17,         1,         0,   0.012,pymatching,ef2998b438e2467c319370437fc9f136ab22f9acd114ce962975df117877187b,"{""circuit"":""surface_code:rotated_memory_x"",""cluster_node_limit"":null,""d"":15,""decoder"":""pymatching"",""decoder_type"":null,""p"":0.0065,""p_erase"":0.0,""r"":15,""run_id"":""3f2dbb3e06d4466c4dd8dc1d8fcff43d8bfd50c2b8e8bfe20ca709eec59e6ba5""}",
      5120,       212,         0,   0.696,pymatching,7821cb8f882bf900ca0d3d1811afa8e1a6daa7d780a4b5cd7a4a617f324660cc,"{""circuit"":""surface_code:rotated_memory_x"",""cluster_node_limit"":null,""d"":15,""decoder"":""pymatching"",""decoder_type"":null,""p"":0.008,""p_erase"":0.0,""r"":15,""run_id"":""e8bb317849b6618317422e72bc792362c94e7f80262ddd927256c9e13cedbdd5""}",
        17,         0,         0,   0.011,pymatching,54681fd9daa4f610d2e921cb03d89e5c364dacb0ad051a6757222f9135ba02f9,"{""circuit"":""surface_code:rotated_memory_x"",""cluster_node_limit"":null,""d"":15,""decoder"":""pymatching"",""decoder_type"":null,""p"":0.006,""p_erase"":0.0,""r"":15,""run_id"":""3bb9c20fd39117472bc6ed49fc6c7e77f29394bd20f5ed21128d733db754bd97""}",
      1024,        36,         0,   0.078,pymatching,227d6539726b8549dc3d06ab6ecd36140fa33688bd2038f94942eb97f2681f7c,"{""circuit"":""surface_code:rotated_memory_x"",""cluster_node_limit"":null,""d"":13,""decoder"":""pymatching"",""decoder_type"":null,""p"":0.008,""p_erase"":0.0,""r"":13,""run_id"":""0f07f06e92e807986e1aae638cac79f956202fd59e9fc13e7220f42fab9dfc68""}",
       256,         4,         0,   0.026,pymatching,ef2998b438e2467c319370437fc9f136ab22f9acd114ce962975df117877187b,"{""circuit"":""surface_code:rotated_memory_x"",""cluster_node_limit"":null,""d"":15,""decoder"":""pymatching"",""decoder_type"":null,""p"":0.0065,""p_erase"":0.0,""r"":15,""run_id"":""3f2dbb3e06d4466c4dd8dc1d8fcff43d8bfd50c2b8e8bfe20ca709eec59e6ba5""}",
       256,         2,         0,   0.023,pymatching,54681fd9daa4f610d2e921cb03d89e5c364dacb0ad051a6757222f9135ba02f9,"{""circuit"":""surface_code:rotated_memory_x"",""cluster_node_limit"":null,""d"":15,""decoder"":""pymatching"",""decoder_type"":null,""p"":0.006,""p_erase"":0.0,""r"":15,""run_id"":""3bb9c20fd39117472bc6ed49fc6c7e77f29394bd20f5ed21128d733db754bd97""}",
      2048,         1,         0,   0.130,pymatching,0b8fb658dfdcf73d4d73c2c2bc2e7b2f477635a2793bb94000b88a3ba106f778,"{""circuit"":""surface_code:rotated_memory_x"",""cluster_node_limit"":null,""d"":15,""decoder"":""pymatching"",""decoder_type"":null,""p"":0.005,""p_erase"":0.0,""r"":15,""run_id"":""b82c81b00653814c5f01f0abd96a7fa80d2e15a689063ac9aa37ddbd6db30f42""}",
      1024,       226,         0,   0.237,pymatching,b98a568ec4a76f6518c27ff2fabae00db0c077e8f2c0af0089a255c78bae580d,"{""circuit"":""surface_code:rotated_memory_x"",""cluster_node_limit"":null,""d"":15,""decoder"":""pymatching"",""decoder_type"":null,""p"":0.011,""p_erase"":0.0,""r"":15,""run_id"":""57d71f50de155ca44cec8f749bf2e788298bf07dbc034e47476e3acf085e6f4b""}",
      1024,         5,         0,   0.084,pymatching,54681fd9daa4f610d2e921cb03d89e5c364dacb0ad051a6757222f9135ba02f9,"{""circuit"":""surface_code:rotated_memory_x"",""cluster_node_limit"":null,""d"":15,""decoder"":""pymatching"",""decoder_type"":null,""p"":0.006,""p_erase"":0.0,""r"":15,""run_id"":""3bb9c20fd39117472bc6ed49fc6c7e77f29394bd20f5ed21128d733db754bd97""}",
     15048,        17,         0,   0.973,pymatching,0b8fb658dfdcf73d4d73c2c2bc2e7b2f477635a2793bb94000b88a3ba106f778,"{""circuit"":""surface_code:rotated_memory_x"",""cluster_node_limit"":null,""d"":15,""decoder"":""pymatching"",""decoder_type"":null,""p"":0.005,""p_erase"":0.0,""r"":15,""run_id"":""b82c81b00653814c5f01f0abd96a7fa80d2e15a689063ac9aa37ddbd6db30f42""}",
      1024,        13,         0,   0.094,pymatching,ef2998b438e2467c319370437fc9f136ab22f9acd114ce962975df117877187b,"{""circuit"":""surface_code:rotated_memory_x"",""cluster_node_limit"":null,""d"":15,""decoder"":""pymatching"",""decoder_type"":null,""p"":0.0065,""p_erase"":0.0,""r"":15,""run_id"":""3f2dbb3e06d4466c4dd8dc1d8fcff43d8bfd50c2b8e8bfe20ca709eec59e6ba5""}",
     13000,       555,         0,    1.09,pymatching,227d6539726b8549dc3d06ab6ecd36140fa33688bd2038f94942eb97f2681f7c,"{""circuit"":""surface_code:rotated_memory_x"",""cluster_node_limit"":null,""d"":13,""decoder"":""pymatching"",""decoder_type"":null,""p"":0.008,""p_erase"":0.0,""r"":13,""run_id"":""0f07f06e92e807986e1aae638cac79f956202fd59e9fc13e7220f42fab9dfc68""}",
      3072,       243,         0,   0.508,pymatching,d3e3135addc3cba58986b0407aa3c5318e3e350a4196a18fbca2c6e9d7bfc179,"{""circuit"":""surface_code:rotated_memory_x"",""cluster_node_limit"":null,""d"":15,""decoder"":""pymatching"",""decoder_type"":null,""p"":0.009,""p_erase"":0.0,""r"":15,""run_id"":""94c0949c55754534ae562094f34da5719fdbd4ba22c94f7219547d86b251b744""}",
      2048,        94,         0,   0.173,pymatching,227d6539726b8549dc3d06ab6ecd36140fa33688bd2038f94942eb97f2681f7c,"{""circuit"":""surface_code:rotated_memory_x"",""cluster_node_limit"":null,""d"":13,""decoder"":""pymatching"",""decoder_type"":null,""p"":0.008,""p_erase"":0.0,""r"":13,""run_id"":""0f07f06e92e807986e1aae638cac79f956202fd59e9fc13e7220f42fab9dfc68""}",
      2048,         2,         0,   0.134,pymatching,0b8fb658dfdcf73d4d73c2c2bc2e7b2f477635a2793bb94000b88a3ba106f778,"{""circuit"":""surface_code:rotated_memory_x"",""cluster_node_limit"":null,""d"":15,""decoder"":""pymatching"",""decoder_type"":null,""p"":0.005,""p_erase"":0.0,""r"":15,""run_id"":""b82c81b00653814c5f01f0abd96a7fa80d2e15a689063ac9aa37ddbd6db30f42""}",
      1024,         3,         0,   0.081,pymatching,54681fd9daa4f610d2e921cb03d89e5c364dacb0ad051a6757222f9135ba02f9,"{""circuit"":""surface_code:rotated_memory_x"",""cluster_node_limit"":null,""d"":15,""decoder"":""pymatching"",""decoder_type"":null,""p"":0.006,""p_erase"":0.0,""r"":15,""run_id"":""3bb9c20fd39117472bc6ed49fc6c7e77f29394bd20f5ed21128d733db754bd97""}",
      1024,        12,         0,   0.097,pymatching,ef2998b438e2467c319370437fc9f136ab22f9acd114ce962975df117877187b,"{""circuit"":""surface_code:rotated_memory_x"",""cluster_node_limit"":null,""d"":15,""decoder"":""pymatching"",""decoder_type"":null,""p"":0.0065,""p_erase"":0.0,""r"":15,""run_id"":""3f2dbb3e06d4466c4dd8dc1d8fcff43d8bfd50c2b8e8bfe20ca709eec59e6ba5""}",
      1024,         6,         0,   0.082,pymatching,54681fd9daa4f610d2e921cb03d89e5c364dacb0ad051a6757222f9135ba02f9,"{""circuit"":""surface_code:rotated_memory_x"",""cluster_node_limit"":null,""d"":15,""decoder"":""pymatching"",""decoder_type"":null,""p"":0.006,""p_erase"":0.0,""r"":15,""run_id"":""3bb9c20fd39117472bc6ed49fc6c7e77f29394bd20f5ed21128d733db754bd97""}",
      1755,         1,         0,   0.109,pymatching,0b8fb658dfdcf73d4d73c2c2bc2e7b2f477635a2793bb94000b88a3ba106f778,"{""circuit"":""surface_code:rotated_memory_x"",""cluster_node_limit"":null,""d"":15,""decoder"":""pymatching"",""decoder_type"":null,""p"":0.005,""p_erase"":0.0,""r"":15,""run_id"":""b82c81b00653814c5f01f0abd96a7fa80d2e15a689063ac9aa37ddbd6db30f42""}",
      1024,        10,         0,   0.095,pymatching,ef2998b438e2467c319370437fc9f136ab22f9acd114ce962975df117877187b,"{""circuit"":""surface_code:rotated_memory_x"",""cluster_node_limit"":null,""d"":15,""decoder"":""pymatching"",""decoder_type"":null,""p"":0.0065,""p_erase"":0.0,""r"":15,""run_id"":""3f2dbb3e06d4466c4dd8dc1d8fcff43d8bfd50c2b8e8bfe20ca709eec59e6ba5""}",
      1024,       220,         0,   0.234,pymatching,b98a568ec4a76f6518c27ff2fabae00db0c077e8f2c0af0089a255c78bae580d,"{""circuit"":""surface_code:rotated_memory_x"",""cluster_node_limit"":null,""d"":15,""decoder"":""pymatching"",""decoder_type"":null,""p"":0.011,""p_erase"":0.0,""r"":15,""run_id"":""57d71f50de155ca44cec8f749bf2e788298bf07dbc034e47476e3acf085e6f4b""}",
      3072,         4,         0,   0.193,pymatching,0b8fb658dfdcf73d4d73c2c2bc2e7b2f477635a2793bb94000b88a3ba106f778,"{""circuit"":""surface_code:rotated_memory_x"",""cluster_node_limit"":null,""d"":15,""decoder"":""pymatching"",""decoder_type"":null,""p"":0.005,""p_erase"":0.0,""r"":15,""run_id"":""b82c81b00653814c5f01f0abd96a7fa80d2e15a689063ac9aa37ddbd6db30f42""}",
      2048,        93,         0,   0.173,pymatching,227d6539726b8549dc3d06ab6ecd36140fa33688bd2038f94942eb97f2681f7c,"{""circuit"":""surface_code:rotated_memory_x"",""cluster_node_limit"":null,""d"":13,""decoder"":""pymatching"",""decoder_type"":null,""p"":0.008,""p_erase"":0.0,""r"":13,""run_id"":""0f07f06e92e807986e1aae638cac79f956202fd59e9fc13e7220f42fab9dfc68""}",
       366,         0,         0,   0.026,pymatching,0b8fb658dfdcf73d4d73c2c2bc2e7b2f477635a2793bb94000b88a3ba106f778,"{""circuit"":""surface_code:rotated_memory_x"",""cluster_node_limit"":null,""d"":15,""decoder"":""pymatching"",""decoder_type"":null,""p"":0.005,""p_erase"":0.0,""r"":15,""run_id"":""b82c81b00653814c5f01f0abd96a7fa80d2e15a689063ac9aa37ddbd6db30f42""}",
      1024,         4,         0,   0.083,pymatching,54681fd9daa4f610d2e921cb03d89e5c364dacb0ad051a6757222f9135ba02f9,"{""circuit"":""surface_code:rotated_memory_x"",""cluster_node_limit"":null,""d"":15,""decoder"":""pymatching"",""decoder_type"":null,""p"":0.006,""p_erase"":0.0,""r"":15,""run_id"":""3bb9c20fd39117472bc6ed49fc6c7e77f29394bd20f5ed21128d733db754bd97""}",
       365,         0,         0,   0.030,pymatching,0b8fb658dfdcf73d4d73c2c2bc2e7b2f477635a2793bb94000b88a3ba106f778,"{""circuit"":""surface_code:rotated_memory_x"",""cluster_node_limit"":null,""d"":15,""decoder"":""pymatching"",""decoder_type"":null,""p"":0.005,""p_erase"":0.0,""r"":15,""run_id"":""b82c81b00653814c5f01f0abd96a7fa80d2e15a689063ac9aa37ddbd6db30f42""}",
      2048,       291,         0,   0.398,pymatching,850e39c47fced6ff7265bdb4c76365f515f67038ccb3ecdcb3a2c0933891d207,"{""circuit"":""surface_code:rotated_memory_x"",""cluster_node_limit"":null,""d"":15,""decoder"":""pymatching"",""decoder_type"":null,""p"":0.01,""p_erase"":0.0,""r"":15,""run_id"":""f44f7f89fafd0685a1b76ed7263b8333d809fe95c8f9d59e2a319ac1180c1a26""}",
      2267,        85,         0,   0.183,pymatching,227d6539726b8549dc3d06ab6ecd36140fa33688bd2038f94942eb97f2681f7c,"{""circuit"":""surface_code:rotated_memory_x"",""cluster_node_limit"":null,""d"":13,""decoder"":""pymatching"",""decoder_type"":null,""p"":0.008,""p_erase"":0.0,""r"":13,""run_id"":""0f07f06e92e807986e1aae638cac79f956202fd59e9fc13e7220f42fab9dfc68""}",
       219,        11,         0,   0.017,pymatching,227d6539726b8549dc3d06ab6ecd36140fa33688bd2038f94942eb97f2681f7c,"{""circuit"":""surface_code:rotated_memory_x"",""cluster_node_limit"":null,""d"":13,""decoder"":""pymatching"",""decoder_type"":null,""p"":0.008,""p_erase"":0.0,""r"":13,""run_id"":""0f07f06e92e807986e1aae638cac79f956202fd59e9fc13e7220f42fab9dfc68""}",
     11264,       195,         0,    1.20,pymatching,4bfc6ec261a2834df970db0950828896e2487f653581b8486e91f10e95d038fa,"{""circuit"":""surface_code:rotated_memory_x"",""cluster_node_limit"":null,""d"":15,""decoder"":""pymatching"",""decoder_type"":null,""p"":0.007,""p_erase"":0.0,""r"":15,""run_id"":""d1ccf9ea1c9e07a005fccca81fb1bbf260f70d1b202228a3f41578efc77eb8c3""}",
      1024,        15,         0,   0.108,pymatching,ef2998b438e2467c319370437fc9f136ab22f9acd114ce962975df117877187b,"{""circuit"":""surface_code:rotated_memory_x"",""cluster_node_limit"":null,""d"":15,""decoder"":""pymatching"",""decoder_type"":null,""p"":0.0065,""p_erase"":0.0,""r"":15,""run_id"":""3f2dbb3e06d4466c4dd8dc1d8fcff43d8bfd50c2b8e8bfe20ca709eec59e6ba5""}",
      1024,         7,         0,   0.082,pymatching,54681fd9daa4f610d2e921cb03d89e5c364dacb0ad051a6757222f9135ba02f9,"{""circuit"":""surface_code:rotated_memory_x"",""cluster_node_limit"":null,""d"":15,""decoder"":""pymatching"",""decoder_type"":null,""p"":0.006,""p_erase"":0.0,""r"":15,""run_id"":""3bb9c20fd39117472bc6ed49fc6c7e77f29394bd20f5ed21128d733db754bd97""}",
        17,         0,         0,   0.013,pymatching,4bfc6ec261a2834df970db0950828896e2487f653581b8486e91f10e95d038fa,"{""circuit"":""surface_code:rotated_memory_x"",""cluster_node_limit"":null,""d"":15,""decoder"":""pymatching"",""decoder_type"":null,""p"":0.007,""p_erase"":0.0,""r"":15,""run_id"":""d1ccf9ea1c9e07a005fccca81fb1bbf260f70d1b202228a3f41578efc77eb8c3""}",
        17,         0,         0,   0.011,pymatching,9feae9fa135770a18da2a11b39f91eae04f54184b525b84cc012c69a8e6f307f,"{""circuit"":""surface_code:rotated_memory_x"",""cluster_node_limit"":null,""d"":15,""decoder"":""pymatching"",""decoder_type"":null,""p"":0.0075,""p_erase"":0.0,""r"":15,""run_id"":""dc3660b314dc3ca7d4deac86cd94713bc5015e24a39ced86b89872ee1215c09b""}",
        17,         0,         0,   0.013,pymatching,7821cb8f882bf900ca0d3d1811afa8e1a6daa7d780a4b5cd7a4a617f324660cc,"{""circuit"":""surface_code:rotated_memory_x"",""cluster_node_limit"":null,""d"":15,""decoder"":""pymatching"",""decoder_type"":null,""p"":0.008,""p_erase"":0.0,""r"":15,""run_id"":""e8bb317849b6618317422e72bc792362c94e7f80262ddd927256c9e13cedbdd5""}",
       256,         6,         0,   0.028,pymatching,4bfc6ec261a2834df970db0950828896e2487f653581b8486e91f10e95d038fa,"{""circuit"":""surface_code:rotated_memory_x"",""cluster_node_limit"":null,""d"":15,""decoder"":""pymatching"",""decoder_type"":null,""p"":0.007,""p_erase"":0.0,""r"":15,""run_id"":""d1ccf9ea1c9e07a005fccca81fb1bbf260f70d1b202228a3f41578efc77eb8c3""}",
       256,         6,         0,   0.030,pymatching,9feae9fa135770a18da2a11b39f91eae04f54184b525b84cc012c69a8e6f307f,"{""circuit"":""surface_code:rotated_memory_x"",""cluster_node_limit"":null,""d"":15,""decoder"":""pymatching"",""decoder_type"":null,""p"":0.0075,""p_erase"":0.0,""r"":15,""run_id"":""dc3660b314dc3ca7d4deac86cd94713bc5015e24a39ced86b89872ee1215c09b""}",
      1024,        13,         0,   0.095,pymatching,ef2998b438e2467c319370437fc9f136ab22f9acd114ce962975df117877187b,"{""circuit"":""surface_code:rotated_memory_x"",""cluster_node_limit"":null,""d"":15,""decoder"":""pymatching"",""decoder_type"":null,""p"":0.0065,""p_erase"":0.0,""r"":15,""run_id"":""3f2dbb3e06d4466c4dd8dc1d8fcff43d8bfd50c2b8e8bfe20ca709eec59e6ba5""}",
         1,         0,         0,   0.008,pymatching,d3e3135addc3cba58986b0407aa3c5318e3e350a4196a18fbca2c6e9d7bfc179,"{""circuit"":""surface_code:rotated_memory_x"",""cluster_node_limit"":null,""d"":15,""decoder"":""pymatching"",""decoder_type"":null,""p"":0.009,""p_erase"":0.0,""r"":15,""run_id"":""94c0949c55754534ae562094f34da5719fdbd4ba22c94f7219547d86b251b744""}",
       256,        12,         0,   0.036,pymatching,7821cb8f882bf900ca0d3d1811afa8e1a6daa7d780a4b5cd7a4a617f324660cc,"{""circuit"":""surface_code:rotated_memory_x"",""cluster_node_limit"":null,""d"":15,""decoder"":""pymatching"",""decoder_type"":null,""p"":0.008,""p_erase"":0.0,""r"":15,""run_id"":""e8bb317849b6618317422e72bc792362c94e7f80262ddd927256c9e13cedbdd5""}",
      1024,       225,         0,   0.229,pymatching,b98a568ec4a76f6518c27ff2fabae00db0c077e8f2c0af0089a255c78bae580d,"{""circuit"":""surface_code:rotated_memory_x"",""cluster_node_limit"":null,""d"":15,""decoder"":""pymatching"",""decoder_type"":null,""p"":0.011,""p_erase"":0.0,""r"":15,""run_id"":""57d71f50de155ca44cec8f749bf2e788298bf07dbc034e47476e3acf085e6f4b""}",
       272,        18,         0,   0.045,pymatching,d3e3135addc3cba58986b0407aa3c5318e3e350a4196a18fbca2c6e9d7bfc179,"{""circuit"":""surface_code:rotated_memory_x"",""cluster_node_limit"":null,""d"":15,""decoder"":""pymatching"",""decoder_type"":null,""p"":0.009,""p_erase"":0.0,""r"":15,""run_id"":""94c0949c55754534ae562094f34da5719fdbd4ba22c94f7219547d86b251b744""}",
      1024,         9,         0,   0.112,pymatching,4bfc6ec261a2834df970db0950828896e2487f653581b8486e91f10e95d038fa,"{""circuit"":""surface_code:rotated_memory_x"",""cluster_node_limit"":null,""d"":15,""decoder"":""pymatching"",""decoder_type"":null,""p"":0.007,""p_erase"":0.0,""r"":15,""run_id"":""d1ccf9ea1c9e07a005fccca81fb1bbf260f70d1b202228a3f41578efc77eb8c3""}",
      2048,        14,         0,   0.170,pymatching,54681fd9daa4f610d2e921cb03d89e5c364dacb0ad051a6757222f9135ba02f9,"{""circuit"":""surface_code:rotated_memory_x"",""cluster_node_limit"":null,""d"":15,""decoder"":""pymatching"",""decoder_type"":null,""p"":0.006,""p_erase"":0.0,""r"":15,""run_id"":""3bb9c20fd39117472bc6ed49fc6c7e77f29394bd20f5ed21128d733db754bd97""}",
      1024,        26,         0,   0.125,pymatching,9feae9fa135770a18da2a11b39f91eae04f54184b525b84cc012c69a8e6f307f,"{""circuit"":""surface_code:rotated_memory_x"",""cluster_node_limit"":null,""d"":15,""decoder"":""pymatching"",""decoder_type"":null,""p"":0.0075,""p_erase"":0.0,""r"":15,""run_id"":""dc3660b314dc3ca7d4deac86cd94713bc5015e24a39ced86b89872ee1215c09b""}",
      1024,        42,         0,   0.136,pymatching,7821cb8f882bf900ca0d3d1811afa8e1a6daa7d780a4b5cd7a4a617f324660cc,"{""circuit"":""surface_code:rotated_memory_x"",""cluster_node_limit"":null,""d"":15,""decoder"":""pymatching"",""decoder_type"":null,""p"":0.008,""p_erase"":0.0,""r"":15,""run_id"":""e8bb317849b6618317422e72bc792362c94e7f80262ddd927256c9e13cedbdd5""}",
      9216,       257,         0,    1.11,pymatching,9feae9fa135770a18da2a11b39f91eae04f54184b525b84cc012c69a8e6f307f,"{""circuit"":""surface_code:rotated_memory_x"",""cluster_node_limit"":null,""d"":15,""decoder"":""pymatching"",""decoder_type"":null,""p"":0.0075,""p_erase"":0.0,""r"":15,""run_id"":""dc3660b314dc3ca7d4deac86cd94713bc5015e24a39ced86b89872ee1215c09b""}",
      2048,        23,         0,   0.197,pymatching,ef2998b438e2467c319370437fc9f136ab22f9acd114ce962975df117877187b,"{""circuit"":""surface_code:rotated_memory_x"",""cluster_node_limit"":null,""d"":15,""decoder"":""pymatching"",""decoder_type"":null,""p"":0.0065,""p_erase"":0.0,""r"":15,""run_id"":""3f2dbb3e06d4466c4dd8dc1d8fcff43d8bfd50c2b8e8bfe20ca709eec59e6ba5""}",
      1024,        15,         0,   0.112,pymatching,4bfc6ec261a2834df970db0950828896e2487f653581b8486e91f10e95d038fa,"{""circuit"":""surface_code:rotated_memory_x"",""cluster_node_limit"":null,""d"":15,""decoder"":""pymatching"",""decoder_type"":null,""p"":0.007,""p_erase"":0.0,""r"":15,""run_id"":""d1ccf9ea1c9e07a005fccca81fb1bbf260f70d1b202228a3f41578efc77eb8c3""}",
      1024,        88,         0,   0.179,pymatching,d3e3135addc3cba58986b0407aa3c5318e3e350a4196a18fbca2c6e9d7bfc179,"{""circuit"":""surface_code:rotated_memory_x"",""cluster_node_limit"":null,""d"":15,""decoder"":""pymatching"",""decoder_type"":null,""p"":0.009,""p_erase"":0.0,""r"":15,""run_id"":""94c0949c55754534ae562094f34da5719fdbd4ba22c94f7219547d86b251b744""}",
      1024,        34,         0,   0.128,pymatching,9feae9fa135770a18da2a11b39f91eae04f54184b525b84cc012c69a8e6f307f,"{""circuit"":""surface_code:rotated_memory_x"",""cluster_node_limit"":null,""d"":15,""decoder"":""pymatching"",""decoder_type"":null,""p"":0.0075,""p_erase"":0.0,""r"":15,""run_id"":""dc3660b314dc3ca7d4deac86cd94713bc5015e24a39ced86b89872ee1215c09b""}",
      2048,        17,         0,   0.167,pymatching,54681fd9daa4f610d2e921cb03d89e5c364dacb0ad051a6757222f9135ba02f9,"{""circuit"":""surface_code:rotated_memory_x"",""cluster_node_limit"":null,""d"":15,""decoder"":""pymatching"",""decoder_type"":null,""p"":0.006,""p_erase"":0.0,""r"":15,""run_id"":""3bb9c20fd39117472bc6ed49fc6c7e77f29394bd20f5ed21128d733db754bd97""}",
      1024,        42,         0,   0.149,pymatching,7821cb8f882bf900ca0d3d1811afa8e1a6daa7d780a4b5cd7a4a617f324660cc,"{""circuit"":""surface_code:rotated_memory_x"",""cluster_node_limit"":null,""d"":15,""decoder"":""pymatching"",""decoder_type"":null,""p"":0.008,""p_erase"":0.0,""r"":15,""run_id"":""e8bb317849b6618317422e72bc792362c94e7f80262ddd927256c9e13cedbdd5""}",
      6144,       265,         0,   0.820,pymatching,7821cb8f882bf900ca0d3d1811afa8e1a6daa7d780a4b5cd7a4a617f324660cc,"{""circuit"":""surface_code:rotated_memory_x"",""cluster_node_limit"":null,""d"":15,""decoder"":""pymatching"",""decoder_type"":null,""p"":0.008,""p_erase"":0.0,""r"":15,""run_id"":""e8bb317849b6618317422e72bc792362c94e7f80262ddd927256c9e13cedbdd5""}",
      1024,        12,         0,   0.111,pymatching,4bfc6ec261a2834df970db0950828896e2487f653581b8486e91f10e95d038fa,"{""circuit"":""surface_code:rotated_memory_x"",""cluster_node_limit"":null,""d"":15,""decoder"":""pymatching"",""decoder_type"":null,""p"":0.007,""p_erase"":0.0,""r"":15,""run_id"":""d1ccf9ea1c9e07a005fccca81fb1bbf260f70d1b202228a3f41578efc77eb8c3""}",
      4096,       325,         0,   0.680,pymatching,d3e3135addc3cba58986b0407aa3c5318e3e350a4196a18fbca2c6e9d7bfc179,"{""circuit"":""surface_code:rotated_memory_x"",""cluster_node_limit"":null,""d"":15,""decoder"":""pymatching"",""decoder_type"":null,""p"":0.009,""p_erase"":0.0,""r"":15,""run_id"":""94c0949c55754534ae562094f34da5719fdbd4ba22c94f7219547d86b251b744""}",
     19456,        93,         0,    1.60,pymatching,54681fd9daa4f610d2e921cb03d89e5c364dacb0ad051a6757222f9135ba02f9,"{""circuit"":""surface_code:rotated_memory_x"",""cluster_node_limit"":null,""d"":15,""decoder"":""pymatching"",""decoder_type"":null,""p"":0.006,""p_erase"":0.0,""r"":15,""run_id"":""3bb9c20fd39117472bc6ed49fc6c7e77f29394bd20f5ed21128d733db754bd97""}",
      1024,        24,         0,   0.121,pymatching,9feae9fa135770a18da2a11b39f91eae04f54184b525b84cc012c69a8e6f307f,"{""circuit"":""surface_code:rotated_memory_x"",""cluster_node_limit"":null,""d"":15,""decoder"":""pymatching"",""decoder_type"":null,""p"":0.0075,""p_erase"":0.0,""r"":15,""run_id"":""dc3660b314dc3ca7d4deac86cd94713bc5015e24a39ced86b89872ee1215c09b""}",
      2048,        25,         0,   0.189,pymatching,ef2998b438e2467c319370437fc9f136ab22f9acd114ce962975df117877187b,"{""circuit"":""surface_code:rotated_memory_x"",""cluster_node_limit"":null,""d"":15,""decoder"":""pymatching"",""decoder_type"":null,""p"":0.0065,""p_erase"":0.0,""r"":15,""run_id"":""3f2dbb3e06d4466c4dd8dc1d8fcff43d8bfd50c2b8e8bfe20ca709eec59e6ba5""}",
      1024,        97,         0,   0.177,pymatching,d3e3135addc3cba58986b0407aa3c5318e3e350a4196a18fbca2c6e9d7bfc179,"{""circuit"":""surface_code:rotated_memory_x"",""cluster_node_limit"":null,""d"":15,""decoder"":""pymatching"",""decoder_type"":null,""p"":0.009,""p_erase"":0.0,""r"":15,""run_id"":""94c0949c55754534ae562094f34da5719fdbd4ba22c94f7219547d86b251b744""}",
      1024,        17,         0,   0.110,pymatching,4bfc6ec261a2834df970db0950828896e2487f653581b8486e91f10e95d038fa,"{""circuit"":""surface_code:rotated_memory_x"",""cluster_node_limit"":null,""d"":15,""decoder"":""pymatching"",""decoder_type"":null,""p"":0.007,""p_erase"":0.0,""r"":15,""run_id"":""d1ccf9ea1c9e07a005fccca81fb1bbf260f70d1b202228a3f41578efc77eb8c3""}",
      1024,        42,         0,   0.142,pymatching,7821cb8f882bf900ca0d3d1811afa8e1a6daa7d780a4b5cd7a4a617f324660cc,"{""circuit"":""surface_code:rotated_memory_x"",""cluster_node_limit"":null,""d"":15,""decoder"":""pymatching"",""decoder_type"":null,""p"":0.008,""p_erase"":0.0,""r"":15,""run_id"":""e8bb317849b6618317422e72bc792362c94e7f80262ddd927256c9e13cedbdd5""}",
      3072,       447,         0,   0.614,pymatching,850e39c47fced6ff7265bdb4c76365f515f67038ccb3ecdcb3a2c0933891d207,"{""circuit"":""surface_code:rotated_memory_x"",""cluster_node_limit"":null,""d"":15,""decoder"":""pymatching"",""decoder_type"":null,""p"":0.01,""p_erase"":0.0,""r"":15,""run_id"":""f44f7f89fafd0685a1b76ed7263b8333d809fe95c8f9d59e2a319ac1180c1a26""}",
      1024,        24,         0,   0.124,pymatching,9feae9fa135770a18da2a11b39f91eae04f54184b525b84cc012c69a8e6f307f,"{""circuit"":""surface_code:rotated_memory_x"",""cluster_node_limit"":null,""d"":15,""decoder"":""pymatching"",""decoder_type"":null,""p"":0.0075,""p_erase"":0.0,""r"":15,""run_id"":""dc3660b314dc3ca7d4deac86cd94713bc5015e24a39ced86b89872ee1215c09b""}",
      2048,       485,         0,   0.492,pymatching,b98a568ec4a76f6518c27ff2fabae00db0c077e8f2c0af0089a255c78bae580d,"{""circuit"":""surface_code:rotated_memory_x"",""cluster_node_limit"":null,""d"":15,""decoder"":""pymatching"",""decoder_type"":null,""p"":0.011,""p_erase"":0.0,""r"":15,""run_id"":""57d71f50de155ca44cec8f749bf2e788298bf07dbc034e47476e3acf085e6f4b""}",
      3072,        17,         0,   0.264,pymatching,54681fd9daa4f610d2e921cb03d89e5c364dacb0ad051a6757222f9135ba02f9,"{""circuit"":""surface_code:rotated_memory_x"",""cluster_node_limit"":null,""d"":15,""decoder"":""pymatching"",""decoder_type"":null,""p"":0.006,""p_erase"":0.0,""r"":15,""run_id"":""3bb9c20fd39117472bc6ed49fc6c7e77f29394bd20f5ed21128d733db754bd97""}",
      1024,        16,         0,   0.121,pymatching,4bfc6ec261a2834df970db0950828896e2487f653581b8486e91f10e95d038fa,"{""circuit"":""surface_code:rotated_memory_x"",""cluster_node_limit"":null,""d"":15,""decoder"":""pymatching"",""decoder_type"":null,""p"":0.007,""p_erase"":0.0,""r"":15,""run_id"":""d1ccf9ea1c9e07a005fccca81fb1bbf260f70d1b202228a3f41578efc77eb8c3""}",
      1024,        45,         0,   0.135,pymatching,7821cb8f882bf900ca0d3d1811afa8e1a6daa7d780a4b5cd7a4a617f324660cc,"{""circuit"":""surface_code:rotated_memory_x"",""cluster_node_limit"":null,""d"":15,""decoder"":""pymatching"",""decoder_type"":null,""p"":0.008,""p_erase"":0.0,""r"":15,""run_id"":""e8bb317849b6618317422e72bc792362c94e7f80262ddd927256c9e13cedbdd5""}",
      1024,        75,         0,   0.169,pymatching,d3e3135addc3cba58986b0407aa3c5318e3e350a4196a18fbca2c6e9d7bfc179,"{""circuit"":""surface_code:rotated_memory_x"",""cluster_node_limit"":null,""d"":15,""decoder"":""pymatching"",""decoder_type"":null,""p"":0.009,""p_erase"":0.0,""r"":15,""run_id"":""94c0949c55754534ae562094f34da5719fdbd4ba22c94f7219547d86b251b744""}",
      1024,        28,         0,   0.125,pymatching,9feae9fa135770a18da2a11b39f91eae04f54184b525b84cc012c69a8e6f307f,"{""circuit"":""surface_code:rotated_memory_x"",""cluster_node_limit"":null,""d"":15,""decoder"":""pymatching"",""decoder_type"":null,""p"":0.0075,""p_erase"":0.0,""r"":15,""run_id"":""dc3660b314dc3ca7d4deac86cd94713bc5015e24a39ced86b89872ee1215c09b""}",
      1024,        20,         0,   0.124,pymatching,4bfc6ec261a2834df970db0950828896e2487f653581b8486e91f10e95d038fa,"{""circuit"":""surface_code:rotated_memory_x"",""cluster_node_limit"":null,""d"":15,""decoder"":""pymatching"",""decoder_type"":null,""p"":0.007,""p_erase"":0.0,""r"":15,""run_id"":""d1ccf9ea1c9e07a005fccca81fb1bbf260f70d1b202228a3f41578efc77eb8c3""}",
      3072,        28,         0,   0.299,pymatching,ef2998b438e2467c319370437fc9f136ab22f9acd114ce962975df117877187b,"{""circuit"":""surface_code:rotated_memory_x"",""cluster_node_limit"":null,""d"":15,""decoder"":""pymatching"",""decoder_type"":null,""p"":0.0065,""p_erase"":0.0,""r"":15,""run_id"":""3f2dbb3e06d4466c4dd8dc1d8fcff43d8bfd50c2b8e8bfe20ca709eec59e6ba5""}",
      4296,        21,         0,   0.366,pymatching,54681fd9daa4f610d2e921cb03d89e5c364dacb0ad051a6757222f9135ba02f9,"{""circuit"":""surface_code:rotated_memory_x"",""cluster_node_limit"":null,""d"":15,""decoder"":""pymatching"",""decoder_type"":null,""p"":0.006,""p_erase"":0.0,""r"":15,""run_id"":""3bb9c20fd39117472bc6ed49fc6c7e77f29394bd20f5ed21128d733db754bd97""}",
      1024,        49,         0,   0.144,pymatching,7821cb8f882bf900ca0d3d1811afa8e1a6daa7d780a4b5cd7a4a617f324660cc,"{""circuit"":""surface_code:rotated_memory_x"",""cluster_node_limit"":null,""d"":15,""decoder"":""pymatching"",""decoder_type"":null,""p"":0.008,""p_erase"":0.0,""r"":15,""run_id"":""e8bb317849b6618317422e72bc792362c94e7f80262ddd927256c9e13cedbdd5""}",
      1024,        30,         0,   0.125,pymatching,9feae9fa135770a18da2a11b39f91eae04f54184b525b84cc012c69a8e6f307f,"{""circuit"":""surface_code:rotated_memory_x"",""cluster_node_limit"":null,""d"":15,""decoder"":""pymatching"",""decoder_type"":null,""p"":0.0075,""p_erase"":0.0,""r"":15,""run_id"":""dc3660b314dc3ca7d4deac86cd94713bc5015e24a39ced86b89872ee1215c09b""}",
      1024,        81,         0,   0.168,pymatching,d3e3135addc3cba58986b0407aa3c5318e3e350a4196a18fbca2c6e9d7bfc179,"{""circuit"":""surface_code:rotated_memory_x"",""cluster_node_limit"":null,""d"":15,""decoder"":""pymatching"",""decoder_type"":null,""p"":0.009,""p_erase"":0.0,""r"":15,""run_id"":""94c0949c55754534ae562094f34da5719fdbd4ba22c94f7219547d86b251b744""}",
      1024,        38,         0,   0.142,pymatching,7821cb8f882bf900ca0d3d1811afa8e1a6daa7d780a4b5cd7a4a617f324660cc,"{""circuit"":""surface_code:rotated_memory_x"",""cluster_node_limit"":null,""d"":15,""decoder"":""pymatching"",""decoder_type"":null,""p"":0.008,""p_erase"":0.0,""r"":15,""run_id"":""e8bb317849b6618317422e72bc792362c94e7f80262ddd927256c9e13cedbdd5""}",
      4096,        23,         0,   0.342,pymatching,54681fd9daa4f610d2e921cb03d89e5c364dacb0ad051a6757222f9135ba02f9,"{""circuit"":""surface_code:rotated_memory_x"",""cluster_node_limit"":null,""d"":15,""decoder"":""pymatching"",""decoder_type"":null,""p"":0.006,""p_erase"":0.0,""r"":15,""run_id"":""3bb9c20fd39117472bc6ed49fc6c7e77f29394bd20f5ed21128d733db754bd97""}",
      2048,        29,         0,   0.215,pymatching,4bfc6ec261a2834df970db0950828896e2487f653581b8486e91f10e95d038fa,"{""circuit"":""surface_code:rotated_memory_x"",""cluster_node_limit"":null,""d"":15,""decoder"":""pymatching"",""decoder_type"":null,""p"":0.007,""p_erase"":0.0,""r"":15,""run_id"":""d1ccf9ea1c9e07a005fccca81fb1bbf260f70d1b202228a3f41578efc77eb8c3""}",
      1024,        81,         0,   0.174,pymatching,d3e3135addc3cba58986b0407aa3c5318e3e350a4196a18fbca2c6e9d7bfc179,"{""circuit"":""surface_code:rotated_memory_x"",""cluster_node_limit"":null,""d"":15,""decoder"":""pymatching"",""decoder_type"":null,""p"":0.009,""p_erase"":0.0,""r"":15,""run_id"":""94c0949c55754534ae562094f34da5719fdbd4ba22c94f7219547d86b251b744""}",
     16384,       161,         0,    1.57,pymatching,ef2998b438e2467c319370437fc9f136ab22f9acd114ce962975df117877187b,"{""circuit"":""surface_code:rotated_memory_x"",""cluster_node_limit"":null,""d"":15,""decoder"":""pymatching"",""decoder_type"":null,""p"":0.0065,""p_erase"":0.0,""r"":15,""run_id"":""3f2dbb3e06d4466c4dd8dc1d8fcff43d8bfd50c2b8e8bfe20ca709eec59e6ba5""}",
      2048,        49,         0,   0.241,pymatching,9feae9fa135770a18da2a11b39f91eae04f54184b525b84cc012c69a8e6f307f,"{""circuit"":""surface_code:rotated_memory_x"",""cluster_node_limit"":null,""d"":15,""decoder"":""pymatching"",""decoder_type"":null,""p"":0.0075,""p_erase"":0.0,""r"":15,""run_id"":""dc3660b314dc3ca7d4deac86cd94713bc5015e24a39ced86b89872ee1215c09b""}",
      1499,         6,         0,   0.133,pymatching,54681fd9daa4f610d2e921cb03d89e5c364dacb0ad051a6757222f9135ba02f9,"{""circuit"":""surface_code:rotated_memory_x"",""cluster_node_limit"":null,""d"":15,""decoder"":""pymatching"",""decoder_type"":null,""p"":0.006,""p_erase"":0.0,""r"":15,""run_id"":""3bb9c20fd39117472bc6ed49fc6c7e77f29394bd20f5ed21128d733db754bd97""}",
      2048,       480,         0,   0.480,pymatching,b98a568ec4a76f6518c27ff2fabae00db0c077e8f2c0af0089a255c78bae580d,"{""circuit"":""surface_code:rotated_memory_x"",""cluster_node_limit"":null,""d"":15,""decoder"":""pymatching"",""decoder_type"":null,""p"":0.011,""p_erase"":0.0,""r"":15,""run_id"":""57d71f50de155ca44cec8f749bf2e788298bf07dbc034e47476e3acf085e6f4b""}",
      1024,        43,         0,   0.148,pymatching,7821cb8f882bf900ca0d3d1811afa8e1a6daa7d780a4b5cd7a4a617f324660cc,"{""circuit"":""surface_code:rotated_memory_x"",""cluster_node_limit"":null,""d"":15,""decoder"":""pymatching"",""decoder_type"":null,""p"":0.008,""p_erase"":0.0,""r"":15,""run_id"":""e8bb317849b6618317422e72bc792362c94e7f80262ddd927256c9e13cedbdd5""}",
      3072,        14,         0,   0.258,pymatching,54681fd9daa4f610d2e921cb03d89e5c364dacb0ad051a6757222f9135ba02f9,"{""circuit"":""surface_code:rotated_memory_x"",""cluster_node_limit"":null,""d"":15,""decoder"":""pymatching"",""decoder_type"":null,""p"":0.006,""p_erase"":0.0,""r"":15,""run_id"":""3bb9c20fd39117472bc6ed49fc6c7e77f29394bd20f5ed21128d733db754bd97""}",
      4096,        34,         0,   0.383,pymatching,ef2998b438e2467c319370437fc9f136ab22f9acd114ce962975df117877187b,"{""circuit"":""surface_code:rotated_memory_x"",""cluster_node_limit"":null,""d"":15,""decoder"":""pymatching"",""decoder_type"":null,""p"":0.0065,""p_erase"":0.0,""r"":15,""run_id"":""3f2dbb3e06d4466c4dd8dc1d8fcff43d8bfd50c2b8e8bfe20ca709eec59e6ba5""}",
      3072,       429,         0,   0.618,pymatching,850e39c47fced6ff7265bdb4c76365f515f67038ccb3ecdcb3a2c0933891d207,"{""circuit"":""surface_code:rotated_memory_x"",""cluster_node_limit"":null,""d"":15,""decoder"":""pymatching"",""decoder_type"":null,""p"":0.01,""p_erase"":0.0,""r"":15,""run_id"":""f44f7f89fafd0685a1b76ed7263b8333d809fe95c8f9d59e2a319ac1180c1a26""}",
      1024,        83,         0,   0.175,pymatching,d3e3135addc3cba58986b0407aa3c5318e3e350a4196a18fbca2c6e9d7bfc179,"{""circuit"":""surface_code:rotated_memory_x"",""cluster_node_limit"":null,""d"":15,""decoder"":""pymatching"",""decoder_type"":null,""p"":0.009,""p_erase"":0.0,""r"":15,""run_id"":""94c0949c55754534ae562094f34da5719fdbd4ba22c94f7219547d86b251b744""}",
      2048,        43,         0,   0.218,pymatching,4bfc6ec261a2834df970db0950828896e2487f653581b8486e91f10e95d038fa,"{""circuit"":""surface_code:rotated_memory_x"",""cluster_node_limit"":null,""d"":15,""decoder"":""pymatching"",""decoder_type"":null,""p"":0.007,""p_erase"":0.0,""r"":15,""run_id"":""d1ccf9ea1c9e07a005fccca81fb1bbf260f70d1b202228a3f41578efc77eb8c3""}",
      1261,         9,         0,   0.110,pymatching,54681fd9daa4f610d2e921cb03d89e5c364dacb0ad051a6757222f9135ba02f9,"{""circuit"":""surface_code:rotated_memory_x"",""cluster_node_limit"":null,""d"":15,""decoder"":""pymatching"",""decoder_type"":null,""p"":0.006,""p_erase"":0.0,""r"":15,""run_id"":""3bb9c20fd39117472bc6ed49fc6c7e77f29394bd20f5ed21128d733db754bd97""}",
      1262,         2,         0,   0.105,pymatching,54681fd9daa4f610d2e921cb03d89e5c364dacb0ad051a6757222f9135ba02f9,"{""circuit"":""surface_code:rotated_memory_x"",""cluster_node_limit"":null,""d"":15,""decoder"":""pymatching"",""decoder_type"":null,""p"":0.006,""p_erase"":0.0,""r"":15,""run_id"":""3bb9c20fd39117472bc6ed49fc6c7e77f29394bd20f5ed21128d733db754bd97""}",
      5120,       439,         0,   0.865,pymatching,d3e3135addc3cba58986b0407aa3c5318e3e350a4196a18fbca2c6e9d7bfc179,"{""circuit"":""surface_code:rotated_memory_x"",""cluster_node_limit"":null,""d"":15,""decoder"":""pymatching"",""decoder_type"":null,""p"":0.009,""p_erase"":0.0,""r"":15,""run_id"":""94c0949c55754534ae562094f34da5719fdbd4ba22c94f7219547d86b251b744""}",
      2048,        46,         0,   0.243,pymatching,9feae9fa135770a18da2a11b39f91eae04f54184b525b84cc012c69a8e6f307f,"{""circuit"":""surface_code:rotated_memory_x"",""cluster_node_limit"":null,""d"":15,""decoder"":""pymatching"",""decoder_type"":null,""p"":0.0075,""p_erase"":0.0,""r"":15,""run_id"":""dc3660b314dc3ca7d4deac86cd94713bc5015e24a39ced86b89872ee1215c09b""}",
      1024,        79,         0,   0.165,pymatching,d3e3135addc3cba58986b0407aa3c5318e3e350a4196a18fbca2c6e9d7bfc179,"{""circuit"":""surface_code:rotated_memory_x"",""cluster_node_limit"":null,""d"":15,""decoder"":""pymatching"",""decoder_type"":null,""p"":0.009,""p_erase"":0.0,""r"":15,""run_id"":""94c0949c55754534ae562094f34da5719fdbd4ba22c94f7219547d86b251b744""}",
      2048,        89,         0,   0.272,pymatching,7821cb8f882bf900ca0d3d1811afa8e1a6daa7d780a4b5cd7a4a617f324660cc,"{""circuit"":""surface_code:rotated_memory_x"",""cluster_node_limit"":null,""d"":15,""decoder"":""pymatching"",""decoder_type"":null,""p"":0.008,""p_erase"":0.0,""r"":15,""run_id"":""e8bb317849b6618317422e72bc792362c94e7f80262ddd927256c9e13cedbdd5""}",
        17,         5,         0,   0.016,pymatching,b98a568ec4a76f6518c27ff2fabae00db0c077e8f2c0af0089a255c78bae580d,"{""circuit"":""surface_code:rotated_memory_x"",""cluster_node_limit"":null,""d"":15,""decoder"":""pymatching"",""decoder_type"":null,""p"":0.011,""p_erase"":0.0,""r"":15,""run_id"":""57d71f50de155ca44cec8f749bf2e788298bf07dbc034e47476e3acf085e6f4b""}",
         1,         0,         0,   0.009,pymatching,850e39c47fced6ff7265bdb4c76365f515f67038ccb3ecdcb3a2c0933891d207,"{""circuit"":""surface_code:rotated_memory_x"",""cluster_node_limit"":null,""d"":15,""decoder"":""pymatching"",""decoder_type"":null,""p"":0.01,""p_erase"":0.0,""r"":15,""run_id"":""f44f7f89fafd0685a1b76ed7263b8333d809fe95c8f9d59e2a319ac1180c1a26""}",
       256,        54,         0,   0.057,pymatching,b98a568ec4a76f6518c27ff2fabae00db0c077e8f2c0af0089a255c78bae580d,"{""circuit"":""surface_code:rotated_memory_x"",""cluster_node_limit"":null,""d"":15,""decoder"":""pymatching"",""decoder_type"":null,""p"":0.011,""p_erase"":0.0,""r"":15,""run_id"":""57d71f50de155ca44cec8f749bf2e788298bf07dbc034e47476e3acf085e6f4b""}",
       272,        36,         0,   0.060,pymatching,850e39c47fced6ff7265bdb4c76365f515f67038ccb3ecdcb3a2c0933891d207,"{""circuit"":""surface_code:rotated_memory_x"",""cluster_node_limit"":null,""d"":15,""decoder"":""pymatching"",""decoder_type"":null,""p"":0.01,""p_erase"":0.0,""r"":15,""run_id"":""f44f7f89fafd0685a1b76ed7263b8333d809fe95c8f9d59e2a319ac1180c1a26""}",
      8192,       324,         0,    1.12,pymatching,7821cb8f882bf900ca0d3d1811afa8e1a6daa7d780a4b5cd7a4a617f324660cc,"{""circuit"":""surface_code:rotated_memory_x"",""cluster_node_limit"":null,""d"":15,""decoder"":""pymatching"",""decoder_type"":null,""p"":0.008,""p_erase"":0.0,""r"":15,""run_id"":""e8bb317849b6618317422e72bc792362c94e7f80262ddd927256c9e13cedbdd5""}",
      3072,        61,         0,   0.335,pymatching,4bfc6ec261a2834df970db0950828896e2487f653581b8486e91f10e95d038fa,"{""circuit"":""surface_code:rotated_memory_x"",""cluster_node_limit"":null,""d"":15,""decoder"":""pymatching"",""decoder_type"":null,""p"":0.007,""p_erase"":0.0,""r"":15,""run_id"":""d1ccf9ea1c9e07a005fccca81fb1bbf260f70d1b202228a3f41578efc77eb8c3""}",
      5120,        40,         0,   0.476,pymatching,ef2998b438e2467c319370437fc9f136ab22f9acd114ce962975df117877187b,"{""circuit"":""surface_code:rotated_memory_x"",""cluster_node_limit"":null,""d"":15,""decoder"":""pymatching"",""decoder_type"":null,""p"":0.0065,""p_erase"":0.0,""r"":15,""run_id"":""3f2dbb3e06d4466c4dd8dc1d8fcff43d8bfd50c2b8e8bfe20ca709eec59e6ba5""}",
     15360,       284,         0,    1.65,pymatching,4bfc6ec261a2834df970db0950828896e2487f653581b8486e91f10e95d038fa,"{""circuit"":""surface_code:rotated_memory_x"",""cluster_node_limit"":null,""d"":15,""decoder"":""pymatching"",""decoder_type"":null,""p"":0.007,""p_erase"":0.0,""r"":15,""run_id"":""d1ccf9ea1c9e07a005fccca81fb1bbf260f70d1b202228a3f41578efc77eb8c3""}",
      1024,       152,         0,   0.203,pymatching,850e39c47fced6ff7265bdb4c76365f515f67038ccb3ecdcb3a2c0933891d207,"{""circuit"":""surface_code:rotated_memory_x"",""cluster_node_limit"":null,""d"":15,""decoder"":""pymatching"",""decoder_type"":null,""p"":0.01,""p_erase"":0.0,""r"":15,""run_id"":""f44f7f89fafd0685a1b76ed7263b8333d809fe95c8f9d59e2a319ac1180c1a26""}",
      3072,        88,         0,   0.360,pymatching,9feae9fa135770a18da2a11b39f91eae04f54184b525b84cc012c69a8e6f307f,"{""circuit"":""surface_code:rotated_memory_x"",""cluster_node_limit"":null,""d"":15,""decoder"":""pymatching"",""decoder_type"":null,""p"":0.0075,""p_erase"":0.0,""r"":15,""run_id"":""dc3660b314dc3ca7d4deac86cd94713bc5015e24a39ced86b89872ee1215c09b""}",
      1024,       229,         0,   0.246,pymatching,b98a568ec4a76f6518c27ff2fabae00db0c077e8f2c0af0089a255c78bae580d,"{""circuit"":""surface_code:rotated_memory_x"",""cluster_node_limit"":null,""d"":15,""decoder"":""pymatching"",""decoder_type"":null,""p"":0.011,""p_erase"":0.0,""r"":15,""run_id"":""57d71f50de155ca44cec8f749bf2e788298bf07dbc034e47476e3acf085e6f4b""}",
      2048,       166,         0,   0.348,pymatching,d3e3135addc3cba58986b0407aa3c5318e3e350a4196a18fbca2c6e9d7bfc179,"{""circuit"":""surface_code:rotated_memory_x"",""cluster_node_limit"":null,""d"":15,""decoder"":""pymatching"",""decoder_type"":null,""p"":0.009,""p_erase"":0.0,""r"":15,""run_id"":""94c0949c55754534ae562094f34da5719fdbd4ba22c94f7219547d86b251b744""}",
      3072,       127,         0,   0.433,pymatching,7821cb8f882bf900ca0d3d1811afa8e1a6daa7d780a4b5cd7a4a617f324660cc,"{""circuit"":""surface_code:rotated_memory_x"",""cluster_node_limit"":null,""d"":15,""decoder"":""pymatching"",""decoder_type"":null,""p"":0.008,""p_erase"":0.0,""r"":15,""run_id"":""e8bb317849b6618317422e72bc792362c94e7f80262ddd927256c9e13cedbdd5""}",
      3072,       657,         0,   0.734,pymatching,b98a568ec4a76f6518c27ff2fabae00db0c077e8f2c0af0089a255c78bae580d,"{""circuit"":""surface_code:rotated_memory_x"",""cluster_node_limit"":null,""d"":15,""decoder"":""pymatching"",""decoder_type"":null,""p"":0.011,""p_erase"":0.0,""r"":15,""run_id"":""57d71f50de155ca44cec8f749bf2e788298bf07dbc034e47476e3acf085e6f4b""}",
     13312,       326,         0,    1.59,pymatching,9feae9fa135770a18da2a11b39f91eae04f54184b525b84cc012c69a8e6f307f,"{""circuit"":""surface_code:rotated_memory_x"",""cluster_node_limit"":null,""d"":15,""decoder"":""pymatching"",""decoder_type"":null,""p"":0.0075,""p_erase"":0.0,""r"":15,""run_id"":""dc3660b314dc3ca7d4deac86cd94713bc5015e24a39ced86b89872ee1215c09b""}",
      1024,       142,         0,   0.215,pymatching,850e39c47fced6ff7265bdb4c76365f515f67038ccb3ecdcb3a2c0933891d207,"{""circuit"":""surface_code:rotated_memory_x"",""cluster_node_limit"":null,""d"":15,""decoder"":""pymatching"",""decoder_type"":null,""p"":0.01,""p_erase"":0.0,""r"":15,""run_id"":""f44f7f89fafd0685a1b76ed7263b8333d809fe95c8f9d59e2a319ac1180c1a26""}",
      9415,        87,         0,   0.883,pymatching,ef2998b438e2467c319370437fc9f136ab22f9acd114ce962975df117877187b,"{""circuit"":""surface_code:rotated_memory_x"",""cluster_node_limit"":null,""d"":15,""decoder"":""pymatching"",""decoder_type"":null,""p"":0.0065,""p_erase"":0.0,""r"":15,""run_id"":""3f2dbb3e06d4466c4dd8dc1d8fcff43d8bfd50c2b8e8bfe20ca709eec59e6ba5""}",
      1024,       231,         0,   0.248,pymatching,b98a568ec4a76f6518c27ff2fabae00db0c077e8f2c0af0089a255c78bae580d,"{""circuit"":""surface_code:rotated_memory_x"",""cluster_node_limit"":null,""d"":15,""decoder"":""pymatching"",""decoder_type"":null,""p"":0.011,""p_erase"":0.0,""r"":15,""run_id"":""57d71f50de155ca44cec8f749bf2e788298bf07dbc034e47476e3acf085e6f4b""}",
      4096,        71,         0,   0.454,pymatching,4bfc6ec261a2834df970db0950828896e2487f653581b8486e91f10e95d038fa,"{""circuit"":""surface_code:rotated_memory_x"",""cluster_node_limit"":null,""d"":15,""decoder"":""pymatching"",""decoder_type"":null,""p"":0.007,""p_erase"":0.0,""r"":15,""run_id"":""d1ccf9ea1c9e07a005fccca81fb1bbf260f70d1b202228a3f41578efc77eb8c3""}",
      4023,        38,         0,   0.373,pymatching,ef2998b438e2467c319370437fc9f136ab22f9acd114ce962975df117877187b,"{""circuit"":""surface_code:rotated_memory_x"",""cluster_node_limit"":null,""d"":15,""decoder"":""pymatching"",""decoder_type"":null,""p"":0.0065,""p_erase"":0.0,""r"":15,""run_id"":""3f2dbb3e06d4466c4dd8dc1d8fcff43d8bfd50c2b8e8bfe20ca709eec59e6ba5""}",
      4096,       572,         0,   0.870,pymatching,850e39c47fced6ff7265bdb4c76365f515f67038ccb3ecdcb3a2c0933891d207,"{""circuit"":""surface_code:rotated_memory_x"",""cluster_node_limit"":null,""d"":15,""decoder"":""pymatching"",""decoder_type"":null,""p"":0.01,""p_erase"":0.0,""r"":15,""run_id"":""f44f7f89fafd0685a1b76ed7263b8333d809fe95c8f9d59e2a319ac1180c1a26""}",
      2048,       172,         0,   0.344,pymatching,d3e3135addc3cba58986b0407aa3c5318e3e350a4196a18fbca2c6e9d7bfc179,"{""circuit"":""surface_code:rotated_memory_x"",""cluster_node_limit"":null,""d"":15,""decoder"":""pymatching"",""decoder_type"":null,""p"":0.009,""p_erase"":0.0,""r"":15,""run_id"":""94c0949c55754534ae562094f34da5719fdbd4ba22c94f7219547d86b251b744""}",
      1024,       141,         0,   0.202,pymatching,850e39c47fced6ff7265bdb4c76365f515f67038ccb3ecdcb3a2c0933891d207,"{""circuit"":""surface_code:rotated_memory_x"",""cluster_node_limit"":null,""d"":15,""decoder"":""pymatching"",""decoder_type"":null,""p"":0.01,""p_erase"":0.0,""r"":15,""run_id"":""f44f7f89fafd0685a1b76ed7263b8333d809fe95c8f9d59e2a319ac1180c1a26""}",
        17,         0,         0,   0.012,pymatching,4bfc6ec261a2834df970db0950828896e2487f653581b8486e91f10e95d038fa,"{""circuit"":""surface_code:rotated_memory_x"",""cluster_node_limit"":null,""d"":15,""decoder"":""pymatching"",""decoder_type"":null,""p"":0.007,""p_erase"":0.0,""r"":15,""run_id"":""d1ccf9ea1c9e07a005fccca81fb1bbf260f70d1b202228a3f41578efc77eb8c3""}",
        17,         0,         0,   0.010,pymatching,9feae9fa135770a18da2a11b39f91eae04f54184b525b84cc012c69a8e6f307f,"{""circuit"":""surface_code:rotated_memory_x"",""cluster_node_limit"":null,""d"":15,""decoder"":""pymatching"",""decoder_type"":null,""p"":0.0075,""p_erase"":0.0,""r"":15,""run_id"":""dc3660b314dc3ca7d4deac86cd94713bc5015e24a39ced86b89872ee1215c09b""}",
       256,         4,         0,   0.029,pymatching,4bfc6ec261a2834df970db0950828896e2487f653581b8486e91f10e95d038fa,"{""circuit"":""surface_code:rotated_memory_x"",""cluster_node_limit"":null,""d"":15,""decoder"":""pymatching"",""decoder_type"":null,""p"":0.007,""p_erase"":0.0,""r"":15,""run_id"":""d1ccf9ea1c9e07a005fccca81fb1bbf260f70d1b202228a3f41578efc77eb8c3""}",
       256,         8,         0,   0.035,pymatching,9feae9fa135770a18da2a11b39f91eae04f54184b525b84cc012c69a8e6f307f,"{""circuit"":""surface_code:rotated_memory_x"",""cluster_node_limit"":null,""d"":15,""decoder"":""pymatching"",""decoder_type"":null,""p"":0.0075,""p_erase"":0.0,""r"":15,""run_id"":""dc3660b314dc3ca7d4deac86cd94713bc5015e24a39ced86b89872ee1215c09b""}",
      4096,       114,         0,   0.508,pymatching,9feae9fa135770a18da2a11b39f91eae04f54184b525b84cc012c69a8e6f307f,"{""circuit"":""surface_code:rotated_memory_x"",""cluster_node_limit"":null,""d"":15,""decoder"":""pymatching"",""decoder_type"":null,""p"":0.0075,""p_erase"":0.0,""r"":15,""run_id"":""dc3660b314dc3ca7d4deac86cd94713bc5015e24a39ced86b89872ee1215c09b""}",
      1024,       226,         0,   0.241,pymatching,b98a568ec4a76f6518c27ff2fabae00db0c077e8f2c0af0089a255c78bae580d,"{""circuit"":""surface_code:rotated_memory_x"",""cluster_node_limit"":null,""d"":15,""decoder"":""pymatching"",""decoder_type"":null,""p"":0.011,""p_erase"":0.0,""r"":15,""run_id"":""57d71f50de155ca44cec8f749bf2e788298bf07dbc034e47476e3acf085e6f4b""}",
      3072,       112,         0,   0.414,pymatching,7821cb8f882bf900ca0d3d1811afa8e1a6daa7d780a4b5cd7a4a617f324660cc,"{""circuit"":""surface_code:rotated_memory_x"",""cluster_node_limit"":null,""d"":15,""decoder"":""pymatching"",""decoder_type"":null,""p"":0.008,""p_erase"":0.0,""r"":15,""run_id"":""e8bb317849b6618317422e72bc792362c94e7f80262ddd927256c9e13cedbdd5""}",
      1024,        12,         0,   0.111,pymatching,4bfc6ec261a2834df970db0950828896e2487f653581b8486e91f10e95d038fa,"{""circuit"":""surface_code:rotated_memory_x"",""cluster_node_limit"":null,""d"":15,""decoder"":""pymatching"",""decoder_type"":null,""p"":0.007,""p_erase"":0.0,""r"":15,""run_id"":""d1ccf9ea1c9e07a005fccca81fb1bbf260f70d1b202228a3f41578efc77eb8c3""}",
      1024,        32,         0,   0.126,pymatching,9feae9fa135770a18da2a11b39f91eae04f54184b525b84cc012c69a8e6f307f,"{""circuit"":""surface_code:rotated_memory_x"",""cluster_node_limit"":null,""d"":15,""decoder"":""pymatching"",""decoder_type"":null,""p"":0.0075,""p_erase"":0.0,""r"":15,""run_id"":""dc3660b314dc3ca7d4deac86cd94713bc5015e24a39ced86b89872ee1215c09b""}",
      1024,       148,         0,   0.214,pymatching,850e39c47fced6ff7265bdb4c76365f515f67038ccb3ecdcb3a2c0933891d207,"{""circuit"":""surface_code:rotated_memory_x"",""cluster_node_limit"":null,""d"":15,""decoder"":""pymatching"",""decoder_type"":null,""p"":0.01,""p_erase"":0.0,""r"":15,""run_id"":""f44f7f89fafd0685a1b76ed7263b8333d809fe95c8f9d59e2a319ac1180c1a26""}",
      1024,        15,         0,   0.116,pymatching,4bfc6ec261a2834df970db0950828896e2487f653581b8486e91f10e95d038fa,"{""circuit"":""surface_code:rotated_memory_x"",""cluster_node_limit"":null,""d"":15,""decoder"":""pymatching"",""decoder_type"":null,""p"":0.007,""p_erase"":0.0,""r"":15,""run_id"":""d1ccf9ea1c9e07a005fccca81fb1bbf260f70d1b202228a3f41578efc77eb8c3""}",
      1024,        23,         0,   0.127,pymatching,9feae9fa135770a18da2a11b39f91eae04f54184b525b84cc012c69a8e6f307f,"{""circuit"":""surface_code:rotated_memory_x"",""cluster_node_limit"":null,""d"":15,""decoder"":""pymatching"",""decoder_type"":null,""p"":0.0075,""p_erase"":0.0,""r"":15,""run_id"":""dc3660b314dc3ca7d4deac86cd94713bc5015e24a39ced86b89872ee1215c09b""}",
      1024,       222,         0,   0.246,pymatching,b98a568ec4a76f6518c27ff2fabae00db0c077e8f2c0af0089a255c78bae580d,"{""circuit"":""surface_code:rotated_memory_x"",""cluster_node_limit"":null,""d"":15,""decoder"":""pymatching"",""decoder_type"":null,""p"":0.011,""p_erase"":0.0,""r"":15,""run_id"":""57d71f50de155ca44cec8f749bf2e788298bf07dbc034e47476e3acf085e6f4b""}",
      1024,        14,         0,   0.109,pymatching,4bfc6ec261a2834df970db0950828896e2487f653581b8486e91f10e95d038fa,"{""circuit"":""surface_code:rotated_memory_x"",""cluster_node_limit"":null,""d"":15,""decoder"":""pymatching"",""decoder_type"":null,""p"":0.007,""p_erase"":0.0,""r"":15,""run_id"":""d1ccf9ea1c9e07a005fccca81fb1bbf260f70d1b202228a3f41578efc77eb8c3""}",
      7168,       627,         0,    1.20,pymatching,d3e3135addc3cba58986b0407aa3c5318e3e350a4196a18fbca2c6e9d7bfc179,"{""circuit"":""surface_code:rotated_memory_x"",""cluster_node_limit"":null,""d"":15,""decoder"":""pymatching"",""decoder_type"":null,""p"":0.009,""p_erase"":0.0,""r"":15,""run_id"":""94c0949c55754534ae562094f34da5719fdbd4ba22c94f7219547d86b251b744""}",
      7893,       127,         0,   0.850,pymatching,4bfc6ec261a2834df970db0950828896e2487f653581b8486e91f10e95d038fa,"{""circuit"":""surface_code:rotated_memory_x"",""cluster_node_limit"":null,""d"":15,""decoder"":""pymatching"",""decoder_type"":null,""p"":0.007,""p_erase"":0.0,""r"":15,""run_id"":""d1ccf9ea1c9e07a005fccca81fb1bbf260f70d1b202228a3f41578efc77eb8c3""}",
      1024,       152,         0,   0.205,pymatching,850e39c47fced6ff7265bdb4c76365f515f67038ccb3ecdcb3a2c0933891d207,"{""circuit"":""surface_code:rotated_memory_x"",""cluster_node_limit"":null,""d"":15,""decoder"":""pymatching"",""decoder_type"":null,""p"":0.01,""p_erase"":0.0,""r"":15,""run_id"":""f44f7f89fafd0685a1b76ed7263b8333d809fe95c8f9d59e2a319ac1180c1a26""}",
      5120,        90,         0,   0.539,pymatching,4bfc6ec261a2834df970db0950828896e2487f653581b8486e91f10e95d038fa,"{""circuit"":""surface_code:rotated_memory_x"",""cluster_node_limit"":null,""d"":15,""decoder"":""pymatching"",""decoder_type"":null,""p"":0.007,""p_erase"":0.0,""r"":15,""run_id"":""d1ccf9ea1c9e07a005fccca81fb1bbf260f70d1b202228a3f41578efc77eb8c3""}",
      1024,        27,         0,   0.120,pymatching,9feae9fa135770a18da2a11b39f91eae04f54184b525b84cc012c69a8e6f307f,"{""circuit"":""surface_code:rotated_memory_x"",""cluster_node_limit"":null,""d"":15,""decoder"":""pymatching"",""decoder_type"":null,""p"":0.0075,""p_erase"":0.0,""r"":15,""run_id"":""dc3660b314dc3ca7d4deac86cd94713bc5015e24a39ced86b89872ee1215c09b""}",
      3072,       251,         0,   0.522,pymatching,d3e3135addc3cba58986b0407aa3c5318e3e350a4196a18fbca2c6e9d7bfc179,"{""circuit"":""surface_code:rotated_memory_x"",""cluster_node_limit"":null,""d"":15,""decoder"":""pymatching"",""decoder_type"":null,""p"":0.009,""p_erase"":0.0,""r"":15,""run_id"":""94c0949c55754534ae562094f34da5719fdbd4ba22c94f7219547d86b251b744""}",
       333,         2,         0,   0.035,pymatching,4bfc6ec261a2834df970db0950828896e2487f653581b8486e91f10e95d038fa,"{""circuit"":""surface_code:rotated_memory_x"",""cluster_node_limit"":null,""d"":15,""decoder"":""pymatching"",""decoder_type"":null,""p"":0.007,""p_erase"":0.0,""r"":15,""run_id"":""d1ccf9ea1c9e07a005fccca81fb1bbf260f70d1b202228a3f41578efc77eb8c3""}",
      1024,        16,         0,   0.107,pymatching,4bfc6ec261a2834df970db0950828896e2487f653581b8486e91f10e95d038fa,"{""circuit"":""surface_code:rotated_memory_x"",""cluster_node_limit"":null,""d"":15,""decoder"":""pymatching"",""decoder_type"":null,""p"":0.007,""p_erase"":0.0,""r"":15,""run_id"":""d1ccf9ea1c9e07a005fccca81fb1bbf260f70d1b202228a3f41578efc77eb8c3""}",
       400,         8,         0,   0.051,pymatching,4bfc6ec261a2834df970db0950828896e2487f653581b8486e91f10e95d038fa,"{""circuit"":""surface_code:rotated_memory_x"",""cluster_node_limit"":null,""d"":15,""decoder"":""pymatching"",""decoder_type"":null,""p"":0.007,""p_erase"":0.0,""r"":15,""run_id"":""d1ccf9ea1c9e07a005fccca81fb1bbf260f70d1b202228a3f41578efc77eb8c3""}",
      1024,        28,         0,   0.120,pymatching,9feae9fa135770a18da2a11b39f91eae04f54184b525b84cc012c69a8e6f307f,"{""circuit"":""surface_code:rotated_memory_x"",""cluster_node_limit"":null,""d"":15,""decoder"":""pymatching"",""decoder_type"":null,""p"":0.0075,""p_erase"":0.0,""r"":15,""run_id"":""dc3660b314dc3ca7d4deac86cd94713bc5015e24a39ced86b89872ee1215c09b""}",
       111,         3,         0,   0.012,pymatching,4bfc6ec261a2834df970db0950828896e2487f653581b8486e91f10e95d038fa,"{""circuit"":""surface_code:rotated_memory_x"",""cluster_node_limit"":null,""d"":15,""decoder"":""pymatching"",""decoder_type"":null,""p"":0.007,""p_erase"":0.0,""r"":15,""run_id"":""d1ccf9ea1c9e07a005fccca81fb1bbf260f70d1b202228a3f41578efc77eb8c3""}",
      1024,       228,         0,   0.245,pymatching,b98a568ec4a76f6518c27ff2fabae00db0c077e8f2c0af0089a255c78bae580d,"{""circuit"":""surface_code:rotated_memory_x"",""cluster_node_limit"":null,""d"":15,""decoder"":""pymatching"",""decoder_type"":null,""p"":0.011,""p_erase"":0.0,""r"":15,""run_id"":""57d71f50de155ca44cec8f749bf2e788298bf07dbc034e47476e3acf085e6f4b""}",
      1024,       127,         0,   0.203,pymatching,850e39c47fced6ff7265bdb4c76365f515f67038ccb3ecdcb3a2c0933891d207,"{""circuit"":""surface_code:rotated_memory_x"",""cluster_node_limit"":null,""d"":15,""decoder"":""pymatching"",""decoder_type"":null,""p"":0.01,""p_erase"":0.0,""r"":15,""run_id"":""f44f7f89fafd0685a1b76ed7263b8333d809fe95c8f9d59e2a319ac1180c1a26""}",
      1024,        22,         0,   0.107,pymatching,4bfc6ec261a2834df970db0950828896e2487f653581b8486e91f10e95d038fa,"{""circuit"":""surface_code:rotated_memory_x"",""cluster_node_limit"":null,""d"":15,""decoder"":""pymatching"",""decoder_type"":null,""p"":0.007,""p_erase"":0.0,""r"":15,""run_id"":""d1ccf9ea1c9e07a005fccca81fb1bbf260f70d1b202228a3f41578efc77eb8c3""}",
      2048,        37,         0,   0.218,pymatching,4bfc6ec261a2834df970db0950828896e2487f653581b8486e91f10e95d038fa,"{""circuit"":""surface_code:rotated_memory_x"",""cluster_node_limit"":null,""d"":15,""decoder"":""pymatching"",""decoder_type"":null,""p"":0.007,""p_erase"":0.0,""r"":15,""run_id"":""d1ccf9ea1c9e07a005fccca81fb1bbf260f70d1b202228a3f41578efc77eb8c3""}",
       281,         5,         0,   0.029,pymatching,4bfc6ec261a2834df970db0950828896e2487f653581b8486e91f10e95d038fa,"{""circuit"":""surface_code:rotated_memory_x"",""cluster_node_limit"":null,""d"":15,""decoder"":""pymatching"",""decoder_type"":null,""p"":0.007,""p_erase"":0.0,""r"":15,""run_id"":""d1ccf9ea1c9e07a005fccca81fb1bbf260f70d1b202228a3f41578efc77eb8c3""}",
       794,         8,         0,   0.091,pymatching,4bfc6ec261a2834df970db0950828896e2487f653581b8486e91f10e95d038fa,"{""circuit"":""surface_code:rotated_memory_x"",""cluster_node_limit"":null,""d"":15,""decoder"":""pymatching"",""decoder_type"":null,""p"":0.007,""p_erase"":0.0,""r"":15,""run_id"":""d1ccf9ea1c9e07a005fccca81fb1bbf260f70d1b202228a3f41578efc77eb8c3""}",
      1024,        29,         0,   0.142,pymatching,9feae9fa135770a18da2a11b39f91eae04f54184b525b84cc012c69a8e6f307f,"{""circuit"":""surface_code:rotated_memory_x"",""cluster_node_limit"":null,""d"":15,""decoder"":""pymatching"",""decoder_type"":null,""p"":0.0075,""p_erase"":0.0,""r"":15,""run_id"":""dc3660b314dc3ca7d4deac86cd94713bc5015e24a39ced86b89872ee1215c09b""}",
      5120,       128,         0,   0.617,pymatching,9feae9fa135770a18da2a11b39f91eae04f54184b525b84cc012c69a8e6f307f,"{""circuit"":""surface_code:rotated_memory_x"",""cluster_node_limit"":null,""d"":15,""decoder"":""pymatching"",""decoder_type"":null,""p"":0.0075,""p_erase"":0.0,""r"":15,""run_id"":""dc3660b314dc3ca7d4deac86cd94713bc5015e24a39ced86b89872ee1215c09b""}",
      4096,       883,         0,   0.977,pymatching,b98a568ec4a76f6518c27ff2fabae00db0c077e8f2c0af0089a255c78bae580d,"{""circuit"":""surface_code:rotated_memory_x"",""cluster_node_limit"":null,""d"":15,""decoder"":""pymatching"",""decoder_type"":null,""p"":0.011,""p_erase"":0.0,""r"":15,""run_id"":""57d71f50de155ca44cec8f749bf2e788298bf07dbc034e47476e3acf085e6f4b""}",
      1024,        22,         0,   0.110,pymatching,4bfc6ec261a2834df970db0950828896e2487f653581b8486e91f10e95d038fa,"{""circuit"":""surface_code:rotated_memory_x"",""cluster_node_limit"":null,""d"":15,""decoder"":""pymatching"",""decoder_type"":null,""p"":0.007,""p_erase"":0.0,""r"":15,""run_id"":""d1ccf9ea1c9e07a005fccca81fb1bbf260f70d1b202228a3f41578efc77eb8c3""}",
        94,         1,         0,   0.010,pymatching,4bfc6ec261a2834df970db0950828896e2487f653581b8486e91f10e95d038fa,"{""circuit"":""surface_code:rotated_memory_x"",""cluster_node_limit"":null,""d"":15,""decoder"":""pymatching"",""decoder_type"":null,""p"":0.007,""p_erase"":0.0,""r"":15,""run_id"":""d1ccf9ea1c9e07a005fccca81fb1bbf260f70d1b202228a3f41578efc77eb8c3""}",
        93,         1,         0,   0.013,pymatching,4bfc6ec261a2834df970db0950828896e2487f653581b8486e91f10e95d038fa,"{""circuit"":""surface_code:rotated_memory_x"",""cluster_node_limit"":null,""d"":15,""decoder"":""pymatching"",""decoder_type"":null,""p"":0.007,""p_erase"":0.0,""r"":15,""run_id"":""d1ccf9ea1c9e07a005fccca81fb1bbf260f70d1b202228a3f41578efc77eb8c3""}",
        94,         3,         0,   0.014,pymatching,4bfc6ec261a2834df970db0950828896e2487f653581b8486e91f10e95d038fa,"{""circuit"":""surface_code:rotated_memory_x"",""cluster_node_limit"":null,""d"":15,""decoder"":""pymatching"",""decoder_type"":null,""p"":0.007,""p_erase"":0.0,""r"":15,""run_id"":""d1ccf9ea1c9e07a005fccca81fb1bbf260f70d1b202228a3f41578efc77eb8c3""}",
      1024,       157,         0,   0.203,pymatching,850e39c47fced6ff7265bdb4c76365f515f67038ccb3ecdcb3a2c0933891d207,"{""circuit"":""surface_code:rotated_memory_x"",""cluster_node_limit"":null,""d"":15,""decoder"":""pymatching"",""decoder_type"":null,""p"":0.01,""p_erase"":0.0,""r"":15,""run_id"":""f44f7f89fafd0685a1b76ed7263b8333d809fe95c8f9d59e2a319ac1180c1a26""}",
      1024,       229,         0,   0.233,pymatching,b98a568ec4a76f6518c27ff2fabae00db0c077e8f2c0af0089a255c78bae580d,"{""circuit"":""surface_code:rotated_memory_x"",""cluster_node_limit"":null,""d"":15,""decoder"":""pymatching"",""decoder_type"":null,""p"":0.011,""p_erase"":0.0,""r"":15,""run_id"":""57d71f50de155ca44cec8f749bf2e788298bf07dbc034e47476e3acf085e6f4b""}",
      5120,       186,         0,   0.694,pymatching,7821cb8f882bf900ca0d3d1811afa8e1a6daa7d780a4b5cd7a4a617f324660cc,"{""circuit"":""surface_code:rotated_memory_x"",""cluster_node_limit"":null,""d"":15,""decoder"":""pymatching"",""decoder_type"":null,""p"":0.008,""p_erase"":0.0,""r"":15,""run_id"":""e8bb317849b6618317422e72bc792362c94e7f80262ddd927256c9e13cedbdd5""}",
      1024,        17,         0,   0.124,pymatching,9feae9fa135770a18da2a11b39f91eae04f54184b525b84cc012c69a8e6f307f,"{""circuit"":""surface_code:rotated_memory_x"",""cluster_node_limit"":null,""d"":15,""decoder"":""pymatching"",""decoder_type"":null,""p"":0.0075,""p_erase"":0.0,""r"":15,""run_id"":""dc3660b314dc3ca7d4deac86cd94713bc5015e24a39ced86b89872ee1215c09b""}",
        17,         1,         0,   0.010,pymatching,850e39c47fced6ff7265bdb4c76365f515f67038ccb3ecdcb3a2c0933891d207,"{""circuit"":""surface_code:rotated_memory_x"",""cluster_node_limit"":null,""d"":15,""decoder"":""pymatching"",""decoder_type"":null,""p"":0.01,""p_erase"":0.0,""r"":15,""run_id"":""f44f7f89fafd0685a1b76ed7263b8333d809fe95c8f9d59e2a319ac1180c1a26""}",
        17,         1,         0,   0.011,pymatching,d3e3135addc3cba58986b0407aa3c5318e3e350a4196a18fbca2c6e9d7bfc179,"{""circuit"":""surface_code:rotated_memory_x"",""cluster_node_limit"":null,""d"":15,""decoder"":""pymatching"",""decoder_type"":null,""p"":0.009,""p_erase"":0.0,""r"":15,""run_id"":""94c0949c55754534ae562094f34da5719fdbd4ba22c94f7219547d86b251b744""}",
       273,        10,         0,   0.042,pymatching,7821cb8f882bf900ca0d3d1811afa8e1a6daa7d780a4b5cd7a4a617f324660cc,"{""circuit"":""surface_code:rotated_memory_x"",""cluster_node_limit"":null,""d"":15,""decoder"":""pymatching"",""decoder_type"":null,""p"":0.008,""p_erase"":0.0,""r"":15,""run_id"":""e8bb317849b6618317422e72bc792362c94e7f80262ddd927256c9e13cedbdd5""}",
       256,        23,         0,   0.044,pymatching,d3e3135addc3cba58986b0407aa3c5318e3e350a4196a18fbca2c6e9d7bfc179,"{""circuit"":""surface_code:rotated_memory_x"",""cluster_node_limit"":null,""d"":15,""decoder"":""pymatching"",""decoder_type"":null,""p"":0.009,""p_erase"":0.0,""r"":15,""run_id"":""94c0949c55754534ae562094f34da5719fdbd4ba22c94f7219547d86b251b744""}",
       256,        35,         0,   0.053,pymatching,850e39c47fced6ff7265bdb4c76365f515f67038ccb3ecdcb3a2c0933891d207,"{""circuit"":""surface_code:rotated_memory_x"",""cluster_node_limit"":null,""d"":15,""decoder"":""pymatching"",""decoder_type"":null,""p"":0.01,""p_erase"":0.0,""r"":15,""run_id"":""f44f7f89fafd0685a1b76ed7263b8333d809fe95c8f9d59e2a319ac1180c1a26""}",
      1749,        40,         0,   0.207,pymatching,9feae9fa135770a18da2a11b39f91eae04f54184b525b84cc012c69a8e6f307f,"{""circuit"":""surface_code:rotated_memory_x"",""cluster_node_limit"":null,""d"":15,""decoder"":""pymatching"",""decoder_type"":null,""p"":0.0075,""p_erase"":0.0,""r"":15,""run_id"":""dc3660b314dc3ca7d4deac86cd94713bc5015e24a39ced86b89872ee1215c09b""}",
      1024,       213,         0,   0.237,pymatching,b98a568ec4a76f6518c27ff2fabae00db0c077e8f2c0af0089a255c78bae580d,"{""circuit"":""surface_code:rotated_memory_x"",""cluster_node_limit"":null,""d"":15,""decoder"":""pymatching"",""decoder_type"":null,""p"":0.011,""p_erase"":0.0,""r"":15,""run_id"":""57d71f50de155ca44cec8f749bf2e788298bf07dbc034e47476e3acf085e6f4b""}",
     10240,       280,         0,    1.22,pymatching,9feae9fa135770a18da2a11b39f91eae04f54184b525b84cc012c69a8e6f307f,"{""circuit"":""surface_code:rotated_memory_x"",""cluster_node_limit"":null,""d"":15,""decoder"":""pymatching"",""decoder_type"":null,""p"":0.0075,""p_erase"":0.0,""r"":15,""run_id"":""dc3660b314dc3ca7d4deac86cd94713bc5015e24a39ced86b89872ee1215c09b""}",
     11264,       488,         0,    1.56,pymatching,7821cb8f882bf900ca0d3d1811afa8e1a6daa7d780a4b5cd7a4a617f324660cc,"{""circuit"":""surface_code:rotated_memory_x"",""cluster_node_limit"":null,""d"":15,""decoder"":""pymatching"",""decoder_type"":null,""p"":0.008,""p_erase"":0.0,""r"":15,""run_id"":""e8bb317849b6618317422e72bc792362c94e7f80262ddd927256c9e13cedbdd5""}",
      1024,        35,         0,   0.129,pymatching,7821cb8f882bf900ca0d3d1811afa8e1a6daa7d780a4b5cd7a4a617f324660cc,"{""circuit"":""surface_code:rotated_memory_x"",""cluster_node_limit"":null,""d"":15,""decoder"":""pymatching"",""decoder_type"":null,""p"":0.008,""p_erase"":0.0,""r"":15,""run_id"":""e8bb317849b6618317422e72bc792362c94e7f80262ddd927256c9e13cedbdd5""}",
       725,        23,         0,   0.083,pymatching,9feae9fa135770a18da2a11b39f91eae04f54184b525b84cc012c69a8e6f307f,"{""circuit"":""surface_code:rotated_memory_x"",""cluster_node_limit"":null,""d"":15,""decoder"":""pymatching"",""decoder_type"":null,""p"":0.0075,""p_erase"":0.0,""r"":15,""run_id"":""dc3660b314dc3ca7d4deac86cd94713bc5015e24a39ced86b89872ee1215c09b""}",
      2048,        58,         0,   0.235,pymatching,9feae9fa135770a18da2a11b39f91eae04f54184b525b84cc012c69a8e6f307f,"{""circuit"":""surface_code:rotated_memory_x"",""cluster_node_limit"":null,""d"":15,""decoder"":""pymatching"",""decoder_type"":null,""p"":0.0075,""p_erase"":0.0,""r"":15,""run_id"":""dc3660b314dc3ca7d4deac86cd94713bc5015e24a39ced86b89872ee1215c09b""}",
      1024,        75,         0,   0.161,pymatching,d3e3135addc3cba58986b0407aa3c5318e3e350a4196a18fbca2c6e9d7bfc179,"{""circuit"":""surface_code:rotated_memory_x"",""cluster_node_limit"":null,""d"":15,""decoder"":""pymatching"",""decoder_type"":null,""p"":0.009,""p_erase"":0.0,""r"":15,""run_id"":""94c0949c55754534ae562094f34da5719fdbd4ba22c94f7219547d86b251b744""}",
        44,         4,         0,   0.006,pymatching,9feae9fa135770a18da2a11b39f91eae04f54184b525b84cc012c69a8e6f307f,"{""circuit"":""surface_code:rotated_memory_x"",""cluster_node_limit"":null,""d"":15,""decoder"":""pymatching"",""decoder_type"":null,""p"":0.0075,""p_erase"":0.0,""r"":15,""run_id"":""dc3660b314dc3ca7d4deac86cd94713bc5015e24a39ced86b89872ee1215c09b""}",
       273,        12,         0,   0.040,pymatching,7821cb8f882bf900ca0d3d1811afa8e1a6daa7d780a4b5cd7a4a617f324660cc,"{""circuit"":""surface_code:rotated_memory_x"",""cluster_node_limit"":null,""d"":15,""decoder"":""pymatching"",""decoder_type"":null,""p"":0.008,""p_erase"":0.0,""r"":15,""run_id"":""e8bb317849b6618317422e72bc792362c94e7f80262ddd927256c9e13cedbdd5""}",
      1024,       155,         0,   0.195,pymatching,850e39c47fced6ff7265bdb4c76365f515f67038ccb3ecdcb3a2c0933891d207,"{""circuit"":""surface_code:rotated_memory_x"",""cluster_node_limit"":null,""d"":15,""decoder"":""pymatching"",""decoder_type"":null,""p"":0.01,""p_erase"":0.0,""r"":15,""run_id"":""f44f7f89fafd0685a1b76ed7263b8333d809fe95c8f9d59e2a319ac1180c1a26""}",
      4096,       345,         0,   0.666,pymatching,d3e3135addc3cba58986b0407aa3c5318e3e350a4196a18fbca2c6e9d7bfc179,"{""circuit"":""surface_code:rotated_memory_x"",""cluster_node_limit"":null,""d"":15,""decoder"":""pymatching"",""decoder_type"":null,""p"":0.009,""p_erase"":0.0,""r"":15,""run_id"":""94c0949c55754534ae562094f34da5719fdbd4ba22c94f7219547d86b251b744""}",
       625,        10,         0,   0.070,pymatching,9feae9fa135770a18da2a11b39f91eae04f54184b525b84cc012c69a8e6f307f,"{""circuit"":""surface_code:rotated_memory_x"",""cluster_node_limit"":null,""d"":15,""decoder"":""pymatching"",""decoder_type"":null,""p"":0.0075,""p_erase"":0.0,""r"":15,""run_id"":""dc3660b314dc3ca7d4deac86cd94713bc5015e24a39ced86b89872ee1215c09b""}",
      1024,        46,         0,   0.133,pymatching,7821cb8f882bf900ca0d3d1811afa8e1a6daa7d780a4b5cd7a4a617f324660cc,"{""circuit"":""surface_code:rotated_memory_x"",""cluster_node_limit"":null,""d"":15,""decoder"":""pymatching"",""decoder_type"":null,""p"":0.008,""p_erase"":0.0,""r"":15,""run_id"":""e8bb317849b6618317422e72bc792362c94e7f80262ddd927256c9e13cedbdd5""}",
      6144,       935,         0,    1.21,pymatching,850e39c47fced6ff7265bdb4c76365f515f67038ccb3ecdcb3a2c0933891d207,"{""circuit"":""surface_code:rotated_memory_x"",""cluster_node_limit"":null,""d"":15,""decoder"":""pymatching"",""decoder_type"":null,""p"":0.01,""p_erase"":0.0,""r"":15,""run_id"":""f44f7f89fafd0685a1b76ed7263b8333d809fe95c8f9d59e2a319ac1180c1a26""}",
      1024,        31,         0,   0.115,pymatching,9feae9fa135770a18da2a11b39f91eae04f54184b525b84cc012c69a8e6f307f,"{""circuit"":""surface_code:rotated_memory_x"",""cluster_node_limit"":null,""d"":15,""decoder"":""pymatching"",""decoder_type"":null,""p"":0.0075,""p_erase"":0.0,""r"":15,""run_id"":""dc3660b314dc3ca7d4deac86cd94713bc5015e24a39ced86b89872ee1215c09b""}",
         1,         0,         0,   0.005,pymatching,9feae9fa135770a18da2a11b39f91eae04f54184b525b84cc012c69a8e6f307f,"{""circuit"":""surface_code:rotated_memory_x"",""cluster_node_limit"":null,""d"":15,""decoder"":""pymatching"",""decoder_type"":null,""p"":0.0075,""p_erase"":0.0,""r"":15,""run_id"":""dc3660b314dc3ca7d4deac86cd94713bc5015e24a39ced86b89872ee1215c09b""}",
       202,         5,         0,   0.024,pymatching,9feae9fa135770a18da2a11b39f91eae04f54184b525b84cc012c69a8e6f307f,"{""circuit"":""surface_code:rotated_memory_x"",""cluster_node_limit"":null,""d"":15,""decoder"":""pymatching"",""decoder_type"":null,""p"":0.0075,""p_erase"":0.0,""r"":15,""run_id"":""dc3660b314dc3ca7d4deac86cd94713bc5015e24a39ced86b89872ee1215c09b""}",
       202,         5,         0,   0.026,pymatching,9feae9fa135770a18da2a11b39f91eae04f54184b525b84cc012c69a8e6f307f,"{""circuit"":""surface_code:rotated_memory_x"",""cluster_node_limit"":null,""d"":15,""decoder"":""pymatching"",""decoder_type"":null,""p"":0.0075,""p_erase"":0.0,""r"":15,""run_id"":""dc3660b314dc3ca7d4deac86cd94713bc5015e24a39ced86b89872ee1215c09b""}",
      2048,       290,         0,   0.400,pymatching,850e39c47fced6ff7265bdb4c76365f515f67038ccb3ecdcb3a2c0933891d207,"{""circuit"":""surface_code:rotated_memory_x"",""cluster_node_limit"":null,""d"":15,""decoder"":""pymatching"",""decoder_type"":null,""p"":0.01,""p_erase"":0.0,""r"":15,""run_id"":""f44f7f89fafd0685a1b76ed7263b8333d809fe95c8f9d59e2a319ac1180c1a26""}",
       199,         4,         0,   0.028,pymatching,9feae9fa135770a18da2a11b39f91eae04f54184b525b84cc012c69a8e6f307f,"{""circuit"":""surface_code:rotated_memory_x"",""cluster_node_limit"":null,""d"":15,""decoder"":""pymatching"",""decoder_type"":null,""p"":0.0075,""p_erase"":0.0,""r"":15,""run_id"":""dc3660b314dc3ca7d4deac86cd94713bc5015e24a39ced86b89872ee1215c09b""}",
       202,         9,         0,   0.028,pymatching,9feae9fa135770a18da2a11b39f91eae04f54184b525b84cc012c69a8e6f307f,"{""circuit"":""surface_code:rotated_memory_x"",""cluster_node_limit"":null,""d"":15,""decoder"":""pymatching"",""decoder_type"":null,""p"":0.0075,""p_erase"":0.0,""r"":15,""run_id"":""dc3660b314dc3ca7d4deac86cd94713bc5015e24a39ced86b89872ee1215c09b""}",
      1024,        37,         0,   0.132,pymatching,7821cb8f882bf900ca0d3d1811afa8e1a6daa7d780a4b5cd7a4a617f324660cc,"{""circuit"":""surface_code:rotated_memory_x"",""cluster_node_limit"":null,""d"":15,""decoder"":""pymatching"",""decoder_type"":null,""p"":0.008,""p_erase"":0.0,""r"":15,""run_id"":""e8bb317849b6618317422e72bc792362c94e7f80262ddd927256c9e13cedbdd5""}",
      1024,        82,         0,   0.161,pymatching,d3e3135addc3cba58986b0407aa3c5318e3e350a4196a18fbca2c6e9d7bfc179,"{""circuit"":""surface_code:rotated_memory_x"",""cluster_node_limit"":null,""d"":15,""decoder"":""pymatching"",""decoder_type"":null,""p"":0.009,""p_erase"":0.0,""r"":15,""run_id"":""94c0949c55754534ae562094f34da5719fdbd4ba22c94f7219547d86b251b744""}",
      1024,        38,         0,   0.130,pymatching,7821cb8f882bf900ca0d3d1811afa8e1a6daa7d780a4b5cd7a4a617f324660cc,"{""circuit"":""surface_code:rotated_memory_x"",""cluster_node_limit"":null,""d"":15,""decoder"":""pymatching"",""decoder_type"":null,""p"":0.008,""p_erase"":0.0,""r"":15,""run_id"":""e8bb317849b6618317422e72bc792362c94e7f80262ddd927256c9e13cedbdd5""}",
      1024,       139,         0,   0.201,pymatching,850e39c47fced6ff7265bdb4c76365f515f67038ccb3ecdcb3a2c0933891d207,"{""circuit"":""surface_code:rotated_memory_x"",""cluster_node_limit"":null,""d"":15,""decoder"":""pymatching"",""decoder_type"":null,""p"":0.01,""p_erase"":0.0,""r"":15,""run_id"":""f44f7f89fafd0685a1b76ed7263b8333d809fe95c8f9d59e2a319ac1180c1a26""}",
       112,         4,         0,   0.019,pymatching,7821cb8f882bf900ca0d3d1811afa8e1a6daa7d780a4b5cd7a4a617f324660cc,"{""circuit"":""surface_code:rotated_memory_x"",""cluster_node_limit"":null,""d"":15,""decoder"":""pymatching"",""decoder_type"":null,""p"":0.008,""p_erase"":0.0,""r"":15,""run_id"":""e8bb317849b6618317422e72bc792362c94e7f80262ddd927256c9e13cedbdd5""}",
      1024,       155,         0,   0.194,pymatching,850e39c47fced6ff7265bdb4c76365f515f67038ccb3ecdcb3a2c0933891d207,"{""circuit"":""surface_code:rotated_memory_x"",""cluster_node_limit"":null,""d"":15,""decoder"":""pymatching"",""decoder_type"":null,""p"":0.01,""p_erase"":0.0,""r"":15,""run_id"":""f44f7f89fafd0685a1b76ed7263b8333d809fe95c8f9d59e2a319ac1180c1a26""}",
       273,        10,         0,   0.039,pymatching,7821cb8f882bf900ca0d3d1811afa8e1a6daa7d780a4b5cd7a4a617f324660cc,"{""circuit"":""surface_code:rotated_memory_x"",""cluster_node_limit"":null,""d"":15,""decoder"":""pymatching"",""decoder_type"":null,""p"":0.008,""p_erase"":0.0,""r"":15,""run_id"":""e8bb317849b6618317422e72bc792362c94e7f80262ddd927256c9e13cedbdd5""}",
      1024,        41,         0,   0.132,pymatching,7821cb8f882bf900ca0d3d1811afa8e1a6daa7d780a4b5cd7a4a617f324660cc,"{""circuit"":""surface_code:rotated_memory_x"",""cluster_node_limit"":null,""d"":15,""decoder"":""pymatching"",""decoder_type"":null,""p"":0.008,""p_erase"":0.0,""r"":15,""run_id"":""e8bb317849b6618317422e72bc792362c94e7f80262ddd927256c9e13cedbdd5""}",
       273,        26,         0,   0.047,pymatching,d3e3135addc3cba58986b0407aa3c5318e3e350a4196a18fbca2c6e9d7bfc179,"{""circuit"":""surface_code:rotated_memory_x"",""cluster_node_limit"":null,""d"":15,""decoder"":""pymatching"",""decoder_type"":null,""p"":0.009,""p_erase"":0.0,""r"":15,""run_id"":""94c0949c55754534ae562094f34da5719fdbd4ba22c94f7219547d86b251b744""}",
       273,        27,         0,   0.048,pymatching,d3e3135addc3cba58986b0407aa3c5318e3e350a4196a18fbca2c6e9d7bfc179,"{""circuit"":""surface_code:rotated_memory_x"",""cluster_node_limit"":null,""d"":15,""decoder"":""pymatching"",""decoder_type"":null,""p"":0.009,""p_erase"":0.0,""r"":15,""run_id"":""94c0949c55754534ae562094f34da5719fdbd4ba22c94f7219547d86b251b744""}",
      1024,        80,         0,   0.163,pymatching,d3e3135addc3cba58986b0407aa3c5318e3e350a4196a18fbca2c6e9d7bfc179,"{""circuit"":""surface_code:rotated_memory_x"",""cluster_node_limit"":null,""d"":15,""decoder"":""pymatching"",""decoder_type"":null,""p"":0.009,""p_erase"":0.0,""r"":15,""run_id"":""94c0949c55754534ae562094f34da5719fdbd4ba22c94f7219547d86b251b744""}",
      1024,        40,         0,   0.142,pymatching,7821cb8f882bf900ca0d3d1811afa8e1a6daa7d780a4b5cd7a4a617f324660cc,"{""circuit"":""surface_code:rotated_memory_x"",""cluster_node_limit"":null,""d"":15,""decoder"":""pymatching"",""decoder_type"":null,""p"":0.008,""p_erase"":0.0,""r"":15,""run_id"":""e8bb317849b6618317422e72bc792362c94e7f80262ddd927256c9e13cedbdd5""}",
      4880,       196,         0,   0.634,pymatching,7821cb8f882bf900ca0d3d1811afa8e1a6daa7d780a4b5cd7a4a617f324660cc,"{""circuit"":""surface_code:rotated_memory_x"",""cluster_node_limit"":null,""d"":15,""decoder"":""pymatching"",""decoder_type"":null,""p"":0.008,""p_erase"":0.0,""r"":15,""run_id"":""e8bb317849b6618317422e72bc792362c94e7f80262ddd927256c9e13cedbdd5""}",
        17,         1,         0,   0.012,pymatching,7821cb8f882bf900ca0d3d1811afa8e1a6daa7d780a4b5cd7a4a617f324660cc,"{""circuit"":""surface_code:rotated_memory_x"",""cluster_node_limit"":null,""d"":15,""decoder"":""pymatching"",""decoder_type"":null,""p"":0.008,""p_erase"":0.0,""r"":15,""run_id"":""e8bb317849b6618317422e72bc792362c94e7f80262ddd927256c9e13cedbdd5""}",
        17,         0,         0,   0.011,pymatching,d3e3135addc3cba58986b0407aa3c5318e3e350a4196a18fbca2c6e9d7bfc179,"{""circuit"":""surface_code:rotated_memory_x"",""cluster_node_limit"":null,""d"":15,""decoder"":""pymatching"",""decoder_type"":null,""p"":0.009,""p_erase"":0.0,""r"":15,""run_id"":""94c0949c55754534ae562094f34da5719fdbd4ba22c94f7219547d86b251b744""}",
      1024,        37,         0,   0.134,pymatching,7821cb8f882bf900ca0d3d1811afa8e1a6daa7d780a4b5cd7a4a617f324660cc,"{""circuit"":""surface_code:rotated_memory_x"",""cluster_node_limit"":null,""d"":15,""decoder"":""pymatching"",""decoder_type"":null,""p"":0.008,""p_erase"":0.0,""r"":15,""run_id"":""e8bb317849b6618317422e72bc792362c94e7f80262ddd927256c9e13cedbdd5""}",
      1024,        44,         0,   0.135,pymatching,7821cb8f882bf900ca0d3d1811afa8e1a6daa7d780a4b5cd7a4a617f324660cc,"{""circuit"":""surface_code:rotated_memory_x"",""cluster_node_limit"":null,""d"":15,""decoder"":""pymatching"",""decoder_type"":null,""p"":0.008,""p_erase"":0.0,""r"":15,""run_id"":""e8bb317849b6618317422e72bc792362c94e7f80262ddd927256c9e13cedbdd5""}",
      1024,        44,         0,   0.142,pymatching,7821cb8f882bf900ca0d3d1811afa8e1a6daa7d780a4b5cd7a4a617f324660cc,"{""circuit"":""surface_code:rotated_memory_x"",""cluster_node_limit"":null,""d"":15,""decoder"":""pymatching"",""decoder_type"":null,""p"":0.008,""p_erase"":0.0,""r"":15,""run_id"":""e8bb317849b6618317422e72bc792362c94e7f80262ddd927256c9e13cedbdd5""}",
       256,        10,         0,   0.032,pymatching,7821cb8f882bf900ca0d3d1811afa8e1a6daa7d780a4b5cd7a4a617f324660cc,"{""circuit"":""surface_code:rotated_memory_x"",""cluster_node_limit"":null,""d"":15,""decoder"":""pymatching"",""decoder_type"":null,""p"":0.008,""p_erase"":0.0,""r"":15,""run_id"":""e8bb317849b6618317422e72bc792362c94e7f80262ddd927256c9e13cedbdd5""}",
       273,        24,         0,   0.049,pymatching,d3e3135addc3cba58986b0407aa3c5318e3e350a4196a18fbca2c6e9d7bfc179,"{""circuit"":""surface_code:rotated_memory_x"",""cluster_node_limit"":null,""d"":15,""decoder"":""pymatching"",""decoder_type"":null,""p"":0.009,""p_erase"":0.0,""r"":15,""run_id"":""94c0949c55754534ae562094f34da5719fdbd4ba22c94f7219547d86b251b744""}",
       256,        22,         0,   0.041,pymatching,d3e3135addc3cba58986b0407aa3c5318e3e350a4196a18fbca2c6e9d7bfc179,"{""circuit"":""surface_code:rotated_memory_x"",""cluster_node_limit"":null,""d"":15,""decoder"":""pymatching"",""decoder_type"":null,""p"":0.009,""p_erase"":0.0,""r"":15,""run_id"":""94c0949c55754534ae562094f34da5719fdbd4ba22c94f7219547d86b251b744""}",
      6855,       574,         0,    1.12,pymatching,d3e3135addc3cba58986b0407aa3c5318e3e350a4196a18fbca2c6e9d7bfc179,"{""circuit"":""surface_code:rotated_memory_x"",""cluster_node_limit"":null,""d"":15,""decoder"":""pymatching"",""decoder_type"":null,""p"":0.009,""p_erase"":0.0,""r"":15,""run_id"":""94c0949c55754534ae562094f34da5719fdbd4ba22c94f7219547d86b251b744""}",
      1024,        84,         0,   0.168,pymatching,d3e3135addc3cba58986b0407aa3c5318e3e350a4196a18fbca2c6e9d7bfc179,"{""circuit"":""surface_code:rotated_memory_x"",""cluster_node_limit"":null,""d"":15,""decoder"":""pymatching"",""decoder_type"":null,""p"":0.009,""p_erase"":0.0,""r"":15,""run_id"":""94c0949c55754534ae562094f34da5719fdbd4ba22c94f7219547d86b251b744""}",
      4096,       163,         0,   0.548,pymatching,7821cb8f882bf900ca0d3d1811afa8e1a6daa7d780a4b5cd7a4a617f324660cc,"{""circuit"":""surface_code:rotated_memory_x"",""cluster_node_limit"":null,""d"":15,""decoder"":""pymatching"",""decoder_type"":null,""p"":0.008,""p_erase"":0.0,""r"":15,""run_id"":""e8bb317849b6618317422e72bc792362c94e7f80262ddd927256c9e13cedbdd5""}",
      1024,        86,         0,   0.168,pymatching,d3e3135addc3cba58986b0407aa3c5318e3e350a4196a18fbca2c6e9d7bfc179,"{""circuit"":""surface_code:rotated_memory_x"",""cluster_node_limit"":null,""d"":15,""decoder"":""pymatching"",""decoder_type"":null,""p"":0.009,""p_erase"":0.0,""r"":15,""run_id"":""94c0949c55754534ae562094f34da5719fdbd4ba22c94f7219547d86b251b744""}",
      1024,        56,         0,   0.136,pymatching,7821cb8f882bf900ca0d3d1811afa8e1a6daa7d780a4b5cd7a4a617f324660cc,"{""circuit"":""surface_code:rotated_memory_x"",""cluster_node_limit"":null,""d"":15,""decoder"":""pymatching"",""decoder_type"":null,""p"":0.008,""p_erase"":0.0,""r"":15,""run_id"":""e8bb317849b6618317422e72bc792362c94e7f80262ddd927256c9e13cedbdd5""}",
      1024,        94,         0,   0.173,pymatching,d3e3135addc3cba58986b0407aa3c5318e3e350a4196a18fbca2c6e9d7bfc179,"{""circuit"":""surface_code:rotated_memory_x"",""cluster_node_limit"":null,""d"":15,""decoder"":""pymatching"",""decoder_type"":null,""p"":0.009,""p_erase"":0.0,""r"":15,""run_id"":""94c0949c55754534ae562094f34da5719fdbd4ba22c94f7219547d86b251b744""}",
       655,        30,         0,   0.088,pymatching,7821cb8f882bf900ca0d3d1811afa8e1a6daa7d780a4b5cd7a4a617f324660cc,"{""circuit"":""surface_code:rotated_memory_x"",""cluster_node_limit"":null,""d"":15,""decoder"":""pymatching"",""decoder_type"":null,""p"":0.008,""p_erase"":0.0,""r"":15,""run_id"":""e8bb317849b6618317422e72bc792362c94e7f80262ddd927256c9e13cedbdd5""}",
       781,        28,         0,   0.103,pymatching,7821cb8f882bf900ca0d3d1811afa8e1a6daa7d780a4b5cd7a4a617f324660cc,"{""circuit"":""surface_code:rotated_memory_x"",""cluster_node_limit"":null,""d"":15,""decoder"":""pymatching"",""decoder_type"":null,""p"":0.008,""p_erase"":0.0,""r"":15,""run_id"":""e8bb317849b6618317422e72bc792362c94e7f80262ddd927256c9e13cedbdd5""}",
       442,        11,         0,   0.056,pymatching,7821cb8f882bf900ca0d3d1811afa8e1a6daa7d780a4b5cd7a4a617f324660cc,"{""circuit"":""surface_code:rotated_memory_x"",""cluster_node_limit"":null,""d"":15,""decoder"":""pymatching"",""decoder_type"":null,""p"":0.008,""p_erase"":0.0,""r"":15,""run_id"":""e8bb317849b6618317422e72bc792362c94e7f80262ddd927256c9e13cedbdd5""}",
         5,         0,         0,   0.001,pymatching,7821cb8f882bf900ca0d3d1811afa8e1a6daa7d780a4b5cd7a4a617f324660cc,"{""circuit"":""surface_code:rotated_memory_x"",""cluster_node_limit"":null,""d"":15,""decoder"":""pymatching"",""decoder_type"":null,""p"":0.008,""p_erase"":0.0,""r"":15,""run_id"":""e8bb317849b6618317422e72bc792362c94e7f80262ddd927256c9e13cedbdd5""}",
      1024,        56,         0,   0.134,pymatching,7821cb8f882bf900ca0d3d1811afa8e1a6daa7d780a4b5cd7a4a617f324660cc,"{""circuit"":""surface_code:rotated_memory_x"",""cluster_node_limit"":null,""d"":15,""decoder"":""pymatching"",""decoder_type"":null,""p"":0.008,""p_erase"":0.0,""r"":15,""run_id"":""e8bb317849b6618317422e72bc792362c94e7f80262ddd927256c9e13cedbdd5""}",
      1024,        49,         0,   0.137,pymatching,7821cb8f882bf900ca0d3d1811afa8e1a6daa7d780a4b5cd7a4a617f324660cc,"{""circuit"":""surface_code:rotated_memory_x"",""cluster_node_limit"":null,""d"":15,""decoder"":""pymatching"",""decoder_type"":null,""p"":0.008,""p_erase"":0.0,""r"":15,""run_id"":""e8bb317849b6618317422e72bc792362c94e7f80262ddd927256c9e13cedbdd5""}",
      1024,        40,         0,   0.133,pymatching,7821cb8f882bf900ca0d3d1811afa8e1a6daa7d780a4b5cd7a4a617f324660cc,"{""circuit"":""surface_code:rotated_memory_x"",""cluster_node_limit"":null,""d"":15,""decoder"":""pymatching"",""decoder_type"":null,""p"":0.008,""p_erase"":0.0,""r"":15,""run_id"":""e8bb317849b6618317422e72bc792362c94e7f80262ddd927256c9e13cedbdd5""}",
      3072,       225,         0,   0.496,pymatching,d3e3135addc3cba58986b0407aa3c5318e3e350a4196a18fbca2c6e9d7bfc179,"{""circuit"":""surface_code:rotated_memory_x"",""cluster_node_limit"":null,""d"":15,""decoder"":""pymatching"",""decoder_type"":null,""p"":0.009,""p_erase"":0.0,""r"":15,""run_id"":""94c0949c55754534ae562094f34da5719fdbd4ba22c94f7219547d86b251b744""}",
      1024,        92,         0,   0.160,pymatching,d3e3135addc3cba58986b0407aa3c5318e3e350a4196a18fbca2c6e9d7bfc179,"{""circuit"":""surface_code:rotated_memory_x"",""cluster_node_limit"":null,""d"":15,""decoder"":""pymatching"",""decoder_type"":null,""p"":0.009,""p_erase"":0.0,""r"":15,""run_id"":""94c0949c55754534ae562094f34da5719fdbd4ba22c94f7219547d86b251b744""}",
      1024,        75,         0,   0.165,pymatching,d3e3135addc3cba58986b0407aa3c5318e3e350a4196a18fbca2c6e9d7bfc179,"{""circuit"":""surface_code:rotated_memory_x"",""cluster_node_limit"":null,""d"":15,""decoder"":""pymatching"",""decoder_type"":null,""p"":0.009,""p_erase"":0.0,""r"":15,""run_id"":""94c0949c55754534ae562094f34da5719fdbd4ba22c94f7219547d86b251b744""}",
       646,        29,         0,   0.083,pymatching,7821cb8f882bf900ca0d3d1811afa8e1a6daa7d780a4b5cd7a4a617f324660cc,"{""circuit"":""surface_code:rotated_memory_x"",""cluster_node_limit"":null,""d"":15,""decoder"":""pymatching"",""decoder_type"":null,""p"":0.008,""p_erase"":0.0,""r"":15,""run_id"":""e8bb317849b6618317422e72bc792362c94e7f80262ddd927256c9e13cedbdd5""}",
       519,        17,         0,   0.066,pymatching,7821cb8f882bf900ca0d3d1811afa8e1a6daa7d780a4b5cd7a4a617f324660cc,"{""circuit"":""surface_code:rotated_memory_x"",""cluster_node_limit"":null,""d"":15,""decoder"":""pymatching"",""decoder_type"":null,""p"":0.008,""p_erase"":0.0,""r"":15,""run_id"":""e8bb317849b6618317422e72bc792362c94e7f80262ddd927256c9e13cedbdd5""}",
       519,        20,         0,   0.066,pymatching,7821cb8f882bf900ca0d3d1811afa8e1a6daa7d780a4b5cd7a4a617f324660cc,"{""circuit"":""surface_code:rotated_memory_x"",""cluster_node_limit"":null,""d"":15,""decoder"":""pymatching"",""decoder_type"":null,""p"":0.008,""p_erase"":0.0,""r"":15,""run_id"":""e8bb317849b6618317422e72bc792362c94e7f80262ddd927256c9e13cedbdd5""}",
       519,        17,         0,   0.066,pymatching,7821cb8f882bf900ca0d3d1811afa8e1a6daa7d780a4b5cd7a4a617f324660cc,"{""circuit"":""surface_code:rotated_memory_x"",""cluster_node_limit"":null,""d"":15,""decoder"":""pymatching"",""decoder_type"":null,""p"":0.008,""p_erase"":0.0,""r"":15,""run_id"":""e8bb317849b6618317422e72bc792362c94e7f80262ddd927256c9e13cedbdd5""}",
      1024,        50,         0,   0.133,pymatching,7821cb8f882bf900ca0d3d1811afa8e1a6daa7d780a4b5cd7a4a617f324660cc,"{""circuit"":""surface_code:rotated_memory_x"",""cluster_node_limit"":null,""d"":15,""decoder"":""pymatching"",""decoder_type"":null,""p"":0.008,""p_erase"":0.0,""r"":15,""run_id"":""e8bb317849b6618317422e72bc792362c94e7f80262ddd927256c9e13cedbdd5""}",
        28,         1,         0,   0.006,pymatching,7821cb8f882bf900ca0d3d1811afa8e1a6daa7d780a4b5cd7a4a617f324660cc,"{""circuit"":""surface_code:rotated_memory_x"",""cluster_node_limit"":null,""d"":15,""decoder"":""pymatching"",""decoder_type"":null,""p"":0.008,""p_erase"":0.0,""r"":15,""run_id"":""e8bb317849b6618317422e72bc792362c94e7f80262ddd927256c9e13cedbdd5""}",
        59,         0,         0,   0.010,pymatching,7821cb8f882bf900ca0d3d1811afa8e1a6daa7d780a4b5cd7a4a617f324660cc,"{""circuit"":""surface_code:rotated_memory_x"",""cluster_node_limit"":null,""d"":15,""decoder"":""pymatching"",""decoder_type"":null,""p"":0.008,""p_erase"":0.0,""r"":15,""run_id"":""e8bb317849b6618317422e72bc792362c94e7f80262ddd927256c9e13cedbdd5""}",
       234,        16,         0,   0.035,pymatching,7821cb8f882bf900ca0d3d1811afa8e1a6daa7d780a4b5cd7a4a617f324660cc,"{""circuit"":""surface_code:rotated_memory_x"",""cluster_node_limit"":null,""d"":15,""decoder"":""pymatching"",""decoder_type"":null,""p"":0.008,""p_erase"":0.0,""r"":15,""run_id"":""e8bb317849b6618317422e72bc792362c94e7f80262ddd927256c9e13cedbdd5""}",
       381,        19,         0,   0.049,pymatching,7821cb8f882bf900ca0d3d1811afa8e1a6daa7d780a4b5cd7a4a617f324660cc,"{""circuit"":""surface_code:rotated_memory_x"",""cluster_node_limit"":null,""d"":15,""decoder"":""pymatching"",""decoder_type"":null,""p"":0.008,""p_erase"":0.0,""r"":15,""run_id"":""e8bb317849b6618317422e72bc792362c94e7f80262ddd927256c9e13cedbdd5""}",
       928,        44,         0,   0.118,pymatching,7821cb8f882bf900ca0d3d1811afa8e1a6daa7d780a4b5cd7a4a617f324660cc,"{""circuit"":""surface_code:rotated_memory_x"",""cluster_node_limit"":null,""d"":15,""decoder"":""pymatching"",""decoder_type"":null,""p"":0.008,""p_erase"":0.0,""r"":15,""run_id"":""e8bb317849b6618317422e72bc792362c94e7f80262ddd927256c9e13cedbdd5""}",
       519,        19,         0,   0.065,pymatching,7821cb8f882bf900ca0d3d1811afa8e1a6daa7d780a4b5cd7a4a617f324660cc,"{""circuit"":""surface_code:rotated_memory_x"",""cluster_node_limit"":null,""d"":15,""decoder"":""pymatching"",""decoder_type"":null,""p"":0.008,""p_erase"":0.0,""r"":15,""run_id"":""e8bb317849b6618317422e72bc792362c94e7f80262ddd927256c9e13cedbdd5""}",
      1024,        35,         0,   0.131,pymatching,7821cb8f882bf900ca0d3d1811afa8e1a6daa7d780a4b5cd7a4a617f324660cc,"{""circuit"":""surface_code:rotated_memory_x"",""cluster_node_limit"":null,""d"":15,""decoder"":""pymatching"",""decoder_type"":null,""p"":0.008,""p_erase"":0.0,""r"":15,""run_id"":""e8bb317849b6618317422e72bc792362c94e7f80262ddd927256c9e13cedbdd5""}",
         7,         0,         0,   0.001,pymatching,7821cb8f882bf900ca0d3d1811afa8e1a6daa7d780a4b5cd7a4a617f324660cc,"{""circuit"":""surface_code:rotated_memory_x"",""cluster_node_limit"":null,""d"":15,""decoder"":""pymatching"",""decoder_type"":null,""p"":0.008,""p_erase"":0.0,""r"":15,""run_id"":""e8bb317849b6618317422e72bc792362c94e7f80262ddd927256c9e13cedbdd5""}",
         7,         0,         0,   0.001,pymatching,7821cb8f882bf900ca0d3d1811afa8e1a6daa7d780a4b5cd7a4a617f324660cc,"{""circuit"":""surface_code:rotated_memory_x"",""cluster_node_limit"":null,""d"":15,""decoder"":""pymatching"",""decoder_type"":null,""p"":0.008,""p_erase"":0.0,""r"":15,""run_id"":""e8bb317849b6618317422e72bc792362c94e7f80262ddd927256c9e13cedbdd5""}",
         7,         0,         0,   0.001,pymatching,7821cb8f882bf900ca0d3d1811afa8e1a6daa7d780a4b5cd7a4a617f324660cc,"{""circuit"":""surface_code:rotated_memory_x"",""cluster_node_limit"":null,""d"":15,""decoder"":""pymatching"",""decoder_type"":null,""p"":0.008,""p_erase"":0.0,""r"":15,""run_id"":""e8bb317849b6618317422e72bc792362c94e7f80262ddd927256c9e13cedbdd5""}",
         7,         0,         0,   0.001,pymatching,7821cb8f882bf900ca0d3d1811afa8e1a6daa7d780a4b5cd7a4a617f324660cc,"{""circuit"":""surface_code:rotated_memory_x"",""cluster_node_limit"":null,""d"":15,""decoder"":""pymatching"",""decoder_type"":null,""p"":0.008,""p_erase"":0.0,""r"":15,""run_id"":""e8bb317849b6618317422e72bc792362c94e7f80262ddd927256c9e13cedbdd5""}",
         7,         0,         0,   0.001,pymatching,7821cb8f882bf900ca0d3d1811afa8e1a6daa7d780a4b5cd7a4a617f324660cc,"{""circuit"":""surface_code:rotated_memory_x"",""cluster_node_limit"":null,""d"":15,""decoder"":""pymatching"",""decoder_type"":null,""p"":0.008,""p_erase"":0.0,""r"":15,""run_id"":""e8bb317849b6618317422e72bc792362c94e7f80262ddd927256c9e13cedbdd5""}",
         6,         0,         0,   0.001,pymatching,7821cb8f882bf900ca0d3d1811afa8e1a6daa7d780a4b5cd7a4a617f324660cc,"{""circuit"":""surface_code:rotated_memory_x"",""cluster_node_limit"":null,""d"":15,""decoder"":""pymatching"",""decoder_type"":null,""p"":0.008,""p_erase"":0.0,""r"":15,""run_id"":""e8bb317849b6618317422e72bc792362c94e7f80262ddd927256c9e13cedbdd5""}",
         2,         0,         0,   0.006,pymatching,7821cb8f882bf900ca0d3d1811afa8e1a6daa7d780a4b5cd7a4a617f324660cc,"{""circuit"":""surface_code:rotated_memory_x"",""cluster_node_limit"":null,""d"":15,""decoder"":""pymatching"",""decoder_type"":null,""p"":0.008,""p_erase"":0.0,""r"":15,""run_id"":""e8bb317849b6618317422e72bc792362c94e7f80262ddd927256c9e13cedbdd5""}",
         6,         0,         0,   0.001,pymatching,7821cb8f882bf900ca0d3d1811afa8e1a6daa7d780a4b5cd7a4a617f324660cc,"{""circuit"":""surface_code:rotated_memory_x"",""cluster_node_limit"":null,""d"":15,""decoder"":""pymatching"",""decoder_type"":null,""p"":0.008,""p_erase"":0.0,""r"":15,""run_id"":""e8bb317849b6618317422e72bc792362c94e7f80262ddd927256c9e13cedbdd5""}",
         5,         0,         0,   0.006,pymatching,7821cb8f882bf900ca0d3d1811afa8e1a6daa7d780a4b5cd7a4a617f324660cc,"{""circuit"":""surface_code:rotated_memory_x"",""cluster_node_limit"":null,""d"":15,""decoder"":""pymatching"",""decoder_type"":null,""p"":0.008,""p_erase"":0.0,""r"":15,""run_id"":""e8bb317849b6618317422e72bc792362c94e7f80262ddd927256c9e13cedbdd5""}",
         4,         0,         0,   0.005,pymatching,7821cb8f882bf900ca0d3d1811afa8e1a6daa7d780a4b5cd7a4a617f324660cc,"{""circuit"":""surface_code:rotated_memory_x"",""cluster_node_limit"":null,""d"":15,""decoder"":""pymatching"",""decoder_type"":null,""p"":0.008,""p_erase"":0.0,""r"":15,""run_id"":""e8bb317849b6618317422e72bc792362c94e7f80262ddd927256c9e13cedbdd5""}",
         2,         0,         0,   0.005,pymatching,7821cb8f882bf900ca0d3d1811afa8e1a6daa7d780a4b5cd7a4a617f324660cc,"{""circuit"":""surface_code:rotated_memory_x"",""cluster_node_limit"":null,""d"":15,""decoder"":""pymatching"",""decoder_type"":null,""p"":0.008,""p_erase"":0.0,""r"":15,""run_id"":""e8bb317849b6618317422e72bc792362c94e7f80262ddd927256c9e13cedbdd5""}",
         4,         0,         0,   0.001,pymatching,7821cb8f882bf900ca0d3d1811afa8e1a6daa7d780a4b5cd7a4a617f324660cc,"{""circuit"":""surface_code:rotated_memory_x"",""cluster_node_limit"":null,""d"":15,""decoder"":""pymatching"",""decoder_type"":null,""p"":0.008,""p_erase"":0.0,""r"":15,""run_id"":""e8bb317849b6618317422e72bc792362c94e7f80262ddd927256c9e13cedbdd5""}",
         3,         0,         0,   0.006,pymatching,7821cb8f882bf900ca0d3d1811afa8e1a6daa7d780a4b5cd7a4a617f324660cc,"{""circuit"":""surface_code:rotated_memory_x"",""cluster_node_limit"":null,""d"":15,""decoder"":""pymatching"",""decoder_type"":null,""p"":0.008,""p_erase"":0.0,""r"":15,""run_id"":""e8bb317849b6618317422e72bc792362c94e7f80262ddd927256c9e13cedbdd5""}",
         1,         0,         0,   0.005,pymatching,7821cb8f882bf900ca0d3d1811afa8e1a6daa7d780a4b5cd7a4a617f324660cc,"{""circuit"":""surface_code:rotated_memory_x"",""cluster_node_limit"":null,""d"":15,""decoder"":""pymatching"",""decoder_type"":null,""p"":0.008,""p_erase"":0.0,""r"":15,""run_id"":""e8bb317849b6618317422e72bc792362c94e7f80262ddd927256c9e13cedbdd5""}",
         2,         0,         0,   0.000,pymatching,7821cb8f882bf900ca0d3d1811afa8e1a6daa7d780a4b5cd7a4a617f324660cc,"{""circuit"":""surface_code:rotated_memory_x"",""cluster_node_limit"":null,""d"":15,""decoder"":""pymatching"",""decoder_type"":null,""p"":0.008,""p_erase"":0.0,""r"":15,""run_id"":""e8bb317849b6618317422e72bc792362c94e7f80262ddd927256c9e13cedbdd5""}",
         1,         0,         0,   0.005,pymatching,7821cb8f882bf900ca0d3d1811afa8e1a6daa7d780a4b5cd7a4a617f324660cc,"{""circuit"":""surface_code:rotated_memory_x"",""cluster_node_limit"":null,""d"":15,""decoder"":""pymatching"",""decoder_type"":null,""p"":0.008,""p_erase"":0.0,""r"":15,""run_id"":""e8bb317849b6618317422e72bc792362c94e7f80262ddd927256c9e13cedbdd5""}",
         1,         0,         0,   0.000,pymatching,7821cb8f882bf900ca0d3d1811afa8e1a6daa7d780a4b5cd7a4a617f324660cc,"{""circuit"":""surface_code:rotated_memory_x"",""cluster_node_limit"":null,""d"":15,""decoder"":""pymatching"",""decoder_type"":null,""p"":0.008,""p_erase"":0.0,""r"":15,""run_id"":""e8bb317849b6618317422e72bc792362c94e7f80262ddd927256c9e13cedbdd5""}",
         2,         0,         0,   0.000,pymatching,7821cb8f882bf900ca0d3d1811afa8e1a6daa7d780a4b5cd7a4a617f324660cc,"{""circuit"":""surface_code:rotated_memory_x"",""cluster_node_limit"":null,""d"":15,""decoder"":""pymatching"",""decoder_type"":null,""p"":0.008,""p_erase"":0.0,""r"":15,""run_id"":""e8bb317849b6618317422e72bc792362c94e7f80262ddd927256c9e13cedbdd5""}",
         4,         1,         0,   0.001,pymatching,7821cb8f882bf900ca0d3d1811afa8e1a6daa7d780a4b5cd7a4a617f324660cc,"{""circuit"":""surface_code:rotated_memory_x"",""cluster_node_limit"":null,""d"":15,""decoder"":""pymatching"",""decoder_type"":null,""p"":0.008,""p_erase"":0.0,""r"":15,""run_id"":""e8bb317849b6618317422e72bc792362c94e7f80262ddd927256c9e13cedbdd5""}",
         4,         1,         0,   0.001,pymatching,7821cb8f882bf900ca0d3d1811afa8e1a6daa7d780a4b5cd7a4a617f324660cc,"{""circuit"":""surface_code:rotated_memory_x"",""cluster_node_limit"":null,""d"":15,""decoder"":""pymatching"",""decoder_type"":null,""p"":0.008,""p_erase"":0.0,""r"":15,""run_id"":""e8bb317849b6618317422e72bc792362c94e7f80262ddd927256c9e13cedbdd5""}",
         4,         0,         0,   0.001,pymatching,7821cb8f882bf900ca0d3d1811afa8e1a6daa7d780a4b5cd7a4a617f324660cc,"{""circuit"":""surface_code:rotated_memory_x"",""cluster_node_limit"":null,""d"":15,""decoder"":""pymatching"",""decoder_type"":null,""p"":0.008,""p_erase"":0.0,""r"":15,""run_id"":""e8bb317849b6618317422e72bc792362c94e7f80262ddd927256c9e13cedbdd5""}",
         1,         0,         0,   0.000,pymatching,7821cb8f882bf900ca0d3d1811afa8e1a6daa7d780a4b5cd7a4a617f324660cc,"{""circuit"":""surface_code:rotated_memory_x"",""cluster_node_limit"":null,""d"":15,""decoder"":""pymatching"",""decoder_type"":null,""p"":0.008,""p_erase"":0.0,""r"":15,""run_id"":""e8bb317849b6618317422e72bc792362c94e7f80262ddd927256c9e13cedbdd5""}",
         1,         0,         0,   0.000,pymatching,7821cb8f882bf900ca0d3d1811afa8e1a6daa7d780a4b5cd7a4a617f324660cc,"{""circuit"":""surface_code:rotated_memory_x"",""cluster_node_limit"":null,""d"":15,""decoder"":""pymatching"",""decoder_type"":null,""p"":0.008,""p_erase"":0.0,""r"":15,""run_id"":""e8bb317849b6618317422e72bc792362c94e7f80262ddd927256c9e13cedbdd5""}",
         1,         0,         0,   0.000,pymatching,7821cb8f882bf900ca0d3d1811afa8e1a6daa7d780a4b5cd7a4a617f324660cc,"{""circuit"":""surface_code:rotated_memory_x"",""cluster_node_limit"":null,""d"":15,""decoder"":""pymatching"",""decoder_type"":null,""p"":0.008,""p_erase"":0.0,""r"":15,""run_id"":""e8bb317849b6618317422e72bc792362c94e7f80262ddd927256c9e13cedbdd5""}",
         1,         0,         0,   0.000,pymatching,7821cb8f882bf900ca0d3d1811afa8e1a6daa7d780a4b5cd7a4a617f324660cc,"{""circuit"":""surface_code:rotated_memory_x"",""cluster_node_limit"":null,""d"":15,""decoder"":""pymatching"",""decoder_type"":null,""p"":0.008,""p_erase"":0.0,""r"":15,""run_id"":""e8bb317849b6618317422e72bc792362c94e7f80262ddd927256c9e13cedbdd5""}",
         1,         0,         0,   0.000,pymatching,7821cb8f882bf900ca0d3d1811afa8e1a6daa7d780a4b5cd7a4a617f324660cc,"{""circuit"":""surface_code:rotated_memory_x"",""cluster_node_limit"":null,""d"":15,""decoder"":""pymatching"",""decoder_type"":null,""p"":0.008,""p_erase"":0.0,""r"":15,""run_id"":""e8bb317849b6618317422e72bc792362c94e7f80262ddd927256c9e13cedbdd5""}",
         1,         0,         0,   0.000,pymatching,7821cb8f882bf900ca0d3d1811afa8e1a6daa7d780a4b5cd7a4a617f324660cc,"{""circuit"":""surface_code:rotated_memory_x"",""cluster_node_limit"":null,""d"":15,""decoder"":""pymatching"",""decoder_type"":null,""p"":0.008,""p_erase"":0.0,""r"":15,""run_id"":""e8bb317849b6618317422e72bc792362c94e7f80262ddd927256c9e13cedbdd5""}",
         1,         0,         0,   0.000,pymatching,7821cb8f882bf900ca0d3d1811afa8e1a6daa7d780a4b5cd7a4a617f324660cc,"{""circuit"":""surface_code:rotated_memory_x"",""cluster_node_limit"":null,""d"":15,""decoder"":""pymatching"",""decoder_type"":null,""p"":0.008,""p_erase"":0.0,""r"":15,""run_id"":""e8bb317849b6618317422e72bc792362c94e7f80262ddd927256c9e13cedbdd5""}",
         1,         0,         0,   0.000,pymatching,7821cb8f882bf900ca0d3d1811afa8e1a6daa7d780a4b5cd7a4a617f324660cc,"{""circuit"":""surface_code:rotated_memory_x"",""cluster_node_limit"":null,""d"":15,""decoder"":""pymatching"",""decoder_type"":null,""p"":0.008,""p_erase"":0.0,""r"":15,""run_id"":""e8bb317849b6618317422e72bc792362c94e7f80262ddd927256c9e13cedbdd5""}",
         1,         0,         0,   0.000,pymatching,7821cb8f882bf900ca0d3d1811afa8e1a6daa7d780a4b5cd7a4a617f324660cc,"{""circuit"":""surface_code:rotated_memory_x"",""cluster_node_limit"":null,""d"":15,""decoder"":""pymatching"",""decoder_type"":null,""p"":0.008,""p_erase"":0.0,""r"":15,""run_id"":""e8bb317849b6618317422e72bc792362c94e7f80262ddd927256c9e13cedbdd5""}",
