     shots,    errors,  discards, seconds,decoder,strong_id,json_metadata,custom_counts
        17,         2,         0,   0.037,mwpf,b376f6d6317da4e9f6a399ed3829aeebbb397d526c8aacd350fbac014cb1c2f0,"{""d"":3,""decoder"":""mwpf"",""label"":""rotated_memory_x"",""p"":0.006,""r"":9}","{""detection_events"":80,""detectors_checked"":1224,""obs_mistake_mask=E"":2}"
      1297,         3,         0,   0.080,mwpf,843923159a7c185a00efc3d89de4ef91b3a681c2b592aec34e7be171b3c9b59c,"{""d"":3,""decoder"":""mwpf"",""label"":""rotated_memory_x"",""p"":0.001,""r"":9}","{""detection_events"":1176,""detectors_checked"":93384,""obs_mistake_mask=E"":3}"
        17,         0,         0,   0.131,mwpf,19872aa5c7ca60adf6b5331f750d8e16db82ed75c2518fea7ae4d9be096071d6,"{""d"":3,""decoder"":""mwpf"",""label"":""rotated_memory_x"",""p"":0.005,""r"":9}","{""detection_events"":69,""detectors_checked"":1224}"
        64,         3,         0,   0.050,mwpf,19872aa5c7ca60adf6b5331f750d8e16db82ed75c2518fea7ae4d9be096071d6,"{""d"":3,""decoder"":""mwpf"",""label"":""rotated_memory_x"",""p"":0.005,""r"":9}","{""detection_events"":312,""detectors_checked"":4608,""obs_mistake_mask=E"":3}"
       273,         5,         0,   0.190,mwpf,d488616bd24a8c33667ba36623e6dd788fcc53a9593d27ecf787f727398ba40c,"{""d"":3,""decoder"":""mwpf"",""label"":""rotated_memory_x"",""p"":0.004,""r"":9}","{""detection_events"":1006,""detectors_checked"":19656,""obs_mistake_mask=E"":5}"
        17,         0,         0,   0.060,mwpf,016a95bef85940acbb03ddd049440cad440a3c9787eb868e3bc7200d6f729b74,"{""d"":5,""decoder"":""mwpf"",""label"":""rotated_memory_x"",""p"":0.001,""r"":15}","{""detection_events"":78,""detectors_checked"":6120}"
       128,         0,         0,   0.047,mwpf,016a95bef85940acbb03ddd049440cad440a3c9787eb868e3bc7200d6f729b74,"{""d"":5,""decoder"":""mwpf"",""label"":""rotated_memory_x"",""p"":0.001,""r"":15}","{""detection_events"":724,""detectors_checked"":46080}"
         1,         0,         0,   0.228,mwpf,c612a222174dff6430f8c3f697980a26d087355eb82c7fa85d1461c341757fb8,"{""d"":5,""decoder"":""mwpf"",""label"":""rotated_memory_x"",""p"":0.005,""r"":15}","{""detection_events"":28,""detectors_checked"":360}"
        17,         0,         0,   0.175,mwpf,c1c1abc5c7982c75cf504ec6a3c48744db6bf1018106ab5f115289423dca0a4f,"{""d"":7,""decoder"":""mwpf"",""label"":""rotated_memory_x"",""p"":0.001,""r"":21}","{""detection_events"":237,""detectors_checked"":17136}"
      1024,         2,         0,   0.736,mwpf,843923159a7c185a00efc3d89de4ef91b3a681c2b592aec34e7be171b3c9b59c,"{""d"":3,""decoder"":""mwpf"",""label"":""rotated_memory_x"",""p"":0.001,""r"":9}","{""detection_events"":988,""detectors_checked"":73728,""obs_mistake_mask=E"":2}"
        32,         0,         0,   0.099,mwpf,c1c1abc5c7982c75cf504ec6a3c48744db6bf1018106ab5f115289423dca0a4f,"{""d"":7,""decoder"":""mwpf"",""label"":""rotated_memory_x"",""p"":0.001,""r"":21}","{""detection_events"":547,""detectors_checked"":32256}"
      1024,         3,         0,   0.052,mwpf,843923159a7c185a00efc3d89de4ef91b3a681c2b592aec34e7be171b3c9b59c,"{""d"":3,""decoder"":""mwpf"",""label"":""rotated_memory_x"",""p"":0.001,""r"":9}","{""detection_events"":1034,""detectors_checked"":73728,""obs_mistake_mask=E"":3}"
      1024,         1,         0,   0.163,mwpf,843923159a7c185a00efc3d89de4ef91b3a681c2b592aec34e7be171b3c9b59c,"{""d"":3,""decoder"":""mwpf"",""label"":""rotated_memory_x"",""p"":0.001,""r"":9}","{""detection_events"":920,""detectors_checked"":73728,""obs_mistake_mask=E"":1}"
         1,         0,         0,   0.566,mwpf,099b92056714cea87dd3d5f0fb9a8a98a8a412d1055d1abbb2940ef84cf259c1,"{""d"":7,""decoder"":""mwpf"",""label"":""rotated_memory_x"",""p"":0.004,""r"":21}","{""detection_events"":65,""detectors_checked"":1008}"
      1024,         3,         0,   0.125,mwpf,843923159a7c185a00efc3d89de4ef91b3a681c2b592aec34e7be171b3c9b59c,"{""d"":3,""decoder"":""mwpf"",""label"":""rotated_memory_x"",""p"":0.001,""r"":9}","{""detection_events"":1057,""detectors_checked"":73728,""obs_mistake_mask=E"":3}"
      1024,         2,         0,   0.087,mwpf,843923159a7c185a00efc3d89de4ef91b3a681c2b592aec34e7be171b3c9b59c,"{""d"":3,""decoder"":""mwpf"",""label"":""rotated_memory_x"",""p"":0.001,""r"":9}","{""detection_events"":1032,""detectors_checked"":73728,""obs_mistake_mask=E"":2}"
        17,         0,         0,    1.24,mwpf,45eaf76be8ee4917a879539ed982d1bbf8bf0c5926f0a74c63699d520f36e6d6,"{""d"":5,""decoder"":""mwpf"",""label"":""rotated_memory_x"",""p"":0.004,""r"":15}","{""detection_events"":324,""detectors_checked"":6120}"
      1024,         1,         0,   0.158,mwpf,843923159a7c185a00efc3d89de4ef91b3a681c2b592aec34e7be171b3c9b59c,"{""d"":3,""decoder"":""mwpf"",""label"":""rotated_memory_x"",""p"":0.001,""r"":9}","{""detection_events"":1064,""detectors_checked"":73728,""obs_mistake_mask=E"":1}"
        17,         0,         0,   0.084,mwpf,a61297c8921fe33c28af23ad378989150a3a190663c4985aae4dc937c0673463,"{""d"":9,""decoder"":""mwpf"",""label"":""rotated_memory_x"",""p"":0.001,""r"":27}","{""detection_events"":583,""detectors_checked"":36720}"
      1024,         0,         0,    1.16,mwpf,016a95bef85940acbb03ddd049440cad440a3c9787eb868e3bc7200d6f729b74,"{""d"":5,""decoder"":""mwpf"",""label"":""rotated_memory_x"",""p"":0.001,""r"":15}","{""detection_events"":5456,""detectors_checked"":368640}"
      3072,         4,         0,   0.179,mwpf,843923159a7c185a00efc3d89de4ef91b3a681c2b592aec34e7be171b3c9b59c,"{""d"":3,""decoder"":""mwpf"",""label"":""rotated_memory_x"",""p"":0.001,""r"":9}","{""detection_events"":3001,""detectors_checked"":221184,""obs_mistake_mask=E"":4}"
       256,        16,         0,    1.62,mwpf,b376f6d6317da4e9f6a399ed3829aeebbb397d526c8aacd350fbac014cb1c2f0,"{""d"":3,""decoder"":""mwpf"",""label"":""rotated_memory_x"",""p"":0.006,""r"":9}","{""detection_events"":1433,""detectors_checked"":18432,""obs_mistake_mask=E"":16}"
      2048,         5,         0,   0.195,mwpf,843923159a7c185a00efc3d89de4ef91b3a681c2b592aec34e7be171b3c9b59c,"{""d"":3,""decoder"":""mwpf"",""label"":""rotated_memory_x"",""p"":0.001,""r"":9}","{""detection_events"":1956,""detectors_checked"":147456,""obs_mistake_mask=E"":5}"
       128,         4,         0,   0.265,mwpf,b376f6d6317da4e9f6a399ed3829aeebbb397d526c8aacd350fbac014cb1c2f0,"{""d"":3,""decoder"":""mwpf"",""label"":""rotated_memory_x"",""p"":0.006,""r"":9}","{""detection_events"":680,""detectors_checked"":9216,""obs_mistake_mask=E"":4}"
         1,         0,         0,   0.624,mwpf,91dee3778aaf6f25d2a97cf36c7261da16bf7930f684707c091349f8e7054899,"{""d"":9,""decoder"":""mwpf"",""label"":""rotated_memory_x"",""p"":0.004,""r"":27}","{""detection_events"":157,""detectors_checked"":2160}"
      3072,         6,         0,   0.271,mwpf,843923159a7c185a00efc3d89de4ef91b3a681c2b592aec34e7be171b3c9b59c,"{""d"":3,""decoder"":""mwpf"",""label"":""rotated_memory_x"",""p"":0.001,""r"":9}","{""detection_events"":2800,""detectors_checked"":221184,""obs_mistake_mask=E"":6}"
       512,         9,         0,    1.98,mwpf,d488616bd24a8c33667ba36623e6dd788fcc53a9593d27ecf787f727398ba40c,"{""d"":3,""decoder"":""mwpf"",""label"":""rotated_memory_x"",""p"":0.004,""r"":9}","{""detection_events"":1937,""detectors_checked"":36864,""obs_mistake_mask=E"":9}"
       128,         0,         0,    1.33,mwpf,c1c1abc5c7982c75cf504ec6a3c48744db6bf1018106ab5f115289423dca0a4f,"{""d"":7,""decoder"":""mwpf"",""label"":""rotated_memory_x"",""p"":0.001,""r"":21}","{""detection_events"":2053,""detectors_checked"":129024}"
        64,         0,         0,   0.101,mwpf,c1c1abc5c7982c75cf504ec6a3c48744db6bf1018106ab5f115289423dca0a4f,"{""d"":7,""decoder"":""mwpf"",""label"":""rotated_memory_x"",""p"":0.001,""r"":21}","{""detection_events"":1168,""detectors_checked"":64512}"
        16,         0,         0,    1.03,mwpf,45eaf76be8ee4917a879539ed982d1bbf8bf0c5926f0a74c63699d520f36e6d6,"{""d"":5,""decoder"":""mwpf"",""label"":""rotated_memory_x"",""p"":0.004,""r"":15}","{""detection_events"":344,""detectors_checked"":5760}"
      1024,         3,         0,   0.481,mwpf,843923159a7c185a00efc3d89de4ef91b3a681c2b592aec34e7be171b3c9b59c,"{""d"":3,""decoder"":""mwpf"",""label"":""rotated_memory_x"",""p"":0.001,""r"":9}","{""detection_events"":1045,""detectors_checked"":73728,""obs_mistake_mask=E"":3}"
       512,        28,         0,    2.70,mwpf,19872aa5c7ca60adf6b5331f750d8e16db82ed75c2518fea7ae4d9be096071d6,"{""d"":3,""decoder"":""mwpf"",""label"":""rotated_memory_x"",""p"":0.005,""r"":9}","{""detection_events"":2294,""detectors_checked"":36864,""obs_mistake_mask=E"":28}"
         1,         0,         0,   0.890,mwpf,91dee3778aaf6f25d2a97cf36c7261da16bf7930f684707c091349f8e7054899,"{""d"":9,""decoder"":""mwpf"",""label"":""rotated_memory_x"",""p"":0.004,""r"":27}","{""detection_events"":160,""detectors_checked"":2160}"
       256,        10,         0,   0.740,mwpf,d488616bd24a8c33667ba36623e6dd788fcc53a9593d27ecf787f727398ba40c,"{""d"":3,""decoder"":""mwpf"",""label"":""rotated_memory_x"",""p"":0.004,""r"":9}","{""detection_events"":1007,""detectors_checked"":18432,""obs_mistake_mask=E"":10}"
         1,         0,         0,   0.113,mwpf,91dee3778aaf6f25d2a97cf36c7261da16bf7930f684707c091349f8e7054899,"{""d"":9,""decoder"":""mwpf"",""label"":""rotated_memory_x"",""p"":0.004,""r"":27}","{""detection_events"":125,""detectors_checked"":2160}"
      5120,        12,         0,   0.513,mwpf,843923159a7c185a00efc3d89de4ef91b3a681c2b592aec34e7be171b3c9b59c,"{""d"":3,""decoder"":""mwpf"",""label"":""rotated_memory_x"",""p"":0.001,""r"":9}","{""detection_events"":4944,""detectors_checked"":368640,""obs_mistake_mask=E"":12}"
         1,         0,         0,    2.05,mwpf,099b92056714cea87dd3d5f0fb9a8a98a8a412d1055d1abbb2940ef84cf259c1,"{""d"":7,""decoder"":""mwpf"",""label"":""rotated_memory_x"",""p"":0.004,""r"":21}","{""detection_events"":68,""detectors_checked"":1008}"
         1,         0,         0,   0.051,mwpf,099b92056714cea87dd3d5f0fb9a8a98a8a412d1055d1abbb2940ef84cf259c1,"{""d"":7,""decoder"":""mwpf"",""label"":""rotated_memory_x"",""p"":0.004,""r"":21}","{""detection_events"":51,""detectors_checked"":1008}"
         1,         0,         0,    1.99,mwpf,c8b4dffcab5f37d28de5161e173ce7e53a5690662caf1a8bcb34b94b53ddc904,"{""d"":9,""decoder"":""mwpf"",""label"":""rotated_memory_x"",""p"":0.005,""r"":27}","{""detection_events"":172,""detectors_checked"":2160}"
         1,         0,         0,   0.165,mwpf,c8b4dffcab5f37d28de5161e173ce7e53a5690662caf1a8bcb34b94b53ddc904,"{""d"":9,""decoder"":""mwpf"",""label"":""rotated_memory_x"",""p"":0.005,""r"":27}","{""detection_events"":161,""detectors_checked"":2160}"
       256,        10,         0,    1.64,mwpf,b376f6d6317da4e9f6a399ed3829aeebbb397d526c8aacd350fbac014cb1c2f0,"{""d"":3,""decoder"":""mwpf"",""label"":""rotated_memory_x"",""p"":0.006,""r"":9}","{""detection_events"":1481,""detectors_checked"":18432,""obs_mistake_mask=E"":10}"
      4096,        16,         0,   0.586,mwpf,843923159a7c185a00efc3d89de4ef91b3a681c2b592aec34e7be171b3c9b59c,"{""d"":3,""decoder"":""mwpf"",""label"":""rotated_memory_x"",""p"":0.001,""r"":9}","{""detection_events"":4066,""detectors_checked"":294912,""obs_mistake_mask=E"":16}"
       256,         0,         0,    1.35,mwpf,c1c1abc5c7982c75cf504ec6a3c48744db6bf1018106ab5f115289423dca0a4f,"{""d"":7,""decoder"":""mwpf"",""label"":""rotated_memory_x"",""p"":0.001,""r"":21}","{""detection_events"":4158,""detectors_checked"":258048}"
       128,         7,         0,   0.166,mwpf,b376f6d6317da4e9f6a399ed3829aeebbb397d526c8aacd350fbac014cb1c2f0,"{""d"":3,""decoder"":""mwpf"",""label"":""rotated_memory_x"",""p"":0.006,""r"":9}","{""detection_events"":709,""detectors_checked"":9216,""obs_mistake_mask=E"":7}"
        17,         1,         0,    3.58,mwpf,dc62badfd5e9537d4da07c415dc4ceecb9b6c89857ba2a5a2d1349205f944b36,"{""d"":5,""decoder"":""mwpf"",""label"":""rotated_memory_x"",""p"":0.006,""r"":15}","{""detection_events"":522,""detectors_checked"":6120,""obs_mistake_mask=E"":1}"
        16,         1,         0,    1.59,mwpf,45eaf76be8ee4917a879539ed982d1bbf8bf0c5926f0a74c63699d520f36e6d6,"{""d"":5,""decoder"":""mwpf"",""label"":""rotated_memory_x"",""p"":0.004,""r"":15}","{""detection_events"":345,""detectors_checked"":5760,""obs_mistake_mask=E"":1}"
        64,         0,         0,    2.57,mwpf,a61297c8921fe33c28af23ad378989150a3a190663c4985aae4dc937c0673463,"{""d"":9,""decoder"":""mwpf"",""label"":""rotated_memory_x"",""p"":0.001,""r"":27}","{""detection_events"":2354,""detectors_checked"":138240}"
        34,         0,         0,    3.76,mwpf,c612a222174dff6430f8c3f697980a26d087355eb82c7fa85d1461c341757fb8,"{""d"":5,""decoder"":""mwpf"",""label"":""rotated_memory_x"",""p"":0.005,""r"":15}","{""detection_events"":758,""detectors_checked"":12240}"
         8,         0,         0,   0.137,mwpf,45eaf76be8ee4917a879539ed982d1bbf8bf0c5926f0a74c63699d520f36e6d6,"{""d"":5,""decoder"":""mwpf"",""label"":""rotated_memory_x"",""p"":0.004,""r"":15}","{""detection_events"":152,""detectors_checked"":2880}"
       256,        12,         0,    1.30,mwpf,19872aa5c7ca60adf6b5331f750d8e16db82ed75c2518fea7ae4d9be096071d6,"{""d"":3,""decoder"":""mwpf"",""label"":""rotated_memory_x"",""p"":0.005,""r"":9}","{""detection_events"":1225,""detectors_checked"":18432,""obs_mistake_mask=E"":12}"
       128,         0,         0,   0.609,mwpf,c1c1abc5c7982c75cf504ec6a3c48744db6bf1018106ab5f115289423dca0a4f,"{""d"":7,""decoder"":""mwpf"",""label"":""rotated_memory_x"",""p"":0.001,""r"":21}","{""detection_events"":2109,""detectors_checked"":129024}"
        32,         0,         0,   0.234,mwpf,a61297c8921fe33c28af23ad378989150a3a190663c4985aae4dc937c0673463,"{""d"":9,""decoder"":""mwpf"",""label"":""rotated_memory_x"",""p"":0.001,""r"":27}","{""detection_events"":1192,""detectors_checked"":69120}"
       256,         7,         0,    1.43,mwpf,d488616bd24a8c33667ba36623e6dd788fcc53a9593d27ecf787f727398ba40c,"{""d"":3,""decoder"":""mwpf"",""label"":""rotated_memory_x"",""p"":0.004,""r"":9}","{""detection_events"":948,""detectors_checked"":18432,""obs_mistake_mask=E"":7}"
       128,         0,         0,   0.262,mwpf,c1c1abc5c7982c75cf504ec6a3c48744db6bf1018106ab5f115289423dca0a4f,"{""d"":7,""decoder"":""mwpf"",""label"":""rotated_memory_x"",""p"":0.001,""r"":21}","{""detection_events"":2142,""detectors_checked"":129024}"
      4096,         9,         0,    1.00,mwpf,843923159a7c185a00efc3d89de4ef91b3a681c2b592aec34e7be171b3c9b59c,"{""d"":3,""decoder"":""mwpf"",""label"":""rotated_memory_x"",""p"":0.001,""r"":9}","{""detection_events"":4243,""detectors_checked"":294912,""obs_mistake_mask=E"":9}"
       128,         2,         0,   0.398,mwpf,d488616bd24a8c33667ba36623e6dd788fcc53a9593d27ecf787f727398ba40c,"{""d"":3,""decoder"":""mwpf"",""label"":""rotated_memory_x"",""p"":0.004,""r"":9}","{""detection_events"":470,""detectors_checked"":9216,""obs_mistake_mask=E"":2}"
       128,         1,         0,   0.125,mwpf,d488616bd24a8c33667ba36623e6dd788fcc53a9593d27ecf787f727398ba40c,"{""d"":3,""decoder"":""mwpf"",""label"":""rotated_memory_x"",""p"":0.004,""r"":9}","{""detection_events"":473,""detectors_checked"":9216,""obs_mistake_mask=E"":1}"
         2,         0,         0,    1.64,mwpf,c8b4dffcab5f37d28de5161e173ce7e53a5690662caf1a8bcb34b94b53ddc904,"{""d"":9,""decoder"":""mwpf"",""label"":""rotated_memory_x"",""p"":0.005,""r"":27}","{""detection_events"":355,""detectors_checked"":4320}"
       128,         5,         0,    1.42,mwpf,19872aa5c7ca60adf6b5331f750d8e16db82ed75c2518fea7ae4d9be096071d6,"{""d"":3,""decoder"":""mwpf"",""label"":""rotated_memory_x"",""p"":0.005,""r"":9}","{""detection_events"":586,""detectors_checked"":9216,""obs_mistake_mask=E"":5}"
         4,         1,         0,    2.61,mwpf,91dee3778aaf6f25d2a97cf36c7261da16bf7930f684707c091349f8e7054899,"{""d"":9,""decoder"":""mwpf"",""label"":""rotated_memory_x"",""p"":0.004,""r"":27}","{""detection_events"":516,""detectors_checked"":8640,""obs_mistake_mask=E"":1}"
        16,         0,         0,    1.58,mwpf,c612a222174dff6430f8c3f697980a26d087355eb82c7fa85d1461c341757fb8,"{""d"":5,""decoder"":""mwpf"",""label"":""rotated_memory_x"",""p"":0.005,""r"":15}","{""detection_events"":399,""detectors_checked"":5760}"
      8192,        13,         0,    1.20,mwpf,843923159a7c185a00efc3d89de4ef91b3a681c2b592aec34e7be171b3c9b59c,"{""d"":3,""decoder"":""mwpf"",""label"":""rotated_memory_x"",""p"":0.001,""r"":9}","{""detection_events"":8009,""detectors_checked"":589824,""obs_mistake_mask=E"":13}"
         8,         0,         0,   0.203,mwpf,c612a222174dff6430f8c3f697980a26d087355eb82c7fa85d1461c341757fb8,"{""d"":5,""decoder"":""mwpf"",""label"":""rotated_memory_x"",""p"":0.005,""r"":15}","{""detection_events"":186,""detectors_checked"":2880}"
         2,         0,         0,   0.681,mwpf,91dee3778aaf6f25d2a97cf36c7261da16bf7930f684707c091349f8e7054899,"{""d"":9,""decoder"":""mwpf"",""label"":""rotated_memory_x"",""p"":0.004,""r"":27}","{""detection_events"":294,""detectors_checked"":4320}"
       256,        16,         0,    2.61,mwpf,b376f6d6317da4e9f6a399ed3829aeebbb397d526c8aacd350fbac014cb1c2f0,"{""d"":3,""decoder"":""mwpf"",""label"":""rotated_memory_x"",""p"":0.006,""r"":9}","{""detection_events"":1399,""detectors_checked"":18432,""obs_mistake_mask=E"":16}"
        64,         0,         0,    2.06,mwpf,a61297c8921fe33c28af23ad378989150a3a190663c4985aae4dc937c0673463,"{""d"":9,""decoder"":""mwpf"",""label"":""rotated_memory_x"",""p"":0.001,""r"":27}","{""detection_events"":2481,""detectors_checked"":138240}"
        64,         3,         0,   0.814,mwpf,19872aa5c7ca60adf6b5331f750d8e16db82ed75c2518fea7ae4d9be096071d6,"{""d"":3,""decoder"":""mwpf"",""label"":""rotated_memory_x"",""p"":0.005,""r"":9}","{""detection_events"":312,""detectors_checked"":4608,""obs_mistake_mask=E"":3}"
       512,        12,         0,    1.62,mwpf,d488616bd24a8c33667ba36623e6dd788fcc53a9593d27ecf787f727398ba40c,"{""d"":3,""decoder"":""mwpf"",""label"":""rotated_memory_x"",""p"":0.004,""r"":9}","{""detection_events"":1839,""detectors_checked"":36864,""obs_mistake_mask=E"":12}"
        32,         0,         0,   0.164,mwpf,a61297c8921fe33c28af23ad378989150a3a190663c4985aae4dc937c0673463,"{""d"":9,""decoder"":""mwpf"",""label"":""rotated_memory_x"",""p"":0.001,""r"":27}","{""detection_events"":1185,""detectors_checked"":69120}"
        64,         0,         0,   0.337,mwpf,19872aa5c7ca60adf6b5331f750d8e16db82ed75c2518fea7ae4d9be096071d6,"{""d"":3,""decoder"":""mwpf"",""label"":""rotated_memory_x"",""p"":0.005,""r"":9}","{""detection_events"":289,""detectors_checked"":4608}"
      1024,         0,         0,    5.35,mwpf,016a95bef85940acbb03ddd049440cad440a3c9787eb868e3bc7200d6f729b74,"{""d"":5,""decoder"":""mwpf"",""label"":""rotated_memory_x"",""p"":0.001,""r"":15}","{""detection_events"":5723,""detectors_checked"":368640}"
        64,         0,         0,   0.397,mwpf,a61297c8921fe33c28af23ad378989150a3a190663c4985aae4dc937c0673463,"{""d"":9,""decoder"":""mwpf"",""label"":""rotated_memory_x"",""p"":0.001,""r"":27}","{""detection_events"":2399,""detectors_checked"":138240}"
        64,         5,         0,   0.147,mwpf,19872aa5c7ca60adf6b5331f750d8e16db82ed75c2518fea7ae4d9be096071d6,"{""d"":3,""decoder"":""mwpf"",""label"":""rotated_memory_x"",""p"":0.005,""r"":9}","{""detection_events"":271,""detectors_checked"":4608,""obs_mistake_mask=E"":5}"
       256,         5,         0,   0.553,mwpf,d488616bd24a8c33667ba36623e6dd788fcc53a9593d27ecf787f727398ba40c,"{""d"":3,""decoder"":""mwpf"",""label"":""rotated_memory_x"",""p"":0.004,""r"":9}","{""detection_events"":889,""detectors_checked"":18432,""obs_mistake_mask=E"":5}"
         8,         0,         0,    3.84,mwpf,099b92056714cea87dd3d5f0fb9a8a98a8a412d1055d1abbb2940ef84cf259c1,"{""d"":7,""decoder"":""mwpf"",""label"":""rotated_memory_x"",""p"":0.004,""r"":21}","{""detection_events"":458,""detectors_checked"":8064}"
     11839,        25,         0,    1.27,mwpf,843923159a7c185a00efc3d89de4ef91b3a681c2b592aec34e7be171b3c9b59c,"{""d"":3,""decoder"":""mwpf"",""label"":""rotated_memory_x"",""p"":0.001,""r"":9}","{""detection_events"":11361,""detectors_checked"":852408,""obs_mistake_mask=E"":25}"
         4,         0,         0,   0.353,mwpf,099b92056714cea87dd3d5f0fb9a8a98a8a412d1055d1abbb2940ef84cf259c1,"{""d"":7,""decoder"":""mwpf"",""label"":""rotated_memory_x"",""p"":0.004,""r"":21}","{""detection_events"":254,""detectors_checked"":4032}"
       256,         6,         0,   0.407,mwpf,d488616bd24a8c33667ba36623e6dd788fcc53a9593d27ecf787f727398ba40c,"{""d"":3,""decoder"":""mwpf"",""label"":""rotated_memory_x"",""p"":0.004,""r"":9}","{""detection_events"":998,""detectors_checked"":18432,""obs_mistake_mask=E"":6}"
        32,         1,         0,    3.38,mwpf,45eaf76be8ee4917a879539ed982d1bbf8bf0c5926f0a74c63699d520f36e6d6,"{""d"":5,""decoder"":""mwpf"",""label"":""rotated_memory_x"",""p"":0.004,""r"":15}","{""detection_events"":717,""detectors_checked"":11520,""obs_mistake_mask=E"":1}"
       128,         4,         0,    1.21,mwpf,b376f6d6317da4e9f6a399ed3829aeebbb397d526c8aacd350fbac014cb1c2f0,"{""d"":3,""decoder"":""mwpf"",""label"":""rotated_memory_x"",""p"":0.006,""r"":9}","{""detection_events"":741,""detectors_checked"":9216,""obs_mistake_mask=E"":4}"
         8,         2,         0,    3.80,mwpf,dc62badfd5e9537d4da07c415dc4ceecb9b6c89857ba2a5a2d1349205f944b36,"{""d"":5,""decoder"":""mwpf"",""label"":""rotated_memory_x"",""p"":0.006,""r"":15}","{""detection_events"":255,""detectors_checked"":2880,""obs_mistake_mask=E"":2}"
        64,         0,         0,   0.724,mwpf,a61297c8921fe33c28af23ad378989150a3a190663c4985aae4dc937c0673463,"{""d"":9,""decoder"":""mwpf"",""label"":""rotated_memory_x"",""p"":0.001,""r"":27}","{""detection_events"":2286,""detectors_checked"":138240}"
         4,         0,         0,   0.201,mwpf,dc62badfd5e9537d4da07c415dc4ceecb9b6c89857ba2a5a2d1349205f944b36,"{""d"":5,""decoder"":""mwpf"",""label"":""rotated_memory_x"",""p"":0.006,""r"":15}","{""detection_events"":127,""detectors_checked"":1440}"
        64,         0,         0,   0.220,mwpf,a61297c8921fe33c28af23ad378989150a3a190663c4985aae4dc937c0673463,"{""d"":9,""decoder"":""mwpf"",""label"":""rotated_memory_x"",""p"":0.001,""r"":27}","{""detection_events"":2365,""detectors_checked"":138240}"
       128,         7,         0,   0.316,mwpf,b376f6d6317da4e9f6a399ed3829aeebbb397d526c8aacd350fbac014cb1c2f0,"{""d"":3,""decoder"":""mwpf"",""label"":""rotated_memory_x"",""p"":0.006,""r"":9}","{""detection_events"":743,""detectors_checked"":9216,""obs_mistake_mask=E"":7}"
       256,         8,         0,   0.491,mwpf,d488616bd24a8c33667ba36623e6dd788fcc53a9593d27ecf787f727398ba40c,"{""d"":3,""decoder"":""mwpf"",""label"":""rotated_memory_x"",""p"":0.004,""r"":9}","{""detection_events"":958,""detectors_checked"":18432,""obs_mistake_mask=E"":8}"
         8,         0,         0,   0.202,mwpf,dc62badfd5e9537d4da07c415dc4ceecb9b6c89857ba2a5a2d1349205f944b36,"{""d"":5,""decoder"":""mwpf"",""label"":""rotated_memory_x"",""p"":0.006,""r"":15}","{""detection_events"":245,""detectors_checked"":2880}"
         2,         0,         0,    1.75,mwpf,91dee3778aaf6f25d2a97cf36c7261da16bf7930f684707c091349f8e7054899,"{""d"":9,""decoder"":""mwpf"",""label"":""rotated_memory_x"",""p"":0.004,""r"":27}","{""detection_events"":235,""detectors_checked"":4320}"
       256,         0,         0,    3.62,mwpf,c1c1abc5c7982c75cf504ec6a3c48744db6bf1018106ab5f115289423dca0a4f,"{""d"":7,""decoder"":""mwpf"",""label"":""rotated_memory_x"",""p"":0.001,""r"":21}","{""detection_events"":4279,""detectors_checked"":258048}"
       256,         5,         0,   0.357,mwpf,d488616bd24a8c33667ba36623e6dd788fcc53a9593d27ecf787f727398ba40c,"{""d"":3,""decoder"":""mwpf"",""label"":""rotated_memory_x"",""p"":0.004,""r"":9}","{""detection_events"":962,""detectors_checked"":18432,""obs_mistake_mask=E"":5}"
       256,        13,         0,    1.49,mwpf,19872aa5c7ca60adf6b5331f750d8e16db82ed75c2518fea7ae4d9be096071d6,"{""d"":3,""decoder"":""mwpf"",""label"":""rotated_memory_x"",""p"":0.005,""r"":9}","{""detection_events"":1215,""detectors_checked"":18432,""obs_mistake_mask=E"":13}"
        16,         1,         0,    2.58,mwpf,c612a222174dff6430f8c3f697980a26d087355eb82c7fa85d1461c341757fb8,"{""d"":5,""decoder"":""mwpf"",""label"":""rotated_memory_x"",""p"":0.005,""r"":15}","{""detection_events"":403,""detectors_checked"":5760,""obs_mistake_mask=E"":1}"
         1,         0,         0,   0.864,mwpf,41cdc88fd81f5d0d6d5bf952e5236eda88e6ff72b23bb3fa05cd97f179373672,"{""d"":7,""decoder"":""mwpf"",""label"":""rotated_memory_x"",""p"":0.006,""r"":21}","{""detection_events"":94,""detectors_checked"":1008}"
         1,         0,         0,   0.032,mwpf,41cdc88fd81f5d0d6d5bf952e5236eda88e6ff72b23bb3fa05cd97f179373672,"{""d"":7,""decoder"":""mwpf"",""label"":""rotated_memory_x"",""p"":0.006,""r"":21}","{""detection_events"":76,""detectors_checked"":1008}"
       128,         1,         0,   0.832,mwpf,b376f6d6317da4e9f6a399ed3829aeebbb397d526c8aacd350fbac014cb1c2f0,"{""d"":3,""decoder"":""mwpf"",""label"":""rotated_memory_x"",""p"":0.006,""r"":9}","{""detection_events"":628,""detectors_checked"":9216,""obs_mistake_mask=E"":1}"
         4,         0,         0,    1.36,mwpf,099b92056714cea87dd3d5f0fb9a8a98a8a412d1055d1abbb2940ef84cf259c1,"{""d"":7,""decoder"":""mwpf"",""label"":""rotated_memory_x"",""p"":0.004,""r"":21}","{""detection_events"":274,""detectors_checked"":4032}"
       512,         0,         0,    2.06,mwpf,016a95bef85940acbb03ddd049440cad440a3c9787eb868e3bc7200d6f729b74,"{""d"":5,""decoder"":""mwpf"",""label"":""rotated_memory_x"",""p"":0.001,""r"":15}","{""detection_events"":3059,""detectors_checked"":184320}"
       384,        14,         0,   0.580,mwpf,19872aa5c7ca60adf6b5331f750d8e16db82ed75c2518fea7ae4d9be096071d6,"{""d"":3,""decoder"":""mwpf"",""label"":""rotated_memory_x"",""p"":0.005,""r"":9}","{""detection_events"":1690,""detectors_checked"":27648,""obs_mistake_mask=E"":14}"
       256,         0,         0,   0.173,mwpf,016a95bef85940acbb03ddd049440cad440a3c9787eb868e3bc7200d6f729b74,"{""d"":5,""decoder"":""mwpf"",""label"":""rotated_memory_x"",""p"":0.001,""r"":15}","{""detection_events"":1437,""detectors_checked"":92160}"
         1,         0,         0,    1.18,mwpf,91dee3778aaf6f25d2a97cf36c7261da16bf7930f684707c091349f8e7054899,"{""d"":9,""decoder"":""mwpf"",""label"":""rotated_memory_x"",""p"":0.004,""r"":27}","{""detection_events"":148,""detectors_checked"":2160}"
       768,        20,         0,    1.21,mwpf,d488616bd24a8c33667ba36623e6dd788fcc53a9593d27ecf787f727398ba40c,"{""d"":3,""decoder"":""mwpf"",""label"":""rotated_memory_x"",""p"":0.004,""r"":9}","{""detection_events"":2947,""detectors_checked"":55296,""obs_mistake_mask=E"":20}"
         1,         0,         0,   0.314,mwpf,91dee3778aaf6f25d2a97cf36c7261da16bf7930f684707c091349f8e7054899,"{""d"":9,""decoder"":""mwpf"",""label"":""rotated_memory_x"",""p"":0.004,""r"":27}","{""detection_events"":158,""detectors_checked"":2160}"
         1,         0,         0,    4.58,mwpf,c8b4dffcab5f37d28de5161e173ce7e53a5690662caf1a8bcb34b94b53ddc904,"{""d"":9,""decoder"":""mwpf"",""label"":""rotated_memory_x"",""p"":0.005,""r"":27}","{""detection_events"":200,""detectors_checked"":2160}"
       128,         7,         0,    1.34,mwpf,b376f6d6317da4e9f6a399ed3829aeebbb397d526c8aacd350fbac014cb1c2f0,"{""d"":3,""decoder"":""mwpf"",""label"":""rotated_memory_x"",""p"":0.006,""r"":9}","{""detection_events"":741,""detectors_checked"":9216,""obs_mistake_mask=E"":7}"
        16,         0,         0,    2.20,mwpf,dc62badfd5e9537d4da07c415dc4ceecb9b6c89857ba2a5a2d1349205f944b36,"{""d"":5,""decoder"":""mwpf"",""label"":""rotated_memory_x"",""p"":0.006,""r"":15}","{""detection_events"":456,""detectors_checked"":5760}"
         8,         0,         0,   0.082,mwpf,dc62badfd5e9537d4da07c415dc4ceecb9b6c89857ba2a5a2d1349205f944b36,"{""d"":5,""decoder"":""mwpf"",""label"":""rotated_memory_x"",""p"":0.006,""r"":15}","{""detection_events"":231,""detectors_checked"":2880}"
       512,         0,         0,    1.27,mwpf,016a95bef85940acbb03ddd049440cad440a3c9787eb868e3bc7200d6f729b74,"{""d"":5,""decoder"":""mwpf"",""label"":""rotated_memory_x"",""p"":0.001,""r"":15}","{""detection_events"":2840,""detectors_checked"":184320}"
       128,         0,         0,    2.50,mwpf,a61297c8921fe33c28af23ad378989150a3a190663c4985aae4dc937c0673463,"{""d"":9,""decoder"":""mwpf"",""label"":""rotated_memory_x"",""p"":0.001,""r"":27}","{""detection_events"":4688,""detectors_checked"":276480}"
         1,         0,         0,   0.773,mwpf,c8b4dffcab5f37d28de5161e173ce7e53a5690662caf1a8bcb34b94b53ddc904,"{""d"":9,""decoder"":""mwpf"",""label"":""rotated_memory_x"",""p"":0.005,""r"":27}","{""detection_events"":205,""detectors_checked"":2160}"
        64,         0,         0,   0.340,mwpf,a61297c8921fe33c28af23ad378989150a3a190663c4985aae4dc937c0673463,"{""d"":9,""decoder"":""mwpf"",""label"":""rotated_memory_x"",""p"":0.001,""r"":27}","{""detection_events"":2247,""detectors_checked"":138240}"
       256,        12,         0,    1.76,mwpf,19872aa5c7ca60adf6b5331f750d8e16db82ed75c2518fea7ae4d9be096071d6,"{""d"":3,""decoder"":""mwpf"",""label"":""rotated_memory_x"",""p"":0.005,""r"":9}","{""detection_events"":1259,""detectors_checked"":18432,""obs_mistake_mask=E"":12}"
        64,         3,         0,   0.954,mwpf,b376f6d6317da4e9f6a399ed3829aeebbb397d526c8aacd350fbac014cb1c2f0,"{""d"":3,""decoder"":""mwpf"",""label"":""rotated_memory_x"",""p"":0.006,""r"":9}","{""detection_events"":299,""detectors_checked"":4608,""obs_mistake_mask=E"":3}"
       128,         0,         0,    2.91,mwpf,c1c1abc5c7982c75cf504ec6a3c48744db6bf1018106ab5f115289423dca0a4f,"{""d"":7,""decoder"":""mwpf"",""label"":""rotated_memory_x"",""p"":0.001,""r"":21}","{""detection_events"":2093,""detectors_checked"":129024}"
       512,        17,         0,    1.74,mwpf,d488616bd24a8c33667ba36623e6dd788fcc53a9593d27ecf787f727398ba40c,"{""d"":3,""decoder"":""mwpf"",""label"":""rotated_memory_x"",""p"":0.004,""r"":9}","{""detection_events"":1903,""detectors_checked"":36864,""obs_mistake_mask=E"":17}"
         8,         0,         0,    2.79,mwpf,c612a222174dff6430f8c3f697980a26d087355eb82c7fa85d1461c341757fb8,"{""d"":5,""decoder"":""mwpf"",""label"":""rotated_memory_x"",""p"":0.005,""r"":15}","{""detection_events"":189,""detectors_checked"":2880}"
       256,         3,         0,   0.581,mwpf,19872aa5c7ca60adf6b5331f750d8e16db82ed75c2518fea7ae4d9be096071d6,"{""d"":3,""decoder"":""mwpf"",""label"":""rotated_memory_x"",""p"":0.005,""r"":9}","{""detection_events"":1142,""detectors_checked"":18432,""obs_mistake_mask=E"":3}"
        64,         0,         0,   0.419,mwpf,c1c1abc5c7982c75cf504ec6a3c48744db6bf1018106ab5f115289423dca0a4f,"{""d"":7,""decoder"":""mwpf"",""label"":""rotated_memory_x"",""p"":0.001,""r"":21}","{""detection_events"":1041,""detectors_checked"":64512}"
         4,         0,         0,   0.174,mwpf,c612a222174dff6430f8c3f697980a26d087355eb82c7fa85d1461c341757fb8,"{""d"":5,""decoder"":""mwpf"",""label"":""rotated_memory_x"",""p"":0.005,""r"":15}","{""detection_events"":90,""detectors_checked"":1440}"
         1,         0,         0,    1.18,mwpf,c8b4dffcab5f37d28de5161e173ce7e53a5690662caf1a8bcb34b94b53ddc904,"{""d"":9,""decoder"":""mwpf"",""label"":""rotated_memory_x"",""p"":0.005,""r"":27}","{""detection_events"":168,""detectors_checked"":2160}"
        16,         0,         0,    4.19,mwpf,45eaf76be8ee4917a879539ed982d1bbf8bf0c5926f0a74c63699d520f36e6d6,"{""d"":5,""decoder"":""mwpf"",""label"":""rotated_memory_x"",""p"":0.004,""r"":15}","{""detection_events"":357,""detectors_checked"":5760}"
         8,         0,         0,   0.490,mwpf,c612a222174dff6430f8c3f697980a26d087355eb82c7fa85d1461c341757fb8,"{""d"":5,""decoder"":""mwpf"",""label"":""rotated_memory_x"",""p"":0.005,""r"":15}","{""detection_events"":205,""detectors_checked"":2880}"
       256,         7,         0,    1.04,mwpf,d488616bd24a8c33667ba36623e6dd788fcc53a9593d27ecf787f727398ba40c,"{""d"":3,""decoder"":""mwpf"",""label"":""rotated_memory_x"",""p"":0.004,""r"":9}","{""detection_events"":1024,""detectors_checked"":18432,""obs_mistake_mask=E"":7}"
       256,         7,         0,   0.995,mwpf,19872aa5c7ca60adf6b5331f750d8e16db82ed75c2518fea7ae4d9be096071d6,"{""d"":3,""decoder"":""mwpf"",""label"":""rotated_memory_x"",""p"":0.005,""r"":9}","{""detection_events"":1267,""detectors_checked"":18432,""obs_mistake_mask=E"":7}"
        17,         1,         0,    11.8,mwpf,147e8f59ed09f87ccad369214ab0f120a46bd901a5d80392581872705e3fe919,"{""d"":7,""decoder"":""mwpf"",""label"":""rotated_memory_x"",""p"":0.005,""r"":21}","{""detection_events"":1263,""detectors_checked"":17136,""obs_mistake_mask=E"":1}"
       320,        14,         0,    1.42,mwpf,b376f6d6317da4e9f6a399ed3829aeebbb397d526c8aacd350fbac014cb1c2f0,"{""d"":3,""decoder"":""mwpf"",""label"":""rotated_memory_x"",""p"":0.006,""r"":9}","{""detection_events"":1706,""detectors_checked"":23040,""obs_mistake_mask=E"":14}"
       512,         0,         0,    2.32,mwpf,016a95bef85940acbb03ddd049440cad440a3c9787eb868e3bc7200d6f729b74,"{""d"":5,""decoder"":""mwpf"",""label"":""rotated_memory_x"",""p"":0.001,""r"":15}","{""detection_events"":2788,""detectors_checked"":184320}"
       256,         0,         0,   0.336,mwpf,016a95bef85940acbb03ddd049440cad440a3c9787eb868e3bc7200d6f729b74,"{""d"":5,""decoder"":""mwpf"",""label"":""rotated_memory_x"",""p"":0.001,""r"":15}","{""detection_events"":1321,""detectors_checked"":92160}"
         8,         0,         0,    1.24,mwpf,c612a222174dff6430f8c3f697980a26d087355eb82c7fa85d1461c341757fb8,"{""d"":5,""decoder"":""mwpf"",""label"":""rotated_memory_x"",""p"":0.005,""r"":15}","{""detection_events"":171,""detectors_checked"":2880}"
         8,         0,         0,    1.70,mwpf,45eaf76be8ee4917a879539ed982d1bbf8bf0c5926f0a74c63699d520f36e6d6,"{""d"":5,""decoder"":""mwpf"",""label"":""rotated_memory_x"",""p"":0.004,""r"":15}","{""detection_events"":195,""detectors_checked"":2880}"
       256,         9,         0,    1.28,mwpf,19872aa5c7ca60adf6b5331f750d8e16db82ed75c2518fea7ae4d9be096071d6,"{""d"":3,""decoder"":""mwpf"",""label"":""rotated_memory_x"",""p"":0.005,""r"":9}","{""detection_events"":1174,""detectors_checked"":18432,""obs_mistake_mask=E"":9}"
       768,        18,         0,    1.43,mwpf,d488616bd24a8c33667ba36623e6dd788fcc53a9593d27ecf787f727398ba40c,"{""d"":3,""decoder"":""mwpf"",""label"":""rotated_memory_x"",""p"":0.004,""r"":9}","{""detection_events"":2827,""detectors_checked"":55296,""obs_mistake_mask=E"":18}"
      1280,         1,         0,   0.810,mwpf,016a95bef85940acbb03ddd049440cad440a3c9787eb868e3bc7200d6f729b74,"{""d"":5,""decoder"":""mwpf"",""label"":""rotated_memory_x"",""p"":0.001,""r"":15}","{""detection_events"":7091,""detectors_checked"":460800,""obs_mistake_mask=E"":1}"
         1,         0,         0,    2.33,mwpf,c8b4dffcab5f37d28de5161e173ce7e53a5690662caf1a8bcb34b94b53ddc904,"{""d"":9,""decoder"":""mwpf"",""label"":""rotated_memory_x"",""p"":0.005,""r"":27}","{""detection_events"":168,""detectors_checked"":2160}"
       256,        13,         0,    1.95,mwpf,b376f6d6317da4e9f6a399ed3829aeebbb397d526c8aacd350fbac014cb1c2f0,"{""d"":3,""decoder"":""mwpf"",""label"":""rotated_memory_x"",""p"":0.006,""r"":9}","{""detection_events"":1388,""detectors_checked"":18432,""obs_mistake_mask=E"":13}"
         8,         0,         0,    1.27,mwpf,c612a222174dff6430f8c3f697980a26d087355eb82c7fa85d1461c341757fb8,"{""d"":5,""decoder"":""mwpf"",""label"":""rotated_memory_x"",""p"":0.005,""r"":15}","{""detection_events"":207,""detectors_checked"":2880}"
       192,         0,         0,    3.83,mwpf,a61297c8921fe33c28af23ad378989150a3a190663c4985aae4dc937c0673463,"{""d"":9,""decoder"":""mwpf"",""label"":""rotated_memory_x"",""p"":0.001,""r"":27}","{""detection_events"":7023,""detectors_checked"":414720}"
      1024,         0,         0,   0.925,mwpf,016a95bef85940acbb03ddd049440cad440a3c9787eb868e3bc7200d6f729b74,"{""d"":5,""decoder"":""mwpf"",""label"":""rotated_memory_x"",""p"":0.001,""r"":15}","{""detection_events"":5885,""detectors_checked"":368640}"
         4,         0,         0,    1.44,mwpf,45eaf76be8ee4917a879539ed982d1bbf8bf0c5926f0a74c63699d520f36e6d6,"{""d"":5,""decoder"":""mwpf"",""label"":""rotated_memory_x"",""p"":0.004,""r"":15}","{""detection_events"":64,""detectors_checked"":1440}"
         5,         0,         0,    5.52,mwpf,91dee3778aaf6f25d2a97cf36c7261da16bf7930f684707c091349f8e7054899,"{""d"":9,""decoder"":""mwpf"",""label"":""rotated_memory_x"",""p"":0.004,""r"":27}","{""detection_events"":735,""detectors_checked"":10800}"
        18,         0,         0,    6.37,mwpf,099b92056714cea87dd3d5f0fb9a8a98a8a412d1055d1abbb2940ef84cf259c1,"{""d"":7,""decoder"":""mwpf"",""label"":""rotated_memory_x"",""p"":0.004,""r"":21}","{""detection_events"":1166,""detectors_checked"":18144}"
       128,         5,         0,   0.917,mwpf,b376f6d6317da4e9f6a399ed3829aeebbb397d526c8aacd350fbac014cb1c2f0,"{""d"":3,""decoder"":""mwpf"",""label"":""rotated_memory_x"",""p"":0.006,""r"":9}","{""detection_events"":632,""detectors_checked"":9216,""obs_mistake_mask=E"":5}"
       256,         6,         0,    1.86,mwpf,19872aa5c7ca60adf6b5331f750d8e16db82ed75c2518fea7ae4d9be096071d6,"{""d"":3,""decoder"":""mwpf"",""label"":""rotated_memory_x"",""p"":0.005,""r"":9}","{""detection_events"":1084,""detectors_checked"":18432,""obs_mistake_mask=E"":6}"
         8,         0,         0,    1.45,mwpf,c612a222174dff6430f8c3f697980a26d087355eb82c7fa85d1461c341757fb8,"{""d"":5,""decoder"":""mwpf"",""label"":""rotated_memory_x"",""p"":0.005,""r"":15}","{""detection_events"":220,""detectors_checked"":2880}"
         1,         0,         0,    2.11,mwpf,c8b4dffcab5f37d28de5161e173ce7e53a5690662caf1a8bcb34b94b53ddc904,"{""d"":9,""decoder"":""mwpf"",""label"":""rotated_memory_x"",""p"":0.005,""r"":27}","{""detection_events"":195,""detectors_checked"":2160}"
      1024,         0,         0,    1.41,mwpf,016a95bef85940acbb03ddd049440cad440a3c9787eb868e3bc7200d6f729b74,"{""d"":5,""decoder"":""mwpf"",""label"":""rotated_memory_x"",""p"":0.001,""r"":15}","{""detection_events"":5940,""detectors_checked"":368640}"
        64,         0,         0,    1.65,mwpf,a61297c8921fe33c28af23ad378989150a3a190663c4985aae4dc937c0673463,"{""d"":9,""decoder"":""mwpf"",""label"":""rotated_memory_x"",""p"":0.001,""r"":27}","{""detection_events"":2384,""detectors_checked"":138240}"
      1024,        23,         0,    2.65,mwpf,d488616bd24a8c33667ba36623e6dd788fcc53a9593d27ecf787f727398ba40c,"{""d"":3,""decoder"":""mwpf"",""label"":""rotated_memory_x"",""p"":0.004,""r"":9}","{""detection_events"":3867,""detectors_checked"":73728,""obs_mistake_mask=E"":23}"
         2,         0,         0,    1.67,mwpf,91dee3778aaf6f25d2a97cf36c7261da16bf7930f684707c091349f8e7054899,"{""d"":9,""decoder"":""mwpf"",""label"":""rotated_memory_x"",""p"":0.004,""r"":27}","{""detection_events"":257,""detectors_checked"":4320}"
       512,         0,         0,   0.735,mwpf,016a95bef85940acbb03ddd049440cad440a3c9787eb868e3bc7200d6f729b74,"{""d"":5,""decoder"":""mwpf"",""label"":""rotated_memory_x"",""p"":0.001,""r"":15}","{""detection_events"":2802,""detectors_checked"":184320}"
       256,        15,         0,    2.13,mwpf,b376f6d6317da4e9f6a399ed3829aeebbb397d526c8aacd350fbac014cb1c2f0,"{""d"":3,""decoder"":""mwpf"",""label"":""rotated_memory_x"",""p"":0.006,""r"":9}","{""detection_events"":1442,""detectors_checked"":18432,""obs_mistake_mask=E"":15}"
       192,        16,         0,    2.01,mwpf,19872aa5c7ca60adf6b5331f750d8e16db82ed75c2518fea7ae4d9be096071d6,"{""d"":3,""decoder"":""mwpf"",""label"":""rotated_memory_x"",""p"":0.005,""r"":9}","{""detection_events"":950,""detectors_checked"":13824,""obs_mistake_mask=E"":16}"
         1,         0,         0,    1.84,mwpf,c8b4dffcab5f37d28de5161e173ce7e53a5690662caf1a8bcb34b94b53ddc904,"{""d"":9,""decoder"":""mwpf"",""label"":""rotated_memory_x"",""p"":0.005,""r"":27}","{""detection_events"":177,""detectors_checked"":2160}"
        96,         0,         0,    1.99,mwpf,a61297c8921fe33c28af23ad378989150a3a190663c4985aae4dc937c0673463,"{""d"":9,""decoder"":""mwpf"",""label"":""rotated_memory_x"",""p"":0.001,""r"":27}","{""detection_events"":3489,""detectors_checked"":207360}"
         1,         0,         0,    1.57,mwpf,91dee3778aaf6f25d2a97cf36c7261da16bf7930f684707c091349f8e7054899,"{""d"":9,""decoder"":""mwpf"",""label"":""rotated_memory_x"",""p"":0.004,""r"":27}","{""detection_events"":158,""detectors_checked"":2160}"
         1,         0,         0,   0.420,mwpf,91dee3778aaf6f25d2a97cf36c7261da16bf7930f684707c091349f8e7054899,"{""d"":9,""decoder"":""mwpf"",""label"":""rotated_memory_x"",""p"":0.004,""r"":27}","{""detection_events"":144,""detectors_checked"":2160}"
        32,         1,         0,    8.65,mwpf,dc62badfd5e9537d4da07c415dc4ceecb9b6c89857ba2a5a2d1349205f944b36,"{""d"":5,""decoder"":""mwpf"",""label"":""rotated_memory_x"",""p"":0.006,""r"":15}","{""detection_events"":995,""detectors_checked"":11520,""obs_mistake_mask=E"":1}"
       576,         0,         0,    7.43,mwpf,c1c1abc5c7982c75cf504ec6a3c48744db6bf1018106ab5f115289423dca0a4f,"{""d"":7,""decoder"":""mwpf"",""label"":""rotated_memory_x"",""p"":0.001,""r"":21}","{""detection_events"":9487,""detectors_checked"":580608}"
       512,         1,         0,    2.06,mwpf,016a95bef85940acbb03ddd049440cad440a3c9787eb868e3bc7200d6f729b74,"{""d"":5,""decoder"":""mwpf"",""label"":""rotated_memory_x"",""p"":0.001,""r"":15}","{""detection_events"":2992,""detectors_checked"":184320,""obs_mistake_mask=E"":1}"
      1536,        31,         0,    2.76,mwpf,d488616bd24a8c33667ba36623e6dd788fcc53a9593d27ecf787f727398ba40c,"{""d"":3,""decoder"":""mwpf"",""label"":""rotated_memory_x"",""p"":0.004,""r"":9}","{""detection_events"":5786,""detectors_checked"":110592,""obs_mistake_mask=E"":31}"
        32,         0,         0,    1.13,mwpf,a61297c8921fe33c28af23ad378989150a3a190663c4985aae4dc937c0673463,"{""d"":9,""decoder"":""mwpf"",""label"":""rotated_memory_x"",""p"":0.001,""r"":27}","{""detection_events"":1226,""detectors_checked"":69120}"
         8,         0,         0,    4.22,mwpf,099b92056714cea87dd3d5f0fb9a8a98a8a412d1055d1abbb2940ef84cf259c1,"{""d"":7,""decoder"":""mwpf"",""label"":""rotated_memory_x"",""p"":0.004,""r"":21}","{""detection_events"":512,""detectors_checked"":8064}"
         1,         0,         0,    1.63,mwpf,c8b4dffcab5f37d28de5161e173ce7e53a5690662caf1a8bcb34b94b53ddc904,"{""d"":9,""decoder"":""mwpf"",""label"":""rotated_memory_x"",""p"":0.005,""r"":27}","{""detection_events"":200,""detectors_checked"":2160}"
       256,        22,         0,    2.16,mwpf,b376f6d6317da4e9f6a399ed3829aeebbb397d526c8aacd350fbac014cb1c2f0,"{""d"":3,""decoder"":""mwpf"",""label"":""rotated_memory_x"",""p"":0.006,""r"":9}","{""detection_events"":1443,""detectors_checked"":18432,""obs_mistake_mask=E"":22}"
         8,         0,         0,    7.26,mwpf,147e8f59ed09f87ccad369214ab0f120a46bd901a5d80392581872705e3fe919,"{""d"":7,""decoder"":""mwpf"",""label"":""rotated_memory_x"",""p"":0.005,""r"":21}","{""detection_events"":630,""detectors_checked"":8064}"
         1,         0,         0,   0.963,mwpf,91dee3778aaf6f25d2a97cf36c7261da16bf7930f684707c091349f8e7054899,"{""d"":9,""decoder"":""mwpf"",""label"":""rotated_memory_x"",""p"":0.004,""r"":27}","{""detection_events"":142,""detectors_checked"":2160}"
         4,         0,         0,   0.341,mwpf,099b92056714cea87dd3d5f0fb9a8a98a8a412d1055d1abbb2940ef84cf259c1,"{""d"":7,""decoder"":""mwpf"",""label"":""rotated_memory_x"",""p"":0.004,""r"":21}","{""detection_events"":238,""detectors_checked"":4032}"
         4,         0,         0,   0.297,mwpf,099b92056714cea87dd3d5f0fb9a8a98a8a412d1055d1abbb2940ef84cf259c1,"{""d"":7,""decoder"":""mwpf"",""label"":""rotated_memory_x"",""p"":0.004,""r"":21}","{""detection_events"":274,""detectors_checked"":4032}"
         4,         0,         0,   0.728,mwpf,147e8f59ed09f87ccad369214ab0f120a46bd901a5d80392581872705e3fe919,"{""d"":7,""decoder"":""mwpf"",""label"":""rotated_memory_x"",""p"":0.005,""r"":21}","{""detection_events"":307,""detectors_checked"":4032}"
        34,         1,         0,    5.81,mwpf,45eaf76be8ee4917a879539ed982d1bbf8bf0c5926f0a74c63699d520f36e6d6,"{""d"":5,""decoder"":""mwpf"",""label"":""rotated_memory_x"",""p"":0.004,""r"":15}","{""detection_events"":712,""detectors_checked"":12240,""obs_mistake_mask=E"":1}"
         4,         0,         0,   0.427,mwpf,147e8f59ed09f87ccad369214ab0f120a46bd901a5d80392581872705e3fe919,"{""d"":7,""decoder"":""mwpf"",""label"":""rotated_memory_x"",""p"":0.005,""r"":21}","{""detection_events"":306,""detectors_checked"":4032}"
         1,         0,         0,    1.67,mwpf,c8b4dffcab5f37d28de5161e173ce7e53a5690662caf1a8bcb34b94b53ddc904,"{""d"":9,""decoder"":""mwpf"",""label"":""rotated_memory_x"",""p"":0.005,""r"":27}","{""detection_events"":138,""detectors_checked"":2160}"
      1280,         0,         0,    2.77,mwpf,016a95bef85940acbb03ddd049440cad440a3c9787eb868e3bc7200d6f729b74,"{""d"":5,""decoder"":""mwpf"",""label"":""rotated_memory_x"",""p"":0.001,""r"":15}","{""detection_events"":7073,""detectors_checked"":460800}"
         1,         0,         0,   0.570,mwpf,c8b4dffcab5f37d28de5161e173ce7e53a5690662caf1a8bcb34b94b53ddc904,"{""d"":9,""decoder"":""mwpf"",""label"":""rotated_memory_x"",""p"":0.005,""r"":27}","{""detection_events"":166,""detectors_checked"":2160}"
         4,         0,         0,    1.37,mwpf,147e8f59ed09f87ccad369214ab0f120a46bd901a5d80392581872705e3fe919,"{""d"":7,""decoder"":""mwpf"",""label"":""rotated_memory_x"",""p"":0.005,""r"":21}","{""detection_events"":293,""detectors_checked"":4032}"
       768,        24,         0,    3.12,mwpf,d488616bd24a8c33667ba36623e6dd788fcc53a9593d27ecf787f727398ba40c,"{""d"":3,""decoder"":""mwpf"",""label"":""rotated_memory_x"",""p"":0.004,""r"":9}","{""detection_events"":2851,""detectors_checked"":55296,""obs_mistake_mask=E"":24}"
         1,         0,         0,   0.725,mwpf,c8b4dffcab5f37d28de5161e173ce7e53a5690662caf1a8bcb34b94b53ddc904,"{""d"":9,""decoder"":""mwpf"",""label"":""rotated_memory_x"",""p"":0.005,""r"":27}","{""detection_events"":201,""detectors_checked"":2160}"
         3,         0,         0,    3.30,mwpf,91dee3778aaf6f25d2a97cf36c7261da16bf7930f684707c091349f8e7054899,"{""d"":9,""decoder"":""mwpf"",""label"":""rotated_memory_x"",""p"":0.004,""r"":27}","{""detection_events"":436,""detectors_checked"":6480}"
       960,        48,         0,    5.72,mwpf,19872aa5c7ca60adf6b5331f750d8e16db82ed75c2518fea7ae4d9be096071d6,"{""d"":3,""decoder"":""mwpf"",""label"":""rotated_memory_x"",""p"":0.005,""r"":9}","{""detection_events"":4346,""detectors_checked"":69120,""obs_mistake_mask=E"":48}"
       256,         0,         0,    4.33,mwpf,c1c1abc5c7982c75cf504ec6a3c48744db6bf1018106ab5f115289423dca0a4f,"{""d"":7,""decoder"":""mwpf"",""label"":""rotated_memory_x"",""p"":0.001,""r"":21}","{""detection_events"":4144,""detectors_checked"":258048}"
        16,         2,         0,    4.49,mwpf,dc62badfd5e9537d4da07c415dc4ceecb9b6c89857ba2a5a2d1349205f944b36,"{""d"":5,""decoder"":""mwpf"",""label"":""rotated_memory_x"",""p"":0.006,""r"":15}","{""detection_events"":445,""detectors_checked"":5760,""obs_mistake_mask=E"":2}"
         1,         0,         0,    1.06,mwpf,c8b4dffcab5f37d28de5161e173ce7e53a5690662caf1a8bcb34b94b53ddc904,"{""d"":9,""decoder"":""mwpf"",""label"":""rotated_memory_x"",""p"":0.005,""r"":27}","{""detection_events"":158,""detectors_checked"":2160}"
      1280,         0,         0,    2.01,mwpf,016a95bef85940acbb03ddd049440cad440a3c9787eb868e3bc7200d6f729b74,"{""d"":5,""decoder"":""mwpf"",""label"":""rotated_memory_x"",""p"":0.001,""r"":15}","{""detection_events"":7323,""detectors_checked"":460800}"
        16,         1,         0,    15.7,mwpf,41cdc88fd81f5d0d6d5bf952e5236eda88e6ff72b23bb3fa05cd97f179373672,"{""d"":7,""decoder"":""mwpf"",""label"":""rotated_memory_x"",""p"":0.006,""r"":21}","{""detection_events"":1385,""detectors_checked"":16128,""obs_mistake_mask=E"":1}"
       128,         0,         0,    1.15,mwpf,c1c1abc5c7982c75cf504ec6a3c48744db6bf1018106ab5f115289423dca0a4f,"{""d"":7,""decoder"":""mwpf"",""label"":""rotated_memory_x"",""p"":0.001,""r"":21}","{""detection_events"":2132,""detectors_checked"":129024}"
         8,         2,         0,    1.03,mwpf,dc62badfd5e9537d4da07c415dc4ceecb9b6c89857ba2a5a2d1349205f944b36,"{""d"":5,""decoder"":""mwpf"",""label"":""rotated_memory_x"",""p"":0.006,""r"":15}","{""detection_events"":263,""detectors_checked"":2880,""obs_mistake_mask=E"":2}"
       512,        19,         0,    5.36,mwpf,b376f6d6317da4e9f6a399ed3829aeebbb397d526c8aacd350fbac014cb1c2f0,"{""d"":3,""decoder"":""mwpf"",""label"":""rotated_memory_x"",""p"":0.006,""r"":9}","{""detection_events"":2814,""detectors_checked"":36864,""obs_mistake_mask=E"":19}"
       160,         0,         0,    5.77,mwpf,a61297c8921fe33c28af23ad378989150a3a190663c4985aae4dc937c0673463,"{""d"":9,""decoder"":""mwpf"",""label"":""rotated_memory_x"",""p"":0.001,""r"":27}","{""detection_events"":5844,""detectors_checked"":345600}"
         2,         0,         0,    3.04,mwpf,147e8f59ed09f87ccad369214ab0f120a46bd901a5d80392581872705e3fe919,"{""d"":7,""decoder"":""mwpf"",""label"":""rotated_memory_x"",""p"":0.005,""r"":21}","{""detection_events"":162,""detectors_checked"":2016}"
        72,         1,         0,    9.34,mwpf,c612a222174dff6430f8c3f697980a26d087355eb82c7fa85d1461c341757fb8,"{""d"":5,""decoder"":""mwpf"",""label"":""rotated_memory_x"",""p"":0.005,""r"":15}","{""detection_events"":1835,""detectors_checked"":25920,""obs_mistake_mask=E"":1}"
         8,         0,         0,   0.846,mwpf,dc62badfd5e9537d4da07c415dc4ceecb9b6c89857ba2a5a2d1349205f944b36,"{""d"":5,""decoder"":""mwpf"",""label"":""rotated_memory_x"",""p"":0.006,""r"":15}","{""detection_events"":245,""detectors_checked"":2880}"
       256,         0,         0,    1.01,mwpf,c1c1abc5c7982c75cf504ec6a3c48744db6bf1018106ab5f115289423dca0a4f,"{""d"":7,""decoder"":""mwpf"",""label"":""rotated_memory_x"",""p"":0.001,""r"":21}","{""detection_events"":4272,""detectors_checked"":258048}"
        48,         1,         0,    4.84,mwpf,45eaf76be8ee4917a879539ed982d1bbf8bf0c5926f0a74c63699d520f36e6d6,"{""d"":5,""decoder"":""mwpf"",""label"":""rotated_memory_x"",""p"":0.004,""r"":15}","{""detection_events"":1111,""detectors_checked"":17280,""obs_mistake_mask=E"":1}"
         8,         0,         0,   0.399,mwpf,dc62badfd5e9537d4da07c415dc4ceecb9b6c89857ba2a5a2d1349205f944b36,"{""d"":5,""decoder"":""mwpf"",""label"":""rotated_memory_x"",""p"":0.006,""r"":15}","{""detection_events"":255,""detectors_checked"":2880}"
      1664,        39,         0,    4.43,mwpf,d488616bd24a8c33667ba36623e6dd788fcc53a9593d27ecf787f727398ba40c,"{""d"":3,""decoder"":""mwpf"",""label"":""rotated_memory_x"",""p"":0.004,""r"":9}","{""detection_events"":6213,""detectors_checked"":119808,""obs_mistake_mask=E"":39}"
        16,         0,         0,    1.29,mwpf,45eaf76be8ee4917a879539ed982d1bbf8bf0c5926f0a74c63699d520f36e6d6,"{""d"":5,""decoder"":""mwpf"",""label"":""rotated_memory_x"",""p"":0.004,""r"":15}","{""detection_events"":356,""detectors_checked"":5760}"
         8,         0,         0,    7.02,mwpf,099b92056714cea87dd3d5f0fb9a8a98a8a412d1055d1abbb2940ef84cf259c1,"{""d"":7,""decoder"":""mwpf"",""label"":""rotated_memory_x"",""p"":0.004,""r"":21}","{""detection_events"":495,""detectors_checked"":8064}"
      1024,        33,         0,    3.94,mwpf,19872aa5c7ca60adf6b5331f750d8e16db82ed75c2518fea7ae4d9be096071d6,"{""d"":3,""decoder"":""mwpf"",""label"":""rotated_memory_x"",""p"":0.005,""r"":9}","{""detection_events"":4619,""detectors_checked"":73728,""obs_mistake_mask=E"":33}"
       512,         0,         0,    3.59,mwpf,016a95bef85940acbb03ddd049440cad440a3c9787eb868e3bc7200d6f729b74,"{""d"":5,""decoder"":""mwpf"",""label"":""rotated_memory_x"",""p"":0.001,""r"":15}","{""detection_events"":2737,""detectors_checked"":184320}"
         3,         0,         0,    3.95,mwpf,c8b4dffcab5f37d28de5161e173ce7e53a5690662caf1a8bcb34b94b53ddc904,"{""d"":9,""decoder"":""mwpf"",""label"":""rotated_memory_x"",""p"":0.005,""r"":27}","{""detection_events"":545,""detectors_checked"":6480}"
        32,         1,         0,    2.68,mwpf,c612a222174dff6430f8c3f697980a26d087355eb82c7fa85d1461c341757fb8,"{""d"":5,""decoder"":""mwpf"",""label"":""rotated_memory_x"",""p"":0.005,""r"":15}","{""detection_events"":908,""detectors_checked"":11520,""obs_mistake_mask=E"":1}"
         4,         0,         0,    1.69,mwpf,099b92056714cea87dd3d5f0fb9a8a98a8a412d1055d1abbb2940ef84cf259c1,"{""d"":7,""decoder"":""mwpf"",""label"":""rotated_memory_x"",""p"":0.004,""r"":21}","{""detection_events"":254,""detectors_checked"":4032}"
       768,        33,         0,    4.18,mwpf,b376f6d6317da4e9f6a399ed3829aeebbb397d526c8aacd350fbac014cb1c2f0,"{""d"":3,""decoder"":""mwpf"",""label"":""rotated_memory_x"",""p"":0.006,""r"":9}","{""detection_events"":4170,""detectors_checked"":55296,""obs_mistake_mask=E"":33}"
         8,         0,         0,    3.67,mwpf,dc62badfd5e9537d4da07c415dc4ceecb9b6c89857ba2a5a2d1349205f944b36,"{""d"":5,""decoder"":""mwpf"",""label"":""rotated_memory_x"",""p"":0.006,""r"":15}","{""detection_events"":240,""detectors_checked"":2880}"
         8,         2,         0,    5.63,mwpf,41cdc88fd81f5d0d6d5bf952e5236eda88e6ff72b23bb3fa05cd97f179373672,"{""d"":7,""decoder"":""mwpf"",""label"":""rotated_memory_x"",""p"":0.006,""r"":21}","{""detection_events"":745,""detectors_checked"":8064,""obs_mistake_mask=E"":2}"
       128,         0,         0,    5.28,mwpf,a61297c8921fe33c28af23ad378989150a3a190663c4985aae4dc937c0673463,"{""d"":9,""decoder"":""mwpf"",""label"":""rotated_memory_x"",""p"":0.001,""r"":27}","{""detection_events"":4746,""detectors_checked"":276480}"
        16,         1,         0,    3.82,mwpf,45eaf76be8ee4917a879539ed982d1bbf8bf0c5926f0a74c63699d520f36e6d6,"{""d"":5,""decoder"":""mwpf"",""label"":""rotated_memory_x"",""p"":0.004,""r"":15}","{""detection_events"":383,""detectors_checked"":5760,""obs_mistake_mask=E"":1}"
       384,         0,         0,    5.74,mwpf,c1c1abc5c7982c75cf504ec6a3c48744db6bf1018106ab5f115289423dca0a4f,"{""d"":7,""decoder"":""mwpf"",""label"":""rotated_memory_x"",""p"":0.001,""r"":21}","{""detection_events"":6210,""detectors_checked"":387072}"
         4,         0,         0,    1.66,mwpf,41cdc88fd81f5d0d6d5bf952e5236eda88e6ff72b23bb3fa05cd97f179373672,"{""d"":7,""decoder"":""mwpf"",""label"":""rotated_memory_x"",""p"":0.006,""r"":21}","{""detection_events"":325,""detectors_checked"":4032}"
      1024,        30,         0,    4.88,mwpf,19872aa5c7ca60adf6b5331f750d8e16db82ed75c2518fea7ae4d9be096071d6,"{""d"":3,""decoder"":""mwpf"",""label"":""rotated_memory_x"",""p"":0.005,""r"":9}","{""detection_events"":4660,""detectors_checked"":73728,""obs_mistake_mask=E"":30}"
      1152,         0,         0,    5.02,mwpf,016a95bef85940acbb03ddd049440cad440a3c9787eb868e3bc7200d6f729b74,"{""d"":5,""decoder"":""mwpf"",""label"":""rotated_memory_x"",""p"":0.001,""r"":15}","{""detection_events"":6293,""detectors_checked"":414720}"
        36,         1,         0,    3.02,mwpf,dc62badfd5e9537d4da07c415dc4ceecb9b6c89857ba2a5a2d1349205f944b36,"{""d"":5,""decoder"":""mwpf"",""label"":""rotated_memory_x"",""p"":0.006,""r"":15}","{""detection_events"":1104,""detectors_checked"":12960,""obs_mistake_mask=E"":1}"
         9,         0,         0,    9.71,mwpf,91dee3778aaf6f25d2a97cf36c7261da16bf7930f684707c091349f8e7054899,"{""d"":9,""decoder"":""mwpf"",""label"":""rotated_memory_x"",""p"":0.004,""r"":27}","{""detection_events"":1304,""detectors_checked"":19440}"
        16,         1,         0,    4.88,mwpf,c612a222174dff6430f8c3f697980a26d087355eb82c7fa85d1461c341757fb8,"{""d"":5,""decoder"":""mwpf"",""label"":""rotated_memory_x"",""p"":0.005,""r"":15}","{""detection_events"":472,""detectors_checked"":5760,""obs_mistake_mask=E"":1}"
         2,         0,         0,    1.93,mwpf,41cdc88fd81f5d0d6d5bf952e5236eda88e6ff72b23bb3fa05cd97f179373672,"{""d"":7,""decoder"":""mwpf"",""label"":""rotated_memory_x"",""p"":0.006,""r"":21}","{""detection_events"":186,""detectors_checked"":2016}"
         9,         0,         0,    8.41,mwpf,147e8f59ed09f87ccad369214ab0f120a46bd901a5d80392581872705e3fe919,"{""d"":7,""decoder"":""mwpf"",""label"":""rotated_memory_x"",""p"":0.005,""r"":21}","{""detection_events"":719,""detectors_checked"":9072}"
      2304,        60,         0,    7.04,mwpf,d488616bd24a8c33667ba36623e6dd788fcc53a9593d27ecf787f727398ba40c,"{""d"":3,""decoder"":""mwpf"",""label"":""rotated_memory_x"",""p"":0.004,""r"":9}","{""detection_events"":8714,""detectors_checked"":165888,""obs_mistake_mask=E"":60}"
         1,         0,         0,   0.600,mwpf,41cdc88fd81f5d0d6d5bf952e5236eda88e6ff72b23bb3fa05cd97f179373672,"{""d"":7,""decoder"":""mwpf"",""label"":""rotated_memory_x"",""p"":0.006,""r"":21}","{""detection_events"":98,""detectors_checked"":1008}"
       832,        44,         0,    5.20,mwpf,b376f6d6317da4e9f6a399ed3829aeebbb397d526c8aacd350fbac014cb1c2f0,"{""d"":3,""decoder"":""mwpf"",""label"":""rotated_memory_x"",""p"":0.006,""r"":9}","{""detection_events"":4474,""detectors_checked"":59904,""obs_mistake_mask=E"":44}"
         8,         0,         0,    2.26,mwpf,c612a222174dff6430f8c3f697980a26d087355eb82c7fa85d1461c341757fb8,"{""d"":5,""decoder"":""mwpf"",""label"":""rotated_memory_x"",""p"":0.005,""r"":15}","{""detection_events"":227,""detectors_checked"":2880}"
       384,         0,         0,    4.16,mwpf,c1c1abc5c7982c75cf504ec6a3c48744db6bf1018106ab5f115289423dca0a4f,"{""d"":7,""decoder"":""mwpf"",""label"":""rotated_memory_x"",""p"":0.001,""r"":21}","{""detection_events"":6253,""detectors_checked"":387072}"
         4,         0,         0,    2.74,mwpf,147e8f59ed09f87ccad369214ab0f120a46bd901a5d80392581872705e3fe919,"{""d"":7,""decoder"":""mwpf"",""label"":""rotated_memory_x"",""p"":0.005,""r"":21}","{""detection_events"":342,""detectors_checked"":4032}"
         2,         0,         0,   0.502,mwpf,147e8f59ed09f87ccad369214ab0f120a46bd901a5d80392581872705e3fe919,"{""d"":7,""decoder"":""mwpf"",""label"":""rotated_memory_x"",""p"":0.005,""r"":21}","{""detection_events"":197,""detectors_checked"":2016}"
        18,         0,         0,    8.34,mwpf,099b92056714cea87dd3d5f0fb9a8a98a8a412d1055d1abbb2940ef84cf259c1,"{""d"":7,""decoder"":""mwpf"",""label"":""rotated_memory_x"",""p"":0.004,""r"":21}","{""detection_events"":1191,""detectors_checked"":18144}"
         4,         0,         0,    2.01,mwpf,c612a222174dff6430f8c3f697980a26d087355eb82c7fa85d1461c341757fb8,"{""d"":5,""decoder"":""mwpf"",""label"":""rotated_memory_x"",""p"":0.005,""r"":15}","{""detection_events"":102,""detectors_checked"":1440}"
       256,         0,         0,    2.41,mwpf,c1c1abc5c7982c75cf504ec6a3c48744db6bf1018106ab5f115289423dca0a4f,"{""d"":7,""decoder"":""mwpf"",""label"":""rotated_memory_x"",""p"":0.001,""r"":21}","{""detection_events"":4229,""detectors_checked"":258048}"
      1280,         0,         0,    5.42,mwpf,016a95bef85940acbb03ddd049440cad440a3c9787eb868e3bc7200d6f729b74,"{""d"":5,""decoder"":""mwpf"",""label"":""rotated_memory_x"",""p"":0.001,""r"":15}","{""detection_events"":7425,""detectors_checked"":460800}"
        16,         0,         0,    5.66,mwpf,dc62badfd5e9537d4da07c415dc4ceecb9b6c89857ba2a5a2d1349205f944b36,"{""d"":5,""decoder"":""mwpf"",""label"":""rotated_memory_x"",""p"":0.006,""r"":15}","{""detection_events"":428,""detectors_checked"":5760}"
      1536,        58,         0,    6.03,mwpf,19872aa5c7ca60adf6b5331f750d8e16db82ed75c2518fea7ae4d9be096071d6,"{""d"":3,""decoder"":""mwpf"",""label"":""rotated_memory_x"",""p"":0.005,""r"":9}","{""detection_events"":7026,""detectors_checked"":110592,""obs_mistake_mask=E"":58}"
         8,         0,         0,    1.27,mwpf,099b92056714cea87dd3d5f0fb9a8a98a8a412d1055d1abbb2940ef84cf259c1,"{""d"":7,""decoder"":""mwpf"",""label"":""rotated_memory_x"",""p"":0.004,""r"":21}","{""detection_events"":530,""detectors_checked"":8064}"
        96,         0,         0,    8.10,mwpf,a61297c8921fe33c28af23ad378989150a3a190663c4985aae4dc937c0673463,"{""d"":9,""decoder"":""mwpf"",""label"":""rotated_memory_x"",""p"":0.001,""r"":27}","{""detection_events"":3687,""detectors_checked"":207360}"
         2,         0,         0,    2.10,mwpf,147e8f59ed09f87ccad369214ab0f120a46bd901a5d80392581872705e3fe919,"{""d"":7,""decoder"":""mwpf"",""label"":""rotated_memory_x"",""p"":0.005,""r"":21}","{""detection_events"":154,""detectors_checked"":2016}"
        72,         2,         0,    8.76,mwpf,45eaf76be8ee4917a879539ed982d1bbf8bf0c5926f0a74c63699d520f36e6d6,"{""d"":5,""decoder"":""mwpf"",""label"":""rotated_memory_x"",""p"":0.004,""r"":15}","{""detection_events"":1530,""detectors_checked"":25920,""obs_mistake_mask=E"":2}"
         1,         0,         0,   0.943,mwpf,147e8f59ed09f87ccad369214ab0f120a46bd901a5d80392581872705e3fe919,"{""d"":7,""decoder"":""mwpf"",""label"":""rotated_memory_x"",""p"":0.005,""r"":21}","{""detection_events"":98,""detectors_checked"":1008}"
         2,         1,         0,   0.419,mwpf,147e8f59ed09f87ccad369214ab0f120a46bd901a5d80392581872705e3fe919,"{""d"":7,""decoder"":""mwpf"",""label"":""rotated_memory_x"",""p"":0.005,""r"":21}","{""detection_events"":209,""detectors_checked"":2016,""obs_mistake_mask=E"":1}"
        10,         0,         0,    7.73,mwpf,91dee3778aaf6f25d2a97cf36c7261da16bf7930f684707c091349f8e7054899,"{""d"":9,""decoder"":""mwpf"",""label"":""rotated_memory_x"",""p"":0.004,""r"":27}","{""detection_events"":1365,""detectors_checked"":21600}"
      1024,        51,         0,    6.30,mwpf,b376f6d6317da4e9f6a399ed3829aeebbb397d526c8aacd350fbac014cb1c2f0,"{""d"":3,""decoder"":""mwpf"",""label"":""rotated_memory_x"",""p"":0.006,""r"":9}","{""detection_events"":5672,""detectors_checked"":73728,""obs_mistake_mask=E"":51}"
         8,         0,         0,    2.61,mwpf,099b92056714cea87dd3d5f0fb9a8a98a8a412d1055d1abbb2940ef84cf259c1,"{""d"":7,""decoder"":""mwpf"",""label"":""rotated_memory_x"",""p"":0.004,""r"":21}","{""detection_events"":494,""detectors_checked"":8064}"
         4,         0,         0,    1.08,mwpf,147e8f59ed09f87ccad369214ab0f120a46bd901a5d80392581872705e3fe919,"{""d"":7,""decoder"":""mwpf"",""label"":""rotated_memory_x"",""p"":0.005,""r"":21}","{""detection_events"":275,""detectors_checked"":4032}"
       160,         0,         0,    3.79,mwpf,a61297c8921fe33c28af23ad378989150a3a190663c4985aae4dc937c0673463,"{""d"":9,""decoder"":""mwpf"",""label"":""rotated_memory_x"",""p"":0.001,""r"":27}","{""detection_events"":5939,""detectors_checked"":345600}"
         9,         1,         0,    14.7,mwpf,c8b4dffcab5f37d28de5161e173ce7e53a5690662caf1a8bcb34b94b53ddc904,"{""d"":9,""decoder"":""mwpf"",""label"":""rotated_memory_x"",""p"":0.005,""r"":27}","{""detection_events"":1492,""detectors_checked"":19440,""obs_mistake_mask=E"":1}"
         8,         0,         0,    4.67,mwpf,dc62badfd5e9537d4da07c415dc4ceecb9b6c89857ba2a5a2d1349205f944b36,"{""d"":5,""decoder"":""mwpf"",""label"":""rotated_memory_x"",""p"":0.006,""r"":15}","{""detection_events"":276,""detectors_checked"":2880}"
      5120,       129,         0,    9.19,mwpf,d488616bd24a8c33667ba36623e6dd788fcc53a9593d27ecf787f727398ba40c,"{""d"":3,""decoder"":""mwpf"",""label"":""rotated_memory_x"",""p"":0.004,""r"":9}","{""detection_events"":19540,""detectors_checked"":368640,""obs_mistake_mask=E"":129}"
        32,         0,         0,    4.80,mwpf,45eaf76be8ee4917a879539ed982d1bbf8bf0c5926f0a74c63699d520f36e6d6,"{""d"":5,""decoder"":""mwpf"",""label"":""rotated_memory_x"",""p"":0.004,""r"":15}","{""detection_events"":709,""detectors_checked"":11520}"
      1408,         1,         0,    7.18,mwpf,016a95bef85940acbb03ddd049440cad440a3c9787eb868e3bc7200d6f729b74,"{""d"":5,""decoder"":""mwpf"",""label"":""rotated_memory_x"",""p"":0.001,""r"":15}","{""detection_events"":7735,""detectors_checked"":506880,""obs_mistake_mask=E"":1}"
        22,         0,         0,    4.17,mwpf,099b92056714cea87dd3d5f0fb9a8a98a8a412d1055d1abbb2940ef84cf259c1,"{""d"":7,""decoder"":""mwpf"",""label"":""rotated_memory_x"",""p"":0.004,""r"":21}","{""detection_events"":1323,""detectors_checked"":22176}"
       224,         0,         0,    7.75,mwpf,c1c1abc5c7982c75cf504ec6a3c48744db6bf1018106ab5f115289423dca0a4f,"{""d"":7,""decoder"":""mwpf"",""label"":""rotated_memory_x"",""p"":0.001,""r"":21}","{""detection_events"":3637,""detectors_checked"":225792}"
         2,         0,         0,    5.23,mwpf,91dee3778aaf6f25d2a97cf36c7261da16bf7930f684707c091349f8e7054899,"{""d"":9,""decoder"":""mwpf"",""label"":""rotated_memory_x"",""p"":0.004,""r"":27}","{""detection_events"":280,""detectors_checked"":4320}"
        16,         0,         0,    1.52,mwpf,45eaf76be8ee4917a879539ed982d1bbf8bf0c5926f0a74c63699d520f36e6d6,"{""d"":5,""decoder"":""mwpf"",""label"":""rotated_memory_x"",""p"":0.004,""r"":15}","{""detection_events"":325,""detectors_checked"":5760}"
        17,         3,         0,    12.2,mwpf,41cdc88fd81f5d0d6d5bf952e5236eda88e6ff72b23bb3fa05cd97f179373672,"{""d"":7,""decoder"":""mwpf"",""label"":""rotated_memory_x"",""p"":0.006,""r"":21}","{""detection_events"":1609,""detectors_checked"":17136,""obs_mistake_mask=E"":3}"
         4,         0,         0,    5.29,mwpf,c8b4dffcab5f37d28de5161e173ce7e53a5690662caf1a8bcb34b94b53ddc904,"{""d"":9,""decoder"":""mwpf"",""label"":""rotated_memory_x"",""p"":0.005,""r"":27}","{""detection_events"":767,""detectors_checked"":8640}"
      2176,        68,         0,    9.80,mwpf,19872aa5c7ca60adf6b5331f750d8e16db82ed75c2518fea7ae4d9be096071d6,"{""d"":3,""decoder"":""mwpf"",""label"":""rotated_memory_x"",""p"":0.005,""r"":9}","{""detection_events"":10103,""detectors_checked"":156672,""obs_mistake_mask=E"":68}"
       288,         0,         0,    7.02,mwpf,a61297c8921fe33c28af23ad378989150a3a190663c4985aae4dc937c0673463,"{""d"":9,""decoder"":""mwpf"",""label"":""rotated_memory_x"",""p"":0.001,""r"":27}","{""detection_events"":10543,""detectors_checked"":622080}"
        24,         1,         0,    6.76,mwpf,dc62badfd5e9537d4da07c415dc4ceecb9b6c89857ba2a5a2d1349205f944b36,"{""d"":5,""decoder"":""mwpf"",""label"":""rotated_memory_x"",""p"":0.006,""r"":15}","{""detection_events"":736,""detectors_checked"":8640,""obs_mistake_mask=E"":1}"
        38,         1,         0,    12.9,mwpf,c612a222174dff6430f8c3f697980a26d087355eb82c7fa85d1461c341757fb8,"{""d"":5,""decoder"":""mwpf"",""label"":""rotated_memory_x"",""p"":0.005,""r"":15}","{""detection_events"":1038,""detectors_checked"":13680,""obs_mistake_mask=E"":1}"
        20,         1,         0,    4.89,mwpf,099b92056714cea87dd3d5f0fb9a8a98a8a412d1055d1abbb2940ef84cf259c1,"{""d"":7,""decoder"":""mwpf"",""label"":""rotated_memory_x"",""p"":0.004,""r"":21}","{""detection_events"":1221,""detectors_checked"":20160,""obs_mistake_mask=E"":1}"
        40,         1,         0,    4.88,mwpf,45eaf76be8ee4917a879539ed982d1bbf8bf0c5926f0a74c63699d520f36e6d6,"{""d"":5,""decoder"":""mwpf"",""label"":""rotated_memory_x"",""p"":0.004,""r"":15}","{""detection_events"":838,""detectors_checked"":14400,""obs_mistake_mask=E"":1}"
         8,         1,         0,    4.56,mwpf,41cdc88fd81f5d0d6d5bf952e5236eda88e6ff72b23bb3fa05cd97f179373672,"{""d"":7,""decoder"":""mwpf"",""label"":""rotated_memory_x"",""p"":0.006,""r"":21}","{""detection_events"":720,""detectors_checked"":8064,""obs_mistake_mask=E"":1}"
      1600,        83,         0,    11.1,mwpf,b376f6d6317da4e9f6a399ed3829aeebbb397d526c8aacd350fbac014cb1c2f0,"{""d"":3,""decoder"":""mwpf"",""label"":""rotated_memory_x"",""p"":0.006,""r"":9}","{""detection_events"":8706,""detectors_checked"":115200,""obs_mistake_mask=E"":83}"
       704,         0,         0,    6.24,mwpf,c1c1abc5c7982c75cf504ec6a3c48744db6bf1018106ab5f115289423dca0a4f,"{""d"":7,""decoder"":""mwpf"",""label"":""rotated_memory_x"",""p"":0.001,""r"":21}","{""detection_events"":11952,""detectors_checked"":709632}"
         9,         0,         0,    6.53,mwpf,91dee3778aaf6f25d2a97cf36c7261da16bf7930f684707c091349f8e7054899,"{""d"":9,""decoder"":""mwpf"",""label"":""rotated_memory_x"",""p"":0.004,""r"":27}","{""detection_events"":1125,""detectors_checked"":19440}"
        12,         1,         0,    11.3,mwpf,147e8f59ed09f87ccad369214ab0f120a46bd901a5d80392581872705e3fe919,"{""d"":7,""decoder"":""mwpf"",""label"":""rotated_memory_x"",""p"":0.005,""r"":21}","{""detection_events"":960,""detectors_checked"":12096,""obs_mistake_mask=E"":1}"
         4,         0,         0,    5.62,mwpf,c8b4dffcab5f37d28de5161e173ce7e53a5690662caf1a8bcb34b94b53ddc904,"{""d"":9,""decoder"":""mwpf"",""label"":""rotated_memory_x"",""p"":0.005,""r"":27}","{""detection_events"":695,""detectors_checked"":8640}"
        16,         0,         0,    3.43,mwpf,45eaf76be8ee4917a879539ed982d1bbf8bf0c5926f0a74c63699d520f36e6d6,"{""d"":5,""decoder"":""mwpf"",""label"":""rotated_memory_x"",""p"":0.004,""r"":15}","{""detection_events"":345,""detectors_checked"":5760}"
      3328,         0,         0,    9.26,mwpf,016a95bef85940acbb03ddd049440cad440a3c9787eb868e3bc7200d6f729b74,"{""d"":5,""decoder"":""mwpf"",""label"":""rotated_memory_x"",""p"":0.001,""r"":15}","{""detection_events"":18707,""detectors_checked"":1198080}"
      3840,       100,         0,    11.8,mwpf,d488616bd24a8c33667ba36623e6dd788fcc53a9593d27ecf787f727398ba40c,"{""d"":3,""decoder"":""mwpf"",""label"":""rotated_memory_x"",""p"":0.004,""r"":9}","{""detection_events"":14477,""detectors_checked"":276480,""obs_mistake_mask=E"":100}"
         4,         0,         0,    2.16,mwpf,147e8f59ed09f87ccad369214ab0f120a46bd901a5d80392581872705e3fe919,"{""d"":7,""decoder"":""mwpf"",""label"":""rotated_memory_x"",""p"":0.005,""r"":21}","{""detection_events"":324,""detectors_checked"":4032}"
         4,         0,         0,    4.17,mwpf,41cdc88fd81f5d0d6d5bf952e5236eda88e6ff72b23bb3fa05cd97f179373672,"{""d"":7,""decoder"":""mwpf"",""label"":""rotated_memory_x"",""p"":0.006,""r"":21}","{""detection_events"":346,""detectors_checked"":4032}"
        16,         0,         0,    5.78,mwpf,c612a222174dff6430f8c3f697980a26d087355eb82c7fa85d1461c341757fb8,"{""d"":5,""decoder"":""mwpf"",""label"":""rotated_memory_x"",""p"":0.005,""r"":15}","{""detection_events"":383,""detectors_checked"":5760}"
         2,         1,         0,   0.724,mwpf,41cdc88fd81f5d0d6d5bf952e5236eda88e6ff72b23bb3fa05cd97f179373672,"{""d"":7,""decoder"":""mwpf"",""label"":""rotated_memory_x"",""p"":0.006,""r"":21}","{""detection_events"":175,""detectors_checked"":2016,""obs_mistake_mask=E"":1}"
       352,         0,         0,    6.58,mwpf,a61297c8921fe33c28af23ad378989150a3a190663c4985aae4dc937c0673463,"{""d"":9,""decoder"":""mwpf"",""label"":""rotated_memory_x"",""p"":0.001,""r"":27}","{""detection_events"":12949,""detectors_checked"":760320}"
        24,         0,         0,    6.16,mwpf,099b92056714cea87dd3d5f0fb9a8a98a8a412d1055d1abbb2940ef84cf259c1,"{""d"":7,""decoder"":""mwpf"",""label"":""rotated_memory_x"",""p"":0.004,""r"":21}","{""detection_events"":1395,""detectors_checked"":24192}"
         2,         0,         0,   0.799,mwpf,41cdc88fd81f5d0d6d5bf952e5236eda88e6ff72b23bb3fa05cd97f179373672,"{""d"":7,""decoder"":""mwpf"",""label"":""rotated_memory_x"",""p"":0.006,""r"":21}","{""detection_events"":185,""detectors_checked"":2016}"
         6,         0,         0,    4.87,mwpf,91dee3778aaf6f25d2a97cf36c7261da16bf7930f684707c091349f8e7054899,"{""d"":9,""decoder"":""mwpf"",""label"":""rotated_memory_x"",""p"":0.004,""r"":27}","{""detection_events"":769,""detectors_checked"":12960}"
         2,         0,         0,    1.43,mwpf,41cdc88fd81f5d0d6d5bf952e5236eda88e6ff72b23bb3fa05cd97f179373672,"{""d"":7,""decoder"":""mwpf"",""label"":""rotated_memory_x"",""p"":0.006,""r"":21}","{""detection_events"":185,""detectors_checked"":2016}"
       384,         0,         0,    6.40,mwpf,c1c1abc5c7982c75cf504ec6a3c48744db6bf1018106ab5f115289423dca0a4f,"{""d"":7,""decoder"":""mwpf"",""label"":""rotated_memory_x"",""p"":0.001,""r"":21}","{""detection_events"":6380,""detectors_checked"":387072}"
         3,         0,         0,    1.82,mwpf,41cdc88fd81f5d0d6d5bf952e5236eda88e6ff72b23bb3fa05cd97f179373672,"{""d"":7,""decoder"":""mwpf"",""label"":""rotated_memory_x"",""p"":0.006,""r"":21}","{""detection_events"":276,""detectors_checked"":3024}"
      2816,       100,         0,    12.2,mwpf,19872aa5c7ca60adf6b5331f750d8e16db82ed75c2518fea7ae4d9be096071d6,"{""d"":3,""decoder"":""mwpf"",""label"":""rotated_memory_x"",""p"":0.005,""r"":9}","{""detection_events"":12919,""detectors_checked"":202752,""obs_mistake_mask=E"":100}"
        24,         0,         0,    5.34,mwpf,099b92056714cea87dd3d5f0fb9a8a98a8a412d1055d1abbb2940ef84cf259c1,"{""d"":7,""decoder"":""mwpf"",""label"":""rotated_memory_x"",""p"":0.004,""r"":21}","{""detection_events"":1444,""detectors_checked"":24192}"
         2,         0,         0,    1.69,mwpf,41cdc88fd81f5d0d6d5bf952e5236eda88e6ff72b23bb3fa05cd97f179373672,"{""d"":7,""decoder"":""mwpf"",""label"":""rotated_memory_x"",""p"":0.006,""r"":21}","{""detection_events"":160,""detectors_checked"":2016}"
        10,         0,         0,    7.91,mwpf,147e8f59ed09f87ccad369214ab0f120a46bd901a5d80392581872705e3fe919,"{""d"":7,""decoder"":""mwpf"",""label"":""rotated_memory_x"",""p"":0.005,""r"":21}","{""detection_events"":753,""detectors_checked"":10080}"
      1536,        87,         0,    12.4,mwpf,b376f6d6317da4e9f6a399ed3829aeebbb397d526c8aacd350fbac014cb1c2f0,"{""d"":3,""decoder"":""mwpf"",""label"":""rotated_memory_x"",""p"":0.006,""r"":9}","{""detection_events"":8096,""detectors_checked"":110592,""obs_mistake_mask=E"":87}"
       288,         0,         0,    8.81,mwpf,a61297c8921fe33c28af23ad378989150a3a190663c4985aae4dc937c0673463,"{""d"":9,""decoder"":""mwpf"",""label"":""rotated_memory_x"",""p"":0.001,""r"":27}","{""detection_events"":10619,""detectors_checked"":622080}"
        52,         5,         0,    9.29,mwpf,c612a222174dff6430f8c3f697980a26d087355eb82c7fa85d1461c341757fb8,"{""d"":5,""decoder"":""mwpf"",""label"":""rotated_memory_x"",""p"":0.005,""r"":15}","{""detection_events"":1321,""detectors_checked"":18720,""obs_mistake_mask=E"":5}"
        10,         0,         0,    13.1,mwpf,c8b4dffcab5f37d28de5161e173ce7e53a5690662caf1a8bcb34b94b53ddc904,"{""d"":9,""decoder"":""mwpf"",""label"":""rotated_memory_x"",""p"":0.005,""r"":27}","{""detection_events"":1872,""detectors_checked"":21600}"
      5248,         0,         0,    12.8,mwpf,016a95bef85940acbb03ddd049440cad440a3c9787eb868e3bc7200d6f729b74,"{""d"":5,""decoder"":""mwpf"",""label"":""rotated_memory_x"",""p"":0.001,""r"":15}","{""detection_events"":29337,""detectors_checked"":1889280}"
         3,         1,         0,    6.09,mwpf,41cdc88fd81f5d0d6d5bf952e5236eda88e6ff72b23bb3fa05cd97f179373672,"{""d"":7,""decoder"":""mwpf"",""label"":""rotated_memory_x"",""p"":0.006,""r"":21}","{""detection_events"":279,""detectors_checked"":3024,""obs_mistake_mask=E"":1}"
      1344,         0,         0,    10.3,mwpf,c1c1abc5c7982c75cf504ec6a3c48744db6bf1018106ab5f115289423dca0a4f,"{""d"":7,""decoder"":""mwpf"",""label"":""rotated_memory_x"",""p"":0.001,""r"":21}","{""detection_events"":22393,""detectors_checked"":1354752}"
         8,         0,         0,    6.97,mwpf,099b92056714cea87dd3d5f0fb9a8a98a8a412d1055d1abbb2940ef84cf259c1,"{""d"":7,""decoder"":""mwpf"",""label"":""rotated_memory_x"",""p"":0.004,""r"":21}","{""detection_events"":440,""detectors_checked"":8064}"
        12,         0,         0,    6.05,mwpf,147e8f59ed09f87ccad369214ab0f120a46bd901a5d80392581872705e3fe919,"{""d"":7,""decoder"":""mwpf"",""label"":""rotated_memory_x"",""p"":0.005,""r"":21}","{""detection_events"":934,""detectors_checked"":12096}"
        76,         4,         0,    21.3,mwpf,dc62badfd5e9537d4da07c415dc4ceecb9b6c89857ba2a5a2d1349205f944b36,"{""d"":5,""decoder"":""mwpf"",""label"":""rotated_memory_x"",""p"":0.006,""r"":15}","{""detection_events"":2302,""detectors_checked"":27360,""obs_mistake_mask=E"":4}"
        28,         1,         0,    6.55,mwpf,c612a222174dff6430f8c3f697980a26d087355eb82c7fa85d1461c341757fb8,"{""d"":5,""decoder"":""mwpf"",""label"":""rotated_memory_x"",""p"":0.005,""r"":15}","{""detection_events"":676,""detectors_checked"":10080,""obs_mistake_mask=E"":1}"
      7040,       179,         0,    18.1,mwpf,d488616bd24a8c33667ba36623e6dd788fcc53a9593d27ecf787f727398ba40c,"{""d"":3,""decoder"":""mwpf"",""label"":""rotated_memory_x"",""p"":0.004,""r"":9}","{""detection_events"":26324,""detectors_checked"":506880,""obs_mistake_mask=E"":179}"
       152,         5,         0,    19.7,mwpf,45eaf76be8ee4917a879539ed982d1bbf8bf0c5926f0a74c63699d520f36e6d6,"{""d"":5,""decoder"":""mwpf"",""label"":""rotated_memory_x"",""p"":0.004,""r"":15}","{""detection_events"":3140,""detectors_checked"":54720,""obs_mistake_mask=E"":5}"
         6,         0,         0,    6.18,mwpf,147e8f59ed09f87ccad369214ab0f120a46bd901a5d80392581872705e3fe919,"{""d"":7,""decoder"":""mwpf"",""label"":""rotated_memory_x"",""p"":0.005,""r"":21}","{""detection_events"":478,""detectors_checked"":6048}"
         9,         0,         0,    8.39,mwpf,41cdc88fd81f5d0d6d5bf952e5236eda88e6ff72b23bb3fa05cd97f179373672,"{""d"":7,""decoder"":""mwpf"",""label"":""rotated_memory_x"",""p"":0.006,""r"":21}","{""detection_events"":845,""detectors_checked"":9072}"
        23,         0,         0,    19.3,mwpf,91dee3778aaf6f25d2a97cf36c7261da16bf7930f684707c091349f8e7054899,"{""d"":9,""decoder"":""mwpf"",""label"":""rotated_memory_x"",""p"":0.004,""r"":27}","{""detection_events"":3220,""detectors_checked"":49680}"
        32,         1,         0,    8.78,mwpf,099b92056714cea87dd3d5f0fb9a8a98a8a412d1055d1abbb2940ef84cf259c1,"{""d"":7,""decoder"":""mwpf"",""label"":""rotated_memory_x"",""p"":0.004,""r"":21}","{""detection_events"":2190,""detectors_checked"":32256,""obs_mistake_mask=E"":1}"
         8,         0,         0,    11.4,mwpf,c8b4dffcab5f37d28de5161e173ce7e53a5690662caf1a8bcb34b94b53ddc904,"{""d"":9,""decoder"":""mwpf"",""label"":""rotated_memory_x"",""p"":0.005,""r"":27}","{""detection_events"":1461,""detectors_checked"":17280}"
      3584,       144,         0,    17.9,mwpf,19872aa5c7ca60adf6b5331f750d8e16db82ed75c2518fea7ae4d9be096071d6,"{""d"":3,""decoder"":""mwpf"",""label"":""rotated_memory_x"",""p"":0.005,""r"":9}","{""detection_events"":16247,""detectors_checked"":258048,""obs_mistake_mask=E"":144}"
       768,         0,         0,    14.4,mwpf,a61297c8921fe33c28af23ad378989150a3a190663c4985aae4dc937c0673463,"{""d"":9,""decoder"":""mwpf"",""label"":""rotated_memory_x"",""p"":0.001,""r"":27}","{""detection_events"":28223,""detectors_checked"":1658880}"
         6,         0,         0,    5.99,mwpf,147e8f59ed09f87ccad369214ab0f120a46bd901a5d80392581872705e3fe919,"{""d"":7,""decoder"":""mwpf"",""label"":""rotated_memory_x"",""p"":0.005,""r"":21}","{""detection_events"":489,""detectors_checked"":6048}"
         4,         2,         0,    5.05,mwpf,41cdc88fd81f5d0d6d5bf952e5236eda88e6ff72b23bb3fa05cd97f179373672,"{""d"":7,""decoder"":""mwpf"",""label"":""rotated_memory_x"",""p"":0.006,""r"":21}","{""detection_events"":349,""detectors_checked"":4032,""obs_mistake_mask=E"":2}"
       832,         0,         0,    12.9,mwpf,c1c1abc5c7982c75cf504ec6a3c48744db6bf1018106ab5f115289423dca0a4f,"{""d"":7,""decoder"":""mwpf"",""label"":""rotated_memory_x"",""p"":0.001,""r"":21}","{""detection_events"":13997,""detectors_checked"":838656}"
      1472,        71,         0,    17.4,mwpf,b376f6d6317da4e9f6a399ed3829aeebbb397d526c8aacd350fbac014cb1c2f0,"{""d"":3,""decoder"":""mwpf"",""label"":""rotated_memory_x"",""p"":0.006,""r"":9}","{""detection_events"":8222,""detectors_checked"":105984,""obs_mistake_mask=E"":71}"
        32,         1,         0,    10.9,mwpf,dc62badfd5e9537d4da07c415dc4ceecb9b6c89857ba2a5a2d1349205f944b36,"{""d"":5,""decoder"":""mwpf"",""label"":""rotated_memory_x"",""p"":0.006,""r"":15}","{""detection_events"":980,""detectors_checked"":11520,""obs_mistake_mask=E"":1}"
        64,         1,         0,    10.6,mwpf,45eaf76be8ee4917a879539ed982d1bbf8bf0c5926f0a74c63699d520f36e6d6,"{""d"":5,""decoder"":""mwpf"",""label"":""rotated_memory_x"",""p"":0.004,""r"":15}","{""detection_events"":1399,""detectors_checked"":23040,""obs_mistake_mask=E"":1}"
      6400,         1,         0,    18.2,mwpf,016a95bef85940acbb03ddd049440cad440a3c9787eb868e3bc7200d6f729b74,"{""d"":5,""decoder"":""mwpf"",""label"":""rotated_memory_x"",""p"":0.001,""r"":15}","{""detection_events"":35486,""detectors_checked"":2304000,""obs_mistake_mask=E"":1}"
         8,         0,         0,    9.79,mwpf,91dee3778aaf6f25d2a97cf36c7261da16bf7930f684707c091349f8e7054899,"{""d"":9,""decoder"":""mwpf"",""label"":""rotated_memory_x"",""p"":0.004,""r"":27}","{""detection_events"":1156,""detectors_checked"":17280}"
         3,         0,         0,    8.80,mwpf,c8b4dffcab5f37d28de5161e173ce7e53a5690662caf1a8bcb34b94b53ddc904,"{""d"":9,""decoder"":""mwpf"",""label"":""rotated_memory_x"",""p"":0.005,""r"":27}","{""detection_events"":507,""detectors_checked"":6480}"
         5,         0,         0,    5.57,mwpf,41cdc88fd81f5d0d6d5bf952e5236eda88e6ff72b23bb3fa05cd97f179373672,"{""d"":7,""decoder"":""mwpf"",""label"":""rotated_memory_x"",""p"":0.006,""r"":21}","{""detection_events"":484,""detectors_checked"":5040}"
        94,         1,         0,    16.4,mwpf,c612a222174dff6430f8c3f697980a26d087355eb82c7fa85d1461c341757fb8,"{""d"":5,""decoder"":""mwpf"",""label"":""rotated_memory_x"",""p"":0.005,""r"":15}","{""detection_events"":2522,""detectors_checked"":33840,""obs_mistake_mask=E"":1}"
         4,         0,         0,    6.96,mwpf,147e8f59ed09f87ccad369214ab0f120a46bd901a5d80392581872705e3fe919,"{""d"":7,""decoder"":""mwpf"",""label"":""rotated_memory_x"",""p"":0.005,""r"":21}","{""detection_events"":331,""detectors_checked"":4032}"
        24,         1,         0,    6.89,mwpf,dc62badfd5e9537d4da07c415dc4ceecb9b6c89857ba2a5a2d1349205f944b36,"{""d"":5,""decoder"":""mwpf"",""label"":""rotated_memory_x"",""p"":0.006,""r"":15}","{""detection_events"":707,""detectors_checked"":8640,""obs_mistake_mask=E"":1}"
        19,         1,         0,    11.8,mwpf,099b92056714cea87dd3d5f0fb9a8a98a8a412d1055d1abbb2940ef84cf259c1,"{""d"":7,""decoder"":""mwpf"",""label"":""rotated_memory_x"",""p"":0.004,""r"":21}","{""detection_events"":1152,""detectors_checked"":19152,""obs_mistake_mask=E"":1}"
        64,         3,         0,    8.36,mwpf,45eaf76be8ee4917a879539ed982d1bbf8bf0c5926f0a74c63699d520f36e6d6,"{""d"":5,""decoder"":""mwpf"",""label"":""rotated_memory_x"",""p"":0.004,""r"":15}","{""detection_events"":1406,""detectors_checked"":23040,""obs_mistake_mask=E"":3}"
        11,         0,         0,    7.33,mwpf,41cdc88fd81f5d0d6d5bf952e5236eda88e6ff72b23bb3fa05cd97f179373672,"{""d"":7,""decoder"":""mwpf"",""label"":""rotated_memory_x"",""p"":0.006,""r"":21}","{""detection_events"":984,""detectors_checked"":11088}"
       592,         0,         0,    17.1,mwpf,a61297c8921fe33c28af23ad378989150a3a190663c4985aae4dc937c0673463,"{""d"":9,""decoder"":""mwpf"",""label"":""rotated_memory_x"",""p"":0.001,""r"":27}","{""detection_events"":22223,""detectors_checked"":1278720}"
        24,         3,         0,    8.41,mwpf,dc62badfd5e9537d4da07c415dc4ceecb9b6c89857ba2a5a2d1349205f944b36,"{""d"":5,""decoder"":""mwpf"",""label"":""rotated_memory_x"",""p"":0.006,""r"":15}","{""detection_events"":770,""detectors_checked"":8640,""obs_mistake_mask=E"":3}"
      9600,       225,         0,    24.7,mwpf,d488616bd24a8c33667ba36623e6dd788fcc53a9593d27ecf787f727398ba40c,"{""d"":3,""decoder"":""mwpf"",""label"":""rotated_memory_x"",""p"":0.004,""r"":9}","{""detection_events"":35854,""detectors_checked"":691200,""obs_mistake_mask=E"":225}"
        19,         0,         0,    12.4,mwpf,91dee3778aaf6f25d2a97cf36c7261da16bf7930f684707c091349f8e7054899,"{""d"":9,""decoder"":""mwpf"",""label"":""rotated_memory_x"",""p"":0.004,""r"":27}","{""detection_events"":2710,""detectors_checked"":41040}"
         6,         0,         0,    12.5,mwpf,c8b4dffcab5f37d28de5161e173ce7e53a5690662caf1a8bcb34b94b53ddc904,"{""d"":9,""decoder"":""mwpf"",""label"":""rotated_memory_x"",""p"":0.005,""r"":27}","{""detection_events"":1048,""detectors_checked"":12960}"
      2112,         0,         0,    19.4,mwpf,c1c1abc5c7982c75cf504ec6a3c48744db6bf1018106ab5f115289423dca0a4f,"{""d"":7,""decoder"":""mwpf"",""label"":""rotated_memory_x"",""p"":0.001,""r"":21}","{""detection_events"":35115,""detectors_checked"":2128896}"
        56,         2,         0,    13.1,mwpf,c612a222174dff6430f8c3f697980a26d087355eb82c7fa85d1461c341757fb8,"{""d"":5,""decoder"":""mwpf"",""label"":""rotated_memory_x"",""p"":0.005,""r"":15}","{""detection_events"":1373,""detectors_checked"":20160,""obs_mistake_mask=E"":2}"
        18,         0,         0,    13.1,mwpf,147e8f59ed09f87ccad369214ab0f120a46bd901a5d80392581872705e3fe919,"{""d"":7,""decoder"":""mwpf"",""label"":""rotated_memory_x"",""p"":0.005,""r"":21}","{""detection_events"":1497,""detectors_checked"":18144}"
        94,         2,         0,    8.65,mwpf,45eaf76be8ee4917a879539ed982d1bbf8bf0c5926f0a74c63699d520f36e6d6,"{""d"":5,""decoder"":""mwpf"",""label"":""rotated_memory_x"",""p"":0.004,""r"":15}","{""detection_events"":1984,""detectors_checked"":33840,""obs_mistake_mask=E"":2}"
      4864,       163,         0,    24.0,mwpf,19872aa5c7ca60adf6b5331f750d8e16db82ed75c2518fea7ae4d9be096071d6,"{""d"":3,""decoder"":""mwpf"",""label"":""rotated_memory_x"",""p"":0.005,""r"":9}","{""detection_events"":22513,""detectors_checked"":350208,""obs_mistake_mask=E"":163}"
        19,         0,         0,    11.1,mwpf,41cdc88fd81f5d0d6d5bf952e5236eda88e6ff72b23bb3fa05cd97f179373672,"{""d"":7,""decoder"":""mwpf"",""label"":""rotated_memory_x"",""p"":0.006,""r"":21}","{""detection_events"":1770,""detectors_checked"":19152}"
      3712,       230,         0,    23.8,mwpf,b376f6d6317da4e9f6a399ed3829aeebbb397d526c8aacd350fbac014cb1c2f0,"{""d"":3,""decoder"":""mwpf"",""label"":""rotated_memory_x"",""p"":0.006,""r"":9}","{""detection_events"":20072,""detectors_checked"":267264,""obs_mistake_mask=E"":230}"
      2688,        67,         0,    10.1,mwpf,d488616bd24a8c33667ba36623e6dd788fcc53a9593d27ecf787f727398ba40c,"{""d"":3,""decoder"":""mwpf"",""label"":""rotated_memory_x"",""p"":0.004,""r"":9}","{""detection_events"":9767,""detectors_checked"":193536,""obs_mistake_mask=E"":67}"
        46,         0,         0,    20.1,mwpf,099b92056714cea87dd3d5f0fb9a8a98a8a412d1055d1abbb2940ef84cf259c1,"{""d"":7,""decoder"":""mwpf"",""label"":""rotated_memory_x"",""p"":0.004,""r"":21}","{""detection_events"":2858,""detectors_checked"":46368}"
      6592,         0,         0,    24.4,mwpf,016a95bef85940acbb03ddd049440cad440a3c9787eb868e3bc7200d6f729b74,"{""d"":5,""decoder"":""mwpf"",""label"":""rotated_memory_x"",""p"":0.001,""r"":15}","{""detection_events"":36959,""detectors_checked"":2373120}"
        46,         5,         0,    13.2,mwpf,dc62badfd5e9537d4da07c415dc4ceecb9b6c89857ba2a5a2d1349205f944b36,"{""d"":5,""decoder"":""mwpf"",""label"":""rotated_memory_x"",""p"":0.006,""r"":15}","{""detection_events"":1537,""detectors_checked"":16560,""obs_mistake_mask=E"":5}"
         1,         0,         0,    2.93,mwpf,e581cde1e9f6641bb56dc632eb5e86b10670c9cdc354104d95214add50f094d1,"{""d"":9,""decoder"":""mwpf"",""label"":""rotated_memory_x"",""p"":0.006,""r"":27}","{""detection_events"":180,""detectors_checked"":2160}"
         1,         0,         0,   0.942,mwpf,e581cde1e9f6641bb56dc632eb5e86b10670c9cdc354104d95214add50f094d1,"{""d"":9,""decoder"":""mwpf"",""label"":""rotated_memory_x"",""p"":0.006,""r"":27}","{""detection_events"":220,""detectors_checked"":2160}"
        84,         1,         0,    13.1,mwpf,45eaf76be8ee4917a879539ed982d1bbf8bf0c5926f0a74c63699d520f36e6d6,"{""d"":5,""decoder"":""mwpf"",""label"":""rotated_memory_x"",""p"":0.004,""r"":15}","{""detection_events"":1763,""detectors_checked"":30240,""obs_mistake_mask=E"":1}"
        16,         2,         0,    13.4,mwpf,147e8f59ed09f87ccad369214ab0f120a46bd901a5d80392581872705e3fe919,"{""d"":7,""decoder"":""mwpf"",""label"":""rotated_memory_x"",""p"":0.005,""r"":21}","{""detection_events"":1284,""detectors_checked"":16128,""obs_mistake_mask=E"":2}"
         1,         0,         0,    2.74,mwpf,e581cde1e9f6641bb56dc632eb5e86b10670c9cdc354104d95214add50f094d1,"{""d"":9,""decoder"":""mwpf"",""label"":""rotated_memory_x"",""p"":0.006,""r"":27}","{""detection_events"":180,""detectors_checked"":2160}"
         1,         0,         0,   0.922,mwpf,e581cde1e9f6641bb56dc632eb5e86b10670c9cdc354104d95214add50f094d1,"{""d"":9,""decoder"":""mwpf"",""label"":""rotated_memory_x"",""p"":0.006,""r"":27}","{""detection_events"":215,""detectors_checked"":2160}"
        14,         1,         0,    13.0,mwpf,41cdc88fd81f5d0d6d5bf952e5236eda88e6ff72b23bb3fa05cd97f179373672,"{""d"":7,""decoder"":""mwpf"",""label"":""rotated_memory_x"",""p"":0.006,""r"":21}","{""detection_events"":1273,""detectors_checked"":14112,""obs_mistake_mask=E"":1}"
        12,         1,         0,    19.2,mwpf,c8b4dffcab5f37d28de5161e173ce7e53a5690662caf1a8bcb34b94b53ddc904,"{""d"":9,""decoder"":""mwpf"",""label"":""rotated_memory_x"",""p"":0.005,""r"":27}","{""detection_events"":2106,""detectors_checked"":25920,""obs_mistake_mask=E"":1}"
        13,         0,         0,    20.3,mwpf,91dee3778aaf6f25d2a97cf36c7261da16bf7930f684707c091349f8e7054899,"{""d"":9,""decoder"":""mwpf"",""label"":""rotated_memory_x"",""p"":0.004,""r"":27}","{""detection_events"":1953,""detectors_checked"":28080}"
        86,         3,         0,    19.0,mwpf,c612a222174dff6430f8c3f697980a26d087355eb82c7fa85d1461c341757fb8,"{""d"":5,""decoder"":""mwpf"",""label"":""rotated_memory_x"",""p"":0.005,""r"":15}","{""detection_events"":2276,""detectors_checked"":30960,""obs_mistake_mask=E"":3}"
         1,         0,         0,    3.96,mwpf,e581cde1e9f6641bb56dc632eb5e86b10670c9cdc354104d95214add50f094d1,"{""d"":9,""decoder"":""mwpf"",""label"":""rotated_memory_x"",""p"":0.006,""r"":27}","{""detection_events"":201,""detectors_checked"":2160}"
         1,         0,         0,   0.579,mwpf,e581cde1e9f6641bb56dc632eb5e86b10670c9cdc354104d95214add50f094d1,"{""d"":9,""decoder"":""mwpf"",""label"":""rotated_memory_x"",""p"":0.006,""r"":27}","{""detection_events"":196,""detectors_checked"":2160}"
         1,         0,         0,    2.30,mwpf,e581cde1e9f6641bb56dc632eb5e86b10670c9cdc354104d95214add50f094d1,"{""d"":9,""decoder"":""mwpf"",""label"":""rotated_memory_x"",""p"":0.006,""r"":27}","{""detection_events"":183,""detectors_checked"":2160}"
       784,         0,         0,    28.1,mwpf,a61297c8921fe33c28af23ad378989150a3a190663c4985aae4dc937c0673463,"{""d"":9,""decoder"":""mwpf"",""label"":""rotated_memory_x"",""p"":0.001,""r"":27}","{""detection_events"":28984,""detectors_checked"":1693440}"
         1,         0,         0,    1.49,mwpf,e581cde1e9f6641bb56dc632eb5e86b10670c9cdc354104d95214add50f094d1,"{""d"":9,""decoder"":""mwpf"",""label"":""rotated_memory_x"",""p"":0.006,""r"":27}","{""detection_events"":229,""detectors_checked"":2160}"
         1,         0,         0,   0.771,mwpf,e581cde1e9f6641bb56dc632eb5e86b10670c9cdc354104d95214add50f094d1,"{""d"":9,""decoder"":""mwpf"",""label"":""rotated_memory_x"",""p"":0.006,""r"":27}","{""detection_events"":221,""detectors_checked"":2160}"
      1856,         1,         0,    27.0,mwpf,c1c1abc5c7982c75cf504ec6a3c48744db6bf1018106ab5f115289423dca0a4f,"{""d"":7,""decoder"":""mwpf"",""label"":""rotated_memory_x"",""p"":0.001,""r"":21}","{""detection_events"":30572,""detectors_checked"":1870848,""obs_mistake_mask=E"":1}"
         1,         0,         0,    1.87,mwpf,e581cde1e9f6641bb56dc632eb5e86b10670c9cdc354104d95214add50f094d1,"{""d"":9,""decoder"":""mwpf"",""label"":""rotated_memory_x"",""p"":0.006,""r"":27}","{""detection_events"":178,""detectors_checked"":2160}"
         1,         0,         0,    2.72,mwpf,e581cde1e9f6641bb56dc632eb5e86b10670c9cdc354104d95214add50f094d1,"{""d"":9,""decoder"":""mwpf"",""label"":""rotated_memory_x"",""p"":0.006,""r"":27}","{""detection_events"":235,""detectors_checked"":2160}"
         1,         1,         0,    2.13,mwpf,e581cde1e9f6641bb56dc632eb5e86b10670c9cdc354104d95214add50f094d1,"{""d"":9,""decoder"":""mwpf"",""label"":""rotated_memory_x"",""p"":0.006,""r"":27}","{""detection_events"":212,""detectors_checked"":2160,""obs_mistake_mask=E"":1}"
      6464,       221,         0,    31.5,mwpf,19872aa5c7ca60adf6b5331f750d8e16db82ed75c2518fea7ae4d9be096071d6,"{""d"":3,""decoder"":""mwpf"",""label"":""rotated_memory_x"",""p"":0.005,""r"":9}","{""detection_events"":29347,""detectors_checked"":465408,""obs_mistake_mask=E"":221}"
        34,         0,         0,    19.6,mwpf,147e8f59ed09f87ccad369214ab0f120a46bd901a5d80392581872705e3fe919,"{""d"":7,""decoder"":""mwpf"",""label"":""rotated_memory_x"",""p"":0.005,""r"":21}","{""detection_events"":2500,""detectors_checked"":34272}"
        17,         1,         0,   0.847,mwpf,f74d5f4c8c429855c21cd08a1787ddb1b31a7bb3910ca734d8c68ac244bb71bc,"{""d"":3,""decoder"":""mwpf"",""label"":""rotated_memory_x"",""p"":0.0065,""r"":9}","{""detection_events"":85,""detectors_checked"":1224,""obs_mistake_mask=E"":1}"
        16,         1,         0,   0.098,mwpf,f74d5f4c8c429855c21cd08a1787ddb1b31a7bb3910ca734d8c68ac244bb71bc,"{""d"":3,""decoder"":""mwpf"",""label"":""rotated_memory_x"",""p"":0.0065,""r"":9}","{""detection_events"":100,""detectors_checked"":1152,""obs_mistake_mask=E"":1}"
        64,         3,         0,   0.307,mwpf,f74d5f4c8c429855c21cd08a1787ddb1b31a7bb3910ca734d8c68ac244bb71bc,"{""d"":3,""decoder"":""mwpf"",""label"":""rotated_memory_x"",""p"":0.0065,""r"":9}","{""detection_events"":351,""detectors_checked"":4608,""obs_mistake_mask=E"":3}"
        64,         3,         0,   0.102,mwpf,f74d5f4c8c429855c21cd08a1787ddb1b31a7bb3910ca734d8c68ac244bb71bc,"{""d"":3,""decoder"":""mwpf"",""label"":""rotated_memory_x"",""p"":0.0065,""r"":9}","{""detection_events"":388,""detectors_checked"":4608,""obs_mistake_mask=E"":3}"
        14,         4,         0,    17.3,mwpf,41cdc88fd81f5d0d6d5bf952e5236eda88e6ff72b23bb3fa05cd97f179373672,"{""d"":7,""decoder"":""mwpf"",""label"":""rotated_memory_x"",""p"":0.006,""r"":21}","{""detection_events"":1225,""detectors_checked"":14112,""obs_mistake_mask=E"":4}"
         1,         0,         0,    2.89,mwpf,e581cde1e9f6641bb56dc632eb5e86b10670c9cdc354104d95214add50f094d1,"{""d"":9,""decoder"":""mwpf"",""label"":""rotated_memory_x"",""p"":0.006,""r"":27}","{""detection_events"":170,""detectors_checked"":2160}"
       256,        15,         0,    1.05,mwpf,f74d5f4c8c429855c21cd08a1787ddb1b31a7bb3910ca734d8c68ac244bb71bc,"{""d"":3,""decoder"":""mwpf"",""label"":""rotated_memory_x"",""p"":0.0065,""r"":9}","{""detection_events"":1477,""detectors_checked"":18432,""obs_mistake_mask=E"":15}"
        62,         1,         0,    25.8,mwpf,dc62badfd5e9537d4da07c415dc4ceecb9b6c89857ba2a5a2d1349205f944b36,"{""d"":5,""decoder"":""mwpf"",""label"":""rotated_memory_x"",""p"":0.006,""r"":15}","{""detection_events"":1930,""detectors_checked"":22320,""obs_mistake_mask=E"":1}"
         1,         0,         0,   0.856,mwpf,e581cde1e9f6641bb56dc632eb5e86b10670c9cdc354104d95214add50f094d1,"{""d"":9,""decoder"":""mwpf"",""label"":""rotated_memory_x"",""p"":0.006,""r"":27}","{""detection_events"":180,""detectors_checked"":2160}"
        68,         3,         0,    27.1,mwpf,099b92056714cea87dd3d5f0fb9a8a98a8a412d1055d1abbb2940ef84cf259c1,"{""d"":7,""decoder"":""mwpf"",""label"":""rotated_memory_x"",""p"":0.004,""r"":21}","{""detection_events"":4266,""detectors_checked"":68544,""obs_mistake_mask=E"":3}"
         1,         0,         0,    1.14,mwpf,e581cde1e9f6641bb56dc632eb5e86b10670c9cdc354104d95214add50f094d1,"{""d"":9,""decoder"":""mwpf"",""label"":""rotated_memory_x"",""p"":0.006,""r"":27}","{""detection_events"":184,""detectors_checked"":2160}"
       240,         4,         0,    23.6,mwpf,45eaf76be8ee4917a879539ed982d1bbf8bf0c5926f0a74c63699d520f36e6d6,"{""d"":5,""decoder"":""mwpf"",""label"":""rotated_memory_x"",""p"":0.004,""r"":15}","{""detection_events"":4915,""detectors_checked"":86400,""obs_mistake_mask=E"":4}"
       256,        14,         0,    4.14,mwpf,f74d5f4c8c429855c21cd08a1787ddb1b31a7bb3910ca734d8c68ac244bb71bc,"{""d"":3,""decoder"":""mwpf"",""label"":""rotated_memory_x"",""p"":0.0065,""r"":9}","{""detection_events"":1519,""detectors_checked"":18432,""obs_mistake_mask=E"":14}"
       128,         5,         0,   0.519,mwpf,f74d5f4c8c429855c21cd08a1787ddb1b31a7bb3910ca734d8c68ac244bb71bc,"{""d"":3,""decoder"":""mwpf"",""label"":""rotated_memory_x"",""p"":0.0065,""r"":9}","{""detection_events"":783,""detectors_checked"":9216,""obs_mistake_mask=E"":5}"
       128,         7,         0,    1.41,mwpf,f74d5f4c8c429855c21cd08a1787ddb1b31a7bb3910ca734d8c68ac244bb71bc,"{""d"":3,""decoder"":""mwpf"",""label"":""rotated_memory_x"",""p"":0.0065,""r"":9}","{""detection_events"":792,""detectors_checked"":9216,""obs_mistake_mask=E"":7}"
      9984,         2,         0,    33.8,mwpf,016a95bef85940acbb03ddd049440cad440a3c9787eb868e3bc7200d6f729b74,"{""d"":5,""decoder"":""mwpf"",""label"":""rotated_memory_x"",""p"":0.001,""r"":15}","{""detection_events"":55805,""detectors_checked"":3594240,""obs_mistake_mask=E"":2}"
        64,         5,         0,    1.52,mwpf,f74d5f4c8c429855c21cd08a1787ddb1b31a7bb3910ca734d8c68ac244bb71bc,"{""d"":3,""decoder"":""mwpf"",""label"":""rotated_memory_x"",""p"":0.0065,""r"":9}","{""detection_events"":359,""detectors_checked"":4608,""obs_mistake_mask=E"":5}"
      4544,       268,         0,    38.6,mwpf,b376f6d6317da4e9f6a399ed3829aeebbb397d526c8aacd350fbac014cb1c2f0,"{""d"":3,""decoder"":""mwpf"",""label"":""rotated_memory_x"",""p"":0.006,""r"":9}","{""detection_events"":24535,""detectors_checked"":327168,""obs_mistake_mask=E"":268}"
        32,         3,         0,   0.337,mwpf,f74d5f4c8c429855c21cd08a1787ddb1b31a7bb3910ca734d8c68ac244bb71bc,"{""d"":3,""decoder"":""mwpf"",""label"":""rotated_memory_x"",""p"":0.0065,""r"":9}","{""detection_events"":168,""detectors_checked"":2304,""obs_mistake_mask=E"":3}"
        17,         0,         0,    25.0,mwpf,91dee3778aaf6f25d2a97cf36c7261da16bf7930f684707c091349f8e7054899,"{""d"":9,""decoder"":""mwpf"",""label"":""rotated_memory_x"",""p"":0.004,""r"":27}","{""detection_events"":2293,""detectors_checked"":36720}"
       288,        20,         0,    1.04,mwpf,f74d5f4c8c429855c21cd08a1787ddb1b31a7bb3910ca734d8c68ac244bb71bc,"{""d"":3,""decoder"":""mwpf"",""label"":""rotated_memory_x"",""p"":0.0065,""r"":9}","{""detection_events"":1679,""detectors_checked"":20736,""obs_mistake_mask=E"":20}"
        18,         2,         0,    27.9,mwpf,c8b4dffcab5f37d28de5161e173ce7e53a5690662caf1a8bcb34b94b53ddc904,"{""d"":9,""decoder"":""mwpf"",""label"":""rotated_memory_x"",""p"":0.005,""r"":27}","{""detection_events"":3125,""detectors_checked"":38880,""obs_mistake_mask=E"":2}"
       256,        23,         0,    1.95,mwpf,f74d5f4c8c429855c21cd08a1787ddb1b31a7bb3910ca734d8c68ac244bb71bc,"{""d"":3,""decoder"":""mwpf"",""label"":""rotated_memory_x"",""p"":0.0065,""r"":9}","{""detection_events"":1476,""detectors_checked"":18432,""obs_mistake_mask=E"":23}"
        17,         1,         0,    4.86,mwpf,ec50d74f5e7dfe01b675df304fd440278937d6d1c72c87621641778bd059a160,"{""d"":5,""decoder"":""mwpf"",""label"":""rotated_memory_x"",""p"":0.0065,""r"":15}","{""detection_events"":576,""detectors_checked"":6120,""obs_mistake_mask=E"":1}"
       384,        24,         0,    2.66,mwpf,f74d5f4c8c429855c21cd08a1787ddb1b31a7bb3910ca734d8c68ac244bb71bc,"{""d"":3,""decoder"":""mwpf"",""label"":""rotated_memory_x"",""p"":0.0065,""r"":9}","{""detection_events"":2286,""detectors_checked"":27648,""obs_mistake_mask=E"":24}"
      2943,         0,         0,    6.84,mwpf,016a95bef85940acbb03ddd049440cad440a3c9787eb868e3bc7200d6f729b74,"{""d"":5,""decoder"":""mwpf"",""label"":""rotated_memory_x"",""p"":0.001,""r"":15}","{""detection_events"":16508,""detectors_checked"":1059480}"
       128,        11,         0,    1.51,mwpf,f74d5f4c8c429855c21cd08a1787ddb1b31a7bb3910ca734d8c68ac244bb71bc,"{""d"":3,""decoder"":""mwpf"",""label"":""rotated_memory_x"",""p"":0.0065,""r"":9}","{""detection_events"":725,""detectors_checked"":9216,""obs_mistake_mask=E"":11}"
         1,         0,         0,   0.231,mwpf,2fb852a637aaef0940deb4e3f898662bac87f7a60360afa91196bac1d3f09b94,"{""d"":7,""decoder"":""mwpf"",""label"":""rotated_memory_x"",""p"":0.0065,""r"":21}","{""detection_events"":97,""detectors_checked"":1008}"
       192,         6,         0,    31.3,mwpf,c612a222174dff6430f8c3f697980a26d087355eb82c7fa85d1461c341757fb8,"{""d"":5,""decoder"":""mwpf"",""label"":""rotated_memory_x"",""p"":0.005,""r"":15}","{""detection_events"":5163,""detectors_checked"":69120,""obs_mistake_mask=E"":6}"
       128,         9,         0,    1.93,mwpf,f74d5f4c8c429855c21cd08a1787ddb1b31a7bb3910ca734d8c68ac244bb71bc,"{""d"":3,""decoder"":""mwpf"",""label"":""rotated_memory_x"",""p"":0.0065,""r"":9}","{""detection_events"":761,""detectors_checked"":9216,""obs_mistake_mask=E"":9}"
         8,         0,         0,    4.03,mwpf,ec50d74f5e7dfe01b675df304fd440278937d6d1c72c87621641778bd059a160,"{""d"":5,""decoder"":""mwpf"",""label"":""rotated_memory_x"",""p"":0.0065,""r"":15}","{""detection_events"":282,""detectors_checked"":2880}"
         2,         0,         0,    16.6,mwpf,e581cde1e9f6641bb56dc632eb5e86b10670c9cdc354104d95214add50f094d1,"{""d"":9,""decoder"":""mwpf"",""label"":""rotated_memory_x"",""p"":0.006,""r"":27}","{""detection_events"":470,""detectors_checked"":4320}"
         4,         0,         0,    1.16,mwpf,ec50d74f5e7dfe01b675df304fd440278937d6d1c72c87621641778bd059a160,"{""d"":5,""decoder"":""mwpf"",""label"":""rotated_memory_x"",""p"":0.0065,""r"":15}","{""detection_events"":130,""detectors_checked"":1440}"
         2,         0,         0,    3.50,mwpf,2fb852a637aaef0940deb4e3f898662bac87f7a60360afa91196bac1d3f09b94,"{""d"":7,""decoder"":""mwpf"",""label"":""rotated_memory_x"",""p"":0.0065,""r"":21}","{""detection_events"":172,""detectors_checked"":2016}"
       448,        29,         0,    2.11,mwpf,f74d5f4c8c429855c21cd08a1787ddb1b31a7bb3910ca734d8c68ac244bb71bc,"{""d"":3,""decoder"":""mwpf"",""label"":""rotated_memory_x"",""p"":0.0065,""r"":9}","{""detection_events"":2688,""detectors_checked"":32256,""obs_mistake_mask=E"":29}"
         1,         0,         0,   0.439,mwpf,2fb852a637aaef0940deb4e3f898662bac87f7a60360afa91196bac1d3f09b94,"{""d"":7,""decoder"":""mwpf"",""label"":""rotated_memory_x"",""p"":0.0065,""r"":21}","{""detection_events"":105,""detectors_checked"":1008}"
        64,         3,         0,    19.4,mwpf,dc62badfd5e9537d4da07c415dc4ceecb9b6c89857ba2a5a2d1349205f944b36,"{""d"":5,""decoder"":""mwpf"",""label"":""rotated_memory_x"",""p"":0.006,""r"":15}","{""detection_events"":1951,""detectors_checked"":23040,""obs_mistake_mask=E"":3}"
         1,         0,         0,   0.320,mwpf,2fb852a637aaef0940deb4e3f898662bac87f7a60360afa91196bac1d3f09b94,"{""d"":7,""decoder"":""mwpf"",""label"":""rotated_memory_x"",""p"":0.0065,""r"":21}","{""detection_events"":106,""detectors_checked"":1008}"
         4,         0,         0,    1.32,mwpf,ec50d74f5e7dfe01b675df304fd440278937d6d1c72c87621641778bd059a160,"{""d"":5,""decoder"":""mwpf"",""label"":""rotated_memory_x"",""p"":0.0065,""r"":15}","{""detection_events"":124,""detectors_checked"":1440}"
         1,         0,         0,   0.333,mwpf,2fb852a637aaef0940deb4e3f898662bac87f7a60360afa91196bac1d3f09b94,"{""d"":7,""decoder"":""mwpf"",""label"":""rotated_memory_x"",""p"":0.0065,""r"":21}","{""detection_events"":106,""detectors_checked"":1008}"
         1,         0,         0,   0.810,mwpf,2fb852a637aaef0940deb4e3f898662bac87f7a60360afa91196bac1d3f09b94,"{""d"":7,""decoder"":""mwpf"",""label"":""rotated_memory_x"",""p"":0.0065,""r"":21}","{""detection_events"":91,""detectors_checked"":1008}"
         1,         0,         0,   0.279,mwpf,2fb852a637aaef0940deb4e3f898662bac87f7a60360afa91196bac1d3f09b94,"{""d"":7,""decoder"":""mwpf"",""label"":""rotated_memory_x"",""p"":0.0065,""r"":21}","{""detection_events"":94,""detectors_checked"":1008}"
         2,         0,         0,   0.304,mwpf,2fb852a637aaef0940deb4e3f898662bac87f7a60360afa91196bac1d3f09b94,"{""d"":7,""decoder"":""mwpf"",""label"":""rotated_memory_x"",""p"":0.0065,""r"":21}","{""detection_events"":191,""detectors_checked"":2016}"
       128,         7,         0,    2.29,mwpf,f74d5f4c8c429855c21cd08a1787ddb1b31a7bb3910ca734d8c68ac244bb71bc,"{""d"":3,""decoder"":""mwpf"",""label"":""rotated_memory_x"",""p"":0.0065,""r"":9}","{""detection_events"":733,""detectors_checked"":9216,""obs_mistake_mask=E"":7}"
         2,         0,         0,    2.03,mwpf,ec50d74f5e7dfe01b675df304fd440278937d6d1c72c87621641778bd059a160,"{""d"":5,""decoder"":""mwpf"",""label"":""rotated_memory_x"",""p"":0.0065,""r"":15}","{""detection_events"":73,""detectors_checked"":720}"
         2,         0,         0,    3.57,mwpf,e581cde1e9f6641bb56dc632eb5e86b10670c9cdc354104d95214add50f094d1,"{""d"":9,""decoder"":""mwpf"",""label"":""rotated_memory_x"",""p"":0.006,""r"":27}","{""detection_events"":384,""detectors_checked"":4320}"
        21,         1,         0,    23.3,mwpf,41cdc88fd81f5d0d6d5bf952e5236eda88e6ff72b23bb3fa05cd97f179373672,"{""d"":7,""decoder"":""mwpf"",""label"":""rotated_memory_x"",""p"":0.006,""r"":21}","{""detection_events"":1980,""detectors_checked"":21168,""obs_mistake_mask=E"":1}"
         1,         0,         0,    1.30,mwpf,ec50d74f5e7dfe01b675df304fd440278937d6d1c72c87621641778bd059a160,"{""d"":5,""decoder"":""mwpf"",""label"":""rotated_memory_x"",""p"":0.0065,""r"":15}","{""detection_events"":46,""detectors_checked"":360}"
        53,         3,         0,    24.9,mwpf,147e8f59ed09f87ccad369214ab0f120a46bd901a5d80392581872705e3fe919,"{""d"":7,""decoder"":""mwpf"",""label"":""rotated_memory_x"",""p"":0.005,""r"":21}","{""detection_events"":4211,""detectors_checked"":53424,""obs_mistake_mask=E"":3}"
      1292,         0,         0,    35.9,mwpf,a61297c8921fe33c28af23ad378989150a3a190663c4985aae4dc937c0673463,"{""d"":9,""decoder"":""mwpf"",""label"":""rotated_memory_x"",""p"":0.001,""r"":27}","{""detection_events"":47884,""detectors_checked"":2790720}"
        17,         0,         0,    1.37,mwpf,ec50d74f5e7dfe01b675df304fd440278937d6d1c72c87621641778bd059a160,"{""d"":5,""decoder"":""mwpf"",""label"":""rotated_memory_x"",""p"":0.0065,""r"":15}","{""detection_events"":547,""detectors_checked"":6120}"
         2,         0,         0,    3.11,mwpf,2fb852a637aaef0940deb4e3f898662bac87f7a60360afa91196bac1d3f09b94,"{""d"":7,""decoder"":""mwpf"",""label"":""rotated_memory_x"",""p"":0.0065,""r"":21}","{""detection_events"":228,""detectors_checked"":2016}"
      3680,         0,         0,    32.8,mwpf,c1c1abc5c7982c75cf504ec6a3c48744db6bf1018106ab5f115289423dca0a4f,"{""d"":7,""decoder"":""mwpf"",""label"":""rotated_memory_x"",""p"":0.001,""r"":21}","{""detection_events"":61132,""detectors_checked"":3709440}"
         3,         0,         0,    1.00,mwpf,2fb852a637aaef0940deb4e3f898662bac87f7a60360afa91196bac1d3f09b94,"{""d"":7,""decoder"":""mwpf"",""label"":""rotated_memory_x"",""p"":0.0065,""r"":21}","{""detection_events"":286,""detectors_checked"":3024}"
         2,         0,         0,    3.81,mwpf,e581cde1e9f6641bb56dc632eb5e86b10670c9cdc354104d95214add50f094d1,"{""d"":9,""decoder"":""mwpf"",""label"":""rotated_memory_x"",""p"":0.006,""r"":27}","{""detection_events"":422,""detectors_checked"":4320}"
       448,        29,         0,    4.33,mwpf,f74d5f4c8c429855c21cd08a1787ddb1b31a7bb3910ca734d8c68ac244bb71bc,"{""d"":3,""decoder"":""mwpf"",""label"":""rotated_memory_x"",""p"":0.0065,""r"":9}","{""detection_events"":2534,""detectors_checked"":32256,""obs_mistake_mask=E"":29}"
       144,         1,         0,    23.9,mwpf,45eaf76be8ee4917a879539ed982d1bbf8bf0c5926f0a74c63699d520f36e6d6,"{""d"":5,""decoder"":""mwpf"",""label"":""rotated_memory_x"",""p"":0.004,""r"":15}","{""detection_events"":3073,""detectors_checked"":51840,""obs_mistake_mask=E"":1}"
         2,         0,         0,    2.62,mwpf,2fb852a637aaef0940deb4e3f898662bac87f7a60360afa91196bac1d3f09b94,"{""d"":7,""decoder"":""mwpf"",""label"":""rotated_memory_x"",""p"":0.0065,""r"":21}","{""detection_events"":202,""detectors_checked"":2016}"
         2,         0,         0,   0.429,mwpf,2fb852a637aaef0940deb4e3f898662bac87f7a60360afa91196bac1d3f09b94,"{""d"":7,""decoder"":""mwpf"",""label"":""rotated_memory_x"",""p"":0.0065,""r"":21}","{""detection_events"":208,""detectors_checked"":2016}"
         8,         1,         0,    4.49,mwpf,ec50d74f5e7dfe01b675df304fd440278937d6d1c72c87621641778bd059a160,"{""d"":5,""decoder"":""mwpf"",""label"":""rotated_memory_x"",""p"":0.0065,""r"":15}","{""detection_events"":289,""detectors_checked"":2880,""obs_mistake_mask=E"":1}"
         4,         0,         0,   0.169,mwpf,ec50d74f5e7dfe01b675df304fd440278937d6d1c72c87621641778bd059a160,"{""d"":5,""decoder"":""mwpf"",""label"":""rotated_memory_x"",""p"":0.0065,""r"":15}","{""detection_events"":120,""detectors_checked"":1440}"
       512,        29,         0,    4.46,mwpf,f74d5f4c8c429855c21cd08a1787ddb1b31a7bb3910ca734d8c68ac244bb71bc,"{""d"":3,""decoder"":""mwpf"",""label"":""rotated_memory_x"",""p"":0.0065,""r"":9}","{""detection_events"":3045,""detectors_checked"":36864,""obs_mistake_mask=E"":29}"
         4,         0,         0,    2.23,mwpf,2fb852a637aaef0940deb4e3f898662bac87f7a60360afa91196bac1d3f09b94,"{""d"":7,""decoder"":""mwpf"",""label"":""rotated_memory_x"",""p"":0.0065,""r"":21}","{""detection_events"":413,""detectors_checked"":4032}"
         8,         1,         0,    2.70,mwpf,ec50d74f5e7dfe01b675df304fd440278937d6d1c72c87621641778bd059a160,"{""d"":5,""decoder"":""mwpf"",""label"":""rotated_memory_x"",""p"":0.0065,""r"":15}","{""detection_events"":259,""detectors_checked"":2880,""obs_mistake_mask=E"":1}"
         5,         0,         0,    6.71,mwpf,e581cde1e9f6641bb56dc632eb5e86b10670c9cdc354104d95214add50f094d1,"{""d"":9,""decoder"":""mwpf"",""label"":""rotated_memory_x"",""p"":0.006,""r"":27}","{""detection_events"":960,""detectors_checked"":10800}"
         2,         0,         0,    1.77,mwpf,2fb852a637aaef0940deb4e3f898662bac87f7a60360afa91196bac1d3f09b94,"{""d"":7,""decoder"":""mwpf"",""label"":""rotated_memory_x"",""p"":0.0065,""r"":21}","{""detection_events"":227,""detectors_checked"":2016}"
         1,         0,         0,    1.69,mwpf,2fb852a637aaef0940deb4e3f898662bac87f7a60360afa91196bac1d3f09b94,"{""d"":7,""decoder"":""mwpf"",""label"":""rotated_memory_x"",""p"":0.0065,""r"":21}","{""detection_events"":82,""detectors_checked"":1008}"
         4,         0,         0,    2.96,mwpf,ec50d74f5e7dfe01b675df304fd440278937d6d1c72c87621641778bd059a160,"{""d"":5,""decoder"":""mwpf"",""label"":""rotated_memory_x"",""p"":0.0065,""r"":15}","{""detection_events"":149,""detectors_checked"":1440}"
        72,         1,         0,    34.5,mwpf,099b92056714cea87dd3d5f0fb9a8a98a8a412d1055d1abbb2940ef84cf259c1,"{""d"":7,""decoder"":""mwpf"",""label"":""rotated_memory_x"",""p"":0.004,""r"":21}","{""detection_events"":4415,""detectors_checked"":72576,""obs_mistake_mask=E"":1}"
      1088,        61,         0,    6.83,mwpf,f74d5f4c8c429855c21cd08a1787ddb1b31a7bb3910ca734d8c68ac244bb71bc,"{""d"":3,""decoder"":""mwpf"",""label"":""rotated_memory_x"",""p"":0.0065,""r"":9}","{""detection_events"":6273,""detectors_checked"":78336,""obs_mistake_mask=E"":61}"
         3,         0,         0,    3.63,mwpf,2fb852a637aaef0940deb4e3f898662bac87f7a60360afa91196bac1d3f09b94,"{""d"":7,""decoder"":""mwpf"",""label"":""rotated_memory_x"",""p"":0.0065,""r"":21}","{""detection_events"":296,""detectors_checked"":3024}"
         3,         0,         0,    8.33,mwpf,e581cde1e9f6641bb56dc632eb5e86b10670c9cdc354104d95214add50f094d1,"{""d"":9,""decoder"":""mwpf"",""label"":""rotated_memory_x"",""p"":0.006,""r"":27}","{""detection_events"":574,""detectors_checked"":6480}"
        33,         0,         0,    35.1,mwpf,91dee3778aaf6f25d2a97cf36c7261da16bf7930f684707c091349f8e7054899,"{""d"":9,""decoder"":""mwpf"",""label"":""rotated_memory_x"",""p"":0.004,""r"":27}","{""detection_events"":4517,""detectors_checked"":71280}"
        84,         5,         0,    24.0,mwpf,dc62badfd5e9537d4da07c415dc4ceecb9b6c89857ba2a5a2d1349205f944b36,"{""d"":5,""decoder"":""mwpf"",""label"":""rotated_memory_x"",""p"":0.006,""r"":15}","{""detection_events"":2732,""detectors_checked"":30240,""obs_mistake_mask=E"":5}"
        25,         0,         0,    36.4,mwpf,c8b4dffcab5f37d28de5161e173ce7e53a5690662caf1a8bcb34b94b53ddc904,"{""d"":9,""decoder"":""mwpf"",""label"":""rotated_memory_x"",""p"":0.005,""r"":27}","{""detection_events"":4225,""detectors_checked"":54000}"
        34,         4,         0,    12.3,mwpf,ec50d74f5e7dfe01b675df304fd440278937d6d1c72c87621641778bd059a160,"{""d"":5,""decoder"":""mwpf"",""label"":""rotated_memory_x"",""p"":0.0065,""r"":15}","{""detection_events"":1097,""detectors_checked"":12240,""obs_mistake_mask=E"":4}"
         9,         0,         0,    9.37,mwpf,2fb852a637aaef0940deb4e3f898662bac87f7a60360afa91196bac1d3f09b94,"{""d"":7,""decoder"":""mwpf"",""label"":""rotated_memory_x"",""p"":0.0065,""r"":21}","{""detection_events"":874,""detectors_checked"":9072}"
      1344,        90,         0,    10.4,mwpf,f74d5f4c8c429855c21cd08a1787ddb1b31a7bb3910ca734d8c68ac244bb71bc,"{""d"":3,""decoder"":""mwpf"",""label"":""rotated_memory_x"",""p"":0.0065,""r"":9}","{""detection_events"":7942,""detectors_checked"":96768,""obs_mistake_mask=E"":90}"
       156,         3,         0,    32.7,mwpf,c612a222174dff6430f8c3f697980a26d087355eb82c7fa85d1461c341757fb8,"{""d"":5,""decoder"":""mwpf"",""label"":""rotated_memory_x"",""p"":0.005,""r"":15}","{""detection_events"":4066,""detectors_checked"":56160,""obs_mistake_mask=E"":3}"
         4,         1,         0,    4.64,mwpf,2fb852a637aaef0940deb4e3f898662bac87f7a60360afa91196bac1d3f09b94,"{""d"":7,""decoder"":""mwpf"",""label"":""rotated_memory_x"",""p"":0.0065,""r"":21}","{""detection_events"":408,""detectors_checked"":4032,""obs_mistake_mask=E"":1}"
         6,         0,         0,    13.3,mwpf,e581cde1e9f6641bb56dc632eb5e86b10670c9cdc354104d95214add50f094d1,"{""d"":9,""decoder"":""mwpf"",""label"":""rotated_memory_x"",""p"":0.006,""r"":27}","{""detection_events"":1219,""detectors_checked"":12960}"
        16,         0,         0,    7.55,mwpf,ec50d74f5e7dfe01b675df304fd440278937d6d1c72c87621641778bd059a160,"{""d"":5,""decoder"":""mwpf"",""label"":""rotated_memory_x"",""p"":0.0065,""r"":15}","{""detection_events"":549,""detectors_checked"":5760}"
        34,         2,         0,    33.2,mwpf,41cdc88fd81f5d0d6d5bf952e5236eda88e6ff72b23bb3fa05cd97f179373672,"{""d"":7,""decoder"":""mwpf"",""label"":""rotated_memory_x"",""p"":0.006,""r"":21}","{""detection_events"":3115,""detectors_checked"":34272,""obs_mistake_mask=E"":2}"
         3,         0,         0,    5.29,mwpf,2fb852a637aaef0940deb4e3f898662bac87f7a60360afa91196bac1d3f09b94,"{""d"":7,""decoder"":""mwpf"",""label"":""rotated_memory_x"",""p"":0.0065,""r"":21}","{""detection_events"":299,""detectors_checked"":3024}"
        47,         1,         0,    35.4,mwpf,147e8f59ed09f87ccad369214ab0f120a46bd901a5d80392581872705e3fe919,"{""d"":7,""decoder"":""mwpf"",""label"":""rotated_memory_x"",""p"":0.005,""r"":21}","{""detection_events"":3691,""detectors_checked"":47376,""obs_mistake_mask=E"":1}"
      1376,        82,         0,    11.8,mwpf,f74d5f4c8c429855c21cd08a1787ddb1b31a7bb3910ca734d8c68ac244bb71bc,"{""d"":3,""decoder"":""mwpf"",""label"":""rotated_memory_x"",""p"":0.0065,""r"":9}","{""detection_events"":8024,""detectors_checked"":99072,""obs_mistake_mask=E"":82}"
       296,         2,         0,    34.2,mwpf,45eaf76be8ee4917a879539ed982d1bbf8bf0c5926f0a74c63699d520f36e6d6,"{""d"":5,""decoder"":""mwpf"",""label"":""rotated_memory_x"",""p"":0.004,""r"":15}","{""detection_events"":6119,""detectors_checked"":106560,""obs_mistake_mask=E"":2}"
         8,         0,         0,    6.35,mwpf,ec50d74f5e7dfe01b675df304fd440278937d6d1c72c87621641778bd059a160,"{""d"":5,""decoder"":""mwpf"",""label"":""rotated_memory_x"",""p"":0.0065,""r"":15}","{""detection_events"":257,""detectors_checked"":2880}"
        12,         1,         0,    2.08,mwpf,ec50d74f5e7dfe01b675df304fd440278937d6d1c72c87621641778bd059a160,"{""d"":5,""decoder"":""mwpf"",""label"":""rotated_memory_x"",""p"":0.0065,""r"":15}","{""detection_events"":373,""detectors_checked"":4320,""obs_mistake_mask=E"":1}"
         7,         0,         0,    12.2,mwpf,e581cde1e9f6641bb56dc632eb5e86b10670c9cdc354104d95214add50f094d1,"{""d"":9,""decoder"":""mwpf"",""label"":""rotated_memory_x"",""p"":0.006,""r"":27}","{""detection_events"":1437,""detectors_checked"":15120}"
      2912,         0,         0,    46.2,mwpf,c1c1abc5c7982c75cf504ec6a3c48744db6bf1018106ab5f115289423dca0a4f,"{""d"":7,""decoder"":""mwpf"",""label"":""rotated_memory_x"",""p"":0.001,""r"":21}","{""detection_events"":47586,""detectors_checked"":2935296}"
        36,         2,         0,    8.08,mwpf,ec50d74f5e7dfe01b675df304fd440278937d6d1c72c87621641778bd059a160,"{""d"":5,""decoder"":""mwpf"",""label"":""rotated_memory_x"",""p"":0.0065,""r"":15}","{""detection_events"":1167,""detectors_checked"":12960,""obs_mistake_mask=E"":2}"
      1696,         0,         0,    48.6,mwpf,a61297c8921fe33c28af23ad378989150a3a190663c4985aae4dc937c0673463,"{""d"":9,""decoder"":""mwpf"",""label"":""rotated_memory_x"",""p"":0.001,""r"":27}","{""detection_events"":62892,""detectors_checked"":3663360}"
        19,         1,         0,    17.8,mwpf,2fb852a637aaef0940deb4e3f898662bac87f7a60360afa91196bac1d3f09b94,"{""d"":7,""decoder"":""mwpf"",""label"":""rotated_memory_x"",""p"":0.0065,""r"":21}","{""detection_events"":1834,""detectors_checked"":19152,""obs_mistake_mask=E"":1}"
        16,         0,         0,    4.38,mwpf,ec50d74f5e7dfe01b675df304fd440278937d6d1c72c87621641778bd059a160,"{""d"":5,""decoder"":""mwpf"",""label"":""rotated_memory_x"",""p"":0.0065,""r"":15}","{""detection_events"":538,""detectors_checked"":5760}"
      2016,       102,         0,    16.7,mwpf,f74d5f4c8c429855c21cd08a1787ddb1b31a7bb3910ca734d8c68ac244bb71bc,"{""d"":3,""decoder"":""mwpf"",""label"":""rotated_memory_x"",""p"":0.0065,""r"":9}","{""detection_events"":11663,""detectors_checked"":145152,""obs_mistake_mask=E"":102}"
       128,         9,         0,    33.8,mwpf,dc62badfd5e9537d4da07c415dc4ceecb9b6c89857ba2a5a2d1349205f944b36,"{""d"":5,""decoder"":""mwpf"",""label"":""rotated_memory_x"",""p"":0.006,""r"":15}","{""detection_events"":3936,""detectors_checked"":46080,""obs_mistake_mask=E"":9}"
        16,         0,         0,    6.27,mwpf,ec50d74f5e7dfe01b675df304fd440278937d6d1c72c87621641778bd059a160,"{""d"":5,""decoder"":""mwpf"",""label"":""rotated_memory_x"",""p"":0.0065,""r"":15}","{""detection_events"":519,""detectors_checked"":5760}"
        12,         0,         0,    9.51,mwpf,2fb852a637aaef0940deb4e3f898662bac87f7a60360afa91196bac1d3f09b94,"{""d"":7,""decoder"":""mwpf"",""label"":""rotated_memory_x"",""p"":0.0065,""r"":21}","{""detection_events"":1121,""detectors_checked"":12096}"
        11,         2,         0,    19.0,mwpf,e581cde1e9f6641bb56dc632eb5e86b10670c9cdc354104d95214add50f094d1,"{""d"":9,""decoder"":""mwpf"",""label"":""rotated_memory_x"",""p"":0.006,""r"":27}","{""detection_events"":2258,""detectors_checked"":23760,""obs_mistake_mask=E"":2}"
        26,         1,         0,    48.0,mwpf,c8b4dffcab5f37d28de5161e173ce7e53a5690662caf1a8bcb34b94b53ddc904,"{""d"":9,""decoder"":""mwpf"",""label"":""rotated_memory_x"",""p"":0.005,""r"":27}","{""detection_events"":4265,""detectors_checked"":56160,""obs_mistake_mask=E"":1}"
       256,         4,         0,    46.9,mwpf,c612a222174dff6430f8c3f697980a26d087355eb82c7fa85d1461c341757fb8,"{""d"":5,""decoder"":""mwpf"",""label"":""rotated_memory_x"",""p"":0.005,""r"":15}","{""detection_events"":6871,""detectors_checked"":92160,""obs_mistake_mask=E"":4}"
       117,         1,         0,    61.8,mwpf,099b92056714cea87dd3d5f0fb9a8a98a8a412d1055d1abbb2940ef84cf259c1,"{""d"":7,""decoder"":""mwpf"",""label"":""rotated_memory_x"",""p"":0.004,""r"":21}","{""detection_events"":7317,""detectors_checked"":117936,""obs_mistake_mask=E"":1}"
        42,         4,         0,    15.2,mwpf,ec50d74f5e7dfe01b675df304fd440278937d6d1c72c87621641778bd059a160,"{""d"":5,""decoder"":""mwpf"",""label"":""rotated_memory_x"",""p"":0.0065,""r"":15}","{""detection_events"":1332,""detectors_checked"":15120,""obs_mistake_mask=E"":4}"
        39,         1,         0,    55.7,mwpf,91dee3778aaf6f25d2a97cf36c7261da16bf7930f684707c091349f8e7054899,"{""d"":9,""decoder"":""mwpf"",""label"":""rotated_memory_x"",""p"":0.004,""r"":27}","{""detection_events"":5549,""detectors_checked"":84240,""obs_mistake_mask=E"":1}"
      2944,       169,         0,    23.3,mwpf,f74d5f4c8c429855c21cd08a1787ddb1b31a7bb3910ca734d8c68ac244bb71bc,"{""d"":3,""decoder"":""mwpf"",""label"":""rotated_memory_x"",""p"":0.0065,""r"":9}","{""detection_events"":17132,""detectors_checked"":211968,""obs_mistake_mask=E"":169}"
        54,         2,         0,    45.3,mwpf,41cdc88fd81f5d0d6d5bf952e5236eda88e6ff72b23bb3fa05cd97f179373672,"{""d"":7,""decoder"":""mwpf"",""label"":""rotated_memory_x"",""p"":0.006,""r"":21}","{""detection_events"":5184,""detectors_checked"":54432,""obs_mistake_mask=E"":2}"
        24,         4,         0,    8.59,mwpf,ec50d74f5e7dfe01b675df304fd440278937d6d1c72c87621641778bd059a160,"{""d"":5,""decoder"":""mwpf"",""label"":""rotated_memory_x"",""p"":0.0065,""r"":15}","{""detection_events"":800,""detectors_checked"":8640,""obs_mistake_mask=E"":4}"
        22,         2,         0,    22.1,mwpf,2fb852a637aaef0940deb4e3f898662bac87f7a60360afa91196bac1d3f09b94,"{""d"":7,""decoder"":""mwpf"",""label"":""rotated_memory_x"",""p"":0.0065,""r"":21}","{""detection_events"":2183,""detectors_checked"":22176,""obs_mistake_mask=E"":2}"
        61,         0,         0,    51.4,mwpf,147e8f59ed09f87ccad369214ab0f120a46bd901a5d80392581872705e3fe919,"{""d"":7,""decoder"":""mwpf"",""label"":""rotated_memory_x"",""p"":0.005,""r"":21}","{""detection_events"":4650,""detectors_checked"":61488}"
       416,         6,         0,    50.2,mwpf,45eaf76be8ee4917a879539ed982d1bbf8bf0c5926f0a74c63699d520f36e6d6,"{""d"":5,""decoder"":""mwpf"",""label"":""rotated_memory_x"",""p"":0.004,""r"":15}","{""detection_events"":8677,""detectors_checked"":149760,""obs_mistake_mask=E"":6}"
        13,         0,         0,    8.94,mwpf,ec50d74f5e7dfe01b675df304fd440278937d6d1c72c87621641778bd059a160,"{""d"":5,""decoder"":""mwpf"",""label"":""rotated_memory_x"",""p"":0.0065,""r"":15}","{""detection_events"":508,""detectors_checked"":4680}"
        19,         0,         0,    17.5,mwpf,2fb852a637aaef0940deb4e3f898662bac87f7a60360afa91196bac1d3f09b94,"{""d"":7,""decoder"":""mwpf"",""label"":""rotated_memory_x"",""p"":0.0065,""r"":21}","{""detection_events"":1863,""detectors_checked"":19152}"
       176,         5,         0,    46.7,mwpf,dc62badfd5e9537d4da07c415dc4ceecb9b6c89857ba2a5a2d1349205f944b36,"{""d"":5,""decoder"":""mwpf"",""label"":""rotated_memory_x"",""p"":0.006,""r"":15}","{""detection_events"":5261,""detectors_checked"":63360,""obs_mistake_mask=E"":5}"
        16,         1,         0,    41.1,mwpf,e581cde1e9f6641bb56dc632eb5e86b10670c9cdc354104d95214add50f094d1,"{""d"":9,""decoder"":""mwpf"",""label"":""rotated_memory_x"",""p"":0.006,""r"":27}","{""detection_events"":3325,""detectors_checked"":34560,""obs_mistake_mask=E"":1}"
        36,         2,         0,    15.3,mwpf,ec50d74f5e7dfe01b675df304fd440278937d6d1c72c87621641778bd059a160,"{""d"":5,""decoder"":""mwpf"",""label"":""rotated_memory_x"",""p"":0.0065,""r"":15}","{""detection_events"":1108,""detectors_checked"":12960,""obs_mistake_mask=E"":2}"
      3680,       206,         0,    32.2,mwpf,f74d5f4c8c429855c21cd08a1787ddb1b31a7bb3910ca734d8c68ac244bb71bc,"{""d"":3,""decoder"":""mwpf"",""label"":""rotated_memory_x"",""p"":0.0065,""r"":9}","{""detection_events"":21113,""detectors_checked"":264960,""obs_mistake_mask=E"":206}"
      4832,         1,         0,    64.1,mwpf,c1c1abc5c7982c75cf504ec6a3c48744db6bf1018106ab5f115289423dca0a4f,"{""d"":7,""decoder"":""mwpf"",""label"":""rotated_memory_x"",""p"":0.001,""r"":21}","{""detection_events"":80154,""detectors_checked"":4870656,""obs_mistake_mask=E"":1}"
       768,        53,         0,    5.12,mwpf,f74d5f4c8c429855c21cd08a1787ddb1b31a7bb3910ca734d8c68ac244bb71bc,"{""d"":3,""decoder"":""mwpf"",""label"":""rotated_memory_x"",""p"":0.0065,""r"":9}","{""detection_events"":4351,""detectors_checked"":55296,""obs_mistake_mask=E"":53}"
      2128,         0,         0,    65.0,mwpf,a61297c8921fe33c28af23ad378989150a3a190663c4985aae4dc937c0673463,"{""d"":9,""decoder"":""mwpf"",""label"":""rotated_memory_x"",""p"":0.001,""r"":27}","{""detection_events"":78926,""detectors_checked"":4596480}"
         1,         0,         0,    3.26,mwpf,cc47055e18c66d4d1d3495bf2127673c14595a4ec3308ef14fe416f93a059400,"{""d"":9,""decoder"":""mwpf"",""label"":""rotated_memory_x"",""p"":0.0065,""r"":27}","{""detection_events"":218,""detectors_checked"":2160}"
         1,         1,         0,   0.632,mwpf,cc47055e18c66d4d1d3495bf2127673c14595a4ec3308ef14fe416f93a059400,"{""d"":9,""decoder"":""mwpf"",""label"":""rotated_memory_x"",""p"":0.0065,""r"":27}","{""detection_events"":221,""detectors_checked"":2160,""obs_mistake_mask=E"":1}"
         1,         0,         0,    2.24,mwpf,cc47055e18c66d4d1d3495bf2127673c14595a4ec3308ef14fe416f93a059400,"{""d"":9,""decoder"":""mwpf"",""label"":""rotated_memory_x"",""p"":0.0065,""r"":27}","{""detection_events"":228,""detectors_checked"":2160}"
        48,         3,         0,    16.7,mwpf,ec50d74f5e7dfe01b675df304fd440278937d6d1c72c87621641778bd059a160,"{""d"":5,""decoder"":""mwpf"",""label"":""rotated_memory_x"",""p"":0.0065,""r"":15}","{""detection_events"":1617,""detectors_checked"":17280,""obs_mistake_mask=E"":3}"
        14,         0,         0,    23.2,mwpf,2fb852a637aaef0940deb4e3f898662bac87f7a60360afa91196bac1d3f09b94,"{""d"":7,""decoder"":""mwpf"",""label"":""rotated_memory_x"",""p"":0.0065,""r"":21}","{""detection_events"":1404,""detectors_checked"":14112}"
         1,         0,         0,    4.21,mwpf,cc47055e18c66d4d1d3495bf2127673c14595a4ec3308ef14fe416f93a059400,"{""d"":9,""decoder"":""mwpf"",""label"":""rotated_memory_x"",""p"":0.0065,""r"":27}","{""detection_events"":233,""detectors_checked"":2160}"
         1,         0,         0,    2.50,mwpf,cc47055e18c66d4d1d3495bf2127673c14595a4ec3308ef14fe416f93a059400,"{""d"":9,""decoder"":""mwpf"",""label"":""rotated_memory_x"",""p"":0.0065,""r"":27}","{""detection_events"":245,""detectors_checked"":2160}"
         1,         1,         0,    3.45,mwpf,cc47055e18c66d4d1d3495bf2127673c14595a4ec3308ef14fe416f93a059400,"{""d"":9,""decoder"":""mwpf"",""label"":""rotated_memory_x"",""p"":0.0065,""r"":27}","{""detection_events"":245,""detectors_checked"":2160,""obs_mistake_mask=E"":1}"
         1,         0,         0,    1.68,mwpf,cc47055e18c66d4d1d3495bf2127673c14595a4ec3308ef14fe416f93a059400,"{""d"":9,""decoder"":""mwpf"",""label"":""rotated_memory_x"",""p"":0.0065,""r"":27}","{""detection_events"":218,""detectors_checked"":2160}"
        14,         0,         0,    32.9,mwpf,e581cde1e9f6641bb56dc632eb5e86b10670c9cdc354104d95214add50f094d1,"{""d"":9,""decoder"":""mwpf"",""label"":""rotated_memory_x"",""p"":0.006,""r"":27}","{""detection_events"":2800,""detectors_checked"":30240}"
        45,         2,         0,    65.1,mwpf,c8b4dffcab5f37d28de5161e173ce7e53a5690662caf1a8bcb34b94b53ddc904,"{""d"":9,""decoder"":""mwpf"",""label"":""rotated_memory_x"",""p"":0.005,""r"":27}","{""detection_events"":7672,""detectors_checked"":97200,""obs_mistake_mask=E"":2}"
         1,         0,         0,    4.74,mwpf,cc47055e18c66d4d1d3495bf2127673c14595a4ec3308ef14fe416f93a059400,"{""d"":9,""decoder"":""mwpf"",""label"":""rotated_memory_x"",""p"":0.0065,""r"":27}","{""detection_events"":251,""detectors_checked"":2160}"
         1,         0,         0,    2.43,mwpf,cc47055e18c66d4d1d3495bf2127673c14595a4ec3308ef14fe416f93a059400,"{""d"":9,""decoder"":""mwpf"",""label"":""rotated_memory_x"",""p"":0.0065,""r"":27}","{""detection_events"":282,""detectors_checked"":2160}"
         1,         0,         0,   0.559,mwpf,cc47055e18c66d4d1d3495bf2127673c14595a4ec3308ef14fe416f93a059400,"{""d"":9,""decoder"":""mwpf"",""label"":""rotated_memory_x"",""p"":0.0065,""r"":27}","{""detection_events"":206,""detectors_checked"":2160}"
        52,         0,         0,    65.6,mwpf,91dee3778aaf6f25d2a97cf36c7261da16bf7930f684707c091349f8e7054899,"{""d"":9,""decoder"":""mwpf"",""label"":""rotated_memory_x"",""p"":0.004,""r"":27}","{""detection_events"":7261,""detectors_checked"":112320}"
        84,         5,         0,    63.4,mwpf,41cdc88fd81f5d0d6d5bf952e5236eda88e6ff72b23bb3fa05cd97f179373672,"{""d"":7,""decoder"":""mwpf"",""label"":""rotated_memory_x"",""p"":0.006,""r"":21}","{""detection_events"":7813,""detectors_checked"":84672,""obs_mistake_mask=E"":5}"
         1,         0,         0,    1.51,mwpf,cc47055e18c66d4d1d3495bf2127673c14595a4ec3308ef14fe416f93a059400,"{""d"":9,""decoder"":""mwpf"",""label"":""rotated_memory_x"",""p"":0.0065,""r"":27}","{""detection_events"":217,""detectors_checked"":2160}"
       354,        12,         0,    71.1,mwpf,c612a222174dff6430f8c3f697980a26d087355eb82c7fa85d1461c341757fb8,"{""d"":5,""decoder"":""mwpf"",""label"":""rotated_memory_x"",""p"":0.005,""r"":15}","{""detection_events"":9385,""detectors_checked"":127440,""obs_mistake_mask=E"":12}"
         1,         0,         0,    1.02,mwpf,cc47055e18c66d4d1d3495bf2127673c14595a4ec3308ef14fe416f93a059400,"{""d"":9,""decoder"":""mwpf"",""label"":""rotated_memory_x"",""p"":0.0065,""r"":27}","{""detection_events"":206,""detectors_checked"":2160}"
         1,         0,         0,   0.946,mwpf,cc47055e18c66d4d1d3495bf2127673c14595a4ec3308ef14fe416f93a059400,"{""d"":9,""decoder"":""mwpf"",""label"":""rotated_memory_x"",""p"":0.0065,""r"":27}","{""detection_events"":215,""detectors_checked"":2160}"
       114,         3,         0,    72.2,mwpf,099b92056714cea87dd3d5f0fb9a8a98a8a412d1055d1abbb2940ef84cf259c1,"{""d"":7,""decoder"":""mwpf"",""label"":""rotated_memory_x"",""p"":0.004,""r"":21}","{""detection_events"":7209,""detectors_checked"":114912,""obs_mistake_mask=E"":3}"
         1,         0,         0,    2.20,mwpf,cc47055e18c66d4d1d3495bf2127673c14595a4ec3308ef14fe416f93a059400,"{""d"":9,""decoder"":""mwpf"",""label"":""rotated_memory_x"",""p"":0.0065,""r"":27}","{""detection_events"":200,""detectors_checked"":2160}"
        48,         1,         0,    23.8,mwpf,ec50d74f5e7dfe01b675df304fd440278937d6d1c72c87621641778bd059a160,"{""d"":5,""decoder"":""mwpf"",""label"":""rotated_memory_x"",""p"":0.0065,""r"":15}","{""detection_events"":1504,""detectors_checked"":17280,""obs_mistake_mask=E"":1}"
         1,         0,         0,    1.41,mwpf,cc47055e18c66d4d1d3495bf2127673c14595a4ec3308ef14fe416f93a059400,"{""d"":9,""decoder"":""mwpf"",""label"":""rotated_memory_x"",""p"":0.0065,""r"":27}","{""detection_events"":239,""detectors_checked"":2160}"
         1,         0,         0,    1.78,mwpf,cc47055e18c66d4d1d3495bf2127673c14595a4ec3308ef14fe416f93a059400,"{""d"":9,""decoder"":""mwpf"",""label"":""rotated_memory_x"",""p"":0.0065,""r"":27}","{""detection_events"":218,""detectors_checked"":2160}"
         2,         1,         0,    4.53,mwpf,cc47055e18c66d4d1d3495bf2127673c14595a4ec3308ef14fe416f93a059400,"{""d"":9,""decoder"":""mwpf"",""label"":""rotated_memory_x"",""p"":0.0065,""r"":27}","{""detection_events"":443,""detectors_checked"":4320,""obs_mistake_mask=E"":1}"
       584,        13,         0,    67.1,mwpf,45eaf76be8ee4917a879539ed982d1bbf8bf0c5926f0a74c63699d520f36e6d6,"{""d"":5,""decoder"":""mwpf"",""label"":""rotated_memory_x"",""p"":0.004,""r"":15}","{""detection_events"":12464,""detectors_checked"":210240,""obs_mistake_mask=E"":13}"
        67,         3,         0,    69.6,mwpf,147e8f59ed09f87ccad369214ab0f120a46bd901a5d80392581872705e3fe919,"{""d"":7,""decoder"":""mwpf"",""label"":""rotated_memory_x"",""p"":0.005,""r"":21}","{""detection_events"":5298,""detectors_checked"":67536,""obs_mistake_mask=E"":3}"
        26,         2,         0,    34.1,mwpf,2fb852a637aaef0940deb4e3f898662bac87f7a60360afa91196bac1d3f09b94,"{""d"":7,""decoder"":""mwpf"",""label"":""rotated_memory_x"",""p"":0.0065,""r"":21}","{""detection_events"":2500,""detectors_checked"":26208,""obs_mistake_mask=E"":2}"
         4,         1,         0,    4.85,mwpf,cc47055e18c66d4d1d3495bf2127673c14595a4ec3308ef14fe416f93a059400,"{""d"":9,""decoder"":""mwpf"",""label"":""rotated_memory_x"",""p"":0.0065,""r"":27}","{""detection_events"":911,""detectors_checked"":8640,""obs_mistake_mask=E"":1}"
         3,         0,         0,    6.60,mwpf,cc47055e18c66d4d1d3495bf2127673c14595a4ec3308ef14fe416f93a059400,"{""d"":9,""decoder"":""mwpf"",""label"":""rotated_memory_x"",""p"":0.0065,""r"":27}","{""detection_events"":718,""detectors_checked"":6480}"
         3,         0,         0,    7.84,mwpf,cc47055e18c66d4d1d3495bf2127673c14595a4ec3308ef14fe416f93a059400,"{""d"":9,""decoder"":""mwpf"",""label"":""rotated_memory_x"",""p"":0.0065,""r"":27}","{""detection_events"":633,""detectors_checked"":6480}"
        64,         7,         0,    32.9,mwpf,ec50d74f5e7dfe01b675df304fd440278937d6d1c72c87621641778bd059a160,"{""d"":5,""decoder"":""mwpf"",""label"":""rotated_memory_x"",""p"":0.0065,""r"":15}","{""detection_events"":2219,""detectors_checked"":23040,""obs_mistake_mask=E"":7}"
        19,         1,         0,    45.8,mwpf,e581cde1e9f6641bb56dc632eb5e86b10670c9cdc354104d95214add50f094d1,"{""d"":9,""decoder"":""mwpf"",""label"":""rotated_memory_x"",""p"":0.006,""r"":27}","{""detection_events"":3892,""detectors_checked"":41040,""obs_mistake_mask=E"":1}"
       250,        11,         0,    80.8,mwpf,dc62badfd5e9537d4da07c415dc4ceecb9b6c89857ba2a5a2d1349205f944b36,"{""d"":5,""decoder"":""mwpf"",""label"":""rotated_memory_x"",""p"":0.006,""r"":15}","{""detection_events"":7729,""detectors_checked"":90000,""obs_mistake_mask=E"":11}"
         3,         1,         0,    8.84,mwpf,cc47055e18c66d4d1d3495bf2127673c14595a4ec3308ef14fe416f93a059400,"{""d"":9,""decoder"":""mwpf"",""label"":""rotated_memory_x"",""p"":0.0065,""r"":27}","{""detection_events"":660,""detectors_checked"":6480,""obs_mistake_mask=E"":1}"
         6,         0,         0,    12.2,mwpf,cc47055e18c66d4d1d3495bf2127673c14595a4ec3308ef14fe416f93a059400,"{""d"":9,""decoder"":""mwpf"",""label"":""rotated_memory_x"",""p"":0.0065,""r"":27}","{""detection_events"":1318,""detectors_checked"":12960}"
      2832,         0,         0,    88.3,mwpf,a61297c8921fe33c28af23ad378989150a3a190663c4985aae4dc937c0673463,"{""d"":9,""decoder"":""mwpf"",""label"":""rotated_memory_x"",""p"":0.001,""r"":27}","{""detection_events"":103530,""detectors_checked"":6117120}"
        46,         7,         0,    45.1,mwpf,2fb852a637aaef0940deb4e3f898662bac87f7a60360afa91196bac1d3f09b94,"{""d"":7,""decoder"":""mwpf"",""label"":""rotated_memory_x"",""p"":0.0065,""r"":21}","{""detection_events"":4522,""detectors_checked"":46368,""obs_mistake_mask=E"":7}"
      6720,         1,         0,    96.3,mwpf,c1c1abc5c7982c75cf504ec6a3c48744db6bf1018106ab5f115289423dca0a4f,"{""d"":7,""decoder"":""mwpf"",""label"":""rotated_memory_x"",""p"":0.001,""r"":21}","{""detection_events"":110734,""detectors_checked"":6773760,""obs_mistake_mask=E"":1}"
         9,         2,         0,    23.6,mwpf,cc47055e18c66d4d1d3495bf2127673c14595a4ec3308ef14fe416f93a059400,"{""d"":9,""decoder"":""mwpf"",""label"":""rotated_memory_x"",""p"":0.0065,""r"":27}","{""detection_events"":2053,""detectors_checked"":19440,""obs_mistake_mask=E"":2}"
        57,         0,         0,    90.1,mwpf,c8b4dffcab5f37d28de5161e173ce7e53a5690662caf1a8bcb34b94b53ddc904,"{""d"":9,""decoder"":""mwpf"",""label"":""rotated_memory_x"",""p"":0.005,""r"":27}","{""detection_events"":9734,""detectors_checked"":123120}"
        88,         3,         0,    91.1,mwpf,41cdc88fd81f5d0d6d5bf952e5236eda88e6ff72b23bb3fa05cd97f179373672,"{""d"":7,""decoder"":""mwpf"",""label"":""rotated_memory_x"",""p"":0.006,""r"":21}","{""detection_events"":7993,""detectors_checked"":88704,""obs_mistake_mask=E"":3}"
       158,         1,         0,    90.5,mwpf,099b92056714cea87dd3d5f0fb9a8a98a8a412d1055d1abbb2940ef84cf259c1,"{""d"":7,""decoder"":""mwpf"",""label"":""rotated_memory_x"",""p"":0.004,""r"":21}","{""detection_events"":10103,""detectors_checked"":159264,""obs_mistake_mask=E"":1}"
       480,        15,         0,    96.7,mwpf,c612a222174dff6430f8c3f697980a26d087355eb82c7fa85d1461c341757fb8,"{""d"":5,""decoder"":""mwpf"",""label"":""rotated_memory_x"",""p"":0.005,""r"":15}","{""detection_events"":12545,""detectors_checked"":172800,""obs_mistake_mask=E"":15}"
        10,         1,         0,    23.0,mwpf,cc47055e18c66d4d1d3495bf2127673c14595a4ec3308ef14fe416f93a059400,"{""d"":9,""decoder"":""mwpf"",""label"":""rotated_memory_x"",""p"":0.0065,""r"":27}","{""detection_events"":2203,""detectors_checked"":21600,""obs_mistake_mask=E"":1}"
       188,        12,         0,    62.9,mwpf,ec50d74f5e7dfe01b675df304fd440278937d6d1c72c87621641778bd059a160,"{""d"":5,""decoder"":""mwpf"",""label"":""rotated_memory_x"",""p"":0.0065,""r"":15}","{""detection_events"":6109,""detectors_checked"":67680,""obs_mistake_mask=E"":12}"
       900,        17,         0,    89.4,mwpf,45eaf76be8ee4917a879539ed982d1bbf8bf0c5926f0a74c63699d520f36e6d6,"{""d"":5,""decoder"":""mwpf"",""label"":""rotated_memory_x"",""p"":0.004,""r"":15}","{""detection_events"":19084,""detectors_checked"":324000,""obs_mistake_mask=E"":17}"
       100,         1,         0,   103.0,mwpf,91dee3778aaf6f25d2a97cf36c7261da16bf7930f684707c091349f8e7054899,"{""d"":9,""decoder"":""mwpf"",""label"":""rotated_memory_x"",""p"":0.004,""r"":27}","{""detection_events"":14041,""detectors_checked"":216000,""obs_mistake_mask=E"":1}"
       126,         6,         0,    89.3,mwpf,147e8f59ed09f87ccad369214ab0f120a46bd901a5d80392581872705e3fe919,"{""d"":7,""decoder"":""mwpf"",""label"":""rotated_memory_x"",""p"":0.005,""r"":21}","{""detection_events"":9821,""detectors_checked"":127008,""obs_mistake_mask=E"":6}"
        40,         6,         0,    64.5,mwpf,e581cde1e9f6641bb56dc632eb5e86b10670c9cdc354104d95214add50f094d1,"{""d"":9,""decoder"":""mwpf"",""label"":""rotated_memory_x"",""p"":0.006,""r"":27}","{""detection_events"":8317,""detectors_checked"":86400,""obs_mistake_mask=E"":6}"
        73,         4,         0,    70.8,mwpf,2fb852a637aaef0940deb4e3f898662bac87f7a60360afa91196bac1d3f09b94,"{""d"":7,""decoder"":""mwpf"",""label"":""rotated_memory_x"",""p"":0.0065,""r"":21}","{""detection_events"":6974,""detectors_checked"":73584,""obs_mistake_mask=E"":4}"
        23,         4,         0,    34.4,mwpf,cc47055e18c66d4d1d3495bf2127673c14595a4ec3308ef14fe416f93a059400,"{""d"":9,""decoder"":""mwpf"",""label"":""rotated_memory_x"",""p"":0.0065,""r"":27}","{""detection_events"":4928,""detectors_checked"":49680,""obs_mistake_mask=E"":4}"
       340,        22,         0,   106.3,mwpf,dc62badfd5e9537d4da07c415dc4ceecb9b6c89857ba2a5a2d1349205f944b36,"{""d"":5,""decoder"":""mwpf"",""label"":""rotated_memory_x"",""p"":0.006,""r"":15}","{""detection_events"":10459,""detectors_checked"":122400,""obs_mistake_mask=E"":22}"
       164,        20,         0,    67.2,mwpf,ec50d74f5e7dfe01b675df304fd440278937d6d1c72c87621641778bd059a160,"{""d"":5,""decoder"":""mwpf"",""label"":""rotated_memory_x"",""p"":0.0065,""r"":15}","{""detection_events"":5466,""detectors_checked"":59040,""obs_mistake_mask=E"":20}"
        25,         4,         0,    46.7,mwpf,cc47055e18c66d4d1d3495bf2127673c14595a4ec3308ef14fe416f93a059400,"{""d"":9,""decoder"":""mwpf"",""label"":""rotated_memory_x"",""p"":0.0065,""r"":27}","{""detection_events"":5436,""detectors_checked"":54000,""obs_mistake_mask=E"":4}"
      4488,         0,         0,   120.6,mwpf,a61297c8921fe33c28af23ad378989150a3a190663c4985aae4dc937c0673463,"{""d"":9,""decoder"":""mwpf"",""label"":""rotated_memory_x"",""p"":0.001,""r"":27}","{""detection_events"":165723,""detectors_checked"":9694080}"
     10944,         0,         0,   123.9,mwpf,c1c1abc5c7982c75cf504ec6a3c48744db6bf1018106ab5f115289423dca0a4f,"{""d"":7,""decoder"":""mwpf"",""label"":""rotated_memory_x"",""p"":0.001,""r"":21}","{""detection_events"":181269,""detectors_checked"":11031552}"
        44,         3,         0,    88.5,mwpf,e581cde1e9f6641bb56dc632eb5e86b10670c9cdc354104d95214add50f094d1,"{""d"":9,""decoder"":""mwpf"",""label"":""rotated_memory_x"",""p"":0.006,""r"":27}","{""detection_events"":8868,""detectors_checked"":95040,""obs_mistake_mask=E"":3}"
        79,         7,         0,   126.6,mwpf,c8b4dffcab5f37d28de5161e173ce7e53a5690662caf1a8bcb34b94b53ddc904,"{""d"":9,""decoder"":""mwpf"",""label"":""rotated_memory_x"",""p"":0.005,""r"":27}","{""detection_events"":13707,""detectors_checked"":170640,""obs_mistake_mask=E"":7}"
       148,         9,         0,   126.3,mwpf,41cdc88fd81f5d0d6d5bf952e5236eda88e6ff72b23bb3fa05cd97f179373672,"{""d"":7,""decoder"":""mwpf"",""label"":""rotated_memory_x"",""p"":0.006,""r"":21}","{""detection_events"":13611,""detectors_checked"":149184,""obs_mistake_mask=E"":9}"
       270,         4,         0,   122.8,mwpf,099b92056714cea87dd3d5f0fb9a8a98a8a412d1055d1abbb2940ef84cf259c1,"{""d"":7,""decoder"":""mwpf"",""label"":""rotated_memory_x"",""p"":0.004,""r"":21}","{""detection_events"":17133,""detectors_checked"":272160,""obs_mistake_mask=E"":4}"
       604,        17,         0,   120.8,mwpf,c612a222174dff6430f8c3f697980a26d087355eb82c7fa85d1461c341757fb8,"{""d"":5,""decoder"":""mwpf"",""label"":""rotated_memory_x"",""p"":0.005,""r"":15}","{""detection_events"":15570,""detectors_checked"":217440,""obs_mistake_mask=E"":17}"
       114,         0,         0,   122.3,mwpf,91dee3778aaf6f25d2a97cf36c7261da16bf7930f684707c091349f8e7054899,"{""d"":9,""decoder"":""mwpf"",""label"":""rotated_memory_x"",""p"":0.004,""r"":27}","{""detection_events"":16102,""detectors_checked"":246240}"
       176,         4,         0,   122.7,mwpf,147e8f59ed09f87ccad369214ab0f120a46bd901a5d80392581872705e3fe919,"{""d"":7,""decoder"":""mwpf"",""label"":""rotated_memory_x"",""p"":0.005,""r"":21}","{""detection_events"":13431,""detectors_checked"":177408,""obs_mistake_mask=E"":4}"
       898,        20,         0,   125.4,mwpf,45eaf76be8ee4917a879539ed982d1bbf8bf0c5926f0a74c63699d520f36e6d6,"{""d"":5,""decoder"":""mwpf"",""label"":""rotated_memory_x"",""p"":0.004,""r"":15}","{""detection_events"":19249,""detectors_checked"":323280,""obs_mistake_mask=E"":20}"
        90,         7,         0,    96.9,mwpf,2fb852a637aaef0940deb4e3f898662bac87f7a60360afa91196bac1d3f09b94,"{""d"":7,""decoder"":""mwpf"",""label"":""rotated_memory_x"",""p"":0.0065,""r"":21}","{""detection_events"":8925,""detectors_checked"":90720,""obs_mistake_mask=E"":7}"
        28,         3,         0,    66.0,mwpf,cc47055e18c66d4d1d3495bf2127673c14595a4ec3308ef14fe416f93a059400,"{""d"":9,""decoder"":""mwpf"",""label"":""rotated_memory_x"",""p"":0.0065,""r"":27}","{""detection_events"":6227,""detectors_checked"":60480,""obs_mistake_mask=E"":3}"
