     shots,    errors,  discards, seconds,decoder,strong_id,json_metadata,custom_counts
        17,         0,         0,   0.030,mwpf__27cac5a9d63b5310296ad2f389f4539acd5e7fb7f123dc12456c335e8393c788,ed79fc073e9e8e64e12ca9cee3f1b3b09617b06e5f19d423f3dca5e27321c0ec,"{""circuit"":""surface_code:rotated_memory_x"",""cluster_node_limit"":50,""d"":7,""decoder"":""mwpf"",""decoder_type"":""SolverSerialJointSingleHair"",""p"":0.01,""p_erase"":0.01,""r"":7,""run_id"":""85dc4b86326449a5e4d2267937782207589c000366e3fbe70d98bb3f9fb5a333""}",
        17,         0,         0,   0.024,mwpf__d28f1af8d4d041d92b7031084fdbcab6dc1e9cf1c24adb30eaa887515eb6649d,0ad7c7cfd60bfc8d2cc9a8cda8479ce98f46b483bb1cdf9eb70b27588a28a083,"{""circuit"":""surface_code:rotated_memory_x"",""cluster_node_limit"":50,""d"":7,""decoder"":""mwpf"",""decoder_type"":""SolverSerialJointSingleHair"",""p"":0.0075,""p_erase"":0.0075,""r"":7,""run_id"":""746c0ed850e7a1c4899561c73e97af04ff040736013cde397145df4c660e1d2a""}",
        17,         0,         0,   0.017,mwpf__b6016d819feb2809ffcf636abab514c45d75b03883db9deaeb3212ba16d427f7,17c3525d8e7ed29f6b86b05ef0009c1af731021e045d13d4a382926450c6644c,"{""circuit"":""surface_code:rotated_memory_x"",""cluster_node_limit"":50,""d"":7,""decoder"":""mwpf"",""decoder_type"":""SolverSerialJointSingleHair"",""p"":0.005,""p_erase"":0.005,""r"":7,""run_id"":""3ff977703ebf3f566a41dac215e2bc8e682579cf7cec84db2f03627fcfabbad2""}",
       256,         0,         0,   0.464,mwpf__27cac5a9d63b5310296ad2f389f4539acd5e7fb7f123dc12456c335e8393c788,ed79fc073e9e8e64e12ca9cee3f1b3b09617b06e5f19d423f3dca5e27321c0ec,"{""circuit"":""surface_code:rotated_memory_x"",""cluster_node_limit"":50,""d"":7,""decoder"":""mwpf"",""decoder_type"":""SolverSerialJointSingleHair"",""p"":0.01,""p_erase"":0.01,""r"":7,""run_id"":""85dc4b86326449a5e4d2267937782207589c000366e3fbe70d98bb3f9fb5a333""}",
        17,         0,         0,   0.017,mwpf__b6016d819feb2809ffcf636abab514c45d75b03883db9deaeb3212ba16d427f7,17c3525d8e7ed29f6b86b05ef0009c1af731021e045d13d4a382926450c6644c,"{""circuit"":""surface_code:rotated_memory_x"",""cluster_node_limit"":50,""d"":7,""decoder"":""mwpf"",""decoder_type"":""SolverSerialJointSingleHair"",""p"":0.005,""p_erase"":0.005,""r"":7,""run_id"":""3ff977703ebf3f566a41dac215e2bc8e682579cf7cec84db2f03627fcfabbad2""}",
       256,         0,         0,   0.337,mwpf__d28f1af8d4d041d92b7031084fdbcab6dc1e9cf1c24adb30eaa887515eb6649d,0ad7c7cfd60bfc8d2cc9a8cda8479ce98f46b483bb1cdf9eb70b27588a28a083,"{""circuit"":""surface_code:rotated_memory_x"",""cluster_node_limit"":50,""d"":7,""decoder"":""mwpf"",""decoder_type"":""SolverSerialJointSingleHair"",""p"":0.0075,""p_erase"":0.0075,""r"":7,""run_id"":""746c0ed850e7a1c4899561c73e97af04ff040736013cde397145df4c660e1d2a""}",
        17,         0,         0,   0.013,mwpf__b812ea1c944048d52b7ed0223688528ae68a6f16fdf6d6c88cc8f8a6fc9d35bf,27db751210829c9e0cd03776fcc3890987608bbb2891aa96c8a9b6e74280fcbd,"{""circuit"":""surface_code:rotated_memory_x"",""cluster_node_limit"":50,""d"":7,""decoder"":""mwpf"",""decoder_type"":""SolverSerialJointSingleHair"",""p"":0.003,""p_erase"":0.003,""r"":7,""run_id"":""3e7768a46571fd1de5957ad6fb50ce7c500c937939ee9035abc77e8f3db0e162""}",
       256,         0,         0,   0.230,mwpf__b6016d819feb2809ffcf636abab514c45d75b03883db9deaeb3212ba16d427f7,17c3525d8e7ed29f6b86b05ef0009c1af731021e045d13d4a382926450c6644c,"{""circuit"":""surface_code:rotated_memory_x"",""cluster_node_limit"":50,""d"":7,""decoder"":""mwpf"",""decoder_type"":""SolverSerialJointSingleHair"",""p"":0.005,""p_erase"":0.005,""r"":7,""run_id"":""3ff977703ebf3f566a41dac215e2bc8e682579cf7cec84db2f03627fcfabbad2""}",
        17,         0,         0,   0.013,mwpf__c4afa78e50d4bd05ad1f0c114167a16caecf88a4774611fbf3cad944195b6005,33eb410828ea0eb329ef8a7d4ffe6dca8964600f3517f915065fb02130ff52fa,"{""circuit"":""surface_code:rotated_memory_x"",""cluster_node_limit"":50,""d"":7,""decoder"":""mwpf"",""decoder_type"":""SolverSerialJointSingleHair"",""p"":0.004,""p_erase"":0.004,""r"":7,""run_id"":""bc63bb586674bf0943da17e714fe33cb9292304a00c52142dcc0aa98a48fe916""}",
        17,         0,         0,   0.029,mwpf__cc84687092a659fc65a3ee05269b6b569030e8df60c8f6bb1338aab95b850464,de2559247a63aadd19f6ad89515979a5d4f1397f9e0720615a2b8b2b9f64cc61,"{""circuit"":""surface_code:rotated_memory_x"",""cluster_node_limit"":50,""d"":7,""decoder"":""mwpf"",""decoder_type"":""SolverSerialJointSingleHair"",""p"":0.008,""p_erase"":0.008,""r"":7,""run_id"":""b0127341a48953a855ea3549247068ee7050e7461912fad56a38b1d8708ded61""}",
        17,         2,         0,   0.178,mwpf__52a073e7515446df52cbda9ca7c289cfd1927a5295e69ea691f5d15087ee0aff,5a668985a08f01552b0c1df7417c34aec474e3171f00de2b4ec4b430761e3525,"{""circuit"":""surface_code:rotated_memory_x"",""cluster_node_limit"":50,""d"":7,""decoder"":""mwpf"",""decoder_type"":""SolverSerialJointSingleHair"",""p"":0.03,""p_erase"":0.03,""r"":7,""run_id"":""813ba4eb16fa666e67959bd8c62870ba1c2c26cd74e0d3cecbae76623e9435dc""}",
         1,         0,         0,   0.019,mwpf__98f1b527ad63d0c96b87fae2ef9b5a001df2d2c4d1bcf7718808c982f8f67de9,228a01b856019daca44f88d1c0dd611b9d09141c474412396bea6d8158eea878,"{""circuit"":""surface_code:rotated_memory_x"",""cluster_node_limit"":50,""d"":7,""decoder"":""mwpf"",""decoder_type"":""SolverSerialJointSingleHair"",""p"":0.04,""p_erase"":0.04,""r"":7,""run_id"":""22cc46a396a276b666b805f90859895cb11c4a18ae76c90aeb44e64208d7955b""}",
       256,         0,         0,   0.143,mwpf__b812ea1c944048d52b7ed0223688528ae68a6f16fdf6d6c88cc8f8a6fc9d35bf,27db751210829c9e0cd03776fcc3890987608bbb2891aa96c8a9b6e74280fcbd,"{""circuit"":""surface_code:rotated_memory_x"",""cluster_node_limit"":50,""d"":7,""decoder"":""mwpf"",""decoder_type"":""SolverSerialJointSingleHair"",""p"":0.003,""p_erase"":0.003,""r"":7,""run_id"":""3e7768a46571fd1de5957ad6fb50ce7c500c937939ee9035abc77e8f3db0e162""}",
         1,         1,         0,   0.016,mwpf__896f3dc2c428c5c3bd808eb3cf2c780aa9e502e977467691de169f32c83a0647,3edb2ec651a68bfdc9765ebf8d3698d92006edac63bb654b4b1296d087be24a3,"{""circuit"":""surface_code:rotated_memory_x"",""cluster_node_limit"":50,""d"":7,""decoder"":""mwpf"",""decoder_type"":""SolverSerialJointSingleHair"",""p"":0.06,""p_erase"":0.06,""r"":7,""run_id"":""41e8a83007d9cf79fae89c7e2eb169407b888404b52611d599cfbd8d3d61e56d""}",
        17,         0,         0,   0.014,mwpf__c4afa78e50d4bd05ad1f0c114167a16caecf88a4774611fbf3cad944195b6005,33eb410828ea0eb329ef8a7d4ffe6dca8964600f3517f915065fb02130ff52fa,"{""circuit"":""surface_code:rotated_memory_x"",""cluster_node_limit"":50,""d"":7,""decoder"":""mwpf"",""decoder_type"":""SolverSerialJointSingleHair"",""p"":0.004,""p_erase"":0.004,""r"":7,""run_id"":""bc63bb586674bf0943da17e714fe33cb9292304a00c52142dcc0aa98a48fe916""}",
       256,         0,         0,   0.225,mwpf__b6016d819feb2809ffcf636abab514c45d75b03883db9deaeb3212ba16d427f7,17c3525d8e7ed29f6b86b05ef0009c1af731021e045d13d4a382926450c6644c,"{""circuit"":""surface_code:rotated_memory_x"",""cluster_node_limit"":50,""d"":7,""decoder"":""mwpf"",""decoder_type"":""SolverSerialJointSingleHair"",""p"":0.005,""p_erase"":0.005,""r"":7,""run_id"":""3ff977703ebf3f566a41dac215e2bc8e682579cf7cec84db2f03627fcfabbad2""}",
       256,         0,         0,   0.180,mwpf__c4afa78e50d4bd05ad1f0c114167a16caecf88a4774611fbf3cad944195b6005,33eb410828ea0eb329ef8a7d4ffe6dca8964600f3517f915065fb02130ff52fa,"{""circuit"":""surface_code:rotated_memory_x"",""cluster_node_limit"":50,""d"":7,""decoder"":""mwpf"",""decoder_type"":""SolverSerialJointSingleHair"",""p"":0.004,""p_erase"":0.004,""r"":7,""run_id"":""bc63bb586674bf0943da17e714fe33cb9292304a00c52142dcc0aa98a48fe916""}",
         1,         1,         0,   0.026,mwpf__44785f8372daa341abdebcd828887424427bf9b811680dbe0b80e9dd0478da48,79f30c78ea0219ad2b4e9c1731639789d4a70f0809a5d03a7d41841488de462c,"{""circuit"":""surface_code:rotated_memory_x"",""cluster_node_limit"":50,""d"":7,""decoder"":""mwpf"",""decoder_type"":""SolverSerialJointSingleHair"",""p"":0.05,""p_erase"":0.05,""r"":7,""run_id"":""6f604c679956d1cf0daf6d77107bb840f1154ac07c7e1969bb8402e01858bb91""}",
        17,         0,         0,   0.019,mwpf__4aed23b674076cc15b4dcd1aeb6b0a8db6b52d88acd7d465bf49dfcb9c23e5c2,ade57cc12597f9b057a68161ae03989a950f74466f84fc8640ee0038ac8c8016,"{""circuit"":""surface_code:rotated_memory_x"",""cluster_node_limit"":50,""d"":7,""decoder"":""mwpf"",""decoder_type"":""SolverSerialJointSingleHair"",""p"":0.006,""p_erase"":0.006,""r"":7,""run_id"":""c569d24a00e94715f929354bdbd1860f950e40c56d976da161032d1bf73e9e9d""}",
        17,         0,         0,   0.083,mwpf__4be7971ec0aed8b350943219afc2640031998d7bde83aee6a0f21fb9cad0071d,0b500337b6e25e32dcf4bed99809a5d106409a48cf464ef28981fe2fb56292db,"{""circuit"":""surface_code:rotated_memory_x"",""cluster_node_limit"":50,""d"":7,""decoder"":""mwpf"",""decoder_type"":""SolverSerialJointSingleHair"",""p"":0.02,""p_erase"":0.02,""r"":7,""run_id"":""ec632a372450f8a655350bea6e7a952b552cfb386cd39755b54f2b84ee3f6f31""}",
       256,         0,         0,   0.323,mwpf__d28f1af8d4d041d92b7031084fdbcab6dc1e9cf1c24adb30eaa887515eb6649d,0ad7c7cfd60bfc8d2cc9a8cda8479ce98f46b483bb1cdf9eb70b27588a28a083,"{""circuit"":""surface_code:rotated_memory_x"",""cluster_node_limit"":50,""d"":7,""decoder"":""mwpf"",""decoder_type"":""SolverSerialJointSingleHair"",""p"":0.0075,""p_erase"":0.0075,""r"":7,""run_id"":""746c0ed850e7a1c4899561c73e97af04ff040736013cde397145df4c660e1d2a""}",
        17,         0,         0,   0.035,mwpf__27cac5a9d63b5310296ad2f389f4539acd5e7fb7f123dc12456c335e8393c788,ed79fc073e9e8e64e12ca9cee3f1b3b09617b06e5f19d423f3dca5e27321c0ec,"{""circuit"":""surface_code:rotated_memory_x"",""cluster_node_limit"":50,""d"":7,""decoder"":""mwpf"",""decoder_type"":""SolverSerialJointSingleHair"",""p"":0.01,""p_erase"":0.01,""r"":7,""run_id"":""85dc4b86326449a5e4d2267937782207589c000366e3fbe70d98bb3f9fb5a333""}",
       256,         0,         0,   0.464,mwpf__27cac5a9d63b5310296ad2f389f4539acd5e7fb7f123dc12456c335e8393c788,ed79fc073e9e8e64e12ca9cee3f1b3b09617b06e5f19d423f3dca5e27321c0ec,"{""circuit"":""surface_code:rotated_memory_x"",""cluster_node_limit"":50,""d"":7,""decoder"":""mwpf"",""decoder_type"":""SolverSerialJointSingleHair"",""p"":0.01,""p_erase"":0.01,""r"":7,""run_id"":""85dc4b86326449a5e4d2267937782207589c000366e3fbe70d98bb3f9fb5a333""}",
       256,         0,         0,   0.179,mwpf__c4afa78e50d4bd05ad1f0c114167a16caecf88a4774611fbf3cad944195b6005,33eb410828ea0eb329ef8a7d4ffe6dca8964600f3517f915065fb02130ff52fa,"{""circuit"":""surface_code:rotated_memory_x"",""cluster_node_limit"":50,""d"":7,""decoder"":""mwpf"",""decoder_type"":""SolverSerialJointSingleHair"",""p"":0.004,""p_erase"":0.004,""r"":7,""run_id"":""bc63bb586674bf0943da17e714fe33cb9292304a00c52142dcc0aa98a48fe916""}",
       256,         0,         0,   0.339,mwpf__cc84687092a659fc65a3ee05269b6b569030e8df60c8f6bb1338aab95b850464,de2559247a63aadd19f6ad89515979a5d4f1397f9e0720615a2b8b2b9f64cc61,"{""circuit"":""surface_code:rotated_memory_x"",""cluster_node_limit"":50,""d"":7,""decoder"":""mwpf"",""decoder_type"":""SolverSerialJointSingleHair"",""p"":0.008,""p_erase"":0.008,""r"":7,""run_id"":""b0127341a48953a855ea3549247068ee7050e7461912fad56a38b1d8708ded61""}",
        16,         6,         0,   0.292,mwpf__98f1b527ad63d0c96b87fae2ef9b5a001df2d2c4d1bcf7718808c982f8f67de9,228a01b856019daca44f88d1c0dd611b9d09141c474412396bea6d8158eea878,"{""circuit"":""surface_code:rotated_memory_x"",""cluster_node_limit"":50,""d"":7,""decoder"":""mwpf"",""decoder_type"":""SolverSerialJointSingleHair"",""p"":0.04,""p_erase"":0.04,""r"":7,""run_id"":""22cc46a396a276b666b805f90859895cb11c4a18ae76c90aeb44e64208d7955b""}",
        32,         0,         0,   0.305,mwpf__52a073e7515446df52cbda9ca7c289cfd1927a5295e69ea691f5d15087ee0aff,5a668985a08f01552b0c1df7417c34aec474e3171f00de2b4ec4b430761e3525,"{""circuit"":""surface_code:rotated_memory_x"",""cluster_node_limit"":50,""d"":7,""decoder"":""mwpf"",""decoder_type"":""SolverSerialJointSingleHair"",""p"":0.03,""p_erase"":0.03,""r"":7,""run_id"":""813ba4eb16fa666e67959bd8c62870ba1c2c26cd74e0d3cecbae76623e9435dc""}",
       512,         0,         0,   0.429,mwpf__b6016d819feb2809ffcf636abab514c45d75b03883db9deaeb3212ba16d427f7,17c3525d8e7ed29f6b86b05ef0009c1af731021e045d13d4a382926450c6644c,"{""circuit"":""surface_code:rotated_memory_x"",""cluster_node_limit"":50,""d"":7,""decoder"":""mwpf"",""decoder_type"":""SolverSerialJointSingleHair"",""p"":0.005,""p_erase"":0.005,""r"":7,""run_id"":""3ff977703ebf3f566a41dac215e2bc8e682579cf7cec84db2f03627fcfabbad2""}",
       256,         0,         0,   0.253,mwpf__4aed23b674076cc15b4dcd1aeb6b0a8db6b52d88acd7d465bf49dfcb9c23e5c2,ade57cc12597f9b057a68161ae03989a950f74466f84fc8640ee0038ac8c8016,"{""circuit"":""surface_code:rotated_memory_x"",""cluster_node_limit"":50,""d"":7,""decoder"":""mwpf"",""decoder_type"":""SolverSerialJointSingleHair"",""p"":0.006,""p_erase"":0.006,""r"":7,""run_id"":""c569d24a00e94715f929354bdbd1860f950e40c56d976da161032d1bf73e9e9d""}",
        64,         1,         0,   0.298,mwpf__4be7971ec0aed8b350943219afc2640031998d7bde83aee6a0f21fb9cad0071d,0b500337b6e25e32dcf4bed99809a5d106409a48cf464ef28981fe2fb56292db,"{""circuit"":""surface_code:rotated_memory_x"",""cluster_node_limit"":50,""d"":7,""decoder"":""mwpf"",""decoder_type"":""SolverSerialJointSingleHair"",""p"":0.02,""p_erase"":0.02,""r"":7,""run_id"":""ec632a372450f8a655350bea6e7a952b552cfb386cd39755b54f2b84ee3f6f31""}",
       512,         0,         0,   0.355,mwpf__c4afa78e50d4bd05ad1f0c114167a16caecf88a4774611fbf3cad944195b6005,33eb410828ea0eb329ef8a7d4ffe6dca8964600f3517f915065fb02130ff52fa,"{""circuit"":""surface_code:rotated_memory_x"",""cluster_node_limit"":50,""d"":7,""decoder"":""mwpf"",""decoder_type"":""SolverSerialJointSingleHair"",""p"":0.004,""p_erase"":0.004,""r"":7,""run_id"":""bc63bb586674bf0943da17e714fe33cb9292304a00c52142dcc0aa98a48fe916""}",
        16,         4,         0,   0.366,mwpf__44785f8372daa341abdebcd828887424427bf9b811680dbe0b80e9dd0478da48,79f30c78ea0219ad2b4e9c1731639789d4a70f0809a5d03a7d41841488de462c,"{""circuit"":""surface_code:rotated_memory_x"",""cluster_node_limit"":50,""d"":7,""decoder"":""mwpf"",""decoder_type"":""SolverSerialJointSingleHair"",""p"":0.05,""p_erase"":0.05,""r"":7,""run_id"":""6f604c679956d1cf0daf6d77107bb840f1154ac07c7e1969bb8402e01858bb91""}",
        17,         0,         0,   0.025,mwpf__3676edfd3705a10bff90f19b109b554244bd8b49a912fddd54112319402e54b2,f5fc0e2830bf34a034cecaa2a86787ee42c5ac7b974e2cca4fce80b4f9d60e16,"{""circuit"":""surface_code:rotated_memory_x"",""cluster_node_limit"":50,""d"":7,""decoder"":""mwpf"",""decoder_type"":""SolverSerialJointSingleHair"",""p"":0.007,""p_erase"":0.007,""r"":7,""run_id"":""cc23d39f806d6b050b42fdf6523d37ff1ded4115cd9804c1b1173f160297dfb9""}",
        16,         8,         0,   0.436,mwpf__896f3dc2c428c5c3bd808eb3cf2c780aa9e502e977467691de169f32c83a0647,3edb2ec651a68bfdc9765ebf8d3698d92006edac63bb654b4b1296d087be24a3,"{""circuit"":""surface_code:rotated_memory_x"",""cluster_node_limit"":50,""d"":7,""decoder"":""mwpf"",""decoder_type"":""SolverSerialJointSingleHair"",""p"":0.06,""p_erase"":0.06,""r"":7,""run_id"":""41e8a83007d9cf79fae89c7e2eb169407b888404b52611d599cfbd8d3d61e56d""}",
       256,         0,         0,   0.329,mwpf__d28f1af8d4d041d92b7031084fdbcab6dc1e9cf1c24adb30eaa887515eb6649d,0ad7c7cfd60bfc8d2cc9a8cda8479ce98f46b483bb1cdf9eb70b27588a28a083,"{""circuit"":""surface_code:rotated_memory_x"",""cluster_node_limit"":50,""d"":7,""decoder"":""mwpf"",""decoder_type"":""SolverSerialJointSingleHair"",""p"":0.0075,""p_erase"":0.0075,""r"":7,""run_id"":""746c0ed850e7a1c4899561c73e97af04ff040736013cde397145df4c660e1d2a""}",
       512,         0,         0,   0.433,mwpf__b6016d819feb2809ffcf636abab514c45d75b03883db9deaeb3212ba16d427f7,17c3525d8e7ed29f6b86b05ef0009c1af731021e045d13d4a382926450c6644c,"{""circuit"":""surface_code:rotated_memory_x"",""cluster_node_limit"":50,""d"":7,""decoder"":""mwpf"",""decoder_type"":""SolverSerialJointSingleHair"",""p"":0.005,""p_erase"":0.005,""r"":7,""run_id"":""3ff977703ebf3f566a41dac215e2bc8e682579cf7cec84db2f03627fcfabbad2""}",
        17,         0,         0,   0.082,mwpf__4be7971ec0aed8b350943219afc2640031998d7bde83aee6a0f21fb9cad0071d,0b500337b6e25e32dcf4bed99809a5d106409a48cf464ef28981fe2fb56292db,"{""circuit"":""surface_code:rotated_memory_x"",""cluster_node_limit"":50,""d"":7,""decoder"":""mwpf"",""decoder_type"":""SolverSerialJointSingleHair"",""p"":0.02,""p_erase"":0.02,""r"":7,""run_id"":""ec632a372450f8a655350bea6e7a952b552cfb386cd39755b54f2b84ee3f6f31""}",
        32,         1,         0,   0.283,mwpf__52a073e7515446df52cbda9ca7c289cfd1927a5295e69ea691f5d15087ee0aff,5a668985a08f01552b0c1df7417c34aec474e3171f00de2b4ec4b430761e3525,"{""circuit"":""surface_code:rotated_memory_x"",""cluster_node_limit"":50,""d"":7,""decoder"":""mwpf"",""decoder_type"":""SolverSerialJointSingleHair"",""p"":0.03,""p_erase"":0.03,""r"":7,""run_id"":""813ba4eb16fa666e67959bd8c62870ba1c2c26cd74e0d3cecbae76623e9435dc""}",
      1024,         0,         0,   0.580,mwpf__b812ea1c944048d52b7ed0223688528ae68a6f16fdf6d6c88cc8f8a6fc9d35bf,27db751210829c9e0cd03776fcc3890987608bbb2891aa96c8a9b6e74280fcbd,"{""circuit"":""surface_code:rotated_memory_x"",""cluster_node_limit"":50,""d"":7,""decoder"":""mwpf"",""decoder_type"":""SolverSerialJointSingleHair"",""p"":0.003,""p_erase"":0.003,""r"":7,""run_id"":""3e7768a46571fd1de5957ad6fb50ce7c500c937939ee9035abc77e8f3db0e162""}",
        17,         0,         0,   0.020,mwpf__4aed23b674076cc15b4dcd1aeb6b0a8db6b52d88acd7d465bf49dfcb9c23e5c2,ade57cc12597f9b057a68161ae03989a950f74466f84fc8640ee0038ac8c8016,"{""circuit"":""surface_code:rotated_memory_x"",""cluster_node_limit"":50,""d"":7,""decoder"":""mwpf"",""decoder_type"":""SolverSerialJointSingleHair"",""p"":0.006,""p_erase"":0.006,""r"":7,""run_id"":""c569d24a00e94715f929354bdbd1860f950e40c56d976da161032d1bf73e9e9d""}",
       512,         0,         0,   0.371,mwpf__c4afa78e50d4bd05ad1f0c114167a16caecf88a4774611fbf3cad944195b6005,33eb410828ea0eb329ef8a7d4ffe6dca8964600f3517f915065fb02130ff52fa,"{""circuit"":""surface_code:rotated_memory_x"",""cluster_node_limit"":50,""d"":7,""decoder"":""mwpf"",""decoder_type"":""SolverSerialJointSingleHair"",""p"":0.004,""p_erase"":0.004,""r"":7,""run_id"":""bc63bb586674bf0943da17e714fe33cb9292304a00c52142dcc0aa98a48fe916""}",
       256,         0,         0,   0.454,mwpf__27cac5a9d63b5310296ad2f389f4539acd5e7fb7f123dc12456c335e8393c788,ed79fc073e9e8e64e12ca9cee3f1b3b09617b06e5f19d423f3dca5e27321c0ec,"{""circuit"":""surface_code:rotated_memory_x"",""cluster_node_limit"":50,""d"":7,""decoder"":""mwpf"",""decoder_type"":""SolverSerialJointSingleHair"",""p"":0.01,""p_erase"":0.01,""r"":7,""run_id"":""85dc4b86326449a5e4d2267937782207589c000366e3fbe70d98bb3f9fb5a333""}",
       256,         0,         0,   0.369,mwpf__cc84687092a659fc65a3ee05269b6b569030e8df60c8f6bb1338aab95b850464,de2559247a63aadd19f6ad89515979a5d4f1397f9e0720615a2b8b2b9f64cc61,"{""circuit"":""surface_code:rotated_memory_x"",""cluster_node_limit"":50,""d"":7,""decoder"":""mwpf"",""decoder_type"":""SolverSerialJointSingleHair"",""p"":0.008,""p_erase"":0.008,""r"":7,""run_id"":""b0127341a48953a855ea3549247068ee7050e7461912fad56a38b1d8708ded61""}",
        17,         0,         0,   0.018,mwpf__b6016d819feb2809ffcf636abab514c45d75b03883db9deaeb3212ba16d427f7,17c3525d8e7ed29f6b86b05ef0009c1af731021e045d13d4a382926450c6644c,"{""circuit"":""surface_code:rotated_memory_x"",""cluster_node_limit"":50,""d"":7,""decoder"":""mwpf"",""decoder_type"":""SolverSerialJointSingleHair"",""p"":0.005,""p_erase"":0.005,""r"":7,""run_id"":""3ff977703ebf3f566a41dac215e2bc8e682579cf7cec84db2f03627fcfabbad2""}",
        17,         0,         0,   0.030,mwpf__cc84687092a659fc65a3ee05269b6b569030e8df60c8f6bb1338aab95b850464,de2559247a63aadd19f6ad89515979a5d4f1397f9e0720615a2b8b2b9f64cc61,"{""circuit"":""surface_code:rotated_memory_x"",""cluster_node_limit"":50,""d"":7,""decoder"":""mwpf"",""decoder_type"":""SolverSerialJointSingleHair"",""p"":0.008,""p_erase"":0.008,""r"":7,""run_id"":""b0127341a48953a855ea3549247068ee7050e7461912fad56a38b1d8708ded61""}",
         1,         0,         0,   0.035,mwpf__896f3dc2c428c5c3bd808eb3cf2c780aa9e502e977467691de169f32c83a0647,3edb2ec651a68bfdc9765ebf8d3698d92006edac63bb654b4b1296d087be24a3,"{""circuit"":""surface_code:rotated_memory_x"",""cluster_node_limit"":50,""d"":7,""decoder"":""mwpf"",""decoder_type"":""SolverSerialJointSingleHair"",""p"":0.06,""p_erase"":0.06,""r"":7,""run_id"":""41e8a83007d9cf79fae89c7e2eb169407b888404b52611d599cfbd8d3d61e56d""}",
        17,         0,         0,   0.020,mwpf__4aed23b674076cc15b4dcd1aeb6b0a8db6b52d88acd7d465bf49dfcb9c23e5c2,ade57cc12597f9b057a68161ae03989a950f74466f84fc8640ee0038ac8c8016,"{""circuit"":""surface_code:rotated_memory_x"",""cluster_node_limit"":50,""d"":7,""decoder"":""mwpf"",""decoder_type"":""SolverSerialJointSingleHair"",""p"":0.006,""p_erase"":0.006,""r"":7,""run_id"":""c569d24a00e94715f929354bdbd1860f950e40c56d976da161032d1bf73e9e9d""}",
       256,         0,         0,   0.471,mwpf__27cac5a9d63b5310296ad2f389f4539acd5e7fb7f123dc12456c335e8393c788,ed79fc073e9e8e64e12ca9cee3f1b3b09617b06e5f19d423f3dca5e27321c0ec,"{""circuit"":""surface_code:rotated_memory_x"",""cluster_node_limit"":50,""d"":7,""decoder"":""mwpf"",""decoder_type"":""SolverSerialJointSingleHair"",""p"":0.01,""p_erase"":0.01,""r"":7,""run_id"":""85dc4b86326449a5e4d2267937782207589c000366e3fbe70d98bb3f9fb5a333""}",
         1,         0,         0,   0.017,mwpf__44785f8372daa341abdebcd828887424427bf9b811680dbe0b80e9dd0478da48,79f30c78ea0219ad2b4e9c1731639789d4a70f0809a5d03a7d41841488de462c,"{""circuit"":""surface_code:rotated_memory_x"",""cluster_node_limit"":50,""d"":7,""decoder"":""mwpf"",""decoder_type"":""SolverSerialJointSingleHair"",""p"":0.05,""p_erase"":0.05,""r"":7,""run_id"":""6f604c679956d1cf0daf6d77107bb840f1154ac07c7e1969bb8402e01858bb91""}",
        17,         0,         0,   0.012,mwpf__b812ea1c944048d52b7ed0223688528ae68a6f16fdf6d6c88cc8f8a6fc9d35bf,27db751210829c9e0cd03776fcc3890987608bbb2891aa96c8a9b6e74280fcbd,"{""circuit"":""surface_code:rotated_memory_x"",""cluster_node_limit"":50,""d"":7,""decoder"":""mwpf"",""decoder_type"":""SolverSerialJointSingleHair"",""p"":0.003,""p_erase"":0.003,""r"":7,""run_id"":""3e7768a46571fd1de5957ad6fb50ce7c500c937939ee9035abc77e8f3db0e162""}",
        17,         0,         0,   0.024,mwpf__d28f1af8d4d041d92b7031084fdbcab6dc1e9cf1c24adb30eaa887515eb6649d,0ad7c7cfd60bfc8d2cc9a8cda8479ce98f46b483bb1cdf9eb70b27588a28a083,"{""circuit"":""surface_code:rotated_memory_x"",""cluster_node_limit"":50,""d"":7,""decoder"":""mwpf"",""decoder_type"":""SolverSerialJointSingleHair"",""p"":0.0075,""p_erase"":0.0075,""r"":7,""run_id"":""746c0ed850e7a1c4899561c73e97af04ff040736013cde397145df4c660e1d2a""}",
        17,         0,         0,   0.023,mwpf__3676edfd3705a10bff90f19b109b554244bd8b49a912fddd54112319402e54b2,f5fc0e2830bf34a034cecaa2a86787ee42c5ac7b974e2cca4fce80b4f9d60e16,"{""circuit"":""surface_code:rotated_memory_x"",""cluster_node_limit"":50,""d"":7,""decoder"":""mwpf"",""decoder_type"":""SolverSerialJointSingleHair"",""p"":0.007,""p_erase"":0.007,""r"":7,""run_id"":""cc23d39f806d6b050b42fdf6523d37ff1ded4115cd9804c1b1173f160297dfb9""}",
        17,         0,         0,   0.035,mwpf__738c4c2fe60c79a38f4352423c226453cf78c7d4efc409ac916f3f724e7f428b,f522fd2f03991528ab1e67f7b35462f84ed9738f5f8cde70a41909bee4fd3f87,"{""circuit"":""surface_code:rotated_memory_x"",""cluster_node_limit"":50,""d"":7,""decoder"":""mwpf"",""decoder_type"":""SolverSerialJointSingleHair"",""p"":0.009,""p_erase"":0.009,""r"":7,""run_id"":""4b2052dd33b88244b8dc64e1aa696c4f0cef9c363b27e7d2cd9a4ccb51da3596""}",
         1,         0,         0,   0.020,mwpf__98f1b527ad63d0c96b87fae2ef9b5a001df2d2c4d1bcf7718808c982f8f67de9,228a01b856019daca44f88d1c0dd611b9d09141c474412396bea6d8158eea878,"{""circuit"":""surface_code:rotated_memory_x"",""cluster_node_limit"":50,""d"":7,""decoder"":""mwpf"",""decoder_type"":""SolverSerialJointSingleHair"",""p"":0.04,""p_erase"":0.04,""r"":7,""run_id"":""22cc46a396a276b666b805f90859895cb11c4a18ae76c90aeb44e64208d7955b""}",
        17,         0,         0,   0.015,mwpf__c4afa78e50d4bd05ad1f0c114167a16caecf88a4774611fbf3cad944195b6005,33eb410828ea0eb329ef8a7d4ffe6dca8964600f3517f915065fb02130ff52fa,"{""circuit"":""surface_code:rotated_memory_x"",""cluster_node_limit"":50,""d"":7,""decoder"":""mwpf"",""decoder_type"":""SolverSerialJointSingleHair"",""p"":0.004,""p_erase"":0.004,""r"":7,""run_id"":""bc63bb586674bf0943da17e714fe33cb9292304a00c52142dcc0aa98a48fe916""}",
       512,         0,         0,   0.446,mwpf__b6016d819feb2809ffcf636abab514c45d75b03883db9deaeb3212ba16d427f7,17c3525d8e7ed29f6b86b05ef0009c1af731021e045d13d4a382926450c6644c,"{""circuit"":""surface_code:rotated_memory_x"",""cluster_node_limit"":50,""d"":7,""decoder"":""mwpf"",""decoder_type"":""SolverSerialJointSingleHair"",""p"":0.005,""p_erase"":0.005,""r"":7,""run_id"":""3ff977703ebf3f566a41dac215e2bc8e682579cf7cec84db2f03627fcfabbad2""}",
       256,         0,         0,   0.320,mwpf__3676edfd3705a10bff90f19b109b554244bd8b49a912fddd54112319402e54b2,f5fc0e2830bf34a034cecaa2a86787ee42c5ac7b974e2cca4fce80b4f9d60e16,"{""circuit"":""surface_code:rotated_memory_x"",""cluster_node_limit"":50,""d"":7,""decoder"":""mwpf"",""decoder_type"":""SolverSerialJointSingleHair"",""p"":0.007,""p_erase"":0.007,""r"":7,""run_id"":""cc23d39f806d6b050b42fdf6523d37ff1ded4115cd9804c1b1173f160297dfb9""}",
        17,         0,         0,   0.013,mwpf__b812ea1c944048d52b7ed0223688528ae68a6f16fdf6d6c88cc8f8a6fc9d35bf,27db751210829c9e0cd03776fcc3890987608bbb2891aa96c8a9b6e74280fcbd,"{""circuit"":""surface_code:rotated_memory_x"",""cluster_node_limit"":50,""d"":7,""decoder"":""mwpf"",""decoder_type"":""SolverSerialJointSingleHair"",""p"":0.003,""p_erase"":0.003,""r"":7,""run_id"":""3e7768a46571fd1de5957ad6fb50ce7c500c937939ee9035abc77e8f3db0e162""}",
       512,         0,         0,   0.383,mwpf__c4afa78e50d4bd05ad1f0c114167a16caecf88a4774611fbf3cad944195b6005,33eb410828ea0eb329ef8a7d4ffe6dca8964600f3517f915065fb02130ff52fa,"{""circuit"":""surface_code:rotated_memory_x"",""cluster_node_limit"":50,""d"":7,""decoder"":""mwpf"",""decoder_type"":""SolverSerialJointSingleHair"",""p"":0.004,""p_erase"":0.004,""r"":7,""run_id"":""bc63bb586674bf0943da17e714fe33cb9292304a00c52142dcc0aa98a48fe916""}",
       256,         0,         0,   0.341,mwpf__d28f1af8d4d041d92b7031084fdbcab6dc1e9cf1c24adb30eaa887515eb6649d,0ad7c7cfd60bfc8d2cc9a8cda8479ce98f46b483bb1cdf9eb70b27588a28a083,"{""circuit"":""surface_code:rotated_memory_x"",""cluster_node_limit"":50,""d"":7,""decoder"":""mwpf"",""decoder_type"":""SolverSerialJointSingleHair"",""p"":0.0075,""p_erase"":0.0075,""r"":7,""run_id"":""746c0ed850e7a1c4899561c73e97af04ff040736013cde397145df4c660e1d2a""}",
        64,         0,         0,   0.308,mwpf__4be7971ec0aed8b350943219afc2640031998d7bde83aee6a0f21fb9cad0071d,0b500337b6e25e32dcf4bed99809a5d106409a48cf464ef28981fe2fb56292db,"{""circuit"":""surface_code:rotated_memory_x"",""cluster_node_limit"":50,""d"":7,""decoder"":""mwpf"",""decoder_type"":""SolverSerialJointSingleHair"",""p"":0.02,""p_erase"":0.02,""r"":7,""run_id"":""ec632a372450f8a655350bea6e7a952b552cfb386cd39755b54f2b84ee3f6f31""}",
       256,         0,         0,   0.146,mwpf__b812ea1c944048d52b7ed0223688528ae68a6f16fdf6d6c88cc8f8a6fc9d35bf,27db751210829c9e0cd03776fcc3890987608bbb2891aa96c8a9b6e74280fcbd,"{""circuit"":""surface_code:rotated_memory_x"",""cluster_node_limit"":50,""d"":7,""decoder"":""mwpf"",""decoder_type"":""SolverSerialJointSingleHair"",""p"":0.003,""p_erase"":0.003,""r"":7,""run_id"":""3e7768a46571fd1de5957ad6fb50ce7c500c937939ee9035abc77e8f3db0e162""}",
       256,         0,         0,   0.220,mwpf__b6016d819feb2809ffcf636abab514c45d75b03883db9deaeb3212ba16d427f7,17c3525d8e7ed29f6b86b05ef0009c1af731021e045d13d4a382926450c6644c,"{""circuit"":""surface_code:rotated_memory_x"",""cluster_node_limit"":50,""d"":7,""decoder"":""mwpf"",""decoder_type"":""SolverSerialJointSingleHair"",""p"":0.005,""p_erase"":0.005,""r"":7,""run_id"":""3ff977703ebf3f566a41dac215e2bc8e682579cf7cec84db2f03627fcfabbad2""}",
        32,         7,         0,   0.598,mwpf__98f1b527ad63d0c96b87fae2ef9b5a001df2d2c4d1bcf7718808c982f8f67de9,228a01b856019daca44f88d1c0dd611b9d09141c474412396bea6d8158eea878,"{""circuit"":""surface_code:rotated_memory_x"",""cluster_node_limit"":50,""d"":7,""decoder"":""mwpf"",""decoder_type"":""SolverSerialJointSingleHair"",""p"":0.04,""p_erase"":0.04,""r"":7,""run_id"":""22cc46a396a276b666b805f90859895cb11c4a18ae76c90aeb44e64208d7955b""}",
       512,         0,         0,   0.538,mwpf__4aed23b674076cc15b4dcd1aeb6b0a8db6b52d88acd7d465bf49dfcb9c23e5c2,ade57cc12597f9b057a68161ae03989a950f74466f84fc8640ee0038ac8c8016,"{""circuit"":""surface_code:rotated_memory_x"",""cluster_node_limit"":50,""d"":7,""decoder"":""mwpf"",""decoder_type"":""SolverSerialJointSingleHair"",""p"":0.006,""p_erase"":0.006,""r"":7,""run_id"":""c569d24a00e94715f929354bdbd1860f950e40c56d976da161032d1bf73e9e9d""}",
       256,         0,         0,   0.280,mwpf__4aed23b674076cc15b4dcd1aeb6b0a8db6b52d88acd7d465bf49dfcb9c23e5c2,ade57cc12597f9b057a68161ae03989a950f74466f84fc8640ee0038ac8c8016,"{""circuit"":""surface_code:rotated_memory_x"",""cluster_node_limit"":50,""d"":7,""decoder"":""mwpf"",""decoder_type"":""SolverSerialJointSingleHair"",""p"":0.006,""p_erase"":0.006,""r"":7,""run_id"":""c569d24a00e94715f929354bdbd1860f950e40c56d976da161032d1bf73e9e9d""}",
        16,         7,         0,   0.453,mwpf__44785f8372daa341abdebcd828887424427bf9b811680dbe0b80e9dd0478da48,79f30c78ea0219ad2b4e9c1731639789d4a70f0809a5d03a7d41841488de462c,"{""circuit"":""surface_code:rotated_memory_x"",""cluster_node_limit"":50,""d"":7,""decoder"":""mwpf"",""decoder_type"":""SolverSerialJointSingleHair"",""p"":0.05,""p_erase"":0.05,""r"":7,""run_id"":""6f604c679956d1cf0daf6d77107bb840f1154ac07c7e1969bb8402e01858bb91""}",
       256,         0,         0,   0.183,mwpf__c4afa78e50d4bd05ad1f0c114167a16caecf88a4774611fbf3cad944195b6005,33eb410828ea0eb329ef8a7d4ffe6dca8964600f3517f915065fb02130ff52fa,"{""circuit"":""surface_code:rotated_memory_x"",""cluster_node_limit"":50,""d"":7,""decoder"":""mwpf"",""decoder_type"":""SolverSerialJointSingleHair"",""p"":0.004,""p_erase"":0.004,""r"":7,""run_id"":""bc63bb586674bf0943da17e714fe33cb9292304a00c52142dcc0aa98a48fe916""}",
       256,         0,         0,   0.272,mwpf__4aed23b674076cc15b4dcd1aeb6b0a8db6b52d88acd7d465bf49dfcb9c23e5c2,ade57cc12597f9b057a68161ae03989a950f74466f84fc8640ee0038ac8c8016,"{""circuit"":""surface_code:rotated_memory_x"",""cluster_node_limit"":50,""d"":7,""decoder"":""mwpf"",""decoder_type"":""SolverSerialJointSingleHair"",""p"":0.006,""p_erase"":0.006,""r"":7,""run_id"":""c569d24a00e94715f929354bdbd1860f950e40c56d976da161032d1bf73e9e9d""}",
        17,         1,         0,   0.166,mwpf__52a073e7515446df52cbda9ca7c289cfd1927a5295e69ea691f5d15087ee0aff,5a668985a08f01552b0c1df7417c34aec474e3171f00de2b4ec4b430761e3525,"{""circuit"":""surface_code:rotated_memory_x"",""cluster_node_limit"":50,""d"":7,""decoder"":""mwpf"",""decoder_type"":""SolverSerialJointSingleHair"",""p"":0.03,""p_erase"":0.03,""r"":7,""run_id"":""813ba4eb16fa666e67959bd8c62870ba1c2c26cd74e0d3cecbae76623e9435dc""}",
       256,         0,         0,   0.154,mwpf__b812ea1c944048d52b7ed0223688528ae68a6f16fdf6d6c88cc8f8a6fc9d35bf,27db751210829c9e0cd03776fcc3890987608bbb2891aa96c8a9b6e74280fcbd,"{""circuit"":""surface_code:rotated_memory_x"",""cluster_node_limit"":50,""d"":7,""decoder"":""mwpf"",""decoder_type"":""SolverSerialJointSingleHair"",""p"":0.003,""p_erase"":0.003,""r"":7,""run_id"":""3e7768a46571fd1de5957ad6fb50ce7c500c937939ee9035abc77e8f3db0e162""}",
        16,         6,         0,   0.484,mwpf__896f3dc2c428c5c3bd808eb3cf2c780aa9e502e977467691de169f32c83a0647,3edb2ec651a68bfdc9765ebf8d3698d92006edac63bb654b4b1296d087be24a3,"{""circuit"":""surface_code:rotated_memory_x"",""cluster_node_limit"":50,""d"":7,""decoder"":""mwpf"",""decoder_type"":""SolverSerialJointSingleHair"",""p"":0.06,""p_erase"":0.06,""r"":7,""run_id"":""41e8a83007d9cf79fae89c7e2eb169407b888404b52611d599cfbd8d3d61e56d""}",
       512,         0,         0,   0.468,mwpf__b6016d819feb2809ffcf636abab514c45d75b03883db9deaeb3212ba16d427f7,17c3525d8e7ed29f6b86b05ef0009c1af731021e045d13d4a382926450c6644c,"{""circuit"":""surface_code:rotated_memory_x"",""cluster_node_limit"":50,""d"":7,""decoder"":""mwpf"",""decoder_type"":""SolverSerialJointSingleHair"",""p"":0.005,""p_erase"":0.005,""r"":7,""run_id"":""3ff977703ebf3f566a41dac215e2bc8e682579cf7cec84db2f03627fcfabbad2""}",
       512,         0,         0,   0.376,mwpf__c4afa78e50d4bd05ad1f0c114167a16caecf88a4774611fbf3cad944195b6005,33eb410828ea0eb329ef8a7d4ffe6dca8964600f3517f915065fb02130ff52fa,"{""circuit"":""surface_code:rotated_memory_x"",""cluster_node_limit"":50,""d"":7,""decoder"":""mwpf"",""decoder_type"":""SolverSerialJointSingleHair"",""p"":0.004,""p_erase"":0.004,""r"":7,""run_id"":""bc63bb586674bf0943da17e714fe33cb9292304a00c52142dcc0aa98a48fe916""}",
       256,         0,         0,   0.358,mwpf__cc84687092a659fc65a3ee05269b6b569030e8df60c8f6bb1338aab95b850464,de2559247a63aadd19f6ad89515979a5d4f1397f9e0720615a2b8b2b9f64cc61,"{""circuit"":""surface_code:rotated_memory_x"",""cluster_node_limit"":50,""d"":7,""decoder"":""mwpf"",""decoder_type"":""SolverSerialJointSingleHair"",""p"":0.008,""p_erase"":0.008,""r"":7,""run_id"":""b0127341a48953a855ea3549247068ee7050e7461912fad56a38b1d8708ded61""}",
        16,         6,         0,   0.270,mwpf__98f1b527ad63d0c96b87fae2ef9b5a001df2d2c4d1bcf7718808c982f8f67de9,228a01b856019daca44f88d1c0dd611b9d09141c474412396bea6d8158eea878,"{""circuit"":""surface_code:rotated_memory_x"",""cluster_node_limit"":50,""d"":7,""decoder"":""mwpf"",""decoder_type"":""SolverSerialJointSingleHair"",""p"":0.04,""p_erase"":0.04,""r"":7,""run_id"":""22cc46a396a276b666b805f90859895cb11c4a18ae76c90aeb44e64208d7955b""}",
       256,         0,         0,   0.372,mwpf__cc84687092a659fc65a3ee05269b6b569030e8df60c8f6bb1338aab95b850464,de2559247a63aadd19f6ad89515979a5d4f1397f9e0720615a2b8b2b9f64cc61,"{""circuit"":""surface_code:rotated_memory_x"",""cluster_node_limit"":50,""d"":7,""decoder"":""mwpf"",""decoder_type"":""SolverSerialJointSingleHair"",""p"":0.008,""p_erase"":0.008,""r"":7,""run_id"":""b0127341a48953a855ea3549247068ee7050e7461912fad56a38b1d8708ded61""}",
       256,         0,         0,   0.310,mwpf__3676edfd3705a10bff90f19b109b554244bd8b49a912fddd54112319402e54b2,f5fc0e2830bf34a034cecaa2a86787ee42c5ac7b974e2cca4fce80b4f9d60e16,"{""circuit"":""surface_code:rotated_memory_x"",""cluster_node_limit"":50,""d"":7,""decoder"":""mwpf"",""decoder_type"":""SolverSerialJointSingleHair"",""p"":0.007,""p_erase"":0.007,""r"":7,""run_id"":""cc23d39f806d6b050b42fdf6523d37ff1ded4115cd9804c1b1173f160297dfb9""}",
       128,         0,         0,   0.654,mwpf__4be7971ec0aed8b350943219afc2640031998d7bde83aee6a0f21fb9cad0071d,0b500337b6e25e32dcf4bed99809a5d106409a48cf464ef28981fe2fb56292db,"{""circuit"":""surface_code:rotated_memory_x"",""cluster_node_limit"":50,""d"":7,""decoder"":""mwpf"",""decoder_type"":""SolverSerialJointSingleHair"",""p"":0.02,""p_erase"":0.02,""r"":7,""run_id"":""ec632a372450f8a655350bea6e7a952b552cfb386cd39755b54f2b84ee3f6f31""}",
       256,         0,         0,   0.342,mwpf__d28f1af8d4d041d92b7031084fdbcab6dc1e9cf1c24adb30eaa887515eb6649d,0ad7c7cfd60bfc8d2cc9a8cda8479ce98f46b483bb1cdf9eb70b27588a28a083,"{""circuit"":""surface_code:rotated_memory_x"",""cluster_node_limit"":50,""d"":7,""decoder"":""mwpf"",""decoder_type"":""SolverSerialJointSingleHair"",""p"":0.0075,""p_erase"":0.0075,""r"":7,""run_id"":""746c0ed850e7a1c4899561c73e97af04ff040736013cde397145df4c660e1d2a""}",
       256,         0,         0,   0.452,mwpf__27cac5a9d63b5310296ad2f389f4539acd5e7fb7f123dc12456c335e8393c788,ed79fc073e9e8e64e12ca9cee3f1b3b09617b06e5f19d423f3dca5e27321c0ec,"{""circuit"":""surface_code:rotated_memory_x"",""cluster_node_limit"":50,""d"":7,""decoder"":""mwpf"",""decoder_type"":""SolverSerialJointSingleHair"",""p"":0.01,""p_erase"":0.01,""r"":7,""run_id"":""85dc4b86326449a5e4d2267937782207589c000366e3fbe70d98bb3f9fb5a333""}",
       256,         0,         0,   0.303,mwpf__3676edfd3705a10bff90f19b109b554244bd8b49a912fddd54112319402e54b2,f5fc0e2830bf34a034cecaa2a86787ee42c5ac7b974e2cca4fce80b4f9d60e16,"{""circuit"":""surface_code:rotated_memory_x"",""cluster_node_limit"":50,""d"":7,""decoder"":""mwpf"",""decoder_type"":""SolverSerialJointSingleHair"",""p"":0.007,""p_erase"":0.007,""r"":7,""run_id"":""cc23d39f806d6b050b42fdf6523d37ff1ded4115cd9804c1b1173f160297dfb9""}",
        16,         7,         0,   0.415,mwpf__44785f8372daa341abdebcd828887424427bf9b811680dbe0b80e9dd0478da48,79f30c78ea0219ad2b4e9c1731639789d4a70f0809a5d03a7d41841488de462c,"{""circuit"":""surface_code:rotated_memory_x"",""cluster_node_limit"":50,""d"":7,""decoder"":""mwpf"",""decoder_type"":""SolverSerialJointSingleHair"",""p"":0.05,""p_erase"":0.05,""r"":7,""run_id"":""6f604c679956d1cf0daf6d77107bb840f1154ac07c7e1969bb8402e01858bb91""}",
       256,         0,         0,   0.409,mwpf__738c4c2fe60c79a38f4352423c226453cf78c7d4efc409ac916f3f724e7f428b,f522fd2f03991528ab1e67f7b35462f84ed9738f5f8cde70a41909bee4fd3f87,"{""circuit"":""surface_code:rotated_memory_x"",""cluster_node_limit"":50,""d"":7,""decoder"":""mwpf"",""decoder_type"":""SolverSerialJointSingleHair"",""p"":0.009,""p_erase"":0.009,""r"":7,""run_id"":""4b2052dd33b88244b8dc64e1aa696c4f0cef9c363b27e7d2cd9a4ccb51da3596""}",
        64,         0,         0,   0.286,mwpf__4be7971ec0aed8b350943219afc2640031998d7bde83aee6a0f21fb9cad0071d,0b500337b6e25e32dcf4bed99809a5d106409a48cf464ef28981fe2fb56292db,"{""circuit"":""surface_code:rotated_memory_x"",""cluster_node_limit"":50,""d"":7,""decoder"":""mwpf"",""decoder_type"":""SolverSerialJointSingleHair"",""p"":0.02,""p_erase"":0.02,""r"":7,""run_id"":""ec632a372450f8a655350bea6e7a952b552cfb386cd39755b54f2b84ee3f6f31""}",
        16,         8,         0,   0.481,mwpf__896f3dc2c428c5c3bd808eb3cf2c780aa9e502e977467691de169f32c83a0647,3edb2ec651a68bfdc9765ebf8d3698d92006edac63bb654b4b1296d087be24a3,"{""circuit"":""surface_code:rotated_memory_x"",""cluster_node_limit"":50,""d"":7,""decoder"":""mwpf"",""decoder_type"":""SolverSerialJointSingleHair"",""p"":0.06,""p_erase"":0.06,""r"":7,""run_id"":""41e8a83007d9cf79fae89c7e2eb169407b888404b52611d599cfbd8d3d61e56d""}",
       256,         0,         0,   0.453,mwpf__27cac5a9d63b5310296ad2f389f4539acd5e7fb7f123dc12456c335e8393c788,ed79fc073e9e8e64e12ca9cee3f1b3b09617b06e5f19d423f3dca5e27321c0ec,"{""circuit"":""surface_code:rotated_memory_x"",""cluster_node_limit"":50,""d"":7,""decoder"":""mwpf"",""decoder_type"":""SolverSerialJointSingleHair"",""p"":0.01,""p_erase"":0.01,""r"":7,""run_id"":""85dc4b86326449a5e4d2267937782207589c000366e3fbe70d98bb3f9fb5a333""}",
       512,         0,         0,   0.356,mwpf__c4afa78e50d4bd05ad1f0c114167a16caecf88a4774611fbf3cad944195b6005,33eb410828ea0eb329ef8a7d4ffe6dca8964600f3517f915065fb02130ff52fa,"{""circuit"":""surface_code:rotated_memory_x"",""cluster_node_limit"":50,""d"":7,""decoder"":""mwpf"",""decoder_type"":""SolverSerialJointSingleHair"",""p"":0.004,""p_erase"":0.004,""r"":7,""run_id"":""bc63bb586674bf0943da17e714fe33cb9292304a00c52142dcc0aa98a48fe916""}",
      1024,         0,         0,   0.583,mwpf__b812ea1c944048d52b7ed0223688528ae68a6f16fdf6d6c88cc8f8a6fc9d35bf,27db751210829c9e0cd03776fcc3890987608bbb2891aa96c8a9b6e74280fcbd,"{""circuit"":""surface_code:rotated_memory_x"",""cluster_node_limit"":50,""d"":7,""decoder"":""mwpf"",""decoder_type"":""SolverSerialJointSingleHair"",""p"":0.003,""p_erase"":0.003,""r"":7,""run_id"":""3e7768a46571fd1de5957ad6fb50ce7c500c937939ee9035abc77e8f3db0e162""}",
       256,         0,         0,   0.329,mwpf__d28f1af8d4d041d92b7031084fdbcab6dc1e9cf1c24adb30eaa887515eb6649d,0ad7c7cfd60bfc8d2cc9a8cda8479ce98f46b483bb1cdf9eb70b27588a28a083,"{""circuit"":""surface_code:rotated_memory_x"",""cluster_node_limit"":50,""d"":7,""decoder"":""mwpf"",""decoder_type"":""SolverSerialJointSingleHair"",""p"":0.0075,""p_erase"":0.0075,""r"":7,""run_id"":""746c0ed850e7a1c4899561c73e97af04ff040736013cde397145df4c660e1d2a""}",
       512,         0,         0,   0.448,mwpf__b6016d819feb2809ffcf636abab514c45d75b03883db9deaeb3212ba16d427f7,17c3525d8e7ed29f6b86b05ef0009c1af731021e045d13d4a382926450c6644c,"{""circuit"":""surface_code:rotated_memory_x"",""cluster_node_limit"":50,""d"":7,""decoder"":""mwpf"",""decoder_type"":""SolverSerialJointSingleHair"",""p"":0.005,""p_erase"":0.005,""r"":7,""run_id"":""3ff977703ebf3f566a41dac215e2bc8e682579cf7cec84db2f03627fcfabbad2""}",
        32,         3,         0,   0.297,mwpf__52a073e7515446df52cbda9ca7c289cfd1927a5295e69ea691f5d15087ee0aff,5a668985a08f01552b0c1df7417c34aec474e3171f00de2b4ec4b430761e3525,"{""circuit"":""surface_code:rotated_memory_x"",""cluster_node_limit"":50,""d"":7,""decoder"":""mwpf"",""decoder_type"":""SolverSerialJointSingleHair"",""p"":0.03,""p_erase"":0.03,""r"":7,""run_id"":""813ba4eb16fa666e67959bd8c62870ba1c2c26cd74e0d3cecbae76623e9435dc""}",
        64,         5,         0,   0.676,mwpf__52a073e7515446df52cbda9ca7c289cfd1927a5295e69ea691f5d15087ee0aff,5a668985a08f01552b0c1df7417c34aec474e3171f00de2b4ec4b430761e3525,"{""circuit"":""surface_code:rotated_memory_x"",""cluster_node_limit"":50,""d"":7,""decoder"":""mwpf"",""decoder_type"":""SolverSerialJointSingleHair"",""p"":0.03,""p_erase"":0.03,""r"":7,""run_id"":""813ba4eb16fa666e67959bd8c62870ba1c2c26cd74e0d3cecbae76623e9435dc""}",
       512,         0,         0,   0.296,mwpf__b812ea1c944048d52b7ed0223688528ae68a6f16fdf6d6c88cc8f8a6fc9d35bf,27db751210829c9e0cd03776fcc3890987608bbb2891aa96c8a9b6e74280fcbd,"{""circuit"":""surface_code:rotated_memory_x"",""cluster_node_limit"":50,""d"":7,""decoder"":""mwpf"",""decoder_type"":""SolverSerialJointSingleHair"",""p"":0.003,""p_erase"":0.003,""r"":7,""run_id"":""3e7768a46571fd1de5957ad6fb50ce7c500c937939ee9035abc77e8f3db0e162""}",
        16,         9,         0,   0.372,mwpf__44785f8372daa341abdebcd828887424427bf9b811680dbe0b80e9dd0478da48,79f30c78ea0219ad2b4e9c1731639789d4a70f0809a5d03a7d41841488de462c,"{""circuit"":""surface_code:rotated_memory_x"",""cluster_node_limit"":50,""d"":7,""decoder"":""mwpf"",""decoder_type"":""SolverSerialJointSingleHair"",""p"":0.05,""p_erase"":0.05,""r"":7,""run_id"":""6f604c679956d1cf0daf6d77107bb840f1154ac07c7e1969bb8402e01858bb91""}",
       512,         0,         0,   0.365,mwpf__c4afa78e50d4bd05ad1f0c114167a16caecf88a4774611fbf3cad944195b6005,33eb410828ea0eb329ef8a7d4ffe6dca8964600f3517f915065fb02130ff52fa,"{""circuit"":""surface_code:rotated_memory_x"",""cluster_node_limit"":50,""d"":7,""decoder"":""mwpf"",""decoder_type"":""SolverSerialJointSingleHair"",""p"":0.004,""p_erase"":0.004,""r"":7,""run_id"":""bc63bb586674bf0943da17e714fe33cb9292304a00c52142dcc0aa98a48fe916""}",
       512,         0,         0,   0.431,mwpf__b6016d819feb2809ffcf636abab514c45d75b03883db9deaeb3212ba16d427f7,17c3525d8e7ed29f6b86b05ef0009c1af731021e045d13d4a382926450c6644c,"{""circuit"":""surface_code:rotated_memory_x"",""cluster_node_limit"":50,""d"":7,""decoder"":""mwpf"",""decoder_type"":""SolverSerialJointSingleHair"",""p"":0.005,""p_erase"":0.005,""r"":7,""run_id"":""3ff977703ebf3f566a41dac215e2bc8e682579cf7cec84db2f03627fcfabbad2""}",
       256,         0,         0,   0.346,mwpf__cc84687092a659fc65a3ee05269b6b569030e8df60c8f6bb1338aab95b850464,de2559247a63aadd19f6ad89515979a5d4f1397f9e0720615a2b8b2b9f64cc61,"{""circuit"":""surface_code:rotated_memory_x"",""cluster_node_limit"":50,""d"":7,""decoder"":""mwpf"",""decoder_type"":""SolverSerialJointSingleHair"",""p"":0.008,""p_erase"":0.008,""r"":7,""run_id"":""b0127341a48953a855ea3549247068ee7050e7461912fad56a38b1d8708ded61""}",
       256,         0,         0,   0.312,mwpf__3676edfd3705a10bff90f19b109b554244bd8b49a912fddd54112319402e54b2,f5fc0e2830bf34a034cecaa2a86787ee42c5ac7b974e2cca4fce80b4f9d60e16,"{""circuit"":""surface_code:rotated_memory_x"",""cluster_node_limit"":50,""d"":7,""decoder"":""mwpf"",""decoder_type"":""SolverSerialJointSingleHair"",""p"":0.007,""p_erase"":0.007,""r"":7,""run_id"":""cc23d39f806d6b050b42fdf6523d37ff1ded4115cd9804c1b1173f160297dfb9""}",
       512,         0,         0,   0.364,mwpf__c4afa78e50d4bd05ad1f0c114167a16caecf88a4774611fbf3cad944195b6005,33eb410828ea0eb329ef8a7d4ffe6dca8964600f3517f915065fb02130ff52fa,"{""circuit"":""surface_code:rotated_memory_x"",""cluster_node_limit"":50,""d"":7,""decoder"":""mwpf"",""decoder_type"":""SolverSerialJointSingleHair"",""p"":0.004,""p_erase"":0.004,""r"":7,""run_id"":""bc63bb586674bf0943da17e714fe33cb9292304a00c52142dcc0aa98a48fe916""}",
       256,         0,         0,   0.361,mwpf__cc84687092a659fc65a3ee05269b6b569030e8df60c8f6bb1338aab95b850464,de2559247a63aadd19f6ad89515979a5d4f1397f9e0720615a2b8b2b9f64cc61,"{""circuit"":""surface_code:rotated_memory_x"",""cluster_node_limit"":50,""d"":7,""decoder"":""mwpf"",""decoder_type"":""SolverSerialJointSingleHair"",""p"":0.008,""p_erase"":0.008,""r"":7,""run_id"":""b0127341a48953a855ea3549247068ee7050e7461912fad56a38b1d8708ded61""}",
       256,         0,         0,   0.329,mwpf__d28f1af8d4d041d92b7031084fdbcab6dc1e9cf1c24adb30eaa887515eb6649d,0ad7c7cfd60bfc8d2cc9a8cda8479ce98f46b483bb1cdf9eb70b27588a28a083,"{""circuit"":""surface_code:rotated_memory_x"",""cluster_node_limit"":50,""d"":7,""decoder"":""mwpf"",""decoder_type"":""SolverSerialJointSingleHair"",""p"":0.0075,""p_erase"":0.0075,""r"":7,""run_id"":""746c0ed850e7a1c4899561c73e97af04ff040736013cde397145df4c660e1d2a""}",
       512,         0,         0,   0.512,mwpf__4aed23b674076cc15b4dcd1aeb6b0a8db6b52d88acd7d465bf49dfcb9c23e5c2,ade57cc12597f9b057a68161ae03989a950f74466f84fc8640ee0038ac8c8016,"{""circuit"":""surface_code:rotated_memory_x"",""cluster_node_limit"":50,""d"":7,""decoder"":""mwpf"",""decoder_type"":""SolverSerialJointSingleHair"",""p"":0.006,""p_erase"":0.006,""r"":7,""run_id"":""c569d24a00e94715f929354bdbd1860f950e40c56d976da161032d1bf73e9e9d""}",
       256,         0,         0,   0.310,mwpf__3676edfd3705a10bff90f19b109b554244bd8b49a912fddd54112319402e54b2,f5fc0e2830bf34a034cecaa2a86787ee42c5ac7b974e2cca4fce80b4f9d60e16,"{""circuit"":""surface_code:rotated_memory_x"",""cluster_node_limit"":50,""d"":7,""decoder"":""mwpf"",""decoder_type"":""SolverSerialJointSingleHair"",""p"":0.007,""p_erase"":0.007,""r"":7,""run_id"":""cc23d39f806d6b050b42fdf6523d37ff1ded4115cd9804c1b1173f160297dfb9""}",
       512,         0,         0,   0.434,mwpf__b6016d819feb2809ffcf636abab514c45d75b03883db9deaeb3212ba16d427f7,17c3525d8e7ed29f6b86b05ef0009c1af731021e045d13d4a382926450c6644c,"{""circuit"":""surface_code:rotated_memory_x"",""cluster_node_limit"":50,""d"":7,""decoder"":""mwpf"",""decoder_type"":""SolverSerialJointSingleHair"",""p"":0.005,""p_erase"":0.005,""r"":7,""run_id"":""3ff977703ebf3f566a41dac215e2bc8e682579cf7cec84db2f03627fcfabbad2""}",
       512,         0,         0,   0.524,mwpf__4aed23b674076cc15b4dcd1aeb6b0a8db6b52d88acd7d465bf49dfcb9c23e5c2,ade57cc12597f9b057a68161ae03989a950f74466f84fc8640ee0038ac8c8016,"{""circuit"":""surface_code:rotated_memory_x"",""cluster_node_limit"":50,""d"":7,""decoder"":""mwpf"",""decoder_type"":""SolverSerialJointSingleHair"",""p"":0.006,""p_erase"":0.006,""r"":7,""run_id"":""c569d24a00e94715f929354bdbd1860f950e40c56d976da161032d1bf73e9e9d""}",
      1024,         0,         0,   0.577,mwpf__b812ea1c944048d52b7ed0223688528ae68a6f16fdf6d6c88cc8f8a6fc9d35bf,27db751210829c9e0cd03776fcc3890987608bbb2891aa96c8a9b6e74280fcbd,"{""circuit"":""surface_code:rotated_memory_x"",""cluster_node_limit"":50,""d"":7,""decoder"":""mwpf"",""decoder_type"":""SolverSerialJointSingleHair"",""p"":0.003,""p_erase"":0.003,""r"":7,""run_id"":""3e7768a46571fd1de5957ad6fb50ce7c500c937939ee9035abc77e8f3db0e162""}",
        16,        10,         0,   0.474,mwpf__896f3dc2c428c5c3bd808eb3cf2c780aa9e502e977467691de169f32c83a0647,3edb2ec651a68bfdc9765ebf8d3698d92006edac63bb654b4b1296d087be24a3,"{""circuit"":""surface_code:rotated_memory_x"",""cluster_node_limit"":50,""d"":7,""decoder"":""mwpf"",""decoder_type"":""SolverSerialJointSingleHair"",""p"":0.06,""p_erase"":0.06,""r"":7,""run_id"":""41e8a83007d9cf79fae89c7e2eb169407b888404b52611d599cfbd8d3d61e56d""}",
       512,         0,         0,   0.527,mwpf__4aed23b674076cc15b4dcd1aeb6b0a8db6b52d88acd7d465bf49dfcb9c23e5c2,ade57cc12597f9b057a68161ae03989a950f74466f84fc8640ee0038ac8c8016,"{""circuit"":""surface_code:rotated_memory_x"",""cluster_node_limit"":50,""d"":7,""decoder"":""mwpf"",""decoder_type"":""SolverSerialJointSingleHair"",""p"":0.006,""p_erase"":0.006,""r"":7,""run_id"":""c569d24a00e94715f929354bdbd1860f950e40c56d976da161032d1bf73e9e9d""}",
        32,        13,         0,   0.582,mwpf__98f1b527ad63d0c96b87fae2ef9b5a001df2d2c4d1bcf7718808c982f8f67de9,228a01b856019daca44f88d1c0dd611b9d09141c474412396bea6d8158eea878,"{""circuit"":""surface_code:rotated_memory_x"",""cluster_node_limit"":50,""d"":7,""decoder"":""mwpf"",""decoder_type"":""SolverSerialJointSingleHair"",""p"":0.04,""p_erase"":0.04,""r"":7,""run_id"":""22cc46a396a276b666b805f90859895cb11c4a18ae76c90aeb44e64208d7955b""}",
        16,         4,         0,   0.388,mwpf__44785f8372daa341abdebcd828887424427bf9b811680dbe0b80e9dd0478da48,79f30c78ea0219ad2b4e9c1731639789d4a70f0809a5d03a7d41841488de462c,"{""circuit"":""surface_code:rotated_memory_x"",""cluster_node_limit"":50,""d"":7,""decoder"":""mwpf"",""decoder_type"":""SolverSerialJointSingleHair"",""p"":0.05,""p_erase"":0.05,""r"":7,""run_id"":""6f604c679956d1cf0daf6d77107bb840f1154ac07c7e1969bb8402e01858bb91""}",
       256,         0,         0,   0.331,mwpf__d28f1af8d4d041d92b7031084fdbcab6dc1e9cf1c24adb30eaa887515eb6649d,0ad7c7cfd60bfc8d2cc9a8cda8479ce98f46b483bb1cdf9eb70b27588a28a083,"{""circuit"":""surface_code:rotated_memory_x"",""cluster_node_limit"":50,""d"":7,""decoder"":""mwpf"",""decoder_type"":""SolverSerialJointSingleHair"",""p"":0.0075,""p_erase"":0.0075,""r"":7,""run_id"":""746c0ed850e7a1c4899561c73e97af04ff040736013cde397145df4c660e1d2a""}",
       256,         0,         0,   0.443,mwpf__27cac5a9d63b5310296ad2f389f4539acd5e7fb7f123dc12456c335e8393c788,ed79fc073e9e8e64e12ca9cee3f1b3b09617b06e5f19d423f3dca5e27321c0ec,"{""circuit"":""surface_code:rotated_memory_x"",""cluster_node_limit"":50,""d"":7,""decoder"":""mwpf"",""decoder_type"":""SolverSerialJointSingleHair"",""p"":0.01,""p_erase"":0.01,""r"":7,""run_id"":""85dc4b86326449a5e4d2267937782207589c000366e3fbe70d98bb3f9fb5a333""}",
       512,         0,         0,   0.359,mwpf__c4afa78e50d4bd05ad1f0c114167a16caecf88a4774611fbf3cad944195b6005,33eb410828ea0eb329ef8a7d4ffe6dca8964600f3517f915065fb02130ff52fa,"{""circuit"":""surface_code:rotated_memory_x"",""cluster_node_limit"":50,""d"":7,""decoder"":""mwpf"",""decoder_type"":""SolverSerialJointSingleHair"",""p"":0.004,""p_erase"":0.004,""r"":7,""run_id"":""bc63bb586674bf0943da17e714fe33cb9292304a00c52142dcc0aa98a48fe916""}",
       256,         0,         0,   0.409,mwpf__738c4c2fe60c79a38f4352423c226453cf78c7d4efc409ac916f3f724e7f428b,f522fd2f03991528ab1e67f7b35462f84ed9738f5f8cde70a41909bee4fd3f87,"{""circuit"":""surface_code:rotated_memory_x"",""cluster_node_limit"":50,""d"":7,""decoder"":""mwpf"",""decoder_type"":""SolverSerialJointSingleHair"",""p"":0.009,""p_erase"":0.009,""r"":7,""run_id"":""4b2052dd33b88244b8dc64e1aa696c4f0cef9c363b27e7d2cd9a4ccb51da3596""}",
        16,         5,         0,   0.436,mwpf__896f3dc2c428c5c3bd808eb3cf2c780aa9e502e977467691de169f32c83a0647,3edb2ec651a68bfdc9765ebf8d3698d92006edac63bb654b4b1296d087be24a3,"{""circuit"":""surface_code:rotated_memory_x"",""cluster_node_limit"":50,""d"":7,""decoder"":""mwpf"",""decoder_type"":""SolverSerialJointSingleHair"",""p"":0.06,""p_erase"":0.06,""r"":7,""run_id"":""41e8a83007d9cf79fae89c7e2eb169407b888404b52611d599cfbd8d3d61e56d""}",
        32,        14,         0,   0.573,mwpf__98f1b527ad63d0c96b87fae2ef9b5a001df2d2c4d1bcf7718808c982f8f67de9,228a01b856019daca44f88d1c0dd611b9d09141c474412396bea6d8158eea878,"{""circuit"":""surface_code:rotated_memory_x"",""cluster_node_limit"":50,""d"":7,""decoder"":""mwpf"",""decoder_type"":""SolverSerialJointSingleHair"",""p"":0.04,""p_erase"":0.04,""r"":7,""run_id"":""22cc46a396a276b666b805f90859895cb11c4a18ae76c90aeb44e64208d7955b""}",
       256,         0,         0,   0.458,mwpf__27cac5a9d63b5310296ad2f389f4539acd5e7fb7f123dc12456c335e8393c788,ed79fc073e9e8e64e12ca9cee3f1b3b09617b06e5f19d423f3dca5e27321c0ec,"{""circuit"":""surface_code:rotated_memory_x"",""cluster_node_limit"":50,""d"":7,""decoder"":""mwpf"",""decoder_type"":""SolverSerialJointSingleHair"",""p"":0.01,""p_erase"":0.01,""r"":7,""run_id"":""85dc4b86326449a5e4d2267937782207589c000366e3fbe70d98bb3f9fb5a333""}",
        16,         8,         0,   0.333,mwpf__44785f8372daa341abdebcd828887424427bf9b811680dbe0b80e9dd0478da48,79f30c78ea0219ad2b4e9c1731639789d4a70f0809a5d03a7d41841488de462c,"{""circuit"":""surface_code:rotated_memory_x"",""cluster_node_limit"":50,""d"":7,""decoder"":""mwpf"",""decoder_type"":""SolverSerialJointSingleHair"",""p"":0.05,""p_erase"":0.05,""r"":7,""run_id"":""6f604c679956d1cf0daf6d77107bb840f1154ac07c7e1969bb8402e01858bb91""}",
       128,         1,         0,   0.591,mwpf__4be7971ec0aed8b350943219afc2640031998d7bde83aee6a0f21fb9cad0071d,0b500337b6e25e32dcf4bed99809a5d106409a48cf464ef28981fe2fb56292db,"{""circuit"":""surface_code:rotated_memory_x"",""cluster_node_limit"":50,""d"":7,""decoder"":""mwpf"",""decoder_type"":""SolverSerialJointSingleHair"",""p"":0.02,""p_erase"":0.02,""r"":7,""run_id"":""ec632a372450f8a655350bea6e7a952b552cfb386cd39755b54f2b84ee3f6f31""}",
       512,         0,         0,   0.357,mwpf__c4afa78e50d4bd05ad1f0c114167a16caecf88a4774611fbf3cad944195b6005,33eb410828ea0eb329ef8a7d4ffe6dca8964600f3517f915065fb02130ff52fa,"{""circuit"":""surface_code:rotated_memory_x"",""cluster_node_limit"":50,""d"":7,""decoder"":""mwpf"",""decoder_type"":""SolverSerialJointSingleHair"",""p"":0.004,""p_erase"":0.004,""r"":7,""run_id"":""bc63bb586674bf0943da17e714fe33cb9292304a00c52142dcc0aa98a48fe916""}",
       256,         0,         0,   0.309,mwpf__3676edfd3705a10bff90f19b109b554244bd8b49a912fddd54112319402e54b2,f5fc0e2830bf34a034cecaa2a86787ee42c5ac7b974e2cca4fce80b4f9d60e16,"{""circuit"":""surface_code:rotated_memory_x"",""cluster_node_limit"":50,""d"":7,""decoder"":""mwpf"",""decoder_type"":""SolverSerialJointSingleHair"",""p"":0.007,""p_erase"":0.007,""r"":7,""run_id"":""cc23d39f806d6b050b42fdf6523d37ff1ded4115cd9804c1b1173f160297dfb9""}",
       512,         0,         0,   0.444,mwpf__b6016d819feb2809ffcf636abab514c45d75b03883db9deaeb3212ba16d427f7,17c3525d8e7ed29f6b86b05ef0009c1af731021e045d13d4a382926450c6644c,"{""circuit"":""surface_code:rotated_memory_x"",""cluster_node_limit"":50,""d"":7,""decoder"":""mwpf"",""decoder_type"":""SolverSerialJointSingleHair"",""p"":0.005,""p_erase"":0.005,""r"":7,""run_id"":""3ff977703ebf3f566a41dac215e2bc8e682579cf7cec84db2f03627fcfabbad2""}",
       256,         0,         0,   0.352,mwpf__cc84687092a659fc65a3ee05269b6b569030e8df60c8f6bb1338aab95b850464,de2559247a63aadd19f6ad89515979a5d4f1397f9e0720615a2b8b2b9f64cc61,"{""circuit"":""surface_code:rotated_memory_x"",""cluster_node_limit"":50,""d"":7,""decoder"":""mwpf"",""decoder_type"":""SolverSerialJointSingleHair"",""p"":0.008,""p_erase"":0.008,""r"":7,""run_id"":""b0127341a48953a855ea3549247068ee7050e7461912fad56a38b1d8708ded61""}",
       256,         0,         0,   0.327,mwpf__d28f1af8d4d041d92b7031084fdbcab6dc1e9cf1c24adb30eaa887515eb6649d,0ad7c7cfd60bfc8d2cc9a8cda8479ce98f46b483bb1cdf9eb70b27588a28a083,"{""circuit"":""surface_code:rotated_memory_x"",""cluster_node_limit"":50,""d"":7,""decoder"":""mwpf"",""decoder_type"":""SolverSerialJointSingleHair"",""p"":0.0075,""p_erase"":0.0075,""r"":7,""run_id"":""746c0ed850e7a1c4899561c73e97af04ff040736013cde397145df4c660e1d2a""}",
       256,         0,         0,   0.315,mwpf__3676edfd3705a10bff90f19b109b554244bd8b49a912fddd54112319402e54b2,f5fc0e2830bf34a034cecaa2a86787ee42c5ac7b974e2cca4fce80b4f9d60e16,"{""circuit"":""surface_code:rotated_memory_x"",""cluster_node_limit"":50,""d"":7,""decoder"":""mwpf"",""decoder_type"":""SolverSerialJointSingleHair"",""p"":0.007,""p_erase"":0.007,""r"":7,""run_id"":""cc23d39f806d6b050b42fdf6523d37ff1ded4115cd9804c1b1173f160297dfb9""}",
       512,         0,         0,   0.365,mwpf__c4afa78e50d4bd05ad1f0c114167a16caecf88a4774611fbf3cad944195b6005,33eb410828ea0eb329ef8a7d4ffe6dca8964600f3517f915065fb02130ff52fa,"{""circuit"":""surface_code:rotated_memory_x"",""cluster_node_limit"":50,""d"":7,""decoder"":""mwpf"",""decoder_type"":""SolverSerialJointSingleHair"",""p"":0.004,""p_erase"":0.004,""r"":7,""run_id"":""bc63bb586674bf0943da17e714fe33cb9292304a00c52142dcc0aa98a48fe916""}",
       128,         1,         0,   0.592,mwpf__4be7971ec0aed8b350943219afc2640031998d7bde83aee6a0f21fb9cad0071d,0b500337b6e25e32dcf4bed99809a5d106409a48cf464ef28981fe2fb56292db,"{""circuit"":""surface_code:rotated_memory_x"",""cluster_node_limit"":50,""d"":7,""decoder"":""mwpf"",""decoder_type"":""SolverSerialJointSingleHair"",""p"":0.02,""p_erase"":0.02,""r"":7,""run_id"":""ec632a372450f8a655350bea6e7a952b552cfb386cd39755b54f2b84ee3f6f31""}",
       256,         0,         0,   0.350,mwpf__cc84687092a659fc65a3ee05269b6b569030e8df60c8f6bb1338aab95b850464,de2559247a63aadd19f6ad89515979a5d4f1397f9e0720615a2b8b2b9f64cc61,"{""circuit"":""surface_code:rotated_memory_x"",""cluster_node_limit"":50,""d"":7,""decoder"":""mwpf"",""decoder_type"":""SolverSerialJointSingleHair"",""p"":0.008,""p_erase"":0.008,""r"":7,""run_id"":""b0127341a48953a855ea3549247068ee7050e7461912fad56a38b1d8708ded61""}",
       512,         0,         0,   0.433,mwpf__b6016d819feb2809ffcf636abab514c45d75b03883db9deaeb3212ba16d427f7,17c3525d8e7ed29f6b86b05ef0009c1af731021e045d13d4a382926450c6644c,"{""circuit"":""surface_code:rotated_memory_x"",""cluster_node_limit"":50,""d"":7,""decoder"":""mwpf"",""decoder_type"":""SolverSerialJointSingleHair"",""p"":0.005,""p_erase"":0.005,""r"":7,""run_id"":""3ff977703ebf3f566a41dac215e2bc8e682579cf7cec84db2f03627fcfabbad2""}",
      1024,         0,         0,   0.574,mwpf__b812ea1c944048d52b7ed0223688528ae68a6f16fdf6d6c88cc8f8a6fc9d35bf,27db751210829c9e0cd03776fcc3890987608bbb2891aa96c8a9b6e74280fcbd,"{""circuit"":""surface_code:rotated_memory_x"",""cluster_node_limit"":50,""d"":7,""decoder"":""mwpf"",""decoder_type"":""SolverSerialJointSingleHair"",""p"":0.003,""p_erase"":0.003,""r"":7,""run_id"":""3e7768a46571fd1de5957ad6fb50ce7c500c937939ee9035abc77e8f3db0e162""}",
        64,         3,         0,   0.592,mwpf__52a073e7515446df52cbda9ca7c289cfd1927a5295e69ea691f5d15087ee0aff,5a668985a08f01552b0c1df7417c34aec474e3171f00de2b4ec4b430761e3525,"{""circuit"":""surface_code:rotated_memory_x"",""cluster_node_limit"":50,""d"":7,""decoder"":""mwpf"",""decoder_type"":""SolverSerialJointSingleHair"",""p"":0.03,""p_erase"":0.03,""r"":7,""run_id"":""813ba4eb16fa666e67959bd8c62870ba1c2c26cd74e0d3cecbae76623e9435dc""}",
       256,         0,         0,   0.323,mwpf__d28f1af8d4d041d92b7031084fdbcab6dc1e9cf1c24adb30eaa887515eb6649d,0ad7c7cfd60bfc8d2cc9a8cda8479ce98f46b483bb1cdf9eb70b27588a28a083,"{""circuit"":""surface_code:rotated_memory_x"",""cluster_node_limit"":50,""d"":7,""decoder"":""mwpf"",""decoder_type"":""SolverSerialJointSingleHair"",""p"":0.0075,""p_erase"":0.0075,""r"":7,""run_id"":""746c0ed850e7a1c4899561c73e97af04ff040736013cde397145df4c660e1d2a""}",
       512,         0,         0,   0.435,mwpf__b6016d819feb2809ffcf636abab514c45d75b03883db9deaeb3212ba16d427f7,17c3525d8e7ed29f6b86b05ef0009c1af731021e045d13d4a382926450c6644c,"{""circuit"":""surface_code:rotated_memory_x"",""cluster_node_limit"":50,""d"":7,""decoder"":""mwpf"",""decoder_type"":""SolverSerialJointSingleHair"",""p"":0.005,""p_erase"":0.005,""r"":7,""run_id"":""3ff977703ebf3f566a41dac215e2bc8e682579cf7cec84db2f03627fcfabbad2""}",
      1024,         0,         0,   0.586,mwpf__b812ea1c944048d52b7ed0223688528ae68a6f16fdf6d6c88cc8f8a6fc9d35bf,27db751210829c9e0cd03776fcc3890987608bbb2891aa96c8a9b6e74280fcbd,"{""circuit"":""surface_code:rotated_memory_x"",""cluster_node_limit"":50,""d"":7,""decoder"":""mwpf"",""decoder_type"":""SolverSerialJointSingleHair"",""p"":0.003,""p_erase"":0.003,""r"":7,""run_id"":""3e7768a46571fd1de5957ad6fb50ce7c500c937939ee9035abc77e8f3db0e162""}",
        16,         6,         0,   0.353,mwpf__44785f8372daa341abdebcd828887424427bf9b811680dbe0b80e9dd0478da48,79f30c78ea0219ad2b4e9c1731639789d4a70f0809a5d03a7d41841488de462c,"{""circuit"":""surface_code:rotated_memory_x"",""cluster_node_limit"":50,""d"":7,""decoder"":""mwpf"",""decoder_type"":""SolverSerialJointSingleHair"",""p"":0.05,""p_erase"":0.05,""r"":7,""run_id"":""6f604c679956d1cf0daf6d77107bb840f1154ac07c7e1969bb8402e01858bb91""}",
        64,         5,         0,   0.617,mwpf__52a073e7515446df52cbda9ca7c289cfd1927a5295e69ea691f5d15087ee0aff,5a668985a08f01552b0c1df7417c34aec474e3171f00de2b4ec4b430761e3525,"{""circuit"":""surface_code:rotated_memory_x"",""cluster_node_limit"":50,""d"":7,""decoder"":""mwpf"",""decoder_type"":""SolverSerialJointSingleHair"",""p"":0.03,""p_erase"":0.03,""r"":7,""run_id"":""813ba4eb16fa666e67959bd8c62870ba1c2c26cd74e0d3cecbae76623e9435dc""}",
        16,        11,         0,   0.417,mwpf__896f3dc2c428c5c3bd808eb3cf2c780aa9e502e977467691de169f32c83a0647,3edb2ec651a68bfdc9765ebf8d3698d92006edac63bb654b4b1296d087be24a3,"{""circuit"":""surface_code:rotated_memory_x"",""cluster_node_limit"":50,""d"":7,""decoder"":""mwpf"",""decoder_type"":""SolverSerialJointSingleHair"",""p"":0.06,""p_erase"":0.06,""r"":7,""run_id"":""41e8a83007d9cf79fae89c7e2eb169407b888404b52611d599cfbd8d3d61e56d""}",
       512,         0,         0,   0.358,mwpf__c4afa78e50d4bd05ad1f0c114167a16caecf88a4774611fbf3cad944195b6005,33eb410828ea0eb329ef8a7d4ffe6dca8964600f3517f915065fb02130ff52fa,"{""circuit"":""surface_code:rotated_memory_x"",""cluster_node_limit"":50,""d"":7,""decoder"":""mwpf"",""decoder_type"":""SolverSerialJointSingleHair"",""p"":0.004,""p_erase"":0.004,""r"":7,""run_id"":""bc63bb586674bf0943da17e714fe33cb9292304a00c52142dcc0aa98a48fe916""}",
       512,         0,         0,   0.519,mwpf__4aed23b674076cc15b4dcd1aeb6b0a8db6b52d88acd7d465bf49dfcb9c23e5c2,ade57cc12597f9b057a68161ae03989a950f74466f84fc8640ee0038ac8c8016,"{""circuit"":""surface_code:rotated_memory_x"",""cluster_node_limit"":50,""d"":7,""decoder"":""mwpf"",""decoder_type"":""SolverSerialJointSingleHair"",""p"":0.006,""p_erase"":0.006,""r"":7,""run_id"":""c569d24a00e94715f929354bdbd1860f950e40c56d976da161032d1bf73e9e9d""}",
       512,         0,         0,   0.524,mwpf__4aed23b674076cc15b4dcd1aeb6b0a8db6b52d88acd7d465bf49dfcb9c23e5c2,ade57cc12597f9b057a68161ae03989a950f74466f84fc8640ee0038ac8c8016,"{""circuit"":""surface_code:rotated_memory_x"",""cluster_node_limit"":50,""d"":7,""decoder"":""mwpf"",""decoder_type"":""SolverSerialJointSingleHair"",""p"":0.006,""p_erase"":0.006,""r"":7,""run_id"":""c569d24a00e94715f929354bdbd1860f950e40c56d976da161032d1bf73e9e9d""}",
       256,         0,         0,   0.409,mwpf__738c4c2fe60c79a38f4352423c226453cf78c7d4efc409ac916f3f724e7f428b,f522fd2f03991528ab1e67f7b35462f84ed9738f5f8cde70a41909bee4fd3f87,"{""circuit"":""surface_code:rotated_memory_x"",""cluster_node_limit"":50,""d"":7,""decoder"":""mwpf"",""decoder_type"":""SolverSerialJointSingleHair"",""p"":0.009,""p_erase"":0.009,""r"":7,""run_id"":""4b2052dd33b88244b8dc64e1aa696c4f0cef9c363b27e7d2cd9a4ccb51da3596""}",
       256,         0,         0,   0.313,mwpf__3676edfd3705a10bff90f19b109b554244bd8b49a912fddd54112319402e54b2,f5fc0e2830bf34a034cecaa2a86787ee42c5ac7b974e2cca4fce80b4f9d60e16,"{""circuit"":""surface_code:rotated_memory_x"",""cluster_node_limit"":50,""d"":7,""decoder"":""mwpf"",""decoder_type"":""SolverSerialJointSingleHair"",""p"":0.007,""p_erase"":0.007,""r"":7,""run_id"":""cc23d39f806d6b050b42fdf6523d37ff1ded4115cd9804c1b1173f160297dfb9""}",
       256,         0,         0,   0.444,mwpf__27cac5a9d63b5310296ad2f389f4539acd5e7fb7f123dc12456c335e8393c788,ed79fc073e9e8e64e12ca9cee3f1b3b09617b06e5f19d423f3dca5e27321c0ec,"{""circuit"":""surface_code:rotated_memory_x"",""cluster_node_limit"":50,""d"":7,""decoder"":""mwpf"",""decoder_type"":""SolverSerialJointSingleHair"",""p"":0.01,""p_erase"":0.01,""r"":7,""run_id"":""85dc4b86326449a5e4d2267937782207589c000366e3fbe70d98bb3f9fb5a333""}",
        16,        10,         0,   0.377,mwpf__44785f8372daa341abdebcd828887424427bf9b811680dbe0b80e9dd0478da48,79f30c78ea0219ad2b4e9c1731639789d4a70f0809a5d03a7d41841488de462c,"{""circuit"":""surface_code:rotated_memory_x"",""cluster_node_limit"":50,""d"":7,""decoder"":""mwpf"",""decoder_type"":""SolverSerialJointSingleHair"",""p"":0.05,""p_erase"":0.05,""r"":7,""run_id"":""6f604c679956d1cf0daf6d77107bb840f1154ac07c7e1969bb8402e01858bb91""}",
       512,         0,         0,   0.523,mwpf__4aed23b674076cc15b4dcd1aeb6b0a8db6b52d88acd7d465bf49dfcb9c23e5c2,ade57cc12597f9b057a68161ae03989a950f74466f84fc8640ee0038ac8c8016,"{""circuit"":""surface_code:rotated_memory_x"",""cluster_node_limit"":50,""d"":7,""decoder"":""mwpf"",""decoder_type"":""SolverSerialJointSingleHair"",""p"":0.006,""p_erase"":0.006,""r"":7,""run_id"":""c569d24a00e94715f929354bdbd1860f950e40c56d976da161032d1bf73e9e9d""}",
       512,         0,         0,   0.356,mwpf__c4afa78e50d4bd05ad1f0c114167a16caecf88a4774611fbf3cad944195b6005,33eb410828ea0eb329ef8a7d4ffe6dca8964600f3517f915065fb02130ff52fa,"{""circuit"":""surface_code:rotated_memory_x"",""cluster_node_limit"":50,""d"":7,""decoder"":""mwpf"",""decoder_type"":""SolverSerialJointSingleHair"",""p"":0.004,""p_erase"":0.004,""r"":7,""run_id"":""bc63bb586674bf0943da17e714fe33cb9292304a00c52142dcc0aa98a48fe916""}",
        16,         9,         0,   0.425,mwpf__896f3dc2c428c5c3bd808eb3cf2c780aa9e502e977467691de169f32c83a0647,3edb2ec651a68bfdc9765ebf8d3698d92006edac63bb654b4b1296d087be24a3,"{""circuit"":""surface_code:rotated_memory_x"",""cluster_node_limit"":50,""d"":7,""decoder"":""mwpf"",""decoder_type"":""SolverSerialJointSingleHair"",""p"":0.06,""p_erase"":0.06,""r"":7,""run_id"":""41e8a83007d9cf79fae89c7e2eb169407b888404b52611d599cfbd8d3d61e56d""}",
        32,        10,         0,   0.541,mwpf__98f1b527ad63d0c96b87fae2ef9b5a001df2d2c4d1bcf7718808c982f8f67de9,228a01b856019daca44f88d1c0dd611b9d09141c474412396bea6d8158eea878,"{""circuit"":""surface_code:rotated_memory_x"",""cluster_node_limit"":50,""d"":7,""decoder"":""mwpf"",""decoder_type"":""SolverSerialJointSingleHair"",""p"":0.04,""p_erase"":0.04,""r"":7,""run_id"":""22cc46a396a276b666b805f90859895cb11c4a18ae76c90aeb44e64208d7955b""}",
      1024,         0,         0,   0.576,mwpf__b812ea1c944048d52b7ed0223688528ae68a6f16fdf6d6c88cc8f8a6fc9d35bf,27db751210829c9e0cd03776fcc3890987608bbb2891aa96c8a9b6e74280fcbd,"{""circuit"":""surface_code:rotated_memory_x"",""cluster_node_limit"":50,""d"":7,""decoder"":""mwpf"",""decoder_type"":""SolverSerialJointSingleHair"",""p"":0.003,""p_erase"":0.003,""r"":7,""run_id"":""3e7768a46571fd1de5957ad6fb50ce7c500c937939ee9035abc77e8f3db0e162""}",
       256,         0,         0,   0.313,mwpf__3676edfd3705a10bff90f19b109b554244bd8b49a912fddd54112319402e54b2,f5fc0e2830bf34a034cecaa2a86787ee42c5ac7b974e2cca4fce80b4f9d60e16,"{""circuit"":""surface_code:rotated_memory_x"",""cluster_node_limit"":50,""d"":7,""decoder"":""mwpf"",""decoder_type"":""SolverSerialJointSingleHair"",""p"":0.007,""p_erase"":0.007,""r"":7,""run_id"":""cc23d39f806d6b050b42fdf6523d37ff1ded4115cd9804c1b1173f160297dfb9""}",
       256,         0,         0,   0.325,mwpf__d28f1af8d4d041d92b7031084fdbcab6dc1e9cf1c24adb30eaa887515eb6649d,0ad7c7cfd60bfc8d2cc9a8cda8479ce98f46b483bb1cdf9eb70b27588a28a083,"{""circuit"":""surface_code:rotated_memory_x"",""cluster_node_limit"":50,""d"":7,""decoder"":""mwpf"",""decoder_type"":""SolverSerialJointSingleHair"",""p"":0.0075,""p_erase"":0.0075,""r"":7,""run_id"":""746c0ed850e7a1c4899561c73e97af04ff040736013cde397145df4c660e1d2a""}",
       256,         0,         0,   0.347,mwpf__cc84687092a659fc65a3ee05269b6b569030e8df60c8f6bb1338aab95b850464,de2559247a63aadd19f6ad89515979a5d4f1397f9e0720615a2b8b2b9f64cc61,"{""circuit"":""surface_code:rotated_memory_x"",""cluster_node_limit"":50,""d"":7,""decoder"":""mwpf"",""decoder_type"":""SolverSerialJointSingleHair"",""p"":0.008,""p_erase"":0.008,""r"":7,""run_id"":""b0127341a48953a855ea3549247068ee7050e7461912fad56a38b1d8708ded61""}",
       256,         0,         0,   0.457,mwpf__27cac5a9d63b5310296ad2f389f4539acd5e7fb7f123dc12456c335e8393c788,ed79fc073e9e8e64e12ca9cee3f1b3b09617b06e5f19d423f3dca5e27321c0ec,"{""circuit"":""surface_code:rotated_memory_x"",""cluster_node_limit"":50,""d"":7,""decoder"":""mwpf"",""decoder_type"":""SolverSerialJointSingleHair"",""p"":0.01,""p_erase"":0.01,""r"":7,""run_id"":""85dc4b86326449a5e4d2267937782207589c000366e3fbe70d98bb3f9fb5a333""}",
       512,         0,         0,   0.364,mwpf__c4afa78e50d4bd05ad1f0c114167a16caecf88a4774611fbf3cad944195b6005,33eb410828ea0eb329ef8a7d4ffe6dca8964600f3517f915065fb02130ff52fa,"{""circuit"":""surface_code:rotated_memory_x"",""cluster_node_limit"":50,""d"":7,""decoder"":""mwpf"",""decoder_type"":""SolverSerialJointSingleHair"",""p"":0.004,""p_erase"":0.004,""r"":7,""run_id"":""bc63bb586674bf0943da17e714fe33cb9292304a00c52142dcc0aa98a48fe916""}",
        32,        12,         0,   0.513,mwpf__98f1b527ad63d0c96b87fae2ef9b5a001df2d2c4d1bcf7718808c982f8f67de9,228a01b856019daca44f88d1c0dd611b9d09141c474412396bea6d8158eea878,"{""circuit"":""surface_code:rotated_memory_x"",""cluster_node_limit"":50,""d"":7,""decoder"":""mwpf"",""decoder_type"":""SolverSerialJointSingleHair"",""p"":0.04,""p_erase"":0.04,""r"":7,""run_id"":""22cc46a396a276b666b805f90859895cb11c4a18ae76c90aeb44e64208d7955b""}",
       256,         0,         0,   0.359,mwpf__cc84687092a659fc65a3ee05269b6b569030e8df60c8f6bb1338aab95b850464,de2559247a63aadd19f6ad89515979a5d4f1397f9e0720615a2b8b2b9f64cc61,"{""circuit"":""surface_code:rotated_memory_x"",""cluster_node_limit"":50,""d"":7,""decoder"":""mwpf"",""decoder_type"":""SolverSerialJointSingleHair"",""p"":0.008,""p_erase"":0.008,""r"":7,""run_id"":""b0127341a48953a855ea3549247068ee7050e7461912fad56a38b1d8708ded61""}",
       512,         0,         0,   0.435,mwpf__b6016d819feb2809ffcf636abab514c45d75b03883db9deaeb3212ba16d427f7,17c3525d8e7ed29f6b86b05ef0009c1af731021e045d13d4a382926450c6644c,"{""circuit"":""surface_code:rotated_memory_x"",""cluster_node_limit"":50,""d"":7,""decoder"":""mwpf"",""decoder_type"":""SolverSerialJointSingleHair"",""p"":0.005,""p_erase"":0.005,""r"":7,""run_id"":""3ff977703ebf3f566a41dac215e2bc8e682579cf7cec84db2f03627fcfabbad2""}",
       256,         0,         0,   0.324,mwpf__d28f1af8d4d041d92b7031084fdbcab6dc1e9cf1c24adb30eaa887515eb6649d,0ad7c7cfd60bfc8d2cc9a8cda8479ce98f46b483bb1cdf9eb70b27588a28a083,"{""circuit"":""surface_code:rotated_memory_x"",""cluster_node_limit"":50,""d"":7,""decoder"":""mwpf"",""decoder_type"":""SolverSerialJointSingleHair"",""p"":0.0075,""p_erase"":0.0075,""r"":7,""run_id"":""746c0ed850e7a1c4899561c73e97af04ff040736013cde397145df4c660e1d2a""}",
       512,         0,         0,   0.439,mwpf__b6016d819feb2809ffcf636abab514c45d75b03883db9deaeb3212ba16d427f7,17c3525d8e7ed29f6b86b05ef0009c1af731021e045d13d4a382926450c6644c,"{""circuit"":""surface_code:rotated_memory_x"",""cluster_node_limit"":50,""d"":7,""decoder"":""mwpf"",""decoder_type"":""SolverSerialJointSingleHair"",""p"":0.005,""p_erase"":0.005,""r"":7,""run_id"":""3ff977703ebf3f566a41dac215e2bc8e682579cf7cec84db2f03627fcfabbad2""}",
        16,        15,         0,   0.373,mwpf__44785f8372daa341abdebcd828887424427bf9b811680dbe0b80e9dd0478da48,79f30c78ea0219ad2b4e9c1731639789d4a70f0809a5d03a7d41841488de462c,"{""circuit"":""surface_code:rotated_memory_x"",""cluster_node_limit"":50,""d"":7,""decoder"":""mwpf"",""decoder_type"":""SolverSerialJointSingleHair"",""p"":0.05,""p_erase"":0.05,""r"":7,""run_id"":""6f604c679956d1cf0daf6d77107bb840f1154ac07c7e1969bb8402e01858bb91""}",
       512,         0,         0,   0.353,mwpf__c4afa78e50d4bd05ad1f0c114167a16caecf88a4774611fbf3cad944195b6005,33eb410828ea0eb329ef8a7d4ffe6dca8964600f3517f915065fb02130ff52fa,"{""circuit"":""surface_code:rotated_memory_x"",""cluster_node_limit"":50,""d"":7,""decoder"":""mwpf"",""decoder_type"":""SolverSerialJointSingleHair"",""p"":0.004,""p_erase"":0.004,""r"":7,""run_id"":""bc63bb586674bf0943da17e714fe33cb9292304a00c52142dcc0aa98a48fe916""}",
       128,         1,         0,   0.612,mwpf__4be7971ec0aed8b350943219afc2640031998d7bde83aee6a0f21fb9cad0071d,0b500337b6e25e32dcf4bed99809a5d106409a48cf464ef28981fe2fb56292db,"{""circuit"":""surface_code:rotated_memory_x"",""cluster_node_limit"":50,""d"":7,""decoder"":""mwpf"",""decoder_type"":""SolverSerialJointSingleHair"",""p"":0.02,""p_erase"":0.02,""r"":7,""run_id"":""ec632a372450f8a655350bea6e7a952b552cfb386cd39755b54f2b84ee3f6f31""}",
       256,         0,         0,   0.310,mwpf__3676edfd3705a10bff90f19b109b554244bd8b49a912fddd54112319402e54b2,f5fc0e2830bf34a034cecaa2a86787ee42c5ac7b974e2cca4fce80b4f9d60e16,"{""circuit"":""surface_code:rotated_memory_x"",""cluster_node_limit"":50,""d"":7,""decoder"":""mwpf"",""decoder_type"":""SolverSerialJointSingleHair"",""p"":0.007,""p_erase"":0.007,""r"":7,""run_id"":""cc23d39f806d6b050b42fdf6523d37ff1ded4115cd9804c1b1173f160297dfb9""}",
       512,         0,         0,   0.433,mwpf__b6016d819feb2809ffcf636abab514c45d75b03883db9deaeb3212ba16d427f7,17c3525d8e7ed29f6b86b05ef0009c1af731021e045d13d4a382926450c6644c,"{""circuit"":""surface_code:rotated_memory_x"",""cluster_node_limit"":50,""d"":7,""decoder"":""mwpf"",""decoder_type"":""SolverSerialJointSingleHair"",""p"":0.005,""p_erase"":0.005,""r"":7,""run_id"":""3ff977703ebf3f566a41dac215e2bc8e682579cf7cec84db2f03627fcfabbad2""}",
        16,         8,         0,   0.428,mwpf__896f3dc2c428c5c3bd808eb3cf2c780aa9e502e977467691de169f32c83a0647,3edb2ec651a68bfdc9765ebf8d3698d92006edac63bb654b4b1296d087be24a3,"{""circuit"":""surface_code:rotated_memory_x"",""cluster_node_limit"":50,""d"":7,""decoder"":""mwpf"",""decoder_type"":""SolverSerialJointSingleHair"",""p"":0.06,""p_erase"":0.06,""r"":7,""run_id"":""41e8a83007d9cf79fae89c7e2eb169407b888404b52611d599cfbd8d3d61e56d""}",
       256,         0,         0,   0.301,mwpf__3676edfd3705a10bff90f19b109b554244bd8b49a912fddd54112319402e54b2,f5fc0e2830bf34a034cecaa2a86787ee42c5ac7b974e2cca4fce80b4f9d60e16,"{""circuit"":""surface_code:rotated_memory_x"",""cluster_node_limit"":50,""d"":7,""decoder"":""mwpf"",""decoder_type"":""SolverSerialJointSingleHair"",""p"":0.007,""p_erase"":0.007,""r"":7,""run_id"":""cc23d39f806d6b050b42fdf6523d37ff1ded4115cd9804c1b1173f160297dfb9""}",
      1024,         0,         0,   0.588,mwpf__b812ea1c944048d52b7ed0223688528ae68a6f16fdf6d6c88cc8f8a6fc9d35bf,27db751210829c9e0cd03776fcc3890987608bbb2891aa96c8a9b6e74280fcbd,"{""circuit"":""surface_code:rotated_memory_x"",""cluster_node_limit"":50,""d"":7,""decoder"":""mwpf"",""decoder_type"":""SolverSerialJointSingleHair"",""p"":0.003,""p_erase"":0.003,""r"":7,""run_id"":""3e7768a46571fd1de5957ad6fb50ce7c500c937939ee9035abc77e8f3db0e162""}",
       128,         0,         0,   0.608,mwpf__4be7971ec0aed8b350943219afc2640031998d7bde83aee6a0f21fb9cad0071d,0b500337b6e25e32dcf4bed99809a5d106409a48cf464ef28981fe2fb56292db,"{""circuit"":""surface_code:rotated_memory_x"",""cluster_node_limit"":50,""d"":7,""decoder"":""mwpf"",""decoder_type"":""SolverSerialJointSingleHair"",""p"":0.02,""p_erase"":0.02,""r"":7,""run_id"":""ec632a372450f8a655350bea6e7a952b552cfb386cd39755b54f2b84ee3f6f31""}",
       512,         0,         0,   0.355,mwpf__c4afa78e50d4bd05ad1f0c114167a16caecf88a4774611fbf3cad944195b6005,33eb410828ea0eb329ef8a7d4ffe6dca8964600f3517f915065fb02130ff52fa,"{""circuit"":""surface_code:rotated_memory_x"",""cluster_node_limit"":50,""d"":7,""decoder"":""mwpf"",""decoder_type"":""SolverSerialJointSingleHair"",""p"":0.004,""p_erase"":0.004,""r"":7,""run_id"":""bc63bb586674bf0943da17e714fe33cb9292304a00c52142dcc0aa98a48fe916""}",
       256,         0,         0,   0.401,mwpf__738c4c2fe60c79a38f4352423c226453cf78c7d4efc409ac916f3f724e7f428b,f522fd2f03991528ab1e67f7b35462f84ed9738f5f8cde70a41909bee4fd3f87,"{""circuit"":""surface_code:rotated_memory_x"",""cluster_node_limit"":50,""d"":7,""decoder"":""mwpf"",""decoder_type"":""SolverSerialJointSingleHair"",""p"":0.009,""p_erase"":0.009,""r"":7,""run_id"":""4b2052dd33b88244b8dc64e1aa696c4f0cef9c363b27e7d2cd9a4ccb51da3596""}",
       256,         0,         0,   0.326,mwpf__d28f1af8d4d041d92b7031084fdbcab6dc1e9cf1c24adb30eaa887515eb6649d,0ad7c7cfd60bfc8d2cc9a8cda8479ce98f46b483bb1cdf9eb70b27588a28a083,"{""circuit"":""surface_code:rotated_memory_x"",""cluster_node_limit"":50,""d"":7,""decoder"":""mwpf"",""decoder_type"":""SolverSerialJointSingleHair"",""p"":0.0075,""p_erase"":0.0075,""r"":7,""run_id"":""746c0ed850e7a1c4899561c73e97af04ff040736013cde397145df4c660e1d2a""}",
       256,         0,         0,   0.335,mwpf__cc84687092a659fc65a3ee05269b6b569030e8df60c8f6bb1338aab95b850464,de2559247a63aadd19f6ad89515979a5d4f1397f9e0720615a2b8b2b9f64cc61,"{""circuit"":""surface_code:rotated_memory_x"",""cluster_node_limit"":50,""d"":7,""decoder"":""mwpf"",""decoder_type"":""SolverSerialJointSingleHair"",""p"":0.008,""p_erase"":0.008,""r"":7,""run_id"":""b0127341a48953a855ea3549247068ee7050e7461912fad56a38b1d8708ded61""}",
        16,         4,         0,   0.403,mwpf__44785f8372daa341abdebcd828887424427bf9b811680dbe0b80e9dd0478da48,79f30c78ea0219ad2b4e9c1731639789d4a70f0809a5d03a7d41841488de462c,"{""circuit"":""surface_code:rotated_memory_x"",""cluster_node_limit"":50,""d"":7,""decoder"":""mwpf"",""decoder_type"":""SolverSerialJointSingleHair"",""p"":0.05,""p_erase"":0.05,""r"":7,""run_id"":""6f604c679956d1cf0daf6d77107bb840f1154ac07c7e1969bb8402e01858bb91""}",
       512,         0,         0,   0.511,mwpf__4aed23b674076cc15b4dcd1aeb6b0a8db6b52d88acd7d465bf49dfcb9c23e5c2,ade57cc12597f9b057a68161ae03989a950f74466f84fc8640ee0038ac8c8016,"{""circuit"":""surface_code:rotated_memory_x"",""cluster_node_limit"":50,""d"":7,""decoder"":""mwpf"",""decoder_type"":""SolverSerialJointSingleHair"",""p"":0.006,""p_erase"":0.006,""r"":7,""run_id"":""c569d24a00e94715f929354bdbd1860f950e40c56d976da161032d1bf73e9e9d""}",
       256,         0,         0,   0.450,mwpf__27cac5a9d63b5310296ad2f389f4539acd5e7fb7f123dc12456c335e8393c788,ed79fc073e9e8e64e12ca9cee3f1b3b09617b06e5f19d423f3dca5e27321c0ec,"{""circuit"":""surface_code:rotated_memory_x"",""cluster_node_limit"":50,""d"":7,""decoder"":""mwpf"",""decoder_type"":""SolverSerialJointSingleHair"",""p"":0.01,""p_erase"":0.01,""r"":7,""run_id"":""85dc4b86326449a5e4d2267937782207589c000366e3fbe70d98bb3f9fb5a333""}",
      1024,         0,         0,   0.581,mwpf__b812ea1c944048d52b7ed0223688528ae68a6f16fdf6d6c88cc8f8a6fc9d35bf,27db751210829c9e0cd03776fcc3890987608bbb2891aa96c8a9b6e74280fcbd,"{""circuit"":""surface_code:rotated_memory_x"",""cluster_node_limit"":50,""d"":7,""decoder"":""mwpf"",""decoder_type"":""SolverSerialJointSingleHair"",""p"":0.003,""p_erase"":0.003,""r"":7,""run_id"":""3e7768a46571fd1de5957ad6fb50ce7c500c937939ee9035abc77e8f3db0e162""}",
        16,         5,         0,   0.433,mwpf__896f3dc2c428c5c3bd808eb3cf2c780aa9e502e977467691de169f32c83a0647,3edb2ec651a68bfdc9765ebf8d3698d92006edac63bb654b4b1296d087be24a3,"{""circuit"":""surface_code:rotated_memory_x"",""cluster_node_limit"":50,""d"":7,""decoder"":""mwpf"",""decoder_type"":""SolverSerialJointSingleHair"",""p"":0.06,""p_erase"":0.06,""r"":7,""run_id"":""41e8a83007d9cf79fae89c7e2eb169407b888404b52611d599cfbd8d3d61e56d""}",
       512,         0,         0,   0.356,mwpf__c4afa78e50d4bd05ad1f0c114167a16caecf88a4774611fbf3cad944195b6005,33eb410828ea0eb329ef8a7d4ffe6dca8964600f3517f915065fb02130ff52fa,"{""circuit"":""surface_code:rotated_memory_x"",""cluster_node_limit"":50,""d"":7,""decoder"":""mwpf"",""decoder_type"":""SolverSerialJointSingleHair"",""p"":0.004,""p_erase"":0.004,""r"":7,""run_id"":""bc63bb586674bf0943da17e714fe33cb9292304a00c52142dcc0aa98a48fe916""}",
        64,         1,         0,   0.619,mwpf__52a073e7515446df52cbda9ca7c289cfd1927a5295e69ea691f5d15087ee0aff,5a668985a08f01552b0c1df7417c34aec474e3171f00de2b4ec4b430761e3525,"{""circuit"":""surface_code:rotated_memory_x"",""cluster_node_limit"":50,""d"":7,""decoder"":""mwpf"",""decoder_type"":""SolverSerialJointSingleHair"",""p"":0.03,""p_erase"":0.03,""r"":7,""run_id"":""813ba4eb16fa666e67959bd8c62870ba1c2c26cd74e0d3cecbae76623e9435dc""}",
       256,         0,         0,   0.351,mwpf__cc84687092a659fc65a3ee05269b6b569030e8df60c8f6bb1338aab95b850464,de2559247a63aadd19f6ad89515979a5d4f1397f9e0720615a2b8b2b9f64cc61,"{""circuit"":""surface_code:rotated_memory_x"",""cluster_node_limit"":50,""d"":7,""decoder"":""mwpf"",""decoder_type"":""SolverSerialJointSingleHair"",""p"":0.008,""p_erase"":0.008,""r"":7,""run_id"":""b0127341a48953a855ea3549247068ee7050e7461912fad56a38b1d8708ded61""}",
       512,         0,         0,   0.523,mwpf__4aed23b674076cc15b4dcd1aeb6b0a8db6b52d88acd7d465bf49dfcb9c23e5c2,ade57cc12597f9b057a68161ae03989a950f74466f84fc8640ee0038ac8c8016,"{""circuit"":""surface_code:rotated_memory_x"",""cluster_node_limit"":50,""d"":7,""decoder"":""mwpf"",""decoder_type"":""SolverSerialJointSingleHair"",""p"":0.006,""p_erase"":0.006,""r"":7,""run_id"":""c569d24a00e94715f929354bdbd1860f950e40c56d976da161032d1bf73e9e9d""}",
       256,         0,         0,   0.331,mwpf__d28f1af8d4d041d92b7031084fdbcab6dc1e9cf1c24adb30eaa887515eb6649d,0ad7c7cfd60bfc8d2cc9a8cda8479ce98f46b483bb1cdf9eb70b27588a28a083,"{""circuit"":""surface_code:rotated_memory_x"",""cluster_node_limit"":50,""d"":7,""decoder"":""mwpf"",""decoder_type"":""SolverSerialJointSingleHair"",""p"":0.0075,""p_erase"":0.0075,""r"":7,""run_id"":""746c0ed850e7a1c4899561c73e97af04ff040736013cde397145df4c660e1d2a""}",
       512,         0,         0,   0.512,mwpf__4aed23b674076cc15b4dcd1aeb6b0a8db6b52d88acd7d465bf49dfcb9c23e5c2,ade57cc12597f9b057a68161ae03989a950f74466f84fc8640ee0038ac8c8016,"{""circuit"":""surface_code:rotated_memory_x"",""cluster_node_limit"":50,""d"":7,""decoder"":""mwpf"",""decoder_type"":""SolverSerialJointSingleHair"",""p"":0.006,""p_erase"":0.006,""r"":7,""run_id"":""c569d24a00e94715f929354bdbd1860f950e40c56d976da161032d1bf73e9e9d""}",
        64,         5,         0,   0.643,mwpf__52a073e7515446df52cbda9ca7c289cfd1927a5295e69ea691f5d15087ee0aff,5a668985a08f01552b0c1df7417c34aec474e3171f00de2b4ec4b430761e3525,"{""circuit"":""surface_code:rotated_memory_x"",""cluster_node_limit"":50,""d"":7,""decoder"":""mwpf"",""decoder_type"":""SolverSerialJointSingleHair"",""p"":0.03,""p_erase"":0.03,""r"":7,""run_id"":""813ba4eb16fa666e67959bd8c62870ba1c2c26cd74e0d3cecbae76623e9435dc""}",
       256,         0,         0,   0.456,mwpf__27cac5a9d63b5310296ad2f389f4539acd5e7fb7f123dc12456c335e8393c788,ed79fc073e9e8e64e12ca9cee3f1b3b09617b06e5f19d423f3dca5e27321c0ec,"{""circuit"":""surface_code:rotated_memory_x"",""cluster_node_limit"":50,""d"":7,""decoder"":""mwpf"",""decoder_type"":""SolverSerialJointSingleHair"",""p"":0.01,""p_erase"":0.01,""r"":7,""run_id"":""85dc4b86326449a5e4d2267937782207589c000366e3fbe70d98bb3f9fb5a333""}",
       512,         0,         0,   0.449,mwpf__b6016d819feb2809ffcf636abab514c45d75b03883db9deaeb3212ba16d427f7,17c3525d8e7ed29f6b86b05ef0009c1af731021e045d13d4a382926450c6644c,"{""circuit"":""surface_code:rotated_memory_x"",""cluster_node_limit"":50,""d"":7,""decoder"":""mwpf"",""decoder_type"":""SolverSerialJointSingleHair"",""p"":0.005,""p_erase"":0.005,""r"":7,""run_id"":""3ff977703ebf3f566a41dac215e2bc8e682579cf7cec84db2f03627fcfabbad2""}",
        32,         5,         0,   0.561,mwpf__98f1b527ad63d0c96b87fae2ef9b5a001df2d2c4d1bcf7718808c982f8f67de9,228a01b856019daca44f88d1c0dd611b9d09141c474412396bea6d8158eea878,"{""circuit"":""surface_code:rotated_memory_x"",""cluster_node_limit"":50,""d"":7,""decoder"":""mwpf"",""decoder_type"":""SolverSerialJointSingleHair"",""p"":0.04,""p_erase"":0.04,""r"":7,""run_id"":""22cc46a396a276b666b805f90859895cb11c4a18ae76c90aeb44e64208d7955b""}",
       256,         0,         0,   0.295,mwpf__3676edfd3705a10bff90f19b109b554244bd8b49a912fddd54112319402e54b2,f5fc0e2830bf34a034cecaa2a86787ee42c5ac7b974e2cca4fce80b4f9d60e16,"{""circuit"":""surface_code:rotated_memory_x"",""cluster_node_limit"":50,""d"":7,""decoder"":""mwpf"",""decoder_type"":""SolverSerialJointSingleHair"",""p"":0.007,""p_erase"":0.007,""r"":7,""run_id"":""cc23d39f806d6b050b42fdf6523d37ff1ded4115cd9804c1b1173f160297dfb9""}",
        16,         8,         0,   0.352,mwpf__44785f8372daa341abdebcd828887424427bf9b811680dbe0b80e9dd0478da48,79f30c78ea0219ad2b4e9c1731639789d4a70f0809a5d03a7d41841488de462c,"{""circuit"":""surface_code:rotated_memory_x"",""cluster_node_limit"":50,""d"":7,""decoder"":""mwpf"",""decoder_type"":""SolverSerialJointSingleHair"",""p"":0.05,""p_erase"":0.05,""r"":7,""run_id"":""6f604c679956d1cf0daf6d77107bb840f1154ac07c7e1969bb8402e01858bb91""}",
      1024,         0,         0,   0.570,mwpf__b812ea1c944048d52b7ed0223688528ae68a6f16fdf6d6c88cc8f8a6fc9d35bf,27db751210829c9e0cd03776fcc3890987608bbb2891aa96c8a9b6e74280fcbd,"{""circuit"":""surface_code:rotated_memory_x"",""cluster_node_limit"":50,""d"":7,""decoder"":""mwpf"",""decoder_type"":""SolverSerialJointSingleHair"",""p"":0.003,""p_erase"":0.003,""r"":7,""run_id"":""3e7768a46571fd1de5957ad6fb50ce7c500c937939ee9035abc77e8f3db0e162""}",
       512,         0,         0,   0.434,mwpf__b6016d819feb2809ffcf636abab514c45d75b03883db9deaeb3212ba16d427f7,17c3525d8e7ed29f6b86b05ef0009c1af731021e045d13d4a382926450c6644c,"{""circuit"":""surface_code:rotated_memory_x"",""cluster_node_limit"":50,""d"":7,""decoder"":""mwpf"",""decoder_type"":""SolverSerialJointSingleHair"",""p"":0.005,""p_erase"":0.005,""r"":7,""run_id"":""3ff977703ebf3f566a41dac215e2bc8e682579cf7cec84db2f03627fcfabbad2""}",
       512,         0,         0,   0.369,mwpf__c4afa78e50d4bd05ad1f0c114167a16caecf88a4774611fbf3cad944195b6005,33eb410828ea0eb329ef8a7d4ffe6dca8964600f3517f915065fb02130ff52fa,"{""circuit"":""surface_code:rotated_memory_x"",""cluster_node_limit"":50,""d"":7,""decoder"":""mwpf"",""decoder_type"":""SolverSerialJointSingleHair"",""p"":0.004,""p_erase"":0.004,""r"":7,""run_id"":""bc63bb586674bf0943da17e714fe33cb9292304a00c52142dcc0aa98a48fe916""}",
       256,         0,         0,   0.306,mwpf__3676edfd3705a10bff90f19b109b554244bd8b49a912fddd54112319402e54b2,f5fc0e2830bf34a034cecaa2a86787ee42c5ac7b974e2cca4fce80b4f9d60e16,"{""circuit"":""surface_code:rotated_memory_x"",""cluster_node_limit"":50,""d"":7,""decoder"":""mwpf"",""decoder_type"":""SolverSerialJointSingleHair"",""p"":0.007,""p_erase"":0.007,""r"":7,""run_id"":""cc23d39f806d6b050b42fdf6523d37ff1ded4115cd9804c1b1173f160297dfb9""}",
        32,         5,         0,   0.565,mwpf__98f1b527ad63d0c96b87fae2ef9b5a001df2d2c4d1bcf7718808c982f8f67de9,228a01b856019daca44f88d1c0dd611b9d09141c474412396bea6d8158eea878,"{""circuit"":""surface_code:rotated_memory_x"",""cluster_node_limit"":50,""d"":7,""decoder"":""mwpf"",""decoder_type"":""SolverSerialJointSingleHair"",""p"":0.04,""p_erase"":0.04,""r"":7,""run_id"":""22cc46a396a276b666b805f90859895cb11c4a18ae76c90aeb44e64208d7955b""}",
       256,         0,         0,   0.329,mwpf__d28f1af8d4d041d92b7031084fdbcab6dc1e9cf1c24adb30eaa887515eb6649d,0ad7c7cfd60bfc8d2cc9a8cda8479ce98f46b483bb1cdf9eb70b27588a28a083,"{""circuit"":""surface_code:rotated_memory_x"",""cluster_node_limit"":50,""d"":7,""decoder"":""mwpf"",""decoder_type"":""SolverSerialJointSingleHair"",""p"":0.0075,""p_erase"":0.0075,""r"":7,""run_id"":""746c0ed850e7a1c4899561c73e97af04ff040736013cde397145df4c660e1d2a""}",
        16,        10,         0,   0.405,mwpf__896f3dc2c428c5c3bd808eb3cf2c780aa9e502e977467691de169f32c83a0647,3edb2ec651a68bfdc9765ebf8d3698d92006edac63bb654b4b1296d087be24a3,"{""circuit"":""surface_code:rotated_memory_x"",""cluster_node_limit"":50,""d"":7,""decoder"":""mwpf"",""decoder_type"":""SolverSerialJointSingleHair"",""p"":0.06,""p_erase"":0.06,""r"":7,""run_id"":""41e8a83007d9cf79fae89c7e2eb169407b888404b52611d599cfbd8d3d61e56d""}",
       512,         0,         0,   0.356,mwpf__c4afa78e50d4bd05ad1f0c114167a16caecf88a4774611fbf3cad944195b6005,33eb410828ea0eb329ef8a7d4ffe6dca8964600f3517f915065fb02130ff52fa,"{""circuit"":""surface_code:rotated_memory_x"",""cluster_node_limit"":50,""d"":7,""decoder"":""mwpf"",""decoder_type"":""SolverSerialJointSingleHair"",""p"":0.004,""p_erase"":0.004,""r"":7,""run_id"":""bc63bb586674bf0943da17e714fe33cb9292304a00c52142dcc0aa98a48fe916""}",
       512,         0,         0,   0.442,mwpf__b6016d819feb2809ffcf636abab514c45d75b03883db9deaeb3212ba16d427f7,17c3525d8e7ed29f6b86b05ef0009c1af731021e045d13d4a382926450c6644c,"{""circuit"":""surface_code:rotated_memory_x"",""cluster_node_limit"":50,""d"":7,""decoder"":""mwpf"",""decoder_type"":""SolverSerialJointSingleHair"",""p"":0.005,""p_erase"":0.005,""r"":7,""run_id"":""3ff977703ebf3f566a41dac215e2bc8e682579cf7cec84db2f03627fcfabbad2""}",
       256,         0,         0,   0.349,mwpf__cc84687092a659fc65a3ee05269b6b569030e8df60c8f6bb1338aab95b850464,de2559247a63aadd19f6ad89515979a5d4f1397f9e0720615a2b8b2b9f64cc61,"{""circuit"":""surface_code:rotated_memory_x"",""cluster_node_limit"":50,""d"":7,""decoder"":""mwpf"",""decoder_type"":""SolverSerialJointSingleHair"",""p"":0.008,""p_erase"":0.008,""r"":7,""run_id"":""b0127341a48953a855ea3549247068ee7050e7461912fad56a38b1d8708ded61""}",
        16,         5,         0,   0.372,mwpf__44785f8372daa341abdebcd828887424427bf9b811680dbe0b80e9dd0478da48,79f30c78ea0219ad2b4e9c1731639789d4a70f0809a5d03a7d41841488de462c,"{""circuit"":""surface_code:rotated_memory_x"",""cluster_node_limit"":50,""d"":7,""decoder"":""mwpf"",""decoder_type"":""SolverSerialJointSingleHair"",""p"":0.05,""p_erase"":0.05,""r"":7,""run_id"":""6f604c679956d1cf0daf6d77107bb840f1154ac07c7e1969bb8402e01858bb91""}",
       256,         0,         0,   0.405,mwpf__738c4c2fe60c79a38f4352423c226453cf78c7d4efc409ac916f3f724e7f428b,f522fd2f03991528ab1e67f7b35462f84ed9738f5f8cde70a41909bee4fd3f87,"{""circuit"":""surface_code:rotated_memory_x"",""cluster_node_limit"":50,""d"":7,""decoder"":""mwpf"",""decoder_type"":""SolverSerialJointSingleHair"",""p"":0.009,""p_erase"":0.009,""r"":7,""run_id"":""4b2052dd33b88244b8dc64e1aa696c4f0cef9c363b27e7d2cd9a4ccb51da3596""}",
       256,         0,         0,   0.347,mwpf__cc84687092a659fc65a3ee05269b6b569030e8df60c8f6bb1338aab95b850464,de2559247a63aadd19f6ad89515979a5d4f1397f9e0720615a2b8b2b9f64cc61,"{""circuit"":""surface_code:rotated_memory_x"",""cluster_node_limit"":50,""d"":7,""decoder"":""mwpf"",""decoder_type"":""SolverSerialJointSingleHair"",""p"":0.008,""p_erase"":0.008,""r"":7,""run_id"":""b0127341a48953a855ea3549247068ee7050e7461912fad56a38b1d8708ded61""}",
       512,         0,         0,   0.360,mwpf__c4afa78e50d4bd05ad1f0c114167a16caecf88a4774611fbf3cad944195b6005,33eb410828ea0eb329ef8a7d4ffe6dca8964600f3517f915065fb02130ff52fa,"{""circuit"":""surface_code:rotated_memory_x"",""cluster_node_limit"":50,""d"":7,""decoder"":""mwpf"",""decoder_type"":""SolverSerialJointSingleHair"",""p"":0.004,""p_erase"":0.004,""r"":7,""run_id"":""bc63bb586674bf0943da17e714fe33cb9292304a00c52142dcc0aa98a48fe916""}",
       256,         0,         0,   0.332,mwpf__d28f1af8d4d041d92b7031084fdbcab6dc1e9cf1c24adb30eaa887515eb6649d,0ad7c7cfd60bfc8d2cc9a8cda8479ce98f46b483bb1cdf9eb70b27588a28a083,"{""circuit"":""surface_code:rotated_memory_x"",""cluster_node_limit"":50,""d"":7,""decoder"":""mwpf"",""decoder_type"":""SolverSerialJointSingleHair"",""p"":0.0075,""p_erase"":0.0075,""r"":7,""run_id"":""746c0ed850e7a1c4899561c73e97af04ff040736013cde397145df4c660e1d2a""}",
        16,         6,         0,   0.417,mwpf__896f3dc2c428c5c3bd808eb3cf2c780aa9e502e977467691de169f32c83a0647,3edb2ec651a68bfdc9765ebf8d3698d92006edac63bb654b4b1296d087be24a3,"{""circuit"":""surface_code:rotated_memory_x"",""cluster_node_limit"":50,""d"":7,""decoder"":""mwpf"",""decoder_type"":""SolverSerialJointSingleHair"",""p"":0.06,""p_erase"":0.06,""r"":7,""run_id"":""41e8a83007d9cf79fae89c7e2eb169407b888404b52611d599cfbd8d3d61e56d""}",
       128,         1,         0,   0.602,mwpf__4be7971ec0aed8b350943219afc2640031998d7bde83aee6a0f21fb9cad0071d,0b500337b6e25e32dcf4bed99809a5d106409a48cf464ef28981fe2fb56292db,"{""circuit"":""surface_code:rotated_memory_x"",""cluster_node_limit"":50,""d"":7,""decoder"":""mwpf"",""decoder_type"":""SolverSerialJointSingleHair"",""p"":0.02,""p_erase"":0.02,""r"":7,""run_id"":""ec632a372450f8a655350bea6e7a952b552cfb386cd39755b54f2b84ee3f6f31""}",
       256,         0,         0,   0.454,mwpf__27cac5a9d63b5310296ad2f389f4539acd5e7fb7f123dc12456c335e8393c788,ed79fc073e9e8e64e12ca9cee3f1b3b09617b06e5f19d423f3dca5e27321c0ec,"{""circuit"":""surface_code:rotated_memory_x"",""cluster_node_limit"":50,""d"":7,""decoder"":""mwpf"",""decoder_type"":""SolverSerialJointSingleHair"",""p"":0.01,""p_erase"":0.01,""r"":7,""run_id"":""85dc4b86326449a5e4d2267937782207589c000366e3fbe70d98bb3f9fb5a333""}",
      1024,         0,         0,   0.578,mwpf__b812ea1c944048d52b7ed0223688528ae68a6f16fdf6d6c88cc8f8a6fc9d35bf,27db751210829c9e0cd03776fcc3890987608bbb2891aa96c8a9b6e74280fcbd,"{""circuit"":""surface_code:rotated_memory_x"",""cluster_node_limit"":50,""d"":7,""decoder"":""mwpf"",""decoder_type"":""SolverSerialJointSingleHair"",""p"":0.003,""p_erase"":0.003,""r"":7,""run_id"":""3e7768a46571fd1de5957ad6fb50ce7c500c937939ee9035abc77e8f3db0e162""}",
       128,         0,         0,   0.584,mwpf__4be7971ec0aed8b350943219afc2640031998d7bde83aee6a0f21fb9cad0071d,0b500337b6e25e32dcf4bed99809a5d106409a48cf464ef28981fe2fb56292db,"{""circuit"":""surface_code:rotated_memory_x"",""cluster_node_limit"":50,""d"":7,""decoder"":""mwpf"",""decoder_type"":""SolverSerialJointSingleHair"",""p"":0.02,""p_erase"":0.02,""r"":7,""run_id"":""ec632a372450f8a655350bea6e7a952b552cfb386cd39755b54f2b84ee3f6f31""}",
        16,         7,         0,   0.352,mwpf__44785f8372daa341abdebcd828887424427bf9b811680dbe0b80e9dd0478da48,79f30c78ea0219ad2b4e9c1731639789d4a70f0809a5d03a7d41841488de462c,"{""circuit"":""surface_code:rotated_memory_x"",""cluster_node_limit"":50,""d"":7,""decoder"":""mwpf"",""decoder_type"":""SolverSerialJointSingleHair"",""p"":0.05,""p_erase"":0.05,""r"":7,""run_id"":""6f604c679956d1cf0daf6d77107bb840f1154ac07c7e1969bb8402e01858bb91""}",
       256,         0,         0,   0.300,mwpf__3676edfd3705a10bff90f19b109b554244bd8b49a912fddd54112319402e54b2,f5fc0e2830bf34a034cecaa2a86787ee42c5ac7b974e2cca4fce80b4f9d60e16,"{""circuit"":""surface_code:rotated_memory_x"",""cluster_node_limit"":50,""d"":7,""decoder"":""mwpf"",""decoder_type"":""SolverSerialJointSingleHair"",""p"":0.007,""p_erase"":0.007,""r"":7,""run_id"":""cc23d39f806d6b050b42fdf6523d37ff1ded4115cd9804c1b1173f160297dfb9""}",
       512,         0,         0,   0.526,mwpf__4aed23b674076cc15b4dcd1aeb6b0a8db6b52d88acd7d465bf49dfcb9c23e5c2,ade57cc12597f9b057a68161ae03989a950f74466f84fc8640ee0038ac8c8016,"{""circuit"":""surface_code:rotated_memory_x"",""cluster_node_limit"":50,""d"":7,""decoder"":""mwpf"",""decoder_type"":""SolverSerialJointSingleHair"",""p"":0.006,""p_erase"":0.006,""r"":7,""run_id"":""c569d24a00e94715f929354bdbd1860f950e40c56d976da161032d1bf73e9e9d""}",
       512,         0,         0,   0.354,mwpf__c4afa78e50d4bd05ad1f0c114167a16caecf88a4774611fbf3cad944195b6005,33eb410828ea0eb329ef8a7d4ffe6dca8964600f3517f915065fb02130ff52fa,"{""circuit"":""surface_code:rotated_memory_x"",""cluster_node_limit"":50,""d"":7,""decoder"":""mwpf"",""decoder_type"":""SolverSerialJointSingleHair"",""p"":0.004,""p_erase"":0.004,""r"":7,""run_id"":""bc63bb586674bf0943da17e714fe33cb9292304a00c52142dcc0aa98a48fe916""}",
       256,         0,         0,   0.459,mwpf__27cac5a9d63b5310296ad2f389f4539acd5e7fb7f123dc12456c335e8393c788,ed79fc073e9e8e64e12ca9cee3f1b3b09617b06e5f19d423f3dca5e27321c0ec,"{""circuit"":""surface_code:rotated_memory_x"",""cluster_node_limit"":50,""d"":7,""decoder"":""mwpf"",""decoder_type"":""SolverSerialJointSingleHair"",""p"":0.01,""p_erase"":0.01,""r"":7,""run_id"":""85dc4b86326449a5e4d2267937782207589c000366e3fbe70d98bb3f9fb5a333""}",
       512,         0,         0,   0.440,mwpf__b6016d819feb2809ffcf636abab514c45d75b03883db9deaeb3212ba16d427f7,17c3525d8e7ed29f6b86b05ef0009c1af731021e045d13d4a382926450c6644c,"{""circuit"":""surface_code:rotated_memory_x"",""cluster_node_limit"":50,""d"":7,""decoder"":""mwpf"",""decoder_type"":""SolverSerialJointSingleHair"",""p"":0.005,""p_erase"":0.005,""r"":7,""run_id"":""3ff977703ebf3f566a41dac215e2bc8e682579cf7cec84db2f03627fcfabbad2""}",
       512,         0,         0,   0.534,mwpf__4aed23b674076cc15b4dcd1aeb6b0a8db6b52d88acd7d465bf49dfcb9c23e5c2,ade57cc12597f9b057a68161ae03989a950f74466f84fc8640ee0038ac8c8016,"{""circuit"":""surface_code:rotated_memory_x"",""cluster_node_limit"":50,""d"":7,""decoder"":""mwpf"",""decoder_type"":""SolverSerialJointSingleHair"",""p"":0.006,""p_erase"":0.006,""r"":7,""run_id"":""c569d24a00e94715f929354bdbd1860f950e40c56d976da161032d1bf73e9e9d""}",
       512,         0,         0,   0.520,mwpf__4aed23b674076cc15b4dcd1aeb6b0a8db6b52d88acd7d465bf49dfcb9c23e5c2,ade57cc12597f9b057a68161ae03989a950f74466f84fc8640ee0038ac8c8016,"{""circuit"":""surface_code:rotated_memory_x"",""cluster_node_limit"":50,""d"":7,""decoder"":""mwpf"",""decoder_type"":""SolverSerialJointSingleHair"",""p"":0.006,""p_erase"":0.006,""r"":7,""run_id"":""c569d24a00e94715f929354bdbd1860f950e40c56d976da161032d1bf73e9e9d""}",
       256,         0,         0,   0.325,mwpf__d28f1af8d4d041d92b7031084fdbcab6dc1e9cf1c24adb30eaa887515eb6649d,0ad7c7cfd60bfc8d2cc9a8cda8479ce98f46b483bb1cdf9eb70b27588a28a083,"{""circuit"":""surface_code:rotated_memory_x"",""cluster_node_limit"":50,""d"":7,""decoder"":""mwpf"",""decoder_type"":""SolverSerialJointSingleHair"",""p"":0.0075,""p_erase"":0.0075,""r"":7,""run_id"":""746c0ed850e7a1c4899561c73e97af04ff040736013cde397145df4c660e1d2a""}",
      1024,         0,         0,   0.594,mwpf__b812ea1c944048d52b7ed0223688528ae68a6f16fdf6d6c88cc8f8a6fc9d35bf,27db751210829c9e0cd03776fcc3890987608bbb2891aa96c8a9b6e74280fcbd,"{""circuit"":""surface_code:rotated_memory_x"",""cluster_node_limit"":50,""d"":7,""decoder"":""mwpf"",""decoder_type"":""SolverSerialJointSingleHair"",""p"":0.003,""p_erase"":0.003,""r"":7,""run_id"":""3e7768a46571fd1de5957ad6fb50ce7c500c937939ee9035abc77e8f3db0e162""}",
       512,         0,         0,   0.439,mwpf__b6016d819feb2809ffcf636abab514c45d75b03883db9deaeb3212ba16d427f7,17c3525d8e7ed29f6b86b05ef0009c1af731021e045d13d4a382926450c6644c,"{""circuit"":""surface_code:rotated_memory_x"",""cluster_node_limit"":50,""d"":7,""decoder"":""mwpf"",""decoder_type"":""SolverSerialJointSingleHair"",""p"":0.005,""p_erase"":0.005,""r"":7,""run_id"":""3ff977703ebf3f566a41dac215e2bc8e682579cf7cec84db2f03627fcfabbad2""}",
       512,         0,         0,   0.361,mwpf__c4afa78e50d4bd05ad1f0c114167a16caecf88a4774611fbf3cad944195b6005,33eb410828ea0eb329ef8a7d4ffe6dca8964600f3517f915065fb02130ff52fa,"{""circuit"":""surface_code:rotated_memory_x"",""cluster_node_limit"":50,""d"":7,""decoder"":""mwpf"",""decoder_type"":""SolverSerialJointSingleHair"",""p"":0.004,""p_erase"":0.004,""r"":7,""run_id"":""bc63bb586674bf0943da17e714fe33cb9292304a00c52142dcc0aa98a48fe916""}",
       256,         0,         0,   0.358,mwpf__cc84687092a659fc65a3ee05269b6b569030e8df60c8f6bb1338aab95b850464,de2559247a63aadd19f6ad89515979a5d4f1397f9e0720615a2b8b2b9f64cc61,"{""circuit"":""surface_code:rotated_memory_x"",""cluster_node_limit"":50,""d"":7,""decoder"":""mwpf"",""decoder_type"":""SolverSerialJointSingleHair"",""p"":0.008,""p_erase"":0.008,""r"":7,""run_id"":""b0127341a48953a855ea3549247068ee7050e7461912fad56a38b1d8708ded61""}",
        64,         4,         0,   0.643,mwpf__52a073e7515446df52cbda9ca7c289cfd1927a5295e69ea691f5d15087ee0aff,5a668985a08f01552b0c1df7417c34aec474e3171f00de2b4ec4b430761e3525,"{""circuit"":""surface_code:rotated_memory_x"",""cluster_node_limit"":50,""d"":7,""decoder"":""mwpf"",""decoder_type"":""SolverSerialJointSingleHair"",""p"":0.03,""p_erase"":0.03,""r"":7,""run_id"":""813ba4eb16fa666e67959bd8c62870ba1c2c26cd74e0d3cecbae76623e9435dc""}",
        64,         5,         0,   0.601,mwpf__52a073e7515446df52cbda9ca7c289cfd1927a5295e69ea691f5d15087ee0aff,5a668985a08f01552b0c1df7417c34aec474e3171f00de2b4ec4b430761e3525,"{""circuit"":""surface_code:rotated_memory_x"",""cluster_node_limit"":50,""d"":7,""decoder"":""mwpf"",""decoder_type"":""SolverSerialJointSingleHair"",""p"":0.03,""p_erase"":0.03,""r"":7,""run_id"":""813ba4eb16fa666e67959bd8c62870ba1c2c26cd74e0d3cecbae76623e9435dc""}",
        32,        14,         0,   0.550,mwpf__98f1b527ad63d0c96b87fae2ef9b5a001df2d2c4d1bcf7718808c982f8f67de9,228a01b856019daca44f88d1c0dd611b9d09141c474412396bea6d8158eea878,"{""circuit"":""surface_code:rotated_memory_x"",""cluster_node_limit"":50,""d"":7,""decoder"":""mwpf"",""decoder_type"":""SolverSerialJointSingleHair"",""p"":0.04,""p_erase"":0.04,""r"":7,""run_id"":""22cc46a396a276b666b805f90859895cb11c4a18ae76c90aeb44e64208d7955b""}",
        16,        11,         0,   0.428,mwpf__896f3dc2c428c5c3bd808eb3cf2c780aa9e502e977467691de169f32c83a0647,3edb2ec651a68bfdc9765ebf8d3698d92006edac63bb654b4b1296d087be24a3,"{""circuit"":""surface_code:rotated_memory_x"",""cluster_node_limit"":50,""d"":7,""decoder"":""mwpf"",""decoder_type"":""SolverSerialJointSingleHair"",""p"":0.06,""p_erase"":0.06,""r"":7,""run_id"":""41e8a83007d9cf79fae89c7e2eb169407b888404b52611d599cfbd8d3d61e56d""}",
       256,         0,         0,   0.345,mwpf__cc84687092a659fc65a3ee05269b6b569030e8df60c8f6bb1338aab95b850464,de2559247a63aadd19f6ad89515979a5d4f1397f9e0720615a2b8b2b9f64cc61,"{""circuit"":""surface_code:rotated_memory_x"",""cluster_node_limit"":50,""d"":7,""decoder"":""mwpf"",""decoder_type"":""SolverSerialJointSingleHair"",""p"":0.008,""p_erase"":0.008,""r"":7,""run_id"":""b0127341a48953a855ea3549247068ee7050e7461912fad56a38b1d8708ded61""}",
        16,         8,         0,   0.386,mwpf__44785f8372daa341abdebcd828887424427bf9b811680dbe0b80e9dd0478da48,79f30c78ea0219ad2b4e9c1731639789d4a70f0809a5d03a7d41841488de462c,"{""circuit"":""surface_code:rotated_memory_x"",""cluster_node_limit"":50,""d"":7,""decoder"":""mwpf"",""decoder_type"":""SolverSerialJointSingleHair"",""p"":0.05,""p_erase"":0.05,""r"":7,""run_id"":""6f604c679956d1cf0daf6d77107bb840f1154ac07c7e1969bb8402e01858bb91""}",
      1024,         0,         0,   0.575,mwpf__b812ea1c944048d52b7ed0223688528ae68a6f16fdf6d6c88cc8f8a6fc9d35bf,27db751210829c9e0cd03776fcc3890987608bbb2891aa96c8a9b6e74280fcbd,"{""circuit"":""surface_code:rotated_memory_x"",""cluster_node_limit"":50,""d"":7,""decoder"":""mwpf"",""decoder_type"":""SolverSerialJointSingleHair"",""p"":0.003,""p_erase"":0.003,""r"":7,""run_id"":""3e7768a46571fd1de5957ad6fb50ce7c500c937939ee9035abc77e8f3db0e162""}",
       512,         0,         0,   0.362,mwpf__c4afa78e50d4bd05ad1f0c114167a16caecf88a4774611fbf3cad944195b6005,33eb410828ea0eb329ef8a7d4ffe6dca8964600f3517f915065fb02130ff52fa,"{""circuit"":""surface_code:rotated_memory_x"",""cluster_node_limit"":50,""d"":7,""decoder"":""mwpf"",""decoder_type"":""SolverSerialJointSingleHair"",""p"":0.004,""p_erase"":0.004,""r"":7,""run_id"":""bc63bb586674bf0943da17e714fe33cb9292304a00c52142dcc0aa98a48fe916""}",
       512,         0,         0,   0.446,mwpf__b6016d819feb2809ffcf636abab514c45d75b03883db9deaeb3212ba16d427f7,17c3525d8e7ed29f6b86b05ef0009c1af731021e045d13d4a382926450c6644c,"{""circuit"":""surface_code:rotated_memory_x"",""cluster_node_limit"":50,""d"":7,""decoder"":""mwpf"",""decoder_type"":""SolverSerialJointSingleHair"",""p"":0.005,""p_erase"":0.005,""r"":7,""run_id"":""3ff977703ebf3f566a41dac215e2bc8e682579cf7cec84db2f03627fcfabbad2""}",
       256,         0,         0,   0.410,mwpf__738c4c2fe60c79a38f4352423c226453cf78c7d4efc409ac916f3f724e7f428b,f522fd2f03991528ab1e67f7b35462f84ed9738f5f8cde70a41909bee4fd3f87,"{""circuit"":""surface_code:rotated_memory_x"",""cluster_node_limit"":50,""d"":7,""decoder"":""mwpf"",""decoder_type"":""SolverSerialJointSingleHair"",""p"":0.009,""p_erase"":0.009,""r"":7,""run_id"":""4b2052dd33b88244b8dc64e1aa696c4f0cef9c363b27e7d2cd9a4ccb51da3596""}",
       512,         0,         0,   0.613,mwpf__3676edfd3705a10bff90f19b109b554244bd8b49a912fddd54112319402e54b2,f5fc0e2830bf34a034cecaa2a86787ee42c5ac7b974e2cca4fce80b4f9d60e16,"{""circuit"":""surface_code:rotated_memory_x"",""cluster_node_limit"":50,""d"":7,""decoder"":""mwpf"",""decoder_type"":""SolverSerialJointSingleHair"",""p"":0.007,""p_erase"":0.007,""r"":7,""run_id"":""cc23d39f806d6b050b42fdf6523d37ff1ded4115cd9804c1b1173f160297dfb9""}",
        32,        10,         0,   0.575,mwpf__98f1b527ad63d0c96b87fae2ef9b5a001df2d2c4d1bcf7718808c982f8f67de9,228a01b856019daca44f88d1c0dd611b9d09141c474412396bea6d8158eea878,"{""circuit"":""surface_code:rotated_memory_x"",""cluster_node_limit"":50,""d"":7,""decoder"":""mwpf"",""decoder_type"":""SolverSerialJointSingleHair"",""p"":0.04,""p_erase"":0.04,""r"":7,""run_id"":""22cc46a396a276b666b805f90859895cb11c4a18ae76c90aeb44e64208d7955b""}",
        16,         6,         0,   0.410,mwpf__896f3dc2c428c5c3bd808eb3cf2c780aa9e502e977467691de169f32c83a0647,3edb2ec651a68bfdc9765ebf8d3698d92006edac63bb654b4b1296d087be24a3,"{""circuit"":""surface_code:rotated_memory_x"",""cluster_node_limit"":50,""d"":7,""decoder"":""mwpf"",""decoder_type"":""SolverSerialJointSingleHair"",""p"":0.06,""p_erase"":0.06,""r"":7,""run_id"":""41e8a83007d9cf79fae89c7e2eb169407b888404b52611d599cfbd8d3d61e56d""}",
        16,         8,         0,   0.379,mwpf__44785f8372daa341abdebcd828887424427bf9b811680dbe0b80e9dd0478da48,79f30c78ea0219ad2b4e9c1731639789d4a70f0809a5d03a7d41841488de462c,"{""circuit"":""surface_code:rotated_memory_x"",""cluster_node_limit"":50,""d"":7,""decoder"":""mwpf"",""decoder_type"":""SolverSerialJointSingleHair"",""p"":0.05,""p_erase"":0.05,""r"":7,""run_id"":""6f604c679956d1cf0daf6d77107bb840f1154ac07c7e1969bb8402e01858bb91""}",
       512,         0,         0,   0.355,mwpf__c4afa78e50d4bd05ad1f0c114167a16caecf88a4774611fbf3cad944195b6005,33eb410828ea0eb329ef8a7d4ffe6dca8964600f3517f915065fb02130ff52fa,"{""circuit"":""surface_code:rotated_memory_x"",""cluster_node_limit"":50,""d"":7,""decoder"":""mwpf"",""decoder_type"":""SolverSerialJointSingleHair"",""p"":0.004,""p_erase"":0.004,""r"":7,""run_id"":""bc63bb586674bf0943da17e714fe33cb9292304a00c52142dcc0aa98a48fe916""}",
       256,         0,         0,   0.462,mwpf__27cac5a9d63b5310296ad2f389f4539acd5e7fb7f123dc12456c335e8393c788,ed79fc073e9e8e64e12ca9cee3f1b3b09617b06e5f19d423f3dca5e27321c0ec,"{""circuit"":""surface_code:rotated_memory_x"",""cluster_node_limit"":50,""d"":7,""decoder"":""mwpf"",""decoder_type"":""SolverSerialJointSingleHair"",""p"":0.01,""p_erase"":0.01,""r"":7,""run_id"":""85dc4b86326449a5e4d2267937782207589c000366e3fbe70d98bb3f9fb5a333""}",
       256,         0,         0,   0.331,mwpf__d28f1af8d4d041d92b7031084fdbcab6dc1e9cf1c24adb30eaa887515eb6649d,0ad7c7cfd60bfc8d2cc9a8cda8479ce98f46b483bb1cdf9eb70b27588a28a083,"{""circuit"":""surface_code:rotated_memory_x"",""cluster_node_limit"":50,""d"":7,""decoder"":""mwpf"",""decoder_type"":""SolverSerialJointSingleHair"",""p"":0.0075,""p_erase"":0.0075,""r"":7,""run_id"":""746c0ed850e7a1c4899561c73e97af04ff040736013cde397145df4c660e1d2a""}",
       256,         0,         0,   0.447,mwpf__27cac5a9d63b5310296ad2f389f4539acd5e7fb7f123dc12456c335e8393c788,ed79fc073e9e8e64e12ca9cee3f1b3b09617b06e5f19d423f3dca5e27321c0ec,"{""circuit"":""surface_code:rotated_memory_x"",""cluster_node_limit"":50,""d"":7,""decoder"":""mwpf"",""decoder_type"":""SolverSerialJointSingleHair"",""p"":0.01,""p_erase"":0.01,""r"":7,""run_id"":""85dc4b86326449a5e4d2267937782207589c000366e3fbe70d98bb3f9fb5a333""}",
       512,         0,         0,   0.444,mwpf__b6016d819feb2809ffcf636abab514c45d75b03883db9deaeb3212ba16d427f7,17c3525d8e7ed29f6b86b05ef0009c1af731021e045d13d4a382926450c6644c,"{""circuit"":""surface_code:rotated_memory_x"",""cluster_node_limit"":50,""d"":7,""decoder"":""mwpf"",""decoder_type"":""SolverSerialJointSingleHair"",""p"":0.005,""p_erase"":0.005,""r"":7,""run_id"":""3ff977703ebf3f566a41dac215e2bc8e682579cf7cec84db2f03627fcfabbad2""}",
       128,         1,         0,   0.579,mwpf__4be7971ec0aed8b350943219afc2640031998d7bde83aee6a0f21fb9cad0071d,0b500337b6e25e32dcf4bed99809a5d106409a48cf464ef28981fe2fb56292db,"{""circuit"":""surface_code:rotated_memory_x"",""cluster_node_limit"":50,""d"":7,""decoder"":""mwpf"",""decoder_type"":""SolverSerialJointSingleHair"",""p"":0.02,""p_erase"":0.02,""r"":7,""run_id"":""ec632a372450f8a655350bea6e7a952b552cfb386cd39755b54f2b84ee3f6f31""}",
       512,         0,         0,   0.362,mwpf__c4afa78e50d4bd05ad1f0c114167a16caecf88a4774611fbf3cad944195b6005,33eb410828ea0eb329ef8a7d4ffe6dca8964600f3517f915065fb02130ff52fa,"{""circuit"":""surface_code:rotated_memory_x"",""cluster_node_limit"":50,""d"":7,""decoder"":""mwpf"",""decoder_type"":""SolverSerialJointSingleHair"",""p"":0.004,""p_erase"":0.004,""r"":7,""run_id"":""bc63bb586674bf0943da17e714fe33cb9292304a00c52142dcc0aa98a48fe916""}",
       256,         0,         0,   0.357,mwpf__cc84687092a659fc65a3ee05269b6b569030e8df60c8f6bb1338aab95b850464,de2559247a63aadd19f6ad89515979a5d4f1397f9e0720615a2b8b2b9f64cc61,"{""circuit"":""surface_code:rotated_memory_x"",""cluster_node_limit"":50,""d"":7,""decoder"":""mwpf"",""decoder_type"":""SolverSerialJointSingleHair"",""p"":0.008,""p_erase"":0.008,""r"":7,""run_id"":""b0127341a48953a855ea3549247068ee7050e7461912fad56a38b1d8708ded61""}",
       512,         0,         0,   0.640,mwpf__d28f1af8d4d041d92b7031084fdbcab6dc1e9cf1c24adb30eaa887515eb6649d,0ad7c7cfd60bfc8d2cc9a8cda8479ce98f46b483bb1cdf9eb70b27588a28a083,"{""circuit"":""surface_code:rotated_memory_x"",""cluster_node_limit"":50,""d"":7,""decoder"":""mwpf"",""decoder_type"":""SolverSerialJointSingleHair"",""p"":0.0075,""p_erase"":0.0075,""r"":7,""run_id"":""746c0ed850e7a1c4899561c73e97af04ff040736013cde397145df4c660e1d2a""}",
       512,         0,         0,   0.518,mwpf__4aed23b674076cc15b4dcd1aeb6b0a8db6b52d88acd7d465bf49dfcb9c23e5c2,ade57cc12597f9b057a68161ae03989a950f74466f84fc8640ee0038ac8c8016,"{""circuit"":""surface_code:rotated_memory_x"",""cluster_node_limit"":50,""d"":7,""decoder"":""mwpf"",""decoder_type"":""SolverSerialJointSingleHair"",""p"":0.006,""p_erase"":0.006,""r"":7,""run_id"":""c569d24a00e94715f929354bdbd1860f950e40c56d976da161032d1bf73e9e9d""}",
       512,         0,         0,   0.435,mwpf__b6016d819feb2809ffcf636abab514c45d75b03883db9deaeb3212ba16d427f7,17c3525d8e7ed29f6b86b05ef0009c1af731021e045d13d4a382926450c6644c,"{""circuit"":""surface_code:rotated_memory_x"",""cluster_node_limit"":50,""d"":7,""decoder"":""mwpf"",""decoder_type"":""SolverSerialJointSingleHair"",""p"":0.005,""p_erase"":0.005,""r"":7,""run_id"":""3ff977703ebf3f566a41dac215e2bc8e682579cf7cec84db2f03627fcfabbad2""}",
       256,         0,         0,   0.352,mwpf__cc84687092a659fc65a3ee05269b6b569030e8df60c8f6bb1338aab95b850464,de2559247a63aadd19f6ad89515979a5d4f1397f9e0720615a2b8b2b9f64cc61,"{""circuit"":""surface_code:rotated_memory_x"",""cluster_node_limit"":50,""d"":7,""decoder"":""mwpf"",""decoder_type"":""SolverSerialJointSingleHair"",""p"":0.008,""p_erase"":0.008,""r"":7,""run_id"":""b0127341a48953a855ea3549247068ee7050e7461912fad56a38b1d8708ded61""}",
        16,         8,         0,   0.348,mwpf__44785f8372daa341abdebcd828887424427bf9b811680dbe0b80e9dd0478da48,79f30c78ea0219ad2b4e9c1731639789d4a70f0809a5d03a7d41841488de462c,"{""circuit"":""surface_code:rotated_memory_x"",""cluster_node_limit"":50,""d"":7,""decoder"":""mwpf"",""decoder_type"":""SolverSerialJointSingleHair"",""p"":0.05,""p_erase"":0.05,""r"":7,""run_id"":""6f604c679956d1cf0daf6d77107bb840f1154ac07c7e1969bb8402e01858bb91""}",
      1024,         0,         0,   0.576,mwpf__b812ea1c944048d52b7ed0223688528ae68a6f16fdf6d6c88cc8f8a6fc9d35bf,27db751210829c9e0cd03776fcc3890987608bbb2891aa96c8a9b6e74280fcbd,"{""circuit"":""surface_code:rotated_memory_x"",""cluster_node_limit"":50,""d"":7,""decoder"":""mwpf"",""decoder_type"":""SolverSerialJointSingleHair"",""p"":0.003,""p_erase"":0.003,""r"":7,""run_id"":""3e7768a46571fd1de5957ad6fb50ce7c500c937939ee9035abc77e8f3db0e162""}",
       512,         0,         0,   0.502,mwpf__4aed23b674076cc15b4dcd1aeb6b0a8db6b52d88acd7d465bf49dfcb9c23e5c2,ade57cc12597f9b057a68161ae03989a950f74466f84fc8640ee0038ac8c8016,"{""circuit"":""surface_code:rotated_memory_x"",""cluster_node_limit"":50,""d"":7,""decoder"":""mwpf"",""decoder_type"":""SolverSerialJointSingleHair"",""p"":0.006,""p_erase"":0.006,""r"":7,""run_id"":""c569d24a00e94715f929354bdbd1860f950e40c56d976da161032d1bf73e9e9d""}",
       128,         0,         0,   0.581,mwpf__4be7971ec0aed8b350943219afc2640031998d7bde83aee6a0f21fb9cad0071d,0b500337b6e25e32dcf4bed99809a5d106409a48cf464ef28981fe2fb56292db,"{""circuit"":""surface_code:rotated_memory_x"",""cluster_node_limit"":50,""d"":7,""decoder"":""mwpf"",""decoder_type"":""SolverSerialJointSingleHair"",""p"":0.02,""p_erase"":0.02,""r"":7,""run_id"":""ec632a372450f8a655350bea6e7a952b552cfb386cd39755b54f2b84ee3f6f31""}",
       512,         0,         0,   0.367,mwpf__c4afa78e50d4bd05ad1f0c114167a16caecf88a4774611fbf3cad944195b6005,33eb410828ea0eb329ef8a7d4ffe6dca8964600f3517f915065fb02130ff52fa,"{""circuit"":""surface_code:rotated_memory_x"",""cluster_node_limit"":50,""d"":7,""decoder"":""mwpf"",""decoder_type"":""SolverSerialJointSingleHair"",""p"":0.004,""p_erase"":0.004,""r"":7,""run_id"":""bc63bb586674bf0943da17e714fe33cb9292304a00c52142dcc0aa98a48fe916""}",
       512,         0,         0,   0.523,mwpf__4aed23b674076cc15b4dcd1aeb6b0a8db6b52d88acd7d465bf49dfcb9c23e5c2,ade57cc12597f9b057a68161ae03989a950f74466f84fc8640ee0038ac8c8016,"{""circuit"":""surface_code:rotated_memory_x"",""cluster_node_limit"":50,""d"":7,""decoder"":""mwpf"",""decoder_type"":""SolverSerialJointSingleHair"",""p"":0.006,""p_erase"":0.006,""r"":7,""run_id"":""c569d24a00e94715f929354bdbd1860f950e40c56d976da161032d1bf73e9e9d""}",
        16,         6,         0,   0.419,mwpf__896f3dc2c428c5c3bd808eb3cf2c780aa9e502e977467691de169f32c83a0647,3edb2ec651a68bfdc9765ebf8d3698d92006edac63bb654b4b1296d087be24a3,"{""circuit"":""surface_code:rotated_memory_x"",""cluster_node_limit"":50,""d"":7,""decoder"":""mwpf"",""decoder_type"":""SolverSerialJointSingleHair"",""p"":0.06,""p_erase"":0.06,""r"":7,""run_id"":""41e8a83007d9cf79fae89c7e2eb169407b888404b52611d599cfbd8d3d61e56d""}",
       512,         0,         0,   0.613,mwpf__3676edfd3705a10bff90f19b109b554244bd8b49a912fddd54112319402e54b2,f5fc0e2830bf34a034cecaa2a86787ee42c5ac7b974e2cca4fce80b4f9d60e16,"{""circuit"":""surface_code:rotated_memory_x"",""cluster_node_limit"":50,""d"":7,""decoder"":""mwpf"",""decoder_type"":""SolverSerialJointSingleHair"",""p"":0.007,""p_erase"":0.007,""r"":7,""run_id"":""cc23d39f806d6b050b42fdf6523d37ff1ded4115cd9804c1b1173f160297dfb9""}",
       256,         0,         0,   0.406,mwpf__738c4c2fe60c79a38f4352423c226453cf78c7d4efc409ac916f3f724e7f428b,f522fd2f03991528ab1e67f7b35462f84ed9738f5f8cde70a41909bee4fd3f87,"{""circuit"":""surface_code:rotated_memory_x"",""cluster_node_limit"":50,""d"":7,""decoder"":""mwpf"",""decoder_type"":""SolverSerialJointSingleHair"",""p"":0.009,""p_erase"":0.009,""r"":7,""run_id"":""4b2052dd33b88244b8dc64e1aa696c4f0cef9c363b27e7d2cd9a4ccb51da3596""}",
      1024,         0,         0,   0.579,mwpf__b812ea1c944048d52b7ed0223688528ae68a6f16fdf6d6c88cc8f8a6fc9d35bf,27db751210829c9e0cd03776fcc3890987608bbb2891aa96c8a9b6e74280fcbd,"{""circuit"":""surface_code:rotated_memory_x"",""cluster_node_limit"":50,""d"":7,""decoder"":""mwpf"",""decoder_type"":""SolverSerialJointSingleHair"",""p"":0.003,""p_erase"":0.003,""r"":7,""run_id"":""3e7768a46571fd1de5957ad6fb50ce7c500c937939ee9035abc77e8f3db0e162""}",
       512,         0,         0,   0.444,mwpf__b6016d819feb2809ffcf636abab514c45d75b03883db9deaeb3212ba16d427f7,17c3525d8e7ed29f6b86b05ef0009c1af731021e045d13d4a382926450c6644c,"{""circuit"":""surface_code:rotated_memory_x"",""cluster_node_limit"":50,""d"":7,""decoder"":""mwpf"",""decoder_type"":""SolverSerialJointSingleHair"",""p"":0.005,""p_erase"":0.005,""r"":7,""run_id"":""3ff977703ebf3f566a41dac215e2bc8e682579cf7cec84db2f03627fcfabbad2""}",
        16,         9,         0,   0.395,mwpf__896f3dc2c428c5c3bd808eb3cf2c780aa9e502e977467691de169f32c83a0647,3edb2ec651a68bfdc9765ebf8d3698d92006edac63bb654b4b1296d087be24a3,"{""circuit"":""surface_code:rotated_memory_x"",""cluster_node_limit"":50,""d"":7,""decoder"":""mwpf"",""decoder_type"":""SolverSerialJointSingleHair"",""p"":0.06,""p_erase"":0.06,""r"":7,""run_id"":""41e8a83007d9cf79fae89c7e2eb169407b888404b52611d599cfbd8d3d61e56d""}",
       256,         0,         0,   0.334,mwpf__d28f1af8d4d041d92b7031084fdbcab6dc1e9cf1c24adb30eaa887515eb6649d,0ad7c7cfd60bfc8d2cc9a8cda8479ce98f46b483bb1cdf9eb70b27588a28a083,"{""circuit"":""surface_code:rotated_memory_x"",""cluster_node_limit"":50,""d"":7,""decoder"":""mwpf"",""decoder_type"":""SolverSerialJointSingleHair"",""p"":0.0075,""p_erase"":0.0075,""r"":7,""run_id"":""746c0ed850e7a1c4899561c73e97af04ff040736013cde397145df4c660e1d2a""}",
        16,        10,         0,   0.385,mwpf__44785f8372daa341abdebcd828887424427bf9b811680dbe0b80e9dd0478da48,79f30c78ea0219ad2b4e9c1731639789d4a70f0809a5d03a7d41841488de462c,"{""circuit"":""surface_code:rotated_memory_x"",""cluster_node_limit"":50,""d"":7,""decoder"":""mwpf"",""decoder_type"":""SolverSerialJointSingleHair"",""p"":0.05,""p_erase"":0.05,""r"":7,""run_id"":""6f604c679956d1cf0daf6d77107bb840f1154ac07c7e1969bb8402e01858bb91""}",
        32,         8,         0,   0.604,mwpf__98f1b527ad63d0c96b87fae2ef9b5a001df2d2c4d1bcf7718808c982f8f67de9,228a01b856019daca44f88d1c0dd611b9d09141c474412396bea6d8158eea878,"{""circuit"":""surface_code:rotated_memory_x"",""cluster_node_limit"":50,""d"":7,""decoder"":""mwpf"",""decoder_type"":""SolverSerialJointSingleHair"",""p"":0.04,""p_erase"":0.04,""r"":7,""run_id"":""22cc46a396a276b666b805f90859895cb11c4a18ae76c90aeb44e64208d7955b""}",
        64,         5,         0,   0.648,mwpf__52a073e7515446df52cbda9ca7c289cfd1927a5295e69ea691f5d15087ee0aff,5a668985a08f01552b0c1df7417c34aec474e3171f00de2b4ec4b430761e3525,"{""circuit"":""surface_code:rotated_memory_x"",""cluster_node_limit"":50,""d"":7,""decoder"":""mwpf"",""decoder_type"":""SolverSerialJointSingleHair"",""p"":0.03,""p_erase"":0.03,""r"":7,""run_id"":""813ba4eb16fa666e67959bd8c62870ba1c2c26cd74e0d3cecbae76623e9435dc""}",
        64,         3,         0,   0.642,mwpf__52a073e7515446df52cbda9ca7c289cfd1927a5295e69ea691f5d15087ee0aff,5a668985a08f01552b0c1df7417c34aec474e3171f00de2b4ec4b430761e3525,"{""circuit"":""surface_code:rotated_memory_x"",""cluster_node_limit"":50,""d"":7,""decoder"":""mwpf"",""decoder_type"":""SolverSerialJointSingleHair"",""p"":0.03,""p_erase"":0.03,""r"":7,""run_id"":""813ba4eb16fa666e67959bd8c62870ba1c2c26cd74e0d3cecbae76623e9435dc""}",
        32,        13,         0,   0.518,mwpf__98f1b527ad63d0c96b87fae2ef9b5a001df2d2c4d1bcf7718808c982f8f67de9,228a01b856019daca44f88d1c0dd611b9d09141c474412396bea6d8158eea878,"{""circuit"":""surface_code:rotated_memory_x"",""cluster_node_limit"":50,""d"":7,""decoder"":""mwpf"",""decoder_type"":""SolverSerialJointSingleHair"",""p"":0.04,""p_erase"":0.04,""r"":7,""run_id"":""22cc46a396a276b666b805f90859895cb11c4a18ae76c90aeb44e64208d7955b""}",
      1024,         0,         0,   0.594,mwpf__b812ea1c944048d52b7ed0223688528ae68a6f16fdf6d6c88cc8f8a6fc9d35bf,27db751210829c9e0cd03776fcc3890987608bbb2891aa96c8a9b6e74280fcbd,"{""circuit"":""surface_code:rotated_memory_x"",""cluster_node_limit"":50,""d"":7,""decoder"":""mwpf"",""decoder_type"":""SolverSerialJointSingleHair"",""p"":0.003,""p_erase"":0.003,""r"":7,""run_id"":""3e7768a46571fd1de5957ad6fb50ce7c500c937939ee9035abc77e8f3db0e162""}",
       512,         0,         0,   0.369,mwpf__c4afa78e50d4bd05ad1f0c114167a16caecf88a4774611fbf3cad944195b6005,33eb410828ea0eb329ef8a7d4ffe6dca8964600f3517f915065fb02130ff52fa,"{""circuit"":""surface_code:rotated_memory_x"",""cluster_node_limit"":50,""d"":7,""decoder"":""mwpf"",""decoder_type"":""SolverSerialJointSingleHair"",""p"":0.004,""p_erase"":0.004,""r"":7,""run_id"":""bc63bb586674bf0943da17e714fe33cb9292304a00c52142dcc0aa98a48fe916""}",
       256,         0,         0,   0.462,mwpf__27cac5a9d63b5310296ad2f389f4539acd5e7fb7f123dc12456c335e8393c788,ed79fc073e9e8e64e12ca9cee3f1b3b09617b06e5f19d423f3dca5e27321c0ec,"{""circuit"":""surface_code:rotated_memory_x"",""cluster_node_limit"":50,""d"":7,""decoder"":""mwpf"",""decoder_type"":""SolverSerialJointSingleHair"",""p"":0.01,""p_erase"":0.01,""r"":7,""run_id"":""85dc4b86326449a5e4d2267937782207589c000366e3fbe70d98bb3f9fb5a333""}",
       512,         0,         0,   0.622,mwpf__3676edfd3705a10bff90f19b109b554244bd8b49a912fddd54112319402e54b2,f5fc0e2830bf34a034cecaa2a86787ee42c5ac7b974e2cca4fce80b4f9d60e16,"{""circuit"":""surface_code:rotated_memory_x"",""cluster_node_limit"":50,""d"":7,""decoder"":""mwpf"",""decoder_type"":""SolverSerialJointSingleHair"",""p"":0.007,""p_erase"":0.007,""r"":7,""run_id"":""cc23d39f806d6b050b42fdf6523d37ff1ded4115cd9804c1b1173f160297dfb9""}",
       256,         0,         0,   0.350,mwpf__cc84687092a659fc65a3ee05269b6b569030e8df60c8f6bb1338aab95b850464,de2559247a63aadd19f6ad89515979a5d4f1397f9e0720615a2b8b2b9f64cc61,"{""circuit"":""surface_code:rotated_memory_x"",""cluster_node_limit"":50,""d"":7,""decoder"":""mwpf"",""decoder_type"":""SolverSerialJointSingleHair"",""p"":0.008,""p_erase"":0.008,""r"":7,""run_id"":""b0127341a48953a855ea3549247068ee7050e7461912fad56a38b1d8708ded61""}",
       512,         0,         0,   0.435,mwpf__b6016d819feb2809ffcf636abab514c45d75b03883db9deaeb3212ba16d427f7,17c3525d8e7ed29f6b86b05ef0009c1af731021e045d13d4a382926450c6644c,"{""circuit"":""surface_code:rotated_memory_x"",""cluster_node_limit"":50,""d"":7,""decoder"":""mwpf"",""decoder_type"":""SolverSerialJointSingleHair"",""p"":0.005,""p_erase"":0.005,""r"":7,""run_id"":""3ff977703ebf3f566a41dac215e2bc8e682579cf7cec84db2f03627fcfabbad2""}",
        16,         7,         0,   0.382,mwpf__44785f8372daa341abdebcd828887424427bf9b811680dbe0b80e9dd0478da48,79f30c78ea0219ad2b4e9c1731639789d4a70f0809a5d03a7d41841488de462c,"{""circuit"":""surface_code:rotated_memory_x"",""cluster_node_limit"":50,""d"":7,""decoder"":""mwpf"",""decoder_type"":""SolverSerialJointSingleHair"",""p"":0.05,""p_erase"":0.05,""r"":7,""run_id"":""6f604c679956d1cf0daf6d77107bb840f1154ac07c7e1969bb8402e01858bb91""}",
       256,         0,         0,   0.461,mwpf__27cac5a9d63b5310296ad2f389f4539acd5e7fb7f123dc12456c335e8393c788,ed79fc073e9e8e64e12ca9cee3f1b3b09617b06e5f19d423f3dca5e27321c0ec,"{""circuit"":""surface_code:rotated_memory_x"",""cluster_node_limit"":50,""d"":7,""decoder"":""mwpf"",""decoder_type"":""SolverSerialJointSingleHair"",""p"":0.01,""p_erase"":0.01,""r"":7,""run_id"":""85dc4b86326449a5e4d2267937782207589c000366e3fbe70d98bb3f9fb5a333""}",
       512,         0,         0,   0.455,mwpf__b6016d819feb2809ffcf636abab514c45d75b03883db9deaeb3212ba16d427f7,17c3525d8e7ed29f6b86b05ef0009c1af731021e045d13d4a382926450c6644c,"{""circuit"":""surface_code:rotated_memory_x"",""cluster_node_limit"":50,""d"":7,""decoder"":""mwpf"",""decoder_type"":""SolverSerialJointSingleHair"",""p"":0.005,""p_erase"":0.005,""r"":7,""run_id"":""3ff977703ebf3f566a41dac215e2bc8e682579cf7cec84db2f03627fcfabbad2""}",
       512,         0,         0,   0.513,mwpf__4aed23b674076cc15b4dcd1aeb6b0a8db6b52d88acd7d465bf49dfcb9c23e5c2,ade57cc12597f9b057a68161ae03989a950f74466f84fc8640ee0038ac8c8016,"{""circuit"":""surface_code:rotated_memory_x"",""cluster_node_limit"":50,""d"":7,""decoder"":""mwpf"",""decoder_type"":""SolverSerialJointSingleHair"",""p"":0.006,""p_erase"":0.006,""r"":7,""run_id"":""c569d24a00e94715f929354bdbd1860f950e40c56d976da161032d1bf73e9e9d""}",
       256,         0,         0,   0.413,mwpf__738c4c2fe60c79a38f4352423c226453cf78c7d4efc409ac916f3f724e7f428b,f522fd2f03991528ab1e67f7b35462f84ed9738f5f8cde70a41909bee4fd3f87,"{""circuit"":""surface_code:rotated_memory_x"",""cluster_node_limit"":50,""d"":7,""decoder"":""mwpf"",""decoder_type"":""SolverSerialJointSingleHair"",""p"":0.009,""p_erase"":0.009,""r"":7,""run_id"":""4b2052dd33b88244b8dc64e1aa696c4f0cef9c363b27e7d2cd9a4ccb51da3596""}",
        16,         7,         0,   0.461,mwpf__896f3dc2c428c5c3bd808eb3cf2c780aa9e502e977467691de169f32c83a0647,3edb2ec651a68bfdc9765ebf8d3698d92006edac63bb654b4b1296d087be24a3,"{""circuit"":""surface_code:rotated_memory_x"",""cluster_node_limit"":50,""d"":7,""decoder"":""mwpf"",""decoder_type"":""SolverSerialJointSingleHair"",""p"":0.06,""p_erase"":0.06,""r"":7,""run_id"":""41e8a83007d9cf79fae89c7e2eb169407b888404b52611d599cfbd8d3d61e56d""}",
       256,         0,         0,   0.330,mwpf__d28f1af8d4d041d92b7031084fdbcab6dc1e9cf1c24adb30eaa887515eb6649d,0ad7c7cfd60bfc8d2cc9a8cda8479ce98f46b483bb1cdf9eb70b27588a28a083,"{""circuit"":""surface_code:rotated_memory_x"",""cluster_node_limit"":50,""d"":7,""decoder"":""mwpf"",""decoder_type"":""SolverSerialJointSingleHair"",""p"":0.0075,""p_erase"":0.0075,""r"":7,""run_id"":""746c0ed850e7a1c4899561c73e97af04ff040736013cde397145df4c660e1d2a""}",
      1024,         0,         0,   0.714,mwpf__c4afa78e50d4bd05ad1f0c114167a16caecf88a4774611fbf3cad944195b6005,33eb410828ea0eb329ef8a7d4ffe6dca8964600f3517f915065fb02130ff52fa,"{""circuit"":""surface_code:rotated_memory_x"",""cluster_node_limit"":50,""d"":7,""decoder"":""mwpf"",""decoder_type"":""SolverSerialJointSingleHair"",""p"":0.004,""p_erase"":0.004,""r"":7,""run_id"":""bc63bb586674bf0943da17e714fe33cb9292304a00c52142dcc0aa98a48fe916""}",
       512,         0,         0,   0.540,mwpf__4aed23b674076cc15b4dcd1aeb6b0a8db6b52d88acd7d465bf49dfcb9c23e5c2,ade57cc12597f9b057a68161ae03989a950f74466f84fc8640ee0038ac8c8016,"{""circuit"":""surface_code:rotated_memory_x"",""cluster_node_limit"":50,""d"":7,""decoder"":""mwpf"",""decoder_type"":""SolverSerialJointSingleHair"",""p"":0.006,""p_erase"":0.006,""r"":7,""run_id"":""c569d24a00e94715f929354bdbd1860f950e40c56d976da161032d1bf73e9e9d""}",
       512,         0,         0,   0.428,mwpf__b6016d819feb2809ffcf636abab514c45d75b03883db9deaeb3212ba16d427f7,17c3525d8e7ed29f6b86b05ef0009c1af731021e045d13d4a382926450c6644c,"{""circuit"":""surface_code:rotated_memory_x"",""cluster_node_limit"":50,""d"":7,""decoder"":""mwpf"",""decoder_type"":""SolverSerialJointSingleHair"",""p"":0.005,""p_erase"":0.005,""r"":7,""run_id"":""3ff977703ebf3f566a41dac215e2bc8e682579cf7cec84db2f03627fcfabbad2""}",
       128,         0,         0,   0.628,mwpf__4be7971ec0aed8b350943219afc2640031998d7bde83aee6a0f21fb9cad0071d,0b500337b6e25e32dcf4bed99809a5d106409a48cf464ef28981fe2fb56292db,"{""circuit"":""surface_code:rotated_memory_x"",""cluster_node_limit"":50,""d"":7,""decoder"":""mwpf"",""decoder_type"":""SolverSerialJointSingleHair"",""p"":0.02,""p_erase"":0.02,""r"":7,""run_id"":""ec632a372450f8a655350bea6e7a952b552cfb386cd39755b54f2b84ee3f6f31""}",
      1024,         0,         0,   0.572,mwpf__b812ea1c944048d52b7ed0223688528ae68a6f16fdf6d6c88cc8f8a6fc9d35bf,27db751210829c9e0cd03776fcc3890987608bbb2891aa96c8a9b6e74280fcbd,"{""circuit"":""surface_code:rotated_memory_x"",""cluster_node_limit"":50,""d"":7,""decoder"":""mwpf"",""decoder_type"":""SolverSerialJointSingleHair"",""p"":0.003,""p_erase"":0.003,""r"":7,""run_id"":""3e7768a46571fd1de5957ad6fb50ce7c500c937939ee9035abc77e8f3db0e162""}",
        16,         7,         0,   0.387,mwpf__44785f8372daa341abdebcd828887424427bf9b811680dbe0b80e9dd0478da48,79f30c78ea0219ad2b4e9c1731639789d4a70f0809a5d03a7d41841488de462c,"{""circuit"":""surface_code:rotated_memory_x"",""cluster_node_limit"":50,""d"":7,""decoder"":""mwpf"",""decoder_type"":""SolverSerialJointSingleHair"",""p"":0.05,""p_erase"":0.05,""r"":7,""run_id"":""6f604c679956d1cf0daf6d77107bb840f1154ac07c7e1969bb8402e01858bb91""}",
        16,        11,         0,   0.423,mwpf__896f3dc2c428c5c3bd808eb3cf2c780aa9e502e977467691de169f32c83a0647,3edb2ec651a68bfdc9765ebf8d3698d92006edac63bb654b4b1296d087be24a3,"{""circuit"":""surface_code:rotated_memory_x"",""cluster_node_limit"":50,""d"":7,""decoder"":""mwpf"",""decoder_type"":""SolverSerialJointSingleHair"",""p"":0.06,""p_erase"":0.06,""r"":7,""run_id"":""41e8a83007d9cf79fae89c7e2eb169407b888404b52611d599cfbd8d3d61e56d""}",
       512,         0,         0,   0.542,mwpf__4aed23b674076cc15b4dcd1aeb6b0a8db6b52d88acd7d465bf49dfcb9c23e5c2,ade57cc12597f9b057a68161ae03989a950f74466f84fc8640ee0038ac8c8016,"{""circuit"":""surface_code:rotated_memory_x"",""cluster_node_limit"":50,""d"":7,""decoder"":""mwpf"",""decoder_type"":""SolverSerialJointSingleHair"",""p"":0.006,""p_erase"":0.006,""r"":7,""run_id"":""c569d24a00e94715f929354bdbd1860f950e40c56d976da161032d1bf73e9e9d""}",
       128,         0,         0,   0.630,mwpf__4be7971ec0aed8b350943219afc2640031998d7bde83aee6a0f21fb9cad0071d,0b500337b6e25e32dcf4bed99809a5d106409a48cf464ef28981fe2fb56292db,"{""circuit"":""surface_code:rotated_memory_x"",""cluster_node_limit"":50,""d"":7,""decoder"":""mwpf"",""decoder_type"":""SolverSerialJointSingleHair"",""p"":0.02,""p_erase"":0.02,""r"":7,""run_id"":""ec632a372450f8a655350bea6e7a952b552cfb386cd39755b54f2b84ee3f6f31""}",
       512,         0,         0,   0.678,mwpf__d28f1af8d4d041d92b7031084fdbcab6dc1e9cf1c24adb30eaa887515eb6649d,0ad7c7cfd60bfc8d2cc9a8cda8479ce98f46b483bb1cdf9eb70b27588a28a083,"{""circuit"":""surface_code:rotated_memory_x"",""cluster_node_limit"":50,""d"":7,""decoder"":""mwpf"",""decoder_type"":""SolverSerialJointSingleHair"",""p"":0.0075,""p_erase"":0.0075,""r"":7,""run_id"":""746c0ed850e7a1c4899561c73e97af04ff040736013cde397145df4c660e1d2a""}",
       512,         0,         0,   0.704,mwpf__cc84687092a659fc65a3ee05269b6b569030e8df60c8f6bb1338aab95b850464,de2559247a63aadd19f6ad89515979a5d4f1397f9e0720615a2b8b2b9f64cc61,"{""circuit"":""surface_code:rotated_memory_x"",""cluster_node_limit"":50,""d"":7,""decoder"":""mwpf"",""decoder_type"":""SolverSerialJointSingleHair"",""p"":0.008,""p_erase"":0.008,""r"":7,""run_id"":""b0127341a48953a855ea3549247068ee7050e7461912fad56a38b1d8708ded61""}",
       512,         0,         0,   0.354,mwpf__c4afa78e50d4bd05ad1f0c114167a16caecf88a4774611fbf3cad944195b6005,33eb410828ea0eb329ef8a7d4ffe6dca8964600f3517f915065fb02130ff52fa,"{""circuit"":""surface_code:rotated_memory_x"",""cluster_node_limit"":50,""d"":7,""decoder"":""mwpf"",""decoder_type"":""SolverSerialJointSingleHair"",""p"":0.004,""p_erase"":0.004,""r"":7,""run_id"":""bc63bb586674bf0943da17e714fe33cb9292304a00c52142dcc0aa98a48fe916""}",
      1024,         0,         0,   0.583,mwpf__b812ea1c944048d52b7ed0223688528ae68a6f16fdf6d6c88cc8f8a6fc9d35bf,27db751210829c9e0cd03776fcc3890987608bbb2891aa96c8a9b6e74280fcbd,"{""circuit"":""surface_code:rotated_memory_x"",""cluster_node_limit"":50,""d"":7,""decoder"":""mwpf"",""decoder_type"":""SolverSerialJointSingleHair"",""p"":0.003,""p_erase"":0.003,""r"":7,""run_id"":""3e7768a46571fd1de5957ad6fb50ce7c500c937939ee9035abc77e8f3db0e162""}",
       512,         0,         0,   0.636,mwpf__3676edfd3705a10bff90f19b109b554244bd8b49a912fddd54112319402e54b2,f5fc0e2830bf34a034cecaa2a86787ee42c5ac7b974e2cca4fce80b4f9d60e16,"{""circuit"":""surface_code:rotated_memory_x"",""cluster_node_limit"":50,""d"":7,""decoder"":""mwpf"",""decoder_type"":""SolverSerialJointSingleHair"",""p"":0.007,""p_erase"":0.007,""r"":7,""run_id"":""cc23d39f806d6b050b42fdf6523d37ff1ded4115cd9804c1b1173f160297dfb9""}",
       256,         0,         0,   0.354,mwpf__cc84687092a659fc65a3ee05269b6b569030e8df60c8f6bb1338aab95b850464,de2559247a63aadd19f6ad89515979a5d4f1397f9e0720615a2b8b2b9f64cc61,"{""circuit"":""surface_code:rotated_memory_x"",""cluster_node_limit"":50,""d"":7,""decoder"":""mwpf"",""decoder_type"":""SolverSerialJointSingleHair"",""p"":0.008,""p_erase"":0.008,""r"":7,""run_id"":""b0127341a48953a855ea3549247068ee7050e7461912fad56a38b1d8708ded61""}",
      1024,         0,         0,   0.723,mwpf__c4afa78e50d4bd05ad1f0c114167a16caecf88a4774611fbf3cad944195b6005,33eb410828ea0eb329ef8a7d4ffe6dca8964600f3517f915065fb02130ff52fa,"{""circuit"":""surface_code:rotated_memory_x"",""cluster_node_limit"":50,""d"":7,""decoder"":""mwpf"",""decoder_type"":""SolverSerialJointSingleHair"",""p"":0.004,""p_erase"":0.004,""r"":7,""run_id"":""bc63bb586674bf0943da17e714fe33cb9292304a00c52142dcc0aa98a48fe916""}",
       256,         0,         0,   0.465,mwpf__27cac5a9d63b5310296ad2f389f4539acd5e7fb7f123dc12456c335e8393c788,ed79fc073e9e8e64e12ca9cee3f1b3b09617b06e5f19d423f3dca5e27321c0ec,"{""circuit"":""surface_code:rotated_memory_x"",""cluster_node_limit"":50,""d"":7,""decoder"":""mwpf"",""decoder_type"":""SolverSerialJointSingleHair"",""p"":0.01,""p_erase"":0.01,""r"":7,""run_id"":""85dc4b86326449a5e4d2267937782207589c000366e3fbe70d98bb3f9fb5a333""}",
        32,         8,         0,   0.563,mwpf__98f1b527ad63d0c96b87fae2ef9b5a001df2d2c4d1bcf7718808c982f8f67de9,228a01b856019daca44f88d1c0dd611b9d09141c474412396bea6d8158eea878,"{""circuit"":""surface_code:rotated_memory_x"",""cluster_node_limit"":50,""d"":7,""decoder"":""mwpf"",""decoder_type"":""SolverSerialJointSingleHair"",""p"":0.04,""p_erase"":0.04,""r"":7,""run_id"":""22cc46a396a276b666b805f90859895cb11c4a18ae76c90aeb44e64208d7955b""}",
       512,         0,         0,   0.438,mwpf__b6016d819feb2809ffcf636abab514c45d75b03883db9deaeb3212ba16d427f7,17c3525d8e7ed29f6b86b05ef0009c1af731021e045d13d4a382926450c6644c,"{""circuit"":""surface_code:rotated_memory_x"",""cluster_node_limit"":50,""d"":7,""decoder"":""mwpf"",""decoder_type"":""SolverSerialJointSingleHair"",""p"":0.005,""p_erase"":0.005,""r"":7,""run_id"":""3ff977703ebf3f566a41dac215e2bc8e682579cf7cec84db2f03627fcfabbad2""}",
        17,         0,         0,   0.029,mwpf__738c4c2fe60c79a38f4352423c226453cf78c7d4efc409ac916f3f724e7f428b,f522fd2f03991528ab1e67f7b35462f84ed9738f5f8cde70a41909bee4fd3f87,"{""circuit"":""surface_code:rotated_memory_x"",""cluster_node_limit"":50,""d"":7,""decoder"":""mwpf"",""decoder_type"":""SolverSerialJointSingleHair"",""p"":0.009,""p_erase"":0.009,""r"":7,""run_id"":""4b2052dd33b88244b8dc64e1aa696c4f0cef9c363b27e7d2cd9a4ccb51da3596""}",
      1024,         0,         0,   0.572,mwpf__b812ea1c944048d52b7ed0223688528ae68a6f16fdf6d6c88cc8f8a6fc9d35bf,27db751210829c9e0cd03776fcc3890987608bbb2891aa96c8a9b6e74280fcbd,"{""circuit"":""surface_code:rotated_memory_x"",""cluster_node_limit"":50,""d"":7,""decoder"":""mwpf"",""decoder_type"":""SolverSerialJointSingleHair"",""p"":0.003,""p_erase"":0.003,""r"":7,""run_id"":""3e7768a46571fd1de5957ad6fb50ce7c500c937939ee9035abc77e8f3db0e162""}",
        32,         4,         0,   0.579,mwpf__98f1b527ad63d0c96b87fae2ef9b5a001df2d2c4d1bcf7718808c982f8f67de9,228a01b856019daca44f88d1c0dd611b9d09141c474412396bea6d8158eea878,"{""circuit"":""surface_code:rotated_memory_x"",""cluster_node_limit"":50,""d"":7,""decoder"":""mwpf"",""decoder_type"":""SolverSerialJointSingleHair"",""p"":0.04,""p_erase"":0.04,""r"":7,""run_id"":""22cc46a396a276b666b805f90859895cb11c4a18ae76c90aeb44e64208d7955b""}",
       256,         0,         0,   0.454,mwpf__27cac5a9d63b5310296ad2f389f4539acd5e7fb7f123dc12456c335e8393c788,ed79fc073e9e8e64e12ca9cee3f1b3b09617b06e5f19d423f3dca5e27321c0ec,"{""circuit"":""surface_code:rotated_memory_x"",""cluster_node_limit"":50,""d"":7,""decoder"":""mwpf"",""decoder_type"":""SolverSerialJointSingleHair"",""p"":0.01,""p_erase"":0.01,""r"":7,""run_id"":""85dc4b86326449a5e4d2267937782207589c000366e3fbe70d98bb3f9fb5a333""}",
        64,         6,         0,   0.625,mwpf__52a073e7515446df52cbda9ca7c289cfd1927a5295e69ea691f5d15087ee0aff,5a668985a08f01552b0c1df7417c34aec474e3171f00de2b4ec4b430761e3525,"{""circuit"":""surface_code:rotated_memory_x"",""cluster_node_limit"":50,""d"":7,""decoder"":""mwpf"",""decoder_type"":""SolverSerialJointSingleHair"",""p"":0.03,""p_erase"":0.03,""r"":7,""run_id"":""813ba4eb16fa666e67959bd8c62870ba1c2c26cd74e0d3cecbae76623e9435dc""}",
       512,         0,         0,   0.432,mwpf__b6016d819feb2809ffcf636abab514c45d75b03883db9deaeb3212ba16d427f7,17c3525d8e7ed29f6b86b05ef0009c1af731021e045d13d4a382926450c6644c,"{""circuit"":""surface_code:rotated_memory_x"",""cluster_node_limit"":50,""d"":7,""decoder"":""mwpf"",""decoder_type"":""SolverSerialJointSingleHair"",""p"":0.005,""p_erase"":0.005,""r"":7,""run_id"":""3ff977703ebf3f566a41dac215e2bc8e682579cf7cec84db2f03627fcfabbad2""}",
        64,         7,         0,   0.642,mwpf__52a073e7515446df52cbda9ca7c289cfd1927a5295e69ea691f5d15087ee0aff,5a668985a08f01552b0c1df7417c34aec474e3171f00de2b4ec4b430761e3525,"{""circuit"":""surface_code:rotated_memory_x"",""cluster_node_limit"":50,""d"":7,""decoder"":""mwpf"",""decoder_type"":""SolverSerialJointSingleHair"",""p"":0.03,""p_erase"":0.03,""r"":7,""run_id"":""813ba4eb16fa666e67959bd8c62870ba1c2c26cd74e0d3cecbae76623e9435dc""}",
       256,         0,         0,   0.404,mwpf__738c4c2fe60c79a38f4352423c226453cf78c7d4efc409ac916f3f724e7f428b,f522fd2f03991528ab1e67f7b35462f84ed9738f5f8cde70a41909bee4fd3f87,"{""circuit"":""surface_code:rotated_memory_x"",""cluster_node_limit"":50,""d"":7,""decoder"":""mwpf"",""decoder_type"":""SolverSerialJointSingleHair"",""p"":0.009,""p_erase"":0.009,""r"":7,""run_id"":""4b2052dd33b88244b8dc64e1aa696c4f0cef9c363b27e7d2cd9a4ccb51da3596""}",
        16,         5,         0,   0.414,mwpf__896f3dc2c428c5c3bd808eb3cf2c780aa9e502e977467691de169f32c83a0647,3edb2ec651a68bfdc9765ebf8d3698d92006edac63bb654b4b1296d087be24a3,"{""circuit"":""surface_code:rotated_memory_x"",""cluster_node_limit"":50,""d"":7,""decoder"":""mwpf"",""decoder_type"":""SolverSerialJointSingleHair"",""p"":0.06,""p_erase"":0.06,""r"":7,""run_id"":""41e8a83007d9cf79fae89c7e2eb169407b888404b52611d599cfbd8d3d61e56d""}",
       512,         0,         0,   0.617,mwpf__3676edfd3705a10bff90f19b109b554244bd8b49a912fddd54112319402e54b2,f5fc0e2830bf34a034cecaa2a86787ee42c5ac7b974e2cca4fce80b4f9d60e16,"{""circuit"":""surface_code:rotated_memory_x"",""cluster_node_limit"":50,""d"":7,""decoder"":""mwpf"",""decoder_type"":""SolverSerialJointSingleHair"",""p"":0.007,""p_erase"":0.007,""r"":7,""run_id"":""cc23d39f806d6b050b42fdf6523d37ff1ded4115cd9804c1b1173f160297dfb9""}",
        16,         6,         0,   0.368,mwpf__44785f8372daa341abdebcd828887424427bf9b811680dbe0b80e9dd0478da48,79f30c78ea0219ad2b4e9c1731639789d4a70f0809a5d03a7d41841488de462c,"{""circuit"":""surface_code:rotated_memory_x"",""cluster_node_limit"":50,""d"":7,""decoder"":""mwpf"",""decoder_type"":""SolverSerialJointSingleHair"",""p"":0.05,""p_erase"":0.05,""r"":7,""run_id"":""6f604c679956d1cf0daf6d77107bb840f1154ac07c7e1969bb8402e01858bb91""}",
       512,         0,         0,   0.436,mwpf__b6016d819feb2809ffcf636abab514c45d75b03883db9deaeb3212ba16d427f7,17c3525d8e7ed29f6b86b05ef0009c1af731021e045d13d4a382926450c6644c,"{""circuit"":""surface_code:rotated_memory_x"",""cluster_node_limit"":50,""d"":7,""decoder"":""mwpf"",""decoder_type"":""SolverSerialJointSingleHair"",""p"":0.005,""p_erase"":0.005,""r"":7,""run_id"":""3ff977703ebf3f566a41dac215e2bc8e682579cf7cec84db2f03627fcfabbad2""}",
        16,         9,         0,   0.401,mwpf__896f3dc2c428c5c3bd808eb3cf2c780aa9e502e977467691de169f32c83a0647,3edb2ec651a68bfdc9765ebf8d3698d92006edac63bb654b4b1296d087be24a3,"{""circuit"":""surface_code:rotated_memory_x"",""cluster_node_limit"":50,""d"":7,""decoder"":""mwpf"",""decoder_type"":""SolverSerialJointSingleHair"",""p"":0.06,""p_erase"":0.06,""r"":7,""run_id"":""41e8a83007d9cf79fae89c7e2eb169407b888404b52611d599cfbd8d3d61e56d""}",
       512,         0,         0,   0.521,mwpf__4aed23b674076cc15b4dcd1aeb6b0a8db6b52d88acd7d465bf49dfcb9c23e5c2,ade57cc12597f9b057a68161ae03989a950f74466f84fc8640ee0038ac8c8016,"{""circuit"":""surface_code:rotated_memory_x"",""cluster_node_limit"":50,""d"":7,""decoder"":""mwpf"",""decoder_type"":""SolverSerialJointSingleHair"",""p"":0.006,""p_erase"":0.006,""r"":7,""run_id"":""c569d24a00e94715f929354bdbd1860f950e40c56d976da161032d1bf73e9e9d""}",
       512,         0,         0,   0.522,mwpf__4aed23b674076cc15b4dcd1aeb6b0a8db6b52d88acd7d465bf49dfcb9c23e5c2,ade57cc12597f9b057a68161ae03989a950f74466f84fc8640ee0038ac8c8016,"{""circuit"":""surface_code:rotated_memory_x"",""cluster_node_limit"":50,""d"":7,""decoder"":""mwpf"",""decoder_type"":""SolverSerialJointSingleHair"",""p"":0.006,""p_erase"":0.006,""r"":7,""run_id"":""c569d24a00e94715f929354bdbd1860f950e40c56d976da161032d1bf73e9e9d""}",
       512,         0,         0,   0.533,mwpf__4aed23b674076cc15b4dcd1aeb6b0a8db6b52d88acd7d465bf49dfcb9c23e5c2,ade57cc12597f9b057a68161ae03989a950f74466f84fc8640ee0038ac8c8016,"{""circuit"":""surface_code:rotated_memory_x"",""cluster_node_limit"":50,""d"":7,""decoder"":""mwpf"",""decoder_type"":""SolverSerialJointSingleHair"",""p"":0.006,""p_erase"":0.006,""r"":7,""run_id"":""c569d24a00e94715f929354bdbd1860f950e40c56d976da161032d1bf73e9e9d""}",
      1024,         0,         0,   0.584,mwpf__b812ea1c944048d52b7ed0223688528ae68a6f16fdf6d6c88cc8f8a6fc9d35bf,27db751210829c9e0cd03776fcc3890987608bbb2891aa96c8a9b6e74280fcbd,"{""circuit"":""surface_code:rotated_memory_x"",""cluster_node_limit"":50,""d"":7,""decoder"":""mwpf"",""decoder_type"":""SolverSerialJointSingleHair"",""p"":0.003,""p_erase"":0.003,""r"":7,""run_id"":""3e7768a46571fd1de5957ad6fb50ce7c500c937939ee9035abc77e8f3db0e162""}",
       128,         0,         0,   0.590,mwpf__4be7971ec0aed8b350943219afc2640031998d7bde83aee6a0f21fb9cad0071d,0b500337b6e25e32dcf4bed99809a5d106409a48cf464ef28981fe2fb56292db,"{""circuit"":""surface_code:rotated_memory_x"",""cluster_node_limit"":50,""d"":7,""decoder"":""mwpf"",""decoder_type"":""SolverSerialJointSingleHair"",""p"":0.02,""p_erase"":0.02,""r"":7,""run_id"":""ec632a372450f8a655350bea6e7a952b552cfb386cd39755b54f2b84ee3f6f31""}",
        32,        11,         0,   0.794,mwpf__44785f8372daa341abdebcd828887424427bf9b811680dbe0b80e9dd0478da48,79f30c78ea0219ad2b4e9c1731639789d4a70f0809a5d03a7d41841488de462c,"{""circuit"":""surface_code:rotated_memory_x"",""cluster_node_limit"":50,""d"":7,""decoder"":""mwpf"",""decoder_type"":""SolverSerialJointSingleHair"",""p"":0.05,""p_erase"":0.05,""r"":7,""run_id"":""6f604c679956d1cf0daf6d77107bb840f1154ac07c7e1969bb8402e01858bb91""}",
       512,         0,         0,   0.654,mwpf__d28f1af8d4d041d92b7031084fdbcab6dc1e9cf1c24adb30eaa887515eb6649d,0ad7c7cfd60bfc8d2cc9a8cda8479ce98f46b483bb1cdf9eb70b27588a28a083,"{""circuit"":""surface_code:rotated_memory_x"",""cluster_node_limit"":50,""d"":7,""decoder"":""mwpf"",""decoder_type"":""SolverSerialJointSingleHair"",""p"":0.0075,""p_erase"":0.0075,""r"":7,""run_id"":""746c0ed850e7a1c4899561c73e97af04ff040736013cde397145df4c660e1d2a""}",
       256,         0,         0,   0.406,mwpf__738c4c2fe60c79a38f4352423c226453cf78c7d4efc409ac916f3f724e7f428b,f522fd2f03991528ab1e67f7b35462f84ed9738f5f8cde70a41909bee4fd3f87,"{""circuit"":""surface_code:rotated_memory_x"",""cluster_node_limit"":50,""d"":7,""decoder"":""mwpf"",""decoder_type"":""SolverSerialJointSingleHair"",""p"":0.009,""p_erase"":0.009,""r"":7,""run_id"":""4b2052dd33b88244b8dc64e1aa696c4f0cef9c363b27e7d2cd9a4ccb51da3596""}",
       256,         0,         0,   0.465,mwpf__27cac5a9d63b5310296ad2f389f4539acd5e7fb7f123dc12456c335e8393c788,ed79fc073e9e8e64e12ca9cee3f1b3b09617b06e5f19d423f3dca5e27321c0ec,"{""circuit"":""surface_code:rotated_memory_x"",""cluster_node_limit"":50,""d"":7,""decoder"":""mwpf"",""decoder_type"":""SolverSerialJointSingleHair"",""p"":0.01,""p_erase"":0.01,""r"":7,""run_id"":""85dc4b86326449a5e4d2267937782207589c000366e3fbe70d98bb3f9fb5a333""}",
       128,         1,         0,   0.610,mwpf__4be7971ec0aed8b350943219afc2640031998d7bde83aee6a0f21fb9cad0071d,0b500337b6e25e32dcf4bed99809a5d106409a48cf464ef28981fe2fb56292db,"{""circuit"":""surface_code:rotated_memory_x"",""cluster_node_limit"":50,""d"":7,""decoder"":""mwpf"",""decoder_type"":""SolverSerialJointSingleHair"",""p"":0.02,""p_erase"":0.02,""r"":7,""run_id"":""ec632a372450f8a655350bea6e7a952b552cfb386cd39755b54f2b84ee3f6f31""}",
      1024,         0,         0,   0.733,mwpf__c4afa78e50d4bd05ad1f0c114167a16caecf88a4774611fbf3cad944195b6005,33eb410828ea0eb329ef8a7d4ffe6dca8964600f3517f915065fb02130ff52fa,"{""circuit"":""surface_code:rotated_memory_x"",""cluster_node_limit"":50,""d"":7,""decoder"":""mwpf"",""decoder_type"":""SolverSerialJointSingleHair"",""p"":0.004,""p_erase"":0.004,""r"":7,""run_id"":""bc63bb586674bf0943da17e714fe33cb9292304a00c52142dcc0aa98a48fe916""}",
      1024,         0,         0,   0.591,mwpf__b812ea1c944048d52b7ed0223688528ae68a6f16fdf6d6c88cc8f8a6fc9d35bf,27db751210829c9e0cd03776fcc3890987608bbb2891aa96c8a9b6e74280fcbd,"{""circuit"":""surface_code:rotated_memory_x"",""cluster_node_limit"":50,""d"":7,""decoder"":""mwpf"",""decoder_type"":""SolverSerialJointSingleHair"",""p"":0.003,""p_erase"":0.003,""r"":7,""run_id"":""3e7768a46571fd1de5957ad6fb50ce7c500c937939ee9035abc77e8f3db0e162""}",
       512,         0,         0,   0.620,mwpf__3676edfd3705a10bff90f19b109b554244bd8b49a912fddd54112319402e54b2,f5fc0e2830bf34a034cecaa2a86787ee42c5ac7b974e2cca4fce80b4f9d60e16,"{""circuit"":""surface_code:rotated_memory_x"",""cluster_node_limit"":50,""d"":7,""decoder"":""mwpf"",""decoder_type"":""SolverSerialJointSingleHair"",""p"":0.007,""p_erase"":0.007,""r"":7,""run_id"":""cc23d39f806d6b050b42fdf6523d37ff1ded4115cd9804c1b1173f160297dfb9""}",
        32,        13,         0,   0.535,mwpf__98f1b527ad63d0c96b87fae2ef9b5a001df2d2c4d1bcf7718808c982f8f67de9,228a01b856019daca44f88d1c0dd611b9d09141c474412396bea6d8158eea878,"{""circuit"":""surface_code:rotated_memory_x"",""cluster_node_limit"":50,""d"":7,""decoder"":""mwpf"",""decoder_type"":""SolverSerialJointSingleHair"",""p"":0.04,""p_erase"":0.04,""r"":7,""run_id"":""22cc46a396a276b666b805f90859895cb11c4a18ae76c90aeb44e64208d7955b""}",
       256,         0,         0,   0.420,mwpf__738c4c2fe60c79a38f4352423c226453cf78c7d4efc409ac916f3f724e7f428b,f522fd2f03991528ab1e67f7b35462f84ed9738f5f8cde70a41909bee4fd3f87,"{""circuit"":""surface_code:rotated_memory_x"",""cluster_node_limit"":50,""d"":7,""decoder"":""mwpf"",""decoder_type"":""SolverSerialJointSingleHair"",""p"":0.009,""p_erase"":0.009,""r"":7,""run_id"":""4b2052dd33b88244b8dc64e1aa696c4f0cef9c363b27e7d2cd9a4ccb51da3596""}",
       512,         0,         0,   0.446,mwpf__b6016d819feb2809ffcf636abab514c45d75b03883db9deaeb3212ba16d427f7,17c3525d8e7ed29f6b86b05ef0009c1af731021e045d13d4a382926450c6644c,"{""circuit"":""surface_code:rotated_memory_x"",""cluster_node_limit"":50,""d"":7,""decoder"":""mwpf"",""decoder_type"":""SolverSerialJointSingleHair"",""p"":0.005,""p_erase"":0.005,""r"":7,""run_id"":""3ff977703ebf3f566a41dac215e2bc8e682579cf7cec84db2f03627fcfabbad2""}",
        16,         7,         0,   0.430,mwpf__896f3dc2c428c5c3bd808eb3cf2c780aa9e502e977467691de169f32c83a0647,3edb2ec651a68bfdc9765ebf8d3698d92006edac63bb654b4b1296d087be24a3,"{""circuit"":""surface_code:rotated_memory_x"",""cluster_node_limit"":50,""d"":7,""decoder"":""mwpf"",""decoder_type"":""SolverSerialJointSingleHair"",""p"":0.06,""p_erase"":0.06,""r"":7,""run_id"":""41e8a83007d9cf79fae89c7e2eb169407b888404b52611d599cfbd8d3d61e56d""}",
       512,         0,         0,   0.732,mwpf__cc84687092a659fc65a3ee05269b6b569030e8df60c8f6bb1338aab95b850464,de2559247a63aadd19f6ad89515979a5d4f1397f9e0720615a2b8b2b9f64cc61,"{""circuit"":""surface_code:rotated_memory_x"",""cluster_node_limit"":50,""d"":7,""decoder"":""mwpf"",""decoder_type"":""SolverSerialJointSingleHair"",""p"":0.008,""p_erase"":0.008,""r"":7,""run_id"":""b0127341a48953a855ea3549247068ee7050e7461912fad56a38b1d8708ded61""}",
      1024,         0,         0,   0.727,mwpf__c4afa78e50d4bd05ad1f0c114167a16caecf88a4774611fbf3cad944195b6005,33eb410828ea0eb329ef8a7d4ffe6dca8964600f3517f915065fb02130ff52fa,"{""circuit"":""surface_code:rotated_memory_x"",""cluster_node_limit"":50,""d"":7,""decoder"":""mwpf"",""decoder_type"":""SolverSerialJointSingleHair"",""p"":0.004,""p_erase"":0.004,""r"":7,""run_id"":""bc63bb586674bf0943da17e714fe33cb9292304a00c52142dcc0aa98a48fe916""}",
       512,         0,         0,   0.720,mwpf__cc84687092a659fc65a3ee05269b6b569030e8df60c8f6bb1338aab95b850464,de2559247a63aadd19f6ad89515979a5d4f1397f9e0720615a2b8b2b9f64cc61,"{""circuit"":""surface_code:rotated_memory_x"",""cluster_node_limit"":50,""d"":7,""decoder"":""mwpf"",""decoder_type"":""SolverSerialJointSingleHair"",""p"":0.008,""p_erase"":0.008,""r"":7,""run_id"":""b0127341a48953a855ea3549247068ee7050e7461912fad56a38b1d8708ded61""}",
      1024,         0,         0,   0.591,mwpf__b812ea1c944048d52b7ed0223688528ae68a6f16fdf6d6c88cc8f8a6fc9d35bf,27db751210829c9e0cd03776fcc3890987608bbb2891aa96c8a9b6e74280fcbd,"{""circuit"":""surface_code:rotated_memory_x"",""cluster_node_limit"":50,""d"":7,""decoder"":""mwpf"",""decoder_type"":""SolverSerialJointSingleHair"",""p"":0.003,""p_erase"":0.003,""r"":7,""run_id"":""3e7768a46571fd1de5957ad6fb50ce7c500c937939ee9035abc77e8f3db0e162""}",
        16,         8,         0,   0.447,mwpf__896f3dc2c428c5c3bd808eb3cf2c780aa9e502e977467691de169f32c83a0647,3edb2ec651a68bfdc9765ebf8d3698d92006edac63bb654b4b1296d087be24a3,"{""circuit"":""surface_code:rotated_memory_x"",""cluster_node_limit"":50,""d"":7,""decoder"":""mwpf"",""decoder_type"":""SolverSerialJointSingleHair"",""p"":0.06,""p_erase"":0.06,""r"":7,""run_id"":""41e8a83007d9cf79fae89c7e2eb169407b888404b52611d599cfbd8d3d61e56d""}",
        32,         7,         0,   0.621,mwpf__98f1b527ad63d0c96b87fae2ef9b5a001df2d2c4d1bcf7718808c982f8f67de9,228a01b856019daca44f88d1c0dd611b9d09141c474412396bea6d8158eea878,"{""circuit"":""surface_code:rotated_memory_x"",""cluster_node_limit"":50,""d"":7,""decoder"":""mwpf"",""decoder_type"":""SolverSerialJointSingleHair"",""p"":0.04,""p_erase"":0.04,""r"":7,""run_id"":""22cc46a396a276b666b805f90859895cb11c4a18ae76c90aeb44e64208d7955b""}",
      1024,         0,         0,   0.738,mwpf__c4afa78e50d4bd05ad1f0c114167a16caecf88a4774611fbf3cad944195b6005,33eb410828ea0eb329ef8a7d4ffe6dca8964600f3517f915065fb02130ff52fa,"{""circuit"":""surface_code:rotated_memory_x"",""cluster_node_limit"":50,""d"":7,""decoder"":""mwpf"",""decoder_type"":""SolverSerialJointSingleHair"",""p"":0.004,""p_erase"":0.004,""r"":7,""run_id"":""bc63bb586674bf0943da17e714fe33cb9292304a00c52142dcc0aa98a48fe916""}",
        64,         4,         0,   0.637,mwpf__52a073e7515446df52cbda9ca7c289cfd1927a5295e69ea691f5d15087ee0aff,5a668985a08f01552b0c1df7417c34aec474e3171f00de2b4ec4b430761e3525,"{""circuit"":""surface_code:rotated_memory_x"",""cluster_node_limit"":50,""d"":7,""decoder"":""mwpf"",""decoder_type"":""SolverSerialJointSingleHair"",""p"":0.03,""p_erase"":0.03,""r"":7,""run_id"":""813ba4eb16fa666e67959bd8c62870ba1c2c26cd74e0d3cecbae76623e9435dc""}",
       512,         0,         0,   0.525,mwpf__4aed23b674076cc15b4dcd1aeb6b0a8db6b52d88acd7d465bf49dfcb9c23e5c2,ade57cc12597f9b057a68161ae03989a950f74466f84fc8640ee0038ac8c8016,"{""circuit"":""surface_code:rotated_memory_x"",""cluster_node_limit"":50,""d"":7,""decoder"":""mwpf"",""decoder_type"":""SolverSerialJointSingleHair"",""p"":0.006,""p_erase"":0.006,""r"":7,""run_id"":""c569d24a00e94715f929354bdbd1860f950e40c56d976da161032d1bf73e9e9d""}",
        64,         5,         0,   0.651,mwpf__52a073e7515446df52cbda9ca7c289cfd1927a5295e69ea691f5d15087ee0aff,5a668985a08f01552b0c1df7417c34aec474e3171f00de2b4ec4b430761e3525,"{""circuit"":""surface_code:rotated_memory_x"",""cluster_node_limit"":50,""d"":7,""decoder"":""mwpf"",""decoder_type"":""SolverSerialJointSingleHair"",""p"":0.03,""p_erase"":0.03,""r"":7,""run_id"":""813ba4eb16fa666e67959bd8c62870ba1c2c26cd74e0d3cecbae76623e9435dc""}",
       512,         0,         0,   0.615,mwpf__3676edfd3705a10bff90f19b109b554244bd8b49a912fddd54112319402e54b2,f5fc0e2830bf34a034cecaa2a86787ee42c5ac7b974e2cca4fce80b4f9d60e16,"{""circuit"":""surface_code:rotated_memory_x"",""cluster_node_limit"":50,""d"":7,""decoder"":""mwpf"",""decoder_type"":""SolverSerialJointSingleHair"",""p"":0.007,""p_erase"":0.007,""r"":7,""run_id"":""cc23d39f806d6b050b42fdf6523d37ff1ded4115cd9804c1b1173f160297dfb9""}",
       512,         0,         0,   0.550,mwpf__4aed23b674076cc15b4dcd1aeb6b0a8db6b52d88acd7d465bf49dfcb9c23e5c2,ade57cc12597f9b057a68161ae03989a950f74466f84fc8640ee0038ac8c8016,"{""circuit"":""surface_code:rotated_memory_x"",""cluster_node_limit"":50,""d"":7,""decoder"":""mwpf"",""decoder_type"":""SolverSerialJointSingleHair"",""p"":0.006,""p_erase"":0.006,""r"":7,""run_id"":""c569d24a00e94715f929354bdbd1860f950e40c56d976da161032d1bf73e9e9d""}",
       768,         0,         0,   0.995,mwpf__d28f1af8d4d041d92b7031084fdbcab6dc1e9cf1c24adb30eaa887515eb6649d,0ad7c7cfd60bfc8d2cc9a8cda8479ce98f46b483bb1cdf9eb70b27588a28a083,"{""circuit"":""surface_code:rotated_memory_x"",""cluster_node_limit"":50,""d"":7,""decoder"":""mwpf"",""decoder_type"":""SolverSerialJointSingleHair"",""p"":0.0075,""p_erase"":0.0075,""r"":7,""run_id"":""746c0ed850e7a1c4899561c73e97af04ff040736013cde397145df4c660e1d2a""}",
       512,         0,         0,   0.526,mwpf__4aed23b674076cc15b4dcd1aeb6b0a8db6b52d88acd7d465bf49dfcb9c23e5c2,ade57cc12597f9b057a68161ae03989a950f74466f84fc8640ee0038ac8c8016,"{""circuit"":""surface_code:rotated_memory_x"",""cluster_node_limit"":50,""d"":7,""decoder"":""mwpf"",""decoder_type"":""SolverSerialJointSingleHair"",""p"":0.006,""p_erase"":0.006,""r"":7,""run_id"":""c569d24a00e94715f929354bdbd1860f950e40c56d976da161032d1bf73e9e9d""}",
      1024,         0,         0,   0.883,mwpf__b6016d819feb2809ffcf636abab514c45d75b03883db9deaeb3212ba16d427f7,17c3525d8e7ed29f6b86b05ef0009c1af731021e045d13d4a382926450c6644c,"{""circuit"":""surface_code:rotated_memory_x"",""cluster_node_limit"":50,""d"":7,""decoder"":""mwpf"",""decoder_type"":""SolverSerialJointSingleHair"",""p"":0.005,""p_erase"":0.005,""r"":7,""run_id"":""3ff977703ebf3f566a41dac215e2bc8e682579cf7cec84db2f03627fcfabbad2""}",
       256,         0,         0,   0.477,mwpf__738c4c2fe60c79a38f4352423c226453cf78c7d4efc409ac916f3f724e7f428b,f522fd2f03991528ab1e67f7b35462f84ed9738f5f8cde70a41909bee4fd3f87,"{""circuit"":""surface_code:rotated_memory_x"",""cluster_node_limit"":50,""d"":7,""decoder"":""mwpf"",""decoder_type"":""SolverSerialJointSingleHair"",""p"":0.009,""p_erase"":0.009,""r"":7,""run_id"":""4b2052dd33b88244b8dc64e1aa696c4f0cef9c363b27e7d2cd9a4ccb51da3596""}",
       256,         0,         0,   0.464,mwpf__27cac5a9d63b5310296ad2f389f4539acd5e7fb7f123dc12456c335e8393c788,ed79fc073e9e8e64e12ca9cee3f1b3b09617b06e5f19d423f3dca5e27321c0ec,"{""circuit"":""surface_code:rotated_memory_x"",""cluster_node_limit"":50,""d"":7,""decoder"":""mwpf"",""decoder_type"":""SolverSerialJointSingleHair"",""p"":0.01,""p_erase"":0.01,""r"":7,""run_id"":""85dc4b86326449a5e4d2267937782207589c000366e3fbe70d98bb3f9fb5a333""}",
        32,        18,         0,   0.751,mwpf__44785f8372daa341abdebcd828887424427bf9b811680dbe0b80e9dd0478da48,79f30c78ea0219ad2b4e9c1731639789d4a70f0809a5d03a7d41841488de462c,"{""circuit"":""surface_code:rotated_memory_x"",""cluster_node_limit"":50,""d"":7,""decoder"":""mwpf"",""decoder_type"":""SolverSerialJointSingleHair"",""p"":0.05,""p_erase"":0.05,""r"":7,""run_id"":""6f604c679956d1cf0daf6d77107bb840f1154ac07c7e1969bb8402e01858bb91""}",
      1024,         0,         0,   0.579,mwpf__b812ea1c944048d52b7ed0223688528ae68a6f16fdf6d6c88cc8f8a6fc9d35bf,27db751210829c9e0cd03776fcc3890987608bbb2891aa96c8a9b6e74280fcbd,"{""circuit"":""surface_code:rotated_memory_x"",""cluster_node_limit"":50,""d"":7,""decoder"":""mwpf"",""decoder_type"":""SolverSerialJointSingleHair"",""p"":0.003,""p_erase"":0.003,""r"":7,""run_id"":""3e7768a46571fd1de5957ad6fb50ce7c500c937939ee9035abc77e8f3db0e162""}",
       128,         2,         0,   0.581,mwpf__4be7971ec0aed8b350943219afc2640031998d7bde83aee6a0f21fb9cad0071d,0b500337b6e25e32dcf4bed99809a5d106409a48cf464ef28981fe2fb56292db,"{""circuit"":""surface_code:rotated_memory_x"",""cluster_node_limit"":50,""d"":7,""decoder"":""mwpf"",""decoder_type"":""SolverSerialJointSingleHair"",""p"":0.02,""p_erase"":0.02,""r"":7,""run_id"":""ec632a372450f8a655350bea6e7a952b552cfb386cd39755b54f2b84ee3f6f31""}",
       256,         0,         0,   0.420,mwpf__738c4c2fe60c79a38f4352423c226453cf78c7d4efc409ac916f3f724e7f428b,f522fd2f03991528ab1e67f7b35462f84ed9738f5f8cde70a41909bee4fd3f87,"{""circuit"":""surface_code:rotated_memory_x"",""cluster_node_limit"":50,""d"":7,""decoder"":""mwpf"",""decoder_type"":""SolverSerialJointSingleHair"",""p"":0.009,""p_erase"":0.009,""r"":7,""run_id"":""4b2052dd33b88244b8dc64e1aa696c4f0cef9c363b27e7d2cd9a4ccb51da3596""}",
       512,         0,         0,   0.912,mwpf__27cac5a9d63b5310296ad2f389f4539acd5e7fb7f123dc12456c335e8393c788,ed79fc073e9e8e64e12ca9cee3f1b3b09617b06e5f19d423f3dca5e27321c0ec,"{""circuit"":""surface_code:rotated_memory_x"",""cluster_node_limit"":50,""d"":7,""decoder"":""mwpf"",""decoder_type"":""SolverSerialJointSingleHair"",""p"":0.01,""p_erase"":0.01,""r"":7,""run_id"":""85dc4b86326449a5e4d2267937782207589c000366e3fbe70d98bb3f9fb5a333""}",
       512,         0,         0,   0.444,mwpf__b6016d819feb2809ffcf636abab514c45d75b03883db9deaeb3212ba16d427f7,17c3525d8e7ed29f6b86b05ef0009c1af731021e045d13d4a382926450c6644c,"{""circuit"":""surface_code:rotated_memory_x"",""cluster_node_limit"":50,""d"":7,""decoder"":""mwpf"",""decoder_type"":""SolverSerialJointSingleHair"",""p"":0.005,""p_erase"":0.005,""r"":7,""run_id"":""3ff977703ebf3f566a41dac215e2bc8e682579cf7cec84db2f03627fcfabbad2""}",
        32,         7,         0,   0.511,mwpf__98f1b527ad63d0c96b87fae2ef9b5a001df2d2c4d1bcf7718808c982f8f67de9,228a01b856019daca44f88d1c0dd611b9d09141c474412396bea6d8158eea878,"{""circuit"":""surface_code:rotated_memory_x"",""cluster_node_limit"":50,""d"":7,""decoder"":""mwpf"",""decoder_type"":""SolverSerialJointSingleHair"",""p"":0.04,""p_erase"":0.04,""r"":7,""run_id"":""22cc46a396a276b666b805f90859895cb11c4a18ae76c90aeb44e64208d7955b""}",
       512,         0,         0,   0.673,mwpf__d28f1af8d4d041d92b7031084fdbcab6dc1e9cf1c24adb30eaa887515eb6649d,0ad7c7cfd60bfc8d2cc9a8cda8479ce98f46b483bb1cdf9eb70b27588a28a083,"{""circuit"":""surface_code:rotated_memory_x"",""cluster_node_limit"":50,""d"":7,""decoder"":""mwpf"",""decoder_type"":""SolverSerialJointSingleHair"",""p"":0.0075,""p_erase"":0.0075,""r"":7,""run_id"":""746c0ed850e7a1c4899561c73e97af04ff040736013cde397145df4c660e1d2a""}",
       128,         0,         0,   0.605,mwpf__4be7971ec0aed8b350943219afc2640031998d7bde83aee6a0f21fb9cad0071d,0b500337b6e25e32dcf4bed99809a5d106409a48cf464ef28981fe2fb56292db,"{""circuit"":""surface_code:rotated_memory_x"",""cluster_node_limit"":50,""d"":7,""decoder"":""mwpf"",""decoder_type"":""SolverSerialJointSingleHair"",""p"":0.02,""p_erase"":0.02,""r"":7,""run_id"":""ec632a372450f8a655350bea6e7a952b552cfb386cd39755b54f2b84ee3f6f31""}",
      1024,         0,         0,   0.882,mwpf__b6016d819feb2809ffcf636abab514c45d75b03883db9deaeb3212ba16d427f7,17c3525d8e7ed29f6b86b05ef0009c1af731021e045d13d4a382926450c6644c,"{""circuit"":""surface_code:rotated_memory_x"",""cluster_node_limit"":50,""d"":7,""decoder"":""mwpf"",""decoder_type"":""SolverSerialJointSingleHair"",""p"":0.005,""p_erase"":0.005,""r"":7,""run_id"":""3ff977703ebf3f566a41dac215e2bc8e682579cf7cec84db2f03627fcfabbad2""}",
      1024,         0,         0,   0.587,mwpf__b812ea1c944048d52b7ed0223688528ae68a6f16fdf6d6c88cc8f8a6fc9d35bf,27db751210829c9e0cd03776fcc3890987608bbb2891aa96c8a9b6e74280fcbd,"{""circuit"":""surface_code:rotated_memory_x"",""cluster_node_limit"":50,""d"":7,""decoder"":""mwpf"",""decoder_type"":""SolverSerialJointSingleHair"",""p"":0.003,""p_erase"":0.003,""r"":7,""run_id"":""3e7768a46571fd1de5957ad6fb50ce7c500c937939ee9035abc77e8f3db0e162""}",
        16,         9,         0,   0.462,mwpf__896f3dc2c428c5c3bd808eb3cf2c780aa9e502e977467691de169f32c83a0647,3edb2ec651a68bfdc9765ebf8d3698d92006edac63bb654b4b1296d087be24a3,"{""circuit"":""surface_code:rotated_memory_x"",""cluster_node_limit"":50,""d"":7,""decoder"":""mwpf"",""decoder_type"":""SolverSerialJointSingleHair"",""p"":0.06,""p_erase"":0.06,""r"":7,""run_id"":""41e8a83007d9cf79fae89c7e2eb169407b888404b52611d599cfbd8d3d61e56d""}",
       512,         0,         0,   0.598,mwpf__3676edfd3705a10bff90f19b109b554244bd8b49a912fddd54112319402e54b2,f5fc0e2830bf34a034cecaa2a86787ee42c5ac7b974e2cca4fce80b4f9d60e16,"{""circuit"":""surface_code:rotated_memory_x"",""cluster_node_limit"":50,""d"":7,""decoder"":""mwpf"",""decoder_type"":""SolverSerialJointSingleHair"",""p"":0.007,""p_erase"":0.007,""r"":7,""run_id"":""cc23d39f806d6b050b42fdf6523d37ff1ded4115cd9804c1b1173f160297dfb9""}",
        32,        15,         0,   0.740,mwpf__44785f8372daa341abdebcd828887424427bf9b811680dbe0b80e9dd0478da48,79f30c78ea0219ad2b4e9c1731639789d4a70f0809a5d03a7d41841488de462c,"{""circuit"":""surface_code:rotated_memory_x"",""cluster_node_limit"":50,""d"":7,""decoder"":""mwpf"",""decoder_type"":""SolverSerialJointSingleHair"",""p"":0.05,""p_erase"":0.05,""r"":7,""run_id"":""6f604c679956d1cf0daf6d77107bb840f1154ac07c7e1969bb8402e01858bb91""}",
      1024,         0,         0,   0.573,mwpf__b812ea1c944048d52b7ed0223688528ae68a6f16fdf6d6c88cc8f8a6fc9d35bf,27db751210829c9e0cd03776fcc3890987608bbb2891aa96c8a9b6e74280fcbd,"{""circuit"":""surface_code:rotated_memory_x"",""cluster_node_limit"":50,""d"":7,""decoder"":""mwpf"",""decoder_type"":""SolverSerialJointSingleHair"",""p"":0.003,""p_erase"":0.003,""r"":7,""run_id"":""3e7768a46571fd1de5957ad6fb50ce7c500c937939ee9035abc77e8f3db0e162""}",
        32,        11,         0,   0.551,mwpf__98f1b527ad63d0c96b87fae2ef9b5a001df2d2c4d1bcf7718808c982f8f67de9,228a01b856019daca44f88d1c0dd611b9d09141c474412396bea6d8158eea878,"{""circuit"":""surface_code:rotated_memory_x"",""cluster_node_limit"":50,""d"":7,""decoder"":""mwpf"",""decoder_type"":""SolverSerialJointSingleHair"",""p"":0.04,""p_erase"":0.04,""r"":7,""run_id"":""22cc46a396a276b666b805f90859895cb11c4a18ae76c90aeb44e64208d7955b""}",
       512,         0,         0,   0.501,mwpf__4aed23b674076cc15b4dcd1aeb6b0a8db6b52d88acd7d465bf49dfcb9c23e5c2,ade57cc12597f9b057a68161ae03989a950f74466f84fc8640ee0038ac8c8016,"{""circuit"":""surface_code:rotated_memory_x"",""cluster_node_limit"":50,""d"":7,""decoder"":""mwpf"",""decoder_type"":""SolverSerialJointSingleHair"",""p"":0.006,""p_erase"":0.006,""r"":7,""run_id"":""c569d24a00e94715f929354bdbd1860f950e40c56d976da161032d1bf73e9e9d""}",
      1024,         0,         0,   0.723,mwpf__c4afa78e50d4bd05ad1f0c114167a16caecf88a4774611fbf3cad944195b6005,33eb410828ea0eb329ef8a7d4ffe6dca8964600f3517f915065fb02130ff52fa,"{""circuit"":""surface_code:rotated_memory_x"",""cluster_node_limit"":50,""d"":7,""decoder"":""mwpf"",""decoder_type"":""SolverSerialJointSingleHair"",""p"":0.004,""p_erase"":0.004,""r"":7,""run_id"":""bc63bb586674bf0943da17e714fe33cb9292304a00c52142dcc0aa98a48fe916""}",
       512,         0,         0,   0.701,mwpf__cc84687092a659fc65a3ee05269b6b569030e8df60c8f6bb1338aab95b850464,de2559247a63aadd19f6ad89515979a5d4f1397f9e0720615a2b8b2b9f64cc61,"{""circuit"":""surface_code:rotated_memory_x"",""cluster_node_limit"":50,""d"":7,""decoder"":""mwpf"",""decoder_type"":""SolverSerialJointSingleHair"",""p"":0.008,""p_erase"":0.008,""r"":7,""run_id"":""b0127341a48953a855ea3549247068ee7050e7461912fad56a38b1d8708ded61""}",
       256,         0,         0,   0.436,mwpf__738c4c2fe60c79a38f4352423c226453cf78c7d4efc409ac916f3f724e7f428b,f522fd2f03991528ab1e67f7b35462f84ed9738f5f8cde70a41909bee4fd3f87,"{""circuit"":""surface_code:rotated_memory_x"",""cluster_node_limit"":50,""d"":7,""decoder"":""mwpf"",""decoder_type"":""SolverSerialJointSingleHair"",""p"":0.009,""p_erase"":0.009,""r"":7,""run_id"":""4b2052dd33b88244b8dc64e1aa696c4f0cef9c363b27e7d2cd9a4ccb51da3596""}",
       512,         0,         0,   0.594,mwpf__3676edfd3705a10bff90f19b109b554244bd8b49a912fddd54112319402e54b2,f5fc0e2830bf34a034cecaa2a86787ee42c5ac7b974e2cca4fce80b4f9d60e16,"{""circuit"":""surface_code:rotated_memory_x"",""cluster_node_limit"":50,""d"":7,""decoder"":""mwpf"",""decoder_type"":""SolverSerialJointSingleHair"",""p"":0.007,""p_erase"":0.007,""r"":7,""run_id"":""cc23d39f806d6b050b42fdf6523d37ff1ded4115cd9804c1b1173f160297dfb9""}",
        64,         5,         0,   0.639,mwpf__52a073e7515446df52cbda9ca7c289cfd1927a5295e69ea691f5d15087ee0aff,5a668985a08f01552b0c1df7417c34aec474e3171f00de2b4ec4b430761e3525,"{""circuit"":""surface_code:rotated_memory_x"",""cluster_node_limit"":50,""d"":7,""decoder"":""mwpf"",""decoder_type"":""SolverSerialJointSingleHair"",""p"":0.03,""p_erase"":0.03,""r"":7,""run_id"":""813ba4eb16fa666e67959bd8c62870ba1c2c26cd74e0d3cecbae76623e9435dc""}",
       512,         0,         0,   0.536,mwpf__4aed23b674076cc15b4dcd1aeb6b0a8db6b52d88acd7d465bf49dfcb9c23e5c2,ade57cc12597f9b057a68161ae03989a950f74466f84fc8640ee0038ac8c8016,"{""circuit"":""surface_code:rotated_memory_x"",""cluster_node_limit"":50,""d"":7,""decoder"":""mwpf"",""decoder_type"":""SolverSerialJointSingleHair"",""p"":0.006,""p_erase"":0.006,""r"":7,""run_id"":""c569d24a00e94715f929354bdbd1860f950e40c56d976da161032d1bf73e9e9d""}",
       512,         0,         0,   0.525,mwpf__4aed23b674076cc15b4dcd1aeb6b0a8db6b52d88acd7d465bf49dfcb9c23e5c2,ade57cc12597f9b057a68161ae03989a950f74466f84fc8640ee0038ac8c8016,"{""circuit"":""surface_code:rotated_memory_x"",""cluster_node_limit"":50,""d"":7,""decoder"":""mwpf"",""decoder_type"":""SolverSerialJointSingleHair"",""p"":0.006,""p_erase"":0.006,""r"":7,""run_id"":""c569d24a00e94715f929354bdbd1860f950e40c56d976da161032d1bf73e9e9d""}",
        64,         6,         0,   0.641,mwpf__52a073e7515446df52cbda9ca7c289cfd1927a5295e69ea691f5d15087ee0aff,5a668985a08f01552b0c1df7417c34aec474e3171f00de2b4ec4b430761e3525,"{""circuit"":""surface_code:rotated_memory_x"",""cluster_node_limit"":50,""d"":7,""decoder"":""mwpf"",""decoder_type"":""SolverSerialJointSingleHair"",""p"":0.03,""p_erase"":0.03,""r"":7,""run_id"":""813ba4eb16fa666e67959bd8c62870ba1c2c26cd74e0d3cecbae76623e9435dc""}",
        32,        11,         0,   0.851,mwpf__896f3dc2c428c5c3bd808eb3cf2c780aa9e502e977467691de169f32c83a0647,3edb2ec651a68bfdc9765ebf8d3698d92006edac63bb654b4b1296d087be24a3,"{""circuit"":""surface_code:rotated_memory_x"",""cluster_node_limit"":50,""d"":7,""decoder"":""mwpf"",""decoder_type"":""SolverSerialJointSingleHair"",""p"":0.06,""p_erase"":0.06,""r"":7,""run_id"":""41e8a83007d9cf79fae89c7e2eb169407b888404b52611d599cfbd8d3d61e56d""}",
      1024,         0,         0,   0.570,mwpf__b812ea1c944048d52b7ed0223688528ae68a6f16fdf6d6c88cc8f8a6fc9d35bf,27db751210829c9e0cd03776fcc3890987608bbb2891aa96c8a9b6e74280fcbd,"{""circuit"":""surface_code:rotated_memory_x"",""cluster_node_limit"":50,""d"":7,""decoder"":""mwpf"",""decoder_type"":""SolverSerialJointSingleHair"",""p"":0.003,""p_erase"":0.003,""r"":7,""run_id"":""3e7768a46571fd1de5957ad6fb50ce7c500c937939ee9035abc77e8f3db0e162""}",
       128,         0,         0,   0.584,mwpf__4be7971ec0aed8b350943219afc2640031998d7bde83aee6a0f21fb9cad0071d,0b500337b6e25e32dcf4bed99809a5d106409a48cf464ef28981fe2fb56292db,"{""circuit"":""surface_code:rotated_memory_x"",""cluster_node_limit"":50,""d"":7,""decoder"":""mwpf"",""decoder_type"":""SolverSerialJointSingleHair"",""p"":0.02,""p_erase"":0.02,""r"":7,""run_id"":""ec632a372450f8a655350bea6e7a952b552cfb386cd39755b54f2b84ee3f6f31""}",
      1536,         0,         0,    1.08,mwpf__c4afa78e50d4bd05ad1f0c114167a16caecf88a4774611fbf3cad944195b6005,33eb410828ea0eb329ef8a7d4ffe6dca8964600f3517f915065fb02130ff52fa,"{""circuit"":""surface_code:rotated_memory_x"",""cluster_node_limit"":50,""d"":7,""decoder"":""mwpf"",""decoder_type"":""SolverSerialJointSingleHair"",""p"":0.004,""p_erase"":0.004,""r"":7,""run_id"":""bc63bb586674bf0943da17e714fe33cb9292304a00c52142dcc0aa98a48fe916""}",
        32,         8,         0,   0.555,mwpf__98f1b527ad63d0c96b87fae2ef9b5a001df2d2c4d1bcf7718808c982f8f67de9,228a01b856019daca44f88d1c0dd611b9d09141c474412396bea6d8158eea878,"{""circuit"":""surface_code:rotated_memory_x"",""cluster_node_limit"":50,""d"":7,""decoder"":""mwpf"",""decoder_type"":""SolverSerialJointSingleHair"",""p"":0.04,""p_erase"":0.04,""r"":7,""run_id"":""22cc46a396a276b666b805f90859895cb11c4a18ae76c90aeb44e64208d7955b""}",
      1024,         0,         0,   0.583,mwpf__b812ea1c944048d52b7ed0223688528ae68a6f16fdf6d6c88cc8f8a6fc9d35bf,27db751210829c9e0cd03776fcc3890987608bbb2891aa96c8a9b6e74280fcbd,"{""circuit"":""surface_code:rotated_memory_x"",""cluster_node_limit"":50,""d"":7,""decoder"":""mwpf"",""decoder_type"":""SolverSerialJointSingleHair"",""p"":0.003,""p_erase"":0.003,""r"":7,""run_id"":""3e7768a46571fd1de5957ad6fb50ce7c500c937939ee9035abc77e8f3db0e162""}",
       128,         1,         0,   0.601,mwpf__4be7971ec0aed8b350943219afc2640031998d7bde83aee6a0f21fb9cad0071d,0b500337b6e25e32dcf4bed99809a5d106409a48cf464ef28981fe2fb56292db,"{""circuit"":""surface_code:rotated_memory_x"",""cluster_node_limit"":50,""d"":7,""decoder"":""mwpf"",""decoder_type"":""SolverSerialJointSingleHair"",""p"":0.02,""p_erase"":0.02,""r"":7,""run_id"":""ec632a372450f8a655350bea6e7a952b552cfb386cd39755b54f2b84ee3f6f31""}",
       768,         0,         0,    1.09,mwpf__cc84687092a659fc65a3ee05269b6b569030e8df60c8f6bb1338aab95b850464,de2559247a63aadd19f6ad89515979a5d4f1397f9e0720615a2b8b2b9f64cc61,"{""circuit"":""surface_code:rotated_memory_x"",""cluster_node_limit"":50,""d"":7,""decoder"":""mwpf"",""decoder_type"":""SolverSerialJointSingleHair"",""p"":0.008,""p_erase"":0.008,""r"":7,""run_id"":""b0127341a48953a855ea3549247068ee7050e7461912fad56a38b1d8708ded61""}",
        32,        18,         0,   0.798,mwpf__44785f8372daa341abdebcd828887424427bf9b811680dbe0b80e9dd0478da48,79f30c78ea0219ad2b4e9c1731639789d4a70f0809a5d03a7d41841488de462c,"{""circuit"":""surface_code:rotated_memory_x"",""cluster_node_limit"":50,""d"":7,""decoder"":""mwpf"",""decoder_type"":""SolverSerialJointSingleHair"",""p"":0.05,""p_erase"":0.05,""r"":7,""run_id"":""6f604c679956d1cf0daf6d77107bb840f1154ac07c7e1969bb8402e01858bb91""}",
       256,         0,         0,   0.413,mwpf__738c4c2fe60c79a38f4352423c226453cf78c7d4efc409ac916f3f724e7f428b,f522fd2f03991528ab1e67f7b35462f84ed9738f5f8cde70a41909bee4fd3f87,"{""circuit"":""surface_code:rotated_memory_x"",""cluster_node_limit"":50,""d"":7,""decoder"":""mwpf"",""decoder_type"":""SolverSerialJointSingleHair"",""p"":0.009,""p_erase"":0.009,""r"":7,""run_id"":""4b2052dd33b88244b8dc64e1aa696c4f0cef9c363b27e7d2cd9a4ccb51da3596""}",
       512,         0,         0,   0.815,mwpf__738c4c2fe60c79a38f4352423c226453cf78c7d4efc409ac916f3f724e7f428b,f522fd2f03991528ab1e67f7b35462f84ed9738f5f8cde70a41909bee4fd3f87,"{""circuit"":""surface_code:rotated_memory_x"",""cluster_node_limit"":50,""d"":7,""decoder"":""mwpf"",""decoder_type"":""SolverSerialJointSingleHair"",""p"":0.009,""p_erase"":0.009,""r"":7,""run_id"":""4b2052dd33b88244b8dc64e1aa696c4f0cef9c363b27e7d2cd9a4ccb51da3596""}",
      1024,         0,         0,   0.571,mwpf__b812ea1c944048d52b7ed0223688528ae68a6f16fdf6d6c88cc8f8a6fc9d35bf,27db751210829c9e0cd03776fcc3890987608bbb2891aa96c8a9b6e74280fcbd,"{""circuit"":""surface_code:rotated_memory_x"",""cluster_node_limit"":50,""d"":7,""decoder"":""mwpf"",""decoder_type"":""SolverSerialJointSingleHair"",""p"":0.003,""p_erase"":0.003,""r"":7,""run_id"":""3e7768a46571fd1de5957ad6fb50ce7c500c937939ee9035abc77e8f3db0e162""}",
      1024,         0,         0,   0.875,mwpf__b6016d819feb2809ffcf636abab514c45d75b03883db9deaeb3212ba16d427f7,17c3525d8e7ed29f6b86b05ef0009c1af731021e045d13d4a382926450c6644c,"{""circuit"":""surface_code:rotated_memory_x"",""cluster_node_limit"":50,""d"":7,""decoder"":""mwpf"",""decoder_type"":""SolverSerialJointSingleHair"",""p"":0.005,""p_erase"":0.005,""r"":7,""run_id"":""3ff977703ebf3f566a41dac215e2bc8e682579cf7cec84db2f03627fcfabbad2""}",
      1536,         0,         0,    1.09,mwpf__c4afa78e50d4bd05ad1f0c114167a16caecf88a4774611fbf3cad944195b6005,33eb410828ea0eb329ef8a7d4ffe6dca8964600f3517f915065fb02130ff52fa,"{""circuit"":""surface_code:rotated_memory_x"",""cluster_node_limit"":50,""d"":7,""decoder"":""mwpf"",""decoder_type"":""SolverSerialJointSingleHair"",""p"":0.004,""p_erase"":0.004,""r"":7,""run_id"":""bc63bb586674bf0943da17e714fe33cb9292304a00c52142dcc0aa98a48fe916""}",
       512,         0,         0,   0.922,mwpf__27cac5a9d63b5310296ad2f389f4539acd5e7fb7f123dc12456c335e8393c788,ed79fc073e9e8e64e12ca9cee3f1b3b09617b06e5f19d423f3dca5e27321c0ec,"{""circuit"":""surface_code:rotated_memory_x"",""cluster_node_limit"":50,""d"":7,""decoder"":""mwpf"",""decoder_type"":""SolverSerialJointSingleHair"",""p"":0.01,""p_erase"":0.01,""r"":7,""run_id"":""85dc4b86326449a5e4d2267937782207589c000366e3fbe70d98bb3f9fb5a333""}",
        32,        10,         0,   0.638,mwpf__98f1b527ad63d0c96b87fae2ef9b5a001df2d2c4d1bcf7718808c982f8f67de9,228a01b856019daca44f88d1c0dd611b9d09141c474412396bea6d8158eea878,"{""circuit"":""surface_code:rotated_memory_x"",""cluster_node_limit"":50,""d"":7,""decoder"":""mwpf"",""decoder_type"":""SolverSerialJointSingleHair"",""p"":0.04,""p_erase"":0.04,""r"":7,""run_id"":""22cc46a396a276b666b805f90859895cb11c4a18ae76c90aeb44e64208d7955b""}",
      1024,         0,         0,   0.893,mwpf__b6016d819feb2809ffcf636abab514c45d75b03883db9deaeb3212ba16d427f7,17c3525d8e7ed29f6b86b05ef0009c1af731021e045d13d4a382926450c6644c,"{""circuit"":""surface_code:rotated_memory_x"",""cluster_node_limit"":50,""d"":7,""decoder"":""mwpf"",""decoder_type"":""SolverSerialJointSingleHair"",""p"":0.005,""p_erase"":0.005,""r"":7,""run_id"":""3ff977703ebf3f566a41dac215e2bc8e682579cf7cec84db2f03627fcfabbad2""}",
       512,         0,         0,   0.934,mwpf__27cac5a9d63b5310296ad2f389f4539acd5e7fb7f123dc12456c335e8393c788,ed79fc073e9e8e64e12ca9cee3f1b3b09617b06e5f19d423f3dca5e27321c0ec,"{""circuit"":""surface_code:rotated_memory_x"",""cluster_node_limit"":50,""d"":7,""decoder"":""mwpf"",""decoder_type"":""SolverSerialJointSingleHair"",""p"":0.01,""p_erase"":0.01,""r"":7,""run_id"":""85dc4b86326449a5e4d2267937782207589c000366e3fbe70d98bb3f9fb5a333""}",
       512,         0,         0,   0.533,mwpf__4aed23b674076cc15b4dcd1aeb6b0a8db6b52d88acd7d465bf49dfcb9c23e5c2,ade57cc12597f9b057a68161ae03989a950f74466f84fc8640ee0038ac8c8016,"{""circuit"":""surface_code:rotated_memory_x"",""cluster_node_limit"":50,""d"":7,""decoder"":""mwpf"",""decoder_type"":""SolverSerialJointSingleHair"",""p"":0.006,""p_erase"":0.006,""r"":7,""run_id"":""c569d24a00e94715f929354bdbd1860f950e40c56d976da161032d1bf73e9e9d""}",
       512,         0,         0,   0.545,mwpf__4aed23b674076cc15b4dcd1aeb6b0a8db6b52d88acd7d465bf49dfcb9c23e5c2,ade57cc12597f9b057a68161ae03989a950f74466f84fc8640ee0038ac8c8016,"{""circuit"":""surface_code:rotated_memory_x"",""cluster_node_limit"":50,""d"":7,""decoder"":""mwpf"",""decoder_type"":""SolverSerialJointSingleHair"",""p"":0.006,""p_erase"":0.006,""r"":7,""run_id"":""c569d24a00e94715f929354bdbd1860f950e40c56d976da161032d1bf73e9e9d""}",
      1024,         0,         0,   0.867,mwpf__b6016d819feb2809ffcf636abab514c45d75b03883db9deaeb3212ba16d427f7,17c3525d8e7ed29f6b86b05ef0009c1af731021e045d13d4a382926450c6644c,"{""circuit"":""surface_code:rotated_memory_x"",""cluster_node_limit"":50,""d"":7,""decoder"":""mwpf"",""decoder_type"":""SolverSerialJointSingleHair"",""p"":0.005,""p_erase"":0.005,""r"":7,""run_id"":""3ff977703ebf3f566a41dac215e2bc8e682579cf7cec84db2f03627fcfabbad2""}",
        64,         4,         0,   0.599,mwpf__52a073e7515446df52cbda9ca7c289cfd1927a5295e69ea691f5d15087ee0aff,5a668985a08f01552b0c1df7417c34aec474e3171f00de2b4ec4b430761e3525,"{""circuit"":""surface_code:rotated_memory_x"",""cluster_node_limit"":50,""d"":7,""decoder"":""mwpf"",""decoder_type"":""SolverSerialJointSingleHair"",""p"":0.03,""p_erase"":0.03,""r"":7,""run_id"":""813ba4eb16fa666e67959bd8c62870ba1c2c26cd74e0d3cecbae76623e9435dc""}",
       512,         0,         0,   0.621,mwpf__3676edfd3705a10bff90f19b109b554244bd8b49a912fddd54112319402e54b2,f5fc0e2830bf34a034cecaa2a86787ee42c5ac7b974e2cca4fce80b4f9d60e16,"{""circuit"":""surface_code:rotated_memory_x"",""cluster_node_limit"":50,""d"":7,""decoder"":""mwpf"",""decoder_type"":""SolverSerialJointSingleHair"",""p"":0.007,""p_erase"":0.007,""r"":7,""run_id"":""cc23d39f806d6b050b42fdf6523d37ff1ded4115cd9804c1b1173f160297dfb9""}",
        32,        11,         0,   0.878,mwpf__896f3dc2c428c5c3bd808eb3cf2c780aa9e502e977467691de169f32c83a0647,3edb2ec651a68bfdc9765ebf8d3698d92006edac63bb654b4b1296d087be24a3,"{""circuit"":""surface_code:rotated_memory_x"",""cluster_node_limit"":50,""d"":7,""decoder"":""mwpf"",""decoder_type"":""SolverSerialJointSingleHair"",""p"":0.06,""p_erase"":0.06,""r"":7,""run_id"":""41e8a83007d9cf79fae89c7e2eb169407b888404b52611d599cfbd8d3d61e56d""}",
        64,         9,         0,   0.619,mwpf__52a073e7515446df52cbda9ca7c289cfd1927a5295e69ea691f5d15087ee0aff,5a668985a08f01552b0c1df7417c34aec474e3171f00de2b4ec4b430761e3525,"{""circuit"":""surface_code:rotated_memory_x"",""cluster_node_limit"":50,""d"":7,""decoder"":""mwpf"",""decoder_type"":""SolverSerialJointSingleHair"",""p"":0.03,""p_erase"":0.03,""r"":7,""run_id"":""813ba4eb16fa666e67959bd8c62870ba1c2c26cd74e0d3cecbae76623e9435dc""}",
       768,         0,         0,    1.02,mwpf__d28f1af8d4d041d92b7031084fdbcab6dc1e9cf1c24adb30eaa887515eb6649d,0ad7c7cfd60bfc8d2cc9a8cda8479ce98f46b483bb1cdf9eb70b27588a28a083,"{""circuit"":""surface_code:rotated_memory_x"",""cluster_node_limit"":50,""d"":7,""decoder"":""mwpf"",""decoder_type"":""SolverSerialJointSingleHair"",""p"":0.0075,""p_erase"":0.0075,""r"":7,""run_id"":""746c0ed850e7a1c4899561c73e97af04ff040736013cde397145df4c660e1d2a""}",
       128,         0,         0,   0.595,mwpf__4be7971ec0aed8b350943219afc2640031998d7bde83aee6a0f21fb9cad0071d,0b500337b6e25e32dcf4bed99809a5d106409a48cf464ef28981fe2fb56292db,"{""circuit"":""surface_code:rotated_memory_x"",""cluster_node_limit"":50,""d"":7,""decoder"":""mwpf"",""decoder_type"":""SolverSerialJointSingleHair"",""p"":0.02,""p_erase"":0.02,""r"":7,""run_id"":""ec632a372450f8a655350bea6e7a952b552cfb386cd39755b54f2b84ee3f6f31""}",
       256,         0,         0,   0.400,mwpf__738c4c2fe60c79a38f4352423c226453cf78c7d4efc409ac916f3f724e7f428b,f522fd2f03991528ab1e67f7b35462f84ed9738f5f8cde70a41909bee4fd3f87,"{""circuit"":""surface_code:rotated_memory_x"",""cluster_node_limit"":50,""d"":7,""decoder"":""mwpf"",""decoder_type"":""SolverSerialJointSingleHair"",""p"":0.009,""p_erase"":0.009,""r"":7,""run_id"":""4b2052dd33b88244b8dc64e1aa696c4f0cef9c363b27e7d2cd9a4ccb51da3596""}",
      1024,         0,         0,    1.35,mwpf__d28f1af8d4d041d92b7031084fdbcab6dc1e9cf1c24adb30eaa887515eb6649d,0ad7c7cfd60bfc8d2cc9a8cda8479ce98f46b483bb1cdf9eb70b27588a28a083,"{""circuit"":""surface_code:rotated_memory_x"",""cluster_node_limit"":50,""d"":7,""decoder"":""mwpf"",""decoder_type"":""SolverSerialJointSingleHair"",""p"":0.0075,""p_erase"":0.0075,""r"":7,""run_id"":""746c0ed850e7a1c4899561c73e97af04ff040736013cde397145df4c660e1d2a""}",
        48,        20,         0,    1.09,mwpf__44785f8372daa341abdebcd828887424427bf9b811680dbe0b80e9dd0478da48,79f30c78ea0219ad2b4e9c1731639789d4a70f0809a5d03a7d41841488de462c,"{""circuit"":""surface_code:rotated_memory_x"",""cluster_node_limit"":50,""d"":7,""decoder"":""mwpf"",""decoder_type"":""SolverSerialJointSingleHair"",""p"":0.05,""p_erase"":0.05,""r"":7,""run_id"":""6f604c679956d1cf0daf6d77107bb840f1154ac07c7e1969bb8402e01858bb91""}",
      1024,         0,         0,   0.581,mwpf__b812ea1c944048d52b7ed0223688528ae68a6f16fdf6d6c88cc8f8a6fc9d35bf,27db751210829c9e0cd03776fcc3890987608bbb2891aa96c8a9b6e74280fcbd,"{""circuit"":""surface_code:rotated_memory_x"",""cluster_node_limit"":50,""d"":7,""decoder"":""mwpf"",""decoder_type"":""SolverSerialJointSingleHair"",""p"":0.003,""p_erase"":0.003,""r"":7,""run_id"":""3e7768a46571fd1de5957ad6fb50ce7c500c937939ee9035abc77e8f3db0e162""}",
       128,         0,         0,   0.594,mwpf__4be7971ec0aed8b350943219afc2640031998d7bde83aee6a0f21fb9cad0071d,0b500337b6e25e32dcf4bed99809a5d106409a48cf464ef28981fe2fb56292db,"{""circuit"":""surface_code:rotated_memory_x"",""cluster_node_limit"":50,""d"":7,""decoder"":""mwpf"",""decoder_type"":""SolverSerialJointSingleHair"",""p"":0.02,""p_erase"":0.02,""r"":7,""run_id"":""ec632a372450f8a655350bea6e7a952b552cfb386cd39755b54f2b84ee3f6f31""}",
      1024,         0,         0,    1.06,mwpf__4aed23b674076cc15b4dcd1aeb6b0a8db6b52d88acd7d465bf49dfcb9c23e5c2,ade57cc12597f9b057a68161ae03989a950f74466f84fc8640ee0038ac8c8016,"{""circuit"":""surface_code:rotated_memory_x"",""cluster_node_limit"":50,""d"":7,""decoder"":""mwpf"",""decoder_type"":""SolverSerialJointSingleHair"",""p"":0.006,""p_erase"":0.006,""r"":7,""run_id"":""c569d24a00e94715f929354bdbd1860f950e40c56d976da161032d1bf73e9e9d""}",
      1024,         0,         0,   0.580,mwpf__b812ea1c944048d52b7ed0223688528ae68a6f16fdf6d6c88cc8f8a6fc9d35bf,27db751210829c9e0cd03776fcc3890987608bbb2891aa96c8a9b6e74280fcbd,"{""circuit"":""surface_code:rotated_memory_x"",""cluster_node_limit"":50,""d"":7,""decoder"":""mwpf"",""decoder_type"":""SolverSerialJointSingleHair"",""p"":0.003,""p_erase"":0.003,""r"":7,""run_id"":""3e7768a46571fd1de5957ad6fb50ce7c500c937939ee9035abc77e8f3db0e162""}",
      1024,         0,         0,    1.24,mwpf__3676edfd3705a10bff90f19b109b554244bd8b49a912fddd54112319402e54b2,f5fc0e2830bf34a034cecaa2a86787ee42c5ac7b974e2cca4fce80b4f9d60e16,"{""circuit"":""surface_code:rotated_memory_x"",""cluster_node_limit"":50,""d"":7,""decoder"":""mwpf"",""decoder_type"":""SolverSerialJointSingleHair"",""p"":0.007,""p_erase"":0.007,""r"":7,""run_id"":""cc23d39f806d6b050b42fdf6523d37ff1ded4115cd9804c1b1173f160297dfb9""}",
       768,         0,         0,    1.04,mwpf__cc84687092a659fc65a3ee05269b6b569030e8df60c8f6bb1338aab95b850464,de2559247a63aadd19f6ad89515979a5d4f1397f9e0720615a2b8b2b9f64cc61,"{""circuit"":""surface_code:rotated_memory_x"",""cluster_node_limit"":50,""d"":7,""decoder"":""mwpf"",""decoder_type"":""SolverSerialJointSingleHair"",""p"":0.008,""p_erase"":0.008,""r"":7,""run_id"":""b0127341a48953a855ea3549247068ee7050e7461912fad56a38b1d8708ded61""}",
        32,        21,         0,   0.955,mwpf__896f3dc2c428c5c3bd808eb3cf2c780aa9e502e977467691de169f32c83a0647,3edb2ec651a68bfdc9765ebf8d3698d92006edac63bb654b4b1296d087be24a3,"{""circuit"":""surface_code:rotated_memory_x"",""cluster_node_limit"":50,""d"":7,""decoder"":""mwpf"",""decoder_type"":""SolverSerialJointSingleHair"",""p"":0.06,""p_erase"":0.06,""r"":7,""run_id"":""41e8a83007d9cf79fae89c7e2eb169407b888404b52611d599cfbd8d3d61e56d""}",
        32,        14,         0,   0.551,mwpf__98f1b527ad63d0c96b87fae2ef9b5a001df2d2c4d1bcf7718808c982f8f67de9,228a01b856019daca44f88d1c0dd611b9d09141c474412396bea6d8158eea878,"{""circuit"":""surface_code:rotated_memory_x"",""cluster_node_limit"":50,""d"":7,""decoder"":""mwpf"",""decoder_type"":""SolverSerialJointSingleHair"",""p"":0.04,""p_erase"":0.04,""r"":7,""run_id"":""22cc46a396a276b666b805f90859895cb11c4a18ae76c90aeb44e64208d7955b""}",
      1536,         0,         0,    1.09,mwpf__c4afa78e50d4bd05ad1f0c114167a16caecf88a4774611fbf3cad944195b6005,33eb410828ea0eb329ef8a7d4ffe6dca8964600f3517f915065fb02130ff52fa,"{""circuit"":""surface_code:rotated_memory_x"",""cluster_node_limit"":50,""d"":7,""decoder"":""mwpf"",""decoder_type"":""SolverSerialJointSingleHair"",""p"":0.004,""p_erase"":0.004,""r"":7,""run_id"":""bc63bb586674bf0943da17e714fe33cb9292304a00c52142dcc0aa98a48fe916""}",
       512,         0,         0,   0.813,mwpf__738c4c2fe60c79a38f4352423c226453cf78c7d4efc409ac916f3f724e7f428b,f522fd2f03991528ab1e67f7b35462f84ed9738f5f8cde70a41909bee4fd3f87,"{""circuit"":""surface_code:rotated_memory_x"",""cluster_node_limit"":50,""d"":7,""decoder"":""mwpf"",""decoder_type"":""SolverSerialJointSingleHair"",""p"":0.009,""p_erase"":0.009,""r"":7,""run_id"":""4b2052dd33b88244b8dc64e1aa696c4f0cef9c363b27e7d2cd9a4ccb51da3596""}",
        64,         3,         0,   0.634,mwpf__52a073e7515446df52cbda9ca7c289cfd1927a5295e69ea691f5d15087ee0aff,5a668985a08f01552b0c1df7417c34aec474e3171f00de2b4ec4b430761e3525,"{""circuit"":""surface_code:rotated_memory_x"",""cluster_node_limit"":50,""d"":7,""decoder"":""mwpf"",""decoder_type"":""SolverSerialJointSingleHair"",""p"":0.03,""p_erase"":0.03,""r"":7,""run_id"":""813ba4eb16fa666e67959bd8c62870ba1c2c26cd74e0d3cecbae76623e9435dc""}",
        64,         5,         0,   0.583,mwpf__52a073e7515446df52cbda9ca7c289cfd1927a5295e69ea691f5d15087ee0aff,5a668985a08f01552b0c1df7417c34aec474e3171f00de2b4ec4b430761e3525,"{""circuit"":""surface_code:rotated_memory_x"",""cluster_node_limit"":50,""d"":7,""decoder"":""mwpf"",""decoder_type"":""SolverSerialJointSingleHair"",""p"":0.03,""p_erase"":0.03,""r"":7,""run_id"":""813ba4eb16fa666e67959bd8c62870ba1c2c26cd74e0d3cecbae76623e9435dc""}",
       256,         0,         0,   0.466,mwpf__738c4c2fe60c79a38f4352423c226453cf78c7d4efc409ac916f3f724e7f428b,f522fd2f03991528ab1e67f7b35462f84ed9738f5f8cde70a41909bee4fd3f87,"{""circuit"":""surface_code:rotated_memory_x"",""cluster_node_limit"":50,""d"":7,""decoder"":""mwpf"",""decoder_type"":""SolverSerialJointSingleHair"",""p"":0.009,""p_erase"":0.009,""r"":7,""run_id"":""4b2052dd33b88244b8dc64e1aa696c4f0cef9c363b27e7d2cd9a4ccb51da3596""}",
      2048,         0,         0,    1.14,mwpf__b812ea1c944048d52b7ed0223688528ae68a6f16fdf6d6c88cc8f8a6fc9d35bf,27db751210829c9e0cd03776fcc3890987608bbb2891aa96c8a9b6e74280fcbd,"{""circuit"":""surface_code:rotated_memory_x"",""cluster_node_limit"":50,""d"":7,""decoder"":""mwpf"",""decoder_type"":""SolverSerialJointSingleHair"",""p"":0.003,""p_erase"":0.003,""r"":7,""run_id"":""3e7768a46571fd1de5957ad6fb50ce7c500c937939ee9035abc77e8f3db0e162""}",
       128,         1,         0,   0.596,mwpf__4be7971ec0aed8b350943219afc2640031998d7bde83aee6a0f21fb9cad0071d,0b500337b6e25e32dcf4bed99809a5d106409a48cf464ef28981fe2fb56292db,"{""circuit"":""surface_code:rotated_memory_x"",""cluster_node_limit"":50,""d"":7,""decoder"":""mwpf"",""decoder_type"":""SolverSerialJointSingleHair"",""p"":0.02,""p_erase"":0.02,""r"":7,""run_id"":""ec632a372450f8a655350bea6e7a952b552cfb386cd39755b54f2b84ee3f6f31""}",
        64,        22,         0,    1.13,mwpf__98f1b527ad63d0c96b87fae2ef9b5a001df2d2c4d1bcf7718808c982f8f67de9,228a01b856019daca44f88d1c0dd611b9d09141c474412396bea6d8158eea878,"{""circuit"":""surface_code:rotated_memory_x"",""cluster_node_limit"":50,""d"":7,""decoder"":""mwpf"",""decoder_type"":""SolverSerialJointSingleHair"",""p"":0.04,""p_erase"":0.04,""r"":7,""run_id"":""22cc46a396a276b666b805f90859895cb11c4a18ae76c90aeb44e64208d7955b""}",
       512,         0,         0,   0.892,mwpf__27cac5a9d63b5310296ad2f389f4539acd5e7fb7f123dc12456c335e8393c788,ed79fc073e9e8e64e12ca9cee3f1b3b09617b06e5f19d423f3dca5e27321c0ec,"{""circuit"":""surface_code:rotated_memory_x"",""cluster_node_limit"":50,""d"":7,""decoder"":""mwpf"",""decoder_type"":""SolverSerialJointSingleHair"",""p"":0.01,""p_erase"":0.01,""r"":7,""run_id"":""85dc4b86326449a5e4d2267937782207589c000366e3fbe70d98bb3f9fb5a333""}",
      1024,         0,         0,   0.876,mwpf__b6016d819feb2809ffcf636abab514c45d75b03883db9deaeb3212ba16d427f7,17c3525d8e7ed29f6b86b05ef0009c1af731021e045d13d4a382926450c6644c,"{""circuit"":""surface_code:rotated_memory_x"",""cluster_node_limit"":50,""d"":7,""decoder"":""mwpf"",""decoder_type"":""SolverSerialJointSingleHair"",""p"":0.005,""p_erase"":0.005,""r"":7,""run_id"":""3ff977703ebf3f566a41dac215e2bc8e682579cf7cec84db2f03627fcfabbad2""}",
      1024,         0,         0,   0.585,mwpf__b812ea1c944048d52b7ed0223688528ae68a6f16fdf6d6c88cc8f8a6fc9d35bf,27db751210829c9e0cd03776fcc3890987608bbb2891aa96c8a9b6e74280fcbd,"{""circuit"":""surface_code:rotated_memory_x"",""cluster_node_limit"":50,""d"":7,""decoder"":""mwpf"",""decoder_type"":""SolverSerialJointSingleHair"",""p"":0.003,""p_erase"":0.003,""r"":7,""run_id"":""3e7768a46571fd1de5957ad6fb50ce7c500c937939ee9035abc77e8f3db0e162""}",
        32,        17,         0,   0.851,mwpf__896f3dc2c428c5c3bd808eb3cf2c780aa9e502e977467691de169f32c83a0647,3edb2ec651a68bfdc9765ebf8d3698d92006edac63bb654b4b1296d087be24a3,"{""circuit"":""surface_code:rotated_memory_x"",""cluster_node_limit"":50,""d"":7,""decoder"":""mwpf"",""decoder_type"":""SolverSerialJointSingleHair"",""p"":0.06,""p_erase"":0.06,""r"":7,""run_id"":""41e8a83007d9cf79fae89c7e2eb169407b888404b52611d599cfbd8d3d61e56d""}",
        48,        19,         0,    1.14,mwpf__44785f8372daa341abdebcd828887424427bf9b811680dbe0b80e9dd0478da48,79f30c78ea0219ad2b4e9c1731639789d4a70f0809a5d03a7d41841488de462c,"{""circuit"":""surface_code:rotated_memory_x"",""cluster_node_limit"":50,""d"":7,""decoder"":""mwpf"",""decoder_type"":""SolverSerialJointSingleHair"",""p"":0.05,""p_erase"":0.05,""r"":7,""run_id"":""6f604c679956d1cf0daf6d77107bb840f1154ac07c7e1969bb8402e01858bb91""}",
       128,         1,         0,   0.615,mwpf__4be7971ec0aed8b350943219afc2640031998d7bde83aee6a0f21fb9cad0071d,0b500337b6e25e32dcf4bed99809a5d106409a48cf464ef28981fe2fb56292db,"{""circuit"":""surface_code:rotated_memory_x"",""cluster_node_limit"":50,""d"":7,""decoder"":""mwpf"",""decoder_type"":""SolverSerialJointSingleHair"",""p"":0.02,""p_erase"":0.02,""r"":7,""run_id"":""ec632a372450f8a655350bea6e7a952b552cfb386cd39755b54f2b84ee3f6f31""}",
      1024,         0,         0,   0.578,mwpf__b812ea1c944048d52b7ed0223688528ae68a6f16fdf6d6c88cc8f8a6fc9d35bf,27db751210829c9e0cd03776fcc3890987608bbb2891aa96c8a9b6e74280fcbd,"{""circuit"":""surface_code:rotated_memory_x"",""cluster_node_limit"":50,""d"":7,""decoder"":""mwpf"",""decoder_type"":""SolverSerialJointSingleHair"",""p"":0.003,""p_erase"":0.003,""r"":7,""run_id"":""3e7768a46571fd1de5957ad6fb50ce7c500c937939ee9035abc77e8f3db0e162""}",
      1024,         0,         0,    1.04,mwpf__4aed23b674076cc15b4dcd1aeb6b0a8db6b52d88acd7d465bf49dfcb9c23e5c2,ade57cc12597f9b057a68161ae03989a950f74466f84fc8640ee0038ac8c8016,"{""circuit"":""surface_code:rotated_memory_x"",""cluster_node_limit"":50,""d"":7,""decoder"":""mwpf"",""decoder_type"":""SolverSerialJointSingleHair"",""p"":0.006,""p_erase"":0.006,""r"":7,""run_id"":""c569d24a00e94715f929354bdbd1860f950e40c56d976da161032d1bf73e9e9d""}",
      1024,         0,         0,    1.03,mwpf__4aed23b674076cc15b4dcd1aeb6b0a8db6b52d88acd7d465bf49dfcb9c23e5c2,ade57cc12597f9b057a68161ae03989a950f74466f84fc8640ee0038ac8c8016,"{""circuit"":""surface_code:rotated_memory_x"",""cluster_node_limit"":50,""d"":7,""decoder"":""mwpf"",""decoder_type"":""SolverSerialJointSingleHair"",""p"":0.006,""p_erase"":0.006,""r"":7,""run_id"":""c569d24a00e94715f929354bdbd1860f950e40c56d976da161032d1bf73e9e9d""}",
        32,        10,         0,   0.574,mwpf__98f1b527ad63d0c96b87fae2ef9b5a001df2d2c4d1bcf7718808c982f8f67de9,228a01b856019daca44f88d1c0dd611b9d09141c474412396bea6d8158eea878,"{""circuit"":""surface_code:rotated_memory_x"",""cluster_node_limit"":50,""d"":7,""decoder"":""mwpf"",""decoder_type"":""SolverSerialJointSingleHair"",""p"":0.04,""p_erase"":0.04,""r"":7,""run_id"":""22cc46a396a276b666b805f90859895cb11c4a18ae76c90aeb44e64208d7955b""}",
      2048,         0,         0,    1.45,mwpf__c4afa78e50d4bd05ad1f0c114167a16caecf88a4774611fbf3cad944195b6005,33eb410828ea0eb329ef8a7d4ffe6dca8964600f3517f915065fb02130ff52fa,"{""circuit"":""surface_code:rotated_memory_x"",""cluster_node_limit"":50,""d"":7,""decoder"":""mwpf"",""decoder_type"":""SolverSerialJointSingleHair"",""p"":0.004,""p_erase"":0.004,""r"":7,""run_id"":""bc63bb586674bf0943da17e714fe33cb9292304a00c52142dcc0aa98a48fe916""}",
       256,         0,         0,   0.423,mwpf__738c4c2fe60c79a38f4352423c226453cf78c7d4efc409ac916f3f724e7f428b,f522fd2f03991528ab1e67f7b35462f84ed9738f5f8cde70a41909bee4fd3f87,"{""circuit"":""surface_code:rotated_memory_x"",""cluster_node_limit"":50,""d"":7,""decoder"":""mwpf"",""decoder_type"":""SolverSerialJointSingleHair"",""p"":0.009,""p_erase"":0.009,""r"":7,""run_id"":""4b2052dd33b88244b8dc64e1aa696c4f0cef9c363b27e7d2cd9a4ccb51da3596""}",
      1536,         0,         0,    1.32,mwpf__b6016d819feb2809ffcf636abab514c45d75b03883db9deaeb3212ba16d427f7,17c3525d8e7ed29f6b86b05ef0009c1af731021e045d13d4a382926450c6644c,"{""circuit"":""surface_code:rotated_memory_x"",""cluster_node_limit"":50,""d"":7,""decoder"":""mwpf"",""decoder_type"":""SolverSerialJointSingleHair"",""p"":0.005,""p_erase"":0.005,""r"":7,""run_id"":""3ff977703ebf3f566a41dac215e2bc8e682579cf7cec84db2f03627fcfabbad2""}",
      1024,         0,         0,    1.42,mwpf__cc84687092a659fc65a3ee05269b6b569030e8df60c8f6bb1338aab95b850464,de2559247a63aadd19f6ad89515979a5d4f1397f9e0720615a2b8b2b9f64cc61,"{""circuit"":""surface_code:rotated_memory_x"",""cluster_node_limit"":50,""d"":7,""decoder"":""mwpf"",""decoder_type"":""SolverSerialJointSingleHair"",""p"":0.008,""p_erase"":0.008,""r"":7,""run_id"":""b0127341a48953a855ea3549247068ee7050e7461912fad56a38b1d8708ded61""}",
      1024,         0,         0,    1.21,mwpf__3676edfd3705a10bff90f19b109b554244bd8b49a912fddd54112319402e54b2,f5fc0e2830bf34a034cecaa2a86787ee42c5ac7b974e2cca4fce80b4f9d60e16,"{""circuit"":""surface_code:rotated_memory_x"",""cluster_node_limit"":50,""d"":7,""decoder"":""mwpf"",""decoder_type"":""SolverSerialJointSingleHair"",""p"":0.007,""p_erase"":0.007,""r"":7,""run_id"":""cc23d39f806d6b050b42fdf6523d37ff1ded4115cd9804c1b1173f160297dfb9""}",
        64,         4,         0,   0.635,mwpf__52a073e7515446df52cbda9ca7c289cfd1927a5295e69ea691f5d15087ee0aff,5a668985a08f01552b0c1df7417c34aec474e3171f00de2b4ec4b430761e3525,"{""circuit"":""surface_code:rotated_memory_x"",""cluster_node_limit"":50,""d"":7,""decoder"":""mwpf"",""decoder_type"":""SolverSerialJointSingleHair"",""p"":0.03,""p_erase"":0.03,""r"":7,""run_id"":""813ba4eb16fa666e67959bd8c62870ba1c2c26cd74e0d3cecbae76623e9435dc""}",
      2048,         0,         0,    1.45,mwpf__c4afa78e50d4bd05ad1f0c114167a16caecf88a4774611fbf3cad944195b6005,33eb410828ea0eb329ef8a7d4ffe6dca8964600f3517f915065fb02130ff52fa,"{""circuit"":""surface_code:rotated_memory_x"",""cluster_node_limit"":50,""d"":7,""decoder"":""mwpf"",""decoder_type"":""SolverSerialJointSingleHair"",""p"":0.004,""p_erase"":0.004,""r"":7,""run_id"":""bc63bb586674bf0943da17e714fe33cb9292304a00c52142dcc0aa98a48fe916""}",
      1536,         0,         0,    1.31,mwpf__b6016d819feb2809ffcf636abab514c45d75b03883db9deaeb3212ba16d427f7,17c3525d8e7ed29f6b86b05ef0009c1af731021e045d13d4a382926450c6644c,"{""circuit"":""surface_code:rotated_memory_x"",""cluster_node_limit"":50,""d"":7,""decoder"":""mwpf"",""decoder_type"":""SolverSerialJointSingleHair"",""p"":0.005,""p_erase"":0.005,""r"":7,""run_id"":""3ff977703ebf3f566a41dac215e2bc8e682579cf7cec84db2f03627fcfabbad2""}",
       768,         0,         0,    1.38,mwpf__27cac5a9d63b5310296ad2f389f4539acd5e7fb7f123dc12456c335e8393c788,ed79fc073e9e8e64e12ca9cee3f1b3b09617b06e5f19d423f3dca5e27321c0ec,"{""circuit"":""surface_code:rotated_memory_x"",""cluster_node_limit"":50,""d"":7,""decoder"":""mwpf"",""decoder_type"":""SolverSerialJointSingleHair"",""p"":0.01,""p_erase"":0.01,""r"":7,""run_id"":""85dc4b86326449a5e4d2267937782207589c000366e3fbe70d98bb3f9fb5a333""}",
        48,        29,         0,    1.13,mwpf__44785f8372daa341abdebcd828887424427bf9b811680dbe0b80e9dd0478da48,79f30c78ea0219ad2b4e9c1731639789d4a70f0809a5d03a7d41841488de462c,"{""circuit"":""surface_code:rotated_memory_x"",""cluster_node_limit"":50,""d"":7,""decoder"":""mwpf"",""decoder_type"":""SolverSerialJointSingleHair"",""p"":0.05,""p_erase"":0.05,""r"":7,""run_id"":""6f604c679956d1cf0daf6d77107bb840f1154ac07c7e1969bb8402e01858bb91""}",
      1024,         0,         0,    1.04,mwpf__4aed23b674076cc15b4dcd1aeb6b0a8db6b52d88acd7d465bf49dfcb9c23e5c2,ade57cc12597f9b057a68161ae03989a950f74466f84fc8640ee0038ac8c8016,"{""circuit"":""surface_code:rotated_memory_x"",""cluster_node_limit"":50,""d"":7,""decoder"":""mwpf"",""decoder_type"":""SolverSerialJointSingleHair"",""p"":0.006,""p_erase"":0.006,""r"":7,""run_id"":""c569d24a00e94715f929354bdbd1860f950e40c56d976da161032d1bf73e9e9d""}",
      1024,         0,         0,    1.37,mwpf__d28f1af8d4d041d92b7031084fdbcab6dc1e9cf1c24adb30eaa887515eb6649d,0ad7c7cfd60bfc8d2cc9a8cda8479ce98f46b483bb1cdf9eb70b27588a28a083,"{""circuit"":""surface_code:rotated_memory_x"",""cluster_node_limit"":50,""d"":7,""decoder"":""mwpf"",""decoder_type"":""SolverSerialJointSingleHair"",""p"":0.0075,""p_erase"":0.0075,""r"":7,""run_id"":""746c0ed850e7a1c4899561c73e97af04ff040736013cde397145df4c660e1d2a""}",
       256,         0,         0,   0.414,mwpf__738c4c2fe60c79a38f4352423c226453cf78c7d4efc409ac916f3f724e7f428b,f522fd2f03991528ab1e67f7b35462f84ed9738f5f8cde70a41909bee4fd3f87,"{""circuit"":""surface_code:rotated_memory_x"",""cluster_node_limit"":50,""d"":7,""decoder"":""mwpf"",""decoder_type"":""SolverSerialJointSingleHair"",""p"":0.009,""p_erase"":0.009,""r"":7,""run_id"":""4b2052dd33b88244b8dc64e1aa696c4f0cef9c363b27e7d2cd9a4ccb51da3596""}",
      1024,         0,         0,    1.23,mwpf__3676edfd3705a10bff90f19b109b554244bd8b49a912fddd54112319402e54b2,f5fc0e2830bf34a034cecaa2a86787ee42c5ac7b974e2cca4fce80b4f9d60e16,"{""circuit"":""surface_code:rotated_memory_x"",""cluster_node_limit"":50,""d"":7,""decoder"":""mwpf"",""decoder_type"":""SolverSerialJointSingleHair"",""p"":0.007,""p_erase"":0.007,""r"":7,""run_id"":""cc23d39f806d6b050b42fdf6523d37ff1ded4115cd9804c1b1173f160297dfb9""}",
        48,        27,         0,    1.24,mwpf__896f3dc2c428c5c3bd808eb3cf2c780aa9e502e977467691de169f32c83a0647,3edb2ec651a68bfdc9765ebf8d3698d92006edac63bb654b4b1296d087be24a3,"{""circuit"":""surface_code:rotated_memory_x"",""cluster_node_limit"":50,""d"":7,""decoder"":""mwpf"",""decoder_type"":""SolverSerialJointSingleHair"",""p"":0.06,""p_erase"":0.06,""r"":7,""run_id"":""41e8a83007d9cf79fae89c7e2eb169407b888404b52611d599cfbd8d3d61e56d""}",
      1024,         0,         0,    1.40,mwpf__cc84687092a659fc65a3ee05269b6b569030e8df60c8f6bb1338aab95b850464,de2559247a63aadd19f6ad89515979a5d4f1397f9e0720615a2b8b2b9f64cc61,"{""circuit"":""surface_code:rotated_memory_x"",""cluster_node_limit"":50,""d"":7,""decoder"":""mwpf"",""decoder_type"":""SolverSerialJointSingleHair"",""p"":0.008,""p_erase"":0.008,""r"":7,""run_id"":""b0127341a48953a855ea3549247068ee7050e7461912fad56a38b1d8708ded61""}",
      2048,         0,         0,    1.13,mwpf__b812ea1c944048d52b7ed0223688528ae68a6f16fdf6d6c88cc8f8a6fc9d35bf,27db751210829c9e0cd03776fcc3890987608bbb2891aa96c8a9b6e74280fcbd,"{""circuit"":""surface_code:rotated_memory_x"",""cluster_node_limit"":50,""d"":7,""decoder"":""mwpf"",""decoder_type"":""SolverSerialJointSingleHair"",""p"":0.003,""p_erase"":0.003,""r"":7,""run_id"":""3e7768a46571fd1de5957ad6fb50ce7c500c937939ee9035abc77e8f3db0e162""}",
       768,         0,         0,    1.22,mwpf__738c4c2fe60c79a38f4352423c226453cf78c7d4efc409ac916f3f724e7f428b,f522fd2f03991528ab1e67f7b35462f84ed9738f5f8cde70a41909bee4fd3f87,"{""circuit"":""surface_code:rotated_memory_x"",""cluster_node_limit"":50,""d"":7,""decoder"":""mwpf"",""decoder_type"":""SolverSerialJointSingleHair"",""p"":0.009,""p_erase"":0.009,""r"":7,""run_id"":""4b2052dd33b88244b8dc64e1aa696c4f0cef9c363b27e7d2cd9a4ccb51da3596""}",
      1280,         0,         0,    1.65,mwpf__d28f1af8d4d041d92b7031084fdbcab6dc1e9cf1c24adb30eaa887515eb6649d,0ad7c7cfd60bfc8d2cc9a8cda8479ce98f46b483bb1cdf9eb70b27588a28a083,"{""circuit"":""surface_code:rotated_memory_x"",""cluster_node_limit"":50,""d"":7,""decoder"":""mwpf"",""decoder_type"":""SolverSerialJointSingleHair"",""p"":0.0075,""p_erase"":0.0075,""r"":7,""run_id"":""746c0ed850e7a1c4899561c73e97af04ff040736013cde397145df4c660e1d2a""}",
      2048,         0,         0,    1.45,mwpf__c4afa78e50d4bd05ad1f0c114167a16caecf88a4774611fbf3cad944195b6005,33eb410828ea0eb329ef8a7d4ffe6dca8964600f3517f915065fb02130ff52fa,"{""circuit"":""surface_code:rotated_memory_x"",""cluster_node_limit"":50,""d"":7,""decoder"":""mwpf"",""decoder_type"":""SolverSerialJointSingleHair"",""p"":0.004,""p_erase"":0.004,""r"":7,""run_id"":""bc63bb586674bf0943da17e714fe33cb9292304a00c52142dcc0aa98a48fe916""}",
       128,         6,         0,    1.27,mwpf__52a073e7515446df52cbda9ca7c289cfd1927a5295e69ea691f5d15087ee0aff,5a668985a08f01552b0c1df7417c34aec474e3171f00de2b4ec4b430761e3525,"{""circuit"":""surface_code:rotated_memory_x"",""cluster_node_limit"":50,""d"":7,""decoder"":""mwpf"",""decoder_type"":""SolverSerialJointSingleHair"",""p"":0.03,""p_erase"":0.03,""r"":7,""run_id"":""813ba4eb16fa666e67959bd8c62870ba1c2c26cd74e0d3cecbae76623e9435dc""}",
        64,        18,         0,    1.15,mwpf__98f1b527ad63d0c96b87fae2ef9b5a001df2d2c4d1bcf7718808c982f8f67de9,228a01b856019daca44f88d1c0dd611b9d09141c474412396bea6d8158eea878,"{""circuit"":""surface_code:rotated_memory_x"",""cluster_node_limit"":50,""d"":7,""decoder"":""mwpf"",""decoder_type"":""SolverSerialJointSingleHair"",""p"":0.04,""p_erase"":0.04,""r"":7,""run_id"":""22cc46a396a276b666b805f90859895cb11c4a18ae76c90aeb44e64208d7955b""}",
       256,         0,         0,   0.416,mwpf__738c4c2fe60c79a38f4352423c226453cf78c7d4efc409ac916f3f724e7f428b,f522fd2f03991528ab1e67f7b35462f84ed9738f5f8cde70a41909bee4fd3f87,"{""circuit"":""surface_code:rotated_memory_x"",""cluster_node_limit"":50,""d"":7,""decoder"":""mwpf"",""decoder_type"":""SolverSerialJointSingleHair"",""p"":0.009,""p_erase"":0.009,""r"":7,""run_id"":""4b2052dd33b88244b8dc64e1aa696c4f0cef9c363b27e7d2cd9a4ccb51da3596""}",
        64,         6,         0,   0.668,mwpf__52a073e7515446df52cbda9ca7c289cfd1927a5295e69ea691f5d15087ee0aff,5a668985a08f01552b0c1df7417c34aec474e3171f00de2b4ec4b430761e3525,"{""circuit"":""surface_code:rotated_memory_x"",""cluster_node_limit"":50,""d"":7,""decoder"":""mwpf"",""decoder_type"":""SolverSerialJointSingleHair"",""p"":0.03,""p_erase"":0.03,""r"":7,""run_id"":""813ba4eb16fa666e67959bd8c62870ba1c2c26cd74e0d3cecbae76623e9435dc""}",
       256,         0,         0,    1.18,mwpf__4be7971ec0aed8b350943219afc2640031998d7bde83aee6a0f21fb9cad0071d,0b500337b6e25e32dcf4bed99809a5d106409a48cf464ef28981fe2fb56292db,"{""circuit"":""surface_code:rotated_memory_x"",""cluster_node_limit"":50,""d"":7,""decoder"":""mwpf"",""decoder_type"":""SolverSerialJointSingleHair"",""p"":0.02,""p_erase"":0.02,""r"":7,""run_id"":""ec632a372450f8a655350bea6e7a952b552cfb386cd39755b54f2b84ee3f6f31""}",
      1024,         0,         0,    1.05,mwpf__4aed23b674076cc15b4dcd1aeb6b0a8db6b52d88acd7d465bf49dfcb9c23e5c2,ade57cc12597f9b057a68161ae03989a950f74466f84fc8640ee0038ac8c8016,"{""circuit"":""surface_code:rotated_memory_x"",""cluster_node_limit"":50,""d"":7,""decoder"":""mwpf"",""decoder_type"":""SolverSerialJointSingleHair"",""p"":0.006,""p_erase"":0.006,""r"":7,""run_id"":""c569d24a00e94715f929354bdbd1860f950e40c56d976da161032d1bf73e9e9d""}",
      2048,         0,         0,    1.17,mwpf__b812ea1c944048d52b7ed0223688528ae68a6f16fdf6d6c88cc8f8a6fc9d35bf,27db751210829c9e0cd03776fcc3890987608bbb2891aa96c8a9b6e74280fcbd,"{""circuit"":""surface_code:rotated_memory_x"",""cluster_node_limit"":50,""d"":7,""decoder"":""mwpf"",""decoder_type"":""SolverSerialJointSingleHair"",""p"":0.003,""p_erase"":0.003,""r"":7,""run_id"":""3e7768a46571fd1de5957ad6fb50ce7c500c937939ee9035abc77e8f3db0e162""}",
        48,        28,         0,    1.16,mwpf__44785f8372daa341abdebcd828887424427bf9b811680dbe0b80e9dd0478da48,79f30c78ea0219ad2b4e9c1731639789d4a70f0809a5d03a7d41841488de462c,"{""circuit"":""surface_code:rotated_memory_x"",""cluster_node_limit"":50,""d"":7,""decoder"":""mwpf"",""decoder_type"":""SolverSerialJointSingleHair"",""p"":0.05,""p_erase"":0.05,""r"":7,""run_id"":""6f604c679956d1cf0daf6d77107bb840f1154ac07c7e1969bb8402e01858bb91""}",
      1024,         0,         0,    1.05,mwpf__4aed23b674076cc15b4dcd1aeb6b0a8db6b52d88acd7d465bf49dfcb9c23e5c2,ade57cc12597f9b057a68161ae03989a950f74466f84fc8640ee0038ac8c8016,"{""circuit"":""surface_code:rotated_memory_x"",""cluster_node_limit"":50,""d"":7,""decoder"":""mwpf"",""decoder_type"":""SolverSerialJointSingleHair"",""p"":0.006,""p_erase"":0.006,""r"":7,""run_id"":""c569d24a00e94715f929354bdbd1860f950e40c56d976da161032d1bf73e9e9d""}",
        64,        18,         0,    1.06,mwpf__98f1b527ad63d0c96b87fae2ef9b5a001df2d2c4d1bcf7718808c982f8f67de9,228a01b856019daca44f88d1c0dd611b9d09141c474412396bea6d8158eea878,"{""circuit"":""surface_code:rotated_memory_x"",""cluster_node_limit"":50,""d"":7,""decoder"":""mwpf"",""decoder_type"":""SolverSerialJointSingleHair"",""p"":0.04,""p_erase"":0.04,""r"":7,""run_id"":""22cc46a396a276b666b805f90859895cb11c4a18ae76c90aeb44e64208d7955b""}",
       256,         1,         0,    1.18,mwpf__4be7971ec0aed8b350943219afc2640031998d7bde83aee6a0f21fb9cad0071d,0b500337b6e25e32dcf4bed99809a5d106409a48cf464ef28981fe2fb56292db,"{""circuit"":""surface_code:rotated_memory_x"",""cluster_node_limit"":50,""d"":7,""decoder"":""mwpf"",""decoder_type"":""SolverSerialJointSingleHair"",""p"":0.02,""p_erase"":0.02,""r"":7,""run_id"":""ec632a372450f8a655350bea6e7a952b552cfb386cd39755b54f2b84ee3f6f31""}",
      1536,         0,         0,    1.32,mwpf__b6016d819feb2809ffcf636abab514c45d75b03883db9deaeb3212ba16d427f7,17c3525d8e7ed29f6b86b05ef0009c1af731021e045d13d4a382926450c6644c,"{""circuit"":""surface_code:rotated_memory_x"",""cluster_node_limit"":50,""d"":7,""decoder"":""mwpf"",""decoder_type"":""SolverSerialJointSingleHair"",""p"":0.005,""p_erase"":0.005,""r"":7,""run_id"":""3ff977703ebf3f566a41dac215e2bc8e682579cf7cec84db2f03627fcfabbad2""}",
      2048,         0,         0,    1.15,mwpf__b812ea1c944048d52b7ed0223688528ae68a6f16fdf6d6c88cc8f8a6fc9d35bf,27db751210829c9e0cd03776fcc3890987608bbb2891aa96c8a9b6e74280fcbd,"{""circuit"":""surface_code:rotated_memory_x"",""cluster_node_limit"":50,""d"":7,""decoder"":""mwpf"",""decoder_type"":""SolverSerialJointSingleHair"",""p"":0.003,""p_erase"":0.003,""r"":7,""run_id"":""3e7768a46571fd1de5957ad6fb50ce7c500c937939ee9035abc77e8f3db0e162""}",
       768,         0,         0,    1.37,mwpf__27cac5a9d63b5310296ad2f389f4539acd5e7fb7f123dc12456c335e8393c788,ed79fc073e9e8e64e12ca9cee3f1b3b09617b06e5f19d423f3dca5e27321c0ec,"{""circuit"":""surface_code:rotated_memory_x"",""cluster_node_limit"":50,""d"":7,""decoder"":""mwpf"",""decoder_type"":""SolverSerialJointSingleHair"",""p"":0.01,""p_erase"":0.01,""r"":7,""run_id"":""85dc4b86326449a5e4d2267937782207589c000366e3fbe70d98bb3f9fb5a333""}",
        48,        23,         0,    1.32,mwpf__896f3dc2c428c5c3bd808eb3cf2c780aa9e502e977467691de169f32c83a0647,3edb2ec651a68bfdc9765ebf8d3698d92006edac63bb654b4b1296d087be24a3,"{""circuit"":""surface_code:rotated_memory_x"",""cluster_node_limit"":50,""d"":7,""decoder"":""mwpf"",""decoder_type"":""SolverSerialJointSingleHair"",""p"":0.06,""p_erase"":0.06,""r"":7,""run_id"":""41e8a83007d9cf79fae89c7e2eb169407b888404b52611d599cfbd8d3d61e56d""}",
       256,         0,         0,   0.457,mwpf__738c4c2fe60c79a38f4352423c226453cf78c7d4efc409ac916f3f724e7f428b,f522fd2f03991528ab1e67f7b35462f84ed9738f5f8cde70a41909bee4fd3f87,"{""circuit"":""surface_code:rotated_memory_x"",""cluster_node_limit"":50,""d"":7,""decoder"":""mwpf"",""decoder_type"":""SolverSerialJointSingleHair"",""p"":0.009,""p_erase"":0.009,""r"":7,""run_id"":""4b2052dd33b88244b8dc64e1aa696c4f0cef9c363b27e7d2cd9a4ccb51da3596""}",
      1024,         0,         0,    1.22,mwpf__3676edfd3705a10bff90f19b109b554244bd8b49a912fddd54112319402e54b2,f5fc0e2830bf34a034cecaa2a86787ee42c5ac7b974e2cca4fce80b4f9d60e16,"{""circuit"":""surface_code:rotated_memory_x"",""cluster_node_limit"":50,""d"":7,""decoder"":""mwpf"",""decoder_type"":""SolverSerialJointSingleHair"",""p"":0.007,""p_erase"":0.007,""r"":7,""run_id"":""cc23d39f806d6b050b42fdf6523d37ff1ded4115cd9804c1b1173f160297dfb9""}",
       256,         0,         0,   0.435,mwpf__738c4c2fe60c79a38f4352423c226453cf78c7d4efc409ac916f3f724e7f428b,f522fd2f03991528ab1e67f7b35462f84ed9738f5f8cde70a41909bee4fd3f87,"{""circuit"":""surface_code:rotated_memory_x"",""cluster_node_limit"":50,""d"":7,""decoder"":""mwpf"",""decoder_type"":""SolverSerialJointSingleHair"",""p"":0.009,""p_erase"":0.009,""r"":7,""run_id"":""4b2052dd33b88244b8dc64e1aa696c4f0cef9c363b27e7d2cd9a4ccb51da3596""}",
      2560,         0,         0,    1.80,mwpf__c4afa78e50d4bd05ad1f0c114167a16caecf88a4774611fbf3cad944195b6005,33eb410828ea0eb329ef8a7d4ffe6dca8964600f3517f915065fb02130ff52fa,"{""circuit"":""surface_code:rotated_memory_x"",""cluster_node_limit"":50,""d"":7,""decoder"":""mwpf"",""decoder_type"":""SolverSerialJointSingleHair"",""p"":0.004,""p_erase"":0.004,""r"":7,""run_id"":""bc63bb586674bf0943da17e714fe33cb9292304a00c52142dcc0aa98a48fe916""}",
      2048,         0,         0,    1.75,mwpf__b6016d819feb2809ffcf636abab514c45d75b03883db9deaeb3212ba16d427f7,17c3525d8e7ed29f6b86b05ef0009c1af731021e045d13d4a382926450c6644c,"{""circuit"":""surface_code:rotated_memory_x"",""cluster_node_limit"":50,""d"":7,""decoder"":""mwpf"",""decoder_type"":""SolverSerialJointSingleHair"",""p"":0.005,""p_erase"":0.005,""r"":7,""run_id"":""3ff977703ebf3f566a41dac215e2bc8e682579cf7cec84db2f03627fcfabbad2""}",
      1280,         0,         0,    1.81,mwpf__cc84687092a659fc65a3ee05269b6b569030e8df60c8f6bb1338aab95b850464,de2559247a63aadd19f6ad89515979a5d4f1397f9e0720615a2b8b2b9f64cc61,"{""circuit"":""surface_code:rotated_memory_x"",""cluster_node_limit"":50,""d"":7,""decoder"":""mwpf"",""decoder_type"":""SolverSerialJointSingleHair"",""p"":0.008,""p_erase"":0.008,""r"":7,""run_id"":""b0127341a48953a855ea3549247068ee7050e7461912fad56a38b1d8708ded61""}",
      1536,         0,         0,    1.59,mwpf__4aed23b674076cc15b4dcd1aeb6b0a8db6b52d88acd7d465bf49dfcb9c23e5c2,ade57cc12597f9b057a68161ae03989a950f74466f84fc8640ee0038ac8c8016,"{""circuit"":""surface_code:rotated_memory_x"",""cluster_node_limit"":50,""d"":7,""decoder"":""mwpf"",""decoder_type"":""SolverSerialJointSingleHair"",""p"":0.006,""p_erase"":0.006,""r"":7,""run_id"":""c569d24a00e94715f929354bdbd1860f950e40c56d976da161032d1bf73e9e9d""}",
      2048,         0,         0,    1.15,mwpf__b812ea1c944048d52b7ed0223688528ae68a6f16fdf6d6c88cc8f8a6fc9d35bf,27db751210829c9e0cd03776fcc3890987608bbb2891aa96c8a9b6e74280fcbd,"{""circuit"":""surface_code:rotated_memory_x"",""cluster_node_limit"":50,""d"":7,""decoder"":""mwpf"",""decoder_type"":""SolverSerialJointSingleHair"",""p"":0.003,""p_erase"":0.003,""r"":7,""run_id"":""3e7768a46571fd1de5957ad6fb50ce7c500c937939ee9035abc77e8f3db0e162""}",
         9,         0,         0,   0.005,mwpf__b812ea1c944048d52b7ed0223688528ae68a6f16fdf6d6c88cc8f8a6fc9d35bf,27db751210829c9e0cd03776fcc3890987608bbb2891aa96c8a9b6e74280fcbd,"{""circuit"":""surface_code:rotated_memory_x"",""cluster_node_limit"":50,""d"":7,""decoder"":""mwpf"",""decoder_type"":""SolverSerialJointSingleHair"",""p"":0.003,""p_erase"":0.003,""r"":7,""run_id"":""3e7768a46571fd1de5957ad6fb50ce7c500c937939ee9035abc77e8f3db0e162""}",
      2048,         0,         0,    1.74,mwpf__b6016d819feb2809ffcf636abab514c45d75b03883db9deaeb3212ba16d427f7,17c3525d8e7ed29f6b86b05ef0009c1af731021e045d13d4a382926450c6644c,"{""circuit"":""surface_code:rotated_memory_x"",""cluster_node_limit"":50,""d"":7,""decoder"":""mwpf"",""decoder_type"":""SolverSerialJointSingleHair"",""p"":0.005,""p_erase"":0.005,""r"":7,""run_id"":""3ff977703ebf3f566a41dac215e2bc8e682579cf7cec84db2f03627fcfabbad2""}",
        64,        22,         0,    1.15,mwpf__98f1b527ad63d0c96b87fae2ef9b5a001df2d2c4d1bcf7718808c982f8f67de9,228a01b856019daca44f88d1c0dd611b9d09141c474412396bea6d8158eea878,"{""circuit"":""surface_code:rotated_memory_x"",""cluster_node_limit"":50,""d"":7,""decoder"":""mwpf"",""decoder_type"":""SolverSerialJointSingleHair"",""p"":0.04,""p_erase"":0.04,""r"":7,""run_id"":""22cc46a396a276b666b805f90859895cb11c4a18ae76c90aeb44e64208d7955b""}",
      2560,         0,         0,    1.81,mwpf__c4afa78e50d4bd05ad1f0c114167a16caecf88a4774611fbf3cad944195b6005,33eb410828ea0eb329ef8a7d4ffe6dca8964600f3517f915065fb02130ff52fa,"{""circuit"":""surface_code:rotated_memory_x"",""cluster_node_limit"":50,""d"":7,""decoder"":""mwpf"",""decoder_type"":""SolverSerialJointSingleHair"",""p"":0.004,""p_erase"":0.004,""r"":7,""run_id"":""bc63bb586674bf0943da17e714fe33cb9292304a00c52142dcc0aa98a48fe916""}",
      1024,         0,         0,    1.82,mwpf__27cac5a9d63b5310296ad2f389f4539acd5e7fb7f123dc12456c335e8393c788,ed79fc073e9e8e64e12ca9cee3f1b3b09617b06e5f19d423f3dca5e27321c0ec,"{""circuit"":""surface_code:rotated_memory_x"",""cluster_node_limit"":50,""d"":7,""decoder"":""mwpf"",""decoder_type"":""SolverSerialJointSingleHair"",""p"":0.01,""p_erase"":0.01,""r"":7,""run_id"":""85dc4b86326449a5e4d2267937782207589c000366e3fbe70d98bb3f9fb5a333""}",
       128,        11,         0,    1.24,mwpf__52a073e7515446df52cbda9ca7c289cfd1927a5295e69ea691f5d15087ee0aff,5a668985a08f01552b0c1df7417c34aec474e3171f00de2b4ec4b430761e3525,"{""circuit"":""surface_code:rotated_memory_x"",""cluster_node_limit"":50,""d"":7,""decoder"":""mwpf"",""decoder_type"":""SolverSerialJointSingleHair"",""p"":0.03,""p_erase"":0.03,""r"":7,""run_id"":""813ba4eb16fa666e67959bd8c62870ba1c2c26cd74e0d3cecbae76623e9435dc""}",
       256,         0,         0,    1.21,mwpf__4be7971ec0aed8b350943219afc2640031998d7bde83aee6a0f21fb9cad0071d,0b500337b6e25e32dcf4bed99809a5d106409a48cf464ef28981fe2fb56292db,"{""circuit"":""surface_code:rotated_memory_x"",""cluster_node_limit"":50,""d"":7,""decoder"":""mwpf"",""decoder_type"":""SolverSerialJointSingleHair"",""p"":0.02,""p_erase"":0.02,""r"":7,""run_id"":""ec632a372450f8a655350bea6e7a952b552cfb386cd39755b54f2b84ee3f6f31""}",
      1280,         0,         0,    1.68,mwpf__d28f1af8d4d041d92b7031084fdbcab6dc1e9cf1c24adb30eaa887515eb6649d,0ad7c7cfd60bfc8d2cc9a8cda8479ce98f46b483bb1cdf9eb70b27588a28a083,"{""circuit"":""surface_code:rotated_memory_x"",""cluster_node_limit"":50,""d"":7,""decoder"":""mwpf"",""decoder_type"":""SolverSerialJointSingleHair"",""p"":0.0075,""p_erase"":0.0075,""r"":7,""run_id"":""746c0ed850e7a1c4899561c73e97af04ff040736013cde397145df4c660e1d2a""}",
       128,         4,         0,    1.25,mwpf__52a073e7515446df52cbda9ca7c289cfd1927a5295e69ea691f5d15087ee0aff,5a668985a08f01552b0c1df7417c34aec474e3171f00de2b4ec4b430761e3525,"{""circuit"":""surface_code:rotated_memory_x"",""cluster_node_limit"":50,""d"":7,""decoder"":""mwpf"",""decoder_type"":""SolverSerialJointSingleHair"",""p"":0.03,""p_erase"":0.03,""r"":7,""run_id"":""813ba4eb16fa666e67959bd8c62870ba1c2c26cd74e0d3cecbae76623e9435dc""}",
        64,        20,         0,    1.11,mwpf__98f1b527ad63d0c96b87fae2ef9b5a001df2d2c4d1bcf7718808c982f8f67de9,228a01b856019daca44f88d1c0dd611b9d09141c474412396bea6d8158eea878,"{""circuit"":""surface_code:rotated_memory_x"",""cluster_node_limit"":50,""d"":7,""decoder"":""mwpf"",""decoder_type"":""SolverSerialJointSingleHair"",""p"":0.04,""p_erase"":0.04,""r"":7,""run_id"":""22cc46a396a276b666b805f90859895cb11c4a18ae76c90aeb44e64208d7955b""}",
      2048,         0,         0,    1.18,mwpf__b812ea1c944048d52b7ed0223688528ae68a6f16fdf6d6c88cc8f8a6fc9d35bf,27db751210829c9e0cd03776fcc3890987608bbb2891aa96c8a9b6e74280fcbd,"{""circuit"":""surface_code:rotated_memory_x"",""cluster_node_limit"":50,""d"":7,""decoder"":""mwpf"",""decoder_type"":""SolverSerialJointSingleHair"",""p"":0.003,""p_erase"":0.003,""r"":7,""run_id"":""3e7768a46571fd1de5957ad6fb50ce7c500c937939ee9035abc77e8f3db0e162""}",
        80,        43,         0,    1.88,mwpf__44785f8372daa341abdebcd828887424427bf9b811680dbe0b80e9dd0478da48,79f30c78ea0219ad2b4e9c1731639789d4a70f0809a5d03a7d41841488de462c,"{""circuit"":""surface_code:rotated_memory_x"",""cluster_node_limit"":50,""d"":7,""decoder"":""mwpf"",""decoder_type"":""SolverSerialJointSingleHair"",""p"":0.05,""p_erase"":0.05,""r"":7,""run_id"":""6f604c679956d1cf0daf6d77107bb840f1154ac07c7e1969bb8402e01858bb91""}",
       256,         2,         0,    1.16,mwpf__4be7971ec0aed8b350943219afc2640031998d7bde83aee6a0f21fb9cad0071d,0b500337b6e25e32dcf4bed99809a5d106409a48cf464ef28981fe2fb56292db,"{""circuit"":""surface_code:rotated_memory_x"",""cluster_node_limit"":50,""d"":7,""decoder"":""mwpf"",""decoder_type"":""SolverSerialJointSingleHair"",""p"":0.02,""p_erase"":0.02,""r"":7,""run_id"":""ec632a372450f8a655350bea6e7a952b552cfb386cd39755b54f2b84ee3f6f31""}",
      2048,         0,         0,    1.17,mwpf__b812ea1c944048d52b7ed0223688528ae68a6f16fdf6d6c88cc8f8a6fc9d35bf,27db751210829c9e0cd03776fcc3890987608bbb2891aa96c8a9b6e74280fcbd,"{""circuit"":""surface_code:rotated_memory_x"",""cluster_node_limit"":50,""d"":7,""decoder"":""mwpf"",""decoder_type"":""SolverSerialJointSingleHair"",""p"":0.003,""p_erase"":0.003,""r"":7,""run_id"":""3e7768a46571fd1de5957ad6fb50ce7c500c937939ee9035abc77e8f3db0e162""}",
       178,         0,         0,   0.098,mwpf__b812ea1c944048d52b7ed0223688528ae68a6f16fdf6d6c88cc8f8a6fc9d35bf,27db751210829c9e0cd03776fcc3890987608bbb2891aa96c8a9b6e74280fcbd,"{""circuit"":""surface_code:rotated_memory_x"",""cluster_node_limit"":50,""d"":7,""decoder"":""mwpf"",""decoder_type"":""SolverSerialJointSingleHair"",""p"":0.003,""p_erase"":0.003,""r"":7,""run_id"":""3e7768a46571fd1de5957ad6fb50ce7c500c937939ee9035abc77e8f3db0e162""}",
       178,         0,         0,   0.106,mwpf__b812ea1c944048d52b7ed0223688528ae68a6f16fdf6d6c88cc8f8a6fc9d35bf,27db751210829c9e0cd03776fcc3890987608bbb2891aa96c8a9b6e74280fcbd,"{""circuit"":""surface_code:rotated_memory_x"",""cluster_node_limit"":50,""d"":7,""decoder"":""mwpf"",""decoder_type"":""SolverSerialJointSingleHair"",""p"":0.003,""p_erase"":0.003,""r"":7,""run_id"":""3e7768a46571fd1de5957ad6fb50ce7c500c937939ee9035abc77e8f3db0e162""}",
      1536,         0,         0,    1.85,mwpf__3676edfd3705a10bff90f19b109b554244bd8b49a912fddd54112319402e54b2,f5fc0e2830bf34a034cecaa2a86787ee42c5ac7b974e2cca4fce80b4f9d60e16,"{""circuit"":""surface_code:rotated_memory_x"",""cluster_node_limit"":50,""d"":7,""decoder"":""mwpf"",""decoder_type"":""SolverSerialJointSingleHair"",""p"":0.007,""p_erase"":0.007,""r"":7,""run_id"":""cc23d39f806d6b050b42fdf6523d37ff1ded4115cd9804c1b1173f160297dfb9""}",
      1024,         0,         0,    1.65,mwpf__738c4c2fe60c79a38f4352423c226453cf78c7d4efc409ac916f3f724e7f428b,f522fd2f03991528ab1e67f7b35462f84ed9738f5f8cde70a41909bee4fd3f87,"{""circuit"":""surface_code:rotated_memory_x"",""cluster_node_limit"":50,""d"":7,""decoder"":""mwpf"",""decoder_type"":""SolverSerialJointSingleHair"",""p"":0.009,""p_erase"":0.009,""r"":7,""run_id"":""4b2052dd33b88244b8dc64e1aa696c4f0cef9c363b27e7d2cd9a4ccb51da3596""}",
        64,        27,         0,    1.84,mwpf__896f3dc2c428c5c3bd808eb3cf2c780aa9e502e977467691de169f32c83a0647,3edb2ec651a68bfdc9765ebf8d3698d92006edac63bb654b4b1296d087be24a3,"{""circuit"":""surface_code:rotated_memory_x"",""cluster_node_limit"":50,""d"":7,""decoder"":""mwpf"",""decoder_type"":""SolverSerialJointSingleHair"",""p"":0.06,""p_erase"":0.06,""r"":7,""run_id"":""41e8a83007d9cf79fae89c7e2eb169407b888404b52611d599cfbd8d3d61e56d""}",
       174,         0,         0,   0.101,mwpf__b812ea1c944048d52b7ed0223688528ae68a6f16fdf6d6c88cc8f8a6fc9d35bf,27db751210829c9e0cd03776fcc3890987608bbb2891aa96c8a9b6e74280fcbd,"{""circuit"":""surface_code:rotated_memory_x"",""cluster_node_limit"":50,""d"":7,""decoder"":""mwpf"",""decoder_type"":""SolverSerialJointSingleHair"",""p"":0.003,""p_erase"":0.003,""r"":7,""run_id"":""3e7768a46571fd1de5957ad6fb50ce7c500c937939ee9035abc77e8f3db0e162""}",
      1280,         0,         0,    1.76,mwpf__cc84687092a659fc65a3ee05269b6b569030e8df60c8f6bb1338aab95b850464,de2559247a63aadd19f6ad89515979a5d4f1397f9e0720615a2b8b2b9f64cc61,"{""circuit"":""surface_code:rotated_memory_x"",""cluster_node_limit"":50,""d"":7,""decoder"":""mwpf"",""decoder_type"":""SolverSerialJointSingleHair"",""p"":0.008,""p_erase"":0.008,""r"":7,""run_id"":""b0127341a48953a855ea3549247068ee7050e7461912fad56a38b1d8708ded61""}",
      1536,         0,         0,    1.57,mwpf__4aed23b674076cc15b4dcd1aeb6b0a8db6b52d88acd7d465bf49dfcb9c23e5c2,ade57cc12597f9b057a68161ae03989a950f74466f84fc8640ee0038ac8c8016,"{""circuit"":""surface_code:rotated_memory_x"",""cluster_node_limit"":50,""d"":7,""decoder"":""mwpf"",""decoder_type"":""SolverSerialJointSingleHair"",""p"":0.006,""p_erase"":0.006,""r"":7,""run_id"":""c569d24a00e94715f929354bdbd1860f950e40c56d976da161032d1bf73e9e9d""}",
      1536,         0,         0,    1.58,mwpf__4aed23b674076cc15b4dcd1aeb6b0a8db6b52d88acd7d465bf49dfcb9c23e5c2,ade57cc12597f9b057a68161ae03989a950f74466f84fc8640ee0038ac8c8016,"{""circuit"":""surface_code:rotated_memory_x"",""cluster_node_limit"":50,""d"":7,""decoder"":""mwpf"",""decoder_type"":""SolverSerialJointSingleHair"",""p"":0.006,""p_erase"":0.006,""r"":7,""run_id"":""c569d24a00e94715f929354bdbd1860f950e40c56d976da161032d1bf73e9e9d""}",
       512,         0,         0,   0.836,mwpf__738c4c2fe60c79a38f4352423c226453cf78c7d4efc409ac916f3f724e7f428b,f522fd2f03991528ab1e67f7b35462f84ed9738f5f8cde70a41909bee4fd3f87,"{""circuit"":""surface_code:rotated_memory_x"",""cluster_node_limit"":50,""d"":7,""decoder"":""mwpf"",""decoder_type"":""SolverSerialJointSingleHair"",""p"":0.009,""p_erase"":0.009,""r"":7,""run_id"":""4b2052dd33b88244b8dc64e1aa696c4f0cef9c363b27e7d2cd9a4ccb51da3596""}",
       682,         0,         0,   0.391,mwpf__b812ea1c944048d52b7ed0223688528ae68a6f16fdf6d6c88cc8f8a6fc9d35bf,27db751210829c9e0cd03776fcc3890987608bbb2891aa96c8a9b6e74280fcbd,"{""circuit"":""surface_code:rotated_memory_x"",""cluster_node_limit"":50,""d"":7,""decoder"":""mwpf"",""decoder_type"":""SolverSerialJointSingleHair"",""p"":0.003,""p_erase"":0.003,""r"":7,""run_id"":""3e7768a46571fd1de5957ad6fb50ce7c500c937939ee9035abc77e8f3db0e162""}",
      2560,         0,         0,    1.83,mwpf__c4afa78e50d4bd05ad1f0c114167a16caecf88a4774611fbf3cad944195b6005,33eb410828ea0eb329ef8a7d4ffe6dca8964600f3517f915065fb02130ff52fa,"{""circuit"":""surface_code:rotated_memory_x"",""cluster_node_limit"":50,""d"":7,""decoder"":""mwpf"",""decoder_type"":""SolverSerialJointSingleHair"",""p"":0.004,""p_erase"":0.004,""r"":7,""run_id"":""bc63bb586674bf0943da17e714fe33cb9292304a00c52142dcc0aa98a48fe916""}",
      1024,         0,         0,   0.587,mwpf__b812ea1c944048d52b7ed0223688528ae68a6f16fdf6d6c88cc8f8a6fc9d35bf,27db751210829c9e0cd03776fcc3890987608bbb2891aa96c8a9b6e74280fcbd,"{""circuit"":""surface_code:rotated_memory_x"",""cluster_node_limit"":50,""d"":7,""decoder"":""mwpf"",""decoder_type"":""SolverSerialJointSingleHair"",""p"":0.003,""p_erase"":0.003,""r"":7,""run_id"":""3e7768a46571fd1de5957ad6fb50ce7c500c937939ee9035abc77e8f3db0e162""}",
      2048,         0,         0,    1.75,mwpf__b6016d819feb2809ffcf636abab514c45d75b03883db9deaeb3212ba16d427f7,17c3525d8e7ed29f6b86b05ef0009c1af731021e045d13d4a382926450c6644c,"{""circuit"":""surface_code:rotated_memory_x"",""cluster_node_limit"":50,""d"":7,""decoder"":""mwpf"",""decoder_type"":""SolverSerialJointSingleHair"",""p"":0.005,""p_erase"":0.005,""r"":7,""run_id"":""3ff977703ebf3f566a41dac215e2bc8e682579cf7cec84db2f03627fcfabbad2""}",
        80,        32,         0,    1.83,mwpf__44785f8372daa341abdebcd828887424427bf9b811680dbe0b80e9dd0478da48,79f30c78ea0219ad2b4e9c1731639789d4a70f0809a5d03a7d41841488de462c,"{""circuit"":""surface_code:rotated_memory_x"",""cluster_node_limit"":50,""d"":7,""decoder"":""mwpf"",""decoder_type"":""SolverSerialJointSingleHair"",""p"":0.05,""p_erase"":0.05,""r"":7,""run_id"":""6f604c679956d1cf0daf6d77107bb840f1154ac07c7e1969bb8402e01858bb91""}",
       114,         0,         0,   0.062,mwpf__b812ea1c944048d52b7ed0223688528ae68a6f16fdf6d6c88cc8f8a6fc9d35bf,27db751210829c9e0cd03776fcc3890987608bbb2891aa96c8a9b6e74280fcbd,"{""circuit"":""surface_code:rotated_memory_x"",""cluster_node_limit"":50,""d"":7,""decoder"":""mwpf"",""decoder_type"":""SolverSerialJointSingleHair"",""p"":0.003,""p_erase"":0.003,""r"":7,""run_id"":""3e7768a46571fd1de5957ad6fb50ce7c500c937939ee9035abc77e8f3db0e162""}",
       115,         0,         0,   0.069,mwpf__b812ea1c944048d52b7ed0223688528ae68a6f16fdf6d6c88cc8f8a6fc9d35bf,27db751210829c9e0cd03776fcc3890987608bbb2891aa96c8a9b6e74280fcbd,"{""circuit"":""surface_code:rotated_memory_x"",""cluster_node_limit"":50,""d"":7,""decoder"":""mwpf"",""decoder_type"":""SolverSerialJointSingleHair"",""p"":0.003,""p_erase"":0.003,""r"":7,""run_id"":""3e7768a46571fd1de5957ad6fb50ce7c500c937939ee9035abc77e8f3db0e162""}",
       115,         0,         0,   0.088,mwpf__b812ea1c944048d52b7ed0223688528ae68a6f16fdf6d6c88cc8f8a6fc9d35bf,27db751210829c9e0cd03776fcc3890987608bbb2891aa96c8a9b6e74280fcbd,"{""circuit"":""surface_code:rotated_memory_x"",""cluster_node_limit"":50,""d"":7,""decoder"":""mwpf"",""decoder_type"":""SolverSerialJointSingleHair"",""p"":0.003,""p_erase"":0.003,""r"":7,""run_id"":""3e7768a46571fd1de5957ad6fb50ce7c500c937939ee9035abc77e8f3db0e162""}",
        64,        22,         0,    1.78,mwpf__896f3dc2c428c5c3bd808eb3cf2c780aa9e502e977467691de169f32c83a0647,3edb2ec651a68bfdc9765ebf8d3698d92006edac63bb654b4b1296d087be24a3,"{""circuit"":""surface_code:rotated_memory_x"",""cluster_node_limit"":50,""d"":7,""decoder"":""mwpf"",""decoder_type"":""SolverSerialJointSingleHair"",""p"":0.06,""p_erase"":0.06,""r"":7,""run_id"":""41e8a83007d9cf79fae89c7e2eb169407b888404b52611d599cfbd8d3d61e56d""}",
      1024,         0,         0,    1.88,mwpf__27cac5a9d63b5310296ad2f389f4539acd5e7fb7f123dc12456c335e8393c788,ed79fc073e9e8e64e12ca9cee3f1b3b09617b06e5f19d423f3dca5e27321c0ec,"{""circuit"":""surface_code:rotated_memory_x"",""cluster_node_limit"":50,""d"":7,""decoder"":""mwpf"",""decoder_type"":""SolverSerialJointSingleHair"",""p"":0.01,""p_erase"":0.01,""r"":7,""run_id"":""85dc4b86326449a5e4d2267937782207589c000366e3fbe70d98bb3f9fb5a333""}",
      1792,         0,         0,    2.34,mwpf__d28f1af8d4d041d92b7031084fdbcab6dc1e9cf1c24adb30eaa887515eb6649d,0ad7c7cfd60bfc8d2cc9a8cda8479ce98f46b483bb1cdf9eb70b27588a28a083,"{""circuit"":""surface_code:rotated_memory_x"",""cluster_node_limit"":50,""d"":7,""decoder"":""mwpf"",""decoder_type"":""SolverSerialJointSingleHair"",""p"":0.0075,""p_erase"":0.0075,""r"":7,""run_id"":""746c0ed850e7a1c4899561c73e97af04ff040736013cde397145df4c660e1d2a""}",
      1536,         0,         0,    1.83,mwpf__3676edfd3705a10bff90f19b109b554244bd8b49a912fddd54112319402e54b2,f5fc0e2830bf34a034cecaa2a86787ee42c5ac7b974e2cca4fce80b4f9d60e16,"{""circuit"":""surface_code:rotated_memory_x"",""cluster_node_limit"":50,""d"":7,""decoder"":""mwpf"",""decoder_type"":""SolverSerialJointSingleHair"",""p"":0.007,""p_erase"":0.007,""r"":7,""run_id"":""cc23d39f806d6b050b42fdf6523d37ff1ded4115cd9804c1b1173f160297dfb9""}",
       128,         8,         0,    1.29,mwpf__52a073e7515446df52cbda9ca7c289cfd1927a5295e69ea691f5d15087ee0aff,5a668985a08f01552b0c1df7417c34aec474e3171f00de2b4ec4b430761e3525,"{""circuit"":""surface_code:rotated_memory_x"",""cluster_node_limit"":50,""d"":7,""decoder"":""mwpf"",""decoder_type"":""SolverSerialJointSingleHair"",""p"":0.03,""p_erase"":0.03,""r"":7,""run_id"":""813ba4eb16fa666e67959bd8c62870ba1c2c26cd74e0d3cecbae76623e9435dc""}",
      1536,         0,         0,    1.56,mwpf__4aed23b674076cc15b4dcd1aeb6b0a8db6b52d88acd7d465bf49dfcb9c23e5c2,ade57cc12597f9b057a68161ae03989a950f74466f84fc8640ee0038ac8c8016,"{""circuit"":""surface_code:rotated_memory_x"",""cluster_node_limit"":50,""d"":7,""decoder"":""mwpf"",""decoder_type"":""SolverSerialJointSingleHair"",""p"":0.006,""p_erase"":0.006,""r"":7,""run_id"":""c569d24a00e94715f929354bdbd1860f950e40c56d976da161032d1bf73e9e9d""}",
       512,         0,         0,   0.891,mwpf__738c4c2fe60c79a38f4352423c226453cf78c7d4efc409ac916f3f724e7f428b,f522fd2f03991528ab1e67f7b35462f84ed9738f5f8cde70a41909bee4fd3f87,"{""circuit"":""surface_code:rotated_memory_x"",""cluster_node_limit"":50,""d"":7,""decoder"":""mwpf"",""decoder_type"":""SolverSerialJointSingleHair"",""p"":0.009,""p_erase"":0.009,""r"":7,""run_id"":""4b2052dd33b88244b8dc64e1aa696c4f0cef9c363b27e7d2cd9a4ccb51da3596""}",
        96,        31,         0,    1.78,mwpf__98f1b527ad63d0c96b87fae2ef9b5a001df2d2c4d1bcf7718808c982f8f67de9,228a01b856019daca44f88d1c0dd611b9d09141c474412396bea6d8158eea878,"{""circuit"":""surface_code:rotated_memory_x"",""cluster_node_limit"":50,""d"":7,""decoder"":""mwpf"",""decoder_type"":""SolverSerialJointSingleHair"",""p"":0.04,""p_erase"":0.04,""r"":7,""run_id"":""22cc46a396a276b666b805f90859895cb11c4a18ae76c90aeb44e64208d7955b""}",
       384,         2,         0,    1.79,mwpf__4be7971ec0aed8b350943219afc2640031998d7bde83aee6a0f21fb9cad0071d,0b500337b6e25e32dcf4bed99809a5d106409a48cf464ef28981fe2fb56292db,"{""circuit"":""surface_code:rotated_memory_x"",""cluster_node_limit"":50,""d"":7,""decoder"":""mwpf"",""decoder_type"":""SolverSerialJointSingleHair"",""p"":0.02,""p_erase"":0.02,""r"":7,""run_id"":""ec632a372450f8a655350bea6e7a952b552cfb386cd39755b54f2b84ee3f6f31""}",
        96,        30,         0,    1.79,mwpf__98f1b527ad63d0c96b87fae2ef9b5a001df2d2c4d1bcf7718808c982f8f67de9,228a01b856019daca44f88d1c0dd611b9d09141c474412396bea6d8158eea878,"{""circuit"":""surface_code:rotated_memory_x"",""cluster_node_limit"":50,""d"":7,""decoder"":""mwpf"",""decoder_type"":""SolverSerialJointSingleHair"",""p"":0.04,""p_erase"":0.04,""r"":7,""run_id"":""22cc46a396a276b666b805f90859895cb11c4a18ae76c90aeb44e64208d7955b""}",
       384,         2,         0,    1.79,mwpf__4be7971ec0aed8b350943219afc2640031998d7bde83aee6a0f21fb9cad0071d,0b500337b6e25e32dcf4bed99809a5d106409a48cf464ef28981fe2fb56292db,"{""circuit"":""surface_code:rotated_memory_x"",""cluster_node_limit"":50,""d"":7,""decoder"":""mwpf"",""decoder_type"":""SolverSerialJointSingleHair"",""p"":0.02,""p_erase"":0.02,""r"":7,""run_id"":""ec632a372450f8a655350bea6e7a952b552cfb386cd39755b54f2b84ee3f6f31""}",
       192,        15,         0,    1.96,mwpf__52a073e7515446df52cbda9ca7c289cfd1927a5295e69ea691f5d15087ee0aff,5a668985a08f01552b0c1df7417c34aec474e3171f00de2b4ec4b430761e3525,"{""circuit"":""surface_code:rotated_memory_x"",""cluster_node_limit"":50,""d"":7,""decoder"":""mwpf"",""decoder_type"":""SolverSerialJointSingleHair"",""p"":0.03,""p_erase"":0.03,""r"":7,""run_id"":""813ba4eb16fa666e67959bd8c62870ba1c2c26cd74e0d3cecbae76623e9435dc""}",
      1536,         0,         0,    1.58,mwpf__4aed23b674076cc15b4dcd1aeb6b0a8db6b52d88acd7d465bf49dfcb9c23e5c2,ade57cc12597f9b057a68161ae03989a950f74466f84fc8640ee0038ac8c8016,"{""circuit"":""surface_code:rotated_memory_x"",""cluster_node_limit"":50,""d"":7,""decoder"":""mwpf"",""decoder_type"":""SolverSerialJointSingleHair"",""p"":0.006,""p_erase"":0.006,""r"":7,""run_id"":""c569d24a00e94715f929354bdbd1860f950e40c56d976da161032d1bf73e9e9d""}",
      3584,         0,         0,    2.52,mwpf__c4afa78e50d4bd05ad1f0c114167a16caecf88a4774611fbf3cad944195b6005,33eb410828ea0eb329ef8a7d4ffe6dca8964600f3517f915065fb02130ff52fa,"{""circuit"":""surface_code:rotated_memory_x"",""cluster_node_limit"":50,""d"":7,""decoder"":""mwpf"",""decoder_type"":""SolverSerialJointSingleHair"",""p"":0.004,""p_erase"":0.004,""r"":7,""run_id"":""bc63bb586674bf0943da17e714fe33cb9292304a00c52142dcc0aa98a48fe916""}",
         9,         0,         0,   0.007,mwpf__c4afa78e50d4bd05ad1f0c114167a16caecf88a4774611fbf3cad944195b6005,33eb410828ea0eb329ef8a7d4ffe6dca8964600f3517f915065fb02130ff52fa,"{""circuit"":""surface_code:rotated_memory_x"",""cluster_node_limit"":50,""d"":7,""decoder"":""mwpf"",""decoder_type"":""SolverSerialJointSingleHair"",""p"":0.004,""p_erase"":0.004,""r"":7,""run_id"":""bc63bb586674bf0943da17e714fe33cb9292304a00c52142dcc0aa98a48fe916""}",
      1280,         0,         0,    2.32,mwpf__27cac5a9d63b5310296ad2f389f4539acd5e7fb7f123dc12456c335e8393c788,ed79fc073e9e8e64e12ca9cee3f1b3b09617b06e5f19d423f3dca5e27321c0ec,"{""circuit"":""surface_code:rotated_memory_x"",""cluster_node_limit"":50,""d"":7,""decoder"":""mwpf"",""decoder_type"":""SolverSerialJointSingleHair"",""p"":0.01,""p_erase"":0.01,""r"":7,""run_id"":""85dc4b86326449a5e4d2267937782207589c000366e3fbe70d98bb3f9fb5a333""}",
      3072,         0,         0,    2.59,mwpf__b6016d819feb2809ffcf636abab514c45d75b03883db9deaeb3212ba16d427f7,17c3525d8e7ed29f6b86b05ef0009c1af731021e045d13d4a382926450c6644c,"{""circuit"":""surface_code:rotated_memory_x"",""cluster_node_limit"":50,""d"":7,""decoder"":""mwpf"",""decoder_type"":""SolverSerialJointSingleHair"",""p"":0.005,""p_erase"":0.005,""r"":7,""run_id"":""3ff977703ebf3f566a41dac215e2bc8e682579cf7cec84db2f03627fcfabbad2""}",
      1792,         0,         0,    2.52,mwpf__cc84687092a659fc65a3ee05269b6b569030e8df60c8f6bb1338aab95b850464,de2559247a63aadd19f6ad89515979a5d4f1397f9e0720615a2b8b2b9f64cc61,"{""circuit"":""surface_code:rotated_memory_x"",""cluster_node_limit"":50,""d"":7,""decoder"":""mwpf"",""decoder_type"":""SolverSerialJointSingleHair"",""p"":0.008,""p_erase"":0.008,""r"":7,""run_id"":""b0127341a48953a855ea3549247068ee7050e7461912fad56a38b1d8708ded61""}",
      1792,         0,         0,    2.36,mwpf__d28f1af8d4d041d92b7031084fdbcab6dc1e9cf1c24adb30eaa887515eb6649d,0ad7c7cfd60bfc8d2cc9a8cda8479ce98f46b483bb1cdf9eb70b27588a28a083,"{""circuit"":""surface_code:rotated_memory_x"",""cluster_node_limit"":50,""d"":7,""decoder"":""mwpf"",""decoder_type"":""SolverSerialJointSingleHair"",""p"":0.0075,""p_erase"":0.0075,""r"":7,""run_id"":""746c0ed850e7a1c4899561c73e97af04ff040736013cde397145df4c660e1d2a""}",
      2560,         0,         0,    1.80,mwpf__c4afa78e50d4bd05ad1f0c114167a16caecf88a4774611fbf3cad944195b6005,33eb410828ea0eb329ef8a7d4ffe6dca8964600f3517f915065fb02130ff52fa,"{""circuit"":""surface_code:rotated_memory_x"",""cluster_node_limit"":50,""d"":7,""decoder"":""mwpf"",""decoder_type"":""SolverSerialJointSingleHair"",""p"":0.004,""p_erase"":0.004,""r"":7,""run_id"":""bc63bb586674bf0943da17e714fe33cb9292304a00c52142dcc0aa98a48fe916""}",
        96,        47,         0,    2.30,mwpf__44785f8372daa341abdebcd828887424427bf9b811680dbe0b80e9dd0478da48,79f30c78ea0219ad2b4e9c1731639789d4a70f0809a5d03a7d41841488de462c,"{""circuit"":""surface_code:rotated_memory_x"",""cluster_node_limit"":50,""d"":7,""decoder"":""mwpf"",""decoder_type"":""SolverSerialJointSingleHair"",""p"":0.05,""p_erase"":0.05,""r"":7,""run_id"":""6f604c679956d1cf0daf6d77107bb840f1154ac07c7e1969bb8402e01858bb91""}",
      3584,         0,         0,    2.49,mwpf__c4afa78e50d4bd05ad1f0c114167a16caecf88a4774611fbf3cad944195b6005,33eb410828ea0eb329ef8a7d4ffe6dca8964600f3517f915065fb02130ff52fa,"{""circuit"":""surface_code:rotated_memory_x"",""cluster_node_limit"":50,""d"":7,""decoder"":""mwpf"",""decoder_type"":""SolverSerialJointSingleHair"",""p"":0.004,""p_erase"":0.004,""r"":7,""run_id"":""bc63bb586674bf0943da17e714fe33cb9292304a00c52142dcc0aa98a48fe916""}",
        10,         0,         0,   0.007,mwpf__c4afa78e50d4bd05ad1f0c114167a16caecf88a4774611fbf3cad944195b6005,33eb410828ea0eb329ef8a7d4ffe6dca8964600f3517f915065fb02130ff52fa,"{""circuit"":""surface_code:rotated_memory_x"",""cluster_node_limit"":50,""d"":7,""decoder"":""mwpf"",""decoder_type"":""SolverSerialJointSingleHair"",""p"":0.004,""p_erase"":0.004,""r"":7,""run_id"":""bc63bb586674bf0943da17e714fe33cb9292304a00c52142dcc0aa98a48fe916""}",
      3072,         0,         0,    2.59,mwpf__b6016d819feb2809ffcf636abab514c45d75b03883db9deaeb3212ba16d427f7,17c3525d8e7ed29f6b86b05ef0009c1af731021e045d13d4a382926450c6644c,"{""circuit"":""surface_code:rotated_memory_x"",""cluster_node_limit"":50,""d"":7,""decoder"":""mwpf"",""decoder_type"":""SolverSerialJointSingleHair"",""p"":0.005,""p_erase"":0.005,""r"":7,""run_id"":""3ff977703ebf3f566a41dac215e2bc8e682579cf7cec84db2f03627fcfabbad2""}",
      2048,         0,         0,    2.04,mwpf__4aed23b674076cc15b4dcd1aeb6b0a8db6b52d88acd7d465bf49dfcb9c23e5c2,ade57cc12597f9b057a68161ae03989a950f74466f84fc8640ee0038ac8c8016,"{""circuit"":""surface_code:rotated_memory_x"",""cluster_node_limit"":50,""d"":7,""decoder"":""mwpf"",""decoder_type"":""SolverSerialJointSingleHair"",""p"":0.006,""p_erase"":0.006,""r"":7,""run_id"":""c569d24a00e94715f929354bdbd1860f950e40c56d976da161032d1bf73e9e9d""}",
       768,         0,         0,    1.27,mwpf__738c4c2fe60c79a38f4352423c226453cf78c7d4efc409ac916f3f724e7f428b,f522fd2f03991528ab1e67f7b35462f84ed9738f5f8cde70a41909bee4fd3f87,"{""circuit"":""surface_code:rotated_memory_x"",""cluster_node_limit"":50,""d"":7,""decoder"":""mwpf"",""decoder_type"":""SolverSerialJointSingleHair"",""p"":0.009,""p_erase"":0.009,""r"":7,""run_id"":""4b2052dd33b88244b8dc64e1aa696c4f0cef9c363b27e7d2cd9a4ccb51da3596""}",
       512,         0,         0,   0.365,mwpf__c4afa78e50d4bd05ad1f0c114167a16caecf88a4774611fbf3cad944195b6005,33eb410828ea0eb329ef8a7d4ffe6dca8964600f3517f915065fb02130ff52fa,"{""circuit"":""surface_code:rotated_memory_x"",""cluster_node_limit"":50,""d"":7,""decoder"":""mwpf"",""decoder_type"":""SolverSerialJointSingleHair"",""p"":0.004,""p_erase"":0.004,""r"":7,""run_id"":""bc63bb586674bf0943da17e714fe33cb9292304a00c52142dcc0aa98a48fe916""}",
      1536,         0,         0,    2.45,mwpf__738c4c2fe60c79a38f4352423c226453cf78c7d4efc409ac916f3f724e7f428b,f522fd2f03991528ab1e67f7b35462f84ed9738f5f8cde70a41909bee4fd3f87,"{""circuit"":""surface_code:rotated_memory_x"",""cluster_node_limit"":50,""d"":7,""decoder"":""mwpf"",""decoder_type"":""SolverSerialJointSingleHair"",""p"":0.009,""p_erase"":0.009,""r"":7,""run_id"":""4b2052dd33b88244b8dc64e1aa696c4f0cef9c363b27e7d2cd9a4ccb51da3596""}",
      2048,         0,         0,    2.48,mwpf__3676edfd3705a10bff90f19b109b554244bd8b49a912fddd54112319402e54b2,f5fc0e2830bf34a034cecaa2a86787ee42c5ac7b974e2cca4fce80b4f9d60e16,"{""circuit"":""surface_code:rotated_memory_x"",""cluster_node_limit"":50,""d"":7,""decoder"":""mwpf"",""decoder_type"":""SolverSerialJointSingleHair"",""p"":0.007,""p_erase"":0.007,""r"":7,""run_id"":""cc23d39f806d6b050b42fdf6523d37ff1ded4115cd9804c1b1173f160297dfb9""}",
       174,         0,         0,   0.122,mwpf__c4afa78e50d4bd05ad1f0c114167a16caecf88a4774611fbf3cad944195b6005,33eb410828ea0eb329ef8a7d4ffe6dca8964600f3517f915065fb02130ff52fa,"{""circuit"":""surface_code:rotated_memory_x"",""cluster_node_limit"":50,""d"":7,""decoder"":""mwpf"",""decoder_type"":""SolverSerialJointSingleHair"",""p"":0.004,""p_erase"":0.004,""r"":7,""run_id"":""bc63bb586674bf0943da17e714fe33cb9292304a00c52142dcc0aa98a48fe916""}",
       174,         0,         0,   0.122,mwpf__c4afa78e50d4bd05ad1f0c114167a16caecf88a4774611fbf3cad944195b6005,33eb410828ea0eb329ef8a7d4ffe6dca8964600f3517f915065fb02130ff52fa,"{""circuit"":""surface_code:rotated_memory_x"",""cluster_node_limit"":50,""d"":7,""decoder"":""mwpf"",""decoder_type"":""SolverSerialJointSingleHair"",""p"":0.004,""p_erase"":0.004,""r"":7,""run_id"":""bc63bb586674bf0943da17e714fe33cb9292304a00c52142dcc0aa98a48fe916""}",
       174,         0,         0,   0.155,mwpf__c4afa78e50d4bd05ad1f0c114167a16caecf88a4774611fbf3cad944195b6005,33eb410828ea0eb329ef8a7d4ffe6dca8964600f3517f915065fb02130ff52fa,"{""circuit"":""surface_code:rotated_memory_x"",""cluster_node_limit"":50,""d"":7,""decoder"":""mwpf"",""decoder_type"":""SolverSerialJointSingleHair"",""p"":0.004,""p_erase"":0.004,""r"":7,""run_id"":""bc63bb586674bf0943da17e714fe33cb9292304a00c52142dcc0aa98a48fe916""}",
      1792,         0,         0,    2.50,mwpf__cc84687092a659fc65a3ee05269b6b569030e8df60c8f6bb1338aab95b850464,de2559247a63aadd19f6ad89515979a5d4f1397f9e0720615a2b8b2b9f64cc61,"{""circuit"":""surface_code:rotated_memory_x"",""cluster_node_limit"":50,""d"":7,""decoder"":""mwpf"",""decoder_type"":""SolverSerialJointSingleHair"",""p"":0.008,""p_erase"":0.008,""r"":7,""run_id"":""b0127341a48953a855ea3549247068ee7050e7461912fad56a38b1d8708ded61""}",
        96,        46,         0,    2.62,mwpf__896f3dc2c428c5c3bd808eb3cf2c780aa9e502e977467691de169f32c83a0647,3edb2ec651a68bfdc9765ebf8d3698d92006edac63bb654b4b1296d087be24a3,"{""circuit"":""surface_code:rotated_memory_x"",""cluster_node_limit"":50,""d"":7,""decoder"":""mwpf"",""decoder_type"":""SolverSerialJointSingleHair"",""p"":0.06,""p_erase"":0.06,""r"":7,""run_id"":""41e8a83007d9cf79fae89c7e2eb169407b888404b52611d599cfbd8d3d61e56d""}",
        96,        44,         0,    2.30,mwpf__44785f8372daa341abdebcd828887424427bf9b811680dbe0b80e9dd0478da48,79f30c78ea0219ad2b4e9c1731639789d4a70f0809a5d03a7d41841488de462c,"{""circuit"":""surface_code:rotated_memory_x"",""cluster_node_limit"":50,""d"":7,""decoder"":""mwpf"",""decoder_type"":""SolverSerialJointSingleHair"",""p"":0.05,""p_erase"":0.05,""r"":7,""run_id"":""6f604c679956d1cf0daf6d77107bb840f1154ac07c7e1969bb8402e01858bb91""}",
        80,        33,         0,    2.29,mwpf__896f3dc2c428c5c3bd808eb3cf2c780aa9e502e977467691de169f32c83a0647,3edb2ec651a68bfdc9765ebf8d3698d92006edac63bb654b4b1296d087be24a3,"{""circuit"":""surface_code:rotated_memory_x"",""cluster_node_limit"":50,""d"":7,""decoder"":""mwpf"",""decoder_type"":""SolverSerialJointSingleHair"",""p"":0.06,""p_erase"":0.06,""r"":7,""run_id"":""41e8a83007d9cf79fae89c7e2eb169407b888404b52611d599cfbd8d3d61e56d""}",
      1280,         0,         0,    2.29,mwpf__27cac5a9d63b5310296ad2f389f4539acd5e7fb7f123dc12456c335e8393c788,ed79fc073e9e8e64e12ca9cee3f1b3b09617b06e5f19d423f3dca5e27321c0ec,"{""circuit"":""surface_code:rotated_memory_x"",""cluster_node_limit"":50,""d"":7,""decoder"":""mwpf"",""decoder_type"":""SolverSerialJointSingleHair"",""p"":0.01,""p_erase"":0.01,""r"":7,""run_id"":""85dc4b86326449a5e4d2267937782207589c000366e3fbe70d98bb3f9fb5a333""}",
       192,        10,         0,    1.96,mwpf__52a073e7515446df52cbda9ca7c289cfd1927a5295e69ea691f5d15087ee0aff,5a668985a08f01552b0c1df7417c34aec474e3171f00de2b4ec4b430761e3525,"{""circuit"":""surface_code:rotated_memory_x"",""cluster_node_limit"":50,""d"":7,""decoder"":""mwpf"",""decoder_type"":""SolverSerialJointSingleHair"",""p"":0.03,""p_erase"":0.03,""r"":7,""run_id"":""813ba4eb16fa666e67959bd8c62870ba1c2c26cd74e0d3cecbae76623e9435dc""}",
      3072,         0,         0,    2.60,mwpf__b6016d819feb2809ffcf636abab514c45d75b03883db9deaeb3212ba16d427f7,17c3525d8e7ed29f6b86b05ef0009c1af731021e045d13d4a382926450c6644c,"{""circuit"":""surface_code:rotated_memory_x"",""cluster_node_limit"":50,""d"":7,""decoder"":""mwpf"",""decoder_type"":""SolverSerialJointSingleHair"",""p"":0.005,""p_erase"":0.005,""r"":7,""run_id"":""3ff977703ebf3f566a41dac215e2bc8e682579cf7cec84db2f03627fcfabbad2""}",
      2048,         0,         0,    2.43,mwpf__3676edfd3705a10bff90f19b109b554244bd8b49a912fddd54112319402e54b2,f5fc0e2830bf34a034cecaa2a86787ee42c5ac7b974e2cca4fce80b4f9d60e16,"{""circuit"":""surface_code:rotated_memory_x"",""cluster_node_limit"":50,""d"":7,""decoder"":""mwpf"",""decoder_type"":""SolverSerialJointSingleHair"",""p"":0.007,""p_erase"":0.007,""r"":7,""run_id"":""cc23d39f806d6b050b42fdf6523d37ff1ded4115cd9804c1b1173f160297dfb9""}",
      2560,         0,         0,    2.55,mwpf__4aed23b674076cc15b4dcd1aeb6b0a8db6b52d88acd7d465bf49dfcb9c23e5c2,ade57cc12597f9b057a68161ae03989a950f74466f84fc8640ee0038ac8c8016,"{""circuit"":""surface_code:rotated_memory_x"",""cluster_node_limit"":50,""d"":7,""decoder"":""mwpf"",""decoder_type"":""SolverSerialJointSingleHair"",""p"":0.006,""p_erase"":0.006,""r"":7,""run_id"":""c569d24a00e94715f929354bdbd1860f950e40c56d976da161032d1bf73e9e9d""}",
       128,        36,         0,    2.24,mwpf__98f1b527ad63d0c96b87fae2ef9b5a001df2d2c4d1bcf7718808c982f8f67de9,228a01b856019daca44f88d1c0dd611b9d09141c474412396bea6d8158eea878,"{""circuit"":""surface_code:rotated_memory_x"",""cluster_node_limit"":50,""d"":7,""decoder"":""mwpf"",""decoder_type"":""SolverSerialJointSingleHair"",""p"":0.04,""p_erase"":0.04,""r"":7,""run_id"":""22cc46a396a276b666b805f90859895cb11c4a18ae76c90aeb44e64208d7955b""}",
       512,         0,         0,    2.33,mwpf__4be7971ec0aed8b350943219afc2640031998d7bde83aee6a0f21fb9cad0071d,0b500337b6e25e32dcf4bed99809a5d106409a48cf464ef28981fe2fb56292db,"{""circuit"":""surface_code:rotated_memory_x"",""cluster_node_limit"":50,""d"":7,""decoder"":""mwpf"",""decoder_type"":""SolverSerialJointSingleHair"",""p"":0.02,""p_erase"":0.02,""r"":7,""run_id"":""ec632a372450f8a655350bea6e7a952b552cfb386cd39755b54f2b84ee3f6f31""}",
       128,        38,         0,    2.30,mwpf__98f1b527ad63d0c96b87fae2ef9b5a001df2d2c4d1bcf7718808c982f8f67de9,228a01b856019daca44f88d1c0dd611b9d09141c474412396bea6d8158eea878,"{""circuit"":""surface_code:rotated_memory_x"",""cluster_node_limit"":50,""d"":7,""decoder"":""mwpf"",""decoder_type"":""SolverSerialJointSingleHair"",""p"":0.04,""p_erase"":0.04,""r"":7,""run_id"":""22cc46a396a276b666b805f90859895cb11c4a18ae76c90aeb44e64208d7955b""}",
       512,         2,         0,    2.37,mwpf__4be7971ec0aed8b350943219afc2640031998d7bde83aee6a0f21fb9cad0071d,0b500337b6e25e32dcf4bed99809a5d106409a48cf464ef28981fe2fb56292db,"{""circuit"":""surface_code:rotated_memory_x"",""cluster_node_limit"":50,""d"":7,""decoder"":""mwpf"",""decoder_type"":""SolverSerialJointSingleHair"",""p"":0.02,""p_erase"":0.02,""r"":7,""run_id"":""ec632a372450f8a655350bea6e7a952b552cfb386cd39755b54f2b84ee3f6f31""}",
      2560,         0,         0,    3.29,mwpf__d28f1af8d4d041d92b7031084fdbcab6dc1e9cf1c24adb30eaa887515eb6649d,0ad7c7cfd60bfc8d2cc9a8cda8479ce98f46b483bb1cdf9eb70b27588a28a083,"{""circuit"":""surface_code:rotated_memory_x"",""cluster_node_limit"":50,""d"":7,""decoder"":""mwpf"",""decoder_type"":""SolverSerialJointSingleHair"",""p"":0.0075,""p_erase"":0.0075,""r"":7,""run_id"":""746c0ed850e7a1c4899561c73e97af04ff040736013cde397145df4c660e1d2a""}",
      1024,         0,         0,    1.71,mwpf__738c4c2fe60c79a38f4352423c226453cf78c7d4efc409ac916f3f724e7f428b,f522fd2f03991528ab1e67f7b35462f84ed9738f5f8cde70a41909bee4fd3f87,"{""circuit"":""surface_code:rotated_memory_x"",""cluster_node_limit"":50,""d"":7,""decoder"":""mwpf"",""decoder_type"":""SolverSerialJointSingleHair"",""p"":0.009,""p_erase"":0.009,""r"":7,""run_id"":""4b2052dd33b88244b8dc64e1aa696c4f0cef9c363b27e7d2cd9a4ccb51da3596""}",
      2570,         0,         0,    2.13,mwpf__b6016d819feb2809ffcf636abab514c45d75b03883db9deaeb3212ba16d427f7,17c3525d8e7ed29f6b86b05ef0009c1af731021e045d13d4a382926450c6644c,"{""circuit"":""surface_code:rotated_memory_x"",""cluster_node_limit"":50,""d"":7,""decoder"":""mwpf"",""decoder_type"":""SolverSerialJointSingleHair"",""p"":0.005,""p_erase"":0.005,""r"":7,""run_id"":""3ff977703ebf3f566a41dac215e2bc8e682579cf7cec84db2f03627fcfabbad2""}",
       256,        12,         0,    2.57,mwpf__52a073e7515446df52cbda9ca7c289cfd1927a5295e69ea691f5d15087ee0aff,5a668985a08f01552b0c1df7417c34aec474e3171f00de2b4ec4b430761e3525,"{""circuit"":""surface_code:rotated_memory_x"",""cluster_node_limit"":50,""d"":7,""decoder"":""mwpf"",""decoder_type"":""SolverSerialJointSingleHair"",""p"":0.03,""p_erase"":0.03,""r"":7,""run_id"":""813ba4eb16fa666e67959bd8c62870ba1c2c26cd74e0d3cecbae76623e9435dc""}",
      2560,         0,         0,    2.57,mwpf__4aed23b674076cc15b4dcd1aeb6b0a8db6b52d88acd7d465bf49dfcb9c23e5c2,ade57cc12597f9b057a68161ae03989a950f74466f84fc8640ee0038ac8c8016,"{""circuit"":""surface_code:rotated_memory_x"",""cluster_node_limit"":50,""d"":7,""decoder"":""mwpf"",""decoder_type"":""SolverSerialJointSingleHair"",""p"":0.006,""p_erase"":0.006,""r"":7,""run_id"":""c569d24a00e94715f929354bdbd1860f950e40c56d976da161032d1bf73e9e9d""}",
      2560,         0,         0,    2.19,mwpf__b6016d819feb2809ffcf636abab514c45d75b03883db9deaeb3212ba16d427f7,17c3525d8e7ed29f6b86b05ef0009c1af731021e045d13d4a382926450c6644c,"{""circuit"":""surface_code:rotated_memory_x"",""cluster_node_limit"":50,""d"":7,""decoder"":""mwpf"",""decoder_type"":""SolverSerialJointSingleHair"",""p"":0.005,""p_erase"":0.005,""r"":7,""run_id"":""3ff977703ebf3f566a41dac215e2bc8e682579cf7cec84db2f03627fcfabbad2""}",
        10,         0,         0,   0.009,mwpf__b6016d819feb2809ffcf636abab514c45d75b03883db9deaeb3212ba16d427f7,17c3525d8e7ed29f6b86b05ef0009c1af731021e045d13d4a382926450c6644c,"{""circuit"":""surface_code:rotated_memory_x"",""cluster_node_limit"":50,""d"":7,""decoder"":""mwpf"",""decoder_type"":""SolverSerialJointSingleHair"",""p"":0.005,""p_erase"":0.005,""r"":7,""run_id"":""3ff977703ebf3f566a41dac215e2bc8e682579cf7cec84db2f03627fcfabbad2""}",
      1713,         0,         0,    1.45,mwpf__b6016d819feb2809ffcf636abab514c45d75b03883db9deaeb3212ba16d427f7,17c3525d8e7ed29f6b86b05ef0009c1af731021e045d13d4a382926450c6644c,"{""circuit"":""surface_code:rotated_memory_x"",""cluster_node_limit"":50,""d"":7,""decoder"":""mwpf"",""decoder_type"":""SolverSerialJointSingleHair"",""p"":0.005,""p_erase"":0.005,""r"":7,""run_id"":""3ff977703ebf3f566a41dac215e2bc8e682579cf7cec84db2f03627fcfabbad2""}",
      2560,         0,         0,    2.52,mwpf__4aed23b674076cc15b4dcd1aeb6b0a8db6b52d88acd7d465bf49dfcb9c23e5c2,ade57cc12597f9b057a68161ae03989a950f74466f84fc8640ee0038ac8c8016,"{""circuit"":""surface_code:rotated_memory_x"",""cluster_node_limit"":50,""d"":7,""decoder"":""mwpf"",""decoder_type"":""SolverSerialJointSingleHair"",""p"":0.006,""p_erase"":0.006,""r"":7,""run_id"":""c569d24a00e94715f929354bdbd1860f950e40c56d976da161032d1bf73e9e9d""}",
       856,         0,         0,   0.738,mwpf__b6016d819feb2809ffcf636abab514c45d75b03883db9deaeb3212ba16d427f7,17c3525d8e7ed29f6b86b05ef0009c1af731021e045d13d4a382926450c6644c,"{""circuit"":""surface_code:rotated_memory_x"",""cluster_node_limit"":50,""d"":7,""decoder"":""mwpf"",""decoder_type"":""SolverSerialJointSingleHair"",""p"":0.005,""p_erase"":0.005,""r"":7,""run_id"":""3ff977703ebf3f566a41dac215e2bc8e682579cf7cec84db2f03627fcfabbad2""}",
       128,        60,         0,    3.07,mwpf__44785f8372daa341abdebcd828887424427bf9b811680dbe0b80e9dd0478da48,79f30c78ea0219ad2b4e9c1731639789d4a70f0809a5d03a7d41841488de462c,"{""circuit"":""surface_code:rotated_memory_x"",""cluster_node_limit"":50,""d"":7,""decoder"":""mwpf"",""decoder_type"":""SolverSerialJointSingleHair"",""p"":0.05,""p_erase"":0.05,""r"":7,""run_id"":""6f604c679956d1cf0daf6d77107bb840f1154ac07c7e1969bb8402e01858bb91""}",
      1792,         0,         0,    3.22,mwpf__27cac5a9d63b5310296ad2f389f4539acd5e7fb7f123dc12456c335e8393c788,ed79fc073e9e8e64e12ca9cee3f1b3b09617b06e5f19d423f3dca5e27321c0ec,"{""circuit"":""surface_code:rotated_memory_x"",""cluster_node_limit"":50,""d"":7,""decoder"":""mwpf"",""decoder_type"":""SolverSerialJointSingleHair"",""p"":0.01,""p_erase"":0.01,""r"":7,""run_id"":""85dc4b86326449a5e4d2267937782207589c000366e3fbe70d98bb3f9fb5a333""}",
      2304,         0,         0,    3.23,mwpf__cc84687092a659fc65a3ee05269b6b569030e8df60c8f6bb1338aab95b850464,de2559247a63aadd19f6ad89515979a5d4f1397f9e0720615a2b8b2b9f64cc61,"{""circuit"":""surface_code:rotated_memory_x"",""cluster_node_limit"":50,""d"":7,""decoder"":""mwpf"",""decoder_type"":""SolverSerialJointSingleHair"",""p"":0.008,""p_erase"":0.008,""r"":7,""run_id"":""b0127341a48953a855ea3549247068ee7050e7461912fad56a38b1d8708ded61""}",
      2560,         0,         0,    3.31,mwpf__d28f1af8d4d041d92b7031084fdbcab6dc1e9cf1c24adb30eaa887515eb6649d,0ad7c7cfd60bfc8d2cc9a8cda8479ce98f46b483bb1cdf9eb70b27588a28a083,"{""circuit"":""surface_code:rotated_memory_x"",""cluster_node_limit"":50,""d"":7,""decoder"":""mwpf"",""decoder_type"":""SolverSerialJointSingleHair"",""p"":0.0075,""p_erase"":0.0075,""r"":7,""run_id"":""746c0ed850e7a1c4899561c73e97af04ff040736013cde397145df4c660e1d2a""}",
      2560,         0,         0,    3.13,mwpf__3676edfd3705a10bff90f19b109b554244bd8b49a912fddd54112319402e54b2,f5fc0e2830bf34a034cecaa2a86787ee42c5ac7b974e2cca4fce80b4f9d60e16,"{""circuit"":""surface_code:rotated_memory_x"",""cluster_node_limit"":50,""d"":7,""decoder"":""mwpf"",""decoder_type"":""SolverSerialJointSingleHair"",""p"":0.007,""p_erase"":0.007,""r"":7,""run_id"":""cc23d39f806d6b050b42fdf6523d37ff1ded4115cd9804c1b1173f160297dfb9""}",
       256,        13,         0,    2.67,mwpf__52a073e7515446df52cbda9ca7c289cfd1927a5295e69ea691f5d15087ee0aff,5a668985a08f01552b0c1df7417c34aec474e3171f00de2b4ec4b430761e3525,"{""circuit"":""surface_code:rotated_memory_x"",""cluster_node_limit"":50,""d"":7,""decoder"":""mwpf"",""decoder_type"":""SolverSerialJointSingleHair"",""p"":0.03,""p_erase"":0.03,""r"":7,""run_id"":""813ba4eb16fa666e67959bd8c62870ba1c2c26cd74e0d3cecbae76623e9435dc""}",
       112,        56,         0,    3.10,mwpf__896f3dc2c428c5c3bd808eb3cf2c780aa9e502e977467691de169f32c83a0647,3edb2ec651a68bfdc9765ebf8d3698d92006edac63bb654b4b1296d087be24a3,"{""circuit"":""surface_code:rotated_memory_x"",""cluster_node_limit"":50,""d"":7,""decoder"":""mwpf"",""decoder_type"":""SolverSerialJointSingleHair"",""p"":0.06,""p_erase"":0.06,""r"":7,""run_id"":""41e8a83007d9cf79fae89c7e2eb169407b888404b52611d599cfbd8d3d61e56d""}",
      2048,         0,         0,    3.28,mwpf__738c4c2fe60c79a38f4352423c226453cf78c7d4efc409ac916f3f724e7f428b,f522fd2f03991528ab1e67f7b35462f84ed9738f5f8cde70a41909bee4fd3f87,"{""circuit"":""surface_code:rotated_memory_x"",""cluster_node_limit"":50,""d"":7,""decoder"":""mwpf"",""decoder_type"":""SolverSerialJointSingleHair"",""p"":0.009,""p_erase"":0.009,""r"":7,""run_id"":""4b2052dd33b88244b8dc64e1aa696c4f0cef9c363b27e7d2cd9a4ccb51da3596""}",
      2304,         0,         0,    3.21,mwpf__cc84687092a659fc65a3ee05269b6b569030e8df60c8f6bb1338aab95b850464,de2559247a63aadd19f6ad89515979a5d4f1397f9e0720615a2b8b2b9f64cc61,"{""circuit"":""surface_code:rotated_memory_x"",""cluster_node_limit"":50,""d"":7,""decoder"":""mwpf"",""decoder_type"":""SolverSerialJointSingleHair"",""p"":0.008,""p_erase"":0.008,""r"":7,""run_id"":""b0127341a48953a855ea3549247068ee7050e7461912fad56a38b1d8708ded61""}",
       112,        61,         0,    3.15,mwpf__896f3dc2c428c5c3bd808eb3cf2c780aa9e502e977467691de169f32c83a0647,3edb2ec651a68bfdc9765ebf8d3698d92006edac63bb654b4b1296d087be24a3,"{""circuit"":""surface_code:rotated_memory_x"",""cluster_node_limit"":50,""d"":7,""decoder"":""mwpf"",""decoder_type"":""SolverSerialJointSingleHair"",""p"":0.06,""p_erase"":0.06,""r"":7,""run_id"":""41e8a83007d9cf79fae89c7e2eb169407b888404b52611d599cfbd8d3d61e56d""}",
       144,        66,         0,    3.26,mwpf__44785f8372daa341abdebcd828887424427bf9b811680dbe0b80e9dd0478da48,79f30c78ea0219ad2b4e9c1731639789d4a70f0809a5d03a7d41841488de462c,"{""circuit"":""surface_code:rotated_memory_x"",""cluster_node_limit"":50,""d"":7,""decoder"":""mwpf"",""decoder_type"":""SolverSerialJointSingleHair"",""p"":0.05,""p_erase"":0.05,""r"":7,""run_id"":""6f604c679956d1cf0daf6d77107bb840f1154ac07c7e1969bb8402e01858bb91""}",
      1792,         0,         0,    3.22,mwpf__27cac5a9d63b5310296ad2f389f4539acd5e7fb7f123dc12456c335e8393c788,ed79fc073e9e8e64e12ca9cee3f1b3b09617b06e5f19d423f3dca5e27321c0ec,"{""circuit"":""surface_code:rotated_memory_x"",""cluster_node_limit"":50,""d"":7,""decoder"":""mwpf"",""decoder_type"":""SolverSerialJointSingleHair"",""p"":0.01,""p_erase"":0.01,""r"":7,""run_id"":""85dc4b86326449a5e4d2267937782207589c000366e3fbe70d98bb3f9fb5a333""}",
      1280,         0,         0,    2.21,mwpf__738c4c2fe60c79a38f4352423c226453cf78c7d4efc409ac916f3f724e7f428b,f522fd2f03991528ab1e67f7b35462f84ed9738f5f8cde70a41909bee4fd3f87,"{""circuit"":""surface_code:rotated_memory_x"",""cluster_node_limit"":50,""d"":7,""decoder"":""mwpf"",""decoder_type"":""SolverSerialJointSingleHair"",""p"":0.009,""p_erase"":0.009,""r"":7,""run_id"":""4b2052dd33b88244b8dc64e1aa696c4f0cef9c363b27e7d2cd9a4ccb51da3596""}",
      2560,         0,         0,    3.06,mwpf__3676edfd3705a10bff90f19b109b554244bd8b49a912fddd54112319402e54b2,f5fc0e2830bf34a034cecaa2a86787ee42c5ac7b974e2cca4fce80b4f9d60e16,"{""circuit"":""surface_code:rotated_memory_x"",""cluster_node_limit"":50,""d"":7,""decoder"":""mwpf"",""decoder_type"":""SolverSerialJointSingleHair"",""p"":0.007,""p_erase"":0.007,""r"":7,""run_id"":""cc23d39f806d6b050b42fdf6523d37ff1ded4115cd9804c1b1173f160297dfb9""}",
      3072,         0,         0,    3.07,mwpf__4aed23b674076cc15b4dcd1aeb6b0a8db6b52d88acd7d465bf49dfcb9c23e5c2,ade57cc12597f9b057a68161ae03989a950f74466f84fc8640ee0038ac8c8016,"{""circuit"":""surface_code:rotated_memory_x"",""cluster_node_limit"":50,""d"":7,""decoder"":""mwpf"",""decoder_type"":""SolverSerialJointSingleHair"",""p"":0.006,""p_erase"":0.006,""r"":7,""run_id"":""c569d24a00e94715f929354bdbd1860f950e40c56d976da161032d1bf73e9e9d""}",
       192,        61,         0,    3.46,mwpf__98f1b527ad63d0c96b87fae2ef9b5a001df2d2c4d1bcf7718808c982f8f67de9,228a01b856019daca44f88d1c0dd611b9d09141c474412396bea6d8158eea878,"{""circuit"":""surface_code:rotated_memory_x"",""cluster_node_limit"":50,""d"":7,""decoder"":""mwpf"",""decoder_type"":""SolverSerialJointSingleHair"",""p"":0.04,""p_erase"":0.04,""r"":7,""run_id"":""22cc46a396a276b666b805f90859895cb11c4a18ae76c90aeb44e64208d7955b""}",
       192,        49,         0,    3.29,mwpf__98f1b527ad63d0c96b87fae2ef9b5a001df2d2c4d1bcf7718808c982f8f67de9,228a01b856019daca44f88d1c0dd611b9d09141c474412396bea6d8158eea878,"{""circuit"":""surface_code:rotated_memory_x"",""cluster_node_limit"":50,""d"":7,""decoder"":""mwpf"",""decoder_type"":""SolverSerialJointSingleHair"",""p"":0.04,""p_erase"":0.04,""r"":7,""run_id"":""22cc46a396a276b666b805f90859895cb11c4a18ae76c90aeb44e64208d7955b""}",
       522,         0,         0,   0.508,mwpf__4aed23b674076cc15b4dcd1aeb6b0a8db6b52d88acd7d465bf49dfcb9c23e5c2,ade57cc12597f9b057a68161ae03989a950f74466f84fc8640ee0038ac8c8016,"{""circuit"":""surface_code:rotated_memory_x"",""cluster_node_limit"":50,""d"":7,""decoder"":""mwpf"",""decoder_type"":""SolverSerialJointSingleHair"",""p"":0.006,""p_erase"":0.006,""r"":7,""run_id"":""c569d24a00e94715f929354bdbd1860f950e40c56d976da161032d1bf73e9e9d""}",
      2560,         0,         0,    2.54,mwpf__4aed23b674076cc15b4dcd1aeb6b0a8db6b52d88acd7d465bf49dfcb9c23e5c2,ade57cc12597f9b057a68161ae03989a950f74466f84fc8640ee0038ac8c8016,"{""circuit"":""surface_code:rotated_memory_x"",""cluster_node_limit"":50,""d"":7,""decoder"":""mwpf"",""decoder_type"":""SolverSerialJointSingleHair"",""p"":0.006,""p_erase"":0.006,""r"":7,""run_id"":""c569d24a00e94715f929354bdbd1860f950e40c56d976da161032d1bf73e9e9d""}",
      3072,         0,         0,    3.06,mwpf__4aed23b674076cc15b4dcd1aeb6b0a8db6b52d88acd7d465bf49dfcb9c23e5c2,ade57cc12597f9b057a68161ae03989a950f74466f84fc8640ee0038ac8c8016,"{""circuit"":""surface_code:rotated_memory_x"",""cluster_node_limit"":50,""d"":7,""decoder"":""mwpf"",""decoder_type"":""SolverSerialJointSingleHair"",""p"":0.006,""p_erase"":0.006,""r"":7,""run_id"":""c569d24a00e94715f929354bdbd1860f950e40c56d976da161032d1bf73e9e9d""}",
       768,         1,         0,    3.63,mwpf__4be7971ec0aed8b350943219afc2640031998d7bde83aee6a0f21fb9cad0071d,0b500337b6e25e32dcf4bed99809a5d106409a48cf464ef28981fe2fb56292db,"{""circuit"":""surface_code:rotated_memory_x"",""cluster_node_limit"":50,""d"":7,""decoder"":""mwpf"",""decoder_type"":""SolverSerialJointSingleHair"",""p"":0.02,""p_erase"":0.02,""r"":7,""run_id"":""ec632a372450f8a655350bea6e7a952b552cfb386cd39755b54f2b84ee3f6f31""}",
       320,        17,         0,    3.28,mwpf__52a073e7515446df52cbda9ca7c289cfd1927a5295e69ea691f5d15087ee0aff,5a668985a08f01552b0c1df7417c34aec474e3171f00de2b4ec4b430761e3525,"{""circuit"":""surface_code:rotated_memory_x"",""cluster_node_limit"":50,""d"":7,""decoder"":""mwpf"",""decoder_type"":""SolverSerialJointSingleHair"",""p"":0.03,""p_erase"":0.03,""r"":7,""run_id"":""813ba4eb16fa666e67959bd8c62870ba1c2c26cd74e0d3cecbae76623e9435dc""}",
       174,         0,         0,   0.175,mwpf__4aed23b674076cc15b4dcd1aeb6b0a8db6b52d88acd7d465bf49dfcb9c23e5c2,ade57cc12597f9b057a68161ae03989a950f74466f84fc8640ee0038ac8c8016,"{""circuit"":""surface_code:rotated_memory_x"",""cluster_node_limit"":50,""d"":7,""decoder"":""mwpf"",""decoder_type"":""SolverSerialJointSingleHair"",""p"":0.006,""p_erase"":0.006,""r"":7,""run_id"":""c569d24a00e94715f929354bdbd1860f950e40c56d976da161032d1bf73e9e9d""}",
       768,         2,         0,    3.61,mwpf__4be7971ec0aed8b350943219afc2640031998d7bde83aee6a0f21fb9cad0071d,0b500337b6e25e32dcf4bed99809a5d106409a48cf464ef28981fe2fb56292db,"{""circuit"":""surface_code:rotated_memory_x"",""cluster_node_limit"":50,""d"":7,""decoder"":""mwpf"",""decoder_type"":""SolverSerialJointSingleHair"",""p"":0.02,""p_erase"":0.02,""r"":7,""run_id"":""ec632a372450f8a655350bea6e7a952b552cfb386cd39755b54f2b84ee3f6f31""}",
       348,         0,         0,   0.344,mwpf__4aed23b674076cc15b4dcd1aeb6b0a8db6b52d88acd7d465bf49dfcb9c23e5c2,ade57cc12597f9b057a68161ae03989a950f74466f84fc8640ee0038ac8c8016,"{""circuit"":""surface_code:rotated_memory_x"",""cluster_node_limit"":50,""d"":7,""decoder"":""mwpf"",""decoder_type"":""SolverSerialJointSingleHair"",""p"":0.006,""p_erase"":0.006,""r"":7,""run_id"":""c569d24a00e94715f929354bdbd1860f950e40c56d976da161032d1bf73e9e9d""}",
       521,         0,         0,   0.537,mwpf__4aed23b674076cc15b4dcd1aeb6b0a8db6b52d88acd7d465bf49dfcb9c23e5c2,ade57cc12597f9b057a68161ae03989a950f74466f84fc8640ee0038ac8c8016,"{""circuit"":""surface_code:rotated_memory_x"",""cluster_node_limit"":50,""d"":7,""decoder"":""mwpf"",""decoder_type"":""SolverSerialJointSingleHair"",""p"":0.006,""p_erase"":0.006,""r"":7,""run_id"":""c569d24a00e94715f929354bdbd1860f950e40c56d976da161032d1bf73e9e9d""}",
      3328,         0,         0,    4.27,mwpf__d28f1af8d4d041d92b7031084fdbcab6dc1e9cf1c24adb30eaa887515eb6649d,0ad7c7cfd60bfc8d2cc9a8cda8479ce98f46b483bb1cdf9eb70b27588a28a083,"{""circuit"":""surface_code:rotated_memory_x"",""cluster_node_limit"":50,""d"":7,""decoder"":""mwpf"",""decoder_type"":""SolverSerialJointSingleHair"",""p"":0.0075,""p_erase"":0.0075,""r"":7,""run_id"":""746c0ed850e7a1c4899561c73e97af04ff040736013cde397145df4c660e1d2a""}",
       320,        23,         0,    3.22,mwpf__52a073e7515446df52cbda9ca7c289cfd1927a5295e69ea691f5d15087ee0aff,5a668985a08f01552b0c1df7417c34aec474e3171f00de2b4ec4b430761e3525,"{""circuit"":""surface_code:rotated_memory_x"",""cluster_node_limit"":50,""d"":7,""decoder"":""mwpf"",""decoder_type"":""SolverSerialJointSingleHair"",""p"":0.03,""p_erase"":0.03,""r"":7,""run_id"":""813ba4eb16fa666e67959bd8c62870ba1c2c26cd74e0d3cecbae76623e9435dc""}",
      3072,         0,         0,    4.29,mwpf__cc84687092a659fc65a3ee05269b6b569030e8df60c8f6bb1338aab95b850464,de2559247a63aadd19f6ad89515979a5d4f1397f9e0720615a2b8b2b9f64cc61,"{""circuit"":""surface_code:rotated_memory_x"",""cluster_node_limit"":50,""d"":7,""decoder"":""mwpf"",""decoder_type"":""SolverSerialJointSingleHair"",""p"":0.008,""p_erase"":0.008,""r"":7,""run_id"":""b0127341a48953a855ea3549247068ee7050e7461912fad56a38b1d8708ded61""}",
      2048,         0,         0,    3.38,mwpf__738c4c2fe60c79a38f4352423c226453cf78c7d4efc409ac916f3f724e7f428b,f522fd2f03991528ab1e67f7b35462f84ed9738f5f8cde70a41909bee4fd3f87,"{""circuit"":""surface_code:rotated_memory_x"",""cluster_node_limit"":50,""d"":7,""decoder"":""mwpf"",""decoder_type"":""SolverSerialJointSingleHair"",""p"":0.009,""p_erase"":0.009,""r"":7,""run_id"":""4b2052dd33b88244b8dc64e1aa696c4f0cef9c363b27e7d2cd9a4ccb51da3596""}",
      3328,         0,         0,    4.34,mwpf__d28f1af8d4d041d92b7031084fdbcab6dc1e9cf1c24adb30eaa887515eb6649d,0ad7c7cfd60bfc8d2cc9a8cda8479ce98f46b483bb1cdf9eb70b27588a28a083,"{""circuit"":""surface_code:rotated_memory_x"",""cluster_node_limit"":50,""d"":7,""decoder"":""mwpf"",""decoder_type"":""SolverSerialJointSingleHair"",""p"":0.0075,""p_erase"":0.0075,""r"":7,""run_id"":""746c0ed850e7a1c4899561c73e97af04ff040736013cde397145df4c660e1d2a""}",
       192,        88,         0,    4.55,mwpf__44785f8372daa341abdebcd828887424427bf9b811680dbe0b80e9dd0478da48,79f30c78ea0219ad2b4e9c1731639789d4a70f0809a5d03a7d41841488de462c,"{""circuit"":""surface_code:rotated_memory_x"",""cluster_node_limit"":50,""d"":7,""decoder"":""mwpf"",""decoder_type"":""SolverSerialJointSingleHair"",""p"":0.05,""p_erase"":0.05,""r"":7,""run_id"":""6f604c679956d1cf0daf6d77107bb840f1154ac07c7e1969bb8402e01858bb91""}",
      2560,         0,         0,    4.60,mwpf__27cac5a9d63b5310296ad2f389f4539acd5e7fb7f123dc12456c335e8393c788,ed79fc073e9e8e64e12ca9cee3f1b3b09617b06e5f19d423f3dca5e27321c0ec,"{""circuit"":""surface_code:rotated_memory_x"",""cluster_node_limit"":50,""d"":7,""decoder"":""mwpf"",""decoder_type"":""SolverSerialJointSingleHair"",""p"":0.01,""p_erase"":0.01,""r"":7,""run_id"":""85dc4b86326449a5e4d2267937782207589c000366e3fbe70d98bb3f9fb5a333""}",
      3584,         0,         0,    4.36,mwpf__3676edfd3705a10bff90f19b109b554244bd8b49a912fddd54112319402e54b2,f5fc0e2830bf34a034cecaa2a86787ee42c5ac7b974e2cca4fce80b4f9d60e16,"{""circuit"":""surface_code:rotated_memory_x"",""cluster_node_limit"":50,""d"":7,""decoder"":""mwpf"",""decoder_type"":""SolverSerialJointSingleHair"",""p"":0.007,""p_erase"":0.007,""r"":7,""run_id"":""cc23d39f806d6b050b42fdf6523d37ff1ded4115cd9804c1b1173f160297dfb9""}",
      3072,         0,         0,    4.31,mwpf__cc84687092a659fc65a3ee05269b6b569030e8df60c8f6bb1338aab95b850464,de2559247a63aadd19f6ad89515979a5d4f1397f9e0720615a2b8b2b9f64cc61,"{""circuit"":""surface_code:rotated_memory_x"",""cluster_node_limit"":50,""d"":7,""decoder"":""mwpf"",""decoder_type"":""SolverSerialJointSingleHair"",""p"":0.008,""p_erase"":0.008,""r"":7,""run_id"":""b0127341a48953a855ea3549247068ee7050e7461912fad56a38b1d8708ded61""}",
      2816,         0,         0,    4.43,mwpf__738c4c2fe60c79a38f4352423c226453cf78c7d4efc409ac916f3f724e7f428b,f522fd2f03991528ab1e67f7b35462f84ed9738f5f8cde70a41909bee4fd3f87,"{""circuit"":""surface_code:rotated_memory_x"",""cluster_node_limit"":50,""d"":7,""decoder"":""mwpf"",""decoder_type"":""SolverSerialJointSingleHair"",""p"":0.009,""p_erase"":0.009,""r"":7,""run_id"":""4b2052dd33b88244b8dc64e1aa696c4f0cef9c363b27e7d2cd9a4ccb51da3596""}",
       160,        97,         0,    4.44,mwpf__896f3dc2c428c5c3bd808eb3cf2c780aa9e502e977467691de169f32c83a0647,3edb2ec651a68bfdc9765ebf8d3698d92006edac63bb654b4b1296d087be24a3,"{""circuit"":""surface_code:rotated_memory_x"",""cluster_node_limit"":50,""d"":7,""decoder"":""mwpf"",""decoder_type"":""SolverSerialJointSingleHair"",""p"":0.06,""p_erase"":0.06,""r"":7,""run_id"":""41e8a83007d9cf79fae89c7e2eb169407b888404b52611d599cfbd8d3d61e56d""}",
       160,        76,         0,    4.44,mwpf__896f3dc2c428c5c3bd808eb3cf2c780aa9e502e977467691de169f32c83a0647,3edb2ec651a68bfdc9765ebf8d3698d92006edac63bb654b4b1296d087be24a3,"{""circuit"":""surface_code:rotated_memory_x"",""cluster_node_limit"":50,""d"":7,""decoder"":""mwpf"",""decoder_type"":""SolverSerialJointSingleHair"",""p"":0.06,""p_erase"":0.06,""r"":7,""run_id"":""41e8a83007d9cf79fae89c7e2eb169407b888404b52611d599cfbd8d3d61e56d""}",
       192,        97,         0,    4.60,mwpf__44785f8372daa341abdebcd828887424427bf9b811680dbe0b80e9dd0478da48,79f30c78ea0219ad2b4e9c1731639789d4a70f0809a5d03a7d41841488de462c,"{""circuit"":""surface_code:rotated_memory_x"",""cluster_node_limit"":50,""d"":7,""decoder"":""mwpf"",""decoder_type"":""SolverSerialJointSingleHair"",""p"":0.05,""p_erase"":0.05,""r"":7,""run_id"":""6f604c679956d1cf0daf6d77107bb840f1154ac07c7e1969bb8402e01858bb91""}",
      2560,         0,         0,    4.62,mwpf__27cac5a9d63b5310296ad2f389f4539acd5e7fb7f123dc12456c335e8393c788,ed79fc073e9e8e64e12ca9cee3f1b3b09617b06e5f19d423f3dca5e27321c0ec,"{""circuit"":""surface_code:rotated_memory_x"",""cluster_node_limit"":50,""d"":7,""decoder"":""mwpf"",""decoder_type"":""SolverSerialJointSingleHair"",""p"":0.01,""p_erase"":0.01,""r"":7,""run_id"":""85dc4b86326449a5e4d2267937782207589c000366e3fbe70d98bb3f9fb5a333""}",
      4096,         0,         0,    4.88,mwpf__3676edfd3705a10bff90f19b109b554244bd8b49a912fddd54112319402e54b2,f5fc0e2830bf34a034cecaa2a86787ee42c5ac7b974e2cca4fce80b4f9d60e16,"{""circuit"":""surface_code:rotated_memory_x"",""cluster_node_limit"":50,""d"":7,""decoder"":""mwpf"",""decoder_type"":""SolverSerialJointSingleHair"",""p"":0.007,""p_erase"":0.007,""r"":7,""run_id"":""cc23d39f806d6b050b42fdf6523d37ff1ded4115cd9804c1b1173f160297dfb9""}",
       256,        85,         0,    4.41,mwpf__98f1b527ad63d0c96b87fae2ef9b5a001df2d2c4d1bcf7718808c982f8f67de9,228a01b856019daca44f88d1c0dd611b9d09141c474412396bea6d8158eea878,"{""circuit"":""surface_code:rotated_memory_x"",""cluster_node_limit"":50,""d"":7,""decoder"":""mwpf"",""decoder_type"":""SolverSerialJointSingleHair"",""p"":0.04,""p_erase"":0.04,""r"":7,""run_id"":""22cc46a396a276b666b805f90859895cb11c4a18ae76c90aeb44e64208d7955b""}",
       256,        83,         0,    4.40,mwpf__98f1b527ad63d0c96b87fae2ef9b5a001df2d2c4d1bcf7718808c982f8f67de9,228a01b856019daca44f88d1c0dd611b9d09141c474412396bea6d8158eea878,"{""circuit"":""surface_code:rotated_memory_x"",""cluster_node_limit"":50,""d"":7,""decoder"":""mwpf"",""decoder_type"":""SolverSerialJointSingleHair"",""p"":0.04,""p_erase"":0.04,""r"":7,""run_id"":""22cc46a396a276b666b805f90859895cb11c4a18ae76c90aeb44e64208d7955b""}",
       448,        26,         0,    4.44,mwpf__52a073e7515446df52cbda9ca7c289cfd1927a5295e69ea691f5d15087ee0aff,5a668985a08f01552b0c1df7417c34aec474e3171f00de2b4ec4b430761e3525,"{""circuit"":""surface_code:rotated_memory_x"",""cluster_node_limit"":50,""d"":7,""decoder"":""mwpf"",""decoder_type"":""SolverSerialJointSingleHair"",""p"":0.03,""p_erase"":0.03,""r"":7,""run_id"":""813ba4eb16fa666e67959bd8c62870ba1c2c26cd74e0d3cecbae76623e9435dc""}",
      1024,         2,         0,    4.83,mwpf__4be7971ec0aed8b350943219afc2640031998d7bde83aee6a0f21fb9cad0071d,0b500337b6e25e32dcf4bed99809a5d106409a48cf464ef28981fe2fb56292db,"{""circuit"":""surface_code:rotated_memory_x"",""cluster_node_limit"":50,""d"":7,""decoder"":""mwpf"",""decoder_type"":""SolverSerialJointSingleHair"",""p"":0.02,""p_erase"":0.02,""r"":7,""run_id"":""ec632a372450f8a655350bea6e7a952b552cfb386cd39755b54f2b84ee3f6f31""}",
      1024,         4,         0,    4.83,mwpf__4be7971ec0aed8b350943219afc2640031998d7bde83aee6a0f21fb9cad0071d,0b500337b6e25e32dcf4bed99809a5d106409a48cf464ef28981fe2fb56292db,"{""circuit"":""surface_code:rotated_memory_x"",""cluster_node_limit"":50,""d"":7,""decoder"":""mwpf"",""decoder_type"":""SolverSerialJointSingleHair"",""p"":0.02,""p_erase"":0.02,""r"":7,""run_id"":""ec632a372450f8a655350bea6e7a952b552cfb386cd39755b54f2b84ee3f6f31""}",
      2636,         0,         0,    3.19,mwpf__3676edfd3705a10bff90f19b109b554244bd8b49a912fddd54112319402e54b2,f5fc0e2830bf34a034cecaa2a86787ee42c5ac7b974e2cca4fce80b4f9d60e16,"{""circuit"":""surface_code:rotated_memory_x"",""cluster_node_limit"":50,""d"":7,""decoder"":""mwpf"",""decoder_type"":""SolverSerialJointSingleHair"",""p"":0.007,""p_erase"":0.007,""r"":7,""run_id"":""cc23d39f806d6b050b42fdf6523d37ff1ded4115cd9804c1b1173f160297dfb9""}",
       448,        36,         0,    4.48,mwpf__52a073e7515446df52cbda9ca7c289cfd1927a5295e69ea691f5d15087ee0aff,5a668985a08f01552b0c1df7417c34aec474e3171f00de2b4ec4b430761e3525,"{""circuit"":""surface_code:rotated_memory_x"",""cluster_node_limit"":50,""d"":7,""decoder"":""mwpf"",""decoder_type"":""SolverSerialJointSingleHair"",""p"":0.03,""p_erase"":0.03,""r"":7,""run_id"":""813ba4eb16fa666e67959bd8c62870ba1c2c26cd74e0d3cecbae76623e9435dc""}",
      2124,         0,         0,    2.51,mwpf__3676edfd3705a10bff90f19b109b554244bd8b49a912fddd54112319402e54b2,f5fc0e2830bf34a034cecaa2a86787ee42c5ac7b974e2cca4fce80b4f9d60e16,"{""circuit"":""surface_code:rotated_memory_x"",""cluster_node_limit"":50,""d"":7,""decoder"":""mwpf"",""decoder_type"":""SolverSerialJointSingleHair"",""p"":0.007,""p_erase"":0.007,""r"":7,""run_id"":""cc23d39f806d6b050b42fdf6523d37ff1ded4115cd9804c1b1173f160297dfb9""}",
      2816,         0,         0,    4.64,mwpf__738c4c2fe60c79a38f4352423c226453cf78c7d4efc409ac916f3f724e7f428b,f522fd2f03991528ab1e67f7b35462f84ed9738f5f8cde70a41909bee4fd3f87,"{""circuit"":""surface_code:rotated_memory_x"",""cluster_node_limit"":50,""d"":7,""decoder"":""mwpf"",""decoder_type"":""SolverSerialJointSingleHair"",""p"":0.009,""p_erase"":0.009,""r"":7,""run_id"":""4b2052dd33b88244b8dc64e1aa696c4f0cef9c363b27e7d2cd9a4ccb51da3596""}",
      4864,         0,         0,    6.21,mwpf__d28f1af8d4d041d92b7031084fdbcab6dc1e9cf1c24adb30eaa887515eb6649d,0ad7c7cfd60bfc8d2cc9a8cda8479ce98f46b483bb1cdf9eb70b27588a28a083,"{""circuit"":""surface_code:rotated_memory_x"",""cluster_node_limit"":50,""d"":7,""decoder"":""mwpf"",""decoder_type"":""SolverSerialJointSingleHair"",""p"":0.0075,""p_erase"":0.0075,""r"":7,""run_id"":""746c0ed850e7a1c4899561c73e97af04ff040736013cde397145df4c660e1d2a""}",
       271,         0,         0,   0.357,mwpf__d28f1af8d4d041d92b7031084fdbcab6dc1e9cf1c24adb30eaa887515eb6649d,0ad7c7cfd60bfc8d2cc9a8cda8479ce98f46b483bb1cdf9eb70b27588a28a083,"{""circuit"":""surface_code:rotated_memory_x"",""cluster_node_limit"":50,""d"":7,""decoder"":""mwpf"",""decoder_type"":""SolverSerialJointSingleHair"",""p"":0.0075,""p_erase"":0.0075,""r"":7,""run_id"":""746c0ed850e7a1c4899561c73e97af04ff040736013cde397145df4c660e1d2a""}",
      4352,         0,         0,    6.03,mwpf__cc84687092a659fc65a3ee05269b6b569030e8df60c8f6bb1338aab95b850464,de2559247a63aadd19f6ad89515979a5d4f1397f9e0720615a2b8b2b9f64cc61,"{""circuit"":""surface_code:rotated_memory_x"",""cluster_node_limit"":50,""d"":7,""decoder"":""mwpf"",""decoder_type"":""SolverSerialJointSingleHair"",""p"":0.008,""p_erase"":0.008,""r"":7,""run_id"":""b0127341a48953a855ea3549247068ee7050e7461912fad56a38b1d8708ded61""}",
      4538,         0,         0,    5.88,mwpf__d28f1af8d4d041d92b7031084fdbcab6dc1e9cf1c24adb30eaa887515eb6649d,0ad7c7cfd60bfc8d2cc9a8cda8479ce98f46b483bb1cdf9eb70b27588a28a083,"{""circuit"":""surface_code:rotated_memory_x"",""cluster_node_limit"":50,""d"":7,""decoder"":""mwpf"",""decoder_type"":""SolverSerialJointSingleHair"",""p"":0.0075,""p_erase"":0.0075,""r"":7,""run_id"":""746c0ed850e7a1c4899561c73e97af04ff040736013cde397145df4c660e1d2a""}",
       256,       103,         0,    6.03,mwpf__44785f8372daa341abdebcd828887424427bf9b811680dbe0b80e9dd0478da48,79f30c78ea0219ad2b4e9c1731639789d4a70f0809a5d03a7d41841488de462c,"{""circuit"":""surface_code:rotated_memory_x"",""cluster_node_limit"":50,""d"":7,""decoder"":""mwpf"",""decoder_type"":""SolverSerialJointSingleHair"",""p"":0.05,""p_erase"":0.05,""r"":7,""run_id"":""6f604c679956d1cf0daf6d77107bb840f1154ac07c7e1969bb8402e01858bb91""}",
      3840,         0,         0,    5.98,mwpf__738c4c2fe60c79a38f4352423c226453cf78c7d4efc409ac916f3f724e7f428b,f522fd2f03991528ab1e67f7b35462f84ed9738f5f8cde70a41909bee4fd3f87,"{""circuit"":""surface_code:rotated_memory_x"",""cluster_node_limit"":50,""d"":7,""decoder"":""mwpf"",""decoder_type"":""SolverSerialJointSingleHair"",""p"":0.009,""p_erase"":0.009,""r"":7,""run_id"":""4b2052dd33b88244b8dc64e1aa696c4f0cef9c363b27e7d2cd9a4ccb51da3596""}",
      3584,         0,         0,    6.40,mwpf__27cac5a9d63b5310296ad2f389f4539acd5e7fb7f123dc12456c335e8393c788,ed79fc073e9e8e64e12ca9cee3f1b3b09617b06e5f19d423f3dca5e27321c0ec,"{""circuit"":""surface_code:rotated_memory_x"",""cluster_node_limit"":50,""d"":7,""decoder"":""mwpf"",""decoder_type"":""SolverSerialJointSingleHair"",""p"":0.01,""p_erase"":0.01,""r"":7,""run_id"":""85dc4b86326449a5e4d2267937782207589c000366e3fbe70d98bb3f9fb5a333""}",
       224,        92,         0,    6.03,mwpf__896f3dc2c428c5c3bd808eb3cf2c780aa9e502e977467691de169f32c83a0647,3edb2ec651a68bfdc9765ebf8d3698d92006edac63bb654b4b1296d087be24a3,"{""circuit"":""surface_code:rotated_memory_x"",""cluster_node_limit"":50,""d"":7,""decoder"":""mwpf"",""decoder_type"":""SolverSerialJointSingleHair"",""p"":0.06,""p_erase"":0.06,""r"":7,""run_id"":""41e8a83007d9cf79fae89c7e2eb169407b888404b52611d599cfbd8d3d61e56d""}",
      4608,         0,         0,    6.27,mwpf__cc84687092a659fc65a3ee05269b6b569030e8df60c8f6bb1338aab95b850464,de2559247a63aadd19f6ad89515979a5d4f1397f9e0720615a2b8b2b9f64cc61,"{""circuit"":""surface_code:rotated_memory_x"",""cluster_node_limit"":50,""d"":7,""decoder"":""mwpf"",""decoder_type"":""SolverSerialJointSingleHair"",""p"":0.008,""p_erase"":0.008,""r"":7,""run_id"":""b0127341a48953a855ea3549247068ee7050e7461912fad56a38b1d8708ded61""}",
       698,         0,         0,   0.937,mwpf__cc84687092a659fc65a3ee05269b6b569030e8df60c8f6bb1338aab95b850464,de2559247a63aadd19f6ad89515979a5d4f1397f9e0720615a2b8b2b9f64cc61,"{""circuit"":""surface_code:rotated_memory_x"",""cluster_node_limit"":50,""d"":7,""decoder"":""mwpf"",""decoder_type"":""SolverSerialJointSingleHair"",""p"":0.008,""p_erase"":0.008,""r"":7,""run_id"":""b0127341a48953a855ea3549247068ee7050e7461912fad56a38b1d8708ded61""}",
       224,       105,         0,    6.19,mwpf__896f3dc2c428c5c3bd808eb3cf2c780aa9e502e977467691de169f32c83a0647,3edb2ec651a68bfdc9765ebf8d3698d92006edac63bb654b4b1296d087be24a3,"{""circuit"":""surface_code:rotated_memory_x"",""cluster_node_limit"":50,""d"":7,""decoder"":""mwpf"",""decoder_type"":""SolverSerialJointSingleHair"",""p"":0.06,""p_erase"":0.06,""r"":7,""run_id"":""41e8a83007d9cf79fae89c7e2eb169407b888404b52611d599cfbd8d3d61e56d""}",
       256,       127,         0,    6.07,mwpf__44785f8372daa341abdebcd828887424427bf9b811680dbe0b80e9dd0478da48,79f30c78ea0219ad2b4e9c1731639789d4a70f0809a5d03a7d41841488de462c,"{""circuit"":""surface_code:rotated_memory_x"",""cluster_node_limit"":50,""d"":7,""decoder"":""mwpf"",""decoder_type"":""SolverSerialJointSingleHair"",""p"":0.05,""p_erase"":0.05,""r"":7,""run_id"":""6f604c679956d1cf0daf6d77107bb840f1154ac07c7e1969bb8402e01858bb91""}",
       442,         0,         0,   0.586,mwpf__cc84687092a659fc65a3ee05269b6b569030e8df60c8f6bb1338aab95b850464,de2559247a63aadd19f6ad89515979a5d4f1397f9e0720615a2b8b2b9f64cc61,"{""circuit"":""surface_code:rotated_memory_x"",""cluster_node_limit"":50,""d"":7,""decoder"":""mwpf"",""decoder_type"":""SolverSerialJointSingleHair"",""p"":0.008,""p_erase"":0.008,""r"":7,""run_id"":""b0127341a48953a855ea3549247068ee7050e7461912fad56a38b1d8708ded61""}",
      3584,         0,         0,    6.38,mwpf__27cac5a9d63b5310296ad2f389f4539acd5e7fb7f123dc12456c335e8393c788,ed79fc073e9e8e64e12ca9cee3f1b3b09617b06e5f19d423f3dca5e27321c0ec,"{""circuit"":""surface_code:rotated_memory_x"",""cluster_node_limit"":50,""d"":7,""decoder"":""mwpf"",""decoder_type"":""SolverSerialJointSingleHair"",""p"":0.01,""p_erase"":0.01,""r"":7,""run_id"":""85dc4b86326449a5e4d2267937782207589c000366e3fbe70d98bb3f9fb5a333""}",
       352,       107,         0,    6.26,mwpf__98f1b527ad63d0c96b87fae2ef9b5a001df2d2c4d1bcf7718808c982f8f67de9,228a01b856019daca44f88d1c0dd611b9d09141c474412396bea6d8158eea878,"{""circuit"":""surface_code:rotated_memory_x"",""cluster_node_limit"":50,""d"":7,""decoder"":""mwpf"",""decoder_type"":""SolverSerialJointSingleHair"",""p"":0.04,""p_erase"":0.04,""r"":7,""run_id"":""22cc46a396a276b666b805f90859895cb11c4a18ae76c90aeb44e64208d7955b""}",
       352,       101,         0,    6.39,mwpf__98f1b527ad63d0c96b87fae2ef9b5a001df2d2c4d1bcf7718808c982f8f67de9,228a01b856019daca44f88d1c0dd611b9d09141c474412396bea6d8158eea878,"{""circuit"":""surface_code:rotated_memory_x"",""cluster_node_limit"":50,""d"":7,""decoder"":""mwpf"",""decoder_type"":""SolverSerialJointSingleHair"",""p"":0.04,""p_erase"":0.04,""r"":7,""run_id"":""22cc46a396a276b666b805f90859895cb11c4a18ae76c90aeb44e64208d7955b""}",
      1280,         4,         0,    6.06,mwpf__4be7971ec0aed8b350943219afc2640031998d7bde83aee6a0f21fb9cad0071d,0b500337b6e25e32dcf4bed99809a5d106409a48cf464ef28981fe2fb56292db,"{""circuit"":""surface_code:rotated_memory_x"",""cluster_node_limit"":50,""d"":7,""decoder"":""mwpf"",""decoder_type"":""SolverSerialJointSingleHair"",""p"":0.02,""p_erase"":0.02,""r"":7,""run_id"":""ec632a372450f8a655350bea6e7a952b552cfb386cd39755b54f2b84ee3f6f31""}",
       640,        54,         0,    6.40,mwpf__52a073e7515446df52cbda9ca7c289cfd1927a5295e69ea691f5d15087ee0aff,5a668985a08f01552b0c1df7417c34aec474e3171f00de2b4ec4b430761e3525,"{""circuit"":""surface_code:rotated_memory_x"",""cluster_node_limit"":50,""d"":7,""decoder"":""mwpf"",""decoder_type"":""SolverSerialJointSingleHair"",""p"":0.03,""p_erase"":0.03,""r"":7,""run_id"":""813ba4eb16fa666e67959bd8c62870ba1c2c26cd74e0d3cecbae76623e9435dc""}",
      1280,         5,         0,    6.01,mwpf__4be7971ec0aed8b350943219afc2640031998d7bde83aee6a0f21fb9cad0071d,0b500337b6e25e32dcf4bed99809a5d106409a48cf464ef28981fe2fb56292db,"{""circuit"":""surface_code:rotated_memory_x"",""cluster_node_limit"":50,""d"":7,""decoder"":""mwpf"",""decoder_type"":""SolverSerialJointSingleHair"",""p"":0.02,""p_erase"":0.02,""r"":7,""run_id"":""ec632a372450f8a655350bea6e7a952b552cfb386cd39755b54f2b84ee3f6f31""}",
       640,        55,         0,    6.33,mwpf__52a073e7515446df52cbda9ca7c289cfd1927a5295e69ea691f5d15087ee0aff,5a668985a08f01552b0c1df7417c34aec474e3171f00de2b4ec4b430761e3525,"{""circuit"":""surface_code:rotated_memory_x"",""cluster_node_limit"":50,""d"":7,""decoder"":""mwpf"",""decoder_type"":""SolverSerialJointSingleHair"",""p"":0.03,""p_erase"":0.03,""r"":7,""run_id"":""813ba4eb16fa666e67959bd8c62870ba1c2c26cd74e0d3cecbae76623e9435dc""}",
      4096,         0,         0,    6.27,mwpf__738c4c2fe60c79a38f4352423c226453cf78c7d4efc409ac916f3f724e7f428b,f522fd2f03991528ab1e67f7b35462f84ed9738f5f8cde70a41909bee4fd3f87,"{""circuit"":""surface_code:rotated_memory_x"",""cluster_node_limit"":50,""d"":7,""decoder"":""mwpf"",""decoder_type"":""SolverSerialJointSingleHair"",""p"":0.009,""p_erase"":0.009,""r"":7,""run_id"":""4b2052dd33b88244b8dc64e1aa696c4f0cef9c363b27e7d2cd9a4ccb51da3596""}",
      4026,         0,         0,    5.94,mwpf__738c4c2fe60c79a38f4352423c226453cf78c7d4efc409ac916f3f724e7f428b,f522fd2f03991528ab1e67f7b35462f84ed9738f5f8cde70a41909bee4fd3f87,"{""circuit"":""surface_code:rotated_memory_x"",""cluster_node_limit"":50,""d"":7,""decoder"":""mwpf"",""decoder_type"":""SolverSerialJointSingleHair"",""p"":0.009,""p_erase"":0.009,""r"":7,""run_id"":""4b2052dd33b88244b8dc64e1aa696c4f0cef9c363b27e7d2cd9a4ccb51da3596""}",
      1466,         0,         0,    2.16,mwpf__738c4c2fe60c79a38f4352423c226453cf78c7d4efc409ac916f3f724e7f428b,f522fd2f03991528ab1e67f7b35462f84ed9738f5f8cde70a41909bee4fd3f87,"{""circuit"":""surface_code:rotated_memory_x"",""cluster_node_limit"":50,""d"":7,""decoder"":""mwpf"",""decoder_type"":""SolverSerialJointSingleHair"",""p"":0.009,""p_erase"":0.009,""r"":7,""run_id"":""4b2052dd33b88244b8dc64e1aa696c4f0cef9c363b27e7d2cd9a4ccb51da3596""}",
      3684,         1,         0,    6.60,mwpf__27cac5a9d63b5310296ad2f389f4539acd5e7fb7f123dc12456c335e8393c788,ed79fc073e9e8e64e12ca9cee3f1b3b09617b06e5f19d423f3dca5e27321c0ec,"{""circuit"":""surface_code:rotated_memory_x"",""cluster_node_limit"":50,""d"":7,""decoder"":""mwpf"",""decoder_type"":""SolverSerialJointSingleHair"",""p"":0.01,""p_erase"":0.01,""r"":7,""run_id"":""85dc4b86326449a5e4d2267937782207589c000366e3fbe70d98bb3f9fb5a333""}",
      4538,         0,         0,    8.07,mwpf__27cac5a9d63b5310296ad2f389f4539acd5e7fb7f123dc12456c335e8393c788,ed79fc073e9e8e64e12ca9cee3f1b3b09617b06e5f19d423f3dca5e27321c0ec,"{""circuit"":""surface_code:rotated_memory_x"",""cluster_node_limit"":50,""d"":7,""decoder"":""mwpf"",""decoder_type"":""SolverSerialJointSingleHair"",""p"":0.01,""p_erase"":0.01,""r"":7,""run_id"":""85dc4b86326449a5e4d2267937782207589c000366e3fbe70d98bb3f9fb5a333""}",
       368,       183,         0,    8.74,mwpf__44785f8372daa341abdebcd828887424427bf9b811680dbe0b80e9dd0478da48,79f30c78ea0219ad2b4e9c1731639789d4a70f0809a5d03a7d41841488de462c,"{""circuit"":""surface_code:rotated_memory_x"",""cluster_node_limit"":50,""d"":7,""decoder"":""mwpf"",""decoder_type"":""SolverSerialJointSingleHair"",""p"":0.05,""p_erase"":0.05,""r"":7,""run_id"":""6f604c679956d1cf0daf6d77107bb840f1154ac07c7e1969bb8402e01858bb91""}",
       320,       151,         0,    8.67,mwpf__896f3dc2c428c5c3bd808eb3cf2c780aa9e502e977467691de169f32c83a0647,3edb2ec651a68bfdc9765ebf8d3698d92006edac63bb654b4b1296d087be24a3,"{""circuit"":""surface_code:rotated_memory_x"",""cluster_node_limit"":50,""d"":7,""decoder"":""mwpf"",""decoder_type"":""SolverSerialJointSingleHair"",""p"":0.06,""p_erase"":0.06,""r"":7,""run_id"":""41e8a83007d9cf79fae89c7e2eb169407b888404b52611d599cfbd8d3d61e56d""}",
       320,       152,         0,    8.77,mwpf__896f3dc2c428c5c3bd808eb3cf2c780aa9e502e977467691de169f32c83a0647,3edb2ec651a68bfdc9765ebf8d3698d92006edac63bb654b4b1296d087be24a3,"{""circuit"":""surface_code:rotated_memory_x"",""cluster_node_limit"":50,""d"":7,""decoder"":""mwpf"",""decoder_type"":""SolverSerialJointSingleHair"",""p"":0.06,""p_erase"":0.06,""r"":7,""run_id"":""41e8a83007d9cf79fae89c7e2eb169407b888404b52611d599cfbd8d3d61e56d""}",
       368,       172,         0,    8.73,mwpf__44785f8372daa341abdebcd828887424427bf9b811680dbe0b80e9dd0478da48,79f30c78ea0219ad2b4e9c1731639789d4a70f0809a5d03a7d41841488de462c,"{""circuit"":""surface_code:rotated_memory_x"",""cluster_node_limit"":50,""d"":7,""decoder"":""mwpf"",""decoder_type"":""SolverSerialJointSingleHair"",""p"":0.05,""p_erase"":0.05,""r"":7,""run_id"":""6f604c679956d1cf0daf6d77107bb840f1154ac07c7e1969bb8402e01858bb91""}",
       480,       129,         0,    8.49,mwpf__98f1b527ad63d0c96b87fae2ef9b5a001df2d2c4d1bcf7718808c982f8f67de9,228a01b856019daca44f88d1c0dd611b9d09141c474412396bea6d8158eea878,"{""circuit"":""surface_code:rotated_memory_x"",""cluster_node_limit"":50,""d"":7,""decoder"":""mwpf"",""decoder_type"":""SolverSerialJointSingleHair"",""p"":0.04,""p_erase"":0.04,""r"":7,""run_id"":""22cc46a396a276b666b805f90859895cb11c4a18ae76c90aeb44e64208d7955b""}",
       512,       136,         0,    8.83,mwpf__98f1b527ad63d0c96b87fae2ef9b5a001df2d2c4d1bcf7718808c982f8f67de9,228a01b856019daca44f88d1c0dd611b9d09141c474412396bea6d8158eea878,"{""circuit"":""surface_code:rotated_memory_x"",""cluster_node_limit"":50,""d"":7,""decoder"":""mwpf"",""decoder_type"":""SolverSerialJointSingleHair"",""p"":0.04,""p_erase"":0.04,""r"":7,""run_id"":""22cc46a396a276b666b805f90859895cb11c4a18ae76c90aeb44e64208d7955b""}",
       896,        62,         0,    8.65,mwpf__52a073e7515446df52cbda9ca7c289cfd1927a5295e69ea691f5d15087ee0aff,5a668985a08f01552b0c1df7417c34aec474e3171f00de2b4ec4b430761e3525,"{""circuit"":""surface_code:rotated_memory_x"",""cluster_node_limit"":50,""d"":7,""decoder"":""mwpf"",""decoder_type"":""SolverSerialJointSingleHair"",""p"":0.03,""p_erase"":0.03,""r"":7,""run_id"":""813ba4eb16fa666e67959bd8c62870ba1c2c26cd74e0d3cecbae76623e9435dc""}",
      1920,         7,         0,    8.67,mwpf__4be7971ec0aed8b350943219afc2640031998d7bde83aee6a0f21fb9cad0071d,0b500337b6e25e32dcf4bed99809a5d106409a48cf464ef28981fe2fb56292db,"{""circuit"":""surface_code:rotated_memory_x"",""cluster_node_limit"":50,""d"":7,""decoder"":""mwpf"",""decoder_type"":""SolverSerialJointSingleHair"",""p"":0.02,""p_erase"":0.02,""r"":7,""run_id"":""ec632a372450f8a655350bea6e7a952b552cfb386cd39755b54f2b84ee3f6f31""}",
      1920,         5,         0,    8.84,mwpf__4be7971ec0aed8b350943219afc2640031998d7bde83aee6a0f21fb9cad0071d,0b500337b6e25e32dcf4bed99809a5d106409a48cf464ef28981fe2fb56292db,"{""circuit"":""surface_code:rotated_memory_x"",""cluster_node_limit"":50,""d"":7,""decoder"":""mwpf"",""decoder_type"":""SolverSerialJointSingleHair"",""p"":0.02,""p_erase"":0.02,""r"":7,""run_id"":""ec632a372450f8a655350bea6e7a952b552cfb386cd39755b54f2b84ee3f6f31""}",
       896,        77,         0,    8.64,mwpf__52a073e7515446df52cbda9ca7c289cfd1927a5295e69ea691f5d15087ee0aff,5a668985a08f01552b0c1df7417c34aec474e3171f00de2b4ec4b430761e3525,"{""circuit"":""surface_code:rotated_memory_x"",""cluster_node_limit"":50,""d"":7,""decoder"":""mwpf"",""decoder_type"":""SolverSerialJointSingleHair"",""p"":0.03,""p_erase"":0.03,""r"":7,""run_id"":""813ba4eb16fa666e67959bd8c62870ba1c2c26cd74e0d3cecbae76623e9435dc""}",
       512,       248,         0,    11.8,mwpf__44785f8372daa341abdebcd828887424427bf9b811680dbe0b80e9dd0478da48,79f30c78ea0219ad2b4e9c1731639789d4a70f0809a5d03a7d41841488de462c,"{""circuit"":""surface_code:rotated_memory_x"",""cluster_node_limit"":50,""d"":7,""decoder"":""mwpf"",""decoder_type"":""SolverSerialJointSingleHair"",""p"":0.05,""p_erase"":0.05,""r"":7,""run_id"":""6f604c679956d1cf0daf6d77107bb840f1154ac07c7e1969bb8402e01858bb91""}",
       432,       205,         0,    12.0,mwpf__896f3dc2c428c5c3bd808eb3cf2c780aa9e502e977467691de169f32c83a0647,3edb2ec651a68bfdc9765ebf8d3698d92006edac63bb654b4b1296d087be24a3,"{""circuit"":""surface_code:rotated_memory_x"",""cluster_node_limit"":50,""d"":7,""decoder"":""mwpf"",""decoder_type"":""SolverSerialJointSingleHair"",""p"":0.06,""p_erase"":0.06,""r"":7,""run_id"":""41e8a83007d9cf79fae89c7e2eb169407b888404b52611d599cfbd8d3d61e56d""}",
       432,       215,         0,    11.8,mwpf__896f3dc2c428c5c3bd808eb3cf2c780aa9e502e977467691de169f32c83a0647,3edb2ec651a68bfdc9765ebf8d3698d92006edac63bb654b4b1296d087be24a3,"{""circuit"":""surface_code:rotated_memory_x"",""cluster_node_limit"":50,""d"":7,""decoder"":""mwpf"",""decoder_type"":""SolverSerialJointSingleHair"",""p"":0.06,""p_erase"":0.06,""r"":7,""run_id"":""41e8a83007d9cf79fae89c7e2eb169407b888404b52611d599cfbd8d3d61e56d""}",
       512,       235,         0,    12.0,mwpf__44785f8372daa341abdebcd828887424427bf9b811680dbe0b80e9dd0478da48,79f30c78ea0219ad2b4e9c1731639789d4a70f0809a5d03a7d41841488de462c,"{""circuit"":""surface_code:rotated_memory_x"",""cluster_node_limit"":50,""d"":7,""decoder"":""mwpf"",""decoder_type"":""SolverSerialJointSingleHair"",""p"":0.05,""p_erase"":0.05,""r"":7,""run_id"":""6f604c679956d1cf0daf6d77107bb840f1154ac07c7e1969bb8402e01858bb91""}",
       704,       224,         0,    11.8,mwpf__98f1b527ad63d0c96b87fae2ef9b5a001df2d2c4d1bcf7718808c982f8f67de9,228a01b856019daca44f88d1c0dd611b9d09141c474412396bea6d8158eea878,"{""circuit"":""surface_code:rotated_memory_x"",""cluster_node_limit"":50,""d"":7,""decoder"":""mwpf"",""decoder_type"":""SolverSerialJointSingleHair"",""p"":0.04,""p_erase"":0.04,""r"":7,""run_id"":""22cc46a396a276b666b805f90859895cb11c4a18ae76c90aeb44e64208d7955b""}",
       704,       211,         0,    11.7,mwpf__98f1b527ad63d0c96b87fae2ef9b5a001df2d2c4d1bcf7718808c982f8f67de9,228a01b856019daca44f88d1c0dd611b9d09141c474412396bea6d8158eea878,"{""circuit"":""surface_code:rotated_memory_x"",""cluster_node_limit"":50,""d"":7,""decoder"":""mwpf"",""decoder_type"":""SolverSerialJointSingleHair"",""p"":0.04,""p_erase"":0.04,""r"":7,""run_id"":""22cc46a396a276b666b805f90859895cb11c4a18ae76c90aeb44e64208d7955b""}",
      2688,         7,         0,    12.0,mwpf__4be7971ec0aed8b350943219afc2640031998d7bde83aee6a0f21fb9cad0071d,0b500337b6e25e32dcf4bed99809a5d106409a48cf464ef28981fe2fb56292db,"{""circuit"":""surface_code:rotated_memory_x"",""cluster_node_limit"":50,""d"":7,""decoder"":""mwpf"",""decoder_type"":""SolverSerialJointSingleHair"",""p"":0.02,""p_erase"":0.02,""r"":7,""run_id"":""ec632a372450f8a655350bea6e7a952b552cfb386cd39755b54f2b84ee3f6f31""}",
      1280,        85,         0,    12.2,mwpf__52a073e7515446df52cbda9ca7c289cfd1927a5295e69ea691f5d15087ee0aff,5a668985a08f01552b0c1df7417c34aec474e3171f00de2b4ec4b430761e3525,"{""circuit"":""surface_code:rotated_memory_x"",""cluster_node_limit"":50,""d"":7,""decoder"":""mwpf"",""decoder_type"":""SolverSerialJointSingleHair"",""p"":0.03,""p_erase"":0.03,""r"":7,""run_id"":""813ba4eb16fa666e67959bd8c62870ba1c2c26cd74e0d3cecbae76623e9435dc""}",
      2688,        12,         0,    12.1,mwpf__4be7971ec0aed8b350943219afc2640031998d7bde83aee6a0f21fb9cad0071d,0b500337b6e25e32dcf4bed99809a5d106409a48cf464ef28981fe2fb56292db,"{""circuit"":""surface_code:rotated_memory_x"",""cluster_node_limit"":50,""d"":7,""decoder"":""mwpf"",""decoder_type"":""SolverSerialJointSingleHair"",""p"":0.02,""p_erase"":0.02,""r"":7,""run_id"":""ec632a372450f8a655350bea6e7a952b552cfb386cd39755b54f2b84ee3f6f31""}",
      1280,        88,         0,    12.1,mwpf__52a073e7515446df52cbda9ca7c289cfd1927a5295e69ea691f5d15087ee0aff,5a668985a08f01552b0c1df7417c34aec474e3171f00de2b4ec4b430761e3525,"{""circuit"":""surface_code:rotated_memory_x"",""cluster_node_limit"":50,""d"":7,""decoder"":""mwpf"",""decoder_type"":""SolverSerialJointSingleHair"",""p"":0.03,""p_erase"":0.03,""r"":7,""run_id"":""813ba4eb16fa666e67959bd8c62870ba1c2c26cd74e0d3cecbae76623e9435dc""}",
       704,       330,         0,    16.4,mwpf__44785f8372daa341abdebcd828887424427bf9b811680dbe0b80e9dd0478da48,79f30c78ea0219ad2b4e9c1731639789d4a70f0809a5d03a7d41841488de462c,"{""circuit"":""surface_code:rotated_memory_x"",""cluster_node_limit"":50,""d"":7,""decoder"":""mwpf"",""decoder_type"":""SolverSerialJointSingleHair"",""p"":0.05,""p_erase"":0.05,""r"":7,""run_id"":""6f604c679956d1cf0daf6d77107bb840f1154ac07c7e1969bb8402e01858bb91""}",
       608,       307,         0,    16.5,mwpf__896f3dc2c428c5c3bd808eb3cf2c780aa9e502e977467691de169f32c83a0647,3edb2ec651a68bfdc9765ebf8d3698d92006edac63bb654b4b1296d087be24a3,"{""circuit"":""surface_code:rotated_memory_x"",""cluster_node_limit"":50,""d"":7,""decoder"":""mwpf"",""decoder_type"":""SolverSerialJointSingleHair"",""p"":0.06,""p_erase"":0.06,""r"":7,""run_id"":""41e8a83007d9cf79fae89c7e2eb169407b888404b52611d599cfbd8d3d61e56d""}",
       608,       286,         0,    16.6,mwpf__896f3dc2c428c5c3bd808eb3cf2c780aa9e502e977467691de169f32c83a0647,3edb2ec651a68bfdc9765ebf8d3698d92006edac63bb654b4b1296d087be24a3,"{""circuit"":""surface_code:rotated_memory_x"",""cluster_node_limit"":50,""d"":7,""decoder"":""mwpf"",""decoder_type"":""SolverSerialJointSingleHair"",""p"":0.06,""p_erase"":0.06,""r"":7,""run_id"":""41e8a83007d9cf79fae89c7e2eb169407b888404b52611d599cfbd8d3d61e56d""}",
       720,       348,         0,    16.7,mwpf__44785f8372daa341abdebcd828887424427bf9b811680dbe0b80e9dd0478da48,79f30c78ea0219ad2b4e9c1731639789d4a70f0809a5d03a7d41841488de462c,"{""circuit"":""surface_code:rotated_memory_x"",""cluster_node_limit"":50,""d"":7,""decoder"":""mwpf"",""decoder_type"":""SolverSerialJointSingleHair"",""p"":0.05,""p_erase"":0.05,""r"":7,""run_id"":""6f604c679956d1cf0daf6d77107bb840f1154ac07c7e1969bb8402e01858bb91""}",
       992,       293,         0,    16.4,mwpf__98f1b527ad63d0c96b87fae2ef9b5a001df2d2c4d1bcf7718808c982f8f67de9,228a01b856019daca44f88d1c0dd611b9d09141c474412396bea6d8158eea878,"{""circuit"":""surface_code:rotated_memory_x"",""cluster_node_limit"":50,""d"":7,""decoder"":""mwpf"",""decoder_type"":""SolverSerialJointSingleHair"",""p"":0.04,""p_erase"":0.04,""r"":7,""run_id"":""22cc46a396a276b666b805f90859895cb11c4a18ae76c90aeb44e64208d7955b""}",
       992,       286,         0,    16.6,mwpf__98f1b527ad63d0c96b87fae2ef9b5a001df2d2c4d1bcf7718808c982f8f67de9,228a01b856019daca44f88d1c0dd611b9d09141c474412396bea6d8158eea878,"{""circuit"":""surface_code:rotated_memory_x"",""cluster_node_limit"":50,""d"":7,""decoder"":""mwpf"",""decoder_type"":""SolverSerialJointSingleHair"",""p"":0.04,""p_erase"":0.04,""r"":7,""run_id"":""22cc46a396a276b666b805f90859895cb11c4a18ae76c90aeb44e64208d7955b""}",
      1792,       117,         0,    16.8,mwpf__52a073e7515446df52cbda9ca7c289cfd1927a5295e69ea691f5d15087ee0aff,5a668985a08f01552b0c1df7417c34aec474e3171f00de2b4ec4b430761e3525,"{""circuit"":""surface_code:rotated_memory_x"",""cluster_node_limit"":50,""d"":7,""decoder"":""mwpf"",""decoder_type"":""SolverSerialJointSingleHair"",""p"":0.03,""p_erase"":0.03,""r"":7,""run_id"":""813ba4eb16fa666e67959bd8c62870ba1c2c26cd74e0d3cecbae76623e9435dc""}",
      3840,        11,         0,    16.9,mwpf__4be7971ec0aed8b350943219afc2640031998d7bde83aee6a0f21fb9cad0071d,0b500337b6e25e32dcf4bed99809a5d106409a48cf464ef28981fe2fb56292db,"{""circuit"":""surface_code:rotated_memory_x"",""cluster_node_limit"":50,""d"":7,""decoder"":""mwpf"",""decoder_type"":""SolverSerialJointSingleHair"",""p"":0.02,""p_erase"":0.02,""r"":7,""run_id"":""ec632a372450f8a655350bea6e7a952b552cfb386cd39755b54f2b84ee3f6f31""}",
      3840,        13,         0,    16.9,mwpf__4be7971ec0aed8b350943219afc2640031998d7bde83aee6a0f21fb9cad0071d,0b500337b6e25e32dcf4bed99809a5d106409a48cf464ef28981fe2fb56292db,"{""circuit"":""surface_code:rotated_memory_x"",""cluster_node_limit"":50,""d"":7,""decoder"":""mwpf"",""decoder_type"":""SolverSerialJointSingleHair"",""p"":0.02,""p_erase"":0.02,""r"":7,""run_id"":""ec632a372450f8a655350bea6e7a952b552cfb386cd39755b54f2b84ee3f6f31""}",
      1728,       120,         0,    16.4,mwpf__52a073e7515446df52cbda9ca7c289cfd1927a5295e69ea691f5d15087ee0aff,5a668985a08f01552b0c1df7417c34aec474e3171f00de2b4ec4b430761e3525,"{""circuit"":""surface_code:rotated_memory_x"",""cluster_node_limit"":50,""d"":7,""decoder"":""mwpf"",""decoder_type"":""SolverSerialJointSingleHair"",""p"":0.03,""p_erase"":0.03,""r"":7,""run_id"":""813ba4eb16fa666e67959bd8c62870ba1c2c26cd74e0d3cecbae76623e9435dc""}",
      3066,        11,         0,    13.7,mwpf__4be7971ec0aed8b350943219afc2640031998d7bde83aee6a0f21fb9cad0071d,0b500337b6e25e32dcf4bed99809a5d106409a48cf464ef28981fe2fb56292db,"{""circuit"":""surface_code:rotated_memory_x"",""cluster_node_limit"":50,""d"":7,""decoder"":""mwpf"",""decoder_type"":""SolverSerialJointSingleHair"",""p"":0.02,""p_erase"":0.02,""r"":7,""run_id"":""ec632a372450f8a655350bea6e7a952b552cfb386cd39755b54f2b84ee3f6f31""}",
      3066,        13,         0,    13.6,mwpf__4be7971ec0aed8b350943219afc2640031998d7bde83aee6a0f21fb9cad0071d,0b500337b6e25e32dcf4bed99809a5d106409a48cf464ef28981fe2fb56292db,"{""circuit"":""surface_code:rotated_memory_x"",""cluster_node_limit"":50,""d"":7,""decoder"":""mwpf"",""decoder_type"":""SolverSerialJointSingleHair"",""p"":0.02,""p_erase"":0.02,""r"":7,""run_id"":""ec632a372450f8a655350bea6e7a952b552cfb386cd39755b54f2b84ee3f6f31""}",
       992,       483,         0,    23.2,mwpf__44785f8372daa341abdebcd828887424427bf9b811680dbe0b80e9dd0478da48,79f30c78ea0219ad2b4e9c1731639789d4a70f0809a5d03a7d41841488de462c,"{""circuit"":""surface_code:rotated_memory_x"",""cluster_node_limit"":50,""d"":7,""decoder"":""mwpf"",""decoder_type"":""SolverSerialJointSingleHair"",""p"":0.05,""p_erase"":0.05,""r"":7,""run_id"":""6f604c679956d1cf0daf6d77107bb840f1154ac07c7e1969bb8402e01858bb91""}",
       848,       420,         0,    23.2,mwpf__896f3dc2c428c5c3bd808eb3cf2c780aa9e502e977467691de169f32c83a0647,3edb2ec651a68bfdc9765ebf8d3698d92006edac63bb654b4b1296d087be24a3,"{""circuit"":""surface_code:rotated_memory_x"",""cluster_node_limit"":50,""d"":7,""decoder"":""mwpf"",""decoder_type"":""SolverSerialJointSingleHair"",""p"":0.06,""p_erase"":0.06,""r"":7,""run_id"":""41e8a83007d9cf79fae89c7e2eb169407b888404b52611d599cfbd8d3d61e56d""}",
       848,       433,         0,    23.1,mwpf__896f3dc2c428c5c3bd808eb3cf2c780aa9e502e977467691de169f32c83a0647,3edb2ec651a68bfdc9765ebf8d3698d92006edac63bb654b4b1296d087be24a3,"{""circuit"":""surface_code:rotated_memory_x"",""cluster_node_limit"":50,""d"":7,""decoder"":""mwpf"",""decoder_type"":""SolverSerialJointSingleHair"",""p"":0.06,""p_erase"":0.06,""r"":7,""run_id"":""41e8a83007d9cf79fae89c7e2eb169407b888404b52611d599cfbd8d3d61e56d""}",
       992,       439,         0,    23.2,mwpf__44785f8372daa341abdebcd828887424427bf9b811680dbe0b80e9dd0478da48,79f30c78ea0219ad2b4e9c1731639789d4a70f0809a5d03a7d41841488de462c,"{""circuit"":""surface_code:rotated_memory_x"",""cluster_node_limit"":50,""d"":7,""decoder"":""mwpf"",""decoder_type"":""SolverSerialJointSingleHair"",""p"":0.05,""p_erase"":0.05,""r"":7,""run_id"":""6f604c679956d1cf0daf6d77107bb840f1154ac07c7e1969bb8402e01858bb91""}",
      1408,       428,         0,    23.1,mwpf__98f1b527ad63d0c96b87fae2ef9b5a001df2d2c4d1bcf7718808c982f8f67de9,228a01b856019daca44f88d1c0dd611b9d09141c474412396bea6d8158eea878,"{""circuit"":""surface_code:rotated_memory_x"",""cluster_node_limit"":50,""d"":7,""decoder"":""mwpf"",""decoder_type"":""SolverSerialJointSingleHair"",""p"":0.04,""p_erase"":0.04,""r"":7,""run_id"":""22cc46a396a276b666b805f90859895cb11c4a18ae76c90aeb44e64208d7955b""}",
      1408,       432,         0,    23.2,mwpf__98f1b527ad63d0c96b87fae2ef9b5a001df2d2c4d1bcf7718808c982f8f67de9,228a01b856019daca44f88d1c0dd611b9d09141c474412396bea6d8158eea878,"{""circuit"":""surface_code:rotated_memory_x"",""cluster_node_limit"":50,""d"":7,""decoder"":""mwpf"",""decoder_type"":""SolverSerialJointSingleHair"",""p"":0.04,""p_erase"":0.04,""r"":7,""run_id"":""22cc46a396a276b666b805f90859895cb11c4a18ae76c90aeb44e64208d7955b""}",
      2496,       208,         0,    23.2,mwpf__52a073e7515446df52cbda9ca7c289cfd1927a5295e69ea691f5d15087ee0aff,5a668985a08f01552b0c1df7417c34aec474e3171f00de2b4ec4b430761e3525,"{""circuit"":""surface_code:rotated_memory_x"",""cluster_node_limit"":50,""d"":7,""decoder"":""mwpf"",""decoder_type"":""SolverSerialJointSingleHair"",""p"":0.03,""p_erase"":0.03,""r"":7,""run_id"":""813ba4eb16fa666e67959bd8c62870ba1c2c26cd74e0d3cecbae76623e9435dc""}",
      2496,       176,         0,    23.3,mwpf__52a073e7515446df52cbda9ca7c289cfd1927a5295e69ea691f5d15087ee0aff,5a668985a08f01552b0c1df7417c34aec474e3171f00de2b4ec4b430761e3525,"{""circuit"":""surface_code:rotated_memory_x"",""cluster_node_limit"":50,""d"":7,""decoder"":""mwpf"",""decoder_type"":""SolverSerialJointSingleHair"",""p"":0.03,""p_erase"":0.03,""r"":7,""run_id"":""813ba4eb16fa666e67959bd8c62870ba1c2c26cd74e0d3cecbae76623e9435dc""}",
        17,         0,         0,   0.023,mwpf__cc84687092a659fc65a3ee05269b6b569030e8df60c8f6bb1338aab95b850464,de2559247a63aadd19f6ad89515979a5d4f1397f9e0720615a2b8b2b9f64cc61,"{""circuit"":""surface_code:rotated_memory_x"",""cluster_node_limit"":50,""d"":7,""decoder"":""mwpf"",""decoder_type"":""SolverSerialJointSingleHair"",""p"":0.008,""p_erase"":0.008,""r"":7,""run_id"":""b0127341a48953a855ea3549247068ee7050e7461912fad56a38b1d8708ded61""}",
        17,         0,         0,   0.024,mwpf__d28f1af8d4d041d92b7031084fdbcab6dc1e9cf1c24adb30eaa887515eb6649d,0ad7c7cfd60bfc8d2cc9a8cda8479ce98f46b483bb1cdf9eb70b27588a28a083,"{""circuit"":""surface_code:rotated_memory_x"",""cluster_node_limit"":50,""d"":7,""decoder"":""mwpf"",""decoder_type"":""SolverSerialJointSingleHair"",""p"":0.0075,""p_erase"":0.0075,""r"":7,""run_id"":""746c0ed850e7a1c4899561c73e97af04ff040736013cde397145df4c660e1d2a""}",
       256,         0,         0,   0.342,mwpf__cc84687092a659fc65a3ee05269b6b569030e8df60c8f6bb1338aab95b850464,de2559247a63aadd19f6ad89515979a5d4f1397f9e0720615a2b8b2b9f64cc61,"{""circuit"":""surface_code:rotated_memory_x"",""cluster_node_limit"":50,""d"":7,""decoder"":""mwpf"",""decoder_type"":""SolverSerialJointSingleHair"",""p"":0.008,""p_erase"":0.008,""r"":7,""run_id"":""b0127341a48953a855ea3549247068ee7050e7461912fad56a38b1d8708ded61""}",
       256,         0,         0,   0.324,mwpf__d28f1af8d4d041d92b7031084fdbcab6dc1e9cf1c24adb30eaa887515eb6649d,0ad7c7cfd60bfc8d2cc9a8cda8479ce98f46b483bb1cdf9eb70b27588a28a083,"{""circuit"":""surface_code:rotated_memory_x"",""cluster_node_limit"":50,""d"":7,""decoder"":""mwpf"",""decoder_type"":""SolverSerialJointSingleHair"",""p"":0.0075,""p_erase"":0.0075,""r"":7,""run_id"":""746c0ed850e7a1c4899561c73e97af04ff040736013cde397145df4c660e1d2a""}",
        17,         0,         0,   0.022,mwpf__3676edfd3705a10bff90f19b109b554244bd8b49a912fddd54112319402e54b2,f5fc0e2830bf34a034cecaa2a86787ee42c5ac7b974e2cca4fce80b4f9d60e16,"{""circuit"":""surface_code:rotated_memory_x"",""cluster_node_limit"":50,""d"":7,""decoder"":""mwpf"",""decoder_type"":""SolverSerialJointSingleHair"",""p"":0.007,""p_erase"":0.007,""r"":7,""run_id"":""cc23d39f806d6b050b42fdf6523d37ff1ded4115cd9804c1b1173f160297dfb9""}",
       512,         0,         0,   0.698,mwpf__cc84687092a659fc65a3ee05269b6b569030e8df60c8f6bb1338aab95b850464,de2559247a63aadd19f6ad89515979a5d4f1397f9e0720615a2b8b2b9f64cc61,"{""circuit"":""surface_code:rotated_memory_x"",""cluster_node_limit"":50,""d"":7,""decoder"":""mwpf"",""decoder_type"":""SolverSerialJointSingleHair"",""p"":0.008,""p_erase"":0.008,""r"":7,""run_id"":""b0127341a48953a855ea3549247068ee7050e7461912fad56a38b1d8708ded61""}",
       512,         0,         0,   0.704,mwpf__cc84687092a659fc65a3ee05269b6b569030e8df60c8f6bb1338aab95b850464,de2559247a63aadd19f6ad89515979a5d4f1397f9e0720615a2b8b2b9f64cc61,"{""circuit"":""surface_code:rotated_memory_x"",""cluster_node_limit"":50,""d"":7,""decoder"":""mwpf"",""decoder_type"":""SolverSerialJointSingleHair"",""p"":0.008,""p_erase"":0.008,""r"":7,""run_id"":""b0127341a48953a855ea3549247068ee7050e7461912fad56a38b1d8708ded61""}",
       256,         0,         0,   0.361,mwpf__cc84687092a659fc65a3ee05269b6b569030e8df60c8f6bb1338aab95b850464,de2559247a63aadd19f6ad89515979a5d4f1397f9e0720615a2b8b2b9f64cc61,"{""circuit"":""surface_code:rotated_memory_x"",""cluster_node_limit"":50,""d"":7,""decoder"":""mwpf"",""decoder_type"":""SolverSerialJointSingleHair"",""p"":0.008,""p_erase"":0.008,""r"":7,""run_id"":""b0127341a48953a855ea3549247068ee7050e7461912fad56a38b1d8708ded61""}",
       256,         0,         0,   0.321,mwpf__d28f1af8d4d041d92b7031084fdbcab6dc1e9cf1c24adb30eaa887515eb6649d,0ad7c7cfd60bfc8d2cc9a8cda8479ce98f46b483bb1cdf9eb70b27588a28a083,"{""circuit"":""surface_code:rotated_memory_x"",""cluster_node_limit"":50,""d"":7,""decoder"":""mwpf"",""decoder_type"":""SolverSerialJointSingleHair"",""p"":0.0075,""p_erase"":0.0075,""r"":7,""run_id"":""746c0ed850e7a1c4899561c73e97af04ff040736013cde397145df4c660e1d2a""}",
       512,         0,         0,   0.662,mwpf__d28f1af8d4d041d92b7031084fdbcab6dc1e9cf1c24adb30eaa887515eb6649d,0ad7c7cfd60bfc8d2cc9a8cda8479ce98f46b483bb1cdf9eb70b27588a28a083,"{""circuit"":""surface_code:rotated_memory_x"",""cluster_node_limit"":50,""d"":7,""decoder"":""mwpf"",""decoder_type"":""SolverSerialJointSingleHair"",""p"":0.0075,""p_erase"":0.0075,""r"":7,""run_id"":""746c0ed850e7a1c4899561c73e97af04ff040736013cde397145df4c660e1d2a""}",
       256,         0,         0,   0.309,mwpf__3676edfd3705a10bff90f19b109b554244bd8b49a912fddd54112319402e54b2,f5fc0e2830bf34a034cecaa2a86787ee42c5ac7b974e2cca4fce80b4f9d60e16,"{""circuit"":""surface_code:rotated_memory_x"",""cluster_node_limit"":50,""d"":7,""decoder"":""mwpf"",""decoder_type"":""SolverSerialJointSingleHair"",""p"":0.007,""p_erase"":0.007,""r"":7,""run_id"":""cc23d39f806d6b050b42fdf6523d37ff1ded4115cd9804c1b1173f160297dfb9""}",
       256,         0,         0,   0.358,mwpf__cc84687092a659fc65a3ee05269b6b569030e8df60c8f6bb1338aab95b850464,de2559247a63aadd19f6ad89515979a5d4f1397f9e0720615a2b8b2b9f64cc61,"{""circuit"":""surface_code:rotated_memory_x"",""cluster_node_limit"":50,""d"":7,""decoder"":""mwpf"",""decoder_type"":""SolverSerialJointSingleHair"",""p"":0.008,""p_erase"":0.008,""r"":7,""run_id"":""b0127341a48953a855ea3549247068ee7050e7461912fad56a38b1d8708ded61""}",
       256,         0,         0,   0.326,mwpf__d28f1af8d4d041d92b7031084fdbcab6dc1e9cf1c24adb30eaa887515eb6649d,0ad7c7cfd60bfc8d2cc9a8cda8479ce98f46b483bb1cdf9eb70b27588a28a083,"{""circuit"":""surface_code:rotated_memory_x"",""cluster_node_limit"":50,""d"":7,""decoder"":""mwpf"",""decoder_type"":""SolverSerialJointSingleHair"",""p"":0.0075,""p_erase"":0.0075,""r"":7,""run_id"":""746c0ed850e7a1c4899561c73e97af04ff040736013cde397145df4c660e1d2a""}",
       256,         0,         0,   0.301,mwpf__3676edfd3705a10bff90f19b109b554244bd8b49a912fddd54112319402e54b2,f5fc0e2830bf34a034cecaa2a86787ee42c5ac7b974e2cca4fce80b4f9d60e16,"{""circuit"":""surface_code:rotated_memory_x"",""cluster_node_limit"":50,""d"":7,""decoder"":""mwpf"",""decoder_type"":""SolverSerialJointSingleHair"",""p"":0.007,""p_erase"":0.007,""r"":7,""run_id"":""cc23d39f806d6b050b42fdf6523d37ff1ded4115cd9804c1b1173f160297dfb9""}",
       256,         0,         0,   0.344,mwpf__cc84687092a659fc65a3ee05269b6b569030e8df60c8f6bb1338aab95b850464,de2559247a63aadd19f6ad89515979a5d4f1397f9e0720615a2b8b2b9f64cc61,"{""circuit"":""surface_code:rotated_memory_x"",""cluster_node_limit"":50,""d"":7,""decoder"":""mwpf"",""decoder_type"":""SolverSerialJointSingleHair"",""p"":0.008,""p_erase"":0.008,""r"":7,""run_id"":""b0127341a48953a855ea3549247068ee7050e7461912fad56a38b1d8708ded61""}",
      1024,         0,         0,    1.29,mwpf__d28f1af8d4d041d92b7031084fdbcab6dc1e9cf1c24adb30eaa887515eb6649d,0ad7c7cfd60bfc8d2cc9a8cda8479ce98f46b483bb1cdf9eb70b27588a28a083,"{""circuit"":""surface_code:rotated_memory_x"",""cluster_node_limit"":50,""d"":7,""decoder"":""mwpf"",""decoder_type"":""SolverSerialJointSingleHair"",""p"":0.0075,""p_erase"":0.0075,""r"":7,""run_id"":""746c0ed850e7a1c4899561c73e97af04ff040736013cde397145df4c660e1d2a""}",
       256,         0,         0,   0.311,mwpf__d28f1af8d4d041d92b7031084fdbcab6dc1e9cf1c24adb30eaa887515eb6649d,0ad7c7cfd60bfc8d2cc9a8cda8479ce98f46b483bb1cdf9eb70b27588a28a083,"{""circuit"":""surface_code:rotated_memory_x"",""cluster_node_limit"":50,""d"":7,""decoder"":""mwpf"",""decoder_type"":""SolverSerialJointSingleHair"",""p"":0.0075,""p_erase"":0.0075,""r"":7,""run_id"":""746c0ed850e7a1c4899561c73e97af04ff040736013cde397145df4c660e1d2a""}",
       256,         0,         0,   0.290,mwpf__3676edfd3705a10bff90f19b109b554244bd8b49a912fddd54112319402e54b2,f5fc0e2830bf34a034cecaa2a86787ee42c5ac7b974e2cca4fce80b4f9d60e16,"{""circuit"":""surface_code:rotated_memory_x"",""cluster_node_limit"":50,""d"":7,""decoder"":""mwpf"",""decoder_type"":""SolverSerialJointSingleHair"",""p"":0.007,""p_erase"":0.007,""r"":7,""run_id"":""cc23d39f806d6b050b42fdf6523d37ff1ded4115cd9804c1b1173f160297dfb9""}",
       256,         0,         0,   0.327,mwpf__d28f1af8d4d041d92b7031084fdbcab6dc1e9cf1c24adb30eaa887515eb6649d,0ad7c7cfd60bfc8d2cc9a8cda8479ce98f46b483bb1cdf9eb70b27588a28a083,"{""circuit"":""surface_code:rotated_memory_x"",""cluster_node_limit"":50,""d"":7,""decoder"":""mwpf"",""decoder_type"":""SolverSerialJointSingleHair"",""p"":0.0075,""p_erase"":0.0075,""r"":7,""run_id"":""746c0ed850e7a1c4899561c73e97af04ff040736013cde397145df4c660e1d2a""}",
       256,         0,         0,   0.348,mwpf__cc84687092a659fc65a3ee05269b6b569030e8df60c8f6bb1338aab95b850464,de2559247a63aadd19f6ad89515979a5d4f1397f9e0720615a2b8b2b9f64cc61,"{""circuit"":""surface_code:rotated_memory_x"",""cluster_node_limit"":50,""d"":7,""decoder"":""mwpf"",""decoder_type"":""SolverSerialJointSingleHair"",""p"":0.008,""p_erase"":0.008,""r"":7,""run_id"":""b0127341a48953a855ea3549247068ee7050e7461912fad56a38b1d8708ded61""}",
      1024,         0,         0,    1.19,mwpf__3676edfd3705a10bff90f19b109b554244bd8b49a912fddd54112319402e54b2,f5fc0e2830bf34a034cecaa2a86787ee42c5ac7b974e2cca4fce80b4f9d60e16,"{""circuit"":""surface_code:rotated_memory_x"",""cluster_node_limit"":50,""d"":7,""decoder"":""mwpf"",""decoder_type"":""SolverSerialJointSingleHair"",""p"":0.007,""p_erase"":0.007,""r"":7,""run_id"":""cc23d39f806d6b050b42fdf6523d37ff1ded4115cd9804c1b1173f160297dfb9""}",
      1024,         0,         0,    1.20,mwpf__3676edfd3705a10bff90f19b109b554244bd8b49a912fddd54112319402e54b2,f5fc0e2830bf34a034cecaa2a86787ee42c5ac7b974e2cca4fce80b4f9d60e16,"{""circuit"":""surface_code:rotated_memory_x"",""cluster_node_limit"":50,""d"":7,""decoder"":""mwpf"",""decoder_type"":""SolverSerialJointSingleHair"",""p"":0.007,""p_erase"":0.007,""r"":7,""run_id"":""cc23d39f806d6b050b42fdf6523d37ff1ded4115cd9804c1b1173f160297dfb9""}",
       256,         0,         0,   0.313,mwpf__d28f1af8d4d041d92b7031084fdbcab6dc1e9cf1c24adb30eaa887515eb6649d,0ad7c7cfd60bfc8d2cc9a8cda8479ce98f46b483bb1cdf9eb70b27588a28a083,"{""circuit"":""surface_code:rotated_memory_x"",""cluster_node_limit"":50,""d"":7,""decoder"":""mwpf"",""decoder_type"":""SolverSerialJointSingleHair"",""p"":0.0075,""p_erase"":0.0075,""r"":7,""run_id"":""746c0ed850e7a1c4899561c73e97af04ff040736013cde397145df4c660e1d2a""}",
       512,         0,         0,   0.584,mwpf__3676edfd3705a10bff90f19b109b554244bd8b49a912fddd54112319402e54b2,f5fc0e2830bf34a034cecaa2a86787ee42c5ac7b974e2cca4fce80b4f9d60e16,"{""circuit"":""surface_code:rotated_memory_x"",""cluster_node_limit"":50,""d"":7,""decoder"":""mwpf"",""decoder_type"":""SolverSerialJointSingleHair"",""p"":0.007,""p_erase"":0.007,""r"":7,""run_id"":""cc23d39f806d6b050b42fdf6523d37ff1ded4115cd9804c1b1173f160297dfb9""}",
       256,         0,         0,   0.359,mwpf__cc84687092a659fc65a3ee05269b6b569030e8df60c8f6bb1338aab95b850464,de2559247a63aadd19f6ad89515979a5d4f1397f9e0720615a2b8b2b9f64cc61,"{""circuit"":""surface_code:rotated_memory_x"",""cluster_node_limit"":50,""d"":7,""decoder"":""mwpf"",""decoder_type"":""SolverSerialJointSingleHair"",""p"":0.008,""p_erase"":0.008,""r"":7,""run_id"":""b0127341a48953a855ea3549247068ee7050e7461912fad56a38b1d8708ded61""}",
        17,         0,         0,   0.079,mwpf__4be7971ec0aed8b350943219afc2640031998d7bde83aee6a0f21fb9cad0071d,0b500337b6e25e32dcf4bed99809a5d106409a48cf464ef28981fe2fb56292db,"{""circuit"":""surface_code:rotated_memory_x"",""cluster_node_limit"":50,""d"":7,""decoder"":""mwpf"",""decoder_type"":""SolverSerialJointSingleHair"",""p"":0.02,""p_erase"":0.02,""r"":7,""run_id"":""ec632a372450f8a655350bea6e7a952b552cfb386cd39755b54f2b84ee3f6f31""}",
       256,         0,         0,   0.319,mwpf__d28f1af8d4d041d92b7031084fdbcab6dc1e9cf1c24adb30eaa887515eb6649d,0ad7c7cfd60bfc8d2cc9a8cda8479ce98f46b483bb1cdf9eb70b27588a28a083,"{""circuit"":""surface_code:rotated_memory_x"",""cluster_node_limit"":50,""d"":7,""decoder"":""mwpf"",""decoder_type"":""SolverSerialJointSingleHair"",""p"":0.0075,""p_erase"":0.0075,""r"":7,""run_id"":""746c0ed850e7a1c4899561c73e97af04ff040736013cde397145df4c660e1d2a""}",
       256,         0,         0,   0.353,mwpf__cc84687092a659fc65a3ee05269b6b569030e8df60c8f6bb1338aab95b850464,de2559247a63aadd19f6ad89515979a5d4f1397f9e0720615a2b8b2b9f64cc61,"{""circuit"":""surface_code:rotated_memory_x"",""cluster_node_limit"":50,""d"":7,""decoder"":""mwpf"",""decoder_type"":""SolverSerialJointSingleHair"",""p"":0.008,""p_erase"":0.008,""r"":7,""run_id"":""b0127341a48953a855ea3549247068ee7050e7461912fad56a38b1d8708ded61""}",
        17,         0,         0,   0.025,mwpf__738c4c2fe60c79a38f4352423c226453cf78c7d4efc409ac916f3f724e7f428b,f522fd2f03991528ab1e67f7b35462f84ed9738f5f8cde70a41909bee4fd3f87,"{""circuit"":""surface_code:rotated_memory_x"",""cluster_node_limit"":50,""d"":7,""decoder"":""mwpf"",""decoder_type"":""SolverSerialJointSingleHair"",""p"":0.009,""p_erase"":0.009,""r"":7,""run_id"":""4b2052dd33b88244b8dc64e1aa696c4f0cef9c363b27e7d2cd9a4ccb51da3596""}",
       512,         0,         0,   0.610,mwpf__3676edfd3705a10bff90f19b109b554244bd8b49a912fddd54112319402e54b2,f5fc0e2830bf34a034cecaa2a86787ee42c5ac7b974e2cca4fce80b4f9d60e16,"{""circuit"":""surface_code:rotated_memory_x"",""cluster_node_limit"":50,""d"":7,""decoder"":""mwpf"",""decoder_type"":""SolverSerialJointSingleHair"",""p"":0.007,""p_erase"":0.007,""r"":7,""run_id"":""cc23d39f806d6b050b42fdf6523d37ff1ded4115cd9804c1b1173f160297dfb9""}",
       256,         0,         0,   0.335,mwpf__d28f1af8d4d041d92b7031084fdbcab6dc1e9cf1c24adb30eaa887515eb6649d,0ad7c7cfd60bfc8d2cc9a8cda8479ce98f46b483bb1cdf9eb70b27588a28a083,"{""circuit"":""surface_code:rotated_memory_x"",""cluster_node_limit"":50,""d"":7,""decoder"":""mwpf"",""decoder_type"":""SolverSerialJointSingleHair"",""p"":0.0075,""p_erase"":0.0075,""r"":7,""run_id"":""746c0ed850e7a1c4899561c73e97af04ff040736013cde397145df4c660e1d2a""}",
       128,         0,         0,   0.606,mwpf__4be7971ec0aed8b350943219afc2640031998d7bde83aee6a0f21fb9cad0071d,0b500337b6e25e32dcf4bed99809a5d106409a48cf464ef28981fe2fb56292db,"{""circuit"":""surface_code:rotated_memory_x"",""cluster_node_limit"":50,""d"":7,""decoder"":""mwpf"",""decoder_type"":""SolverSerialJointSingleHair"",""p"":0.02,""p_erase"":0.02,""r"":7,""run_id"":""ec632a372450f8a655350bea6e7a952b552cfb386cd39755b54f2b84ee3f6f31""}",
       128,         0,         0,   0.607,mwpf__4be7971ec0aed8b350943219afc2640031998d7bde83aee6a0f21fb9cad0071d,0b500337b6e25e32dcf4bed99809a5d106409a48cf464ef28981fe2fb56292db,"{""circuit"":""surface_code:rotated_memory_x"",""cluster_node_limit"":50,""d"":7,""decoder"":""mwpf"",""decoder_type"":""SolverSerialJointSingleHair"",""p"":0.02,""p_erase"":0.02,""r"":7,""run_id"":""ec632a372450f8a655350bea6e7a952b552cfb386cd39755b54f2b84ee3f6f31""}",
       256,         0,         0,   0.351,mwpf__cc84687092a659fc65a3ee05269b6b569030e8df60c8f6bb1338aab95b850464,de2559247a63aadd19f6ad89515979a5d4f1397f9e0720615a2b8b2b9f64cc61,"{""circuit"":""surface_code:rotated_memory_x"",""cluster_node_limit"":50,""d"":7,""decoder"":""mwpf"",""decoder_type"":""SolverSerialJointSingleHair"",""p"":0.008,""p_erase"":0.008,""r"":7,""run_id"":""b0127341a48953a855ea3549247068ee7050e7461912fad56a38b1d8708ded61""}",
        17,         0,         0,   0.030,mwpf__27cac5a9d63b5310296ad2f389f4539acd5e7fb7f123dc12456c335e8393c788,ed79fc073e9e8e64e12ca9cee3f1b3b09617b06e5f19d423f3dca5e27321c0ec,"{""circuit"":""surface_code:rotated_memory_x"",""cluster_node_limit"":50,""d"":7,""decoder"":""mwpf"",""decoder_type"":""SolverSerialJointSingleHair"",""p"":0.01,""p_erase"":0.01,""r"":7,""run_id"":""85dc4b86326449a5e4d2267937782207589c000366e3fbe70d98bb3f9fb5a333""}",
       128,         2,         0,   0.594,mwpf__4be7971ec0aed8b350943219afc2640031998d7bde83aee6a0f21fb9cad0071d,0b500337b6e25e32dcf4bed99809a5d106409a48cf464ef28981fe2fb56292db,"{""circuit"":""surface_code:rotated_memory_x"",""cluster_node_limit"":50,""d"":7,""decoder"":""mwpf"",""decoder_type"":""SolverSerialJointSingleHair"",""p"":0.02,""p_erase"":0.02,""r"":7,""run_id"":""ec632a372450f8a655350bea6e7a952b552cfb386cd39755b54f2b84ee3f6f31""}",
       256,         0,         0,   0.382,mwpf__738c4c2fe60c79a38f4352423c226453cf78c7d4efc409ac916f3f724e7f428b,f522fd2f03991528ab1e67f7b35462f84ed9738f5f8cde70a41909bee4fd3f87,"{""circuit"":""surface_code:rotated_memory_x"",""cluster_node_limit"":50,""d"":7,""decoder"":""mwpf"",""decoder_type"":""SolverSerialJointSingleHair"",""p"":0.009,""p_erase"":0.009,""r"":7,""run_id"":""4b2052dd33b88244b8dc64e1aa696c4f0cef9c363b27e7d2cd9a4ccb51da3596""}",
      1011,         0,         0,    1.21,mwpf__3676edfd3705a10bff90f19b109b554244bd8b49a912fddd54112319402e54b2,f5fc0e2830bf34a034cecaa2a86787ee42c5ac7b974e2cca4fce80b4f9d60e16,"{""circuit"":""surface_code:rotated_memory_x"",""cluster_node_limit"":50,""d"":7,""decoder"":""mwpf"",""decoder_type"":""SolverSerialJointSingleHair"",""p"":0.007,""p_erase"":0.007,""r"":7,""run_id"":""cc23d39f806d6b050b42fdf6523d37ff1ded4115cd9804c1b1173f160297dfb9""}",
       256,         0,         0,   0.320,mwpf__d28f1af8d4d041d92b7031084fdbcab6dc1e9cf1c24adb30eaa887515eb6649d,0ad7c7cfd60bfc8d2cc9a8cda8479ce98f46b483bb1cdf9eb70b27588a28a083,"{""circuit"":""surface_code:rotated_memory_x"",""cluster_node_limit"":50,""d"":7,""decoder"":""mwpf"",""decoder_type"":""SolverSerialJointSingleHair"",""p"":0.0075,""p_erase"":0.0075,""r"":7,""run_id"":""746c0ed850e7a1c4899561c73e97af04ff040736013cde397145df4c660e1d2a""}",
      1848,         0,         0,    2.30,mwpf__d28f1af8d4d041d92b7031084fdbcab6dc1e9cf1c24adb30eaa887515eb6649d,0ad7c7cfd60bfc8d2cc9a8cda8479ce98f46b483bb1cdf9eb70b27588a28a083,"{""circuit"":""surface_code:rotated_memory_x"",""cluster_node_limit"":50,""d"":7,""decoder"":""mwpf"",""decoder_type"":""SolverSerialJointSingleHair"",""p"":0.0075,""p_erase"":0.0075,""r"":7,""run_id"":""746c0ed850e7a1c4899561c73e97af04ff040736013cde397145df4c660e1d2a""}",
       256,         0,         0,   0.355,mwpf__cc84687092a659fc65a3ee05269b6b569030e8df60c8f6bb1338aab95b850464,de2559247a63aadd19f6ad89515979a5d4f1397f9e0720615a2b8b2b9f64cc61,"{""circuit"":""surface_code:rotated_memory_x"",""cluster_node_limit"":50,""d"":7,""decoder"":""mwpf"",""decoder_type"":""SolverSerialJointSingleHair"",""p"":0.008,""p_erase"":0.008,""r"":7,""run_id"":""b0127341a48953a855ea3549247068ee7050e7461912fad56a38b1d8708ded61""}",
       256,         0,         0,   0.397,mwpf__738c4c2fe60c79a38f4352423c226453cf78c7d4efc409ac916f3f724e7f428b,f522fd2f03991528ab1e67f7b35462f84ed9738f5f8cde70a41909bee4fd3f87,"{""circuit"":""surface_code:rotated_memory_x"",""cluster_node_limit"":50,""d"":7,""decoder"":""mwpf"",""decoder_type"":""SolverSerialJointSingleHair"",""p"":0.009,""p_erase"":0.009,""r"":7,""run_id"":""4b2052dd33b88244b8dc64e1aa696c4f0cef9c363b27e7d2cd9a4ccb51da3596""}",
       256,         0,         0,   0.463,mwpf__27cac5a9d63b5310296ad2f389f4539acd5e7fb7f123dc12456c335e8393c788,ed79fc073e9e8e64e12ca9cee3f1b3b09617b06e5f19d423f3dca5e27321c0ec,"{""circuit"":""surface_code:rotated_memory_x"",""cluster_node_limit"":50,""d"":7,""decoder"":""mwpf"",""decoder_type"":""SolverSerialJointSingleHair"",""p"":0.01,""p_erase"":0.01,""r"":7,""run_id"":""85dc4b86326449a5e4d2267937782207589c000366e3fbe70d98bb3f9fb5a333""}",
       512,         0,         0,   0.608,mwpf__3676edfd3705a10bff90f19b109b554244bd8b49a912fddd54112319402e54b2,f5fc0e2830bf34a034cecaa2a86787ee42c5ac7b974e2cca4fce80b4f9d60e16,"{""circuit"":""surface_code:rotated_memory_x"",""cluster_node_limit"":50,""d"":7,""decoder"":""mwpf"",""decoder_type"":""SolverSerialJointSingleHair"",""p"":0.007,""p_erase"":0.007,""r"":7,""run_id"":""cc23d39f806d6b050b42fdf6523d37ff1ded4115cd9804c1b1173f160297dfb9""}",
       256,         0,         0,   0.494,mwpf__27cac5a9d63b5310296ad2f389f4539acd5e7fb7f123dc12456c335e8393c788,ed79fc073e9e8e64e12ca9cee3f1b3b09617b06e5f19d423f3dca5e27321c0ec,"{""circuit"":""surface_code:rotated_memory_x"",""cluster_node_limit"":50,""d"":7,""decoder"":""mwpf"",""decoder_type"":""SolverSerialJointSingleHair"",""p"":0.01,""p_erase"":0.01,""r"":7,""run_id"":""85dc4b86326449a5e4d2267937782207589c000366e3fbe70d98bb3f9fb5a333""}",
       512,         0,         0,   0.834,mwpf__738c4c2fe60c79a38f4352423c226453cf78c7d4efc409ac916f3f724e7f428b,f522fd2f03991528ab1e67f7b35462f84ed9738f5f8cde70a41909bee4fd3f87,"{""circuit"":""surface_code:rotated_memory_x"",""cluster_node_limit"":50,""d"":7,""decoder"":""mwpf"",""decoder_type"":""SolverSerialJointSingleHair"",""p"":0.009,""p_erase"":0.009,""r"":7,""run_id"":""4b2052dd33b88244b8dc64e1aa696c4f0cef9c363b27e7d2cd9a4ccb51da3596""}",
       512,         0,         0,   0.856,mwpf__738c4c2fe60c79a38f4352423c226453cf78c7d4efc409ac916f3f724e7f428b,f522fd2f03991528ab1e67f7b35462f84ed9738f5f8cde70a41909bee4fd3f87,"{""circuit"":""surface_code:rotated_memory_x"",""cluster_node_limit"":50,""d"":7,""decoder"":""mwpf"",""decoder_type"":""SolverSerialJointSingleHair"",""p"":0.009,""p_erase"":0.009,""r"":7,""run_id"":""4b2052dd33b88244b8dc64e1aa696c4f0cef9c363b27e7d2cd9a4ccb51da3596""}",
       256,         0,         0,   0.334,mwpf__d28f1af8d4d041d92b7031084fdbcab6dc1e9cf1c24adb30eaa887515eb6649d,0ad7c7cfd60bfc8d2cc9a8cda8479ce98f46b483bb1cdf9eb70b27588a28a083,"{""circuit"":""surface_code:rotated_memory_x"",""cluster_node_limit"":50,""d"":7,""decoder"":""mwpf"",""decoder_type"":""SolverSerialJointSingleHair"",""p"":0.0075,""p_erase"":0.0075,""r"":7,""run_id"":""746c0ed850e7a1c4899561c73e97af04ff040736013cde397145df4c660e1d2a""}",
       128,         0,         0,   0.594,mwpf__4be7971ec0aed8b350943219afc2640031998d7bde83aee6a0f21fb9cad0071d,0b500337b6e25e32dcf4bed99809a5d106409a48cf464ef28981fe2fb56292db,"{""circuit"":""surface_code:rotated_memory_x"",""cluster_node_limit"":50,""d"":7,""decoder"":""mwpf"",""decoder_type"":""SolverSerialJointSingleHair"",""p"":0.02,""p_erase"":0.02,""r"":7,""run_id"":""ec632a372450f8a655350bea6e7a952b552cfb386cd39755b54f2b84ee3f6f31""}",
       256,         0,         0,   0.357,mwpf__cc84687092a659fc65a3ee05269b6b569030e8df60c8f6bb1338aab95b850464,de2559247a63aadd19f6ad89515979a5d4f1397f9e0720615a2b8b2b9f64cc61,"{""circuit"":""surface_code:rotated_memory_x"",""cluster_node_limit"":50,""d"":7,""decoder"":""mwpf"",""decoder_type"":""SolverSerialJointSingleHair"",""p"":0.008,""p_erase"":0.008,""r"":7,""run_id"":""b0127341a48953a855ea3549247068ee7050e7461912fad56a38b1d8708ded61""}",
       256,         0,         0,   0.399,mwpf__738c4c2fe60c79a38f4352423c226453cf78c7d4efc409ac916f3f724e7f428b,f522fd2f03991528ab1e67f7b35462f84ed9738f5f8cde70a41909bee4fd3f87,"{""circuit"":""surface_code:rotated_memory_x"",""cluster_node_limit"":50,""d"":7,""decoder"":""mwpf"",""decoder_type"":""SolverSerialJointSingleHair"",""p"":0.009,""p_erase"":0.009,""r"":7,""run_id"":""4b2052dd33b88244b8dc64e1aa696c4f0cef9c363b27e7d2cd9a4ccb51da3596""}",
       512,         0,         0,   0.928,mwpf__27cac5a9d63b5310296ad2f389f4539acd5e7fb7f123dc12456c335e8393c788,ed79fc073e9e8e64e12ca9cee3f1b3b09617b06e5f19d423f3dca5e27321c0ec,"{""circuit"":""surface_code:rotated_memory_x"",""cluster_node_limit"":50,""d"":7,""decoder"":""mwpf"",""decoder_type"":""SolverSerialJointSingleHair"",""p"":0.01,""p_erase"":0.01,""r"":7,""run_id"":""85dc4b86326449a5e4d2267937782207589c000366e3fbe70d98bb3f9fb5a333""}",
       256,         0,         0,   0.438,mwpf__27cac5a9d63b5310296ad2f389f4539acd5e7fb7f123dc12456c335e8393c788,ed79fc073e9e8e64e12ca9cee3f1b3b09617b06e5f19d423f3dca5e27321c0ec,"{""circuit"":""surface_code:rotated_memory_x"",""cluster_node_limit"":50,""d"":7,""decoder"":""mwpf"",""decoder_type"":""SolverSerialJointSingleHair"",""p"":0.01,""p_erase"":0.01,""r"":7,""run_id"":""85dc4b86326449a5e4d2267937782207589c000366e3fbe70d98bb3f9fb5a333""}",
       512,         0,         0,   0.622,mwpf__3676edfd3705a10bff90f19b109b554244bd8b49a912fddd54112319402e54b2,f5fc0e2830bf34a034cecaa2a86787ee42c5ac7b974e2cca4fce80b4f9d60e16,"{""circuit"":""surface_code:rotated_memory_x"",""cluster_node_limit"":50,""d"":7,""decoder"":""mwpf"",""decoder_type"":""SolverSerialJointSingleHair"",""p"":0.007,""p_erase"":0.007,""r"":7,""run_id"":""cc23d39f806d6b050b42fdf6523d37ff1ded4115cd9804c1b1173f160297dfb9""}",
       128,         1,         0,   0.582,mwpf__4be7971ec0aed8b350943219afc2640031998d7bde83aee6a0f21fb9cad0071d,0b500337b6e25e32dcf4bed99809a5d106409a48cf464ef28981fe2fb56292db,"{""circuit"":""surface_code:rotated_memory_x"",""cluster_node_limit"":50,""d"":7,""decoder"":""mwpf"",""decoder_type"":""SolverSerialJointSingleHair"",""p"":0.02,""p_erase"":0.02,""r"":7,""run_id"":""ec632a372450f8a655350bea6e7a952b552cfb386cd39755b54f2b84ee3f6f31""}",
       512,         0,         0,   0.647,mwpf__d28f1af8d4d041d92b7031084fdbcab6dc1e9cf1c24adb30eaa887515eb6649d,0ad7c7cfd60bfc8d2cc9a8cda8479ce98f46b483bb1cdf9eb70b27588a28a083,"{""circuit"":""surface_code:rotated_memory_x"",""cluster_node_limit"":50,""d"":7,""decoder"":""mwpf"",""decoder_type"":""SolverSerialJointSingleHair"",""p"":0.0075,""p_erase"":0.0075,""r"":7,""run_id"":""746c0ed850e7a1c4899561c73e97af04ff040736013cde397145df4c660e1d2a""}",
      2048,         0,         0,    2.61,mwpf__d28f1af8d4d041d92b7031084fdbcab6dc1e9cf1c24adb30eaa887515eb6649d,0ad7c7cfd60bfc8d2cc9a8cda8479ce98f46b483bb1cdf9eb70b27588a28a083,"{""circuit"":""surface_code:rotated_memory_x"",""cluster_node_limit"":50,""d"":7,""decoder"":""mwpf"",""decoder_type"":""SolverSerialJointSingleHair"",""p"":0.0075,""p_erase"":0.0075,""r"":7,""run_id"":""746c0ed850e7a1c4899561c73e97af04ff040736013cde397145df4c660e1d2a""}",
       256,         0,         0,   0.407,mwpf__738c4c2fe60c79a38f4352423c226453cf78c7d4efc409ac916f3f724e7f428b,f522fd2f03991528ab1e67f7b35462f84ed9738f5f8cde70a41909bee4fd3f87,"{""circuit"":""surface_code:rotated_memory_x"",""cluster_node_limit"":50,""d"":7,""decoder"":""mwpf"",""decoder_type"":""SolverSerialJointSingleHair"",""p"":0.009,""p_erase"":0.009,""r"":7,""run_id"":""4b2052dd33b88244b8dc64e1aa696c4f0cef9c363b27e7d2cd9a4ccb51da3596""}",
       256,         0,         0,   0.446,mwpf__27cac5a9d63b5310296ad2f389f4539acd5e7fb7f123dc12456c335e8393c788,ed79fc073e9e8e64e12ca9cee3f1b3b09617b06e5f19d423f3dca5e27321c0ec,"{""circuit"":""surface_code:rotated_memory_x"",""cluster_node_limit"":50,""d"":7,""decoder"":""mwpf"",""decoder_type"":""SolverSerialJointSingleHair"",""p"":0.01,""p_erase"":0.01,""r"":7,""run_id"":""85dc4b86326449a5e4d2267937782207589c000366e3fbe70d98bb3f9fb5a333""}",
      2048,         0,         0,    2.44,mwpf__3676edfd3705a10bff90f19b109b554244bd8b49a912fddd54112319402e54b2,f5fc0e2830bf34a034cecaa2a86787ee42c5ac7b974e2cca4fce80b4f9d60e16,"{""circuit"":""surface_code:rotated_memory_x"",""cluster_node_limit"":50,""d"":7,""decoder"":""mwpf"",""decoder_type"":""SolverSerialJointSingleHair"",""p"":0.007,""p_erase"":0.007,""r"":7,""run_id"":""cc23d39f806d6b050b42fdf6523d37ff1ded4115cd9804c1b1173f160297dfb9""}",
       512,         0,         0,   0.722,mwpf__cc84687092a659fc65a3ee05269b6b569030e8df60c8f6bb1338aab95b850464,de2559247a63aadd19f6ad89515979a5d4f1397f9e0720615a2b8b2b9f64cc61,"{""circuit"":""surface_code:rotated_memory_x"",""cluster_node_limit"":50,""d"":7,""decoder"":""mwpf"",""decoder_type"":""SolverSerialJointSingleHair"",""p"":0.008,""p_erase"":0.008,""r"":7,""run_id"":""b0127341a48953a855ea3549247068ee7050e7461912fad56a38b1d8708ded61""}",
        38,         0,         0,   0.049,mwpf__3676edfd3705a10bff90f19b109b554244bd8b49a912fddd54112319402e54b2,f5fc0e2830bf34a034cecaa2a86787ee42c5ac7b974e2cca4fce80b4f9d60e16,"{""circuit"":""surface_code:rotated_memory_x"",""cluster_node_limit"":50,""d"":7,""decoder"":""mwpf"",""decoder_type"":""SolverSerialJointSingleHair"",""p"":0.007,""p_erase"":0.007,""r"":7,""run_id"":""cc23d39f806d6b050b42fdf6523d37ff1ded4115cd9804c1b1173f160297dfb9""}",
       256,         0,         0,   0.404,mwpf__738c4c2fe60c79a38f4352423c226453cf78c7d4efc409ac916f3f724e7f428b,f522fd2f03991528ab1e67f7b35462f84ed9738f5f8cde70a41909bee4fd3f87,"{""circuit"":""surface_code:rotated_memory_x"",""cluster_node_limit"":50,""d"":7,""decoder"":""mwpf"",""decoder_type"":""SolverSerialJointSingleHair"",""p"":0.009,""p_erase"":0.009,""r"":7,""run_id"":""4b2052dd33b88244b8dc64e1aa696c4f0cef9c363b27e7d2cd9a4ccb51da3596""}",
       512,         0,         0,   0.617,mwpf__3676edfd3705a10bff90f19b109b554244bd8b49a912fddd54112319402e54b2,f5fc0e2830bf34a034cecaa2a86787ee42c5ac7b974e2cca4fce80b4f9d60e16,"{""circuit"":""surface_code:rotated_memory_x"",""cluster_node_limit"":50,""d"":7,""decoder"":""mwpf"",""decoder_type"":""SolverSerialJointSingleHair"",""p"":0.007,""p_erase"":0.007,""r"":7,""run_id"":""cc23d39f806d6b050b42fdf6523d37ff1ded4115cd9804c1b1173f160297dfb9""}",
         1,         0,         0,   0.010,mwpf__52a073e7515446df52cbda9ca7c289cfd1927a5295e69ea691f5d15087ee0aff,5a668985a08f01552b0c1df7417c34aec474e3171f00de2b4ec4b430761e3525,"{""circuit"":""surface_code:rotated_memory_x"",""cluster_node_limit"":50,""d"":7,""decoder"":""mwpf"",""decoder_type"":""SolverSerialJointSingleHair"",""p"":0.03,""p_erase"":0.03,""r"":7,""run_id"":""813ba4eb16fa666e67959bd8c62870ba1c2c26cd74e0d3cecbae76623e9435dc""}",
       128,         0,         0,   0.605,mwpf__4be7971ec0aed8b350943219afc2640031998d7bde83aee6a0f21fb9cad0071d,0b500337b6e25e32dcf4bed99809a5d106409a48cf464ef28981fe2fb56292db,"{""circuit"":""surface_code:rotated_memory_x"",""cluster_node_limit"":50,""d"":7,""decoder"":""mwpf"",""decoder_type"":""SolverSerialJointSingleHair"",""p"":0.02,""p_erase"":0.02,""r"":7,""run_id"":""ec632a372450f8a655350bea6e7a952b552cfb386cd39755b54f2b84ee3f6f31""}",
       256,         0,         0,   0.451,mwpf__27cac5a9d63b5310296ad2f389f4539acd5e7fb7f123dc12456c335e8393c788,ed79fc073e9e8e64e12ca9cee3f1b3b09617b06e5f19d423f3dca5e27321c0ec,"{""circuit"":""surface_code:rotated_memory_x"",""cluster_node_limit"":50,""d"":7,""decoder"":""mwpf"",""decoder_type"":""SolverSerialJointSingleHair"",""p"":0.01,""p_erase"":0.01,""r"":7,""run_id"":""85dc4b86326449a5e4d2267937782207589c000366e3fbe70d98bb3f9fb5a333""}",
      1115,         0,         0,    1.38,mwpf__3676edfd3705a10bff90f19b109b554244bd8b49a912fddd54112319402e54b2,f5fc0e2830bf34a034cecaa2a86787ee42c5ac7b974e2cca4fce80b4f9d60e16,"{""circuit"":""surface_code:rotated_memory_x"",""cluster_node_limit"":50,""d"":7,""decoder"":""mwpf"",""decoder_type"":""SolverSerialJointSingleHair"",""p"":0.007,""p_erase"":0.007,""r"":7,""run_id"":""cc23d39f806d6b050b42fdf6523d37ff1ded4115cd9804c1b1173f160297dfb9""}",
       512,         0,         0,   0.664,mwpf__d28f1af8d4d041d92b7031084fdbcab6dc1e9cf1c24adb30eaa887515eb6649d,0ad7c7cfd60bfc8d2cc9a8cda8479ce98f46b483bb1cdf9eb70b27588a28a083,"{""circuit"":""surface_code:rotated_memory_x"",""cluster_node_limit"":50,""d"":7,""decoder"":""mwpf"",""decoder_type"":""SolverSerialJointSingleHair"",""p"":0.0075,""p_erase"":0.0075,""r"":7,""run_id"":""746c0ed850e7a1c4899561c73e97af04ff040736013cde397145df4c660e1d2a""}",
        16,         3,         0,   0.167,mwpf__52a073e7515446df52cbda9ca7c289cfd1927a5295e69ea691f5d15087ee0aff,5a668985a08f01552b0c1df7417c34aec474e3171f00de2b4ec4b430761e3525,"{""circuit"":""surface_code:rotated_memory_x"",""cluster_node_limit"":50,""d"":7,""decoder"":""mwpf"",""decoder_type"":""SolverSerialJointSingleHair"",""p"":0.03,""p_erase"":0.03,""r"":7,""run_id"":""813ba4eb16fa666e67959bd8c62870ba1c2c26cd74e0d3cecbae76623e9435dc""}",
         1,         0,         0,   0.022,mwpf__98f1b527ad63d0c96b87fae2ef9b5a001df2d2c4d1bcf7718808c982f8f67de9,228a01b856019daca44f88d1c0dd611b9d09141c474412396bea6d8158eea878,"{""circuit"":""surface_code:rotated_memory_x"",""cluster_node_limit"":50,""d"":7,""decoder"":""mwpf"",""decoder_type"":""SolverSerialJointSingleHair"",""p"":0.04,""p_erase"":0.04,""r"":7,""run_id"":""22cc46a396a276b666b805f90859895cb11c4a18ae76c90aeb44e64208d7955b""}",
      1094,         0,         0,    1.45,mwpf__d28f1af8d4d041d92b7031084fdbcab6dc1e9cf1c24adb30eaa887515eb6649d,0ad7c7cfd60bfc8d2cc9a8cda8479ce98f46b483bb1cdf9eb70b27588a28a083,"{""circuit"":""surface_code:rotated_memory_x"",""cluster_node_limit"":50,""d"":7,""decoder"":""mwpf"",""decoder_type"":""SolverSerialJointSingleHair"",""p"":0.0075,""p_erase"":0.0075,""r"":7,""run_id"":""746c0ed850e7a1c4899561c73e97af04ff040736013cde397145df4c660e1d2a""}",
       256,         0,         0,   0.408,mwpf__738c4c2fe60c79a38f4352423c226453cf78c7d4efc409ac916f3f724e7f428b,f522fd2f03991528ab1e67f7b35462f84ed9738f5f8cde70a41909bee4fd3f87,"{""circuit"":""surface_code:rotated_memory_x"",""cluster_node_limit"":50,""d"":7,""decoder"":""mwpf"",""decoder_type"":""SolverSerialJointSingleHair"",""p"":0.009,""p_erase"":0.009,""r"":7,""run_id"":""4b2052dd33b88244b8dc64e1aa696c4f0cef9c363b27e7d2cd9a4ccb51da3596""}",
         1,         1,         0,   0.026,mwpf__44785f8372daa341abdebcd828887424427bf9b811680dbe0b80e9dd0478da48,79f30c78ea0219ad2b4e9c1731639789d4a70f0809a5d03a7d41841488de462c,"{""circuit"":""surface_code:rotated_memory_x"",""cluster_node_limit"":50,""d"":7,""decoder"":""mwpf"",""decoder_type"":""SolverSerialJointSingleHair"",""p"":0.05,""p_erase"":0.05,""r"":7,""run_id"":""6f604c679956d1cf0daf6d77107bb840f1154ac07c7e1969bb8402e01858bb91""}",
       512,         0,         0,   0.738,mwpf__cc84687092a659fc65a3ee05269b6b569030e8df60c8f6bb1338aab95b850464,de2559247a63aadd19f6ad89515979a5d4f1397f9e0720615a2b8b2b9f64cc61,"{""circuit"":""surface_code:rotated_memory_x"",""cluster_node_limit"":50,""d"":7,""decoder"":""mwpf"",""decoder_type"":""SolverSerialJointSingleHair"",""p"":0.008,""p_erase"":0.008,""r"":7,""run_id"":""b0127341a48953a855ea3549247068ee7050e7461912fad56a38b1d8708ded61""}",
        32,         4,         0,   0.310,mwpf__52a073e7515446df52cbda9ca7c289cfd1927a5295e69ea691f5d15087ee0aff,5a668985a08f01552b0c1df7417c34aec474e3171f00de2b4ec4b430761e3525,"{""circuit"":""surface_code:rotated_memory_x"",""cluster_node_limit"":50,""d"":7,""decoder"":""mwpf"",""decoder_type"":""SolverSerialJointSingleHair"",""p"":0.03,""p_erase"":0.03,""r"":7,""run_id"":""813ba4eb16fa666e67959bd8c62870ba1c2c26cd74e0d3cecbae76623e9435dc""}",
       418,         0,         0,   0.504,mwpf__3676edfd3705a10bff90f19b109b554244bd8b49a912fddd54112319402e54b2,f5fc0e2830bf34a034cecaa2a86787ee42c5ac7b974e2cca4fce80b4f9d60e16,"{""circuit"":""surface_code:rotated_memory_x"",""cluster_node_limit"":50,""d"":7,""decoder"":""mwpf"",""decoder_type"":""SolverSerialJointSingleHair"",""p"":0.007,""p_erase"":0.007,""r"":7,""run_id"":""cc23d39f806d6b050b42fdf6523d37ff1ded4115cd9804c1b1173f160297dfb9""}",
       802,         0,         0,    1.05,mwpf__d28f1af8d4d041d92b7031084fdbcab6dc1e9cf1c24adb30eaa887515eb6649d,0ad7c7cfd60bfc8d2cc9a8cda8479ce98f46b483bb1cdf9eb70b27588a28a083,"{""circuit"":""surface_code:rotated_memory_x"",""cluster_node_limit"":50,""d"":7,""decoder"":""mwpf"",""decoder_type"":""SolverSerialJointSingleHair"",""p"":0.0075,""p_erase"":0.0075,""r"":7,""run_id"":""746c0ed850e7a1c4899561c73e97af04ff040736013cde397145df4c660e1d2a""}",
       256,         0,         0,   0.472,mwpf__27cac5a9d63b5310296ad2f389f4539acd5e7fb7f123dc12456c335e8393c788,ed79fc073e9e8e64e12ca9cee3f1b3b09617b06e5f19d423f3dca5e27321c0ec,"{""circuit"":""surface_code:rotated_memory_x"",""cluster_node_limit"":50,""d"":7,""decoder"":""mwpf"",""decoder_type"":""SolverSerialJointSingleHair"",""p"":0.01,""p_erase"":0.01,""r"":7,""run_id"":""85dc4b86326449a5e4d2267937782207589c000366e3fbe70d98bb3f9fb5a333""}",
        16,         4,         0,   0.295,mwpf__98f1b527ad63d0c96b87fae2ef9b5a001df2d2c4d1bcf7718808c982f8f67de9,228a01b856019daca44f88d1c0dd611b9d09141c474412396bea6d8158eea878,"{""circuit"":""surface_code:rotated_memory_x"",""cluster_node_limit"":50,""d"":7,""decoder"":""mwpf"",""decoder_type"":""SolverSerialJointSingleHair"",""p"":0.04,""p_erase"":0.04,""r"":7,""run_id"":""22cc46a396a276b666b805f90859895cb11c4a18ae76c90aeb44e64208d7955b""}",
       128,         1,         0,   0.610,mwpf__4be7971ec0aed8b350943219afc2640031998d7bde83aee6a0f21fb9cad0071d,0b500337b6e25e32dcf4bed99809a5d106409a48cf464ef28981fe2fb56292db,"{""circuit"":""surface_code:rotated_memory_x"",""cluster_node_limit"":50,""d"":7,""decoder"":""mwpf"",""decoder_type"":""SolverSerialJointSingleHair"",""p"":0.02,""p_erase"":0.02,""r"":7,""run_id"":""ec632a372450f8a655350bea6e7a952b552cfb386cd39755b54f2b84ee3f6f31""}",
       256,         0,         0,   0.401,mwpf__738c4c2fe60c79a38f4352423c226453cf78c7d4efc409ac916f3f724e7f428b,f522fd2f03991528ab1e67f7b35462f84ed9738f5f8cde70a41909bee4fd3f87,"{""circuit"":""surface_code:rotated_memory_x"",""cluster_node_limit"":50,""d"":7,""decoder"":""mwpf"",""decoder_type"":""SolverSerialJointSingleHair"",""p"":0.009,""p_erase"":0.009,""r"":7,""run_id"":""4b2052dd33b88244b8dc64e1aa696c4f0cef9c363b27e7d2cd9a4ccb51da3596""}",
       194,         0,         0,   0.278,mwpf__d28f1af8d4d041d92b7031084fdbcab6dc1e9cf1c24adb30eaa887515eb6649d,0ad7c7cfd60bfc8d2cc9a8cda8479ce98f46b483bb1cdf9eb70b27588a28a083,"{""circuit"":""surface_code:rotated_memory_x"",""cluster_node_limit"":50,""d"":7,""decoder"":""mwpf"",""decoder_type"":""SolverSerialJointSingleHair"",""p"":0.0075,""p_erase"":0.0075,""r"":7,""run_id"":""746c0ed850e7a1c4899561c73e97af04ff040736013cde397145df4c660e1d2a""}",
       498,         0,         0,   0.650,mwpf__d28f1af8d4d041d92b7031084fdbcab6dc1e9cf1c24adb30eaa887515eb6649d,0ad7c7cfd60bfc8d2cc9a8cda8479ce98f46b483bb1cdf9eb70b27588a28a083,"{""circuit"":""surface_code:rotated_memory_x"",""cluster_node_limit"":50,""d"":7,""decoder"":""mwpf"",""decoder_type"":""SolverSerialJointSingleHair"",""p"":0.0075,""p_erase"":0.0075,""r"":7,""run_id"":""746c0ed850e7a1c4899561c73e97af04ff040736013cde397145df4c660e1d2a""}",
       650,         0,         0,   0.780,mwpf__3676edfd3705a10bff90f19b109b554244bd8b49a912fddd54112319402e54b2,f5fc0e2830bf34a034cecaa2a86787ee42c5ac7b974e2cca4fce80b4f9d60e16,"{""circuit"":""surface_code:rotated_memory_x"",""cluster_node_limit"":50,""d"":7,""decoder"":""mwpf"",""decoder_type"":""SolverSerialJointSingleHair"",""p"":0.007,""p_erase"":0.007,""r"":7,""run_id"":""cc23d39f806d6b050b42fdf6523d37ff1ded4115cd9804c1b1173f160297dfb9""}",
        16,         9,         0,   0.404,mwpf__44785f8372daa341abdebcd828887424427bf9b811680dbe0b80e9dd0478da48,79f30c78ea0219ad2b4e9c1731639789d4a70f0809a5d03a7d41841488de462c,"{""circuit"":""surface_code:rotated_memory_x"",""cluster_node_limit"":50,""d"":7,""decoder"":""mwpf"",""decoder_type"":""SolverSerialJointSingleHair"",""p"":0.05,""p_erase"":0.05,""r"":7,""run_id"":""6f604c679956d1cf0daf6d77107bb840f1154ac07c7e1969bb8402e01858bb91""}",
        32,         3,         0,   0.325,mwpf__52a073e7515446df52cbda9ca7c289cfd1927a5295e69ea691f5d15087ee0aff,5a668985a08f01552b0c1df7417c34aec474e3171f00de2b4ec4b430761e3525,"{""circuit"":""surface_code:rotated_memory_x"",""cluster_node_limit"":50,""d"":7,""decoder"":""mwpf"",""decoder_type"":""SolverSerialJointSingleHair"",""p"":0.03,""p_erase"":0.03,""r"":7,""run_id"":""813ba4eb16fa666e67959bd8c62870ba1c2c26cd74e0d3cecbae76623e9435dc""}",
      3413,         0,         0,    4.67,mwpf__cc84687092a659fc65a3ee05269b6b569030e8df60c8f6bb1338aab95b850464,de2559247a63aadd19f6ad89515979a5d4f1397f9e0720615a2b8b2b9f64cc61,"{""circuit"":""surface_code:rotated_memory_x"",""cluster_node_limit"":50,""d"":7,""decoder"":""mwpf"",""decoder_type"":""SolverSerialJointSingleHair"",""p"":0.008,""p_erase"":0.008,""r"":7,""run_id"":""b0127341a48953a855ea3549247068ee7050e7461912fad56a38b1d8708ded61""}",
       256,         0,         0,   0.453,mwpf__27cac5a9d63b5310296ad2f389f4539acd5e7fb7f123dc12456c335e8393c788,ed79fc073e9e8e64e12ca9cee3f1b3b09617b06e5f19d423f3dca5e27321c0ec,"{""circuit"":""surface_code:rotated_memory_x"",""cluster_node_limit"":50,""d"":7,""decoder"":""mwpf"",""decoder_type"":""SolverSerialJointSingleHair"",""p"":0.01,""p_erase"":0.01,""r"":7,""run_id"":""85dc4b86326449a5e4d2267937782207589c000366e3fbe70d98bb3f9fb5a333""}",
      3561,         0,         0,    4.88,mwpf__cc84687092a659fc65a3ee05269b6b569030e8df60c8f6bb1338aab95b850464,de2559247a63aadd19f6ad89515979a5d4f1397f9e0720615a2b8b2b9f64cc61,"{""circuit"":""surface_code:rotated_memory_x"",""cluster_node_limit"":50,""d"":7,""decoder"":""mwpf"",""decoder_type"":""SolverSerialJointSingleHair"",""p"":0.008,""p_erase"":0.008,""r"":7,""run_id"":""b0127341a48953a855ea3549247068ee7050e7461912fad56a38b1d8708ded61""}",
        32,         2,         0,   0.308,mwpf__52a073e7515446df52cbda9ca7c289cfd1927a5295e69ea691f5d15087ee0aff,5a668985a08f01552b0c1df7417c34aec474e3171f00de2b4ec4b430761e3525,"{""circuit"":""surface_code:rotated_memory_x"",""cluster_node_limit"":50,""d"":7,""decoder"":""mwpf"",""decoder_type"":""SolverSerialJointSingleHair"",""p"":0.03,""p_erase"":0.03,""r"":7,""run_id"":""813ba4eb16fa666e67959bd8c62870ba1c2c26cd74e0d3cecbae76623e9435dc""}",
        32,         7,         0,   0.567,mwpf__98f1b527ad63d0c96b87fae2ef9b5a001df2d2c4d1bcf7718808c982f8f67de9,228a01b856019daca44f88d1c0dd611b9d09141c474412396bea6d8158eea878,"{""circuit"":""surface_code:rotated_memory_x"",""cluster_node_limit"":50,""d"":7,""decoder"":""mwpf"",""decoder_type"":""SolverSerialJointSingleHair"",""p"":0.04,""p_erase"":0.04,""r"":7,""run_id"":""22cc46a396a276b666b805f90859895cb11c4a18ae76c90aeb44e64208d7955b""}",
       256,         0,         0,   0.393,mwpf__738c4c2fe60c79a38f4352423c226453cf78c7d4efc409ac916f3f724e7f428b,f522fd2f03991528ab1e67f7b35462f84ed9738f5f8cde70a41909bee4fd3f87,"{""circuit"":""surface_code:rotated_memory_x"",""cluster_node_limit"":50,""d"":7,""decoder"":""mwpf"",""decoder_type"":""SolverSerialJointSingleHair"",""p"":0.009,""p_erase"":0.009,""r"":7,""run_id"":""4b2052dd33b88244b8dc64e1aa696c4f0cef9c363b27e7d2cd9a4ccb51da3596""}",
       512,         0,         0,   0.713,mwpf__cc84687092a659fc65a3ee05269b6b569030e8df60c8f6bb1338aab95b850464,de2559247a63aadd19f6ad89515979a5d4f1397f9e0720615a2b8b2b9f64cc61,"{""circuit"":""surface_code:rotated_memory_x"",""cluster_node_limit"":50,""d"":7,""decoder"":""mwpf"",""decoder_type"":""SolverSerialJointSingleHair"",""p"":0.008,""p_erase"":0.008,""r"":7,""run_id"":""b0127341a48953a855ea3549247068ee7050e7461912fad56a38b1d8708ded61""}",
        27,         0,         0,   0.035,mwpf__cc84687092a659fc65a3ee05269b6b569030e8df60c8f6bb1338aab95b850464,de2559247a63aadd19f6ad89515979a5d4f1397f9e0720615a2b8b2b9f64cc61,"{""circuit"":""surface_code:rotated_memory_x"",""cluster_node_limit"":50,""d"":7,""decoder"":""mwpf"",""decoder_type"":""SolverSerialJointSingleHair"",""p"":0.008,""p_erase"":0.008,""r"":7,""run_id"":""b0127341a48953a855ea3549247068ee7050e7461912fad56a38b1d8708ded61""}",
        16,         6,         0,   0.400,mwpf__44785f8372daa341abdebcd828887424427bf9b811680dbe0b80e9dd0478da48,79f30c78ea0219ad2b4e9c1731639789d4a70f0809a5d03a7d41841488de462c,"{""circuit"":""surface_code:rotated_memory_x"",""cluster_node_limit"":50,""d"":7,""decoder"":""mwpf"",""decoder_type"":""SolverSerialJointSingleHair"",""p"":0.05,""p_erase"":0.05,""r"":7,""run_id"":""6f604c679956d1cf0daf6d77107bb840f1154ac07c7e1969bb8402e01858bb91""}",
        27,         0,         0,   0.039,mwpf__cc84687092a659fc65a3ee05269b6b569030e8df60c8f6bb1338aab95b850464,de2559247a63aadd19f6ad89515979a5d4f1397f9e0720615a2b8b2b9f64cc61,"{""circuit"":""surface_code:rotated_memory_x"",""cluster_node_limit"":50,""d"":7,""decoder"":""mwpf"",""decoder_type"":""SolverSerialJointSingleHair"",""p"":0.008,""p_erase"":0.008,""r"":7,""run_id"":""b0127341a48953a855ea3549247068ee7050e7461912fad56a38b1d8708ded61""}",
        27,         0,         0,   0.062,mwpf__cc84687092a659fc65a3ee05269b6b569030e8df60c8f6bb1338aab95b850464,de2559247a63aadd19f6ad89515979a5d4f1397f9e0720615a2b8b2b9f64cc61,"{""circuit"":""surface_code:rotated_memory_x"",""cluster_node_limit"":50,""d"":7,""decoder"":""mwpf"",""decoder_type"":""SolverSerialJointSingleHair"",""p"":0.008,""p_erase"":0.008,""r"":7,""run_id"":""b0127341a48953a855ea3549247068ee7050e7461912fad56a38b1d8708ded61""}",
       128,         2,         0,   0.605,mwpf__4be7971ec0aed8b350943219afc2640031998d7bde83aee6a0f21fb9cad0071d,0b500337b6e25e32dcf4bed99809a5d106409a48cf464ef28981fe2fb56292db,"{""circuit"":""surface_code:rotated_memory_x"",""cluster_node_limit"":50,""d"":7,""decoder"":""mwpf"",""decoder_type"":""SolverSerialJointSingleHair"",""p"":0.02,""p_erase"":0.02,""r"":7,""run_id"":""ec632a372450f8a655350bea6e7a952b552cfb386cd39755b54f2b84ee3f6f31""}",
        32,         1,         0,   0.261,mwpf__52a073e7515446df52cbda9ca7c289cfd1927a5295e69ea691f5d15087ee0aff,5a668985a08f01552b0c1df7417c34aec474e3171f00de2b4ec4b430761e3525,"{""circuit"":""surface_code:rotated_memory_x"",""cluster_node_limit"":50,""d"":7,""decoder"":""mwpf"",""decoder_type"":""SolverSerialJointSingleHair"",""p"":0.03,""p_erase"":0.03,""r"":7,""run_id"":""813ba4eb16fa666e67959bd8c62870ba1c2c26cd74e0d3cecbae76623e9435dc""}",
       256,         0,         0,   0.448,mwpf__27cac5a9d63b5310296ad2f389f4539acd5e7fb7f123dc12456c335e8393c788,ed79fc073e9e8e64e12ca9cee3f1b3b09617b06e5f19d423f3dca5e27321c0ec,"{""circuit"":""surface_code:rotated_memory_x"",""cluster_node_limit"":50,""d"":7,""decoder"":""mwpf"",""decoder_type"":""SolverSerialJointSingleHair"",""p"":0.01,""p_erase"":0.01,""r"":7,""run_id"":""85dc4b86326449a5e4d2267937782207589c000366e3fbe70d98bb3f9fb5a333""}",
       256,         0,         0,   0.406,mwpf__738c4c2fe60c79a38f4352423c226453cf78c7d4efc409ac916f3f724e7f428b,f522fd2f03991528ab1e67f7b35462f84ed9738f5f8cde70a41909bee4fd3f87,"{""circuit"":""surface_code:rotated_memory_x"",""cluster_node_limit"":50,""d"":7,""decoder"":""mwpf"",""decoder_type"":""SolverSerialJointSingleHair"",""p"":0.009,""p_erase"":0.009,""r"":7,""run_id"":""4b2052dd33b88244b8dc64e1aa696c4f0cef9c363b27e7d2cd9a4ccb51da3596""}",
        16,         9,         0,   0.340,mwpf__44785f8372daa341abdebcd828887424427bf9b811680dbe0b80e9dd0478da48,79f30c78ea0219ad2b4e9c1731639789d4a70f0809a5d03a7d41841488de462c,"{""circuit"":""surface_code:rotated_memory_x"",""cluster_node_limit"":50,""d"":7,""decoder"":""mwpf"",""decoder_type"":""SolverSerialJointSingleHair"",""p"":0.05,""p_erase"":0.05,""r"":7,""run_id"":""6f604c679956d1cf0daf6d77107bb840f1154ac07c7e1969bb8402e01858bb91""}",
        32,        12,         0,   0.530,mwpf__98f1b527ad63d0c96b87fae2ef9b5a001df2d2c4d1bcf7718808c982f8f67de9,228a01b856019daca44f88d1c0dd611b9d09141c474412396bea6d8158eea878,"{""circuit"":""surface_code:rotated_memory_x"",""cluster_node_limit"":50,""d"":7,""decoder"":""mwpf"",""decoder_type"":""SolverSerialJointSingleHair"",""p"":0.04,""p_erase"":0.04,""r"":7,""run_id"":""22cc46a396a276b666b805f90859895cb11c4a18ae76c90aeb44e64208d7955b""}",
       128,         1,         0,   0.581,mwpf__4be7971ec0aed8b350943219afc2640031998d7bde83aee6a0f21fb9cad0071d,0b500337b6e25e32dcf4bed99809a5d106409a48cf464ef28981fe2fb56292db,"{""circuit"":""surface_code:rotated_memory_x"",""cluster_node_limit"":50,""d"":7,""decoder"":""mwpf"",""decoder_type"":""SolverSerialJointSingleHair"",""p"":0.02,""p_erase"":0.02,""r"":7,""run_id"":""ec632a372450f8a655350bea6e7a952b552cfb386cd39755b54f2b84ee3f6f31""}",
       256,         0,         0,   0.448,mwpf__27cac5a9d63b5310296ad2f389f4539acd5e7fb7f123dc12456c335e8393c788,ed79fc073e9e8e64e12ca9cee3f1b3b09617b06e5f19d423f3dca5e27321c0ec,"{""circuit"":""surface_code:rotated_memory_x"",""cluster_node_limit"":50,""d"":7,""decoder"":""mwpf"",""decoder_type"":""SolverSerialJointSingleHair"",""p"":0.01,""p_erase"":0.01,""r"":7,""run_id"":""85dc4b86326449a5e4d2267937782207589c000366e3fbe70d98bb3f9fb5a333""}",
        16,        10,         0,   0.378,mwpf__44785f8372daa341abdebcd828887424427bf9b811680dbe0b80e9dd0478da48,79f30c78ea0219ad2b4e9c1731639789d4a70f0809a5d03a7d41841488de462c,"{""circuit"":""surface_code:rotated_memory_x"",""cluster_node_limit"":50,""d"":7,""decoder"":""mwpf"",""decoder_type"":""SolverSerialJointSingleHair"",""p"":0.05,""p_erase"":0.05,""r"":7,""run_id"":""6f604c679956d1cf0daf6d77107bb840f1154ac07c7e1969bb8402e01858bb91""}",
       256,         0,         0,   0.388,mwpf__738c4c2fe60c79a38f4352423c226453cf78c7d4efc409ac916f3f724e7f428b,f522fd2f03991528ab1e67f7b35462f84ed9738f5f8cde70a41909bee4fd3f87,"{""circuit"":""surface_code:rotated_memory_x"",""cluster_node_limit"":50,""d"":7,""decoder"":""mwpf"",""decoder_type"":""SolverSerialJointSingleHair"",""p"":0.009,""p_erase"":0.009,""r"":7,""run_id"":""4b2052dd33b88244b8dc64e1aa696c4f0cef9c363b27e7d2cd9a4ccb51da3596""}",
        64,         5,         0,   0.593,mwpf__52a073e7515446df52cbda9ca7c289cfd1927a5295e69ea691f5d15087ee0aff,5a668985a08f01552b0c1df7417c34aec474e3171f00de2b4ec4b430761e3525,"{""circuit"":""surface_code:rotated_memory_x"",""cluster_node_limit"":50,""d"":7,""decoder"":""mwpf"",""decoder_type"":""SolverSerialJointSingleHair"",""p"":0.03,""p_erase"":0.03,""r"":7,""run_id"":""813ba4eb16fa666e67959bd8c62870ba1c2c26cd74e0d3cecbae76623e9435dc""}",
        32,         9,         0,   0.496,mwpf__98f1b527ad63d0c96b87fae2ef9b5a001df2d2c4d1bcf7718808c982f8f67de9,228a01b856019daca44f88d1c0dd611b9d09141c474412396bea6d8158eea878,"{""circuit"":""surface_code:rotated_memory_x"",""cluster_node_limit"":50,""d"":7,""decoder"":""mwpf"",""decoder_type"":""SolverSerialJointSingleHair"",""p"":0.04,""p_erase"":0.04,""r"":7,""run_id"":""22cc46a396a276b666b805f90859895cb11c4a18ae76c90aeb44e64208d7955b""}",
        16,         6,         0,   0.391,mwpf__44785f8372daa341abdebcd828887424427bf9b811680dbe0b80e9dd0478da48,79f30c78ea0219ad2b4e9c1731639789d4a70f0809a5d03a7d41841488de462c,"{""circuit"":""surface_code:rotated_memory_x"",""cluster_node_limit"":50,""d"":7,""decoder"":""mwpf"",""decoder_type"":""SolverSerialJointSingleHair"",""p"":0.05,""p_erase"":0.05,""r"":7,""run_id"":""6f604c679956d1cf0daf6d77107bb840f1154ac07c7e1969bb8402e01858bb91""}",
       256,         0,         0,   0.448,mwpf__27cac5a9d63b5310296ad2f389f4539acd5e7fb7f123dc12456c335e8393c788,ed79fc073e9e8e64e12ca9cee3f1b3b09617b06e5f19d423f3dca5e27321c0ec,"{""circuit"":""surface_code:rotated_memory_x"",""cluster_node_limit"":50,""d"":7,""decoder"":""mwpf"",""decoder_type"":""SolverSerialJointSingleHair"",""p"":0.01,""p_erase"":0.01,""r"":7,""run_id"":""85dc4b86326449a5e4d2267937782207589c000366e3fbe70d98bb3f9fb5a333""}",
       128,         0,         0,   0.569,mwpf__4be7971ec0aed8b350943219afc2640031998d7bde83aee6a0f21fb9cad0071d,0b500337b6e25e32dcf4bed99809a5d106409a48cf464ef28981fe2fb56292db,"{""circuit"":""surface_code:rotated_memory_x"",""cluster_node_limit"":50,""d"":7,""decoder"":""mwpf"",""decoder_type"":""SolverSerialJointSingleHair"",""p"":0.02,""p_erase"":0.02,""r"":7,""run_id"":""ec632a372450f8a655350bea6e7a952b552cfb386cd39755b54f2b84ee3f6f31""}",
        64,         6,         0,   0.603,mwpf__52a073e7515446df52cbda9ca7c289cfd1927a5295e69ea691f5d15087ee0aff,5a668985a08f01552b0c1df7417c34aec474e3171f00de2b4ec4b430761e3525,"{""circuit"":""surface_code:rotated_memory_x"",""cluster_node_limit"":50,""d"":7,""decoder"":""mwpf"",""decoder_type"":""SolverSerialJointSingleHair"",""p"":0.03,""p_erase"":0.03,""r"":7,""run_id"":""813ba4eb16fa666e67959bd8c62870ba1c2c26cd74e0d3cecbae76623e9435dc""}",
      2475,         0,         0,    3.83,mwpf__738c4c2fe60c79a38f4352423c226453cf78c7d4efc409ac916f3f724e7f428b,f522fd2f03991528ab1e67f7b35462f84ed9738f5f8cde70a41909bee4fd3f87,"{""circuit"":""surface_code:rotated_memory_x"",""cluster_node_limit"":50,""d"":7,""decoder"":""mwpf"",""decoder_type"":""SolverSerialJointSingleHair"",""p"":0.009,""p_erase"":0.009,""r"":7,""run_id"":""4b2052dd33b88244b8dc64e1aa696c4f0cef9c363b27e7d2cd9a4ccb51da3596""}",
      2475,         0,         0,    3.82,mwpf__738c4c2fe60c79a38f4352423c226453cf78c7d4efc409ac916f3f724e7f428b,f522fd2f03991528ab1e67f7b35462f84ed9738f5f8cde70a41909bee4fd3f87,"{""circuit"":""surface_code:rotated_memory_x"",""cluster_node_limit"":50,""d"":7,""decoder"":""mwpf"",""decoder_type"":""SolverSerialJointSingleHair"",""p"":0.009,""p_erase"":0.009,""r"":7,""run_id"":""4b2052dd33b88244b8dc64e1aa696c4f0cef9c363b27e7d2cd9a4ccb51da3596""}",
        16,         5,         0,   0.363,mwpf__44785f8372daa341abdebcd828887424427bf9b811680dbe0b80e9dd0478da48,79f30c78ea0219ad2b4e9c1731639789d4a70f0809a5d03a7d41841488de462c,"{""circuit"":""surface_code:rotated_memory_x"",""cluster_node_limit"":50,""d"":7,""decoder"":""mwpf"",""decoder_type"":""SolverSerialJointSingleHair"",""p"":0.05,""p_erase"":0.05,""r"":7,""run_id"":""6f604c679956d1cf0daf6d77107bb840f1154ac07c7e1969bb8402e01858bb91""}",
        32,         8,         0,   0.527,mwpf__98f1b527ad63d0c96b87fae2ef9b5a001df2d2c4d1bcf7718808c982f8f67de9,228a01b856019daca44f88d1c0dd611b9d09141c474412396bea6d8158eea878,"{""circuit"":""surface_code:rotated_memory_x"",""cluster_node_limit"":50,""d"":7,""decoder"":""mwpf"",""decoder_type"":""SolverSerialJointSingleHair"",""p"":0.04,""p_erase"":0.04,""r"":7,""run_id"":""22cc46a396a276b666b805f90859895cb11c4a18ae76c90aeb44e64208d7955b""}",
       512,         0,         0,   0.777,mwpf__738c4c2fe60c79a38f4352423c226453cf78c7d4efc409ac916f3f724e7f428b,f522fd2f03991528ab1e67f7b35462f84ed9738f5f8cde70a41909bee4fd3f87,"{""circuit"":""surface_code:rotated_memory_x"",""cluster_node_limit"":50,""d"":7,""decoder"":""mwpf"",""decoder_type"":""SolverSerialJointSingleHair"",""p"":0.009,""p_erase"":0.009,""r"":7,""run_id"":""4b2052dd33b88244b8dc64e1aa696c4f0cef9c363b27e7d2cd9a4ccb51da3596""}",
       256,         0,         0,   0.463,mwpf__27cac5a9d63b5310296ad2f389f4539acd5e7fb7f123dc12456c335e8393c788,ed79fc073e9e8e64e12ca9cee3f1b3b09617b06e5f19d423f3dca5e27321c0ec,"{""circuit"":""surface_code:rotated_memory_x"",""cluster_node_limit"":50,""d"":7,""decoder"":""mwpf"",""decoder_type"":""SolverSerialJointSingleHair"",""p"":0.01,""p_erase"":0.01,""r"":7,""run_id"":""85dc4b86326449a5e4d2267937782207589c000366e3fbe70d98bb3f9fb5a333""}",
       104,         0,         0,   0.171,mwpf__738c4c2fe60c79a38f4352423c226453cf78c7d4efc409ac916f3f724e7f428b,f522fd2f03991528ab1e67f7b35462f84ed9738f5f8cde70a41909bee4fd3f87,"{""circuit"":""surface_code:rotated_memory_x"",""cluster_node_limit"":50,""d"":7,""decoder"":""mwpf"",""decoder_type"":""SolverSerialJointSingleHair"",""p"":0.009,""p_erase"":0.009,""r"":7,""run_id"":""4b2052dd33b88244b8dc64e1aa696c4f0cef9c363b27e7d2cd9a4ccb51da3596""}",
         1,         1,         0,   0.026,mwpf__896f3dc2c428c5c3bd808eb3cf2c780aa9e502e977467691de169f32c83a0647,3edb2ec651a68bfdc9765ebf8d3698d92006edac63bb654b4b1296d087be24a3,"{""circuit"":""surface_code:rotated_memory_x"",""cluster_node_limit"":50,""d"":7,""decoder"":""mwpf"",""decoder_type"":""SolverSerialJointSingleHair"",""p"":0.06,""p_erase"":0.06,""r"":7,""run_id"":""41e8a83007d9cf79fae89c7e2eb169407b888404b52611d599cfbd8d3d61e56d""}",
       128,         0,         0,   0.577,mwpf__4be7971ec0aed8b350943219afc2640031998d7bde83aee6a0f21fb9cad0071d,0b500337b6e25e32dcf4bed99809a5d106409a48cf464ef28981fe2fb56292db,"{""circuit"":""surface_code:rotated_memory_x"",""cluster_node_limit"":50,""d"":7,""decoder"":""mwpf"",""decoder_type"":""SolverSerialJointSingleHair"",""p"":0.02,""p_erase"":0.02,""r"":7,""run_id"":""ec632a372450f8a655350bea6e7a952b552cfb386cd39755b54f2b84ee3f6f31""}",
        16,        10,         0,   0.391,mwpf__44785f8372daa341abdebcd828887424427bf9b811680dbe0b80e9dd0478da48,79f30c78ea0219ad2b4e9c1731639789d4a70f0809a5d03a7d41841488de462c,"{""circuit"":""surface_code:rotated_memory_x"",""cluster_node_limit"":50,""d"":7,""decoder"":""mwpf"",""decoder_type"":""SolverSerialJointSingleHair"",""p"":0.05,""p_erase"":0.05,""r"":7,""run_id"":""6f604c679956d1cf0daf6d77107bb840f1154ac07c7e1969bb8402e01858bb91""}",
        17,         0,         0,   0.020,mwpf__3676edfd3705a10bff90f19b109b554244bd8b49a912fddd54112319402e54b2,f5fc0e2830bf34a034cecaa2a86787ee42c5ac7b974e2cca4fce80b4f9d60e16,"{""circuit"":""surface_code:rotated_memory_x"",""cluster_node_limit"":50,""d"":7,""decoder"":""mwpf"",""decoder_type"":""SolverSerialJointSingleHair"",""p"":0.007,""p_erase"":0.007,""r"":7,""run_id"":""cc23d39f806d6b050b42fdf6523d37ff1ded4115cd9804c1b1173f160297dfb9""}",
      1376,       649,         0,    32.3,mwpf__44785f8372daa341abdebcd828887424427bf9b811680dbe0b80e9dd0478da48,79f30c78ea0219ad2b4e9c1731639789d4a70f0809a5d03a7d41841488de462c,"{""circuit"":""surface_code:rotated_memory_x"",""cluster_node_limit"":50,""d"":7,""decoder"":""mwpf"",""decoder_type"":""SolverSerialJointSingleHair"",""p"":0.05,""p_erase"":0.05,""r"":7,""run_id"":""6f604c679956d1cf0daf6d77107bb840f1154ac07c7e1969bb8402e01858bb91""}",
      2496,         0,         0,    4.45,mwpf__27cac5a9d63b5310296ad2f389f4539acd5e7fb7f123dc12456c335e8393c788,ed79fc073e9e8e64e12ca9cee3f1b3b09617b06e5f19d423f3dca5e27321c0ec,"{""circuit"":""surface_code:rotated_memory_x"",""cluster_node_limit"":50,""d"":7,""decoder"":""mwpf"",""decoder_type"":""SolverSerialJointSingleHair"",""p"":0.01,""p_erase"":0.01,""r"":7,""run_id"":""85dc4b86326449a5e4d2267937782207589c000366e3fbe70d98bb3f9fb5a333""}",
        32,        10,         0,   0.537,mwpf__98f1b527ad63d0c96b87fae2ef9b5a001df2d2c4d1bcf7718808c982f8f67de9,228a01b856019daca44f88d1c0dd611b9d09141c474412396bea6d8158eea878,"{""circuit"":""surface_code:rotated_memory_x"",""cluster_node_limit"":50,""d"":7,""decoder"":""mwpf"",""decoder_type"":""SolverSerialJointSingleHair"",""p"":0.04,""p_erase"":0.04,""r"":7,""run_id"":""22cc46a396a276b666b805f90859895cb11c4a18ae76c90aeb44e64208d7955b""}",
        64,         5,         0,   0.673,mwpf__52a073e7515446df52cbda9ca7c289cfd1927a5295e69ea691f5d15087ee0aff,5a668985a08f01552b0c1df7417c34aec474e3171f00de2b4ec4b430761e3525,"{""circuit"":""surface_code:rotated_memory_x"",""cluster_node_limit"":50,""d"":7,""decoder"":""mwpf"",""decoder_type"":""SolverSerialJointSingleHair"",""p"":0.03,""p_erase"":0.03,""r"":7,""run_id"":""813ba4eb16fa666e67959bd8c62870ba1c2c26cd74e0d3cecbae76623e9435dc""}",
       256,         0,         0,   0.451,mwpf__27cac5a9d63b5310296ad2f389f4539acd5e7fb7f123dc12456c335e8393c788,ed79fc073e9e8e64e12ca9cee3f1b3b09617b06e5f19d423f3dca5e27321c0ec,"{""circuit"":""surface_code:rotated_memory_x"",""cluster_node_limit"":50,""d"":7,""decoder"":""mwpf"",""decoder_type"":""SolverSerialJointSingleHair"",""p"":0.01,""p_erase"":0.01,""r"":7,""run_id"":""85dc4b86326449a5e4d2267937782207589c000366e3fbe70d98bb3f9fb5a333""}",
         1,         1,         0,   0.019,mwpf__896f3dc2c428c5c3bd808eb3cf2c780aa9e502e977467691de169f32c83a0647,3edb2ec651a68bfdc9765ebf8d3698d92006edac63bb654b4b1296d087be24a3,"{""circuit"":""surface_code:rotated_memory_x"",""cluster_node_limit"":50,""d"":7,""decoder"":""mwpf"",""decoder_type"":""SolverSerialJointSingleHair"",""p"":0.06,""p_erase"":0.06,""r"":7,""run_id"":""41e8a83007d9cf79fae89c7e2eb169407b888404b52611d599cfbd8d3d61e56d""}",
       256,         0,         0,   0.300,mwpf__3676edfd3705a10bff90f19b109b554244bd8b49a912fddd54112319402e54b2,f5fc0e2830bf34a034cecaa2a86787ee42c5ac7b974e2cca4fce80b4f9d60e16,"{""circuit"":""surface_code:rotated_memory_x"",""cluster_node_limit"":50,""d"":7,""decoder"":""mwpf"",""decoder_type"":""SolverSerialJointSingleHair"",""p"":0.007,""p_erase"":0.007,""r"":7,""run_id"":""cc23d39f806d6b050b42fdf6523d37ff1ded4115cd9804c1b1173f160297dfb9""}",
        16,        12,         0,   0.449,mwpf__896f3dc2c428c5c3bd808eb3cf2c780aa9e502e977467691de169f32c83a0647,3edb2ec651a68bfdc9765ebf8d3698d92006edac63bb654b4b1296d087be24a3,"{""circuit"":""surface_code:rotated_memory_x"",""cluster_node_limit"":50,""d"":7,""decoder"":""mwpf"",""decoder_type"":""SolverSerialJointSingleHair"",""p"":0.06,""p_erase"":0.06,""r"":7,""run_id"":""41e8a83007d9cf79fae89c7e2eb169407b888404b52611d599cfbd8d3d61e56d""}",
        16,         3,         0,   0.401,mwpf__44785f8372daa341abdebcd828887424427bf9b811680dbe0b80e9dd0478da48,79f30c78ea0219ad2b4e9c1731639789d4a70f0809a5d03a7d41841488de462c,"{""circuit"":""surface_code:rotated_memory_x"",""cluster_node_limit"":50,""d"":7,""decoder"":""mwpf"",""decoder_type"":""SolverSerialJointSingleHair"",""p"":0.05,""p_erase"":0.05,""r"":7,""run_id"":""6f604c679956d1cf0daf6d77107bb840f1154ac07c7e1969bb8402e01858bb91""}",
       235,         0,         0,   0.355,mwpf__738c4c2fe60c79a38f4352423c226453cf78c7d4efc409ac916f3f724e7f428b,f522fd2f03991528ab1e67f7b35462f84ed9738f5f8cde70a41909bee4fd3f87,"{""circuit"":""surface_code:rotated_memory_x"",""cluster_node_limit"":50,""d"":7,""decoder"":""mwpf"",""decoder_type"":""SolverSerialJointSingleHair"",""p"":0.009,""p_erase"":0.009,""r"":7,""run_id"":""4b2052dd33b88244b8dc64e1aa696c4f0cef9c363b27e7d2cd9a4ccb51da3596""}",
      2432,         0,         0,    4.34,mwpf__27cac5a9d63b5310296ad2f389f4539acd5e7fb7f123dc12456c335e8393c788,ed79fc073e9e8e64e12ca9cee3f1b3b09617b06e5f19d423f3dca5e27321c0ec,"{""circuit"":""surface_code:rotated_memory_x"",""cluster_node_limit"":50,""d"":7,""decoder"":""mwpf"",""decoder_type"":""SolverSerialJointSingleHair"",""p"":0.01,""p_erase"":0.01,""r"":7,""run_id"":""85dc4b86326449a5e4d2267937782207589c000366e3fbe70d98bb3f9fb5a333""}",
       512,         0,         0,   0.837,mwpf__738c4c2fe60c79a38f4352423c226453cf78c7d4efc409ac916f3f724e7f428b,f522fd2f03991528ab1e67f7b35462f84ed9738f5f8cde70a41909bee4fd3f87,"{""circuit"":""surface_code:rotated_memory_x"",""cluster_node_limit"":50,""d"":7,""decoder"":""mwpf"",""decoder_type"":""SolverSerialJointSingleHair"",""p"":0.009,""p_erase"":0.009,""r"":7,""run_id"":""4b2052dd33b88244b8dc64e1aa696c4f0cef9c363b27e7d2cd9a4ccb51da3596""}",
        26,         0,         0,   0.042,mwpf__738c4c2fe60c79a38f4352423c226453cf78c7d4efc409ac916f3f724e7f428b,f522fd2f03991528ab1e67f7b35462f84ed9738f5f8cde70a41909bee4fd3f87,"{""circuit"":""surface_code:rotated_memory_x"",""cluster_node_limit"":50,""d"":7,""decoder"":""mwpf"",""decoder_type"":""SolverSerialJointSingleHair"",""p"":0.009,""p_erase"":0.009,""r"":7,""run_id"":""4b2052dd33b88244b8dc64e1aa696c4f0cef9c363b27e7d2cd9a4ccb51da3596""}",
       128,         0,         0,   0.585,mwpf__4be7971ec0aed8b350943219afc2640031998d7bde83aee6a0f21fb9cad0071d,0b500337b6e25e32dcf4bed99809a5d106409a48cf464ef28981fe2fb56292db,"{""circuit"":""surface_code:rotated_memory_x"",""cluster_node_limit"":50,""d"":7,""decoder"":""mwpf"",""decoder_type"":""SolverSerialJointSingleHair"",""p"":0.02,""p_erase"":0.02,""r"":7,""run_id"":""ec632a372450f8a655350bea6e7a952b552cfb386cd39755b54f2b84ee3f6f31""}",
       169,         0,         0,   0.198,mwpf__3676edfd3705a10bff90f19b109b554244bd8b49a912fddd54112319402e54b2,f5fc0e2830bf34a034cecaa2a86787ee42c5ac7b974e2cca4fce80b4f9d60e16,"{""circuit"":""surface_code:rotated_memory_x"",""cluster_node_limit"":50,""d"":7,""decoder"":""mwpf"",""decoder_type"":""SolverSerialJointSingleHair"",""p"":0.007,""p_erase"":0.007,""r"":7,""run_id"":""cc23d39f806d6b050b42fdf6523d37ff1ded4115cd9804c1b1173f160297dfb9""}",
       439,         0,         0,   0.524,mwpf__3676edfd3705a10bff90f19b109b554244bd8b49a912fddd54112319402e54b2,f5fc0e2830bf34a034cecaa2a86787ee42c5ac7b974e2cca4fce80b4f9d60e16,"{""circuit"":""surface_code:rotated_memory_x"",""cluster_node_limit"":50,""d"":7,""decoder"":""mwpf"",""decoder_type"":""SolverSerialJointSingleHair"",""p"":0.007,""p_erase"":0.007,""r"":7,""run_id"":""cc23d39f806d6b050b42fdf6523d37ff1ded4115cd9804c1b1173f160297dfb9""}",
       442,         0,         0,   0.542,mwpf__3676edfd3705a10bff90f19b109b554244bd8b49a912fddd54112319402e54b2,f5fc0e2830bf34a034cecaa2a86787ee42c5ac7b974e2cca4fce80b4f9d60e16,"{""circuit"":""surface_code:rotated_memory_x"",""cluster_node_limit"":50,""d"":7,""decoder"":""mwpf"",""decoder_type"":""SolverSerialJointSingleHair"",""p"":0.007,""p_erase"":0.007,""r"":7,""run_id"":""cc23d39f806d6b050b42fdf6523d37ff1ded4115cd9804c1b1173f160297dfb9""}",
       442,         0,         0,   0.563,mwpf__3676edfd3705a10bff90f19b109b554244bd8b49a912fddd54112319402e54b2,f5fc0e2830bf34a034cecaa2a86787ee42c5ac7b974e2cca4fce80b4f9d60e16,"{""circuit"":""surface_code:rotated_memory_x"",""cluster_node_limit"":50,""d"":7,""decoder"":""mwpf"",""decoder_type"":""SolverSerialJointSingleHair"",""p"":0.007,""p_erase"":0.007,""r"":7,""run_id"":""cc23d39f806d6b050b42fdf6523d37ff1ded4115cd9804c1b1173f160297dfb9""}",
      1184,       595,         0,    32.2,mwpf__896f3dc2c428c5c3bd808eb3cf2c780aa9e502e977467691de169f32c83a0647,3edb2ec651a68bfdc9765ebf8d3698d92006edac63bb654b4b1296d087be24a3,"{""circuit"":""surface_code:rotated_memory_x"",""cluster_node_limit"":50,""d"":7,""decoder"":""mwpf"",""decoder_type"":""SolverSerialJointSingleHair"",""p"":0.06,""p_erase"":0.06,""r"":7,""run_id"":""41e8a83007d9cf79fae89c7e2eb169407b888404b52611d599cfbd8d3d61e56d""}",
        16,        10,         0,   0.423,mwpf__896f3dc2c428c5c3bd808eb3cf2c780aa9e502e977467691de169f32c83a0647,3edb2ec651a68bfdc9765ebf8d3698d92006edac63bb654b4b1296d087be24a3,"{""circuit"":""surface_code:rotated_memory_x"",""cluster_node_limit"":50,""d"":7,""decoder"":""mwpf"",""decoder_type"":""SolverSerialJointSingleHair"",""p"":0.06,""p_erase"":0.06,""r"":7,""run_id"":""41e8a83007d9cf79fae89c7e2eb169407b888404b52611d599cfbd8d3d61e56d""}",
        32,         9,         0,   0.586,mwpf__98f1b527ad63d0c96b87fae2ef9b5a001df2d2c4d1bcf7718808c982f8f67de9,228a01b856019daca44f88d1c0dd611b9d09141c474412396bea6d8158eea878,"{""circuit"":""surface_code:rotated_memory_x"",""cluster_node_limit"":50,""d"":7,""decoder"":""mwpf"",""decoder_type"":""SolverSerialJointSingleHair"",""p"":0.04,""p_erase"":0.04,""r"":7,""run_id"":""22cc46a396a276b666b805f90859895cb11c4a18ae76c90aeb44e64208d7955b""}",
        16,         6,         0,   0.353,mwpf__44785f8372daa341abdebcd828887424427bf9b811680dbe0b80e9dd0478da48,79f30c78ea0219ad2b4e9c1731639789d4a70f0809a5d03a7d41841488de462c,"{""circuit"":""surface_code:rotated_memory_x"",""cluster_node_limit"":50,""d"":7,""decoder"":""mwpf"",""decoder_type"":""SolverSerialJointSingleHair"",""p"":0.05,""p_erase"":0.05,""r"":7,""run_id"":""6f604c679956d1cf0daf6d77107bb840f1154ac07c7e1969bb8402e01858bb91""}",
      1184,       605,         0,    32.1,mwpf__896f3dc2c428c5c3bd808eb3cf2c780aa9e502e977467691de169f32c83a0647,3edb2ec651a68bfdc9765ebf8d3698d92006edac63bb654b4b1296d087be24a3,"{""circuit"":""surface_code:rotated_memory_x"",""cluster_node_limit"":50,""d"":7,""decoder"":""mwpf"",""decoder_type"":""SolverSerialJointSingleHair"",""p"":0.06,""p_erase"":0.06,""r"":7,""run_id"":""41e8a83007d9cf79fae89c7e2eb169407b888404b52611d599cfbd8d3d61e56d""}",
        64,         7,         0,   0.658,mwpf__52a073e7515446df52cbda9ca7c289cfd1927a5295e69ea691f5d15087ee0aff,5a668985a08f01552b0c1df7417c34aec474e3171f00de2b4ec4b430761e3525,"{""circuit"":""surface_code:rotated_memory_x"",""cluster_node_limit"":50,""d"":7,""decoder"":""mwpf"",""decoder_type"":""SolverSerialJointSingleHair"",""p"":0.03,""p_erase"":0.03,""r"":7,""run_id"":""813ba4eb16fa666e67959bd8c62870ba1c2c26cd74e0d3cecbae76623e9435dc""}",
        16,         8,         0,   0.457,mwpf__896f3dc2c428c5c3bd808eb3cf2c780aa9e502e977467691de169f32c83a0647,3edb2ec651a68bfdc9765ebf8d3698d92006edac63bb654b4b1296d087be24a3,"{""circuit"":""surface_code:rotated_memory_x"",""cluster_node_limit"":50,""d"":7,""decoder"":""mwpf"",""decoder_type"":""SolverSerialJointSingleHair"",""p"":0.06,""p_erase"":0.06,""r"":7,""run_id"":""41e8a83007d9cf79fae89c7e2eb169407b888404b52611d599cfbd8d3d61e56d""}",
       207,         0,         0,   0.399,mwpf__27cac5a9d63b5310296ad2f389f4539acd5e7fb7f123dc12456c335e8393c788,ed79fc073e9e8e64e12ca9cee3f1b3b09617b06e5f19d423f3dca5e27321c0ec,"{""circuit"":""surface_code:rotated_memory_x"",""cluster_node_limit"":50,""d"":7,""decoder"":""mwpf"",""decoder_type"":""SolverSerialJointSingleHair"",""p"":0.01,""p_erase"":0.01,""r"":7,""run_id"":""85dc4b86326449a5e4d2267937782207589c000366e3fbe70d98bb3f9fb5a333""}",
       379,         0,         0,   0.612,mwpf__738c4c2fe60c79a38f4352423c226453cf78c7d4efc409ac916f3f724e7f428b,f522fd2f03991528ab1e67f7b35462f84ed9738f5f8cde70a41909bee4fd3f87,"{""circuit"":""surface_code:rotated_memory_x"",""cluster_node_limit"":50,""d"":7,""decoder"":""mwpf"",""decoder_type"":""SolverSerialJointSingleHair"",""p"":0.009,""p_erase"":0.009,""r"":7,""run_id"":""4b2052dd33b88244b8dc64e1aa696c4f0cef9c363b27e7d2cd9a4ccb51da3596""}",
       512,         0,         0,   0.897,mwpf__27cac5a9d63b5310296ad2f389f4539acd5e7fb7f123dc12456c335e8393c788,ed79fc073e9e8e64e12ca9cee3f1b3b09617b06e5f19d423f3dca5e27321c0ec,"{""circuit"":""surface_code:rotated_memory_x"",""cluster_node_limit"":50,""d"":7,""decoder"":""mwpf"",""decoder_type"":""SolverSerialJointSingleHair"",""p"":0.01,""p_erase"":0.01,""r"":7,""run_id"":""85dc4b86326449a5e4d2267937782207589c000366e3fbe70d98bb3f9fb5a333""}",
       128,         0,         0,   0.577,mwpf__4be7971ec0aed8b350943219afc2640031998d7bde83aee6a0f21fb9cad0071d,0b500337b6e25e32dcf4bed99809a5d106409a48cf464ef28981fe2fb56292db,"{""circuit"":""surface_code:rotated_memory_x"",""cluster_node_limit"":50,""d"":7,""decoder"":""mwpf"",""decoder_type"":""SolverSerialJointSingleHair"",""p"":0.02,""p_erase"":0.02,""r"":7,""run_id"":""ec632a372450f8a655350bea6e7a952b552cfb386cd39755b54f2b84ee3f6f31""}",
        16,         8,         0,   0.355,mwpf__44785f8372daa341abdebcd828887424427bf9b811680dbe0b80e9dd0478da48,79f30c78ea0219ad2b4e9c1731639789d4a70f0809a5d03a7d41841488de462c,"{""circuit"":""surface_code:rotated_memory_x"",""cluster_node_limit"":50,""d"":7,""decoder"":""mwpf"",""decoder_type"":""SolverSerialJointSingleHair"",""p"":0.05,""p_erase"":0.05,""r"":7,""run_id"":""6f604c679956d1cf0daf6d77107bb840f1154ac07c7e1969bb8402e01858bb91""}",
        16,         5,         0,   0.416,mwpf__896f3dc2c428c5c3bd808eb3cf2c780aa9e502e977467691de169f32c83a0647,3edb2ec651a68bfdc9765ebf8d3698d92006edac63bb654b4b1296d087be24a3,"{""circuit"":""surface_code:rotated_memory_x"",""cluster_node_limit"":50,""d"":7,""decoder"":""mwpf"",""decoder_type"":""SolverSerialJointSingleHair"",""p"":0.06,""p_erase"":0.06,""r"":7,""run_id"":""41e8a83007d9cf79fae89c7e2eb169407b888404b52611d599cfbd8d3d61e56d""}",
        52,         0,         0,   0.090,mwpf__27cac5a9d63b5310296ad2f389f4539acd5e7fb7f123dc12456c335e8393c788,ed79fc073e9e8e64e12ca9cee3f1b3b09617b06e5f19d423f3dca5e27321c0ec,"{""circuit"":""surface_code:rotated_memory_x"",""cluster_node_limit"":50,""d"":7,""decoder"":""mwpf"",""decoder_type"":""SolverSerialJointSingleHair"",""p"":0.01,""p_erase"":0.01,""r"":7,""run_id"":""85dc4b86326449a5e4d2267937782207589c000366e3fbe70d98bb3f9fb5a333""}",
        16,         9,         0,   0.438,mwpf__896f3dc2c428c5c3bd808eb3cf2c780aa9e502e977467691de169f32c83a0647,3edb2ec651a68bfdc9765ebf8d3698d92006edac63bb654b4b1296d087be24a3,"{""circuit"":""surface_code:rotated_memory_x"",""cluster_node_limit"":50,""d"":7,""decoder"":""mwpf"",""decoder_type"":""SolverSerialJointSingleHair"",""p"":0.06,""p_erase"":0.06,""r"":7,""run_id"":""41e8a83007d9cf79fae89c7e2eb169407b888404b52611d599cfbd8d3d61e56d""}",
        32,         9,         0,   0.551,mwpf__98f1b527ad63d0c96b87fae2ef9b5a001df2d2c4d1bcf7718808c982f8f67de9,228a01b856019daca44f88d1c0dd611b9d09141c474412396bea6d8158eea878,"{""circuit"":""surface_code:rotated_memory_x"",""cluster_node_limit"":50,""d"":7,""decoder"":""mwpf"",""decoder_type"":""SolverSerialJointSingleHair"",""p"":0.04,""p_erase"":0.04,""r"":7,""run_id"":""22cc46a396a276b666b805f90859895cb11c4a18ae76c90aeb44e64208d7955b""}",
        64,         8,         0,   0.623,mwpf__52a073e7515446df52cbda9ca7c289cfd1927a5295e69ea691f5d15087ee0aff,5a668985a08f01552b0c1df7417c34aec474e3171f00de2b4ec4b430761e3525,"{""circuit"":""surface_code:rotated_memory_x"",""cluster_node_limit"":50,""d"":7,""decoder"":""mwpf"",""decoder_type"":""SolverSerialJointSingleHair"",""p"":0.03,""p_erase"":0.03,""r"":7,""run_id"":""813ba4eb16fa666e67959bd8c62870ba1c2c26cd74e0d3cecbae76623e9435dc""}",
      1392,       676,         0,    32.4,mwpf__44785f8372daa341abdebcd828887424427bf9b811680dbe0b80e9dd0478da48,79f30c78ea0219ad2b4e9c1731639789d4a70f0809a5d03a7d41841488de462c,"{""circuit"":""surface_code:rotated_memory_x"",""cluster_node_limit"":50,""d"":7,""decoder"":""mwpf"",""decoder_type"":""SolverSerialJointSingleHair"",""p"":0.05,""p_erase"":0.05,""r"":7,""run_id"":""6f604c679956d1cf0daf6d77107bb840f1154ac07c7e1969bb8402e01858bb91""}",
        16,         7,         0,   0.464,mwpf__896f3dc2c428c5c3bd808eb3cf2c780aa9e502e977467691de169f32c83a0647,3edb2ec651a68bfdc9765ebf8d3698d92006edac63bb654b4b1296d087be24a3,"{""circuit"":""surface_code:rotated_memory_x"",""cluster_node_limit"":50,""d"":7,""decoder"":""mwpf"",""decoder_type"":""SolverSerialJointSingleHair"",""p"":0.06,""p_erase"":0.06,""r"":7,""run_id"":""41e8a83007d9cf79fae89c7e2eb169407b888404b52611d599cfbd8d3d61e56d""}",
       316,         0,         0,   0.578,mwpf__27cac5a9d63b5310296ad2f389f4539acd5e7fb7f123dc12456c335e8393c788,ed79fc073e9e8e64e12ca9cee3f1b3b09617b06e5f19d423f3dca5e27321c0ec,"{""circuit"":""surface_code:rotated_memory_x"",""cluster_node_limit"":50,""d"":7,""decoder"":""mwpf"",""decoder_type"":""SolverSerialJointSingleHair"",""p"":0.01,""p_erase"":0.01,""r"":7,""run_id"":""85dc4b86326449a5e4d2267937782207589c000366e3fbe70d98bb3f9fb5a333""}",
        16,         8,         0,   0.459,mwpf__896f3dc2c428c5c3bd808eb3cf2c780aa9e502e977467691de169f32c83a0647,3edb2ec651a68bfdc9765ebf8d3698d92006edac63bb654b4b1296d087be24a3,"{""circuit"":""surface_code:rotated_memory_x"",""cluster_node_limit"":50,""d"":7,""decoder"":""mwpf"",""decoder_type"":""SolverSerialJointSingleHair"",""p"":0.06,""p_erase"":0.06,""r"":7,""run_id"":""41e8a83007d9cf79fae89c7e2eb169407b888404b52611d599cfbd8d3d61e56d""}",
        32,         6,         0,   0.518,mwpf__98f1b527ad63d0c96b87fae2ef9b5a001df2d2c4d1bcf7718808c982f8f67de9,228a01b856019daca44f88d1c0dd611b9d09141c474412396bea6d8158eea878,"{""circuit"":""surface_code:rotated_memory_x"",""cluster_node_limit"":50,""d"":7,""decoder"":""mwpf"",""decoder_type"":""SolverSerialJointSingleHair"",""p"":0.04,""p_erase"":0.04,""r"":7,""run_id"":""22cc46a396a276b666b805f90859895cb11c4a18ae76c90aeb44e64208d7955b""}",
        32,        16,         0,   0.763,mwpf__44785f8372daa341abdebcd828887424427bf9b811680dbe0b80e9dd0478da48,79f30c78ea0219ad2b4e9c1731639789d4a70f0809a5d03a7d41841488de462c,"{""circuit"":""surface_code:rotated_memory_x"",""cluster_node_limit"":50,""d"":7,""decoder"":""mwpf"",""decoder_type"":""SolverSerialJointSingleHair"",""p"":0.05,""p_erase"":0.05,""r"":7,""run_id"":""6f604c679956d1cf0daf6d77107bb840f1154ac07c7e1969bb8402e01858bb91""}",
        16,         7,         0,   0.412,mwpf__896f3dc2c428c5c3bd808eb3cf2c780aa9e502e977467691de169f32c83a0647,3edb2ec651a68bfdc9765ebf8d3698d92006edac63bb654b4b1296d087be24a3,"{""circuit"":""surface_code:rotated_memory_x"",""cluster_node_limit"":50,""d"":7,""decoder"":""mwpf"",""decoder_type"":""SolverSerialJointSingleHair"",""p"":0.06,""p_erase"":0.06,""r"":7,""run_id"":""41e8a83007d9cf79fae89c7e2eb169407b888404b52611d599cfbd8d3d61e56d""}",
      1984,       578,         0,    32.2,mwpf__98f1b527ad63d0c96b87fae2ef9b5a001df2d2c4d1bcf7718808c982f8f67de9,228a01b856019daca44f88d1c0dd611b9d09141c474412396bea6d8158eea878,"{""circuit"":""surface_code:rotated_memory_x"",""cluster_node_limit"":50,""d"":7,""decoder"":""mwpf"",""decoder_type"":""SolverSerialJointSingleHair"",""p"":0.04,""p_erase"":0.04,""r"":7,""run_id"":""22cc46a396a276b666b805f90859895cb11c4a18ae76c90aeb44e64208d7955b""}",
        64,         4,         0,   0.604,mwpf__52a073e7515446df52cbda9ca7c289cfd1927a5295e69ea691f5d15087ee0aff,5a668985a08f01552b0c1df7417c34aec474e3171f00de2b4ec4b430761e3525,"{""circuit"":""surface_code:rotated_memory_x"",""cluster_node_limit"":50,""d"":7,""decoder"":""mwpf"",""decoder_type"":""SolverSerialJointSingleHair"",""p"":0.03,""p_erase"":0.03,""r"":7,""run_id"":""813ba4eb16fa666e67959bd8c62870ba1c2c26cd74e0d3cecbae76623e9435dc""}",
        16,         7,         0,   0.431,mwpf__896f3dc2c428c5c3bd808eb3cf2c780aa9e502e977467691de169f32c83a0647,3edb2ec651a68bfdc9765ebf8d3698d92006edac63bb654b4b1296d087be24a3,"{""circuit"":""surface_code:rotated_memory_x"",""cluster_node_limit"":50,""d"":7,""decoder"":""mwpf"",""decoder_type"":""SolverSerialJointSingleHair"",""p"":0.06,""p_erase"":0.06,""r"":7,""run_id"":""41e8a83007d9cf79fae89c7e2eb169407b888404b52611d599cfbd8d3d61e56d""}",
       256,         1,         0,    1.13,mwpf__4be7971ec0aed8b350943219afc2640031998d7bde83aee6a0f21fb9cad0071d,0b500337b6e25e32dcf4bed99809a5d106409a48cf464ef28981fe2fb56292db,"{""circuit"":""surface_code:rotated_memory_x"",""cluster_node_limit"":50,""d"":7,""decoder"":""mwpf"",""decoder_type"":""SolverSerialJointSingleHair"",""p"":0.02,""p_erase"":0.02,""r"":7,""run_id"":""ec632a372450f8a655350bea6e7a952b552cfb386cd39755b54f2b84ee3f6f31""}",
      2048,       584,         0,    32.6,mwpf__98f1b527ad63d0c96b87fae2ef9b5a001df2d2c4d1bcf7718808c982f8f67de9,228a01b856019daca44f88d1c0dd611b9d09141c474412396bea6d8158eea878,"{""circuit"":""surface_code:rotated_memory_x"",""cluster_node_limit"":50,""d"":7,""decoder"":""mwpf"",""decoder_type"":""SolverSerialJointSingleHair"",""p"":0.04,""p_erase"":0.04,""r"":7,""run_id"":""22cc46a396a276b666b805f90859895cb11c4a18ae76c90aeb44e64208d7955b""}",
        32,        11,         0,   0.517,mwpf__98f1b527ad63d0c96b87fae2ef9b5a001df2d2c4d1bcf7718808c982f8f67de9,228a01b856019daca44f88d1c0dd611b9d09141c474412396bea6d8158eea878,"{""circuit"":""surface_code:rotated_memory_x"",""cluster_node_limit"":50,""d"":7,""decoder"":""mwpf"",""decoder_type"":""SolverSerialJointSingleHair"",""p"":0.04,""p_erase"":0.04,""r"":7,""run_id"":""22cc46a396a276b666b805f90859895cb11c4a18ae76c90aeb44e64208d7955b""}",
        16,         8,         0,   0.406,mwpf__896f3dc2c428c5c3bd808eb3cf2c780aa9e502e977467691de169f32c83a0647,3edb2ec651a68bfdc9765ebf8d3698d92006edac63bb654b4b1296d087be24a3,"{""circuit"":""surface_code:rotated_memory_x"",""cluster_node_limit"":50,""d"":7,""decoder"":""mwpf"",""decoder_type"":""SolverSerialJointSingleHair"",""p"":0.06,""p_erase"":0.06,""r"":7,""run_id"":""41e8a83007d9cf79fae89c7e2eb169407b888404b52611d599cfbd8d3d61e56d""}",
        16,         8,         0,   0.398,mwpf__896f3dc2c428c5c3bd808eb3cf2c780aa9e502e977467691de169f32c83a0647,3edb2ec651a68bfdc9765ebf8d3698d92006edac63bb654b4b1296d087be24a3,"{""circuit"":""surface_code:rotated_memory_x"",""cluster_node_limit"":50,""d"":7,""decoder"":""mwpf"",""decoder_type"":""SolverSerialJointSingleHair"",""p"":0.06,""p_erase"":0.06,""r"":7,""run_id"":""41e8a83007d9cf79fae89c7e2eb169407b888404b52611d599cfbd8d3d61e56d""}",
        32,        18,         0,   0.765,mwpf__44785f8372daa341abdebcd828887424427bf9b811680dbe0b80e9dd0478da48,79f30c78ea0219ad2b4e9c1731639789d4a70f0809a5d03a7d41841488de462c,"{""circuit"":""surface_code:rotated_memory_x"",""cluster_node_limit"":50,""d"":7,""decoder"":""mwpf"",""decoder_type"":""SolverSerialJointSingleHair"",""p"":0.05,""p_erase"":0.05,""r"":7,""run_id"":""6f604c679956d1cf0daf6d77107bb840f1154ac07c7e1969bb8402e01858bb91""}",
        64,         5,         0,   0.591,mwpf__52a073e7515446df52cbda9ca7c289cfd1927a5295e69ea691f5d15087ee0aff,5a668985a08f01552b0c1df7417c34aec474e3171f00de2b4ec4b430761e3525,"{""circuit"":""surface_code:rotated_memory_x"",""cluster_node_limit"":50,""d"":7,""decoder"":""mwpf"",""decoder_type"":""SolverSerialJointSingleHair"",""p"":0.03,""p_erase"":0.03,""r"":7,""run_id"":""813ba4eb16fa666e67959bd8c62870ba1c2c26cd74e0d3cecbae76623e9435dc""}",
        32,         8,         0,   0.561,mwpf__98f1b527ad63d0c96b87fae2ef9b5a001df2d2c4d1bcf7718808c982f8f67de9,228a01b856019daca44f88d1c0dd611b9d09141c474412396bea6d8158eea878,"{""circuit"":""surface_code:rotated_memory_x"",""cluster_node_limit"":50,""d"":7,""decoder"":""mwpf"",""decoder_type"":""SolverSerialJointSingleHair"",""p"":0.04,""p_erase"":0.04,""r"":7,""run_id"":""22cc46a396a276b666b805f90859895cb11c4a18ae76c90aeb44e64208d7955b""}",
        16,         5,         0,   0.480,mwpf__896f3dc2c428c5c3bd808eb3cf2c780aa9e502e977467691de169f32c83a0647,3edb2ec651a68bfdc9765ebf8d3698d92006edac63bb654b4b1296d087be24a3,"{""circuit"":""surface_code:rotated_memory_x"",""cluster_node_limit"":50,""d"":7,""decoder"":""mwpf"",""decoder_type"":""SolverSerialJointSingleHair"",""p"":0.06,""p_erase"":0.06,""r"":7,""run_id"":""41e8a83007d9cf79fae89c7e2eb169407b888404b52611d599cfbd8d3d61e56d""}",
        16,         6,         0,   0.408,mwpf__896f3dc2c428c5c3bd808eb3cf2c780aa9e502e977467691de169f32c83a0647,3edb2ec651a68bfdc9765ebf8d3698d92006edac63bb654b4b1296d087be24a3,"{""circuit"":""surface_code:rotated_memory_x"",""cluster_node_limit"":50,""d"":7,""decoder"":""mwpf"",""decoder_type"":""SolverSerialJointSingleHair"",""p"":0.06,""p_erase"":0.06,""r"":7,""run_id"":""41e8a83007d9cf79fae89c7e2eb169407b888404b52611d599cfbd8d3d61e56d""}",
        16,        11,         0,   0.401,mwpf__896f3dc2c428c5c3bd808eb3cf2c780aa9e502e977467691de169f32c83a0647,3edb2ec651a68bfdc9765ebf8d3698d92006edac63bb654b4b1296d087be24a3,"{""circuit"":""surface_code:rotated_memory_x"",""cluster_node_limit"":50,""d"":7,""decoder"":""mwpf"",""decoder_type"":""SolverSerialJointSingleHair"",""p"":0.06,""p_erase"":0.06,""r"":7,""run_id"":""41e8a83007d9cf79fae89c7e2eb169407b888404b52611d599cfbd8d3d61e56d""}",
        16,        10,         0,   0.428,mwpf__896f3dc2c428c5c3bd808eb3cf2c780aa9e502e977467691de169f32c83a0647,3edb2ec651a68bfdc9765ebf8d3698d92006edac63bb654b4b1296d087be24a3,"{""circuit"":""surface_code:rotated_memory_x"",""cluster_node_limit"":50,""d"":7,""decoder"":""mwpf"",""decoder_type"":""SolverSerialJointSingleHair"",""p"":0.06,""p_erase"":0.06,""r"":7,""run_id"":""41e8a83007d9cf79fae89c7e2eb169407b888404b52611d599cfbd8d3d61e56d""}",
       256,         1,         0,    1.17,mwpf__4be7971ec0aed8b350943219afc2640031998d7bde83aee6a0f21fb9cad0071d,0b500337b6e25e32dcf4bed99809a5d106409a48cf464ef28981fe2fb56292db,"{""circuit"":""surface_code:rotated_memory_x"",""cluster_node_limit"":50,""d"":7,""decoder"":""mwpf"",""decoder_type"":""SolverSerialJointSingleHair"",""p"":0.02,""p_erase"":0.02,""r"":7,""run_id"":""ec632a372450f8a655350bea6e7a952b552cfb386cd39755b54f2b84ee3f6f31""}",
      3456,       245,         0,    32.4,mwpf__52a073e7515446df52cbda9ca7c289cfd1927a5295e69ea691f5d15087ee0aff,5a668985a08f01552b0c1df7417c34aec474e3171f00de2b4ec4b430761e3525,"{""circuit"":""surface_code:rotated_memory_x"",""cluster_node_limit"":50,""d"":7,""decoder"":""mwpf"",""decoder_type"":""SolverSerialJointSingleHair"",""p"":0.03,""p_erase"":0.03,""r"":7,""run_id"":""813ba4eb16fa666e67959bd8c62870ba1c2c26cd74e0d3cecbae76623e9435dc""}",
        16,        10,         0,   0.404,mwpf__896f3dc2c428c5c3bd808eb3cf2c780aa9e502e977467691de169f32c83a0647,3edb2ec651a68bfdc9765ebf8d3698d92006edac63bb654b4b1296d087be24a3,"{""circuit"":""surface_code:rotated_memory_x"",""cluster_node_limit"":50,""d"":7,""decoder"":""mwpf"",""decoder_type"":""SolverSerialJointSingleHair"",""p"":0.06,""p_erase"":0.06,""r"":7,""run_id"":""41e8a83007d9cf79fae89c7e2eb169407b888404b52611d599cfbd8d3d61e56d""}",
        48,        24,         0,    1.10,mwpf__44785f8372daa341abdebcd828887424427bf9b811680dbe0b80e9dd0478da48,79f30c78ea0219ad2b4e9c1731639789d4a70f0809a5d03a7d41841488de462c,"{""circuit"":""surface_code:rotated_memory_x"",""cluster_node_limit"":50,""d"":7,""decoder"":""mwpf"",""decoder_type"":""SolverSerialJointSingleHair"",""p"":0.05,""p_erase"":0.05,""r"":7,""run_id"":""6f604c679956d1cf0daf6d77107bb840f1154ac07c7e1969bb8402e01858bb91""}",
        16,         6,         0,   0.439,mwpf__896f3dc2c428c5c3bd808eb3cf2c780aa9e502e977467691de169f32c83a0647,3edb2ec651a68bfdc9765ebf8d3698d92006edac63bb654b4b1296d087be24a3,"{""circuit"":""surface_code:rotated_memory_x"",""cluster_node_limit"":50,""d"":7,""decoder"":""mwpf"",""decoder_type"":""SolverSerialJointSingleHair"",""p"":0.06,""p_erase"":0.06,""r"":7,""run_id"":""41e8a83007d9cf79fae89c7e2eb169407b888404b52611d599cfbd8d3d61e56d""}",
       128,         8,         0,    1.26,mwpf__52a073e7515446df52cbda9ca7c289cfd1927a5295e69ea691f5d15087ee0aff,5a668985a08f01552b0c1df7417c34aec474e3171f00de2b4ec4b430761e3525,"{""circuit"":""surface_code:rotated_memory_x"",""cluster_node_limit"":50,""d"":7,""decoder"":""mwpf"",""decoder_type"":""SolverSerialJointSingleHair"",""p"":0.03,""p_erase"":0.03,""r"":7,""run_id"":""813ba4eb16fa666e67959bd8c62870ba1c2c26cd74e0d3cecbae76623e9435dc""}",
        64,        22,         0,    1.06,mwpf__98f1b527ad63d0c96b87fae2ef9b5a001df2d2c4d1bcf7718808c982f8f67de9,228a01b856019daca44f88d1c0dd611b9d09141c474412396bea6d8158eea878,"{""circuit"":""surface_code:rotated_memory_x"",""cluster_node_limit"":50,""d"":7,""decoder"":""mwpf"",""decoder_type"":""SolverSerialJointSingleHair"",""p"":0.04,""p_erase"":0.04,""r"":7,""run_id"":""22cc46a396a276b666b805f90859895cb11c4a18ae76c90aeb44e64208d7955b""}",
        16,        10,         0,   0.435,mwpf__896f3dc2c428c5c3bd808eb3cf2c780aa9e502e977467691de169f32c83a0647,3edb2ec651a68bfdc9765ebf8d3698d92006edac63bb654b4b1296d087be24a3,"{""circuit"":""surface_code:rotated_memory_x"",""cluster_node_limit"":50,""d"":7,""decoder"":""mwpf"",""decoder_type"":""SolverSerialJointSingleHair"",""p"":0.06,""p_erase"":0.06,""r"":7,""run_id"":""41e8a83007d9cf79fae89c7e2eb169407b888404b52611d599cfbd8d3d61e56d""}",
        16,         7,         0,   0.431,mwpf__896f3dc2c428c5c3bd808eb3cf2c780aa9e502e977467691de169f32c83a0647,3edb2ec651a68bfdc9765ebf8d3698d92006edac63bb654b4b1296d087be24a3,"{""circuit"":""surface_code:rotated_memory_x"",""cluster_node_limit"":50,""d"":7,""decoder"":""mwpf"",""decoder_type"":""SolverSerialJointSingleHair"",""p"":0.06,""p_erase"":0.06,""r"":7,""run_id"":""41e8a83007d9cf79fae89c7e2eb169407b888404b52611d599cfbd8d3d61e56d""}",
      3520,       244,         0,    32.4,mwpf__52a073e7515446df52cbda9ca7c289cfd1927a5295e69ea691f5d15087ee0aff,5a668985a08f01552b0c1df7417c34aec474e3171f00de2b4ec4b430761e3525,"{""circuit"":""surface_code:rotated_memory_x"",""cluster_node_limit"":50,""d"":7,""decoder"":""mwpf"",""decoder_type"":""SolverSerialJointSingleHair"",""p"":0.03,""p_erase"":0.03,""r"":7,""run_id"":""813ba4eb16fa666e67959bd8c62870ba1c2c26cd74e0d3cecbae76623e9435dc""}",
       256,         0,         0,    1.12,mwpf__4be7971ec0aed8b350943219afc2640031998d7bde83aee6a0f21fb9cad0071d,0b500337b6e25e32dcf4bed99809a5d106409a48cf464ef28981fe2fb56292db,"{""circuit"":""surface_code:rotated_memory_x"",""cluster_node_limit"":50,""d"":7,""decoder"":""mwpf"",""decoder_type"":""SolverSerialJointSingleHair"",""p"":0.02,""p_erase"":0.02,""r"":7,""run_id"":""ec632a372450f8a655350bea6e7a952b552cfb386cd39755b54f2b84ee3f6f31""}",
        16,        10,         0,   0.408,mwpf__896f3dc2c428c5c3bd808eb3cf2c780aa9e502e977467691de169f32c83a0647,3edb2ec651a68bfdc9765ebf8d3698d92006edac63bb654b4b1296d087be24a3,"{""circuit"":""surface_code:rotated_memory_x"",""cluster_node_limit"":50,""d"":7,""decoder"":""mwpf"",""decoder_type"":""SolverSerialJointSingleHair"",""p"":0.06,""p_erase"":0.06,""r"":7,""run_id"":""41e8a83007d9cf79fae89c7e2eb169407b888404b52611d599cfbd8d3d61e56d""}",
        16,         6,         0,   0.434,mwpf__896f3dc2c428c5c3bd808eb3cf2c780aa9e502e977467691de169f32c83a0647,3edb2ec651a68bfdc9765ebf8d3698d92006edac63bb654b4b1296d087be24a3,"{""circuit"":""surface_code:rotated_memory_x"",""cluster_node_limit"":50,""d"":7,""decoder"":""mwpf"",""decoder_type"":""SolverSerialJointSingleHair"",""p"":0.06,""p_erase"":0.06,""r"":7,""run_id"":""41e8a83007d9cf79fae89c7e2eb169407b888404b52611d599cfbd8d3d61e56d""}",
        48,        32,         0,    1.12,mwpf__44785f8372daa341abdebcd828887424427bf9b811680dbe0b80e9dd0478da48,79f30c78ea0219ad2b4e9c1731639789d4a70f0809a5d03a7d41841488de462c,"{""circuit"":""surface_code:rotated_memory_x"",""cluster_node_limit"":50,""d"":7,""decoder"":""mwpf"",""decoder_type"":""SolverSerialJointSingleHair"",""p"":0.05,""p_erase"":0.05,""r"":7,""run_id"":""6f604c679956d1cf0daf6d77107bb840f1154ac07c7e1969bb8402e01858bb91""}",
        16,         7,         0,   0.461,mwpf__896f3dc2c428c5c3bd808eb3cf2c780aa9e502e977467691de169f32c83a0647,3edb2ec651a68bfdc9765ebf8d3698d92006edac63bb654b4b1296d087be24a3,"{""circuit"":""surface_code:rotated_memory_x"",""cluster_node_limit"":50,""d"":7,""decoder"":""mwpf"",""decoder_type"":""SolverSerialJointSingleHair"",""p"":0.06,""p_erase"":0.06,""r"":7,""run_id"":""41e8a83007d9cf79fae89c7e2eb169407b888404b52611d599cfbd8d3d61e56d""}",
        64,        20,         0,    1.08,mwpf__98f1b527ad63d0c96b87fae2ef9b5a001df2d2c4d1bcf7718808c982f8f67de9,228a01b856019daca44f88d1c0dd611b9d09141c474412396bea6d8158eea878,"{""circuit"":""surface_code:rotated_memory_x"",""cluster_node_limit"":50,""d"":7,""decoder"":""mwpf"",""decoder_type"":""SolverSerialJointSingleHair"",""p"":0.04,""p_erase"":0.04,""r"":7,""run_id"":""22cc46a396a276b666b805f90859895cb11c4a18ae76c90aeb44e64208d7955b""}",
       128,        11,         0,    1.16,mwpf__52a073e7515446df52cbda9ca7c289cfd1927a5295e69ea691f5d15087ee0aff,5a668985a08f01552b0c1df7417c34aec474e3171f00de2b4ec4b430761e3525,"{""circuit"":""surface_code:rotated_memory_x"",""cluster_node_limit"":50,""d"":7,""decoder"":""mwpf"",""decoder_type"":""SolverSerialJointSingleHair"",""p"":0.03,""p_erase"":0.03,""r"":7,""run_id"":""813ba4eb16fa666e67959bd8c62870ba1c2c26cd74e0d3cecbae76623e9435dc""}",
        32,        18,         0,   0.899,mwpf__896f3dc2c428c5c3bd808eb3cf2c780aa9e502e977467691de169f32c83a0647,3edb2ec651a68bfdc9765ebf8d3698d92006edac63bb654b4b1296d087be24a3,"{""circuit"":""surface_code:rotated_memory_x"",""cluster_node_limit"":50,""d"":7,""decoder"":""mwpf"",""decoder_type"":""SolverSerialJointSingleHair"",""p"":0.06,""p_erase"":0.06,""r"":7,""run_id"":""41e8a83007d9cf79fae89c7e2eb169407b888404b52611d599cfbd8d3d61e56d""}",
        32,        15,         0,   0.838,mwpf__896f3dc2c428c5c3bd808eb3cf2c780aa9e502e977467691de169f32c83a0647,3edb2ec651a68bfdc9765ebf8d3698d92006edac63bb654b4b1296d087be24a3,"{""circuit"":""surface_code:rotated_memory_x"",""cluster_node_limit"":50,""d"":7,""decoder"":""mwpf"",""decoder_type"":""SolverSerialJointSingleHair"",""p"":0.06,""p_erase"":0.06,""r"":7,""run_id"":""41e8a83007d9cf79fae89c7e2eb169407b888404b52611d599cfbd8d3d61e56d""}",
        64,        23,         0,    1.11,mwpf__98f1b527ad63d0c96b87fae2ef9b5a001df2d2c4d1bcf7718808c982f8f67de9,228a01b856019daca44f88d1c0dd611b9d09141c474412396bea6d8158eea878,"{""circuit"":""surface_code:rotated_memory_x"",""cluster_node_limit"":50,""d"":7,""decoder"":""mwpf"",""decoder_type"":""SolverSerialJointSingleHair"",""p"":0.04,""p_erase"":0.04,""r"":7,""run_id"":""22cc46a396a276b666b805f90859895cb11c4a18ae76c90aeb44e64208d7955b""}",
       384,         3,         0,    1.69,mwpf__4be7971ec0aed8b350943219afc2640031998d7bde83aee6a0f21fb9cad0071d,0b500337b6e25e32dcf4bed99809a5d106409a48cf464ef28981fe2fb56292db,"{""circuit"":""surface_code:rotated_memory_x"",""cluster_node_limit"":50,""d"":7,""decoder"":""mwpf"",""decoder_type"":""SolverSerialJointSingleHair"",""p"":0.02,""p_erase"":0.02,""r"":7,""run_id"":""ec632a372450f8a655350bea6e7a952b552cfb386cd39755b54f2b84ee3f6f31""}",
        32,        17,         0,   0.835,mwpf__896f3dc2c428c5c3bd808eb3cf2c780aa9e502e977467691de169f32c83a0647,3edb2ec651a68bfdc9765ebf8d3698d92006edac63bb654b4b1296d087be24a3,"{""circuit"":""surface_code:rotated_memory_x"",""cluster_node_limit"":50,""d"":7,""decoder"":""mwpf"",""decoder_type"":""SolverSerialJointSingleHair"",""p"":0.06,""p_erase"":0.06,""r"":7,""run_id"":""41e8a83007d9cf79fae89c7e2eb169407b888404b52611d599cfbd8d3d61e56d""}",
        32,        15,         0,   0.798,mwpf__896f3dc2c428c5c3bd808eb3cf2c780aa9e502e977467691de169f32c83a0647,3edb2ec651a68bfdc9765ebf8d3698d92006edac63bb654b4b1296d087be24a3,"{""circuit"":""surface_code:rotated_memory_x"",""cluster_node_limit"":50,""d"":7,""decoder"":""mwpf"",""decoder_type"":""SolverSerialJointSingleHair"",""p"":0.06,""p_erase"":0.06,""r"":7,""run_id"":""41e8a83007d9cf79fae89c7e2eb169407b888404b52611d599cfbd8d3d61e56d""}",
        80,        40,         0,    1.85,mwpf__44785f8372daa341abdebcd828887424427bf9b811680dbe0b80e9dd0478da48,79f30c78ea0219ad2b4e9c1731639789d4a70f0809a5d03a7d41841488de462c,"{""circuit"":""surface_code:rotated_memory_x"",""cluster_node_limit"":50,""d"":7,""decoder"":""mwpf"",""decoder_type"":""SolverSerialJointSingleHair"",""p"":0.05,""p_erase"":0.05,""r"":7,""run_id"":""6f604c679956d1cf0daf6d77107bb840f1154ac07c7e1969bb8402e01858bb91""}",
       192,        15,         0,    1.79,mwpf__52a073e7515446df52cbda9ca7c289cfd1927a5295e69ea691f5d15087ee0aff,5a668985a08f01552b0c1df7417c34aec474e3171f00de2b4ec4b430761e3525,"{""circuit"":""surface_code:rotated_memory_x"",""cluster_node_limit"":50,""d"":7,""decoder"":""mwpf"",""decoder_type"":""SolverSerialJointSingleHair"",""p"":0.03,""p_erase"":0.03,""r"":7,""run_id"":""813ba4eb16fa666e67959bd8c62870ba1c2c26cd74e0d3cecbae76623e9435dc""}",
        48,        22,         0,    1.38,mwpf__896f3dc2c428c5c3bd808eb3cf2c780aa9e502e977467691de169f32c83a0647,3edb2ec651a68bfdc9765ebf8d3698d92006edac63bb654b4b1296d087be24a3,"{""circuit"":""surface_code:rotated_memory_x"",""cluster_node_limit"":50,""d"":7,""decoder"":""mwpf"",""decoder_type"":""SolverSerialJointSingleHair"",""p"":0.06,""p_erase"":0.06,""r"":7,""run_id"":""41e8a83007d9cf79fae89c7e2eb169407b888404b52611d599cfbd8d3d61e56d""}",
        48,        25,         0,    1.29,mwpf__896f3dc2c428c5c3bd808eb3cf2c780aa9e502e977467691de169f32c83a0647,3edb2ec651a68bfdc9765ebf8d3698d92006edac63bb654b4b1296d087be24a3,"{""circuit"":""surface_code:rotated_memory_x"",""cluster_node_limit"":50,""d"":7,""decoder"":""mwpf"",""decoder_type"":""SolverSerialJointSingleHair"",""p"":0.06,""p_erase"":0.06,""r"":7,""run_id"":""41e8a83007d9cf79fae89c7e2eb169407b888404b52611d599cfbd8d3d61e56d""}",
       128,        29,         0,    2.07,mwpf__98f1b527ad63d0c96b87fae2ef9b5a001df2d2c4d1bcf7718808c982f8f67de9,228a01b856019daca44f88d1c0dd611b9d09141c474412396bea6d8158eea878,"{""circuit"":""surface_code:rotated_memory_x"",""cluster_node_limit"":50,""d"":7,""decoder"":""mwpf"",""decoder_type"":""SolverSerialJointSingleHair"",""p"":0.04,""p_erase"":0.04,""r"":7,""run_id"":""22cc46a396a276b666b805f90859895cb11c4a18ae76c90aeb44e64208d7955b""}",
       512,         3,         0,    2.29,mwpf__4be7971ec0aed8b350943219afc2640031998d7bde83aee6a0f21fb9cad0071d,0b500337b6e25e32dcf4bed99809a5d106409a48cf464ef28981fe2fb56292db,"{""circuit"":""surface_code:rotated_memory_x"",""cluster_node_limit"":50,""d"":7,""decoder"":""mwpf"",""decoder_type"":""SolverSerialJointSingleHair"",""p"":0.02,""p_erase"":0.02,""r"":7,""run_id"":""ec632a372450f8a655350bea6e7a952b552cfb386cd39755b54f2b84ee3f6f31""}",
        96,        50,         0,    2.22,mwpf__44785f8372daa341abdebcd828887424427bf9b811680dbe0b80e9dd0478da48,79f30c78ea0219ad2b4e9c1731639789d4a70f0809a5d03a7d41841488de462c,"{""circuit"":""surface_code:rotated_memory_x"",""cluster_node_limit"":50,""d"":7,""decoder"":""mwpf"",""decoder_type"":""SolverSerialJointSingleHair"",""p"":0.05,""p_erase"":0.05,""r"":7,""run_id"":""6f604c679956d1cf0daf6d77107bb840f1154ac07c7e1969bb8402e01858bb91""}",
       320,       143,         0,    7.46,mwpf__44785f8372daa341abdebcd828887424427bf9b811680dbe0b80e9dd0478da48,79f30c78ea0219ad2b4e9c1731639789d4a70f0809a5d03a7d41841488de462c,"{""circuit"":""surface_code:rotated_memory_x"",""cluster_node_limit"":50,""d"":7,""decoder"":""mwpf"",""decoder_type"":""SolverSerialJointSingleHair"",""p"":0.05,""p_erase"":0.05,""r"":7,""run_id"":""6f604c679956d1cf0daf6d77107bb840f1154ac07c7e1969bb8402e01858bb91""}",
       384,       192,         0,    9.09,mwpf__44785f8372daa341abdebcd828887424427bf9b811680dbe0b80e9dd0478da48,79f30c78ea0219ad2b4e9c1731639789d4a70f0809a5d03a7d41841488de462c,"{""circuit"":""surface_code:rotated_memory_x"",""cluster_node_limit"":50,""d"":7,""decoder"":""mwpf"",""decoder_type"":""SolverSerialJointSingleHair"",""p"":0.05,""p_erase"":0.05,""r"":7,""run_id"":""6f604c679956d1cf0daf6d77107bb840f1154ac07c7e1969bb8402e01858bb91""}",
       256,        18,         0,    2.40,mwpf__52a073e7515446df52cbda9ca7c289cfd1927a5295e69ea691f5d15087ee0aff,5a668985a08f01552b0c1df7417c34aec474e3171f00de2b4ec4b430761e3525,"{""circuit"":""surface_code:rotated_memory_x"",""cluster_node_limit"":50,""d"":7,""decoder"":""mwpf"",""decoder_type"":""SolverSerialJointSingleHair"",""p"":0.03,""p_erase"":0.03,""r"":7,""run_id"":""813ba4eb16fa666e67959bd8c62870ba1c2c26cd74e0d3cecbae76623e9435dc""}",
        16,         7,         0,   0.373,mwpf__44785f8372daa341abdebcd828887424427bf9b811680dbe0b80e9dd0478da48,79f30c78ea0219ad2b4e9c1731639789d4a70f0809a5d03a7d41841488de462c,"{""circuit"":""surface_code:rotated_memory_x"",""cluster_node_limit"":50,""d"":7,""decoder"":""mwpf"",""decoder_type"":""SolverSerialJointSingleHair"",""p"":0.05,""p_erase"":0.05,""r"":7,""run_id"":""6f604c679956d1cf0daf6d77107bb840f1154ac07c7e1969bb8402e01858bb91""}",
        64,        26,         0,    1.77,mwpf__896f3dc2c428c5c3bd808eb3cf2c780aa9e502e977467691de169f32c83a0647,3edb2ec651a68bfdc9765ebf8d3698d92006edac63bb654b4b1296d087be24a3,"{""circuit"":""surface_code:rotated_memory_x"",""cluster_node_limit"":50,""d"":7,""decoder"":""mwpf"",""decoder_type"":""SolverSerialJointSingleHair"",""p"":0.06,""p_erase"":0.06,""r"":7,""run_id"":""41e8a83007d9cf79fae89c7e2eb169407b888404b52611d599cfbd8d3d61e56d""}",
        64,        28,         0,    1.79,mwpf__896f3dc2c428c5c3bd808eb3cf2c780aa9e502e977467691de169f32c83a0647,3edb2ec651a68bfdc9765ebf8d3698d92006edac63bb654b4b1296d087be24a3,"{""circuit"":""surface_code:rotated_memory_x"",""cluster_node_limit"":50,""d"":7,""decoder"":""mwpf"",""decoder_type"":""SolverSerialJointSingleHair"",""p"":0.06,""p_erase"":0.06,""r"":7,""run_id"":""41e8a83007d9cf79fae89c7e2eb169407b888404b52611d599cfbd8d3d61e56d""}",
      3387,        13,         0,    15.4,mwpf__4be7971ec0aed8b350943219afc2640031998d7bde83aee6a0f21fb9cad0071d,0b500337b6e25e32dcf4bed99809a5d106409a48cf464ef28981fe2fb56292db,"{""circuit"":""surface_code:rotated_memory_x"",""cluster_node_limit"":50,""d"":7,""decoder"":""mwpf"",""decoder_type"":""SolverSerialJointSingleHair"",""p"":0.02,""p_erase"":0.02,""r"":7,""run_id"":""ec632a372450f8a655350bea6e7a952b552cfb386cd39755b54f2b84ee3f6f31""}",
      3387,        12,         0,    15.5,mwpf__4be7971ec0aed8b350943219afc2640031998d7bde83aee6a0f21fb9cad0071d,0b500337b6e25e32dcf4bed99809a5d106409a48cf464ef28981fe2fb56292db,"{""circuit"":""surface_code:rotated_memory_x"",""cluster_node_limit"":50,""d"":7,""decoder"":""mwpf"",""decoder_type"":""SolverSerialJointSingleHair"",""p"":0.02,""p_erase"":0.02,""r"":7,""run_id"":""ec632a372450f8a655350bea6e7a952b552cfb386cd39755b54f2b84ee3f6f31""}",
       160,        52,         0,    2.70,mwpf__98f1b527ad63d0c96b87fae2ef9b5a001df2d2c4d1bcf7718808c982f8f67de9,228a01b856019daca44f88d1c0dd611b9d09141c474412396bea6d8158eea878,"{""circuit"":""surface_code:rotated_memory_x"",""cluster_node_limit"":50,""d"":7,""decoder"":""mwpf"",""decoder_type"":""SolverSerialJointSingleHair"",""p"":0.04,""p_erase"":0.04,""r"":7,""run_id"":""22cc46a396a276b666b805f90859895cb11c4a18ae76c90aeb44e64208d7955b""}",
       768,         1,         0,    3.33,mwpf__4be7971ec0aed8b350943219afc2640031998d7bde83aee6a0f21fb9cad0071d,0b500337b6e25e32dcf4bed99809a5d106409a48cf464ef28981fe2fb56292db,"{""circuit"":""surface_code:rotated_memory_x"",""cluster_node_limit"":50,""d"":7,""decoder"":""mwpf"",""decoder_type"":""SolverSerialJointSingleHair"",""p"":0.02,""p_erase"":0.02,""r"":7,""run_id"":""ec632a372450f8a655350bea6e7a952b552cfb386cd39755b54f2b84ee3f6f31""}",
        96,        48,         0,    2.55,mwpf__896f3dc2c428c5c3bd808eb3cf2c780aa9e502e977467691de169f32c83a0647,3edb2ec651a68bfdc9765ebf8d3698d92006edac63bb654b4b1296d087be24a3,"{""circuit"":""surface_code:rotated_memory_x"",""cluster_node_limit"":50,""d"":7,""decoder"":""mwpf"",""decoder_type"":""SolverSerialJointSingleHair"",""p"":0.06,""p_erase"":0.06,""r"":7,""run_id"":""41e8a83007d9cf79fae89c7e2eb169407b888404b52611d599cfbd8d3d61e56d""}",
        96,        43,         0,    2.54,mwpf__896f3dc2c428c5c3bd808eb3cf2c780aa9e502e977467691de169f32c83a0647,3edb2ec651a68bfdc9765ebf8d3698d92006edac63bb654b4b1296d087be24a3,"{""circuit"":""surface_code:rotated_memory_x"",""cluster_node_limit"":50,""d"":7,""decoder"":""mwpf"",""decoder_type"":""SolverSerialJointSingleHair"",""p"":0.06,""p_erase"":0.06,""r"":7,""run_id"":""41e8a83007d9cf79fae89c7e2eb169407b888404b52611d599cfbd8d3d61e56d""}",
       379,         0,         0,    1.70,mwpf__4be7971ec0aed8b350943219afc2640031998d7bde83aee6a0f21fb9cad0071d,0b500337b6e25e32dcf4bed99809a5d106409a48cf464ef28981fe2fb56292db,"{""circuit"":""surface_code:rotated_memory_x"",""cluster_node_limit"":50,""d"":7,""decoder"":""mwpf"",""decoder_type"":""SolverSerialJointSingleHair"",""p"":0.02,""p_erase"":0.02,""r"":7,""run_id"":""ec632a372450f8a655350bea6e7a952b552cfb386cd39755b54f2b84ee3f6f31""}",
       384,        26,         0,    3.65,mwpf__52a073e7515446df52cbda9ca7c289cfd1927a5295e69ea691f5d15087ee0aff,5a668985a08f01552b0c1df7417c34aec474e3171f00de2b4ec4b430761e3525,"{""circuit"":""surface_code:rotated_memory_x"",""cluster_node_limit"":50,""d"":7,""decoder"":""mwpf"",""decoder_type"":""SolverSerialJointSingleHair"",""p"":0.03,""p_erase"":0.03,""r"":7,""run_id"":""813ba4eb16fa666e67959bd8c62870ba1c2c26cd74e0d3cecbae76623e9435dc""}",
       477,         2,         0,    2.10,mwpf__4be7971ec0aed8b350943219afc2640031998d7bde83aee6a0f21fb9cad0071d,0b500337b6e25e32dcf4bed99809a5d106409a48cf464ef28981fe2fb56292db,"{""circuit"":""surface_code:rotated_memory_x"",""cluster_node_limit"":50,""d"":7,""decoder"":""mwpf"",""decoder_type"":""SolverSerialJointSingleHair"",""p"":0.02,""p_erase"":0.02,""r"":7,""run_id"":""ec632a372450f8a655350bea6e7a952b552cfb386cd39755b54f2b84ee3f6f31""}",
       192,        46,         0,    3.09,mwpf__98f1b527ad63d0c96b87fae2ef9b5a001df2d2c4d1bcf7718808c982f8f67de9,228a01b856019daca44f88d1c0dd611b9d09141c474412396bea6d8158eea878,"{""circuit"":""surface_code:rotated_memory_x"",""cluster_node_limit"":50,""d"":7,""decoder"":""mwpf"",""decoder_type"":""SolverSerialJointSingleHair"",""p"":0.04,""p_erase"":0.04,""r"":7,""run_id"":""22cc46a396a276b666b805f90859895cb11c4a18ae76c90aeb44e64208d7955b""}",
       128,        66,         0,    3.42,mwpf__896f3dc2c428c5c3bd808eb3cf2c780aa9e502e977467691de169f32c83a0647,3edb2ec651a68bfdc9765ebf8d3698d92006edac63bb654b4b1296d087be24a3,"{""circuit"":""surface_code:rotated_memory_x"",""cluster_node_limit"":50,""d"":7,""decoder"":""mwpf"",""decoder_type"":""SolverSerialJointSingleHair"",""p"":0.06,""p_erase"":0.06,""r"":7,""run_id"":""41e8a83007d9cf79fae89c7e2eb169407b888404b52611d599cfbd8d3d61e56d""}",
       128,        66,         0,    3.39,mwpf__896f3dc2c428c5c3bd808eb3cf2c780aa9e502e977467691de169f32c83a0647,3edb2ec651a68bfdc9765ebf8d3698d92006edac63bb654b4b1296d087be24a3,"{""circuit"":""surface_code:rotated_memory_x"",""cluster_node_limit"":50,""d"":7,""decoder"":""mwpf"",""decoder_type"":""SolverSerialJointSingleHair"",""p"":0.06,""p_erase"":0.06,""r"":7,""run_id"":""41e8a83007d9cf79fae89c7e2eb169407b888404b52611d599cfbd8d3d61e56d""}",
       512,        35,         0,    4.83,mwpf__52a073e7515446df52cbda9ca7c289cfd1927a5295e69ea691f5d15087ee0aff,5a668985a08f01552b0c1df7417c34aec474e3171f00de2b4ec4b430761e3525,"{""circuit"":""surface_code:rotated_memory_x"",""cluster_node_limit"":50,""d"":7,""decoder"":""mwpf"",""decoder_type"":""SolverSerialJointSingleHair"",""p"":0.03,""p_erase"":0.03,""r"":7,""run_id"":""813ba4eb16fa666e67959bd8c62870ba1c2c26cd74e0d3cecbae76623e9435dc""}",
       256,        86,         0,    4.30,mwpf__98f1b527ad63d0c96b87fae2ef9b5a001df2d2c4d1bcf7718808c982f8f67de9,228a01b856019daca44f88d1c0dd611b9d09141c474412396bea6d8158eea878,"{""circuit"":""surface_code:rotated_memory_x"",""cluster_node_limit"":50,""d"":7,""decoder"":""mwpf"",""decoder_type"":""SolverSerialJointSingleHair"",""p"":0.04,""p_erase"":0.04,""r"":7,""run_id"":""22cc46a396a276b666b805f90859895cb11c4a18ae76c90aeb44e64208d7955b""}",
       176,        90,         0,    4.65,mwpf__896f3dc2c428c5c3bd808eb3cf2c780aa9e502e977467691de169f32c83a0647,3edb2ec651a68bfdc9765ebf8d3698d92006edac63bb654b4b1296d087be24a3,"{""circuit"":""surface_code:rotated_memory_x"",""cluster_node_limit"":50,""d"":7,""decoder"":""mwpf"",""decoder_type"":""SolverSerialJointSingleHair"",""p"":0.06,""p_erase"":0.06,""r"":7,""run_id"":""41e8a83007d9cf79fae89c7e2eb169407b888404b52611d599cfbd8d3d61e56d""}",
       176,        77,         0,    4.60,mwpf__896f3dc2c428c5c3bd808eb3cf2c780aa9e502e977467691de169f32c83a0647,3edb2ec651a68bfdc9765ebf8d3698d92006edac63bb654b4b1296d087be24a3,"{""circuit"":""surface_code:rotated_memory_x"",""cluster_node_limit"":50,""d"":7,""decoder"":""mwpf"",""decoder_type"":""SolverSerialJointSingleHair"",""p"":0.06,""p_erase"":0.06,""r"":7,""run_id"":""41e8a83007d9cf79fae89c7e2eb169407b888404b52611d599cfbd8d3d61e56d""}",
       752,       375,         0,    19.5,mwpf__896f3dc2c428c5c3bd808eb3cf2c780aa9e502e977467691de169f32c83a0647,3edb2ec651a68bfdc9765ebf8d3698d92006edac63bb654b4b1296d087be24a3,"{""circuit"":""surface_code:rotated_memory_x"",""cluster_node_limit"":50,""d"":7,""decoder"":""mwpf"",""decoder_type"":""SolverSerialJointSingleHair"",""p"":0.06,""p_erase"":0.06,""r"":7,""run_id"":""41e8a83007d9cf79fae89c7e2eb169407b888404b52611d599cfbd8d3d61e56d""}",
       752,       371,         0,    19.7,mwpf__896f3dc2c428c5c3bd808eb3cf2c780aa9e502e977467691de169f32c83a0647,3edb2ec651a68bfdc9765ebf8d3698d92006edac63bb654b4b1296d087be24a3,"{""circuit"":""surface_code:rotated_memory_x"",""cluster_node_limit"":50,""d"":7,""decoder"":""mwpf"",""decoder_type"":""SolverSerialJointSingleHair"",""p"":0.06,""p_erase"":0.06,""r"":7,""run_id"":""41e8a83007d9cf79fae89c7e2eb169407b888404b52611d599cfbd8d3d61e56d""}",
        16,        13,         0,   0.436,mwpf__896f3dc2c428c5c3bd808eb3cf2c780aa9e502e977467691de169f32c83a0647,3edb2ec651a68bfdc9765ebf8d3698d92006edac63bb654b4b1296d087be24a3,"{""circuit"":""surface_code:rotated_memory_x"",""cluster_node_limit"":50,""d"":7,""decoder"":""mwpf"",""decoder_type"":""SolverSerialJointSingleHair"",""p"":0.06,""p_erase"":0.06,""r"":7,""run_id"":""41e8a83007d9cf79fae89c7e2eb169407b888404b52611d599cfbd8d3d61e56d""}",
        16,         9,         0,   0.405,mwpf__896f3dc2c428c5c3bd808eb3cf2c780aa9e502e977467691de169f32c83a0647,3edb2ec651a68bfdc9765ebf8d3698d92006edac63bb654b4b1296d087be24a3,"{""circuit"":""surface_code:rotated_memory_x"",""cluster_node_limit"":50,""d"":7,""decoder"":""mwpf"",""decoder_type"":""SolverSerialJointSingleHair"",""p"":0.06,""p_erase"":0.06,""r"":7,""run_id"":""41e8a83007d9cf79fae89c7e2eb169407b888404b52611d599cfbd8d3d61e56d""}",
       640,        46,         0,    6.09,mwpf__52a073e7515446df52cbda9ca7c289cfd1927a5295e69ea691f5d15087ee0aff,5a668985a08f01552b0c1df7417c34aec474e3171f00de2b4ec4b430761e3525,"{""circuit"":""surface_code:rotated_memory_x"",""cluster_node_limit"":50,""d"":7,""decoder"":""mwpf"",""decoder_type"":""SolverSerialJointSingleHair"",""p"":0.03,""p_erase"":0.03,""r"":7,""run_id"":""813ba4eb16fa666e67959bd8c62870ba1c2c26cd74e0d3cecbae76623e9435dc""}",
       384,       100,         0,    6.20,mwpf__98f1b527ad63d0c96b87fae2ef9b5a001df2d2c4d1bcf7718808c982f8f67de9,228a01b856019daca44f88d1c0dd611b9d09141c474412396bea6d8158eea878,"{""circuit"":""surface_code:rotated_memory_x"",""cluster_node_limit"":50,""d"":7,""decoder"":""mwpf"",""decoder_type"":""SolverSerialJointSingleHair"",""p"":0.04,""p_erase"":0.04,""r"":7,""run_id"":""22cc46a396a276b666b805f90859895cb11c4a18ae76c90aeb44e64208d7955b""}",
       960,        60,         0,    8.87,mwpf__52a073e7515446df52cbda9ca7c289cfd1927a5295e69ea691f5d15087ee0aff,5a668985a08f01552b0c1df7417c34aec474e3171f00de2b4ec4b430761e3525,"{""circuit"":""surface_code:rotated_memory_x"",""cluster_node_limit"":50,""d"":7,""decoder"":""mwpf"",""decoder_type"":""SolverSerialJointSingleHair"",""p"":0.03,""p_erase"":0.03,""r"":7,""run_id"":""813ba4eb16fa666e67959bd8c62870ba1c2c26cd74e0d3cecbae76623e9435dc""}",
       544,       149,         0,    8.65,mwpf__98f1b527ad63d0c96b87fae2ef9b5a001df2d2c4d1bcf7718808c982f8f67de9,228a01b856019daca44f88d1c0dd611b9d09141c474412396bea6d8158eea878,"{""circuit"":""surface_code:rotated_memory_x"",""cluster_node_limit"":50,""d"":7,""decoder"":""mwpf"",""decoder_type"":""SolverSerialJointSingleHair"",""p"":0.04,""p_erase"":0.04,""r"":7,""run_id"":""22cc46a396a276b666b805f90859895cb11c4a18ae76c90aeb44e64208d7955b""}",
      4320,       298,         0,    39.3,mwpf__52a073e7515446df52cbda9ca7c289cfd1927a5295e69ea691f5d15087ee0aff,5a668985a08f01552b0c1df7417c34aec474e3171f00de2b4ec4b430761e3525,"{""circuit"":""surface_code:rotated_memory_x"",""cluster_node_limit"":50,""d"":7,""decoder"":""mwpf"",""decoder_type"":""SolverSerialJointSingleHair"",""p"":0.03,""p_erase"":0.03,""r"":7,""run_id"":""813ba4eb16fa666e67959bd8c62870ba1c2c26cd74e0d3cecbae76623e9435dc""}",
      4224,       309,         0,    38.3,mwpf__52a073e7515446df52cbda9ca7c289cfd1927a5295e69ea691f5d15087ee0aff,5a668985a08f01552b0c1df7417c34aec474e3171f00de2b4ec4b430761e3525,"{""circuit"":""surface_code:rotated_memory_x"",""cluster_node_limit"":50,""d"":7,""decoder"":""mwpf"",""decoder_type"":""SolverSerialJointSingleHair"",""p"":0.03,""p_erase"":0.03,""r"":7,""run_id"":""813ba4eb16fa666e67959bd8c62870ba1c2c26cd74e0d3cecbae76623e9435dc""}",
        32,         2,         0,   0.314,mwpf__52a073e7515446df52cbda9ca7c289cfd1927a5295e69ea691f5d15087ee0aff,5a668985a08f01552b0c1df7417c34aec474e3171f00de2b4ec4b430761e3525,"{""circuit"":""surface_code:rotated_memory_x"",""cluster_node_limit"":50,""d"":7,""decoder"":""mwpf"",""decoder_type"":""SolverSerialJointSingleHair"",""p"":0.03,""p_erase"":0.03,""r"":7,""run_id"":""813ba4eb16fa666e67959bd8c62870ba1c2c26cd74e0d3cecbae76623e9435dc""}",
      1280,        91,         0,    11.8,mwpf__52a073e7515446df52cbda9ca7c289cfd1927a5295e69ea691f5d15087ee0aff,5a668985a08f01552b0c1df7417c34aec474e3171f00de2b4ec4b430761e3525,"{""circuit"":""surface_code:rotated_memory_x"",""cluster_node_limit"":50,""d"":7,""decoder"":""mwpf"",""decoder_type"":""SolverSerialJointSingleHair"",""p"":0.03,""p_erase"":0.03,""r"":7,""run_id"":""813ba4eb16fa666e67959bd8c62870ba1c2c26cd74e0d3cecbae76623e9435dc""}",
       245,        17,         0,    2.22,mwpf__52a073e7515446df52cbda9ca7c289cfd1927a5295e69ea691f5d15087ee0aff,5a668985a08f01552b0c1df7417c34aec474e3171f00de2b4ec4b430761e3525,"{""circuit"":""surface_code:rotated_memory_x"",""cluster_node_limit"":50,""d"":7,""decoder"":""mwpf"",""decoder_type"":""SolverSerialJointSingleHair"",""p"":0.03,""p_erase"":0.03,""r"":7,""run_id"":""813ba4eb16fa666e67959bd8c62870ba1c2c26cd74e0d3cecbae76623e9435dc""}",
       736,       241,         0,    11.9,mwpf__98f1b527ad63d0c96b87fae2ef9b5a001df2d2c4d1bcf7718808c982f8f67de9,228a01b856019daca44f88d1c0dd611b9d09141c474412396bea6d8158eea878,"{""circuit"":""surface_code:rotated_memory_x"",""cluster_node_limit"":50,""d"":7,""decoder"":""mwpf"",""decoder_type"":""SolverSerialJointSingleHair"",""p"":0.04,""p_erase"":0.04,""r"":7,""run_id"":""22cc46a396a276b666b805f90859895cb11c4a18ae76c90aeb44e64208d7955b""}",
      2688,       820,         0,    43.1,mwpf__98f1b527ad63d0c96b87fae2ef9b5a001df2d2c4d1bcf7718808c982f8f67de9,228a01b856019daca44f88d1c0dd611b9d09141c474412396bea6d8158eea878,"{""circuit"":""surface_code:rotated_memory_x"",""cluster_node_limit"":50,""d"":7,""decoder"":""mwpf"",""decoder_type"":""SolverSerialJointSingleHair"",""p"":0.04,""p_erase"":0.04,""r"":7,""run_id"":""22cc46a396a276b666b805f90859895cb11c4a18ae76c90aeb44e64208d7955b""}",
      2720,       818,         0,    43.0,mwpf__98f1b527ad63d0c96b87fae2ef9b5a001df2d2c4d1bcf7718808c982f8f67de9,228a01b856019daca44f88d1c0dd611b9d09141c474412396bea6d8158eea878,"{""circuit"":""surface_code:rotated_memory_x"",""cluster_node_limit"":50,""d"":7,""decoder"":""mwpf"",""decoder_type"":""SolverSerialJointSingleHair"",""p"":0.04,""p_erase"":0.04,""r"":7,""run_id"":""22cc46a396a276b666b805f90859895cb11c4a18ae76c90aeb44e64208d7955b""}",
        32,        12,         0,   0.503,mwpf__98f1b527ad63d0c96b87fae2ef9b5a001df2d2c4d1bcf7718808c982f8f67de9,228a01b856019daca44f88d1c0dd611b9d09141c474412396bea6d8158eea878,"{""circuit"":""surface_code:rotated_memory_x"",""cluster_node_limit"":50,""d"":7,""decoder"":""mwpf"",""decoder_type"":""SolverSerialJointSingleHair"",""p"":0.04,""p_erase"":0.04,""r"":7,""run_id"":""22cc46a396a276b666b805f90859895cb11c4a18ae76c90aeb44e64208d7955b""}",
      1064,        76,         0,    9.28,mwpf__52a073e7515446df52cbda9ca7c289cfd1927a5295e69ea691f5d15087ee0aff,5a668985a08f01552b0c1df7417c34aec474e3171f00de2b4ec4b430761e3525,"{""circuit"":""surface_code:rotated_memory_x"",""cluster_node_limit"":50,""d"":7,""decoder"":""mwpf"",""decoder_type"":""SolverSerialJointSingleHair"",""p"":0.03,""p_erase"":0.03,""r"":7,""run_id"":""813ba4eb16fa666e67959bd8c62870ba1c2c26cd74e0d3cecbae76623e9435dc""}",
      1744,       142,         0,    15.9,mwpf__52a073e7515446df52cbda9ca7c289cfd1927a5295e69ea691f5d15087ee0aff,5a668985a08f01552b0c1df7417c34aec474e3171f00de2b4ec4b430761e3525,"{""circuit"":""surface_code:rotated_memory_x"",""cluster_node_limit"":50,""d"":7,""decoder"":""mwpf"",""decoder_type"":""SolverSerialJointSingleHair"",""p"":0.03,""p_erase"":0.03,""r"":7,""run_id"":""813ba4eb16fa666e67959bd8c62870ba1c2c26cd74e0d3cecbae76623e9435dc""}",
         6,         0,         0,   0.008,mwpf__cc84687092a659fc65a3ee05269b6b569030e8df60c8f6bb1338aab95b850464,de2559247a63aadd19f6ad89515979a5d4f1397f9e0720615a2b8b2b9f64cc61,"{""circuit"":""surface_code:rotated_memory_x"",""cluster_node_limit"":50,""d"":7,""decoder"":""mwpf"",""decoder_type"":""SolverSerialJointSingleHair"",""p"":0.008,""p_erase"":0.008,""r"":7,""run_id"":""b0127341a48953a855ea3549247068ee7050e7461912fad56a38b1d8708ded61""}",
         6,         0,         0,   0.014,mwpf__cc84687092a659fc65a3ee05269b6b569030e8df60c8f6bb1338aab95b850464,de2559247a63aadd19f6ad89515979a5d4f1397f9e0720615a2b8b2b9f64cc61,"{""circuit"":""surface_code:rotated_memory_x"",""cluster_node_limit"":50,""d"":7,""decoder"":""mwpf"",""decoder_type"":""SolverSerialJointSingleHair"",""p"":0.008,""p_erase"":0.008,""r"":7,""run_id"":""b0127341a48953a855ea3549247068ee7050e7461912fad56a38b1d8708ded61""}",
         6,         0,         0,   0.019,mwpf__cc84687092a659fc65a3ee05269b6b569030e8df60c8f6bb1338aab95b850464,de2559247a63aadd19f6ad89515979a5d4f1397f9e0720615a2b8b2b9f64cc61,"{""circuit"":""surface_code:rotated_memory_x"",""cluster_node_limit"":50,""d"":7,""decoder"":""mwpf"",""decoder_type"":""SolverSerialJointSingleHair"",""p"":0.008,""p_erase"":0.008,""r"":7,""run_id"":""b0127341a48953a855ea3549247068ee7050e7461912fad56a38b1d8708ded61""}",
         6,         0,         0,   0.021,mwpf__cc84687092a659fc65a3ee05269b6b569030e8df60c8f6bb1338aab95b850464,de2559247a63aadd19f6ad89515979a5d4f1397f9e0720615a2b8b2b9f64cc61,"{""circuit"":""surface_code:rotated_memory_x"",""cluster_node_limit"":50,""d"":7,""decoder"":""mwpf"",""decoder_type"":""SolverSerialJointSingleHair"",""p"":0.008,""p_erase"":0.008,""r"":7,""run_id"":""b0127341a48953a855ea3549247068ee7050e7461912fad56a38b1d8708ded61""}",
        17,         0,         0,   0.023,mwpf__738c4c2fe60c79a38f4352423c226453cf78c7d4efc409ac916f3f724e7f428b,f522fd2f03991528ab1e67f7b35462f84ed9738f5f8cde70a41909bee4fd3f87,"{""circuit"":""surface_code:rotated_memory_x"",""cluster_node_limit"":50,""d"":7,""decoder"":""mwpf"",""decoder_type"":""SolverSerialJointSingleHair"",""p"":0.009,""p_erase"":0.009,""r"":7,""run_id"":""4b2052dd33b88244b8dc64e1aa696c4f0cef9c363b27e7d2cd9a4ccb51da3596""}",
       256,         0,         0,   0.384,mwpf__738c4c2fe60c79a38f4352423c226453cf78c7d4efc409ac916f3f724e7f428b,f522fd2f03991528ab1e67f7b35462f84ed9738f5f8cde70a41909bee4fd3f87,"{""circuit"":""surface_code:rotated_memory_x"",""cluster_node_limit"":50,""d"":7,""decoder"":""mwpf"",""decoder_type"":""SolverSerialJointSingleHair"",""p"":0.009,""p_erase"":0.009,""r"":7,""run_id"":""4b2052dd33b88244b8dc64e1aa696c4f0cef9c363b27e7d2cd9a4ccb51da3596""}",
       210,         0,         0,   0.316,mwpf__738c4c2fe60c79a38f4352423c226453cf78c7d4efc409ac916f3f724e7f428b,f522fd2f03991528ab1e67f7b35462f84ed9738f5f8cde70a41909bee4fd3f87,"{""circuit"":""surface_code:rotated_memory_x"",""cluster_node_limit"":50,""d"":7,""decoder"":""mwpf"",""decoder_type"":""SolverSerialJointSingleHair"",""p"":0.009,""p_erase"":0.009,""r"":7,""run_id"":""4b2052dd33b88244b8dc64e1aa696c4f0cef9c363b27e7d2cd9a4ccb51da3596""}",
       479,         0,         0,   0.731,mwpf__738c4c2fe60c79a38f4352423c226453cf78c7d4efc409ac916f3f724e7f428b,f522fd2f03991528ab1e67f7b35462f84ed9738f5f8cde70a41909bee4fd3f87,"{""circuit"":""surface_code:rotated_memory_x"",""cluster_node_limit"":50,""d"":7,""decoder"":""mwpf"",""decoder_type"":""SolverSerialJointSingleHair"",""p"":0.009,""p_erase"":0.009,""r"":7,""run_id"":""4b2052dd33b88244b8dc64e1aa696c4f0cef9c363b27e7d2cd9a4ccb51da3596""}",
       483,         0,         0,   0.735,mwpf__738c4c2fe60c79a38f4352423c226453cf78c7d4efc409ac916f3f724e7f428b,f522fd2f03991528ab1e67f7b35462f84ed9738f5f8cde70a41909bee4fd3f87,"{""circuit"":""surface_code:rotated_memory_x"",""cluster_node_limit"":50,""d"":7,""decoder"":""mwpf"",""decoder_type"":""SolverSerialJointSingleHair"",""p"":0.009,""p_erase"":0.009,""r"":7,""run_id"":""4b2052dd33b88244b8dc64e1aa696c4f0cef9c363b27e7d2cd9a4ccb51da3596""}",
       483,         0,         0,   0.742,mwpf__738c4c2fe60c79a38f4352423c226453cf78c7d4efc409ac916f3f724e7f428b,f522fd2f03991528ab1e67f7b35462f84ed9738f5f8cde70a41909bee4fd3f87,"{""circuit"":""surface_code:rotated_memory_x"",""cluster_node_limit"":50,""d"":7,""decoder"":""mwpf"",""decoder_type"":""SolverSerialJointSingleHair"",""p"":0.009,""p_erase"":0.009,""r"":7,""run_id"":""4b2052dd33b88244b8dc64e1aa696c4f0cef9c363b27e7d2cd9a4ccb51da3596""}",
        17,         0,         0,   0.031,mwpf__27cac5a9d63b5310296ad2f389f4539acd5e7fb7f123dc12456c335e8393c788,ed79fc073e9e8e64e12ca9cee3f1b3b09617b06e5f19d423f3dca5e27321c0ec,"{""circuit"":""surface_code:rotated_memory_x"",""cluster_node_limit"":50,""d"":7,""decoder"":""mwpf"",""decoder_type"":""SolverSerialJointSingleHair"",""p"":0.01,""p_erase"":0.01,""r"":7,""run_id"":""85dc4b86326449a5e4d2267937782207589c000366e3fbe70d98bb3f9fb5a333""}",
       256,         0,         0,   0.452,mwpf__27cac5a9d63b5310296ad2f389f4539acd5e7fb7f123dc12456c335e8393c788,ed79fc073e9e8e64e12ca9cee3f1b3b09617b06e5f19d423f3dca5e27321c0ec,"{""circuit"":""surface_code:rotated_memory_x"",""cluster_node_limit"":50,""d"":7,""decoder"":""mwpf"",""decoder_type"":""SolverSerialJointSingleHair"",""p"":0.01,""p_erase"":0.01,""r"":7,""run_id"":""85dc4b86326449a5e4d2267937782207589c000366e3fbe70d98bb3f9fb5a333""}",
        89,         0,         0,   0.158,mwpf__27cac5a9d63b5310296ad2f389f4539acd5e7fb7f123dc12456c335e8393c788,ed79fc073e9e8e64e12ca9cee3f1b3b09617b06e5f19d423f3dca5e27321c0ec,"{""circuit"":""surface_code:rotated_memory_x"",""cluster_node_limit"":50,""d"":7,""decoder"":""mwpf"",""decoder_type"":""SolverSerialJointSingleHair"",""p"":0.01,""p_erase"":0.01,""r"":7,""run_id"":""85dc4b86326449a5e4d2267937782207589c000366e3fbe70d98bb3f9fb5a333""}",
       393,         0,         0,   0.667,mwpf__27cac5a9d63b5310296ad2f389f4539acd5e7fb7f123dc12456c335e8393c788,ed79fc073e9e8e64e12ca9cee3f1b3b09617b06e5f19d423f3dca5e27321c0ec,"{""circuit"":""surface_code:rotated_memory_x"",""cluster_node_limit"":50,""d"":7,""decoder"":""mwpf"",""decoder_type"":""SolverSerialJointSingleHair"",""p"":0.01,""p_erase"":0.01,""r"":7,""run_id"":""85dc4b86326449a5e4d2267937782207589c000366e3fbe70d98bb3f9fb5a333""}",
       487,         0,         0,   0.824,mwpf__27cac5a9d63b5310296ad2f389f4539acd5e7fb7f123dc12456c335e8393c788,ed79fc073e9e8e64e12ca9cee3f1b3b09617b06e5f19d423f3dca5e27321c0ec,"{""circuit"":""surface_code:rotated_memory_x"",""cluster_node_limit"":50,""d"":7,""decoder"":""mwpf"",""decoder_type"":""SolverSerialJointSingleHair"",""p"":0.01,""p_erase"":0.01,""r"":7,""run_id"":""85dc4b86326449a5e4d2267937782207589c000366e3fbe70d98bb3f9fb5a333""}",
        91,         0,         0,   0.152,mwpf__27cac5a9d63b5310296ad2f389f4539acd5e7fb7f123dc12456c335e8393c788,ed79fc073e9e8e64e12ca9cee3f1b3b09617b06e5f19d423f3dca5e27321c0ec,"{""circuit"":""surface_code:rotated_memory_x"",""cluster_node_limit"":50,""d"":7,""decoder"":""mwpf"",""decoder_type"":""SolverSerialJointSingleHair"",""p"":0.01,""p_erase"":0.01,""r"":7,""run_id"":""85dc4b86326449a5e4d2267937782207589c000366e3fbe70d98bb3f9fb5a333""}",
       487,         0,         0,   0.881,mwpf__27cac5a9d63b5310296ad2f389f4539acd5e7fb7f123dc12456c335e8393c788,ed79fc073e9e8e64e12ca9cee3f1b3b09617b06e5f19d423f3dca5e27321c0ec,"{""circuit"":""surface_code:rotated_memory_x"",""cluster_node_limit"":50,""d"":7,""decoder"":""mwpf"",""decoder_type"":""SolverSerialJointSingleHair"",""p"":0.01,""p_erase"":0.01,""r"":7,""run_id"":""85dc4b86326449a5e4d2267937782207589c000366e3fbe70d98bb3f9fb5a333""}",
         1,         1,         0,   0.015,mwpf__52a073e7515446df52cbda9ca7c289cfd1927a5295e69ea691f5d15087ee0aff,5a668985a08f01552b0c1df7417c34aec474e3171f00de2b4ec4b430761e3525,"{""circuit"":""surface_code:rotated_memory_x"",""cluster_node_limit"":50,""d"":7,""decoder"":""mwpf"",""decoder_type"":""SolverSerialJointSingleHair"",""p"":0.03,""p_erase"":0.03,""r"":7,""run_id"":""813ba4eb16fa666e67959bd8c62870ba1c2c26cd74e0d3cecbae76623e9435dc""}",
        16,         3,         0,   0.138,mwpf__52a073e7515446df52cbda9ca7c289cfd1927a5295e69ea691f5d15087ee0aff,5a668985a08f01552b0c1df7417c34aec474e3171f00de2b4ec4b430761e3525,"{""circuit"":""surface_code:rotated_memory_x"",""cluster_node_limit"":50,""d"":7,""decoder"":""mwpf"",""decoder_type"":""SolverSerialJointSingleHair"",""p"":0.03,""p_erase"":0.03,""r"":7,""run_id"":""813ba4eb16fa666e67959bd8c62870ba1c2c26cd74e0d3cecbae76623e9435dc""}",
        64,         6,         0,   0.527,mwpf__52a073e7515446df52cbda9ca7c289cfd1927a5295e69ea691f5d15087ee0aff,5a668985a08f01552b0c1df7417c34aec474e3171f00de2b4ec4b430761e3525,"{""circuit"":""surface_code:rotated_memory_x"",""cluster_node_limit"":50,""d"":7,""decoder"":""mwpf"",""decoder_type"":""SolverSerialJointSingleHair"",""p"":0.03,""p_erase"":0.03,""r"":7,""run_id"":""813ba4eb16fa666e67959bd8c62870ba1c2c26cd74e0d3cecbae76623e9435dc""}",
        64,         3,         0,   0.524,mwpf__52a073e7515446df52cbda9ca7c289cfd1927a5295e69ea691f5d15087ee0aff,5a668985a08f01552b0c1df7417c34aec474e3171f00de2b4ec4b430761e3525,"{""circuit"":""surface_code:rotated_memory_x"",""cluster_node_limit"":50,""d"":7,""decoder"":""mwpf"",""decoder_type"":""SolverSerialJointSingleHair"",""p"":0.03,""p_erase"":0.03,""r"":7,""run_id"":""813ba4eb16fa666e67959bd8c62870ba1c2c26cd74e0d3cecbae76623e9435dc""}",
        64,         5,         0,   0.531,mwpf__52a073e7515446df52cbda9ca7c289cfd1927a5295e69ea691f5d15087ee0aff,5a668985a08f01552b0c1df7417c34aec474e3171f00de2b4ec4b430761e3525,"{""circuit"":""surface_code:rotated_memory_x"",""cluster_node_limit"":50,""d"":7,""decoder"":""mwpf"",""decoder_type"":""SolverSerialJointSingleHair"",""p"":0.03,""p_erase"":0.03,""r"":7,""run_id"":""813ba4eb16fa666e67959bd8c62870ba1c2c26cd74e0d3cecbae76623e9435dc""}",
        64,         4,         0,   0.619,mwpf__52a073e7515446df52cbda9ca7c289cfd1927a5295e69ea691f5d15087ee0aff,5a668985a08f01552b0c1df7417c34aec474e3171f00de2b4ec4b430761e3525,"{""circuit"":""surface_code:rotated_memory_x"",""cluster_node_limit"":50,""d"":7,""decoder"":""mwpf"",""decoder_type"":""SolverSerialJointSingleHair"",""p"":0.03,""p_erase"":0.03,""r"":7,""run_id"":""813ba4eb16fa666e67959bd8c62870ba1c2c26cd74e0d3cecbae76623e9435dc""}",
       256,        15,         0,    2.36,mwpf__52a073e7515446df52cbda9ca7c289cfd1927a5295e69ea691f5d15087ee0aff,5a668985a08f01552b0c1df7417c34aec474e3171f00de2b4ec4b430761e3525,"{""circuit"":""surface_code:rotated_memory_x"",""cluster_node_limit"":50,""d"":7,""decoder"":""mwpf"",""decoder_type"":""SolverSerialJointSingleHair"",""p"":0.03,""p_erase"":0.03,""r"":7,""run_id"":""813ba4eb16fa666e67959bd8c62870ba1c2c26cd74e0d3cecbae76623e9435dc""}",
        17,         0,         0,   0.098,mwpf__4be7971ec0aed8b350943219afc2640031998d7bde83aee6a0f21fb9cad0071d,0b500337b6e25e32dcf4bed99809a5d106409a48cf464ef28981fe2fb56292db,"{""circuit"":""surface_code:rotated_memory_x"",""cluster_node_limit"":50,""d"":7,""decoder"":""mwpf"",""decoder_type"":""SolverSerialJointSingleHair"",""p"":0.02,""p_erase"":0.02,""r"":7,""run_id"":""ec632a372450f8a655350bea6e7a952b552cfb386cd39755b54f2b84ee3f6f31""}",
        64,         4,         0,   0.542,mwpf__52a073e7515446df52cbda9ca7c289cfd1927a5295e69ea691f5d15087ee0aff,5a668985a08f01552b0c1df7417c34aec474e3171f00de2b4ec4b430761e3525,"{""circuit"":""surface_code:rotated_memory_x"",""cluster_node_limit"":50,""d"":7,""decoder"":""mwpf"",""decoder_type"":""SolverSerialJointSingleHair"",""p"":0.03,""p_erase"":0.03,""r"":7,""run_id"":""813ba4eb16fa666e67959bd8c62870ba1c2c26cd74e0d3cecbae76623e9435dc""}",
        64,         0,         0,   0.285,mwpf__4be7971ec0aed8b350943219afc2640031998d7bde83aee6a0f21fb9cad0071d,0b500337b6e25e32dcf4bed99809a5d106409a48cf464ef28981fe2fb56292db,"{""circuit"":""surface_code:rotated_memory_x"",""cluster_node_limit"":50,""d"":7,""decoder"":""mwpf"",""decoder_type"":""SolverSerialJointSingleHair"",""p"":0.02,""p_erase"":0.02,""r"":7,""run_id"":""ec632a372450f8a655350bea6e7a952b552cfb386cd39755b54f2b84ee3f6f31""}",
       128,         3,         0,   0.599,mwpf__4be7971ec0aed8b350943219afc2640031998d7bde83aee6a0f21fb9cad0071d,0b500337b6e25e32dcf4bed99809a5d106409a48cf464ef28981fe2fb56292db,"{""circuit"":""surface_code:rotated_memory_x"",""cluster_node_limit"":50,""d"":7,""decoder"":""mwpf"",""decoder_type"":""SolverSerialJointSingleHair"",""p"":0.02,""p_erase"":0.02,""r"":7,""run_id"":""ec632a372450f8a655350bea6e7a952b552cfb386cd39755b54f2b84ee3f6f31""}",
        64,         2,         0,   0.570,mwpf__52a073e7515446df52cbda9ca7c289cfd1927a5295e69ea691f5d15087ee0aff,5a668985a08f01552b0c1df7417c34aec474e3171f00de2b4ec4b430761e3525,"{""circuit"":""surface_code:rotated_memory_x"",""cluster_node_limit"":50,""d"":7,""decoder"":""mwpf"",""decoder_type"":""SolverSerialJointSingleHair"",""p"":0.03,""p_erase"":0.03,""r"":7,""run_id"":""813ba4eb16fa666e67959bd8c62870ba1c2c26cd74e0d3cecbae76623e9435dc""}",
       128,         0,         0,   0.582,mwpf__4be7971ec0aed8b350943219afc2640031998d7bde83aee6a0f21fb9cad0071d,0b500337b6e25e32dcf4bed99809a5d106409a48cf464ef28981fe2fb56292db,"{""circuit"":""surface_code:rotated_memory_x"",""cluster_node_limit"":50,""d"":7,""decoder"":""mwpf"",""decoder_type"":""SolverSerialJointSingleHair"",""p"":0.02,""p_erase"":0.02,""r"":7,""run_id"":""ec632a372450f8a655350bea6e7a952b552cfb386cd39755b54f2b84ee3f6f31""}",
       256,         1,         0,    1.16,mwpf__4be7971ec0aed8b350943219afc2640031998d7bde83aee6a0f21fb9cad0071d,0b500337b6e25e32dcf4bed99809a5d106409a48cf464ef28981fe2fb56292db,"{""circuit"":""surface_code:rotated_memory_x"",""cluster_node_limit"":50,""d"":7,""decoder"":""mwpf"",""decoder_type"":""SolverSerialJointSingleHair"",""p"":0.02,""p_erase"":0.02,""r"":7,""run_id"":""ec632a372450f8a655350bea6e7a952b552cfb386cd39755b54f2b84ee3f6f31""}",
       256,         0,         0,    1.16,mwpf__4be7971ec0aed8b350943219afc2640031998d7bde83aee6a0f21fb9cad0071d,0b500337b6e25e32dcf4bed99809a5d106409a48cf464ef28981fe2fb56292db,"{""circuit"":""surface_code:rotated_memory_x"",""cluster_node_limit"":50,""d"":7,""decoder"":""mwpf"",""decoder_type"":""SolverSerialJointSingleHair"",""p"":0.02,""p_erase"":0.02,""r"":7,""run_id"":""ec632a372450f8a655350bea6e7a952b552cfb386cd39755b54f2b84ee3f6f31""}",
        64,         3,         0,   0.579,mwpf__52a073e7515446df52cbda9ca7c289cfd1927a5295e69ea691f5d15087ee0aff,5a668985a08f01552b0c1df7417c34aec474e3171f00de2b4ec4b430761e3525,"{""circuit"":""surface_code:rotated_memory_x"",""cluster_node_limit"":50,""d"":7,""decoder"":""mwpf"",""decoder_type"":""SolverSerialJointSingleHair"",""p"":0.03,""p_erase"":0.03,""r"":7,""run_id"":""813ba4eb16fa666e67959bd8c62870ba1c2c26cd74e0d3cecbae76623e9435dc""}",
       128,         1,         0,   0.569,mwpf__4be7971ec0aed8b350943219afc2640031998d7bde83aee6a0f21fb9cad0071d,0b500337b6e25e32dcf4bed99809a5d106409a48cf464ef28981fe2fb56292db,"{""circuit"":""surface_code:rotated_memory_x"",""cluster_node_limit"":50,""d"":7,""decoder"":""mwpf"",""decoder_type"":""SolverSerialJointSingleHair"",""p"":0.02,""p_erase"":0.02,""r"":7,""run_id"":""ec632a372450f8a655350bea6e7a952b552cfb386cd39755b54f2b84ee3f6f31""}",
        64,         5,         0,   0.589,mwpf__52a073e7515446df52cbda9ca7c289cfd1927a5295e69ea691f5d15087ee0aff,5a668985a08f01552b0c1df7417c34aec474e3171f00de2b4ec4b430761e3525,"{""circuit"":""surface_code:rotated_memory_x"",""cluster_node_limit"":50,""d"":7,""decoder"":""mwpf"",""decoder_type"":""SolverSerialJointSingleHair"",""p"":0.03,""p_erase"":0.03,""r"":7,""run_id"":""813ba4eb16fa666e67959bd8c62870ba1c2c26cd74e0d3cecbae76623e9435dc""}",
       128,         1,         0,   0.576,mwpf__4be7971ec0aed8b350943219afc2640031998d7bde83aee6a0f21fb9cad0071d,0b500337b6e25e32dcf4bed99809a5d106409a48cf464ef28981fe2fb56292db,"{""circuit"":""surface_code:rotated_memory_x"",""cluster_node_limit"":50,""d"":7,""decoder"":""mwpf"",""decoder_type"":""SolverSerialJointSingleHair"",""p"":0.02,""p_erase"":0.02,""r"":7,""run_id"":""ec632a372450f8a655350bea6e7a952b552cfb386cd39755b54f2b84ee3f6f31""}",
       224,         0,         0,   0.951,mwpf__4be7971ec0aed8b350943219afc2640031998d7bde83aee6a0f21fb9cad0071d,0b500337b6e25e32dcf4bed99809a5d106409a48cf464ef28981fe2fb56292db,"{""circuit"":""surface_code:rotated_memory_x"",""cluster_node_limit"":50,""d"":7,""decoder"":""mwpf"",""decoder_type"":""SolverSerialJointSingleHair"",""p"":0.02,""p_erase"":0.02,""r"":7,""run_id"":""ec632a372450f8a655350bea6e7a952b552cfb386cd39755b54f2b84ee3f6f31""}",
       347,         0,         0,    1.53,mwpf__4be7971ec0aed8b350943219afc2640031998d7bde83aee6a0f21fb9cad0071d,0b500337b6e25e32dcf4bed99809a5d106409a48cf464ef28981fe2fb56292db,"{""circuit"":""surface_code:rotated_memory_x"",""cluster_node_limit"":50,""d"":7,""decoder"":""mwpf"",""decoder_type"":""SolverSerialJointSingleHair"",""p"":0.02,""p_erase"":0.02,""r"":7,""run_id"":""ec632a372450f8a655350bea6e7a952b552cfb386cd39755b54f2b84ee3f6f31""}",
        15,         0,         0,   0.065,mwpf__4be7971ec0aed8b350943219afc2640031998d7bde83aee6a0f21fb9cad0071d,0b500337b6e25e32dcf4bed99809a5d106409a48cf464ef28981fe2fb56292db,"{""circuit"":""surface_code:rotated_memory_x"",""cluster_node_limit"":50,""d"":7,""decoder"":""mwpf"",""decoder_type"":""SolverSerialJointSingleHair"",""p"":0.02,""p_erase"":0.02,""r"":7,""run_id"":""ec632a372450f8a655350bea6e7a952b552cfb386cd39755b54f2b84ee3f6f31""}",
       224,         1,         0,    1.03,mwpf__4be7971ec0aed8b350943219afc2640031998d7bde83aee6a0f21fb9cad0071d,0b500337b6e25e32dcf4bed99809a5d106409a48cf464ef28981fe2fb56292db,"{""circuit"":""surface_code:rotated_memory_x"",""cluster_node_limit"":50,""d"":7,""decoder"":""mwpf"",""decoder_type"":""SolverSerialJointSingleHair"",""p"":0.02,""p_erase"":0.02,""r"":7,""run_id"":""ec632a372450f8a655350bea6e7a952b552cfb386cd39755b54f2b84ee3f6f31""}",
        64,         4,         0,   0.549,mwpf__52a073e7515446df52cbda9ca7c289cfd1927a5295e69ea691f5d15087ee0aff,5a668985a08f01552b0c1df7417c34aec474e3171f00de2b4ec4b430761e3525,"{""circuit"":""surface_code:rotated_memory_x"",""cluster_node_limit"":50,""d"":7,""decoder"":""mwpf"",""decoder_type"":""SolverSerialJointSingleHair"",""p"":0.03,""p_erase"":0.03,""r"":7,""run_id"":""813ba4eb16fa666e67959bd8c62870ba1c2c26cd74e0d3cecbae76623e9435dc""}",
        64,        10,         0,   0.564,mwpf__52a073e7515446df52cbda9ca7c289cfd1927a5295e69ea691f5d15087ee0aff,5a668985a08f01552b0c1df7417c34aec474e3171f00de2b4ec4b430761e3525,"{""circuit"":""surface_code:rotated_memory_x"",""cluster_node_limit"":50,""d"":7,""decoder"":""mwpf"",""decoder_type"":""SolverSerialJointSingleHair"",""p"":0.03,""p_erase"":0.03,""r"":7,""run_id"":""813ba4eb16fa666e67959bd8c62870ba1c2c26cd74e0d3cecbae76623e9435dc""}",
       128,         8,         0,    1.09,mwpf__52a073e7515446df52cbda9ca7c289cfd1927a5295e69ea691f5d15087ee0aff,5a668985a08f01552b0c1df7417c34aec474e3171f00de2b4ec4b430761e3525,"{""circuit"":""surface_code:rotated_memory_x"",""cluster_node_limit"":50,""d"":7,""decoder"":""mwpf"",""decoder_type"":""SolverSerialJointSingleHair"",""p"":0.03,""p_erase"":0.03,""r"":7,""run_id"":""813ba4eb16fa666e67959bd8c62870ba1c2c26cd74e0d3cecbae76623e9435dc""}",
       128,         9,         0,    1.18,mwpf__52a073e7515446df52cbda9ca7c289cfd1927a5295e69ea691f5d15087ee0aff,5a668985a08f01552b0c1df7417c34aec474e3171f00de2b4ec4b430761e3525,"{""circuit"":""surface_code:rotated_memory_x"",""cluster_node_limit"":50,""d"":7,""decoder"":""mwpf"",""decoder_type"":""SolverSerialJointSingleHair"",""p"":0.03,""p_erase"":0.03,""r"":7,""run_id"":""813ba4eb16fa666e67959bd8c62870ba1c2c26cd74e0d3cecbae76623e9435dc""}",
       128,        10,         0,    1.14,mwpf__52a073e7515446df52cbda9ca7c289cfd1927a5295e69ea691f5d15087ee0aff,5a668985a08f01552b0c1df7417c34aec474e3171f00de2b4ec4b430761e3525,"{""circuit"":""surface_code:rotated_memory_x"",""cluster_node_limit"":50,""d"":7,""decoder"":""mwpf"",""decoder_type"":""SolverSerialJointSingleHair"",""p"":0.03,""p_erase"":0.03,""r"":7,""run_id"":""813ba4eb16fa666e67959bd8c62870ba1c2c26cd74e0d3cecbae76623e9435dc""}",
       192,        17,         0,    1.77,mwpf__52a073e7515446df52cbda9ca7c289cfd1927a5295e69ea691f5d15087ee0aff,5a668985a08f01552b0c1df7417c34aec474e3171f00de2b4ec4b430761e3525,"{""circuit"":""surface_code:rotated_memory_x"",""cluster_node_limit"":50,""d"":7,""decoder"":""mwpf"",""decoder_type"":""SolverSerialJointSingleHair"",""p"":0.03,""p_erase"":0.03,""r"":7,""run_id"":""813ba4eb16fa666e67959bd8c62870ba1c2c26cd74e0d3cecbae76623e9435dc""}",
        61,         8,         0,   0.516,mwpf__52a073e7515446df52cbda9ca7c289cfd1927a5295e69ea691f5d15087ee0aff,5a668985a08f01552b0c1df7417c34aec474e3171f00de2b4ec4b430761e3525,"{""circuit"":""surface_code:rotated_memory_x"",""cluster_node_limit"":50,""d"":7,""decoder"":""mwpf"",""decoder_type"":""SolverSerialJointSingleHair"",""p"":0.03,""p_erase"":0.03,""r"":7,""run_id"":""813ba4eb16fa666e67959bd8c62870ba1c2c26cd74e0d3cecbae76623e9435dc""}",
      1294,       106,         0,    11.4,mwpf__52a073e7515446df52cbda9ca7c289cfd1927a5295e69ea691f5d15087ee0aff,5a668985a08f01552b0c1df7417c34aec474e3171f00de2b4ec4b430761e3525,"{""circuit"":""surface_code:rotated_memory_x"",""cluster_node_limit"":50,""d"":7,""decoder"":""mwpf"",""decoder_type"":""SolverSerialJointSingleHair"",""p"":0.03,""p_erase"":0.03,""r"":7,""run_id"":""813ba4eb16fa666e67959bd8c62870ba1c2c26cd74e0d3cecbae76623e9435dc""}",
      1294,       101,         0,    11.5,mwpf__52a073e7515446df52cbda9ca7c289cfd1927a5295e69ea691f5d15087ee0aff,5a668985a08f01552b0c1df7417c34aec474e3171f00de2b4ec4b430761e3525,"{""circuit"":""surface_code:rotated_memory_x"",""cluster_node_limit"":50,""d"":7,""decoder"":""mwpf"",""decoder_type"":""SolverSerialJointSingleHair"",""p"":0.03,""p_erase"":0.03,""r"":7,""run_id"":""813ba4eb16fa666e67959bd8c62870ba1c2c26cd74e0d3cecbae76623e9435dc""}",
      1024,        69,         0,    9.33,mwpf__52a073e7515446df52cbda9ca7c289cfd1927a5295e69ea691f5d15087ee0aff,5a668985a08f01552b0c1df7417c34aec474e3171f00de2b4ec4b430761e3525,"{""circuit"":""surface_code:rotated_memory_x"",""cluster_node_limit"":50,""d"":7,""decoder"":""mwpf"",""decoder_type"":""SolverSerialJointSingleHair"",""p"":0.03,""p_erase"":0.03,""r"":7,""run_id"":""813ba4eb16fa666e67959bd8c62870ba1c2c26cd74e0d3cecbae76623e9435dc""}",
        10,         1,         0,   0.078,mwpf__52a073e7515446df52cbda9ca7c289cfd1927a5295e69ea691f5d15087ee0aff,5a668985a08f01552b0c1df7417c34aec474e3171f00de2b4ec4b430761e3525,"{""circuit"":""surface_code:rotated_memory_x"",""cluster_node_limit"":50,""d"":7,""decoder"":""mwpf"",""decoder_type"":""SolverSerialJointSingleHair"",""p"":0.03,""p_erase"":0.03,""r"":7,""run_id"":""813ba4eb16fa666e67959bd8c62870ba1c2c26cd74e0d3cecbae76623e9435dc""}",
        17,         0,         0,   0.032,mwpf__27cac5a9d63b5310296ad2f389f4539acd5e7fb7f123dc12456c335e8393c788,ed79fc073e9e8e64e12ca9cee3f1b3b09617b06e5f19d423f3dca5e27321c0ec,"{""circuit"":""surface_code:rotated_memory_x"",""cluster_node_limit"":50,""d"":7,""decoder"":""mwpf"",""decoder_type"":""SolverSerialJointSingleHair"",""p"":0.01,""p_erase"":0.01,""r"":7,""run_id"":""85dc4b86326449a5e4d2267937782207589c000366e3fbe70d98bb3f9fb5a333""}",
        54,         0,         0,   0.093,mwpf__27cac5a9d63b5310296ad2f389f4539acd5e7fb7f123dc12456c335e8393c788,ed79fc073e9e8e64e12ca9cee3f1b3b09617b06e5f19d423f3dca5e27321c0ec,"{""circuit"":""surface_code:rotated_memory_x"",""cluster_node_limit"":50,""d"":7,""decoder"":""mwpf"",""decoder_type"":""SolverSerialJointSingleHair"",""p"":0.01,""p_erase"":0.01,""r"":7,""run_id"":""85dc4b86326449a5e4d2267937782207589c000366e3fbe70d98bb3f9fb5a333""}",
        17,         0,         0,   0.027,mwpf__738c4c2fe60c79a38f4352423c226453cf78c7d4efc409ac916f3f724e7f428b,f522fd2f03991528ab1e67f7b35462f84ed9738f5f8cde70a41909bee4fd3f87,"{""circuit"":""surface_code:rotated_memory_x"",""cluster_node_limit"":50,""d"":7,""decoder"":""mwpf"",""decoder_type"":""SolverSerialJointSingleHair"",""p"":0.009,""p_erase"":0.009,""r"":7,""run_id"":""4b2052dd33b88244b8dc64e1aa696c4f0cef9c363b27e7d2cd9a4ccb51da3596""}",
        71,         0,         0,   0.123,mwpf__27cac5a9d63b5310296ad2f389f4539acd5e7fb7f123dc12456c335e8393c788,ed79fc073e9e8e64e12ca9cee3f1b3b09617b06e5f19d423f3dca5e27321c0ec,"{""circuit"":""surface_code:rotated_memory_x"",""cluster_node_limit"":50,""d"":7,""decoder"":""mwpf"",""decoder_type"":""SolverSerialJointSingleHair"",""p"":0.01,""p_erase"":0.01,""r"":7,""run_id"":""85dc4b86326449a5e4d2267937782207589c000366e3fbe70d98bb3f9fb5a333""}",
        88,         0,         0,   0.171,mwpf__27cac5a9d63b5310296ad2f389f4539acd5e7fb7f123dc12456c335e8393c788,ed79fc073e9e8e64e12ca9cee3f1b3b09617b06e5f19d423f3dca5e27321c0ec,"{""circuit"":""surface_code:rotated_memory_x"",""cluster_node_limit"":50,""d"":7,""decoder"":""mwpf"",""decoder_type"":""SolverSerialJointSingleHair"",""p"":0.01,""p_erase"":0.01,""r"":7,""run_id"":""85dc4b86326449a5e4d2267937782207589c000366e3fbe70d98bb3f9fb5a333""}",
        88,         0,         0,   0.181,mwpf__27cac5a9d63b5310296ad2f389f4539acd5e7fb7f123dc12456c335e8393c788,ed79fc073e9e8e64e12ca9cee3f1b3b09617b06e5f19d423f3dca5e27321c0ec,"{""circuit"":""surface_code:rotated_memory_x"",""cluster_node_limit"":50,""d"":7,""decoder"":""mwpf"",""decoder_type"":""SolverSerialJointSingleHair"",""p"":0.01,""p_erase"":0.01,""r"":7,""run_id"":""85dc4b86326449a5e4d2267937782207589c000366e3fbe70d98bb3f9fb5a333""}",
        88,         0,         0,   0.192,mwpf__27cac5a9d63b5310296ad2f389f4539acd5e7fb7f123dc12456c335e8393c788,ed79fc073e9e8e64e12ca9cee3f1b3b09617b06e5f19d423f3dca5e27321c0ec,"{""circuit"":""surface_code:rotated_memory_x"",""cluster_node_limit"":50,""d"":7,""decoder"":""mwpf"",""decoder_type"":""SolverSerialJointSingleHair"",""p"":0.01,""p_erase"":0.01,""r"":7,""run_id"":""85dc4b86326449a5e4d2267937782207589c000366e3fbe70d98bb3f9fb5a333""}",
        64,         0,         0,   0.095,mwpf__738c4c2fe60c79a38f4352423c226453cf78c7d4efc409ac916f3f724e7f428b,f522fd2f03991528ab1e67f7b35462f84ed9738f5f8cde70a41909bee4fd3f87,"{""circuit"":""surface_code:rotated_memory_x"",""cluster_node_limit"":50,""d"":7,""decoder"":""mwpf"",""decoder_type"":""SolverSerialJointSingleHair"",""p"":0.009,""p_erase"":0.009,""r"":7,""run_id"":""4b2052dd33b88244b8dc64e1aa696c4f0cef9c363b27e7d2cd9a4ccb51da3596""}",
        81,         0,         0,   0.124,mwpf__738c4c2fe60c79a38f4352423c226453cf78c7d4efc409ac916f3f724e7f428b,f522fd2f03991528ab1e67f7b35462f84ed9738f5f8cde70a41909bee4fd3f87,"{""circuit"":""surface_code:rotated_memory_x"",""cluster_node_limit"":50,""d"":7,""decoder"":""mwpf"",""decoder_type"":""SolverSerialJointSingleHair"",""p"":0.009,""p_erase"":0.009,""r"":7,""run_id"":""4b2052dd33b88244b8dc64e1aa696c4f0cef9c363b27e7d2cd9a4ccb51da3596""}",
        78,         0,         0,   0.142,mwpf__738c4c2fe60c79a38f4352423c226453cf78c7d4efc409ac916f3f724e7f428b,f522fd2f03991528ab1e67f7b35462f84ed9738f5f8cde70a41909bee4fd3f87,"{""circuit"":""surface_code:rotated_memory_x"",""cluster_node_limit"":50,""d"":7,""decoder"":""mwpf"",""decoder_type"":""SolverSerialJointSingleHair"",""p"":0.009,""p_erase"":0.009,""r"":7,""run_id"":""4b2052dd33b88244b8dc64e1aa696c4f0cef9c363b27e7d2cd9a4ccb51da3596""}",
        81,         0,         0,   0.150,mwpf__738c4c2fe60c79a38f4352423c226453cf78c7d4efc409ac916f3f724e7f428b,f522fd2f03991528ab1e67f7b35462f84ed9738f5f8cde70a41909bee4fd3f87,"{""circuit"":""surface_code:rotated_memory_x"",""cluster_node_limit"":50,""d"":7,""decoder"":""mwpf"",""decoder_type"":""SolverSerialJointSingleHair"",""p"":0.009,""p_erase"":0.009,""r"":7,""run_id"":""4b2052dd33b88244b8dc64e1aa696c4f0cef9c363b27e7d2cd9a4ccb51da3596""}",
        81,         0,         0,   0.145,mwpf__738c4c2fe60c79a38f4352423c226453cf78c7d4efc409ac916f3f724e7f428b,f522fd2f03991528ab1e67f7b35462f84ed9738f5f8cde70a41909bee4fd3f87,"{""circuit"":""surface_code:rotated_memory_x"",""cluster_node_limit"":50,""d"":7,""decoder"":""mwpf"",""decoder_type"":""SolverSerialJointSingleHair"",""p"":0.009,""p_erase"":0.009,""r"":7,""run_id"":""4b2052dd33b88244b8dc64e1aa696c4f0cef9c363b27e7d2cd9a4ccb51da3596""}",
        17,         0,         0,   0.078,mwpf__4be7971ec0aed8b350943219afc2640031998d7bde83aee6a0f21fb9cad0071d,0b500337b6e25e32dcf4bed99809a5d106409a48cf464ef28981fe2fb56292db,"{""circuit"":""surface_code:rotated_memory_x"",""cluster_node_limit"":50,""d"":7,""decoder"":""mwpf"",""decoder_type"":""SolverSerialJointSingleHair"",""p"":0.02,""p_erase"":0.02,""r"":7,""run_id"":""ec632a372450f8a655350bea6e7a952b552cfb386cd39755b54f2b84ee3f6f31""}",
        84,         0,         0,   0.345,mwpf__4be7971ec0aed8b350943219afc2640031998d7bde83aee6a0f21fb9cad0071d,0b500337b6e25e32dcf4bed99809a5d106409a48cf464ef28981fe2fb56292db,"{""circuit"":""surface_code:rotated_memory_x"",""cluster_node_limit"":50,""d"":7,""decoder"":""mwpf"",""decoder_type"":""SolverSerialJointSingleHair"",""p"":0.02,""p_erase"":0.02,""r"":7,""run_id"":""ec632a372450f8a655350bea6e7a952b552cfb386cd39755b54f2b84ee3f6f31""}",
       128,         0,         0,   0.569,mwpf__4be7971ec0aed8b350943219afc2640031998d7bde83aee6a0f21fb9cad0071d,0b500337b6e25e32dcf4bed99809a5d106409a48cf464ef28981fe2fb56292db,"{""circuit"":""surface_code:rotated_memory_x"",""cluster_node_limit"":50,""d"":7,""decoder"":""mwpf"",""decoder_type"":""SolverSerialJointSingleHair"",""p"":0.02,""p_erase"":0.02,""r"":7,""run_id"":""ec632a372450f8a655350bea6e7a952b552cfb386cd39755b54f2b84ee3f6f31""}",
         1,         0,         0,   0.001,mwpf__cc84687092a659fc65a3ee05269b6b569030e8df60c8f6bb1338aab95b850464,de2559247a63aadd19f6ad89515979a5d4f1397f9e0720615a2b8b2b9f64cc61,"{""circuit"":""surface_code:rotated_memory_x"",""cluster_node_limit"":50,""d"":7,""decoder"":""mwpf"",""decoder_type"":""SolverSerialJointSingleHair"",""p"":0.008,""p_erase"":0.008,""r"":7,""run_id"":""b0127341a48953a855ea3549247068ee7050e7461912fad56a38b1d8708ded61""}",
         1,         0,         0,   0.004,mwpf__cc84687092a659fc65a3ee05269b6b569030e8df60c8f6bb1338aab95b850464,de2559247a63aadd19f6ad89515979a5d4f1397f9e0720615a2b8b2b9f64cc61,"{""circuit"":""surface_code:rotated_memory_x"",""cluster_node_limit"":50,""d"":7,""decoder"":""mwpf"",""decoder_type"":""SolverSerialJointSingleHair"",""p"":0.008,""p_erase"":0.008,""r"":7,""run_id"":""b0127341a48953a855ea3549247068ee7050e7461912fad56a38b1d8708ded61""}",
       190,         2,         0,   0.815,mwpf__4be7971ec0aed8b350943219afc2640031998d7bde83aee6a0f21fb9cad0071d,0b500337b6e25e32dcf4bed99809a5d106409a48cf464ef28981fe2fb56292db,"{""circuit"":""surface_code:rotated_memory_x"",""cluster_node_limit"":50,""d"":7,""decoder"":""mwpf"",""decoder_type"":""SolverSerialJointSingleHair"",""p"":0.02,""p_erase"":0.02,""r"":7,""run_id"":""ec632a372450f8a655350bea6e7a952b552cfb386cd39755b54f2b84ee3f6f31""}",
        61,         0,         0,   0.256,mwpf__4be7971ec0aed8b350943219afc2640031998d7bde83aee6a0f21fb9cad0071d,0b500337b6e25e32dcf4bed99809a5d106409a48cf464ef28981fe2fb56292db,"{""circuit"":""surface_code:rotated_memory_x"",""cluster_node_limit"":50,""d"":7,""decoder"":""mwpf"",""decoder_type"":""SolverSerialJointSingleHair"",""p"":0.02,""p_erase"":0.02,""r"":7,""run_id"":""ec632a372450f8a655350bea6e7a952b552cfb386cd39755b54f2b84ee3f6f31""}",
        17,         0,         0,   0.079,mwpf__4be7971ec0aed8b350943219afc2640031998d7bde83aee6a0f21fb9cad0071d,0b500337b6e25e32dcf4bed99809a5d106409a48cf464ef28981fe2fb56292db,"{""circuit"":""surface_code:rotated_memory_x"",""cluster_node_limit"":50,""d"":7,""decoder"":""mwpf"",""decoder_type"":""SolverSerialJointSingleHair"",""p"":0.02,""p_erase"":0.02,""r"":7,""run_id"":""ec632a372450f8a655350bea6e7a952b552cfb386cd39755b54f2b84ee3f6f31""}",
        50,         0,         0,   0.248,mwpf__4be7971ec0aed8b350943219afc2640031998d7bde83aee6a0f21fb9cad0071d,0b500337b6e25e32dcf4bed99809a5d106409a48cf464ef28981fe2fb56292db,"{""circuit"":""surface_code:rotated_memory_x"",""cluster_node_limit"":50,""d"":7,""decoder"":""mwpf"",""decoder_type"":""SolverSerialJointSingleHair"",""p"":0.02,""p_erase"":0.02,""r"":7,""run_id"":""ec632a372450f8a655350bea6e7a952b552cfb386cd39755b54f2b84ee3f6f31""}",
        70,         0,         0,   0.325,mwpf__4be7971ec0aed8b350943219afc2640031998d7bde83aee6a0f21fb9cad0071d,0b500337b6e25e32dcf4bed99809a5d106409a48cf464ef28981fe2fb56292db,"{""circuit"":""surface_code:rotated_memory_x"",""cluster_node_limit"":50,""d"":7,""decoder"":""mwpf"",""decoder_type"":""SolverSerialJointSingleHair"",""p"":0.02,""p_erase"":0.02,""r"":7,""run_id"":""ec632a372450f8a655350bea6e7a952b552cfb386cd39755b54f2b84ee3f6f31""}",
        11,         0,         0,   0.020,mwpf__27cac5a9d63b5310296ad2f389f4539acd5e7fb7f123dc12456c335e8393c788,ed79fc073e9e8e64e12ca9cee3f1b3b09617b06e5f19d423f3dca5e27321c0ec,"{""circuit"":""surface_code:rotated_memory_x"",""cluster_node_limit"":50,""d"":7,""decoder"":""mwpf"",""decoder_type"":""SolverSerialJointSingleHair"",""p"":0.01,""p_erase"":0.01,""r"":7,""run_id"":""85dc4b86326449a5e4d2267937782207589c000366e3fbe70d98bb3f9fb5a333""}",
        17,         0,         0,   0.033,mwpf__27cac5a9d63b5310296ad2f389f4539acd5e7fb7f123dc12456c335e8393c788,ed79fc073e9e8e64e12ca9cee3f1b3b09617b06e5f19d423f3dca5e27321c0ec,"{""circuit"":""surface_code:rotated_memory_x"",""cluster_node_limit"":50,""d"":7,""decoder"":""mwpf"",""decoder_type"":""SolverSerialJointSingleHair"",""p"":0.01,""p_erase"":0.01,""r"":7,""run_id"":""85dc4b86326449a5e4d2267937782207589c000366e3fbe70d98bb3f9fb5a333""}",
         1,         0,         0,   0.002,mwpf__27cac5a9d63b5310296ad2f389f4539acd5e7fb7f123dc12456c335e8393c788,ed79fc073e9e8e64e12ca9cee3f1b3b09617b06e5f19d423f3dca5e27321c0ec,"{""circuit"":""surface_code:rotated_memory_x"",""cluster_node_limit"":50,""d"":7,""decoder"":""mwpf"",""decoder_type"":""SolverSerialJointSingleHair"",""p"":0.01,""p_erase"":0.01,""r"":7,""run_id"":""85dc4b86326449a5e4d2267937782207589c000366e3fbe70d98bb3f9fb5a333""}",
        10,         0,         0,   0.038,mwpf__27cac5a9d63b5310296ad2f389f4539acd5e7fb7f123dc12456c335e8393c788,ed79fc073e9e8e64e12ca9cee3f1b3b09617b06e5f19d423f3dca5e27321c0ec,"{""circuit"":""surface_code:rotated_memory_x"",""cluster_node_limit"":50,""d"":7,""decoder"":""mwpf"",""decoder_type"":""SolverSerialJointSingleHair"",""p"":0.01,""p_erase"":0.01,""r"":7,""run_id"":""85dc4b86326449a5e4d2267937782207589c000366e3fbe70d98bb3f9fb5a333""}",
         8,         0,         0,   0.015,mwpf__27cac5a9d63b5310296ad2f389f4539acd5e7fb7f123dc12456c335e8393c788,ed79fc073e9e8e64e12ca9cee3f1b3b09617b06e5f19d423f3dca5e27321c0ec,"{""circuit"":""surface_code:rotated_memory_x"",""cluster_node_limit"":50,""d"":7,""decoder"":""mwpf"",""decoder_type"":""SolverSerialJointSingleHair"",""p"":0.01,""p_erase"":0.01,""r"":7,""run_id"":""85dc4b86326449a5e4d2267937782207589c000366e3fbe70d98bb3f9fb5a333""}",
        26,         0,         0,   0.060,mwpf__27cac5a9d63b5310296ad2f389f4539acd5e7fb7f123dc12456c335e8393c788,ed79fc073e9e8e64e12ca9cee3f1b3b09617b06e5f19d423f3dca5e27321c0ec,"{""circuit"":""surface_code:rotated_memory_x"",""cluster_node_limit"":50,""d"":7,""decoder"":""mwpf"",""decoder_type"":""SolverSerialJointSingleHair"",""p"":0.01,""p_erase"":0.01,""r"":7,""run_id"":""85dc4b86326449a5e4d2267937782207589c000366e3fbe70d98bb3f9fb5a333""}",
        26,         0,         0,   0.073,mwpf__27cac5a9d63b5310296ad2f389f4539acd5e7fb7f123dc12456c335e8393c788,ed79fc073e9e8e64e12ca9cee3f1b3b09617b06e5f19d423f3dca5e27321c0ec,"{""circuit"":""surface_code:rotated_memory_x"",""cluster_node_limit"":50,""d"":7,""decoder"":""mwpf"",""decoder_type"":""SolverSerialJointSingleHair"",""p"":0.01,""p_erase"":0.01,""r"":7,""run_id"":""85dc4b86326449a5e4d2267937782207589c000366e3fbe70d98bb3f9fb5a333""}",
       103,         0,         0,   0.437,mwpf__4be7971ec0aed8b350943219afc2640031998d7bde83aee6a0f21fb9cad0071d,0b500337b6e25e32dcf4bed99809a5d106409a48cf464ef28981fe2fb56292db,"{""circuit"":""surface_code:rotated_memory_x"",""cluster_node_limit"":50,""d"":7,""decoder"":""mwpf"",""decoder_type"":""SolverSerialJointSingleHair"",""p"":0.02,""p_erase"":0.02,""r"":7,""run_id"":""ec632a372450f8a655350bea6e7a952b552cfb386cd39755b54f2b84ee3f6f31""}",
        26,         0,         0,   0.077,mwpf__27cac5a9d63b5310296ad2f389f4539acd5e7fb7f123dc12456c335e8393c788,ed79fc073e9e8e64e12ca9cee3f1b3b09617b06e5f19d423f3dca5e27321c0ec,"{""circuit"":""surface_code:rotated_memory_x"",""cluster_node_limit"":50,""d"":7,""decoder"":""mwpf"",""decoder_type"":""SolverSerialJointSingleHair"",""p"":0.01,""p_erase"":0.01,""r"":7,""run_id"":""85dc4b86326449a5e4d2267937782207589c000366e3fbe70d98bb3f9fb5a333""}",
       120,         2,         0,   0.533,mwpf__4be7971ec0aed8b350943219afc2640031998d7bde83aee6a0f21fb9cad0071d,0b500337b6e25e32dcf4bed99809a5d106409a48cf464ef28981fe2fb56292db,"{""circuit"":""surface_code:rotated_memory_x"",""cluster_node_limit"":50,""d"":7,""decoder"":""mwpf"",""decoder_type"":""SolverSerialJointSingleHair"",""p"":0.02,""p_erase"":0.02,""r"":7,""run_id"":""ec632a372450f8a655350bea6e7a952b552cfb386cd39755b54f2b84ee3f6f31""}",
       120,         0,         0,   0.562,mwpf__4be7971ec0aed8b350943219afc2640031998d7bde83aee6a0f21fb9cad0071d,0b500337b6e25e32dcf4bed99809a5d106409a48cf464ef28981fe2fb56292db,"{""circuit"":""surface_code:rotated_memory_x"",""cluster_node_limit"":50,""d"":7,""decoder"":""mwpf"",""decoder_type"":""SolverSerialJointSingleHair"",""p"":0.02,""p_erase"":0.02,""r"":7,""run_id"":""ec632a372450f8a655350bea6e7a952b552cfb386cd39755b54f2b84ee3f6f31""}",
         4,         0,         0,   0.011,mwpf__27cac5a9d63b5310296ad2f389f4539acd5e7fb7f123dc12456c335e8393c788,ed79fc073e9e8e64e12ca9cee3f1b3b09617b06e5f19d423f3dca5e27321c0ec,"{""circuit"":""surface_code:rotated_memory_x"",""cluster_node_limit"":50,""d"":7,""decoder"":""mwpf"",""decoder_type"":""SolverSerialJointSingleHair"",""p"":0.01,""p_erase"":0.01,""r"":7,""run_id"":""85dc4b86326449a5e4d2267937782207589c000366e3fbe70d98bb3f9fb5a333""}",
        11,         0,         0,   0.020,mwpf__27cac5a9d63b5310296ad2f389f4539acd5e7fb7f123dc12456c335e8393c788,ed79fc073e9e8e64e12ca9cee3f1b3b09617b06e5f19d423f3dca5e27321c0ec,"{""circuit"":""surface_code:rotated_memory_x"",""cluster_node_limit"":50,""d"":7,""decoder"":""mwpf"",""decoder_type"":""SolverSerialJointSingleHair"",""p"":0.01,""p_erase"":0.01,""r"":7,""run_id"":""85dc4b86326449a5e4d2267937782207589c000366e3fbe70d98bb3f9fb5a333""}",
        11,         0,         0,   0.033,mwpf__27cac5a9d63b5310296ad2f389f4539acd5e7fb7f123dc12456c335e8393c788,ed79fc073e9e8e64e12ca9cee3f1b3b09617b06e5f19d423f3dca5e27321c0ec,"{""circuit"":""surface_code:rotated_memory_x"",""cluster_node_limit"":50,""d"":7,""decoder"":""mwpf"",""decoder_type"":""SolverSerialJointSingleHair"",""p"":0.01,""p_erase"":0.01,""r"":7,""run_id"":""85dc4b86326449a5e4d2267937782207589c000366e3fbe70d98bb3f9fb5a333""}",
        11,         0,         0,   0.038,mwpf__27cac5a9d63b5310296ad2f389f4539acd5e7fb7f123dc12456c335e8393c788,ed79fc073e9e8e64e12ca9cee3f1b3b09617b06e5f19d423f3dca5e27321c0ec,"{""circuit"":""surface_code:rotated_memory_x"",""cluster_node_limit"":50,""d"":7,""decoder"":""mwpf"",""decoder_type"":""SolverSerialJointSingleHair"",""p"":0.01,""p_erase"":0.01,""r"":7,""run_id"":""85dc4b86326449a5e4d2267937782207589c000366e3fbe70d98bb3f9fb5a333""}",
        11,         0,         0,   0.038,mwpf__27cac5a9d63b5310296ad2f389f4539acd5e7fb7f123dc12456c335e8393c788,ed79fc073e9e8e64e12ca9cee3f1b3b09617b06e5f19d423f3dca5e27321c0ec,"{""circuit"":""surface_code:rotated_memory_x"",""cluster_node_limit"":50,""d"":7,""decoder"":""mwpf"",""decoder_type"":""SolverSerialJointSingleHair"",""p"":0.01,""p_erase"":0.01,""r"":7,""run_id"":""85dc4b86326449a5e4d2267937782207589c000366e3fbe70d98bb3f9fb5a333""}",
        11,         0,         0,   0.043,mwpf__27cac5a9d63b5310296ad2f389f4539acd5e7fb7f123dc12456c335e8393c788,ed79fc073e9e8e64e12ca9cee3f1b3b09617b06e5f19d423f3dca5e27321c0ec,"{""circuit"":""surface_code:rotated_memory_x"",""cluster_node_limit"":50,""d"":7,""decoder"":""mwpf"",""decoder_type"":""SolverSerialJointSingleHair"",""p"":0.01,""p_erase"":0.01,""r"":7,""run_id"":""85dc4b86326449a5e4d2267937782207589c000366e3fbe70d98bb3f9fb5a333""}",
        11,         0,         0,   0.040,mwpf__27cac5a9d63b5310296ad2f389f4539acd5e7fb7f123dc12456c335e8393c788,ed79fc073e9e8e64e12ca9cee3f1b3b09617b06e5f19d423f3dca5e27321c0ec,"{""circuit"":""surface_code:rotated_memory_x"",""cluster_node_limit"":50,""d"":7,""decoder"":""mwpf"",""decoder_type"":""SolverSerialJointSingleHair"",""p"":0.01,""p_erase"":0.01,""r"":7,""run_id"":""85dc4b86326449a5e4d2267937782207589c000366e3fbe70d98bb3f9fb5a333""}",
         1,         0,         0,   0.013,mwpf__52a073e7515446df52cbda9ca7c289cfd1927a5295e69ea691f5d15087ee0aff,5a668985a08f01552b0c1df7417c34aec474e3171f00de2b4ec4b430761e3525,"{""circuit"":""surface_code:rotated_memory_x"",""cluster_node_limit"":50,""d"":7,""decoder"":""mwpf"",""decoder_type"":""SolverSerialJointSingleHair"",""p"":0.03,""p_erase"":0.03,""r"":7,""run_id"":""813ba4eb16fa666e67959bd8c62870ba1c2c26cd74e0d3cecbae76623e9435dc""}",
        10,         0,         0,   0.072,mwpf__4be7971ec0aed8b350943219afc2640031998d7bde83aee6a0f21fb9cad0071d,0b500337b6e25e32dcf4bed99809a5d106409a48cf464ef28981fe2fb56292db,"{""circuit"":""surface_code:rotated_memory_x"",""cluster_node_limit"":50,""d"":7,""decoder"":""mwpf"",""decoder_type"":""SolverSerialJointSingleHair"",""p"":0.02,""p_erase"":0.02,""r"":7,""run_id"":""ec632a372450f8a655350bea6e7a952b552cfb386cd39755b54f2b84ee3f6f31""}",
        17,         0,         0,   0.081,mwpf__4be7971ec0aed8b350943219afc2640031998d7bde83aee6a0f21fb9cad0071d,0b500337b6e25e32dcf4bed99809a5d106409a48cf464ef28981fe2fb56292db,"{""circuit"":""surface_code:rotated_memory_x"",""cluster_node_limit"":50,""d"":7,""decoder"":""mwpf"",""decoder_type"":""SolverSerialJointSingleHair"",""p"":0.02,""p_erase"":0.02,""r"":7,""run_id"":""ec632a372450f8a655350bea6e7a952b552cfb386cd39755b54f2b84ee3f6f31""}",
        16,         2,         0,   0.167,mwpf__52a073e7515446df52cbda9ca7c289cfd1927a5295e69ea691f5d15087ee0aff,5a668985a08f01552b0c1df7417c34aec474e3171f00de2b4ec4b430761e3525,"{""circuit"":""surface_code:rotated_memory_x"",""cluster_node_limit"":50,""d"":7,""decoder"":""mwpf"",""decoder_type"":""SolverSerialJointSingleHair"",""p"":0.03,""p_erase"":0.03,""r"":7,""run_id"":""813ba4eb16fa666e67959bd8c62870ba1c2c26cd74e0d3cecbae76623e9435dc""}",
        17,         1,         0,   0.172,mwpf__52a073e7515446df52cbda9ca7c289cfd1927a5295e69ea691f5d15087ee0aff,5a668985a08f01552b0c1df7417c34aec474e3171f00de2b4ec4b430761e3525,"{""circuit"":""surface_code:rotated_memory_x"",""cluster_node_limit"":50,""d"":7,""decoder"":""mwpf"",""decoder_type"":""SolverSerialJointSingleHair"",""p"":0.03,""p_erase"":0.03,""r"":7,""run_id"":""813ba4eb16fa666e67959bd8c62870ba1c2c26cd74e0d3cecbae76623e9435dc""}",
        43,         0,         0,   0.190,mwpf__4be7971ec0aed8b350943219afc2640031998d7bde83aee6a0f21fb9cad0071d,0b500337b6e25e32dcf4bed99809a5d106409a48cf464ef28981fe2fb56292db,"{""circuit"":""surface_code:rotated_memory_x"",""cluster_node_limit"":50,""d"":7,""decoder"":""mwpf"",""decoder_type"":""SolverSerialJointSingleHair"",""p"":0.02,""p_erase"":0.02,""r"":7,""run_id"":""ec632a372450f8a655350bea6e7a952b552cfb386cd39755b54f2b84ee3f6f31""}",
        60,         0,         0,   0.280,mwpf__4be7971ec0aed8b350943219afc2640031998d7bde83aee6a0f21fb9cad0071d,0b500337b6e25e32dcf4bed99809a5d106409a48cf464ef28981fe2fb56292db,"{""circuit"":""surface_code:rotated_memory_x"",""cluster_node_limit"":50,""d"":7,""decoder"":""mwpf"",""decoder_type"":""SolverSerialJointSingleHair"",""p"":0.02,""p_erase"":0.02,""r"":7,""run_id"":""ec632a372450f8a655350bea6e7a952b552cfb386cd39755b54f2b84ee3f6f31""}",
        60,         1,         0,   0.284,mwpf__4be7971ec0aed8b350943219afc2640031998d7bde83aee6a0f21fb9cad0071d,0b500337b6e25e32dcf4bed99809a5d106409a48cf464ef28981fe2fb56292db,"{""circuit"":""surface_code:rotated_memory_x"",""cluster_node_limit"":50,""d"":7,""decoder"":""mwpf"",""decoder_type"":""SolverSerialJointSingleHair"",""p"":0.02,""p_erase"":0.02,""r"":7,""run_id"":""ec632a372450f8a655350bea6e7a952b552cfb386cd39755b54f2b84ee3f6f31""}",
        60,         1,         0,   0.280,mwpf__4be7971ec0aed8b350943219afc2640031998d7bde83aee6a0f21fb9cad0071d,0b500337b6e25e32dcf4bed99809a5d106409a48cf464ef28981fe2fb56292db,"{""circuit"":""surface_code:rotated_memory_x"",""cluster_node_limit"":50,""d"":7,""decoder"":""mwpf"",""decoder_type"":""SolverSerialJointSingleHair"",""p"":0.02,""p_erase"":0.02,""r"":7,""run_id"":""ec632a372450f8a655350bea6e7a952b552cfb386cd39755b54f2b84ee3f6f31""}",
        60,         0,         0,   0.288,mwpf__4be7971ec0aed8b350943219afc2640031998d7bde83aee6a0f21fb9cad0071d,0b500337b6e25e32dcf4bed99809a5d106409a48cf464ef28981fe2fb56292db,"{""circuit"":""surface_code:rotated_memory_x"",""cluster_node_limit"":50,""d"":7,""decoder"":""mwpf"",""decoder_type"":""SolverSerialJointSingleHair"",""p"":0.02,""p_erase"":0.02,""r"":7,""run_id"":""ec632a372450f8a655350bea6e7a952b552cfb386cd39755b54f2b84ee3f6f31""}",
        60,         1,         0,   0.294,mwpf__4be7971ec0aed8b350943219afc2640031998d7bde83aee6a0f21fb9cad0071d,0b500337b6e25e32dcf4bed99809a5d106409a48cf464ef28981fe2fb56292db,"{""circuit"":""surface_code:rotated_memory_x"",""cluster_node_limit"":50,""d"":7,""decoder"":""mwpf"",""decoder_type"":""SolverSerialJointSingleHair"",""p"":0.02,""p_erase"":0.02,""r"":7,""run_id"":""ec632a372450f8a655350bea6e7a952b552cfb386cd39755b54f2b84ee3f6f31""}",
        50,         0,         0,   0.230,mwpf__4be7971ec0aed8b350943219afc2640031998d7bde83aee6a0f21fb9cad0071d,0b500337b6e25e32dcf4bed99809a5d106409a48cf464ef28981fe2fb56292db,"{""circuit"":""surface_code:rotated_memory_x"",""cluster_node_limit"":50,""d"":7,""decoder"":""mwpf"",""decoder_type"":""SolverSerialJointSingleHair"",""p"":0.02,""p_erase"":0.02,""r"":7,""run_id"":""ec632a372450f8a655350bea6e7a952b552cfb386cd39755b54f2b84ee3f6f31""}",
        32,         6,         0,   0.286,mwpf__52a073e7515446df52cbda9ca7c289cfd1927a5295e69ea691f5d15087ee0aff,5a668985a08f01552b0c1df7417c34aec474e3171f00de2b4ec4b430761e3525,"{""circuit"":""surface_code:rotated_memory_x"",""cluster_node_limit"":50,""d"":7,""decoder"":""mwpf"",""decoder_type"":""SolverSerialJointSingleHair"",""p"":0.03,""p_erase"":0.03,""r"":7,""run_id"":""813ba4eb16fa666e67959bd8c62870ba1c2c26cd74e0d3cecbae76623e9435dc""}",
        32,         2,         0,   0.303,mwpf__52a073e7515446df52cbda9ca7c289cfd1927a5295e69ea691f5d15087ee0aff,5a668985a08f01552b0c1df7417c34aec474e3171f00de2b4ec4b430761e3525,"{""circuit"":""surface_code:rotated_memory_x"",""cluster_node_limit"":50,""d"":7,""decoder"":""mwpf"",""decoder_type"":""SolverSerialJointSingleHair"",""p"":0.03,""p_erase"":0.03,""r"":7,""run_id"":""813ba4eb16fa666e67959bd8c62870ba1c2c26cd74e0d3cecbae76623e9435dc""}",
        63,         3,         0,   0.601,mwpf__52a073e7515446df52cbda9ca7c289cfd1927a5295e69ea691f5d15087ee0aff,5a668985a08f01552b0c1df7417c34aec474e3171f00de2b4ec4b430761e3525,"{""circuit"":""surface_code:rotated_memory_x"",""cluster_node_limit"":50,""d"":7,""decoder"":""mwpf"",""decoder_type"":""SolverSerialJointSingleHair"",""p"":0.03,""p_erase"":0.03,""r"":7,""run_id"":""813ba4eb16fa666e67959bd8c62870ba1c2c26cd74e0d3cecbae76623e9435dc""}",
        32,         0,         0,   0.300,mwpf__52a073e7515446df52cbda9ca7c289cfd1927a5295e69ea691f5d15087ee0aff,5a668985a08f01552b0c1df7417c34aec474e3171f00de2b4ec4b430761e3525,"{""circuit"":""surface_code:rotated_memory_x"",""cluster_node_limit"":50,""d"":7,""decoder"":""mwpf"",""decoder_type"":""SolverSerialJointSingleHair"",""p"":0.03,""p_erase"":0.03,""r"":7,""run_id"":""813ba4eb16fa666e67959bd8c62870ba1c2c26cd74e0d3cecbae76623e9435dc""}",
        64,         8,         0,   0.609,mwpf__52a073e7515446df52cbda9ca7c289cfd1927a5295e69ea691f5d15087ee0aff,5a668985a08f01552b0c1df7417c34aec474e3171f00de2b4ec4b430761e3525,"{""circuit"":""surface_code:rotated_memory_x"",""cluster_node_limit"":50,""d"":7,""decoder"":""mwpf"",""decoder_type"":""SolverSerialJointSingleHair"",""p"":0.03,""p_erase"":0.03,""r"":7,""run_id"":""813ba4eb16fa666e67959bd8c62870ba1c2c26cd74e0d3cecbae76623e9435dc""}",
       128,         6,         0,    1.19,mwpf__52a073e7515446df52cbda9ca7c289cfd1927a5295e69ea691f5d15087ee0aff,5a668985a08f01552b0c1df7417c34aec474e3171f00de2b4ec4b430761e3525,"{""circuit"":""surface_code:rotated_memory_x"",""cluster_node_limit"":50,""d"":7,""decoder"":""mwpf"",""decoder_type"":""SolverSerialJointSingleHair"",""p"":0.03,""p_erase"":0.03,""r"":7,""run_id"":""813ba4eb16fa666e67959bd8c62870ba1c2c26cd74e0d3cecbae76623e9435dc""}",
         3,         0,         0,   0.010,mwpf__738c4c2fe60c79a38f4352423c226453cf78c7d4efc409ac916f3f724e7f428b,f522fd2f03991528ab1e67f7b35462f84ed9738f5f8cde70a41909bee4fd3f87,"{""circuit"":""surface_code:rotated_memory_x"",""cluster_node_limit"":50,""d"":7,""decoder"":""mwpf"",""decoder_type"":""SolverSerialJointSingleHair"",""p"":0.009,""p_erase"":0.009,""r"":7,""run_id"":""4b2052dd33b88244b8dc64e1aa696c4f0cef9c363b27e7d2cd9a4ccb51da3596""}",
         1,         0,         0,   0.003,mwpf__738c4c2fe60c79a38f4352423c226453cf78c7d4efc409ac916f3f724e7f428b,f522fd2f03991528ab1e67f7b35462f84ed9738f5f8cde70a41909bee4fd3f87,"{""circuit"":""surface_code:rotated_memory_x"",""cluster_node_limit"":50,""d"":7,""decoder"":""mwpf"",""decoder_type"":""SolverSerialJointSingleHair"",""p"":0.009,""p_erase"":0.009,""r"":7,""run_id"":""4b2052dd33b88244b8dc64e1aa696c4f0cef9c363b27e7d2cd9a4ccb51da3596""}",
        11,         0,         0,   0.018,mwpf__738c4c2fe60c79a38f4352423c226453cf78c7d4efc409ac916f3f724e7f428b,f522fd2f03991528ab1e67f7b35462f84ed9738f5f8cde70a41909bee4fd3f87,"{""circuit"":""surface_code:rotated_memory_x"",""cluster_node_limit"":50,""d"":7,""decoder"":""mwpf"",""decoder_type"":""SolverSerialJointSingleHair"",""p"":0.009,""p_erase"":0.009,""r"":7,""run_id"":""4b2052dd33b88244b8dc64e1aa696c4f0cef9c363b27e7d2cd9a4ccb51da3596""}",
        11,         0,         0,   0.034,mwpf__738c4c2fe60c79a38f4352423c226453cf78c7d4efc409ac916f3f724e7f428b,f522fd2f03991528ab1e67f7b35462f84ed9738f5f8cde70a41909bee4fd3f87,"{""circuit"":""surface_code:rotated_memory_x"",""cluster_node_limit"":50,""d"":7,""decoder"":""mwpf"",""decoder_type"":""SolverSerialJointSingleHair"",""p"":0.009,""p_erase"":0.009,""r"":7,""run_id"":""4b2052dd33b88244b8dc64e1aa696c4f0cef9c363b27e7d2cd9a4ccb51da3596""}",
        11,         0,         0,   0.036,mwpf__738c4c2fe60c79a38f4352423c226453cf78c7d4efc409ac916f3f724e7f428b,f522fd2f03991528ab1e67f7b35462f84ed9738f5f8cde70a41909bee4fd3f87,"{""circuit"":""surface_code:rotated_memory_x"",""cluster_node_limit"":50,""d"":7,""decoder"":""mwpf"",""decoder_type"":""SolverSerialJointSingleHair"",""p"":0.009,""p_erase"":0.009,""r"":7,""run_id"":""4b2052dd33b88244b8dc64e1aa696c4f0cef9c363b27e7d2cd9a4ccb51da3596""}",
        64,         4,         0,   0.578,mwpf__52a073e7515446df52cbda9ca7c289cfd1927a5295e69ea691f5d15087ee0aff,5a668985a08f01552b0c1df7417c34aec474e3171f00de2b4ec4b430761e3525,"{""circuit"":""surface_code:rotated_memory_x"",""cluster_node_limit"":50,""d"":7,""decoder"":""mwpf"",""decoder_type"":""SolverSerialJointSingleHair"",""p"":0.03,""p_erase"":0.03,""r"":7,""run_id"":""813ba4eb16fa666e67959bd8c62870ba1c2c26cd74e0d3cecbae76623e9435dc""}",
        11,         0,         0,   0.034,mwpf__738c4c2fe60c79a38f4352423c226453cf78c7d4efc409ac916f3f724e7f428b,f522fd2f03991528ab1e67f7b35462f84ed9738f5f8cde70a41909bee4fd3f87,"{""circuit"":""surface_code:rotated_memory_x"",""cluster_node_limit"":50,""d"":7,""decoder"":""mwpf"",""decoder_type"":""SolverSerialJointSingleHair"",""p"":0.009,""p_erase"":0.009,""r"":7,""run_id"":""4b2052dd33b88244b8dc64e1aa696c4f0cef9c363b27e7d2cd9a4ccb51da3596""}",
        11,         0,         0,   0.036,mwpf__738c4c2fe60c79a38f4352423c226453cf78c7d4efc409ac916f3f724e7f428b,f522fd2f03991528ab1e67f7b35462f84ed9738f5f8cde70a41909bee4fd3f87,"{""circuit"":""surface_code:rotated_memory_x"",""cluster_node_limit"":50,""d"":7,""decoder"":""mwpf"",""decoder_type"":""SolverSerialJointSingleHair"",""p"":0.009,""p_erase"":0.009,""r"":7,""run_id"":""4b2052dd33b88244b8dc64e1aa696c4f0cef9c363b27e7d2cd9a4ccb51da3596""}",
        64,         6,         0,   0.577,mwpf__52a073e7515446df52cbda9ca7c289cfd1927a5295e69ea691f5d15087ee0aff,5a668985a08f01552b0c1df7417c34aec474e3171f00de2b4ec4b430761e3525,"{""circuit"":""surface_code:rotated_memory_x"",""cluster_node_limit"":50,""d"":7,""decoder"":""mwpf"",""decoder_type"":""SolverSerialJointSingleHair"",""p"":0.03,""p_erase"":0.03,""r"":7,""run_id"":""813ba4eb16fa666e67959bd8c62870ba1c2c26cd74e0d3cecbae76623e9435dc""}",
        64,         3,         0,   0.550,mwpf__52a073e7515446df52cbda9ca7c289cfd1927a5295e69ea691f5d15087ee0aff,5a668985a08f01552b0c1df7417c34aec474e3171f00de2b4ec4b430761e3525,"{""circuit"":""surface_code:rotated_memory_x"",""cluster_node_limit"":50,""d"":7,""decoder"":""mwpf"",""decoder_type"":""SolverSerialJointSingleHair"",""p"":0.03,""p_erase"":0.03,""r"":7,""run_id"":""813ba4eb16fa666e67959bd8c62870ba1c2c26cd74e0d3cecbae76623e9435dc""}",
        64,         6,         0,   0.586,mwpf__52a073e7515446df52cbda9ca7c289cfd1927a5295e69ea691f5d15087ee0aff,5a668985a08f01552b0c1df7417c34aec474e3171f00de2b4ec4b430761e3525,"{""circuit"":""surface_code:rotated_memory_x"",""cluster_node_limit"":50,""d"":7,""decoder"":""mwpf"",""decoder_type"":""SolverSerialJointSingleHair"",""p"":0.03,""p_erase"":0.03,""r"":7,""run_id"":""813ba4eb16fa666e67959bd8c62870ba1c2c26cd74e0d3cecbae76623e9435dc""}",
       259,        17,         0,    2.30,mwpf__52a073e7515446df52cbda9ca7c289cfd1927a5295e69ea691f5d15087ee0aff,5a668985a08f01552b0c1df7417c34aec474e3171f00de2b4ec4b430761e3525,"{""circuit"":""surface_code:rotated_memory_x"",""cluster_node_limit"":50,""d"":7,""decoder"":""mwpf"",""decoder_type"":""SolverSerialJointSingleHair"",""p"":0.03,""p_erase"":0.03,""r"":7,""run_id"":""813ba4eb16fa666e67959bd8c62870ba1c2c26cd74e0d3cecbae76623e9435dc""}",
        64,         3,         0,   0.601,mwpf__52a073e7515446df52cbda9ca7c289cfd1927a5295e69ea691f5d15087ee0aff,5a668985a08f01552b0c1df7417c34aec474e3171f00de2b4ec4b430761e3525,"{""circuit"":""surface_code:rotated_memory_x"",""cluster_node_limit"":50,""d"":7,""decoder"":""mwpf"",""decoder_type"":""SolverSerialJointSingleHair"",""p"":0.03,""p_erase"":0.03,""r"":7,""run_id"":""813ba4eb16fa666e67959bd8c62870ba1c2c26cd74e0d3cecbae76623e9435dc""}",
        64,         6,         0,   0.577,mwpf__52a073e7515446df52cbda9ca7c289cfd1927a5295e69ea691f5d15087ee0aff,5a668985a08f01552b0c1df7417c34aec474e3171f00de2b4ec4b430761e3525,"{""circuit"":""surface_code:rotated_memory_x"",""cluster_node_limit"":50,""d"":7,""decoder"":""mwpf"",""decoder_type"":""SolverSerialJointSingleHair"",""p"":0.03,""p_erase"":0.03,""r"":7,""run_id"":""813ba4eb16fa666e67959bd8c62870ba1c2c26cd74e0d3cecbae76623e9435dc""}",
       324,        27,         0,    2.84,mwpf__52a073e7515446df52cbda9ca7c289cfd1927a5295e69ea691f5d15087ee0aff,5a668985a08f01552b0c1df7417c34aec474e3171f00de2b4ec4b430761e3525,"{""circuit"":""surface_code:rotated_memory_x"",""cluster_node_limit"":50,""d"":7,""decoder"":""mwpf"",""decoder_type"":""SolverSerialJointSingleHair"",""p"":0.03,""p_erase"":0.03,""r"":7,""run_id"":""813ba4eb16fa666e67959bd8c62870ba1c2c26cd74e0d3cecbae76623e9435dc""}",
        65,         3,         0,   0.563,mwpf__52a073e7515446df52cbda9ca7c289cfd1927a5295e69ea691f5d15087ee0aff,5a668985a08f01552b0c1df7417c34aec474e3171f00de2b4ec4b430761e3525,"{""circuit"":""surface_code:rotated_memory_x"",""cluster_node_limit"":50,""d"":7,""decoder"":""mwpf"",""decoder_type"":""SolverSerialJointSingleHair"",""p"":0.03,""p_erase"":0.03,""r"":7,""run_id"":""813ba4eb16fa666e67959bd8c62870ba1c2c26cd74e0d3cecbae76623e9435dc""}",
       196,        13,         0,    1.76,mwpf__52a073e7515446df52cbda9ca7c289cfd1927a5295e69ea691f5d15087ee0aff,5a668985a08f01552b0c1df7417c34aec474e3171f00de2b4ec4b430761e3525,"{""circuit"":""surface_code:rotated_memory_x"",""cluster_node_limit"":50,""d"":7,""decoder"":""mwpf"",""decoder_type"":""SolverSerialJointSingleHair"",""p"":0.03,""p_erase"":0.03,""r"":7,""run_id"":""813ba4eb16fa666e67959bd8c62870ba1c2c26cd74e0d3cecbae76623e9435dc""}",
        19,         2,         0,   0.181,mwpf__52a073e7515446df52cbda9ca7c289cfd1927a5295e69ea691f5d15087ee0aff,5a668985a08f01552b0c1df7417c34aec474e3171f00de2b4ec4b430761e3525,"{""circuit"":""surface_code:rotated_memory_x"",""cluster_node_limit"":50,""d"":7,""decoder"":""mwpf"",""decoder_type"":""SolverSerialJointSingleHair"",""p"":0.03,""p_erase"":0.03,""r"":7,""run_id"":""813ba4eb16fa666e67959bd8c62870ba1c2c26cd74e0d3cecbae76623e9435dc""}",
        51,         3,         0,   0.500,mwpf__52a073e7515446df52cbda9ca7c289cfd1927a5295e69ea691f5d15087ee0aff,5a668985a08f01552b0c1df7417c34aec474e3171f00de2b4ec4b430761e3525,"{""circuit"":""surface_code:rotated_memory_x"",""cluster_node_limit"":50,""d"":7,""decoder"":""mwpf"",""decoder_type"":""SolverSerialJointSingleHair"",""p"":0.03,""p_erase"":0.03,""r"":7,""run_id"":""813ba4eb16fa666e67959bd8c62870ba1c2c26cd74e0d3cecbae76623e9435dc""}",
       256,        14,         0,    2.40,mwpf__52a073e7515446df52cbda9ca7c289cfd1927a5295e69ea691f5d15087ee0aff,5a668985a08f01552b0c1df7417c34aec474e3171f00de2b4ec4b430761e3525,"{""circuit"":""surface_code:rotated_memory_x"",""cluster_node_limit"":50,""d"":7,""decoder"":""mwpf"",""decoder_type"":""SolverSerialJointSingleHair"",""p"":0.03,""p_erase"":0.03,""r"":7,""run_id"":""813ba4eb16fa666e67959bd8c62870ba1c2c26cd74e0d3cecbae76623e9435dc""}",
         5,         1,         0,   0.061,mwpf__52a073e7515446df52cbda9ca7c289cfd1927a5295e69ea691f5d15087ee0aff,5a668985a08f01552b0c1df7417c34aec474e3171f00de2b4ec4b430761e3525,"{""circuit"":""surface_code:rotated_memory_x"",""cluster_node_limit"":50,""d"":7,""decoder"":""mwpf"",""decoder_type"":""SolverSerialJointSingleHair"",""p"":0.03,""p_erase"":0.03,""r"":7,""run_id"":""813ba4eb16fa666e67959bd8c62870ba1c2c26cd74e0d3cecbae76623e9435dc""}",
         1,         0,         0,   0.005,mwpf__738c4c2fe60c79a38f4352423c226453cf78c7d4efc409ac916f3f724e7f428b,f522fd2f03991528ab1e67f7b35462f84ed9738f5f8cde70a41909bee4fd3f87,"{""circuit"":""surface_code:rotated_memory_x"",""cluster_node_limit"":50,""d"":7,""decoder"":""mwpf"",""decoder_type"":""SolverSerialJointSingleHair"",""p"":0.009,""p_erase"":0.009,""r"":7,""run_id"":""4b2052dd33b88244b8dc64e1aa696c4f0cef9c363b27e7d2cd9a4ccb51da3596""}",
         3,         0,         0,   0.006,mwpf__738c4c2fe60c79a38f4352423c226453cf78c7d4efc409ac916f3f724e7f428b,f522fd2f03991528ab1e67f7b35462f84ed9738f5f8cde70a41909bee4fd3f87,"{""circuit"":""surface_code:rotated_memory_x"",""cluster_node_limit"":50,""d"":7,""decoder"":""mwpf"",""decoder_type"":""SolverSerialJointSingleHair"",""p"":0.009,""p_erase"":0.009,""r"":7,""run_id"":""4b2052dd33b88244b8dc64e1aa696c4f0cef9c363b27e7d2cd9a4ccb51da3596""}",
         1,         0,         0,   0.002,mwpf__738c4c2fe60c79a38f4352423c226453cf78c7d4efc409ac916f3f724e7f428b,f522fd2f03991528ab1e67f7b35462f84ed9738f5f8cde70a41909bee4fd3f87,"{""circuit"":""surface_code:rotated_memory_x"",""cluster_node_limit"":50,""d"":7,""decoder"":""mwpf"",""decoder_type"":""SolverSerialJointSingleHair"",""p"":0.009,""p_erase"":0.009,""r"":7,""run_id"":""4b2052dd33b88244b8dc64e1aa696c4f0cef9c363b27e7d2cd9a4ccb51da3596""}",
         3,         0,         0,   0.005,mwpf__738c4c2fe60c79a38f4352423c226453cf78c7d4efc409ac916f3f724e7f428b,f522fd2f03991528ab1e67f7b35462f84ed9738f5f8cde70a41909bee4fd3f87,"{""circuit"":""surface_code:rotated_memory_x"",""cluster_node_limit"":50,""d"":7,""decoder"":""mwpf"",""decoder_type"":""SolverSerialJointSingleHair"",""p"":0.009,""p_erase"":0.009,""r"":7,""run_id"":""4b2052dd33b88244b8dc64e1aa696c4f0cef9c363b27e7d2cd9a4ccb51da3596""}",
         3,         0,         0,   0.008,mwpf__738c4c2fe60c79a38f4352423c226453cf78c7d4efc409ac916f3f724e7f428b,f522fd2f03991528ab1e67f7b35462f84ed9738f5f8cde70a41909bee4fd3f87,"{""circuit"":""surface_code:rotated_memory_x"",""cluster_node_limit"":50,""d"":7,""decoder"":""mwpf"",""decoder_type"":""SolverSerialJointSingleHair"",""p"":0.009,""p_erase"":0.009,""r"":7,""run_id"":""4b2052dd33b88244b8dc64e1aa696c4f0cef9c363b27e7d2cd9a4ccb51da3596""}",
         2,         0,         0,   0.004,mwpf__738c4c2fe60c79a38f4352423c226453cf78c7d4efc409ac916f3f724e7f428b,f522fd2f03991528ab1e67f7b35462f84ed9738f5f8cde70a41909bee4fd3f87,"{""circuit"":""surface_code:rotated_memory_x"",""cluster_node_limit"":50,""d"":7,""decoder"":""mwpf"",""decoder_type"":""SolverSerialJointSingleHair"",""p"":0.009,""p_erase"":0.009,""r"":7,""run_id"":""4b2052dd33b88244b8dc64e1aa696c4f0cef9c363b27e7d2cd9a4ccb51da3596""}",
         2,         0,         0,   0.005,mwpf__738c4c2fe60c79a38f4352423c226453cf78c7d4efc409ac916f3f724e7f428b,f522fd2f03991528ab1e67f7b35462f84ed9738f5f8cde70a41909bee4fd3f87,"{""circuit"":""surface_code:rotated_memory_x"",""cluster_node_limit"":50,""d"":7,""decoder"":""mwpf"",""decoder_type"":""SolverSerialJointSingleHair"",""p"":0.009,""p_erase"":0.009,""r"":7,""run_id"":""4b2052dd33b88244b8dc64e1aa696c4f0cef9c363b27e7d2cd9a4ccb51da3596""}",
         1,         0,         0,   0.003,mwpf__738c4c2fe60c79a38f4352423c226453cf78c7d4efc409ac916f3f724e7f428b,f522fd2f03991528ab1e67f7b35462f84ed9738f5f8cde70a41909bee4fd3f87,"{""circuit"":""surface_code:rotated_memory_x"",""cluster_node_limit"":50,""d"":7,""decoder"":""mwpf"",""decoder_type"":""SolverSerialJointSingleHair"",""p"":0.009,""p_erase"":0.009,""r"":7,""run_id"":""4b2052dd33b88244b8dc64e1aa696c4f0cef9c363b27e7d2cd9a4ccb51da3596""}",
         2,         0,         0,   0.006,mwpf__738c4c2fe60c79a38f4352423c226453cf78c7d4efc409ac916f3f724e7f428b,f522fd2f03991528ab1e67f7b35462f84ed9738f5f8cde70a41909bee4fd3f87,"{""circuit"":""surface_code:rotated_memory_x"",""cluster_node_limit"":50,""d"":7,""decoder"":""mwpf"",""decoder_type"":""SolverSerialJointSingleHair"",""p"":0.009,""p_erase"":0.009,""r"":7,""run_id"":""4b2052dd33b88244b8dc64e1aa696c4f0cef9c363b27e7d2cd9a4ccb51da3596""}",
         2,         0,         0,   0.005,mwpf__738c4c2fe60c79a38f4352423c226453cf78c7d4efc409ac916f3f724e7f428b,f522fd2f03991528ab1e67f7b35462f84ed9738f5f8cde70a41909bee4fd3f87,"{""circuit"":""surface_code:rotated_memory_x"",""cluster_node_limit"":50,""d"":7,""decoder"":""mwpf"",""decoder_type"":""SolverSerialJointSingleHair"",""p"":0.009,""p_erase"":0.009,""r"":7,""run_id"":""4b2052dd33b88244b8dc64e1aa696c4f0cef9c363b27e7d2cd9a4ccb51da3596""}",
         2,         0,         0,   0.007,mwpf__738c4c2fe60c79a38f4352423c226453cf78c7d4efc409ac916f3f724e7f428b,f522fd2f03991528ab1e67f7b35462f84ed9738f5f8cde70a41909bee4fd3f87,"{""circuit"":""surface_code:rotated_memory_x"",""cluster_node_limit"":50,""d"":7,""decoder"":""mwpf"",""decoder_type"":""SolverSerialJointSingleHair"",""p"":0.009,""p_erase"":0.009,""r"":7,""run_id"":""4b2052dd33b88244b8dc64e1aa696c4f0cef9c363b27e7d2cd9a4ccb51da3596""}",
         1,         0,         0,   0.010,mwpf__52a073e7515446df52cbda9ca7c289cfd1927a5295e69ea691f5d15087ee0aff,5a668985a08f01552b0c1df7417c34aec474e3171f00de2b4ec4b430761e3525,"{""circuit"":""surface_code:rotated_memory_x"",""cluster_node_limit"":50,""d"":7,""decoder"":""mwpf"",""decoder_type"":""SolverSerialJointSingleHair"",""p"":0.03,""p_erase"":0.03,""r"":7,""run_id"":""813ba4eb16fa666e67959bd8c62870ba1c2c26cd74e0d3cecbae76623e9435dc""}",
        16,         1,         0,   0.154,mwpf__52a073e7515446df52cbda9ca7c289cfd1927a5295e69ea691f5d15087ee0aff,5a668985a08f01552b0c1df7417c34aec474e3171f00de2b4ec4b430761e3525,"{""circuit"":""surface_code:rotated_memory_x"",""cluster_node_limit"":50,""d"":7,""decoder"":""mwpf"",""decoder_type"":""SolverSerialJointSingleHair"",""p"":0.03,""p_erase"":0.03,""r"":7,""run_id"":""813ba4eb16fa666e67959bd8c62870ba1c2c26cd74e0d3cecbae76623e9435dc""}",
        25,         3,         0,   0.236,mwpf__52a073e7515446df52cbda9ca7c289cfd1927a5295e69ea691f5d15087ee0aff,5a668985a08f01552b0c1df7417c34aec474e3171f00de2b4ec4b430761e3525,"{""circuit"":""surface_code:rotated_memory_x"",""cluster_node_limit"":50,""d"":7,""decoder"":""mwpf"",""decoder_type"":""SolverSerialJointSingleHair"",""p"":0.03,""p_erase"":0.03,""r"":7,""run_id"":""813ba4eb16fa666e67959bd8c62870ba1c2c26cd74e0d3cecbae76623e9435dc""}",
         1,         0,         0,   0.010,mwpf__52a073e7515446df52cbda9ca7c289cfd1927a5295e69ea691f5d15087ee0aff,5a668985a08f01552b0c1df7417c34aec474e3171f00de2b4ec4b430761e3525,"{""circuit"":""surface_code:rotated_memory_x"",""cluster_node_limit"":50,""d"":7,""decoder"":""mwpf"",""decoder_type"":""SolverSerialJointSingleHair"",""p"":0.03,""p_erase"":0.03,""r"":7,""run_id"":""813ba4eb16fa666e67959bd8c62870ba1c2c26cd74e0d3cecbae76623e9435dc""}",
        39,         0,         0,   0.364,mwpf__52a073e7515446df52cbda9ca7c289cfd1927a5295e69ea691f5d15087ee0aff,5a668985a08f01552b0c1df7417c34aec474e3171f00de2b4ec4b430761e3525,"{""circuit"":""surface_code:rotated_memory_x"",""cluster_node_limit"":50,""d"":7,""decoder"":""mwpf"",""decoder_type"":""SolverSerialJointSingleHair"",""p"":0.03,""p_erase"":0.03,""r"":7,""run_id"":""813ba4eb16fa666e67959bd8c62870ba1c2c26cd74e0d3cecbae76623e9435dc""}",
        16,         2,         0,   0.171,mwpf__52a073e7515446df52cbda9ca7c289cfd1927a5295e69ea691f5d15087ee0aff,5a668985a08f01552b0c1df7417c34aec474e3171f00de2b4ec4b430761e3525,"{""circuit"":""surface_code:rotated_memory_x"",""cluster_node_limit"":50,""d"":7,""decoder"":""mwpf"",""decoder_type"":""SolverSerialJointSingleHair"",""p"":0.03,""p_erase"":0.03,""r"":7,""run_id"":""813ba4eb16fa666e67959bd8c62870ba1c2c26cd74e0d3cecbae76623e9435dc""}",
        32,         1,         0,   0.328,mwpf__52a073e7515446df52cbda9ca7c289cfd1927a5295e69ea691f5d15087ee0aff,5a668985a08f01552b0c1df7417c34aec474e3171f00de2b4ec4b430761e3525,"{""circuit"":""surface_code:rotated_memory_x"",""cluster_node_limit"":50,""d"":7,""decoder"":""mwpf"",""decoder_type"":""SolverSerialJointSingleHair"",""p"":0.03,""p_erase"":0.03,""r"":7,""run_id"":""813ba4eb16fa666e67959bd8c62870ba1c2c26cd74e0d3cecbae76623e9435dc""}",
        65,         2,         0,   0.568,mwpf__52a073e7515446df52cbda9ca7c289cfd1927a5295e69ea691f5d15087ee0aff,5a668985a08f01552b0c1df7417c34aec474e3171f00de2b4ec4b430761e3525,"{""circuit"":""surface_code:rotated_memory_x"",""cluster_node_limit"":50,""d"":7,""decoder"":""mwpf"",""decoder_type"":""SolverSerialJointSingleHair"",""p"":0.03,""p_erase"":0.03,""r"":7,""run_id"":""813ba4eb16fa666e67959bd8c62870ba1c2c26cd74e0d3cecbae76623e9435dc""}",
        22,         1,         0,   0.223,mwpf__52a073e7515446df52cbda9ca7c289cfd1927a5295e69ea691f5d15087ee0aff,5a668985a08f01552b0c1df7417c34aec474e3171f00de2b4ec4b430761e3525,"{""circuit"":""surface_code:rotated_memory_x"",""cluster_node_limit"":50,""d"":7,""decoder"":""mwpf"",""decoder_type"":""SolverSerialJointSingleHair"",""p"":0.03,""p_erase"":0.03,""r"":7,""run_id"":""813ba4eb16fa666e67959bd8c62870ba1c2c26cd74e0d3cecbae76623e9435dc""}",
        65,         3,         0,   0.596,mwpf__52a073e7515446df52cbda9ca7c289cfd1927a5295e69ea691f5d15087ee0aff,5a668985a08f01552b0c1df7417c34aec474e3171f00de2b4ec4b430761e3525,"{""circuit"":""surface_code:rotated_memory_x"",""cluster_node_limit"":50,""d"":7,""decoder"":""mwpf"",""decoder_type"":""SolverSerialJointSingleHair"",""p"":0.03,""p_erase"":0.03,""r"":7,""run_id"":""813ba4eb16fa666e67959bd8c62870ba1c2c26cd74e0d3cecbae76623e9435dc""}",
        16,         0,         0,   0.169,mwpf__52a073e7515446df52cbda9ca7c289cfd1927a5295e69ea691f5d15087ee0aff,5a668985a08f01552b0c1df7417c34aec474e3171f00de2b4ec4b430761e3525,"{""circuit"":""surface_code:rotated_memory_x"",""cluster_node_limit"":50,""d"":7,""decoder"":""mwpf"",""decoder_type"":""SolverSerialJointSingleHair"",""p"":0.03,""p_erase"":0.03,""r"":7,""run_id"":""813ba4eb16fa666e67959bd8c62870ba1c2c26cd74e0d3cecbae76623e9435dc""}",
        64,         3,         0,   0.674,mwpf__52a073e7515446df52cbda9ca7c289cfd1927a5295e69ea691f5d15087ee0aff,5a668985a08f01552b0c1df7417c34aec474e3171f00de2b4ec4b430761e3525,"{""circuit"":""surface_code:rotated_memory_x"",""cluster_node_limit"":50,""d"":7,""decoder"":""mwpf"",""decoder_type"":""SolverSerialJointSingleHair"",""p"":0.03,""p_erase"":0.03,""r"":7,""run_id"":""813ba4eb16fa666e67959bd8c62870ba1c2c26cd74e0d3cecbae76623e9435dc""}",
         1,         0,         0,   0.018,mwpf__52a073e7515446df52cbda9ca7c289cfd1927a5295e69ea691f5d15087ee0aff,5a668985a08f01552b0c1df7417c34aec474e3171f00de2b4ec4b430761e3525,"{""circuit"":""surface_code:rotated_memory_x"",""cluster_node_limit"":50,""d"":7,""decoder"":""mwpf"",""decoder_type"":""SolverSerialJointSingleHair"",""p"":0.03,""p_erase"":0.03,""r"":7,""run_id"":""813ba4eb16fa666e67959bd8c62870ba1c2c26cd74e0d3cecbae76623e9435dc""}",
        32,         3,         0,   0.313,mwpf__52a073e7515446df52cbda9ca7c289cfd1927a5295e69ea691f5d15087ee0aff,5a668985a08f01552b0c1df7417c34aec474e3171f00de2b4ec4b430761e3525,"{""circuit"":""surface_code:rotated_memory_x"",""cluster_node_limit"":50,""d"":7,""decoder"":""mwpf"",""decoder_type"":""SolverSerialJointSingleHair"",""p"":0.03,""p_erase"":0.03,""r"":7,""run_id"":""813ba4eb16fa666e67959bd8c62870ba1c2c26cd74e0d3cecbae76623e9435dc""}",
         1,         0,         0,   0.014,mwpf__52a073e7515446df52cbda9ca7c289cfd1927a5295e69ea691f5d15087ee0aff,5a668985a08f01552b0c1df7417c34aec474e3171f00de2b4ec4b430761e3525,"{""circuit"":""surface_code:rotated_memory_x"",""cluster_node_limit"":50,""d"":7,""decoder"":""mwpf"",""decoder_type"":""SolverSerialJointSingleHair"",""p"":0.03,""p_erase"":0.03,""r"":7,""run_id"":""813ba4eb16fa666e67959bd8c62870ba1c2c26cd74e0d3cecbae76623e9435dc""}",
        61,         2,         0,   0.539,mwpf__52a073e7515446df52cbda9ca7c289cfd1927a5295e69ea691f5d15087ee0aff,5a668985a08f01552b0c1df7417c34aec474e3171f00de2b4ec4b430761e3525,"{""circuit"":""surface_code:rotated_memory_x"",""cluster_node_limit"":50,""d"":7,""decoder"":""mwpf"",""decoder_type"":""SolverSerialJointSingleHair"",""p"":0.03,""p_erase"":0.03,""r"":7,""run_id"":""813ba4eb16fa666e67959bd8c62870ba1c2c26cd74e0d3cecbae76623e9435dc""}",
        61,         4,         0,   0.567,mwpf__52a073e7515446df52cbda9ca7c289cfd1927a5295e69ea691f5d15087ee0aff,5a668985a08f01552b0c1df7417c34aec474e3171f00de2b4ec4b430761e3525,"{""circuit"":""surface_code:rotated_memory_x"",""cluster_node_limit"":50,""d"":7,""decoder"":""mwpf"",""decoder_type"":""SolverSerialJointSingleHair"",""p"":0.03,""p_erase"":0.03,""r"":7,""run_id"":""813ba4eb16fa666e67959bd8c62870ba1c2c26cd74e0d3cecbae76623e9435dc""}",
        11,         0,         0,   0.106,mwpf__52a073e7515446df52cbda9ca7c289cfd1927a5295e69ea691f5d15087ee0aff,5a668985a08f01552b0c1df7417c34aec474e3171f00de2b4ec4b430761e3525,"{""circuit"":""surface_code:rotated_memory_x"",""cluster_node_limit"":50,""d"":7,""decoder"":""mwpf"",""decoder_type"":""SolverSerialJointSingleHair"",""p"":0.03,""p_erase"":0.03,""r"":7,""run_id"":""813ba4eb16fa666e67959bd8c62870ba1c2c26cd74e0d3cecbae76623e9435dc""}",
         1,         0,         0,   0.002,mwpf__27cac5a9d63b5310296ad2f389f4539acd5e7fb7f123dc12456c335e8393c788,ed79fc073e9e8e64e12ca9cee3f1b3b09617b06e5f19d423f3dca5e27321c0ec,"{""circuit"":""surface_code:rotated_memory_x"",""cluster_node_limit"":50,""d"":7,""decoder"":""mwpf"",""decoder_type"":""SolverSerialJointSingleHair"",""p"":0.01,""p_erase"":0.01,""r"":7,""run_id"":""85dc4b86326449a5e4d2267937782207589c000366e3fbe70d98bb3f9fb5a333""}",
         1,         0,         0,   0.004,mwpf__27cac5a9d63b5310296ad2f389f4539acd5e7fb7f123dc12456c335e8393c788,ed79fc073e9e8e64e12ca9cee3f1b3b09617b06e5f19d423f3dca5e27321c0ec,"{""circuit"":""surface_code:rotated_memory_x"",""cluster_node_limit"":50,""d"":7,""decoder"":""mwpf"",""decoder_type"":""SolverSerialJointSingleHair"",""p"":0.01,""p_erase"":0.01,""r"":7,""run_id"":""85dc4b86326449a5e4d2267937782207589c000366e3fbe70d98bb3f9fb5a333""}",
         1,         0,         0,   0.005,mwpf__27cac5a9d63b5310296ad2f389f4539acd5e7fb7f123dc12456c335e8393c788,ed79fc073e9e8e64e12ca9cee3f1b3b09617b06e5f19d423f3dca5e27321c0ec,"{""circuit"":""surface_code:rotated_memory_x"",""cluster_node_limit"":50,""d"":7,""decoder"":""mwpf"",""decoder_type"":""SolverSerialJointSingleHair"",""p"":0.01,""p_erase"":0.01,""r"":7,""run_id"":""85dc4b86326449a5e4d2267937782207589c000366e3fbe70d98bb3f9fb5a333""}",
         1,         0,         0,   0.007,mwpf__27cac5a9d63b5310296ad2f389f4539acd5e7fb7f123dc12456c335e8393c788,ed79fc073e9e8e64e12ca9cee3f1b3b09617b06e5f19d423f3dca5e27321c0ec,"{""circuit"":""surface_code:rotated_memory_x"",""cluster_node_limit"":50,""d"":7,""decoder"":""mwpf"",""decoder_type"":""SolverSerialJointSingleHair"",""p"":0.01,""p_erase"":0.01,""r"":7,""run_id"":""85dc4b86326449a5e4d2267937782207589c000366e3fbe70d98bb3f9fb5a333""}",
         1,         0,         0,   0.003,mwpf__27cac5a9d63b5310296ad2f389f4539acd5e7fb7f123dc12456c335e8393c788,ed79fc073e9e8e64e12ca9cee3f1b3b09617b06e5f19d423f3dca5e27321c0ec,"{""circuit"":""surface_code:rotated_memory_x"",""cluster_node_limit"":50,""d"":7,""decoder"":""mwpf"",""decoder_type"":""SolverSerialJointSingleHair"",""p"":0.01,""p_erase"":0.01,""r"":7,""run_id"":""85dc4b86326449a5e4d2267937782207589c000366e3fbe70d98bb3f9fb5a333""}",
         1,         0,         0,   0.005,mwpf__27cac5a9d63b5310296ad2f389f4539acd5e7fb7f123dc12456c335e8393c788,ed79fc073e9e8e64e12ca9cee3f1b3b09617b06e5f19d423f3dca5e27321c0ec,"{""circuit"":""surface_code:rotated_memory_x"",""cluster_node_limit"":50,""d"":7,""decoder"":""mwpf"",""decoder_type"":""SolverSerialJointSingleHair"",""p"":0.01,""p_erase"":0.01,""r"":7,""run_id"":""85dc4b86326449a5e4d2267937782207589c000366e3fbe70d98bb3f9fb5a333""}",
         1,         0,         0,   0.002,mwpf__27cac5a9d63b5310296ad2f389f4539acd5e7fb7f123dc12456c335e8393c788,ed79fc073e9e8e64e12ca9cee3f1b3b09617b06e5f19d423f3dca5e27321c0ec,"{""circuit"":""surface_code:rotated_memory_x"",""cluster_node_limit"":50,""d"":7,""decoder"":""mwpf"",""decoder_type"":""SolverSerialJointSingleHair"",""p"":0.01,""p_erase"":0.01,""r"":7,""run_id"":""85dc4b86326449a5e4d2267937782207589c000366e3fbe70d98bb3f9fb5a333""}",
         1,         0,         0,   0.003,mwpf__27cac5a9d63b5310296ad2f389f4539acd5e7fb7f123dc12456c335e8393c788,ed79fc073e9e8e64e12ca9cee3f1b3b09617b06e5f19d423f3dca5e27321c0ec,"{""circuit"":""surface_code:rotated_memory_x"",""cluster_node_limit"":50,""d"":7,""decoder"":""mwpf"",""decoder_type"":""SolverSerialJointSingleHair"",""p"":0.01,""p_erase"":0.01,""r"":7,""run_id"":""85dc4b86326449a5e4d2267937782207589c000366e3fbe70d98bb3f9fb5a333""}",
         1,         0,         0,   0.005,mwpf__27cac5a9d63b5310296ad2f389f4539acd5e7fb7f123dc12456c335e8393c788,ed79fc073e9e8e64e12ca9cee3f1b3b09617b06e5f19d423f3dca5e27321c0ec,"{""circuit"":""surface_code:rotated_memory_x"",""cluster_node_limit"":50,""d"":7,""decoder"":""mwpf"",""decoder_type"":""SolverSerialJointSingleHair"",""p"":0.01,""p_erase"":0.01,""r"":7,""run_id"":""85dc4b86326449a5e4d2267937782207589c000366e3fbe70d98bb3f9fb5a333""}",
         2,         0,         0,   0.009,mwpf__4be7971ec0aed8b350943219afc2640031998d7bde83aee6a0f21fb9cad0071d,0b500337b6e25e32dcf4bed99809a5d106409a48cf464ef28981fe2fb56292db,"{""circuit"":""surface_code:rotated_memory_x"",""cluster_node_limit"":50,""d"":7,""decoder"":""mwpf"",""decoder_type"":""SolverSerialJointSingleHair"",""p"":0.02,""p_erase"":0.02,""r"":7,""run_id"":""ec632a372450f8a655350bea6e7a952b552cfb386cd39755b54f2b84ee3f6f31""}",
         6,         0,         0,   0.030,mwpf__4be7971ec0aed8b350943219afc2640031998d7bde83aee6a0f21fb9cad0071d,0b500337b6e25e32dcf4bed99809a5d106409a48cf464ef28981fe2fb56292db,"{""circuit"":""surface_code:rotated_memory_x"",""cluster_node_limit"":50,""d"":7,""decoder"":""mwpf"",""decoder_type"":""SolverSerialJointSingleHair"",""p"":0.02,""p_erase"":0.02,""r"":7,""run_id"":""ec632a372450f8a655350bea6e7a952b552cfb386cd39755b54f2b84ee3f6f31""}",
         6,         0,         0,   0.035,mwpf__4be7971ec0aed8b350943219afc2640031998d7bde83aee6a0f21fb9cad0071d,0b500337b6e25e32dcf4bed99809a5d106409a48cf464ef28981fe2fb56292db,"{""circuit"":""surface_code:rotated_memory_x"",""cluster_node_limit"":50,""d"":7,""decoder"":""mwpf"",""decoder_type"":""SolverSerialJointSingleHair"",""p"":0.02,""p_erase"":0.02,""r"":7,""run_id"":""ec632a372450f8a655350bea6e7a952b552cfb386cd39755b54f2b84ee3f6f31""}",
         6,         0,         0,   0.029,mwpf__4be7971ec0aed8b350943219afc2640031998d7bde83aee6a0f21fb9cad0071d,0b500337b6e25e32dcf4bed99809a5d106409a48cf464ef28981fe2fb56292db,"{""circuit"":""surface_code:rotated_memory_x"",""cluster_node_limit"":50,""d"":7,""decoder"":""mwpf"",""decoder_type"":""SolverSerialJointSingleHair"",""p"":0.02,""p_erase"":0.02,""r"":7,""run_id"":""ec632a372450f8a655350bea6e7a952b552cfb386cd39755b54f2b84ee3f6f31""}",
         6,         0,         0,   0.053,mwpf__4be7971ec0aed8b350943219afc2640031998d7bde83aee6a0f21fb9cad0071d,0b500337b6e25e32dcf4bed99809a5d106409a48cf464ef28981fe2fb56292db,"{""circuit"":""surface_code:rotated_memory_x"",""cluster_node_limit"":50,""d"":7,""decoder"":""mwpf"",""decoder_type"":""SolverSerialJointSingleHair"",""p"":0.02,""p_erase"":0.02,""r"":7,""run_id"":""ec632a372450f8a655350bea6e7a952b552cfb386cd39755b54f2b84ee3f6f31""}",
         6,         0,         0,   0.051,mwpf__4be7971ec0aed8b350943219afc2640031998d7bde83aee6a0f21fb9cad0071d,0b500337b6e25e32dcf4bed99809a5d106409a48cf464ef28981fe2fb56292db,"{""circuit"":""surface_code:rotated_memory_x"",""cluster_node_limit"":50,""d"":7,""decoder"":""mwpf"",""decoder_type"":""SolverSerialJointSingleHair"",""p"":0.02,""p_erase"":0.02,""r"":7,""run_id"":""ec632a372450f8a655350bea6e7a952b552cfb386cd39755b54f2b84ee3f6f31""}",
         6,         1,         0,   0.053,mwpf__4be7971ec0aed8b350943219afc2640031998d7bde83aee6a0f21fb9cad0071d,0b500337b6e25e32dcf4bed99809a5d106409a48cf464ef28981fe2fb56292db,"{""circuit"":""surface_code:rotated_memory_x"",""cluster_node_limit"":50,""d"":7,""decoder"":""mwpf"",""decoder_type"":""SolverSerialJointSingleHair"",""p"":0.02,""p_erase"":0.02,""r"":7,""run_id"":""ec632a372450f8a655350bea6e7a952b552cfb386cd39755b54f2b84ee3f6f31""}",
         6,         0,         0,   0.054,mwpf__4be7971ec0aed8b350943219afc2640031998d7bde83aee6a0f21fb9cad0071d,0b500337b6e25e32dcf4bed99809a5d106409a48cf464ef28981fe2fb56292db,"{""circuit"":""surface_code:rotated_memory_x"",""cluster_node_limit"":50,""d"":7,""decoder"":""mwpf"",""decoder_type"":""SolverSerialJointSingleHair"",""p"":0.02,""p_erase"":0.02,""r"":7,""run_id"":""ec632a372450f8a655350bea6e7a952b552cfb386cd39755b54f2b84ee3f6f31""}",
         9,         1,         0,   0.085,mwpf__52a073e7515446df52cbda9ca7c289cfd1927a5295e69ea691f5d15087ee0aff,5a668985a08f01552b0c1df7417c34aec474e3171f00de2b4ec4b430761e3525,"{""circuit"":""surface_code:rotated_memory_x"",""cluster_node_limit"":50,""d"":7,""decoder"":""mwpf"",""decoder_type"":""SolverSerialJointSingleHair"",""p"":0.03,""p_erase"":0.03,""r"":7,""run_id"":""813ba4eb16fa666e67959bd8c62870ba1c2c26cd74e0d3cecbae76623e9435dc""}",
        12,         1,         0,   0.098,mwpf__52a073e7515446df52cbda9ca7c289cfd1927a5295e69ea691f5d15087ee0aff,5a668985a08f01552b0c1df7417c34aec474e3171f00de2b4ec4b430761e3525,"{""circuit"":""surface_code:rotated_memory_x"",""cluster_node_limit"":50,""d"":7,""decoder"":""mwpf"",""decoder_type"":""SolverSerialJointSingleHair"",""p"":0.03,""p_erase"":0.03,""r"":7,""run_id"":""813ba4eb16fa666e67959bd8c62870ba1c2c26cd74e0d3cecbae76623e9435dc""}",
         9,         2,         0,   0.111,mwpf__52a073e7515446df52cbda9ca7c289cfd1927a5295e69ea691f5d15087ee0aff,5a668985a08f01552b0c1df7417c34aec474e3171f00de2b4ec4b430761e3525,"{""circuit"":""surface_code:rotated_memory_x"",""cluster_node_limit"":50,""d"":7,""decoder"":""mwpf"",""decoder_type"":""SolverSerialJointSingleHair"",""p"":0.03,""p_erase"":0.03,""r"":7,""run_id"":""813ba4eb16fa666e67959bd8c62870ba1c2c26cd74e0d3cecbae76623e9435dc""}",
        12,         1,         0,   0.121,mwpf__52a073e7515446df52cbda9ca7c289cfd1927a5295e69ea691f5d15087ee0aff,5a668985a08f01552b0c1df7417c34aec474e3171f00de2b4ec4b430761e3525,"{""circuit"":""surface_code:rotated_memory_x"",""cluster_node_limit"":50,""d"":7,""decoder"":""mwpf"",""decoder_type"":""SolverSerialJointSingleHair"",""p"":0.03,""p_erase"":0.03,""r"":7,""run_id"":""813ba4eb16fa666e67959bd8c62870ba1c2c26cd74e0d3cecbae76623e9435dc""}",
        12,         0,         0,   0.144,mwpf__52a073e7515446df52cbda9ca7c289cfd1927a5295e69ea691f5d15087ee0aff,5a668985a08f01552b0c1df7417c34aec474e3171f00de2b4ec4b430761e3525,"{""circuit"":""surface_code:rotated_memory_x"",""cluster_node_limit"":50,""d"":7,""decoder"":""mwpf"",""decoder_type"":""SolverSerialJointSingleHair"",""p"":0.03,""p_erase"":0.03,""r"":7,""run_id"":""813ba4eb16fa666e67959bd8c62870ba1c2c26cd74e0d3cecbae76623e9435dc""}",
         2,         0,         0,   0.035,mwpf__52a073e7515446df52cbda9ca7c289cfd1927a5295e69ea691f5d15087ee0aff,5a668985a08f01552b0c1df7417c34aec474e3171f00de2b4ec4b430761e3525,"{""circuit"":""surface_code:rotated_memory_x"",""cluster_node_limit"":50,""d"":7,""decoder"":""mwpf"",""decoder_type"":""SolverSerialJointSingleHair"",""p"":0.03,""p_erase"":0.03,""r"":7,""run_id"":""813ba4eb16fa666e67959bd8c62870ba1c2c26cd74e0d3cecbae76623e9435dc""}",
         7,         1,         0,   0.058,mwpf__52a073e7515446df52cbda9ca7c289cfd1927a5295e69ea691f5d15087ee0aff,5a668985a08f01552b0c1df7417c34aec474e3171f00de2b4ec4b430761e3525,"{""circuit"":""surface_code:rotated_memory_x"",""cluster_node_limit"":50,""d"":7,""decoder"":""mwpf"",""decoder_type"":""SolverSerialJointSingleHair"",""p"":0.03,""p_erase"":0.03,""r"":7,""run_id"":""813ba4eb16fa666e67959bd8c62870ba1c2c26cd74e0d3cecbae76623e9435dc""}",
         3,         0,         0,   0.054,mwpf__52a073e7515446df52cbda9ca7c289cfd1927a5295e69ea691f5d15087ee0aff,5a668985a08f01552b0c1df7417c34aec474e3171f00de2b4ec4b430761e3525,"{""circuit"":""surface_code:rotated_memory_x"",""cluster_node_limit"":50,""d"":7,""decoder"":""mwpf"",""decoder_type"":""SolverSerialJointSingleHair"",""p"":0.03,""p_erase"":0.03,""r"":7,""run_id"":""813ba4eb16fa666e67959bd8c62870ba1c2c26cd74e0d3cecbae76623e9435dc""}",
         7,         1,         0,   0.065,mwpf__52a073e7515446df52cbda9ca7c289cfd1927a5295e69ea691f5d15087ee0aff,5a668985a08f01552b0c1df7417c34aec474e3171f00de2b4ec4b430761e3525,"{""circuit"":""surface_code:rotated_memory_x"",""cluster_node_limit"":50,""d"":7,""decoder"":""mwpf"",""decoder_type"":""SolverSerialJointSingleHair"",""p"":0.03,""p_erase"":0.03,""r"":7,""run_id"":""813ba4eb16fa666e67959bd8c62870ba1c2c26cd74e0d3cecbae76623e9435dc""}",
         7,         0,         0,   0.083,mwpf__52a073e7515446df52cbda9ca7c289cfd1927a5295e69ea691f5d15087ee0aff,5a668985a08f01552b0c1df7417c34aec474e3171f00de2b4ec4b430761e3525,"{""circuit"":""surface_code:rotated_memory_x"",""cluster_node_limit"":50,""d"":7,""decoder"":""mwpf"",""decoder_type"":""SolverSerialJointSingleHair"",""p"":0.03,""p_erase"":0.03,""r"":7,""run_id"":""813ba4eb16fa666e67959bd8c62870ba1c2c26cd74e0d3cecbae76623e9435dc""}",
         7,         0,         0,   0.086,mwpf__52a073e7515446df52cbda9ca7c289cfd1927a5295e69ea691f5d15087ee0aff,5a668985a08f01552b0c1df7417c34aec474e3171f00de2b4ec4b430761e3525,"{""circuit"":""surface_code:rotated_memory_x"",""cluster_node_limit"":50,""d"":7,""decoder"":""mwpf"",""decoder_type"":""SolverSerialJointSingleHair"",""p"":0.03,""p_erase"":0.03,""r"":7,""run_id"":""813ba4eb16fa666e67959bd8c62870ba1c2c26cd74e0d3cecbae76623e9435dc""}",
         7,         1,         0,   0.099,mwpf__52a073e7515446df52cbda9ca7c289cfd1927a5295e69ea691f5d15087ee0aff,5a668985a08f01552b0c1df7417c34aec474e3171f00de2b4ec4b430761e3525,"{""circuit"":""surface_code:rotated_memory_x"",""cluster_node_limit"":50,""d"":7,""decoder"":""mwpf"",""decoder_type"":""SolverSerialJointSingleHair"",""p"":0.03,""p_erase"":0.03,""r"":7,""run_id"":""813ba4eb16fa666e67959bd8c62870ba1c2c26cd74e0d3cecbae76623e9435dc""}",
         7,         0,         0,   0.090,mwpf__52a073e7515446df52cbda9ca7c289cfd1927a5295e69ea691f5d15087ee0aff,5a668985a08f01552b0c1df7417c34aec474e3171f00de2b4ec4b430761e3525,"{""circuit"":""surface_code:rotated_memory_x"",""cluster_node_limit"":50,""d"":7,""decoder"":""mwpf"",""decoder_type"":""SolverSerialJointSingleHair"",""p"":0.03,""p_erase"":0.03,""r"":7,""run_id"":""813ba4eb16fa666e67959bd8c62870ba1c2c26cd74e0d3cecbae76623e9435dc""}",
         7,         1,         0,   0.102,mwpf__52a073e7515446df52cbda9ca7c289cfd1927a5295e69ea691f5d15087ee0aff,5a668985a08f01552b0c1df7417c34aec474e3171f00de2b4ec4b430761e3525,"{""circuit"":""surface_code:rotated_memory_x"",""cluster_node_limit"":50,""d"":7,""decoder"":""mwpf"",""decoder_type"":""SolverSerialJointSingleHair"",""p"":0.03,""p_erase"":0.03,""r"":7,""run_id"":""813ba4eb16fa666e67959bd8c62870ba1c2c26cd74e0d3cecbae76623e9435dc""}",
         7,         0,         0,   0.103,mwpf__52a073e7515446df52cbda9ca7c289cfd1927a5295e69ea691f5d15087ee0aff,5a668985a08f01552b0c1df7417c34aec474e3171f00de2b4ec4b430761e3525,"{""circuit"":""surface_code:rotated_memory_x"",""cluster_node_limit"":50,""d"":7,""decoder"":""mwpf"",""decoder_type"":""SolverSerialJointSingleHair"",""p"":0.03,""p_erase"":0.03,""r"":7,""run_id"":""813ba4eb16fa666e67959bd8c62870ba1c2c26cd74e0d3cecbae76623e9435dc""}",
         1,         0,         0,   0.004,mwpf__4be7971ec0aed8b350943219afc2640031998d7bde83aee6a0f21fb9cad0071d,0b500337b6e25e32dcf4bed99809a5d106409a48cf464ef28981fe2fb56292db,"{""circuit"":""surface_code:rotated_memory_x"",""cluster_node_limit"":50,""d"":7,""decoder"":""mwpf"",""decoder_type"":""SolverSerialJointSingleHair"",""p"":0.02,""p_erase"":0.02,""r"":7,""run_id"":""ec632a372450f8a655350bea6e7a952b552cfb386cd39755b54f2b84ee3f6f31""}",
         1,         0,         0,   0.005,mwpf__4be7971ec0aed8b350943219afc2640031998d7bde83aee6a0f21fb9cad0071d,0b500337b6e25e32dcf4bed99809a5d106409a48cf464ef28981fe2fb56292db,"{""circuit"":""surface_code:rotated_memory_x"",""cluster_node_limit"":50,""d"":7,""decoder"":""mwpf"",""decoder_type"":""SolverSerialJointSingleHair"",""p"":0.02,""p_erase"":0.02,""r"":7,""run_id"":""ec632a372450f8a655350bea6e7a952b552cfb386cd39755b54f2b84ee3f6f31""}",
         1,         0,         0,   0.009,mwpf__4be7971ec0aed8b350943219afc2640031998d7bde83aee6a0f21fb9cad0071d,0b500337b6e25e32dcf4bed99809a5d106409a48cf464ef28981fe2fb56292db,"{""circuit"":""surface_code:rotated_memory_x"",""cluster_node_limit"":50,""d"":7,""decoder"":""mwpf"",""decoder_type"":""SolverSerialJointSingleHair"",""p"":0.02,""p_erase"":0.02,""r"":7,""run_id"":""ec632a372450f8a655350bea6e7a952b552cfb386cd39755b54f2b84ee3f6f31""}",
         1,         0,         0,   0.007,mwpf__4be7971ec0aed8b350943219afc2640031998d7bde83aee6a0f21fb9cad0071d,0b500337b6e25e32dcf4bed99809a5d106409a48cf464ef28981fe2fb56292db,"{""circuit"":""surface_code:rotated_memory_x"",""cluster_node_limit"":50,""d"":7,""decoder"":""mwpf"",""decoder_type"":""SolverSerialJointSingleHair"",""p"":0.02,""p_erase"":0.02,""r"":7,""run_id"":""ec632a372450f8a655350bea6e7a952b552cfb386cd39755b54f2b84ee3f6f31""}",
         1,         0,         0,   0.003,mwpf__27cac5a9d63b5310296ad2f389f4539acd5e7fb7f123dc12456c335e8393c788,ed79fc073e9e8e64e12ca9cee3f1b3b09617b06e5f19d423f3dca5e27321c0ec,"{""circuit"":""surface_code:rotated_memory_x"",""cluster_node_limit"":50,""d"":7,""decoder"":""mwpf"",""decoder_type"":""SolverSerialJointSingleHair"",""p"":0.01,""p_erase"":0.01,""r"":7,""run_id"":""85dc4b86326449a5e4d2267937782207589c000366e3fbe70d98bb3f9fb5a333""}",
         1,         0,         0,   0.004,mwpf__4be7971ec0aed8b350943219afc2640031998d7bde83aee6a0f21fb9cad0071d,0b500337b6e25e32dcf4bed99809a5d106409a48cf464ef28981fe2fb56292db,"{""circuit"":""surface_code:rotated_memory_x"",""cluster_node_limit"":50,""d"":7,""decoder"":""mwpf"",""decoder_type"":""SolverSerialJointSingleHair"",""p"":0.02,""p_erase"":0.02,""r"":7,""run_id"":""ec632a372450f8a655350bea6e7a952b552cfb386cd39755b54f2b84ee3f6f31""}",
         1,         0,         0,   0.005,mwpf__4be7971ec0aed8b350943219afc2640031998d7bde83aee6a0f21fb9cad0071d,0b500337b6e25e32dcf4bed99809a5d106409a48cf464ef28981fe2fb56292db,"{""circuit"":""surface_code:rotated_memory_x"",""cluster_node_limit"":50,""d"":7,""decoder"":""mwpf"",""decoder_type"":""SolverSerialJointSingleHair"",""p"":0.02,""p_erase"":0.02,""r"":7,""run_id"":""ec632a372450f8a655350bea6e7a952b552cfb386cd39755b54f2b84ee3f6f31""}",
         1,         0,         0,   0.005,mwpf__4be7971ec0aed8b350943219afc2640031998d7bde83aee6a0f21fb9cad0071d,0b500337b6e25e32dcf4bed99809a5d106409a48cf464ef28981fe2fb56292db,"{""circuit"":""surface_code:rotated_memory_x"",""cluster_node_limit"":50,""d"":7,""decoder"":""mwpf"",""decoder_type"":""SolverSerialJointSingleHair"",""p"":0.02,""p_erase"":0.02,""r"":7,""run_id"":""ec632a372450f8a655350bea6e7a952b552cfb386cd39755b54f2b84ee3f6f31""}",
         1,         0,         0,   0.007,mwpf__4be7971ec0aed8b350943219afc2640031998d7bde83aee6a0f21fb9cad0071d,0b500337b6e25e32dcf4bed99809a5d106409a48cf464ef28981fe2fb56292db,"{""circuit"":""surface_code:rotated_memory_x"",""cluster_node_limit"":50,""d"":7,""decoder"":""mwpf"",""decoder_type"":""SolverSerialJointSingleHair"",""p"":0.02,""p_erase"":0.02,""r"":7,""run_id"":""ec632a372450f8a655350bea6e7a952b552cfb386cd39755b54f2b84ee3f6f31""}",
         1,         0,         0,   0.012,mwpf__4be7971ec0aed8b350943219afc2640031998d7bde83aee6a0f21fb9cad0071d,0b500337b6e25e32dcf4bed99809a5d106409a48cf464ef28981fe2fb56292db,"{""circuit"":""surface_code:rotated_memory_x"",""cluster_node_limit"":50,""d"":7,""decoder"":""mwpf"",""decoder_type"":""SolverSerialJointSingleHair"",""p"":0.02,""p_erase"":0.02,""r"":7,""run_id"":""ec632a372450f8a655350bea6e7a952b552cfb386cd39755b54f2b84ee3f6f31""}",
         1,         0,         0,   0.017,mwpf__4be7971ec0aed8b350943219afc2640031998d7bde83aee6a0f21fb9cad0071d,0b500337b6e25e32dcf4bed99809a5d106409a48cf464ef28981fe2fb56292db,"{""circuit"":""surface_code:rotated_memory_x"",""cluster_node_limit"":50,""d"":7,""decoder"":""mwpf"",""decoder_type"":""SolverSerialJointSingleHair"",""p"":0.02,""p_erase"":0.02,""r"":7,""run_id"":""ec632a372450f8a655350bea6e7a952b552cfb386cd39755b54f2b84ee3f6f31""}",
         1,         0,         0,   0.005,mwpf__4be7971ec0aed8b350943219afc2640031998d7bde83aee6a0f21fb9cad0071d,0b500337b6e25e32dcf4bed99809a5d106409a48cf464ef28981fe2fb56292db,"{""circuit"":""surface_code:rotated_memory_x"",""cluster_node_limit"":50,""d"":7,""decoder"":""mwpf"",""decoder_type"":""SolverSerialJointSingleHair"",""p"":0.02,""p_erase"":0.02,""r"":7,""run_id"":""ec632a372450f8a655350bea6e7a952b552cfb386cd39755b54f2b84ee3f6f31""}",
         1,         0,         0,   0.006,mwpf__4be7971ec0aed8b350943219afc2640031998d7bde83aee6a0f21fb9cad0071d,0b500337b6e25e32dcf4bed99809a5d106409a48cf464ef28981fe2fb56292db,"{""circuit"":""surface_code:rotated_memory_x"",""cluster_node_limit"":50,""d"":7,""decoder"":""mwpf"",""decoder_type"":""SolverSerialJointSingleHair"",""p"":0.02,""p_erase"":0.02,""r"":7,""run_id"":""ec632a372450f8a655350bea6e7a952b552cfb386cd39755b54f2b84ee3f6f31""}",
         1,         0,         0,   0.008,mwpf__4be7971ec0aed8b350943219afc2640031998d7bde83aee6a0f21fb9cad0071d,0b500337b6e25e32dcf4bed99809a5d106409a48cf464ef28981fe2fb56292db,"{""circuit"":""surface_code:rotated_memory_x"",""cluster_node_limit"":50,""d"":7,""decoder"":""mwpf"",""decoder_type"":""SolverSerialJointSingleHair"",""p"":0.02,""p_erase"":0.02,""r"":7,""run_id"":""ec632a372450f8a655350bea6e7a952b552cfb386cd39755b54f2b84ee3f6f31""}",
         1,         0,         0,   0.009,mwpf__4be7971ec0aed8b350943219afc2640031998d7bde83aee6a0f21fb9cad0071d,0b500337b6e25e32dcf4bed99809a5d106409a48cf464ef28981fe2fb56292db,"{""circuit"":""surface_code:rotated_memory_x"",""cluster_node_limit"":50,""d"":7,""decoder"":""mwpf"",""decoder_type"":""SolverSerialJointSingleHair"",""p"":0.02,""p_erase"":0.02,""r"":7,""run_id"":""ec632a372450f8a655350bea6e7a952b552cfb386cd39755b54f2b84ee3f6f31""}",
         1,         0,         0,   0.010,mwpf__4be7971ec0aed8b350943219afc2640031998d7bde83aee6a0f21fb9cad0071d,0b500337b6e25e32dcf4bed99809a5d106409a48cf464ef28981fe2fb56292db,"{""circuit"":""surface_code:rotated_memory_x"",""cluster_node_limit"":50,""d"":7,""decoder"":""mwpf"",""decoder_type"":""SolverSerialJointSingleHair"",""p"":0.02,""p_erase"":0.02,""r"":7,""run_id"":""ec632a372450f8a655350bea6e7a952b552cfb386cd39755b54f2b84ee3f6f31""}",
         1,         0,         0,   0.010,mwpf__4be7971ec0aed8b350943219afc2640031998d7bde83aee6a0f21fb9cad0071d,0b500337b6e25e32dcf4bed99809a5d106409a48cf464ef28981fe2fb56292db,"{""circuit"":""surface_code:rotated_memory_x"",""cluster_node_limit"":50,""d"":7,""decoder"":""mwpf"",""decoder_type"":""SolverSerialJointSingleHair"",""p"":0.02,""p_erase"":0.02,""r"":7,""run_id"":""ec632a372450f8a655350bea6e7a952b552cfb386cd39755b54f2b84ee3f6f31""}",
         1,         0,         0,   0.002,mwpf__27cac5a9d63b5310296ad2f389f4539acd5e7fb7f123dc12456c335e8393c788,ed79fc073e9e8e64e12ca9cee3f1b3b09617b06e5f19d423f3dca5e27321c0ec,"{""circuit"":""surface_code:rotated_memory_x"",""cluster_node_limit"":50,""d"":7,""decoder"":""mwpf"",""decoder_type"":""SolverSerialJointSingleHair"",""p"":0.01,""p_erase"":0.01,""r"":7,""run_id"":""85dc4b86326449a5e4d2267937782207589c000366e3fbe70d98bb3f9fb5a333""}",
