     shots,    errors,  discards, seconds,decoder,strong_id,json_metadata,custom_counts
       273,         0,         0,   0.011,mwpf__bbbb95ae8dfd216392d93d271ab853220d7a01380e740dc79365759e9487ffb2,d994fe02c85cb3c768399acfffda9f01e9344d65a7427484376e8d07bf72dce7,"{""circuit"":""surface_code:rotated_memory_x"",""cluster_node_limit"":50,""d"":3,""decoder"":""mwpf"",""decoder_type"":""SolverSerialJointSingleHair"",""p"":0.004,""p_erase"":0.004,""r"":3,""run_id"":""90efa888ab0be85c6dc82d20d594fb219f455db906f7e8f7ad923a214270e30c""}",
       273,         0,         0,   0.013,mwpf__1db40b12fec5f70da8e168713de74a6538a2139e5552fbb3ef79c15a6639c2db,f2e4a01c8e59722538504dfd8d6a652358dbe6fd622b4e794003a3dca85858a5,"{""circuit"":""surface_code:rotated_memory_x"",""cluster_node_limit"":50,""d"":3,""decoder"":""mwpf"",""decoder_type"":""SolverSerialJointSingleHair"",""p"":0.0065,""p_erase"":0.0065,""r"":3,""run_id"":""b8f63b3afee4afe98e7bbb30f20c4398dd3b9aec649fcfb3e47705c2a2c61b36""}",
       273,         0,         0,   0.013,mwpf__6a374b57c528f1fa3515562a1fcd08586fb590c5649146dc6a143bb06eeec077,f3e9207a47b74a52f31cee6ee65233df1dffd4d0d85fd55e88b8f5b6b8686260,"{""circuit"":""surface_code:rotated_memory_x"",""cluster_node_limit"":50,""d"":3,""decoder"":""mwpf"",""decoder_type"":""SolverSerialJointSingleHair"",""p"":0.006,""p_erase"":0.006,""r"":3,""run_id"":""dd60754122c9f7a810b0c1d8b1c92188ea52870232067546237f0fa25d610548""}",
       273,         0,         0,   0.012,mwpf__6a374b57c528f1fa3515562a1fcd08586fb590c5649146dc6a143bb06eeec077,f3e9207a47b74a52f31cee6ee65233df1dffd4d0d85fd55e88b8f5b6b8686260,"{""circuit"":""surface_code:rotated_memory_x"",""cluster_node_limit"":50,""d"":3,""decoder"":""mwpf"",""decoder_type"":""SolverSerialJointSingleHair"",""p"":0.006,""p_erase"":0.006,""r"":3,""run_id"":""dd60754122c9f7a810b0c1d8b1c92188ea52870232067546237f0fa25d610548""}",
       273,         0,         0,   0.013,mwpf__6a374b57c528f1fa3515562a1fcd08586fb590c5649146dc6a143bb06eeec077,f3e9207a47b74a52f31cee6ee65233df1dffd4d0d85fd55e88b8f5b6b8686260,"{""circuit"":""surface_code:rotated_memory_x"",""cluster_node_limit"":50,""d"":3,""decoder"":""mwpf"",""decoder_type"":""SolverSerialJointSingleHair"",""p"":0.006,""p_erase"":0.006,""r"":3,""run_id"":""dd60754122c9f7a810b0c1d8b1c92188ea52870232067546237f0fa25d610548""}",
       273,         0,         0,   0.010,mwpf__b872f877938abc74ac5cbaba353b6d05cca6c26386630928e9e8c556790460ab,8be4c71d65229ab532f93802b200d69b85cf990b21494afcdb050a0cc2f71098,"{""circuit"":""surface_code:rotated_memory_x"",""cluster_node_limit"":50,""d"":3,""decoder"":""mwpf"",""decoder_type"":""SolverSerialJointSingleHair"",""p"":0.003,""p_erase"":0.003,""r"":3,""run_id"":""915e7fac76f0cb44d6aac79997be9e5a903d4aa353a8207f80b396814e1292cb""}",
       273,         0,         0,   0.011,mwpf__3a2de2621d93f2d1f82bf505831648faac50961c9682adb78978518126f61ad4,269c086892560d2b2c3fb91f8240ee87c8e2f52d5b2ff0982c1e1b9fe1e015ae,"{""circuit"":""surface_code:rotated_memory_x"",""cluster_node_limit"":50,""d"":3,""decoder"":""mwpf"",""decoder_type"":""SolverSerialJointSingleHair"",""p"":0.005,""p_erase"":0.005,""r"":3,""run_id"":""5101ac8ef9c97b83df4dd9d8fb12d7b219d036893929703eba32fffa9e647600""}",
       273,         0,         0,   0.015,mwpf__2d43dbac6f220be8e75258fcbaa1915a92302bec253b831525bc35e7adeec1b6,64b3d9f5baf6f09488c41396f9407eb7cf2e57debde21e687e5552cba9d5418a,"{""circuit"":""surface_code:rotated_memory_x"",""cluster_node_limit"":50,""d"":3,""decoder"":""mwpf"",""decoder_type"":""SolverSerialJointSingleHair"",""p"":0.009,""p_erase"":0.009,""r"":3,""run_id"":""f3773bbf3001f7044304ac6a12d9ddb4d020a1b2b51ce7b475f4f14944f915f3""}",
       273,         1,         0,   0.017,mwpf__2d43dbac6f220be8e75258fcbaa1915a92302bec253b831525bc35e7adeec1b6,64b3d9f5baf6f09488c41396f9407eb7cf2e57debde21e687e5552cba9d5418a,"{""circuit"":""surface_code:rotated_memory_x"",""cluster_node_limit"":50,""d"":3,""decoder"":""mwpf"",""decoder_type"":""SolverSerialJointSingleHair"",""p"":0.009,""p_erase"":0.009,""r"":3,""run_id"":""f3773bbf3001f7044304ac6a12d9ddb4d020a1b2b51ce7b475f4f14944f915f3""}",
       273,         0,         0,   0.011,mwpf__bbbb95ae8dfd216392d93d271ab853220d7a01380e740dc79365759e9487ffb2,d994fe02c85cb3c768399acfffda9f01e9344d65a7427484376e8d07bf72dce7,"{""circuit"":""surface_code:rotated_memory_x"",""cluster_node_limit"":50,""d"":3,""decoder"":""mwpf"",""decoder_type"":""SolverSerialJointSingleHair"",""p"":0.004,""p_erase"":0.004,""r"":3,""run_id"":""90efa888ab0be85c6dc82d20d594fb219f455db906f7e8f7ad923a214270e30c""}",
       273,         0,         0,   0.014,mwpf__b97013a8da0fd8f6885b17db2a42ab25b19ddfdf52e8fcbc8652f7f86a4a96cb,0fcbe56867e1865cf3743ffac95ee6934c3a42db582868c86348a2ad7290185e,"{""circuit"":""surface_code:rotated_memory_x"",""cluster_node_limit"":50,""d"":3,""decoder"":""mwpf"",""decoder_type"":""SolverSerialJointSingleHair"",""p"":0.0075,""p_erase"":0.0075,""r"":3,""run_id"":""4bc734d2ac70cf62b78df146e81bdcf5df30d786b05a2eea177a13d890e64669""}",
       273,         0,         0,   0.011,mwpf__bbbb95ae8dfd216392d93d271ab853220d7a01380e740dc79365759e9487ffb2,d994fe02c85cb3c768399acfffda9f01e9344d65a7427484376e8d07bf72dce7,"{""circuit"":""surface_code:rotated_memory_x"",""cluster_node_limit"":50,""d"":3,""decoder"":""mwpf"",""decoder_type"":""SolverSerialJointSingleHair"",""p"":0.004,""p_erase"":0.004,""r"":3,""run_id"":""90efa888ab0be85c6dc82d20d594fb219f455db906f7e8f7ad923a214270e30c""}",
       273,         0,         0,   0.014,mwpf__b97013a8da0fd8f6885b17db2a42ab25b19ddfdf52e8fcbc8652f7f86a4a96cb,0fcbe56867e1865cf3743ffac95ee6934c3a42db582868c86348a2ad7290185e,"{""circuit"":""surface_code:rotated_memory_x"",""cluster_node_limit"":50,""d"":3,""decoder"":""mwpf"",""decoder_type"":""SolverSerialJointSingleHair"",""p"":0.0075,""p_erase"":0.0075,""r"":3,""run_id"":""4bc734d2ac70cf62b78df146e81bdcf5df30d786b05a2eea177a13d890e64669""}",
       273,         0,         0,   0.013,mwpf__1db40b12fec5f70da8e168713de74a6538a2139e5552fbb3ef79c15a6639c2db,f2e4a01c8e59722538504dfd8d6a652358dbe6fd622b4e794003a3dca85858a5,"{""circuit"":""surface_code:rotated_memory_x"",""cluster_node_limit"":50,""d"":3,""decoder"":""mwpf"",""decoder_type"":""SolverSerialJointSingleHair"",""p"":0.0065,""p_erase"":0.0065,""r"":3,""run_id"":""b8f63b3afee4afe98e7bbb30f20c4398dd3b9aec649fcfb3e47705c2a2c61b36""}",
       273,         0,         0,   0.015,mwpf__71726d6ba25fe5b1097fdebf57bc9ee71a4920b66b52ccf640b9fe928e18d0f8,416965c75b19b01d4781182eaa19c998ff58123cda66a19c0d09dee75e64fffb,"{""circuit"":""surface_code:rotated_memory_x"",""cluster_node_limit"":50,""d"":3,""decoder"":""mwpf"",""decoder_type"":""SolverSerialJointSingleHair"",""p"":0.007,""p_erase"":0.007,""r"":3,""run_id"":""135e03791629607bb61bf8b9b22bc12f2324f26b65e31e82f5c3cd97d24c99c9""}",
       273,         0,         0,   0.015,mwpf__71726d6ba25fe5b1097fdebf57bc9ee71a4920b66b52ccf640b9fe928e18d0f8,416965c75b19b01d4781182eaa19c998ff58123cda66a19c0d09dee75e64fffb,"{""circuit"":""surface_code:rotated_memory_x"",""cluster_node_limit"":50,""d"":3,""decoder"":""mwpf"",""decoder_type"":""SolverSerialJointSingleHair"",""p"":0.007,""p_erase"":0.007,""r"":3,""run_id"":""135e03791629607bb61bf8b9b22bc12f2324f26b65e31e82f5c3cd97d24c99c9""}",
       273,         0,         0,   0.018,mwpf__f4eaffc7e8b345bd4ed12e044b14c9eca5eb9d6063d64430985ec7c298159463,1c0b2318b8e500ddb1032a5e330292dd6110fcabf993e79d05dcfbebeb6f8881,"{""circuit"":""surface_code:rotated_memory_x"",""cluster_node_limit"":50,""d"":3,""decoder"":""mwpf"",""decoder_type"":""SolverSerialJointSingleHair"",""p"":0.01,""p_erase"":0.01,""r"":3,""run_id"":""5b6db69d825a9e1af451573dd00a4a7082d74a5e74fde81d397d7b0bcc5645b2""}",
       273,         0,         0,   0.015,mwpf__cdbabe99b4f243243aad339bb11c8a90131812a9c01e0de682a2aca46d6d55ff,ddc6d0a0729b2070c0dbbc972d7b9e687957f33bd2fd578d2477245fef7735ad,"{""circuit"":""surface_code:rotated_memory_x"",""cluster_node_limit"":50,""d"":3,""decoder"":""mwpf"",""decoder_type"":""SolverSerialJointSingleHair"",""p"":0.008,""p_erase"":0.008,""r"":3,""run_id"":""842b8d9622dd95e081373b13334f0c4c970c25ea256e90e9985b8d1bb6968aef""}",
       273,         0,         0,   0.012,mwpf__3a2de2621d93f2d1f82bf505831648faac50961c9682adb78978518126f61ad4,269c086892560d2b2c3fb91f8240ee87c8e2f52d5b2ff0982c1e1b9fe1e015ae,"{""circuit"":""surface_code:rotated_memory_x"",""cluster_node_limit"":50,""d"":3,""decoder"":""mwpf"",""decoder_type"":""SolverSerialJointSingleHair"",""p"":0.005,""p_erase"":0.005,""r"":3,""run_id"":""5101ac8ef9c97b83df4dd9d8fb12d7b219d036893929703eba32fffa9e647600""}",
       273,         0,         0,   0.018,mwpf__f4eaffc7e8b345bd4ed12e044b14c9eca5eb9d6063d64430985ec7c298159463,1c0b2318b8e500ddb1032a5e330292dd6110fcabf993e79d05dcfbebeb6f8881,"{""circuit"":""surface_code:rotated_memory_x"",""cluster_node_limit"":50,""d"":3,""decoder"":""mwpf"",""decoder_type"":""SolverSerialJointSingleHair"",""p"":0.01,""p_erase"":0.01,""r"":3,""run_id"":""5b6db69d825a9e1af451573dd00a4a7082d74a5e74fde81d397d7b0bcc5645b2""}",
       273,         1,         0,   0.016,mwpf__f4eaffc7e8b345bd4ed12e044b14c9eca5eb9d6063d64430985ec7c298159463,1c0b2318b8e500ddb1032a5e330292dd6110fcabf993e79d05dcfbebeb6f8881,"{""circuit"":""surface_code:rotated_memory_x"",""cluster_node_limit"":50,""d"":3,""decoder"":""mwpf"",""decoder_type"":""SolverSerialJointSingleHair"",""p"":0.01,""p_erase"":0.01,""r"":3,""run_id"":""5b6db69d825a9e1af451573dd00a4a7082d74a5e74fde81d397d7b0bcc5645b2""}",
       273,         1,         0,   0.015,mwpf__cdbabe99b4f243243aad339bb11c8a90131812a9c01e0de682a2aca46d6d55ff,ddc6d0a0729b2070c0dbbc972d7b9e687957f33bd2fd578d2477245fef7735ad,"{""circuit"":""surface_code:rotated_memory_x"",""cluster_node_limit"":50,""d"":3,""decoder"":""mwpf"",""decoder_type"":""SolverSerialJointSingleHair"",""p"":0.008,""p_erase"":0.008,""r"":3,""run_id"":""842b8d9622dd95e081373b13334f0c4c970c25ea256e90e9985b8d1bb6968aef""}",
       273,         0,         0,   0.014,mwpf__1db40b12fec5f70da8e168713de74a6538a2139e5552fbb3ef79c15a6639c2db,f2e4a01c8e59722538504dfd8d6a652358dbe6fd622b4e794003a3dca85858a5,"{""circuit"":""surface_code:rotated_memory_x"",""cluster_node_limit"":50,""d"":3,""decoder"":""mwpf"",""decoder_type"":""SolverSerialJointSingleHair"",""p"":0.0065,""p_erase"":0.0065,""r"":3,""run_id"":""b8f63b3afee4afe98e7bbb30f20c4398dd3b9aec649fcfb3e47705c2a2c61b36""}",
       273,         0,         0,   0.023,mwpf__06e26ae447fba2326c79329271a3e4ecf7a30ebd1c813d21b4091fdbaabaa7aa,308e9b2c9369348c51fa8ce1cfb7541c7cf4b5276d9b9abc27de84e7fcc74ee7,"{""circuit"":""surface_code:rotated_memory_x"",""cluster_node_limit"":50,""d"":3,""decoder"":""mwpf"",""decoder_type"":""SolverSerialJointSingleHair"",""p"":0.015,""p_erase"":0.015,""r"":3,""run_id"":""b44761db4df8b64c8917c437ae7fe1c452a55149c1dc7a5ca0f619d5bff0315c""}",
       273,         0,         0,   0.015,mwpf__cdbabe99b4f243243aad339bb11c8a90131812a9c01e0de682a2aca46d6d55ff,ddc6d0a0729b2070c0dbbc972d7b9e687957f33bd2fd578d2477245fef7735ad,"{""circuit"":""surface_code:rotated_memory_x"",""cluster_node_limit"":50,""d"":3,""decoder"":""mwpf"",""decoder_type"":""SolverSerialJointSingleHair"",""p"":0.008,""p_erase"":0.008,""r"":3,""run_id"":""842b8d9622dd95e081373b13334f0c4c970c25ea256e90e9985b8d1bb6968aef""}",
       273,         0,         0,   0.015,mwpf__b97013a8da0fd8f6885b17db2a42ab25b19ddfdf52e8fcbc8652f7f86a4a96cb,0fcbe56867e1865cf3743ffac95ee6934c3a42db582868c86348a2ad7290185e,"{""circuit"":""surface_code:rotated_memory_x"",""cluster_node_limit"":50,""d"":3,""decoder"":""mwpf"",""decoder_type"":""SolverSerialJointSingleHair"",""p"":0.0075,""p_erase"":0.0075,""r"":3,""run_id"":""4bc734d2ac70cf62b78df146e81bdcf5df30d786b05a2eea177a13d890e64669""}",
       273,         5,         0,   0.023,mwpf__06e26ae447fba2326c79329271a3e4ecf7a30ebd1c813d21b4091fdbaabaa7aa,308e9b2c9369348c51fa8ce1cfb7541c7cf4b5276d9b9abc27de84e7fcc74ee7,"{""circuit"":""surface_code:rotated_memory_x"",""cluster_node_limit"":50,""d"":3,""decoder"":""mwpf"",""decoder_type"":""SolverSerialJointSingleHair"",""p"":0.015,""p_erase"":0.015,""r"":3,""run_id"":""b44761db4df8b64c8917c437ae7fe1c452a55149c1dc7a5ca0f619d5bff0315c""}",
       273,         0,         0,   0.014,mwpf__71726d6ba25fe5b1097fdebf57bc9ee71a4920b66b52ccf640b9fe928e18d0f8,416965c75b19b01d4781182eaa19c998ff58123cda66a19c0d09dee75e64fffb,"{""circuit"":""surface_code:rotated_memory_x"",""cluster_node_limit"":50,""d"":3,""decoder"":""mwpf"",""decoder_type"":""SolverSerialJointSingleHair"",""p"":0.007,""p_erase"":0.007,""r"":3,""run_id"":""135e03791629607bb61bf8b9b22bc12f2324f26b65e31e82f5c3cd97d24c99c9""}",
       273,         0,         0,   0.012,mwpf__3a2de2621d93f2d1f82bf505831648faac50961c9682adb78978518126f61ad4,269c086892560d2b2c3fb91f8240ee87c8e2f52d5b2ff0982c1e1b9fe1e015ae,"{""circuit"":""surface_code:rotated_memory_x"",""cluster_node_limit"":50,""d"":3,""decoder"":""mwpf"",""decoder_type"":""SolverSerialJointSingleHair"",""p"":0.005,""p_erase"":0.005,""r"":3,""run_id"":""5101ac8ef9c97b83df4dd9d8fb12d7b219d036893929703eba32fffa9e647600""}",
      1297,         0,         0,   0.043,mwpf__b872f877938abc74ac5cbaba353b6d05cca6c26386630928e9e8c556790460ab,8be4c71d65229ab532f93802b200d69b85cf990b21494afcdb050a0cc2f71098,"{""circuit"":""surface_code:rotated_memory_x"",""cluster_node_limit"":50,""d"":3,""decoder"":""mwpf"",""decoder_type"":""SolverSerialJointSingleHair"",""p"":0.003,""p_erase"":0.003,""r"":3,""run_id"":""915e7fac76f0cb44d6aac79997be9e5a903d4aa353a8207f80b396814e1292cb""}",
      1024,         0,         0,   0.037,mwpf__bbbb95ae8dfd216392d93d271ab853220d7a01380e740dc79365759e9487ffb2,d994fe02c85cb3c768399acfffda9f01e9344d65a7427484376e8d07bf72dce7,"{""circuit"":""surface_code:rotated_memory_x"",""cluster_node_limit"":50,""d"":3,""decoder"":""mwpf"",""decoder_type"":""SolverSerialJointSingleHair"",""p"":0.004,""p_erase"":0.004,""r"":3,""run_id"":""90efa888ab0be85c6dc82d20d594fb219f455db906f7e8f7ad923a214270e30c""}",
      1024,         0,         0,   0.032,mwpf__b872f877938abc74ac5cbaba353b6d05cca6c26386630928e9e8c556790460ab,8be4c71d65229ab532f93802b200d69b85cf990b21494afcdb050a0cc2f71098,"{""circuit"":""surface_code:rotated_memory_x"",""cluster_node_limit"":50,""d"":3,""decoder"":""mwpf"",""decoder_type"":""SolverSerialJointSingleHair"",""p"":0.003,""p_erase"":0.003,""r"":3,""run_id"":""915e7fac76f0cb44d6aac79997be9e5a903d4aa353a8207f80b396814e1292cb""}",
      1297,         0,         0,   0.043,mwpf__b872f877938abc74ac5cbaba353b6d05cca6c26386630928e9e8c556790460ab,8be4c71d65229ab532f93802b200d69b85cf990b21494afcdb050a0cc2f71098,"{""circuit"":""surface_code:rotated_memory_x"",""cluster_node_limit"":50,""d"":3,""decoder"":""mwpf"",""decoder_type"":""SolverSerialJointSingleHair"",""p"":0.003,""p_erase"":0.003,""r"":3,""run_id"":""915e7fac76f0cb44d6aac79997be9e5a903d4aa353a8207f80b396814e1292cb""}",
      1024,         0,         0,   0.036,mwpf__bbbb95ae8dfd216392d93d271ab853220d7a01380e740dc79365759e9487ffb2,d994fe02c85cb3c768399acfffda9f01e9344d65a7427484376e8d07bf72dce7,"{""circuit"":""surface_code:rotated_memory_x"",""cluster_node_limit"":50,""d"":3,""decoder"":""mwpf"",""decoder_type"":""SolverSerialJointSingleHair"",""p"":0.004,""p_erase"":0.004,""r"":3,""run_id"":""90efa888ab0be85c6dc82d20d594fb219f455db906f7e8f7ad923a214270e30c""}",
      1024,         0,         0,   0.037,mwpf__bbbb95ae8dfd216392d93d271ab853220d7a01380e740dc79365759e9487ffb2,d994fe02c85cb3c768399acfffda9f01e9344d65a7427484376e8d07bf72dce7,"{""circuit"":""surface_code:rotated_memory_x"",""cluster_node_limit"":50,""d"":3,""decoder"":""mwpf"",""decoder_type"":""SolverSerialJointSingleHair"",""p"":0.004,""p_erase"":0.004,""r"":3,""run_id"":""90efa888ab0be85c6dc82d20d594fb219f455db906f7e8f7ad923a214270e30c""}",
      1024,         0,         0,   0.039,mwpf__3a2de2621d93f2d1f82bf505831648faac50961c9682adb78978518126f61ad4,269c086892560d2b2c3fb91f8240ee87c8e2f52d5b2ff0982c1e1b9fe1e015ae,"{""circuit"":""surface_code:rotated_memory_x"",""cluster_node_limit"":50,""d"":3,""decoder"":""mwpf"",""decoder_type"":""SolverSerialJointSingleHair"",""p"":0.005,""p_erase"":0.005,""r"":3,""run_id"":""5101ac8ef9c97b83df4dd9d8fb12d7b219d036893929703eba32fffa9e647600""}",
      1024,         0,         0,   0.043,mwpf__6a374b57c528f1fa3515562a1fcd08586fb590c5649146dc6a143bb06eeec077,f3e9207a47b74a52f31cee6ee65233df1dffd4d0d85fd55e88b8f5b6b8686260,"{""circuit"":""surface_code:rotated_memory_x"",""cluster_node_limit"":50,""d"":3,""decoder"":""mwpf"",""decoder_type"":""SolverSerialJointSingleHair"",""p"":0.006,""p_erase"":0.006,""r"":3,""run_id"":""dd60754122c9f7a810b0c1d8b1c92188ea52870232067546237f0fa25d610548""}",
      1024,         1,         0,   0.045,mwpf__6a374b57c528f1fa3515562a1fcd08586fb590c5649146dc6a143bb06eeec077,f3e9207a47b74a52f31cee6ee65233df1dffd4d0d85fd55e88b8f5b6b8686260,"{""circuit"":""surface_code:rotated_memory_x"",""cluster_node_limit"":50,""d"":3,""decoder"":""mwpf"",""decoder_type"":""SolverSerialJointSingleHair"",""p"":0.006,""p_erase"":0.006,""r"":3,""run_id"":""dd60754122c9f7a810b0c1d8b1c92188ea52870232067546237f0fa25d610548""}",
      1024,         1,         0,   0.047,mwpf__1db40b12fec5f70da8e168713de74a6538a2139e5552fbb3ef79c15a6639c2db,f2e4a01c8e59722538504dfd8d6a652358dbe6fd622b4e794003a3dca85858a5,"{""circuit"":""surface_code:rotated_memory_x"",""cluster_node_limit"":50,""d"":3,""decoder"":""mwpf"",""decoder_type"":""SolverSerialJointSingleHair"",""p"":0.0065,""p_erase"":0.0065,""r"":3,""run_id"":""b8f63b3afee4afe98e7bbb30f20c4398dd3b9aec649fcfb3e47705c2a2c61b36""}",
      1024,         0,         0,   0.044,mwpf__6a374b57c528f1fa3515562a1fcd08586fb590c5649146dc6a143bb06eeec077,f3e9207a47b74a52f31cee6ee65233df1dffd4d0d85fd55e88b8f5b6b8686260,"{""circuit"":""surface_code:rotated_memory_x"",""cluster_node_limit"":50,""d"":3,""decoder"":""mwpf"",""decoder_type"":""SolverSerialJointSingleHair"",""p"":0.006,""p_erase"":0.006,""r"":3,""run_id"":""dd60754122c9f7a810b0c1d8b1c92188ea52870232067546237f0fa25d610548""}",
      1024,         1,         0,   0.041,mwpf__3a2de2621d93f2d1f82bf505831648faac50961c9682adb78978518126f61ad4,269c086892560d2b2c3fb91f8240ee87c8e2f52d5b2ff0982c1e1b9fe1e015ae,"{""circuit"":""surface_code:rotated_memory_x"",""cluster_node_limit"":50,""d"":3,""decoder"":""mwpf"",""decoder_type"":""SolverSerialJointSingleHair"",""p"":0.005,""p_erase"":0.005,""r"":3,""run_id"":""5101ac8ef9c97b83df4dd9d8fb12d7b219d036893929703eba32fffa9e647600""}",
      1024,         0,         0,   0.045,mwpf__1db40b12fec5f70da8e168713de74a6538a2139e5552fbb3ef79c15a6639c2db,f2e4a01c8e59722538504dfd8d6a652358dbe6fd622b4e794003a3dca85858a5,"{""circuit"":""surface_code:rotated_memory_x"",""cluster_node_limit"":50,""d"":3,""decoder"":""mwpf"",""decoder_type"":""SolverSerialJointSingleHair"",""p"":0.0065,""p_erase"":0.0065,""r"":3,""run_id"":""b8f63b3afee4afe98e7bbb30f20c4398dd3b9aec649fcfb3e47705c2a2c61b36""}",
      1024,         0,         0,   0.047,mwpf__b97013a8da0fd8f6885b17db2a42ab25b19ddfdf52e8fcbc8652f7f86a4a96cb,0fcbe56867e1865cf3743ffac95ee6934c3a42db582868c86348a2ad7290185e,"{""circuit"":""surface_code:rotated_memory_x"",""cluster_node_limit"":50,""d"":3,""decoder"":""mwpf"",""decoder_type"":""SolverSerialJointSingleHair"",""p"":0.0075,""p_erase"":0.0075,""r"":3,""run_id"":""4bc734d2ac70cf62b78df146e81bdcf5df30d786b05a2eea177a13d890e64669""}",
      1024,         1,         0,   0.049,mwpf__b97013a8da0fd8f6885b17db2a42ab25b19ddfdf52e8fcbc8652f7f86a4a96cb,0fcbe56867e1865cf3743ffac95ee6934c3a42db582868c86348a2ad7290185e,"{""circuit"":""surface_code:rotated_memory_x"",""cluster_node_limit"":50,""d"":3,""decoder"":""mwpf"",""decoder_type"":""SolverSerialJointSingleHair"",""p"":0.0075,""p_erase"":0.0075,""r"":3,""run_id"":""4bc734d2ac70cf62b78df146e81bdcf5df30d786b05a2eea177a13d890e64669""}",
      1024,         3,         0,   0.051,mwpf__2d43dbac6f220be8e75258fcbaa1915a92302bec253b831525bc35e7adeec1b6,64b3d9f5baf6f09488c41396f9407eb7cf2e57debde21e687e5552cba9d5418a,"{""circuit"":""surface_code:rotated_memory_x"",""cluster_node_limit"":50,""d"":3,""decoder"":""mwpf"",""decoder_type"":""SolverSerialJointSingleHair"",""p"":0.009,""p_erase"":0.009,""r"":3,""run_id"":""f3773bbf3001f7044304ac6a12d9ddb4d020a1b2b51ce7b475f4f14944f915f3""}",
      1024,         0,         0,   0.050,mwpf__71726d6ba25fe5b1097fdebf57bc9ee71a4920b66b52ccf640b9fe928e18d0f8,416965c75b19b01d4781182eaa19c998ff58123cda66a19c0d09dee75e64fffb,"{""circuit"":""surface_code:rotated_memory_x"",""cluster_node_limit"":50,""d"":3,""decoder"":""mwpf"",""decoder_type"":""SolverSerialJointSingleHair"",""p"":0.007,""p_erase"":0.007,""r"":3,""run_id"":""135e03791629607bb61bf8b9b22bc12f2324f26b65e31e82f5c3cd97d24c99c9""}",
      1024,         2,         0,   0.051,mwpf__71726d6ba25fe5b1097fdebf57bc9ee71a4920b66b52ccf640b9fe928e18d0f8,416965c75b19b01d4781182eaa19c998ff58123cda66a19c0d09dee75e64fffb,"{""circuit"":""surface_code:rotated_memory_x"",""cluster_node_limit"":50,""d"":3,""decoder"":""mwpf"",""decoder_type"":""SolverSerialJointSingleHair"",""p"":0.007,""p_erase"":0.007,""r"":3,""run_id"":""135e03791629607bb61bf8b9b22bc12f2324f26b65e31e82f5c3cd97d24c99c9""}",
      1024,         0,         0,   0.051,mwpf__cdbabe99b4f243243aad339bb11c8a90131812a9c01e0de682a2aca46d6d55ff,ddc6d0a0729b2070c0dbbc972d7b9e687957f33bd2fd578d2477245fef7735ad,"{""circuit"":""surface_code:rotated_memory_x"",""cluster_node_limit"":50,""d"":3,""decoder"":""mwpf"",""decoder_type"":""SolverSerialJointSingleHair"",""p"":0.008,""p_erase"":0.008,""r"":3,""run_id"":""842b8d9622dd95e081373b13334f0c4c970c25ea256e90e9985b8d1bb6968aef""}",
      1024,         0,         0,   0.047,mwpf__1db40b12fec5f70da8e168713de74a6538a2139e5552fbb3ef79c15a6639c2db,f2e4a01c8e59722538504dfd8d6a652358dbe6fd622b4e794003a3dca85858a5,"{""circuit"":""surface_code:rotated_memory_x"",""cluster_node_limit"":50,""d"":3,""decoder"":""mwpf"",""decoder_type"":""SolverSerialJointSingleHair"",""p"":0.0065,""p_erase"":0.0065,""r"":3,""run_id"":""b8f63b3afee4afe98e7bbb30f20c4398dd3b9aec649fcfb3e47705c2a2c61b36""}",
      1024,         3,         0,   0.056,mwpf__2d43dbac6f220be8e75258fcbaa1915a92302bec253b831525bc35e7adeec1b6,64b3d9f5baf6f09488c41396f9407eb7cf2e57debde21e687e5552cba9d5418a,"{""circuit"":""surface_code:rotated_memory_x"",""cluster_node_limit"":50,""d"":3,""decoder"":""mwpf"",""decoder_type"":""SolverSerialJointSingleHair"",""p"":0.009,""p_erase"":0.009,""r"":3,""run_id"":""f3773bbf3001f7044304ac6a12d9ddb4d020a1b2b51ce7b475f4f14944f915f3""}",
      1024,         0,         0,   0.040,mwpf__3a2de2621d93f2d1f82bf505831648faac50961c9682adb78978518126f61ad4,269c086892560d2b2c3fb91f8240ee87c8e2f52d5b2ff0982c1e1b9fe1e015ae,"{""circuit"":""surface_code:rotated_memory_x"",""cluster_node_limit"":50,""d"":3,""decoder"":""mwpf"",""decoder_type"":""SolverSerialJointSingleHair"",""p"":0.005,""p_erase"":0.005,""r"":3,""run_id"":""5101ac8ef9c97b83df4dd9d8fb12d7b219d036893929703eba32fffa9e647600""}",
      1024,         0,         0,   0.053,mwpf__cdbabe99b4f243243aad339bb11c8a90131812a9c01e0de682a2aca46d6d55ff,ddc6d0a0729b2070c0dbbc972d7b9e687957f33bd2fd578d2477245fef7735ad,"{""circuit"":""surface_code:rotated_memory_x"",""cluster_node_limit"":50,""d"":3,""decoder"":""mwpf"",""decoder_type"":""SolverSerialJointSingleHair"",""p"":0.008,""p_erase"":0.008,""r"":3,""run_id"":""842b8d9622dd95e081373b13334f0c4c970c25ea256e90e9985b8d1bb6968aef""}",
      1024,         2,         0,   0.058,mwpf__f4eaffc7e8b345bd4ed12e044b14c9eca5eb9d6063d64430985ec7c298159463,1c0b2318b8e500ddb1032a5e330292dd6110fcabf993e79d05dcfbebeb6f8881,"{""circuit"":""surface_code:rotated_memory_x"",""cluster_node_limit"":50,""d"":3,""decoder"":""mwpf"",""decoder_type"":""SolverSerialJointSingleHair"",""p"":0.01,""p_erase"":0.01,""r"":3,""run_id"":""5b6db69d825a9e1af451573dd00a4a7082d74a5e74fde81d397d7b0bcc5645b2""}",
      1024,         0,         0,   0.031,mwpf__b872f877938abc74ac5cbaba353b6d05cca6c26386630928e9e8c556790460ab,8be4c71d65229ab532f93802b200d69b85cf990b21494afcdb050a0cc2f71098,"{""circuit"":""surface_code:rotated_memory_x"",""cluster_node_limit"":50,""d"":3,""decoder"":""mwpf"",""decoder_type"":""SolverSerialJointSingleHair"",""p"":0.003,""p_erase"":0.003,""r"":3,""run_id"":""915e7fac76f0cb44d6aac79997be9e5a903d4aa353a8207f80b396814e1292cb""}",
      1024,         0,         0,   0.050,mwpf__b97013a8da0fd8f6885b17db2a42ab25b19ddfdf52e8fcbc8652f7f86a4a96cb,0fcbe56867e1865cf3743ffac95ee6934c3a42db582868c86348a2ad7290185e,"{""circuit"":""surface_code:rotated_memory_x"",""cluster_node_limit"":50,""d"":3,""decoder"":""mwpf"",""decoder_type"":""SolverSerialJointSingleHair"",""p"":0.0075,""p_erase"":0.0075,""r"":3,""run_id"":""4bc734d2ac70cf62b78df146e81bdcf5df30d786b05a2eea177a13d890e64669""}",
      1024,         0,         0,   0.034,mwpf__b872f877938abc74ac5cbaba353b6d05cca6c26386630928e9e8c556790460ab,8be4c71d65229ab532f93802b200d69b85cf990b21494afcdb050a0cc2f71098,"{""circuit"":""surface_code:rotated_memory_x"",""cluster_node_limit"":50,""d"":3,""decoder"":""mwpf"",""decoder_type"":""SolverSerialJointSingleHair"",""p"":0.003,""p_erase"":0.003,""r"":3,""run_id"":""915e7fac76f0cb44d6aac79997be9e5a903d4aa353a8207f80b396814e1292cb""}",
      1024,         1,         0,   0.059,mwpf__f4eaffc7e8b345bd4ed12e044b14c9eca5eb9d6063d64430985ec7c298159463,1c0b2318b8e500ddb1032a5e330292dd6110fcabf993e79d05dcfbebeb6f8881,"{""circuit"":""surface_code:rotated_memory_x"",""cluster_node_limit"":50,""d"":3,""decoder"":""mwpf"",""decoder_type"":""SolverSerialJointSingleHair"",""p"":0.01,""p_erase"":0.01,""r"":3,""run_id"":""5b6db69d825a9e1af451573dd00a4a7082d74a5e74fde81d397d7b0bcc5645b2""}",
      1024,         1,         0,   0.053,mwpf__cdbabe99b4f243243aad339bb11c8a90131812a9c01e0de682a2aca46d6d55ff,ddc6d0a0729b2070c0dbbc972d7b9e687957f33bd2fd578d2477245fef7735ad,"{""circuit"":""surface_code:rotated_memory_x"",""cluster_node_limit"":50,""d"":3,""decoder"":""mwpf"",""decoder_type"":""SolverSerialJointSingleHair"",""p"":0.008,""p_erase"":0.008,""r"":3,""run_id"":""842b8d9622dd95e081373b13334f0c4c970c25ea256e90e9985b8d1bb6968aef""}",
      1024,         0,         0,   0.047,mwpf__71726d6ba25fe5b1097fdebf57bc9ee71a4920b66b52ccf640b9fe928e18d0f8,416965c75b19b01d4781182eaa19c998ff58123cda66a19c0d09dee75e64fffb,"{""circuit"":""surface_code:rotated_memory_x"",""cluster_node_limit"":50,""d"":3,""decoder"":""mwpf"",""decoder_type"":""SolverSerialJointSingleHair"",""p"":0.007,""p_erase"":0.007,""r"":3,""run_id"":""135e03791629607bb61bf8b9b22bc12f2324f26b65e31e82f5c3cd97d24c99c9""}",
      1024,         0,         0,   0.033,mwpf__b872f877938abc74ac5cbaba353b6d05cca6c26386630928e9e8c556790460ab,8be4c71d65229ab532f93802b200d69b85cf990b21494afcdb050a0cc2f71098,"{""circuit"":""surface_code:rotated_memory_x"",""cluster_node_limit"":50,""d"":3,""decoder"":""mwpf"",""decoder_type"":""SolverSerialJointSingleHair"",""p"":0.003,""p_erase"":0.003,""r"":3,""run_id"":""915e7fac76f0cb44d6aac79997be9e5a903d4aa353a8207f80b396814e1292cb""}",
      1024,         0,         0,   0.059,mwpf__f4eaffc7e8b345bd4ed12e044b14c9eca5eb9d6063d64430985ec7c298159463,1c0b2318b8e500ddb1032a5e330292dd6110fcabf993e79d05dcfbebeb6f8881,"{""circuit"":""surface_code:rotated_memory_x"",""cluster_node_limit"":50,""d"":3,""decoder"":""mwpf"",""decoder_type"":""SolverSerialJointSingleHair"",""p"":0.01,""p_erase"":0.01,""r"":3,""run_id"":""5b6db69d825a9e1af451573dd00a4a7082d74a5e74fde81d397d7b0bcc5645b2""}",
      1024,         0,         0,   0.038,mwpf__bbbb95ae8dfd216392d93d271ab853220d7a01380e740dc79365759e9487ffb2,d994fe02c85cb3c768399acfffda9f01e9344d65a7427484376e8d07bf72dce7,"{""circuit"":""surface_code:rotated_memory_x"",""cluster_node_limit"":50,""d"":3,""decoder"":""mwpf"",""decoder_type"":""SolverSerialJointSingleHair"",""p"":0.004,""p_erase"":0.004,""r"":3,""run_id"":""90efa888ab0be85c6dc82d20d594fb219f455db906f7e8f7ad923a214270e30c""}",
      1024,         0,         0,   0.035,mwpf__bbbb95ae8dfd216392d93d271ab853220d7a01380e740dc79365759e9487ffb2,d994fe02c85cb3c768399acfffda9f01e9344d65a7427484376e8d07bf72dce7,"{""circuit"":""surface_code:rotated_memory_x"",""cluster_node_limit"":50,""d"":3,""decoder"":""mwpf"",""decoder_type"":""SolverSerialJointSingleHair"",""p"":0.004,""p_erase"":0.004,""r"":3,""run_id"":""90efa888ab0be85c6dc82d20d594fb219f455db906f7e8f7ad923a214270e30c""}",
      1024,         0,         0,   0.035,mwpf__bbbb95ae8dfd216392d93d271ab853220d7a01380e740dc79365759e9487ffb2,d994fe02c85cb3c768399acfffda9f01e9344d65a7427484376e8d07bf72dce7,"{""circuit"":""surface_code:rotated_memory_x"",""cluster_node_limit"":50,""d"":3,""decoder"":""mwpf"",""decoder_type"":""SolverSerialJointSingleHair"",""p"":0.004,""p_erase"":0.004,""r"":3,""run_id"":""90efa888ab0be85c6dc82d20d594fb219f455db906f7e8f7ad923a214270e30c""}",
      1024,         1,         0,   0.040,mwpf__3a2de2621d93f2d1f82bf505831648faac50961c9682adb78978518126f61ad4,269c086892560d2b2c3fb91f8240ee87c8e2f52d5b2ff0982c1e1b9fe1e015ae,"{""circuit"":""surface_code:rotated_memory_x"",""cluster_node_limit"":50,""d"":3,""decoder"":""mwpf"",""decoder_type"":""SolverSerialJointSingleHair"",""p"":0.005,""p_erase"":0.005,""r"":3,""run_id"":""5101ac8ef9c97b83df4dd9d8fb12d7b219d036893929703eba32fffa9e647600""}",
      1024,         0,         0,   0.043,mwpf__6a374b57c528f1fa3515562a1fcd08586fb590c5649146dc6a143bb06eeec077,f3e9207a47b74a52f31cee6ee65233df1dffd4d0d85fd55e88b8f5b6b8686260,"{""circuit"":""surface_code:rotated_memory_x"",""cluster_node_limit"":50,""d"":3,""decoder"":""mwpf"",""decoder_type"":""SolverSerialJointSingleHair"",""p"":0.006,""p_erase"":0.006,""r"":3,""run_id"":""dd60754122c9f7a810b0c1d8b1c92188ea52870232067546237f0fa25d610548""}",
      1024,         0,         0,   0.045,mwpf__6a374b57c528f1fa3515562a1fcd08586fb590c5649146dc6a143bb06eeec077,f3e9207a47b74a52f31cee6ee65233df1dffd4d0d85fd55e88b8f5b6b8686260,"{""circuit"":""surface_code:rotated_memory_x"",""cluster_node_limit"":50,""d"":3,""decoder"":""mwpf"",""decoder_type"":""SolverSerialJointSingleHair"",""p"":0.006,""p_erase"":0.006,""r"":3,""run_id"":""dd60754122c9f7a810b0c1d8b1c92188ea52870232067546237f0fa25d610548""}",
      1024,         0,         0,   0.040,mwpf__3a2de2621d93f2d1f82bf505831648faac50961c9682adb78978518126f61ad4,269c086892560d2b2c3fb91f8240ee87c8e2f52d5b2ff0982c1e1b9fe1e015ae,"{""circuit"":""surface_code:rotated_memory_x"",""cluster_node_limit"":50,""d"":3,""decoder"":""mwpf"",""decoder_type"":""SolverSerialJointSingleHair"",""p"":0.005,""p_erase"":0.005,""r"":3,""run_id"":""5101ac8ef9c97b83df4dd9d8fb12d7b219d036893929703eba32fffa9e647600""}",
      1024,         1,         0,   0.047,mwpf__1db40b12fec5f70da8e168713de74a6538a2139e5552fbb3ef79c15a6639c2db,f2e4a01c8e59722538504dfd8d6a652358dbe6fd622b4e794003a3dca85858a5,"{""circuit"":""surface_code:rotated_memory_x"",""cluster_node_limit"":50,""d"":3,""decoder"":""mwpf"",""decoder_type"":""SolverSerialJointSingleHair"",""p"":0.0065,""p_erase"":0.0065,""r"":3,""run_id"":""b8f63b3afee4afe98e7bbb30f20c4398dd3b9aec649fcfb3e47705c2a2c61b36""}",
      1024,         0,         0,   0.046,mwpf__6a374b57c528f1fa3515562a1fcd08586fb590c5649146dc6a143bb06eeec077,f3e9207a47b74a52f31cee6ee65233df1dffd4d0d85fd55e88b8f5b6b8686260,"{""circuit"":""surface_code:rotated_memory_x"",""cluster_node_limit"":50,""d"":3,""decoder"":""mwpf"",""decoder_type"":""SolverSerialJointSingleHair"",""p"":0.006,""p_erase"":0.006,""r"":3,""run_id"":""dd60754122c9f7a810b0c1d8b1c92188ea52870232067546237f0fa25d610548""}",
      1024,        11,         0,   0.080,mwpf__06e26ae447fba2326c79329271a3e4ecf7a30ebd1c813d21b4091fdbaabaa7aa,308e9b2c9369348c51fa8ce1cfb7541c7cf4b5276d9b9abc27de84e7fcc74ee7,"{""circuit"":""surface_code:rotated_memory_x"",""cluster_node_limit"":50,""d"":3,""decoder"":""mwpf"",""decoder_type"":""SolverSerialJointSingleHair"",""p"":0.015,""p_erase"":0.015,""r"":3,""run_id"":""b44761db4df8b64c8917c437ae7fe1c452a55149c1dc7a5ca0f619d5bff0315c""}",
      1024,         0,         0,   0.044,mwpf__1db40b12fec5f70da8e168713de74a6538a2139e5552fbb3ef79c15a6639c2db,f2e4a01c8e59722538504dfd8d6a652358dbe6fd622b4e794003a3dca85858a5,"{""circuit"":""surface_code:rotated_memory_x"",""cluster_node_limit"":50,""d"":3,""decoder"":""mwpf"",""decoder_type"":""SolverSerialJointSingleHair"",""p"":0.0065,""p_erase"":0.0065,""r"":3,""run_id"":""b8f63b3afee4afe98e7bbb30f20c4398dd3b9aec649fcfb3e47705c2a2c61b36""}",
      1024,         0,         0,   0.030,mwpf__b872f877938abc74ac5cbaba353b6d05cca6c26386630928e9e8c556790460ab,8be4c71d65229ab532f93802b200d69b85cf990b21494afcdb050a0cc2f71098,"{""circuit"":""surface_code:rotated_memory_x"",""cluster_node_limit"":50,""d"":3,""decoder"":""mwpf"",""decoder_type"":""SolverSerialJointSingleHair"",""p"":0.003,""p_erase"":0.003,""r"":3,""run_id"":""915e7fac76f0cb44d6aac79997be9e5a903d4aa353a8207f80b396814e1292cb""}",
      1024,         6,         0,   0.078,mwpf__06e26ae447fba2326c79329271a3e4ecf7a30ebd1c813d21b4091fdbaabaa7aa,308e9b2c9369348c51fa8ce1cfb7541c7cf4b5276d9b9abc27de84e7fcc74ee7,"{""circuit"":""surface_code:rotated_memory_x"",""cluster_node_limit"":50,""d"":3,""decoder"":""mwpf"",""decoder_type"":""SolverSerialJointSingleHair"",""p"":0.015,""p_erase"":0.015,""r"":3,""run_id"":""b44761db4df8b64c8917c437ae7fe1c452a55149c1dc7a5ca0f619d5bff0315c""}",
      1024,         0,         0,   0.032,mwpf__b872f877938abc74ac5cbaba353b6d05cca6c26386630928e9e8c556790460ab,8be4c71d65229ab532f93802b200d69b85cf990b21494afcdb050a0cc2f71098,"{""circuit"":""surface_code:rotated_memory_x"",""cluster_node_limit"":50,""d"":3,""decoder"":""mwpf"",""decoder_type"":""SolverSerialJointSingleHair"",""p"":0.003,""p_erase"":0.003,""r"":3,""run_id"":""915e7fac76f0cb44d6aac79997be9e5a903d4aa353a8207f80b396814e1292cb""}",
      1024,         0,         0,   0.032,mwpf__b872f877938abc74ac5cbaba353b6d05cca6c26386630928e9e8c556790460ab,8be4c71d65229ab532f93802b200d69b85cf990b21494afcdb050a0cc2f71098,"{""circuit"":""surface_code:rotated_memory_x"",""cluster_node_limit"":50,""d"":3,""decoder"":""mwpf"",""decoder_type"":""SolverSerialJointSingleHair"",""p"":0.003,""p_erase"":0.003,""r"":3,""run_id"":""915e7fac76f0cb44d6aac79997be9e5a903d4aa353a8207f80b396814e1292cb""}",
       273,         0,         0,   0.016,mwpf__2d43dbac6f220be8e75258fcbaa1915a92302bec253b831525bc35e7adeec1b6,64b3d9f5baf6f09488c41396f9407eb7cf2e57debde21e687e5552cba9d5418a,"{""circuit"":""surface_code:rotated_memory_x"",""cluster_node_limit"":50,""d"":3,""decoder"":""mwpf"",""decoder_type"":""SolverSerialJointSingleHair"",""p"":0.009,""p_erase"":0.009,""r"":3,""run_id"":""f3773bbf3001f7044304ac6a12d9ddb4d020a1b2b51ce7b475f4f14944f915f3""}",
      1024,         0,         0,   0.049,mwpf__b97013a8da0fd8f6885b17db2a42ab25b19ddfdf52e8fcbc8652f7f86a4a96cb,0fcbe56867e1865cf3743ffac95ee6934c3a42db582868c86348a2ad7290185e,"{""circuit"":""surface_code:rotated_memory_x"",""cluster_node_limit"":50,""d"":3,""decoder"":""mwpf"",""decoder_type"":""SolverSerialJointSingleHair"",""p"":0.0075,""p_erase"":0.0075,""r"":3,""run_id"":""4bc734d2ac70cf62b78df146e81bdcf5df30d786b05a2eea177a13d890e64669""}",
      1024,         0,         0,   0.039,mwpf__3a2de2621d93f2d1f82bf505831648faac50961c9682adb78978518126f61ad4,269c086892560d2b2c3fb91f8240ee87c8e2f52d5b2ff0982c1e1b9fe1e015ae,"{""circuit"":""surface_code:rotated_memory_x"",""cluster_node_limit"":50,""d"":3,""decoder"":""mwpf"",""decoder_type"":""SolverSerialJointSingleHair"",""p"":0.005,""p_erase"":0.005,""r"":3,""run_id"":""5101ac8ef9c97b83df4dd9d8fb12d7b219d036893929703eba32fffa9e647600""}",
      1024,         1,         0,   0.047,mwpf__71726d6ba25fe5b1097fdebf57bc9ee71a4920b66b52ccf640b9fe928e18d0f8,416965c75b19b01d4781182eaa19c998ff58123cda66a19c0d09dee75e64fffb,"{""circuit"":""surface_code:rotated_memory_x"",""cluster_node_limit"":50,""d"":3,""decoder"":""mwpf"",""decoder_type"":""SolverSerialJointSingleHair"",""p"":0.007,""p_erase"":0.007,""r"":3,""run_id"":""135e03791629607bb61bf8b9b22bc12f2324f26b65e31e82f5c3cd97d24c99c9""}",
      1024,         2,         0,   0.050,mwpf__b97013a8da0fd8f6885b17db2a42ab25b19ddfdf52e8fcbc8652f7f86a4a96cb,0fcbe56867e1865cf3743ffac95ee6934c3a42db582868c86348a2ad7290185e,"{""circuit"":""surface_code:rotated_memory_x"",""cluster_node_limit"":50,""d"":3,""decoder"":""mwpf"",""decoder_type"":""SolverSerialJointSingleHair"",""p"":0.0075,""p_erase"":0.0075,""r"":3,""run_id"":""4bc734d2ac70cf62b78df146e81bdcf5df30d786b05a2eea177a13d890e64669""}",
      1024,         0,         0,   0.045,mwpf__1db40b12fec5f70da8e168713de74a6538a2139e5552fbb3ef79c15a6639c2db,f2e4a01c8e59722538504dfd8d6a652358dbe6fd622b4e794003a3dca85858a5,"{""circuit"":""surface_code:rotated_memory_x"",""cluster_node_limit"":50,""d"":3,""decoder"":""mwpf"",""decoder_type"":""SolverSerialJointSingleHair"",""p"":0.0065,""p_erase"":0.0065,""r"":3,""run_id"":""b8f63b3afee4afe98e7bbb30f20c4398dd3b9aec649fcfb3e47705c2a2c61b36""}",
      1024,         0,         0,   0.049,mwpf__71726d6ba25fe5b1097fdebf57bc9ee71a4920b66b52ccf640b9fe928e18d0f8,416965c75b19b01d4781182eaa19c998ff58123cda66a19c0d09dee75e64fffb,"{""circuit"":""surface_code:rotated_memory_x"",""cluster_node_limit"":50,""d"":3,""decoder"":""mwpf"",""decoder_type"":""SolverSerialJointSingleHair"",""p"":0.007,""p_erase"":0.007,""r"":3,""run_id"":""135e03791629607bb61bf8b9b22bc12f2324f26b65e31e82f5c3cd97d24c99c9""}",
      1024,         0,         0,   0.037,mwpf__bbbb95ae8dfd216392d93d271ab853220d7a01380e740dc79365759e9487ffb2,d994fe02c85cb3c768399acfffda9f01e9344d65a7427484376e8d07bf72dce7,"{""circuit"":""surface_code:rotated_memory_x"",""cluster_node_limit"":50,""d"":3,""decoder"":""mwpf"",""decoder_type"":""SolverSerialJointSingleHair"",""p"":0.004,""p_erase"":0.004,""r"":3,""run_id"":""90efa888ab0be85c6dc82d20d594fb219f455db906f7e8f7ad923a214270e30c""}",
      1024,         2,         0,   0.055,mwpf__2d43dbac6f220be8e75258fcbaa1915a92302bec253b831525bc35e7adeec1b6,64b3d9f5baf6f09488c41396f9407eb7cf2e57debde21e687e5552cba9d5418a,"{""circuit"":""surface_code:rotated_memory_x"",""cluster_node_limit"":50,""d"":3,""decoder"":""mwpf"",""decoder_type"":""SolverSerialJointSingleHair"",""p"":0.009,""p_erase"":0.009,""r"":3,""run_id"":""f3773bbf3001f7044304ac6a12d9ddb4d020a1b2b51ce7b475f4f14944f915f3""}",
      1024,         0,         0,   0.034,mwpf__bbbb95ae8dfd216392d93d271ab853220d7a01380e740dc79365759e9487ffb2,d994fe02c85cb3c768399acfffda9f01e9344d65a7427484376e8d07bf72dce7,"{""circuit"":""surface_code:rotated_memory_x"",""cluster_node_limit"":50,""d"":3,""decoder"":""mwpf"",""decoder_type"":""SolverSerialJointSingleHair"",""p"":0.004,""p_erase"":0.004,""r"":3,""run_id"":""90efa888ab0be85c6dc82d20d594fb219f455db906f7e8f7ad923a214270e30c""}",
      1024,         0,         0,   0.036,mwpf__bbbb95ae8dfd216392d93d271ab853220d7a01380e740dc79365759e9487ffb2,d994fe02c85cb3c768399acfffda9f01e9344d65a7427484376e8d07bf72dce7,"{""circuit"":""surface_code:rotated_memory_x"",""cluster_node_limit"":50,""d"":3,""decoder"":""mwpf"",""decoder_type"":""SolverSerialJointSingleHair"",""p"":0.004,""p_erase"":0.004,""r"":3,""run_id"":""90efa888ab0be85c6dc82d20d594fb219f455db906f7e8f7ad923a214270e30c""}",
      1024,         1,         0,   0.053,mwpf__cdbabe99b4f243243aad339bb11c8a90131812a9c01e0de682a2aca46d6d55ff,ddc6d0a0729b2070c0dbbc972d7b9e687957f33bd2fd578d2477245fef7735ad,"{""circuit"":""surface_code:rotated_memory_x"",""cluster_node_limit"":50,""d"":3,""decoder"":""mwpf"",""decoder_type"":""SolverSerialJointSingleHair"",""p"":0.008,""p_erase"":0.008,""r"":3,""run_id"":""842b8d9622dd95e081373b13334f0c4c970c25ea256e90e9985b8d1bb6968aef""}",
      1024,         1,         0,   0.055,mwpf__2d43dbac6f220be8e75258fcbaa1915a92302bec253b831525bc35e7adeec1b6,64b3d9f5baf6f09488c41396f9407eb7cf2e57debde21e687e5552cba9d5418a,"{""circuit"":""surface_code:rotated_memory_x"",""cluster_node_limit"":50,""d"":3,""decoder"":""mwpf"",""decoder_type"":""SolverSerialJointSingleHair"",""p"":0.009,""p_erase"":0.009,""r"":3,""run_id"":""f3773bbf3001f7044304ac6a12d9ddb4d020a1b2b51ce7b475f4f14944f915f3""}",
      1024,         3,         0,   0.052,mwpf__cdbabe99b4f243243aad339bb11c8a90131812a9c01e0de682a2aca46d6d55ff,ddc6d0a0729b2070c0dbbc972d7b9e687957f33bd2fd578d2477245fef7735ad,"{""circuit"":""surface_code:rotated_memory_x"",""cluster_node_limit"":50,""d"":3,""decoder"":""mwpf"",""decoder_type"":""SolverSerialJointSingleHair"",""p"":0.008,""p_erase"":0.008,""r"":3,""run_id"":""842b8d9622dd95e081373b13334f0c4c970c25ea256e90e9985b8d1bb6968aef""}",
      1024,         0,         0,   0.050,mwpf__b97013a8da0fd8f6885b17db2a42ab25b19ddfdf52e8fcbc8652f7f86a4a96cb,0fcbe56867e1865cf3743ffac95ee6934c3a42db582868c86348a2ad7290185e,"{""circuit"":""surface_code:rotated_memory_x"",""cluster_node_limit"":50,""d"":3,""decoder"":""mwpf"",""decoder_type"":""SolverSerialJointSingleHair"",""p"":0.0075,""p_erase"":0.0075,""r"":3,""run_id"":""4bc734d2ac70cf62b78df146e81bdcf5df30d786b05a2eea177a13d890e64669""}",
      1024,         2,         0,   0.049,mwpf__71726d6ba25fe5b1097fdebf57bc9ee71a4920b66b52ccf640b9fe928e18d0f8,416965c75b19b01d4781182eaa19c998ff58123cda66a19c0d09dee75e64fffb,"{""circuit"":""surface_code:rotated_memory_x"",""cluster_node_limit"":50,""d"":3,""decoder"":""mwpf"",""decoder_type"":""SolverSerialJointSingleHair"",""p"":0.007,""p_erase"":0.007,""r"":3,""run_id"":""135e03791629607bb61bf8b9b22bc12f2324f26b65e31e82f5c3cd97d24c99c9""}",
      1024,         0,         0,   0.038,mwpf__3a2de2621d93f2d1f82bf505831648faac50961c9682adb78978518126f61ad4,269c086892560d2b2c3fb91f8240ee87c8e2f52d5b2ff0982c1e1b9fe1e015ae,"{""circuit"":""surface_code:rotated_memory_x"",""cluster_node_limit"":50,""d"":3,""decoder"":""mwpf"",""decoder_type"":""SolverSerialJointSingleHair"",""p"":0.005,""p_erase"":0.005,""r"":3,""run_id"":""5101ac8ef9c97b83df4dd9d8fb12d7b219d036893929703eba32fffa9e647600""}",
      1024,         1,         0,   0.053,mwpf__cdbabe99b4f243243aad339bb11c8a90131812a9c01e0de682a2aca46d6d55ff,ddc6d0a0729b2070c0dbbc972d7b9e687957f33bd2fd578d2477245fef7735ad,"{""circuit"":""surface_code:rotated_memory_x"",""cluster_node_limit"":50,""d"":3,""decoder"":""mwpf"",""decoder_type"":""SolverSerialJointSingleHair"",""p"":0.008,""p_erase"":0.008,""r"":3,""run_id"":""842b8d9622dd95e081373b13334f0c4c970c25ea256e90e9985b8d1bb6968aef""}",
      1024,         1,         0,   0.057,mwpf__f4eaffc7e8b345bd4ed12e044b14c9eca5eb9d6063d64430985ec7c298159463,1c0b2318b8e500ddb1032a5e330292dd6110fcabf993e79d05dcfbebeb6f8881,"{""circuit"":""surface_code:rotated_memory_x"",""cluster_node_limit"":50,""d"":3,""decoder"":""mwpf"",""decoder_type"":""SolverSerialJointSingleHair"",""p"":0.01,""p_erase"":0.01,""r"":3,""run_id"":""5b6db69d825a9e1af451573dd00a4a7082d74a5e74fde81d397d7b0bcc5645b2""}",
      1024,         1,         0,   0.060,mwpf__f4eaffc7e8b345bd4ed12e044b14c9eca5eb9d6063d64430985ec7c298159463,1c0b2318b8e500ddb1032a5e330292dd6110fcabf993e79d05dcfbebeb6f8881,"{""circuit"":""surface_code:rotated_memory_x"",""cluster_node_limit"":50,""d"":3,""decoder"":""mwpf"",""decoder_type"":""SolverSerialJointSingleHair"",""p"":0.01,""p_erase"":0.01,""r"":3,""run_id"":""5b6db69d825a9e1af451573dd00a4a7082d74a5e74fde81d397d7b0bcc5645b2""}",
      1024,         1,         0,   0.039,mwpf__3a2de2621d93f2d1f82bf505831648faac50961c9682adb78978518126f61ad4,269c086892560d2b2c3fb91f8240ee87c8e2f52d5b2ff0982c1e1b9fe1e015ae,"{""circuit"":""surface_code:rotated_memory_x"",""cluster_node_limit"":50,""d"":3,""decoder"":""mwpf"",""decoder_type"":""SolverSerialJointSingleHair"",""p"":0.005,""p_erase"":0.005,""r"":3,""run_id"":""5101ac8ef9c97b83df4dd9d8fb12d7b219d036893929703eba32fffa9e647600""}",
      1024,         1,         0,   0.042,mwpf__6a374b57c528f1fa3515562a1fcd08586fb590c5649146dc6a143bb06eeec077,f3e9207a47b74a52f31cee6ee65233df1dffd4d0d85fd55e88b8f5b6b8686260,"{""circuit"":""surface_code:rotated_memory_x"",""cluster_node_limit"":50,""d"":3,""decoder"":""mwpf"",""decoder_type"":""SolverSerialJointSingleHair"",""p"":0.006,""p_erase"":0.006,""r"":3,""run_id"":""dd60754122c9f7a810b0c1d8b1c92188ea52870232067546237f0fa25d610548""}",
      1024,         5,         0,   0.061,mwpf__f4eaffc7e8b345bd4ed12e044b14c9eca5eb9d6063d64430985ec7c298159463,1c0b2318b8e500ddb1032a5e330292dd6110fcabf993e79d05dcfbebeb6f8881,"{""circuit"":""surface_code:rotated_memory_x"",""cluster_node_limit"":50,""d"":3,""decoder"":""mwpf"",""decoder_type"":""SolverSerialJointSingleHair"",""p"":0.01,""p_erase"":0.01,""r"":3,""run_id"":""5b6db69d825a9e1af451573dd00a4a7082d74a5e74fde81d397d7b0bcc5645b2""}",
      1024,         0,         0,   0.031,mwpf__b872f877938abc74ac5cbaba353b6d05cca6c26386630928e9e8c556790460ab,8be4c71d65229ab532f93802b200d69b85cf990b21494afcdb050a0cc2f71098,"{""circuit"":""surface_code:rotated_memory_x"",""cluster_node_limit"":50,""d"":3,""decoder"":""mwpf"",""decoder_type"":""SolverSerialJointSingleHair"",""p"":0.003,""p_erase"":0.003,""r"":3,""run_id"":""915e7fac76f0cb44d6aac79997be9e5a903d4aa353a8207f80b396814e1292cb""}",
      1024,         0,         0,   0.033,mwpf__b872f877938abc74ac5cbaba353b6d05cca6c26386630928e9e8c556790460ab,8be4c71d65229ab532f93802b200d69b85cf990b21494afcdb050a0cc2f71098,"{""circuit"":""surface_code:rotated_memory_x"",""cluster_node_limit"":50,""d"":3,""decoder"":""mwpf"",""decoder_type"":""SolverSerialJointSingleHair"",""p"":0.003,""p_erase"":0.003,""r"":3,""run_id"":""915e7fac76f0cb44d6aac79997be9e5a903d4aa353a8207f80b396814e1292cb""}",
      1024,         0,         0,   0.044,mwpf__6a374b57c528f1fa3515562a1fcd08586fb590c5649146dc6a143bb06eeec077,f3e9207a47b74a52f31cee6ee65233df1dffd4d0d85fd55e88b8f5b6b8686260,"{""circuit"":""surface_code:rotated_memory_x"",""cluster_node_limit"":50,""d"":3,""decoder"":""mwpf"",""decoder_type"":""SolverSerialJointSingleHair"",""p"":0.006,""p_erase"":0.006,""r"":3,""run_id"":""dd60754122c9f7a810b0c1d8b1c92188ea52870232067546237f0fa25d610548""}",
      1024,         1,         0,   0.046,mwpf__6a374b57c528f1fa3515562a1fcd08586fb590c5649146dc6a143bb06eeec077,f3e9207a47b74a52f31cee6ee65233df1dffd4d0d85fd55e88b8f5b6b8686260,"{""circuit"":""surface_code:rotated_memory_x"",""cluster_node_limit"":50,""d"":3,""decoder"":""mwpf"",""decoder_type"":""SolverSerialJointSingleHair"",""p"":0.006,""p_erase"":0.006,""r"":3,""run_id"":""dd60754122c9f7a810b0c1d8b1c92188ea52870232067546237f0fa25d610548""}",
      1024,         0,         0,   0.044,mwpf__1db40b12fec5f70da8e168713de74a6538a2139e5552fbb3ef79c15a6639c2db,f2e4a01c8e59722538504dfd8d6a652358dbe6fd622b4e794003a3dca85858a5,"{""circuit"":""surface_code:rotated_memory_x"",""cluster_node_limit"":50,""d"":3,""decoder"":""mwpf"",""decoder_type"":""SolverSerialJointSingleHair"",""p"":0.0065,""p_erase"":0.0065,""r"":3,""run_id"":""b8f63b3afee4afe98e7bbb30f20c4398dd3b9aec649fcfb3e47705c2a2c61b36""}",
      1024,         0,         0,   0.048,mwpf__1db40b12fec5f70da8e168713de74a6538a2139e5552fbb3ef79c15a6639c2db,f2e4a01c8e59722538504dfd8d6a652358dbe6fd622b4e794003a3dca85858a5,"{""circuit"":""surface_code:rotated_memory_x"",""cluster_node_limit"":50,""d"":3,""decoder"":""mwpf"",""decoder_type"":""SolverSerialJointSingleHair"",""p"":0.0065,""p_erase"":0.0065,""r"":3,""run_id"":""b8f63b3afee4afe98e7bbb30f20c4398dd3b9aec649fcfb3e47705c2a2c61b36""}",
      1024,         1,         0,   0.038,mwpf__3a2de2621d93f2d1f82bf505831648faac50961c9682adb78978518126f61ad4,269c086892560d2b2c3fb91f8240ee87c8e2f52d5b2ff0982c1e1b9fe1e015ae,"{""circuit"":""surface_code:rotated_memory_x"",""cluster_node_limit"":50,""d"":3,""decoder"":""mwpf"",""decoder_type"":""SolverSerialJointSingleHair"",""p"":0.005,""p_erase"":0.005,""r"":3,""run_id"":""5101ac8ef9c97b83df4dd9d8fb12d7b219d036893929703eba32fffa9e647600""}",
      1024,         0,         0,   0.047,mwpf__71726d6ba25fe5b1097fdebf57bc9ee71a4920b66b52ccf640b9fe928e18d0f8,416965c75b19b01d4781182eaa19c998ff58123cda66a19c0d09dee75e64fffb,"{""circuit"":""surface_code:rotated_memory_x"",""cluster_node_limit"":50,""d"":3,""decoder"":""mwpf"",""decoder_type"":""SolverSerialJointSingleHair"",""p"":0.007,""p_erase"":0.007,""r"":3,""run_id"":""135e03791629607bb61bf8b9b22bc12f2324f26b65e31e82f5c3cd97d24c99c9""}",
      1024,         0,         0,   0.049,mwpf__b97013a8da0fd8f6885b17db2a42ab25b19ddfdf52e8fcbc8652f7f86a4a96cb,0fcbe56867e1865cf3743ffac95ee6934c3a42db582868c86348a2ad7290185e,"{""circuit"":""surface_code:rotated_memory_x"",""cluster_node_limit"":50,""d"":3,""decoder"":""mwpf"",""decoder_type"":""SolverSerialJointSingleHair"",""p"":0.0075,""p_erase"":0.0075,""r"":3,""run_id"":""4bc734d2ac70cf62b78df146e81bdcf5df30d786b05a2eea177a13d890e64669""}",
      1024,         2,         0,   0.047,mwpf__1db40b12fec5f70da8e168713de74a6538a2139e5552fbb3ef79c15a6639c2db,f2e4a01c8e59722538504dfd8d6a652358dbe6fd622b4e794003a3dca85858a5,"{""circuit"":""surface_code:rotated_memory_x"",""cluster_node_limit"":50,""d"":3,""decoder"":""mwpf"",""decoder_type"":""SolverSerialJointSingleHair"",""p"":0.0065,""p_erase"":0.0065,""r"":3,""run_id"":""b8f63b3afee4afe98e7bbb30f20c4398dd3b9aec649fcfb3e47705c2a2c61b36""}",
      1024,         0,         0,   0.049,mwpf__b97013a8da0fd8f6885b17db2a42ab25b19ddfdf52e8fcbc8652f7f86a4a96cb,0fcbe56867e1865cf3743ffac95ee6934c3a42db582868c86348a2ad7290185e,"{""circuit"":""surface_code:rotated_memory_x"",""cluster_node_limit"":50,""d"":3,""decoder"":""mwpf"",""decoder_type"":""SolverSerialJointSingleHair"",""p"":0.0075,""p_erase"":0.0075,""r"":3,""run_id"":""4bc734d2ac70cf62b78df146e81bdcf5df30d786b05a2eea177a13d890e64669""}",
      1024,         0,         0,   0.048,mwpf__71726d6ba25fe5b1097fdebf57bc9ee71a4920b66b52ccf640b9fe928e18d0f8,416965c75b19b01d4781182eaa19c998ff58123cda66a19c0d09dee75e64fffb,"{""circuit"":""surface_code:rotated_memory_x"",""cluster_node_limit"":50,""d"":3,""decoder"":""mwpf"",""decoder_type"":""SolverSerialJointSingleHair"",""p"":0.007,""p_erase"":0.007,""r"":3,""run_id"":""135e03791629607bb61bf8b9b22bc12f2324f26b65e31e82f5c3cd97d24c99c9""}",
      1024,         0,         0,   0.039,mwpf__3a2de2621d93f2d1f82bf505831648faac50961c9682adb78978518126f61ad4,269c086892560d2b2c3fb91f8240ee87c8e2f52d5b2ff0982c1e1b9fe1e015ae,"{""circuit"":""surface_code:rotated_memory_x"",""cluster_node_limit"":50,""d"":3,""decoder"":""mwpf"",""decoder_type"":""SolverSerialJointSingleHair"",""p"":0.005,""p_erase"":0.005,""r"":3,""run_id"":""5101ac8ef9c97b83df4dd9d8fb12d7b219d036893929703eba32fffa9e647600""}",
      1024,         2,         0,   0.057,mwpf__2d43dbac6f220be8e75258fcbaa1915a92302bec253b831525bc35e7adeec1b6,64b3d9f5baf6f09488c41396f9407eb7cf2e57debde21e687e5552cba9d5418a,"{""circuit"":""surface_code:rotated_memory_x"",""cluster_node_limit"":50,""d"":3,""decoder"":""mwpf"",""decoder_type"":""SolverSerialJointSingleHair"",""p"":0.009,""p_erase"":0.009,""r"":3,""run_id"":""f3773bbf3001f7044304ac6a12d9ddb4d020a1b2b51ce7b475f4f14944f915f3""}",
      2048,         0,         0,   0.064,mwpf__b872f877938abc74ac5cbaba353b6d05cca6c26386630928e9e8c556790460ab,8be4c71d65229ab532f93802b200d69b85cf990b21494afcdb050a0cc2f71098,"{""circuit"":""surface_code:rotated_memory_x"",""cluster_node_limit"":50,""d"":3,""decoder"":""mwpf"",""decoder_type"":""SolverSerialJointSingleHair"",""p"":0.003,""p_erase"":0.003,""r"":3,""run_id"":""915e7fac76f0cb44d6aac79997be9e5a903d4aa353a8207f80b396814e1292cb""}",
      1024,         2,         0,   0.047,mwpf__71726d6ba25fe5b1097fdebf57bc9ee71a4920b66b52ccf640b9fe928e18d0f8,416965c75b19b01d4781182eaa19c998ff58123cda66a19c0d09dee75e64fffb,"{""circuit"":""surface_code:rotated_memory_x"",""cluster_node_limit"":50,""d"":3,""decoder"":""mwpf"",""decoder_type"":""SolverSerialJointSingleHair"",""p"":0.007,""p_erase"":0.007,""r"":3,""run_id"":""135e03791629607bb61bf8b9b22bc12f2324f26b65e31e82f5c3cd97d24c99c9""}",
      1024,         2,         0,   0.054,mwpf__2d43dbac6f220be8e75258fcbaa1915a92302bec253b831525bc35e7adeec1b6,64b3d9f5baf6f09488c41396f9407eb7cf2e57debde21e687e5552cba9d5418a,"{""circuit"":""surface_code:rotated_memory_x"",""cluster_node_limit"":50,""d"":3,""decoder"":""mwpf"",""decoder_type"":""SolverSerialJointSingleHair"",""p"":0.009,""p_erase"":0.009,""r"":3,""run_id"":""f3773bbf3001f7044304ac6a12d9ddb4d020a1b2b51ce7b475f4f14944f915f3""}",
      1024,         1,         0,   0.053,mwpf__cdbabe99b4f243243aad339bb11c8a90131812a9c01e0de682a2aca46d6d55ff,ddc6d0a0729b2070c0dbbc972d7b9e687957f33bd2fd578d2477245fef7735ad,"{""circuit"":""surface_code:rotated_memory_x"",""cluster_node_limit"":50,""d"":3,""decoder"":""mwpf"",""decoder_type"":""SolverSerialJointSingleHair"",""p"":0.008,""p_erase"":0.008,""r"":3,""run_id"":""842b8d9622dd95e081373b13334f0c4c970c25ea256e90e9985b8d1bb6968aef""}",
      1024,         2,         0,   0.050,mwpf__cdbabe99b4f243243aad339bb11c8a90131812a9c01e0de682a2aca46d6d55ff,ddc6d0a0729b2070c0dbbc972d7b9e687957f33bd2fd578d2477245fef7735ad,"{""circuit"":""surface_code:rotated_memory_x"",""cluster_node_limit"":50,""d"":3,""decoder"":""mwpf"",""decoder_type"":""SolverSerialJointSingleHair"",""p"":0.008,""p_erase"":0.008,""r"":3,""run_id"":""842b8d9622dd95e081373b13334f0c4c970c25ea256e90e9985b8d1bb6968aef""}",
      1024,         2,         0,   0.051,mwpf__b97013a8da0fd8f6885b17db2a42ab25b19ddfdf52e8fcbc8652f7f86a4a96cb,0fcbe56867e1865cf3743ffac95ee6934c3a42db582868c86348a2ad7290185e,"{""circuit"":""surface_code:rotated_memory_x"",""cluster_node_limit"":50,""d"":3,""decoder"":""mwpf"",""decoder_type"":""SolverSerialJointSingleHair"",""p"":0.0075,""p_erase"":0.0075,""r"":3,""run_id"":""4bc734d2ac70cf62b78df146e81bdcf5df30d786b05a2eea177a13d890e64669""}",
      1024,         0,         0,   0.054,mwpf__2d43dbac6f220be8e75258fcbaa1915a92302bec253b831525bc35e7adeec1b6,64b3d9f5baf6f09488c41396f9407eb7cf2e57debde21e687e5552cba9d5418a,"{""circuit"":""surface_code:rotated_memory_x"",""cluster_node_limit"":50,""d"":3,""decoder"":""mwpf"",""decoder_type"":""SolverSerialJointSingleHair"",""p"":0.009,""p_erase"":0.009,""r"":3,""run_id"":""f3773bbf3001f7044304ac6a12d9ddb4d020a1b2b51ce7b475f4f14944f915f3""}",
      1024,         0,         0,   0.041,mwpf__3a2de2621d93f2d1f82bf505831648faac50961c9682adb78978518126f61ad4,269c086892560d2b2c3fb91f8240ee87c8e2f52d5b2ff0982c1e1b9fe1e015ae,"{""circuit"":""surface_code:rotated_memory_x"",""cluster_node_limit"":50,""d"":3,""decoder"":""mwpf"",""decoder_type"":""SolverSerialJointSingleHair"",""p"":0.005,""p_erase"":0.005,""r"":3,""run_id"":""5101ac8ef9c97b83df4dd9d8fb12d7b219d036893929703eba32fffa9e647600""}",
      1024,         0,         0,   0.042,mwpf__6a374b57c528f1fa3515562a1fcd08586fb590c5649146dc6a143bb06eeec077,f3e9207a47b74a52f31cee6ee65233df1dffd4d0d85fd55e88b8f5b6b8686260,"{""circuit"":""surface_code:rotated_memory_x"",""cluster_node_limit"":50,""d"":3,""decoder"":""mwpf"",""decoder_type"":""SolverSerialJointSingleHair"",""p"":0.006,""p_erase"":0.006,""r"":3,""run_id"":""dd60754122c9f7a810b0c1d8b1c92188ea52870232067546237f0fa25d610548""}",
      1024,         6,         0,   0.079,mwpf__06e26ae447fba2326c79329271a3e4ecf7a30ebd1c813d21b4091fdbaabaa7aa,308e9b2c9369348c51fa8ce1cfb7541c7cf4b5276d9b9abc27de84e7fcc74ee7,"{""circuit"":""surface_code:rotated_memory_x"",""cluster_node_limit"":50,""d"":3,""decoder"":""mwpf"",""decoder_type"":""SolverSerialJointSingleHair"",""p"":0.015,""p_erase"":0.015,""r"":3,""run_id"":""b44761db4df8b64c8917c437ae7fe1c452a55149c1dc7a5ca0f619d5bff0315c""}",
      1024,         1,         0,   0.053,mwpf__cdbabe99b4f243243aad339bb11c8a90131812a9c01e0de682a2aca46d6d55ff,ddc6d0a0729b2070c0dbbc972d7b9e687957f33bd2fd578d2477245fef7735ad,"{""circuit"":""surface_code:rotated_memory_x"",""cluster_node_limit"":50,""d"":3,""decoder"":""mwpf"",""decoder_type"":""SolverSerialJointSingleHair"",""p"":0.008,""p_erase"":0.008,""r"":3,""run_id"":""842b8d9622dd95e081373b13334f0c4c970c25ea256e90e9985b8d1bb6968aef""}",
      1024,         9,         0,   0.078,mwpf__06e26ae447fba2326c79329271a3e4ecf7a30ebd1c813d21b4091fdbaabaa7aa,308e9b2c9369348c51fa8ce1cfb7541c7cf4b5276d9b9abc27de84e7fcc74ee7,"{""circuit"":""surface_code:rotated_memory_x"",""cluster_node_limit"":50,""d"":3,""decoder"":""mwpf"",""decoder_type"":""SolverSerialJointSingleHair"",""p"":0.015,""p_erase"":0.015,""r"":3,""run_id"":""b44761db4df8b64c8917c437ae7fe1c452a55149c1dc7a5ca0f619d5bff0315c""}",
      1024,         1,         0,   0.043,mwpf__6a374b57c528f1fa3515562a1fcd08586fb590c5649146dc6a143bb06eeec077,f3e9207a47b74a52f31cee6ee65233df1dffd4d0d85fd55e88b8f5b6b8686260,"{""circuit"":""surface_code:rotated_memory_x"",""cluster_node_limit"":50,""d"":3,""decoder"":""mwpf"",""decoder_type"":""SolverSerialJointSingleHair"",""p"":0.006,""p_erase"":0.006,""r"":3,""run_id"":""dd60754122c9f7a810b0c1d8b1c92188ea52870232067546237f0fa25d610548""}",
      1024,         0,         0,   0.042,mwpf__6a374b57c528f1fa3515562a1fcd08586fb590c5649146dc6a143bb06eeec077,f3e9207a47b74a52f31cee6ee65233df1dffd4d0d85fd55e88b8f5b6b8686260,"{""circuit"":""surface_code:rotated_memory_x"",""cluster_node_limit"":50,""d"":3,""decoder"":""mwpf"",""decoder_type"":""SolverSerialJointSingleHair"",""p"":0.006,""p_erase"":0.006,""r"":3,""run_id"":""dd60754122c9f7a810b0c1d8b1c92188ea52870232067546237f0fa25d610548""}",
      2048,         0,         0,   0.073,mwpf__bbbb95ae8dfd216392d93d271ab853220d7a01380e740dc79365759e9487ffb2,d994fe02c85cb3c768399acfffda9f01e9344d65a7427484376e8d07bf72dce7,"{""circuit"":""surface_code:rotated_memory_x"",""cluster_node_limit"":50,""d"":3,""decoder"":""mwpf"",""decoder_type"":""SolverSerialJointSingleHair"",""p"":0.004,""p_erase"":0.004,""r"":3,""run_id"":""90efa888ab0be85c6dc82d20d594fb219f455db906f7e8f7ad923a214270e30c""}",
      1024,         5,         0,   0.059,mwpf__f4eaffc7e8b345bd4ed12e044b14c9eca5eb9d6063d64430985ec7c298159463,1c0b2318b8e500ddb1032a5e330292dd6110fcabf993e79d05dcfbebeb6f8881,"{""circuit"":""surface_code:rotated_memory_x"",""cluster_node_limit"":50,""d"":3,""decoder"":""mwpf"",""decoder_type"":""SolverSerialJointSingleHair"",""p"":0.01,""p_erase"":0.01,""r"":3,""run_id"":""5b6db69d825a9e1af451573dd00a4a7082d74a5e74fde81d397d7b0bcc5645b2""}",
      2048,         2,         0,   0.072,mwpf__bbbb95ae8dfd216392d93d271ab853220d7a01380e740dc79365759e9487ffb2,d994fe02c85cb3c768399acfffda9f01e9344d65a7427484376e8d07bf72dce7,"{""circuit"":""surface_code:rotated_memory_x"",""cluster_node_limit"":50,""d"":3,""decoder"":""mwpf"",""decoder_type"":""SolverSerialJointSingleHair"",""p"":0.004,""p_erase"":0.004,""r"":3,""run_id"":""90efa888ab0be85c6dc82d20d594fb219f455db906f7e8f7ad923a214270e30c""}",
      1024,         0,         0,   0.044,mwpf__1db40b12fec5f70da8e168713de74a6538a2139e5552fbb3ef79c15a6639c2db,f2e4a01c8e59722538504dfd8d6a652358dbe6fd622b4e794003a3dca85858a5,"{""circuit"":""surface_code:rotated_memory_x"",""cluster_node_limit"":50,""d"":3,""decoder"":""mwpf"",""decoder_type"":""SolverSerialJointSingleHair"",""p"":0.0065,""p_erase"":0.0065,""r"":3,""run_id"":""b8f63b3afee4afe98e7bbb30f20c4398dd3b9aec649fcfb3e47705c2a2c61b36""}",
      2048,         1,         0,   0.072,mwpf__bbbb95ae8dfd216392d93d271ab853220d7a01380e740dc79365759e9487ffb2,d994fe02c85cb3c768399acfffda9f01e9344d65a7427484376e8d07bf72dce7,"{""circuit"":""surface_code:rotated_memory_x"",""cluster_node_limit"":50,""d"":3,""decoder"":""mwpf"",""decoder_type"":""SolverSerialJointSingleHair"",""p"":0.004,""p_erase"":0.004,""r"":3,""run_id"":""90efa888ab0be85c6dc82d20d594fb219f455db906f7e8f7ad923a214270e30c""}",
      1024,         0,         0,   0.044,mwpf__1db40b12fec5f70da8e168713de74a6538a2139e5552fbb3ef79c15a6639c2db,f2e4a01c8e59722538504dfd8d6a652358dbe6fd622b4e794003a3dca85858a5,"{""circuit"":""surface_code:rotated_memory_x"",""cluster_node_limit"":50,""d"":3,""decoder"":""mwpf"",""decoder_type"":""SolverSerialJointSingleHair"",""p"":0.0065,""p_erase"":0.0065,""r"":3,""run_id"":""b8f63b3afee4afe98e7bbb30f20c4398dd3b9aec649fcfb3e47705c2a2c61b36""}",
      1024,         0,         0,   0.059,mwpf__f4eaffc7e8b345bd4ed12e044b14c9eca5eb9d6063d64430985ec7c298159463,1c0b2318b8e500ddb1032a5e330292dd6110fcabf993e79d05dcfbebeb6f8881,"{""circuit"":""surface_code:rotated_memory_x"",""cluster_node_limit"":50,""d"":3,""decoder"":""mwpf"",""decoder_type"":""SolverSerialJointSingleHair"",""p"":0.01,""p_erase"":0.01,""r"":3,""run_id"":""5b6db69d825a9e1af451573dd00a4a7082d74a5e74fde81d397d7b0bcc5645b2""}",
      1024,         2,         0,   0.059,mwpf__f4eaffc7e8b345bd4ed12e044b14c9eca5eb9d6063d64430985ec7c298159463,1c0b2318b8e500ddb1032a5e330292dd6110fcabf993e79d05dcfbebeb6f8881,"{""circuit"":""surface_code:rotated_memory_x"",""cluster_node_limit"":50,""d"":3,""decoder"":""mwpf"",""decoder_type"":""SolverSerialJointSingleHair"",""p"":0.01,""p_erase"":0.01,""r"":3,""run_id"":""5b6db69d825a9e1af451573dd00a4a7082d74a5e74fde81d397d7b0bcc5645b2""}",
      2048,         0,         0,   0.064,mwpf__b872f877938abc74ac5cbaba353b6d05cca6c26386630928e9e8c556790460ab,8be4c71d65229ab532f93802b200d69b85cf990b21494afcdb050a0cc2f71098,"{""circuit"":""surface_code:rotated_memory_x"",""cluster_node_limit"":50,""d"":3,""decoder"":""mwpf"",""decoder_type"":""SolverSerialJointSingleHair"",""p"":0.003,""p_erase"":0.003,""r"":3,""run_id"":""915e7fac76f0cb44d6aac79997be9e5a903d4aa353a8207f80b396814e1292cb""}",
      1024,         1,         0,   0.047,mwpf__71726d6ba25fe5b1097fdebf57bc9ee71a4920b66b52ccf640b9fe928e18d0f8,416965c75b19b01d4781182eaa19c998ff58123cda66a19c0d09dee75e64fffb,"{""circuit"":""surface_code:rotated_memory_x"",""cluster_node_limit"":50,""d"":3,""decoder"":""mwpf"",""decoder_type"":""SolverSerialJointSingleHair"",""p"":0.007,""p_erase"":0.007,""r"":3,""run_id"":""135e03791629607bb61bf8b9b22bc12f2324f26b65e31e82f5c3cd97d24c99c9""}",
      2048,         0,         0,   0.065,mwpf__b872f877938abc74ac5cbaba353b6d05cca6c26386630928e9e8c556790460ab,8be4c71d65229ab532f93802b200d69b85cf990b21494afcdb050a0cc2f71098,"{""circuit"":""surface_code:rotated_memory_x"",""cluster_node_limit"":50,""d"":3,""decoder"":""mwpf"",""decoder_type"":""SolverSerialJointSingleHair"",""p"":0.003,""p_erase"":0.003,""r"":3,""run_id"":""915e7fac76f0cb44d6aac79997be9e5a903d4aa353a8207f80b396814e1292cb""}",
      1024,         2,         0,   0.047,mwpf__b97013a8da0fd8f6885b17db2a42ab25b19ddfdf52e8fcbc8652f7f86a4a96cb,0fcbe56867e1865cf3743ffac95ee6934c3a42db582868c86348a2ad7290185e,"{""circuit"":""surface_code:rotated_memory_x"",""cluster_node_limit"":50,""d"":3,""decoder"":""mwpf"",""decoder_type"":""SolverSerialJointSingleHair"",""p"":0.0075,""p_erase"":0.0075,""r"":3,""run_id"":""4bc734d2ac70cf62b78df146e81bdcf5df30d786b05a2eea177a13d890e64669""}",
      1024,         0,         0,   0.048,mwpf__1db40b12fec5f70da8e168713de74a6538a2139e5552fbb3ef79c15a6639c2db,f2e4a01c8e59722538504dfd8d6a652358dbe6fd622b4e794003a3dca85858a5,"{""circuit"":""surface_code:rotated_memory_x"",""cluster_node_limit"":50,""d"":3,""decoder"":""mwpf"",""decoder_type"":""SolverSerialJointSingleHair"",""p"":0.0065,""p_erase"":0.0065,""r"":3,""run_id"":""b8f63b3afee4afe98e7bbb30f20c4398dd3b9aec649fcfb3e47705c2a2c61b36""}",
      1024,         2,         0,   0.049,mwpf__b97013a8da0fd8f6885b17db2a42ab25b19ddfdf52e8fcbc8652f7f86a4a96cb,0fcbe56867e1865cf3743ffac95ee6934c3a42db582868c86348a2ad7290185e,"{""circuit"":""surface_code:rotated_memory_x"",""cluster_node_limit"":50,""d"":3,""decoder"":""mwpf"",""decoder_type"":""SolverSerialJointSingleHair"",""p"":0.0075,""p_erase"":0.0075,""r"":3,""run_id"":""4bc734d2ac70cf62b78df146e81bdcf5df30d786b05a2eea177a13d890e64669""}",
      1024,         1,         0,   0.049,mwpf__71726d6ba25fe5b1097fdebf57bc9ee71a4920b66b52ccf640b9fe928e18d0f8,416965c75b19b01d4781182eaa19c998ff58123cda66a19c0d09dee75e64fffb,"{""circuit"":""surface_code:rotated_memory_x"",""cluster_node_limit"":50,""d"":3,""decoder"":""mwpf"",""decoder_type"":""SolverSerialJointSingleHair"",""p"":0.007,""p_erase"":0.007,""r"":3,""run_id"":""135e03791629607bb61bf8b9b22bc12f2324f26b65e31e82f5c3cd97d24c99c9""}",
      1024,         0,         0,   0.047,mwpf__71726d6ba25fe5b1097fdebf57bc9ee71a4920b66b52ccf640b9fe928e18d0f8,416965c75b19b01d4781182eaa19c998ff58123cda66a19c0d09dee75e64fffb,"{""circuit"":""surface_code:rotated_memory_x"",""cluster_node_limit"":50,""d"":3,""decoder"":""mwpf"",""decoder_type"":""SolverSerialJointSingleHair"",""p"":0.007,""p_erase"":0.007,""r"":3,""run_id"":""135e03791629607bb61bf8b9b22bc12f2324f26b65e31e82f5c3cd97d24c99c9""}",
      1024,         3,         0,   0.056,mwpf__2d43dbac6f220be8e75258fcbaa1915a92302bec253b831525bc35e7adeec1b6,64b3d9f5baf6f09488c41396f9407eb7cf2e57debde21e687e5552cba9d5418a,"{""circuit"":""surface_code:rotated_memory_x"",""cluster_node_limit"":50,""d"":3,""decoder"":""mwpf"",""decoder_type"":""SolverSerialJointSingleHair"",""p"":0.009,""p_erase"":0.009,""r"":3,""run_id"":""f3773bbf3001f7044304ac6a12d9ddb4d020a1b2b51ce7b475f4f14944f915f3""}",
      1024,         0,         0,   0.051,mwpf__cdbabe99b4f243243aad339bb11c8a90131812a9c01e0de682a2aca46d6d55ff,ddc6d0a0729b2070c0dbbc972d7b9e687957f33bd2fd578d2477245fef7735ad,"{""circuit"":""surface_code:rotated_memory_x"",""cluster_node_limit"":50,""d"":3,""decoder"":""mwpf"",""decoder_type"":""SolverSerialJointSingleHair"",""p"":0.008,""p_erase"":0.008,""r"":3,""run_id"":""842b8d9622dd95e081373b13334f0c4c970c25ea256e90e9985b8d1bb6968aef""}",
      2048,         0,         0,   0.076,mwpf__3a2de2621d93f2d1f82bf505831648faac50961c9682adb78978518126f61ad4,269c086892560d2b2c3fb91f8240ee87c8e2f52d5b2ff0982c1e1b9fe1e015ae,"{""circuit"":""surface_code:rotated_memory_x"",""cluster_node_limit"":50,""d"":3,""decoder"":""mwpf"",""decoder_type"":""SolverSerialJointSingleHair"",""p"":0.005,""p_erase"":0.005,""r"":3,""run_id"":""5101ac8ef9c97b83df4dd9d8fb12d7b219d036893929703eba32fffa9e647600""}",
      1024,         1,         0,   0.052,mwpf__cdbabe99b4f243243aad339bb11c8a90131812a9c01e0de682a2aca46d6d55ff,ddc6d0a0729b2070c0dbbc972d7b9e687957f33bd2fd578d2477245fef7735ad,"{""circuit"":""surface_code:rotated_memory_x"",""cluster_node_limit"":50,""d"":3,""decoder"":""mwpf"",""decoder_type"":""SolverSerialJointSingleHair"",""p"":0.008,""p_erase"":0.008,""r"":3,""run_id"":""842b8d9622dd95e081373b13334f0c4c970c25ea256e90e9985b8d1bb6968aef""}",
      1024,         0,         0,   0.052,mwpf__b97013a8da0fd8f6885b17db2a42ab25b19ddfdf52e8fcbc8652f7f86a4a96cb,0fcbe56867e1865cf3743ffac95ee6934c3a42db582868c86348a2ad7290185e,"{""circuit"":""surface_code:rotated_memory_x"",""cluster_node_limit"":50,""d"":3,""decoder"":""mwpf"",""decoder_type"":""SolverSerialJointSingleHair"",""p"":0.0075,""p_erase"":0.0075,""r"":3,""run_id"":""4bc734d2ac70cf62b78df146e81bdcf5df30d786b05a2eea177a13d890e64669""}",
      1024,         2,         0,   0.057,mwpf__2d43dbac6f220be8e75258fcbaa1915a92302bec253b831525bc35e7adeec1b6,64b3d9f5baf6f09488c41396f9407eb7cf2e57debde21e687e5552cba9d5418a,"{""circuit"":""surface_code:rotated_memory_x"",""cluster_node_limit"":50,""d"":3,""decoder"":""mwpf"",""decoder_type"":""SolverSerialJointSingleHair"",""p"":0.009,""p_erase"":0.009,""r"":3,""run_id"":""f3773bbf3001f7044304ac6a12d9ddb4d020a1b2b51ce7b475f4f14944f915f3""}",
      2048,         0,         0,   0.063,mwpf__b872f877938abc74ac5cbaba353b6d05cca6c26386630928e9e8c556790460ab,8be4c71d65229ab532f93802b200d69b85cf990b21494afcdb050a0cc2f71098,"{""circuit"":""surface_code:rotated_memory_x"",""cluster_node_limit"":50,""d"":3,""decoder"":""mwpf"",""decoder_type"":""SolverSerialJointSingleHair"",""p"":0.003,""p_erase"":0.003,""r"":3,""run_id"":""915e7fac76f0cb44d6aac79997be9e5a903d4aa353a8207f80b396814e1292cb""}",
      1024,         1,         0,   0.055,mwpf__2d43dbac6f220be8e75258fcbaa1915a92302bec253b831525bc35e7adeec1b6,64b3d9f5baf6f09488c41396f9407eb7cf2e57debde21e687e5552cba9d5418a,"{""circuit"":""surface_code:rotated_memory_x"",""cluster_node_limit"":50,""d"":3,""decoder"":""mwpf"",""decoder_type"":""SolverSerialJointSingleHair"",""p"":0.009,""p_erase"":0.009,""r"":3,""run_id"":""f3773bbf3001f7044304ac6a12d9ddb4d020a1b2b51ce7b475f4f14944f915f3""}",
      1024,         0,         0,   0.052,mwpf__cdbabe99b4f243243aad339bb11c8a90131812a9c01e0de682a2aca46d6d55ff,ddc6d0a0729b2070c0dbbc972d7b9e687957f33bd2fd578d2477245fef7735ad,"{""circuit"":""surface_code:rotated_memory_x"",""cluster_node_limit"":50,""d"":3,""decoder"":""mwpf"",""decoder_type"":""SolverSerialJointSingleHair"",""p"":0.008,""p_erase"":0.008,""r"":3,""run_id"":""842b8d9622dd95e081373b13334f0c4c970c25ea256e90e9985b8d1bb6968aef""}",
      2048,         0,         0,   0.078,mwpf__3a2de2621d93f2d1f82bf505831648faac50961c9682adb78978518126f61ad4,269c086892560d2b2c3fb91f8240ee87c8e2f52d5b2ff0982c1e1b9fe1e015ae,"{""circuit"":""surface_code:rotated_memory_x"",""cluster_node_limit"":50,""d"":3,""decoder"":""mwpf"",""decoder_type"":""SolverSerialJointSingleHair"",""p"":0.005,""p_erase"":0.005,""r"":3,""run_id"":""5101ac8ef9c97b83df4dd9d8fb12d7b219d036893929703eba32fffa9e647600""}",
      1024,         5,         0,   0.057,mwpf__f4eaffc7e8b345bd4ed12e044b14c9eca5eb9d6063d64430985ec7c298159463,1c0b2318b8e500ddb1032a5e330292dd6110fcabf993e79d05dcfbebeb6f8881,"{""circuit"":""surface_code:rotated_memory_x"",""cluster_node_limit"":50,""d"":3,""decoder"":""mwpf"",""decoder_type"":""SolverSerialJointSingleHair"",""p"":0.01,""p_erase"":0.01,""r"":3,""run_id"":""5b6db69d825a9e1af451573dd00a4a7082d74a5e74fde81d397d7b0bcc5645b2""}",
      1024,         3,         0,   0.060,mwpf__f4eaffc7e8b345bd4ed12e044b14c9eca5eb9d6063d64430985ec7c298159463,1c0b2318b8e500ddb1032a5e330292dd6110fcabf993e79d05dcfbebeb6f8881,"{""circuit"":""surface_code:rotated_memory_x"",""cluster_node_limit"":50,""d"":3,""decoder"":""mwpf"",""decoder_type"":""SolverSerialJointSingleHair"",""p"":0.01,""p_erase"":0.01,""r"":3,""run_id"":""5b6db69d825a9e1af451573dd00a4a7082d74a5e74fde81d397d7b0bcc5645b2""}",
      2048,         1,         0,   0.078,mwpf__3a2de2621d93f2d1f82bf505831648faac50961c9682adb78978518126f61ad4,269c086892560d2b2c3fb91f8240ee87c8e2f52d5b2ff0982c1e1b9fe1e015ae,"{""circuit"":""surface_code:rotated_memory_x"",""cluster_node_limit"":50,""d"":3,""decoder"":""mwpf"",""decoder_type"":""SolverSerialJointSingleHair"",""p"":0.005,""p_erase"":0.005,""r"":3,""run_id"":""5101ac8ef9c97b83df4dd9d8fb12d7b219d036893929703eba32fffa9e647600""}",
      1024,         2,         0,   0.061,mwpf__f4eaffc7e8b345bd4ed12e044b14c9eca5eb9d6063d64430985ec7c298159463,1c0b2318b8e500ddb1032a5e330292dd6110fcabf993e79d05dcfbebeb6f8881,"{""circuit"":""surface_code:rotated_memory_x"",""cluster_node_limit"":50,""d"":3,""decoder"":""mwpf"",""decoder_type"":""SolverSerialJointSingleHair"",""p"":0.01,""p_erase"":0.01,""r"":3,""run_id"":""5b6db69d825a9e1af451573dd00a4a7082d74a5e74fde81d397d7b0bcc5645b2""}",
      2048,         0,         0,   0.069,mwpf__bbbb95ae8dfd216392d93d271ab853220d7a01380e740dc79365759e9487ffb2,d994fe02c85cb3c768399acfffda9f01e9344d65a7427484376e8d07bf72dce7,"{""circuit"":""surface_code:rotated_memory_x"",""cluster_node_limit"":50,""d"":3,""decoder"":""mwpf"",""decoder_type"":""SolverSerialJointSingleHair"",""p"":0.004,""p_erase"":0.004,""r"":3,""run_id"":""90efa888ab0be85c6dc82d20d594fb219f455db906f7e8f7ad923a214270e30c""}",
      1024,         8,         0,   0.079,mwpf__06e26ae447fba2326c79329271a3e4ecf7a30ebd1c813d21b4091fdbaabaa7aa,308e9b2c9369348c51fa8ce1cfb7541c7cf4b5276d9b9abc27de84e7fcc74ee7,"{""circuit"":""surface_code:rotated_memory_x"",""cluster_node_limit"":50,""d"":3,""decoder"":""mwpf"",""decoder_type"":""SolverSerialJointSingleHair"",""p"":0.015,""p_erase"":0.015,""r"":3,""run_id"":""b44761db4df8b64c8917c437ae7fe1c452a55149c1dc7a5ca0f619d5bff0315c""}",
      2048,         1,         0,   0.074,mwpf__bbbb95ae8dfd216392d93d271ab853220d7a01380e740dc79365759e9487ffb2,d994fe02c85cb3c768399acfffda9f01e9344d65a7427484376e8d07bf72dce7,"{""circuit"":""surface_code:rotated_memory_x"",""cluster_node_limit"":50,""d"":3,""decoder"":""mwpf"",""decoder_type"":""SolverSerialJointSingleHair"",""p"":0.004,""p_erase"":0.004,""r"":3,""run_id"":""90efa888ab0be85c6dc82d20d594fb219f455db906f7e8f7ad923a214270e30c""}",
      1024,         3,         0,   0.080,mwpf__06e26ae447fba2326c79329271a3e4ecf7a30ebd1c813d21b4091fdbaabaa7aa,308e9b2c9369348c51fa8ce1cfb7541c7cf4b5276d9b9abc27de84e7fcc74ee7,"{""circuit"":""surface_code:rotated_memory_x"",""cluster_node_limit"":50,""d"":3,""decoder"":""mwpf"",""decoder_type"":""SolverSerialJointSingleHair"",""p"":0.015,""p_erase"":0.015,""r"":3,""run_id"":""b44761db4df8b64c8917c437ae7fe1c452a55149c1dc7a5ca0f619d5bff0315c""}",
      2048,         0,         0,   0.084,mwpf__6a374b57c528f1fa3515562a1fcd08586fb590c5649146dc6a143bb06eeec077,f3e9207a47b74a52f31cee6ee65233df1dffd4d0d85fd55e88b8f5b6b8686260,"{""circuit"":""surface_code:rotated_memory_x"",""cluster_node_limit"":50,""d"":3,""decoder"":""mwpf"",""decoder_type"":""SolverSerialJointSingleHair"",""p"":0.006,""p_erase"":0.006,""r"":3,""run_id"":""dd60754122c9f7a810b0c1d8b1c92188ea52870232067546237f0fa25d610548""}",
      2048,         0,         0,   0.074,mwpf__bbbb95ae8dfd216392d93d271ab853220d7a01380e740dc79365759e9487ffb2,d994fe02c85cb3c768399acfffda9f01e9344d65a7427484376e8d07bf72dce7,"{""circuit"":""surface_code:rotated_memory_x"",""cluster_node_limit"":50,""d"":3,""decoder"":""mwpf"",""decoder_type"":""SolverSerialJointSingleHair"",""p"":0.004,""p_erase"":0.004,""r"":3,""run_id"":""90efa888ab0be85c6dc82d20d594fb219f455db906f7e8f7ad923a214270e30c""}",
      2048,         0,         0,   0.064,mwpf__b872f877938abc74ac5cbaba353b6d05cca6c26386630928e9e8c556790460ab,8be4c71d65229ab532f93802b200d69b85cf990b21494afcdb050a0cc2f71098,"{""circuit"":""surface_code:rotated_memory_x"",""cluster_node_limit"":50,""d"":3,""decoder"":""mwpf"",""decoder_type"":""SolverSerialJointSingleHair"",""p"":0.003,""p_erase"":0.003,""r"":3,""run_id"":""915e7fac76f0cb44d6aac79997be9e5a903d4aa353a8207f80b396814e1292cb""}",
      2048,         0,         0,   0.064,mwpf__b872f877938abc74ac5cbaba353b6d05cca6c26386630928e9e8c556790460ab,8be4c71d65229ab532f93802b200d69b85cf990b21494afcdb050a0cc2f71098,"{""circuit"":""surface_code:rotated_memory_x"",""cluster_node_limit"":50,""d"":3,""decoder"":""mwpf"",""decoder_type"":""SolverSerialJointSingleHair"",""p"":0.003,""p_erase"":0.003,""r"":3,""run_id"":""915e7fac76f0cb44d6aac79997be9e5a903d4aa353a8207f80b396814e1292cb""}",
      2048,         0,         0,   0.088,mwpf__6a374b57c528f1fa3515562a1fcd08586fb590c5649146dc6a143bb06eeec077,f3e9207a47b74a52f31cee6ee65233df1dffd4d0d85fd55e88b8f5b6b8686260,"{""circuit"":""surface_code:rotated_memory_x"",""cluster_node_limit"":50,""d"":3,""decoder"":""mwpf"",""decoder_type"":""SolverSerialJointSingleHair"",""p"":0.006,""p_erase"":0.006,""r"":3,""run_id"":""dd60754122c9f7a810b0c1d8b1c92188ea52870232067546237f0fa25d610548""}",
      2048,         0,         0,   0.088,mwpf__6a374b57c528f1fa3515562a1fcd08586fb590c5649146dc6a143bb06eeec077,f3e9207a47b74a52f31cee6ee65233df1dffd4d0d85fd55e88b8f5b6b8686260,"{""circuit"":""surface_code:rotated_memory_x"",""cluster_node_limit"":50,""d"":3,""decoder"":""mwpf"",""decoder_type"":""SolverSerialJointSingleHair"",""p"":0.006,""p_erase"":0.006,""r"":3,""run_id"":""dd60754122c9f7a810b0c1d8b1c92188ea52870232067546237f0fa25d610548""}",
      2048,         1,         0,   0.087,mwpf__1db40b12fec5f70da8e168713de74a6538a2139e5552fbb3ef79c15a6639c2db,f2e4a01c8e59722538504dfd8d6a652358dbe6fd622b4e794003a3dca85858a5,"{""circuit"":""surface_code:rotated_memory_x"",""cluster_node_limit"":50,""d"":3,""decoder"":""mwpf"",""decoder_type"":""SolverSerialJointSingleHair"",""p"":0.0065,""p_erase"":0.0065,""r"":3,""run_id"":""b8f63b3afee4afe98e7bbb30f20c4398dd3b9aec649fcfb3e47705c2a2c61b36""}",
      1024,         3,         0,   0.059,mwpf__2d43dbac6f220be8e75258fcbaa1915a92302bec253b831525bc35e7adeec1b6,64b3d9f5baf6f09488c41396f9407eb7cf2e57debde21e687e5552cba9d5418a,"{""circuit"":""surface_code:rotated_memory_x"",""cluster_node_limit"":50,""d"":3,""decoder"":""mwpf"",""decoder_type"":""SolverSerialJointSingleHair"",""p"":0.009,""p_erase"":0.009,""r"":3,""run_id"":""f3773bbf3001f7044304ac6a12d9ddb4d020a1b2b51ce7b475f4f14944f915f3""}",
      1024,         2,         0,   0.054,mwpf__2d43dbac6f220be8e75258fcbaa1915a92302bec253b831525bc35e7adeec1b6,64b3d9f5baf6f09488c41396f9407eb7cf2e57debde21e687e5552cba9d5418a,"{""circuit"":""surface_code:rotated_memory_x"",""cluster_node_limit"":50,""d"":3,""decoder"":""mwpf"",""decoder_type"":""SolverSerialJointSingleHair"",""p"":0.009,""p_erase"":0.009,""r"":3,""run_id"":""f3773bbf3001f7044304ac6a12d9ddb4d020a1b2b51ce7b475f4f14944f915f3""}",
      2048,         1,         0,   0.092,mwpf__1db40b12fec5f70da8e168713de74a6538a2139e5552fbb3ef79c15a6639c2db,f2e4a01c8e59722538504dfd8d6a652358dbe6fd622b4e794003a3dca85858a5,"{""circuit"":""surface_code:rotated_memory_x"",""cluster_node_limit"":50,""d"":3,""decoder"":""mwpf"",""decoder_type"":""SolverSerialJointSingleHair"",""p"":0.0065,""p_erase"":0.0065,""r"":3,""run_id"":""b8f63b3afee4afe98e7bbb30f20c4398dd3b9aec649fcfb3e47705c2a2c61b36""}",
      1024,         1,         0,   0.055,mwpf__2d43dbac6f220be8e75258fcbaa1915a92302bec253b831525bc35e7adeec1b6,64b3d9f5baf6f09488c41396f9407eb7cf2e57debde21e687e5552cba9d5418a,"{""circuit"":""surface_code:rotated_memory_x"",""cluster_node_limit"":50,""d"":3,""decoder"":""mwpf"",""decoder_type"":""SolverSerialJointSingleHair"",""p"":0.009,""p_erase"":0.009,""r"":3,""run_id"":""f3773bbf3001f7044304ac6a12d9ddb4d020a1b2b51ce7b475f4f14944f915f3""}",
      2048,         2,         0,   0.094,mwpf__b97013a8da0fd8f6885b17db2a42ab25b19ddfdf52e8fcbc8652f7f86a4a96cb,0fcbe56867e1865cf3743ffac95ee6934c3a42db582868c86348a2ad7290185e,"{""circuit"":""surface_code:rotated_memory_x"",""cluster_node_limit"":50,""d"":3,""decoder"":""mwpf"",""decoder_type"":""SolverSerialJointSingleHair"",""p"":0.0075,""p_erase"":0.0075,""r"":3,""run_id"":""4bc734d2ac70cf62b78df146e81bdcf5df30d786b05a2eea177a13d890e64669""}",
      2048,         0,         0,   0.095,mwpf__71726d6ba25fe5b1097fdebf57bc9ee71a4920b66b52ccf640b9fe928e18d0f8,416965c75b19b01d4781182eaa19c998ff58123cda66a19c0d09dee75e64fffb,"{""circuit"":""surface_code:rotated_memory_x"",""cluster_node_limit"":50,""d"":3,""decoder"":""mwpf"",""decoder_type"":""SolverSerialJointSingleHair"",""p"":0.007,""p_erase"":0.007,""r"":3,""run_id"":""135e03791629607bb61bf8b9b22bc12f2324f26b65e31e82f5c3cd97d24c99c9""}",
      2048,         2,         0,   0.076,mwpf__3a2de2621d93f2d1f82bf505831648faac50961c9682adb78978518126f61ad4,269c086892560d2b2c3fb91f8240ee87c8e2f52d5b2ff0982c1e1b9fe1e015ae,"{""circuit"":""surface_code:rotated_memory_x"",""cluster_node_limit"":50,""d"":3,""decoder"":""mwpf"",""decoder_type"":""SolverSerialJointSingleHair"",""p"":0.005,""p_erase"":0.005,""r"":3,""run_id"":""5101ac8ef9c97b83df4dd9d8fb12d7b219d036893929703eba32fffa9e647600""}",
      2048,         2,         0,   0.094,mwpf__1db40b12fec5f70da8e168713de74a6538a2139e5552fbb3ef79c15a6639c2db,f2e4a01c8e59722538504dfd8d6a652358dbe6fd622b4e794003a3dca85858a5,"{""circuit"":""surface_code:rotated_memory_x"",""cluster_node_limit"":50,""d"":3,""decoder"":""mwpf"",""decoder_type"":""SolverSerialJointSingleHair"",""p"":0.0065,""p_erase"":0.0065,""r"":3,""run_id"":""b8f63b3afee4afe98e7bbb30f20c4398dd3b9aec649fcfb3e47705c2a2c61b36""}",
      1024,         2,         0,   0.057,mwpf__f4eaffc7e8b345bd4ed12e044b14c9eca5eb9d6063d64430985ec7c298159463,1c0b2318b8e500ddb1032a5e330292dd6110fcabf993e79d05dcfbebeb6f8881,"{""circuit"":""surface_code:rotated_memory_x"",""cluster_node_limit"":50,""d"":3,""decoder"":""mwpf"",""decoder_type"":""SolverSerialJointSingleHair"",""p"":0.01,""p_erase"":0.01,""r"":3,""run_id"":""5b6db69d825a9e1af451573dd00a4a7082d74a5e74fde81d397d7b0bcc5645b2""}",
      2048,         1,         0,   0.095,mwpf__71726d6ba25fe5b1097fdebf57bc9ee71a4920b66b52ccf640b9fe928e18d0f8,416965c75b19b01d4781182eaa19c998ff58123cda66a19c0d09dee75e64fffb,"{""circuit"":""surface_code:rotated_memory_x"",""cluster_node_limit"":50,""d"":3,""decoder"":""mwpf"",""decoder_type"":""SolverSerialJointSingleHair"",""p"":0.007,""p_erase"":0.007,""r"":3,""run_id"":""135e03791629607bb61bf8b9b22bc12f2324f26b65e31e82f5c3cd97d24c99c9""}",
      2048,         6,         0,   0.102,mwpf__b97013a8da0fd8f6885b17db2a42ab25b19ddfdf52e8fcbc8652f7f86a4a96cb,0fcbe56867e1865cf3743ffac95ee6934c3a42db582868c86348a2ad7290185e,"{""circuit"":""surface_code:rotated_memory_x"",""cluster_node_limit"":50,""d"":3,""decoder"":""mwpf"",""decoder_type"":""SolverSerialJointSingleHair"",""p"":0.0075,""p_erase"":0.0075,""r"":3,""run_id"":""4bc734d2ac70cf62b78df146e81bdcf5df30d786b05a2eea177a13d890e64669""}",
      1024,         0,         0,   0.060,mwpf__f4eaffc7e8b345bd4ed12e044b14c9eca5eb9d6063d64430985ec7c298159463,1c0b2318b8e500ddb1032a5e330292dd6110fcabf993e79d05dcfbebeb6f8881,"{""circuit"":""surface_code:rotated_memory_x"",""cluster_node_limit"":50,""d"":3,""decoder"":""mwpf"",""decoder_type"":""SolverSerialJointSingleHair"",""p"":0.01,""p_erase"":0.01,""r"":3,""run_id"":""5b6db69d825a9e1af451573dd00a4a7082d74a5e74fde81d397d7b0bcc5645b2""}",
      2048,         4,         0,   0.094,mwpf__71726d6ba25fe5b1097fdebf57bc9ee71a4920b66b52ccf640b9fe928e18d0f8,416965c75b19b01d4781182eaa19c998ff58123cda66a19c0d09dee75e64fffb,"{""circuit"":""surface_code:rotated_memory_x"",""cluster_node_limit"":50,""d"":3,""decoder"":""mwpf"",""decoder_type"":""SolverSerialJointSingleHair"",""p"":0.007,""p_erase"":0.007,""r"":3,""run_id"":""135e03791629607bb61bf8b9b22bc12f2324f26b65e31e82f5c3cd97d24c99c9""}",
      1024,         0,         0,   0.059,mwpf__f4eaffc7e8b345bd4ed12e044b14c9eca5eb9d6063d64430985ec7c298159463,1c0b2318b8e500ddb1032a5e330292dd6110fcabf993e79d05dcfbebeb6f8881,"{""circuit"":""surface_code:rotated_memory_x"",""cluster_node_limit"":50,""d"":3,""decoder"":""mwpf"",""decoder_type"":""SolverSerialJointSingleHair"",""p"":0.01,""p_erase"":0.01,""r"":3,""run_id"":""5b6db69d825a9e1af451573dd00a4a7082d74a5e74fde81d397d7b0bcc5645b2""}",
      2048,         0,         0,   0.077,mwpf__3a2de2621d93f2d1f82bf505831648faac50961c9682adb78978518126f61ad4,269c086892560d2b2c3fb91f8240ee87c8e2f52d5b2ff0982c1e1b9fe1e015ae,"{""circuit"":""surface_code:rotated_memory_x"",""cluster_node_limit"":50,""d"":3,""decoder"":""mwpf"",""decoder_type"":""SolverSerialJointSingleHair"",""p"":0.005,""p_erase"":0.005,""r"":3,""run_id"":""5101ac8ef9c97b83df4dd9d8fb12d7b219d036893929703eba32fffa9e647600""}",
      3072,         0,         0,   0.096,mwpf__b872f877938abc74ac5cbaba353b6d05cca6c26386630928e9e8c556790460ab,8be4c71d65229ab532f93802b200d69b85cf990b21494afcdb050a0cc2f71098,"{""circuit"":""surface_code:rotated_memory_x"",""cluster_node_limit"":50,""d"":3,""decoder"":""mwpf"",""decoder_type"":""SolverSerialJointSingleHair"",""p"":0.003,""p_erase"":0.003,""r"":3,""run_id"":""915e7fac76f0cb44d6aac79997be9e5a903d4aa353a8207f80b396814e1292cb""}",
      2048,         1,         0,   0.104,mwpf__cdbabe99b4f243243aad339bb11c8a90131812a9c01e0de682a2aca46d6d55ff,ddc6d0a0729b2070c0dbbc972d7b9e687957f33bd2fd578d2477245fef7735ad,"{""circuit"":""surface_code:rotated_memory_x"",""cluster_node_limit"":50,""d"":3,""decoder"":""mwpf"",""decoder_type"":""SolverSerialJointSingleHair"",""p"":0.008,""p_erase"":0.008,""r"":3,""run_id"":""842b8d9622dd95e081373b13334f0c4c970c25ea256e90e9985b8d1bb6968aef""}",
      2048,         4,         0,   0.103,mwpf__cdbabe99b4f243243aad339bb11c8a90131812a9c01e0de682a2aca46d6d55ff,ddc6d0a0729b2070c0dbbc972d7b9e687957f33bd2fd578d2477245fef7735ad,"{""circuit"":""surface_code:rotated_memory_x"",""cluster_node_limit"":50,""d"":3,""decoder"":""mwpf"",""decoder_type"":""SolverSerialJointSingleHair"",""p"":0.008,""p_erase"":0.008,""r"":3,""run_id"":""842b8d9622dd95e081373b13334f0c4c970c25ea256e90e9985b8d1bb6968aef""}",
      2048,         5,         0,   0.103,mwpf__b97013a8da0fd8f6885b17db2a42ab25b19ddfdf52e8fcbc8652f7f86a4a96cb,0fcbe56867e1865cf3743ffac95ee6934c3a42db582868c86348a2ad7290185e,"{""circuit"":""surface_code:rotated_memory_x"",""cluster_node_limit"":50,""d"":3,""decoder"":""mwpf"",""decoder_type"":""SolverSerialJointSingleHair"",""p"":0.0075,""p_erase"":0.0075,""r"":3,""run_id"":""4bc734d2ac70cf62b78df146e81bdcf5df30d786b05a2eea177a13d890e64669""}",
      2048,         0,         0,   0.080,mwpf__3a2de2621d93f2d1f82bf505831648faac50961c9682adb78978518126f61ad4,269c086892560d2b2c3fb91f8240ee87c8e2f52d5b2ff0982c1e1b9fe1e015ae,"{""circuit"":""surface_code:rotated_memory_x"",""cluster_node_limit"":50,""d"":3,""decoder"":""mwpf"",""decoder_type"":""SolverSerialJointSingleHair"",""p"":0.005,""p_erase"":0.005,""r"":3,""run_id"":""5101ac8ef9c97b83df4dd9d8fb12d7b219d036893929703eba32fffa9e647600""}",
      1024,         4,         0,   0.057,mwpf__2d43dbac6f220be8e75258fcbaa1915a92302bec253b831525bc35e7adeec1b6,64b3d9f5baf6f09488c41396f9407eb7cf2e57debde21e687e5552cba9d5418a,"{""circuit"":""surface_code:rotated_memory_x"",""cluster_node_limit"":50,""d"":3,""decoder"":""mwpf"",""decoder_type"":""SolverSerialJointSingleHair"",""p"":0.009,""p_erase"":0.009,""r"":3,""run_id"":""f3773bbf3001f7044304ac6a12d9ddb4d020a1b2b51ce7b475f4f14944f915f3""}",
      1024,         6,         0,   0.079,mwpf__06e26ae447fba2326c79329271a3e4ecf7a30ebd1c813d21b4091fdbaabaa7aa,308e9b2c9369348c51fa8ce1cfb7541c7cf4b5276d9b9abc27de84e7fcc74ee7,"{""circuit"":""surface_code:rotated_memory_x"",""cluster_node_limit"":50,""d"":3,""decoder"":""mwpf"",""decoder_type"":""SolverSerialJointSingleHair"",""p"":0.015,""p_erase"":0.015,""r"":3,""run_id"":""b44761db4df8b64c8917c437ae7fe1c452a55149c1dc7a5ca0f619d5bff0315c""}",
      2048,         3,         0,   0.106,mwpf__cdbabe99b4f243243aad339bb11c8a90131812a9c01e0de682a2aca46d6d55ff,ddc6d0a0729b2070c0dbbc972d7b9e687957f33bd2fd578d2477245fef7735ad,"{""circuit"":""surface_code:rotated_memory_x"",""cluster_node_limit"":50,""d"":3,""decoder"":""mwpf"",""decoder_type"":""SolverSerialJointSingleHair"",""p"":0.008,""p_erase"":0.008,""r"":3,""run_id"":""842b8d9622dd95e081373b13334f0c4c970c25ea256e90e9985b8d1bb6968aef""}",
      1024,         6,         0,   0.079,mwpf__06e26ae447fba2326c79329271a3e4ecf7a30ebd1c813d21b4091fdbaabaa7aa,308e9b2c9369348c51fa8ce1cfb7541c7cf4b5276d9b9abc27de84e7fcc74ee7,"{""circuit"":""surface_code:rotated_memory_x"",""cluster_node_limit"":50,""d"":3,""decoder"":""mwpf"",""decoder_type"":""SolverSerialJointSingleHair"",""p"":0.015,""p_erase"":0.015,""r"":3,""run_id"":""b44761db4df8b64c8917c437ae7fe1c452a55149c1dc7a5ca0f619d5bff0315c""}",
      2048,         0,         0,   0.085,mwpf__6a374b57c528f1fa3515562a1fcd08586fb590c5649146dc6a143bb06eeec077,f3e9207a47b74a52f31cee6ee65233df1dffd4d0d85fd55e88b8f5b6b8686260,"{""circuit"":""surface_code:rotated_memory_x"",""cluster_node_limit"":50,""d"":3,""decoder"":""mwpf"",""decoder_type"":""SolverSerialJointSingleHair"",""p"":0.006,""p_erase"":0.006,""r"":3,""run_id"":""dd60754122c9f7a810b0c1d8b1c92188ea52870232067546237f0fa25d610548""}",
      2048,         4,         0,   0.087,mwpf__6a374b57c528f1fa3515562a1fcd08586fb590c5649146dc6a143bb06eeec077,f3e9207a47b74a52f31cee6ee65233df1dffd4d0d85fd55e88b8f5b6b8686260,"{""circuit"":""surface_code:rotated_memory_x"",""cluster_node_limit"":50,""d"":3,""decoder"":""mwpf"",""decoder_type"":""SolverSerialJointSingleHair"",""p"":0.006,""p_erase"":0.006,""r"":3,""run_id"":""dd60754122c9f7a810b0c1d8b1c92188ea52870232067546237f0fa25d610548""}",
      2048,         1,         0,   0.086,mwpf__1db40b12fec5f70da8e168713de74a6538a2139e5552fbb3ef79c15a6639c2db,f2e4a01c8e59722538504dfd8d6a652358dbe6fd622b4e794003a3dca85858a5,"{""circuit"":""surface_code:rotated_memory_x"",""cluster_node_limit"":50,""d"":3,""decoder"":""mwpf"",""decoder_type"":""SolverSerialJointSingleHair"",""p"":0.0065,""p_erase"":0.0065,""r"":3,""run_id"":""b8f63b3afee4afe98e7bbb30f20c4398dd3b9aec649fcfb3e47705c2a2c61b36""}",
      3072,         0,         0,   0.095,mwpf__b872f877938abc74ac5cbaba353b6d05cca6c26386630928e9e8c556790460ab,8be4c71d65229ab532f93802b200d69b85cf990b21494afcdb050a0cc2f71098,"{""circuit"":""surface_code:rotated_memory_x"",""cluster_node_limit"":50,""d"":3,""decoder"":""mwpf"",""decoder_type"":""SolverSerialJointSingleHair"",""p"":0.003,""p_erase"":0.003,""r"":3,""run_id"":""915e7fac76f0cb44d6aac79997be9e5a903d4aa353a8207f80b396814e1292cb""}",
      2048,         0,         0,   0.088,mwpf__6a374b57c528f1fa3515562a1fcd08586fb590c5649146dc6a143bb06eeec077,f3e9207a47b74a52f31cee6ee65233df1dffd4d0d85fd55e88b8f5b6b8686260,"{""circuit"":""surface_code:rotated_memory_x"",""cluster_node_limit"":50,""d"":3,""decoder"":""mwpf"",""decoder_type"":""SolverSerialJointSingleHair"",""p"":0.006,""p_erase"":0.006,""r"":3,""run_id"":""dd60754122c9f7a810b0c1d8b1c92188ea52870232067546237f0fa25d610548""}",
      3072,         0,         0,   0.097,mwpf__b872f877938abc74ac5cbaba353b6d05cca6c26386630928e9e8c556790460ab,8be4c71d65229ab532f93802b200d69b85cf990b21494afcdb050a0cc2f71098,"{""circuit"":""surface_code:rotated_memory_x"",""cluster_node_limit"":50,""d"":3,""decoder"":""mwpf"",""decoder_type"":""SolverSerialJointSingleHair"",""p"":0.003,""p_erase"":0.003,""r"":3,""run_id"":""915e7fac76f0cb44d6aac79997be9e5a903d4aa353a8207f80b396814e1292cb""}",
      3072,         0,         0,   0.106,mwpf__bbbb95ae8dfd216392d93d271ab853220d7a01380e740dc79365759e9487ffb2,d994fe02c85cb3c768399acfffda9f01e9344d65a7427484376e8d07bf72dce7,"{""circuit"":""surface_code:rotated_memory_x"",""cluster_node_limit"":50,""d"":3,""decoder"":""mwpf"",""decoder_type"":""SolverSerialJointSingleHair"",""p"":0.004,""p_erase"":0.004,""r"":3,""run_id"":""90efa888ab0be85c6dc82d20d594fb219f455db906f7e8f7ad923a214270e30c""}",
      3072,         0,         0,   0.110,mwpf__bbbb95ae8dfd216392d93d271ab853220d7a01380e740dc79365759e9487ffb2,d994fe02c85cb3c768399acfffda9f01e9344d65a7427484376e8d07bf72dce7,"{""circuit"":""surface_code:rotated_memory_x"",""cluster_node_limit"":50,""d"":3,""decoder"":""mwpf"",""decoder_type"":""SolverSerialJointSingleHair"",""p"":0.004,""p_erase"":0.004,""r"":3,""run_id"":""90efa888ab0be85c6dc82d20d594fb219f455db906f7e8f7ad923a214270e30c""}",
      2048,         1,         0,   0.090,mwpf__1db40b12fec5f70da8e168713de74a6538a2139e5552fbb3ef79c15a6639c2db,f2e4a01c8e59722538504dfd8d6a652358dbe6fd622b4e794003a3dca85858a5,"{""circuit"":""surface_code:rotated_memory_x"",""cluster_node_limit"":50,""d"":3,""decoder"":""mwpf"",""decoder_type"":""SolverSerialJointSingleHair"",""p"":0.0065,""p_erase"":0.0065,""r"":3,""run_id"":""b8f63b3afee4afe98e7bbb30f20c4398dd3b9aec649fcfb3e47705c2a2c61b36""}",
      3072,         0,         0,   0.108,mwpf__bbbb95ae8dfd216392d93d271ab853220d7a01380e740dc79365759e9487ffb2,d994fe02c85cb3c768399acfffda9f01e9344d65a7427484376e8d07bf72dce7,"{""circuit"":""surface_code:rotated_memory_x"",""cluster_node_limit"":50,""d"":3,""decoder"":""mwpf"",""decoder_type"":""SolverSerialJointSingleHair"",""p"":0.004,""p_erase"":0.004,""r"":3,""run_id"":""90efa888ab0be85c6dc82d20d594fb219f455db906f7e8f7ad923a214270e30c""}",
      2048,         0,         0,   0.076,mwpf__3a2de2621d93f2d1f82bf505831648faac50961c9682adb78978518126f61ad4,269c086892560d2b2c3fb91f8240ee87c8e2f52d5b2ff0982c1e1b9fe1e015ae,"{""circuit"":""surface_code:rotated_memory_x"",""cluster_node_limit"":50,""d"":3,""decoder"":""mwpf"",""decoder_type"":""SolverSerialJointSingleHair"",""p"":0.005,""p_erase"":0.005,""r"":3,""run_id"":""5101ac8ef9c97b83df4dd9d8fb12d7b219d036893929703eba32fffa9e647600""}",
      2048,         4,         0,   0.111,mwpf__2d43dbac6f220be8e75258fcbaa1915a92302bec253b831525bc35e7adeec1b6,64b3d9f5baf6f09488c41396f9407eb7cf2e57debde21e687e5552cba9d5418a,"{""circuit"":""surface_code:rotated_memory_x"",""cluster_node_limit"":50,""d"":3,""decoder"":""mwpf"",""decoder_type"":""SolverSerialJointSingleHair"",""p"":0.009,""p_erase"":0.009,""r"":3,""run_id"":""f3773bbf3001f7044304ac6a12d9ddb4d020a1b2b51ce7b475f4f14944f915f3""}",
      1024,         2,         0,   0.056,mwpf__2d43dbac6f220be8e75258fcbaa1915a92302bec253b831525bc35e7adeec1b6,64b3d9f5baf6f09488c41396f9407eb7cf2e57debde21e687e5552cba9d5418a,"{""circuit"":""surface_code:rotated_memory_x"",""cluster_node_limit"":50,""d"":3,""decoder"":""mwpf"",""decoder_type"":""SolverSerialJointSingleHair"",""p"":0.009,""p_erase"":0.009,""r"":3,""run_id"":""f3773bbf3001f7044304ac6a12d9ddb4d020a1b2b51ce7b475f4f14944f915f3""}",
      2048,         1,         0,   0.093,mwpf__1db40b12fec5f70da8e168713de74a6538a2139e5552fbb3ef79c15a6639c2db,f2e4a01c8e59722538504dfd8d6a652358dbe6fd622b4e794003a3dca85858a5,"{""circuit"":""surface_code:rotated_memory_x"",""cluster_node_limit"":50,""d"":3,""decoder"":""mwpf"",""decoder_type"":""SolverSerialJointSingleHair"",""p"":0.0065,""p_erase"":0.0065,""r"":3,""run_id"":""b8f63b3afee4afe98e7bbb30f20c4398dd3b9aec649fcfb3e47705c2a2c61b36""}",
      2048,         3,         0,   0.095,mwpf__71726d6ba25fe5b1097fdebf57bc9ee71a4920b66b52ccf640b9fe928e18d0f8,416965c75b19b01d4781182eaa19c998ff58123cda66a19c0d09dee75e64fffb,"{""circuit"":""surface_code:rotated_memory_x"",""cluster_node_limit"":50,""d"":3,""decoder"":""mwpf"",""decoder_type"":""SolverSerialJointSingleHair"",""p"":0.007,""p_erase"":0.007,""r"":3,""run_id"":""135e03791629607bb61bf8b9b22bc12f2324f26b65e31e82f5c3cd97d24c99c9""}",
      2048,         3,         0,   0.095,mwpf__b97013a8da0fd8f6885b17db2a42ab25b19ddfdf52e8fcbc8652f7f86a4a96cb,0fcbe56867e1865cf3743ffac95ee6934c3a42db582868c86348a2ad7290185e,"{""circuit"":""surface_code:rotated_memory_x"",""cluster_node_limit"":50,""d"":3,""decoder"":""mwpf"",""decoder_type"":""SolverSerialJointSingleHair"",""p"":0.0075,""p_erase"":0.0075,""r"":3,""run_id"":""4bc734d2ac70cf62b78df146e81bdcf5df30d786b05a2eea177a13d890e64669""}",
      2048,         2,         0,   0.108,mwpf__2d43dbac6f220be8e75258fcbaa1915a92302bec253b831525bc35e7adeec1b6,64b3d9f5baf6f09488c41396f9407eb7cf2e57debde21e687e5552cba9d5418a,"{""circuit"":""surface_code:rotated_memory_x"",""cluster_node_limit"":50,""d"":3,""decoder"":""mwpf"",""decoder_type"":""SolverSerialJointSingleHair"",""p"":0.009,""p_erase"":0.009,""r"":3,""run_id"":""f3773bbf3001f7044304ac6a12d9ddb4d020a1b2b51ce7b475f4f14944f915f3""}",
      2048,         2,         0,   0.096,mwpf__71726d6ba25fe5b1097fdebf57bc9ee71a4920b66b52ccf640b9fe928e18d0f8,416965c75b19b01d4781182eaa19c998ff58123cda66a19c0d09dee75e64fffb,"{""circuit"":""surface_code:rotated_memory_x"",""cluster_node_limit"":50,""d"":3,""decoder"":""mwpf"",""decoder_type"":""SolverSerialJointSingleHair"",""p"":0.007,""p_erase"":0.007,""r"":3,""run_id"":""135e03791629607bb61bf8b9b22bc12f2324f26b65e31e82f5c3cd97d24c99c9""}",
      2048,         2,         0,   0.091,mwpf__71726d6ba25fe5b1097fdebf57bc9ee71a4920b66b52ccf640b9fe928e18d0f8,416965c75b19b01d4781182eaa19c998ff58123cda66a19c0d09dee75e64fffb,"{""circuit"":""surface_code:rotated_memory_x"",""cluster_node_limit"":50,""d"":3,""decoder"":""mwpf"",""decoder_type"":""SolverSerialJointSingleHair"",""p"":0.007,""p_erase"":0.007,""r"":3,""run_id"":""135e03791629607bb61bf8b9b22bc12f2324f26b65e31e82f5c3cd97d24c99c9""}",
      2048,         2,         0,   0.097,mwpf__b97013a8da0fd8f6885b17db2a42ab25b19ddfdf52e8fcbc8652f7f86a4a96cb,0fcbe56867e1865cf3743ffac95ee6934c3a42db582868c86348a2ad7290185e,"{""circuit"":""surface_code:rotated_memory_x"",""cluster_node_limit"":50,""d"":3,""decoder"":""mwpf"",""decoder_type"":""SolverSerialJointSingleHair"",""p"":0.0075,""p_erase"":0.0075,""r"":3,""run_id"":""4bc734d2ac70cf62b78df146e81bdcf5df30d786b05a2eea177a13d890e64669""}",
      2048,         7,         0,   0.114,mwpf__f4eaffc7e8b345bd4ed12e044b14c9eca5eb9d6063d64430985ec7c298159463,1c0b2318b8e500ddb1032a5e330292dd6110fcabf993e79d05dcfbebeb6f8881,"{""circuit"":""surface_code:rotated_memory_x"",""cluster_node_limit"":50,""d"":3,""decoder"":""mwpf"",""decoder_type"":""SolverSerialJointSingleHair"",""p"":0.01,""p_erase"":0.01,""r"":3,""run_id"":""5b6db69d825a9e1af451573dd00a4a7082d74a5e74fde81d397d7b0bcc5645b2""}",
      1024,         2,         0,   0.079,mwpf__06e26ae447fba2326c79329271a3e4ecf7a30ebd1c813d21b4091fdbaabaa7aa,308e9b2c9369348c51fa8ce1cfb7541c7cf4b5276d9b9abc27de84e7fcc74ee7,"{""circuit"":""surface_code:rotated_memory_x"",""cluster_node_limit"":50,""d"":3,""decoder"":""mwpf"",""decoder_type"":""SolverSerialJointSingleHair"",""p"":0.015,""p_erase"":0.015,""r"":3,""run_id"":""b44761db4df8b64c8917c437ae7fe1c452a55149c1dc7a5ca0f619d5bff0315c""}",
      1024,         8,         0,   0.077,mwpf__06e26ae447fba2326c79329271a3e4ecf7a30ebd1c813d21b4091fdbaabaa7aa,308e9b2c9369348c51fa8ce1cfb7541c7cf4b5276d9b9abc27de84e7fcc74ee7,"{""circuit"":""surface_code:rotated_memory_x"",""cluster_node_limit"":50,""d"":3,""decoder"":""mwpf"",""decoder_type"":""SolverSerialJointSingleHair"",""p"":0.015,""p_erase"":0.015,""r"":3,""run_id"":""b44761db4df8b64c8917c437ae7fe1c452a55149c1dc7a5ca0f619d5bff0315c""}",
      2048,         5,         0,   0.114,mwpf__f4eaffc7e8b345bd4ed12e044b14c9eca5eb9d6063d64430985ec7c298159463,1c0b2318b8e500ddb1032a5e330292dd6110fcabf993e79d05dcfbebeb6f8881,"{""circuit"":""surface_code:rotated_memory_x"",""cluster_node_limit"":50,""d"":3,""decoder"":""mwpf"",""decoder_type"":""SolverSerialJointSingleHair"",""p"":0.01,""p_erase"":0.01,""r"":3,""run_id"":""5b6db69d825a9e1af451573dd00a4a7082d74a5e74fde81d397d7b0bcc5645b2""}",
      2048,         4,         0,   0.102,mwpf__cdbabe99b4f243243aad339bb11c8a90131812a9c01e0de682a2aca46d6d55ff,ddc6d0a0729b2070c0dbbc972d7b9e687957f33bd2fd578d2477245fef7735ad,"{""circuit"":""surface_code:rotated_memory_x"",""cluster_node_limit"":50,""d"":3,""decoder"":""mwpf"",""decoder_type"":""SolverSerialJointSingleHair"",""p"":0.008,""p_erase"":0.008,""r"":3,""run_id"":""842b8d9622dd95e081373b13334f0c4c970c25ea256e90e9985b8d1bb6968aef""}",
      2048,         2,         0,   0.101,mwpf__b97013a8da0fd8f6885b17db2a42ab25b19ddfdf52e8fcbc8652f7f86a4a96cb,0fcbe56867e1865cf3743ffac95ee6934c3a42db582868c86348a2ad7290185e,"{""circuit"":""surface_code:rotated_memory_x"",""cluster_node_limit"":50,""d"":3,""decoder"":""mwpf"",""decoder_type"":""SolverSerialJointSingleHair"",""p"":0.0075,""p_erase"":0.0075,""r"":3,""run_id"":""4bc734d2ac70cf62b78df146e81bdcf5df30d786b05a2eea177a13d890e64669""}",
      2048,         2,         0,   0.105,mwpf__cdbabe99b4f243243aad339bb11c8a90131812a9c01e0de682a2aca46d6d55ff,ddc6d0a0729b2070c0dbbc972d7b9e687957f33bd2fd578d2477245fef7735ad,"{""circuit"":""surface_code:rotated_memory_x"",""cluster_node_limit"":50,""d"":3,""decoder"":""mwpf"",""decoder_type"":""SolverSerialJointSingleHair"",""p"":0.008,""p_erase"":0.008,""r"":3,""run_id"":""842b8d9622dd95e081373b13334f0c4c970c25ea256e90e9985b8d1bb6968aef""}",
      2048,         7,         0,   0.118,mwpf__f4eaffc7e8b345bd4ed12e044b14c9eca5eb9d6063d64430985ec7c298159463,1c0b2318b8e500ddb1032a5e330292dd6110fcabf993e79d05dcfbebeb6f8881,"{""circuit"":""surface_code:rotated_memory_x"",""cluster_node_limit"":50,""d"":3,""decoder"":""mwpf"",""decoder_type"":""SolverSerialJointSingleHair"",""p"":0.01,""p_erase"":0.01,""r"":3,""run_id"":""5b6db69d825a9e1af451573dd00a4a7082d74a5e74fde81d397d7b0bcc5645b2""}",
      3072,         0,         0,   0.119,mwpf__3a2de2621d93f2d1f82bf505831648faac50961c9682adb78978518126f61ad4,269c086892560d2b2c3fb91f8240ee87c8e2f52d5b2ff0982c1e1b9fe1e015ae,"{""circuit"":""surface_code:rotated_memory_x"",""cluster_node_limit"":50,""d"":3,""decoder"":""mwpf"",""decoder_type"":""SolverSerialJointSingleHair"",""p"":0.005,""p_erase"":0.005,""r"":3,""run_id"":""5101ac8ef9c97b83df4dd9d8fb12d7b219d036893929703eba32fffa9e647600""}",
      2048,         1,         0,   0.104,mwpf__cdbabe99b4f243243aad339bb11c8a90131812a9c01e0de682a2aca46d6d55ff,ddc6d0a0729b2070c0dbbc972d7b9e687957f33bd2fd578d2477245fef7735ad,"{""circuit"":""surface_code:rotated_memory_x"",""cluster_node_limit"":50,""d"":3,""decoder"":""mwpf"",""decoder_type"":""SolverSerialJointSingleHair"",""p"":0.008,""p_erase"":0.008,""r"":3,""run_id"":""842b8d9622dd95e081373b13334f0c4c970c25ea256e90e9985b8d1bb6968aef""}",
      4096,         0,         0,   0.128,mwpf__b872f877938abc74ac5cbaba353b6d05cca6c26386630928e9e8c556790460ab,8be4c71d65229ab532f93802b200d69b85cf990b21494afcdb050a0cc2f71098,"{""circuit"":""surface_code:rotated_memory_x"",""cluster_node_limit"":50,""d"":3,""decoder"":""mwpf"",""decoder_type"":""SolverSerialJointSingleHair"",""p"":0.003,""p_erase"":0.003,""r"":3,""run_id"":""915e7fac76f0cb44d6aac79997be9e5a903d4aa353a8207f80b396814e1292cb""}",
      3072,         0,         0,   0.119,mwpf__3a2de2621d93f2d1f82bf505831648faac50961c9682adb78978518126f61ad4,269c086892560d2b2c3fb91f8240ee87c8e2f52d5b2ff0982c1e1b9fe1e015ae,"{""circuit"":""surface_code:rotated_memory_x"",""cluster_node_limit"":50,""d"":3,""decoder"":""mwpf"",""decoder_type"":""SolverSerialJointSingleHair"",""p"":0.005,""p_erase"":0.005,""r"":3,""run_id"":""5101ac8ef9c97b83df4dd9d8fb12d7b219d036893929703eba32fffa9e647600""}",
      3072,         2,         0,   0.127,mwpf__6a374b57c528f1fa3515562a1fcd08586fb590c5649146dc6a143bb06eeec077,f3e9207a47b74a52f31cee6ee65233df1dffd4d0d85fd55e88b8f5b6b8686260,"{""circuit"":""surface_code:rotated_memory_x"",""cluster_node_limit"":50,""d"":3,""decoder"":""mwpf"",""decoder_type"":""SolverSerialJointSingleHair"",""p"":0.006,""p_erase"":0.006,""r"":3,""run_id"":""dd60754122c9f7a810b0c1d8b1c92188ea52870232067546237f0fa25d610548""}",
      3072,         0,         0,   0.106,mwpf__bbbb95ae8dfd216392d93d271ab853220d7a01380e740dc79365759e9487ffb2,d994fe02c85cb3c768399acfffda9f01e9344d65a7427484376e8d07bf72dce7,"{""circuit"":""surface_code:rotated_memory_x"",""cluster_node_limit"":50,""d"":3,""decoder"":""mwpf"",""decoder_type"":""SolverSerialJointSingleHair"",""p"":0.004,""p_erase"":0.004,""r"":3,""run_id"":""90efa888ab0be85c6dc82d20d594fb219f455db906f7e8f7ad923a214270e30c""}",
      3072,         0,         0,   0.108,mwpf__bbbb95ae8dfd216392d93d271ab853220d7a01380e740dc79365759e9487ffb2,d994fe02c85cb3c768399acfffda9f01e9344d65a7427484376e8d07bf72dce7,"{""circuit"":""surface_code:rotated_memory_x"",""cluster_node_limit"":50,""d"":3,""decoder"":""mwpf"",""decoder_type"":""SolverSerialJointSingleHair"",""p"":0.004,""p_erase"":0.004,""r"":3,""run_id"":""90efa888ab0be85c6dc82d20d594fb219f455db906f7e8f7ad923a214270e30c""}",
      3072,         3,         0,   0.132,mwpf__6a374b57c528f1fa3515562a1fcd08586fb590c5649146dc6a143bb06eeec077,f3e9207a47b74a52f31cee6ee65233df1dffd4d0d85fd55e88b8f5b6b8686260,"{""circuit"":""surface_code:rotated_memory_x"",""cluster_node_limit"":50,""d"":3,""decoder"":""mwpf"",""decoder_type"":""SolverSerialJointSingleHair"",""p"":0.006,""p_erase"":0.006,""r"":3,""run_id"":""dd60754122c9f7a810b0c1d8b1c92188ea52870232067546237f0fa25d610548""}",
      4096,         0,         0,   0.126,mwpf__b872f877938abc74ac5cbaba353b6d05cca6c26386630928e9e8c556790460ab,8be4c71d65229ab532f93802b200d69b85cf990b21494afcdb050a0cc2f71098,"{""circuit"":""surface_code:rotated_memory_x"",""cluster_node_limit"":50,""d"":3,""decoder"":""mwpf"",""decoder_type"":""SolverSerialJointSingleHair"",""p"":0.003,""p_erase"":0.003,""r"":3,""run_id"":""915e7fac76f0cb44d6aac79997be9e5a903d4aa353a8207f80b396814e1292cb""}",
      3072,         0,         0,   0.116,mwpf__3a2de2621d93f2d1f82bf505831648faac50961c9682adb78978518126f61ad4,269c086892560d2b2c3fb91f8240ee87c8e2f52d5b2ff0982c1e1b9fe1e015ae,"{""circuit"":""surface_code:rotated_memory_x"",""cluster_node_limit"":50,""d"":3,""decoder"":""mwpf"",""decoder_type"":""SolverSerialJointSingleHair"",""p"":0.005,""p_erase"":0.005,""r"":3,""run_id"":""5101ac8ef9c97b83df4dd9d8fb12d7b219d036893929703eba32fffa9e647600""}",
      4096,         0,         0,   0.129,mwpf__b872f877938abc74ac5cbaba353b6d05cca6c26386630928e9e8c556790460ab,8be4c71d65229ab532f93802b200d69b85cf990b21494afcdb050a0cc2f71098,"{""circuit"":""surface_code:rotated_memory_x"",""cluster_node_limit"":50,""d"":3,""decoder"":""mwpf"",""decoder_type"":""SolverSerialJointSingleHair"",""p"":0.003,""p_erase"":0.003,""r"":3,""run_id"":""915e7fac76f0cb44d6aac79997be9e5a903d4aa353a8207f80b396814e1292cb""}",
      3072,         1,         0,   0.131,mwpf__6a374b57c528f1fa3515562a1fcd08586fb590c5649146dc6a143bb06eeec077,f3e9207a47b74a52f31cee6ee65233df1dffd4d0d85fd55e88b8f5b6b8686260,"{""circuit"":""surface_code:rotated_memory_x"",""cluster_node_limit"":50,""d"":3,""decoder"":""mwpf"",""decoder_type"":""SolverSerialJointSingleHair"",""p"":0.006,""p_erase"":0.006,""r"":3,""run_id"":""dd60754122c9f7a810b0c1d8b1c92188ea52870232067546237f0fa25d610548""}",
      1024,         3,         0,   0.077,mwpf__06e26ae447fba2326c79329271a3e4ecf7a30ebd1c813d21b4091fdbaabaa7aa,308e9b2c9369348c51fa8ce1cfb7541c7cf4b5276d9b9abc27de84e7fcc74ee7,"{""circuit"":""surface_code:rotated_memory_x"",""cluster_node_limit"":50,""d"":3,""decoder"":""mwpf"",""decoder_type"":""SolverSerialJointSingleHair"",""p"":0.015,""p_erase"":0.015,""r"":3,""run_id"":""b44761db4df8b64c8917c437ae7fe1c452a55149c1dc7a5ca0f619d5bff0315c""}",
      3072,         2,         0,   0.133,mwpf__1db40b12fec5f70da8e168713de74a6538a2139e5552fbb3ef79c15a6639c2db,f2e4a01c8e59722538504dfd8d6a652358dbe6fd622b4e794003a3dca85858a5,"{""circuit"":""surface_code:rotated_memory_x"",""cluster_node_limit"":50,""d"":3,""decoder"":""mwpf"",""decoder_type"":""SolverSerialJointSingleHair"",""p"":0.0065,""p_erase"":0.0065,""r"":3,""run_id"":""b8f63b3afee4afe98e7bbb30f20c4398dd3b9aec649fcfb3e47705c2a2c61b36""}",
      1024,         9,         0,   0.079,mwpf__06e26ae447fba2326c79329271a3e4ecf7a30ebd1c813d21b4091fdbaabaa7aa,308e9b2c9369348c51fa8ce1cfb7541c7cf4b5276d9b9abc27de84e7fcc74ee7,"{""circuit"":""surface_code:rotated_memory_x"",""cluster_node_limit"":50,""d"":3,""decoder"":""mwpf"",""decoder_type"":""SolverSerialJointSingleHair"",""p"":0.015,""p_erase"":0.015,""r"":3,""run_id"":""b44761db4df8b64c8917c437ae7fe1c452a55149c1dc7a5ca0f619d5bff0315c""}",
      2048,         5,         0,   0.109,mwpf__2d43dbac6f220be8e75258fcbaa1915a92302bec253b831525bc35e7adeec1b6,64b3d9f5baf6f09488c41396f9407eb7cf2e57debde21e687e5552cba9d5418a,"{""circuit"":""surface_code:rotated_memory_x"",""cluster_node_limit"":50,""d"":3,""decoder"":""mwpf"",""decoder_type"":""SolverSerialJointSingleHair"",""p"":0.009,""p_erase"":0.009,""r"":3,""run_id"":""f3773bbf3001f7044304ac6a12d9ddb4d020a1b2b51ce7b475f4f14944f915f3""}",
      4096,         2,         0,   0.138,mwpf__bbbb95ae8dfd216392d93d271ab853220d7a01380e740dc79365759e9487ffb2,d994fe02c85cb3c768399acfffda9f01e9344d65a7427484376e8d07bf72dce7,"{""circuit"":""surface_code:rotated_memory_x"",""cluster_node_limit"":50,""d"":3,""decoder"":""mwpf"",""decoder_type"":""SolverSerialJointSingleHair"",""p"":0.004,""p_erase"":0.004,""r"":3,""run_id"":""90efa888ab0be85c6dc82d20d594fb219f455db906f7e8f7ad923a214270e30c""}",
      2048,         4,         0,   0.111,mwpf__2d43dbac6f220be8e75258fcbaa1915a92302bec253b831525bc35e7adeec1b6,64b3d9f5baf6f09488c41396f9407eb7cf2e57debde21e687e5552cba9d5418a,"{""circuit"":""surface_code:rotated_memory_x"",""cluster_node_limit"":50,""d"":3,""decoder"":""mwpf"",""decoder_type"":""SolverSerialJointSingleHair"",""p"":0.009,""p_erase"":0.009,""r"":3,""run_id"":""f3773bbf3001f7044304ac6a12d9ddb4d020a1b2b51ce7b475f4f14944f915f3""}",
      3072,         3,         0,   0.133,mwpf__1db40b12fec5f70da8e168713de74a6538a2139e5552fbb3ef79c15a6639c2db,f2e4a01c8e59722538504dfd8d6a652358dbe6fd622b4e794003a3dca85858a5,"{""circuit"":""surface_code:rotated_memory_x"",""cluster_node_limit"":50,""d"":3,""decoder"":""mwpf"",""decoder_type"":""SolverSerialJointSingleHair"",""p"":0.0065,""p_erase"":0.0065,""r"":3,""run_id"":""b8f63b3afee4afe98e7bbb30f20c4398dd3b9aec649fcfb3e47705c2a2c61b36""}",
      2048,         5,         0,   0.113,mwpf__2d43dbac6f220be8e75258fcbaa1915a92302bec253b831525bc35e7adeec1b6,64b3d9f5baf6f09488c41396f9407eb7cf2e57debde21e687e5552cba9d5418a,"{""circuit"":""surface_code:rotated_memory_x"",""cluster_node_limit"":50,""d"":3,""decoder"":""mwpf"",""decoder_type"":""SolverSerialJointSingleHair"",""p"":0.009,""p_erase"":0.009,""r"":3,""run_id"":""f3773bbf3001f7044304ac6a12d9ddb4d020a1b2b51ce7b475f4f14944f915f3""}",
      2058,         0,         0,   0.063,mwpf__b872f877938abc74ac5cbaba353b6d05cca6c26386630928e9e8c556790460ab,8be4c71d65229ab532f93802b200d69b85cf990b21494afcdb050a0cc2f71098,"{""circuit"":""surface_code:rotated_memory_x"",""cluster_node_limit"":50,""d"":3,""decoder"":""mwpf"",""decoder_type"":""SolverSerialJointSingleHair"",""p"":0.003,""p_erase"":0.003,""r"":3,""run_id"":""915e7fac76f0cb44d6aac79997be9e5a903d4aa353a8207f80b396814e1292cb""}",
      1024,         0,         0,   0.032,mwpf__b872f877938abc74ac5cbaba353b6d05cca6c26386630928e9e8c556790460ab,8be4c71d65229ab532f93802b200d69b85cf990b21494afcdb050a0cc2f71098,"{""circuit"":""surface_code:rotated_memory_x"",""cluster_node_limit"":50,""d"":3,""decoder"":""mwpf"",""decoder_type"":""SolverSerialJointSingleHair"",""p"":0.003,""p_erase"":0.003,""r"":3,""run_id"":""915e7fac76f0cb44d6aac79997be9e5a903d4aa353a8207f80b396814e1292cb""}",
      1024,         0,         0,   0.033,mwpf__b872f877938abc74ac5cbaba353b6d05cca6c26386630928e9e8c556790460ab,8be4c71d65229ab532f93802b200d69b85cf990b21494afcdb050a0cc2f71098,"{""circuit"":""surface_code:rotated_memory_x"",""cluster_node_limit"":50,""d"":3,""decoder"":""mwpf"",""decoder_type"":""SolverSerialJointSingleHair"",""p"":0.003,""p_erase"":0.003,""r"":3,""run_id"":""915e7fac76f0cb44d6aac79997be9e5a903d4aa353a8207f80b396814e1292cb""}",
         7,         0,         0,   0.000,mwpf__b872f877938abc74ac5cbaba353b6d05cca6c26386630928e9e8c556790460ab,8be4c71d65229ab532f93802b200d69b85cf990b21494afcdb050a0cc2f71098,"{""circuit"":""surface_code:rotated_memory_x"",""cluster_node_limit"":50,""d"":3,""decoder"":""mwpf"",""decoder_type"":""SolverSerialJointSingleHair"",""p"":0.003,""p_erase"":0.003,""r"":3,""run_id"":""915e7fac76f0cb44d6aac79997be9e5a903d4aa353a8207f80b396814e1292cb""}",
      2048,         4,         0,   0.112,mwpf__f4eaffc7e8b345bd4ed12e044b14c9eca5eb9d6063d64430985ec7c298159463,1c0b2318b8e500ddb1032a5e330292dd6110fcabf993e79d05dcfbebeb6f8881,"{""circuit"":""surface_code:rotated_memory_x"",""cluster_node_limit"":50,""d"":3,""decoder"":""mwpf"",""decoder_type"":""SolverSerialJointSingleHair"",""p"":0.01,""p_erase"":0.01,""r"":3,""run_id"":""5b6db69d825a9e1af451573dd00a4a7082d74a5e74fde81d397d7b0bcc5645b2""}",
      3072,         0,         0,   0.137,mwpf__1db40b12fec5f70da8e168713de74a6538a2139e5552fbb3ef79c15a6639c2db,f2e4a01c8e59722538504dfd8d6a652358dbe6fd622b4e794003a3dca85858a5,"{""circuit"":""surface_code:rotated_memory_x"",""cluster_node_limit"":50,""d"":3,""decoder"":""mwpf"",""decoder_type"":""SolverSerialJointSingleHair"",""p"":0.0065,""p_erase"":0.0065,""r"":3,""run_id"":""b8f63b3afee4afe98e7bbb30f20c4398dd3b9aec649fcfb3e47705c2a2c61b36""}",
         4,         0,         0,   0.000,mwpf__b872f877938abc74ac5cbaba353b6d05cca6c26386630928e9e8c556790460ab,8be4c71d65229ab532f93802b200d69b85cf990b21494afcdb050a0cc2f71098,"{""circuit"":""surface_code:rotated_memory_x"",""cluster_node_limit"":50,""d"":3,""decoder"":""mwpf"",""decoder_type"":""SolverSerialJointSingleHair"",""p"":0.003,""p_erase"":0.003,""r"":3,""run_id"":""915e7fac76f0cb44d6aac79997be9e5a903d4aa353a8207f80b396814e1292cb""}",
      3072,         3,         0,   0.141,mwpf__b97013a8da0fd8f6885b17db2a42ab25b19ddfdf52e8fcbc8652f7f86a4a96cb,0fcbe56867e1865cf3743ffac95ee6934c3a42db582868c86348a2ad7290185e,"{""circuit"":""surface_code:rotated_memory_x"",""cluster_node_limit"":50,""d"":3,""decoder"":""mwpf"",""decoder_type"":""SolverSerialJointSingleHair"",""p"":0.0075,""p_erase"":0.0075,""r"":3,""run_id"":""4bc734d2ac70cf62b78df146e81bdcf5df30d786b05a2eea177a13d890e64669""}",
      3072,         1,         0,   0.141,mwpf__71726d6ba25fe5b1097fdebf57bc9ee71a4920b66b52ccf640b9fe928e18d0f8,416965c75b19b01d4781182eaa19c998ff58123cda66a19c0d09dee75e64fffb,"{""circuit"":""surface_code:rotated_memory_x"",""cluster_node_limit"":50,""d"":3,""decoder"":""mwpf"",""decoder_type"":""SolverSerialJointSingleHair"",""p"":0.007,""p_erase"":0.007,""r"":3,""run_id"":""135e03791629607bb61bf8b9b22bc12f2324f26b65e31e82f5c3cd97d24c99c9""}",
         4,         0,         0,   0.000,mwpf__b872f877938abc74ac5cbaba353b6d05cca6c26386630928e9e8c556790460ab,8be4c71d65229ab532f93802b200d69b85cf990b21494afcdb050a0cc2f71098,"{""circuit"":""surface_code:rotated_memory_x"",""cluster_node_limit"":50,""d"":3,""decoder"":""mwpf"",""decoder_type"":""SolverSerialJointSingleHair"",""p"":0.003,""p_erase"":0.003,""r"":3,""run_id"":""915e7fac76f0cb44d6aac79997be9e5a903d4aa353a8207f80b396814e1292cb""}",
         1,         0,         0,   0.000,mwpf__b872f877938abc74ac5cbaba353b6d05cca6c26386630928e9e8c556790460ab,8be4c71d65229ab532f93802b200d69b85cf990b21494afcdb050a0cc2f71098,"{""circuit"":""surface_code:rotated_memory_x"",""cluster_node_limit"":50,""d"":3,""decoder"":""mwpf"",""decoder_type"":""SolverSerialJointSingleHair"",""p"":0.003,""p_erase"":0.003,""r"":3,""run_id"":""915e7fac76f0cb44d6aac79997be9e5a903d4aa353a8207f80b396814e1292cb""}",
      2048,         0,         0,   0.116,mwpf__f4eaffc7e8b345bd4ed12e044b14c9eca5eb9d6063d64430985ec7c298159463,1c0b2318b8e500ddb1032a5e330292dd6110fcabf993e79d05dcfbebeb6f8881,"{""circuit"":""surface_code:rotated_memory_x"",""cluster_node_limit"":50,""d"":3,""decoder"":""mwpf"",""decoder_type"":""SolverSerialJointSingleHair"",""p"":0.01,""p_erase"":0.01,""r"":3,""run_id"":""5b6db69d825a9e1af451573dd00a4a7082d74a5e74fde81d397d7b0bcc5645b2""}",
         2,         0,         0,   0.000,mwpf__b872f877938abc74ac5cbaba353b6d05cca6c26386630928e9e8c556790460ab,8be4c71d65229ab532f93802b200d69b85cf990b21494afcdb050a0cc2f71098,"{""circuit"":""surface_code:rotated_memory_x"",""cluster_node_limit"":50,""d"":3,""decoder"":""mwpf"",""decoder_type"":""SolverSerialJointSingleHair"",""p"":0.003,""p_erase"":0.003,""r"":3,""run_id"":""915e7fac76f0cb44d6aac79997be9e5a903d4aa353a8207f80b396814e1292cb""}",
      3072,         3,         0,   0.143,mwpf__71726d6ba25fe5b1097fdebf57bc9ee71a4920b66b52ccf640b9fe928e18d0f8,416965c75b19b01d4781182eaa19c998ff58123cda66a19c0d09dee75e64fffb,"{""circuit"":""surface_code:rotated_memory_x"",""cluster_node_limit"":50,""d"":3,""decoder"":""mwpf"",""decoder_type"":""SolverSerialJointSingleHair"",""p"":0.007,""p_erase"":0.007,""r"":3,""run_id"":""135e03791629607bb61bf8b9b22bc12f2324f26b65e31e82f5c3cd97d24c99c9""}",
      3072,         3,         0,   0.142,mwpf__71726d6ba25fe5b1097fdebf57bc9ee71a4920b66b52ccf640b9fe928e18d0f8,416965c75b19b01d4781182eaa19c998ff58123cda66a19c0d09dee75e64fffb,"{""circuit"":""surface_code:rotated_memory_x"",""cluster_node_limit"":50,""d"":3,""decoder"":""mwpf"",""decoder_type"":""SolverSerialJointSingleHair"",""p"":0.007,""p_erase"":0.007,""r"":3,""run_id"":""135e03791629607bb61bf8b9b22bc12f2324f26b65e31e82f5c3cd97d24c99c9""}",
         1,         0,         0,   0.000,mwpf__b872f877938abc74ac5cbaba353b6d05cca6c26386630928e9e8c556790460ab,8be4c71d65229ab532f93802b200d69b85cf990b21494afcdb050a0cc2f71098,"{""circuit"":""surface_code:rotated_memory_x"",""cluster_node_limit"":50,""d"":3,""decoder"":""mwpf"",""decoder_type"":""SolverSerialJointSingleHair"",""p"":0.003,""p_erase"":0.003,""r"":3,""run_id"":""915e7fac76f0cb44d6aac79997be9e5a903d4aa353a8207f80b396814e1292cb""}",
      2048,         9,         0,   0.116,mwpf__f4eaffc7e8b345bd4ed12e044b14c9eca5eb9d6063d64430985ec7c298159463,1c0b2318b8e500ddb1032a5e330292dd6110fcabf993e79d05dcfbebeb6f8881,"{""circuit"":""surface_code:rotated_memory_x"",""cluster_node_limit"":50,""d"":3,""decoder"":""mwpf"",""decoder_type"":""SolverSerialJointSingleHair"",""p"":0.01,""p_erase"":0.01,""r"":3,""run_id"":""5b6db69d825a9e1af451573dd00a4a7082d74a5e74fde81d397d7b0bcc5645b2""}",
      2056,         0,         0,   0.072,mwpf__bbbb95ae8dfd216392d93d271ab853220d7a01380e740dc79365759e9487ffb2,d994fe02c85cb3c768399acfffda9f01e9344d65a7427484376e8d07bf72dce7,"{""circuit"":""surface_code:rotated_memory_x"",""cluster_node_limit"":50,""d"":3,""decoder"":""mwpf"",""decoder_type"":""SolverSerialJointSingleHair"",""p"":0.004,""p_erase"":0.004,""r"":3,""run_id"":""90efa888ab0be85c6dc82d20d594fb219f455db906f7e8f7ad923a214270e30c""}",
      2056,         0,         0,   0.074,mwpf__bbbb95ae8dfd216392d93d271ab853220d7a01380e740dc79365759e9487ffb2,d994fe02c85cb3c768399acfffda9f01e9344d65a7427484376e8d07bf72dce7,"{""circuit"":""surface_code:rotated_memory_x"",""cluster_node_limit"":50,""d"":3,""decoder"":""mwpf"",""decoder_type"":""SolverSerialJointSingleHair"",""p"":0.004,""p_erase"":0.004,""r"":3,""run_id"":""90efa888ab0be85c6dc82d20d594fb219f455db906f7e8f7ad923a214270e30c""}",
      3072,         4,         0,   0.152,mwpf__b97013a8da0fd8f6885b17db2a42ab25b19ddfdf52e8fcbc8652f7f86a4a96cb,0fcbe56867e1865cf3743ffac95ee6934c3a42db582868c86348a2ad7290185e,"{""circuit"":""surface_code:rotated_memory_x"",""cluster_node_limit"":50,""d"":3,""decoder"":""mwpf"",""decoder_type"":""SolverSerialJointSingleHair"",""p"":0.0075,""p_erase"":0.0075,""r"":3,""run_id"":""4bc734d2ac70cf62b78df146e81bdcf5df30d786b05a2eea177a13d890e64669""}",
      2056,         0,         0,   0.070,mwpf__bbbb95ae8dfd216392d93d271ab853220d7a01380e740dc79365759e9487ffb2,d994fe02c85cb3c768399acfffda9f01e9344d65a7427484376e8d07bf72dce7,"{""circuit"":""surface_code:rotated_memory_x"",""cluster_node_limit"":50,""d"":3,""decoder"":""mwpf"",""decoder_type"":""SolverSerialJointSingleHair"",""p"":0.004,""p_erase"":0.004,""r"":3,""run_id"":""90efa888ab0be85c6dc82d20d594fb219f455db906f7e8f7ad923a214270e30c""}",
         1,         0,         0,   0.000,mwpf__bbbb95ae8dfd216392d93d271ab853220d7a01380e740dc79365759e9487ffb2,d994fe02c85cb3c768399acfffda9f01e9344d65a7427484376e8d07bf72dce7,"{""circuit"":""surface_code:rotated_memory_x"",""cluster_node_limit"":50,""d"":3,""decoder"":""mwpf"",""decoder_type"":""SolverSerialJointSingleHair"",""p"":0.004,""p_erase"":0.004,""r"":3,""run_id"":""90efa888ab0be85c6dc82d20d594fb219f455db906f7e8f7ad923a214270e30c""}",
      3072,         5,         0,   0.152,mwpf__b97013a8da0fd8f6885b17db2a42ab25b19ddfdf52e8fcbc8652f7f86a4a96cb,0fcbe56867e1865cf3743ffac95ee6934c3a42db582868c86348a2ad7290185e,"{""circuit"":""surface_code:rotated_memory_x"",""cluster_node_limit"":50,""d"":3,""decoder"":""mwpf"",""decoder_type"":""SolverSerialJointSingleHair"",""p"":0.0075,""p_erase"":0.0075,""r"":3,""run_id"":""4bc734d2ac70cf62b78df146e81bdcf5df30d786b05a2eea177a13d890e64669""}",
      3072,         4,         0,   0.154,mwpf__cdbabe99b4f243243aad339bb11c8a90131812a9c01e0de682a2aca46d6d55ff,ddc6d0a0729b2070c0dbbc972d7b9e687957f33bd2fd578d2477245fef7735ad,"{""circuit"":""surface_code:rotated_memory_x"",""cluster_node_limit"":50,""d"":3,""decoder"":""mwpf"",""decoder_type"":""SolverSerialJointSingleHair"",""p"":0.008,""p_erase"":0.008,""r"":3,""run_id"":""842b8d9622dd95e081373b13334f0c4c970c25ea256e90e9985b8d1bb6968aef""}",
      3072,         6,         0,   0.154,mwpf__cdbabe99b4f243243aad339bb11c8a90131812a9c01e0de682a2aca46d6d55ff,ddc6d0a0729b2070c0dbbc972d7b9e687957f33bd2fd578d2477245fef7735ad,"{""circuit"":""surface_code:rotated_memory_x"",""cluster_node_limit"":50,""d"":3,""decoder"":""mwpf"",""decoder_type"":""SolverSerialJointSingleHair"",""p"":0.008,""p_erase"":0.008,""r"":3,""run_id"":""842b8d9622dd95e081373b13334f0c4c970c25ea256e90e9985b8d1bb6968aef""}",
      1024,         0,         0,   0.034,mwpf__bbbb95ae8dfd216392d93d271ab853220d7a01380e740dc79365759e9487ffb2,d994fe02c85cb3c768399acfffda9f01e9344d65a7427484376e8d07bf72dce7,"{""circuit"":""surface_code:rotated_memory_x"",""cluster_node_limit"":50,""d"":3,""decoder"":""mwpf"",""decoder_type"":""SolverSerialJointSingleHair"",""p"":0.004,""p_erase"":0.004,""r"":3,""run_id"":""90efa888ab0be85c6dc82d20d594fb219f455db906f7e8f7ad923a214270e30c""}",
      4096,         2,         0,   0.158,mwpf__3a2de2621d93f2d1f82bf505831648faac50961c9682adb78978518126f61ad4,269c086892560d2b2c3fb91f8240ee87c8e2f52d5b2ff0982c1e1b9fe1e015ae,"{""circuit"":""surface_code:rotated_memory_x"",""cluster_node_limit"":50,""d"":3,""decoder"":""mwpf"",""decoder_type"":""SolverSerialJointSingleHair"",""p"":0.005,""p_erase"":0.005,""r"":3,""run_id"":""5101ac8ef9c97b83df4dd9d8fb12d7b219d036893929703eba32fffa9e647600""}",
      3072,         1,         0,   0.155,mwpf__cdbabe99b4f243243aad339bb11c8a90131812a9c01e0de682a2aca46d6d55ff,ddc6d0a0729b2070c0dbbc972d7b9e687957f33bd2fd578d2477245fef7735ad,"{""circuit"":""surface_code:rotated_memory_x"",""cluster_node_limit"":50,""d"":3,""decoder"":""mwpf"",""decoder_type"":""SolverSerialJointSingleHair"",""p"":0.008,""p_erase"":0.008,""r"":3,""run_id"":""842b8d9622dd95e081373b13334f0c4c970c25ea256e90e9985b8d1bb6968aef""}",
         2,         0,         0,   0.000,mwpf__bbbb95ae8dfd216392d93d271ab853220d7a01380e740dc79365759e9487ffb2,d994fe02c85cb3c768399acfffda9f01e9344d65a7427484376e8d07bf72dce7,"{""circuit"":""surface_code:rotated_memory_x"",""cluster_node_limit"":50,""d"":3,""decoder"":""mwpf"",""decoder_type"":""SolverSerialJointSingleHair"",""p"":0.004,""p_erase"":0.004,""r"":3,""run_id"":""90efa888ab0be85c6dc82d20d594fb219f455db906f7e8f7ad923a214270e30c""}",
      4096,         0,         0,   0.159,mwpf__3a2de2621d93f2d1f82bf505831648faac50961c9682adb78978518126f61ad4,269c086892560d2b2c3fb91f8240ee87c8e2f52d5b2ff0982c1e1b9fe1e015ae,"{""circuit"":""surface_code:rotated_memory_x"",""cluster_node_limit"":50,""d"":3,""decoder"":""mwpf"",""decoder_type"":""SolverSerialJointSingleHair"",""p"":0.005,""p_erase"":0.005,""r"":3,""run_id"":""5101ac8ef9c97b83df4dd9d8fb12d7b219d036893929703eba32fffa9e647600""}",
      2048,         6,         0,   0.114,mwpf__2d43dbac6f220be8e75258fcbaa1915a92302bec253b831525bc35e7adeec1b6,64b3d9f5baf6f09488c41396f9407eb7cf2e57debde21e687e5552cba9d5418a,"{""circuit"":""surface_code:rotated_memory_x"",""cluster_node_limit"":50,""d"":3,""decoder"":""mwpf"",""decoder_type"":""SolverSerialJointSingleHair"",""p"":0.009,""p_erase"":0.009,""r"":3,""run_id"":""f3773bbf3001f7044304ac6a12d9ddb4d020a1b2b51ce7b475f4f14944f915f3""}",
      1034,         0,         0,   0.041,mwpf__3a2de2621d93f2d1f82bf505831648faac50961c9682adb78978518126f61ad4,269c086892560d2b2c3fb91f8240ee87c8e2f52d5b2ff0982c1e1b9fe1e015ae,"{""circuit"":""surface_code:rotated_memory_x"",""cluster_node_limit"":50,""d"":3,""decoder"":""mwpf"",""decoder_type"":""SolverSerialJointSingleHair"",""p"":0.005,""p_erase"":0.005,""r"":3,""run_id"":""5101ac8ef9c97b83df4dd9d8fb12d7b219d036893929703eba32fffa9e647600""}",
      4096,         1,         0,   0.152,mwpf__3a2de2621d93f2d1f82bf505831648faac50961c9682adb78978518126f61ad4,269c086892560d2b2c3fb91f8240ee87c8e2f52d5b2ff0982c1e1b9fe1e015ae,"{""circuit"":""surface_code:rotated_memory_x"",""cluster_node_limit"":50,""d"":3,""decoder"":""mwpf"",""decoder_type"":""SolverSerialJointSingleHair"",""p"":0.005,""p_erase"":0.005,""r"":3,""run_id"":""5101ac8ef9c97b83df4dd9d8fb12d7b219d036893929703eba32fffa9e647600""}",
      4096,         2,         0,   0.170,mwpf__6a374b57c528f1fa3515562a1fcd08586fb590c5649146dc6a143bb06eeec077,f3e9207a47b74a52f31cee6ee65233df1dffd4d0d85fd55e88b8f5b6b8686260,"{""circuit"":""surface_code:rotated_memory_x"",""cluster_node_limit"":50,""d"":3,""decoder"":""mwpf"",""decoder_type"":""SolverSerialJointSingleHair"",""p"":0.006,""p_erase"":0.006,""r"":3,""run_id"":""dd60754122c9f7a810b0c1d8b1c92188ea52870232067546237f0fa25d610548""}",
         9,         0,         0,   0.001,mwpf__3a2de2621d93f2d1f82bf505831648faac50961c9682adb78978518126f61ad4,269c086892560d2b2c3fb91f8240ee87c8e2f52d5b2ff0982c1e1b9fe1e015ae,"{""circuit"":""surface_code:rotated_memory_x"",""cluster_node_limit"":50,""d"":3,""decoder"":""mwpf"",""decoder_type"":""SolverSerialJointSingleHair"",""p"":0.005,""p_erase"":0.005,""r"":3,""run_id"":""5101ac8ef9c97b83df4dd9d8fb12d7b219d036893929703eba32fffa9e647600""}",
      1024,         0,         0,   0.040,mwpf__3a2de2621d93f2d1f82bf505831648faac50961c9682adb78978518126f61ad4,269c086892560d2b2c3fb91f8240ee87c8e2f52d5b2ff0982c1e1b9fe1e015ae,"{""circuit"":""surface_code:rotated_memory_x"",""cluster_node_limit"":50,""d"":3,""decoder"":""mwpf"",""decoder_type"":""SolverSerialJointSingleHair"",""p"":0.005,""p_erase"":0.005,""r"":3,""run_id"":""5101ac8ef9c97b83df4dd9d8fb12d7b219d036893929703eba32fffa9e647600""}",
      2048,        11,         0,   0.156,mwpf__06e26ae447fba2326c79329271a3e4ecf7a30ebd1c813d21b4091fdbaabaa7aa,308e9b2c9369348c51fa8ce1cfb7541c7cf4b5276d9b9abc27de84e7fcc74ee7,"{""circuit"":""surface_code:rotated_memory_x"",""cluster_node_limit"":50,""d"":3,""decoder"":""mwpf"",""decoder_type"":""SolverSerialJointSingleHair"",""p"":0.015,""p_erase"":0.015,""r"":3,""run_id"":""b44761db4df8b64c8917c437ae7fe1c452a55149c1dc7a5ca0f619d5bff0315c""}",
         2,         0,         0,   0.000,mwpf__3a2de2621d93f2d1f82bf505831648faac50961c9682adb78978518126f61ad4,269c086892560d2b2c3fb91f8240ee87c8e2f52d5b2ff0982c1e1b9fe1e015ae,"{""circuit"":""surface_code:rotated_memory_x"",""cluster_node_limit"":50,""d"":3,""decoder"":""mwpf"",""decoder_type"":""SolverSerialJointSingleHair"",""p"":0.005,""p_erase"":0.005,""r"":3,""run_id"":""5101ac8ef9c97b83df4dd9d8fb12d7b219d036893929703eba32fffa9e647600""}",
      2048,        13,         0,   0.158,mwpf__06e26ae447fba2326c79329271a3e4ecf7a30ebd1c813d21b4091fdbaabaa7aa,308e9b2c9369348c51fa8ce1cfb7541c7cf4b5276d9b9abc27de84e7fcc74ee7,"{""circuit"":""surface_code:rotated_memory_x"",""cluster_node_limit"":50,""d"":3,""decoder"":""mwpf"",""decoder_type"":""SolverSerialJointSingleHair"",""p"":0.015,""p_erase"":0.015,""r"":3,""run_id"":""b44761db4df8b64c8917c437ae7fe1c452a55149c1dc7a5ca0f619d5bff0315c""}",
         3,         0,         0,   0.000,mwpf__3a2de2621d93f2d1f82bf505831648faac50961c9682adb78978518126f61ad4,269c086892560d2b2c3fb91f8240ee87c8e2f52d5b2ff0982c1e1b9fe1e015ae,"{""circuit"":""surface_code:rotated_memory_x"",""cluster_node_limit"":50,""d"":3,""decoder"":""mwpf"",""decoder_type"":""SolverSerialJointSingleHair"",""p"":0.005,""p_erase"":0.005,""r"":3,""run_id"":""5101ac8ef9c97b83df4dd9d8fb12d7b219d036893929703eba32fffa9e647600""}",
         3,         0,         0,   0.000,mwpf__3a2de2621d93f2d1f82bf505831648faac50961c9682adb78978518126f61ad4,269c086892560d2b2c3fb91f8240ee87c8e2f52d5b2ff0982c1e1b9fe1e015ae,"{""circuit"":""surface_code:rotated_memory_x"",""cluster_node_limit"":50,""d"":3,""decoder"":""mwpf"",""decoder_type"":""SolverSerialJointSingleHair"",""p"":0.005,""p_erase"":0.005,""r"":3,""run_id"":""5101ac8ef9c97b83df4dd9d8fb12d7b219d036893929703eba32fffa9e647600""}",
         1,         0,         0,   0.000,mwpf__3a2de2621d93f2d1f82bf505831648faac50961c9682adb78978518126f61ad4,269c086892560d2b2c3fb91f8240ee87c8e2f52d5b2ff0982c1e1b9fe1e015ae,"{""circuit"":""surface_code:rotated_memory_x"",""cluster_node_limit"":50,""d"":3,""decoder"":""mwpf"",""decoder_type"":""SolverSerialJointSingleHair"",""p"":0.005,""p_erase"":0.005,""r"":3,""run_id"":""5101ac8ef9c97b83df4dd9d8fb12d7b219d036893929703eba32fffa9e647600""}",
      4096,         2,         0,   0.175,mwpf__6a374b57c528f1fa3515562a1fcd08586fb590c5649146dc6a143bb06eeec077,f3e9207a47b74a52f31cee6ee65233df1dffd4d0d85fd55e88b8f5b6b8686260,"{""circuit"":""surface_code:rotated_memory_x"",""cluster_node_limit"":50,""d"":3,""decoder"":""mwpf"",""decoder_type"":""SolverSerialJointSingleHair"",""p"":0.006,""p_erase"":0.006,""r"":3,""run_id"":""dd60754122c9f7a810b0c1d8b1c92188ea52870232067546237f0fa25d610548""}",
      3072,         4,         0,   0.162,mwpf__2d43dbac6f220be8e75258fcbaa1915a92302bec253b831525bc35e7adeec1b6,64b3d9f5baf6f09488c41396f9407eb7cf2e57debde21e687e5552cba9d5418a,"{""circuit"":""surface_code:rotated_memory_x"",""cluster_node_limit"":50,""d"":3,""decoder"":""mwpf"",""decoder_type"":""SolverSerialJointSingleHair"",""p"":0.009,""p_erase"":0.009,""r"":3,""run_id"":""f3773bbf3001f7044304ac6a12d9ddb4d020a1b2b51ce7b475f4f14944f915f3""}",
      4096,         1,         0,   0.171,mwpf__1db40b12fec5f70da8e168713de74a6538a2139e5552fbb3ef79c15a6639c2db,f2e4a01c8e59722538504dfd8d6a652358dbe6fd622b4e794003a3dca85858a5,"{""circuit"":""surface_code:rotated_memory_x"",""cluster_node_limit"":50,""d"":3,""decoder"":""mwpf"",""decoder_type"":""SolverSerialJointSingleHair"",""p"":0.0065,""p_erase"":0.0065,""r"":3,""run_id"":""b8f63b3afee4afe98e7bbb30f20c4398dd3b9aec649fcfb3e47705c2a2c61b36""}",
      3072,         7,         0,   0.164,mwpf__2d43dbac6f220be8e75258fcbaa1915a92302bec253b831525bc35e7adeec1b6,64b3d9f5baf6f09488c41396f9407eb7cf2e57debde21e687e5552cba9d5418a,"{""circuit"":""surface_code:rotated_memory_x"",""cluster_node_limit"":50,""d"":3,""decoder"":""mwpf"",""decoder_type"":""SolverSerialJointSingleHair"",""p"":0.009,""p_erase"":0.009,""r"":3,""run_id"":""f3773bbf3001f7044304ac6a12d9ddb4d020a1b2b51ce7b475f4f14944f915f3""}",
      4096,         3,         0,   0.174,mwpf__6a374b57c528f1fa3515562a1fcd08586fb590c5649146dc6a143bb06eeec077,f3e9207a47b74a52f31cee6ee65233df1dffd4d0d85fd55e88b8f5b6b8686260,"{""circuit"":""surface_code:rotated_memory_x"",""cluster_node_limit"":50,""d"":3,""decoder"":""mwpf"",""decoder_type"":""SolverSerialJointSingleHair"",""p"":0.006,""p_erase"":0.006,""r"":3,""run_id"":""dd60754122c9f7a810b0c1d8b1c92188ea52870232067546237f0fa25d610548""}",
         1,         0,         0,   0.000,mwpf__3a2de2621d93f2d1f82bf505831648faac50961c9682adb78978518126f61ad4,269c086892560d2b2c3fb91f8240ee87c8e2f52d5b2ff0982c1e1b9fe1e015ae,"{""circuit"":""surface_code:rotated_memory_x"",""cluster_node_limit"":50,""d"":3,""decoder"":""mwpf"",""decoder_type"":""SolverSerialJointSingleHair"",""p"":0.005,""p_erase"":0.005,""r"":3,""run_id"":""5101ac8ef9c97b83df4dd9d8fb12d7b219d036893929703eba32fffa9e647600""}",
      1024,         0,         0,   0.041,mwpf__6a374b57c528f1fa3515562a1fcd08586fb590c5649146dc6a143bb06eeec077,f3e9207a47b74a52f31cee6ee65233df1dffd4d0d85fd55e88b8f5b6b8686260,"{""circuit"":""surface_code:rotated_memory_x"",""cluster_node_limit"":50,""d"":3,""decoder"":""mwpf"",""decoder_type"":""SolverSerialJointSingleHair"",""p"":0.006,""p_erase"":0.006,""r"":3,""run_id"":""dd60754122c9f7a810b0c1d8b1c92188ea52870232067546237f0fa25d610548""}",
      4096,         2,         0,   0.181,mwpf__1db40b12fec5f70da8e168713de74a6538a2139e5552fbb3ef79c15a6639c2db,f2e4a01c8e59722538504dfd8d6a652358dbe6fd622b4e794003a3dca85858a5,"{""circuit"":""surface_code:rotated_memory_x"",""cluster_node_limit"":50,""d"":3,""decoder"":""mwpf"",""decoder_type"":""SolverSerialJointSingleHair"",""p"":0.0065,""p_erase"":0.0065,""r"":3,""run_id"":""b8f63b3afee4afe98e7bbb30f20c4398dd3b9aec649fcfb3e47705c2a2c61b36""}",
         9,         0,         0,   0.000,mwpf__6a374b57c528f1fa3515562a1fcd08586fb590c5649146dc6a143bb06eeec077,f3e9207a47b74a52f31cee6ee65233df1dffd4d0d85fd55e88b8f5b6b8686260,"{""circuit"":""surface_code:rotated_memory_x"",""cluster_node_limit"":50,""d"":3,""decoder"":""mwpf"",""decoder_type"":""SolverSerialJointSingleHair"",""p"":0.006,""p_erase"":0.006,""r"":3,""run_id"":""dd60754122c9f7a810b0c1d8b1c92188ea52870232067546237f0fa25d610548""}",
      3072,         1,         0,   0.170,mwpf__f4eaffc7e8b345bd4ed12e044b14c9eca5eb9d6063d64430985ec7c298159463,1c0b2318b8e500ddb1032a5e330292dd6110fcabf993e79d05dcfbebeb6f8881,"{""circuit"":""surface_code:rotated_memory_x"",""cluster_node_limit"":50,""d"":3,""decoder"":""mwpf"",""decoder_type"":""SolverSerialJointSingleHair"",""p"":0.01,""p_erase"":0.01,""r"":3,""run_id"":""5b6db69d825a9e1af451573dd00a4a7082d74a5e74fde81d397d7b0bcc5645b2""}",
      1024,         0,         0,   0.043,mwpf__6a374b57c528f1fa3515562a1fcd08586fb590c5649146dc6a143bb06eeec077,f3e9207a47b74a52f31cee6ee65233df1dffd4d0d85fd55e88b8f5b6b8686260,"{""circuit"":""surface_code:rotated_memory_x"",""cluster_node_limit"":50,""d"":3,""decoder"":""mwpf"",""decoder_type"":""SolverSerialJointSingleHair"",""p"":0.006,""p_erase"":0.006,""r"":3,""run_id"":""dd60754122c9f7a810b0c1d8b1c92188ea52870232067546237f0fa25d610548""}",
      3848,         3,         0,   0.174,mwpf__71726d6ba25fe5b1097fdebf57bc9ee71a4920b66b52ccf640b9fe928e18d0f8,416965c75b19b01d4781182eaa19c998ff58123cda66a19c0d09dee75e64fffb,"{""circuit"":""surface_code:rotated_memory_x"",""cluster_node_limit"":50,""d"":3,""decoder"":""mwpf"",""decoder_type"":""SolverSerialJointSingleHair"",""p"":0.007,""p_erase"":0.007,""r"":3,""run_id"":""135e03791629607bb61bf8b9b22bc12f2324f26b65e31e82f5c3cd97d24c99c9""}",
      1033,         1,         0,   0.043,mwpf__1db40b12fec5f70da8e168713de74a6538a2139e5552fbb3ef79c15a6639c2db,f2e4a01c8e59722538504dfd8d6a652358dbe6fd622b4e794003a3dca85858a5,"{""circuit"":""surface_code:rotated_memory_x"",""cluster_node_limit"":50,""d"":3,""decoder"":""mwpf"",""decoder_type"":""SolverSerialJointSingleHair"",""p"":0.0065,""p_erase"":0.0065,""r"":3,""run_id"":""b8f63b3afee4afe98e7bbb30f20c4398dd3b9aec649fcfb3e47705c2a2c61b36""}",
      4096,         3,         0,   0.182,mwpf__1db40b12fec5f70da8e168713de74a6538a2139e5552fbb3ef79c15a6639c2db,f2e4a01c8e59722538504dfd8d6a652358dbe6fd622b4e794003a3dca85858a5,"{""circuit"":""surface_code:rotated_memory_x"",""cluster_node_limit"":50,""d"":3,""decoder"":""mwpf"",""decoder_type"":""SolverSerialJointSingleHair"",""p"":0.0065,""p_erase"":0.0065,""r"":3,""run_id"":""b8f63b3afee4afe98e7bbb30f20c4398dd3b9aec649fcfb3e47705c2a2c61b36""}",
      1024,         0,         0,   0.044,mwpf__6a374b57c528f1fa3515562a1fcd08586fb590c5649146dc6a143bb06eeec077,f3e9207a47b74a52f31cee6ee65233df1dffd4d0d85fd55e88b8f5b6b8686260,"{""circuit"":""surface_code:rotated_memory_x"",""cluster_node_limit"":50,""d"":3,""decoder"":""mwpf"",""decoder_type"":""SolverSerialJointSingleHair"",""p"":0.006,""p_erase"":0.006,""r"":3,""run_id"":""dd60754122c9f7a810b0c1d8b1c92188ea52870232067546237f0fa25d610548""}",
      3072,         7,         0,   0.173,mwpf__f4eaffc7e8b345bd4ed12e044b14c9eca5eb9d6063d64430985ec7c298159463,1c0b2318b8e500ddb1032a5e330292dd6110fcabf993e79d05dcfbebeb6f8881,"{""circuit"":""surface_code:rotated_memory_x"",""cluster_node_limit"":50,""d"":3,""decoder"":""mwpf"",""decoder_type"":""SolverSerialJointSingleHair"",""p"":0.01,""p_erase"":0.01,""r"":3,""run_id"":""5b6db69d825a9e1af451573dd00a4a7082d74a5e74fde81d397d7b0bcc5645b2""}",
         5,         0,         0,   0.000,mwpf__6a374b57c528f1fa3515562a1fcd08586fb590c5649146dc6a143bb06eeec077,f3e9207a47b74a52f31cee6ee65233df1dffd4d0d85fd55e88b8f5b6b8686260,"{""circuit"":""surface_code:rotated_memory_x"",""cluster_node_limit"":50,""d"":3,""decoder"":""mwpf"",""decoder_type"":""SolverSerialJointSingleHair"",""p"":0.006,""p_erase"":0.006,""r"":3,""run_id"":""dd60754122c9f7a810b0c1d8b1c92188ea52870232067546237f0fa25d610548""}",
         5,         0,         0,   0.000,mwpf__6a374b57c528f1fa3515562a1fcd08586fb590c5649146dc6a143bb06eeec077,f3e9207a47b74a52f31cee6ee65233df1dffd4d0d85fd55e88b8f5b6b8686260,"{""circuit"":""surface_code:rotated_memory_x"",""cluster_node_limit"":50,""d"":3,""decoder"":""mwpf"",""decoder_type"":""SolverSerialJointSingleHair"",""p"":0.006,""p_erase"":0.006,""r"":3,""run_id"":""dd60754122c9f7a810b0c1d8b1c92188ea52870232067546237f0fa25d610548""}",
      3848,         3,         0,   0.175,mwpf__71726d6ba25fe5b1097fdebf57bc9ee71a4920b66b52ccf640b9fe928e18d0f8,416965c75b19b01d4781182eaa19c998ff58123cda66a19c0d09dee75e64fffb,"{""circuit"":""surface_code:rotated_memory_x"",""cluster_node_limit"":50,""d"":3,""decoder"":""mwpf"",""decoder_type"":""SolverSerialJointSingleHair"",""p"":0.007,""p_erase"":0.007,""r"":3,""run_id"":""135e03791629607bb61bf8b9b22bc12f2324f26b65e31e82f5c3cd97d24c99c9""}",
      4096,         4,         0,   0.187,mwpf__b97013a8da0fd8f6885b17db2a42ab25b19ddfdf52e8fcbc8652f7f86a4a96cb,0fcbe56867e1865cf3743ffac95ee6934c3a42db582868c86348a2ad7290185e,"{""circuit"":""surface_code:rotated_memory_x"",""cluster_node_limit"":50,""d"":3,""decoder"":""mwpf"",""decoder_type"":""SolverSerialJointSingleHair"",""p"":0.0075,""p_erase"":0.0075,""r"":3,""run_id"":""4bc734d2ac70cf62b78df146e81bdcf5df30d786b05a2eea177a13d890e64669""}",
      3072,         1,         0,   0.173,mwpf__f4eaffc7e8b345bd4ed12e044b14c9eca5eb9d6063d64430985ec7c298159463,1c0b2318b8e500ddb1032a5e330292dd6110fcabf993e79d05dcfbebeb6f8881,"{""circuit"":""surface_code:rotated_memory_x"",""cluster_node_limit"":50,""d"":3,""decoder"":""mwpf"",""decoder_type"":""SolverSerialJointSingleHair"",""p"":0.01,""p_erase"":0.01,""r"":3,""run_id"":""5b6db69d825a9e1af451573dd00a4a7082d74a5e74fde81d397d7b0bcc5645b2""}",
         4,         0,         0,   0.000,mwpf__6a374b57c528f1fa3515562a1fcd08586fb590c5649146dc6a143bb06eeec077,f3e9207a47b74a52f31cee6ee65233df1dffd4d0d85fd55e88b8f5b6b8686260,"{""circuit"":""surface_code:rotated_memory_x"",""cluster_node_limit"":50,""d"":3,""decoder"":""mwpf"",""decoder_type"":""SolverSerialJointSingleHair"",""p"":0.006,""p_erase"":0.006,""r"":3,""run_id"":""dd60754122c9f7a810b0c1d8b1c92188ea52870232067546237f0fa25d610548""}",
         3,         0,         0,   0.000,mwpf__6a374b57c528f1fa3515562a1fcd08586fb590c5649146dc6a143bb06eeec077,f3e9207a47b74a52f31cee6ee65233df1dffd4d0d85fd55e88b8f5b6b8686260,"{""circuit"":""surface_code:rotated_memory_x"",""cluster_node_limit"":50,""d"":3,""decoder"":""mwpf"",""decoder_type"":""SolverSerialJointSingleHair"",""p"":0.006,""p_erase"":0.006,""r"":3,""run_id"":""dd60754122c9f7a810b0c1d8b1c92188ea52870232067546237f0fa25d610548""}",
      3848,         2,         0,   0.184,mwpf__71726d6ba25fe5b1097fdebf57bc9ee71a4920b66b52ccf640b9fe928e18d0f8,416965c75b19b01d4781182eaa19c998ff58123cda66a19c0d09dee75e64fffb,"{""circuit"":""surface_code:rotated_memory_x"",""cluster_node_limit"":50,""d"":3,""decoder"":""mwpf"",""decoder_type"":""SolverSerialJointSingleHair"",""p"":0.007,""p_erase"":0.007,""r"":3,""run_id"":""135e03791629607bb61bf8b9b22bc12f2324f26b65e31e82f5c3cd97d24c99c9""}",
         1,         0,         0,   0.000,mwpf__6a374b57c528f1fa3515562a1fcd08586fb590c5649146dc6a143bb06eeec077,f3e9207a47b74a52f31cee6ee65233df1dffd4d0d85fd55e88b8f5b6b8686260,"{""circuit"":""surface_code:rotated_memory_x"",""cluster_node_limit"":50,""d"":3,""decoder"":""mwpf"",""decoder_type"":""SolverSerialJointSingleHair"",""p"":0.006,""p_erase"":0.006,""r"":3,""run_id"":""dd60754122c9f7a810b0c1d8b1c92188ea52870232067546237f0fa25d610548""}",
      3072,         1,         0,   0.150,mwpf__b97013a8da0fd8f6885b17db2a42ab25b19ddfdf52e8fcbc8652f7f86a4a96cb,0fcbe56867e1865cf3743ffac95ee6934c3a42db582868c86348a2ad7290185e,"{""circuit"":""surface_code:rotated_memory_x"",""cluster_node_limit"":50,""d"":3,""decoder"":""mwpf"",""decoder_type"":""SolverSerialJointSingleHair"",""p"":0.0075,""p_erase"":0.0075,""r"":3,""run_id"":""4bc734d2ac70cf62b78df146e81bdcf5df30d786b05a2eea177a13d890e64669""}",
      3072,         1,         0,   0.149,mwpf__cdbabe99b4f243243aad339bb11c8a90131812a9c01e0de682a2aca46d6d55ff,ddc6d0a0729b2070c0dbbc972d7b9e687957f33bd2fd578d2477245fef7735ad,"{""circuit"":""surface_code:rotated_memory_x"",""cluster_node_limit"":50,""d"":3,""decoder"":""mwpf"",""decoder_type"":""SolverSerialJointSingleHair"",""p"":0.008,""p_erase"":0.008,""r"":3,""run_id"":""842b8d9622dd95e081373b13334f0c4c970c25ea256e90e9985b8d1bb6968aef""}",
         1,         0,         0,   0.000,mwpf__6a374b57c528f1fa3515562a1fcd08586fb590c5649146dc6a143bb06eeec077,f3e9207a47b74a52f31cee6ee65233df1dffd4d0d85fd55e88b8f5b6b8686260,"{""circuit"":""surface_code:rotated_memory_x"",""cluster_node_limit"":50,""d"":3,""decoder"":""mwpf"",""decoder_type"":""SolverSerialJointSingleHair"",""p"":0.006,""p_erase"":0.006,""r"":3,""run_id"":""dd60754122c9f7a810b0c1d8b1c92188ea52870232067546237f0fa25d610548""}",
      1024,         1,         0,   0.043,mwpf__1db40b12fec5f70da8e168713de74a6538a2139e5552fbb3ef79c15a6639c2db,f2e4a01c8e59722538504dfd8d6a652358dbe6fd622b4e794003a3dca85858a5,"{""circuit"":""surface_code:rotated_memory_x"",""cluster_node_limit"":50,""d"":3,""decoder"":""mwpf"",""decoder_type"":""SolverSerialJointSingleHair"",""p"":0.0065,""p_erase"":0.0065,""r"":3,""run_id"":""b8f63b3afee4afe98e7bbb30f20c4398dd3b9aec649fcfb3e47705c2a2c61b36""}",
      3072,         2,         0,   0.153,mwpf__cdbabe99b4f243243aad339bb11c8a90131812a9c01e0de682a2aca46d6d55ff,ddc6d0a0729b2070c0dbbc972d7b9e687957f33bd2fd578d2477245fef7735ad,"{""circuit"":""surface_code:rotated_memory_x"",""cluster_node_limit"":50,""d"":3,""decoder"":""mwpf"",""decoder_type"":""SolverSerialJointSingleHair"",""p"":0.008,""p_erase"":0.008,""r"":3,""run_id"":""842b8d9622dd95e081373b13334f0c4c970c25ea256e90e9985b8d1bb6968aef""}",
       517,         0,         0,   0.022,mwpf__1db40b12fec5f70da8e168713de74a6538a2139e5552fbb3ef79c15a6639c2db,f2e4a01c8e59722538504dfd8d6a652358dbe6fd622b4e794003a3dca85858a5,"{""circuit"":""surface_code:rotated_memory_x"",""cluster_node_limit"":50,""d"":3,""decoder"":""mwpf"",""decoder_type"":""SolverSerialJointSingleHair"",""p"":0.0065,""p_erase"":0.0065,""r"":3,""run_id"":""b8f63b3afee4afe98e7bbb30f20c4398dd3b9aec649fcfb3e47705c2a2c61b36""}",
       517,         0,         0,   0.024,mwpf__1db40b12fec5f70da8e168713de74a6538a2139e5552fbb3ef79c15a6639c2db,f2e4a01c8e59722538504dfd8d6a652358dbe6fd622b4e794003a3dca85858a5,"{""circuit"":""surface_code:rotated_memory_x"",""cluster_node_limit"":50,""d"":3,""decoder"":""mwpf"",""decoder_type"":""SolverSerialJointSingleHair"",""p"":0.0065,""p_erase"":0.0065,""r"":3,""run_id"":""b8f63b3afee4afe98e7bbb30f20c4398dd3b9aec649fcfb3e47705c2a2c61b36""}",
         3,         0,         0,   0.000,mwpf__1db40b12fec5f70da8e168713de74a6538a2139e5552fbb3ef79c15a6639c2db,f2e4a01c8e59722538504dfd8d6a652358dbe6fd622b4e794003a3dca85858a5,"{""circuit"":""surface_code:rotated_memory_x"",""cluster_node_limit"":50,""d"":3,""decoder"":""mwpf"",""decoder_type"":""SolverSerialJointSingleHair"",""p"":0.0065,""p_erase"":0.0065,""r"":3,""run_id"":""b8f63b3afee4afe98e7bbb30f20c4398dd3b9aec649fcfb3e47705c2a2c61b36""}",
         2,         0,         0,   0.000,mwpf__1db40b12fec5f70da8e168713de74a6538a2139e5552fbb3ef79c15a6639c2db,f2e4a01c8e59722538504dfd8d6a652358dbe6fd622b4e794003a3dca85858a5,"{""circuit"":""surface_code:rotated_memory_x"",""cluster_node_limit"":50,""d"":3,""decoder"":""mwpf"",""decoder_type"":""SolverSerialJointSingleHair"",""p"":0.0065,""p_erase"":0.0065,""r"":3,""run_id"":""b8f63b3afee4afe98e7bbb30f20c4398dd3b9aec649fcfb3e47705c2a2c61b36""}",
      4096,         3,         0,   0.194,mwpf__b97013a8da0fd8f6885b17db2a42ab25b19ddfdf52e8fcbc8652f7f86a4a96cb,0fcbe56867e1865cf3743ffac95ee6934c3a42db582868c86348a2ad7290185e,"{""circuit"":""surface_code:rotated_memory_x"",""cluster_node_limit"":50,""d"":3,""decoder"":""mwpf"",""decoder_type"":""SolverSerialJointSingleHair"",""p"":0.0075,""p_erase"":0.0075,""r"":3,""run_id"":""4bc734d2ac70cf62b78df146e81bdcf5df30d786b05a2eea177a13d890e64669""}",
      3072,         1,         0,   0.156,mwpf__cdbabe99b4f243243aad339bb11c8a90131812a9c01e0de682a2aca46d6d55ff,ddc6d0a0729b2070c0dbbc972d7b9e687957f33bd2fd578d2477245fef7735ad,"{""circuit"":""surface_code:rotated_memory_x"",""cluster_node_limit"":50,""d"":3,""decoder"":""mwpf"",""decoder_type"":""SolverSerialJointSingleHair"",""p"":0.008,""p_erase"":0.008,""r"":3,""run_id"":""842b8d9622dd95e081373b13334f0c4c970c25ea256e90e9985b8d1bb6968aef""}",
         2,         0,         0,   0.000,mwpf__1db40b12fec5f70da8e168713de74a6538a2139e5552fbb3ef79c15a6639c2db,f2e4a01c8e59722538504dfd8d6a652358dbe6fd622b4e794003a3dca85858a5,"{""circuit"":""surface_code:rotated_memory_x"",""cluster_node_limit"":50,""d"":3,""decoder"":""mwpf"",""decoder_type"":""SolverSerialJointSingleHair"",""p"":0.0065,""p_erase"":0.0065,""r"":3,""run_id"":""b8f63b3afee4afe98e7bbb30f20c4398dd3b9aec649fcfb3e47705c2a2c61b36""}",
         1,         0,         0,   0.000,mwpf__1db40b12fec5f70da8e168713de74a6538a2139e5552fbb3ef79c15a6639c2db,f2e4a01c8e59722538504dfd8d6a652358dbe6fd622b4e794003a3dca85858a5,"{""circuit"":""surface_code:rotated_memory_x"",""cluster_node_limit"":50,""d"":3,""decoder"":""mwpf"",""decoder_type"":""SolverSerialJointSingleHair"",""p"":0.0065,""p_erase"":0.0065,""r"":3,""run_id"":""b8f63b3afee4afe98e7bbb30f20c4398dd3b9aec649fcfb3e47705c2a2c61b36""}",
         1,         0,         0,   0.000,mwpf__1db40b12fec5f70da8e168713de74a6538a2139e5552fbb3ef79c15a6639c2db,f2e4a01c8e59722538504dfd8d6a652358dbe6fd622b4e794003a3dca85858a5,"{""circuit"":""surface_code:rotated_memory_x"",""cluster_node_limit"":50,""d"":3,""decoder"":""mwpf"",""decoder_type"":""SolverSerialJointSingleHair"",""p"":0.0065,""p_erase"":0.0065,""r"":3,""run_id"":""b8f63b3afee4afe98e7bbb30f20c4398dd3b9aec649fcfb3e47705c2a2c61b36""}",
      1034,         3,         0,   0.046,mwpf__b97013a8da0fd8f6885b17db2a42ab25b19ddfdf52e8fcbc8652f7f86a4a96cb,0fcbe56867e1865cf3743ffac95ee6934c3a42db582868c86348a2ad7290185e,"{""circuit"":""surface_code:rotated_memory_x"",""cluster_node_limit"":50,""d"":3,""decoder"":""mwpf"",""decoder_type"":""SolverSerialJointSingleHair"",""p"":0.0075,""p_erase"":0.0075,""r"":3,""run_id"":""4bc734d2ac70cf62b78df146e81bdcf5df30d786b05a2eea177a13d890e64669""}",
      1031,         2,         0,   0.050,mwpf__b97013a8da0fd8f6885b17db2a42ab25b19ddfdf52e8fcbc8652f7f86a4a96cb,0fcbe56867e1865cf3743ffac95ee6934c3a42db582868c86348a2ad7290185e,"{""circuit"":""surface_code:rotated_memory_x"",""cluster_node_limit"":50,""d"":3,""decoder"":""mwpf"",""decoder_type"":""SolverSerialJointSingleHair"",""p"":0.0075,""p_erase"":0.0075,""r"":3,""run_id"":""4bc734d2ac70cf62b78df146e81bdcf5df30d786b05a2eea177a13d890e64669""}",
      3072,         3,         0,   0.165,mwpf__2d43dbac6f220be8e75258fcbaa1915a92302bec253b831525bc35e7adeec1b6,64b3d9f5baf6f09488c41396f9407eb7cf2e57debde21e687e5552cba9d5418a,"{""circuit"":""surface_code:rotated_memory_x"",""cluster_node_limit"":50,""d"":3,""decoder"":""mwpf"",""decoder_type"":""SolverSerialJointSingleHair"",""p"":0.009,""p_erase"":0.009,""r"":3,""run_id"":""f3773bbf3001f7044304ac6a12d9ddb4d020a1b2b51ce7b475f4f14944f915f3""}",
      1031,         1,         0,   0.049,mwpf__b97013a8da0fd8f6885b17db2a42ab25b19ddfdf52e8fcbc8652f7f86a4a96cb,0fcbe56867e1865cf3743ffac95ee6934c3a42db582868c86348a2ad7290185e,"{""circuit"":""surface_code:rotated_memory_x"",""cluster_node_limit"":50,""d"":3,""decoder"":""mwpf"",""decoder_type"":""SolverSerialJointSingleHair"",""p"":0.0075,""p_erase"":0.0075,""r"":3,""run_id"":""4bc734d2ac70cf62b78df146e81bdcf5df30d786b05a2eea177a13d890e64669""}",
      2048,        14,         0,   0.157,mwpf__06e26ae447fba2326c79329271a3e4ecf7a30ebd1c813d21b4091fdbaabaa7aa,308e9b2c9369348c51fa8ce1cfb7541c7cf4b5276d9b9abc27de84e7fcc74ee7,"{""circuit"":""surface_code:rotated_memory_x"",""cluster_node_limit"":50,""d"":3,""decoder"":""mwpf"",""decoder_type"":""SolverSerialJointSingleHair"",""p"":0.015,""p_erase"":0.015,""r"":3,""run_id"":""b44761db4df8b64c8917c437ae7fe1c452a55149c1dc7a5ca0f619d5bff0315c""}",
       340,         0,         0,   0.018,mwpf__b97013a8da0fd8f6885b17db2a42ab25b19ddfdf52e8fcbc8652f7f86a4a96cb,0fcbe56867e1865cf3743ffac95ee6934c3a42db582868c86348a2ad7290185e,"{""circuit"":""surface_code:rotated_memory_x"",""cluster_node_limit"":50,""d"":3,""decoder"":""mwpf"",""decoder_type"":""SolverSerialJointSingleHair"",""p"":0.0075,""p_erase"":0.0075,""r"":3,""run_id"":""4bc734d2ac70cf62b78df146e81bdcf5df30d786b05a2eea177a13d890e64669""}",
         2,         0,         0,   0.000,mwpf__b97013a8da0fd8f6885b17db2a42ab25b19ddfdf52e8fcbc8652f7f86a4a96cb,0fcbe56867e1865cf3743ffac95ee6934c3a42db582868c86348a2ad7290185e,"{""circuit"":""surface_code:rotated_memory_x"",""cluster_node_limit"":50,""d"":3,""decoder"":""mwpf"",""decoder_type"":""SolverSerialJointSingleHair"",""p"":0.0075,""p_erase"":0.0075,""r"":3,""run_id"":""4bc734d2ac70cf62b78df146e81bdcf5df30d786b05a2eea177a13d890e64669""}",
      2048,        22,         0,   0.161,mwpf__06e26ae447fba2326c79329271a3e4ecf7a30ebd1c813d21b4091fdbaabaa7aa,308e9b2c9369348c51fa8ce1cfb7541c7cf4b5276d9b9abc27de84e7fcc74ee7,"{""circuit"":""surface_code:rotated_memory_x"",""cluster_node_limit"":50,""d"":3,""decoder"":""mwpf"",""decoder_type"":""SolverSerialJointSingleHair"",""p"":0.015,""p_erase"":0.015,""r"":3,""run_id"":""b44761db4df8b64c8917c437ae7fe1c452a55149c1dc7a5ca0f619d5bff0315c""}",
       687,         2,         0,   0.030,mwpf__b97013a8da0fd8f6885b17db2a42ab25b19ddfdf52e8fcbc8652f7f86a4a96cb,0fcbe56867e1865cf3743ffac95ee6934c3a42db582868c86348a2ad7290185e,"{""circuit"":""surface_code:rotated_memory_x"",""cluster_node_limit"":50,""d"":3,""decoder"":""mwpf"",""decoder_type"":""SolverSerialJointSingleHair"",""p"":0.0075,""p_erase"":0.0075,""r"":3,""run_id"":""4bc734d2ac70cf62b78df146e81bdcf5df30d786b05a2eea177a13d890e64669""}",
      3080,         1,         0,   0.165,mwpf__2d43dbac6f220be8e75258fcbaa1915a92302bec253b831525bc35e7adeec1b6,64b3d9f5baf6f09488c41396f9407eb7cf2e57debde21e687e5552cba9d5418a,"{""circuit"":""surface_code:rotated_memory_x"",""cluster_node_limit"":50,""d"":3,""decoder"":""mwpf"",""decoder_type"":""SolverSerialJointSingleHair"",""p"":0.009,""p_erase"":0.009,""r"":3,""run_id"":""f3773bbf3001f7044304ac6a12d9ddb4d020a1b2b51ce7b475f4f14944f915f3""}",
      3080,         5,         0,   0.165,mwpf__2d43dbac6f220be8e75258fcbaa1915a92302bec253b831525bc35e7adeec1b6,64b3d9f5baf6f09488c41396f9407eb7cf2e57debde21e687e5552cba9d5418a,"{""circuit"":""surface_code:rotated_memory_x"",""cluster_node_limit"":50,""d"":3,""decoder"":""mwpf"",""decoder_type"":""SolverSerialJointSingleHair"",""p"":0.009,""p_erase"":0.009,""r"":3,""run_id"":""f3773bbf3001f7044304ac6a12d9ddb4d020a1b2b51ce7b475f4f14944f915f3""}",
      2048,         2,         0,   0.103,mwpf__cdbabe99b4f243243aad339bb11c8a90131812a9c01e0de682a2aca46d6d55ff,ddc6d0a0729b2070c0dbbc972d7b9e687957f33bd2fd578d2477245fef7735ad,"{""circuit"":""surface_code:rotated_memory_x"",""cluster_node_limit"":50,""d"":3,""decoder"":""mwpf"",""decoder_type"":""SolverSerialJointSingleHair"",""p"":0.008,""p_erase"":0.008,""r"":3,""run_id"":""842b8d9622dd95e081373b13334f0c4c970c25ea256e90e9985b8d1bb6968aef""}",
      2048,         1,         0,   0.103,mwpf__cdbabe99b4f243243aad339bb11c8a90131812a9c01e0de682a2aca46d6d55ff,ddc6d0a0729b2070c0dbbc972d7b9e687957f33bd2fd578d2477245fef7735ad,"{""circuit"":""surface_code:rotated_memory_x"",""cluster_node_limit"":50,""d"":3,""decoder"":""mwpf"",""decoder_type"":""SolverSerialJointSingleHair"",""p"":0.008,""p_erase"":0.008,""r"":3,""run_id"":""842b8d9622dd95e081373b13334f0c4c970c25ea256e90e9985b8d1bb6968aef""}",
        10,         0,         0,   0.001,mwpf__cdbabe99b4f243243aad339bb11c8a90131812a9c01e0de682a2aca46d6d55ff,ddc6d0a0729b2070c0dbbc972d7b9e687957f33bd2fd578d2477245fef7735ad,"{""circuit"":""surface_code:rotated_memory_x"",""cluster_node_limit"":50,""d"":3,""decoder"":""mwpf"",""decoder_type"":""SolverSerialJointSingleHair"",""p"":0.008,""p_erase"":0.008,""r"":3,""run_id"":""842b8d9622dd95e081373b13334f0c4c970c25ea256e90e9985b8d1bb6968aef""}",
        10,         0,         0,   0.001,mwpf__cdbabe99b4f243243aad339bb11c8a90131812a9c01e0de682a2aca46d6d55ff,ddc6d0a0729b2070c0dbbc972d7b9e687957f33bd2fd578d2477245fef7735ad,"{""circuit"":""surface_code:rotated_memory_x"",""cluster_node_limit"":50,""d"":3,""decoder"":""mwpf"",""decoder_type"":""SolverSerialJointSingleHair"",""p"":0.008,""p_erase"":0.008,""r"":3,""run_id"":""842b8d9622dd95e081373b13334f0c4c970c25ea256e90e9985b8d1bb6968aef""}",
      2048,         2,         0,   0.104,mwpf__cdbabe99b4f243243aad339bb11c8a90131812a9c01e0de682a2aca46d6d55ff,ddc6d0a0729b2070c0dbbc972d7b9e687957f33bd2fd578d2477245fef7735ad,"{""circuit"":""surface_code:rotated_memory_x"",""cluster_node_limit"":50,""d"":3,""decoder"":""mwpf"",""decoder_type"":""SolverSerialJointSingleHair"",""p"":0.008,""p_erase"":0.008,""r"":3,""run_id"":""842b8d9622dd95e081373b13334f0c4c970c25ea256e90e9985b8d1bb6968aef""}",
         3,         0,         0,   0.000,mwpf__cdbabe99b4f243243aad339bb11c8a90131812a9c01e0de682a2aca46d6d55ff,ddc6d0a0729b2070c0dbbc972d7b9e687957f33bd2fd578d2477245fef7735ad,"{""circuit"":""surface_code:rotated_memory_x"",""cluster_node_limit"":50,""d"":3,""decoder"":""mwpf"",""decoder_type"":""SolverSerialJointSingleHair"",""p"":0.008,""p_erase"":0.008,""r"":3,""run_id"":""842b8d9622dd95e081373b13334f0c4c970c25ea256e90e9985b8d1bb6968aef""}",
         2,         0,         0,   0.000,mwpf__cdbabe99b4f243243aad339bb11c8a90131812a9c01e0de682a2aca46d6d55ff,ddc6d0a0729b2070c0dbbc972d7b9e687957f33bd2fd578d2477245fef7735ad,"{""circuit"":""surface_code:rotated_memory_x"",""cluster_node_limit"":50,""d"":3,""decoder"":""mwpf"",""decoder_type"":""SolverSerialJointSingleHair"",""p"":0.008,""p_erase"":0.008,""r"":3,""run_id"":""842b8d9622dd95e081373b13334f0c4c970c25ea256e90e9985b8d1bb6968aef""}",
         2,         0,         0,   0.000,mwpf__cdbabe99b4f243243aad339bb11c8a90131812a9c01e0de682a2aca46d6d55ff,ddc6d0a0729b2070c0dbbc972d7b9e687957f33bd2fd578d2477245fef7735ad,"{""circuit"":""surface_code:rotated_memory_x"",""cluster_node_limit"":50,""d"":3,""decoder"":""mwpf"",""decoder_type"":""SolverSerialJointSingleHair"",""p"":0.008,""p_erase"":0.008,""r"":3,""run_id"":""842b8d9622dd95e081373b13334f0c4c970c25ea256e90e9985b8d1bb6968aef""}",
      3080,         9,         0,   0.171,mwpf__f4eaffc7e8b345bd4ed12e044b14c9eca5eb9d6063d64430985ec7c298159463,1c0b2318b8e500ddb1032a5e330292dd6110fcabf993e79d05dcfbebeb6f8881,"{""circuit"":""surface_code:rotated_memory_x"",""cluster_node_limit"":50,""d"":3,""decoder"":""mwpf"",""decoder_type"":""SolverSerialJointSingleHair"",""p"":0.01,""p_erase"":0.01,""r"":3,""run_id"":""5b6db69d825a9e1af451573dd00a4a7082d74a5e74fde81d397d7b0bcc5645b2""}",
         1,         0,         0,   0.000,mwpf__cdbabe99b4f243243aad339bb11c8a90131812a9c01e0de682a2aca46d6d55ff,ddc6d0a0729b2070c0dbbc972d7b9e687957f33bd2fd578d2477245fef7735ad,"{""circuit"":""surface_code:rotated_memory_x"",""cluster_node_limit"":50,""d"":3,""decoder"":""mwpf"",""decoder_type"":""SolverSerialJointSingleHair"",""p"":0.008,""p_erase"":0.008,""r"":3,""run_id"":""842b8d9622dd95e081373b13334f0c4c970c25ea256e90e9985b8d1bb6968aef""}",
         1,         0,         0,   0.000,mwpf__cdbabe99b4f243243aad339bb11c8a90131812a9c01e0de682a2aca46d6d55ff,ddc6d0a0729b2070c0dbbc972d7b9e687957f33bd2fd578d2477245fef7735ad,"{""circuit"":""surface_code:rotated_memory_x"",""cluster_node_limit"":50,""d"":3,""decoder"":""mwpf"",""decoder_type"":""SolverSerialJointSingleHair"",""p"":0.008,""p_erase"":0.008,""r"":3,""run_id"":""842b8d9622dd95e081373b13334f0c4c970c25ea256e90e9985b8d1bb6968aef""}",
      3072,         7,         0,   0.172,mwpf__f4eaffc7e8b345bd4ed12e044b14c9eca5eb9d6063d64430985ec7c298159463,1c0b2318b8e500ddb1032a5e330292dd6110fcabf993e79d05dcfbebeb6f8881,"{""circuit"":""surface_code:rotated_memory_x"",""cluster_node_limit"":50,""d"":3,""decoder"":""mwpf"",""decoder_type"":""SolverSerialJointSingleHair"",""p"":0.01,""p_erase"":0.01,""r"":3,""run_id"":""5b6db69d825a9e1af451573dd00a4a7082d74a5e74fde81d397d7b0bcc5645b2""}",
      1026,         0,         0,   0.052,mwpf__2d43dbac6f220be8e75258fcbaa1915a92302bec253b831525bc35e7adeec1b6,64b3d9f5baf6f09488c41396f9407eb7cf2e57debde21e687e5552cba9d5418a,"{""circuit"":""surface_code:rotated_memory_x"",""cluster_node_limit"":50,""d"":3,""decoder"":""mwpf"",""decoder_type"":""SolverSerialJointSingleHair"",""p"":0.009,""p_erase"":0.009,""r"":3,""run_id"":""f3773bbf3001f7044304ac6a12d9ddb4d020a1b2b51ce7b475f4f14944f915f3""}",
      2048,         0,         0,   0.112,mwpf__2d43dbac6f220be8e75258fcbaa1915a92302bec253b831525bc35e7adeec1b6,64b3d9f5baf6f09488c41396f9407eb7cf2e57debde21e687e5552cba9d5418a,"{""circuit"":""surface_code:rotated_memory_x"",""cluster_node_limit"":50,""d"":3,""decoder"":""mwpf"",""decoder_type"":""SolverSerialJointSingleHair"",""p"":0.009,""p_erase"":0.009,""r"":3,""run_id"":""f3773bbf3001f7044304ac6a12d9ddb4d020a1b2b51ce7b475f4f14944f915f3""}",
      1024,         2,         0,   0.054,mwpf__2d43dbac6f220be8e75258fcbaa1915a92302bec253b831525bc35e7adeec1b6,64b3d9f5baf6f09488c41396f9407eb7cf2e57debde21e687e5552cba9d5418a,"{""circuit"":""surface_code:rotated_memory_x"",""cluster_node_limit"":50,""d"":3,""decoder"":""mwpf"",""decoder_type"":""SolverSerialJointSingleHair"",""p"":0.009,""p_erase"":0.009,""r"":3,""run_id"":""f3773bbf3001f7044304ac6a12d9ddb4d020a1b2b51ce7b475f4f14944f915f3""}",
         8,         0,         0,   0.001,mwpf__f4eaffc7e8b345bd4ed12e044b14c9eca5eb9d6063d64430985ec7c298159463,1c0b2318b8e500ddb1032a5e330292dd6110fcabf993e79d05dcfbebeb6f8881,"{""circuit"":""surface_code:rotated_memory_x"",""cluster_node_limit"":50,""d"":3,""decoder"":""mwpf"",""decoder_type"":""SolverSerialJointSingleHair"",""p"":0.01,""p_erase"":0.01,""r"":3,""run_id"":""5b6db69d825a9e1af451573dd00a4a7082d74a5e74fde81d397d7b0bcc5645b2""}",
      3072,         9,         0,   0.179,mwpf__f4eaffc7e8b345bd4ed12e044b14c9eca5eb9d6063d64430985ec7c298159463,1c0b2318b8e500ddb1032a5e330292dd6110fcabf993e79d05dcfbebeb6f8881,"{""circuit"":""surface_code:rotated_memory_x"",""cluster_node_limit"":50,""d"":3,""decoder"":""mwpf"",""decoder_type"":""SolverSerialJointSingleHair"",""p"":0.01,""p_erase"":0.01,""r"":3,""run_id"":""5b6db69d825a9e1af451573dd00a4a7082d74a5e74fde81d397d7b0bcc5645b2""}",
         2,         0,         0,   0.000,mwpf__2d43dbac6f220be8e75258fcbaa1915a92302bec253b831525bc35e7adeec1b6,64b3d9f5baf6f09488c41396f9407eb7cf2e57debde21e687e5552cba9d5418a,"{""circuit"":""surface_code:rotated_memory_x"",""cluster_node_limit"":50,""d"":3,""decoder"":""mwpf"",""decoder_type"":""SolverSerialJointSingleHair"",""p"":0.009,""p_erase"":0.009,""r"":3,""run_id"":""f3773bbf3001f7044304ac6a12d9ddb4d020a1b2b51ce7b475f4f14944f915f3""}",
         8,         0,         0,   0.001,mwpf__f4eaffc7e8b345bd4ed12e044b14c9eca5eb9d6063d64430985ec7c298159463,1c0b2318b8e500ddb1032a5e330292dd6110fcabf993e79d05dcfbebeb6f8881,"{""circuit"":""surface_code:rotated_memory_x"",""cluster_node_limit"":50,""d"":3,""decoder"":""mwpf"",""decoder_type"":""SolverSerialJointSingleHair"",""p"":0.01,""p_erase"":0.01,""r"":3,""run_id"":""5b6db69d825a9e1af451573dd00a4a7082d74a5e74fde81d397d7b0bcc5645b2""}",
       261,         0,         0,   0.013,mwpf__2d43dbac6f220be8e75258fcbaa1915a92302bec253b831525bc35e7adeec1b6,64b3d9f5baf6f09488c41396f9407eb7cf2e57debde21e687e5552cba9d5418a,"{""circuit"":""surface_code:rotated_memory_x"",""cluster_node_limit"":50,""d"":3,""decoder"":""mwpf"",""decoder_type"":""SolverSerialJointSingleHair"",""p"":0.009,""p_erase"":0.009,""r"":3,""run_id"":""f3773bbf3001f7044304ac6a12d9ddb4d020a1b2b51ce7b475f4f14944f915f3""}",
       771,         3,         0,   0.041,mwpf__2d43dbac6f220be8e75258fcbaa1915a92302bec253b831525bc35e7adeec1b6,64b3d9f5baf6f09488c41396f9407eb7cf2e57debde21e687e5552cba9d5418a,"{""circuit"":""surface_code:rotated_memory_x"",""cluster_node_limit"":50,""d"":3,""decoder"":""mwpf"",""decoder_type"":""SolverSerialJointSingleHair"",""p"":0.009,""p_erase"":0.009,""r"":3,""run_id"":""f3773bbf3001f7044304ac6a12d9ddb4d020a1b2b51ce7b475f4f14944f915f3""}",
      3072,        23,         0,   0.236,mwpf__06e26ae447fba2326c79329271a3e4ecf7a30ebd1c813d21b4091fdbaabaa7aa,308e9b2c9369348c51fa8ce1cfb7541c7cf4b5276d9b9abc27de84e7fcc74ee7,"{""circuit"":""surface_code:rotated_memory_x"",""cluster_node_limit"":50,""d"":3,""decoder"":""mwpf"",""decoder_type"":""SolverSerialJointSingleHair"",""p"":0.015,""p_erase"":0.015,""r"":3,""run_id"":""b44761db4df8b64c8917c437ae7fe1c452a55149c1dc7a5ca0f619d5bff0315c""}",
      3072,        22,         0,   0.237,mwpf__06e26ae447fba2326c79329271a3e4ecf7a30ebd1c813d21b4091fdbaabaa7aa,308e9b2c9369348c51fa8ce1cfb7541c7cf4b5276d9b9abc27de84e7fcc74ee7,"{""circuit"":""surface_code:rotated_memory_x"",""cluster_node_limit"":50,""d"":3,""decoder"":""mwpf"",""decoder_type"":""SolverSerialJointSingleHair"",""p"":0.015,""p_erase"":0.015,""r"":3,""run_id"":""b44761db4df8b64c8917c437ae7fe1c452a55149c1dc7a5ca0f619d5bff0315c""}",
      2124,        13,         0,   0.158,mwpf__06e26ae447fba2326c79329271a3e4ecf7a30ebd1c813d21b4091fdbaabaa7aa,308e9b2c9369348c51fa8ce1cfb7541c7cf4b5276d9b9abc27de84e7fcc74ee7,"{""circuit"":""surface_code:rotated_memory_x"",""cluster_node_limit"":50,""d"":3,""decoder"":""mwpf"",""decoder_type"":""SolverSerialJointSingleHair"",""p"":0.015,""p_erase"":0.015,""r"":3,""run_id"":""b44761db4df8b64c8917c437ae7fe1c452a55149c1dc7a5ca0f619d5bff0315c""}",
      2124,        19,         0,   0.163,mwpf__06e26ae447fba2326c79329271a3e4ecf7a30ebd1c813d21b4091fdbaabaa7aa,308e9b2c9369348c51fa8ce1cfb7541c7cf4b5276d9b9abc27de84e7fcc74ee7,"{""circuit"":""surface_code:rotated_memory_x"",""cluster_node_limit"":50,""d"":3,""decoder"":""mwpf"",""decoder_type"":""SolverSerialJointSingleHair"",""p"":0.015,""p_erase"":0.015,""r"":3,""run_id"":""b44761db4df8b64c8917c437ae7fe1c452a55149c1dc7a5ca0f619d5bff0315c""}",
       206,         0,         0,   0.008,mwpf__bbbb95ae8dfd216392d93d271ab853220d7a01380e740dc79365759e9487ffb2,d994fe02c85cb3c768399acfffda9f01e9344d65a7427484376e8d07bf72dce7,"{""circuit"":""surface_code:rotated_memory_x"",""cluster_node_limit"":50,""d"":3,""decoder"":""mwpf"",""decoder_type"":""SolverSerialJointSingleHair"",""p"":0.004,""p_erase"":0.004,""r"":3,""run_id"":""90efa888ab0be85c6dc82d20d594fb219f455db906f7e8f7ad923a214270e30c""}",
       206,         0,         0,   0.007,mwpf__bbbb95ae8dfd216392d93d271ab853220d7a01380e740dc79365759e9487ffb2,d994fe02c85cb3c768399acfffda9f01e9344d65a7427484376e8d07bf72dce7,"{""circuit"":""surface_code:rotated_memory_x"",""cluster_node_limit"":50,""d"":3,""decoder"":""mwpf"",""decoder_type"":""SolverSerialJointSingleHair"",""p"":0.004,""p_erase"":0.004,""r"":3,""run_id"":""90efa888ab0be85c6dc82d20d594fb219f455db906f7e8f7ad923a214270e30c""}",
       206,         0,         0,   0.007,mwpf__bbbb95ae8dfd216392d93d271ab853220d7a01380e740dc79365759e9487ffb2,d994fe02c85cb3c768399acfffda9f01e9344d65a7427484376e8d07bf72dce7,"{""circuit"":""surface_code:rotated_memory_x"",""cluster_node_limit"":50,""d"":3,""decoder"":""mwpf"",""decoder_type"":""SolverSerialJointSingleHair"",""p"":0.004,""p_erase"":0.004,""r"":3,""run_id"":""90efa888ab0be85c6dc82d20d594fb219f455db906f7e8f7ad923a214270e30c""}",
        38,         0,         0,   0.001,mwpf__bbbb95ae8dfd216392d93d271ab853220d7a01380e740dc79365759e9487ffb2,d994fe02c85cb3c768399acfffda9f01e9344d65a7427484376e8d07bf72dce7,"{""circuit"":""surface_code:rotated_memory_x"",""cluster_node_limit"":50,""d"":3,""decoder"":""mwpf"",""decoder_type"":""SolverSerialJointSingleHair"",""p"":0.004,""p_erase"":0.004,""r"":3,""run_id"":""90efa888ab0be85c6dc82d20d594fb219f455db906f7e8f7ad923a214270e30c""}",
       273,         0,         0,   0.019,mwpf__06e26ae447fba2326c79329271a3e4ecf7a30ebd1c813d21b4091fdbaabaa7aa,308e9b2c9369348c51fa8ce1cfb7541c7cf4b5276d9b9abc27de84e7fcc74ee7,"{""circuit"":""surface_code:rotated_memory_x"",""cluster_node_limit"":50,""d"":3,""decoder"":""mwpf"",""decoder_type"":""SolverSerialJointSingleHair"",""p"":0.015,""p_erase"":0.015,""r"":3,""run_id"":""b44761db4df8b64c8917c437ae7fe1c452a55149c1dc7a5ca0f619d5bff0315c""}",
       164,         0,         0,   0.012,mwpf__bbbb95ae8dfd216392d93d271ab853220d7a01380e740dc79365759e9487ffb2,d994fe02c85cb3c768399acfffda9f01e9344d65a7427484376e8d07bf72dce7,"{""circuit"":""surface_code:rotated_memory_x"",""cluster_node_limit"":50,""d"":3,""decoder"":""mwpf"",""decoder_type"":""SolverSerialJointSingleHair"",""p"":0.004,""p_erase"":0.004,""r"":3,""run_id"":""90efa888ab0be85c6dc82d20d594fb219f455db906f7e8f7ad923a214270e30c""}",
       273,         0,         0,   0.021,mwpf__06e26ae447fba2326c79329271a3e4ecf7a30ebd1c813d21b4091fdbaabaa7aa,308e9b2c9369348c51fa8ce1cfb7541c7cf4b5276d9b9abc27de84e7fcc74ee7,"{""circuit"":""surface_code:rotated_memory_x"",""cluster_node_limit"":50,""d"":3,""decoder"":""mwpf"",""decoder_type"":""SolverSerialJointSingleHair"",""p"":0.015,""p_erase"":0.015,""r"":3,""run_id"":""b44761db4df8b64c8917c437ae7fe1c452a55149c1dc7a5ca0f619d5bff0315c""}",
      1024,         7,         0,   0.076,mwpf__06e26ae447fba2326c79329271a3e4ecf7a30ebd1c813d21b4091fdbaabaa7aa,308e9b2c9369348c51fa8ce1cfb7541c7cf4b5276d9b9abc27de84e7fcc74ee7,"{""circuit"":""surface_code:rotated_memory_x"",""cluster_node_limit"":50,""d"":3,""decoder"":""mwpf"",""decoder_type"":""SolverSerialJointSingleHair"",""p"":0.015,""p_erase"":0.015,""r"":3,""run_id"":""b44761db4df8b64c8917c437ae7fe1c452a55149c1dc7a5ca0f619d5bff0315c""}",
      1024,         3,         0,   0.074,mwpf__06e26ae447fba2326c79329271a3e4ecf7a30ebd1c813d21b4091fdbaabaa7aa,308e9b2c9369348c51fa8ce1cfb7541c7cf4b5276d9b9abc27de84e7fcc74ee7,"{""circuit"":""surface_code:rotated_memory_x"",""cluster_node_limit"":50,""d"":3,""decoder"":""mwpf"",""decoder_type"":""SolverSerialJointSingleHair"",""p"":0.015,""p_erase"":0.015,""r"":3,""run_id"":""b44761db4df8b64c8917c437ae7fe1c452a55149c1dc7a5ca0f619d5bff0315c""}",
         1,         0,         0,   0.000,mwpf__1db40b12fec5f70da8e168713de74a6538a2139e5552fbb3ef79c15a6639c2db,f2e4a01c8e59722538504dfd8d6a652358dbe6fd622b4e794003a3dca85858a5,"{""circuit"":""surface_code:rotated_memory_x"",""cluster_node_limit"":50,""d"":3,""decoder"":""mwpf"",""decoder_type"":""SolverSerialJointSingleHair"",""p"":0.0065,""p_erase"":0.0065,""r"":3,""run_id"":""b8f63b3afee4afe98e7bbb30f20c4398dd3b9aec649fcfb3e47705c2a2c61b36""}",
         1,         0,         0,   0.000,mwpf__6a374b57c528f1fa3515562a1fcd08586fb590c5649146dc6a143bb06eeec077,f3e9207a47b74a52f31cee6ee65233df1dffd4d0d85fd55e88b8f5b6b8686260,"{""circuit"":""surface_code:rotated_memory_x"",""cluster_node_limit"":50,""d"":3,""decoder"":""mwpf"",""decoder_type"":""SolverSerialJointSingleHair"",""p"":0.006,""p_erase"":0.006,""r"":3,""run_id"":""dd60754122c9f7a810b0c1d8b1c92188ea52870232067546237f0fa25d610548""}",
       273,         0,         0,   0.012,mwpf__71726d6ba25fe5b1097fdebf57bc9ee71a4920b66b52ccf640b9fe928e18d0f8,416965c75b19b01d4781182eaa19c998ff58123cda66a19c0d09dee75e64fffb,"{""circuit"":""surface_code:rotated_memory_x"",""cluster_node_limit"":50,""d"":3,""decoder"":""mwpf"",""decoder_type"":""SolverSerialJointSingleHair"",""p"":0.007,""p_erase"":0.007,""r"":3,""run_id"":""135e03791629607bb61bf8b9b22bc12f2324f26b65e31e82f5c3cd97d24c99c9""}",
       277,         0,         0,   0.013,mwpf__71726d6ba25fe5b1097fdebf57bc9ee71a4920b66b52ccf640b9fe928e18d0f8,416965c75b19b01d4781182eaa19c998ff58123cda66a19c0d09dee75e64fffb,"{""circuit"":""surface_code:rotated_memory_x"",""cluster_node_limit"":50,""d"":3,""decoder"":""mwpf"",""decoder_type"":""SolverSerialJointSingleHair"",""p"":0.007,""p_erase"":0.007,""r"":3,""run_id"":""135e03791629607bb61bf8b9b22bc12f2324f26b65e31e82f5c3cd97d24c99c9""}",
      1024,         6,         0,   0.074,mwpf__06e26ae447fba2326c79329271a3e4ecf7a30ebd1c813d21b4091fdbaabaa7aa,308e9b2c9369348c51fa8ce1cfb7541c7cf4b5276d9b9abc27de84e7fcc74ee7,"{""circuit"":""surface_code:rotated_memory_x"",""cluster_node_limit"":50,""d"":3,""decoder"":""mwpf"",""decoder_type"":""SolverSerialJointSingleHair"",""p"":0.015,""p_erase"":0.015,""r"":3,""run_id"":""b44761db4df8b64c8917c437ae7fe1c452a55149c1dc7a5ca0f619d5bff0315c""}",
       550,         0,         0,   0.048,mwpf__71726d6ba25fe5b1097fdebf57bc9ee71a4920b66b52ccf640b9fe928e18d0f8,416965c75b19b01d4781182eaa19c998ff58123cda66a19c0d09dee75e64fffb,"{""circuit"":""surface_code:rotated_memory_x"",""cluster_node_limit"":50,""d"":3,""decoder"":""mwpf"",""decoder_type"":""SolverSerialJointSingleHair"",""p"":0.007,""p_erase"":0.007,""r"":3,""run_id"":""135e03791629607bb61bf8b9b22bc12f2324f26b65e31e82f5c3cd97d24c99c9""}",
      1024,         7,         0,   0.075,mwpf__06e26ae447fba2326c79329271a3e4ecf7a30ebd1c813d21b4091fdbaabaa7aa,308e9b2c9369348c51fa8ce1cfb7541c7cf4b5276d9b9abc27de84e7fcc74ee7,"{""circuit"":""surface_code:rotated_memory_x"",""cluster_node_limit"":50,""d"":3,""decoder"":""mwpf"",""decoder_type"":""SolverSerialJointSingleHair"",""p"":0.015,""p_erase"":0.015,""r"":3,""run_id"":""b44761db4df8b64c8917c437ae7fe1c452a55149c1dc7a5ca0f619d5bff0315c""}",
       769,         1,         0,   0.063,mwpf__71726d6ba25fe5b1097fdebf57bc9ee71a4920b66b52ccf640b9fe928e18d0f8,416965c75b19b01d4781182eaa19c998ff58123cda66a19c0d09dee75e64fffb,"{""circuit"":""surface_code:rotated_memory_x"",""cluster_node_limit"":50,""d"":3,""decoder"":""mwpf"",""decoder_type"":""SolverSerialJointSingleHair"",""p"":0.007,""p_erase"":0.007,""r"":3,""run_id"":""135e03791629607bb61bf8b9b22bc12f2324f26b65e31e82f5c3cd97d24c99c9""}",
       769,         0,         0,   0.064,mwpf__71726d6ba25fe5b1097fdebf57bc9ee71a4920b66b52ccf640b9fe928e18d0f8,416965c75b19b01d4781182eaa19c998ff58123cda66a19c0d09dee75e64fffb,"{""circuit"":""surface_code:rotated_memory_x"",""cluster_node_limit"":50,""d"":3,""decoder"":""mwpf"",""decoder_type"":""SolverSerialJointSingleHair"",""p"":0.007,""p_erase"":0.007,""r"":3,""run_id"":""135e03791629607bb61bf8b9b22bc12f2324f26b65e31e82f5c3cd97d24c99c9""}",
      2665,        13,         0,   0.200,mwpf__06e26ae447fba2326c79329271a3e4ecf7a30ebd1c813d21b4091fdbaabaa7aa,308e9b2c9369348c51fa8ce1cfb7541c7cf4b5276d9b9abc27de84e7fcc74ee7,"{""circuit"":""surface_code:rotated_memory_x"",""cluster_node_limit"":50,""d"":3,""decoder"":""mwpf"",""decoder_type"":""SolverSerialJointSingleHair"",""p"":0.015,""p_erase"":0.015,""r"":3,""run_id"":""b44761db4df8b64c8917c437ae7fe1c452a55149c1dc7a5ca0f619d5bff0315c""}",
      2665,        24,         0,   0.202,mwpf__06e26ae447fba2326c79329271a3e4ecf7a30ebd1c813d21b4091fdbaabaa7aa,308e9b2c9369348c51fa8ce1cfb7541c7cf4b5276d9b9abc27de84e7fcc74ee7,"{""circuit"":""surface_code:rotated_memory_x"",""cluster_node_limit"":50,""d"":3,""decoder"":""mwpf"",""decoder_type"":""SolverSerialJointSingleHair"",""p"":0.015,""p_erase"":0.015,""r"":3,""run_id"":""b44761db4df8b64c8917c437ae7fe1c452a55149c1dc7a5ca0f619d5bff0315c""}",
      1024,         8,         0,   0.073,mwpf__06e26ae447fba2326c79329271a3e4ecf7a30ebd1c813d21b4091fdbaabaa7aa,308e9b2c9369348c51fa8ce1cfb7541c7cf4b5276d9b9abc27de84e7fcc74ee7,"{""circuit"":""surface_code:rotated_memory_x"",""cluster_node_limit"":50,""d"":3,""decoder"":""mwpf"",""decoder_type"":""SolverSerialJointSingleHair"",""p"":0.015,""p_erase"":0.015,""r"":3,""run_id"":""b44761db4df8b64c8917c437ae7fe1c452a55149c1dc7a5ca0f619d5bff0315c""}",
      1024,         7,         0,   0.078,mwpf__06e26ae447fba2326c79329271a3e4ecf7a30ebd1c813d21b4091fdbaabaa7aa,308e9b2c9369348c51fa8ce1cfb7541c7cf4b5276d9b9abc27de84e7fcc74ee7,"{""circuit"":""surface_code:rotated_memory_x"",""cluster_node_limit"":50,""d"":3,""decoder"":""mwpf"",""decoder_type"":""SolverSerialJointSingleHair"",""p"":0.015,""p_erase"":0.015,""r"":3,""run_id"":""b44761db4df8b64c8917c437ae7fe1c452a55149c1dc7a5ca0f619d5bff0315c""}",
       293,         2,         0,   0.022,mwpf__06e26ae447fba2326c79329271a3e4ecf7a30ebd1c813d21b4091fdbaabaa7aa,308e9b2c9369348c51fa8ce1cfb7541c7cf4b5276d9b9abc27de84e7fcc74ee7,"{""circuit"":""surface_code:rotated_memory_x"",""cluster_node_limit"":50,""d"":3,""decoder"":""mwpf"",""decoder_type"":""SolverSerialJointSingleHair"",""p"":0.015,""p_erase"":0.015,""r"":3,""run_id"":""b44761db4df8b64c8917c437ae7fe1c452a55149c1dc7a5ca0f619d5bff0315c""}",
       147,         0,         0,   0.008,mwpf__2d43dbac6f220be8e75258fcbaa1915a92302bec253b831525bc35e7adeec1b6,64b3d9f5baf6f09488c41396f9407eb7cf2e57debde21e687e5552cba9d5418a,"{""circuit"":""surface_code:rotated_memory_x"",""cluster_node_limit"":50,""d"":3,""decoder"":""mwpf"",""decoder_type"":""SolverSerialJointSingleHair"",""p"":0.009,""p_erase"":0.009,""r"":3,""run_id"":""f3773bbf3001f7044304ac6a12d9ddb4d020a1b2b51ce7b475f4f14944f915f3""}",
       273,         1,         0,   0.016,mwpf__f4eaffc7e8b345bd4ed12e044b14c9eca5eb9d6063d64430985ec7c298159463,1c0b2318b8e500ddb1032a5e330292dd6110fcabf993e79d05dcfbebeb6f8881,"{""circuit"":""surface_code:rotated_memory_x"",""cluster_node_limit"":50,""d"":3,""decoder"":""mwpf"",""decoder_type"":""SolverSerialJointSingleHair"",""p"":0.01,""p_erase"":0.01,""r"":3,""run_id"":""5b6db69d825a9e1af451573dd00a4a7082d74a5e74fde81d397d7b0bcc5645b2""}",
       444,         5,         0,   0.033,mwpf__06e26ae447fba2326c79329271a3e4ecf7a30ebd1c813d21b4091fdbaabaa7aa,308e9b2c9369348c51fa8ce1cfb7541c7cf4b5276d9b9abc27de84e7fcc74ee7,"{""circuit"":""surface_code:rotated_memory_x"",""cluster_node_limit"":50,""d"":3,""decoder"":""mwpf"",""decoder_type"":""SolverSerialJointSingleHair"",""p"":0.015,""p_erase"":0.015,""r"":3,""run_id"":""b44761db4df8b64c8917c437ae7fe1c452a55149c1dc7a5ca0f619d5bff0315c""}",
       126,         0,         0,   0.007,mwpf__2d43dbac6f220be8e75258fcbaa1915a92302bec253b831525bc35e7adeec1b6,64b3d9f5baf6f09488c41396f9407eb7cf2e57debde21e687e5552cba9d5418a,"{""circuit"":""surface_code:rotated_memory_x"",""cluster_node_limit"":50,""d"":3,""decoder"":""mwpf"",""decoder_type"":""SolverSerialJointSingleHair"",""p"":0.009,""p_erase"":0.009,""r"":3,""run_id"":""f3773bbf3001f7044304ac6a12d9ddb4d020a1b2b51ce7b475f4f14944f915f3""}",
       147,         0,         0,   0.011,mwpf__2d43dbac6f220be8e75258fcbaa1915a92302bec253b831525bc35e7adeec1b6,64b3d9f5baf6f09488c41396f9407eb7cf2e57debde21e687e5552cba9d5418a,"{""circuit"":""surface_code:rotated_memory_x"",""cluster_node_limit"":50,""d"":3,""decoder"":""mwpf"",""decoder_type"":""SolverSerialJointSingleHair"",""p"":0.009,""p_erase"":0.009,""r"":3,""run_id"":""f3773bbf3001f7044304ac6a12d9ddb4d020a1b2b51ce7b475f4f14944f915f3""}",
        21,         0,         0,   0.001,mwpf__2d43dbac6f220be8e75258fcbaa1915a92302bec253b831525bc35e7adeec1b6,64b3d9f5baf6f09488c41396f9407eb7cf2e57debde21e687e5552cba9d5418a,"{""circuit"":""surface_code:rotated_memory_x"",""cluster_node_limit"":50,""d"":3,""decoder"":""mwpf"",""decoder_type"":""SolverSerialJointSingleHair"",""p"":0.009,""p_erase"":0.009,""r"":3,""run_id"":""f3773bbf3001f7044304ac6a12d9ddb4d020a1b2b51ce7b475f4f14944f915f3""}",
       240,         1,         0,   0.013,mwpf__f4eaffc7e8b345bd4ed12e044b14c9eca5eb9d6063d64430985ec7c298159463,1c0b2318b8e500ddb1032a5e330292dd6110fcabf993e79d05dcfbebeb6f8881,"{""circuit"":""surface_code:rotated_memory_x"",""cluster_node_limit"":50,""d"":3,""decoder"":""mwpf"",""decoder_type"":""SolverSerialJointSingleHair"",""p"":0.01,""p_erase"":0.01,""r"":3,""run_id"":""5b6db69d825a9e1af451573dd00a4a7082d74a5e74fde81d397d7b0bcc5645b2""}",
       143,         0,         0,   0.016,mwpf__2d43dbac6f220be8e75258fcbaa1915a92302bec253b831525bc35e7adeec1b6,64b3d9f5baf6f09488c41396f9407eb7cf2e57debde21e687e5552cba9d5418a,"{""circuit"":""surface_code:rotated_memory_x"",""cluster_node_limit"":50,""d"":3,""decoder"":""mwpf"",""decoder_type"":""SolverSerialJointSingleHair"",""p"":0.009,""p_erase"":0.009,""r"":3,""run_id"":""f3773bbf3001f7044304ac6a12d9ddb4d020a1b2b51ce7b475f4f14944f915f3""}",
       856,         6,         0,   0.061,mwpf__06e26ae447fba2326c79329271a3e4ecf7a30ebd1c813d21b4091fdbaabaa7aa,308e9b2c9369348c51fa8ce1cfb7541c7cf4b5276d9b9abc27de84e7fcc74ee7,"{""circuit"":""surface_code:rotated_memory_x"",""cluster_node_limit"":50,""d"":3,""decoder"":""mwpf"",""decoder_type"":""SolverSerialJointSingleHair"",""p"":0.015,""p_erase"":0.015,""r"":3,""run_id"":""b44761db4df8b64c8917c437ae7fe1c452a55149c1dc7a5ca0f619d5bff0315c""}",
       856,         9,         0,   0.064,mwpf__06e26ae447fba2326c79329271a3e4ecf7a30ebd1c813d21b4091fdbaabaa7aa,308e9b2c9369348c51fa8ce1cfb7541c7cf4b5276d9b9abc27de84e7fcc74ee7,"{""circuit"":""surface_code:rotated_memory_x"",""cluster_node_limit"":50,""d"":3,""decoder"":""mwpf"",""decoder_type"":""SolverSerialJointSingleHair"",""p"":0.015,""p_erase"":0.015,""r"":3,""run_id"":""b44761db4df8b64c8917c437ae7fe1c452a55149c1dc7a5ca0f619d5bff0315c""}",
       513,         1,         0,   0.053,mwpf__f4eaffc7e8b345bd4ed12e044b14c9eca5eb9d6063d64430985ec7c298159463,1c0b2318b8e500ddb1032a5e330292dd6110fcabf993e79d05dcfbebeb6f8881,"{""circuit"":""surface_code:rotated_memory_x"",""cluster_node_limit"":50,""d"":3,""decoder"":""mwpf"",""decoder_type"":""SolverSerialJointSingleHair"",""p"":0.01,""p_erase"":0.01,""r"":3,""run_id"":""5b6db69d825a9e1af451573dd00a4a7082d74a5e74fde81d397d7b0bcc5645b2""}",
       512,         1,         0,   0.055,mwpf__f4eaffc7e8b345bd4ed12e044b14c9eca5eb9d6063d64430985ec7c298159463,1c0b2318b8e500ddb1032a5e330292dd6110fcabf993e79d05dcfbebeb6f8881,"{""circuit"":""surface_code:rotated_memory_x"",""cluster_node_limit"":50,""d"":3,""decoder"":""mwpf"",""decoder_type"":""SolverSerialJointSingleHair"",""p"":0.01,""p_erase"":0.01,""r"":3,""run_id"":""5b6db69d825a9e1af451573dd00a4a7082d74a5e74fde81d397d7b0bcc5645b2""}",
       173,         0,         0,   0.009,mwpf__71726d6ba25fe5b1097fdebf57bc9ee71a4920b66b52ccf640b9fe928e18d0f8,416965c75b19b01d4781182eaa19c998ff58123cda66a19c0d09dee75e64fffb,"{""circuit"":""surface_code:rotated_memory_x"",""cluster_node_limit"":50,""d"":3,""decoder"":""mwpf"",""decoder_type"":""SolverSerialJointSingleHair"",""p"":0.007,""p_erase"":0.007,""r"":3,""run_id"":""135e03791629607bb61bf8b9b22bc12f2324f26b65e31e82f5c3cd97d24c99c9""}",
       513,         2,         0,   0.055,mwpf__f4eaffc7e8b345bd4ed12e044b14c9eca5eb9d6063d64430985ec7c298159463,1c0b2318b8e500ddb1032a5e330292dd6110fcabf993e79d05dcfbebeb6f8881,"{""circuit"":""surface_code:rotated_memory_x"",""cluster_node_limit"":50,""d"":3,""decoder"":""mwpf"",""decoder_type"":""SolverSerialJointSingleHair"",""p"":0.01,""p_erase"":0.01,""r"":3,""run_id"":""5b6db69d825a9e1af451573dd00a4a7082d74a5e74fde81d397d7b0bcc5645b2""}",
        77,         0,         0,   0.008,mwpf__71726d6ba25fe5b1097fdebf57bc9ee71a4920b66b52ccf640b9fe928e18d0f8,416965c75b19b01d4781182eaa19c998ff58123cda66a19c0d09dee75e64fffb,"{""circuit"":""surface_code:rotated_memory_x"",""cluster_node_limit"":50,""d"":3,""decoder"":""mwpf"",""decoder_type"":""SolverSerialJointSingleHair"",""p"":0.007,""p_erase"":0.007,""r"":3,""run_id"":""135e03791629607bb61bf8b9b22bc12f2324f26b65e31e82f5c3cd97d24c99c9""}",
       173,         0,         0,   0.015,mwpf__71726d6ba25fe5b1097fdebf57bc9ee71a4920b66b52ccf640b9fe928e18d0f8,416965c75b19b01d4781182eaa19c998ff58123cda66a19c0d09dee75e64fffb,"{""circuit"":""surface_code:rotated_memory_x"",""cluster_node_limit"":50,""d"":3,""decoder"":""mwpf"",""decoder_type"":""SolverSerialJointSingleHair"",""p"":0.007,""p_erase"":0.007,""r"":3,""run_id"":""135e03791629607bb61bf8b9b22bc12f2324f26b65e31e82f5c3cd97d24c99c9""}",
       173,         0,         0,   0.016,mwpf__71726d6ba25fe5b1097fdebf57bc9ee71a4920b66b52ccf640b9fe928e18d0f8,416965c75b19b01d4781182eaa19c998ff58123cda66a19c0d09dee75e64fffb,"{""circuit"":""surface_code:rotated_memory_x"",""cluster_node_limit"":50,""d"":3,""decoder"":""mwpf"",""decoder_type"":""SolverSerialJointSingleHair"",""p"":0.007,""p_erase"":0.007,""r"":3,""run_id"":""135e03791629607bb61bf8b9b22bc12f2324f26b65e31e82f5c3cd97d24c99c9""}",
       173,         0,         0,   0.015,mwpf__71726d6ba25fe5b1097fdebf57bc9ee71a4920b66b52ccf640b9fe928e18d0f8,416965c75b19b01d4781182eaa19c998ff58123cda66a19c0d09dee75e64fffb,"{""circuit"":""surface_code:rotated_memory_x"",""cluster_node_limit"":50,""d"":3,""decoder"":""mwpf"",""decoder_type"":""SolverSerialJointSingleHair"",""p"":0.007,""p_erase"":0.007,""r"":3,""run_id"":""135e03791629607bb61bf8b9b22bc12f2324f26b65e31e82f5c3cd97d24c99c9""}",
        63,         0,         0,   0.003,mwpf__71726d6ba25fe5b1097fdebf57bc9ee71a4920b66b52ccf640b9fe928e18d0f8,416965c75b19b01d4781182eaa19c998ff58123cda66a19c0d09dee75e64fffb,"{""circuit"":""surface_code:rotated_memory_x"",""cluster_node_limit"":50,""d"":3,""decoder"":""mwpf"",""decoder_type"":""SolverSerialJointSingleHair"",""p"":0.007,""p_erase"":0.007,""r"":3,""run_id"":""135e03791629607bb61bf8b9b22bc12f2324f26b65e31e82f5c3cd97d24c99c9""}",
        63,         0,         0,   0.006,mwpf__71726d6ba25fe5b1097fdebf57bc9ee71a4920b66b52ccf640b9fe928e18d0f8,416965c75b19b01d4781182eaa19c998ff58123cda66a19c0d09dee75e64fffb,"{""circuit"":""surface_code:rotated_memory_x"",""cluster_node_limit"":50,""d"":3,""decoder"":""mwpf"",""decoder_type"":""SolverSerialJointSingleHair"",""p"":0.007,""p_erase"":0.007,""r"":3,""run_id"":""135e03791629607bb61bf8b9b22bc12f2324f26b65e31e82f5c3cd97d24c99c9""}",
        47,         0,         0,   0.005,mwpf__71726d6ba25fe5b1097fdebf57bc9ee71a4920b66b52ccf640b9fe928e18d0f8,416965c75b19b01d4781182eaa19c998ff58123cda66a19c0d09dee75e64fffb,"{""circuit"":""surface_code:rotated_memory_x"",""cluster_node_limit"":50,""d"":3,""decoder"":""mwpf"",""decoder_type"":""SolverSerialJointSingleHair"",""p"":0.007,""p_erase"":0.007,""r"":3,""run_id"":""135e03791629607bb61bf8b9b22bc12f2324f26b65e31e82f5c3cd97d24c99c9""}",
        46,         0,         0,   0.004,mwpf__71726d6ba25fe5b1097fdebf57bc9ee71a4920b66b52ccf640b9fe928e18d0f8,416965c75b19b01d4781182eaa19c998ff58123cda66a19c0d09dee75e64fffb,"{""circuit"":""surface_code:rotated_memory_x"",""cluster_node_limit"":50,""d"":3,""decoder"":""mwpf"",""decoder_type"":""SolverSerialJointSingleHair"",""p"":0.007,""p_erase"":0.007,""r"":3,""run_id"":""135e03791629607bb61bf8b9b22bc12f2324f26b65e31e82f5c3cd97d24c99c9""}",
        32,         0,         0,   0.001,mwpf__71726d6ba25fe5b1097fdebf57bc9ee71a4920b66b52ccf640b9fe928e18d0f8,416965c75b19b01d4781182eaa19c998ff58123cda66a19c0d09dee75e64fffb,"{""circuit"":""surface_code:rotated_memory_x"",""cluster_node_limit"":50,""d"":3,""decoder"":""mwpf"",""decoder_type"":""SolverSerialJointSingleHair"",""p"":0.007,""p_erase"":0.007,""r"":3,""run_id"":""135e03791629607bb61bf8b9b22bc12f2324f26b65e31e82f5c3cd97d24c99c9""}",
        63,         0,         0,   0.003,mwpf__2d43dbac6f220be8e75258fcbaa1915a92302bec253b831525bc35e7adeec1b6,64b3d9f5baf6f09488c41396f9407eb7cf2e57debde21e687e5552cba9d5418a,"{""circuit"":""surface_code:rotated_memory_x"",""cluster_node_limit"":50,""d"":3,""decoder"":""mwpf"",""decoder_type"":""SolverSerialJointSingleHair"",""p"":0.009,""p_erase"":0.009,""r"":3,""run_id"":""f3773bbf3001f7044304ac6a12d9ddb4d020a1b2b51ce7b475f4f14944f915f3""}",
        21,         0,         0,   0.002,mwpf__2d43dbac6f220be8e75258fcbaa1915a92302bec253b831525bc35e7adeec1b6,64b3d9f5baf6f09488c41396f9407eb7cf2e57debde21e687e5552cba9d5418a,"{""circuit"":""surface_code:rotated_memory_x"",""cluster_node_limit"":50,""d"":3,""decoder"":""mwpf"",""decoder_type"":""SolverSerialJointSingleHair"",""p"":0.009,""p_erase"":0.009,""r"":3,""run_id"":""f3773bbf3001f7044304ac6a12d9ddb4d020a1b2b51ce7b475f4f14944f915f3""}",
        21,         1,         0,   0.003,mwpf__2d43dbac6f220be8e75258fcbaa1915a92302bec253b831525bc35e7adeec1b6,64b3d9f5baf6f09488c41396f9407eb7cf2e57debde21e687e5552cba9d5418a,"{""circuit"":""surface_code:rotated_memory_x"",""cluster_node_limit"":50,""d"":3,""decoder"":""mwpf"",""decoder_type"":""SolverSerialJointSingleHair"",""p"":0.009,""p_erase"":0.009,""r"":3,""run_id"":""f3773bbf3001f7044304ac6a12d9ddb4d020a1b2b51ce7b475f4f14944f915f3""}",
        63,         0,         0,   0.004,mwpf__2d43dbac6f220be8e75258fcbaa1915a92302bec253b831525bc35e7adeec1b6,64b3d9f5baf6f09488c41396f9407eb7cf2e57debde21e687e5552cba9d5418a,"{""circuit"":""surface_code:rotated_memory_x"",""cluster_node_limit"":50,""d"":3,""decoder"":""mwpf"",""decoder_type"":""SolverSerialJointSingleHair"",""p"":0.009,""p_erase"":0.009,""r"":3,""run_id"":""f3773bbf3001f7044304ac6a12d9ddb4d020a1b2b51ce7b475f4f14944f915f3""}",
       171,         0,         0,   0.010,mwpf__f4eaffc7e8b345bd4ed12e044b14c9eca5eb9d6063d64430985ec7c298159463,1c0b2318b8e500ddb1032a5e330292dd6110fcabf993e79d05dcfbebeb6f8881,"{""circuit"":""surface_code:rotated_memory_x"",""cluster_node_limit"":50,""d"":3,""decoder"":""mwpf"",""decoder_type"":""SolverSerialJointSingleHair"",""p"":0.01,""p_erase"":0.01,""r"":3,""run_id"":""5b6db69d825a9e1af451573dd00a4a7082d74a5e74fde81d397d7b0bcc5645b2""}",
        27,         0,         0,   0.003,mwpf__71726d6ba25fe5b1097fdebf57bc9ee71a4920b66b52ccf640b9fe928e18d0f8,416965c75b19b01d4781182eaa19c998ff58123cda66a19c0d09dee75e64fffb,"{""circuit"":""surface_code:rotated_memory_x"",""cluster_node_limit"":50,""d"":3,""decoder"":""mwpf"",""decoder_type"":""SolverSerialJointSingleHair"",""p"":0.007,""p_erase"":0.007,""r"":3,""run_id"":""135e03791629607bb61bf8b9b22bc12f2324f26b65e31e82f5c3cd97d24c99c9""}",
        27,         0,         0,   0.003,mwpf__71726d6ba25fe5b1097fdebf57bc9ee71a4920b66b52ccf640b9fe928e18d0f8,416965c75b19b01d4781182eaa19c998ff58123cda66a19c0d09dee75e64fffb,"{""circuit"":""surface_code:rotated_memory_x"",""cluster_node_limit"":50,""d"":3,""decoder"":""mwpf"",""decoder_type"":""SolverSerialJointSingleHair"",""p"":0.007,""p_erase"":0.007,""r"":3,""run_id"":""135e03791629607bb61bf8b9b22bc12f2324f26b65e31e82f5c3cd97d24c99c9""}",
        63,         0,         0,   0.005,mwpf__2d43dbac6f220be8e75258fcbaa1915a92302bec253b831525bc35e7adeec1b6,64b3d9f5baf6f09488c41396f9407eb7cf2e57debde21e687e5552cba9d5418a,"{""circuit"":""surface_code:rotated_memory_x"",""cluster_node_limit"":50,""d"":3,""decoder"":""mwpf"",""decoder_type"":""SolverSerialJointSingleHair"",""p"":0.009,""p_erase"":0.009,""r"":3,""run_id"":""f3773bbf3001f7044304ac6a12d9ddb4d020a1b2b51ce7b475f4f14944f915f3""}",
       273,         2,         0,   0.022,mwpf__06e26ae447fba2326c79329271a3e4ecf7a30ebd1c813d21b4091fdbaabaa7aa,308e9b2c9369348c51fa8ce1cfb7541c7cf4b5276d9b9abc27de84e7fcc74ee7,"{""circuit"":""surface_code:rotated_memory_x"",""cluster_node_limit"":50,""d"":3,""decoder"":""mwpf"",""decoder_type"":""SolverSerialJointSingleHair"",""p"":0.015,""p_erase"":0.015,""r"":3,""run_id"":""b44761db4df8b64c8917c437ae7fe1c452a55149c1dc7a5ca0f619d5bff0315c""}",
        27,         0,         0,   0.003,mwpf__71726d6ba25fe5b1097fdebf57bc9ee71a4920b66b52ccf640b9fe928e18d0f8,416965c75b19b01d4781182eaa19c998ff58123cda66a19c0d09dee75e64fffb,"{""circuit"":""surface_code:rotated_memory_x"",""cluster_node_limit"":50,""d"":3,""decoder"":""mwpf"",""decoder_type"":""SolverSerialJointSingleHair"",""p"":0.007,""p_erase"":0.007,""r"":3,""run_id"":""135e03791629607bb61bf8b9b22bc12f2324f26b65e31e82f5c3cd97d24c99c9""}",
        86,         0,         0,   0.011,mwpf__f4eaffc7e8b345bd4ed12e044b14c9eca5eb9d6063d64430985ec7c298159463,1c0b2318b8e500ddb1032a5e330292dd6110fcabf993e79d05dcfbebeb6f8881,"{""circuit"":""surface_code:rotated_memory_x"",""cluster_node_limit"":50,""d"":3,""decoder"":""mwpf"",""decoder_type"":""SolverSerialJointSingleHair"",""p"":0.01,""p_erase"":0.01,""r"":3,""run_id"":""5b6db69d825a9e1af451573dd00a4a7082d74a5e74fde81d397d7b0bcc5645b2""}",
        54,         0,         0,   0.005,mwpf__2d43dbac6f220be8e75258fcbaa1915a92302bec253b831525bc35e7adeec1b6,64b3d9f5baf6f09488c41396f9407eb7cf2e57debde21e687e5552cba9d5418a,"{""circuit"":""surface_code:rotated_memory_x"",""cluster_node_limit"":50,""d"":3,""decoder"":""mwpf"",""decoder_type"":""SolverSerialJointSingleHair"",""p"":0.009,""p_erase"":0.009,""r"":3,""run_id"":""f3773bbf3001f7044304ac6a12d9ddb4d020a1b2b51ce7b475f4f14944f915f3""}",
        27,         0,         0,   0.003,mwpf__71726d6ba25fe5b1097fdebf57bc9ee71a4920b66b52ccf640b9fe928e18d0f8,416965c75b19b01d4781182eaa19c998ff58123cda66a19c0d09dee75e64fffb,"{""circuit"":""surface_code:rotated_memory_x"",""cluster_node_limit"":50,""d"":3,""decoder"":""mwpf"",""decoder_type"":""SolverSerialJointSingleHair"",""p"":0.007,""p_erase"":0.007,""r"":3,""run_id"":""135e03791629607bb61bf8b9b22bc12f2324f26b65e31e82f5c3cd97d24c99c9""}",
        85,         1,         0,   0.009,mwpf__f4eaffc7e8b345bd4ed12e044b14c9eca5eb9d6063d64430985ec7c298159463,1c0b2318b8e500ddb1032a5e330292dd6110fcabf993e79d05dcfbebeb6f8881,"{""circuit"":""surface_code:rotated_memory_x"",""cluster_node_limit"":50,""d"":3,""decoder"":""mwpf"",""decoder_type"":""SolverSerialJointSingleHair"",""p"":0.01,""p_erase"":0.01,""r"":3,""run_id"":""5b6db69d825a9e1af451573dd00a4a7082d74a5e74fde81d397d7b0bcc5645b2""}",
        27,         0,         0,   0.001,mwpf__71726d6ba25fe5b1097fdebf57bc9ee71a4920b66b52ccf640b9fe928e18d0f8,416965c75b19b01d4781182eaa19c998ff58123cda66a19c0d09dee75e64fffb,"{""circuit"":""surface_code:rotated_memory_x"",""cluster_node_limit"":50,""d"":3,""decoder"":""mwpf"",""decoder_type"":""SolverSerialJointSingleHair"",""p"":0.007,""p_erase"":0.007,""r"":3,""run_id"":""135e03791629607bb61bf8b9b22bc12f2324f26b65e31e82f5c3cd97d24c99c9""}",
        10,         0,         0,   0.001,mwpf__71726d6ba25fe5b1097fdebf57bc9ee71a4920b66b52ccf640b9fe928e18d0f8,416965c75b19b01d4781182eaa19c998ff58123cda66a19c0d09dee75e64fffb,"{""circuit"":""surface_code:rotated_memory_x"",""cluster_node_limit"":50,""d"":3,""decoder"":""mwpf"",""decoder_type"":""SolverSerialJointSingleHair"",""p"":0.007,""p_erase"":0.007,""r"":3,""run_id"":""135e03791629607bb61bf8b9b22bc12f2324f26b65e31e82f5c3cd97d24c99c9""}",
         9,         0,         0,   0.001,mwpf__2d43dbac6f220be8e75258fcbaa1915a92302bec253b831525bc35e7adeec1b6,64b3d9f5baf6f09488c41396f9407eb7cf2e57debde21e687e5552cba9d5418a,"{""circuit"":""surface_code:rotated_memory_x"",""cluster_node_limit"":50,""d"":3,""decoder"":""mwpf"",""decoder_type"":""SolverSerialJointSingleHair"",""p"":0.009,""p_erase"":0.009,""r"":3,""run_id"":""f3773bbf3001f7044304ac6a12d9ddb4d020a1b2b51ce7b475f4f14944f915f3""}",
        27,         0,         0,   0.003,mwpf__71726d6ba25fe5b1097fdebf57bc9ee71a4920b66b52ccf640b9fe928e18d0f8,416965c75b19b01d4781182eaa19c998ff58123cda66a19c0d09dee75e64fffb,"{""circuit"":""surface_code:rotated_memory_x"",""cluster_node_limit"":50,""d"":3,""decoder"":""mwpf"",""decoder_type"":""SolverSerialJointSingleHair"",""p"":0.007,""p_erase"":0.007,""r"":3,""run_id"":""135e03791629607bb61bf8b9b22bc12f2324f26b65e31e82f5c3cd97d24c99c9""}",
       171,         1,         0,   0.019,mwpf__f4eaffc7e8b345bd4ed12e044b14c9eca5eb9d6063d64430985ec7c298159463,1c0b2318b8e500ddb1032a5e330292dd6110fcabf993e79d05dcfbebeb6f8881,"{""circuit"":""surface_code:rotated_memory_x"",""cluster_node_limit"":50,""d"":3,""decoder"":""mwpf"",""decoder_type"":""SolverSerialJointSingleHair"",""p"":0.01,""p_erase"":0.01,""r"":3,""run_id"":""5b6db69d825a9e1af451573dd00a4a7082d74a5e74fde81d397d7b0bcc5645b2""}",
         3,         0,         0,   0.000,mwpf__71726d6ba25fe5b1097fdebf57bc9ee71a4920b66b52ccf640b9fe928e18d0f8,416965c75b19b01d4781182eaa19c998ff58123cda66a19c0d09dee75e64fffb,"{""circuit"":""surface_code:rotated_memory_x"",""cluster_node_limit"":50,""d"":3,""decoder"":""mwpf"",""decoder_type"":""SolverSerialJointSingleHair"",""p"":0.007,""p_erase"":0.007,""r"":3,""run_id"":""135e03791629607bb61bf8b9b22bc12f2324f26b65e31e82f5c3cd97d24c99c9""}",
         5,         0,         0,   0.001,mwpf__71726d6ba25fe5b1097fdebf57bc9ee71a4920b66b52ccf640b9fe928e18d0f8,416965c75b19b01d4781182eaa19c998ff58123cda66a19c0d09dee75e64fffb,"{""circuit"":""surface_code:rotated_memory_x"",""cluster_node_limit"":50,""d"":3,""decoder"":""mwpf"",""decoder_type"":""SolverSerialJointSingleHair"",""p"":0.007,""p_erase"":0.007,""r"":3,""run_id"":""135e03791629607bb61bf8b9b22bc12f2324f26b65e31e82f5c3cd97d24c99c9""}",
         3,         0,         0,   0.000,mwpf__71726d6ba25fe5b1097fdebf57bc9ee71a4920b66b52ccf640b9fe928e18d0f8,416965c75b19b01d4781182eaa19c998ff58123cda66a19c0d09dee75e64fffb,"{""circuit"":""surface_code:rotated_memory_x"",""cluster_node_limit"":50,""d"":3,""decoder"":""mwpf"",""decoder_type"":""SolverSerialJointSingleHair"",""p"":0.007,""p_erase"":0.007,""r"":3,""run_id"":""135e03791629607bb61bf8b9b22bc12f2324f26b65e31e82f5c3cd97d24c99c9""}",
         1,         0,         0,   0.000,mwpf__71726d6ba25fe5b1097fdebf57bc9ee71a4920b66b52ccf640b9fe928e18d0f8,416965c75b19b01d4781182eaa19c998ff58123cda66a19c0d09dee75e64fffb,"{""circuit"":""surface_code:rotated_memory_x"",""cluster_node_limit"":50,""d"":3,""decoder"":""mwpf"",""decoder_type"":""SolverSerialJointSingleHair"",""p"":0.007,""p_erase"":0.007,""r"":3,""run_id"":""135e03791629607bb61bf8b9b22bc12f2324f26b65e31e82f5c3cd97d24c99c9""}",
       100,         0,         0,   0.014,mwpf__06e26ae447fba2326c79329271a3e4ecf7a30ebd1c813d21b4091fdbaabaa7aa,308e9b2c9369348c51fa8ce1cfb7541c7cf4b5276d9b9abc27de84e7fcc74ee7,"{""circuit"":""surface_code:rotated_memory_x"",""cluster_node_limit"":50,""d"":3,""decoder"":""mwpf"",""decoder_type"":""SolverSerialJointSingleHair"",""p"":0.015,""p_erase"":0.015,""r"":3,""run_id"":""b44761db4df8b64c8917c437ae7fe1c452a55149c1dc7a5ca0f619d5bff0315c""}",
       273,         1,         0,   0.022,mwpf__06e26ae447fba2326c79329271a3e4ecf7a30ebd1c813d21b4091fdbaabaa7aa,308e9b2c9369348c51fa8ce1cfb7541c7cf4b5276d9b9abc27de84e7fcc74ee7,"{""circuit"":""surface_code:rotated_memory_x"",""cluster_node_limit"":50,""d"":3,""decoder"":""mwpf"",""decoder_type"":""SolverSerialJointSingleHair"",""p"":0.015,""p_erase"":0.015,""r"":3,""run_id"":""b44761db4df8b64c8917c437ae7fe1c452a55149c1dc7a5ca0f619d5bff0315c""}",
         1,         0,         0,   0.000,mwpf__71726d6ba25fe5b1097fdebf57bc9ee71a4920b66b52ccf640b9fe928e18d0f8,416965c75b19b01d4781182eaa19c998ff58123cda66a19c0d09dee75e64fffb,"{""circuit"":""surface_code:rotated_memory_x"",""cluster_node_limit"":50,""d"":3,""decoder"":""mwpf"",""decoder_type"":""SolverSerialJointSingleHair"",""p"":0.007,""p_erase"":0.007,""r"":3,""run_id"":""135e03791629607bb61bf8b9b22bc12f2324f26b65e31e82f5c3cd97d24c99c9""}",
         1,         0,         0,   0.000,mwpf__71726d6ba25fe5b1097fdebf57bc9ee71a4920b66b52ccf640b9fe928e18d0f8,416965c75b19b01d4781182eaa19c998ff58123cda66a19c0d09dee75e64fffb,"{""circuit"":""surface_code:rotated_memory_x"",""cluster_node_limit"":50,""d"":3,""decoder"":""mwpf"",""decoder_type"":""SolverSerialJointSingleHair"",""p"":0.007,""p_erase"":0.007,""r"":3,""run_id"":""135e03791629607bb61bf8b9b22bc12f2324f26b65e31e82f5c3cd97d24c99c9""}",
       253,         2,         0,   0.036,mwpf__06e26ae447fba2326c79329271a3e4ecf7a30ebd1c813d21b4091fdbaabaa7aa,308e9b2c9369348c51fa8ce1cfb7541c7cf4b5276d9b9abc27de84e7fcc74ee7,"{""circuit"":""surface_code:rotated_memory_x"",""cluster_node_limit"":50,""d"":3,""decoder"":""mwpf"",""decoder_type"":""SolverSerialJointSingleHair"",""p"":0.015,""p_erase"":0.015,""r"":3,""run_id"":""b44761db4df8b64c8917c437ae7fe1c452a55149c1dc7a5ca0f619d5bff0315c""}",
         1,         0,         0,   0.000,mwpf__71726d6ba25fe5b1097fdebf57bc9ee71a4920b66b52ccf640b9fe928e18d0f8,416965c75b19b01d4781182eaa19c998ff58123cda66a19c0d09dee75e64fffb,"{""circuit"":""surface_code:rotated_memory_x"",""cluster_node_limit"":50,""d"":3,""decoder"":""mwpf"",""decoder_type"":""SolverSerialJointSingleHair"",""p"":0.007,""p_erase"":0.007,""r"":3,""run_id"":""135e03791629607bb61bf8b9b22bc12f2324f26b65e31e82f5c3cd97d24c99c9""}",
       413,         1,         0,   0.031,mwpf__06e26ae447fba2326c79329271a3e4ecf7a30ebd1c813d21b4091fdbaabaa7aa,308e9b2c9369348c51fa8ce1cfb7541c7cf4b5276d9b9abc27de84e7fcc74ee7,"{""circuit"":""surface_code:rotated_memory_x"",""cluster_node_limit"":50,""d"":3,""decoder"":""mwpf"",""decoder_type"":""SolverSerialJointSingleHair"",""p"":0.015,""p_erase"":0.015,""r"":3,""run_id"":""b44761db4df8b64c8917c437ae7fe1c452a55149c1dc7a5ca0f619d5bff0315c""}",
       351,         2,         0,   0.027,mwpf__06e26ae447fba2326c79329271a3e4ecf7a30ebd1c813d21b4091fdbaabaa7aa,308e9b2c9369348c51fa8ce1cfb7541c7cf4b5276d9b9abc27de84e7fcc74ee7,"{""circuit"":""surface_code:rotated_memory_x"",""cluster_node_limit"":50,""d"":3,""decoder"":""mwpf"",""decoder_type"":""SolverSerialJointSingleHair"",""p"":0.015,""p_erase"":0.015,""r"":3,""run_id"":""b44761db4df8b64c8917c437ae7fe1c452a55149c1dc7a5ca0f619d5bff0315c""}",
        51,         0,         0,   0.004,mwpf__06e26ae447fba2326c79329271a3e4ecf7a30ebd1c813d21b4091fdbaabaa7aa,308e9b2c9369348c51fa8ce1cfb7541c7cf4b5276d9b9abc27de84e7fcc74ee7,"{""circuit"":""surface_code:rotated_memory_x"",""cluster_node_limit"":50,""d"":3,""decoder"":""mwpf"",""decoder_type"":""SolverSerialJointSingleHair"",""p"":0.015,""p_erase"":0.015,""r"":3,""run_id"":""b44761db4df8b64c8917c437ae7fe1c452a55149c1dc7a5ca0f619d5bff0315c""}",
       126,         2,         0,   0.010,mwpf__06e26ae447fba2326c79329271a3e4ecf7a30ebd1c813d21b4091fdbaabaa7aa,308e9b2c9369348c51fa8ce1cfb7541c7cf4b5276d9b9abc27de84e7fcc74ee7,"{""circuit"":""surface_code:rotated_memory_x"",""cluster_node_limit"":50,""d"":3,""decoder"":""mwpf"",""decoder_type"":""SolverSerialJointSingleHair"",""p"":0.015,""p_erase"":0.015,""r"":3,""run_id"":""b44761db4df8b64c8917c437ae7fe1c452a55149c1dc7a5ca0f619d5bff0315c""}",
       508,         1,         0,   0.067,mwpf__06e26ae447fba2326c79329271a3e4ecf7a30ebd1c813d21b4091fdbaabaa7aa,308e9b2c9369348c51fa8ce1cfb7541c7cf4b5276d9b9abc27de84e7fcc74ee7,"{""circuit"":""surface_code:rotated_memory_x"",""cluster_node_limit"":50,""d"":3,""decoder"":""mwpf"",""decoder_type"":""SolverSerialJointSingleHair"",""p"":0.015,""p_erase"":0.015,""r"":3,""run_id"":""b44761db4df8b64c8917c437ae7fe1c452a55149c1dc7a5ca0f619d5bff0315c""}",
       325,         2,         0,   0.035,mwpf__06e26ae447fba2326c79329271a3e4ecf7a30ebd1c813d21b4091fdbaabaa7aa,308e9b2c9369348c51fa8ce1cfb7541c7cf4b5276d9b9abc27de84e7fcc74ee7,"{""circuit"":""surface_code:rotated_memory_x"",""cluster_node_limit"":50,""d"":3,""decoder"":""mwpf"",""decoder_type"":""SolverSerialJointSingleHair"",""p"":0.015,""p_erase"":0.015,""r"":3,""run_id"":""b44761db4df8b64c8917c437ae7fe1c452a55149c1dc7a5ca0f619d5bff0315c""}",
       686,         7,         0,   0.080,mwpf__06e26ae447fba2326c79329271a3e4ecf7a30ebd1c813d21b4091fdbaabaa7aa,308e9b2c9369348c51fa8ce1cfb7541c7cf4b5276d9b9abc27de84e7fcc74ee7,"{""circuit"":""surface_code:rotated_memory_x"",""cluster_node_limit"":50,""d"":3,""decoder"":""mwpf"",""decoder_type"":""SolverSerialJointSingleHair"",""p"":0.015,""p_erase"":0.015,""r"":3,""run_id"":""b44761db4df8b64c8917c437ae7fe1c452a55149c1dc7a5ca0f619d5bff0315c""}",
       402,         5,         0,   0.050,mwpf__06e26ae447fba2326c79329271a3e4ecf7a30ebd1c813d21b4091fdbaabaa7aa,308e9b2c9369348c51fa8ce1cfb7541c7cf4b5276d9b9abc27de84e7fcc74ee7,"{""circuit"":""surface_code:rotated_memory_x"",""cluster_node_limit"":50,""d"":3,""decoder"":""mwpf"",""decoder_type"":""SolverSerialJointSingleHair"",""p"":0.015,""p_erase"":0.015,""r"":3,""run_id"":""b44761db4df8b64c8917c437ae7fe1c452a55149c1dc7a5ca0f619d5bff0315c""}",
        26,         0,         0,   0.001,mwpf__bbbb95ae8dfd216392d93d271ab853220d7a01380e740dc79365759e9487ffb2,d994fe02c85cb3c768399acfffda9f01e9344d65a7427484376e8d07bf72dce7,"{""circuit"":""surface_code:rotated_memory_x"",""cluster_node_limit"":50,""d"":3,""decoder"":""mwpf"",""decoder_type"":""SolverSerialJointSingleHair"",""p"":0.004,""p_erase"":0.004,""r"":3,""run_id"":""90efa888ab0be85c6dc82d20d594fb219f455db906f7e8f7ad923a214270e30c""}",
         1,         0,         0,   0.000,mwpf__bbbb95ae8dfd216392d93d271ab853220d7a01380e740dc79365759e9487ffb2,d994fe02c85cb3c768399acfffda9f01e9344d65a7427484376e8d07bf72dce7,"{""circuit"":""surface_code:rotated_memory_x"",""cluster_node_limit"":50,""d"":3,""decoder"":""mwpf"",""decoder_type"":""SolverSerialJointSingleHair"",""p"":0.004,""p_erase"":0.004,""r"":3,""run_id"":""90efa888ab0be85c6dc82d20d594fb219f455db906f7e8f7ad923a214270e30c""}",
        26,         0,         0,   0.002,mwpf__bbbb95ae8dfd216392d93d271ab853220d7a01380e740dc79365759e9487ffb2,d994fe02c85cb3c768399acfffda9f01e9344d65a7427484376e8d07bf72dce7,"{""circuit"":""surface_code:rotated_memory_x"",""cluster_node_limit"":50,""d"":3,""decoder"":""mwpf"",""decoder_type"":""SolverSerialJointSingleHair"",""p"":0.004,""p_erase"":0.004,""r"":3,""run_id"":""90efa888ab0be85c6dc82d20d594fb219f455db906f7e8f7ad923a214270e30c""}",
        26,         0,         0,   0.002,mwpf__bbbb95ae8dfd216392d93d271ab853220d7a01380e740dc79365759e9487ffb2,d994fe02c85cb3c768399acfffda9f01e9344d65a7427484376e8d07bf72dce7,"{""circuit"":""surface_code:rotated_memory_x"",""cluster_node_limit"":50,""d"":3,""decoder"":""mwpf"",""decoder_type"":""SolverSerialJointSingleHair"",""p"":0.004,""p_erase"":0.004,""r"":3,""run_id"":""90efa888ab0be85c6dc82d20d594fb219f455db906f7e8f7ad923a214270e30c""}",
        24,         0,         0,   0.002,mwpf__bbbb95ae8dfd216392d93d271ab853220d7a01380e740dc79365759e9487ffb2,d994fe02c85cb3c768399acfffda9f01e9344d65a7427484376e8d07bf72dce7,"{""circuit"":""surface_code:rotated_memory_x"",""cluster_node_limit"":50,""d"":3,""decoder"":""mwpf"",""decoder_type"":""SolverSerialJointSingleHair"",""p"":0.004,""p_erase"":0.004,""r"":3,""run_id"":""90efa888ab0be85c6dc82d20d594fb219f455db906f7e8f7ad923a214270e30c""}",
        20,         0,         0,   0.002,mwpf__bbbb95ae8dfd216392d93d271ab853220d7a01380e740dc79365759e9487ffb2,d994fe02c85cb3c768399acfffda9f01e9344d65a7427484376e8d07bf72dce7,"{""circuit"":""surface_code:rotated_memory_x"",""cluster_node_limit"":50,""d"":3,""decoder"":""mwpf"",""decoder_type"":""SolverSerialJointSingleHair"",""p"":0.004,""p_erase"":0.004,""r"":3,""run_id"":""90efa888ab0be85c6dc82d20d594fb219f455db906f7e8f7ad923a214270e30c""}",
        23,         0,         0,   0.002,mwpf__bbbb95ae8dfd216392d93d271ab853220d7a01380e740dc79365759e9487ffb2,d994fe02c85cb3c768399acfffda9f01e9344d65a7427484376e8d07bf72dce7,"{""circuit"":""surface_code:rotated_memory_x"",""cluster_node_limit"":50,""d"":3,""decoder"":""mwpf"",""decoder_type"":""SolverSerialJointSingleHair"",""p"":0.004,""p_erase"":0.004,""r"":3,""run_id"":""90efa888ab0be85c6dc82d20d594fb219f455db906f7e8f7ad923a214270e30c""}",
         3,         0,         0,   0.000,mwpf__bbbb95ae8dfd216392d93d271ab853220d7a01380e740dc79365759e9487ffb2,d994fe02c85cb3c768399acfffda9f01e9344d65a7427484376e8d07bf72dce7,"{""circuit"":""surface_code:rotated_memory_x"",""cluster_node_limit"":50,""d"":3,""decoder"":""mwpf"",""decoder_type"":""SolverSerialJointSingleHair"",""p"":0.004,""p_erase"":0.004,""r"":3,""run_id"":""90efa888ab0be85c6dc82d20d594fb219f455db906f7e8f7ad923a214270e30c""}",
         2,         0,         0,   0.000,mwpf__bbbb95ae8dfd216392d93d271ab853220d7a01380e740dc79365759e9487ffb2,d994fe02c85cb3c768399acfffda9f01e9344d65a7427484376e8d07bf72dce7,"{""circuit"":""surface_code:rotated_memory_x"",""cluster_node_limit"":50,""d"":3,""decoder"":""mwpf"",""decoder_type"":""SolverSerialJointSingleHair"",""p"":0.004,""p_erase"":0.004,""r"":3,""run_id"":""90efa888ab0be85c6dc82d20d594fb219f455db906f7e8f7ad923a214270e30c""}",
         3,         0,         0,   0.000,mwpf__bbbb95ae8dfd216392d93d271ab853220d7a01380e740dc79365759e9487ffb2,d994fe02c85cb3c768399acfffda9f01e9344d65a7427484376e8d07bf72dce7,"{""circuit"":""surface_code:rotated_memory_x"",""cluster_node_limit"":50,""d"":3,""decoder"":""mwpf"",""decoder_type"":""SolverSerialJointSingleHair"",""p"":0.004,""p_erase"":0.004,""r"":3,""run_id"":""90efa888ab0be85c6dc82d20d594fb219f455db906f7e8f7ad923a214270e30c""}",
        65,         0,         0,   0.004,mwpf__f4eaffc7e8b345bd4ed12e044b14c9eca5eb9d6063d64430985ec7c298159463,1c0b2318b8e500ddb1032a5e330292dd6110fcabf993e79d05dcfbebeb6f8881,"{""circuit"":""surface_code:rotated_memory_x"",""cluster_node_limit"":50,""d"":3,""decoder"":""mwpf"",""decoder_type"":""SolverSerialJointSingleHair"",""p"":0.01,""p_erase"":0.01,""r"":3,""run_id"":""5b6db69d825a9e1af451573dd00a4a7082d74a5e74fde81d397d7b0bcc5645b2""}",
        19,         0,         0,   0.001,mwpf__2d43dbac6f220be8e75258fcbaa1915a92302bec253b831525bc35e7adeec1b6,64b3d9f5baf6f09488c41396f9407eb7cf2e57debde21e687e5552cba9d5418a,"{""circuit"":""surface_code:rotated_memory_x"",""cluster_node_limit"":50,""d"":3,""decoder"":""mwpf"",""decoder_type"":""SolverSerialJointSingleHair"",""p"":0.009,""p_erase"":0.009,""r"":3,""run_id"":""f3773bbf3001f7044304ac6a12d9ddb4d020a1b2b51ce7b475f4f14944f915f3""}",
        65,         0,         0,   0.008,mwpf__f4eaffc7e8b345bd4ed12e044b14c9eca5eb9d6063d64430985ec7c298159463,1c0b2318b8e500ddb1032a5e330292dd6110fcabf993e79d05dcfbebeb6f8881,"{""circuit"":""surface_code:rotated_memory_x"",""cluster_node_limit"":50,""d"":3,""decoder"":""mwpf"",""decoder_type"":""SolverSerialJointSingleHair"",""p"":0.01,""p_erase"":0.01,""r"":3,""run_id"":""5b6db69d825a9e1af451573dd00a4a7082d74a5e74fde81d397d7b0bcc5645b2""}",
        14,         0,         0,   0.002,mwpf__2d43dbac6f220be8e75258fcbaa1915a92302bec253b831525bc35e7adeec1b6,64b3d9f5baf6f09488c41396f9407eb7cf2e57debde21e687e5552cba9d5418a,"{""circuit"":""surface_code:rotated_memory_x"",""cluster_node_limit"":50,""d"":3,""decoder"":""mwpf"",""decoder_type"":""SolverSerialJointSingleHair"",""p"":0.009,""p_erase"":0.009,""r"":3,""run_id"":""f3773bbf3001f7044304ac6a12d9ddb4d020a1b2b51ce7b475f4f14944f915f3""}",
        56,         0,         0,   0.006,mwpf__f4eaffc7e8b345bd4ed12e044b14c9eca5eb9d6063d64430985ec7c298159463,1c0b2318b8e500ddb1032a5e330292dd6110fcabf993e79d05dcfbebeb6f8881,"{""circuit"":""surface_code:rotated_memory_x"",""cluster_node_limit"":50,""d"":3,""decoder"":""mwpf"",""decoder_type"":""SolverSerialJointSingleHair"",""p"":0.01,""p_erase"":0.01,""r"":3,""run_id"":""5b6db69d825a9e1af451573dd00a4a7082d74a5e74fde81d397d7b0bcc5645b2""}",
        19,         0,         0,   0.002,mwpf__2d43dbac6f220be8e75258fcbaa1915a92302bec253b831525bc35e7adeec1b6,64b3d9f5baf6f09488c41396f9407eb7cf2e57debde21e687e5552cba9d5418a,"{""circuit"":""surface_code:rotated_memory_x"",""cluster_node_limit"":50,""d"":3,""decoder"":""mwpf"",""decoder_type"":""SolverSerialJointSingleHair"",""p"":0.009,""p_erase"":0.009,""r"":3,""run_id"":""f3773bbf3001f7044304ac6a12d9ddb4d020a1b2b51ce7b475f4f14944f915f3""}",
        56,         0,         0,   0.006,mwpf__f4eaffc7e8b345bd4ed12e044b14c9eca5eb9d6063d64430985ec7c298159463,1c0b2318b8e500ddb1032a5e330292dd6110fcabf993e79d05dcfbebeb6f8881,"{""circuit"":""surface_code:rotated_memory_x"",""cluster_node_limit"":50,""d"":3,""decoder"":""mwpf"",""decoder_type"":""SolverSerialJointSingleHair"",""p"":0.01,""p_erase"":0.01,""r"":3,""run_id"":""5b6db69d825a9e1af451573dd00a4a7082d74a5e74fde81d397d7b0bcc5645b2""}",
        19,         0,         0,   0.002,mwpf__2d43dbac6f220be8e75258fcbaa1915a92302bec253b831525bc35e7adeec1b6,64b3d9f5baf6f09488c41396f9407eb7cf2e57debde21e687e5552cba9d5418a,"{""circuit"":""surface_code:rotated_memory_x"",""cluster_node_limit"":50,""d"":3,""decoder"":""mwpf"",""decoder_type"":""SolverSerialJointSingleHair"",""p"":0.009,""p_erase"":0.009,""r"":3,""run_id"":""f3773bbf3001f7044304ac6a12d9ddb4d020a1b2b51ce7b475f4f14944f915f3""}",
        56,         0,         0,   0.006,mwpf__f4eaffc7e8b345bd4ed12e044b14c9eca5eb9d6063d64430985ec7c298159463,1c0b2318b8e500ddb1032a5e330292dd6110fcabf993e79d05dcfbebeb6f8881,"{""circuit"":""surface_code:rotated_memory_x"",""cluster_node_limit"":50,""d"":3,""decoder"":""mwpf"",""decoder_type"":""SolverSerialJointSingleHair"",""p"":0.01,""p_erase"":0.01,""r"":3,""run_id"":""5b6db69d825a9e1af451573dd00a4a7082d74a5e74fde81d397d7b0bcc5645b2""}",
        16,         0,         0,   0.002,mwpf__2d43dbac6f220be8e75258fcbaa1915a92302bec253b831525bc35e7adeec1b6,64b3d9f5baf6f09488c41396f9407eb7cf2e57debde21e687e5552cba9d5418a,"{""circuit"":""surface_code:rotated_memory_x"",""cluster_node_limit"":50,""d"":3,""decoder"":""mwpf"",""decoder_type"":""SolverSerialJointSingleHair"",""p"":0.009,""p_erase"":0.009,""r"":3,""run_id"":""f3773bbf3001f7044304ac6a12d9ddb4d020a1b2b51ce7b475f4f14944f915f3""}",
        27,         0,         0,   0.001,mwpf__f4eaffc7e8b345bd4ed12e044b14c9eca5eb9d6063d64430985ec7c298159463,1c0b2318b8e500ddb1032a5e330292dd6110fcabf993e79d05dcfbebeb6f8881,"{""circuit"":""surface_code:rotated_memory_x"",""cluster_node_limit"":50,""d"":3,""decoder"":""mwpf"",""decoder_type"":""SolverSerialJointSingleHair"",""p"":0.01,""p_erase"":0.01,""r"":3,""run_id"":""5b6db69d825a9e1af451573dd00a4a7082d74a5e74fde81d397d7b0bcc5645b2""}",
        56,         0,         0,   0.007,mwpf__f4eaffc7e8b345bd4ed12e044b14c9eca5eb9d6063d64430985ec7c298159463,1c0b2318b8e500ddb1032a5e330292dd6110fcabf993e79d05dcfbebeb6f8881,"{""circuit"":""surface_code:rotated_memory_x"",""cluster_node_limit"":50,""d"":3,""decoder"":""mwpf"",""decoder_type"":""SolverSerialJointSingleHair"",""p"":0.01,""p_erase"":0.01,""r"":3,""run_id"":""5b6db69d825a9e1af451573dd00a4a7082d74a5e74fde81d397d7b0bcc5645b2""}",
        16,         0,         0,   0.001,mwpf__2d43dbac6f220be8e75258fcbaa1915a92302bec253b831525bc35e7adeec1b6,64b3d9f5baf6f09488c41396f9407eb7cf2e57debde21e687e5552cba9d5418a,"{""circuit"":""surface_code:rotated_memory_x"",""cluster_node_limit"":50,""d"":3,""decoder"":""mwpf"",""decoder_type"":""SolverSerialJointSingleHair"",""p"":0.009,""p_erase"":0.009,""r"":3,""run_id"":""f3773bbf3001f7044304ac6a12d9ddb4d020a1b2b51ce7b475f4f14944f915f3""}",
        16,         0,         0,   0.002,mwpf__2d43dbac6f220be8e75258fcbaa1915a92302bec253b831525bc35e7adeec1b6,64b3d9f5baf6f09488c41396f9407eb7cf2e57debde21e687e5552cba9d5418a,"{""circuit"":""surface_code:rotated_memory_x"",""cluster_node_limit"":50,""d"":3,""decoder"":""mwpf"",""decoder_type"":""SolverSerialJointSingleHair"",""p"":0.009,""p_erase"":0.009,""r"":3,""run_id"":""f3773bbf3001f7044304ac6a12d9ddb4d020a1b2b51ce7b475f4f14944f915f3""}",
         3,         0,         0,   0.000,mwpf__2d43dbac6f220be8e75258fcbaa1915a92302bec253b831525bc35e7adeec1b6,64b3d9f5baf6f09488c41396f9407eb7cf2e57debde21e687e5552cba9d5418a,"{""circuit"":""surface_code:rotated_memory_x"",""cluster_node_limit"":50,""d"":3,""decoder"":""mwpf"",""decoder_type"":""SolverSerialJointSingleHair"",""p"":0.009,""p_erase"":0.009,""r"":3,""run_id"":""f3773bbf3001f7044304ac6a12d9ddb4d020a1b2b51ce7b475f4f14944f915f3""}",
         3,         0,         0,   0.000,mwpf__2d43dbac6f220be8e75258fcbaa1915a92302bec253b831525bc35e7adeec1b6,64b3d9f5baf6f09488c41396f9407eb7cf2e57debde21e687e5552cba9d5418a,"{""circuit"":""surface_code:rotated_memory_x"",""cluster_node_limit"":50,""d"":3,""decoder"":""mwpf"",""decoder_type"":""SolverSerialJointSingleHair"",""p"":0.009,""p_erase"":0.009,""r"":3,""run_id"":""f3773bbf3001f7044304ac6a12d9ddb4d020a1b2b51ce7b475f4f14944f915f3""}",
         2,         0,         0,   0.000,mwpf__f4eaffc7e8b345bd4ed12e044b14c9eca5eb9d6063d64430985ec7c298159463,1c0b2318b8e500ddb1032a5e330292dd6110fcabf993e79d05dcfbebeb6f8881,"{""circuit"":""surface_code:rotated_memory_x"",""cluster_node_limit"":50,""d"":3,""decoder"":""mwpf"",""decoder_type"":""SolverSerialJointSingleHair"",""p"":0.01,""p_erase"":0.01,""r"":3,""run_id"":""5b6db69d825a9e1af451573dd00a4a7082d74a5e74fde81d397d7b0bcc5645b2""}",
         3,         0,         0,   0.000,mwpf__2d43dbac6f220be8e75258fcbaa1915a92302bec253b831525bc35e7adeec1b6,64b3d9f5baf6f09488c41396f9407eb7cf2e57debde21e687e5552cba9d5418a,"{""circuit"":""surface_code:rotated_memory_x"",""cluster_node_limit"":50,""d"":3,""decoder"":""mwpf"",""decoder_type"":""SolverSerialJointSingleHair"",""p"":0.009,""p_erase"":0.009,""r"":3,""run_id"":""f3773bbf3001f7044304ac6a12d9ddb4d020a1b2b51ce7b475f4f14944f915f3""}",
         7,         0,         0,   0.000,mwpf__bbbb95ae8dfd216392d93d271ab853220d7a01380e740dc79365759e9487ffb2,d994fe02c85cb3c768399acfffda9f01e9344d65a7427484376e8d07bf72dce7,"{""circuit"":""surface_code:rotated_memory_x"",""cluster_node_limit"":50,""d"":3,""decoder"":""mwpf"",""decoder_type"":""SolverSerialJointSingleHair"",""p"":0.004,""p_erase"":0.004,""r"":3,""run_id"":""90efa888ab0be85c6dc82d20d594fb219f455db906f7e8f7ad923a214270e30c""}",
         3,         0,         0,   0.000,mwpf__bbbb95ae8dfd216392d93d271ab853220d7a01380e740dc79365759e9487ffb2,d994fe02c85cb3c768399acfffda9f01e9344d65a7427484376e8d07bf72dce7,"{""circuit"":""surface_code:rotated_memory_x"",""cluster_node_limit"":50,""d"":3,""decoder"":""mwpf"",""decoder_type"":""SolverSerialJointSingleHair"",""p"":0.004,""p_erase"":0.004,""r"":3,""run_id"":""90efa888ab0be85c6dc82d20d594fb219f455db906f7e8f7ad923a214270e30c""}",
         2,         0,         0,   0.000,mwpf__bbbb95ae8dfd216392d93d271ab853220d7a01380e740dc79365759e9487ffb2,d994fe02c85cb3c768399acfffda9f01e9344d65a7427484376e8d07bf72dce7,"{""circuit"":""surface_code:rotated_memory_x"",""cluster_node_limit"":50,""d"":3,""decoder"":""mwpf"",""decoder_type"":""SolverSerialJointSingleHair"",""p"":0.004,""p_erase"":0.004,""r"":3,""run_id"":""90efa888ab0be85c6dc82d20d594fb219f455db906f7e8f7ad923a214270e30c""}",
        17,         0,         0,   0.001,mwpf__f4eaffc7e8b345bd4ed12e044b14c9eca5eb9d6063d64430985ec7c298159463,1c0b2318b8e500ddb1032a5e330292dd6110fcabf993e79d05dcfbebeb6f8881,"{""circuit"":""surface_code:rotated_memory_x"",""cluster_node_limit"":50,""d"":3,""decoder"":""mwpf"",""decoder_type"":""SolverSerialJointSingleHair"",""p"":0.01,""p_erase"":0.01,""r"":3,""run_id"":""5b6db69d825a9e1af451573dd00a4a7082d74a5e74fde81d397d7b0bcc5645b2""}",
         6,         0,         0,   0.000,mwpf__bbbb95ae8dfd216392d93d271ab853220d7a01380e740dc79365759e9487ffb2,d994fe02c85cb3c768399acfffda9f01e9344d65a7427484376e8d07bf72dce7,"{""circuit"":""surface_code:rotated_memory_x"",""cluster_node_limit"":50,""d"":3,""decoder"":""mwpf"",""decoder_type"":""SolverSerialJointSingleHair"",""p"":0.004,""p_erase"":0.004,""r"":3,""run_id"":""90efa888ab0be85c6dc82d20d594fb219f455db906f7e8f7ad923a214270e30c""}",
         9,         0,         0,   0.001,mwpf__f4eaffc7e8b345bd4ed12e044b14c9eca5eb9d6063d64430985ec7c298159463,1c0b2318b8e500ddb1032a5e330292dd6110fcabf993e79d05dcfbebeb6f8881,"{""circuit"":""surface_code:rotated_memory_x"",""cluster_node_limit"":50,""d"":3,""decoder"":""mwpf"",""decoder_type"":""SolverSerialJointSingleHair"",""p"":0.01,""p_erase"":0.01,""r"":3,""run_id"":""5b6db69d825a9e1af451573dd00a4a7082d74a5e74fde81d397d7b0bcc5645b2""}",
         6,         0,         0,   0.001,mwpf__bbbb95ae8dfd216392d93d271ab853220d7a01380e740dc79365759e9487ffb2,d994fe02c85cb3c768399acfffda9f01e9344d65a7427484376e8d07bf72dce7,"{""circuit"":""surface_code:rotated_memory_x"",""cluster_node_limit"":50,""d"":3,""decoder"":""mwpf"",""decoder_type"":""SolverSerialJointSingleHair"",""p"":0.004,""p_erase"":0.004,""r"":3,""run_id"":""90efa888ab0be85c6dc82d20d594fb219f455db906f7e8f7ad923a214270e30c""}",
         1,         0,         0,   0.000,mwpf__bbbb95ae8dfd216392d93d271ab853220d7a01380e740dc79365759e9487ffb2,d994fe02c85cb3c768399acfffda9f01e9344d65a7427484376e8d07bf72dce7,"{""circuit"":""surface_code:rotated_memory_x"",""cluster_node_limit"":50,""d"":3,""decoder"":""mwpf"",""decoder_type"":""SolverSerialJointSingleHair"",""p"":0.004,""p_erase"":0.004,""r"":3,""run_id"":""90efa888ab0be85c6dc82d20d594fb219f455db906f7e8f7ad923a214270e30c""}",
         5,         0,         0,   0.001,mwpf__f4eaffc7e8b345bd4ed12e044b14c9eca5eb9d6063d64430985ec7c298159463,1c0b2318b8e500ddb1032a5e330292dd6110fcabf993e79d05dcfbebeb6f8881,"{""circuit"":""surface_code:rotated_memory_x"",""cluster_node_limit"":50,""d"":3,""decoder"":""mwpf"",""decoder_type"":""SolverSerialJointSingleHair"",""p"":0.01,""p_erase"":0.01,""r"":3,""run_id"":""5b6db69d825a9e1af451573dd00a4a7082d74a5e74fde81d397d7b0bcc5645b2""}",
        15,         0,         0,   0.002,mwpf__f4eaffc7e8b345bd4ed12e044b14c9eca5eb9d6063d64430985ec7c298159463,1c0b2318b8e500ddb1032a5e330292dd6110fcabf993e79d05dcfbebeb6f8881,"{""circuit"":""surface_code:rotated_memory_x"",""cluster_node_limit"":50,""d"":3,""decoder"":""mwpf"",""decoder_type"":""SolverSerialJointSingleHair"",""p"":0.01,""p_erase"":0.01,""r"":3,""run_id"":""5b6db69d825a9e1af451573dd00a4a7082d74a5e74fde81d397d7b0bcc5645b2""}",
        15,         0,         0,   0.002,mwpf__f4eaffc7e8b345bd4ed12e044b14c9eca5eb9d6063d64430985ec7c298159463,1c0b2318b8e500ddb1032a5e330292dd6110fcabf993e79d05dcfbebeb6f8881,"{""circuit"":""surface_code:rotated_memory_x"",""cluster_node_limit"":50,""d"":3,""decoder"":""mwpf"",""decoder_type"":""SolverSerialJointSingleHair"",""p"":0.01,""p_erase"":0.01,""r"":3,""run_id"":""5b6db69d825a9e1af451573dd00a4a7082d74a5e74fde81d397d7b0bcc5645b2""}",
         1,         0,         0,   0.000,mwpf__bbbb95ae8dfd216392d93d271ab853220d7a01380e740dc79365759e9487ffb2,d994fe02c85cb3c768399acfffda9f01e9344d65a7427484376e8d07bf72dce7,"{""circuit"":""surface_code:rotated_memory_x"",""cluster_node_limit"":50,""d"":3,""decoder"":""mwpf"",""decoder_type"":""SolverSerialJointSingleHair"",""p"":0.004,""p_erase"":0.004,""r"":3,""run_id"":""90efa888ab0be85c6dc82d20d594fb219f455db906f7e8f7ad923a214270e30c""}",
         2,         0,         0,   0.000,mwpf__f4eaffc7e8b345bd4ed12e044b14c9eca5eb9d6063d64430985ec7c298159463,1c0b2318b8e500ddb1032a5e330292dd6110fcabf993e79d05dcfbebeb6f8881,"{""circuit"":""surface_code:rotated_memory_x"",""cluster_node_limit"":50,""d"":3,""decoder"":""mwpf"",""decoder_type"":""SolverSerialJointSingleHair"",""p"":0.01,""p_erase"":0.01,""r"":3,""run_id"":""5b6db69d825a9e1af451573dd00a4a7082d74a5e74fde81d397d7b0bcc5645b2""}",
         2,         0,         0,   0.000,mwpf__f4eaffc7e8b345bd4ed12e044b14c9eca5eb9d6063d64430985ec7c298159463,1c0b2318b8e500ddb1032a5e330292dd6110fcabf993e79d05dcfbebeb6f8881,"{""circuit"":""surface_code:rotated_memory_x"",""cluster_node_limit"":50,""d"":3,""decoder"":""mwpf"",""decoder_type"":""SolverSerialJointSingleHair"",""p"":0.01,""p_erase"":0.01,""r"":3,""run_id"":""5b6db69d825a9e1af451573dd00a4a7082d74a5e74fde81d397d7b0bcc5645b2""}",
         9,         0,         0,   0.001,mwpf__f4eaffc7e8b345bd4ed12e044b14c9eca5eb9d6063d64430985ec7c298159463,1c0b2318b8e500ddb1032a5e330292dd6110fcabf993e79d05dcfbebeb6f8881,"{""circuit"":""surface_code:rotated_memory_x"",""cluster_node_limit"":50,""d"":3,""decoder"":""mwpf"",""decoder_type"":""SolverSerialJointSingleHair"",""p"":0.01,""p_erase"":0.01,""r"":3,""run_id"":""5b6db69d825a9e1af451573dd00a4a7082d74a5e74fde81d397d7b0bcc5645b2""}",
         9,         0,         0,   0.001,mwpf__f4eaffc7e8b345bd4ed12e044b14c9eca5eb9d6063d64430985ec7c298159463,1c0b2318b8e500ddb1032a5e330292dd6110fcabf993e79d05dcfbebeb6f8881,"{""circuit"":""surface_code:rotated_memory_x"",""cluster_node_limit"":50,""d"":3,""decoder"":""mwpf"",""decoder_type"":""SolverSerialJointSingleHair"",""p"":0.01,""p_erase"":0.01,""r"":3,""run_id"":""5b6db69d825a9e1af451573dd00a4a7082d74a5e74fde81d397d7b0bcc5645b2""}",
         7,         0,         0,   0.001,mwpf__f4eaffc7e8b345bd4ed12e044b14c9eca5eb9d6063d64430985ec7c298159463,1c0b2318b8e500ddb1032a5e330292dd6110fcabf993e79d05dcfbebeb6f8881,"{""circuit"":""surface_code:rotated_memory_x"",""cluster_node_limit"":50,""d"":3,""decoder"":""mwpf"",""decoder_type"":""SolverSerialJointSingleHair"",""p"":0.01,""p_erase"":0.01,""r"":3,""run_id"":""5b6db69d825a9e1af451573dd00a4a7082d74a5e74fde81d397d7b0bcc5645b2""}",
         7,         0,         0,   0.001,mwpf__f4eaffc7e8b345bd4ed12e044b14c9eca5eb9d6063d64430985ec7c298159463,1c0b2318b8e500ddb1032a5e330292dd6110fcabf993e79d05dcfbebeb6f8881,"{""circuit"":""surface_code:rotated_memory_x"",""cluster_node_limit"":50,""d"":3,""decoder"":""mwpf"",""decoder_type"":""SolverSerialJointSingleHair"",""p"":0.01,""p_erase"":0.01,""r"":3,""run_id"":""5b6db69d825a9e1af451573dd00a4a7082d74a5e74fde81d397d7b0bcc5645b2""}",
         2,         0,         0,   0.000,mwpf__f4eaffc7e8b345bd4ed12e044b14c9eca5eb9d6063d64430985ec7c298159463,1c0b2318b8e500ddb1032a5e330292dd6110fcabf993e79d05dcfbebeb6f8881,"{""circuit"":""surface_code:rotated_memory_x"",""cluster_node_limit"":50,""d"":3,""decoder"":""mwpf"",""decoder_type"":""SolverSerialJointSingleHair"",""p"":0.01,""p_erase"":0.01,""r"":3,""run_id"":""5b6db69d825a9e1af451573dd00a4a7082d74a5e74fde81d397d7b0bcc5645b2""}",
         7,         0,         0,   0.001,mwpf__f4eaffc7e8b345bd4ed12e044b14c9eca5eb9d6063d64430985ec7c298159463,1c0b2318b8e500ddb1032a5e330292dd6110fcabf993e79d05dcfbebeb6f8881,"{""circuit"":""surface_code:rotated_memory_x"",""cluster_node_limit"":50,""d"":3,""decoder"":""mwpf"",""decoder_type"":""SolverSerialJointSingleHair"",""p"":0.01,""p_erase"":0.01,""r"":3,""run_id"":""5b6db69d825a9e1af451573dd00a4a7082d74a5e74fde81d397d7b0bcc5645b2""}",
         7,         0,         0,   0.001,mwpf__f4eaffc7e8b345bd4ed12e044b14c9eca5eb9d6063d64430985ec7c298159463,1c0b2318b8e500ddb1032a5e330292dd6110fcabf993e79d05dcfbebeb6f8881,"{""circuit"":""surface_code:rotated_memory_x"",""cluster_node_limit"":50,""d"":3,""decoder"":""mwpf"",""decoder_type"":""SolverSerialJointSingleHair"",""p"":0.01,""p_erase"":0.01,""r"":3,""run_id"":""5b6db69d825a9e1af451573dd00a4a7082d74a5e74fde81d397d7b0bcc5645b2""}",
         7,         0,         0,   0.001,mwpf__f4eaffc7e8b345bd4ed12e044b14c9eca5eb9d6063d64430985ec7c298159463,1c0b2318b8e500ddb1032a5e330292dd6110fcabf993e79d05dcfbebeb6f8881,"{""circuit"":""surface_code:rotated_memory_x"",""cluster_node_limit"":50,""d"":3,""decoder"":""mwpf"",""decoder_type"":""SolverSerialJointSingleHair"",""p"":0.01,""p_erase"":0.01,""r"":3,""run_id"":""5b6db69d825a9e1af451573dd00a4a7082d74a5e74fde81d397d7b0bcc5645b2""}",
         2,         0,         0,   0.000,mwpf__f4eaffc7e8b345bd4ed12e044b14c9eca5eb9d6063d64430985ec7c298159463,1c0b2318b8e500ddb1032a5e330292dd6110fcabf993e79d05dcfbebeb6f8881,"{""circuit"":""surface_code:rotated_memory_x"",""cluster_node_limit"":50,""d"":3,""decoder"":""mwpf"",""decoder_type"":""SolverSerialJointSingleHair"",""p"":0.01,""p_erase"":0.01,""r"":3,""run_id"":""5b6db69d825a9e1af451573dd00a4a7082d74a5e74fde81d397d7b0bcc5645b2""}",
        44,         1,         0,   0.004,mwpf__06e26ae447fba2326c79329271a3e4ecf7a30ebd1c813d21b4091fdbaabaa7aa,308e9b2c9369348c51fa8ce1cfb7541c7cf4b5276d9b9abc27de84e7fcc74ee7,"{""circuit"":""surface_code:rotated_memory_x"",""cluster_node_limit"":50,""d"":3,""decoder"":""mwpf"",""decoder_type"":""SolverSerialJointSingleHair"",""p"":0.015,""p_erase"":0.015,""r"":3,""run_id"":""b44761db4df8b64c8917c437ae7fe1c452a55149c1dc7a5ca0f619d5bff0315c""}",
         3,         0,         0,   0.001,mwpf__f4eaffc7e8b345bd4ed12e044b14c9eca5eb9d6063d64430985ec7c298159463,1c0b2318b8e500ddb1032a5e330292dd6110fcabf993e79d05dcfbebeb6f8881,"{""circuit"":""surface_code:rotated_memory_x"",""cluster_node_limit"":50,""d"":3,""decoder"":""mwpf"",""decoder_type"":""SolverSerialJointSingleHair"",""p"":0.01,""p_erase"":0.01,""r"":3,""run_id"":""5b6db69d825a9e1af451573dd00a4a7082d74a5e74fde81d397d7b0bcc5645b2""}",
        16,         0,         0,   0.001,mwpf__2d43dbac6f220be8e75258fcbaa1915a92302bec253b831525bc35e7adeec1b6,64b3d9f5baf6f09488c41396f9407eb7cf2e57debde21e687e5552cba9d5418a,"{""circuit"":""surface_code:rotated_memory_x"",""cluster_node_limit"":50,""d"":3,""decoder"":""mwpf"",""decoder_type"":""SolverSerialJointSingleHair"",""p"":0.009,""p_erase"":0.009,""r"":3,""run_id"":""f3773bbf3001f7044304ac6a12d9ddb4d020a1b2b51ce7b475f4f14944f915f3""}",
         3,         0,         0,   0.001,mwpf__2d43dbac6f220be8e75258fcbaa1915a92302bec253b831525bc35e7adeec1b6,64b3d9f5baf6f09488c41396f9407eb7cf2e57debde21e687e5552cba9d5418a,"{""circuit"":""surface_code:rotated_memory_x"",""cluster_node_limit"":50,""d"":3,""decoder"":""mwpf"",""decoder_type"":""SolverSerialJointSingleHair"",""p"":0.009,""p_erase"":0.009,""r"":3,""run_id"":""f3773bbf3001f7044304ac6a12d9ddb4d020a1b2b51ce7b475f4f14944f915f3""}",
        17,         0,         0,   0.001,mwpf__bbbb95ae8dfd216392d93d271ab853220d7a01380e740dc79365759e9487ffb2,d994fe02c85cb3c768399acfffda9f01e9344d65a7427484376e8d07bf72dce7,"{""circuit"":""surface_code:rotated_memory_x"",""cluster_node_limit"":50,""d"":3,""decoder"":""mwpf"",""decoder_type"":""SolverSerialJointSingleHair"",""p"":0.004,""p_erase"":0.004,""r"":3,""run_id"":""90efa888ab0be85c6dc82d20d594fb219f455db906f7e8f7ad923a214270e30c""}",
         2,         0,         0,   0.000,mwpf__f4eaffc7e8b345bd4ed12e044b14c9eca5eb9d6063d64430985ec7c298159463,1c0b2318b8e500ddb1032a5e330292dd6110fcabf993e79d05dcfbebeb6f8881,"{""circuit"":""surface_code:rotated_memory_x"",""cluster_node_limit"":50,""d"":3,""decoder"":""mwpf"",""decoder_type"":""SolverSerialJointSingleHair"",""p"":0.01,""p_erase"":0.01,""r"":3,""run_id"":""5b6db69d825a9e1af451573dd00a4a7082d74a5e74fde81d397d7b0bcc5645b2""}",
         1,         0,         0,   0.000,mwpf__f4eaffc7e8b345bd4ed12e044b14c9eca5eb9d6063d64430985ec7c298159463,1c0b2318b8e500ddb1032a5e330292dd6110fcabf993e79d05dcfbebeb6f8881,"{""circuit"":""surface_code:rotated_memory_x"",""cluster_node_limit"":50,""d"":3,""decoder"":""mwpf"",""decoder_type"":""SolverSerialJointSingleHair"",""p"":0.01,""p_erase"":0.01,""r"":3,""run_id"":""5b6db69d825a9e1af451573dd00a4a7082d74a5e74fde81d397d7b0bcc5645b2""}",
        44,         0,         0,   0.006,mwpf__06e26ae447fba2326c79329271a3e4ecf7a30ebd1c813d21b4091fdbaabaa7aa,308e9b2c9369348c51fa8ce1cfb7541c7cf4b5276d9b9abc27de84e7fcc74ee7,"{""circuit"":""surface_code:rotated_memory_x"",""cluster_node_limit"":50,""d"":3,""decoder"":""mwpf"",""decoder_type"":""SolverSerialJointSingleHair"",""p"":0.015,""p_erase"":0.015,""r"":3,""run_id"":""b44761db4df8b64c8917c437ae7fe1c452a55149c1dc7a5ca0f619d5bff0315c""}",
         1,         0,         0,   0.000,mwpf__bbbb95ae8dfd216392d93d271ab853220d7a01380e740dc79365759e9487ffb2,d994fe02c85cb3c768399acfffda9f01e9344d65a7427484376e8d07bf72dce7,"{""circuit"":""surface_code:rotated_memory_x"",""cluster_node_limit"":50,""d"":3,""decoder"":""mwpf"",""decoder_type"":""SolverSerialJointSingleHair"",""p"":0.004,""p_erase"":0.004,""r"":3,""run_id"":""90efa888ab0be85c6dc82d20d594fb219f455db906f7e8f7ad923a214270e30c""}",
         1,         0,         0,   0.000,mwpf__bbbb95ae8dfd216392d93d271ab853220d7a01380e740dc79365759e9487ffb2,d994fe02c85cb3c768399acfffda9f01e9344d65a7427484376e8d07bf72dce7,"{""circuit"":""surface_code:rotated_memory_x"",""cluster_node_limit"":50,""d"":3,""decoder"":""mwpf"",""decoder_type"":""SolverSerialJointSingleHair"",""p"":0.004,""p_erase"":0.004,""r"":3,""run_id"":""90efa888ab0be85c6dc82d20d594fb219f455db906f7e8f7ad923a214270e30c""}",
         1,         0,         0,   0.000,mwpf__bbbb95ae8dfd216392d93d271ab853220d7a01380e740dc79365759e9487ffb2,d994fe02c85cb3c768399acfffda9f01e9344d65a7427484376e8d07bf72dce7,"{""circuit"":""surface_code:rotated_memory_x"",""cluster_node_limit"":50,""d"":3,""decoder"":""mwpf"",""decoder_type"":""SolverSerialJointSingleHair"",""p"":0.004,""p_erase"":0.004,""r"":3,""run_id"":""90efa888ab0be85c6dc82d20d594fb219f455db906f7e8f7ad923a214270e30c""}",
         1,         0,         0,   0.000,mwpf__f4eaffc7e8b345bd4ed12e044b14c9eca5eb9d6063d64430985ec7c298159463,1c0b2318b8e500ddb1032a5e330292dd6110fcabf993e79d05dcfbebeb6f8881,"{""circuit"":""surface_code:rotated_memory_x"",""cluster_node_limit"":50,""d"":3,""decoder"":""mwpf"",""decoder_type"":""SolverSerialJointSingleHair"",""p"":0.01,""p_erase"":0.01,""r"":3,""run_id"":""5b6db69d825a9e1af451573dd00a4a7082d74a5e74fde81d397d7b0bcc5645b2""}",
        31,         0,         0,   0.003,mwpf__06e26ae447fba2326c79329271a3e4ecf7a30ebd1c813d21b4091fdbaabaa7aa,308e9b2c9369348c51fa8ce1cfb7541c7cf4b5276d9b9abc27de84e7fcc74ee7,"{""circuit"":""surface_code:rotated_memory_x"",""cluster_node_limit"":50,""d"":3,""decoder"":""mwpf"",""decoder_type"":""SolverSerialJointSingleHair"",""p"":0.015,""p_erase"":0.015,""r"":3,""run_id"":""b44761db4df8b64c8917c437ae7fe1c452a55149c1dc7a5ca0f619d5bff0315c""}",
        31,         1,         0,   0.005,mwpf__06e26ae447fba2326c79329271a3e4ecf7a30ebd1c813d21b4091fdbaabaa7aa,308e9b2c9369348c51fa8ce1cfb7541c7cf4b5276d9b9abc27de84e7fcc74ee7,"{""circuit"":""surface_code:rotated_memory_x"",""cluster_node_limit"":50,""d"":3,""decoder"":""mwpf"",""decoder_type"":""SolverSerialJointSingleHair"",""p"":0.015,""p_erase"":0.015,""r"":3,""run_id"":""b44761db4df8b64c8917c437ae7fe1c452a55149c1dc7a5ca0f619d5bff0315c""}",
         7,         0,         0,   0.001,mwpf__06e26ae447fba2326c79329271a3e4ecf7a30ebd1c813d21b4091fdbaabaa7aa,308e9b2c9369348c51fa8ce1cfb7541c7cf4b5276d9b9abc27de84e7fcc74ee7,"{""circuit"":""surface_code:rotated_memory_x"",""cluster_node_limit"":50,""d"":3,""decoder"":""mwpf"",""decoder_type"":""SolverSerialJointSingleHair"",""p"":0.015,""p_erase"":0.015,""r"":3,""run_id"":""b44761db4df8b64c8917c437ae7fe1c452a55149c1dc7a5ca0f619d5bff0315c""}",
         1,         0,         0,   0.000,mwpf__bbbb95ae8dfd216392d93d271ab853220d7a01380e740dc79365759e9487ffb2,d994fe02c85cb3c768399acfffda9f01e9344d65a7427484376e8d07bf72dce7,"{""circuit"":""surface_code:rotated_memory_x"",""cluster_node_limit"":50,""d"":3,""decoder"":""mwpf"",""decoder_type"":""SolverSerialJointSingleHair"",""p"":0.004,""p_erase"":0.004,""r"":3,""run_id"":""90efa888ab0be85c6dc82d20d594fb219f455db906f7e8f7ad923a214270e30c""}",
        39,         1,         0,   0.007,mwpf__06e26ae447fba2326c79329271a3e4ecf7a30ebd1c813d21b4091fdbaabaa7aa,308e9b2c9369348c51fa8ce1cfb7541c7cf4b5276d9b9abc27de84e7fcc74ee7,"{""circuit"":""surface_code:rotated_memory_x"",""cluster_node_limit"":50,""d"":3,""decoder"":""mwpf"",""decoder_type"":""SolverSerialJointSingleHair"",""p"":0.015,""p_erase"":0.015,""r"":3,""run_id"":""b44761db4df8b64c8917c437ae7fe1c452a55149c1dc7a5ca0f619d5bff0315c""}",
         1,         0,         0,   0.000,mwpf__bbbb95ae8dfd216392d93d271ab853220d7a01380e740dc79365759e9487ffb2,d994fe02c85cb3c768399acfffda9f01e9344d65a7427484376e8d07bf72dce7,"{""circuit"":""surface_code:rotated_memory_x"",""cluster_node_limit"":50,""d"":3,""decoder"":""mwpf"",""decoder_type"":""SolverSerialJointSingleHair"",""p"":0.004,""p_erase"":0.004,""r"":3,""run_id"":""90efa888ab0be85c6dc82d20d594fb219f455db906f7e8f7ad923a214270e30c""}",
         1,         0,         0,   0.000,mwpf__bbbb95ae8dfd216392d93d271ab853220d7a01380e740dc79365759e9487ffb2,d994fe02c85cb3c768399acfffda9f01e9344d65a7427484376e8d07bf72dce7,"{""circuit"":""surface_code:rotated_memory_x"",""cluster_node_limit"":50,""d"":3,""decoder"":""mwpf"",""decoder_type"":""SolverSerialJointSingleHair"",""p"":0.004,""p_erase"":0.004,""r"":3,""run_id"":""90efa888ab0be85c6dc82d20d594fb219f455db906f7e8f7ad923a214270e30c""}",
        27,         0,         0,   0.002,mwpf__06e26ae447fba2326c79329271a3e4ecf7a30ebd1c813d21b4091fdbaabaa7aa,308e9b2c9369348c51fa8ce1cfb7541c7cf4b5276d9b9abc27de84e7fcc74ee7,"{""circuit"":""surface_code:rotated_memory_x"",""cluster_node_limit"":50,""d"":3,""decoder"":""mwpf"",""decoder_type"":""SolverSerialJointSingleHair"",""p"":0.015,""p_erase"":0.015,""r"":3,""run_id"":""b44761db4df8b64c8917c437ae7fe1c452a55149c1dc7a5ca0f619d5bff0315c""}",
        21,         0,         0,   0.004,mwpf__06e26ae447fba2326c79329271a3e4ecf7a30ebd1c813d21b4091fdbaabaa7aa,308e9b2c9369348c51fa8ce1cfb7541c7cf4b5276d9b9abc27de84e7fcc74ee7,"{""circuit"":""surface_code:rotated_memory_x"",""cluster_node_limit"":50,""d"":3,""decoder"":""mwpf"",""decoder_type"":""SolverSerialJointSingleHair"",""p"":0.015,""p_erase"":0.015,""r"":3,""run_id"":""b44761db4df8b64c8917c437ae7fe1c452a55149c1dc7a5ca0f619d5bff0315c""}",
         1,         0,         0,   0.000,mwpf__bbbb95ae8dfd216392d93d271ab853220d7a01380e740dc79365759e9487ffb2,d994fe02c85cb3c768399acfffda9f01e9344d65a7427484376e8d07bf72dce7,"{""circuit"":""surface_code:rotated_memory_x"",""cluster_node_limit"":50,""d"":3,""decoder"":""mwpf"",""decoder_type"":""SolverSerialJointSingleHair"",""p"":0.004,""p_erase"":0.004,""r"":3,""run_id"":""90efa888ab0be85c6dc82d20d594fb219f455db906f7e8f7ad923a214270e30c""}",
         1,         0,         0,   0.000,mwpf__f4eaffc7e8b345bd4ed12e044b14c9eca5eb9d6063d64430985ec7c298159463,1c0b2318b8e500ddb1032a5e330292dd6110fcabf993e79d05dcfbebeb6f8881,"{""circuit"":""surface_code:rotated_memory_x"",""cluster_node_limit"":50,""d"":3,""decoder"":""mwpf"",""decoder_type"":""SolverSerialJointSingleHair"",""p"":0.01,""p_erase"":0.01,""r"":3,""run_id"":""5b6db69d825a9e1af451573dd00a4a7082d74a5e74fde81d397d7b0bcc5645b2""}",
         1,         0,         0,   0.000,mwpf__bbbb95ae8dfd216392d93d271ab853220d7a01380e740dc79365759e9487ffb2,d994fe02c85cb3c768399acfffda9f01e9344d65a7427484376e8d07bf72dce7,"{""circuit"":""surface_code:rotated_memory_x"",""cluster_node_limit"":50,""d"":3,""decoder"":""mwpf"",""decoder_type"":""SolverSerialJointSingleHair"",""p"":0.004,""p_erase"":0.004,""r"":3,""run_id"":""90efa888ab0be85c6dc82d20d594fb219f455db906f7e8f7ad923a214270e30c""}",
         1,         0,         0,   0.000,mwpf__bbbb95ae8dfd216392d93d271ab853220d7a01380e740dc79365759e9487ffb2,d994fe02c85cb3c768399acfffda9f01e9344d65a7427484376e8d07bf72dce7,"{""circuit"":""surface_code:rotated_memory_x"",""cluster_node_limit"":50,""d"":3,""decoder"":""mwpf"",""decoder_type"":""SolverSerialJointSingleHair"",""p"":0.004,""p_erase"":0.004,""r"":3,""run_id"":""90efa888ab0be85c6dc82d20d594fb219f455db906f7e8f7ad923a214270e30c""}",
        27,         0,         0,   0.004,mwpf__06e26ae447fba2326c79329271a3e4ecf7a30ebd1c813d21b4091fdbaabaa7aa,308e9b2c9369348c51fa8ce1cfb7541c7cf4b5276d9b9abc27de84e7fcc74ee7,"{""circuit"":""surface_code:rotated_memory_x"",""cluster_node_limit"":50,""d"":3,""decoder"":""mwpf"",""decoder_type"":""SolverSerialJointSingleHair"",""p"":0.015,""p_erase"":0.015,""r"":3,""run_id"":""b44761db4df8b64c8917c437ae7fe1c452a55149c1dc7a5ca0f619d5bff0315c""}",
        24,         1,         0,   0.003,mwpf__06e26ae447fba2326c79329271a3e4ecf7a30ebd1c813d21b4091fdbaabaa7aa,308e9b2c9369348c51fa8ce1cfb7541c7cf4b5276d9b9abc27de84e7fcc74ee7,"{""circuit"":""surface_code:rotated_memory_x"",""cluster_node_limit"":50,""d"":3,""decoder"":""mwpf"",""decoder_type"":""SolverSerialJointSingleHair"",""p"":0.015,""p_erase"":0.015,""r"":3,""run_id"":""b44761db4df8b64c8917c437ae7fe1c452a55149c1dc7a5ca0f619d5bff0315c""}",
         3,         0,         0,   0.000,mwpf__06e26ae447fba2326c79329271a3e4ecf7a30ebd1c813d21b4091fdbaabaa7aa,308e9b2c9369348c51fa8ce1cfb7541c7cf4b5276d9b9abc27de84e7fcc74ee7,"{""circuit"":""surface_code:rotated_memory_x"",""cluster_node_limit"":50,""d"":3,""decoder"":""mwpf"",""decoder_type"":""SolverSerialJointSingleHair"",""p"":0.015,""p_erase"":0.015,""r"":3,""run_id"":""b44761db4df8b64c8917c437ae7fe1c452a55149c1dc7a5ca0f619d5bff0315c""}",
         4,         0,         0,   0.001,mwpf__06e26ae447fba2326c79329271a3e4ecf7a30ebd1c813d21b4091fdbaabaa7aa,308e9b2c9369348c51fa8ce1cfb7541c7cf4b5276d9b9abc27de84e7fcc74ee7,"{""circuit"":""surface_code:rotated_memory_x"",""cluster_node_limit"":50,""d"":3,""decoder"":""mwpf"",""decoder_type"":""SolverSerialJointSingleHair"",""p"":0.015,""p_erase"":0.015,""r"":3,""run_id"":""b44761db4df8b64c8917c437ae7fe1c452a55149c1dc7a5ca0f619d5bff0315c""}",
         4,         0,         0,   0.001,mwpf__06e26ae447fba2326c79329271a3e4ecf7a30ebd1c813d21b4091fdbaabaa7aa,308e9b2c9369348c51fa8ce1cfb7541c7cf4b5276d9b9abc27de84e7fcc74ee7,"{""circuit"":""surface_code:rotated_memory_x"",""cluster_node_limit"":50,""d"":3,""decoder"":""mwpf"",""decoder_type"":""SolverSerialJointSingleHair"",""p"":0.015,""p_erase"":0.015,""r"":3,""run_id"":""b44761db4df8b64c8917c437ae7fe1c452a55149c1dc7a5ca0f619d5bff0315c""}",
         2,         0,         0,   0.000,mwpf__06e26ae447fba2326c79329271a3e4ecf7a30ebd1c813d21b4091fdbaabaa7aa,308e9b2c9369348c51fa8ce1cfb7541c7cf4b5276d9b9abc27de84e7fcc74ee7,"{""circuit"":""surface_code:rotated_memory_x"",""cluster_node_limit"":50,""d"":3,""decoder"":""mwpf"",""decoder_type"":""SolverSerialJointSingleHair"",""p"":0.015,""p_erase"":0.015,""r"":3,""run_id"":""b44761db4df8b64c8917c437ae7fe1c452a55149c1dc7a5ca0f619d5bff0315c""}",
         2,         0,         0,   0.001,mwpf__06e26ae447fba2326c79329271a3e4ecf7a30ebd1c813d21b4091fdbaabaa7aa,308e9b2c9369348c51fa8ce1cfb7541c7cf4b5276d9b9abc27de84e7fcc74ee7,"{""circuit"":""surface_code:rotated_memory_x"",""cluster_node_limit"":50,""d"":3,""decoder"":""mwpf"",""decoder_type"":""SolverSerialJointSingleHair"",""p"":0.015,""p_erase"":0.015,""r"":3,""run_id"":""b44761db4df8b64c8917c437ae7fe1c452a55149c1dc7a5ca0f619d5bff0315c""}",
         2,         0,         0,   0.000,mwpf__06e26ae447fba2326c79329271a3e4ecf7a30ebd1c813d21b4091fdbaabaa7aa,308e9b2c9369348c51fa8ce1cfb7541c7cf4b5276d9b9abc27de84e7fcc74ee7,"{""circuit"":""surface_code:rotated_memory_x"",""cluster_node_limit"":50,""d"":3,""decoder"":""mwpf"",""decoder_type"":""SolverSerialJointSingleHair"",""p"":0.015,""p_erase"":0.015,""r"":3,""run_id"":""b44761db4df8b64c8917c437ae7fe1c452a55149c1dc7a5ca0f619d5bff0315c""}",
         2,         0,         0,   0.000,mwpf__06e26ae447fba2326c79329271a3e4ecf7a30ebd1c813d21b4091fdbaabaa7aa,308e9b2c9369348c51fa8ce1cfb7541c7cf4b5276d9b9abc27de84e7fcc74ee7,"{""circuit"":""surface_code:rotated_memory_x"",""cluster_node_limit"":50,""d"":3,""decoder"":""mwpf"",""decoder_type"":""SolverSerialJointSingleHair"",""p"":0.015,""p_erase"":0.015,""r"":3,""run_id"":""b44761db4df8b64c8917c437ae7fe1c452a55149c1dc7a5ca0f619d5bff0315c""}",
         1,         0,         0,   0.000,mwpf__06e26ae447fba2326c79329271a3e4ecf7a30ebd1c813d21b4091fdbaabaa7aa,308e9b2c9369348c51fa8ce1cfb7541c7cf4b5276d9b9abc27de84e7fcc74ee7,"{""circuit"":""surface_code:rotated_memory_x"",""cluster_node_limit"":50,""d"":3,""decoder"":""mwpf"",""decoder_type"":""SolverSerialJointSingleHair"",""p"":0.015,""p_erase"":0.015,""r"":3,""run_id"":""b44761db4df8b64c8917c437ae7fe1c452a55149c1dc7a5ca0f619d5bff0315c""}",
         2,         0,         0,   0.000,mwpf__06e26ae447fba2326c79329271a3e4ecf7a30ebd1c813d21b4091fdbaabaa7aa,308e9b2c9369348c51fa8ce1cfb7541c7cf4b5276d9b9abc27de84e7fcc74ee7,"{""circuit"":""surface_code:rotated_memory_x"",""cluster_node_limit"":50,""d"":3,""decoder"":""mwpf"",""decoder_type"":""SolverSerialJointSingleHair"",""p"":0.015,""p_erase"":0.015,""r"":3,""run_id"":""b44761db4df8b64c8917c437ae7fe1c452a55149c1dc7a5ca0f619d5bff0315c""}",
         2,         0,         0,   0.001,mwpf__06e26ae447fba2326c79329271a3e4ecf7a30ebd1c813d21b4091fdbaabaa7aa,308e9b2c9369348c51fa8ce1cfb7541c7cf4b5276d9b9abc27de84e7fcc74ee7,"{""circuit"":""surface_code:rotated_memory_x"",""cluster_node_limit"":50,""d"":3,""decoder"":""mwpf"",""decoder_type"":""SolverSerialJointSingleHair"",""p"":0.015,""p_erase"":0.015,""r"":3,""run_id"":""b44761db4df8b64c8917c437ae7fe1c452a55149c1dc7a5ca0f619d5bff0315c""}",
         2,         0,         0,   0.000,mwpf__06e26ae447fba2326c79329271a3e4ecf7a30ebd1c813d21b4091fdbaabaa7aa,308e9b2c9369348c51fa8ce1cfb7541c7cf4b5276d9b9abc27de84e7fcc74ee7,"{""circuit"":""surface_code:rotated_memory_x"",""cluster_node_limit"":50,""d"":3,""decoder"":""mwpf"",""decoder_type"":""SolverSerialJointSingleHair"",""p"":0.015,""p_erase"":0.015,""r"":3,""run_id"":""b44761db4df8b64c8917c437ae7fe1c452a55149c1dc7a5ca0f619d5bff0315c""}",
         1,         0,         0,   0.000,mwpf__06e26ae447fba2326c79329271a3e4ecf7a30ebd1c813d21b4091fdbaabaa7aa,308e9b2c9369348c51fa8ce1cfb7541c7cf4b5276d9b9abc27de84e7fcc74ee7,"{""circuit"":""surface_code:rotated_memory_x"",""cluster_node_limit"":50,""d"":3,""decoder"":""mwpf"",""decoder_type"":""SolverSerialJointSingleHair"",""p"":0.015,""p_erase"":0.015,""r"":3,""run_id"":""b44761db4df8b64c8917c437ae7fe1c452a55149c1dc7a5ca0f619d5bff0315c""}",
         1,         0,         0,   0.001,mwpf__06e26ae447fba2326c79329271a3e4ecf7a30ebd1c813d21b4091fdbaabaa7aa,308e9b2c9369348c51fa8ce1cfb7541c7cf4b5276d9b9abc27de84e7fcc74ee7,"{""circuit"":""surface_code:rotated_memory_x"",""cluster_node_limit"":50,""d"":3,""decoder"":""mwpf"",""decoder_type"":""SolverSerialJointSingleHair"",""p"":0.015,""p_erase"":0.015,""r"":3,""run_id"":""b44761db4df8b64c8917c437ae7fe1c452a55149c1dc7a5ca0f619d5bff0315c""}",
         1,         0,         0,   0.000,mwpf__06e26ae447fba2326c79329271a3e4ecf7a30ebd1c813d21b4091fdbaabaa7aa,308e9b2c9369348c51fa8ce1cfb7541c7cf4b5276d9b9abc27de84e7fcc74ee7,"{""circuit"":""surface_code:rotated_memory_x"",""cluster_node_limit"":50,""d"":3,""decoder"":""mwpf"",""decoder_type"":""SolverSerialJointSingleHair"",""p"":0.015,""p_erase"":0.015,""r"":3,""run_id"":""b44761db4df8b64c8917c437ae7fe1c452a55149c1dc7a5ca0f619d5bff0315c""}",
         1,         0,         0,   0.000,mwpf__06e26ae447fba2326c79329271a3e4ecf7a30ebd1c813d21b4091fdbaabaa7aa,308e9b2c9369348c51fa8ce1cfb7541c7cf4b5276d9b9abc27de84e7fcc74ee7,"{""circuit"":""surface_code:rotated_memory_x"",""cluster_node_limit"":50,""d"":3,""decoder"":""mwpf"",""decoder_type"":""SolverSerialJointSingleHair"",""p"":0.015,""p_erase"":0.015,""r"":3,""run_id"":""b44761db4df8b64c8917c437ae7fe1c452a55149c1dc7a5ca0f619d5bff0315c""}",
         1,         0,         0,   0.000,mwpf__06e26ae447fba2326c79329271a3e4ecf7a30ebd1c813d21b4091fdbaabaa7aa,308e9b2c9369348c51fa8ce1cfb7541c7cf4b5276d9b9abc27de84e7fcc74ee7,"{""circuit"":""surface_code:rotated_memory_x"",""cluster_node_limit"":50,""d"":3,""decoder"":""mwpf"",""decoder_type"":""SolverSerialJointSingleHair"",""p"":0.015,""p_erase"":0.015,""r"":3,""run_id"":""b44761db4df8b64c8917c437ae7fe1c452a55149c1dc7a5ca0f619d5bff0315c""}",
         1,         0,         0,   0.000,mwpf__06e26ae447fba2326c79329271a3e4ecf7a30ebd1c813d21b4091fdbaabaa7aa,308e9b2c9369348c51fa8ce1cfb7541c7cf4b5276d9b9abc27de84e7fcc74ee7,"{""circuit"":""surface_code:rotated_memory_x"",""cluster_node_limit"":50,""d"":3,""decoder"":""mwpf"",""decoder_type"":""SolverSerialJointSingleHair"",""p"":0.015,""p_erase"":0.015,""r"":3,""run_id"":""b44761db4df8b64c8917c437ae7fe1c452a55149c1dc7a5ca0f619d5bff0315c""}",
         1,         0,         0,   0.000,mwpf__06e26ae447fba2326c79329271a3e4ecf7a30ebd1c813d21b4091fdbaabaa7aa,308e9b2c9369348c51fa8ce1cfb7541c7cf4b5276d9b9abc27de84e7fcc74ee7,"{""circuit"":""surface_code:rotated_memory_x"",""cluster_node_limit"":50,""d"":3,""decoder"":""mwpf"",""decoder_type"":""SolverSerialJointSingleHair"",""p"":0.015,""p_erase"":0.015,""r"":3,""run_id"":""b44761db4df8b64c8917c437ae7fe1c452a55149c1dc7a5ca0f619d5bff0315c""}",
         1,         0,         0,   0.000,mwpf__06e26ae447fba2326c79329271a3e4ecf7a30ebd1c813d21b4091fdbaabaa7aa,308e9b2c9369348c51fa8ce1cfb7541c7cf4b5276d9b9abc27de84e7fcc74ee7,"{""circuit"":""surface_code:rotated_memory_x"",""cluster_node_limit"":50,""d"":3,""decoder"":""mwpf"",""decoder_type"":""SolverSerialJointSingleHair"",""p"":0.015,""p_erase"":0.015,""r"":3,""run_id"":""b44761db4df8b64c8917c437ae7fe1c452a55149c1dc7a5ca0f619d5bff0315c""}",
        16,         0,         0,   0.001,mwpf__06e26ae447fba2326c79329271a3e4ecf7a30ebd1c813d21b4091fdbaabaa7aa,308e9b2c9369348c51fa8ce1cfb7541c7cf4b5276d9b9abc27de84e7fcc74ee7,"{""circuit"":""surface_code:rotated_memory_x"",""cluster_node_limit"":50,""d"":3,""decoder"":""mwpf"",""decoder_type"":""SolverSerialJointSingleHair"",""p"":0.015,""p_erase"":0.015,""r"":3,""run_id"":""b44761db4df8b64c8917c437ae7fe1c452a55149c1dc7a5ca0f619d5bff0315c""}",
         1,         0,         0,   0.000,mwpf__06e26ae447fba2326c79329271a3e4ecf7a30ebd1c813d21b4091fdbaabaa7aa,308e9b2c9369348c51fa8ce1cfb7541c7cf4b5276d9b9abc27de84e7fcc74ee7,"{""circuit"":""surface_code:rotated_memory_x"",""cluster_node_limit"":50,""d"":3,""decoder"":""mwpf"",""decoder_type"":""SolverSerialJointSingleHair"",""p"":0.015,""p_erase"":0.015,""r"":3,""run_id"":""b44761db4df8b64c8917c437ae7fe1c452a55149c1dc7a5ca0f619d5bff0315c""}",
         1,         0,         0,   0.000,mwpf__06e26ae447fba2326c79329271a3e4ecf7a30ebd1c813d21b4091fdbaabaa7aa,308e9b2c9369348c51fa8ce1cfb7541c7cf4b5276d9b9abc27de84e7fcc74ee7,"{""circuit"":""surface_code:rotated_memory_x"",""cluster_node_limit"":50,""d"":3,""decoder"":""mwpf"",""decoder_type"":""SolverSerialJointSingleHair"",""p"":0.015,""p_erase"":0.015,""r"":3,""run_id"":""b44761db4df8b64c8917c437ae7fe1c452a55149c1dc7a5ca0f619d5bff0315c""}",
         1,         0,         0,   0.000,mwpf__06e26ae447fba2326c79329271a3e4ecf7a30ebd1c813d21b4091fdbaabaa7aa,308e9b2c9369348c51fa8ce1cfb7541c7cf4b5276d9b9abc27de84e7fcc74ee7,"{""circuit"":""surface_code:rotated_memory_x"",""cluster_node_limit"":50,""d"":3,""decoder"":""mwpf"",""decoder_type"":""SolverSerialJointSingleHair"",""p"":0.015,""p_erase"":0.015,""r"":3,""run_id"":""b44761db4df8b64c8917c437ae7fe1c452a55149c1dc7a5ca0f619d5bff0315c""}",
         1,         0,         0,   0.000,mwpf__06e26ae447fba2326c79329271a3e4ecf7a30ebd1c813d21b4091fdbaabaa7aa,308e9b2c9369348c51fa8ce1cfb7541c7cf4b5276d9b9abc27de84e7fcc74ee7,"{""circuit"":""surface_code:rotated_memory_x"",""cluster_node_limit"":50,""d"":3,""decoder"":""mwpf"",""decoder_type"":""SolverSerialJointSingleHair"",""p"":0.015,""p_erase"":0.015,""r"":3,""run_id"":""b44761db4df8b64c8917c437ae7fe1c452a55149c1dc7a5ca0f619d5bff0315c""}",
         1,         0,         0,   0.000,mwpf__06e26ae447fba2326c79329271a3e4ecf7a30ebd1c813d21b4091fdbaabaa7aa,308e9b2c9369348c51fa8ce1cfb7541c7cf4b5276d9b9abc27de84e7fcc74ee7,"{""circuit"":""surface_code:rotated_memory_x"",""cluster_node_limit"":50,""d"":3,""decoder"":""mwpf"",""decoder_type"":""SolverSerialJointSingleHair"",""p"":0.015,""p_erase"":0.015,""r"":3,""run_id"":""b44761db4df8b64c8917c437ae7fe1c452a55149c1dc7a5ca0f619d5bff0315c""}",
         1,         0,         0,   0.000,mwpf__06e26ae447fba2326c79329271a3e4ecf7a30ebd1c813d21b4091fdbaabaa7aa,308e9b2c9369348c51fa8ce1cfb7541c7cf4b5276d9b9abc27de84e7fcc74ee7,"{""circuit"":""surface_code:rotated_memory_x"",""cluster_node_limit"":50,""d"":3,""decoder"":""mwpf"",""decoder_type"":""SolverSerialJointSingleHair"",""p"":0.015,""p_erase"":0.015,""r"":3,""run_id"":""b44761db4df8b64c8917c437ae7fe1c452a55149c1dc7a5ca0f619d5bff0315c""}",
         1,         0,         0,   0.000,mwpf__06e26ae447fba2326c79329271a3e4ecf7a30ebd1c813d21b4091fdbaabaa7aa,308e9b2c9369348c51fa8ce1cfb7541c7cf4b5276d9b9abc27de84e7fcc74ee7,"{""circuit"":""surface_code:rotated_memory_x"",""cluster_node_limit"":50,""d"":3,""decoder"":""mwpf"",""decoder_type"":""SolverSerialJointSingleHair"",""p"":0.015,""p_erase"":0.015,""r"":3,""run_id"":""b44761db4df8b64c8917c437ae7fe1c452a55149c1dc7a5ca0f619d5bff0315c""}",
