     shots,    errors,  discards, seconds,decoder,strong_id,json_metadata,custom_counts
       273,         0,         0,   0.012,mwpf__3a2de2621d93f2d1f82bf505831648faac50961c9682adb78978518126f61ad4,269c086892560d2b2c3fb91f8240ee87c8e2f52d5b2ff0982c1e1b9fe1e015ae,"{""circuit"":""surface_code:rotated_memory_x"",""cluster_node_limit"":50,""d"":3,""decoder"":""mwpf"",""decoder_type"":""SolverSerialJointSingleHair"",""p"":0.005,""p_erase"":0.005,""r"":3,""run_id"":""5101ac8ef9c97b83df4dd9d8fb12d7b219d036893929703eba32fffa9e647600""}",
       273,         1,         0,   0.011,mwpf__bbbb95ae8dfd216392d93d271ab853220d7a01380e740dc79365759e9487ffb2,d994fe02c85cb3c768399acfffda9f01e9344d65a7427484376e8d07bf72dce7,"{""circuit"":""surface_code:rotated_memory_x"",""cluster_node_limit"":50,""d"":3,""decoder"":""mwpf"",""decoder_type"":""SolverSerialJointSingleHair"",""p"":0.004,""p_erase"":0.004,""r"":3,""run_id"":""90efa888ab0be85c6dc82d20d594fb219f455db906f7e8f7ad923a214270e30c""}",
       273,         1,         0,   0.011,mwpf__3a2de2621d93f2d1f82bf505831648faac50961c9682adb78978518126f61ad4,269c086892560d2b2c3fb91f8240ee87c8e2f52d5b2ff0982c1e1b9fe1e015ae,"{""circuit"":""surface_code:rotated_memory_x"",""cluster_node_limit"":50,""d"":3,""decoder"":""mwpf"",""decoder_type"":""SolverSerialJointSingleHair"",""p"":0.005,""p_erase"":0.005,""r"":3,""run_id"":""5101ac8ef9c97b83df4dd9d8fb12d7b219d036893929703eba32fffa9e647600""}",
       273,         0,         0,   0.011,mwpf__bbbb95ae8dfd216392d93d271ab853220d7a01380e740dc79365759e9487ffb2,d994fe02c85cb3c768399acfffda9f01e9344d65a7427484376e8d07bf72dce7,"{""circuit"":""surface_code:rotated_memory_x"",""cluster_node_limit"":50,""d"":3,""decoder"":""mwpf"",""decoder_type"":""SolverSerialJointSingleHair"",""p"":0.004,""p_erase"":0.004,""r"":3,""run_id"":""90efa888ab0be85c6dc82d20d594fb219f455db906f7e8f7ad923a214270e30c""}",
       273,         2,         0,   0.016,mwpf__f4eaffc7e8b345bd4ed12e044b14c9eca5eb9d6063d64430985ec7c298159463,1c0b2318b8e500ddb1032a5e330292dd6110fcabf993e79d05dcfbebeb6f8881,"{""circuit"":""surface_code:rotated_memory_x"",""cluster_node_limit"":50,""d"":3,""decoder"":""mwpf"",""decoder_type"":""SolverSerialJointSingleHair"",""p"":0.01,""p_erase"":0.01,""r"":3,""run_id"":""5b6db69d825a9e1af451573dd00a4a7082d74a5e74fde81d397d7b0bcc5645b2""}",
       273,         0,         0,   0.012,mwpf__3a2de2621d93f2d1f82bf505831648faac50961c9682adb78978518126f61ad4,269c086892560d2b2c3fb91f8240ee87c8e2f52d5b2ff0982c1e1b9fe1e015ae,"{""circuit"":""surface_code:rotated_memory_x"",""cluster_node_limit"":50,""d"":3,""decoder"":""mwpf"",""decoder_type"":""SolverSerialJointSingleHair"",""p"":0.005,""p_erase"":0.005,""r"":3,""run_id"":""5101ac8ef9c97b83df4dd9d8fb12d7b219d036893929703eba32fffa9e647600""}",
       273,         0,         0,   0.013,mwpf__6a374b57c528f1fa3515562a1fcd08586fb590c5649146dc6a143bb06eeec077,f3e9207a47b74a52f31cee6ee65233df1dffd4d0d85fd55e88b8f5b6b8686260,"{""circuit"":""surface_code:rotated_memory_x"",""cluster_node_limit"":50,""d"":3,""decoder"":""mwpf"",""decoder_type"":""SolverSerialJointSingleHair"",""p"":0.006,""p_erase"":0.006,""r"":3,""run_id"":""dd60754122c9f7a810b0c1d8b1c92188ea52870232067546237f0fa25d610548""}",
       273,         0,         0,   0.013,mwpf__71726d6ba25fe5b1097fdebf57bc9ee71a4920b66b52ccf640b9fe928e18d0f8,416965c75b19b01d4781182eaa19c998ff58123cda66a19c0d09dee75e64fffb,"{""circuit"":""surface_code:rotated_memory_x"",""cluster_node_limit"":50,""d"":3,""decoder"":""mwpf"",""decoder_type"":""SolverSerialJointSingleHair"",""p"":0.007,""p_erase"":0.007,""r"":3,""run_id"":""135e03791629607bb61bf8b9b22bc12f2324f26b65e31e82f5c3cd97d24c99c9""}",
       273,         0,         0,   0.010,mwpf__b872f877938abc74ac5cbaba353b6d05cca6c26386630928e9e8c556790460ab,8be4c71d65229ab532f93802b200d69b85cf990b21494afcdb050a0cc2f71098,"{""circuit"":""surface_code:rotated_memory_x"",""cluster_node_limit"":50,""d"":3,""decoder"":""mwpf"",""decoder_type"":""SolverSerialJointSingleHair"",""p"":0.003,""p_erase"":0.003,""r"":3,""run_id"":""915e7fac76f0cb44d6aac79997be9e5a903d4aa353a8207f80b396814e1292cb""}",
       273,         0,         0,   0.011,mwpf__bbbb95ae8dfd216392d93d271ab853220d7a01380e740dc79365759e9487ffb2,d994fe02c85cb3c768399acfffda9f01e9344d65a7427484376e8d07bf72dce7,"{""circuit"":""surface_code:rotated_memory_x"",""cluster_node_limit"":50,""d"":3,""decoder"":""mwpf"",""decoder_type"":""SolverSerialJointSingleHair"",""p"":0.004,""p_erase"":0.004,""r"":3,""run_id"":""90efa888ab0be85c6dc82d20d594fb219f455db906f7e8f7ad923a214270e30c""}",
       273,         1,         0,   0.016,mwpf__2d43dbac6f220be8e75258fcbaa1915a92302bec253b831525bc35e7adeec1b6,64b3d9f5baf6f09488c41396f9407eb7cf2e57debde21e687e5552cba9d5418a,"{""circuit"":""surface_code:rotated_memory_x"",""cluster_node_limit"":50,""d"":3,""decoder"":""mwpf"",""decoder_type"":""SolverSerialJointSingleHair"",""p"":0.009,""p_erase"":0.009,""r"":3,""run_id"":""f3773bbf3001f7044304ac6a12d9ddb4d020a1b2b51ce7b475f4f14944f915f3""}",
       273,         0,         0,   0.017,mwpf__2d43dbac6f220be8e75258fcbaa1915a92302bec253b831525bc35e7adeec1b6,64b3d9f5baf6f09488c41396f9407eb7cf2e57debde21e687e5552cba9d5418a,"{""circuit"":""surface_code:rotated_memory_x"",""cluster_node_limit"":50,""d"":3,""decoder"":""mwpf"",""decoder_type"":""SolverSerialJointSingleHair"",""p"":0.009,""p_erase"":0.009,""r"":3,""run_id"":""f3773bbf3001f7044304ac6a12d9ddb4d020a1b2b51ce7b475f4f14944f915f3""}",
       273,         6,         0,   0.027,mwpf__bc6afb301d40de4dda36c86e2bee82ba9a2f3509c5e7adff85dedc84e2a08470,7be39a06112225b5216df3daf93370b2b9c424246e5cfcb6acb1a9865d6e9942,"{""circuit"":""surface_code:rotated_memory_x"",""cluster_node_limit"":50,""d"":3,""decoder"":""mwpf"",""decoder_type"":""SolverSerialJointSingleHair"",""p"":0.02,""p_erase"":0.02,""r"":3,""run_id"":""cbdcd76e4eac6e7ea58eb299d6c7091619bfb5b7954ed0656948ce94e45f36ab""}",
       273,         9,         0,   0.026,mwpf__bc6afb301d40de4dda36c86e2bee82ba9a2f3509c5e7adff85dedc84e2a08470,7be39a06112225b5216df3daf93370b2b9c424246e5cfcb6acb1a9865d6e9942,"{""circuit"":""surface_code:rotated_memory_x"",""cluster_node_limit"":50,""d"":3,""decoder"":""mwpf"",""decoder_type"":""SolverSerialJointSingleHair"",""p"":0.02,""p_erase"":0.02,""r"":3,""run_id"":""cbdcd76e4eac6e7ea58eb299d6c7091619bfb5b7954ed0656948ce94e45f36ab""}",
       273,         0,         0,   0.015,mwpf__cdbabe99b4f243243aad339bb11c8a90131812a9c01e0de682a2aca46d6d55ff,ddc6d0a0729b2070c0dbbc972d7b9e687957f33bd2fd578d2477245fef7735ad,"{""circuit"":""surface_code:rotated_memory_x"",""cluster_node_limit"":50,""d"":3,""decoder"":""mwpf"",""decoder_type"":""SolverSerialJointSingleHair"",""p"":0.008,""p_erase"":0.008,""r"":3,""run_id"":""842b8d9622dd95e081373b13334f0c4c970c25ea256e90e9985b8d1bb6968aef""}",
      1297,         0,         0,   0.041,mwpf__b872f877938abc74ac5cbaba353b6d05cca6c26386630928e9e8c556790460ab,8be4c71d65229ab532f93802b200d69b85cf990b21494afcdb050a0cc2f71098,"{""circuit"":""surface_code:rotated_memory_x"",""cluster_node_limit"":50,""d"":3,""decoder"":""mwpf"",""decoder_type"":""SolverSerialJointSingleHair"",""p"":0.003,""p_erase"":0.003,""r"":3,""run_id"":""915e7fac76f0cb44d6aac79997be9e5a903d4aa353a8207f80b396814e1292cb""}",
       273,        12,         0,   0.037,mwpf__d08ecc2ae4e76ccb11121c648d76bb1a9dceb54ba88d0bda3ca1942f8172f6b2,9f276de840468236fef01318b2cf4b6d7c2e1758c53771e1f5f515c9efa1fe7a,"{""circuit"":""surface_code:rotated_memory_x"",""cluster_node_limit"":50,""d"":3,""decoder"":""mwpf"",""decoder_type"":""SolverSerialJointSingleHair"",""p"":0.03,""p_erase"":0.03,""r"":3,""run_id"":""1b0c559dafd8f14b5d58ea78c3999f6ea71afe3722dfa6ff7d8583aa5e1d218c""}",
       273,        14,         0,   0.037,mwpf__d08ecc2ae4e76ccb11121c648d76bb1a9dceb54ba88d0bda3ca1942f8172f6b2,9f276de840468236fef01318b2cf4b6d7c2e1758c53771e1f5f515c9efa1fe7a,"{""circuit"":""surface_code:rotated_memory_x"",""cluster_node_limit"":50,""d"":3,""decoder"":""mwpf"",""decoder_type"":""SolverSerialJointSingleHair"",""p"":0.03,""p_erase"":0.03,""r"":3,""run_id"":""1b0c559dafd8f14b5d58ea78c3999f6ea71afe3722dfa6ff7d8583aa5e1d218c""}",
      1024,         1,         0,   0.036,mwpf__bbbb95ae8dfd216392d93d271ab853220d7a01380e740dc79365759e9487ffb2,d994fe02c85cb3c768399acfffda9f01e9344d65a7427484376e8d07bf72dce7,"{""circuit"":""surface_code:rotated_memory_x"",""cluster_node_limit"":50,""d"":3,""decoder"":""mwpf"",""decoder_type"":""SolverSerialJointSingleHair"",""p"":0.004,""p_erase"":0.004,""r"":3,""run_id"":""90efa888ab0be85c6dc82d20d594fb219f455db906f7e8f7ad923a214270e30c""}",
       273,        26,         0,   0.045,mwpf__ed26b1d41b10bd70b2e5191f5d45b8d7c77a0c90b2ed82a0d4ba27fc4edf117a,bc011b380b81e4ab7d7e1f1154213cc7a4acda72054632f5f7bab40c4c8b5b1f,"{""circuit"":""surface_code:rotated_memory_x"",""cluster_node_limit"":50,""d"":3,""decoder"":""mwpf"",""decoder_type"":""SolverSerialJointSingleHair"",""p"":0.04,""p_erase"":0.04,""r"":3,""run_id"":""0e93526537fe93e9b37e6ded05eb69843dc22921f011ffb0b3533b59cfc71ed2""}",
      1024,         0,         0,   0.039,mwpf__3a2de2621d93f2d1f82bf505831648faac50961c9682adb78978518126f61ad4,269c086892560d2b2c3fb91f8240ee87c8e2f52d5b2ff0982c1e1b9fe1e015ae,"{""circuit"":""surface_code:rotated_memory_x"",""cluster_node_limit"":50,""d"":3,""decoder"":""mwpf"",""decoder_type"":""SolverSerialJointSingleHair"",""p"":0.005,""p_erase"":0.005,""r"":3,""run_id"":""5101ac8ef9c97b83df4dd9d8fb12d7b219d036893929703eba32fffa9e647600""}",
      1024,         0,         0,   0.034,mwpf__bbbb95ae8dfd216392d93d271ab853220d7a01380e740dc79365759e9487ffb2,d994fe02c85cb3c768399acfffda9f01e9344d65a7427484376e8d07bf72dce7,"{""circuit"":""surface_code:rotated_memory_x"",""cluster_node_limit"":50,""d"":3,""decoder"":""mwpf"",""decoder_type"":""SolverSerialJointSingleHair"",""p"":0.004,""p_erase"":0.004,""r"":3,""run_id"":""90efa888ab0be85c6dc82d20d594fb219f455db906f7e8f7ad923a214270e30c""}",
       273,        33,         0,   0.046,mwpf__ed26b1d41b10bd70b2e5191f5d45b8d7c77a0c90b2ed82a0d4ba27fc4edf117a,bc011b380b81e4ab7d7e1f1154213cc7a4acda72054632f5f7bab40c4c8b5b1f,"{""circuit"":""surface_code:rotated_memory_x"",""cluster_node_limit"":50,""d"":3,""decoder"":""mwpf"",""decoder_type"":""SolverSerialJointSingleHair"",""p"":0.04,""p_erase"":0.04,""r"":3,""run_id"":""0e93526537fe93e9b37e6ded05eb69843dc22921f011ffb0b3533b59cfc71ed2""}",
      1024,         0,         0,   0.039,mwpf__3a2de2621d93f2d1f82bf505831648faac50961c9682adb78978518126f61ad4,269c086892560d2b2c3fb91f8240ee87c8e2f52d5b2ff0982c1e1b9fe1e015ae,"{""circuit"":""surface_code:rotated_memory_x"",""cluster_node_limit"":50,""d"":3,""decoder"":""mwpf"",""decoder_type"":""SolverSerialJointSingleHair"",""p"":0.005,""p_erase"":0.005,""r"":3,""run_id"":""5101ac8ef9c97b83df4dd9d8fb12d7b219d036893929703eba32fffa9e647600""}",
      1024,         0,         0,   0.033,mwpf__b872f877938abc74ac5cbaba353b6d05cca6c26386630928e9e8c556790460ab,8be4c71d65229ab532f93802b200d69b85cf990b21494afcdb050a0cc2f71098,"{""circuit"":""surface_code:rotated_memory_x"",""cluster_node_limit"":50,""d"":3,""decoder"":""mwpf"",""decoder_type"":""SolverSerialJointSingleHair"",""p"":0.003,""p_erase"":0.003,""r"":3,""run_id"":""915e7fac76f0cb44d6aac79997be9e5a903d4aa353a8207f80b396814e1292cb""}",
       273,        52,         0,   0.055,mwpf__b0e1426f6c4884e7e956c71520ee075fcf0da29d3e865e7519b23c6e0aec4e62,53478eabf9e5775201d5fae86f689e6c2d6fe35972c0eb0be61f613f5cd56df1,"{""circuit"":""surface_code:rotated_memory_x"",""cluster_node_limit"":50,""d"":3,""decoder"":""mwpf"",""decoder_type"":""SolverSerialJointSingleHair"",""p"":0.05,""p_erase"":0.05,""r"":3,""run_id"":""66f02b9030d33676d96459d90fe2a723609a6ce9961bda4f5d1d1d63291b9f2b""}",
       273,        54,         0,   0.054,mwpf__b0e1426f6c4884e7e956c71520ee075fcf0da29d3e865e7519b23c6e0aec4e62,53478eabf9e5775201d5fae86f689e6c2d6fe35972c0eb0be61f613f5cd56df1,"{""circuit"":""surface_code:rotated_memory_x"",""cluster_node_limit"":50,""d"":3,""decoder"":""mwpf"",""decoder_type"":""SolverSerialJointSingleHair"",""p"":0.05,""p_erase"":0.05,""r"":3,""run_id"":""66f02b9030d33676d96459d90fe2a723609a6ce9961bda4f5d1d1d63291b9f2b""}",
       273,        68,         0,   0.057,mwpf__0413dccab20865c44db7e423785d3499025ad075a790258c15359f20b3ea8ddf,e38884877993cb310bb1c7f1630acd7fb53acc85f426b44e79895f6abe2236a6,"{""circuit"":""surface_code:rotated_memory_x"",""cluster_node_limit"":50,""d"":3,""decoder"":""mwpf"",""decoder_type"":""SolverSerialJointSingleHair"",""p"":0.06,""p_erase"":0.06,""r"":3,""run_id"":""d9231ee71bad9dc3be4287aa1493c85a1a71feef2d55ce668a0b818e8914832e""}",
      1024,         0,         0,   0.039,mwpf__3a2de2621d93f2d1f82bf505831648faac50961c9682adb78978518126f61ad4,269c086892560d2b2c3fb91f8240ee87c8e2f52d5b2ff0982c1e1b9fe1e015ae,"{""circuit"":""surface_code:rotated_memory_x"",""cluster_node_limit"":50,""d"":3,""decoder"":""mwpf"",""decoder_type"":""SolverSerialJointSingleHair"",""p"":0.005,""p_erase"":0.005,""r"":3,""run_id"":""5101ac8ef9c97b83df4dd9d8fb12d7b219d036893929703eba32fffa9e647600""}",
      1024,         0,         0,   0.035,mwpf__bbbb95ae8dfd216392d93d271ab853220d7a01380e740dc79365759e9487ffb2,d994fe02c85cb3c768399acfffda9f01e9344d65a7427484376e8d07bf72dce7,"{""circuit"":""surface_code:rotated_memory_x"",""cluster_node_limit"":50,""d"":3,""decoder"":""mwpf"",""decoder_type"":""SolverSerialJointSingleHair"",""p"":0.004,""p_erase"":0.004,""r"":3,""run_id"":""90efa888ab0be85c6dc82d20d594fb219f455db906f7e8f7ad923a214270e30c""}",
       273,        75,         0,   0.057,mwpf__0413dccab20865c44db7e423785d3499025ad075a790258c15359f20b3ea8ddf,e38884877993cb310bb1c7f1630acd7fb53acc85f426b44e79895f6abe2236a6,"{""circuit"":""surface_code:rotated_memory_x"",""cluster_node_limit"":50,""d"":3,""decoder"":""mwpf"",""decoder_type"":""SolverSerialJointSingleHair"",""p"":0.06,""p_erase"":0.06,""r"":3,""run_id"":""d9231ee71bad9dc3be4287aa1493c85a1a71feef2d55ce668a0b818e8914832e""}",
      1024,         2,         0,   0.043,mwpf__6a374b57c528f1fa3515562a1fcd08586fb590c5649146dc6a143bb06eeec077,f3e9207a47b74a52f31cee6ee65233df1dffd4d0d85fd55e88b8f5b6b8686260,"{""circuit"":""surface_code:rotated_memory_x"",""cluster_node_limit"":50,""d"":3,""decoder"":""mwpf"",""decoder_type"":""SolverSerialJointSingleHair"",""p"":0.006,""p_erase"":0.006,""r"":3,""run_id"":""dd60754122c9f7a810b0c1d8b1c92188ea52870232067546237f0fa25d610548""}",
      1024,         0,         0,   0.047,mwpf__71726d6ba25fe5b1097fdebf57bc9ee71a4920b66b52ccf640b9fe928e18d0f8,416965c75b19b01d4781182eaa19c998ff58123cda66a19c0d09dee75e64fffb,"{""circuit"":""surface_code:rotated_memory_x"",""cluster_node_limit"":50,""d"":3,""decoder"":""mwpf"",""decoder_type"":""SolverSerialJointSingleHair"",""p"":0.007,""p_erase"":0.007,""r"":3,""run_id"":""135e03791629607bb61bf8b9b22bc12f2324f26b65e31e82f5c3cd97d24c99c9""}",
      1024,         0,         0,   0.031,mwpf__b872f877938abc74ac5cbaba353b6d05cca6c26386630928e9e8c556790460ab,8be4c71d65229ab532f93802b200d69b85cf990b21494afcdb050a0cc2f71098,"{""circuit"":""surface_code:rotated_memory_x"",""cluster_node_limit"":50,""d"":3,""decoder"":""mwpf"",""decoder_type"":""SolverSerialJointSingleHair"",""p"":0.003,""p_erase"":0.003,""r"":3,""run_id"":""915e7fac76f0cb44d6aac79997be9e5a903d4aa353a8207f80b396814e1292cb""}",
      1024,         2,         0,   0.057,mwpf__f4eaffc7e8b345bd4ed12e044b14c9eca5eb9d6063d64430985ec7c298159463,1c0b2318b8e500ddb1032a5e330292dd6110fcabf993e79d05dcfbebeb6f8881,"{""circuit"":""surface_code:rotated_memory_x"",""cluster_node_limit"":50,""d"":3,""decoder"":""mwpf"",""decoder_type"":""SolverSerialJointSingleHair"",""p"":0.01,""p_erase"":0.01,""r"":3,""run_id"":""5b6db69d825a9e1af451573dd00a4a7082d74a5e74fde81d397d7b0bcc5645b2""}",
      1024,         0,         0,   0.035,mwpf__bbbb95ae8dfd216392d93d271ab853220d7a01380e740dc79365759e9487ffb2,d994fe02c85cb3c768399acfffda9f01e9344d65a7427484376e8d07bf72dce7,"{""circuit"":""surface_code:rotated_memory_x"",""cluster_node_limit"":50,""d"":3,""decoder"":""mwpf"",""decoder_type"":""SolverSerialJointSingleHair"",""p"":0.004,""p_erase"":0.004,""r"":3,""run_id"":""90efa888ab0be85c6dc82d20d594fb219f455db906f7e8f7ad923a214270e30c""}",
      1024,         5,         0,   0.056,mwpf__2d43dbac6f220be8e75258fcbaa1915a92302bec253b831525bc35e7adeec1b6,64b3d9f5baf6f09488c41396f9407eb7cf2e57debde21e687e5552cba9d5418a,"{""circuit"":""surface_code:rotated_memory_x"",""cluster_node_limit"":50,""d"":3,""decoder"":""mwpf"",""decoder_type"":""SolverSerialJointSingleHair"",""p"":0.009,""p_erase"":0.009,""r"":3,""run_id"":""f3773bbf3001f7044304ac6a12d9ddb4d020a1b2b51ce7b475f4f14944f915f3""}",
      1024,         4,         0,   0.057,mwpf__2d43dbac6f220be8e75258fcbaa1915a92302bec253b831525bc35e7adeec1b6,64b3d9f5baf6f09488c41396f9407eb7cf2e57debde21e687e5552cba9d5418a,"{""circuit"":""surface_code:rotated_memory_x"",""cluster_node_limit"":50,""d"":3,""decoder"":""mwpf"",""decoder_type"":""SolverSerialJointSingleHair"",""p"":0.009,""p_erase"":0.009,""r"":3,""run_id"":""f3773bbf3001f7044304ac6a12d9ddb4d020a1b2b51ce7b475f4f14944f915f3""}",
      1024,         0,         0,   0.035,mwpf__bbbb95ae8dfd216392d93d271ab853220d7a01380e740dc79365759e9487ffb2,d994fe02c85cb3c768399acfffda9f01e9344d65a7427484376e8d07bf72dce7,"{""circuit"":""surface_code:rotated_memory_x"",""cluster_node_limit"":50,""d"":3,""decoder"":""mwpf"",""decoder_type"":""SolverSerialJointSingleHair"",""p"":0.004,""p_erase"":0.004,""r"":3,""run_id"":""90efa888ab0be85c6dc82d20d594fb219f455db906f7e8f7ad923a214270e30c""}",
      1024,         0,         0,   0.038,mwpf__3a2de2621d93f2d1f82bf505831648faac50961c9682adb78978518126f61ad4,269c086892560d2b2c3fb91f8240ee87c8e2f52d5b2ff0982c1e1b9fe1e015ae,"{""circuit"":""surface_code:rotated_memory_x"",""cluster_node_limit"":50,""d"":3,""decoder"":""mwpf"",""decoder_type"":""SolverSerialJointSingleHair"",""p"":0.005,""p_erase"":0.005,""r"":3,""run_id"":""5101ac8ef9c97b83df4dd9d8fb12d7b219d036893929703eba32fffa9e647600""}",
      1024,         0,         0,   0.033,mwpf__b872f877938abc74ac5cbaba353b6d05cca6c26386630928e9e8c556790460ab,8be4c71d65229ab532f93802b200d69b85cf990b21494afcdb050a0cc2f71098,"{""circuit"":""surface_code:rotated_memory_x"",""cluster_node_limit"":50,""d"":3,""decoder"":""mwpf"",""decoder_type"":""SolverSerialJointSingleHair"",""p"":0.003,""p_erase"":0.003,""r"":3,""run_id"":""915e7fac76f0cb44d6aac79997be9e5a903d4aa353a8207f80b396814e1292cb""}",
      1024,         1,         0,   0.052,mwpf__cdbabe99b4f243243aad339bb11c8a90131812a9c01e0de682a2aca46d6d55ff,ddc6d0a0729b2070c0dbbc972d7b9e687957f33bd2fd578d2477245fef7735ad,"{""circuit"":""surface_code:rotated_memory_x"",""cluster_node_limit"":50,""d"":3,""decoder"":""mwpf"",""decoder_type"":""SolverSerialJointSingleHair"",""p"":0.008,""p_erase"":0.008,""r"":3,""run_id"":""842b8d9622dd95e081373b13334f0c4c970c25ea256e90e9985b8d1bb6968aef""}",
      1024,         0,         0,   0.038,mwpf__3a2de2621d93f2d1f82bf505831648faac50961c9682adb78978518126f61ad4,269c086892560d2b2c3fb91f8240ee87c8e2f52d5b2ff0982c1e1b9fe1e015ae,"{""circuit"":""surface_code:rotated_memory_x"",""cluster_node_limit"":50,""d"":3,""decoder"":""mwpf"",""decoder_type"":""SolverSerialJointSingleHair"",""p"":0.005,""p_erase"":0.005,""r"":3,""run_id"":""5101ac8ef9c97b83df4dd9d8fb12d7b219d036893929703eba32fffa9e647600""}",
      1024,         0,         0,   0.037,mwpf__bbbb95ae8dfd216392d93d271ab853220d7a01380e740dc79365759e9487ffb2,d994fe02c85cb3c768399acfffda9f01e9344d65a7427484376e8d07bf72dce7,"{""circuit"":""surface_code:rotated_memory_x"",""cluster_node_limit"":50,""d"":3,""decoder"":""mwpf"",""decoder_type"":""SolverSerialJointSingleHair"",""p"":0.004,""p_erase"":0.004,""r"":3,""run_id"":""90efa888ab0be85c6dc82d20d594fb219f455db906f7e8f7ad923a214270e30c""}",
      1024,         0,         0,   0.040,mwpf__3a2de2621d93f2d1f82bf505831648faac50961c9682adb78978518126f61ad4,269c086892560d2b2c3fb91f8240ee87c8e2f52d5b2ff0982c1e1b9fe1e015ae,"{""circuit"":""surface_code:rotated_memory_x"",""cluster_node_limit"":50,""d"":3,""decoder"":""mwpf"",""decoder_type"":""SolverSerialJointSingleHair"",""p"":0.005,""p_erase"":0.005,""r"":3,""run_id"":""5101ac8ef9c97b83df4dd9d8fb12d7b219d036893929703eba32fffa9e647600""}",
      1024,         0,         0,   0.032,mwpf__b872f877938abc74ac5cbaba353b6d05cca6c26386630928e9e8c556790460ab,8be4c71d65229ab532f93802b200d69b85cf990b21494afcdb050a0cc2f71098,"{""circuit"":""surface_code:rotated_memory_x"",""cluster_node_limit"":50,""d"":3,""decoder"":""mwpf"",""decoder_type"":""SolverSerialJointSingleHair"",""p"":0.003,""p_erase"":0.003,""r"":3,""run_id"":""915e7fac76f0cb44d6aac79997be9e5a903d4aa353a8207f80b396814e1292cb""}",
      1024,         0,         0,   0.043,mwpf__6a374b57c528f1fa3515562a1fcd08586fb590c5649146dc6a143bb06eeec077,f3e9207a47b74a52f31cee6ee65233df1dffd4d0d85fd55e88b8f5b6b8686260,"{""circuit"":""surface_code:rotated_memory_x"",""cluster_node_limit"":50,""d"":3,""decoder"":""mwpf"",""decoder_type"":""SolverSerialJointSingleHair"",""p"":0.006,""p_erase"":0.006,""r"":3,""run_id"":""dd60754122c9f7a810b0c1d8b1c92188ea52870232067546237f0fa25d610548""}",
      1024,         0,         0,   0.048,mwpf__71726d6ba25fe5b1097fdebf57bc9ee71a4920b66b52ccf640b9fe928e18d0f8,416965c75b19b01d4781182eaa19c998ff58123cda66a19c0d09dee75e64fffb,"{""circuit"":""surface_code:rotated_memory_x"",""cluster_node_limit"":50,""d"":3,""decoder"":""mwpf"",""decoder_type"":""SolverSerialJointSingleHair"",""p"":0.007,""p_erase"":0.007,""r"":3,""run_id"":""135e03791629607bb61bf8b9b22bc12f2324f26b65e31e82f5c3cd97d24c99c9""}",
      1024,         0,         0,   0.035,mwpf__bbbb95ae8dfd216392d93d271ab853220d7a01380e740dc79365759e9487ffb2,d994fe02c85cb3c768399acfffda9f01e9344d65a7427484376e8d07bf72dce7,"{""circuit"":""surface_code:rotated_memory_x"",""cluster_node_limit"":50,""d"":3,""decoder"":""mwpf"",""decoder_type"":""SolverSerialJointSingleHair"",""p"":0.004,""p_erase"":0.004,""r"":3,""run_id"":""90efa888ab0be85c6dc82d20d594fb219f455db906f7e8f7ad923a214270e30c""}",
      1024,         1,         0,   0.034,mwpf__bbbb95ae8dfd216392d93d271ab853220d7a01380e740dc79365759e9487ffb2,d994fe02c85cb3c768399acfffda9f01e9344d65a7427484376e8d07bf72dce7,"{""circuit"":""surface_code:rotated_memory_x"",""cluster_node_limit"":50,""d"":3,""decoder"":""mwpf"",""decoder_type"":""SolverSerialJointSingleHair"",""p"":0.004,""p_erase"":0.004,""r"":3,""run_id"":""90efa888ab0be85c6dc82d20d594fb219f455db906f7e8f7ad923a214270e30c""}",
      1024,         0,         0,   0.033,mwpf__b872f877938abc74ac5cbaba353b6d05cca6c26386630928e9e8c556790460ab,8be4c71d65229ab532f93802b200d69b85cf990b21494afcdb050a0cc2f71098,"{""circuit"":""surface_code:rotated_memory_x"",""cluster_node_limit"":50,""d"":3,""decoder"":""mwpf"",""decoder_type"":""SolverSerialJointSingleHair"",""p"":0.003,""p_erase"":0.003,""r"":3,""run_id"":""915e7fac76f0cb44d6aac79997be9e5a903d4aa353a8207f80b396814e1292cb""}",
      1024,         0,         0,   0.038,mwpf__3a2de2621d93f2d1f82bf505831648faac50961c9682adb78978518126f61ad4,269c086892560d2b2c3fb91f8240ee87c8e2f52d5b2ff0982c1e1b9fe1e015ae,"{""circuit"":""surface_code:rotated_memory_x"",""cluster_node_limit"":50,""d"":3,""decoder"":""mwpf"",""decoder_type"":""SolverSerialJointSingleHair"",""p"":0.005,""p_erase"":0.005,""r"":3,""run_id"":""5101ac8ef9c97b83df4dd9d8fb12d7b219d036893929703eba32fffa9e647600""}",
      1024,        22,         0,   0.095,mwpf__bc6afb301d40de4dda36c86e2bee82ba9a2f3509c5e7adff85dedc84e2a08470,7be39a06112225b5216df3daf93370b2b9c424246e5cfcb6acb1a9865d6e9942,"{""circuit"":""surface_code:rotated_memory_x"",""cluster_node_limit"":50,""d"":3,""decoder"":""mwpf"",""decoder_type"":""SolverSerialJointSingleHair"",""p"":0.02,""p_erase"":0.02,""r"":3,""run_id"":""cbdcd76e4eac6e7ea58eb299d6c7091619bfb5b7954ed0656948ce94e45f36ab""}",
      1024,         1,         0,   0.038,mwpf__3a2de2621d93f2d1f82bf505831648faac50961c9682adb78978518126f61ad4,269c086892560d2b2c3fb91f8240ee87c8e2f52d5b2ff0982c1e1b9fe1e015ae,"{""circuit"":""surface_code:rotated_memory_x"",""cluster_node_limit"":50,""d"":3,""decoder"":""mwpf"",""decoder_type"":""SolverSerialJointSingleHair"",""p"":0.005,""p_erase"":0.005,""r"":3,""run_id"":""5101ac8ef9c97b83df4dd9d8fb12d7b219d036893929703eba32fffa9e647600""}",
      1024,         3,         0,   0.058,mwpf__f4eaffc7e8b345bd4ed12e044b14c9eca5eb9d6063d64430985ec7c298159463,1c0b2318b8e500ddb1032a5e330292dd6110fcabf993e79d05dcfbebeb6f8881,"{""circuit"":""surface_code:rotated_memory_x"",""cluster_node_limit"":50,""d"":3,""decoder"":""mwpf"",""decoder_type"":""SolverSerialJointSingleHair"",""p"":0.01,""p_erase"":0.01,""r"":3,""run_id"":""5b6db69d825a9e1af451573dd00a4a7082d74a5e74fde81d397d7b0bcc5645b2""}",
      1024,        17,         0,   0.098,mwpf__bc6afb301d40de4dda36c86e2bee82ba9a2f3509c5e7adff85dedc84e2a08470,7be39a06112225b5216df3daf93370b2b9c424246e5cfcb6acb1a9865d6e9942,"{""circuit"":""surface_code:rotated_memory_x"",""cluster_node_limit"":50,""d"":3,""decoder"":""mwpf"",""decoder_type"":""SolverSerialJointSingleHair"",""p"":0.02,""p_erase"":0.02,""r"":3,""run_id"":""cbdcd76e4eac6e7ea58eb299d6c7091619bfb5b7954ed0656948ce94e45f36ab""}",
      1024,         0,         0,   0.036,mwpf__bbbb95ae8dfd216392d93d271ab853220d7a01380e740dc79365759e9487ffb2,d994fe02c85cb3c768399acfffda9f01e9344d65a7427484376e8d07bf72dce7,"{""circuit"":""surface_code:rotated_memory_x"",""cluster_node_limit"":50,""d"":3,""decoder"":""mwpf"",""decoder_type"":""SolverSerialJointSingleHair"",""p"":0.004,""p_erase"":0.004,""r"":3,""run_id"":""90efa888ab0be85c6dc82d20d594fb219f455db906f7e8f7ad923a214270e30c""}",
      1024,         0,         0,   0.032,mwpf__b872f877938abc74ac5cbaba353b6d05cca6c26386630928e9e8c556790460ab,8be4c71d65229ab532f93802b200d69b85cf990b21494afcdb050a0cc2f71098,"{""circuit"":""surface_code:rotated_memory_x"",""cluster_node_limit"":50,""d"":3,""decoder"":""mwpf"",""decoder_type"":""SolverSerialJointSingleHair"",""p"":0.003,""p_erase"":0.003,""r"":3,""run_id"":""915e7fac76f0cb44d6aac79997be9e5a903d4aa353a8207f80b396814e1292cb""}",
      1024,         0,         0,   0.054,mwpf__2d43dbac6f220be8e75258fcbaa1915a92302bec253b831525bc35e7adeec1b6,64b3d9f5baf6f09488c41396f9407eb7cf2e57debde21e687e5552cba9d5418a,"{""circuit"":""surface_code:rotated_memory_x"",""cluster_node_limit"":50,""d"":3,""decoder"":""mwpf"",""decoder_type"":""SolverSerialJointSingleHair"",""p"":0.009,""p_erase"":0.009,""r"":3,""run_id"":""f3773bbf3001f7044304ac6a12d9ddb4d020a1b2b51ce7b475f4f14944f915f3""}",
      1024,         1,         0,   0.041,mwpf__3a2de2621d93f2d1f82bf505831648faac50961c9682adb78978518126f61ad4,269c086892560d2b2c3fb91f8240ee87c8e2f52d5b2ff0982c1e1b9fe1e015ae,"{""circuit"":""surface_code:rotated_memory_x"",""cluster_node_limit"":50,""d"":3,""decoder"":""mwpf"",""decoder_type"":""SolverSerialJointSingleHair"",""p"":0.005,""p_erase"":0.005,""r"":3,""run_id"":""5101ac8ef9c97b83df4dd9d8fb12d7b219d036893929703eba32fffa9e647600""}",
      1024,         0,         0,   0.052,mwpf__cdbabe99b4f243243aad339bb11c8a90131812a9c01e0de682a2aca46d6d55ff,ddc6d0a0729b2070c0dbbc972d7b9e687957f33bd2fd578d2477245fef7735ad,"{""circuit"":""surface_code:rotated_memory_x"",""cluster_node_limit"":50,""d"":3,""decoder"":""mwpf"",""decoder_type"":""SolverSerialJointSingleHair"",""p"":0.008,""p_erase"":0.008,""r"":3,""run_id"":""842b8d9622dd95e081373b13334f0c4c970c25ea256e90e9985b8d1bb6968aef""}",
      1024,         3,         0,   0.057,mwpf__2d43dbac6f220be8e75258fcbaa1915a92302bec253b831525bc35e7adeec1b6,64b3d9f5baf6f09488c41396f9407eb7cf2e57debde21e687e5552cba9d5418a,"{""circuit"":""surface_code:rotated_memory_x"",""cluster_node_limit"":50,""d"":3,""decoder"":""mwpf"",""decoder_type"":""SolverSerialJointSingleHair"",""p"":0.009,""p_erase"":0.009,""r"":3,""run_id"":""f3773bbf3001f7044304ac6a12d9ddb4d020a1b2b51ce7b475f4f14944f915f3""}",
      1024,         0,         0,   0.044,mwpf__6a374b57c528f1fa3515562a1fcd08586fb590c5649146dc6a143bb06eeec077,f3e9207a47b74a52f31cee6ee65233df1dffd4d0d85fd55e88b8f5b6b8686260,"{""circuit"":""surface_code:rotated_memory_x"",""cluster_node_limit"":50,""d"":3,""decoder"":""mwpf"",""decoder_type"":""SolverSerialJointSingleHair"",""p"":0.006,""p_erase"":0.006,""r"":3,""run_id"":""dd60754122c9f7a810b0c1d8b1c92188ea52870232067546237f0fa25d610548""}",
      1024,         1,         0,   0.045,mwpf__71726d6ba25fe5b1097fdebf57bc9ee71a4920b66b52ccf640b9fe928e18d0f8,416965c75b19b01d4781182eaa19c998ff58123cda66a19c0d09dee75e64fffb,"{""circuit"":""surface_code:rotated_memory_x"",""cluster_node_limit"":50,""d"":3,""decoder"":""mwpf"",""decoder_type"":""SolverSerialJointSingleHair"",""p"":0.007,""p_erase"":0.007,""r"":3,""run_id"":""135e03791629607bb61bf8b9b22bc12f2324f26b65e31e82f5c3cd97d24c99c9""}",
      1024,         1,         0,   0.039,mwpf__3a2de2621d93f2d1f82bf505831648faac50961c9682adb78978518126f61ad4,269c086892560d2b2c3fb91f8240ee87c8e2f52d5b2ff0982c1e1b9fe1e015ae,"{""circuit"":""surface_code:rotated_memory_x"",""cluster_node_limit"":50,""d"":3,""decoder"":""mwpf"",""decoder_type"":""SolverSerialJointSingleHair"",""p"":0.005,""p_erase"":0.005,""r"":3,""run_id"":""5101ac8ef9c97b83df4dd9d8fb12d7b219d036893929703eba32fffa9e647600""}",
      1024,        51,         0,   0.130,mwpf__d08ecc2ae4e76ccb11121c648d76bb1a9dceb54ba88d0bda3ca1942f8172f6b2,9f276de840468236fef01318b2cf4b6d7c2e1758c53771e1f5f515c9efa1fe7a,"{""circuit"":""surface_code:rotated_memory_x"",""cluster_node_limit"":50,""d"":3,""decoder"":""mwpf"",""decoder_type"":""SolverSerialJointSingleHair"",""p"":0.03,""p_erase"":0.03,""r"":3,""run_id"":""1b0c559dafd8f14b5d58ea78c3999f6ea71afe3722dfa6ff7d8583aa5e1d218c""}",
      1024,        55,         0,   0.138,mwpf__d08ecc2ae4e76ccb11121c648d76bb1a9dceb54ba88d0bda3ca1942f8172f6b2,9f276de840468236fef01318b2cf4b6d7c2e1758c53771e1f5f515c9efa1fe7a,"{""circuit"":""surface_code:rotated_memory_x"",""cluster_node_limit"":50,""d"":3,""decoder"":""mwpf"",""decoder_type"":""SolverSerialJointSingleHair"",""p"":0.03,""p_erase"":0.03,""r"":3,""run_id"":""1b0c559dafd8f14b5d58ea78c3999f6ea71afe3722dfa6ff7d8583aa5e1d218c""}",
      1024,         0,         0,   0.041,mwpf__3a2de2621d93f2d1f82bf505831648faac50961c9682adb78978518126f61ad4,269c086892560d2b2c3fb91f8240ee87c8e2f52d5b2ff0982c1e1b9fe1e015ae,"{""circuit"":""surface_code:rotated_memory_x"",""cluster_node_limit"":50,""d"":3,""decoder"":""mwpf"",""decoder_type"":""SolverSerialJointSingleHair"",""p"":0.005,""p_erase"":0.005,""r"":3,""run_id"":""5101ac8ef9c97b83df4dd9d8fb12d7b219d036893929703eba32fffa9e647600""}",
      2048,         0,         0,   0.063,mwpf__b872f877938abc74ac5cbaba353b6d05cca6c26386630928e9e8c556790460ab,8be4c71d65229ab532f93802b200d69b85cf990b21494afcdb050a0cc2f71098,"{""circuit"":""surface_code:rotated_memory_x"",""cluster_node_limit"":50,""d"":3,""decoder"":""mwpf"",""decoder_type"":""SolverSerialJointSingleHair"",""p"":0.003,""p_erase"":0.003,""r"":3,""run_id"":""915e7fac76f0cb44d6aac79997be9e5a903d4aa353a8207f80b396814e1292cb""}",
      2048,         0,         0,   0.071,mwpf__bbbb95ae8dfd216392d93d271ab853220d7a01380e740dc79365759e9487ffb2,d994fe02c85cb3c768399acfffda9f01e9344d65a7427484376e8d07bf72dce7,"{""circuit"":""surface_code:rotated_memory_x"",""cluster_node_limit"":50,""d"":3,""decoder"":""mwpf"",""decoder_type"":""SolverSerialJointSingleHair"",""p"":0.004,""p_erase"":0.004,""r"":3,""run_id"":""90efa888ab0be85c6dc82d20d594fb219f455db906f7e8f7ad923a214270e30c""}",
      2048,         0,         0,   0.069,mwpf__bbbb95ae8dfd216392d93d271ab853220d7a01380e740dc79365759e9487ffb2,d994fe02c85cb3c768399acfffda9f01e9344d65a7427484376e8d07bf72dce7,"{""circuit"":""surface_code:rotated_memory_x"",""cluster_node_limit"":50,""d"":3,""decoder"":""mwpf"",""decoder_type"":""SolverSerialJointSingleHair"",""p"":0.004,""p_erase"":0.004,""r"":3,""run_id"":""90efa888ab0be85c6dc82d20d594fb219f455db906f7e8f7ad923a214270e30c""}",
      1024,         3,         0,   0.059,mwpf__f4eaffc7e8b345bd4ed12e044b14c9eca5eb9d6063d64430985ec7c298159463,1c0b2318b8e500ddb1032a5e330292dd6110fcabf993e79d05dcfbebeb6f8881,"{""circuit"":""surface_code:rotated_memory_x"",""cluster_node_limit"":50,""d"":3,""decoder"":""mwpf"",""decoder_type"":""SolverSerialJointSingleHair"",""p"":0.01,""p_erase"":0.01,""r"":3,""run_id"":""5b6db69d825a9e1af451573dd00a4a7082d74a5e74fde81d397d7b0bcc5645b2""}",
      1024,         1,         0,   0.050,mwpf__cdbabe99b4f243243aad339bb11c8a90131812a9c01e0de682a2aca46d6d55ff,ddc6d0a0729b2070c0dbbc972d7b9e687957f33bd2fd578d2477245fef7735ad,"{""circuit"":""surface_code:rotated_memory_x"",""cluster_node_limit"":50,""d"":3,""decoder"":""mwpf"",""decoder_type"":""SolverSerialJointSingleHair"",""p"":0.008,""p_erase"":0.008,""r"":3,""run_id"":""842b8d9622dd95e081373b13334f0c4c970c25ea256e90e9985b8d1bb6968aef""}",
      1024,         1,         0,   0.043,mwpf__6a374b57c528f1fa3515562a1fcd08586fb590c5649146dc6a143bb06eeec077,f3e9207a47b74a52f31cee6ee65233df1dffd4d0d85fd55e88b8f5b6b8686260,"{""circuit"":""surface_code:rotated_memory_x"",""cluster_node_limit"":50,""d"":3,""decoder"":""mwpf"",""decoder_type"":""SolverSerialJointSingleHair"",""p"":0.006,""p_erase"":0.006,""r"":3,""run_id"":""dd60754122c9f7a810b0c1d8b1c92188ea52870232067546237f0fa25d610548""}",
      1024,         4,         0,   0.056,mwpf__2d43dbac6f220be8e75258fcbaa1915a92302bec253b831525bc35e7adeec1b6,64b3d9f5baf6f09488c41396f9407eb7cf2e57debde21e687e5552cba9d5418a,"{""circuit"":""surface_code:rotated_memory_x"",""cluster_node_limit"":50,""d"":3,""decoder"":""mwpf"",""decoder_type"":""SolverSerialJointSingleHair"",""p"":0.009,""p_erase"":0.009,""r"":3,""run_id"":""f3773bbf3001f7044304ac6a12d9ddb4d020a1b2b51ce7b475f4f14944f915f3""}",
       273,         0,         0,   0.012,mwpf__6a374b57c528f1fa3515562a1fcd08586fb590c5649146dc6a143bb06eeec077,f3e9207a47b74a52f31cee6ee65233df1dffd4d0d85fd55e88b8f5b6b8686260,"{""circuit"":""surface_code:rotated_memory_x"",""cluster_node_limit"":50,""d"":3,""decoder"":""mwpf"",""decoder_type"":""SolverSerialJointSingleHair"",""p"":0.006,""p_erase"":0.006,""r"":3,""run_id"":""dd60754122c9f7a810b0c1d8b1c92188ea52870232067546237f0fa25d610548""}",
      1024,         2,         0,   0.054,mwpf__2d43dbac6f220be8e75258fcbaa1915a92302bec253b831525bc35e7adeec1b6,64b3d9f5baf6f09488c41396f9407eb7cf2e57debde21e687e5552cba9d5418a,"{""circuit"":""surface_code:rotated_memory_x"",""cluster_node_limit"":50,""d"":3,""decoder"":""mwpf"",""decoder_type"":""SolverSerialJointSingleHair"",""p"":0.009,""p_erase"":0.009,""r"":3,""run_id"":""f3773bbf3001f7044304ac6a12d9ddb4d020a1b2b51ce7b475f4f14944f915f3""}",
      2048,         0,         0,   0.062,mwpf__b872f877938abc74ac5cbaba353b6d05cca6c26386630928e9e8c556790460ab,8be4c71d65229ab532f93802b200d69b85cf990b21494afcdb050a0cc2f71098,"{""circuit"":""surface_code:rotated_memory_x"",""cluster_node_limit"":50,""d"":3,""decoder"":""mwpf"",""decoder_type"":""SolverSerialJointSingleHair"",""p"":0.003,""p_erase"":0.003,""r"":3,""run_id"":""915e7fac76f0cb44d6aac79997be9e5a903d4aa353a8207f80b396814e1292cb""}",
      2048,         1,         0,   0.076,mwpf__3a2de2621d93f2d1f82bf505831648faac50961c9682adb78978518126f61ad4,269c086892560d2b2c3fb91f8240ee87c8e2f52d5b2ff0982c1e1b9fe1e015ae,"{""circuit"":""surface_code:rotated_memory_x"",""cluster_node_limit"":50,""d"":3,""decoder"":""mwpf"",""decoder_type"":""SolverSerialJointSingleHair"",""p"":0.005,""p_erase"":0.005,""r"":3,""run_id"":""5101ac8ef9c97b83df4dd9d8fb12d7b219d036893929703eba32fffa9e647600""}",
      1024,         2,         0,   0.046,mwpf__71726d6ba25fe5b1097fdebf57bc9ee71a4920b66b52ccf640b9fe928e18d0f8,416965c75b19b01d4781182eaa19c998ff58123cda66a19c0d09dee75e64fffb,"{""circuit"":""surface_code:rotated_memory_x"",""cluster_node_limit"":50,""d"":3,""decoder"":""mwpf"",""decoder_type"":""SolverSerialJointSingleHair"",""p"":0.007,""p_erase"":0.007,""r"":3,""run_id"":""135e03791629607bb61bf8b9b22bc12f2324f26b65e31e82f5c3cd97d24c99c9""}",
      2048,         0,         0,   0.074,mwpf__bbbb95ae8dfd216392d93d271ab853220d7a01380e740dc79365759e9487ffb2,d994fe02c85cb3c768399acfffda9f01e9344d65a7427484376e8d07bf72dce7,"{""circuit"":""surface_code:rotated_memory_x"",""cluster_node_limit"":50,""d"":3,""decoder"":""mwpf"",""decoder_type"":""SolverSerialJointSingleHair"",""p"":0.004,""p_erase"":0.004,""r"":3,""run_id"":""90efa888ab0be85c6dc82d20d594fb219f455db906f7e8f7ad923a214270e30c""}",
      1024,       116,         0,   0.167,mwpf__ed26b1d41b10bd70b2e5191f5d45b8d7c77a0c90b2ed82a0d4ba27fc4edf117a,bc011b380b81e4ab7d7e1f1154213cc7a4acda72054632f5f7bab40c4c8b5b1f,"{""circuit"":""surface_code:rotated_memory_x"",""cluster_node_limit"":50,""d"":3,""decoder"":""mwpf"",""decoder_type"":""SolverSerialJointSingleHair"",""p"":0.04,""p_erase"":0.04,""r"":3,""run_id"":""0e93526537fe93e9b37e6ded05eb69843dc22921f011ffb0b3533b59cfc71ed2""}",
      1024,       127,         0,   0.168,mwpf__ed26b1d41b10bd70b2e5191f5d45b8d7c77a0c90b2ed82a0d4ba27fc4edf117a,bc011b380b81e4ab7d7e1f1154213cc7a4acda72054632f5f7bab40c4c8b5b1f,"{""circuit"":""surface_code:rotated_memory_x"",""cluster_node_limit"":50,""d"":3,""decoder"":""mwpf"",""decoder_type"":""SolverSerialJointSingleHair"",""p"":0.04,""p_erase"":0.04,""r"":3,""run_id"":""0e93526537fe93e9b37e6ded05eb69843dc22921f011ffb0b3533b59cfc71ed2""}",
      1024,        18,         0,   0.095,mwpf__bc6afb301d40de4dda36c86e2bee82ba9a2f3509c5e7adff85dedc84e2a08470,7be39a06112225b5216df3daf93370b2b9c424246e5cfcb6acb1a9865d6e9942,"{""circuit"":""surface_code:rotated_memory_x"",""cluster_node_limit"":50,""d"":3,""decoder"":""mwpf"",""decoder_type"":""SolverSerialJointSingleHair"",""p"":0.02,""p_erase"":0.02,""r"":3,""run_id"":""cbdcd76e4eac6e7ea58eb299d6c7091619bfb5b7954ed0656948ce94e45f36ab""}",
      1024,        19,         0,   0.095,mwpf__bc6afb301d40de4dda36c86e2bee82ba9a2f3509c5e7adff85dedc84e2a08470,7be39a06112225b5216df3daf93370b2b9c424246e5cfcb6acb1a9865d6e9942,"{""circuit"":""surface_code:rotated_memory_x"",""cluster_node_limit"":50,""d"":3,""decoder"":""mwpf"",""decoder_type"":""SolverSerialJointSingleHair"",""p"":0.02,""p_erase"":0.02,""r"":3,""run_id"":""cbdcd76e4eac6e7ea58eb299d6c7091619bfb5b7954ed0656948ce94e45f36ab""}",
      1024,         0,         0,   0.043,mwpf__6a374b57c528f1fa3515562a1fcd08586fb590c5649146dc6a143bb06eeec077,f3e9207a47b74a52f31cee6ee65233df1dffd4d0d85fd55e88b8f5b6b8686260,"{""circuit"":""surface_code:rotated_memory_x"",""cluster_node_limit"":50,""d"":3,""decoder"":""mwpf"",""decoder_type"":""SolverSerialJointSingleHair"",""p"":0.006,""p_erase"":0.006,""r"":3,""run_id"":""dd60754122c9f7a810b0c1d8b1c92188ea52870232067546237f0fa25d610548""}",
      1024,         2,         0,   0.050,mwpf__cdbabe99b4f243243aad339bb11c8a90131812a9c01e0de682a2aca46d6d55ff,ddc6d0a0729b2070c0dbbc972d7b9e687957f33bd2fd578d2477245fef7735ad,"{""circuit"":""surface_code:rotated_memory_x"",""cluster_node_limit"":50,""d"":3,""decoder"":""mwpf"",""decoder_type"":""SolverSerialJointSingleHair"",""p"":0.008,""p_erase"":0.008,""r"":3,""run_id"":""842b8d9622dd95e081373b13334f0c4c970c25ea256e90e9985b8d1bb6968aef""}",
      1024,       187,         0,   0.189,mwpf__b0e1426f6c4884e7e956c71520ee075fcf0da29d3e865e7519b23c6e0aec4e62,53478eabf9e5775201d5fae86f689e6c2d6fe35972c0eb0be61f613f5cd56df1,"{""circuit"":""surface_code:rotated_memory_x"",""cluster_node_limit"":50,""d"":3,""decoder"":""mwpf"",""decoder_type"":""SolverSerialJointSingleHair"",""p"":0.05,""p_erase"":0.05,""r"":3,""run_id"":""66f02b9030d33676d96459d90fe2a723609a6ce9961bda4f5d1d1d63291b9f2b""}",
      2048,         0,         0,   0.077,mwpf__3a2de2621d93f2d1f82bf505831648faac50961c9682adb78978518126f61ad4,269c086892560d2b2c3fb91f8240ee87c8e2f52d5b2ff0982c1e1b9fe1e015ae,"{""circuit"":""surface_code:rotated_memory_x"",""cluster_node_limit"":50,""d"":3,""decoder"":""mwpf"",""decoder_type"":""SolverSerialJointSingleHair"",""p"":0.005,""p_erase"":0.005,""r"":3,""run_id"":""5101ac8ef9c97b83df4dd9d8fb12d7b219d036893929703eba32fffa9e647600""}",
      1024,         2,         0,   0.054,mwpf__2d43dbac6f220be8e75258fcbaa1915a92302bec253b831525bc35e7adeec1b6,64b3d9f5baf6f09488c41396f9407eb7cf2e57debde21e687e5552cba9d5418a,"{""circuit"":""surface_code:rotated_memory_x"",""cluster_node_limit"":50,""d"":3,""decoder"":""mwpf"",""decoder_type"":""SolverSerialJointSingleHair"",""p"":0.009,""p_erase"":0.009,""r"":3,""run_id"":""f3773bbf3001f7044304ac6a12d9ddb4d020a1b2b51ce7b475f4f14944f915f3""}",
      1024,       211,         0,   0.193,mwpf__b0e1426f6c4884e7e956c71520ee075fcf0da29d3e865e7519b23c6e0aec4e62,53478eabf9e5775201d5fae86f689e6c2d6fe35972c0eb0be61f613f5cd56df1,"{""circuit"":""surface_code:rotated_memory_x"",""cluster_node_limit"":50,""d"":3,""decoder"":""mwpf"",""decoder_type"":""SolverSerialJointSingleHair"",""p"":0.05,""p_erase"":0.05,""r"":3,""run_id"":""66f02b9030d33676d96459d90fe2a723609a6ce9961bda4f5d1d1d63291b9f2b""}",
      1024,         7,         0,   0.058,mwpf__f4eaffc7e8b345bd4ed12e044b14c9eca5eb9d6063d64430985ec7c298159463,1c0b2318b8e500ddb1032a5e330292dd6110fcabf993e79d05dcfbebeb6f8881,"{""circuit"":""surface_code:rotated_memory_x"",""cluster_node_limit"":50,""d"":3,""decoder"":""mwpf"",""decoder_type"":""SolverSerialJointSingleHair"",""p"":0.01,""p_erase"":0.01,""r"":3,""run_id"":""5b6db69d825a9e1af451573dd00a4a7082d74a5e74fde81d397d7b0bcc5645b2""}",
      2048,         0,         0,   0.065,mwpf__b872f877938abc74ac5cbaba353b6d05cca6c26386630928e9e8c556790460ab,8be4c71d65229ab532f93802b200d69b85cf990b21494afcdb050a0cc2f71098,"{""circuit"":""surface_code:rotated_memory_x"",""cluster_node_limit"":50,""d"":3,""decoder"":""mwpf"",""decoder_type"":""SolverSerialJointSingleHair"",""p"":0.003,""p_erase"":0.003,""r"":3,""run_id"":""915e7fac76f0cb44d6aac79997be9e5a903d4aa353a8207f80b396814e1292cb""}",
      1024,         2,         0,   0.057,mwpf__2d43dbac6f220be8e75258fcbaa1915a92302bec253b831525bc35e7adeec1b6,64b3d9f5baf6f09488c41396f9407eb7cf2e57debde21e687e5552cba9d5418a,"{""circuit"":""surface_code:rotated_memory_x"",""cluster_node_limit"":50,""d"":3,""decoder"":""mwpf"",""decoder_type"":""SolverSerialJointSingleHair"",""p"":0.009,""p_erase"":0.009,""r"":3,""run_id"":""f3773bbf3001f7044304ac6a12d9ddb4d020a1b2b51ce7b475f4f14944f915f3""}",
      2048,         0,         0,   0.060,mwpf__b872f877938abc74ac5cbaba353b6d05cca6c26386630928e9e8c556790460ab,8be4c71d65229ab532f93802b200d69b85cf990b21494afcdb050a0cc2f71098,"{""circuit"":""surface_code:rotated_memory_x"",""cluster_node_limit"":50,""d"":3,""decoder"":""mwpf"",""decoder_type"":""SolverSerialJointSingleHair"",""p"":0.003,""p_erase"":0.003,""r"":3,""run_id"":""915e7fac76f0cb44d6aac79997be9e5a903d4aa353a8207f80b396814e1292cb""}",
      2048,         1,         0,   0.070,mwpf__bbbb95ae8dfd216392d93d271ab853220d7a01380e740dc79365759e9487ffb2,d994fe02c85cb3c768399acfffda9f01e9344d65a7427484376e8d07bf72dce7,"{""circuit"":""surface_code:rotated_memory_x"",""cluster_node_limit"":50,""d"":3,""decoder"":""mwpf"",""decoder_type"":""SolverSerialJointSingleHair"",""p"":0.004,""p_erase"":0.004,""r"":3,""run_id"":""90efa888ab0be85c6dc82d20d594fb219f455db906f7e8f7ad923a214270e30c""}",
      2048,         0,         0,   0.071,mwpf__bbbb95ae8dfd216392d93d271ab853220d7a01380e740dc79365759e9487ffb2,d994fe02c85cb3c768399acfffda9f01e9344d65a7427484376e8d07bf72dce7,"{""circuit"":""surface_code:rotated_memory_x"",""cluster_node_limit"":50,""d"":3,""decoder"":""mwpf"",""decoder_type"":""SolverSerialJointSingleHair"",""p"":0.004,""p_erase"":0.004,""r"":3,""run_id"":""90efa888ab0be85c6dc82d20d594fb219f455db906f7e8f7ad923a214270e30c""}",
      2048,         1,         0,   0.081,mwpf__3a2de2621d93f2d1f82bf505831648faac50961c9682adb78978518126f61ad4,269c086892560d2b2c3fb91f8240ee87c8e2f52d5b2ff0982c1e1b9fe1e015ae,"{""circuit"":""surface_code:rotated_memory_x"",""cluster_node_limit"":50,""d"":3,""decoder"":""mwpf"",""decoder_type"":""SolverSerialJointSingleHair"",""p"":0.005,""p_erase"":0.005,""r"":3,""run_id"":""5101ac8ef9c97b83df4dd9d8fb12d7b219d036893929703eba32fffa9e647600""}",
      1024,       275,         0,   0.214,mwpf__0413dccab20865c44db7e423785d3499025ad075a790258c15359f20b3ea8ddf,e38884877993cb310bb1c7f1630acd7fb53acc85f426b44e79895f6abe2236a6,"{""circuit"":""surface_code:rotated_memory_x"",""cluster_node_limit"":50,""d"":3,""decoder"":""mwpf"",""decoder_type"":""SolverSerialJointSingleHair"",""p"":0.06,""p_erase"":0.06,""r"":3,""run_id"":""d9231ee71bad9dc3be4287aa1493c85a1a71feef2d55ce668a0b818e8914832e""}",
      2048,         0,         0,   0.084,mwpf__6a374b57c528f1fa3515562a1fcd08586fb590c5649146dc6a143bb06eeec077,f3e9207a47b74a52f31cee6ee65233df1dffd4d0d85fd55e88b8f5b6b8686260,"{""circuit"":""surface_code:rotated_memory_x"",""cluster_node_limit"":50,""d"":3,""decoder"":""mwpf"",""decoder_type"":""SolverSerialJointSingleHair"",""p"":0.006,""p_erase"":0.006,""r"":3,""run_id"":""dd60754122c9f7a810b0c1d8b1c92188ea52870232067546237f0fa25d610548""}",
      2048,         0,         0,   0.076,mwpf__3a2de2621d93f2d1f82bf505831648faac50961c9682adb78978518126f61ad4,269c086892560d2b2c3fb91f8240ee87c8e2f52d5b2ff0982c1e1b9fe1e015ae,"{""circuit"":""surface_code:rotated_memory_x"",""cluster_node_limit"":50,""d"":3,""decoder"":""mwpf"",""decoder_type"":""SolverSerialJointSingleHair"",""p"":0.005,""p_erase"":0.005,""r"":3,""run_id"":""5101ac8ef9c97b83df4dd9d8fb12d7b219d036893929703eba32fffa9e647600""}",
      2048,         0,         0,   0.071,mwpf__bbbb95ae8dfd216392d93d271ab853220d7a01380e740dc79365759e9487ffb2,d994fe02c85cb3c768399acfffda9f01e9344d65a7427484376e8d07bf72dce7,"{""circuit"":""surface_code:rotated_memory_x"",""cluster_node_limit"":50,""d"":3,""decoder"":""mwpf"",""decoder_type"":""SolverSerialJointSingleHair"",""p"":0.004,""p_erase"":0.004,""r"":3,""run_id"":""90efa888ab0be85c6dc82d20d594fb219f455db906f7e8f7ad923a214270e30c""}",
      1024,       270,         0,   0.223,mwpf__0413dccab20865c44db7e423785d3499025ad075a790258c15359f20b3ea8ddf,e38884877993cb310bb1c7f1630acd7fb53acc85f426b44e79895f6abe2236a6,"{""circuit"":""surface_code:rotated_memory_x"",""cluster_node_limit"":50,""d"":3,""decoder"":""mwpf"",""decoder_type"":""SolverSerialJointSingleHair"",""p"":0.06,""p_erase"":0.06,""r"":3,""run_id"":""d9231ee71bad9dc3be4287aa1493c85a1a71feef2d55ce668a0b818e8914832e""}",
      1024,         1,         0,   0.043,mwpf__6a374b57c528f1fa3515562a1fcd08586fb590c5649146dc6a143bb06eeec077,f3e9207a47b74a52f31cee6ee65233df1dffd4d0d85fd55e88b8f5b6b8686260,"{""circuit"":""surface_code:rotated_memory_x"",""cluster_node_limit"":50,""d"":3,""decoder"":""mwpf"",""decoder_type"":""SolverSerialJointSingleHair"",""p"":0.006,""p_erase"":0.006,""r"":3,""run_id"":""dd60754122c9f7a810b0c1d8b1c92188ea52870232067546237f0fa25d610548""}",
       273,         0,         0,   0.023,mwpf__f4eaffc7e8b345bd4ed12e044b14c9eca5eb9d6063d64430985ec7c298159463,1c0b2318b8e500ddb1032a5e330292dd6110fcabf993e79d05dcfbebeb6f8881,"{""circuit"":""surface_code:rotated_memory_x"",""cluster_node_limit"":50,""d"":3,""decoder"":""mwpf"",""decoder_type"":""SolverSerialJointSingleHair"",""p"":0.01,""p_erase"":0.01,""r"":3,""run_id"":""5b6db69d825a9e1af451573dd00a4a7082d74a5e74fde81d397d7b0bcc5645b2""}",
      2048,         3,         0,   0.095,mwpf__71726d6ba25fe5b1097fdebf57bc9ee71a4920b66b52ccf640b9fe928e18d0f8,416965c75b19b01d4781182eaa19c998ff58123cda66a19c0d09dee75e64fffb,"{""circuit"":""surface_code:rotated_memory_x"",""cluster_node_limit"":50,""d"":3,""decoder"":""mwpf"",""decoder_type"":""SolverSerialJointSingleHair"",""p"":0.007,""p_erase"":0.007,""r"":3,""run_id"":""135e03791629607bb61bf8b9b22bc12f2324f26b65e31e82f5c3cd97d24c99c9""}",
      1024,         0,         0,   0.054,mwpf__2d43dbac6f220be8e75258fcbaa1915a92302bec253b831525bc35e7adeec1b6,64b3d9f5baf6f09488c41396f9407eb7cf2e57debde21e687e5552cba9d5418a,"{""circuit"":""surface_code:rotated_memory_x"",""cluster_node_limit"":50,""d"":3,""decoder"":""mwpf"",""decoder_type"":""SolverSerialJointSingleHair"",""p"":0.009,""p_erase"":0.009,""r"":3,""run_id"":""f3773bbf3001f7044304ac6a12d9ddb4d020a1b2b51ce7b475f4f14944f915f3""}",
      1024,        69,         0,   0.133,mwpf__d08ecc2ae4e76ccb11121c648d76bb1a9dceb54ba88d0bda3ca1942f8172f6b2,9f276de840468236fef01318b2cf4b6d7c2e1758c53771e1f5f515c9efa1fe7a,"{""circuit"":""surface_code:rotated_memory_x"",""cluster_node_limit"":50,""d"":3,""decoder"":""mwpf"",""decoder_type"":""SolverSerialJointSingleHair"",""p"":0.03,""p_erase"":0.03,""r"":3,""run_id"":""1b0c559dafd8f14b5d58ea78c3999f6ea71afe3722dfa6ff7d8583aa5e1d218c""}",
      1024,         0,         0,   0.055,mwpf__2d43dbac6f220be8e75258fcbaa1915a92302bec253b831525bc35e7adeec1b6,64b3d9f5baf6f09488c41396f9407eb7cf2e57debde21e687e5552cba9d5418a,"{""circuit"":""surface_code:rotated_memory_x"",""cluster_node_limit"":50,""d"":3,""decoder"":""mwpf"",""decoder_type"":""SolverSerialJointSingleHair"",""p"":0.009,""p_erase"":0.009,""r"":3,""run_id"":""f3773bbf3001f7044304ac6a12d9ddb4d020a1b2b51ce7b475f4f14944f915f3""}",
      1024,         3,         0,   0.059,mwpf__f4eaffc7e8b345bd4ed12e044b14c9eca5eb9d6063d64430985ec7c298159463,1c0b2318b8e500ddb1032a5e330292dd6110fcabf993e79d05dcfbebeb6f8881,"{""circuit"":""surface_code:rotated_memory_x"",""cluster_node_limit"":50,""d"":3,""decoder"":""mwpf"",""decoder_type"":""SolverSerialJointSingleHair"",""p"":0.01,""p_erase"":0.01,""r"":3,""run_id"":""5b6db69d825a9e1af451573dd00a4a7082d74a5e74fde81d397d7b0bcc5645b2""}",
      1024,        59,         0,   0.138,mwpf__d08ecc2ae4e76ccb11121c648d76bb1a9dceb54ba88d0bda3ca1942f8172f6b2,9f276de840468236fef01318b2cf4b6d7c2e1758c53771e1f5f515c9efa1fe7a,"{""circuit"":""surface_code:rotated_memory_x"",""cluster_node_limit"":50,""d"":3,""decoder"":""mwpf"",""decoder_type"":""SolverSerialJointSingleHair"",""p"":0.03,""p_erase"":0.03,""r"":3,""run_id"":""1b0c559dafd8f14b5d58ea78c3999f6ea71afe3722dfa6ff7d8583aa5e1d218c""}",
      1024,        26,         0,   0.095,mwpf__bc6afb301d40de4dda36c86e2bee82ba9a2f3509c5e7adff85dedc84e2a08470,7be39a06112225b5216df3daf93370b2b9c424246e5cfcb6acb1a9865d6e9942,"{""circuit"":""surface_code:rotated_memory_x"",""cluster_node_limit"":50,""d"":3,""decoder"":""mwpf"",""decoder_type"":""SolverSerialJointSingleHair"",""p"":0.02,""p_erase"":0.02,""r"":3,""run_id"":""cbdcd76e4eac6e7ea58eb299d6c7091619bfb5b7954ed0656948ce94e45f36ab""}",
      2048,         3,         0,   0.076,mwpf__3a2de2621d93f2d1f82bf505831648faac50961c9682adb78978518126f61ad4,269c086892560d2b2c3fb91f8240ee87c8e2f52d5b2ff0982c1e1b9fe1e015ae,"{""circuit"":""surface_code:rotated_memory_x"",""cluster_node_limit"":50,""d"":3,""decoder"":""mwpf"",""decoder_type"":""SolverSerialJointSingleHair"",""p"":0.005,""p_erase"":0.005,""r"":3,""run_id"":""5101ac8ef9c97b83df4dd9d8fb12d7b219d036893929703eba32fffa9e647600""}",
      1024,         0,         0,   0.044,mwpf__6a374b57c528f1fa3515562a1fcd08586fb590c5649146dc6a143bb06eeec077,f3e9207a47b74a52f31cee6ee65233df1dffd4d0d85fd55e88b8f5b6b8686260,"{""circuit"":""surface_code:rotated_memory_x"",""cluster_node_limit"":50,""d"":3,""decoder"":""mwpf"",""decoder_type"":""SolverSerialJointSingleHair"",""p"":0.006,""p_erase"":0.006,""r"":3,""run_id"":""dd60754122c9f7a810b0c1d8b1c92188ea52870232067546237f0fa25d610548""}",
      1024,        14,         0,   0.098,mwpf__bc6afb301d40de4dda36c86e2bee82ba9a2f3509c5e7adff85dedc84e2a08470,7be39a06112225b5216df3daf93370b2b9c424246e5cfcb6acb1a9865d6e9942,"{""circuit"":""surface_code:rotated_memory_x"",""cluster_node_limit"":50,""d"":3,""decoder"":""mwpf"",""decoder_type"":""SolverSerialJointSingleHair"",""p"":0.02,""p_erase"":0.02,""r"":3,""run_id"":""cbdcd76e4eac6e7ea58eb299d6c7091619bfb5b7954ed0656948ce94e45f36ab""}",
      2048,         2,         0,   0.100,mwpf__cdbabe99b4f243243aad339bb11c8a90131812a9c01e0de682a2aca46d6d55ff,ddc6d0a0729b2070c0dbbc972d7b9e687957f33bd2fd578d2477245fef7735ad,"{""circuit"":""surface_code:rotated_memory_x"",""cluster_node_limit"":50,""d"":3,""decoder"":""mwpf"",""decoder_type"":""SolverSerialJointSingleHair"",""p"":0.008,""p_erase"":0.008,""r"":3,""run_id"":""842b8d9622dd95e081373b13334f0c4c970c25ea256e90e9985b8d1bb6968aef""}",
      2048,         1,         0,   0.083,mwpf__3a2de2621d93f2d1f82bf505831648faac50961c9682adb78978518126f61ad4,269c086892560d2b2c3fb91f8240ee87c8e2f52d5b2ff0982c1e1b9fe1e015ae,"{""circuit"":""surface_code:rotated_memory_x"",""cluster_node_limit"":50,""d"":3,""decoder"":""mwpf"",""decoder_type"":""SolverSerialJointSingleHair"",""p"":0.005,""p_erase"":0.005,""r"":3,""run_id"":""5101ac8ef9c97b83df4dd9d8fb12d7b219d036893929703eba32fffa9e647600""}",
      3072,         0,         0,   0.096,mwpf__b872f877938abc74ac5cbaba353b6d05cca6c26386630928e9e8c556790460ab,8be4c71d65229ab532f93802b200d69b85cf990b21494afcdb050a0cc2f71098,"{""circuit"":""surface_code:rotated_memory_x"",""cluster_node_limit"":50,""d"":3,""decoder"":""mwpf"",""decoder_type"":""SolverSerialJointSingleHair"",""p"":0.003,""p_erase"":0.003,""r"":3,""run_id"":""915e7fac76f0cb44d6aac79997be9e5a903d4aa353a8207f80b396814e1292cb""}",
      3072,         0,         0,   0.091,mwpf__b872f877938abc74ac5cbaba353b6d05cca6c26386630928e9e8c556790460ab,8be4c71d65229ab532f93802b200d69b85cf990b21494afcdb050a0cc2f71098,"{""circuit"":""surface_code:rotated_memory_x"",""cluster_node_limit"":50,""d"":3,""decoder"":""mwpf"",""decoder_type"":""SolverSerialJointSingleHair"",""p"":0.003,""p_erase"":0.003,""r"":3,""run_id"":""915e7fac76f0cb44d6aac79997be9e5a903d4aa353a8207f80b396814e1292cb""}",
      2048,         0,         0,   0.077,mwpf__3a2de2621d93f2d1f82bf505831648faac50961c9682adb78978518126f61ad4,269c086892560d2b2c3fb91f8240ee87c8e2f52d5b2ff0982c1e1b9fe1e015ae,"{""circuit"":""surface_code:rotated_memory_x"",""cluster_node_limit"":50,""d"":3,""decoder"":""mwpf"",""decoder_type"":""SolverSerialJointSingleHair"",""p"":0.005,""p_erase"":0.005,""r"":3,""run_id"":""5101ac8ef9c97b83df4dd9d8fb12d7b219d036893929703eba32fffa9e647600""}",
      1024,         4,         0,   0.077,mwpf__f4eaffc7e8b345bd4ed12e044b14c9eca5eb9d6063d64430985ec7c298159463,1c0b2318b8e500ddb1032a5e330292dd6110fcabf993e79d05dcfbebeb6f8881,"{""circuit"":""surface_code:rotated_memory_x"",""cluster_node_limit"":50,""d"":3,""decoder"":""mwpf"",""decoder_type"":""SolverSerialJointSingleHair"",""p"":0.01,""p_erase"":0.01,""r"":3,""run_id"":""5b6db69d825a9e1af451573dd00a4a7082d74a5e74fde81d397d7b0bcc5645b2""}",
      2048,         1,         0,   0.086,mwpf__6a374b57c528f1fa3515562a1fcd08586fb590c5649146dc6a143bb06eeec077,f3e9207a47b74a52f31cee6ee65233df1dffd4d0d85fd55e88b8f5b6b8686260,"{""circuit"":""surface_code:rotated_memory_x"",""cluster_node_limit"":50,""d"":3,""decoder"":""mwpf"",""decoder_type"":""SolverSerialJointSingleHair"",""p"":0.006,""p_erase"":0.006,""r"":3,""run_id"":""dd60754122c9f7a810b0c1d8b1c92188ea52870232067546237f0fa25d610548""}",
      3072,         0,         0,   0.107,mwpf__bbbb95ae8dfd216392d93d271ab853220d7a01380e740dc79365759e9487ffb2,d994fe02c85cb3c768399acfffda9f01e9344d65a7427484376e8d07bf72dce7,"{""circuit"":""surface_code:rotated_memory_x"",""cluster_node_limit"":50,""d"":3,""decoder"":""mwpf"",""decoder_type"":""SolverSerialJointSingleHair"",""p"":0.004,""p_erase"":0.004,""r"":3,""run_id"":""90efa888ab0be85c6dc82d20d594fb219f455db906f7e8f7ad923a214270e30c""}",
      3072,         0,         0,   0.105,mwpf__bbbb95ae8dfd216392d93d271ab853220d7a01380e740dc79365759e9487ffb2,d994fe02c85cb3c768399acfffda9f01e9344d65a7427484376e8d07bf72dce7,"{""circuit"":""surface_code:rotated_memory_x"",""cluster_node_limit"":50,""d"":3,""decoder"":""mwpf"",""decoder_type"":""SolverSerialJointSingleHair"",""p"":0.004,""p_erase"":0.004,""r"":3,""run_id"":""90efa888ab0be85c6dc82d20d594fb219f455db906f7e8f7ad923a214270e30c""}",
      1024,         0,         0,   0.042,mwpf__6a374b57c528f1fa3515562a1fcd08586fb590c5649146dc6a143bb06eeec077,f3e9207a47b74a52f31cee6ee65233df1dffd4d0d85fd55e88b8f5b6b8686260,"{""circuit"":""surface_code:rotated_memory_x"",""cluster_node_limit"":50,""d"":3,""decoder"":""mwpf"",""decoder_type"":""SolverSerialJointSingleHair"",""p"":0.006,""p_erase"":0.006,""r"":3,""run_id"":""dd60754122c9f7a810b0c1d8b1c92188ea52870232067546237f0fa25d610548""}",
      1024,       117,         0,   0.166,mwpf__ed26b1d41b10bd70b2e5191f5d45b8d7c77a0c90b2ed82a0d4ba27fc4edf117a,bc011b380b81e4ab7d7e1f1154213cc7a4acda72054632f5f7bab40c4c8b5b1f,"{""circuit"":""surface_code:rotated_memory_x"",""cluster_node_limit"":50,""d"":3,""decoder"":""mwpf"",""decoder_type"":""SolverSerialJointSingleHair"",""p"":0.04,""p_erase"":0.04,""r"":3,""run_id"":""0e93526537fe93e9b37e6ded05eb69843dc22921f011ffb0b3533b59cfc71ed2""}",
      3072,         0,         0,   0.106,mwpf__bbbb95ae8dfd216392d93d271ab853220d7a01380e740dc79365759e9487ffb2,d994fe02c85cb3c768399acfffda9f01e9344d65a7427484376e8d07bf72dce7,"{""circuit"":""surface_code:rotated_memory_x"",""cluster_node_limit"":50,""d"":3,""decoder"":""mwpf"",""decoder_type"":""SolverSerialJointSingleHair"",""p"":0.004,""p_erase"":0.004,""r"":3,""run_id"":""90efa888ab0be85c6dc82d20d594fb219f455db906f7e8f7ad923a214270e30c""}",
      1024,       135,         0,   0.167,mwpf__ed26b1d41b10bd70b2e5191f5d45b8d7c77a0c90b2ed82a0d4ba27fc4edf117a,bc011b380b81e4ab7d7e1f1154213cc7a4acda72054632f5f7bab40c4c8b5b1f,"{""circuit"":""surface_code:rotated_memory_x"",""cluster_node_limit"":50,""d"":3,""decoder"":""mwpf"",""decoder_type"":""SolverSerialJointSingleHair"",""p"":0.04,""p_erase"":0.04,""r"":3,""run_id"":""0e93526537fe93e9b37e6ded05eb69843dc22921f011ffb0b3533b59cfc71ed2""}",
      2048,         1,         0,   0.095,mwpf__71726d6ba25fe5b1097fdebf57bc9ee71a4920b66b52ccf640b9fe928e18d0f8,416965c75b19b01d4781182eaa19c998ff58123cda66a19c0d09dee75e64fffb,"{""circuit"":""surface_code:rotated_memory_x"",""cluster_node_limit"":50,""d"":3,""decoder"":""mwpf"",""decoder_type"":""SolverSerialJointSingleHair"",""p"":0.007,""p_erase"":0.007,""r"":3,""run_id"":""135e03791629607bb61bf8b9b22bc12f2324f26b65e31e82f5c3cd97d24c99c9""}",
      2048,         3,         0,   0.107,mwpf__2d43dbac6f220be8e75258fcbaa1915a92302bec253b831525bc35e7adeec1b6,64b3d9f5baf6f09488c41396f9407eb7cf2e57debde21e687e5552cba9d5418a,"{""circuit"":""surface_code:rotated_memory_x"",""cluster_node_limit"":50,""d"":3,""decoder"":""mwpf"",""decoder_type"":""SolverSerialJointSingleHair"",""p"":0.009,""p_erase"":0.009,""r"":3,""run_id"":""f3773bbf3001f7044304ac6a12d9ddb4d020a1b2b51ce7b475f4f14944f915f3""}",
      1024,        24,         0,   0.093,mwpf__bc6afb301d40de4dda36c86e2bee82ba9a2f3509c5e7adff85dedc84e2a08470,7be39a06112225b5216df3daf93370b2b9c424246e5cfcb6acb1a9865d6e9942,"{""circuit"":""surface_code:rotated_memory_x"",""cluster_node_limit"":50,""d"":3,""decoder"":""mwpf"",""decoder_type"":""SolverSerialJointSingleHair"",""p"":0.02,""p_erase"":0.02,""r"":3,""run_id"":""cbdcd76e4eac6e7ea58eb299d6c7091619bfb5b7954ed0656948ce94e45f36ab""}",
      2048,         2,         0,   0.114,mwpf__2d43dbac6f220be8e75258fcbaa1915a92302bec253b831525bc35e7adeec1b6,64b3d9f5baf6f09488c41396f9407eb7cf2e57debde21e687e5552cba9d5418a,"{""circuit"":""surface_code:rotated_memory_x"",""cluster_node_limit"":50,""d"":3,""decoder"":""mwpf"",""decoder_type"":""SolverSerialJointSingleHair"",""p"":0.009,""p_erase"":0.009,""r"":3,""run_id"":""f3773bbf3001f7044304ac6a12d9ddb4d020a1b2b51ce7b475f4f14944f915f3""}",
      2048,         7,         0,   0.115,mwpf__f4eaffc7e8b345bd4ed12e044b14c9eca5eb9d6063d64430985ec7c298159463,1c0b2318b8e500ddb1032a5e330292dd6110fcabf993e79d05dcfbebeb6f8881,"{""circuit"":""surface_code:rotated_memory_x"",""cluster_node_limit"":50,""d"":3,""decoder"":""mwpf"",""decoder_type"":""SolverSerialJointSingleHair"",""p"":0.01,""p_erase"":0.01,""r"":3,""run_id"":""5b6db69d825a9e1af451573dd00a4a7082d74a5e74fde81d397d7b0bcc5645b2""}",
      1024,        18,         0,   0.097,mwpf__bc6afb301d40de4dda36c86e2bee82ba9a2f3509c5e7adff85dedc84e2a08470,7be39a06112225b5216df3daf93370b2b9c424246e5cfcb6acb1a9865d6e9942,"{""circuit"":""surface_code:rotated_memory_x"",""cluster_node_limit"":50,""d"":3,""decoder"":""mwpf"",""decoder_type"":""SolverSerialJointSingleHair"",""p"":0.02,""p_erase"":0.02,""r"":3,""run_id"":""cbdcd76e4eac6e7ea58eb299d6c7091619bfb5b7954ed0656948ce94e45f36ab""}",
      1024,       196,         0,   0.190,mwpf__b0e1426f6c4884e7e956c71520ee075fcf0da29d3e865e7519b23c6e0aec4e62,53478eabf9e5775201d5fae86f689e6c2d6fe35972c0eb0be61f613f5cd56df1,"{""circuit"":""surface_code:rotated_memory_x"",""cluster_node_limit"":50,""d"":3,""decoder"":""mwpf"",""decoder_type"":""SolverSerialJointSingleHair"",""p"":0.05,""p_erase"":0.05,""r"":3,""run_id"":""66f02b9030d33676d96459d90fe2a723609a6ce9961bda4f5d1d1d63291b9f2b""}",
      3072,         3,         0,   0.115,mwpf__3a2de2621d93f2d1f82bf505831648faac50961c9682adb78978518126f61ad4,269c086892560d2b2c3fb91f8240ee87c8e2f52d5b2ff0982c1e1b9fe1e015ae,"{""circuit"":""surface_code:rotated_memory_x"",""cluster_node_limit"":50,""d"":3,""decoder"":""mwpf"",""decoder_type"":""SolverSerialJointSingleHair"",""p"":0.005,""p_erase"":0.005,""r"":3,""run_id"":""5101ac8ef9c97b83df4dd9d8fb12d7b219d036893929703eba32fffa9e647600""}",
      1024,         1,         0,   0.077,mwpf__f4eaffc7e8b345bd4ed12e044b14c9eca5eb9d6063d64430985ec7c298159463,1c0b2318b8e500ddb1032a5e330292dd6110fcabf993e79d05dcfbebeb6f8881,"{""circuit"":""surface_code:rotated_memory_x"",""cluster_node_limit"":50,""d"":3,""decoder"":""mwpf"",""decoder_type"":""SolverSerialJointSingleHair"",""p"":0.01,""p_erase"":0.01,""r"":3,""run_id"":""5b6db69d825a9e1af451573dd00a4a7082d74a5e74fde81d397d7b0bcc5645b2""}",
      1024,        72,         0,   0.136,mwpf__d08ecc2ae4e76ccb11121c648d76bb1a9dceb54ba88d0bda3ca1942f8172f6b2,9f276de840468236fef01318b2cf4b6d7c2e1758c53771e1f5f515c9efa1fe7a,"{""circuit"":""surface_code:rotated_memory_x"",""cluster_node_limit"":50,""d"":3,""decoder"":""mwpf"",""decoder_type"":""SolverSerialJointSingleHair"",""p"":0.03,""p_erase"":0.03,""r"":3,""run_id"":""1b0c559dafd8f14b5d58ea78c3999f6ea71afe3722dfa6ff7d8583aa5e1d218c""}",
      2048,         2,         0,   0.099,mwpf__cdbabe99b4f243243aad339bb11c8a90131812a9c01e0de682a2aca46d6d55ff,ddc6d0a0729b2070c0dbbc972d7b9e687957f33bd2fd578d2477245fef7735ad,"{""circuit"":""surface_code:rotated_memory_x"",""cluster_node_limit"":50,""d"":3,""decoder"":""mwpf"",""decoder_type"":""SolverSerialJointSingleHair"",""p"":0.008,""p_erase"":0.008,""r"":3,""run_id"":""842b8d9622dd95e081373b13334f0c4c970c25ea256e90e9985b8d1bb6968aef""}",
      1024,       207,         0,   0.195,mwpf__b0e1426f6c4884e7e956c71520ee075fcf0da29d3e865e7519b23c6e0aec4e62,53478eabf9e5775201d5fae86f689e6c2d6fe35972c0eb0be61f613f5cd56df1,"{""circuit"":""surface_code:rotated_memory_x"",""cluster_node_limit"":50,""d"":3,""decoder"":""mwpf"",""decoder_type"":""SolverSerialJointSingleHair"",""p"":0.05,""p_erase"":0.05,""r"":3,""run_id"":""66f02b9030d33676d96459d90fe2a723609a6ce9961bda4f5d1d1d63291b9f2b""}",
      1024,        47,         0,   0.136,mwpf__d08ecc2ae4e76ccb11121c648d76bb1a9dceb54ba88d0bda3ca1942f8172f6b2,9f276de840468236fef01318b2cf4b6d7c2e1758c53771e1f5f515c9efa1fe7a,"{""circuit"":""surface_code:rotated_memory_x"",""cluster_node_limit"":50,""d"":3,""decoder"":""mwpf"",""decoder_type"":""SolverSerialJointSingleHair"",""p"":0.03,""p_erase"":0.03,""r"":3,""run_id"":""1b0c559dafd8f14b5d58ea78c3999f6ea71afe3722dfa6ff7d8583aa5e1d218c""}",
      2048,         1,         0,   0.087,mwpf__6a374b57c528f1fa3515562a1fcd08586fb590c5649146dc6a143bb06eeec077,f3e9207a47b74a52f31cee6ee65233df1dffd4d0d85fd55e88b8f5b6b8686260,"{""circuit"":""surface_code:rotated_memory_x"",""cluster_node_limit"":50,""d"":3,""decoder"":""mwpf"",""decoder_type"":""SolverSerialJointSingleHair"",""p"":0.006,""p_erase"":0.006,""r"":3,""run_id"":""dd60754122c9f7a810b0c1d8b1c92188ea52870232067546237f0fa25d610548""}",
      3072,         0,         0,   0.122,mwpf__3a2de2621d93f2d1f82bf505831648faac50961c9682adb78978518126f61ad4,269c086892560d2b2c3fb91f8240ee87c8e2f52d5b2ff0982c1e1b9fe1e015ae,"{""circuit"":""surface_code:rotated_memory_x"",""cluster_node_limit"":50,""d"":3,""decoder"":""mwpf"",""decoder_type"":""SolverSerialJointSingleHair"",""p"":0.005,""p_erase"":0.005,""r"":3,""run_id"":""5101ac8ef9c97b83df4dd9d8fb12d7b219d036893929703eba32fffa9e647600""}",
      3072,         1,         0,   0.112,mwpf__3a2de2621d93f2d1f82bf505831648faac50961c9682adb78978518126f61ad4,269c086892560d2b2c3fb91f8240ee87c8e2f52d5b2ff0982c1e1b9fe1e015ae,"{""circuit"":""surface_code:rotated_memory_x"",""cluster_node_limit"":50,""d"":3,""decoder"":""mwpf"",""decoder_type"":""SolverSerialJointSingleHair"",""p"":0.005,""p_erase"":0.005,""r"":3,""run_id"":""5101ac8ef9c97b83df4dd9d8fb12d7b219d036893929703eba32fffa9e647600""}",
      4096,         0,         0,   0.123,mwpf__b872f877938abc74ac5cbaba353b6d05cca6c26386630928e9e8c556790460ab,8be4c71d65229ab532f93802b200d69b85cf990b21494afcdb050a0cc2f71098,"{""circuit"":""surface_code:rotated_memory_x"",""cluster_node_limit"":50,""d"":3,""decoder"":""mwpf"",""decoder_type"":""SolverSerialJointSingleHair"",""p"":0.003,""p_erase"":0.003,""r"":3,""run_id"":""915e7fac76f0cb44d6aac79997be9e5a903d4aa353a8207f80b396814e1292cb""}",
      3072,         0,         0,   0.107,mwpf__bbbb95ae8dfd216392d93d271ab853220d7a01380e740dc79365759e9487ffb2,d994fe02c85cb3c768399acfffda9f01e9344d65a7427484376e8d07bf72dce7,"{""circuit"":""surface_code:rotated_memory_x"",""cluster_node_limit"":50,""d"":3,""decoder"":""mwpf"",""decoder_type"":""SolverSerialJointSingleHair"",""p"":0.004,""p_erase"":0.004,""r"":3,""run_id"":""90efa888ab0be85c6dc82d20d594fb219f455db906f7e8f7ad923a214270e30c""}",
      4096,         0,         0,   0.129,mwpf__b872f877938abc74ac5cbaba353b6d05cca6c26386630928e9e8c556790460ab,8be4c71d65229ab532f93802b200d69b85cf990b21494afcdb050a0cc2f71098,"{""circuit"":""surface_code:rotated_memory_x"",""cluster_node_limit"":50,""d"":3,""decoder"":""mwpf"",""decoder_type"":""SolverSerialJointSingleHair"",""p"":0.003,""p_erase"":0.003,""r"":3,""run_id"":""915e7fac76f0cb44d6aac79997be9e5a903d4aa353a8207f80b396814e1292cb""}",
      1024,       283,         0,   0.213,mwpf__0413dccab20865c44db7e423785d3499025ad075a790258c15359f20b3ea8ddf,e38884877993cb310bb1c7f1630acd7fb53acc85f426b44e79895f6abe2236a6,"{""circuit"":""surface_code:rotated_memory_x"",""cluster_node_limit"":50,""d"":3,""decoder"":""mwpf"",""decoder_type"":""SolverSerialJointSingleHair"",""p"":0.06,""p_erase"":0.06,""r"":3,""run_id"":""d9231ee71bad9dc3be4287aa1493c85a1a71feef2d55ce668a0b818e8914832e""}",
      3072,         1,         0,   0.106,mwpf__bbbb95ae8dfd216392d93d271ab853220d7a01380e740dc79365759e9487ffb2,d994fe02c85cb3c768399acfffda9f01e9344d65a7427484376e8d07bf72dce7,"{""circuit"":""surface_code:rotated_memory_x"",""cluster_node_limit"":50,""d"":3,""decoder"":""mwpf"",""decoder_type"":""SolverSerialJointSingleHair"",""p"":0.004,""p_erase"":0.004,""r"":3,""run_id"":""90efa888ab0be85c6dc82d20d594fb219f455db906f7e8f7ad923a214270e30c""}",
      3072,         0,         0,   0.129,mwpf__6a374b57c528f1fa3515562a1fcd08586fb590c5649146dc6a143bb06eeec077,f3e9207a47b74a52f31cee6ee65233df1dffd4d0d85fd55e88b8f5b6b8686260,"{""circuit"":""surface_code:rotated_memory_x"",""cluster_node_limit"":50,""d"":3,""decoder"":""mwpf"",""decoder_type"":""SolverSerialJointSingleHair"",""p"":0.006,""p_erase"":0.006,""r"":3,""run_id"":""dd60754122c9f7a810b0c1d8b1c92188ea52870232067546237f0fa25d610548""}",
      1024,       287,         0,   0.217,mwpf__0413dccab20865c44db7e423785d3499025ad075a790258c15359f20b3ea8ddf,e38884877993cb310bb1c7f1630acd7fb53acc85f426b44e79895f6abe2236a6,"{""circuit"":""surface_code:rotated_memory_x"",""cluster_node_limit"":50,""d"":3,""decoder"":""mwpf"",""decoder_type"":""SolverSerialJointSingleHair"",""p"":0.06,""p_erase"":0.06,""r"":3,""run_id"":""d9231ee71bad9dc3be4287aa1493c85a1a71feef2d55ce668a0b818e8914832e""}",
      4096,         1,         0,   0.139,mwpf__bbbb95ae8dfd216392d93d271ab853220d7a01380e740dc79365759e9487ffb2,d994fe02c85cb3c768399acfffda9f01e9344d65a7427484376e8d07bf72dce7,"{""circuit"":""surface_code:rotated_memory_x"",""cluster_node_limit"":50,""d"":3,""decoder"":""mwpf"",""decoder_type"":""SolverSerialJointSingleHair"",""p"":0.004,""p_erase"":0.004,""r"":3,""run_id"":""90efa888ab0be85c6dc82d20d594fb219f455db906f7e8f7ad923a214270e30c""}",
      1024,        20,         0,   0.098,mwpf__bc6afb301d40de4dda36c86e2bee82ba9a2f3509c5e7adff85dedc84e2a08470,7be39a06112225b5216df3daf93370b2b9c424246e5cfcb6acb1a9865d6e9942,"{""circuit"":""surface_code:rotated_memory_x"",""cluster_node_limit"":50,""d"":3,""decoder"":""mwpf"",""decoder_type"":""SolverSerialJointSingleHair"",""p"":0.02,""p_erase"":0.02,""r"":3,""run_id"":""cbdcd76e4eac6e7ea58eb299d6c7091619bfb5b7954ed0656948ce94e45f36ab""}",
      1024,         1,         0,   0.076,mwpf__f4eaffc7e8b345bd4ed12e044b14c9eca5eb9d6063d64430985ec7c298159463,1c0b2318b8e500ddb1032a5e330292dd6110fcabf993e79d05dcfbebeb6f8881,"{""circuit"":""surface_code:rotated_memory_x"",""cluster_node_limit"":50,""d"":3,""decoder"":""mwpf"",""decoder_type"":""SolverSerialJointSingleHair"",""p"":0.01,""p_erase"":0.01,""r"":3,""run_id"":""5b6db69d825a9e1af451573dd00a4a7082d74a5e74fde81d397d7b0bcc5645b2""}",
      2048,         2,         0,   0.110,mwpf__2d43dbac6f220be8e75258fcbaa1915a92302bec253b831525bc35e7adeec1b6,64b3d9f5baf6f09488c41396f9407eb7cf2e57debde21e687e5552cba9d5418a,"{""circuit"":""surface_code:rotated_memory_x"",""cluster_node_limit"":50,""d"":3,""decoder"":""mwpf"",""decoder_type"":""SolverSerialJointSingleHair"",""p"":0.009,""p_erase"":0.009,""r"":3,""run_id"":""f3773bbf3001f7044304ac6a12d9ddb4d020a1b2b51ce7b475f4f14944f915f3""}",
      1024,        24,         0,   0.098,mwpf__bc6afb301d40de4dda36c86e2bee82ba9a2f3509c5e7adff85dedc84e2a08470,7be39a06112225b5216df3daf93370b2b9c424246e5cfcb6acb1a9865d6e9942,"{""circuit"":""surface_code:rotated_memory_x"",""cluster_node_limit"":50,""d"":3,""decoder"":""mwpf"",""decoder_type"":""SolverSerialJointSingleHair"",""p"":0.02,""p_erase"":0.02,""r"":3,""run_id"":""cbdcd76e4eac6e7ea58eb299d6c7091619bfb5b7954ed0656948ce94e45f36ab""}",
      2048,         0,         0,   0.111,mwpf__2d43dbac6f220be8e75258fcbaa1915a92302bec253b831525bc35e7adeec1b6,64b3d9f5baf6f09488c41396f9407eb7cf2e57debde21e687e5552cba9d5418a,"{""circuit"":""surface_code:rotated_memory_x"",""cluster_node_limit"":50,""d"":3,""decoder"":""mwpf"",""decoder_type"":""SolverSerialJointSingleHair"",""p"":0.009,""p_erase"":0.009,""r"":3,""run_id"":""f3773bbf3001f7044304ac6a12d9ddb4d020a1b2b51ce7b475f4f14944f915f3""}",
      2048,         6,         0,   0.114,mwpf__f4eaffc7e8b345bd4ed12e044b14c9eca5eb9d6063d64430985ec7c298159463,1c0b2318b8e500ddb1032a5e330292dd6110fcabf993e79d05dcfbebeb6f8881,"{""circuit"":""surface_code:rotated_memory_x"",""cluster_node_limit"":50,""d"":3,""decoder"":""mwpf"",""decoder_type"":""SolverSerialJointSingleHair"",""p"":0.01,""p_erase"":0.01,""r"":3,""run_id"":""5b6db69d825a9e1af451573dd00a4a7082d74a5e74fde81d397d7b0bcc5645b2""}",
      3072,         3,         0,   0.143,mwpf__71726d6ba25fe5b1097fdebf57bc9ee71a4920b66b52ccf640b9fe928e18d0f8,416965c75b19b01d4781182eaa19c998ff58123cda66a19c0d09dee75e64fffb,"{""circuit"":""surface_code:rotated_memory_x"",""cluster_node_limit"":50,""d"":3,""decoder"":""mwpf"",""decoder_type"":""SolverSerialJointSingleHair"",""p"":0.007,""p_erase"":0.007,""r"":3,""run_id"":""135e03791629607bb61bf8b9b22bc12f2324f26b65e31e82f5c3cd97d24c99c9""}",
      2048,         2,         0,   0.087,mwpf__6a374b57c528f1fa3515562a1fcd08586fb590c5649146dc6a143bb06eeec077,f3e9207a47b74a52f31cee6ee65233df1dffd4d0d85fd55e88b8f5b6b8686260,"{""circuit"":""surface_code:rotated_memory_x"",""cluster_node_limit"":50,""d"":3,""decoder"":""mwpf"",""decoder_type"":""SolverSerialJointSingleHair"",""p"":0.006,""p_erase"":0.006,""r"":3,""run_id"":""dd60754122c9f7a810b0c1d8b1c92188ea52870232067546237f0fa25d610548""}",
      1024,       119,         0,   0.164,mwpf__ed26b1d41b10bd70b2e5191f5d45b8d7c77a0c90b2ed82a0d4ba27fc4edf117a,bc011b380b81e4ab7d7e1f1154213cc7a4acda72054632f5f7bab40c4c8b5b1f,"{""circuit"":""surface_code:rotated_memory_x"",""cluster_node_limit"":50,""d"":3,""decoder"":""mwpf"",""decoder_type"":""SolverSerialJointSingleHair"",""p"":0.04,""p_erase"":0.04,""r"":3,""run_id"":""0e93526537fe93e9b37e6ded05eb69843dc22921f011ffb0b3533b59cfc71ed2""}",
      1024,       109,         0,   0.162,mwpf__ed26b1d41b10bd70b2e5191f5d45b8d7c77a0c90b2ed82a0d4ba27fc4edf117a,bc011b380b81e4ab7d7e1f1154213cc7a4acda72054632f5f7bab40c4c8b5b1f,"{""circuit"":""surface_code:rotated_memory_x"",""cluster_node_limit"":50,""d"":3,""decoder"":""mwpf"",""decoder_type"":""SolverSerialJointSingleHair"",""p"":0.04,""p_erase"":0.04,""r"":3,""run_id"":""0e93526537fe93e9b37e6ded05eb69843dc22921f011ffb0b3533b59cfc71ed2""}",
      1024,        48,         0,   0.128,mwpf__d08ecc2ae4e76ccb11121c648d76bb1a9dceb54ba88d0bda3ca1942f8172f6b2,9f276de840468236fef01318b2cf4b6d7c2e1758c53771e1f5f515c9efa1fe7a,"{""circuit"":""surface_code:rotated_memory_x"",""cluster_node_limit"":50,""d"":3,""decoder"":""mwpf"",""decoder_type"":""SolverSerialJointSingleHair"",""p"":0.03,""p_erase"":0.03,""r"":3,""run_id"":""1b0c559dafd8f14b5d58ea78c3999f6ea71afe3722dfa6ff7d8583aa5e1d218c""}",
      1024,        57,         0,   0.133,mwpf__d08ecc2ae4e76ccb11121c648d76bb1a9dceb54ba88d0bda3ca1942f8172f6b2,9f276de840468236fef01318b2cf4b6d7c2e1758c53771e1f5f515c9efa1fe7a,"{""circuit"":""surface_code:rotated_memory_x"",""cluster_node_limit"":50,""d"":3,""decoder"":""mwpf"",""decoder_type"":""SolverSerialJointSingleHair"",""p"":0.03,""p_erase"":0.03,""r"":3,""run_id"":""1b0c559dafd8f14b5d58ea78c3999f6ea71afe3722dfa6ff7d8583aa5e1d218c""}",
      1024,         2,         0,   0.075,mwpf__f4eaffc7e8b345bd4ed12e044b14c9eca5eb9d6063d64430985ec7c298159463,1c0b2318b8e500ddb1032a5e330292dd6110fcabf993e79d05dcfbebeb6f8881,"{""circuit"":""surface_code:rotated_memory_x"",""cluster_node_limit"":50,""d"":3,""decoder"":""mwpf"",""decoder_type"":""SolverSerialJointSingleHair"",""p"":0.01,""p_erase"":0.01,""r"":3,""run_id"":""5b6db69d825a9e1af451573dd00a4a7082d74a5e74fde81d397d7b0bcc5645b2""}",
      3072,         2,         0,   0.149,mwpf__cdbabe99b4f243243aad339bb11c8a90131812a9c01e0de682a2aca46d6d55ff,ddc6d0a0729b2070c0dbbc972d7b9e687957f33bd2fd578d2477245fef7735ad,"{""circuit"":""surface_code:rotated_memory_x"",""cluster_node_limit"":50,""d"":3,""decoder"":""mwpf"",""decoder_type"":""SolverSerialJointSingleHair"",""p"":0.008,""p_erase"":0.008,""r"":3,""run_id"":""842b8d9622dd95e081373b13334f0c4c970c25ea256e90e9985b8d1bb6968aef""}",
      4096,         0,         0,   0.155,mwpf__3a2de2621d93f2d1f82bf505831648faac50961c9682adb78978518126f61ad4,269c086892560d2b2c3fb91f8240ee87c8e2f52d5b2ff0982c1e1b9fe1e015ae,"{""circuit"":""surface_code:rotated_memory_x"",""cluster_node_limit"":50,""d"":3,""decoder"":""mwpf"",""decoder_type"":""SolverSerialJointSingleHair"",""p"":0.005,""p_erase"":0.005,""r"":3,""run_id"":""5101ac8ef9c97b83df4dd9d8fb12d7b219d036893929703eba32fffa9e647600""}",
      1024,        18,         0,   0.094,mwpf__bc6afb301d40de4dda36c86e2bee82ba9a2f3509c5e7adff85dedc84e2a08470,7be39a06112225b5216df3daf93370b2b9c424246e5cfcb6acb1a9865d6e9942,"{""circuit"":""surface_code:rotated_memory_x"",""cluster_node_limit"":50,""d"":3,""decoder"":""mwpf"",""decoder_type"":""SolverSerialJointSingleHair"",""p"":0.02,""p_erase"":0.02,""r"":3,""run_id"":""cbdcd76e4eac6e7ea58eb299d6c7091619bfb5b7954ed0656948ce94e45f36ab""}",
      1024,        13,         0,   0.096,mwpf__bc6afb301d40de4dda36c86e2bee82ba9a2f3509c5e7adff85dedc84e2a08470,7be39a06112225b5216df3daf93370b2b9c424246e5cfcb6acb1a9865d6e9942,"{""circuit"":""surface_code:rotated_memory_x"",""cluster_node_limit"":50,""d"":3,""decoder"":""mwpf"",""decoder_type"":""SolverSerialJointSingleHair"",""p"":0.02,""p_erase"":0.02,""r"":3,""run_id"":""cbdcd76e4eac6e7ea58eb299d6c7091619bfb5b7954ed0656948ce94e45f36ab""}",
      4096,         0,         0,   0.153,mwpf__3a2de2621d93f2d1f82bf505831648faac50961c9682adb78978518126f61ad4,269c086892560d2b2c3fb91f8240ee87c8e2f52d5b2ff0982c1e1b9fe1e015ae,"{""circuit"":""surface_code:rotated_memory_x"",""cluster_node_limit"":50,""d"":3,""decoder"":""mwpf"",""decoder_type"":""SolverSerialJointSingleHair"",""p"":0.005,""p_erase"":0.005,""r"":3,""run_id"":""5101ac8ef9c97b83df4dd9d8fb12d7b219d036893929703eba32fffa9e647600""}",
      1024,       197,         0,   0.188,mwpf__b0e1426f6c4884e7e956c71520ee075fcf0da29d3e865e7519b23c6e0aec4e62,53478eabf9e5775201d5fae86f689e6c2d6fe35972c0eb0be61f613f5cd56df1,"{""circuit"":""surface_code:rotated_memory_x"",""cluster_node_limit"":50,""d"":3,""decoder"":""mwpf"",""decoder_type"":""SolverSerialJointSingleHair"",""p"":0.05,""p_erase"":0.05,""r"":3,""run_id"":""66f02b9030d33676d96459d90fe2a723609a6ce9961bda4f5d1d1d63291b9f2b""}",
      5120,         0,         0,   0.154,mwpf__b872f877938abc74ac5cbaba353b6d05cca6c26386630928e9e8c556790460ab,8be4c71d65229ab532f93802b200d69b85cf990b21494afcdb050a0cc2f71098,"{""circuit"":""surface_code:rotated_memory_x"",""cluster_node_limit"":50,""d"":3,""decoder"":""mwpf"",""decoder_type"":""SolverSerialJointSingleHair"",""p"":0.003,""p_erase"":0.003,""r"":3,""run_id"":""915e7fac76f0cb44d6aac79997be9e5a903d4aa353a8207f80b396814e1292cb""}",
      4096,         3,         0,   0.161,mwpf__3a2de2621d93f2d1f82bf505831648faac50961c9682adb78978518126f61ad4,269c086892560d2b2c3fb91f8240ee87c8e2f52d5b2ff0982c1e1b9fe1e015ae,"{""circuit"":""surface_code:rotated_memory_x"",""cluster_node_limit"":50,""d"":3,""decoder"":""mwpf"",""decoder_type"":""SolverSerialJointSingleHair"",""p"":0.005,""p_erase"":0.005,""r"":3,""run_id"":""5101ac8ef9c97b83df4dd9d8fb12d7b219d036893929703eba32fffa9e647600""}",
      5120,         0,         0,   0.158,mwpf__b872f877938abc74ac5cbaba353b6d05cca6c26386630928e9e8c556790460ab,8be4c71d65229ab532f93802b200d69b85cf990b21494afcdb050a0cc2f71098,"{""circuit"":""surface_code:rotated_memory_x"",""cluster_node_limit"":50,""d"":3,""decoder"":""mwpf"",""decoder_type"":""SolverSerialJointSingleHair"",""p"":0.003,""p_erase"":0.003,""r"":3,""run_id"":""915e7fac76f0cb44d6aac79997be9e5a903d4aa353a8207f80b396814e1292cb""}",
      1024,       201,         0,   0.191,mwpf__b0e1426f6c4884e7e956c71520ee075fcf0da29d3e865e7519b23c6e0aec4e62,53478eabf9e5775201d5fae86f689e6c2d6fe35972c0eb0be61f613f5cd56df1,"{""circuit"":""surface_code:rotated_memory_x"",""cluster_node_limit"":50,""d"":3,""decoder"":""mwpf"",""decoder_type"":""SolverSerialJointSingleHair"",""p"":0.05,""p_erase"":0.05,""r"":3,""run_id"":""66f02b9030d33676d96459d90fe2a723609a6ce9961bda4f5d1d1d63291b9f2b""}",
      5120,         0,         0,   0.176,mwpf__bbbb95ae8dfd216392d93d271ab853220d7a01380e740dc79365759e9487ffb2,d994fe02c85cb3c768399acfffda9f01e9344d65a7427484376e8d07bf72dce7,"{""circuit"":""surface_code:rotated_memory_x"",""cluster_node_limit"":50,""d"":3,""decoder"":""mwpf"",""decoder_type"":""SolverSerialJointSingleHair"",""p"":0.004,""p_erase"":0.004,""r"":3,""run_id"":""90efa888ab0be85c6dc82d20d594fb219f455db906f7e8f7ad923a214270e30c""}",
      1024,         4,         0,   0.074,mwpf__f4eaffc7e8b345bd4ed12e044b14c9eca5eb9d6063d64430985ec7c298159463,1c0b2318b8e500ddb1032a5e330292dd6110fcabf993e79d05dcfbebeb6f8881,"{""circuit"":""surface_code:rotated_memory_x"",""cluster_node_limit"":50,""d"":3,""decoder"":""mwpf"",""decoder_type"":""SolverSerialJointSingleHair"",""p"":0.01,""p_erase"":0.01,""r"":3,""run_id"":""5b6db69d825a9e1af451573dd00a4a7082d74a5e74fde81d397d7b0bcc5645b2""}",
      4096,         1,         0,   0.174,mwpf__6a374b57c528f1fa3515562a1fcd08586fb590c5649146dc6a143bb06eeec077,f3e9207a47b74a52f31cee6ee65233df1dffd4d0d85fd55e88b8f5b6b8686260,"{""circuit"":""surface_code:rotated_memory_x"",""cluster_node_limit"":50,""d"":3,""decoder"":""mwpf"",""decoder_type"":""SolverSerialJointSingleHair"",""p"":0.006,""p_erase"":0.006,""r"":3,""run_id"":""dd60754122c9f7a810b0c1d8b1c92188ea52870232067546237f0fa25d610548""}",
      5120,         0,         0,   0.176,mwpf__bbbb95ae8dfd216392d93d271ab853220d7a01380e740dc79365759e9487ffb2,d994fe02c85cb3c768399acfffda9f01e9344d65a7427484376e8d07bf72dce7,"{""circuit"":""surface_code:rotated_memory_x"",""cluster_node_limit"":50,""d"":3,""decoder"":""mwpf"",""decoder_type"":""SolverSerialJointSingleHair"",""p"":0.004,""p_erase"":0.004,""r"":3,""run_id"":""90efa888ab0be85c6dc82d20d594fb219f455db906f7e8f7ad923a214270e30c""}",
      3072,         0,         0,   0.130,mwpf__6a374b57c528f1fa3515562a1fcd08586fb590c5649146dc6a143bb06eeec077,f3e9207a47b74a52f31cee6ee65233df1dffd4d0d85fd55e88b8f5b6b8686260,"{""circuit"":""surface_code:rotated_memory_x"",""cluster_node_limit"":50,""d"":3,""decoder"":""mwpf"",""decoder_type"":""SolverSerialJointSingleHair"",""p"":0.006,""p_erase"":0.006,""r"":3,""run_id"":""dd60754122c9f7a810b0c1d8b1c92188ea52870232067546237f0fa25d610548""}",
      5120,         0,         0,   0.176,mwpf__bbbb95ae8dfd216392d93d271ab853220d7a01380e740dc79365759e9487ffb2,d994fe02c85cb3c768399acfffda9f01e9344d65a7427484376e8d07bf72dce7,"{""circuit"":""surface_code:rotated_memory_x"",""cluster_node_limit"":50,""d"":3,""decoder"":""mwpf"",""decoder_type"":""SolverSerialJointSingleHair"",""p"":0.004,""p_erase"":0.004,""r"":3,""run_id"":""90efa888ab0be85c6dc82d20d594fb219f455db906f7e8f7ad923a214270e30c""}",
      3072,         5,         0,   0.166,mwpf__2d43dbac6f220be8e75258fcbaa1915a92302bec253b831525bc35e7adeec1b6,64b3d9f5baf6f09488c41396f9407eb7cf2e57debde21e687e5552cba9d5418a,"{""circuit"":""surface_code:rotated_memory_x"",""cluster_node_limit"":50,""d"":3,""decoder"":""mwpf"",""decoder_type"":""SolverSerialJointSingleHair"",""p"":0.009,""p_erase"":0.009,""r"":3,""run_id"":""f3773bbf3001f7044304ac6a12d9ddb4d020a1b2b51ce7b475f4f14944f915f3""}",
      1024,        51,         0,   0.129,mwpf__d08ecc2ae4e76ccb11121c648d76bb1a9dceb54ba88d0bda3ca1942f8172f6b2,9f276de840468236fef01318b2cf4b6d7c2e1758c53771e1f5f515c9efa1fe7a,"{""circuit"":""surface_code:rotated_memory_x"",""cluster_node_limit"":50,""d"":3,""decoder"":""mwpf"",""decoder_type"":""SolverSerialJointSingleHair"",""p"":0.03,""p_erase"":0.03,""r"":3,""run_id"":""1b0c559dafd8f14b5d58ea78c3999f6ea71afe3722dfa6ff7d8583aa5e1d218c""}",
      1024,       279,         0,   0.211,mwpf__0413dccab20865c44db7e423785d3499025ad075a790258c15359f20b3ea8ddf,e38884877993cb310bb1c7f1630acd7fb53acc85f426b44e79895f6abe2236a6,"{""circuit"":""surface_code:rotated_memory_x"",""cluster_node_limit"":50,""d"":3,""decoder"":""mwpf"",""decoder_type"":""SolverSerialJointSingleHair"",""p"":0.06,""p_erase"":0.06,""r"":3,""run_id"":""d9231ee71bad9dc3be4287aa1493c85a1a71feef2d55ce668a0b818e8914832e""}",
      3072,         5,         0,   0.167,mwpf__2d43dbac6f220be8e75258fcbaa1915a92302bec253b831525bc35e7adeec1b6,64b3d9f5baf6f09488c41396f9407eb7cf2e57debde21e687e5552cba9d5418a,"{""circuit"":""surface_code:rotated_memory_x"",""cluster_node_limit"":50,""d"":3,""decoder"":""mwpf"",""decoder_type"":""SolverSerialJointSingleHair"",""p"":0.009,""p_erase"":0.009,""r"":3,""run_id"":""f3773bbf3001f7044304ac6a12d9ddb4d020a1b2b51ce7b475f4f14944f915f3""}",
      1024,       131,         0,   0.163,mwpf__ed26b1d41b10bd70b2e5191f5d45b8d7c77a0c90b2ed82a0d4ba27fc4edf117a,bc011b380b81e4ab7d7e1f1154213cc7a4acda72054632f5f7bab40c4c8b5b1f,"{""circuit"":""surface_code:rotated_memory_x"",""cluster_node_limit"":50,""d"":3,""decoder"":""mwpf"",""decoder_type"":""SolverSerialJointSingleHair"",""p"":0.04,""p_erase"":0.04,""r"":3,""run_id"":""0e93526537fe93e9b37e6ded05eb69843dc22921f011ffb0b3533b59cfc71ed2""}",
      3072,         9,         0,   0.171,mwpf__f4eaffc7e8b345bd4ed12e044b14c9eca5eb9d6063d64430985ec7c298159463,1c0b2318b8e500ddb1032a5e330292dd6110fcabf993e79d05dcfbebeb6f8881,"{""circuit"":""surface_code:rotated_memory_x"",""cluster_node_limit"":50,""d"":3,""decoder"":""mwpf"",""decoder_type"":""SolverSerialJointSingleHair"",""p"":0.01,""p_erase"":0.01,""r"":3,""run_id"":""5b6db69d825a9e1af451573dd00a4a7082d74a5e74fde81d397d7b0bcc5645b2""}",
      1024,        96,         0,   0.165,mwpf__ed26b1d41b10bd70b2e5191f5d45b8d7c77a0c90b2ed82a0d4ba27fc4edf117a,bc011b380b81e4ab7d7e1f1154213cc7a4acda72054632f5f7bab40c4c8b5b1f,"{""circuit"":""surface_code:rotated_memory_x"",""cluster_node_limit"":50,""d"":3,""decoder"":""mwpf"",""decoder_type"":""SolverSerialJointSingleHair"",""p"":0.04,""p_erase"":0.04,""r"":3,""run_id"":""0e93526537fe93e9b37e6ded05eb69843dc22921f011ffb0b3533b59cfc71ed2""}",
      1024,       271,         0,   0.218,mwpf__0413dccab20865c44db7e423785d3499025ad075a790258c15359f20b3ea8ddf,e38884877993cb310bb1c7f1630acd7fb53acc85f426b44e79895f6abe2236a6,"{""circuit"":""surface_code:rotated_memory_x"",""cluster_node_limit"":50,""d"":3,""decoder"":""mwpf"",""decoder_type"":""SolverSerialJointSingleHair"",""p"":0.06,""p_erase"":0.06,""r"":3,""run_id"":""d9231ee71bad9dc3be4287aa1493c85a1a71feef2d55ce668a0b818e8914832e""}",
      1024,        63,         0,   0.134,mwpf__d08ecc2ae4e76ccb11121c648d76bb1a9dceb54ba88d0bda3ca1942f8172f6b2,9f276de840468236fef01318b2cf4b6d7c2e1758c53771e1f5f515c9efa1fe7a,"{""circuit"":""surface_code:rotated_memory_x"",""cluster_node_limit"":50,""d"":3,""decoder"":""mwpf"",""decoder_type"":""SolverSerialJointSingleHair"",""p"":0.03,""p_erase"":0.03,""r"":3,""run_id"":""1b0c559dafd8f14b5d58ea78c3999f6ea71afe3722dfa6ff7d8583aa5e1d218c""}",
      4096,         0,         0,   0.191,mwpf__71726d6ba25fe5b1097fdebf57bc9ee71a4920b66b52ccf640b9fe928e18d0f8,416965c75b19b01d4781182eaa19c998ff58123cda66a19c0d09dee75e64fffb,"{""circuit"":""surface_code:rotated_memory_x"",""cluster_node_limit"":50,""d"":3,""decoder"":""mwpf"",""decoder_type"":""SolverSerialJointSingleHair"",""p"":0.007,""p_erase"":0.007,""r"":3,""run_id"":""135e03791629607bb61bf8b9b22bc12f2324f26b65e31e82f5c3cd97d24c99c9""}",
      1024,         1,         0,   0.075,mwpf__f4eaffc7e8b345bd4ed12e044b14c9eca5eb9d6063d64430985ec7c298159463,1c0b2318b8e500ddb1032a5e330292dd6110fcabf993e79d05dcfbebeb6f8881,"{""circuit"":""surface_code:rotated_memory_x"",""cluster_node_limit"":50,""d"":3,""decoder"":""mwpf"",""decoder_type"":""SolverSerialJointSingleHair"",""p"":0.01,""p_erase"":0.01,""r"":3,""run_id"":""5b6db69d825a9e1af451573dd00a4a7082d74a5e74fde81d397d7b0bcc5645b2""}",
      3072,         2,         0,   0.151,mwpf__cdbabe99b4f243243aad339bb11c8a90131812a9c01e0de682a2aca46d6d55ff,ddc6d0a0729b2070c0dbbc972d7b9e687957f33bd2fd578d2477245fef7735ad,"{""circuit"":""surface_code:rotated_memory_x"",""cluster_node_limit"":50,""d"":3,""decoder"":""mwpf"",""decoder_type"":""SolverSerialJointSingleHair"",""p"":0.008,""p_erase"":0.008,""r"":3,""run_id"":""842b8d9622dd95e081373b13334f0c4c970c25ea256e90e9985b8d1bb6968aef""}",
      2048,        44,         0,   0.190,mwpf__bc6afb301d40de4dda36c86e2bee82ba9a2f3509c5e7adff85dedc84e2a08470,7be39a06112225b5216df3daf93370b2b9c424246e5cfcb6acb1a9865d6e9942,"{""circuit"":""surface_code:rotated_memory_x"",""cluster_node_limit"":50,""d"":3,""decoder"":""mwpf"",""decoder_type"":""SolverSerialJointSingleHair"",""p"":0.02,""p_erase"":0.02,""r"":3,""run_id"":""cbdcd76e4eac6e7ea58eb299d6c7091619bfb5b7954ed0656948ce94e45f36ab""}",
      2048,        37,         0,   0.195,mwpf__bc6afb301d40de4dda36c86e2bee82ba9a2f3509c5e7adff85dedc84e2a08470,7be39a06112225b5216df3daf93370b2b9c424246e5cfcb6acb1a9865d6e9942,"{""circuit"":""surface_code:rotated_memory_x"",""cluster_node_limit"":50,""d"":3,""decoder"":""mwpf"",""decoder_type"":""SolverSerialJointSingleHair"",""p"":0.02,""p_erase"":0.02,""r"":3,""run_id"":""cbdcd76e4eac6e7ea58eb299d6c7091619bfb5b7954ed0656948ce94e45f36ab""}",
      1024,       198,         0,   0.191,mwpf__b0e1426f6c4884e7e956c71520ee075fcf0da29d3e865e7519b23c6e0aec4e62,53478eabf9e5775201d5fae86f689e6c2d6fe35972c0eb0be61f613f5cd56df1,"{""circuit"":""surface_code:rotated_memory_x"",""cluster_node_limit"":50,""d"":3,""decoder"":""mwpf"",""decoder_type"":""SolverSerialJointSingleHair"",""p"":0.05,""p_erase"":0.05,""r"":3,""run_id"":""66f02b9030d33676d96459d90fe2a723609a6ce9961bda4f5d1d1d63291b9f2b""}",
      6144,         1,         0,   0.231,mwpf__3a2de2621d93f2d1f82bf505831648faac50961c9682adb78978518126f61ad4,269c086892560d2b2c3fb91f8240ee87c8e2f52d5b2ff0982c1e1b9fe1e015ae,"{""circuit"":""surface_code:rotated_memory_x"",""cluster_node_limit"":50,""d"":3,""decoder"":""mwpf"",""decoder_type"":""SolverSerialJointSingleHair"",""p"":0.005,""p_erase"":0.005,""r"":3,""run_id"":""5101ac8ef9c97b83df4dd9d8fb12d7b219d036893929703eba32fffa9e647600""}",
      1024,        49,         0,   0.127,mwpf__d08ecc2ae4e76ccb11121c648d76bb1a9dceb54ba88d0bda3ca1942f8172f6b2,9f276de840468236fef01318b2cf4b6d7c2e1758c53771e1f5f515c9efa1fe7a,"{""circuit"":""surface_code:rotated_memory_x"",""cluster_node_limit"":50,""d"":3,""decoder"":""mwpf"",""decoder_type"":""SolverSerialJointSingleHair"",""p"":0.03,""p_erase"":0.03,""r"":3,""run_id"":""1b0c559dafd8f14b5d58ea78c3999f6ea71afe3722dfa6ff7d8583aa5e1d218c""}",
      1024,       194,         0,   0.193,mwpf__b0e1426f6c4884e7e956c71520ee075fcf0da29d3e865e7519b23c6e0aec4e62,53478eabf9e5775201d5fae86f689e6c2d6fe35972c0eb0be61f613f5cd56df1,"{""circuit"":""surface_code:rotated_memory_x"",""cluster_node_limit"":50,""d"":3,""decoder"":""mwpf"",""decoder_type"":""SolverSerialJointSingleHair"",""p"":0.05,""p_erase"":0.05,""r"":3,""run_id"":""66f02b9030d33676d96459d90fe2a723609a6ce9961bda4f5d1d1d63291b9f2b""}",
      7168,         0,         0,   0.214,mwpf__b872f877938abc74ac5cbaba353b6d05cca6c26386630928e9e8c556790460ab,8be4c71d65229ab532f93802b200d69b85cf990b21494afcdb050a0cc2f71098,"{""circuit"":""surface_code:rotated_memory_x"",""cluster_node_limit"":50,""d"":3,""decoder"":""mwpf"",""decoder_type"":""SolverSerialJointSingleHair"",""p"":0.003,""p_erase"":0.003,""r"":3,""run_id"":""915e7fac76f0cb44d6aac79997be9e5a903d4aa353a8207f80b396814e1292cb""}",
      4096,         1,         0,   0.173,mwpf__6a374b57c528f1fa3515562a1fcd08586fb590c5649146dc6a143bb06eeec077,f3e9207a47b74a52f31cee6ee65233df1dffd4d0d85fd55e88b8f5b6b8686260,"{""circuit"":""surface_code:rotated_memory_x"",""cluster_node_limit"":50,""d"":3,""decoder"":""mwpf"",""decoder_type"":""SolverSerialJointSingleHair"",""p"":0.006,""p_erase"":0.006,""r"":3,""run_id"":""dd60754122c9f7a810b0c1d8b1c92188ea52870232067546237f0fa25d610548""}",
      6144,         2,         0,   0.228,mwpf__3a2de2621d93f2d1f82bf505831648faac50961c9682adb78978518126f61ad4,269c086892560d2b2c3fb91f8240ee87c8e2f52d5b2ff0982c1e1b9fe1e015ae,"{""circuit"":""surface_code:rotated_memory_x"",""cluster_node_limit"":50,""d"":3,""decoder"":""mwpf"",""decoder_type"":""SolverSerialJointSingleHair"",""p"":0.005,""p_erase"":0.005,""r"":3,""run_id"":""5101ac8ef9c97b83df4dd9d8fb12d7b219d036893929703eba32fffa9e647600""}",
      7168,         0,         0,   0.223,mwpf__b872f877938abc74ac5cbaba353b6d05cca6c26386630928e9e8c556790460ab,8be4c71d65229ab532f93802b200d69b85cf990b21494afcdb050a0cc2f71098,"{""circuit"":""surface_code:rotated_memory_x"",""cluster_node_limit"":50,""d"":3,""decoder"":""mwpf"",""decoder_type"":""SolverSerialJointSingleHair"",""p"":0.003,""p_erase"":0.003,""r"":3,""run_id"":""915e7fac76f0cb44d6aac79997be9e5a903d4aa353a8207f80b396814e1292cb""}",
      1024,        60,         0,   0.137,mwpf__d08ecc2ae4e76ccb11121c648d76bb1a9dceb54ba88d0bda3ca1942f8172f6b2,9f276de840468236fef01318b2cf4b6d7c2e1758c53771e1f5f515c9efa1fe7a,"{""circuit"":""surface_code:rotated_memory_x"",""cluster_node_limit"":50,""d"":3,""decoder"":""mwpf"",""decoder_type"":""SolverSerialJointSingleHair"",""p"":0.03,""p_erase"":0.03,""r"":3,""run_id"":""1b0c559dafd8f14b5d58ea78c3999f6ea71afe3722dfa6ff7d8583aa5e1d218c""}",
      6144,         0,         0,   0.208,mwpf__bbbb95ae8dfd216392d93d271ab853220d7a01380e740dc79365759e9487ffb2,d994fe02c85cb3c768399acfffda9f01e9344d65a7427484376e8d07bf72dce7,"{""circuit"":""surface_code:rotated_memory_x"",""cluster_node_limit"":50,""d"":3,""decoder"":""mwpf"",""decoder_type"":""SolverSerialJointSingleHair"",""p"":0.004,""p_erase"":0.004,""r"":3,""run_id"":""90efa888ab0be85c6dc82d20d594fb219f455db906f7e8f7ad923a214270e30c""}",
      6144,         0,         0,   0.241,mwpf__3a2de2621d93f2d1f82bf505831648faac50961c9682adb78978518126f61ad4,269c086892560d2b2c3fb91f8240ee87c8e2f52d5b2ff0982c1e1b9fe1e015ae,"{""circuit"":""surface_code:rotated_memory_x"",""cluster_node_limit"":50,""d"":3,""decoder"":""mwpf"",""decoder_type"":""SolverSerialJointSingleHair"",""p"":0.005,""p_erase"":0.005,""r"":3,""run_id"":""5101ac8ef9c97b83df4dd9d8fb12d7b219d036893929703eba32fffa9e647600""}",
      1024,       133,         0,   0.164,mwpf__ed26b1d41b10bd70b2e5191f5d45b8d7c77a0c90b2ed82a0d4ba27fc4edf117a,bc011b380b81e4ab7d7e1f1154213cc7a4acda72054632f5f7bab40c4c8b5b1f,"{""circuit"":""surface_code:rotated_memory_x"",""cluster_node_limit"":50,""d"":3,""decoder"":""mwpf"",""decoder_type"":""SolverSerialJointSingleHair"",""p"":0.04,""p_erase"":0.04,""r"":3,""run_id"":""0e93526537fe93e9b37e6ded05eb69843dc22921f011ffb0b3533b59cfc71ed2""}",
      1024,       134,         0,   0.164,mwpf__ed26b1d41b10bd70b2e5191f5d45b8d7c77a0c90b2ed82a0d4ba27fc4edf117a,bc011b380b81e4ab7d7e1f1154213cc7a4acda72054632f5f7bab40c4c8b5b1f,"{""circuit"":""surface_code:rotated_memory_x"",""cluster_node_limit"":50,""d"":3,""decoder"":""mwpf"",""decoder_type"":""SolverSerialJointSingleHair"",""p"":0.04,""p_erase"":0.04,""r"":3,""run_id"":""0e93526537fe93e9b37e6ded05eb69843dc22921f011ffb0b3533b59cfc71ed2""}",
      6144,         0,         0,   0.212,mwpf__bbbb95ae8dfd216392d93d271ab853220d7a01380e740dc79365759e9487ffb2,d994fe02c85cb3c768399acfffda9f01e9344d65a7427484376e8d07bf72dce7,"{""circuit"":""surface_code:rotated_memory_x"",""cluster_node_limit"":50,""d"":3,""decoder"":""mwpf"",""decoder_type"":""SolverSerialJointSingleHair"",""p"":0.004,""p_erase"":0.004,""r"":3,""run_id"":""90efa888ab0be85c6dc82d20d594fb219f455db906f7e8f7ad923a214270e30c""}",
      5120,         0,         0,   0.217,mwpf__6a374b57c528f1fa3515562a1fcd08586fb590c5649146dc6a143bb06eeec077,f3e9207a47b74a52f31cee6ee65233df1dffd4d0d85fd55e88b8f5b6b8686260,"{""circuit"":""surface_code:rotated_memory_x"",""cluster_node_limit"":50,""d"":3,""decoder"":""mwpf"",""decoder_type"":""SolverSerialJointSingleHair"",""p"":0.006,""p_erase"":0.006,""r"":3,""run_id"":""dd60754122c9f7a810b0c1d8b1c92188ea52870232067546237f0fa25d610548""}",
      2048,        10,         0,   0.151,mwpf__f4eaffc7e8b345bd4ed12e044b14c9eca5eb9d6063d64430985ec7c298159463,1c0b2318b8e500ddb1032a5e330292dd6110fcabf993e79d05dcfbebeb6f8881,"{""circuit"":""surface_code:rotated_memory_x"",""cluster_node_limit"":50,""d"":3,""decoder"":""mwpf"",""decoder_type"":""SolverSerialJointSingleHair"",""p"":0.01,""p_erase"":0.01,""r"":3,""run_id"":""5b6db69d825a9e1af451573dd00a4a7082d74a5e74fde81d397d7b0bcc5645b2""}",
      6144,         1,         0,   0.210,mwpf__bbbb95ae8dfd216392d93d271ab853220d7a01380e740dc79365759e9487ffb2,d994fe02c85cb3c768399acfffda9f01e9344d65a7427484376e8d07bf72dce7,"{""circuit"":""surface_code:rotated_memory_x"",""cluster_node_limit"":50,""d"":3,""decoder"":""mwpf"",""decoder_type"":""SolverSerialJointSingleHair"",""p"":0.004,""p_erase"":0.004,""r"":3,""run_id"":""90efa888ab0be85c6dc82d20d594fb219f455db906f7e8f7ad923a214270e30c""}",
      1024,       282,         0,   0.214,mwpf__0413dccab20865c44db7e423785d3499025ad075a790258c15359f20b3ea8ddf,e38884877993cb310bb1c7f1630acd7fb53acc85f426b44e79895f6abe2236a6,"{""circuit"":""surface_code:rotated_memory_x"",""cluster_node_limit"":50,""d"":3,""decoder"":""mwpf"",""decoder_type"":""SolverSerialJointSingleHair"",""p"":0.06,""p_erase"":0.06,""r"":3,""run_id"":""d9231ee71bad9dc3be4287aa1493c85a1a71feef2d55ce668a0b818e8914832e""}",
      4096,         8,         0,   0.227,mwpf__2d43dbac6f220be8e75258fcbaa1915a92302bec253b831525bc35e7adeec1b6,64b3d9f5baf6f09488c41396f9407eb7cf2e57debde21e687e5552cba9d5418a,"{""circuit"":""surface_code:rotated_memory_x"",""cluster_node_limit"":50,""d"":3,""decoder"":""mwpf"",""decoder_type"":""SolverSerialJointSingleHair"",""p"":0.009,""p_erase"":0.009,""r"":3,""run_id"":""f3773bbf3001f7044304ac6a12d9ddb4d020a1b2b51ce7b475f4f14944f915f3""}",
      4096,         6,         0,   0.227,mwpf__2d43dbac6f220be8e75258fcbaa1915a92302bec253b831525bc35e7adeec1b6,64b3d9f5baf6f09488c41396f9407eb7cf2e57debde21e687e5552cba9d5418a,"{""circuit"":""surface_code:rotated_memory_x"",""cluster_node_limit"":50,""d"":3,""decoder"":""mwpf"",""decoder_type"":""SolverSerialJointSingleHair"",""p"":0.009,""p_erase"":0.009,""r"":3,""run_id"":""f3773bbf3001f7044304ac6a12d9ddb4d020a1b2b51ce7b475f4f14944f915f3""}",
      1024,       309,         0,   0.218,mwpf__0413dccab20865c44db7e423785d3499025ad075a790258c15359f20b3ea8ddf,e38884877993cb310bb1c7f1630acd7fb53acc85f426b44e79895f6abe2236a6,"{""circuit"":""surface_code:rotated_memory_x"",""cluster_node_limit"":50,""d"":3,""decoder"":""mwpf"",""decoder_type"":""SolverSerialJointSingleHair"",""p"":0.06,""p_erase"":0.06,""r"":3,""run_id"":""d9231ee71bad9dc3be4287aa1493c85a1a71feef2d55ce668a0b818e8914832e""}",
      4096,         7,         0,   0.231,mwpf__f4eaffc7e8b345bd4ed12e044b14c9eca5eb9d6063d64430985ec7c298159463,1c0b2318b8e500ddb1032a5e330292dd6110fcabf993e79d05dcfbebeb6f8881,"{""circuit"":""surface_code:rotated_memory_x"",""cluster_node_limit"":50,""d"":3,""decoder"":""mwpf"",""decoder_type"":""SolverSerialJointSingleHair"",""p"":0.01,""p_erase"":0.01,""r"":3,""run_id"":""5b6db69d825a9e1af451573dd00a4a7082d74a5e74fde81d397d7b0bcc5645b2""}",
      1024,        67,         0,   0.133,mwpf__d08ecc2ae4e76ccb11121c648d76bb1a9dceb54ba88d0bda3ca1942f8172f6b2,9f276de840468236fef01318b2cf4b6d7c2e1758c53771e1f5f515c9efa1fe7a,"{""circuit"":""surface_code:rotated_memory_x"",""cluster_node_limit"":50,""d"":3,""decoder"":""mwpf"",""decoder_type"":""SolverSerialJointSingleHair"",""p"":0.03,""p_erase"":0.03,""r"":3,""run_id"":""1b0c559dafd8f14b5d58ea78c3999f6ea71afe3722dfa6ff7d8583aa5e1d218c""}",
      5120,         2,         0,   0.237,mwpf__71726d6ba25fe5b1097fdebf57bc9ee71a4920b66b52ccf640b9fe928e18d0f8,416965c75b19b01d4781182eaa19c998ff58123cda66a19c0d09dee75e64fffb,"{""circuit"":""surface_code:rotated_memory_x"",""cluster_node_limit"":50,""d"":3,""decoder"":""mwpf"",""decoder_type"":""SolverSerialJointSingleHair"",""p"":0.007,""p_erase"":0.007,""r"":3,""run_id"":""135e03791629607bb61bf8b9b22bc12f2324f26b65e31e82f5c3cd97d24c99c9""}",
      2048,        36,         0,   0.191,mwpf__bc6afb301d40de4dda36c86e2bee82ba9a2f3509c5e7adff85dedc84e2a08470,7be39a06112225b5216df3daf93370b2b9c424246e5cfcb6acb1a9865d6e9942,"{""circuit"":""surface_code:rotated_memory_x"",""cluster_node_limit"":50,""d"":3,""decoder"":""mwpf"",""decoder_type"":""SolverSerialJointSingleHair"",""p"":0.02,""p_erase"":0.02,""r"":3,""run_id"":""cbdcd76e4eac6e7ea58eb299d6c7091619bfb5b7954ed0656948ce94e45f36ab""}",
      1024,        61,         0,   0.132,mwpf__d08ecc2ae4e76ccb11121c648d76bb1a9dceb54ba88d0bda3ca1942f8172f6b2,9f276de840468236fef01318b2cf4b6d7c2e1758c53771e1f5f515c9efa1fe7a,"{""circuit"":""surface_code:rotated_memory_x"",""cluster_node_limit"":50,""d"":3,""decoder"":""mwpf"",""decoder_type"":""SolverSerialJointSingleHair"",""p"":0.03,""p_erase"":0.03,""r"":3,""run_id"":""1b0c559dafd8f14b5d58ea78c3999f6ea71afe3722dfa6ff7d8583aa5e1d218c""}",
      5120,        10,         0,   0.256,mwpf__cdbabe99b4f243243aad339bb11c8a90131812a9c01e0de682a2aca46d6d55ff,ddc6d0a0729b2070c0dbbc972d7b9e687957f33bd2fd578d2477245fef7735ad,"{""circuit"":""surface_code:rotated_memory_x"",""cluster_node_limit"":50,""d"":3,""decoder"":""mwpf"",""decoder_type"":""SolverSerialJointSingleHair"",""p"":0.008,""p_erase"":0.008,""r"":3,""run_id"":""842b8d9622dd95e081373b13334f0c4c970c25ea256e90e9985b8d1bb6968aef""}",
      1024,       209,         0,   0.190,mwpf__b0e1426f6c4884e7e956c71520ee075fcf0da29d3e865e7519b23c6e0aec4e62,53478eabf9e5775201d5fae86f689e6c2d6fe35972c0eb0be61f613f5cd56df1,"{""circuit"":""surface_code:rotated_memory_x"",""cluster_node_limit"":50,""d"":3,""decoder"":""mwpf"",""decoder_type"":""SolverSerialJointSingleHair"",""p"":0.05,""p_erase"":0.05,""r"":3,""run_id"":""66f02b9030d33676d96459d90fe2a723609a6ce9961bda4f5d1d1d63291b9f2b""}",
      2048,        39,         0,   0.192,mwpf__bc6afb301d40de4dda36c86e2bee82ba9a2f3509c5e7adff85dedc84e2a08470,7be39a06112225b5216df3daf93370b2b9c424246e5cfcb6acb1a9865d6e9942,"{""circuit"":""surface_code:rotated_memory_x"",""cluster_node_limit"":50,""d"":3,""decoder"":""mwpf"",""decoder_type"":""SolverSerialJointSingleHair"",""p"":0.02,""p_erase"":0.02,""r"":3,""run_id"":""cbdcd76e4eac6e7ea58eb299d6c7091619bfb5b7954ed0656948ce94e45f36ab""}",
      1024,       188,         0,   0.190,mwpf__b0e1426f6c4884e7e956c71520ee075fcf0da29d3e865e7519b23c6e0aec4e62,53478eabf9e5775201d5fae86f689e6c2d6fe35972c0eb0be61f613f5cd56df1,"{""circuit"":""surface_code:rotated_memory_x"",""cluster_node_limit"":50,""d"":3,""decoder"":""mwpf"",""decoder_type"":""SolverSerialJointSingleHair"",""p"":0.05,""p_erase"":0.05,""r"":3,""run_id"":""66f02b9030d33676d96459d90fe2a723609a6ce9961bda4f5d1d1d63291b9f2b""}",
      1024,       125,         0,   0.165,mwpf__ed26b1d41b10bd70b2e5191f5d45b8d7c77a0c90b2ed82a0d4ba27fc4edf117a,bc011b380b81e4ab7d7e1f1154213cc7a4acda72054632f5f7bab40c4c8b5b1f,"{""circuit"":""surface_code:rotated_memory_x"",""cluster_node_limit"":50,""d"":3,""decoder"":""mwpf"",""decoder_type"":""SolverSerialJointSingleHair"",""p"":0.04,""p_erase"":0.04,""r"":3,""run_id"":""0e93526537fe93e9b37e6ded05eb69843dc22921f011ffb0b3533b59cfc71ed2""}",
      2048,         5,         0,   0.155,mwpf__f4eaffc7e8b345bd4ed12e044b14c9eca5eb9d6063d64430985ec7c298159463,1c0b2318b8e500ddb1032a5e330292dd6110fcabf993e79d05dcfbebeb6f8881,"{""circuit"":""surface_code:rotated_memory_x"",""cluster_node_limit"":50,""d"":3,""decoder"":""mwpf"",""decoder_type"":""SolverSerialJointSingleHair"",""p"":0.01,""p_erase"":0.01,""r"":3,""run_id"":""5b6db69d825a9e1af451573dd00a4a7082d74a5e74fde81d397d7b0bcc5645b2""}",
      1024,       120,         0,   0.166,mwpf__ed26b1d41b10bd70b2e5191f5d45b8d7c77a0c90b2ed82a0d4ba27fc4edf117a,bc011b380b81e4ab7d7e1f1154213cc7a4acda72054632f5f7bab40c4c8b5b1f,"{""circuit"":""surface_code:rotated_memory_x"",""cluster_node_limit"":50,""d"":3,""decoder"":""mwpf"",""decoder_type"":""SolverSerialJointSingleHair"",""p"":0.04,""p_erase"":0.04,""r"":3,""run_id"":""0e93526537fe93e9b37e6ded05eb69843dc22921f011ffb0b3533b59cfc71ed2""}",
      5120,         3,         0,   0.217,mwpf__6a374b57c528f1fa3515562a1fcd08586fb590c5649146dc6a143bb06eeec077,f3e9207a47b74a52f31cee6ee65233df1dffd4d0d85fd55e88b8f5b6b8686260,"{""circuit"":""surface_code:rotated_memory_x"",""cluster_node_limit"":50,""d"":3,""decoder"":""mwpf"",""decoder_type"":""SolverSerialJointSingleHair"",""p"":0.006,""p_erase"":0.006,""r"":3,""run_id"":""dd60754122c9f7a810b0c1d8b1c92188ea52870232067546237f0fa25d610548""}",
      1024,       268,         0,   0.213,mwpf__0413dccab20865c44db7e423785d3499025ad075a790258c15359f20b3ea8ddf,e38884877993cb310bb1c7f1630acd7fb53acc85f426b44e79895f6abe2236a6,"{""circuit"":""surface_code:rotated_memory_x"",""cluster_node_limit"":50,""d"":3,""decoder"":""mwpf"",""decoder_type"":""SolverSerialJointSingleHair"",""p"":0.06,""p_erase"":0.06,""r"":3,""run_id"":""d9231ee71bad9dc3be4287aa1493c85a1a71feef2d55ce668a0b818e8914832e""}",
      8192,         0,         0,   0.309,mwpf__3a2de2621d93f2d1f82bf505831648faac50961c9682adb78978518126f61ad4,269c086892560d2b2c3fb91f8240ee87c8e2f52d5b2ff0982c1e1b9fe1e015ae,"{""circuit"":""surface_code:rotated_memory_x"",""cluster_node_limit"":50,""d"":3,""decoder"":""mwpf"",""decoder_type"":""SolverSerialJointSingleHair"",""p"":0.005,""p_erase"":0.005,""r"":3,""run_id"":""5101ac8ef9c97b83df4dd9d8fb12d7b219d036893929703eba32fffa9e647600""}",
      1024,       292,         0,   0.211,mwpf__0413dccab20865c44db7e423785d3499025ad075a790258c15359f20b3ea8ddf,e38884877993cb310bb1c7f1630acd7fb53acc85f426b44e79895f6abe2236a6,"{""circuit"":""surface_code:rotated_memory_x"",""cluster_node_limit"":50,""d"":3,""decoder"":""mwpf"",""decoder_type"":""SolverSerialJointSingleHair"",""p"":0.06,""p_erase"":0.06,""r"":3,""run_id"":""d9231ee71bad9dc3be4287aa1493c85a1a71feef2d55ce668a0b818e8914832e""}",
     10240,         2,         0,   0.308,mwpf__b872f877938abc74ac5cbaba353b6d05cca6c26386630928e9e8c556790460ab,8be4c71d65229ab532f93802b200d69b85cf990b21494afcdb050a0cc2f71098,"{""circuit"":""surface_code:rotated_memory_x"",""cluster_node_limit"":50,""d"":3,""decoder"":""mwpf"",""decoder_type"":""SolverSerialJointSingleHair"",""p"":0.003,""p_erase"":0.003,""r"":3,""run_id"":""915e7fac76f0cb44d6aac79997be9e5a903d4aa353a8207f80b396814e1292cb""}",
      8192,         3,         0,   0.304,mwpf__3a2de2621d93f2d1f82bf505831648faac50961c9682adb78978518126f61ad4,269c086892560d2b2c3fb91f8240ee87c8e2f52d5b2ff0982c1e1b9fe1e015ae,"{""circuit"":""surface_code:rotated_memory_x"",""cluster_node_limit"":50,""d"":3,""decoder"":""mwpf"",""decoder_type"":""SolverSerialJointSingleHair"",""p"":0.005,""p_erase"":0.005,""r"":3,""run_id"":""5101ac8ef9c97b83df4dd9d8fb12d7b219d036893929703eba32fffa9e647600""}",
      9216,         1,         0,   0.312,mwpf__bbbb95ae8dfd216392d93d271ab853220d7a01380e740dc79365759e9487ffb2,d994fe02c85cb3c768399acfffda9f01e9344d65a7427484376e8d07bf72dce7,"{""circuit"":""surface_code:rotated_memory_x"",""cluster_node_limit"":50,""d"":3,""decoder"":""mwpf"",""decoder_type"":""SolverSerialJointSingleHair"",""p"":0.004,""p_erase"":0.004,""r"":3,""run_id"":""90efa888ab0be85c6dc82d20d594fb219f455db906f7e8f7ad923a214270e30c""}",
     10240,         1,         0,   0.317,mwpf__b872f877938abc74ac5cbaba353b6d05cca6c26386630928e9e8c556790460ab,8be4c71d65229ab532f93802b200d69b85cf990b21494afcdb050a0cc2f71098,"{""circuit"":""surface_code:rotated_memory_x"",""cluster_node_limit"":50,""d"":3,""decoder"":""mwpf"",""decoder_type"":""SolverSerialJointSingleHair"",""p"":0.003,""p_erase"":0.003,""r"":3,""run_id"":""915e7fac76f0cb44d6aac79997be9e5a903d4aa353a8207f80b396814e1292cb""}",
      7168,         1,         0,   0.300,mwpf__6a374b57c528f1fa3515562a1fcd08586fb590c5649146dc6a143bb06eeec077,f3e9207a47b74a52f31cee6ee65233df1dffd4d0d85fd55e88b8f5b6b8686260,"{""circuit"":""surface_code:rotated_memory_x"",""cluster_node_limit"":50,""d"":3,""decoder"":""mwpf"",""decoder_type"":""SolverSerialJointSingleHair"",""p"":0.006,""p_erase"":0.006,""r"":3,""run_id"":""dd60754122c9f7a810b0c1d8b1c92188ea52870232067546237f0fa25d610548""}",
      8192,         2,         0,   0.318,mwpf__3a2de2621d93f2d1f82bf505831648faac50961c9682adb78978518126f61ad4,269c086892560d2b2c3fb91f8240ee87c8e2f52d5b2ff0982c1e1b9fe1e015ae,"{""circuit"":""surface_code:rotated_memory_x"",""cluster_node_limit"":50,""d"":3,""decoder"":""mwpf"",""decoder_type"":""SolverSerialJointSingleHair"",""p"":0.005,""p_erase"":0.005,""r"":3,""run_id"":""5101ac8ef9c97b83df4dd9d8fb12d7b219d036893929703eba32fffa9e647600""}",
      1024,       111,         0,   0.160,mwpf__ed26b1d41b10bd70b2e5191f5d45b8d7c77a0c90b2ed82a0d4ba27fc4edf117a,bc011b380b81e4ab7d7e1f1154213cc7a4acda72054632f5f7bab40c4c8b5b1f,"{""circuit"":""surface_code:rotated_memory_x"",""cluster_node_limit"":50,""d"":3,""decoder"":""mwpf"",""decoder_type"":""SolverSerialJointSingleHair"",""p"":0.04,""p_erase"":0.04,""r"":3,""run_id"":""0e93526537fe93e9b37e6ded05eb69843dc22921f011ffb0b3533b59cfc71ed2""}",
      9216,         4,         0,   0.317,mwpf__bbbb95ae8dfd216392d93d271ab853220d7a01380e740dc79365759e9487ffb2,d994fe02c85cb3c768399acfffda9f01e9344d65a7427484376e8d07bf72dce7,"{""circuit"":""surface_code:rotated_memory_x"",""cluster_node_limit"":50,""d"":3,""decoder"":""mwpf"",""decoder_type"":""SolverSerialJointSingleHair"",""p"":0.004,""p_erase"":0.004,""r"":3,""run_id"":""90efa888ab0be85c6dc82d20d594fb219f455db906f7e8f7ad923a214270e30c""}",
      1024,       191,         0,   0.196,mwpf__b0e1426f6c4884e7e956c71520ee075fcf0da29d3e865e7519b23c6e0aec4e62,53478eabf9e5775201d5fae86f689e6c2d6fe35972c0eb0be61f613f5cd56df1,"{""circuit"":""surface_code:rotated_memory_x"",""cluster_node_limit"":50,""d"":3,""decoder"":""mwpf"",""decoder_type"":""SolverSerialJointSingleHair"",""p"":0.05,""p_erase"":0.05,""r"":3,""run_id"":""66f02b9030d33676d96459d90fe2a723609a6ce9961bda4f5d1d1d63291b9f2b""}",
      1024,       124,         0,   0.162,mwpf__ed26b1d41b10bd70b2e5191f5d45b8d7c77a0c90b2ed82a0d4ba27fc4edf117a,bc011b380b81e4ab7d7e1f1154213cc7a4acda72054632f5f7bab40c4c8b5b1f,"{""circuit"":""surface_code:rotated_memory_x"",""cluster_node_limit"":50,""d"":3,""decoder"":""mwpf"",""decoder_type"":""SolverSerialJointSingleHair"",""p"":0.04,""p_erase"":0.04,""r"":3,""run_id"":""0e93526537fe93e9b37e6ded05eb69843dc22921f011ffb0b3533b59cfc71ed2""}",
      9216,         2,         0,   0.315,mwpf__bbbb95ae8dfd216392d93d271ab853220d7a01380e740dc79365759e9487ffb2,d994fe02c85cb3c768399acfffda9f01e9344d65a7427484376e8d07bf72dce7,"{""circuit"":""surface_code:rotated_memory_x"",""cluster_node_limit"":50,""d"":3,""decoder"":""mwpf"",""decoder_type"":""SolverSerialJointSingleHair"",""p"":0.004,""p_erase"":0.004,""r"":3,""run_id"":""90efa888ab0be85c6dc82d20d594fb219f455db906f7e8f7ad923a214270e30c""}",
      1024,       200,         0,   0.191,mwpf__b0e1426f6c4884e7e956c71520ee075fcf0da29d3e865e7519b23c6e0aec4e62,53478eabf9e5775201d5fae86f689e6c2d6fe35972c0eb0be61f613f5cd56df1,"{""circuit"":""surface_code:rotated_memory_x"",""cluster_node_limit"":50,""d"":3,""decoder"":""mwpf"",""decoder_type"":""SolverSerialJointSingleHair"",""p"":0.05,""p_erase"":0.05,""r"":3,""run_id"":""66f02b9030d33676d96459d90fe2a723609a6ce9961bda4f5d1d1d63291b9f2b""}",
      2048,       104,         0,   0.261,mwpf__d08ecc2ae4e76ccb11121c648d76bb1a9dceb54ba88d0bda3ca1942f8172f6b2,9f276de840468236fef01318b2cf4b6d7c2e1758c53771e1f5f515c9efa1fe7a,"{""circuit"":""surface_code:rotated_memory_x"",""cluster_node_limit"":50,""d"":3,""decoder"":""mwpf"",""decoder_type"":""SolverSerialJointSingleHair"",""p"":0.03,""p_erase"":0.03,""r"":3,""run_id"":""1b0c559dafd8f14b5d58ea78c3999f6ea71afe3722dfa6ff7d8583aa5e1d218c""}",
      5120,        13,         0,   0.292,mwpf__f4eaffc7e8b345bd4ed12e044b14c9eca5eb9d6063d64430985ec7c298159463,1c0b2318b8e500ddb1032a5e330292dd6110fcabf993e79d05dcfbebeb6f8881,"{""circuit"":""surface_code:rotated_memory_x"",""cluster_node_limit"":50,""d"":3,""decoder"":""mwpf"",""decoder_type"":""SolverSerialJointSingleHair"",""p"":0.01,""p_erase"":0.01,""r"":3,""run_id"":""5b6db69d825a9e1af451573dd00a4a7082d74a5e74fde81d397d7b0bcc5645b2""}",
      6144,        11,         0,   0.344,mwpf__2d43dbac6f220be8e75258fcbaa1915a92302bec253b831525bc35e7adeec1b6,64b3d9f5baf6f09488c41396f9407eb7cf2e57debde21e687e5552cba9d5418a,"{""circuit"":""surface_code:rotated_memory_x"",""cluster_node_limit"":50,""d"":3,""decoder"":""mwpf"",""decoder_type"":""SolverSerialJointSingleHair"",""p"":0.009,""p_erase"":0.009,""r"":3,""run_id"":""f3773bbf3001f7044304ac6a12d9ddb4d020a1b2b51ce7b475f4f14944f915f3""}",
      2048,       121,         0,   0.269,mwpf__d08ecc2ae4e76ccb11121c648d76bb1a9dceb54ba88d0bda3ca1942f8172f6b2,9f276de840468236fef01318b2cf4b6d7c2e1758c53771e1f5f515c9efa1fe7a,"{""circuit"":""surface_code:rotated_memory_x"",""cluster_node_limit"":50,""d"":3,""decoder"":""mwpf"",""decoder_type"":""SolverSerialJointSingleHair"",""p"":0.03,""p_erase"":0.03,""r"":3,""run_id"":""1b0c559dafd8f14b5d58ea78c3999f6ea71afe3722dfa6ff7d8583aa5e1d218c""}",
      3072,        56,         0,   0.282,mwpf__bc6afb301d40de4dda36c86e2bee82ba9a2f3509c5e7adff85dedc84e2a08470,7be39a06112225b5216df3daf93370b2b9c424246e5cfcb6acb1a9865d6e9942,"{""circuit"":""surface_code:rotated_memory_x"",""cluster_node_limit"":50,""d"":3,""decoder"":""mwpf"",""decoder_type"":""SolverSerialJointSingleHair"",""p"":0.02,""p_erase"":0.02,""r"":3,""run_id"":""cbdcd76e4eac6e7ea58eb299d6c7091619bfb5b7954ed0656948ce94e45f36ab""}",
      6144,        15,         0,   0.339,mwpf__2d43dbac6f220be8e75258fcbaa1915a92302bec253b831525bc35e7adeec1b6,64b3d9f5baf6f09488c41396f9407eb7cf2e57debde21e687e5552cba9d5418a,"{""circuit"":""surface_code:rotated_memory_x"",""cluster_node_limit"":50,""d"":3,""decoder"":""mwpf"",""decoder_type"":""SolverSerialJointSingleHair"",""p"":0.009,""p_erase"":0.009,""r"":3,""run_id"":""f3773bbf3001f7044304ac6a12d9ddb4d020a1b2b51ce7b475f4f14944f915f3""}",
      3072,         5,         0,   0.230,mwpf__f4eaffc7e8b345bd4ed12e044b14c9eca5eb9d6063d64430985ec7c298159463,1c0b2318b8e500ddb1032a5e330292dd6110fcabf993e79d05dcfbebeb6f8881,"{""circuit"":""surface_code:rotated_memory_x"",""cluster_node_limit"":50,""d"":3,""decoder"":""mwpf"",""decoder_type"":""SolverSerialJointSingleHair"",""p"":0.01,""p_erase"":0.01,""r"":3,""run_id"":""5b6db69d825a9e1af451573dd00a4a7082d74a5e74fde81d397d7b0bcc5645b2""}",
      3072,        45,         0,   0.288,mwpf__bc6afb301d40de4dda36c86e2bee82ba9a2f3509c5e7adff85dedc84e2a08470,7be39a06112225b5216df3daf93370b2b9c424246e5cfcb6acb1a9865d6e9942,"{""circuit"":""surface_code:rotated_memory_x"",""cluster_node_limit"":50,""d"":3,""decoder"":""mwpf"",""decoder_type"":""SolverSerialJointSingleHair"",""p"":0.02,""p_erase"":0.02,""r"":3,""run_id"":""cbdcd76e4eac6e7ea58eb299d6c7091619bfb5b7954ed0656948ce94e45f36ab""}",
      7168,        10,         0,   0.330,mwpf__71726d6ba25fe5b1097fdebf57bc9ee71a4920b66b52ccf640b9fe928e18d0f8,416965c75b19b01d4781182eaa19c998ff58123cda66a19c0d09dee75e64fffb,"{""circuit"":""surface_code:rotated_memory_x"",""cluster_node_limit"":50,""d"":3,""decoder"":""mwpf"",""decoder_type"":""SolverSerialJointSingleHair"",""p"":0.007,""p_erase"":0.007,""r"":3,""run_id"":""135e03791629607bb61bf8b9b22bc12f2324f26b65e31e82f5c3cd97d24c99c9""}",
      6144,         8,         0,   0.308,mwpf__cdbabe99b4f243243aad339bb11c8a90131812a9c01e0de682a2aca46d6d55ff,ddc6d0a0729b2070c0dbbc972d7b9e687957f33bd2fd578d2477245fef7735ad,"{""circuit"":""surface_code:rotated_memory_x"",""cluster_node_limit"":50,""d"":3,""decoder"":""mwpf"",""decoder_type"":""SolverSerialJointSingleHair"",""p"":0.008,""p_erase"":0.008,""r"":3,""run_id"":""842b8d9622dd95e081373b13334f0c4c970c25ea256e90e9985b8d1bb6968aef""}",
      1024,       268,         0,   0.213,mwpf__0413dccab20865c44db7e423785d3499025ad075a790258c15359f20b3ea8ddf,e38884877993cb310bb1c7f1630acd7fb53acc85f426b44e79895f6abe2236a6,"{""circuit"":""surface_code:rotated_memory_x"",""cluster_node_limit"":50,""d"":3,""decoder"":""mwpf"",""decoder_type"":""SolverSerialJointSingleHair"",""p"":0.06,""p_erase"":0.06,""r"":3,""run_id"":""d9231ee71bad9dc3be4287aa1493c85a1a71feef2d55ce668a0b818e8914832e""}",
      1024,       127,         0,   0.162,mwpf__ed26b1d41b10bd70b2e5191f5d45b8d7c77a0c90b2ed82a0d4ba27fc4edf117a,bc011b380b81e4ab7d7e1f1154213cc7a4acda72054632f5f7bab40c4c8b5b1f,"{""circuit"":""surface_code:rotated_memory_x"",""cluster_node_limit"":50,""d"":3,""decoder"":""mwpf"",""decoder_type"":""SolverSerialJointSingleHair"",""p"":0.04,""p_erase"":0.04,""r"":3,""run_id"":""0e93526537fe93e9b37e6ded05eb69843dc22921f011ffb0b3533b59cfc71ed2""}",
      7168,         1,         0,   0.299,mwpf__6a374b57c528f1fa3515562a1fcd08586fb590c5649146dc6a143bb06eeec077,f3e9207a47b74a52f31cee6ee65233df1dffd4d0d85fd55e88b8f5b6b8686260,"{""circuit"":""surface_code:rotated_memory_x"",""cluster_node_limit"":50,""d"":3,""decoder"":""mwpf"",""decoder_type"":""SolverSerialJointSingleHair"",""p"":0.006,""p_erase"":0.006,""r"":3,""run_id"":""dd60754122c9f7a810b0c1d8b1c92188ea52870232067546237f0fa25d610548""}",
      1024,       261,         0,   0.221,mwpf__0413dccab20865c44db7e423785d3499025ad075a790258c15359f20b3ea8ddf,e38884877993cb310bb1c7f1630acd7fb53acc85f426b44e79895f6abe2236a6,"{""circuit"":""surface_code:rotated_memory_x"",""cluster_node_limit"":50,""d"":3,""decoder"":""mwpf"",""decoder_type"":""SolverSerialJointSingleHair"",""p"":0.06,""p_erase"":0.06,""r"":3,""run_id"":""d9231ee71bad9dc3be4287aa1493c85a1a71feef2d55ce668a0b818e8914832e""}",
      1024,       108,         0,   0.161,mwpf__ed26b1d41b10bd70b2e5191f5d45b8d7c77a0c90b2ed82a0d4ba27fc4edf117a,bc011b380b81e4ab7d7e1f1154213cc7a4acda72054632f5f7bab40c4c8b5b1f,"{""circuit"":""surface_code:rotated_memory_x"",""cluster_node_limit"":50,""d"":3,""decoder"":""mwpf"",""decoder_type"":""SolverSerialJointSingleHair"",""p"":0.04,""p_erase"":0.04,""r"":3,""run_id"":""0e93526537fe93e9b37e6ded05eb69843dc22921f011ffb0b3533b59cfc71ed2""}",
      1024,       187,         0,   0.189,mwpf__b0e1426f6c4884e7e956c71520ee075fcf0da29d3e865e7519b23c6e0aec4e62,53478eabf9e5775201d5fae86f689e6c2d6fe35972c0eb0be61f613f5cd56df1,"{""circuit"":""surface_code:rotated_memory_x"",""cluster_node_limit"":50,""d"":3,""decoder"":""mwpf"",""decoder_type"":""SolverSerialJointSingleHair"",""p"":0.05,""p_erase"":0.05,""r"":3,""run_id"":""66f02b9030d33676d96459d90fe2a723609a6ce9961bda4f5d1d1d63291b9f2b""}",
      1024,       213,         0,   0.195,mwpf__b0e1426f6c4884e7e956c71520ee075fcf0da29d3e865e7519b23c6e0aec4e62,53478eabf9e5775201d5fae86f689e6c2d6fe35972c0eb0be61f613f5cd56df1,"{""circuit"":""surface_code:rotated_memory_x"",""cluster_node_limit"":50,""d"":3,""decoder"":""mwpf"",""decoder_type"":""SolverSerialJointSingleHair"",""p"":0.05,""p_erase"":0.05,""r"":3,""run_id"":""66f02b9030d33676d96459d90fe2a723609a6ce9961bda4f5d1d1d63291b9f2b""}",
      2048,       120,         0,   0.257,mwpf__d08ecc2ae4e76ccb11121c648d76bb1a9dceb54ba88d0bda3ca1942f8172f6b2,9f276de840468236fef01318b2cf4b6d7c2e1758c53771e1f5f515c9efa1fe7a,"{""circuit"":""surface_code:rotated_memory_x"",""cluster_node_limit"":50,""d"":3,""decoder"":""mwpf"",""decoder_type"":""SolverSerialJointSingleHair"",""p"":0.03,""p_erase"":0.03,""r"":3,""run_id"":""1b0c559dafd8f14b5d58ea78c3999f6ea71afe3722dfa6ff7d8583aa5e1d218c""}",
      2048,       118,         0,   0.270,mwpf__d08ecc2ae4e76ccb11121c648d76bb1a9dceb54ba88d0bda3ca1942f8172f6b2,9f276de840468236fef01318b2cf4b6d7c2e1758c53771e1f5f515c9efa1fe7a,"{""circuit"":""surface_code:rotated_memory_x"",""cluster_node_limit"":50,""d"":3,""decoder"":""mwpf"",""decoder_type"":""SolverSerialJointSingleHair"",""p"":0.03,""p_erase"":0.03,""r"":3,""run_id"":""1b0c559dafd8f14b5d58ea78c3999f6ea71afe3722dfa6ff7d8583aa5e1d218c""}",
      1024,       281,         0,   0.214,mwpf__0413dccab20865c44db7e423785d3499025ad075a790258c15359f20b3ea8ddf,e38884877993cb310bb1c7f1630acd7fb53acc85f426b44e79895f6abe2236a6,"{""circuit"":""surface_code:rotated_memory_x"",""cluster_node_limit"":50,""d"":3,""decoder"":""mwpf"",""decoder_type"":""SolverSerialJointSingleHair"",""p"":0.06,""p_erase"":0.06,""r"":3,""run_id"":""d9231ee71bad9dc3be4287aa1493c85a1a71feef2d55ce668a0b818e8914832e""}",
     11264,         2,         0,   0.424,mwpf__3a2de2621d93f2d1f82bf505831648faac50961c9682adb78978518126f61ad4,269c086892560d2b2c3fb91f8240ee87c8e2f52d5b2ff0982c1e1b9fe1e015ae,"{""circuit"":""surface_code:rotated_memory_x"",""cluster_node_limit"":50,""d"":3,""decoder"":""mwpf"",""decoder_type"":""SolverSerialJointSingleHair"",""p"":0.005,""p_erase"":0.005,""r"":3,""run_id"":""5101ac8ef9c97b83df4dd9d8fb12d7b219d036893929703eba32fffa9e647600""}",
     11264,         2,         0,   0.414,mwpf__3a2de2621d93f2d1f82bf505831648faac50961c9682adb78978518126f61ad4,269c086892560d2b2c3fb91f8240ee87c8e2f52d5b2ff0982c1e1b9fe1e015ae,"{""circuit"":""surface_code:rotated_memory_x"",""cluster_node_limit"":50,""d"":3,""decoder"":""mwpf"",""decoder_type"":""SolverSerialJointSingleHair"",""p"":0.005,""p_erase"":0.005,""r"":3,""run_id"":""5101ac8ef9c97b83df4dd9d8fb12d7b219d036893929703eba32fffa9e647600""}",
      4096,        12,         0,   0.297,mwpf__f4eaffc7e8b345bd4ed12e044b14c9eca5eb9d6063d64430985ec7c298159463,1c0b2318b8e500ddb1032a5e330292dd6110fcabf993e79d05dcfbebeb6f8881,"{""circuit"":""surface_code:rotated_memory_x"",""cluster_node_limit"":50,""d"":3,""decoder"":""mwpf"",""decoder_type"":""SolverSerialJointSingleHair"",""p"":0.01,""p_erase"":0.01,""r"":3,""run_id"":""5b6db69d825a9e1af451573dd00a4a7082d74a5e74fde81d397d7b0bcc5645b2""}",
     14336,         0,         0,   0.429,mwpf__b872f877938abc74ac5cbaba353b6d05cca6c26386630928e9e8c556790460ab,8be4c71d65229ab532f93802b200d69b85cf990b21494afcdb050a0cc2f71098,"{""circuit"":""surface_code:rotated_memory_x"",""cluster_node_limit"":50,""d"":3,""decoder"":""mwpf"",""decoder_type"":""SolverSerialJointSingleHair"",""p"":0.003,""p_erase"":0.003,""r"":3,""run_id"":""915e7fac76f0cb44d6aac79997be9e5a903d4aa353a8207f80b396814e1292cb""}",
      1024,       178,         0,   0.190,mwpf__b0e1426f6c4884e7e956c71520ee075fcf0da29d3e865e7519b23c6e0aec4e62,53478eabf9e5775201d5fae86f689e6c2d6fe35972c0eb0be61f613f5cd56df1,"{""circuit"":""surface_code:rotated_memory_x"",""cluster_node_limit"":50,""d"":3,""decoder"":""mwpf"",""decoder_type"":""SolverSerialJointSingleHair"",""p"":0.05,""p_erase"":0.05,""r"":3,""run_id"":""66f02b9030d33676d96459d90fe2a723609a6ce9961bda4f5d1d1d63291b9f2b""}",
      1024,       258,         0,   0.214,mwpf__0413dccab20865c44db7e423785d3499025ad075a790258c15359f20b3ea8ddf,e38884877993cb310bb1c7f1630acd7fb53acc85f426b44e79895f6abe2236a6,"{""circuit"":""surface_code:rotated_memory_x"",""cluster_node_limit"":50,""d"":3,""decoder"":""mwpf"",""decoder_type"":""SolverSerialJointSingleHair"",""p"":0.06,""p_erase"":0.06,""r"":3,""run_id"":""d9231ee71bad9dc3be4287aa1493c85a1a71feef2d55ce668a0b818e8914832e""}",
      3072,        51,         0,   0.292,mwpf__bc6afb301d40de4dda36c86e2bee82ba9a2f3509c5e7adff85dedc84e2a08470,7be39a06112225b5216df3daf93370b2b9c424246e5cfcb6acb1a9865d6e9942,"{""circuit"":""surface_code:rotated_memory_x"",""cluster_node_limit"":50,""d"":3,""decoder"":""mwpf"",""decoder_type"":""SolverSerialJointSingleHair"",""p"":0.02,""p_erase"":0.02,""r"":3,""run_id"":""cbdcd76e4eac6e7ea58eb299d6c7091619bfb5b7954ed0656948ce94e45f36ab""}",
     12288,         2,         0,   0.419,mwpf__bbbb95ae8dfd216392d93d271ab853220d7a01380e740dc79365759e9487ffb2,d994fe02c85cb3c768399acfffda9f01e9344d65a7427484376e8d07bf72dce7,"{""circuit"":""surface_code:rotated_memory_x"",""cluster_node_limit"":50,""d"":3,""decoder"":""mwpf"",""decoder_type"":""SolverSerialJointSingleHair"",""p"":0.004,""p_erase"":0.004,""r"":3,""run_id"":""90efa888ab0be85c6dc82d20d594fb219f455db906f7e8f7ad923a214270e30c""}",
     13312,         1,         0,   0.416,mwpf__b872f877938abc74ac5cbaba353b6d05cca6c26386630928e9e8c556790460ab,8be4c71d65229ab532f93802b200d69b85cf990b21494afcdb050a0cc2f71098,"{""circuit"":""surface_code:rotated_memory_x"",""cluster_node_limit"":50,""d"":3,""decoder"":""mwpf"",""decoder_type"":""SolverSerialJointSingleHair"",""p"":0.003,""p_erase"":0.003,""r"":3,""run_id"":""915e7fac76f0cb44d6aac79997be9e5a903d4aa353a8207f80b396814e1292cb""}",
      1024,       221,         0,   0.195,mwpf__b0e1426f6c4884e7e956c71520ee075fcf0da29d3e865e7519b23c6e0aec4e62,53478eabf9e5775201d5fae86f689e6c2d6fe35972c0eb0be61f613f5cd56df1,"{""circuit"":""surface_code:rotated_memory_x"",""cluster_node_limit"":50,""d"":3,""decoder"":""mwpf"",""decoder_type"":""SolverSerialJointSingleHair"",""p"":0.05,""p_erase"":0.05,""r"":3,""run_id"":""66f02b9030d33676d96459d90fe2a723609a6ce9961bda4f5d1d1d63291b9f2b""}",
     10240,         6,         0,   0.425,mwpf__6a374b57c528f1fa3515562a1fcd08586fb590c5649146dc6a143bb06eeec077,f3e9207a47b74a52f31cee6ee65233df1dffd4d0d85fd55e88b8f5b6b8686260,"{""circuit"":""surface_code:rotated_memory_x"",""cluster_node_limit"":50,""d"":3,""decoder"":""mwpf"",""decoder_type"":""SolverSerialJointSingleHair"",""p"":0.006,""p_erase"":0.006,""r"":3,""run_id"":""dd60754122c9f7a810b0c1d8b1c92188ea52870232067546237f0fa25d610548""}",
     12288,         2,         0,   0.420,mwpf__bbbb95ae8dfd216392d93d271ab853220d7a01380e740dc79365759e9487ffb2,d994fe02c85cb3c768399acfffda9f01e9344d65a7427484376e8d07bf72dce7,"{""circuit"":""surface_code:rotated_memory_x"",""cluster_node_limit"":50,""d"":3,""decoder"":""mwpf"",""decoder_type"":""SolverSerialJointSingleHair"",""p"":0.004,""p_erase"":0.004,""r"":3,""run_id"":""90efa888ab0be85c6dc82d20d594fb219f455db906f7e8f7ad923a214270e30c""}",
     12288,         2,         0,   0.422,mwpf__bbbb95ae8dfd216392d93d271ab853220d7a01380e740dc79365759e9487ffb2,d994fe02c85cb3c768399acfffda9f01e9344d65a7427484376e8d07bf72dce7,"{""circuit"":""surface_code:rotated_memory_x"",""cluster_node_limit"":50,""d"":3,""decoder"":""mwpf"",""decoder_type"":""SolverSerialJointSingleHair"",""p"":0.004,""p_erase"":0.004,""r"":3,""run_id"":""90efa888ab0be85c6dc82d20d594fb219f455db906f7e8f7ad923a214270e30c""}",
     11264,         4,         0,   0.443,mwpf__3a2de2621d93f2d1f82bf505831648faac50961c9682adb78978518126f61ad4,269c086892560d2b2c3fb91f8240ee87c8e2f52d5b2ff0982c1e1b9fe1e015ae,"{""circuit"":""surface_code:rotated_memory_x"",""cluster_node_limit"":50,""d"":3,""decoder"":""mwpf"",""decoder_type"":""SolverSerialJointSingleHair"",""p"":0.005,""p_erase"":0.005,""r"":3,""run_id"":""5101ac8ef9c97b83df4dd9d8fb12d7b219d036893929703eba32fffa9e647600""}",
      7168,         8,         0,   0.409,mwpf__f4eaffc7e8b345bd4ed12e044b14c9eca5eb9d6063d64430985ec7c298159463,1c0b2318b8e500ddb1032a5e330292dd6110fcabf993e79d05dcfbebeb6f8881,"{""circuit"":""surface_code:rotated_memory_x"",""cluster_node_limit"":50,""d"":3,""decoder"":""mwpf"",""decoder_type"":""SolverSerialJointSingleHair"",""p"":0.01,""p_erase"":0.01,""r"":3,""run_id"":""5b6db69d825a9e1af451573dd00a4a7082d74a5e74fde81d397d7b0bcc5645b2""}",
      4096,        62,         0,   0.379,mwpf__bc6afb301d40de4dda36c86e2bee82ba9a2f3509c5e7adff85dedc84e2a08470,7be39a06112225b5216df3daf93370b2b9c424246e5cfcb6acb1a9865d6e9942,"{""circuit"":""surface_code:rotated_memory_x"",""cluster_node_limit"":50,""d"":3,""decoder"":""mwpf"",""decoder_type"":""SolverSerialJointSingleHair"",""p"":0.02,""p_erase"":0.02,""r"":3,""run_id"":""cbdcd76e4eac6e7ea58eb299d6c7091619bfb5b7954ed0656948ce94e45f36ab""}",
      2048,       243,         0,   0.328,mwpf__ed26b1d41b10bd70b2e5191f5d45b8d7c77a0c90b2ed82a0d4ba27fc4edf117a,bc011b380b81e4ab7d7e1f1154213cc7a4acda72054632f5f7bab40c4c8b5b1f,"{""circuit"":""surface_code:rotated_memory_x"",""cluster_node_limit"":50,""d"":3,""decoder"":""mwpf"",""decoder_type"":""SolverSerialJointSingleHair"",""p"":0.04,""p_erase"":0.04,""r"":3,""run_id"":""0e93526537fe93e9b37e6ded05eb69843dc22921f011ffb0b3533b59cfc71ed2""}",
      2048,       272,         0,   0.323,mwpf__ed26b1d41b10bd70b2e5191f5d45b8d7c77a0c90b2ed82a0d4ba27fc4edf117a,bc011b380b81e4ab7d7e1f1154213cc7a4acda72054632f5f7bab40c4c8b5b1f,"{""circuit"":""surface_code:rotated_memory_x"",""cluster_node_limit"":50,""d"":3,""decoder"":""mwpf"",""decoder_type"":""SolverSerialJointSingleHair"",""p"":0.04,""p_erase"":0.04,""r"":3,""run_id"":""0e93526537fe93e9b37e6ded05eb69843dc22921f011ffb0b3533b59cfc71ed2""}",
      8192,        11,         0,   0.455,mwpf__2d43dbac6f220be8e75258fcbaa1915a92302bec253b831525bc35e7adeec1b6,64b3d9f5baf6f09488c41396f9407eb7cf2e57debde21e687e5552cba9d5418a,"{""circuit"":""surface_code:rotated_memory_x"",""cluster_node_limit"":50,""d"":3,""decoder"":""mwpf"",""decoder_type"":""SolverSerialJointSingleHair"",""p"":0.009,""p_erase"":0.009,""r"":3,""run_id"":""f3773bbf3001f7044304ac6a12d9ddb4d020a1b2b51ce7b475f4f14944f915f3""}",
      8192,        12,         0,   0.457,mwpf__2d43dbac6f220be8e75258fcbaa1915a92302bec253b831525bc35e7adeec1b6,64b3d9f5baf6f09488c41396f9407eb7cf2e57debde21e687e5552cba9d5418a,"{""circuit"":""surface_code:rotated_memory_x"",""cluster_node_limit"":50,""d"":3,""decoder"":""mwpf"",""decoder_type"":""SolverSerialJointSingleHair"",""p"":0.009,""p_erase"":0.009,""r"":3,""run_id"":""f3773bbf3001f7044304ac6a12d9ddb4d020a1b2b51ce7b475f4f14944f915f3""}",
      8192,        10,         0,   0.419,mwpf__cdbabe99b4f243243aad339bb11c8a90131812a9c01e0de682a2aca46d6d55ff,ddc6d0a0729b2070c0dbbc972d7b9e687957f33bd2fd578d2477245fef7735ad,"{""circuit"":""surface_code:rotated_memory_x"",""cluster_node_limit"":50,""d"":3,""decoder"":""mwpf"",""decoder_type"":""SolverSerialJointSingleHair"",""p"":0.008,""p_erase"":0.008,""r"":3,""run_id"":""842b8d9622dd95e081373b13334f0c4c970c25ea256e90e9985b8d1bb6968aef""}",
      9216,         4,         0,   0.434,mwpf__71726d6ba25fe5b1097fdebf57bc9ee71a4920b66b52ccf640b9fe928e18d0f8,416965c75b19b01d4781182eaa19c998ff58123cda66a19c0d09dee75e64fffb,"{""circuit"":""surface_code:rotated_memory_x"",""cluster_node_limit"":50,""d"":3,""decoder"":""mwpf"",""decoder_type"":""SolverSerialJointSingleHair"",""p"":0.007,""p_erase"":0.007,""r"":3,""run_id"":""135e03791629607bb61bf8b9b22bc12f2324f26b65e31e82f5c3cd97d24c99c9""}",
      1024,       300,         0,   0.221,mwpf__0413dccab20865c44db7e423785d3499025ad075a790258c15359f20b3ea8ddf,e38884877993cb310bb1c7f1630acd7fb53acc85f426b44e79895f6abe2236a6,"{""circuit"":""surface_code:rotated_memory_x"",""cluster_node_limit"":50,""d"":3,""decoder"":""mwpf"",""decoder_type"":""SolverSerialJointSingleHair"",""p"":0.06,""p_erase"":0.06,""r"":3,""run_id"":""d9231ee71bad9dc3be4287aa1493c85a1a71feef2d55ce668a0b818e8914832e""}",
      1024,       279,         0,   0.222,mwpf__0413dccab20865c44db7e423785d3499025ad075a790258c15359f20b3ea8ddf,e38884877993cb310bb1c7f1630acd7fb53acc85f426b44e79895f6abe2236a6,"{""circuit"":""surface_code:rotated_memory_x"",""cluster_node_limit"":50,""d"":3,""decoder"":""mwpf"",""decoder_type"":""SolverSerialJointSingleHair"",""p"":0.06,""p_erase"":0.06,""r"":3,""run_id"":""d9231ee71bad9dc3be4287aa1493c85a1a71feef2d55ce668a0b818e8914832e""}",
      8192,         1,         0,   0.459,mwpf__6a374b57c528f1fa3515562a1fcd08586fb590c5649146dc6a143bb06eeec077,f3e9207a47b74a52f31cee6ee65233df1dffd4d0d85fd55e88b8f5b6b8686260,"{""circuit"":""surface_code:rotated_memory_x"",""cluster_node_limit"":50,""d"":3,""decoder"":""mwpf"",""decoder_type"":""SolverSerialJointSingleHair"",""p"":0.006,""p_erase"":0.006,""r"":3,""run_id"":""dd60754122c9f7a810b0c1d8b1c92188ea52870232067546237f0fa25d610548""}",
      3072,       180,         0,   0.407,mwpf__d08ecc2ae4e76ccb11121c648d76bb1a9dceb54ba88d0bda3ca1942f8172f6b2,9f276de840468236fef01318b2cf4b6d7c2e1758c53771e1f5f515c9efa1fe7a,"{""circuit"":""surface_code:rotated_memory_x"",""cluster_node_limit"":50,""d"":3,""decoder"":""mwpf"",""decoder_type"":""SolverSerialJointSingleHair"",""p"":0.03,""p_erase"":0.03,""r"":3,""run_id"":""1b0c559dafd8f14b5d58ea78c3999f6ea71afe3722dfa6ff7d8583aa5e1d218c""}",
      3072,       168,         0,   0.401,mwpf__d08ecc2ae4e76ccb11121c648d76bb1a9dceb54ba88d0bda3ca1942f8172f6b2,9f276de840468236fef01318b2cf4b6d7c2e1758c53771e1f5f515c9efa1fe7a,"{""circuit"":""surface_code:rotated_memory_x"",""cluster_node_limit"":50,""d"":3,""decoder"":""mwpf"",""decoder_type"":""SolverSerialJointSingleHair"",""p"":0.03,""p_erase"":0.03,""r"":3,""run_id"":""1b0c559dafd8f14b5d58ea78c3999f6ea71afe3722dfa6ff7d8583aa5e1d218c""}",
      2048,       410,         0,   0.387,mwpf__b0e1426f6c4884e7e956c71520ee075fcf0da29d3e865e7519b23c6e0aec4e62,53478eabf9e5775201d5fae86f689e6c2d6fe35972c0eb0be61f613f5cd56df1,"{""circuit"":""surface_code:rotated_memory_x"",""cluster_node_limit"":50,""d"":3,""decoder"":""mwpf"",""decoder_type"":""SolverSerialJointSingleHair"",""p"":0.05,""p_erase"":0.05,""r"":3,""run_id"":""66f02b9030d33676d96459d90fe2a723609a6ce9961bda4f5d1d1d63291b9f2b""}",
      1024,       281,         0,   0.214,mwpf__0413dccab20865c44db7e423785d3499025ad075a790258c15359f20b3ea8ddf,e38884877993cb310bb1c7f1630acd7fb53acc85f426b44e79895f6abe2236a6,"{""circuit"":""surface_code:rotated_memory_x"",""cluster_node_limit"":50,""d"":3,""decoder"":""mwpf"",""decoder_type"":""SolverSerialJointSingleHair"",""p"":0.06,""p_erase"":0.06,""r"":3,""run_id"":""d9231ee71bad9dc3be4287aa1493c85a1a71feef2d55ce668a0b818e8914832e""}",
      2048,       390,         0,   0.390,mwpf__b0e1426f6c4884e7e956c71520ee075fcf0da29d3e865e7519b23c6e0aec4e62,53478eabf9e5775201d5fae86f689e6c2d6fe35972c0eb0be61f613f5cd56df1,"{""circuit"":""surface_code:rotated_memory_x"",""cluster_node_limit"":50,""d"":3,""decoder"":""mwpf"",""decoder_type"":""SolverSerialJointSingleHair"",""p"":0.05,""p_erase"":0.05,""r"":3,""run_id"":""66f02b9030d33676d96459d90fe2a723609a6ce9961bda4f5d1d1d63291b9f2b""}",
      2048,       242,         0,   0.327,mwpf__ed26b1d41b10bd70b2e5191f5d45b8d7c77a0c90b2ed82a0d4ba27fc4edf117a,bc011b380b81e4ab7d7e1f1154213cc7a4acda72054632f5f7bab40c4c8b5b1f,"{""circuit"":""surface_code:rotated_memory_x"",""cluster_node_limit"":50,""d"":3,""decoder"":""mwpf"",""decoder_type"":""SolverSerialJointSingleHair"",""p"":0.04,""p_erase"":0.04,""r"":3,""run_id"":""0e93526537fe93e9b37e6ded05eb69843dc22921f011ffb0b3533b59cfc71ed2""}",
      2048,       243,         0,   0.325,mwpf__ed26b1d41b10bd70b2e5191f5d45b8d7c77a0c90b2ed82a0d4ba27fc4edf117a,bc011b380b81e4ab7d7e1f1154213cc7a4acda72054632f5f7bab40c4c8b5b1f,"{""circuit"":""surface_code:rotated_memory_x"",""cluster_node_limit"":50,""d"":3,""decoder"":""mwpf"",""decoder_type"":""SolverSerialJointSingleHair"",""p"":0.04,""p_erase"":0.04,""r"":3,""run_id"":""0e93526537fe93e9b37e6ded05eb69843dc22921f011ffb0b3533b59cfc71ed2""}",
      1024,       265,         0,   0.218,mwpf__0413dccab20865c44db7e423785d3499025ad075a790258c15359f20b3ea8ddf,e38884877993cb310bb1c7f1630acd7fb53acc85f426b44e79895f6abe2236a6,"{""circuit"":""surface_code:rotated_memory_x"",""cluster_node_limit"":50,""d"":3,""decoder"":""mwpf"",""decoder_type"":""SolverSerialJointSingleHair"",""p"":0.06,""p_erase"":0.06,""r"":3,""run_id"":""d9231ee71bad9dc3be4287aa1493c85a1a71feef2d55ce668a0b818e8914832e""}",
      6144,        10,         0,   0.464,mwpf__f4eaffc7e8b345bd4ed12e044b14c9eca5eb9d6063d64430985ec7c298159463,1c0b2318b8e500ddb1032a5e330292dd6110fcabf993e79d05dcfbebeb6f8881,"{""circuit"":""surface_code:rotated_memory_x"",""cluster_node_limit"":50,""d"":3,""decoder"":""mwpf"",""decoder_type"":""SolverSerialJointSingleHair"",""p"":0.01,""p_erase"":0.01,""r"":3,""run_id"":""5b6db69d825a9e1af451573dd00a4a7082d74a5e74fde81d397d7b0bcc5645b2""}",
      5120,        83,         0,   0.492,mwpf__bc6afb301d40de4dda36c86e2bee82ba9a2f3509c5e7adff85dedc84e2a08470,7be39a06112225b5216df3daf93370b2b9c424246e5cfcb6acb1a9865d6e9942,"{""circuit"":""surface_code:rotated_memory_x"",""cluster_node_limit"":50,""d"":3,""decoder"":""mwpf"",""decoder_type"":""SolverSerialJointSingleHair"",""p"":0.02,""p_erase"":0.02,""r"":3,""run_id"":""cbdcd76e4eac6e7ea58eb299d6c7091619bfb5b7954ed0656948ce94e45f36ab""}",
      5120,        82,         0,   0.467,mwpf__bc6afb301d40de4dda36c86e2bee82ba9a2f3509c5e7adff85dedc84e2a08470,7be39a06112225b5216df3daf93370b2b9c424246e5cfcb6acb1a9865d6e9942,"{""circuit"":""surface_code:rotated_memory_x"",""cluster_node_limit"":50,""d"":3,""decoder"":""mwpf"",""decoder_type"":""SolverSerialJointSingleHair"",""p"":0.02,""p_erase"":0.02,""r"":3,""run_id"":""cbdcd76e4eac6e7ea58eb299d6c7091619bfb5b7954ed0656948ce94e45f36ab""}",
     18432,         3,         0,   0.569,mwpf__b872f877938abc74ac5cbaba353b6d05cca6c26386630928e9e8c556790460ab,8be4c71d65229ab532f93802b200d69b85cf990b21494afcdb050a0cc2f71098,"{""circuit"":""surface_code:rotated_memory_x"",""cluster_node_limit"":50,""d"":3,""decoder"":""mwpf"",""decoder_type"":""SolverSerialJointSingleHair"",""p"":0.003,""p_erase"":0.003,""r"":3,""run_id"":""915e7fac76f0cb44d6aac79997be9e5a903d4aa353a8207f80b396814e1292cb""}",
     15360,         2,         0,   0.594,mwpf__3a2de2621d93f2d1f82bf505831648faac50961c9682adb78978518126f61ad4,269c086892560d2b2c3fb91f8240ee87c8e2f52d5b2ff0982c1e1b9fe1e015ae,"{""circuit"":""surface_code:rotated_memory_x"",""cluster_node_limit"":50,""d"":3,""decoder"":""mwpf"",""decoder_type"":""SolverSerialJointSingleHair"",""p"":0.005,""p_erase"":0.005,""r"":3,""run_id"":""5101ac8ef9c97b83df4dd9d8fb12d7b219d036893929703eba32fffa9e647600""}",
     15360,         2,         0,   0.584,mwpf__3a2de2621d93f2d1f82bf505831648faac50961c9682adb78978518126f61ad4,269c086892560d2b2c3fb91f8240ee87c8e2f52d5b2ff0982c1e1b9fe1e015ae,"{""circuit"":""surface_code:rotated_memory_x"",""cluster_node_limit"":50,""d"":3,""decoder"":""mwpf"",""decoder_type"":""SolverSerialJointSingleHair"",""p"":0.005,""p_erase"":0.005,""r"":3,""run_id"":""5101ac8ef9c97b83df4dd9d8fb12d7b219d036893929703eba32fffa9e647600""}",
     18432,         0,         0,   0.580,mwpf__b872f877938abc74ac5cbaba353b6d05cca6c26386630928e9e8c556790460ab,8be4c71d65229ab532f93802b200d69b85cf990b21494afcdb050a0cc2f71098,"{""circuit"":""surface_code:rotated_memory_x"",""cluster_node_limit"":50,""d"":3,""decoder"":""mwpf"",""decoder_type"":""SolverSerialJointSingleHair"",""p"":0.003,""p_erase"":0.003,""r"":3,""run_id"":""915e7fac76f0cb44d6aac79997be9e5a903d4aa353a8207f80b396814e1292cb""}",
     13312,         9,         0,   0.567,mwpf__6a374b57c528f1fa3515562a1fcd08586fb590c5649146dc6a143bb06eeec077,f3e9207a47b74a52f31cee6ee65233df1dffd4d0d85fd55e88b8f5b6b8686260,"{""circuit"":""surface_code:rotated_memory_x"",""cluster_node_limit"":50,""d"":3,""decoder"":""mwpf"",""decoder_type"":""SolverSerialJointSingleHair"",""p"":0.006,""p_erase"":0.006,""r"":3,""run_id"":""dd60754122c9f7a810b0c1d8b1c92188ea52870232067546237f0fa25d610548""}",
     16384,         1,         0,   0.567,mwpf__bbbb95ae8dfd216392d93d271ab853220d7a01380e740dc79365759e9487ffb2,d994fe02c85cb3c768399acfffda9f01e9344d65a7427484376e8d07bf72dce7,"{""circuit"":""surface_code:rotated_memory_x"",""cluster_node_limit"":50,""d"":3,""decoder"":""mwpf"",""decoder_type"":""SolverSerialJointSingleHair"",""p"":0.004,""p_erase"":0.004,""r"":3,""run_id"":""90efa888ab0be85c6dc82d20d594fb219f455db906f7e8f7ad923a214270e30c""}",
     17408,         0,         0,   0.597,mwpf__bbbb95ae8dfd216392d93d271ab853220d7a01380e740dc79365759e9487ffb2,d994fe02c85cb3c768399acfffda9f01e9344d65a7427484376e8d07bf72dce7,"{""circuit"":""surface_code:rotated_memory_x"",""cluster_node_limit"":50,""d"":3,""decoder"":""mwpf"",""decoder_type"":""SolverSerialJointSingleHair"",""p"":0.004,""p_erase"":0.004,""r"":3,""run_id"":""90efa888ab0be85c6dc82d20d594fb219f455db906f7e8f7ad923a214270e30c""}",
     16384,         1,         0,   0.568,mwpf__bbbb95ae8dfd216392d93d271ab853220d7a01380e740dc79365759e9487ffb2,d994fe02c85cb3c768399acfffda9f01e9344d65a7427484376e8d07bf72dce7,"{""circuit"":""surface_code:rotated_memory_x"",""cluster_node_limit"":50,""d"":3,""decoder"":""mwpf"",""decoder_type"":""SolverSerialJointSingleHair"",""p"":0.004,""p_erase"":0.004,""r"":3,""run_id"":""90efa888ab0be85c6dc82d20d594fb219f455db906f7e8f7ad923a214270e30c""}",
     10240,        24,         0,   0.588,mwpf__f4eaffc7e8b345bd4ed12e044b14c9eca5eb9d6063d64430985ec7c298159463,1c0b2318b8e500ddb1032a5e330292dd6110fcabf993e79d05dcfbebeb6f8881,"{""circuit"":""surface_code:rotated_memory_x"",""cluster_node_limit"":50,""d"":3,""decoder"":""mwpf"",""decoder_type"":""SolverSerialJointSingleHair"",""p"":0.01,""p_erase"":0.01,""r"":3,""run_id"":""5b6db69d825a9e1af451573dd00a4a7082d74a5e74fde81d397d7b0bcc5645b2""}",
     15360,         7,         0,   0.602,mwpf__3a2de2621d93f2d1f82bf505831648faac50961c9682adb78978518126f61ad4,269c086892560d2b2c3fb91f8240ee87c8e2f52d5b2ff0982c1e1b9fe1e015ae,"{""circuit"":""surface_code:rotated_memory_x"",""cluster_node_limit"":50,""d"":3,""decoder"":""mwpf"",""decoder_type"":""SolverSerialJointSingleHair"",""p"":0.005,""p_erase"":0.005,""r"":3,""run_id"":""5101ac8ef9c97b83df4dd9d8fb12d7b219d036893929703eba32fffa9e647600""}",
     10240,        21,         0,   0.568,mwpf__2d43dbac6f220be8e75258fcbaa1915a92302bec253b831525bc35e7adeec1b6,64b3d9f5baf6f09488c41396f9407eb7cf2e57debde21e687e5552cba9d5418a,"{""circuit"":""surface_code:rotated_memory_x"",""cluster_node_limit"":50,""d"":3,""decoder"":""mwpf"",""decoder_type"":""SolverSerialJointSingleHair"",""p"":0.009,""p_erase"":0.009,""r"":3,""run_id"":""f3773bbf3001f7044304ac6a12d9ddb4d020a1b2b51ce7b475f4f14944f915f3""}",
     10240,        12,         0,   0.566,mwpf__2d43dbac6f220be8e75258fcbaa1915a92302bec253b831525bc35e7adeec1b6,64b3d9f5baf6f09488c41396f9407eb7cf2e57debde21e687e5552cba9d5418a,"{""circuit"":""surface_code:rotated_memory_x"",""cluster_node_limit"":50,""d"":3,""decoder"":""mwpf"",""decoder_type"":""SolverSerialJointSingleHair"",""p"":0.009,""p_erase"":0.009,""r"":3,""run_id"":""f3773bbf3001f7044304ac6a12d9ddb4d020a1b2b51ce7b475f4f14944f915f3""}",
     11264,         4,         0,   0.572,mwpf__cdbabe99b4f243243aad339bb11c8a90131812a9c01e0de682a2aca46d6d55ff,ddc6d0a0729b2070c0dbbc972d7b9e687957f33bd2fd578d2477245fef7735ad,"{""circuit"":""surface_code:rotated_memory_x"",""cluster_node_limit"":50,""d"":3,""decoder"":""mwpf"",""decoder_type"":""SolverSerialJointSingleHair"",""p"":0.008,""p_erase"":0.008,""r"":3,""run_id"":""842b8d9622dd95e081373b13334f0c4c970c25ea256e90e9985b8d1bb6968aef""}",
     12288,         7,         0,   0.567,mwpf__71726d6ba25fe5b1097fdebf57bc9ee71a4920b66b52ccf640b9fe928e18d0f8,416965c75b19b01d4781182eaa19c998ff58123cda66a19c0d09dee75e64fffb,"{""circuit"":""surface_code:rotated_memory_x"",""cluster_node_limit"":50,""d"":3,""decoder"":""mwpf"",""decoder_type"":""SolverSerialJointSingleHair"",""p"":0.007,""p_erase"":0.007,""r"":3,""run_id"":""135e03791629607bb61bf8b9b22bc12f2324f26b65e31e82f5c3cd97d24c99c9""}",
      2048,       385,         0,   0.386,mwpf__b0e1426f6c4884e7e956c71520ee075fcf0da29d3e865e7519b23c6e0aec4e62,53478eabf9e5775201d5fae86f689e6c2d6fe35972c0eb0be61f613f5cd56df1,"{""circuit"":""surface_code:rotated_memory_x"",""cluster_node_limit"":50,""d"":3,""decoder"":""mwpf"",""decoder_type"":""SolverSerialJointSingleHair"",""p"":0.05,""p_erase"":0.05,""r"":3,""run_id"":""66f02b9030d33676d96459d90fe2a723609a6ce9961bda4f5d1d1d63291b9f2b""}",
      2048,       428,         0,   0.386,mwpf__b0e1426f6c4884e7e956c71520ee075fcf0da29d3e865e7519b23c6e0aec4e62,53478eabf9e5775201d5fae86f689e6c2d6fe35972c0eb0be61f613f5cd56df1,"{""circuit"":""surface_code:rotated_memory_x"",""cluster_node_limit"":50,""d"":3,""decoder"":""mwpf"",""decoder_type"":""SolverSerialJointSingleHair"",""p"":0.05,""p_erase"":0.05,""r"":3,""run_id"":""66f02b9030d33676d96459d90fe2a723609a6ce9961bda4f5d1d1d63291b9f2b""}",
      4096,       235,         0,   0.525,mwpf__d08ecc2ae4e76ccb11121c648d76bb1a9dceb54ba88d0bda3ca1942f8172f6b2,9f276de840468236fef01318b2cf4b6d7c2e1758c53771e1f5f515c9efa1fe7a,"{""circuit"":""surface_code:rotated_memory_x"",""cluster_node_limit"":50,""d"":3,""decoder"":""mwpf"",""decoder_type"":""SolverSerialJointSingleHair"",""p"":0.03,""p_erase"":0.03,""r"":3,""run_id"":""1b0c559dafd8f14b5d58ea78c3999f6ea71afe3722dfa6ff7d8583aa5e1d218c""}",
     13312,         2,         0,   0.587,mwpf__6a374b57c528f1fa3515562a1fcd08586fb590c5649146dc6a143bb06eeec077,f3e9207a47b74a52f31cee6ee65233df1dffd4d0d85fd55e88b8f5b6b8686260,"{""circuit"":""surface_code:rotated_memory_x"",""cluster_node_limit"":50,""d"":3,""decoder"":""mwpf"",""decoder_type"":""SolverSerialJointSingleHair"",""p"":0.006,""p_erase"":0.006,""r"":3,""run_id"":""dd60754122c9f7a810b0c1d8b1c92188ea52870232067546237f0fa25d610548""}",
      2048,       538,         0,   0.426,mwpf__0413dccab20865c44db7e423785d3499025ad075a790258c15359f20b3ea8ddf,e38884877993cb310bb1c7f1630acd7fb53acc85f426b44e79895f6abe2236a6,"{""circuit"":""surface_code:rotated_memory_x"",""cluster_node_limit"":50,""d"":3,""decoder"":""mwpf"",""decoder_type"":""SolverSerialJointSingleHair"",""p"":0.06,""p_erase"":0.06,""r"":3,""run_id"":""d9231ee71bad9dc3be4287aa1493c85a1a71feef2d55ce668a0b818e8914832e""}",
      2048,       562,         0,   0.439,mwpf__0413dccab20865c44db7e423785d3499025ad075a790258c15359f20b3ea8ddf,e38884877993cb310bb1c7f1630acd7fb53acc85f426b44e79895f6abe2236a6,"{""circuit"":""surface_code:rotated_memory_x"",""cluster_node_limit"":50,""d"":3,""decoder"":""mwpf"",""decoder_type"":""SolverSerialJointSingleHair"",""p"":0.06,""p_erase"":0.06,""r"":3,""run_id"":""d9231ee71bad9dc3be4287aa1493c85a1a71feef2d55ce668a0b818e8914832e""}",
      4096,       221,         0,   0.535,mwpf__d08ecc2ae4e76ccb11121c648d76bb1a9dceb54ba88d0bda3ca1942f8172f6b2,9f276de840468236fef01318b2cf4b6d7c2e1758c53771e1f5f515c9efa1fe7a,"{""circuit"":""surface_code:rotated_memory_x"",""cluster_node_limit"":50,""d"":3,""decoder"":""mwpf"",""decoder_type"":""SolverSerialJointSingleHair"",""p"":0.03,""p_erase"":0.03,""r"":3,""run_id"":""1b0c559dafd8f14b5d58ea78c3999f6ea71afe3722dfa6ff7d8583aa5e1d218c""}",
      3072,       343,         0,   0.485,mwpf__ed26b1d41b10bd70b2e5191f5d45b8d7c77a0c90b2ed82a0d4ba27fc4edf117a,bc011b380b81e4ab7d7e1f1154213cc7a4acda72054632f5f7bab40c4c8b5b1f,"{""circuit"":""surface_code:rotated_memory_x"",""cluster_node_limit"":50,""d"":3,""decoder"":""mwpf"",""decoder_type"":""SolverSerialJointSingleHair"",""p"":0.04,""p_erase"":0.04,""r"":3,""run_id"":""0e93526537fe93e9b37e6ded05eb69843dc22921f011ffb0b3533b59cfc71ed2""}",
      3072,       362,         0,   0.488,mwpf__ed26b1d41b10bd70b2e5191f5d45b8d7c77a0c90b2ed82a0d4ba27fc4edf117a,bc011b380b81e4ab7d7e1f1154213cc7a4acda72054632f5f7bab40c4c8b5b1f,"{""circuit"":""surface_code:rotated_memory_x"",""cluster_node_limit"":50,""d"":3,""decoder"":""mwpf"",""decoder_type"":""SolverSerialJointSingleHair"",""p"":0.04,""p_erase"":0.04,""r"":3,""run_id"":""0e93526537fe93e9b37e6ded05eb69843dc22921f011ffb0b3533b59cfc71ed2""}",
       273,         0,         0,   0.073,mwpf__71726d6ba25fe5b1097fdebf57bc9ee71a4920b66b52ccf640b9fe928e18d0f8,416965c75b19b01d4781182eaa19c998ff58123cda66a19c0d09dee75e64fffb,"{""circuit"":""surface_code:rotated_memory_x"",""cluster_node_limit"":50,""d"":3,""decoder"":""mwpf"",""decoder_type"":""SolverSerialJointSingleHair"",""p"":0.007,""p_erase"":0.007,""r"":3,""run_id"":""135e03791629607bb61bf8b9b22bc12f2324f26b65e31e82f5c3cd97d24c99c9""}",
      8192,        21,         0,   0.608,mwpf__f4eaffc7e8b345bd4ed12e044b14c9eca5eb9d6063d64430985ec7c298159463,1c0b2318b8e500ddb1032a5e330292dd6110fcabf993e79d05dcfbebeb6f8881,"{""circuit"":""surface_code:rotated_memory_x"",""cluster_node_limit"":50,""d"":3,""decoder"":""mwpf"",""decoder_type"":""SolverSerialJointSingleHair"",""p"":0.01,""p_erase"":0.01,""r"":3,""run_id"":""5b6db69d825a9e1af451573dd00a4a7082d74a5e74fde81d397d7b0bcc5645b2""}",
      6144,       103,         0,   0.569,mwpf__bc6afb301d40de4dda36c86e2bee82ba9a2f3509c5e7adff85dedc84e2a08470,7be39a06112225b5216df3daf93370b2b9c424246e5cfcb6acb1a9865d6e9942,"{""circuit"":""surface_code:rotated_memory_x"",""cluster_node_limit"":50,""d"":3,""decoder"":""mwpf"",""decoder_type"":""SolverSerialJointSingleHair"",""p"":0.02,""p_erase"":0.02,""r"":3,""run_id"":""cbdcd76e4eac6e7ea58eb299d6c7091619bfb5b7954ed0656948ce94e45f36ab""}",
      6144,       106,         0,   0.570,mwpf__bc6afb301d40de4dda36c86e2bee82ba9a2f3509c5e7adff85dedc84e2a08470,7be39a06112225b5216df3daf93370b2b9c424246e5cfcb6acb1a9865d6e9942,"{""circuit"":""surface_code:rotated_memory_x"",""cluster_node_limit"":50,""d"":3,""decoder"":""mwpf"",""decoder_type"":""SolverSerialJointSingleHair"",""p"":0.02,""p_erase"":0.02,""r"":3,""run_id"":""cbdcd76e4eac6e7ea58eb299d6c7091619bfb5b7954ed0656948ce94e45f36ab""}",
      1024,         1,         0,   0.272,mwpf__71726d6ba25fe5b1097fdebf57bc9ee71a4920b66b52ccf640b9fe928e18d0f8,416965c75b19b01d4781182eaa19c998ff58123cda66a19c0d09dee75e64fffb,"{""circuit"":""surface_code:rotated_memory_x"",""cluster_node_limit"":50,""d"":3,""decoder"":""mwpf"",""decoder_type"":""SolverSerialJointSingleHair"",""p"":0.007,""p_erase"":0.007,""r"":3,""run_id"":""135e03791629607bb61bf8b9b22bc12f2324f26b65e31e82f5c3cd97d24c99c9""}",
      2048,       520,         0,   0.433,mwpf__0413dccab20865c44db7e423785d3499025ad075a790258c15359f20b3ea8ddf,e38884877993cb310bb1c7f1630acd7fb53acc85f426b44e79895f6abe2236a6,"{""circuit"":""surface_code:rotated_memory_x"",""cluster_node_limit"":50,""d"":3,""decoder"":""mwpf"",""decoder_type"":""SolverSerialJointSingleHair"",""p"":0.06,""p_erase"":0.06,""r"":3,""run_id"":""d9231ee71bad9dc3be4287aa1493c85a1a71feef2d55ce668a0b818e8914832e""}",
      2048,       583,         0,   0.442,mwpf__0413dccab20865c44db7e423785d3499025ad075a790258c15359f20b3ea8ddf,e38884877993cb310bb1c7f1630acd7fb53acc85f426b44e79895f6abe2236a6,"{""circuit"":""surface_code:rotated_memory_x"",""cluster_node_limit"":50,""d"":3,""decoder"":""mwpf"",""decoder_type"":""SolverSerialJointSingleHair"",""p"":0.06,""p_erase"":0.06,""r"":3,""run_id"":""d9231ee71bad9dc3be4287aa1493c85a1a71feef2d55ce668a0b818e8914832e""}",
     25600,         0,         0,   0.796,mwpf__b872f877938abc74ac5cbaba353b6d05cca6c26386630928e9e8c556790460ab,8be4c71d65229ab532f93802b200d69b85cf990b21494afcdb050a0cc2f71098,"{""circuit"":""surface_code:rotated_memory_x"",""cluster_node_limit"":50,""d"":3,""decoder"":""mwpf"",""decoder_type"":""SolverSerialJointSingleHair"",""p"":0.003,""p_erase"":0.003,""r"":3,""run_id"":""915e7fac76f0cb44d6aac79997be9e5a903d4aa353a8207f80b396814e1292cb""}",
      3072,       625,         0,   0.596,mwpf__b0e1426f6c4884e7e956c71520ee075fcf0da29d3e865e7519b23c6e0aec4e62,53478eabf9e5775201d5fae86f689e6c2d6fe35972c0eb0be61f613f5cd56df1,"{""circuit"":""surface_code:rotated_memory_x"",""cluster_node_limit"":50,""d"":3,""decoder"":""mwpf"",""decoder_type"":""SolverSerialJointSingleHair"",""p"":0.05,""p_erase"":0.05,""r"":3,""run_id"":""66f02b9030d33676d96459d90fe2a723609a6ce9961bda4f5d1d1d63291b9f2b""}",
     21504,         4,         0,   0.811,mwpf__3a2de2621d93f2d1f82bf505831648faac50961c9682adb78978518126f61ad4,269c086892560d2b2c3fb91f8240ee87c8e2f52d5b2ff0982c1e1b9fe1e015ae,"{""circuit"":""surface_code:rotated_memory_x"",""cluster_node_limit"":50,""d"":3,""decoder"":""mwpf"",""decoder_type"":""SolverSerialJointSingleHair"",""p"":0.005,""p_erase"":0.005,""r"":3,""run_id"":""5101ac8ef9c97b83df4dd9d8fb12d7b219d036893929703eba32fffa9e647600""}",
      3072,       590,         0,   0.592,mwpf__b0e1426f6c4884e7e956c71520ee075fcf0da29d3e865e7519b23c6e0aec4e62,53478eabf9e5775201d5fae86f689e6c2d6fe35972c0eb0be61f613f5cd56df1,"{""circuit"":""surface_code:rotated_memory_x"",""cluster_node_limit"":50,""d"":3,""decoder"":""mwpf"",""decoder_type"":""SolverSerialJointSingleHair"",""p"":0.05,""p_erase"":0.05,""r"":3,""run_id"":""66f02b9030d33676d96459d90fe2a723609a6ce9961bda4f5d1d1d63291b9f2b""}",
     25600,         3,         0,   0.797,mwpf__b872f877938abc74ac5cbaba353b6d05cca6c26386630928e9e8c556790460ab,8be4c71d65229ab532f93802b200d69b85cf990b21494afcdb050a0cc2f71098,"{""circuit"":""surface_code:rotated_memory_x"",""cluster_node_limit"":50,""d"":3,""decoder"":""mwpf"",""decoder_type"":""SolverSerialJointSingleHair"",""p"":0.003,""p_erase"":0.003,""r"":3,""run_id"":""915e7fac76f0cb44d6aac79997be9e5a903d4aa353a8207f80b396814e1292cb""}",
     21504,         4,         0,   0.829,mwpf__3a2de2621d93f2d1f82bf505831648faac50961c9682adb78978518126f61ad4,269c086892560d2b2c3fb91f8240ee87c8e2f52d5b2ff0982c1e1b9fe1e015ae,"{""circuit"":""surface_code:rotated_memory_x"",""cluster_node_limit"":50,""d"":3,""decoder"":""mwpf"",""decoder_type"":""SolverSerialJointSingleHair"",""p"":0.005,""p_erase"":0.005,""r"":3,""run_id"":""5101ac8ef9c97b83df4dd9d8fb12d7b219d036893929703eba32fffa9e647600""}",
     23552,         3,         0,   0.809,mwpf__bbbb95ae8dfd216392d93d271ab853220d7a01380e740dc79365759e9487ffb2,d994fe02c85cb3c768399acfffda9f01e9344d65a7427484376e8d07bf72dce7,"{""circuit"":""surface_code:rotated_memory_x"",""cluster_node_limit"":50,""d"":3,""decoder"":""mwpf"",""decoder_type"":""SolverSerialJointSingleHair"",""p"":0.004,""p_erase"":0.004,""r"":3,""run_id"":""90efa888ab0be85c6dc82d20d594fb219f455db906f7e8f7ad923a214270e30c""}",
     23552,         2,         0,   0.815,mwpf__bbbb95ae8dfd216392d93d271ab853220d7a01380e740dc79365759e9487ffb2,d994fe02c85cb3c768399acfffda9f01e9344d65a7427484376e8d07bf72dce7,"{""circuit"":""surface_code:rotated_memory_x"",""cluster_node_limit"":50,""d"":3,""decoder"":""mwpf"",""decoder_type"":""SolverSerialJointSingleHair"",""p"":0.004,""p_erase"":0.004,""r"":3,""run_id"":""90efa888ab0be85c6dc82d20d594fb219f455db906f7e8f7ad923a214270e30c""}",
     19456,         9,         0,   0.828,mwpf__6a374b57c528f1fa3515562a1fcd08586fb590c5649146dc6a143bb06eeec077,f3e9207a47b74a52f31cee6ee65233df1dffd4d0d85fd55e88b8f5b6b8686260,"{""circuit"":""surface_code:rotated_memory_x"",""cluster_node_limit"":50,""d"":3,""decoder"":""mwpf"",""decoder_type"":""SolverSerialJointSingleHair"",""p"":0.006,""p_erase"":0.006,""r"":3,""run_id"":""dd60754122c9f7a810b0c1d8b1c92188ea52870232067546237f0fa25d610548""}",
     23552,         8,         0,   0.811,mwpf__bbbb95ae8dfd216392d93d271ab853220d7a01380e740dc79365759e9487ffb2,d994fe02c85cb3c768399acfffda9f01e9344d65a7427484376e8d07bf72dce7,"{""circuit"":""surface_code:rotated_memory_x"",""cluster_node_limit"":50,""d"":3,""decoder"":""mwpf"",""decoder_type"":""SolverSerialJointSingleHair"",""p"":0.004,""p_erase"":0.004,""r"":3,""run_id"":""90efa888ab0be85c6dc82d20d594fb219f455db906f7e8f7ad923a214270e30c""}",
       273,         0,         0,   0.067,mwpf__cdbabe99b4f243243aad339bb11c8a90131812a9c01e0de682a2aca46d6d55ff,ddc6d0a0729b2070c0dbbc972d7b9e687957f33bd2fd578d2477245fef7735ad,"{""circuit"":""surface_code:rotated_memory_x"",""cluster_node_limit"":50,""d"":3,""decoder"":""mwpf"",""decoder_type"":""SolverSerialJointSingleHair"",""p"":0.008,""p_erase"":0.008,""r"":3,""run_id"":""842b8d9622dd95e081373b13334f0c4c970c25ea256e90e9985b8d1bb6968aef""}",
     20480,         7,         0,   0.807,mwpf__3a2de2621d93f2d1f82bf505831648faac50961c9682adb78978518126f61ad4,269c086892560d2b2c3fb91f8240ee87c8e2f52d5b2ff0982c1e1b9fe1e015ae,"{""circuit"":""surface_code:rotated_memory_x"",""cluster_node_limit"":50,""d"":3,""decoder"":""mwpf"",""decoder_type"":""SolverSerialJointSingleHair"",""p"":0.005,""p_erase"":0.005,""r"":3,""run_id"":""5101ac8ef9c97b83df4dd9d8fb12d7b219d036893929703eba32fffa9e647600""}",
     14336,        28,         0,   0.822,mwpf__f4eaffc7e8b345bd4ed12e044b14c9eca5eb9d6063d64430985ec7c298159463,1c0b2318b8e500ddb1032a5e330292dd6110fcabf993e79d05dcfbebeb6f8881,"{""circuit"":""surface_code:rotated_memory_x"",""cluster_node_limit"":50,""d"":3,""decoder"":""mwpf"",""decoder_type"":""SolverSerialJointSingleHair"",""p"":0.01,""p_erase"":0.01,""r"":3,""run_id"":""5b6db69d825a9e1af451573dd00a4a7082d74a5e74fde81d397d7b0bcc5645b2""}",
      5120,       289,         0,   0.667,mwpf__d08ecc2ae4e76ccb11121c648d76bb1a9dceb54ba88d0bda3ca1942f8172f6b2,9f276de840468236fef01318b2cf4b6d7c2e1758c53771e1f5f515c9efa1fe7a,"{""circuit"":""surface_code:rotated_memory_x"",""cluster_node_limit"":50,""d"":3,""decoder"":""mwpf"",""decoder_type"":""SolverSerialJointSingleHair"",""p"":0.03,""p_erase"":0.03,""r"":3,""run_id"":""1b0c559dafd8f14b5d58ea78c3999f6ea71afe3722dfa6ff7d8583aa5e1d218c""}",
      1024,         2,         0,   0.250,mwpf__71726d6ba25fe5b1097fdebf57bc9ee71a4920b66b52ccf640b9fe928e18d0f8,416965c75b19b01d4781182eaa19c998ff58123cda66a19c0d09dee75e64fffb,"{""circuit"":""surface_code:rotated_memory_x"",""cluster_node_limit"":50,""d"":3,""decoder"":""mwpf"",""decoder_type"":""SolverSerialJointSingleHair"",""p"":0.007,""p_erase"":0.007,""r"":3,""run_id"":""135e03791629607bb61bf8b9b22bc12f2324f26b65e31e82f5c3cd97d24c99c9""}",
     17408,        10,         0,   0.813,mwpf__71726d6ba25fe5b1097fdebf57bc9ee71a4920b66b52ccf640b9fe928e18d0f8,416965c75b19b01d4781182eaa19c998ff58123cda66a19c0d09dee75e64fffb,"{""circuit"":""surface_code:rotated_memory_x"",""cluster_node_limit"":50,""d"":3,""decoder"":""mwpf"",""decoder_type"":""SolverSerialJointSingleHair"",""p"":0.007,""p_erase"":0.007,""r"":3,""run_id"":""135e03791629607bb61bf8b9b22bc12f2324f26b65e31e82f5c3cd97d24c99c9""}",
     16384,        16,         0,   0.822,mwpf__cdbabe99b4f243243aad339bb11c8a90131812a9c01e0de682a2aca46d6d55ff,ddc6d0a0729b2070c0dbbc972d7b9e687957f33bd2fd578d2477245fef7735ad,"{""circuit"":""surface_code:rotated_memory_x"",""cluster_node_limit"":50,""d"":3,""decoder"":""mwpf"",""decoder_type"":""SolverSerialJointSingleHair"",""p"":0.008,""p_erase"":0.008,""r"":3,""run_id"":""842b8d9622dd95e081373b13334f0c4c970c25ea256e90e9985b8d1bb6968aef""}",
     15360,        26,         0,   0.849,mwpf__2d43dbac6f220be8e75258fcbaa1915a92302bec253b831525bc35e7adeec1b6,64b3d9f5baf6f09488c41396f9407eb7cf2e57debde21e687e5552cba9d5418a,"{""circuit"":""surface_code:rotated_memory_x"",""cluster_node_limit"":50,""d"":3,""decoder"":""mwpf"",""decoder_type"":""SolverSerialJointSingleHair"",""p"":0.009,""p_erase"":0.009,""r"":3,""run_id"":""f3773bbf3001f7044304ac6a12d9ddb4d020a1b2b51ce7b475f4f14944f915f3""}",
      5120,       298,         0,   0.671,mwpf__d08ecc2ae4e76ccb11121c648d76bb1a9dceb54ba88d0bda3ca1942f8172f6b2,9f276de840468236fef01318b2cf4b6d7c2e1758c53771e1f5f515c9efa1fe7a,"{""circuit"":""surface_code:rotated_memory_x"",""cluster_node_limit"":50,""d"":3,""decoder"":""mwpf"",""decoder_type"":""SolverSerialJointSingleHair"",""p"":0.03,""p_erase"":0.03,""r"":3,""run_id"":""1b0c559dafd8f14b5d58ea78c3999f6ea71afe3722dfa6ff7d8583aa5e1d218c""}",
     15360,        23,         0,   0.847,mwpf__2d43dbac6f220be8e75258fcbaa1915a92302bec253b831525bc35e7adeec1b6,64b3d9f5baf6f09488c41396f9407eb7cf2e57debde21e687e5552cba9d5418a,"{""circuit"":""surface_code:rotated_memory_x"",""cluster_node_limit"":50,""d"":3,""decoder"":""mwpf"",""decoder_type"":""SolverSerialJointSingleHair"",""p"":0.009,""p_erase"":0.009,""r"":3,""run_id"":""f3773bbf3001f7044304ac6a12d9ddb4d020a1b2b51ce7b475f4f14944f915f3""}",
      4096,       540,         0,   0.663,mwpf__ed26b1d41b10bd70b2e5191f5d45b8d7c77a0c90b2ed82a0d4ba27fc4edf117a,bc011b380b81e4ab7d7e1f1154213cc7a4acda72054632f5f7bab40c4c8b5b1f,"{""circuit"":""surface_code:rotated_memory_x"",""cluster_node_limit"":50,""d"":3,""decoder"":""mwpf"",""decoder_type"":""SolverSerialJointSingleHair"",""p"":0.04,""p_erase"":0.04,""r"":3,""run_id"":""0e93526537fe93e9b37e6ded05eb69843dc22921f011ffb0b3533b59cfc71ed2""}",
      4096,       529,         0,   0.666,mwpf__ed26b1d41b10bd70b2e5191f5d45b8d7c77a0c90b2ed82a0d4ba27fc4edf117a,bc011b380b81e4ab7d7e1f1154213cc7a4acda72054632f5f7bab40c4c8b5b1f,"{""circuit"":""surface_code:rotated_memory_x"",""cluster_node_limit"":50,""d"":3,""decoder"":""mwpf"",""decoder_type"":""SolverSerialJointSingleHair"",""p"":0.04,""p_erase"":0.04,""r"":3,""run_id"":""0e93526537fe93e9b37e6ded05eb69843dc22921f011ffb0b3533b59cfc71ed2""}",
     18432,         5,         0,   0.796,mwpf__6a374b57c528f1fa3515562a1fcd08586fb590c5649146dc6a143bb06eeec077,f3e9207a47b74a52f31cee6ee65233df1dffd4d0d85fd55e88b8f5b6b8686260,"{""circuit"":""surface_code:rotated_memory_x"",""cluster_node_limit"":50,""d"":3,""decoder"":""mwpf"",""decoder_type"":""SolverSerialJointSingleHair"",""p"":0.006,""p_erase"":0.006,""r"":3,""run_id"":""dd60754122c9f7a810b0c1d8b1c92188ea52870232067546237f0fa25d610548""}",
      1024,         1,         0,   0.256,mwpf__cdbabe99b4f243243aad339bb11c8a90131812a9c01e0de682a2aca46d6d55ff,ddc6d0a0729b2070c0dbbc972d7b9e687957f33bd2fd578d2477245fef7735ad,"{""circuit"":""surface_code:rotated_memory_x"",""cluster_node_limit"":50,""d"":3,""decoder"":""mwpf"",""decoder_type"":""SolverSerialJointSingleHair"",""p"":0.008,""p_erase"":0.008,""r"":3,""run_id"":""842b8d9622dd95e081373b13334f0c4c970c25ea256e90e9985b8d1bb6968aef""}",
         1,         0,         0,   0.014,mwpf__b97013a8da0fd8f6885b17db2a42ab25b19ddfdf52e8fcbc8652f7f86a4a96cb,0fcbe56867e1865cf3743ffac95ee6934c3a42db582868c86348a2ad7290185e,"{""circuit"":""surface_code:rotated_memory_x"",""cluster_node_limit"":50,""d"":3,""decoder"":""mwpf"",""decoder_type"":""SolverSerialJointSingleHair"",""p"":0.0075,""p_erase"":0.0075,""r"":3,""run_id"":""4bc734d2ac70cf62b78df146e81bdcf5df30d786b05a2eea177a13d890e64669""}",
      1024,         0,         0,   0.233,mwpf__71726d6ba25fe5b1097fdebf57bc9ee71a4920b66b52ccf640b9fe928e18d0f8,416965c75b19b01d4781182eaa19c998ff58123cda66a19c0d09dee75e64fffb,"{""circuit"":""surface_code:rotated_memory_x"",""cluster_node_limit"":50,""d"":3,""decoder"":""mwpf"",""decoder_type"":""SolverSerialJointSingleHair"",""p"":0.007,""p_erase"":0.007,""r"":3,""run_id"":""135e03791629607bb61bf8b9b22bc12f2324f26b65e31e82f5c3cd97d24c99c9""}",
       272,         0,         0,   0.061,mwpf__b97013a8da0fd8f6885b17db2a42ab25b19ddfdf52e8fcbc8652f7f86a4a96cb,0fcbe56867e1865cf3743ffac95ee6934c3a42db582868c86348a2ad7290185e,"{""circuit"":""surface_code:rotated_memory_x"",""cluster_node_limit"":50,""d"":3,""decoder"":""mwpf"",""decoder_type"":""SolverSerialJointSingleHair"",""p"":0.0075,""p_erase"":0.0075,""r"":3,""run_id"":""4bc734d2ac70cf62b78df146e81bdcf5df30d786b05a2eea177a13d890e64669""}",
       273,         0,         0,   0.065,mwpf__b97013a8da0fd8f6885b17db2a42ab25b19ddfdf52e8fcbc8652f7f86a4a96cb,0fcbe56867e1865cf3743ffac95ee6934c3a42db582868c86348a2ad7290185e,"{""circuit"":""surface_code:rotated_memory_x"",""cluster_node_limit"":50,""d"":3,""decoder"":""mwpf"",""decoder_type"":""SolverSerialJointSingleHair"",""p"":0.0075,""p_erase"":0.0075,""r"":3,""run_id"":""4bc734d2ac70cf62b78df146e81bdcf5df30d786b05a2eea177a13d890e64669""}",
       273,         0,         0,   0.043,mwpf__b872f877938abc74ac5cbaba353b6d05cca6c26386630928e9e8c556790460ab,8be4c71d65229ab532f93802b200d69b85cf990b21494afcdb050a0cc2f71098,"{""circuit"":""surface_code:rotated_memory_x"",""cluster_node_limit"":50,""d"":3,""decoder"":""mwpf"",""decoder_type"":""SolverSerialJointSingleHair"",""p"":0.003,""p_erase"":0.003,""r"":3,""run_id"":""915e7fac76f0cb44d6aac79997be9e5a903d4aa353a8207f80b396814e1292cb""}",
     11264,        24,         0,   0.833,mwpf__f4eaffc7e8b345bd4ed12e044b14c9eca5eb9d6063d64430985ec7c298159463,1c0b2318b8e500ddb1032a5e330292dd6110fcabf993e79d05dcfbebeb6f8881,"{""circuit"":""surface_code:rotated_memory_x"",""cluster_node_limit"":50,""d"":3,""decoder"":""mwpf"",""decoder_type"":""SolverSerialJointSingleHair"",""p"":0.01,""p_erase"":0.01,""r"":3,""run_id"":""5b6db69d825a9e1af451573dd00a4a7082d74a5e74fde81d397d7b0bcc5645b2""}",
      3072,       874,         0,   0.642,mwpf__0413dccab20865c44db7e423785d3499025ad075a790258c15359f20b3ea8ddf,e38884877993cb310bb1c7f1630acd7fb53acc85f426b44e79895f6abe2236a6,"{""circuit"":""surface_code:rotated_memory_x"",""cluster_node_limit"":50,""d"":3,""decoder"":""mwpf"",""decoder_type"":""SolverSerialJointSingleHair"",""p"":0.06,""p_erase"":0.06,""r"":3,""run_id"":""d9231ee71bad9dc3be4287aa1493c85a1a71feef2d55ce668a0b818e8914832e""}",
      9216,       178,         0,   0.861,mwpf__bc6afb301d40de4dda36c86e2bee82ba9a2f3509c5e7adff85dedc84e2a08470,7be39a06112225b5216df3daf93370b2b9c424246e5cfcb6acb1a9865d6e9942,"{""circuit"":""surface_code:rotated_memory_x"",""cluster_node_limit"":50,""d"":3,""decoder"":""mwpf"",""decoder_type"":""SolverSerialJointSingleHair"",""p"":0.02,""p_erase"":0.02,""r"":3,""run_id"":""cbdcd76e4eac6e7ea58eb299d6c7091619bfb5b7954ed0656948ce94e45f36ab""}",
      1024,         2,         0,   0.244,mwpf__cdbabe99b4f243243aad339bb11c8a90131812a9c01e0de682a2aca46d6d55ff,ddc6d0a0729b2070c0dbbc972d7b9e687957f33bd2fd578d2477245fef7735ad,"{""circuit"":""surface_code:rotated_memory_x"",""cluster_node_limit"":50,""d"":3,""decoder"":""mwpf"",""decoder_type"":""SolverSerialJointSingleHair"",""p"":0.008,""p_erase"":0.008,""r"":3,""run_id"":""842b8d9622dd95e081373b13334f0c4c970c25ea256e90e9985b8d1bb6968aef""}",
      3072,       599,         0,   0.573,mwpf__b0e1426f6c4884e7e956c71520ee075fcf0da29d3e865e7519b23c6e0aec4e62,53478eabf9e5775201d5fae86f689e6c2d6fe35972c0eb0be61f613f5cd56df1,"{""circuit"":""surface_code:rotated_memory_x"",""cluster_node_limit"":50,""d"":3,""decoder"":""mwpf"",""decoder_type"":""SolverSerialJointSingleHair"",""p"":0.05,""p_erase"":0.05,""r"":3,""run_id"":""66f02b9030d33676d96459d90fe2a723609a6ce9961bda4f5d1d1d63291b9f2b""}",
      3072,       570,         0,   0.580,mwpf__b0e1426f6c4884e7e956c71520ee075fcf0da29d3e865e7519b23c6e0aec4e62,53478eabf9e5775201d5fae86f689e6c2d6fe35972c0eb0be61f613f5cd56df1,"{""circuit"":""surface_code:rotated_memory_x"",""cluster_node_limit"":50,""d"":3,""decoder"":""mwpf"",""decoder_type"":""SolverSerialJointSingleHair"",""p"":0.05,""p_erase"":0.05,""r"":3,""run_id"":""66f02b9030d33676d96459d90fe2a723609a6ce9961bda4f5d1d1d63291b9f2b""}",
      1024,         0,         0,   0.125,mwpf__b872f877938abc74ac5cbaba353b6d05cca6c26386630928e9e8c556790460ab,8be4c71d65229ab532f93802b200d69b85cf990b21494afcdb050a0cc2f71098,"{""circuit"":""surface_code:rotated_memory_x"",""cluster_node_limit"":50,""d"":3,""decoder"":""mwpf"",""decoder_type"":""SolverSerialJointSingleHair"",""p"":0.003,""p_erase"":0.003,""r"":3,""run_id"":""915e7fac76f0cb44d6aac79997be9e5a903d4aa353a8207f80b396814e1292cb""}",
      3072,       825,         0,   0.658,mwpf__0413dccab20865c44db7e423785d3499025ad075a790258c15359f20b3ea8ddf,e38884877993cb310bb1c7f1630acd7fb53acc85f426b44e79895f6abe2236a6,"{""circuit"":""surface_code:rotated_memory_x"",""cluster_node_limit"":50,""d"":3,""decoder"":""mwpf"",""decoder_type"":""SolverSerialJointSingleHair"",""p"":0.06,""p_erase"":0.06,""r"":3,""run_id"":""d9231ee71bad9dc3be4287aa1493c85a1a71feef2d55ce668a0b818e8914832e""}",
      9216,       159,         0,   0.883,mwpf__bc6afb301d40de4dda36c86e2bee82ba9a2f3509c5e7adff85dedc84e2a08470,7be39a06112225b5216df3daf93370b2b9c424246e5cfcb6acb1a9865d6e9942,"{""circuit"":""surface_code:rotated_memory_x"",""cluster_node_limit"":50,""d"":3,""decoder"":""mwpf"",""decoder_type"":""SolverSerialJointSingleHair"",""p"":0.02,""p_erase"":0.02,""r"":3,""run_id"":""cbdcd76e4eac6e7ea58eb299d6c7091619bfb5b7954ed0656948ce94e45f36ab""}",
      1024,         0,         0,   0.236,mwpf__b97013a8da0fd8f6885b17db2a42ab25b19ddfdf52e8fcbc8652f7f86a4a96cb,0fcbe56867e1865cf3743ffac95ee6934c3a42db582868c86348a2ad7290185e,"{""circuit"":""surface_code:rotated_memory_x"",""cluster_node_limit"":50,""d"":3,""decoder"":""mwpf"",""decoder_type"":""SolverSerialJointSingleHair"",""p"":0.0075,""p_erase"":0.0075,""r"":3,""run_id"":""4bc734d2ac70cf62b78df146e81bdcf5df30d786b05a2eea177a13d890e64669""}",
      1024,         0,         0,   0.302,mwpf__71726d6ba25fe5b1097fdebf57bc9ee71a4920b66b52ccf640b9fe928e18d0f8,416965c75b19b01d4781182eaa19c998ff58123cda66a19c0d09dee75e64fffb,"{""circuit"":""surface_code:rotated_memory_x"",""cluster_node_limit"":50,""d"":3,""decoder"":""mwpf"",""decoder_type"":""SolverSerialJointSingleHair"",""p"":0.007,""p_erase"":0.007,""r"":3,""run_id"":""135e03791629607bb61bf8b9b22bc12f2324f26b65e31e82f5c3cd97d24c99c9""}",
      1024,         0,         0,   0.111,mwpf__b872f877938abc74ac5cbaba353b6d05cca6c26386630928e9e8c556790460ab,8be4c71d65229ab532f93802b200d69b85cf990b21494afcdb050a0cc2f71098,"{""circuit"":""surface_code:rotated_memory_x"",""cluster_node_limit"":50,""d"":3,""decoder"":""mwpf"",""decoder_type"":""SolverSerialJointSingleHair"",""p"":0.003,""p_erase"":0.003,""r"":3,""run_id"":""915e7fac76f0cb44d6aac79997be9e5a903d4aa353a8207f80b396814e1292cb""}",
      1024,         2,         0,   0.172,mwpf__cdbabe99b4f243243aad339bb11c8a90131812a9c01e0de682a2aca46d6d55ff,ddc6d0a0729b2070c0dbbc972d7b9e687957f33bd2fd578d2477245fef7735ad,"{""circuit"":""surface_code:rotated_memory_x"",""cluster_node_limit"":50,""d"":3,""decoder"":""mwpf"",""decoder_type"":""SolverSerialJointSingleHair"",""p"":0.008,""p_erase"":0.008,""r"":3,""run_id"":""842b8d9622dd95e081373b13334f0c4c970c25ea256e90e9985b8d1bb6968aef""}",
      1024,         0,         0,   0.158,mwpf__b97013a8da0fd8f6885b17db2a42ab25b19ddfdf52e8fcbc8652f7f86a4a96cb,0fcbe56867e1865cf3743ffac95ee6934c3a42db582868c86348a2ad7290185e,"{""circuit"":""surface_code:rotated_memory_x"",""cluster_node_limit"":50,""d"":3,""decoder"":""mwpf"",""decoder_type"":""SolverSerialJointSingleHair"",""p"":0.0075,""p_erase"":0.0075,""r"":3,""run_id"":""4bc734d2ac70cf62b78df146e81bdcf5df30d786b05a2eea177a13d890e64669""}",
      1024,         0,         0,   0.094,mwpf__b872f877938abc74ac5cbaba353b6d05cca6c26386630928e9e8c556790460ab,8be4c71d65229ab532f93802b200d69b85cf990b21494afcdb050a0cc2f71098,"{""circuit"":""surface_code:rotated_memory_x"",""cluster_node_limit"":50,""d"":3,""decoder"":""mwpf"",""decoder_type"":""SolverSerialJointSingleHair"",""p"":0.003,""p_erase"":0.003,""r"":3,""run_id"":""915e7fac76f0cb44d6aac79997be9e5a903d4aa353a8207f80b396814e1292cb""}",
      1024,         1,         0,   0.164,mwpf__71726d6ba25fe5b1097fdebf57bc9ee71a4920b66b52ccf640b9fe928e18d0f8,416965c75b19b01d4781182eaa19c998ff58123cda66a19c0d09dee75e64fffb,"{""circuit"":""surface_code:rotated_memory_x"",""cluster_node_limit"":50,""d"":3,""decoder"":""mwpf"",""decoder_type"":""SolverSerialJointSingleHair"",""p"":0.007,""p_erase"":0.007,""r"":3,""run_id"":""135e03791629607bb61bf8b9b22bc12f2324f26b65e31e82f5c3cd97d24c99c9""}",
      1024,         0,         0,   0.439,mwpf__b97013a8da0fd8f6885b17db2a42ab25b19ddfdf52e8fcbc8652f7f86a4a96cb,0fcbe56867e1865cf3743ffac95ee6934c3a42db582868c86348a2ad7290185e,"{""circuit"":""surface_code:rotated_memory_x"",""cluster_node_limit"":50,""d"":3,""decoder"":""mwpf"",""decoder_type"":""SolverSerialJointSingleHair"",""p"":0.0075,""p_erase"":0.0075,""r"":3,""run_id"":""4bc734d2ac70cf62b78df146e81bdcf5df30d786b05a2eea177a13d890e64669""}",
      1024,         2,         0,   0.164,mwpf__cdbabe99b4f243243aad339bb11c8a90131812a9c01e0de682a2aca46d6d55ff,ddc6d0a0729b2070c0dbbc972d7b9e687957f33bd2fd578d2477245fef7735ad,"{""circuit"":""surface_code:rotated_memory_x"",""cluster_node_limit"":50,""d"":3,""decoder"":""mwpf"",""decoder_type"":""SolverSerialJointSingleHair"",""p"":0.008,""p_erase"":0.008,""r"":3,""run_id"":""842b8d9622dd95e081373b13334f0c4c970c25ea256e90e9985b8d1bb6968aef""}",
      1024,         0,         0,   0.109,mwpf__b872f877938abc74ac5cbaba353b6d05cca6c26386630928e9e8c556790460ab,8be4c71d65229ab532f93802b200d69b85cf990b21494afcdb050a0cc2f71098,"{""circuit"":""surface_code:rotated_memory_x"",""cluster_node_limit"":50,""d"":3,""decoder"":""mwpf"",""decoder_type"":""SolverSerialJointSingleHair"",""p"":0.003,""p_erase"":0.003,""r"":3,""run_id"":""915e7fac76f0cb44d6aac79997be9e5a903d4aa353a8207f80b396814e1292cb""}",
       273,         0,         0,   0.044,mwpf__6a374b57c528f1fa3515562a1fcd08586fb590c5649146dc6a143bb06eeec077,f3e9207a47b74a52f31cee6ee65233df1dffd4d0d85fd55e88b8f5b6b8686260,"{""circuit"":""surface_code:rotated_memory_x"",""cluster_node_limit"":50,""d"":3,""decoder"":""mwpf"",""decoder_type"":""SolverSerialJointSingleHair"",""p"":0.006,""p_erase"":0.006,""r"":3,""run_id"":""dd60754122c9f7a810b0c1d8b1c92188ea52870232067546237f0fa25d610548""}",
      6144,       339,         0,   0.804,mwpf__d08ecc2ae4e76ccb11121c648d76bb1a9dceb54ba88d0bda3ca1942f8172f6b2,9f276de840468236fef01318b2cf4b6d7c2e1758c53771e1f5f515c9efa1fe7a,"{""circuit"":""surface_code:rotated_memory_x"",""cluster_node_limit"":50,""d"":3,""decoder"":""mwpf"",""decoder_type"":""SolverSerialJointSingleHair"",""p"":0.03,""p_erase"":0.03,""r"":3,""run_id"":""1b0c559dafd8f14b5d58ea78c3999f6ea71afe3722dfa6ff7d8583aa5e1d218c""}",
      1024,         0,         0,   0.166,mwpf__71726d6ba25fe5b1097fdebf57bc9ee71a4920b66b52ccf640b9fe928e18d0f8,416965c75b19b01d4781182eaa19c998ff58123cda66a19c0d09dee75e64fffb,"{""circuit"":""surface_code:rotated_memory_x"",""cluster_node_limit"":50,""d"":3,""decoder"":""mwpf"",""decoder_type"":""SolverSerialJointSingleHair"",""p"":0.007,""p_erase"":0.007,""r"":3,""run_id"":""135e03791629607bb61bf8b9b22bc12f2324f26b65e31e82f5c3cd97d24c99c9""}",
      1024,         0,         0,   0.100,mwpf__b872f877938abc74ac5cbaba353b6d05cca6c26386630928e9e8c556790460ab,8be4c71d65229ab532f93802b200d69b85cf990b21494afcdb050a0cc2f71098,"{""circuit"":""surface_code:rotated_memory_x"",""cluster_node_limit"":50,""d"":3,""decoder"":""mwpf"",""decoder_type"":""SolverSerialJointSingleHair"",""p"":0.003,""p_erase"":0.003,""r"":3,""run_id"":""915e7fac76f0cb44d6aac79997be9e5a903d4aa353a8207f80b396814e1292cb""}",
      1024,         1,         0,   0.188,mwpf__b97013a8da0fd8f6885b17db2a42ab25b19ddfdf52e8fcbc8652f7f86a4a96cb,0fcbe56867e1865cf3743ffac95ee6934c3a42db582868c86348a2ad7290185e,"{""circuit"":""surface_code:rotated_memory_x"",""cluster_node_limit"":50,""d"":3,""decoder"":""mwpf"",""decoder_type"":""SolverSerialJointSingleHair"",""p"":0.0075,""p_erase"":0.0075,""r"":3,""run_id"":""4bc734d2ac70cf62b78df146e81bdcf5df30d786b05a2eea177a13d890e64669""}",
      5120,       655,         0,   0.811,mwpf__ed26b1d41b10bd70b2e5191f5d45b8d7c77a0c90b2ed82a0d4ba27fc4edf117a,bc011b380b81e4ab7d7e1f1154213cc7a4acda72054632f5f7bab40c4c8b5b1f,"{""circuit"":""surface_code:rotated_memory_x"",""cluster_node_limit"":50,""d"":3,""decoder"":""mwpf"",""decoder_type"":""SolverSerialJointSingleHair"",""p"":0.04,""p_erase"":0.04,""r"":3,""run_id"":""0e93526537fe93e9b37e6ded05eb69843dc22921f011ffb0b3533b59cfc71ed2""}",
      5120,       593,         0,   0.814,mwpf__ed26b1d41b10bd70b2e5191f5d45b8d7c77a0c90b2ed82a0d4ba27fc4edf117a,bc011b380b81e4ab7d7e1f1154213cc7a4acda72054632f5f7bab40c4c8b5b1f,"{""circuit"":""surface_code:rotated_memory_x"",""cluster_node_limit"":50,""d"":3,""decoder"":""mwpf"",""decoder_type"":""SolverSerialJointSingleHair"",""p"":0.04,""p_erase"":0.04,""r"":3,""run_id"":""0e93526537fe93e9b37e6ded05eb69843dc22921f011ffb0b3533b59cfc71ed2""}",
      7168,       433,         0,   0.916,mwpf__d08ecc2ae4e76ccb11121c648d76bb1a9dceb54ba88d0bda3ca1942f8172f6b2,9f276de840468236fef01318b2cf4b6d7c2e1758c53771e1f5f515c9efa1fe7a,"{""circuit"":""surface_code:rotated_memory_x"",""cluster_node_limit"":50,""d"":3,""decoder"":""mwpf"",""decoder_type"":""SolverSerialJointSingleHair"",""p"":0.03,""p_erase"":0.03,""r"":3,""run_id"":""1b0c559dafd8f14b5d58ea78c3999f6ea71afe3722dfa6ff7d8583aa5e1d218c""}",
      1024,         0,         0,   0.192,mwpf__cdbabe99b4f243243aad339bb11c8a90131812a9c01e0de682a2aca46d6d55ff,ddc6d0a0729b2070c0dbbc972d7b9e687957f33bd2fd578d2477245fef7735ad,"{""circuit"":""surface_code:rotated_memory_x"",""cluster_node_limit"":50,""d"":3,""decoder"":""mwpf"",""decoder_type"":""SolverSerialJointSingleHair"",""p"":0.008,""p_erase"":0.008,""r"":3,""run_id"":""842b8d9622dd95e081373b13334f0c4c970c25ea256e90e9985b8d1bb6968aef""}",
      1024,         3,         0,   0.172,mwpf__6a374b57c528f1fa3515562a1fcd08586fb590c5649146dc6a143bb06eeec077,f3e9207a47b74a52f31cee6ee65233df1dffd4d0d85fd55e88b8f5b6b8686260,"{""circuit"":""surface_code:rotated_memory_x"",""cluster_node_limit"":50,""d"":3,""decoder"":""mwpf"",""decoder_type"":""SolverSerialJointSingleHair"",""p"":0.006,""p_erase"":0.006,""r"":3,""run_id"":""dd60754122c9f7a810b0c1d8b1c92188ea52870232067546237f0fa25d610548""}",
     36864,         1,         0,    1.13,mwpf__b872f877938abc74ac5cbaba353b6d05cca6c26386630928e9e8c556790460ab,8be4c71d65229ab532f93802b200d69b85cf990b21494afcdb050a0cc2f71098,"{""circuit"":""surface_code:rotated_memory_x"",""cluster_node_limit"":50,""d"":3,""decoder"":""mwpf"",""decoder_type"":""SolverSerialJointSingleHair"",""p"":0.003,""p_erase"":0.003,""r"":3,""run_id"":""915e7fac76f0cb44d6aac79997be9e5a903d4aa353a8207f80b396814e1292cb""}",
     29696,         5,         0,    1.12,mwpf__3a2de2621d93f2d1f82bf505831648faac50961c9682adb78978518126f61ad4,269c086892560d2b2c3fb91f8240ee87c8e2f52d5b2ff0982c1e1b9fe1e015ae,"{""circuit"":""surface_code:rotated_memory_x"",""cluster_node_limit"":50,""d"":3,""decoder"":""mwpf"",""decoder_type"":""SolverSerialJointSingleHair"",""p"":0.005,""p_erase"":0.005,""r"":3,""run_id"":""5101ac8ef9c97b83df4dd9d8fb12d7b219d036893929703eba32fffa9e647600""}",
     35840,         4,         0,    1.11,mwpf__b872f877938abc74ac5cbaba353b6d05cca6c26386630928e9e8c556790460ab,8be4c71d65229ab532f93802b200d69b85cf990b21494afcdb050a0cc2f71098,"{""circuit"":""surface_code:rotated_memory_x"",""cluster_node_limit"":50,""d"":3,""decoder"":""mwpf"",""decoder_type"":""SolverSerialJointSingleHair"",""p"":0.003,""p_erase"":0.003,""r"":3,""run_id"":""915e7fac76f0cb44d6aac79997be9e5a903d4aa353a8207f80b396814e1292cb""}",
     28672,         4,         0,    1.11,mwpf__3a2de2621d93f2d1f82bf505831648faac50961c9682adb78978518126f61ad4,269c086892560d2b2c3fb91f8240ee87c8e2f52d5b2ff0982c1e1b9fe1e015ae,"{""circuit"":""surface_code:rotated_memory_x"",""cluster_node_limit"":50,""d"":3,""decoder"":""mwpf"",""decoder_type"":""SolverSerialJointSingleHair"",""p"":0.005,""p_erase"":0.005,""r"":3,""run_id"":""5101ac8ef9c97b83df4dd9d8fb12d7b219d036893929703eba32fffa9e647600""}",
     32768,         3,         0,    1.11,mwpf__bbbb95ae8dfd216392d93d271ab853220d7a01380e740dc79365759e9487ffb2,d994fe02c85cb3c768399acfffda9f01e9344d65a7427484376e8d07bf72dce7,"{""circuit"":""surface_code:rotated_memory_x"",""cluster_node_limit"":50,""d"":3,""decoder"":""mwpf"",""decoder_type"":""SolverSerialJointSingleHair"",""p"":0.004,""p_erase"":0.004,""r"":3,""run_id"":""90efa888ab0be85c6dc82d20d594fb219f455db906f7e8f7ad923a214270e30c""}",
      1024,         0,         0,   0.155,mwpf__b872f877938abc74ac5cbaba353b6d05cca6c26386630928e9e8c556790460ab,8be4c71d65229ab532f93802b200d69b85cf990b21494afcdb050a0cc2f71098,"{""circuit"":""surface_code:rotated_memory_x"",""cluster_node_limit"":50,""d"":3,""decoder"":""mwpf"",""decoder_type"":""SolverSerialJointSingleHair"",""p"":0.003,""p_erase"":0.003,""r"":3,""run_id"":""915e7fac76f0cb44d6aac79997be9e5a903d4aa353a8207f80b396814e1292cb""}",
     32768,         5,         0,    1.12,mwpf__bbbb95ae8dfd216392d93d271ab853220d7a01380e740dc79365759e9487ffb2,d994fe02c85cb3c768399acfffda9f01e9344d65a7427484376e8d07bf72dce7,"{""circuit"":""surface_code:rotated_memory_x"",""cluster_node_limit"":50,""d"":3,""decoder"":""mwpf"",""decoder_type"":""SolverSerialJointSingleHair"",""p"":0.004,""p_erase"":0.004,""r"":3,""run_id"":""90efa888ab0be85c6dc82d20d594fb219f455db906f7e8f7ad923a214270e30c""}",
     32768,         2,         0,    1.13,mwpf__bbbb95ae8dfd216392d93d271ab853220d7a01380e740dc79365759e9487ffb2,d994fe02c85cb3c768399acfffda9f01e9344d65a7427484376e8d07bf72dce7,"{""circuit"":""surface_code:rotated_memory_x"",""cluster_node_limit"":50,""d"":3,""decoder"":""mwpf"",""decoder_type"":""SolverSerialJointSingleHair"",""p"":0.004,""p_erase"":0.004,""r"":3,""run_id"":""90efa888ab0be85c6dc82d20d594fb219f455db906f7e8f7ad923a214270e30c""}",
     27648,        19,         0,    1.15,mwpf__6a374b57c528f1fa3515562a1fcd08586fb590c5649146dc6a143bb06eeec077,f3e9207a47b74a52f31cee6ee65233df1dffd4d0d85fd55e88b8f5b6b8686260,"{""circuit"":""surface_code:rotated_memory_x"",""cluster_node_limit"":50,""d"":3,""decoder"":""mwpf"",""decoder_type"":""SolverSerialJointSingleHair"",""p"":0.006,""p_erase"":0.006,""r"":3,""run_id"":""dd60754122c9f7a810b0c1d8b1c92188ea52870232067546237f0fa25d610548""}",
     28672,         3,         0,    1.12,mwpf__3a2de2621d93f2d1f82bf505831648faac50961c9682adb78978518126f61ad4,269c086892560d2b2c3fb91f8240ee87c8e2f52d5b2ff0982c1e1b9fe1e015ae,"{""circuit"":""surface_code:rotated_memory_x"",""cluster_node_limit"":50,""d"":3,""decoder"":""mwpf"",""decoder_type"":""SolverSerialJointSingleHair"",""p"":0.005,""p_erase"":0.005,""r"":3,""run_id"":""5101ac8ef9c97b83df4dd9d8fb12d7b219d036893929703eba32fffa9e647600""}",
     19456,        36,         0,    1.12,mwpf__f4eaffc7e8b345bd4ed12e044b14c9eca5eb9d6063d64430985ec7c298159463,1c0b2318b8e500ddb1032a5e330292dd6110fcabf993e79d05dcfbebeb6f8881,"{""circuit"":""surface_code:rotated_memory_x"",""cluster_node_limit"":50,""d"":3,""decoder"":""mwpf"",""decoder_type"":""SolverSerialJointSingleHair"",""p"":0.01,""p_erase"":0.01,""r"":3,""run_id"":""5b6db69d825a9e1af451573dd00a4a7082d74a5e74fde81d397d7b0bcc5645b2""}",
      1024,         0,         0,   0.232,mwpf__71726d6ba25fe5b1097fdebf57bc9ee71a4920b66b52ccf640b9fe928e18d0f8,416965c75b19b01d4781182eaa19c998ff58123cda66a19c0d09dee75e64fffb,"{""circuit"":""surface_code:rotated_memory_x"",""cluster_node_limit"":50,""d"":3,""decoder"":""mwpf"",""decoder_type"":""SolverSerialJointSingleHair"",""p"":0.007,""p_erase"":0.007,""r"":3,""run_id"":""135e03791629607bb61bf8b9b22bc12f2324f26b65e31e82f5c3cd97d24c99c9""}",
      1024,         0,         0,   0.250,mwpf__b97013a8da0fd8f6885b17db2a42ab25b19ddfdf52e8fcbc8652f7f86a4a96cb,0fcbe56867e1865cf3743ffac95ee6934c3a42db582868c86348a2ad7290185e,"{""circuit"":""surface_code:rotated_memory_x"",""cluster_node_limit"":50,""d"":3,""decoder"":""mwpf"",""decoder_type"":""SolverSerialJointSingleHair"",""p"":0.0075,""p_erase"":0.0075,""r"":3,""run_id"":""4bc734d2ac70cf62b78df146e81bdcf5df30d786b05a2eea177a13d890e64669""}",
     20480,        25,         0,    1.12,mwpf__2d43dbac6f220be8e75258fcbaa1915a92302bec253b831525bc35e7adeec1b6,64b3d9f5baf6f09488c41396f9407eb7cf2e57debde21e687e5552cba9d5418a,"{""circuit"":""surface_code:rotated_memory_x"",""cluster_node_limit"":50,""d"":3,""decoder"":""mwpf"",""decoder_type"":""SolverSerialJointSingleHair"",""p"":0.009,""p_erase"":0.009,""r"":3,""run_id"":""f3773bbf3001f7044304ac6a12d9ddb4d020a1b2b51ce7b475f4f14944f915f3""}",
     24576,        15,         0,    1.15,mwpf__71726d6ba25fe5b1097fdebf57bc9ee71a4920b66b52ccf640b9fe928e18d0f8,416965c75b19b01d4781182eaa19c998ff58123cda66a19c0d09dee75e64fffb,"{""circuit"":""surface_code:rotated_memory_x"",""cluster_node_limit"":50,""d"":3,""decoder"":""mwpf"",""decoder_type"":""SolverSerialJointSingleHair"",""p"":0.007,""p_erase"":0.007,""r"":3,""run_id"":""135e03791629607bb61bf8b9b22bc12f2324f26b65e31e82f5c3cd97d24c99c9""}",
     20480,        26,         0,    1.13,mwpf__2d43dbac6f220be8e75258fcbaa1915a92302bec253b831525bc35e7adeec1b6,64b3d9f5baf6f09488c41396f9407eb7cf2e57debde21e687e5552cba9d5418a,"{""circuit"":""surface_code:rotated_memory_x"",""cluster_node_limit"":50,""d"":3,""decoder"":""mwpf"",""decoder_type"":""SolverSerialJointSingleHair"",""p"":0.009,""p_erase"":0.009,""r"":3,""run_id"":""f3773bbf3001f7044304ac6a12d9ddb4d020a1b2b51ce7b475f4f14944f915f3""}",
      1024,         0,         0,   0.210,mwpf__6a374b57c528f1fa3515562a1fcd08586fb590c5649146dc6a143bb06eeec077,f3e9207a47b74a52f31cee6ee65233df1dffd4d0d85fd55e88b8f5b6b8686260,"{""circuit"":""surface_code:rotated_memory_x"",""cluster_node_limit"":50,""d"":3,""decoder"":""mwpf"",""decoder_type"":""SolverSerialJointSingleHair"",""p"":0.006,""p_erase"":0.006,""r"":3,""run_id"":""dd60754122c9f7a810b0c1d8b1c92188ea52870232067546237f0fa25d610548""}",
     22528,        28,         0,    1.14,mwpf__cdbabe99b4f243243aad339bb11c8a90131812a9c01e0de682a2aca46d6d55ff,ddc6d0a0729b2070c0dbbc972d7b9e687957f33bd2fd578d2477245fef7735ad,"{""circuit"":""surface_code:rotated_memory_x"",""cluster_node_limit"":50,""d"":3,""decoder"":""mwpf"",""decoder_type"":""SolverSerialJointSingleHair"",""p"":0.008,""p_erase"":0.008,""r"":3,""run_id"":""842b8d9622dd95e081373b13334f0c4c970c25ea256e90e9985b8d1bb6968aef""}",
      1024,         0,         0,   0.148,mwpf__b872f877938abc74ac5cbaba353b6d05cca6c26386630928e9e8c556790460ab,8be4c71d65229ab532f93802b200d69b85cf990b21494afcdb050a0cc2f71098,"{""circuit"":""surface_code:rotated_memory_x"",""cluster_node_limit"":50,""d"":3,""decoder"":""mwpf"",""decoder_type"":""SolverSerialJointSingleHair"",""p"":0.003,""p_erase"":0.003,""r"":3,""run_id"":""915e7fac76f0cb44d6aac79997be9e5a903d4aa353a8207f80b396814e1292cb""}",
      1024,         2,         0,   0.266,mwpf__cdbabe99b4f243243aad339bb11c8a90131812a9c01e0de682a2aca46d6d55ff,ddc6d0a0729b2070c0dbbc972d7b9e687957f33bd2fd578d2477245fef7735ad,"{""circuit"":""surface_code:rotated_memory_x"",""cluster_node_limit"":50,""d"":3,""decoder"":""mwpf"",""decoder_type"":""SolverSerialJointSingleHair"",""p"":0.008,""p_erase"":0.008,""r"":3,""run_id"":""842b8d9622dd95e081373b13334f0c4c970c25ea256e90e9985b8d1bb6968aef""}",
      4096,      1173,         0,   0.849,mwpf__0413dccab20865c44db7e423785d3499025ad075a790258c15359f20b3ea8ddf,e38884877993cb310bb1c7f1630acd7fb53acc85f426b44e79895f6abe2236a6,"{""circuit"":""surface_code:rotated_memory_x"",""cluster_node_limit"":50,""d"":3,""decoder"":""mwpf"",""decoder_type"":""SolverSerialJointSingleHair"",""p"":0.06,""p_erase"":0.06,""r"":3,""run_id"":""d9231ee71bad9dc3be4287aa1493c85a1a71feef2d55ce668a0b818e8914832e""}",
     23552,         9,         0,    1.15,mwpf__6a374b57c528f1fa3515562a1fcd08586fb590c5649146dc6a143bb06eeec077,f3e9207a47b74a52f31cee6ee65233df1dffd4d0d85fd55e88b8f5b6b8686260,"{""circuit"":""surface_code:rotated_memory_x"",""cluster_node_limit"":50,""d"":3,""decoder"":""mwpf"",""decoder_type"":""SolverSerialJointSingleHair"",""p"":0.006,""p_erase"":0.006,""r"":3,""run_id"":""dd60754122c9f7a810b0c1d8b1c92188ea52870232067546237f0fa25d610548""}",
      1024,         0,         0,   0.234,mwpf__71726d6ba25fe5b1097fdebf57bc9ee71a4920b66b52ccf640b9fe928e18d0f8,416965c75b19b01d4781182eaa19c998ff58123cda66a19c0d09dee75e64fffb,"{""circuit"":""surface_code:rotated_memory_x"",""cluster_node_limit"":50,""d"":3,""decoder"":""mwpf"",""decoder_type"":""SolverSerialJointSingleHair"",""p"":0.007,""p_erase"":0.007,""r"":3,""run_id"":""135e03791629607bb61bf8b9b22bc12f2324f26b65e31e82f5c3cd97d24c99c9""}",
      1024,         0,         0,   0.154,mwpf__b872f877938abc74ac5cbaba353b6d05cca6c26386630928e9e8c556790460ab,8be4c71d65229ab532f93802b200d69b85cf990b21494afcdb050a0cc2f71098,"{""circuit"":""surface_code:rotated_memory_x"",""cluster_node_limit"":50,""d"":3,""decoder"":""mwpf"",""decoder_type"":""SolverSerialJointSingleHair"",""p"":0.003,""p_erase"":0.003,""r"":3,""run_id"":""915e7fac76f0cb44d6aac79997be9e5a903d4aa353a8207f80b396814e1292cb""}",
      4096,      1093,         0,   0.876,mwpf__0413dccab20865c44db7e423785d3499025ad075a790258c15359f20b3ea8ddf,e38884877993cb310bb1c7f1630acd7fb53acc85f426b44e79895f6abe2236a6,"{""circuit"":""surface_code:rotated_memory_x"",""cluster_node_limit"":50,""d"":3,""decoder"":""mwpf"",""decoder_type"":""SolverSerialJointSingleHair"",""p"":0.06,""p_erase"":0.06,""r"":3,""run_id"":""d9231ee71bad9dc3be4287aa1493c85a1a71feef2d55ce668a0b818e8914832e""}",
      1024,         1,         0,   0.242,mwpf__b97013a8da0fd8f6885b17db2a42ab25b19ddfdf52e8fcbc8652f7f86a4a96cb,0fcbe56867e1865cf3743ffac95ee6934c3a42db582868c86348a2ad7290185e,"{""circuit"":""surface_code:rotated_memory_x"",""cluster_node_limit"":50,""d"":3,""decoder"":""mwpf"",""decoder_type"":""SolverSerialJointSingleHair"",""p"":0.0075,""p_erase"":0.0075,""r"":3,""run_id"":""4bc734d2ac70cf62b78df146e81bdcf5df30d786b05a2eea177a13d890e64669""}",
      1024,         0,         0,   0.200,mwpf__6a374b57c528f1fa3515562a1fcd08586fb590c5649146dc6a143bb06eeec077,f3e9207a47b74a52f31cee6ee65233df1dffd4d0d85fd55e88b8f5b6b8686260,"{""circuit"":""surface_code:rotated_memory_x"",""cluster_node_limit"":50,""d"":3,""decoder"":""mwpf"",""decoder_type"":""SolverSerialJointSingleHair"",""p"":0.006,""p_erase"":0.006,""r"":3,""run_id"":""dd60754122c9f7a810b0c1d8b1c92188ea52870232067546237f0fa25d610548""}",
      5120,       967,         0,   0.952,mwpf__b0e1426f6c4884e7e956c71520ee075fcf0da29d3e865e7519b23c6e0aec4e62,53478eabf9e5775201d5fae86f689e6c2d6fe35972c0eb0be61f613f5cd56df1,"{""circuit"":""surface_code:rotated_memory_x"",""cluster_node_limit"":50,""d"":3,""decoder"":""mwpf"",""decoder_type"":""SolverSerialJointSingleHair"",""p"":0.05,""p_erase"":0.05,""r"":3,""run_id"":""66f02b9030d33676d96459d90fe2a723609a6ce9961bda4f5d1d1d63291b9f2b""}",
      5120,       982,         0,   0.961,mwpf__b0e1426f6c4884e7e956c71520ee075fcf0da29d3e865e7519b23c6e0aec4e62,53478eabf9e5775201d5fae86f689e6c2d6fe35972c0eb0be61f613f5cd56df1,"{""circuit"":""surface_code:rotated_memory_x"",""cluster_node_limit"":50,""d"":3,""decoder"":""mwpf"",""decoder_type"":""SolverSerialJointSingleHair"",""p"":0.05,""p_erase"":0.05,""r"":3,""run_id"":""66f02b9030d33676d96459d90fe2a723609a6ce9961bda4f5d1d1d63291b9f2b""}",
      1024,       303,         0,   0.211,mwpf__0413dccab20865c44db7e423785d3499025ad075a790258c15359f20b3ea8ddf,e38884877993cb310bb1c7f1630acd7fb53acc85f426b44e79895f6abe2236a6,"{""circuit"":""surface_code:rotated_memory_x"",""cluster_node_limit"":50,""d"":3,""decoder"":""mwpf"",""decoder_type"":""SolverSerialJointSingleHair"",""p"":0.06,""p_erase"":0.06,""r"":3,""run_id"":""d9231ee71bad9dc3be4287aa1493c85a1a71feef2d55ce668a0b818e8914832e""}",
      1024,         1,         0,   0.823,mwpf__b97013a8da0fd8f6885b17db2a42ab25b19ddfdf52e8fcbc8652f7f86a4a96cb,0fcbe56867e1865cf3743ffac95ee6934c3a42db582868c86348a2ad7290185e,"{""circuit"":""surface_code:rotated_memory_x"",""cluster_node_limit"":50,""d"":3,""decoder"":""mwpf"",""decoder_type"":""SolverSerialJointSingleHair"",""p"":0.0075,""p_erase"":0.0075,""r"":3,""run_id"":""4bc734d2ac70cf62b78df146e81bdcf5df30d786b05a2eea177a13d890e64669""}",
      1024,         0,         0,   0.279,mwpf__cdbabe99b4f243243aad339bb11c8a90131812a9c01e0de682a2aca46d6d55ff,ddc6d0a0729b2070c0dbbc972d7b9e687957f33bd2fd578d2477245fef7735ad,"{""circuit"":""surface_code:rotated_memory_x"",""cluster_node_limit"":50,""d"":3,""decoder"":""mwpf"",""decoder_type"":""SolverSerialJointSingleHair"",""p"":0.008,""p_erase"":0.008,""r"":3,""run_id"":""842b8d9622dd95e081373b13334f0c4c970c25ea256e90e9985b8d1bb6968aef""}",
     15360,        33,         0,    1.14,mwpf__f4eaffc7e8b345bd4ed12e044b14c9eca5eb9d6063d64430985ec7c298159463,1c0b2318b8e500ddb1032a5e330292dd6110fcabf993e79d05dcfbebeb6f8881,"{""circuit"":""surface_code:rotated_memory_x"",""cluster_node_limit"":50,""d"":3,""decoder"":""mwpf"",""decoder_type"":""SolverSerialJointSingleHair"",""p"":0.01,""p_erase"":0.01,""r"":3,""run_id"":""5b6db69d825a9e1af451573dd00a4a7082d74a5e74fde81d397d7b0bcc5645b2""}",
     12288,       218,         0,    1.14,mwpf__bc6afb301d40de4dda36c86e2bee82ba9a2f3509c5e7adff85dedc84e2a08470,7be39a06112225b5216df3daf93370b2b9c424246e5cfcb6acb1a9865d6e9942,"{""circuit"":""surface_code:rotated_memory_x"",""cluster_node_limit"":50,""d"":3,""decoder"":""mwpf"",""decoder_type"":""SolverSerialJointSingleHair"",""p"":0.02,""p_erase"":0.02,""r"":3,""run_id"":""cbdcd76e4eac6e7ea58eb299d6c7091619bfb5b7954ed0656948ce94e45f36ab""}",
      1024,         0,         0,   0.244,mwpf__71726d6ba25fe5b1097fdebf57bc9ee71a4920b66b52ccf640b9fe928e18d0f8,416965c75b19b01d4781182eaa19c998ff58123cda66a19c0d09dee75e64fffb,"{""circuit"":""surface_code:rotated_memory_x"",""cluster_node_limit"":50,""d"":3,""decoder"":""mwpf"",""decoder_type"":""SolverSerialJointSingleHair"",""p"":0.007,""p_erase"":0.007,""r"":3,""run_id"":""135e03791629607bb61bf8b9b22bc12f2324f26b65e31e82f5c3cd97d24c99c9""}",
      1024,         2,         0,   0.219,mwpf__6a374b57c528f1fa3515562a1fcd08586fb590c5649146dc6a143bb06eeec077,f3e9207a47b74a52f31cee6ee65233df1dffd4d0d85fd55e88b8f5b6b8686260,"{""circuit"":""surface_code:rotated_memory_x"",""cluster_node_limit"":50,""d"":3,""decoder"":""mwpf"",""decoder_type"":""SolverSerialJointSingleHair"",""p"":0.006,""p_erase"":0.006,""r"":3,""run_id"":""dd60754122c9f7a810b0c1d8b1c92188ea52870232067546237f0fa25d610548""}",
      1024,         3,         0,   0.258,mwpf__b97013a8da0fd8f6885b17db2a42ab25b19ddfdf52e8fcbc8652f7f86a4a96cb,0fcbe56867e1865cf3743ffac95ee6934c3a42db582868c86348a2ad7290185e,"{""circuit"":""surface_code:rotated_memory_x"",""cluster_node_limit"":50,""d"":3,""decoder"":""mwpf"",""decoder_type"":""SolverSerialJointSingleHair"",""p"":0.0075,""p_erase"":0.0075,""r"":3,""run_id"":""4bc734d2ac70cf62b78df146e81bdcf5df30d786b05a2eea177a13d890e64669""}",
     12288,       224,         0,    1.17,mwpf__bc6afb301d40de4dda36c86e2bee82ba9a2f3509c5e7adff85dedc84e2a08470,7be39a06112225b5216df3daf93370b2b9c424246e5cfcb6acb1a9865d6e9942,"{""circuit"":""surface_code:rotated_memory_x"",""cluster_node_limit"":50,""d"":3,""decoder"":""mwpf"",""decoder_type"":""SolverSerialJointSingleHair"",""p"":0.02,""p_erase"":0.02,""r"":3,""run_id"":""cbdcd76e4eac6e7ea58eb299d6c7091619bfb5b7954ed0656948ce94e45f36ab""}",
      2048,         0,         0,   0.314,mwpf__b872f877938abc74ac5cbaba353b6d05cca6c26386630928e9e8c556790460ab,8be4c71d65229ab532f93802b200d69b85cf990b21494afcdb050a0cc2f71098,"{""circuit"":""surface_code:rotated_memory_x"",""cluster_node_limit"":50,""d"":3,""decoder"":""mwpf"",""decoder_type"":""SolverSerialJointSingleHair"",""p"":0.003,""p_erase"":0.003,""r"":3,""run_id"":""915e7fac76f0cb44d6aac79997be9e5a903d4aa353a8207f80b396814e1292cb""}",
      1024,         1,         0,   0.251,mwpf__b97013a8da0fd8f6885b17db2a42ab25b19ddfdf52e8fcbc8652f7f86a4a96cb,0fcbe56867e1865cf3743ffac95ee6934c3a42db582868c86348a2ad7290185e,"{""circuit"":""surface_code:rotated_memory_x"",""cluster_node_limit"":50,""d"":3,""decoder"":""mwpf"",""decoder_type"":""SolverSerialJointSingleHair"",""p"":0.0075,""p_erase"":0.0075,""r"":3,""run_id"":""4bc734d2ac70cf62b78df146e81bdcf5df30d786b05a2eea177a13d890e64669""}",
      1024,         2,         0,   0.270,mwpf__cdbabe99b4f243243aad339bb11c8a90131812a9c01e0de682a2aca46d6d55ff,ddc6d0a0729b2070c0dbbc972d7b9e687957f33bd2fd578d2477245fef7735ad,"{""circuit"":""surface_code:rotated_memory_x"",""cluster_node_limit"":50,""d"":3,""decoder"":""mwpf"",""decoder_type"":""SolverSerialJointSingleHair"",""p"":0.008,""p_erase"":0.008,""r"":3,""run_id"":""842b8d9622dd95e081373b13334f0c4c970c25ea256e90e9985b8d1bb6968aef""}",
      1024,         0,         0,   0.220,mwpf__6a374b57c528f1fa3515562a1fcd08586fb590c5649146dc6a143bb06eeec077,f3e9207a47b74a52f31cee6ee65233df1dffd4d0d85fd55e88b8f5b6b8686260,"{""circuit"":""surface_code:rotated_memory_x"",""cluster_node_limit"":50,""d"":3,""decoder"":""mwpf"",""decoder_type"":""SolverSerialJointSingleHair"",""p"":0.006,""p_erase"":0.006,""r"":3,""run_id"":""dd60754122c9f7a810b0c1d8b1c92188ea52870232067546237f0fa25d610548""}",
      1024,         3,         0,   0.242,mwpf__b97013a8da0fd8f6885b17db2a42ab25b19ddfdf52e8fcbc8652f7f86a4a96cb,0fcbe56867e1865cf3743ffac95ee6934c3a42db582868c86348a2ad7290185e,"{""circuit"":""surface_code:rotated_memory_x"",""cluster_node_limit"":50,""d"":3,""decoder"":""mwpf"",""decoder_type"":""SolverSerialJointSingleHair"",""p"":0.0075,""p_erase"":0.0075,""r"":3,""run_id"":""4bc734d2ac70cf62b78df146e81bdcf5df30d786b05a2eea177a13d890e64669""}",
      1024,         3,         0,   0.232,mwpf__b97013a8da0fd8f6885b17db2a42ab25b19ddfdf52e8fcbc8652f7f86a4a96cb,0fcbe56867e1865cf3743ffac95ee6934c3a42db582868c86348a2ad7290185e,"{""circuit"":""surface_code:rotated_memory_x"",""cluster_node_limit"":50,""d"":3,""decoder"":""mwpf"",""decoder_type"":""SolverSerialJointSingleHair"",""p"":0.0075,""p_erase"":0.0075,""r"":3,""run_id"":""4bc734d2ac70cf62b78df146e81bdcf5df30d786b05a2eea177a13d890e64669""}",
      2048,         0,         0,   0.313,mwpf__b872f877938abc74ac5cbaba353b6d05cca6c26386630928e9e8c556790460ab,8be4c71d65229ab532f93802b200d69b85cf990b21494afcdb050a0cc2f71098,"{""circuit"":""surface_code:rotated_memory_x"",""cluster_node_limit"":50,""d"":3,""decoder"":""mwpf"",""decoder_type"":""SolverSerialJointSingleHair"",""p"":0.003,""p_erase"":0.003,""r"":3,""run_id"":""915e7fac76f0cb44d6aac79997be9e5a903d4aa353a8207f80b396814e1292cb""}",
      1024,         0,         0,   0.188,mwpf__6a374b57c528f1fa3515562a1fcd08586fb590c5649146dc6a143bb06eeec077,f3e9207a47b74a52f31cee6ee65233df1dffd4d0d85fd55e88b8f5b6b8686260,"{""circuit"":""surface_code:rotated_memory_x"",""cluster_node_limit"":50,""d"":3,""decoder"":""mwpf"",""decoder_type"":""SolverSerialJointSingleHair"",""p"":0.006,""p_erase"":0.006,""r"":3,""run_id"":""dd60754122c9f7a810b0c1d8b1c92188ea52870232067546237f0fa25d610548""}",
     33273,         1,         0,    1.02,mwpf__b872f877938abc74ac5cbaba353b6d05cca6c26386630928e9e8c556790460ab,8be4c71d65229ab532f93802b200d69b85cf990b21494afcdb050a0cc2f71098,"{""circuit"":""surface_code:rotated_memory_x"",""cluster_node_limit"":50,""d"":3,""decoder"":""mwpf"",""decoder_type"":""SolverSerialJointSingleHair"",""p"":0.003,""p_erase"":0.003,""r"":3,""run_id"":""915e7fac76f0cb44d6aac79997be9e5a903d4aa353a8207f80b396814e1292cb""}",
      1024,         2,         0,   0.255,mwpf__cdbabe99b4f243243aad339bb11c8a90131812a9c01e0de682a2aca46d6d55ff,ddc6d0a0729b2070c0dbbc972d7b9e687957f33bd2fd578d2477245fef7735ad,"{""circuit"":""surface_code:rotated_memory_x"",""cluster_node_limit"":50,""d"":3,""decoder"":""mwpf"",""decoder_type"":""SolverSerialJointSingleHair"",""p"":0.008,""p_erase"":0.008,""r"":3,""run_id"":""842b8d9622dd95e081373b13334f0c4c970c25ea256e90e9985b8d1bb6968aef""}",
      7168,       841,         0,    1.14,mwpf__ed26b1d41b10bd70b2e5191f5d45b8d7c77a0c90b2ed82a0d4ba27fc4edf117a,bc011b380b81e4ab7d7e1f1154213cc7a4acda72054632f5f7bab40c4c8b5b1f,"{""circuit"":""surface_code:rotated_memory_x"",""cluster_node_limit"":50,""d"":3,""decoder"":""mwpf"",""decoder_type"":""SolverSerialJointSingleHair"",""p"":0.04,""p_erase"":0.04,""r"":3,""run_id"":""0e93526537fe93e9b37e6ded05eb69843dc22921f011ffb0b3533b59cfc71ed2""}",
      7168,       832,         0,    1.14,mwpf__ed26b1d41b10bd70b2e5191f5d45b8d7c77a0c90b2ed82a0d4ba27fc4edf117a,bc011b380b81e4ab7d7e1f1154213cc7a4acda72054632f5f7bab40c4c8b5b1f,"{""circuit"":""surface_code:rotated_memory_x"",""cluster_node_limit"":50,""d"":3,""decoder"":""mwpf"",""decoder_type"":""SolverSerialJointSingleHair"",""p"":0.04,""p_erase"":0.04,""r"":3,""run_id"":""0e93526537fe93e9b37e6ded05eb69843dc22921f011ffb0b3533b59cfc71ed2""}",
      9216,       493,         0,    1.20,mwpf__d08ecc2ae4e76ccb11121c648d76bb1a9dceb54ba88d0bda3ca1942f8172f6b2,9f276de840468236fef01318b2cf4b6d7c2e1758c53771e1f5f515c9efa1fe7a,"{""circuit"":""surface_code:rotated_memory_x"",""cluster_node_limit"":50,""d"":3,""decoder"":""mwpf"",""decoder_type"":""SolverSerialJointSingleHair"",""p"":0.03,""p_erase"":0.03,""r"":3,""run_id"":""1b0c559dafd8f14b5d58ea78c3999f6ea71afe3722dfa6ff7d8583aa5e1d218c""}",
      2048,         3,         0,   0.492,mwpf__71726d6ba25fe5b1097fdebf57bc9ee71a4920b66b52ccf640b9fe928e18d0f8,416965c75b19b01d4781182eaa19c998ff58123cda66a19c0d09dee75e64fffb,"{""circuit"":""surface_code:rotated_memory_x"",""cluster_node_limit"":50,""d"":3,""decoder"":""mwpf"",""decoder_type"":""SolverSerialJointSingleHair"",""p"":0.007,""p_erase"":0.007,""r"":3,""run_id"":""135e03791629607bb61bf8b9b22bc12f2324f26b65e31e82f5c3cd97d24c99c9""}",
      9216,       516,         0,    1.20,mwpf__d08ecc2ae4e76ccb11121c648d76bb1a9dceb54ba88d0bda3ca1942f8172f6b2,9f276de840468236fef01318b2cf4b6d7c2e1758c53771e1f5f515c9efa1fe7a,"{""circuit"":""surface_code:rotated_memory_x"",""cluster_node_limit"":50,""d"":3,""decoder"":""mwpf"",""decoder_type"":""SolverSerialJointSingleHair"",""p"":0.03,""p_erase"":0.03,""r"":3,""run_id"":""1b0c559dafd8f14b5d58ea78c3999f6ea71afe3722dfa6ff7d8583aa5e1d218c""}",
      1024,         0,         0,   0.235,mwpf__b97013a8da0fd8f6885b17db2a42ab25b19ddfdf52e8fcbc8652f7f86a4a96cb,0fcbe56867e1865cf3743ffac95ee6934c3a42db582868c86348a2ad7290185e,"{""circuit"":""surface_code:rotated_memory_x"",""cluster_node_limit"":50,""d"":3,""decoder"":""mwpf"",""decoder_type"":""SolverSerialJointSingleHair"",""p"":0.0075,""p_erase"":0.0075,""r"":3,""run_id"":""4bc734d2ac70cf62b78df146e81bdcf5df30d786b05a2eea177a13d890e64669""}",
     36346,         2,         0,    1.13,mwpf__b872f877938abc74ac5cbaba353b6d05cca6c26386630928e9e8c556790460ab,8be4c71d65229ab532f93802b200d69b85cf990b21494afcdb050a0cc2f71098,"{""circuit"":""surface_code:rotated_memory_x"",""cluster_node_limit"":50,""d"":3,""decoder"":""mwpf"",""decoder_type"":""SolverSerialJointSingleHair"",""p"":0.003,""p_erase"":0.003,""r"":3,""run_id"":""915e7fac76f0cb44d6aac79997be9e5a903d4aa353a8207f80b396814e1292cb""}",
       273,         0,         0,   0.014,mwpf__b97013a8da0fd8f6885b17db2a42ab25b19ddfdf52e8fcbc8652f7f86a4a96cb,0fcbe56867e1865cf3743ffac95ee6934c3a42db582868c86348a2ad7290185e,"{""circuit"":""surface_code:rotated_memory_x"",""cluster_node_limit"":50,""d"":3,""decoder"":""mwpf"",""decoder_type"":""SolverSerialJointSingleHair"",""p"":0.0075,""p_erase"":0.0075,""r"":3,""run_id"":""4bc734d2ac70cf62b78df146e81bdcf5df30d786b05a2eea177a13d890e64669""}",
       273,         0,         0,   0.013,mwpf__71726d6ba25fe5b1097fdebf57bc9ee71a4920b66b52ccf640b9fe928e18d0f8,416965c75b19b01d4781182eaa19c998ff58123cda66a19c0d09dee75e64fffb,"{""circuit"":""surface_code:rotated_memory_x"",""cluster_node_limit"":50,""d"":3,""decoder"":""mwpf"",""decoder_type"":""SolverSerialJointSingleHair"",""p"":0.007,""p_erase"":0.007,""r"":3,""run_id"":""135e03791629607bb61bf8b9b22bc12f2324f26b65e31e82f5c3cd97d24c99c9""}",
      1024,         1,         0,   0.048,mwpf__b97013a8da0fd8f6885b17db2a42ab25b19ddfdf52e8fcbc8652f7f86a4a96cb,0fcbe56867e1865cf3743ffac95ee6934c3a42db582868c86348a2ad7290185e,"{""circuit"":""surface_code:rotated_memory_x"",""cluster_node_limit"":50,""d"":3,""decoder"":""mwpf"",""decoder_type"":""SolverSerialJointSingleHair"",""p"":0.0075,""p_erase"":0.0075,""r"":3,""run_id"":""4bc734d2ac70cf62b78df146e81bdcf5df30d786b05a2eea177a13d890e64669""}",
      1024,         2,         0,   0.244,mwpf__b97013a8da0fd8f6885b17db2a42ab25b19ddfdf52e8fcbc8652f7f86a4a96cb,0fcbe56867e1865cf3743ffac95ee6934c3a42db582868c86348a2ad7290185e,"{""circuit"":""surface_code:rotated_memory_x"",""cluster_node_limit"":50,""d"":3,""decoder"":""mwpf"",""decoder_type"":""SolverSerialJointSingleHair"",""p"":0.0075,""p_erase"":0.0075,""r"":3,""run_id"":""4bc734d2ac70cf62b78df146e81bdcf5df30d786b05a2eea177a13d890e64669""}",
      1024,         0,         0,   0.047,mwpf__71726d6ba25fe5b1097fdebf57bc9ee71a4920b66b52ccf640b9fe928e18d0f8,416965c75b19b01d4781182eaa19c998ff58123cda66a19c0d09dee75e64fffb,"{""circuit"":""surface_code:rotated_memory_x"",""cluster_node_limit"":50,""d"":3,""decoder"":""mwpf"",""decoder_type"":""SolverSerialJointSingleHair"",""p"":0.007,""p_erase"":0.007,""r"":3,""run_id"":""135e03791629607bb61bf8b9b22bc12f2324f26b65e31e82f5c3cd97d24c99c9""}",
      1024,         0,         0,   0.221,mwpf__6a374b57c528f1fa3515562a1fcd08586fb590c5649146dc6a143bb06eeec077,f3e9207a47b74a52f31cee6ee65233df1dffd4d0d85fd55e88b8f5b6b8686260,"{""circuit"":""surface_code:rotated_memory_x"",""cluster_node_limit"":50,""d"":3,""decoder"":""mwpf"",""decoder_type"":""SolverSerialJointSingleHair"",""p"":0.006,""p_erase"":0.006,""r"":3,""run_id"":""dd60754122c9f7a810b0c1d8b1c92188ea52870232067546237f0fa25d610548""}",
      1024,         1,         0,   0.047,mwpf__b97013a8da0fd8f6885b17db2a42ab25b19ddfdf52e8fcbc8652f7f86a4a96cb,0fcbe56867e1865cf3743ffac95ee6934c3a42db582868c86348a2ad7290185e,"{""circuit"":""surface_code:rotated_memory_x"",""cluster_node_limit"":50,""d"":3,""decoder"":""mwpf"",""decoder_type"":""SolverSerialJointSingleHair"",""p"":0.0075,""p_erase"":0.0075,""r"":3,""run_id"":""4bc734d2ac70cf62b78df146e81bdcf5df30d786b05a2eea177a13d890e64669""}",
      1024,         0,         0,   0.047,mwpf__71726d6ba25fe5b1097fdebf57bc9ee71a4920b66b52ccf640b9fe928e18d0f8,416965c75b19b01d4781182eaa19c998ff58123cda66a19c0d09dee75e64fffb,"{""circuit"":""surface_code:rotated_memory_x"",""cluster_node_limit"":50,""d"":3,""decoder"":""mwpf"",""decoder_type"":""SolverSerialJointSingleHair"",""p"":0.007,""p_erase"":0.007,""r"":3,""run_id"":""135e03791629607bb61bf8b9b22bc12f2324f26b65e31e82f5c3cd97d24c99c9""}",
      1024,         1,         0,   0.047,mwpf__b97013a8da0fd8f6885b17db2a42ab25b19ddfdf52e8fcbc8652f7f86a4a96cb,0fcbe56867e1865cf3743ffac95ee6934c3a42db582868c86348a2ad7290185e,"{""circuit"":""surface_code:rotated_memory_x"",""cluster_node_limit"":50,""d"":3,""decoder"":""mwpf"",""decoder_type"":""SolverSerialJointSingleHair"",""p"":0.0075,""p_erase"":0.0075,""r"":3,""run_id"":""4bc734d2ac70cf62b78df146e81bdcf5df30d786b05a2eea177a13d890e64669""}",
      1024,         1,         0,   0.047,mwpf__71726d6ba25fe5b1097fdebf57bc9ee71a4920b66b52ccf640b9fe928e18d0f8,416965c75b19b01d4781182eaa19c998ff58123cda66a19c0d09dee75e64fffb,"{""circuit"":""surface_code:rotated_memory_x"",""cluster_node_limit"":50,""d"":3,""decoder"":""mwpf"",""decoder_type"":""SolverSerialJointSingleHair"",""p"":0.007,""p_erase"":0.007,""r"":3,""run_id"":""135e03791629607bb61bf8b9b22bc12f2324f26b65e31e82f5c3cd97d24c99c9""}",
      1024,         2,         0,   0.222,mwpf__b97013a8da0fd8f6885b17db2a42ab25b19ddfdf52e8fcbc8652f7f86a4a96cb,0fcbe56867e1865cf3743ffac95ee6934c3a42db582868c86348a2ad7290185e,"{""circuit"":""surface_code:rotated_memory_x"",""cluster_node_limit"":50,""d"":3,""decoder"":""mwpf"",""decoder_type"":""SolverSerialJointSingleHair"",""p"":0.0075,""p_erase"":0.0075,""r"":3,""run_id"":""4bc734d2ac70cf62b78df146e81bdcf5df30d786b05a2eea177a13d890e64669""}",
      1024,         0,         0,   0.047,mwpf__b97013a8da0fd8f6885b17db2a42ab25b19ddfdf52e8fcbc8652f7f86a4a96cb,0fcbe56867e1865cf3743ffac95ee6934c3a42db582868c86348a2ad7290185e,"{""circuit"":""surface_code:rotated_memory_x"",""cluster_node_limit"":50,""d"":3,""decoder"":""mwpf"",""decoder_type"":""SolverSerialJointSingleHair"",""p"":0.0075,""p_erase"":0.0075,""r"":3,""run_id"":""4bc734d2ac70cf62b78df146e81bdcf5df30d786b05a2eea177a13d890e64669""}",
      1024,         1,         0,   0.047,mwpf__71726d6ba25fe5b1097fdebf57bc9ee71a4920b66b52ccf640b9fe928e18d0f8,416965c75b19b01d4781182eaa19c998ff58123cda66a19c0d09dee75e64fffb,"{""circuit"":""surface_code:rotated_memory_x"",""cluster_node_limit"":50,""d"":3,""decoder"":""mwpf"",""decoder_type"":""SolverSerialJointSingleHair"",""p"":0.007,""p_erase"":0.007,""r"":3,""run_id"":""135e03791629607bb61bf8b9b22bc12f2324f26b65e31e82f5c3cd97d24c99c9""}",
      3072,         0,         0,   0.412,mwpf__b872f877938abc74ac5cbaba353b6d05cca6c26386630928e9e8c556790460ab,8be4c71d65229ab532f93802b200d69b85cf990b21494afcdb050a0cc2f71098,"{""circuit"":""surface_code:rotated_memory_x"",""cluster_node_limit"":50,""d"":3,""decoder"":""mwpf"",""decoder_type"":""SolverSerialJointSingleHair"",""p"":0.003,""p_erase"":0.003,""r"":3,""run_id"":""915e7fac76f0cb44d6aac79997be9e5a903d4aa353a8207f80b396814e1292cb""}",
      1024,         0,         0,   0.194,mwpf__6a374b57c528f1fa3515562a1fcd08586fb590c5649146dc6a143bb06eeec077,f3e9207a47b74a52f31cee6ee65233df1dffd4d0d85fd55e88b8f5b6b8686260,"{""circuit"":""surface_code:rotated_memory_x"",""cluster_node_limit"":50,""d"":3,""decoder"":""mwpf"",""decoder_type"":""SolverSerialJointSingleHair"",""p"":0.006,""p_erase"":0.006,""r"":3,""run_id"":""dd60754122c9f7a810b0c1d8b1c92188ea52870232067546237f0fa25d610548""}",
      1024,         1,         0,   0.216,mwpf__b97013a8da0fd8f6885b17db2a42ab25b19ddfdf52e8fcbc8652f7f86a4a96cb,0fcbe56867e1865cf3743ffac95ee6934c3a42db582868c86348a2ad7290185e,"{""circuit"":""surface_code:rotated_memory_x"",""cluster_node_limit"":50,""d"":3,""decoder"":""mwpf"",""decoder_type"":""SolverSerialJointSingleHair"",""p"":0.0075,""p_erase"":0.0075,""r"":3,""run_id"":""4bc734d2ac70cf62b78df146e81bdcf5df30d786b05a2eea177a13d890e64669""}",
      2048,         3,         0,   0.096,mwpf__b97013a8da0fd8f6885b17db2a42ab25b19ddfdf52e8fcbc8652f7f86a4a96cb,0fcbe56867e1865cf3743ffac95ee6934c3a42db582868c86348a2ad7290185e,"{""circuit"":""surface_code:rotated_memory_x"",""cluster_node_limit"":50,""d"":3,""decoder"":""mwpf"",""decoder_type"":""SolverSerialJointSingleHair"",""p"":0.0075,""p_erase"":0.0075,""r"":3,""run_id"":""4bc734d2ac70cf62b78df146e81bdcf5df30d786b05a2eea177a13d890e64669""}",
      2048,         2,         0,   0.095,mwpf__71726d6ba25fe5b1097fdebf57bc9ee71a4920b66b52ccf640b9fe928e18d0f8,416965c75b19b01d4781182eaa19c998ff58123cda66a19c0d09dee75e64fffb,"{""circuit"":""surface_code:rotated_memory_x"",""cluster_node_limit"":50,""d"":3,""decoder"":""mwpf"",""decoder_type"":""SolverSerialJointSingleHair"",""p"":0.007,""p_erase"":0.007,""r"":3,""run_id"":""135e03791629607bb61bf8b9b22bc12f2324f26b65e31e82f5c3cd97d24c99c9""}",
      2048,         3,         0,   0.413,mwpf__71726d6ba25fe5b1097fdebf57bc9ee71a4920b66b52ccf640b9fe928e18d0f8,416965c75b19b01d4781182eaa19c998ff58123cda66a19c0d09dee75e64fffb,"{""circuit"":""surface_code:rotated_memory_x"",""cluster_node_limit"":50,""d"":3,""decoder"":""mwpf"",""decoder_type"":""SolverSerialJointSingleHair"",""p"":0.007,""p_erase"":0.007,""r"":3,""run_id"":""135e03791629607bb61bf8b9b22bc12f2324f26b65e31e82f5c3cd97d24c99c9""}",
      6144,      1225,         0,    1.14,mwpf__b0e1426f6c4884e7e956c71520ee075fcf0da29d3e865e7519b23c6e0aec4e62,53478eabf9e5775201d5fae86f689e6c2d6fe35972c0eb0be61f613f5cd56df1,"{""circuit"":""surface_code:rotated_memory_x"",""cluster_node_limit"":50,""d"":3,""decoder"":""mwpf"",""decoder_type"":""SolverSerialJointSingleHair"",""p"":0.05,""p_erase"":0.05,""r"":3,""run_id"":""66f02b9030d33676d96459d90fe2a723609a6ce9961bda4f5d1d1d63291b9f2b""}",
      2048,         1,         0,   0.094,mwpf__b97013a8da0fd8f6885b17db2a42ab25b19ddfdf52e8fcbc8652f7f86a4a96cb,0fcbe56867e1865cf3743ffac95ee6934c3a42db582868c86348a2ad7290185e,"{""circuit"":""surface_code:rotated_memory_x"",""cluster_node_limit"":50,""d"":3,""decoder"":""mwpf"",""decoder_type"":""SolverSerialJointSingleHair"",""p"":0.0075,""p_erase"":0.0075,""r"":3,""run_id"":""4bc734d2ac70cf62b78df146e81bdcf5df30d786b05a2eea177a13d890e64669""}",
      2048,         2,         0,   0.095,mwpf__71726d6ba25fe5b1097fdebf57bc9ee71a4920b66b52ccf640b9fe928e18d0f8,416965c75b19b01d4781182eaa19c998ff58123cda66a19c0d09dee75e64fffb,"{""circuit"":""surface_code:rotated_memory_x"",""cluster_node_limit"":50,""d"":3,""decoder"":""mwpf"",""decoder_type"":""SolverSerialJointSingleHair"",""p"":0.007,""p_erase"":0.007,""r"":3,""run_id"":""135e03791629607bb61bf8b9b22bc12f2324f26b65e31e82f5c3cd97d24c99c9""}",
     41984,         8,         0,    1.56,mwpf__3a2de2621d93f2d1f82bf505831648faac50961c9682adb78978518126f61ad4,269c086892560d2b2c3fb91f8240ee87c8e2f52d5b2ff0982c1e1b9fe1e015ae,"{""circuit"":""surface_code:rotated_memory_x"",""cluster_node_limit"":50,""d"":3,""decoder"":""mwpf"",""decoder_type"":""SolverSerialJointSingleHair"",""p"":0.005,""p_erase"":0.005,""r"":3,""run_id"":""5101ac8ef9c97b83df4dd9d8fb12d7b219d036893929703eba32fffa9e647600""}",
      2048,         1,         0,   0.541,mwpf__cdbabe99b4f243243aad339bb11c8a90131812a9c01e0de682a2aca46d6d55ff,ddc6d0a0729b2070c0dbbc972d7b9e687957f33bd2fd578d2477245fef7735ad,"{""circuit"":""surface_code:rotated_memory_x"",""cluster_node_limit"":50,""d"":3,""decoder"":""mwpf"",""decoder_type"":""SolverSerialJointSingleHair"",""p"":0.008,""p_erase"":0.008,""r"":3,""run_id"":""842b8d9622dd95e081373b13334f0c4c970c25ea256e90e9985b8d1bb6968aef""}",
     39936,         8,         0,    1.56,mwpf__3a2de2621d93f2d1f82bf505831648faac50961c9682adb78978518126f61ad4,269c086892560d2b2c3fb91f8240ee87c8e2f52d5b2ff0982c1e1b9fe1e015ae,"{""circuit"":""surface_code:rotated_memory_x"",""cluster_node_limit"":50,""d"":3,""decoder"":""mwpf"",""decoder_type"":""SolverSerialJointSingleHair"",""p"":0.005,""p_erase"":0.005,""r"":3,""run_id"":""5101ac8ef9c97b83df4dd9d8fb12d7b219d036893929703eba32fffa9e647600""}",
      6144,      1258,         0,    1.15,mwpf__b0e1426f6c4884e7e956c71520ee075fcf0da29d3e865e7519b23c6e0aec4e62,53478eabf9e5775201d5fae86f689e6c2d6fe35972c0eb0be61f613f5cd56df1,"{""circuit"":""surface_code:rotated_memory_x"",""cluster_node_limit"":50,""d"":3,""decoder"":""mwpf"",""decoder_type"":""SolverSerialJointSingleHair"",""p"":0.05,""p_erase"":0.05,""r"":3,""run_id"":""66f02b9030d33676d96459d90fe2a723609a6ce9961bda4f5d1d1d63291b9f2b""}",
     45056,         7,         0,    1.55,mwpf__bbbb95ae8dfd216392d93d271ab853220d7a01380e740dc79365759e9487ffb2,d994fe02c85cb3c768399acfffda9f01e9344d65a7427484376e8d07bf72dce7,"{""circuit"":""surface_code:rotated_memory_x"",""cluster_node_limit"":50,""d"":3,""decoder"":""mwpf"",""decoder_type"":""SolverSerialJointSingleHair"",""p"":0.004,""p_erase"":0.004,""r"":3,""run_id"":""90efa888ab0be85c6dc82d20d594fb219f455db906f7e8f7ad923a214270e30c""}",
      1024,         0,         0,   0.165,mwpf__b97013a8da0fd8f6885b17db2a42ab25b19ddfdf52e8fcbc8652f7f86a4a96cb,0fcbe56867e1865cf3743ffac95ee6934c3a42db582868c86348a2ad7290185e,"{""circuit"":""surface_code:rotated_memory_x"",""cluster_node_limit"":50,""d"":3,""decoder"":""mwpf"",""decoder_type"":""SolverSerialJointSingleHair"",""p"":0.0075,""p_erase"":0.0075,""r"":3,""run_id"":""4bc734d2ac70cf62b78df146e81bdcf5df30d786b05a2eea177a13d890e64669""}",
     45056,         4,         0,    1.56,mwpf__bbbb95ae8dfd216392d93d271ab853220d7a01380e740dc79365759e9487ffb2,d994fe02c85cb3c768399acfffda9f01e9344d65a7427484376e8d07bf72dce7,"{""circuit"":""surface_code:rotated_memory_x"",""cluster_node_limit"":50,""d"":3,""decoder"":""mwpf"",""decoder_type"":""SolverSerialJointSingleHair"",""p"":0.004,""p_erase"":0.004,""r"":3,""run_id"":""90efa888ab0be85c6dc82d20d594fb219f455db906f7e8f7ad923a214270e30c""}",
     46080,         7,         0,    1.57,mwpf__bbbb95ae8dfd216392d93d271ab853220d7a01380e740dc79365759e9487ffb2,d994fe02c85cb3c768399acfffda9f01e9344d65a7427484376e8d07bf72dce7,"{""circuit"":""surface_code:rotated_memory_x"",""cluster_node_limit"":50,""d"":3,""decoder"":""mwpf"",""decoder_type"":""SolverSerialJointSingleHair"",""p"":0.004,""p_erase"":0.004,""r"":3,""run_id"":""90efa888ab0be85c6dc82d20d594fb219f455db906f7e8f7ad923a214270e30c""}",
       505,         0,         0,   0.018,mwpf__bbbb95ae8dfd216392d93d271ab853220d7a01380e740dc79365759e9487ffb2,d994fe02c85cb3c768399acfffda9f01e9344d65a7427484376e8d07bf72dce7,"{""circuit"":""surface_code:rotated_memory_x"",""cluster_node_limit"":50,""d"":3,""decoder"":""mwpf"",""decoder_type"":""SolverSerialJointSingleHair"",""p"":0.004,""p_erase"":0.004,""r"":3,""run_id"":""90efa888ab0be85c6dc82d20d594fb219f455db906f7e8f7ad923a214270e30c""}",
      1530,         1,         0,   0.053,mwpf__bbbb95ae8dfd216392d93d271ab853220d7a01380e740dc79365759e9487ffb2,d994fe02c85cb3c768399acfffda9f01e9344d65a7427484376e8d07bf72dce7,"{""circuit"":""surface_code:rotated_memory_x"",""cluster_node_limit"":50,""d"":3,""decoder"":""mwpf"",""decoder_type"":""SolverSerialJointSingleHair"",""p"":0.004,""p_erase"":0.004,""r"":3,""run_id"":""90efa888ab0be85c6dc82d20d594fb219f455db906f7e8f7ad923a214270e30c""}",
     37888,        17,         0,    1.57,mwpf__6a374b57c528f1fa3515562a1fcd08586fb590c5649146dc6a143bb06eeec077,f3e9207a47b74a52f31cee6ee65233df1dffd4d0d85fd55e88b8f5b6b8686260,"{""circuit"":""surface_code:rotated_memory_x"",""cluster_node_limit"":50,""d"":3,""decoder"":""mwpf"",""decoder_type"":""SolverSerialJointSingleHair"",""p"":0.006,""p_erase"":0.006,""r"":3,""run_id"":""dd60754122c9f7a810b0c1d8b1c92188ea52870232067546237f0fa25d610548""}",
      1362,         0,         0,   0.047,mwpf__bbbb95ae8dfd216392d93d271ab853220d7a01380e740dc79365759e9487ffb2,d994fe02c85cb3c768399acfffda9f01e9344d65a7427484376e8d07bf72dce7,"{""circuit"":""surface_code:rotated_memory_x"",""cluster_node_limit"":50,""d"":3,""decoder"":""mwpf"",""decoder_type"":""SolverSerialJointSingleHair"",""p"":0.004,""p_erase"":0.004,""r"":3,""run_id"":""90efa888ab0be85c6dc82d20d594fb219f455db906f7e8f7ad923a214270e30c""}",
       340,         0,         0,   0.012,mwpf__bbbb95ae8dfd216392d93d271ab853220d7a01380e740dc79365759e9487ffb2,d994fe02c85cb3c768399acfffda9f01e9344d65a7427484376e8d07bf72dce7,"{""circuit"":""surface_code:rotated_memory_x"",""cluster_node_limit"":50,""d"":3,""decoder"":""mwpf"",""decoder_type"":""SolverSerialJointSingleHair"",""p"":0.004,""p_erase"":0.004,""r"":3,""run_id"":""90efa888ab0be85c6dc82d20d594fb219f455db906f7e8f7ad923a214270e30c""}",
     39936,         6,         0,    1.57,mwpf__3a2de2621d93f2d1f82bf505831648faac50961c9682adb78978518126f61ad4,269c086892560d2b2c3fb91f8240ee87c8e2f52d5b2ff0982c1e1b9fe1e015ae,"{""circuit"":""surface_code:rotated_memory_x"",""cluster_node_limit"":50,""d"":3,""decoder"":""mwpf"",""decoder_type"":""SolverSerialJointSingleHair"",""p"":0.005,""p_erase"":0.005,""r"":3,""run_id"":""5101ac8ef9c97b83df4dd9d8fb12d7b219d036893929703eba32fffa9e647600""}",
      2048,         1,         0,   0.336,mwpf__b97013a8da0fd8f6885b17db2a42ab25b19ddfdf52e8fcbc8652f7f86a4a96cb,0fcbe56867e1865cf3743ffac95ee6934c3a42db582868c86348a2ad7290185e,"{""circuit"":""surface_code:rotated_memory_x"",""cluster_node_limit"":50,""d"":3,""decoder"":""mwpf"",""decoder_type"":""SolverSerialJointSingleHair"",""p"":0.0075,""p_erase"":0.0075,""r"":3,""run_id"":""4bc734d2ac70cf62b78df146e81bdcf5df30d786b05a2eea177a13d890e64669""}",
       852,         1,         0,   0.029,mwpf__bbbb95ae8dfd216392d93d271ab853220d7a01380e740dc79365759e9487ffb2,d994fe02c85cb3c768399acfffda9f01e9344d65a7427484376e8d07bf72dce7,"{""circuit"":""surface_code:rotated_memory_x"",""cluster_node_limit"":50,""d"":3,""decoder"":""mwpf"",""decoder_type"":""SolverSerialJointSingleHair"",""p"":0.004,""p_erase"":0.004,""r"":3,""run_id"":""90efa888ab0be85c6dc82d20d594fb219f455db906f7e8f7ad923a214270e30c""}",
     27648,        75,         0,    1.59,mwpf__f4eaffc7e8b345bd4ed12e044b14c9eca5eb9d6063d64430985ec7c298159463,1c0b2318b8e500ddb1032a5e330292dd6110fcabf993e79d05dcfbebeb6f8881,"{""circuit"":""surface_code:rotated_memory_x"",""cluster_node_limit"":50,""d"":3,""decoder"":""mwpf"",""decoder_type"":""SolverSerialJointSingleHair"",""p"":0.01,""p_erase"":0.01,""r"":3,""run_id"":""5b6db69d825a9e1af451573dd00a4a7082d74a5e74fde81d397d7b0bcc5645b2""}",
      3072,         4,         0,   0.144,mwpf__b97013a8da0fd8f6885b17db2a42ab25b19ddfdf52e8fcbc8652f7f86a4a96cb,0fcbe56867e1865cf3743ffac95ee6934c3a42db582868c86348a2ad7290185e,"{""circuit"":""surface_code:rotated_memory_x"",""cluster_node_limit"":50,""d"":3,""decoder"":""mwpf"",""decoder_type"":""SolverSerialJointSingleHair"",""p"":0.0075,""p_erase"":0.0075,""r"":3,""run_id"":""4bc734d2ac70cf62b78df146e81bdcf5df30d786b05a2eea177a13d890e64669""}",
      3072,         0,         0,   0.142,mwpf__71726d6ba25fe5b1097fdebf57bc9ee71a4920b66b52ccf640b9fe928e18d0f8,416965c75b19b01d4781182eaa19c998ff58123cda66a19c0d09dee75e64fffb,"{""circuit"":""surface_code:rotated_memory_x"",""cluster_node_limit"":50,""d"":3,""decoder"":""mwpf"",""decoder_type"":""SolverSerialJointSingleHair"",""p"":0.007,""p_erase"":0.007,""r"":3,""run_id"":""135e03791629607bb61bf8b9b22bc12f2324f26b65e31e82f5c3cd97d24c99c9""}",
      1024,       220,         0,   0.185,mwpf__b0e1426f6c4884e7e956c71520ee075fcf0da29d3e865e7519b23c6e0aec4e62,53478eabf9e5775201d5fae86f689e6c2d6fe35972c0eb0be61f613f5cd56df1,"{""circuit"":""surface_code:rotated_memory_x"",""cluster_node_limit"":50,""d"":3,""decoder"":""mwpf"",""decoder_type"":""SolverSerialJointSingleHair"",""p"":0.05,""p_erase"":0.05,""r"":3,""run_id"":""66f02b9030d33676d96459d90fe2a723609a6ce9961bda4f5d1d1d63291b9f2b""}",
      2048,         1,         0,   0.302,mwpf__6a374b57c528f1fa3515562a1fcd08586fb590c5649146dc6a143bb06eeec077,f3e9207a47b74a52f31cee6ee65233df1dffd4d0d85fd55e88b8f5b6b8686260,"{""circuit"":""surface_code:rotated_memory_x"",""cluster_node_limit"":50,""d"":3,""decoder"":""mwpf"",""decoder_type"":""SolverSerialJointSingleHair"",""p"":0.006,""p_erase"":0.006,""r"":3,""run_id"":""dd60754122c9f7a810b0c1d8b1c92188ea52870232067546237f0fa25d610548""}",
     28672,        33,         0,    1.57,mwpf__2d43dbac6f220be8e75258fcbaa1915a92302bec253b831525bc35e7adeec1b6,64b3d9f5baf6f09488c41396f9407eb7cf2e57debde21e687e5552cba9d5418a,"{""circuit"":""surface_code:rotated_memory_x"",""cluster_node_limit"":50,""d"":3,""decoder"":""mwpf"",""decoder_type"":""SolverSerialJointSingleHair"",""p"":0.009,""p_erase"":0.009,""r"":3,""run_id"":""f3773bbf3001f7044304ac6a12d9ddb4d020a1b2b51ce7b475f4f14944f915f3""}",
     33792,        18,         0,    1.57,mwpf__71726d6ba25fe5b1097fdebf57bc9ee71a4920b66b52ccf640b9fe928e18d0f8,416965c75b19b01d4781182eaa19c998ff58123cda66a19c0d09dee75e64fffb,"{""circuit"":""surface_code:rotated_memory_x"",""cluster_node_limit"":50,""d"":3,""decoder"":""mwpf"",""decoder_type"":""SolverSerialJointSingleHair"",""p"":0.007,""p_erase"":0.007,""r"":3,""run_id"":""135e03791629607bb61bf8b9b22bc12f2324f26b65e31e82f5c3cd97d24c99c9""}",
     28672,        31,         0,    1.58,mwpf__2d43dbac6f220be8e75258fcbaa1915a92302bec253b831525bc35e7adeec1b6,64b3d9f5baf6f09488c41396f9407eb7cf2e57debde21e687e5552cba9d5418a,"{""circuit"":""surface_code:rotated_memory_x"",""cluster_node_limit"":50,""d"":3,""decoder"":""mwpf"",""decoder_type"":""SolverSerialJointSingleHair"",""p"":0.009,""p_erase"":0.009,""r"":3,""run_id"":""f3773bbf3001f7044304ac6a12d9ddb4d020a1b2b51ce7b475f4f14944f915f3""}",
     31744,        33,         0,    1.59,mwpf__cdbabe99b4f243243aad339bb11c8a90131812a9c01e0de682a2aca46d6d55ff,ddc6d0a0729b2070c0dbbc972d7b9e687957f33bd2fd578d2477245fef7735ad,"{""circuit"":""surface_code:rotated_memory_x"",""cluster_node_limit"":50,""d"":3,""decoder"":""mwpf"",""decoder_type"":""SolverSerialJointSingleHair"",""p"":0.008,""p_erase"":0.008,""r"":3,""run_id"":""842b8d9622dd95e081373b13334f0c4c970c25ea256e90e9985b8d1bb6968aef""}",
     33792,        16,         0,    1.58,mwpf__6a374b57c528f1fa3515562a1fcd08586fb590c5649146dc6a143bb06eeec077,f3e9207a47b74a52f31cee6ee65233df1dffd4d0d85fd55e88b8f5b6b8686260,"{""circuit"":""surface_code:rotated_memory_x"",""cluster_node_limit"":50,""d"":3,""decoder"":""mwpf"",""decoder_type"":""SolverSerialJointSingleHair"",""p"":0.006,""p_erase"":0.006,""r"":3,""run_id"":""dd60754122c9f7a810b0c1d8b1c92188ea52870232067546237f0fa25d610548""}",
      4096,         4,         0,   0.191,mwpf__b97013a8da0fd8f6885b17db2a42ab25b19ddfdf52e8fcbc8652f7f86a4a96cb,0fcbe56867e1865cf3743ffac95ee6934c3a42db582868c86348a2ad7290185e,"{""circuit"":""surface_code:rotated_memory_x"",""cluster_node_limit"":50,""d"":3,""decoder"":""mwpf"",""decoder_type"":""SolverSerialJointSingleHair"",""p"":0.0075,""p_erase"":0.0075,""r"":3,""run_id"":""4bc734d2ac70cf62b78df146e81bdcf5df30d786b05a2eea177a13d890e64669""}",
      4096,         3,         0,   0.191,mwpf__71726d6ba25fe5b1097fdebf57bc9ee71a4920b66b52ccf640b9fe928e18d0f8,416965c75b19b01d4781182eaa19c998ff58123cda66a19c0d09dee75e64fffb,"{""circuit"":""surface_code:rotated_memory_x"",""cluster_node_limit"":50,""d"":3,""decoder"":""mwpf"",""decoder_type"":""SolverSerialJointSingleHair"",""p"":0.007,""p_erase"":0.007,""r"":3,""run_id"":""135e03791629607bb61bf8b9b22bc12f2324f26b65e31e82f5c3cd97d24c99c9""}",
      5120,         0,         0,   0.576,mwpf__b872f877938abc74ac5cbaba353b6d05cca6c26386630928e9e8c556790460ab,8be4c71d65229ab532f93802b200d69b85cf990b21494afcdb050a0cc2f71098,"{""circuit"":""surface_code:rotated_memory_x"",""cluster_node_limit"":50,""d"":3,""decoder"":""mwpf"",""decoder_type"":""SolverSerialJointSingleHair"",""p"":0.003,""p_erase"":0.003,""r"":3,""run_id"":""915e7fac76f0cb44d6aac79997be9e5a903d4aa353a8207f80b396814e1292cb""}",
     27138,         1,         0,   0.857,mwpf__b872f877938abc74ac5cbaba353b6d05cca6c26386630928e9e8c556790460ab,8be4c71d65229ab532f93802b200d69b85cf990b21494afcdb050a0cc2f71098,"{""circuit"":""surface_code:rotated_memory_x"",""cluster_node_limit"":50,""d"":3,""decoder"":""mwpf"",""decoder_type"":""SolverSerialJointSingleHair"",""p"":0.003,""p_erase"":0.003,""r"":3,""run_id"":""915e7fac76f0cb44d6aac79997be9e5a903d4aa353a8207f80b396814e1292cb""}",
      2048,         4,         0,   0.408,mwpf__b97013a8da0fd8f6885b17db2a42ab25b19ddfdf52e8fcbc8652f7f86a4a96cb,0fcbe56867e1865cf3743ffac95ee6934c3a42db582868c86348a2ad7290185e,"{""circuit"":""surface_code:rotated_memory_x"",""cluster_node_limit"":50,""d"":3,""decoder"":""mwpf"",""decoder_type"":""SolverSerialJointSingleHair"",""p"":0.0075,""p_erase"":0.0075,""r"":3,""run_id"":""4bc734d2ac70cf62b78df146e81bdcf5df30d786b05a2eea177a13d890e64669""}",
      2048,         1,         0,   0.406,mwpf__b97013a8da0fd8f6885b17db2a42ab25b19ddfdf52e8fcbc8652f7f86a4a96cb,0fcbe56867e1865cf3743ffac95ee6934c3a42db582868c86348a2ad7290185e,"{""circuit"":""surface_code:rotated_memory_x"",""cluster_node_limit"":50,""d"":3,""decoder"":""mwpf"",""decoder_type"":""SolverSerialJointSingleHair"",""p"":0.0075,""p_erase"":0.0075,""r"":3,""run_id"":""4bc734d2ac70cf62b78df146e81bdcf5df30d786b05a2eea177a13d890e64669""}",
      5120,         3,         0,   0.238,mwpf__b97013a8da0fd8f6885b17db2a42ab25b19ddfdf52e8fcbc8652f7f86a4a96cb,0fcbe56867e1865cf3743ffac95ee6934c3a42db582868c86348a2ad7290185e,"{""circuit"":""surface_code:rotated_memory_x"",""cluster_node_limit"":50,""d"":3,""decoder"":""mwpf"",""decoder_type"":""SolverSerialJointSingleHair"",""p"":0.0075,""p_erase"":0.0075,""r"":3,""run_id"":""4bc734d2ac70cf62b78df146e81bdcf5df30d786b05a2eea177a13d890e64669""}",
      5120,         2,         0,   0.239,mwpf__71726d6ba25fe5b1097fdebf57bc9ee71a4920b66b52ccf640b9fe928e18d0f8,416965c75b19b01d4781182eaa19c998ff58123cda66a19c0d09dee75e64fffb,"{""circuit"":""surface_code:rotated_memory_x"",""cluster_node_limit"":50,""d"":3,""decoder"":""mwpf"",""decoder_type"":""SolverSerialJointSingleHair"",""p"":0.007,""p_erase"":0.007,""r"":3,""run_id"":""135e03791629607bb61bf8b9b22bc12f2324f26b65e31e82f5c3cd97d24c99c9""}",
      2048,         0,         0,   0.413,mwpf__6a374b57c528f1fa3515562a1fcd08586fb590c5649146dc6a143bb06eeec077,f3e9207a47b74a52f31cee6ee65233df1dffd4d0d85fd55e88b8f5b6b8686260,"{""circuit"":""surface_code:rotated_memory_x"",""cluster_node_limit"":50,""d"":3,""decoder"":""mwpf"",""decoder_type"":""SolverSerialJointSingleHair"",""p"":0.006,""p_erase"":0.006,""r"":3,""run_id"":""dd60754122c9f7a810b0c1d8b1c92188ea52870232067546237f0fa25d610548""}",
     21504,        39,         0,    1.61,mwpf__f4eaffc7e8b345bd4ed12e044b14c9eca5eb9d6063d64430985ec7c298159463,1c0b2318b8e500ddb1032a5e330292dd6110fcabf993e79d05dcfbebeb6f8881,"{""circuit"":""surface_code:rotated_memory_x"",""cluster_node_limit"":50,""d"":3,""decoder"":""mwpf"",""decoder_type"":""SolverSerialJointSingleHair"",""p"":0.01,""p_erase"":0.01,""r"":3,""run_id"":""5b6db69d825a9e1af451573dd00a4a7082d74a5e74fde81d397d7b0bcc5645b2""}",
     15865,         5,         0,   0.590,mwpf__3a2de2621d93f2d1f82bf505831648faac50961c9682adb78978518126f61ad4,269c086892560d2b2c3fb91f8240ee87c8e2f52d5b2ff0982c1e1b9fe1e015ae,"{""circuit"":""surface_code:rotated_memory_x"",""cluster_node_limit"":50,""d"":3,""decoder"":""mwpf"",""decoder_type"":""SolverSerialJointSingleHair"",""p"":0.005,""p_erase"":0.005,""r"":3,""run_id"":""5101ac8ef9c97b83df4dd9d8fb12d7b219d036893929703eba32fffa9e647600""}",
     15360,         7,         0,   0.609,mwpf__3a2de2621d93f2d1f82bf505831648faac50961c9682adb78978518126f61ad4,269c086892560d2b2c3fb91f8240ee87c8e2f52d5b2ff0982c1e1b9fe1e015ae,"{""circuit"":""surface_code:rotated_memory_x"",""cluster_node_limit"":50,""d"":3,""decoder"":""mwpf"",""decoder_type"":""SolverSerialJointSingleHair"",""p"":0.005,""p_erase"":0.005,""r"":3,""run_id"":""5101ac8ef9c97b83df4dd9d8fb12d7b219d036893929703eba32fffa9e647600""}",
     17408,       282,         0,    1.62,mwpf__bc6afb301d40de4dda36c86e2bee82ba9a2f3509c5e7adff85dedc84e2a08470,7be39a06112225b5216df3daf93370b2b9c424246e5cfcb6acb1a9865d6e9942,"{""circuit"":""surface_code:rotated_memory_x"",""cluster_node_limit"":50,""d"":3,""decoder"":""mwpf"",""decoder_type"":""SolverSerialJointSingleHair"",""p"":0.02,""p_erase"":0.02,""r"":3,""run_id"":""cbdcd76e4eac6e7ea58eb299d6c7091619bfb5b7954ed0656948ce94e45f36ab""}",
     13650,         3,         0,   0.533,mwpf__3a2de2621d93f2d1f82bf505831648faac50961c9682adb78978518126f61ad4,269c086892560d2b2c3fb91f8240ee87c8e2f52d5b2ff0982c1e1b9fe1e015ae,"{""circuit"":""surface_code:rotated_memory_x"",""cluster_node_limit"":50,""d"":3,""decoder"":""mwpf"",""decoder_type"":""SolverSerialJointSingleHair"",""p"":0.005,""p_erase"":0.005,""r"":3,""run_id"":""5101ac8ef9c97b83df4dd9d8fb12d7b219d036893929703eba32fffa9e647600""}",
      3072,         1,         0,   0.623,mwpf__cdbabe99b4f243243aad339bb11c8a90131812a9c01e0de682a2aca46d6d55ff,ddc6d0a0729b2070c0dbbc972d7b9e687957f33bd2fd578d2477245fef7735ad,"{""circuit"":""surface_code:rotated_memory_x"",""cluster_node_limit"":50,""d"":3,""decoder"":""mwpf"",""decoder_type"":""SolverSerialJointSingleHair"",""p"":0.008,""p_erase"":0.008,""r"":3,""run_id"":""842b8d9622dd95e081373b13334f0c4c970c25ea256e90e9985b8d1bb6968aef""}",
     16384,       265,         0,    1.56,mwpf__bc6afb301d40de4dda36c86e2bee82ba9a2f3509c5e7adff85dedc84e2a08470,7be39a06112225b5216df3daf93370b2b9c424246e5cfcb6acb1a9865d6e9942,"{""circuit"":""surface_code:rotated_memory_x"",""cluster_node_limit"":50,""d"":3,""decoder"":""mwpf"",""decoder_type"":""SolverSerialJointSingleHair"",""p"":0.02,""p_erase"":0.02,""r"":3,""run_id"":""cbdcd76e4eac6e7ea58eb299d6c7091619bfb5b7954ed0656948ce94e45f36ab""}",
       622,         0,         0,   0.023,mwpf__3a2de2621d93f2d1f82bf505831648faac50961c9682adb78978518126f61ad4,269c086892560d2b2c3fb91f8240ee87c8e2f52d5b2ff0982c1e1b9fe1e015ae,"{""circuit"":""surface_code:rotated_memory_x"",""cluster_node_limit"":50,""d"":3,""decoder"":""mwpf"",""decoder_type"":""SolverSerialJointSingleHair"",""p"":0.005,""p_erase"":0.005,""r"":3,""run_id"":""5101ac8ef9c97b83df4dd9d8fb12d7b219d036893929703eba32fffa9e647600""}",
      4096,         2,         0,   0.775,mwpf__71726d6ba25fe5b1097fdebf57bc9ee71a4920b66b52ccf640b9fe928e18d0f8,416965c75b19b01d4781182eaa19c998ff58123cda66a19c0d09dee75e64fffb,"{""circuit"":""surface_code:rotated_memory_x"",""cluster_node_limit"":50,""d"":3,""decoder"":""mwpf"",""decoder_type"":""SolverSerialJointSingleHair"",""p"":0.007,""p_erase"":0.007,""r"":3,""run_id"":""135e03791629607bb61bf8b9b22bc12f2324f26b65e31e82f5c3cd97d24c99c9""}",
      3980,         3,         0,   0.151,mwpf__3a2de2621d93f2d1f82bf505831648faac50961c9682adb78978518126f61ad4,269c086892560d2b2c3fb91f8240ee87c8e2f52d5b2ff0982c1e1b9fe1e015ae,"{""circuit"":""surface_code:rotated_memory_x"",""cluster_node_limit"":50,""d"":3,""decoder"":""mwpf"",""decoder_type"":""SolverSerialJointSingleHair"",""p"":0.005,""p_erase"":0.005,""r"":3,""run_id"":""5101ac8ef9c97b83df4dd9d8fb12d7b219d036893929703eba32fffa9e647600""}",
      3072,         1,         0,   0.115,mwpf__3a2de2621d93f2d1f82bf505831648faac50961c9682adb78978518126f61ad4,269c086892560d2b2c3fb91f8240ee87c8e2f52d5b2ff0982c1e1b9fe1e015ae,"{""circuit"":""surface_code:rotated_memory_x"",""cluster_node_limit"":50,""d"":3,""decoder"":""mwpf"",""decoder_type"":""SolverSerialJointSingleHair"",""p"":0.005,""p_erase"":0.005,""r"":3,""run_id"":""5101ac8ef9c97b83df4dd9d8fb12d7b219d036893929703eba32fffa9e647600""}",
      3980,         0,         0,   0.153,mwpf__3a2de2621d93f2d1f82bf505831648faac50961c9682adb78978518126f61ad4,269c086892560d2b2c3fb91f8240ee87c8e2f52d5b2ff0982c1e1b9fe1e015ae,"{""circuit"":""surface_code:rotated_memory_x"",""cluster_node_limit"":50,""d"":3,""decoder"":""mwpf"",""decoder_type"":""SolverSerialJointSingleHair"",""p"":0.005,""p_erase"":0.005,""r"":3,""run_id"":""5101ac8ef9c97b83df4dd9d8fb12d7b219d036893929703eba32fffa9e647600""}",
       284,         0,         0,   0.011,mwpf__3a2de2621d93f2d1f82bf505831648faac50961c9682adb78978518126f61ad4,269c086892560d2b2c3fb91f8240ee87c8e2f52d5b2ff0982c1e1b9fe1e015ae,"{""circuit"":""surface_code:rotated_memory_x"",""cluster_node_limit"":50,""d"":3,""decoder"":""mwpf"",""decoder_type"":""SolverSerialJointSingleHair"",""p"":0.005,""p_erase"":0.005,""r"":3,""run_id"":""5101ac8ef9c97b83df4dd9d8fb12d7b219d036893929703eba32fffa9e647600""}",
     39592,         2,         0,    1.23,mwpf__b872f877938abc74ac5cbaba353b6d05cca6c26386630928e9e8c556790460ab,8be4c71d65229ab532f93802b200d69b85cf990b21494afcdb050a0cc2f71098,"{""circuit"":""surface_code:rotated_memory_x"",""cluster_node_limit"":50,""d"":3,""decoder"":""mwpf"",""decoder_type"":""SolverSerialJointSingleHair"",""p"":0.003,""p_erase"":0.003,""r"":3,""run_id"":""915e7fac76f0cb44d6aac79997be9e5a903d4aa353a8207f80b396814e1292cb""}",
       273,         0,         0,   0.017,mwpf__f4eaffc7e8b345bd4ed12e044b14c9eca5eb9d6063d64430985ec7c298159463,1c0b2318b8e500ddb1032a5e330292dd6110fcabf993e79d05dcfbebeb6f8881,"{""circuit"":""surface_code:rotated_memory_x"",""cluster_node_limit"":50,""d"":3,""decoder"":""mwpf"",""decoder_type"":""SolverSerialJointSingleHair"",""p"":0.01,""p_erase"":0.01,""r"":3,""run_id"":""5b6db69d825a9e1af451573dd00a4a7082d74a5e74fde81d397d7b0bcc5645b2""}",
       273,         0,         0,   0.015,mwpf__2d43dbac6f220be8e75258fcbaa1915a92302bec253b831525bc35e7adeec1b6,64b3d9f5baf6f09488c41396f9407eb7cf2e57debde21e687e5552cba9d5418a,"{""circuit"":""surface_code:rotated_memory_x"",""cluster_node_limit"":50,""d"":3,""decoder"":""mwpf"",""decoder_type"":""SolverSerialJointSingleHair"",""p"":0.009,""p_erase"":0.009,""r"":3,""run_id"":""f3773bbf3001f7044304ac6a12d9ddb4d020a1b2b51ce7b475f4f14944f915f3""}",
       273,         1,         0,   0.013,mwpf__cdbabe99b4f243243aad339bb11c8a90131812a9c01e0de682a2aca46d6d55ff,ddc6d0a0729b2070c0dbbc972d7b9e687957f33bd2fd578d2477245fef7735ad,"{""circuit"":""surface_code:rotated_memory_x"",""cluster_node_limit"":50,""d"":3,""decoder"":""mwpf"",""decoder_type"":""SolverSerialJointSingleHair"",""p"":0.008,""p_erase"":0.008,""r"":3,""run_id"":""842b8d9622dd95e081373b13334f0c4c970c25ea256e90e9985b8d1bb6968aef""}",
      1024,         3,         0,   0.058,mwpf__f4eaffc7e8b345bd4ed12e044b14c9eca5eb9d6063d64430985ec7c298159463,1c0b2318b8e500ddb1032a5e330292dd6110fcabf993e79d05dcfbebeb6f8881,"{""circuit"":""surface_code:rotated_memory_x"",""cluster_node_limit"":50,""d"":3,""decoder"":""mwpf"",""decoder_type"":""SolverSerialJointSingleHair"",""p"":0.01,""p_erase"":0.01,""r"":3,""run_id"":""5b6db69d825a9e1af451573dd00a4a7082d74a5e74fde81d397d7b0bcc5645b2""}",
      1024,         2,         0,   0.055,mwpf__2d43dbac6f220be8e75258fcbaa1915a92302bec253b831525bc35e7adeec1b6,64b3d9f5baf6f09488c41396f9407eb7cf2e57debde21e687e5552cba9d5418a,"{""circuit"":""surface_code:rotated_memory_x"",""cluster_node_limit"":50,""d"":3,""decoder"":""mwpf"",""decoder_type"":""SolverSerialJointSingleHair"",""p"":0.009,""p_erase"":0.009,""r"":3,""run_id"":""f3773bbf3001f7044304ac6a12d9ddb4d020a1b2b51ce7b475f4f14944f915f3""}",
       273,        16,         0,   0.036,mwpf__d08ecc2ae4e76ccb11121c648d76bb1a9dceb54ba88d0bda3ca1942f8172f6b2,9f276de840468236fef01318b2cf4b6d7c2e1758c53771e1f5f515c9efa1fe7a,"{""circuit"":""surface_code:rotated_memory_x"",""cluster_node_limit"":50,""d"":3,""decoder"":""mwpf"",""decoder_type"":""SolverSerialJointSingleHair"",""p"":0.03,""p_erase"":0.03,""r"":3,""run_id"":""1b0c559dafd8f14b5d58ea78c3999f6ea71afe3722dfa6ff7d8583aa5e1d218c""}",
      7168,         7,         0,   0.334,mwpf__b97013a8da0fd8f6885b17db2a42ab25b19ddfdf52e8fcbc8652f7f86a4a96cb,0fcbe56867e1865cf3743ffac95ee6934c3a42db582868c86348a2ad7290185e,"{""circuit"":""surface_code:rotated_memory_x"",""cluster_node_limit"":50,""d"":3,""decoder"":""mwpf"",""decoder_type"":""SolverSerialJointSingleHair"",""p"":0.0075,""p_erase"":0.0075,""r"":3,""run_id"":""4bc734d2ac70cf62b78df146e81bdcf5df30d786b05a2eea177a13d890e64669""}",
      7168,         4,         0,   0.335,mwpf__71726d6ba25fe5b1097fdebf57bc9ee71a4920b66b52ccf640b9fe928e18d0f8,416965c75b19b01d4781182eaa19c998ff58123cda66a19c0d09dee75e64fffb,"{""circuit"":""surface_code:rotated_memory_x"",""cluster_node_limit"":50,""d"":3,""decoder"":""mwpf"",""decoder_type"":""SolverSerialJointSingleHair"",""p"":0.007,""p_erase"":0.007,""r"":3,""run_id"":""135e03791629607bb61bf8b9b22bc12f2324f26b65e31e82f5c3cd97d24c99c9""}",
      1024,         0,         0,   0.050,mwpf__cdbabe99b4f243243aad339bb11c8a90131812a9c01e0de682a2aca46d6d55ff,ddc6d0a0729b2070c0dbbc972d7b9e687957f33bd2fd578d2477245fef7735ad,"{""circuit"":""surface_code:rotated_memory_x"",""cluster_node_limit"":50,""d"":3,""decoder"":""mwpf"",""decoder_type"":""SolverSerialJointSingleHair"",""p"":0.008,""p_erase"":0.008,""r"":3,""run_id"":""842b8d9622dd95e081373b13334f0c4c970c25ea256e90e9985b8d1bb6968aef""}",
       273,         6,         0,   0.027,mwpf__bc6afb301d40de4dda36c86e2bee82ba9a2f3509c5e7adff85dedc84e2a08470,7be39a06112225b5216df3daf93370b2b9c424246e5cfcb6acb1a9865d6e9942,"{""circuit"":""surface_code:rotated_memory_x"",""cluster_node_limit"":50,""d"":3,""decoder"":""mwpf"",""decoder_type"":""SolverSerialJointSingleHair"",""p"":0.02,""p_erase"":0.02,""r"":3,""run_id"":""cbdcd76e4eac6e7ea58eb299d6c7091619bfb5b7954ed0656948ce94e45f36ab""}",
      1024,         1,         0,   0.054,mwpf__2d43dbac6f220be8e75258fcbaa1915a92302bec253b831525bc35e7adeec1b6,64b3d9f5baf6f09488c41396f9407eb7cf2e57debde21e687e5552cba9d5418a,"{""circuit"":""surface_code:rotated_memory_x"",""cluster_node_limit"":50,""d"":3,""decoder"":""mwpf"",""decoder_type"":""SolverSerialJointSingleHair"",""p"":0.009,""p_erase"":0.009,""r"":3,""run_id"":""f3773bbf3001f7044304ac6a12d9ddb4d020a1b2b51ce7b475f4f14944f915f3""}",
      2048,         0,         0,   0.489,mwpf__b97013a8da0fd8f6885b17db2a42ab25b19ddfdf52e8fcbc8652f7f86a4a96cb,0fcbe56867e1865cf3743ffac95ee6934c3a42db582868c86348a2ad7290185e,"{""circuit"":""surface_code:rotated_memory_x"",""cluster_node_limit"":50,""d"":3,""decoder"":""mwpf"",""decoder_type"":""SolverSerialJointSingleHair"",""p"":0.0075,""p_erase"":0.0075,""r"":3,""run_id"":""4bc734d2ac70cf62b78df146e81bdcf5df30d786b05a2eea177a13d890e64669""}",
      1024,         1,         0,   0.059,mwpf__f4eaffc7e8b345bd4ed12e044b14c9eca5eb9d6063d64430985ec7c298159463,1c0b2318b8e500ddb1032a5e330292dd6110fcabf993e79d05dcfbebeb6f8881,"{""circuit"":""surface_code:rotated_memory_x"",""cluster_node_limit"":50,""d"":3,""decoder"":""mwpf"",""decoder_type"":""SolverSerialJointSingleHair"",""p"":0.01,""p_erase"":0.01,""r"":3,""run_id"":""5b6db69d825a9e1af451573dd00a4a7082d74a5e74fde81d397d7b0bcc5645b2""}",
      1024,         2,         0,   0.050,mwpf__cdbabe99b4f243243aad339bb11c8a90131812a9c01e0de682a2aca46d6d55ff,ddc6d0a0729b2070c0dbbc972d7b9e687957f33bd2fd578d2477245fef7735ad,"{""circuit"":""surface_code:rotated_memory_x"",""cluster_node_limit"":50,""d"":3,""decoder"":""mwpf"",""decoder_type"":""SolverSerialJointSingleHair"",""p"":0.008,""p_erase"":0.008,""r"":3,""run_id"":""842b8d9622dd95e081373b13334f0c4c970c25ea256e90e9985b8d1bb6968aef""}",
      1024,         3,         0,   0.053,mwpf__2d43dbac6f220be8e75258fcbaa1915a92302bec253b831525bc35e7adeec1b6,64b3d9f5baf6f09488c41396f9407eb7cf2e57debde21e687e5552cba9d5418a,"{""circuit"":""surface_code:rotated_memory_x"",""cluster_node_limit"":50,""d"":3,""decoder"":""mwpf"",""decoder_type"":""SolverSerialJointSingleHair"",""p"":0.009,""p_erase"":0.009,""r"":3,""run_id"":""f3773bbf3001f7044304ac6a12d9ddb4d020a1b2b51ce7b475f4f14944f915f3""}",
      1024,        14,         0,   0.097,mwpf__bc6afb301d40de4dda36c86e2bee82ba9a2f3509c5e7adff85dedc84e2a08470,7be39a06112225b5216df3daf93370b2b9c424246e5cfcb6acb1a9865d6e9942,"{""circuit"":""surface_code:rotated_memory_x"",""cluster_node_limit"":50,""d"":3,""decoder"":""mwpf"",""decoder_type"":""SolverSerialJointSingleHair"",""p"":0.02,""p_erase"":0.02,""r"":3,""run_id"":""cbdcd76e4eac6e7ea58eb299d6c7091619bfb5b7954ed0656948ce94e45f36ab""}",
      2048,         3,         0,   0.423,mwpf__6a374b57c528f1fa3515562a1fcd08586fb590c5649146dc6a143bb06eeec077,f3e9207a47b74a52f31cee6ee65233df1dffd4d0d85fd55e88b8f5b6b8686260,"{""circuit"":""surface_code:rotated_memory_x"",""cluster_node_limit"":50,""d"":3,""decoder"":""mwpf"",""decoder_type"":""SolverSerialJointSingleHair"",""p"":0.006,""p_erase"":0.006,""r"":3,""run_id"":""dd60754122c9f7a810b0c1d8b1c92188ea52870232067546237f0fa25d610548""}",
      1024,         0,         0,   0.062,mwpf__f4eaffc7e8b345bd4ed12e044b14c9eca5eb9d6063d64430985ec7c298159463,1c0b2318b8e500ddb1032a5e330292dd6110fcabf993e79d05dcfbebeb6f8881,"{""circuit"":""surface_code:rotated_memory_x"",""cluster_node_limit"":50,""d"":3,""decoder"":""mwpf"",""decoder_type"":""SolverSerialJointSingleHair"",""p"":0.01,""p_erase"":0.01,""r"":3,""run_id"":""5b6db69d825a9e1af451573dd00a4a7082d74a5e74fde81d397d7b0bcc5645b2""}",
      1024,         1,         0,   0.051,mwpf__cdbabe99b4f243243aad339bb11c8a90131812a9c01e0de682a2aca46d6d55ff,ddc6d0a0729b2070c0dbbc972d7b9e687957f33bd2fd578d2477245fef7735ad,"{""circuit"":""surface_code:rotated_memory_x"",""cluster_node_limit"":50,""d"":3,""decoder"":""mwpf"",""decoder_type"":""SolverSerialJointSingleHair"",""p"":0.008,""p_erase"":0.008,""r"":3,""run_id"":""842b8d9622dd95e081373b13334f0c4c970c25ea256e90e9985b8d1bb6968aef""}",
      1024,        68,         0,   0.137,mwpf__d08ecc2ae4e76ccb11121c648d76bb1a9dceb54ba88d0bda3ca1942f8172f6b2,9f276de840468236fef01318b2cf4b6d7c2e1758c53771e1f5f515c9efa1fe7a,"{""circuit"":""surface_code:rotated_memory_x"",""cluster_node_limit"":50,""d"":3,""decoder"":""mwpf"",""decoder_type"":""SolverSerialJointSingleHair"",""p"":0.03,""p_erase"":0.03,""r"":3,""run_id"":""1b0c559dafd8f14b5d58ea78c3999f6ea71afe3722dfa6ff7d8583aa5e1d218c""}",
      1024,         1,         0,   0.055,mwpf__2d43dbac6f220be8e75258fcbaa1915a92302bec253b831525bc35e7adeec1b6,64b3d9f5baf6f09488c41396f9407eb7cf2e57debde21e687e5552cba9d5418a,"{""circuit"":""surface_code:rotated_memory_x"",""cluster_node_limit"":50,""d"":3,""decoder"":""mwpf"",""decoder_type"":""SolverSerialJointSingleHair"",""p"":0.009,""p_erase"":0.009,""r"":3,""run_id"":""f3773bbf3001f7044304ac6a12d9ddb4d020a1b2b51ce7b475f4f14944f915f3""}",
      1024,         1,         0,   0.050,mwpf__cdbabe99b4f243243aad339bb11c8a90131812a9c01e0de682a2aca46d6d55ff,ddc6d0a0729b2070c0dbbc972d7b9e687957f33bd2fd578d2477245fef7735ad,"{""circuit"":""surface_code:rotated_memory_x"",""cluster_node_limit"":50,""d"":3,""decoder"":""mwpf"",""decoder_type"":""SolverSerialJointSingleHair"",""p"":0.008,""p_erase"":0.008,""r"":3,""run_id"":""842b8d9622dd95e081373b13334f0c4c970c25ea256e90e9985b8d1bb6968aef""}",
      1024,         1,         0,   0.059,mwpf__f4eaffc7e8b345bd4ed12e044b14c9eca5eb9d6063d64430985ec7c298159463,1c0b2318b8e500ddb1032a5e330292dd6110fcabf993e79d05dcfbebeb6f8881,"{""circuit"":""surface_code:rotated_memory_x"",""cluster_node_limit"":50,""d"":3,""decoder"":""mwpf"",""decoder_type"":""SolverSerialJointSingleHair"",""p"":0.01,""p_erase"":0.01,""r"":3,""run_id"":""5b6db69d825a9e1af451573dd00a4a7082d74a5e74fde81d397d7b0bcc5645b2""}",
     19796,         1,         0,   0.618,mwpf__b872f877938abc74ac5cbaba353b6d05cca6c26386630928e9e8c556790460ab,8be4c71d65229ab532f93802b200d69b85cf990b21494afcdb050a0cc2f71098,"{""circuit"":""surface_code:rotated_memory_x"",""cluster_node_limit"":50,""d"":3,""decoder"":""mwpf"",""decoder_type"":""SolverSerialJointSingleHair"",""p"":0.003,""p_erase"":0.003,""r"":3,""run_id"":""915e7fac76f0cb44d6aac79997be9e5a903d4aa353a8207f80b396814e1292cb""}",
     10240,      1239,         0,    1.63,mwpf__ed26b1d41b10bd70b2e5191f5d45b8d7c77a0c90b2ed82a0d4ba27fc4edf117a,bc011b380b81e4ab7d7e1f1154213cc7a4acda72054632f5f7bab40c4c8b5b1f,"{""circuit"":""surface_code:rotated_memory_x"",""cluster_node_limit"":50,""d"":3,""decoder"":""mwpf"",""decoder_type"":""SolverSerialJointSingleHair"",""p"":0.04,""p_erase"":0.04,""r"":3,""run_id"":""0e93526537fe93e9b37e6ded05eb69843dc22921f011ffb0b3533b59cfc71ed2""}",
      1024,         2,         0,   0.055,mwpf__2d43dbac6f220be8e75258fcbaa1915a92302bec253b831525bc35e7adeec1b6,64b3d9f5baf6f09488c41396f9407eb7cf2e57debde21e687e5552cba9d5418a,"{""circuit"":""surface_code:rotated_memory_x"",""cluster_node_limit"":50,""d"":3,""decoder"":""mwpf"",""decoder_type"":""SolverSerialJointSingleHair"",""p"":0.009,""p_erase"":0.009,""r"":3,""run_id"":""f3773bbf3001f7044304ac6a12d9ddb4d020a1b2b51ce7b475f4f14944f915f3""}",
      1024,        13,         0,   0.098,mwpf__bc6afb301d40de4dda36c86e2bee82ba9a2f3509c5e7adff85dedc84e2a08470,7be39a06112225b5216df3daf93370b2b9c424246e5cfcb6acb1a9865d6e9942,"{""circuit"":""surface_code:rotated_memory_x"",""cluster_node_limit"":50,""d"":3,""decoder"":""mwpf"",""decoder_type"":""SolverSerialJointSingleHair"",""p"":0.02,""p_erase"":0.02,""r"":3,""run_id"":""cbdcd76e4eac6e7ea58eb299d6c7091619bfb5b7954ed0656948ce94e45f36ab""}",
     10240,      1160,         0,    1.64,mwpf__ed26b1d41b10bd70b2e5191f5d45b8d7c77a0c90b2ed82a0d4ba27fc4edf117a,bc011b380b81e4ab7d7e1f1154213cc7a4acda72054632f5f7bab40c4c8b5b1f,"{""circuit"":""surface_code:rotated_memory_x"",""cluster_node_limit"":50,""d"":3,""decoder"":""mwpf"",""decoder_type"":""SolverSerialJointSingleHair"",""p"":0.04,""p_erase"":0.04,""r"":3,""run_id"":""0e93526537fe93e9b37e6ded05eb69843dc22921f011ffb0b3533b59cfc71ed2""}",
     12288,       702,         0,    1.62,mwpf__d08ecc2ae4e76ccb11121c648d76bb1a9dceb54ba88d0bda3ca1942f8172f6b2,9f276de840468236fef01318b2cf4b6d7c2e1758c53771e1f5f515c9efa1fe7a,"{""circuit"":""surface_code:rotated_memory_x"",""cluster_node_limit"":50,""d"":3,""decoder"":""mwpf"",""decoder_type"":""SolverSerialJointSingleHair"",""p"":0.03,""p_erase"":0.03,""r"":3,""run_id"":""1b0c559dafd8f14b5d58ea78c3999f6ea71afe3722dfa6ff7d8583aa5e1d218c""}",
      1024,         2,         0,   0.058,mwpf__f4eaffc7e8b345bd4ed12e044b14c9eca5eb9d6063d64430985ec7c298159463,1c0b2318b8e500ddb1032a5e330292dd6110fcabf993e79d05dcfbebeb6f8881,"{""circuit"":""surface_code:rotated_memory_x"",""cluster_node_limit"":50,""d"":3,""decoder"":""mwpf"",""decoder_type"":""SolverSerialJointSingleHair"",""p"":0.01,""p_erase"":0.01,""r"":3,""run_id"":""5b6db69d825a9e1af451573dd00a4a7082d74a5e74fde81d397d7b0bcc5645b2""}",
     12288,       649,         0,    1.60,mwpf__d08ecc2ae4e76ccb11121c648d76bb1a9dceb54ba88d0bda3ca1942f8172f6b2,9f276de840468236fef01318b2cf4b6d7c2e1758c53771e1f5f515c9efa1fe7a,"{""circuit"":""surface_code:rotated_memory_x"",""cluster_node_limit"":50,""d"":3,""decoder"":""mwpf"",""decoder_type"":""SolverSerialJointSingleHair"",""p"":0.03,""p_erase"":0.03,""r"":3,""run_id"":""1b0c559dafd8f14b5d58ea78c3999f6ea71afe3722dfa6ff7d8583aa5e1d218c""}",
      1024,        55,         0,   0.132,mwpf__d08ecc2ae4e76ccb11121c648d76bb1a9dceb54ba88d0bda3ca1942f8172f6b2,9f276de840468236fef01318b2cf4b6d7c2e1758c53771e1f5f515c9efa1fe7a,"{""circuit"":""surface_code:rotated_memory_x"",""cluster_node_limit"":50,""d"":3,""decoder"":""mwpf"",""decoder_type"":""SolverSerialJointSingleHair"",""p"":0.03,""p_erase"":0.03,""r"":3,""run_id"":""1b0c559dafd8f14b5d58ea78c3999f6ea71afe3722dfa6ff7d8583aa5e1d218c""}",
      2048,         1,         0,   0.104,mwpf__cdbabe99b4f243243aad339bb11c8a90131812a9c01e0de682a2aca46d6d55ff,ddc6d0a0729b2070c0dbbc972d7b9e687957f33bd2fd578d2477245fef7735ad,"{""circuit"":""surface_code:rotated_memory_x"",""cluster_node_limit"":50,""d"":3,""decoder"":""mwpf"",""decoder_type"":""SolverSerialJointSingleHair"",""p"":0.008,""p_erase"":0.008,""r"":3,""run_id"":""842b8d9622dd95e081373b13334f0c4c970c25ea256e90e9985b8d1bb6968aef""}",
      1024,        17,         0,   0.093,mwpf__bc6afb301d40de4dda36c86e2bee82ba9a2f3509c5e7adff85dedc84e2a08470,7be39a06112225b5216df3daf93370b2b9c424246e5cfcb6acb1a9865d6e9942,"{""circuit"":""surface_code:rotated_memory_x"",""cluster_node_limit"":50,""d"":3,""decoder"":""mwpf"",""decoder_type"":""SolverSerialJointSingleHair"",""p"":0.02,""p_erase"":0.02,""r"":3,""run_id"":""cbdcd76e4eac6e7ea58eb299d6c7091619bfb5b7954ed0656948ce94e45f36ab""}",
      2048,         2,         0,   0.109,mwpf__2d43dbac6f220be8e75258fcbaa1915a92302bec253b831525bc35e7adeec1b6,64b3d9f5baf6f09488c41396f9407eb7cf2e57debde21e687e5552cba9d5418a,"{""circuit"":""surface_code:rotated_memory_x"",""cluster_node_limit"":50,""d"":3,""decoder"":""mwpf"",""decoder_type"":""SolverSerialJointSingleHair"",""p"":0.009,""p_erase"":0.009,""r"":3,""run_id"":""f3773bbf3001f7044304ac6a12d9ddb4d020a1b2b51ce7b475f4f14944f915f3""}",
      3072,         2,         0,   0.690,mwpf__b97013a8da0fd8f6885b17db2a42ab25b19ddfdf52e8fcbc8652f7f86a4a96cb,0fcbe56867e1865cf3743ffac95ee6934c3a42db582868c86348a2ad7290185e,"{""circuit"":""surface_code:rotated_memory_x"",""cluster_node_limit"":50,""d"":3,""decoder"":""mwpf"",""decoder_type"":""SolverSerialJointSingleHair"",""p"":0.0075,""p_erase"":0.0075,""r"":3,""run_id"":""4bc734d2ac70cf62b78df146e81bdcf5df30d786b05a2eea177a13d890e64669""}",
      2048,         2,         0,   0.116,mwpf__f4eaffc7e8b345bd4ed12e044b14c9eca5eb9d6063d64430985ec7c298159463,1c0b2318b8e500ddb1032a5e330292dd6110fcabf993e79d05dcfbebeb6f8881,"{""circuit"":""surface_code:rotated_memory_x"",""cluster_node_limit"":50,""d"":3,""decoder"":""mwpf"",""decoder_type"":""SolverSerialJointSingleHair"",""p"":0.01,""p_erase"":0.01,""r"":3,""run_id"":""5b6db69d825a9e1af451573dd00a4a7082d74a5e74fde81d397d7b0bcc5645b2""}",
      2048,         1,         0,   0.100,mwpf__cdbabe99b4f243243aad339bb11c8a90131812a9c01e0de682a2aca46d6d55ff,ddc6d0a0729b2070c0dbbc972d7b9e687957f33bd2fd578d2477245fef7735ad,"{""circuit"":""surface_code:rotated_memory_x"",""cluster_node_limit"":50,""d"":3,""decoder"":""mwpf"",""decoder_type"":""SolverSerialJointSingleHair"",""p"":0.008,""p_erase"":0.008,""r"":3,""run_id"":""842b8d9622dd95e081373b13334f0c4c970c25ea256e90e9985b8d1bb6968aef""}",
      1024,       123,         0,   0.165,mwpf__ed26b1d41b10bd70b2e5191f5d45b8d7c77a0c90b2ed82a0d4ba27fc4edf117a,bc011b380b81e4ab7d7e1f1154213cc7a4acda72054632f5f7bab40c4c8b5b1f,"{""circuit"":""surface_code:rotated_memory_x"",""cluster_node_limit"":50,""d"":3,""decoder"":""mwpf"",""decoder_type"":""SolverSerialJointSingleHair"",""p"":0.04,""p_erase"":0.04,""r"":3,""run_id"":""0e93526537fe93e9b37e6ded05eb69843dc22921f011ffb0b3533b59cfc71ed2""}",
      1024,       122,         0,   0.167,mwpf__ed26b1d41b10bd70b2e5191f5d45b8d7c77a0c90b2ed82a0d4ba27fc4edf117a,bc011b380b81e4ab7d7e1f1154213cc7a4acda72054632f5f7bab40c4c8b5b1f,"{""circuit"":""surface_code:rotated_memory_x"",""cluster_node_limit"":50,""d"":3,""decoder"":""mwpf"",""decoder_type"":""SolverSerialJointSingleHair"",""p"":0.04,""p_erase"":0.04,""r"":3,""run_id"":""0e93526537fe93e9b37e6ded05eb69843dc22921f011ffb0b3533b59cfc71ed2""}",
      6144,         0,         0,   0.859,mwpf__b872f877938abc74ac5cbaba353b6d05cca6c26386630928e9e8c556790460ab,8be4c71d65229ab532f93802b200d69b85cf990b21494afcdb050a0cc2f71098,"{""circuit"":""surface_code:rotated_memory_x"",""cluster_node_limit"":50,""d"":3,""decoder"":""mwpf"",""decoder_type"":""SolverSerialJointSingleHair"",""p"":0.003,""p_erase"":0.003,""r"":3,""run_id"":""915e7fac76f0cb44d6aac79997be9e5a903d4aa353a8207f80b396814e1292cb""}",
      1024,        56,         0,   0.130,mwpf__d08ecc2ae4e76ccb11121c648d76bb1a9dceb54ba88d0bda3ca1942f8172f6b2,9f276de840468236fef01318b2cf4b6d7c2e1758c53771e1f5f515c9efa1fe7a,"{""circuit"":""surface_code:rotated_memory_x"",""cluster_node_limit"":50,""d"":3,""decoder"":""mwpf"",""decoder_type"":""SolverSerialJointSingleHair"",""p"":0.03,""p_erase"":0.03,""r"":3,""run_id"":""1b0c559dafd8f14b5d58ea78c3999f6ea71afe3722dfa6ff7d8583aa5e1d218c""}",
      1024,        20,         0,   0.096,mwpf__bc6afb301d40de4dda36c86e2bee82ba9a2f3509c5e7adff85dedc84e2a08470,7be39a06112225b5216df3daf93370b2b9c424246e5cfcb6acb1a9865d6e9942,"{""circuit"":""surface_code:rotated_memory_x"",""cluster_node_limit"":50,""d"":3,""decoder"":""mwpf"",""decoder_type"":""SolverSerialJointSingleHair"",""p"":0.02,""p_erase"":0.02,""r"":3,""run_id"":""cbdcd76e4eac6e7ea58eb299d6c7091619bfb5b7954ed0656948ce94e45f36ab""}",
     14847,         0,         0,   0.461,mwpf__b872f877938abc74ac5cbaba353b6d05cca6c26386630928e9e8c556790460ab,8be4c71d65229ab532f93802b200d69b85cf990b21494afcdb050a0cc2f71098,"{""circuit"":""surface_code:rotated_memory_x"",""cluster_node_limit"":50,""d"":3,""decoder"":""mwpf"",""decoder_type"":""SolverSerialJointSingleHair"",""p"":0.003,""p_erase"":0.003,""r"":3,""run_id"":""915e7fac76f0cb44d6aac79997be9e5a903d4aa353a8207f80b396814e1292cb""}",
      2048,         2,         0,   0.106,mwpf__2d43dbac6f220be8e75258fcbaa1915a92302bec253b831525bc35e7adeec1b6,64b3d9f5baf6f09488c41396f9407eb7cf2e57debde21e687e5552cba9d5418a,"{""circuit"":""surface_code:rotated_memory_x"",""cluster_node_limit"":50,""d"":3,""decoder"":""mwpf"",""decoder_type"":""SolverSerialJointSingleHair"",""p"":0.009,""p_erase"":0.009,""r"":3,""run_id"":""f3773bbf3001f7044304ac6a12d9ddb4d020a1b2b51ce7b475f4f14944f915f3""}",
      9216,         7,         0,   0.430,mwpf__71726d6ba25fe5b1097fdebf57bc9ee71a4920b66b52ccf640b9fe928e18d0f8,416965c75b19b01d4781182eaa19c998ff58123cda66a19c0d09dee75e64fffb,"{""circuit"":""surface_code:rotated_memory_x"",""cluster_node_limit"":50,""d"":3,""decoder"":""mwpf"",""decoder_type"":""SolverSerialJointSingleHair"",""p"":0.007,""p_erase"":0.007,""r"":3,""run_id"":""135e03791629607bb61bf8b9b22bc12f2324f26b65e31e82f5c3cd97d24c99c9""}",
      9216,         4,         0,   0.436,mwpf__b97013a8da0fd8f6885b17db2a42ab25b19ddfdf52e8fcbc8652f7f86a4a96cb,0fcbe56867e1865cf3743ffac95ee6934c3a42db582868c86348a2ad7290185e,"{""circuit"":""surface_code:rotated_memory_x"",""cluster_node_limit"":50,""d"":3,""decoder"":""mwpf"",""decoder_type"":""SolverSerialJointSingleHair"",""p"":0.0075,""p_erase"":0.0075,""r"":3,""run_id"":""4bc734d2ac70cf62b78df146e81bdcf5df30d786b05a2eea177a13d890e64669""}",
     30201,        13,         0,    1.27,mwpf__6a374b57c528f1fa3515562a1fcd08586fb590c5649146dc6a143bb06eeec077,f3e9207a47b74a52f31cee6ee65233df1dffd4d0d85fd55e88b8f5b6b8686260,"{""circuit"":""surface_code:rotated_memory_x"",""cluster_node_limit"":50,""d"":3,""decoder"":""mwpf"",""decoder_type"":""SolverSerialJointSingleHair"",""p"":0.006,""p_erase"":0.006,""r"":3,""run_id"":""dd60754122c9f7a810b0c1d8b1c92188ea52870232067546237f0fa25d610548""}",
      2048,         4,         0,   0.116,mwpf__f4eaffc7e8b345bd4ed12e044b14c9eca5eb9d6063d64430985ec7c298159463,1c0b2318b8e500ddb1032a5e330292dd6110fcabf993e79d05dcfbebeb6f8881,"{""circuit"":""surface_code:rotated_memory_x"",""cluster_node_limit"":50,""d"":3,""decoder"":""mwpf"",""decoder_type"":""SolverSerialJointSingleHair"",""p"":0.01,""p_erase"":0.01,""r"":3,""run_id"":""5b6db69d825a9e1af451573dd00a4a7082d74a5e74fde81d397d7b0bcc5645b2""}",
      3072,         3,         0,   0.751,mwpf__cdbabe99b4f243243aad339bb11c8a90131812a9c01e0de682a2aca46d6d55ff,ddc6d0a0729b2070c0dbbc972d7b9e687957f33bd2fd578d2477245fef7735ad,"{""circuit"":""surface_code:rotated_memory_x"",""cluster_node_limit"":50,""d"":3,""decoder"":""mwpf"",""decoder_type"":""SolverSerialJointSingleHair"",""p"":0.008,""p_erase"":0.008,""r"":3,""run_id"":""842b8d9622dd95e081373b13334f0c4c970c25ea256e90e9985b8d1bb6968aef""}",
      1024,        27,         0,   0.096,mwpf__bc6afb301d40de4dda36c86e2bee82ba9a2f3509c5e7adff85dedc84e2a08470,7be39a06112225b5216df3daf93370b2b9c424246e5cfcb6acb1a9865d6e9942,"{""circuit"":""surface_code:rotated_memory_x"",""cluster_node_limit"":50,""d"":3,""decoder"":""mwpf"",""decoder_type"":""SolverSerialJointSingleHair"",""p"":0.02,""p_erase"":0.02,""r"":3,""run_id"":""cbdcd76e4eac6e7ea58eb299d6c7091619bfb5b7954ed0656948ce94e45f36ab""}",
      9600,         0,         0,   0.296,mwpf__b872f877938abc74ac5cbaba353b6d05cca6c26386630928e9e8c556790460ab,8be4c71d65229ab532f93802b200d69b85cf990b21494afcdb050a0cc2f71098,"{""circuit"":""surface_code:rotated_memory_x"",""cluster_node_limit"":50,""d"":3,""decoder"":""mwpf"",""decoder_type"":""SolverSerialJointSingleHair"",""p"":0.003,""p_erase"":0.003,""r"":3,""run_id"":""915e7fac76f0cb44d6aac79997be9e5a903d4aa353a8207f80b396814e1292cb""}",
      2048,         1,         0,   0.456,mwpf__b97013a8da0fd8f6885b17db2a42ab25b19ddfdf52e8fcbc8652f7f86a4a96cb,0fcbe56867e1865cf3743ffac95ee6934c3a42db582868c86348a2ad7290185e,"{""circuit"":""surface_code:rotated_memory_x"",""cluster_node_limit"":50,""d"":3,""decoder"":""mwpf"",""decoder_type"":""SolverSerialJointSingleHair"",""p"":0.0075,""p_erase"":0.0075,""r"":3,""run_id"":""4bc734d2ac70cf62b78df146e81bdcf5df30d786b05a2eea177a13d890e64669""}",
      3072,         4,         0,   0.152,mwpf__cdbabe99b4f243243aad339bb11c8a90131812a9c01e0de682a2aca46d6d55ff,ddc6d0a0729b2070c0dbbc972d7b9e687957f33bd2fd578d2477245fef7735ad,"{""circuit"":""surface_code:rotated_memory_x"",""cluster_node_limit"":50,""d"":3,""decoder"":""mwpf"",""decoder_type"":""SolverSerialJointSingleHair"",""p"":0.008,""p_erase"":0.008,""r"":3,""run_id"":""842b8d9622dd95e081373b13334f0c4c970c25ea256e90e9985b8d1bb6968aef""}",
      1024,        64,         0,   0.126,mwpf__d08ecc2ae4e76ccb11121c648d76bb1a9dceb54ba88d0bda3ca1942f8172f6b2,9f276de840468236fef01318b2cf4b6d7c2e1758c53771e1f5f515c9efa1fe7a,"{""circuit"":""surface_code:rotated_memory_x"",""cluster_node_limit"":50,""d"":3,""decoder"":""mwpf"",""decoder_type"":""SolverSerialJointSingleHair"",""p"":0.03,""p_erase"":0.03,""r"":3,""run_id"":""1b0c559dafd8f14b5d58ea78c3999f6ea71afe3722dfa6ff7d8583aa5e1d218c""}",
      5247,         2,         0,   0.158,mwpf__b872f877938abc74ac5cbaba353b6d05cca6c26386630928e9e8c556790460ab,8be4c71d65229ab532f93802b200d69b85cf990b21494afcdb050a0cc2f71098,"{""circuit"":""surface_code:rotated_memory_x"",""cluster_node_limit"":50,""d"":3,""decoder"":""mwpf"",""decoder_type"":""SolverSerialJointSingleHair"",""p"":0.003,""p_erase"":0.003,""r"":3,""run_id"":""915e7fac76f0cb44d6aac79997be9e5a903d4aa353a8207f80b396814e1292cb""}",
      1503,         0,         0,   0.047,mwpf__b872f877938abc74ac5cbaba353b6d05cca6c26386630928e9e8c556790460ab,8be4c71d65229ab532f93802b200d69b85cf990b21494afcdb050a0cc2f71098,"{""circuit"":""surface_code:rotated_memory_x"",""cluster_node_limit"":50,""d"":3,""decoder"":""mwpf"",""decoder_type"":""SolverSerialJointSingleHair"",""p"":0.003,""p_erase"":0.003,""r"":3,""run_id"":""915e7fac76f0cb44d6aac79997be9e5a903d4aa353a8207f80b396814e1292cb""}",
      3072,         7,         0,   0.163,mwpf__2d43dbac6f220be8e75258fcbaa1915a92302bec253b831525bc35e7adeec1b6,64b3d9f5baf6f09488c41396f9407eb7cf2e57debde21e687e5552cba9d5418a,"{""circuit"":""surface_code:rotated_memory_x"",""cluster_node_limit"":50,""d"":3,""decoder"":""mwpf"",""decoder_type"":""SolverSerialJointSingleHair"",""p"":0.009,""p_erase"":0.009,""r"":3,""run_id"":""f3773bbf3001f7044304ac6a12d9ddb4d020a1b2b51ce7b475f4f14944f915f3""}",
      1024,        17,         0,   0.096,mwpf__bc6afb301d40de4dda36c86e2bee82ba9a2f3509c5e7adff85dedc84e2a08470,7be39a06112225b5216df3daf93370b2b9c424246e5cfcb6acb1a9865d6e9942,"{""circuit"":""surface_code:rotated_memory_x"",""cluster_node_limit"":50,""d"":3,""decoder"":""mwpf"",""decoder_type"":""SolverSerialJointSingleHair"",""p"":0.02,""p_erase"":0.02,""r"":3,""run_id"":""cbdcd76e4eac6e7ea58eb299d6c7091619bfb5b7954ed0656948ce94e45f36ab""}",
      3072,         2,         0,   0.169,mwpf__f4eaffc7e8b345bd4ed12e044b14c9eca5eb9d6063d64430985ec7c298159463,1c0b2318b8e500ddb1032a5e330292dd6110fcabf993e79d05dcfbebeb6f8881,"{""circuit"":""surface_code:rotated_memory_x"",""cluster_node_limit"":50,""d"":3,""decoder"":""mwpf"",""decoder_type"":""SolverSerialJointSingleHair"",""p"":0.01,""p_erase"":0.01,""r"":3,""run_id"":""5b6db69d825a9e1af451573dd00a4a7082d74a5e74fde81d397d7b0bcc5645b2""}",
      1297,         0,         0,   0.039,mwpf__b872f877938abc74ac5cbaba353b6d05cca6c26386630928e9e8c556790460ab,8be4c71d65229ab532f93802b200d69b85cf990b21494afcdb050a0cc2f71098,"{""circuit"":""surface_code:rotated_memory_x"",""cluster_node_limit"":50,""d"":3,""decoder"":""mwpf"",""decoder_type"":""SolverSerialJointSingleHair"",""p"":0.003,""p_erase"":0.003,""r"":3,""run_id"":""915e7fac76f0cb44d6aac79997be9e5a903d4aa353a8207f80b396814e1292cb""}",
      1024,        65,         0,   0.132,mwpf__d08ecc2ae4e76ccb11121c648d76bb1a9dceb54ba88d0bda3ca1942f8172f6b2,9f276de840468236fef01318b2cf4b6d7c2e1758c53771e1f5f515c9efa1fe7a,"{""circuit"":""surface_code:rotated_memory_x"",""cluster_node_limit"":50,""d"":3,""decoder"":""mwpf"",""decoder_type"":""SolverSerialJointSingleHair"",""p"":0.03,""p_erase"":0.03,""r"":3,""run_id"":""1b0c559dafd8f14b5d58ea78c3999f6ea71afe3722dfa6ff7d8583aa5e1d218c""}",
      1024,         0,         0,   0.031,mwpf__b872f877938abc74ac5cbaba353b6d05cca6c26386630928e9e8c556790460ab,8be4c71d65229ab532f93802b200d69b85cf990b21494afcdb050a0cc2f71098,"{""circuit"":""surface_code:rotated_memory_x"",""cluster_node_limit"":50,""d"":3,""decoder"":""mwpf"",""decoder_type"":""SolverSerialJointSingleHair"",""p"":0.003,""p_erase"":0.003,""r"":3,""run_id"":""915e7fac76f0cb44d6aac79997be9e5a903d4aa353a8207f80b396814e1292cb""}",
      3072,         4,         0,   0.152,mwpf__cdbabe99b4f243243aad339bb11c8a90131812a9c01e0de682a2aca46d6d55ff,ddc6d0a0729b2070c0dbbc972d7b9e687957f33bd2fd578d2477245fef7735ad,"{""circuit"":""surface_code:rotated_memory_x"",""cluster_node_limit"":50,""d"":3,""decoder"":""mwpf"",""decoder_type"":""SolverSerialJointSingleHair"",""p"":0.008,""p_erase"":0.008,""r"":3,""run_id"":""842b8d9622dd95e081373b13334f0c4c970c25ea256e90e9985b8d1bb6968aef""}",
      1024,         0,         0,   0.031,mwpf__b872f877938abc74ac5cbaba353b6d05cca6c26386630928e9e8c556790460ab,8be4c71d65229ab532f93802b200d69b85cf990b21494afcdb050a0cc2f71098,"{""circuit"":""surface_code:rotated_memory_x"",""cluster_node_limit"":50,""d"":3,""decoder"":""mwpf"",""decoder_type"":""SolverSerialJointSingleHair"",""p"":0.003,""p_erase"":0.003,""r"":3,""run_id"":""915e7fac76f0cb44d6aac79997be9e5a903d4aa353a8207f80b396814e1292cb""}",
      4096,         1,         0,   0.916,mwpf__71726d6ba25fe5b1097fdebf57bc9ee71a4920b66b52ccf640b9fe928e18d0f8,416965c75b19b01d4781182eaa19c998ff58123cda66a19c0d09dee75e64fffb,"{""circuit"":""surface_code:rotated_memory_x"",""cluster_node_limit"":50,""d"":3,""decoder"":""mwpf"",""decoder_type"":""SolverSerialJointSingleHair"",""p"":0.007,""p_erase"":0.007,""r"":3,""run_id"":""135e03791629607bb61bf8b9b22bc12f2324f26b65e31e82f5c3cd97d24c99c9""}",
      4088,         0,         0,   0.125,mwpf__b872f877938abc74ac5cbaba353b6d05cca6c26386630928e9e8c556790460ab,8be4c71d65229ab532f93802b200d69b85cf990b21494afcdb050a0cc2f71098,"{""circuit"":""surface_code:rotated_memory_x"",""cluster_node_limit"":50,""d"":3,""decoder"":""mwpf"",""decoder_type"":""SolverSerialJointSingleHair"",""p"":0.003,""p_erase"":0.003,""r"":3,""run_id"":""915e7fac76f0cb44d6aac79997be9e5a903d4aa353a8207f80b396814e1292cb""}",
      4096,         0,         0,   0.126,mwpf__b872f877938abc74ac5cbaba353b6d05cca6c26386630928e9e8c556790460ab,8be4c71d65229ab532f93802b200d69b85cf990b21494afcdb050a0cc2f71098,"{""circuit"":""surface_code:rotated_memory_x"",""cluster_node_limit"":50,""d"":3,""decoder"":""mwpf"",""decoder_type"":""SolverSerialJointSingleHair"",""p"":0.003,""p_erase"":0.003,""r"":3,""run_id"":""915e7fac76f0cb44d6aac79997be9e5a903d4aa353a8207f80b396814e1292cb""}",
      1024,         0,         0,   0.031,mwpf__b872f877938abc74ac5cbaba353b6d05cca6c26386630928e9e8c556790460ab,8be4c71d65229ab532f93802b200d69b85cf990b21494afcdb050a0cc2f71098,"{""circuit"":""surface_code:rotated_memory_x"",""cluster_node_limit"":50,""d"":3,""decoder"":""mwpf"",""decoder_type"":""SolverSerialJointSingleHair"",""p"":0.003,""p_erase"":0.003,""r"":3,""run_id"":""915e7fac76f0cb44d6aac79997be9e5a903d4aa353a8207f80b396814e1292cb""}",
      3072,         2,         0,   0.628,mwpf__6a374b57c528f1fa3515562a1fcd08586fb590c5649146dc6a143bb06eeec077,f3e9207a47b74a52f31cee6ee65233df1dffd4d0d85fd55e88b8f5b6b8686260,"{""circuit"":""surface_code:rotated_memory_x"",""cluster_node_limit"":50,""d"":3,""decoder"":""mwpf"",""decoder_type"":""SolverSerialJointSingleHair"",""p"":0.006,""p_erase"":0.006,""r"":3,""run_id"":""dd60754122c9f7a810b0c1d8b1c92188ea52870232067546237f0fa25d610548""}",
      1151,         0,         0,   0.035,mwpf__b872f877938abc74ac5cbaba353b6d05cca6c26386630928e9e8c556790460ab,8be4c71d65229ab532f93802b200d69b85cf990b21494afcdb050a0cc2f71098,"{""circuit"":""surface_code:rotated_memory_x"",""cluster_node_limit"":50,""d"":3,""decoder"":""mwpf"",""decoder_type"":""SolverSerialJointSingleHair"",""p"":0.003,""p_erase"":0.003,""r"":3,""run_id"":""915e7fac76f0cb44d6aac79997be9e5a903d4aa353a8207f80b396814e1292cb""}",
      1606,         0,         0,   0.048,mwpf__b872f877938abc74ac5cbaba353b6d05cca6c26386630928e9e8c556790460ab,8be4c71d65229ab532f93802b200d69b85cf990b21494afcdb050a0cc2f71098,"{""circuit"":""surface_code:rotated_memory_x"",""cluster_node_limit"":50,""d"":3,""decoder"":""mwpf"",""decoder_type"":""SolverSerialJointSingleHair"",""p"":0.003,""p_erase"":0.003,""r"":3,""run_id"":""915e7fac76f0cb44d6aac79997be9e5a903d4aa353a8207f80b396814e1292cb""}",
      2048,        29,         0,   0.189,mwpf__bc6afb301d40de4dda36c86e2bee82ba9a2f3509c5e7adff85dedc84e2a08470,7be39a06112225b5216df3daf93370b2b9c424246e5cfcb6acb1a9865d6e9942,"{""circuit"":""surface_code:rotated_memory_x"",""cluster_node_limit"":50,""d"":3,""decoder"":""mwpf"",""decoder_type"":""SolverSerialJointSingleHair"",""p"":0.02,""p_erase"":0.02,""r"":3,""run_id"":""cbdcd76e4eac6e7ea58eb299d6c7091619bfb5b7954ed0656948ce94e45f36ab""}",
      1024,        53,         0,   0.129,mwpf__d08ecc2ae4e76ccb11121c648d76bb1a9dceb54ba88d0bda3ca1942f8172f6b2,9f276de840468236fef01318b2cf4b6d7c2e1758c53771e1f5f515c9efa1fe7a,"{""circuit"":""surface_code:rotated_memory_x"",""cluster_node_limit"":50,""d"":3,""decoder"":""mwpf"",""decoder_type"":""SolverSerialJointSingleHair"",""p"":0.03,""p_erase"":0.03,""r"":3,""run_id"":""1b0c559dafd8f14b5d58ea78c3999f6ea71afe3722dfa6ff7d8583aa5e1d218c""}",
       849,         0,         0,   0.026,mwpf__b872f877938abc74ac5cbaba353b6d05cca6c26386630928e9e8c556790460ab,8be4c71d65229ab532f93802b200d69b85cf990b21494afcdb050a0cc2f71098,"{""circuit"":""surface_code:rotated_memory_x"",""cluster_node_limit"":50,""d"":3,""decoder"":""mwpf"",""decoder_type"":""SolverSerialJointSingleHair"",""p"":0.003,""p_erase"":0.003,""r"":3,""run_id"":""915e7fac76f0cb44d6aac79997be9e5a903d4aa353a8207f80b396814e1292cb""}",
      4096,         8,         0,   0.216,mwpf__2d43dbac6f220be8e75258fcbaa1915a92302bec253b831525bc35e7adeec1b6,64b3d9f5baf6f09488c41396f9407eb7cf2e57debde21e687e5552cba9d5418a,"{""circuit"":""surface_code:rotated_memory_x"",""cluster_node_limit"":50,""d"":3,""decoder"":""mwpf"",""decoder_type"":""SolverSerialJointSingleHair"",""p"":0.009,""p_erase"":0.009,""r"":3,""run_id"":""f3773bbf3001f7044304ac6a12d9ddb4d020a1b2b51ce7b475f4f14944f915f3""}",
      4096,         3,         0,   0.230,mwpf__f4eaffc7e8b345bd4ed12e044b14c9eca5eb9d6063d64430985ec7c298159463,1c0b2318b8e500ddb1032a5e330292dd6110fcabf993e79d05dcfbebeb6f8881,"{""circuit"":""surface_code:rotated_memory_x"",""cluster_node_limit"":50,""d"":3,""decoder"":""mwpf"",""decoder_type"":""SolverSerialJointSingleHair"",""p"":0.01,""p_erase"":0.01,""r"":3,""run_id"":""5b6db69d825a9e1af451573dd00a4a7082d74a5e74fde81d397d7b0bcc5645b2""}",
       762,         0,         0,   0.032,mwpf__b872f877938abc74ac5cbaba353b6d05cca6c26386630928e9e8c556790460ab,8be4c71d65229ab532f93802b200d69b85cf990b21494afcdb050a0cc2f71098,"{""circuit"":""surface_code:rotated_memory_x"",""cluster_node_limit"":50,""d"":3,""decoder"":""mwpf"",""decoder_type"":""SolverSerialJointSingleHair"",""p"":0.003,""p_erase"":0.003,""r"":3,""run_id"":""915e7fac76f0cb44d6aac79997be9e5a903d4aa353a8207f80b396814e1292cb""}",
      1472,         0,         0,   0.046,mwpf__b872f877938abc74ac5cbaba353b6d05cca6c26386630928e9e8c556790460ab,8be4c71d65229ab532f93802b200d69b85cf990b21494afcdb050a0cc2f71098,"{""circuit"":""surface_code:rotated_memory_x"",""cluster_node_limit"":50,""d"":3,""decoder"":""mwpf"",""decoder_type"":""SolverSerialJointSingleHair"",""p"":0.003,""p_erase"":0.003,""r"":3,""run_id"":""915e7fac76f0cb44d6aac79997be9e5a903d4aa353a8207f80b396814e1292cb""}",
      4096,         2,         0,   0.208,mwpf__cdbabe99b4f243243aad339bb11c8a90131812a9c01e0de682a2aca46d6d55ff,ddc6d0a0729b2070c0dbbc972d7b9e687957f33bd2fd578d2477245fef7735ad,"{""circuit"":""surface_code:rotated_memory_x"",""cluster_node_limit"":50,""d"":3,""decoder"":""mwpf"",""decoder_type"":""SolverSerialJointSingleHair"",""p"":0.008,""p_erase"":0.008,""r"":3,""run_id"":""842b8d9622dd95e081373b13334f0c4c970c25ea256e90e9985b8d1bb6968aef""}",
      3654,         0,         0,   0.507,mwpf__b872f877938abc74ac5cbaba353b6d05cca6c26386630928e9e8c556790460ab,8be4c71d65229ab532f93802b200d69b85cf990b21494afcdb050a0cc2f71098,"{""circuit"":""surface_code:rotated_memory_x"",""cluster_node_limit"":50,""d"":3,""decoder"":""mwpf"",""decoder_type"":""SolverSerialJointSingleHair"",""p"":0.003,""p_erase"":0.003,""r"":3,""run_id"":""915e7fac76f0cb44d6aac79997be9e5a903d4aa353a8207f80b396814e1292cb""}",
      1024,        50,         0,   0.128,mwpf__d08ecc2ae4e76ccb11121c648d76bb1a9dceb54ba88d0bda3ca1942f8172f6b2,9f276de840468236fef01318b2cf4b6d7c2e1758c53771e1f5f515c9efa1fe7a,"{""circuit"":""surface_code:rotated_memory_x"",""cluster_node_limit"":50,""d"":3,""decoder"":""mwpf"",""decoder_type"":""SolverSerialJointSingleHair"",""p"":0.03,""p_erase"":0.03,""r"":3,""run_id"":""1b0c559dafd8f14b5d58ea78c3999f6ea71afe3722dfa6ff7d8583aa5e1d218c""}",
      2048,        25,         0,   0.191,mwpf__bc6afb301d40de4dda36c86e2bee82ba9a2f3509c5e7adff85dedc84e2a08470,7be39a06112225b5216df3daf93370b2b9c424246e5cfcb6acb1a9865d6e9942,"{""circuit"":""surface_code:rotated_memory_x"",""cluster_node_limit"":50,""d"":3,""decoder"":""mwpf"",""decoder_type"":""SolverSerialJointSingleHair"",""p"":0.02,""p_erase"":0.02,""r"":3,""run_id"":""cbdcd76e4eac6e7ea58eb299d6c7091619bfb5b7954ed0656948ce94e45f36ab""}",
     12288,        11,         0,   0.567,mwpf__71726d6ba25fe5b1097fdebf57bc9ee71a4920b66b52ccf640b9fe928e18d0f8,416965c75b19b01d4781182eaa19c998ff58123cda66a19c0d09dee75e64fffb,"{""circuit"":""surface_code:rotated_memory_x"",""cluster_node_limit"":50,""d"":3,""decoder"":""mwpf"",""decoder_type"":""SolverSerialJointSingleHair"",""p"":0.007,""p_erase"":0.007,""r"":3,""run_id"":""135e03791629607bb61bf8b9b22bc12f2324f26b65e31e82f5c3cd97d24c99c9""}",
     12288,         6,         0,   0.570,mwpf__b97013a8da0fd8f6885b17db2a42ab25b19ddfdf52e8fcbc8652f7f86a4a96cb,0fcbe56867e1865cf3743ffac95ee6934c3a42db582868c86348a2ad7290185e,"{""circuit"":""surface_code:rotated_memory_x"",""cluster_node_limit"":50,""d"":3,""decoder"":""mwpf"",""decoder_type"":""SolverSerialJointSingleHair"",""p"":0.0075,""p_erase"":0.0075,""r"":3,""run_id"":""4bc734d2ac70cf62b78df146e81bdcf5df30d786b05a2eea177a13d890e64669""}",
      3072,         1,         0,   0.611,mwpf__b97013a8da0fd8f6885b17db2a42ab25b19ddfdf52e8fcbc8652f7f86a4a96cb,0fcbe56867e1865cf3743ffac95ee6934c3a42db582868c86348a2ad7290185e,"{""circuit"":""surface_code:rotated_memory_x"",""cluster_node_limit"":50,""d"":3,""decoder"":""mwpf"",""decoder_type"":""SolverSerialJointSingleHair"",""p"":0.0075,""p_erase"":0.0075,""r"":3,""run_id"":""4bc734d2ac70cf62b78df146e81bdcf5df30d786b05a2eea177a13d890e64669""}",
      4096,         3,         0,   0.804,mwpf__b97013a8da0fd8f6885b17db2a42ab25b19ddfdf52e8fcbc8652f7f86a4a96cb,0fcbe56867e1865cf3743ffac95ee6934c3a42db582868c86348a2ad7290185e,"{""circuit"":""surface_code:rotated_memory_x"",""cluster_node_limit"":50,""d"":3,""decoder"":""mwpf"",""decoder_type"":""SolverSerialJointSingleHair"",""p"":0.0075,""p_erase"":0.0075,""r"":3,""run_id"":""4bc734d2ac70cf62b78df146e81bdcf5df30d786b05a2eea177a13d890e64669""}",
      6144,         5,         0,   0.326,mwpf__2d43dbac6f220be8e75258fcbaa1915a92302bec253b831525bc35e7adeec1b6,64b3d9f5baf6f09488c41396f9407eb7cf2e57debde21e687e5552cba9d5418a,"{""circuit"":""surface_code:rotated_memory_x"",""cluster_node_limit"":50,""d"":3,""decoder"":""mwpf"",""decoder_type"":""SolverSerialJointSingleHair"",""p"":0.009,""p_erase"":0.009,""r"":3,""run_id"":""f3773bbf3001f7044304ac6a12d9ddb4d020a1b2b51ce7b475f4f14944f915f3""}",
      5120,         6,         0,   0.304,mwpf__f4eaffc7e8b345bd4ed12e044b14c9eca5eb9d6063d64430985ec7c298159463,1c0b2318b8e500ddb1032a5e330292dd6110fcabf993e79d05dcfbebeb6f8881,"{""circuit"":""surface_code:rotated_memory_x"",""cluster_node_limit"":50,""d"":3,""decoder"":""mwpf"",""decoder_type"":""SolverSerialJointSingleHair"",""p"":0.01,""p_erase"":0.01,""r"":3,""run_id"":""5b6db69d825a9e1af451573dd00a4a7082d74a5e74fde81d397d7b0bcc5645b2""}",
      2048,       103,         0,   0.263,mwpf__d08ecc2ae4e76ccb11121c648d76bb1a9dceb54ba88d0bda3ca1942f8172f6b2,9f276de840468236fef01318b2cf4b6d7c2e1758c53771e1f5f515c9efa1fe7a,"{""circuit"":""surface_code:rotated_memory_x"",""cluster_node_limit"":50,""d"":3,""decoder"":""mwpf"",""decoder_type"":""SolverSerialJointSingleHair"",""p"":0.03,""p_erase"":0.03,""r"":3,""run_id"":""1b0c559dafd8f14b5d58ea78c3999f6ea71afe3722dfa6ff7d8583aa5e1d218c""}",
      6144,         9,         0,   0.314,mwpf__cdbabe99b4f243243aad339bb11c8a90131812a9c01e0de682a2aca46d6d55ff,ddc6d0a0729b2070c0dbbc972d7b9e687957f33bd2fd578d2477245fef7735ad,"{""circuit"":""surface_code:rotated_memory_x"",""cluster_node_limit"":50,""d"":3,""decoder"":""mwpf"",""decoder_type"":""SolverSerialJointSingleHair"",""p"":0.008,""p_erase"":0.008,""r"":3,""run_id"":""842b8d9622dd95e081373b13334f0c4c970c25ea256e90e9985b8d1bb6968aef""}",
      3072,        55,         0,   0.290,mwpf__bc6afb301d40de4dda36c86e2bee82ba9a2f3509c5e7adff85dedc84e2a08470,7be39a06112225b5216df3daf93370b2b9c424246e5cfcb6acb1a9865d6e9942,"{""circuit"":""surface_code:rotated_memory_x"",""cluster_node_limit"":50,""d"":3,""decoder"":""mwpf"",""decoder_type"":""SolverSerialJointSingleHair"",""p"":0.02,""p_erase"":0.02,""r"":3,""run_id"":""cbdcd76e4eac6e7ea58eb299d6c7091619bfb5b7954ed0656948ce94e45f36ab""}",
      4096,         6,         0,   0.819,mwpf__cdbabe99b4f243243aad339bb11c8a90131812a9c01e0de682a2aca46d6d55ff,ddc6d0a0729b2070c0dbbc972d7b9e687957f33bd2fd578d2477245fef7735ad,"{""circuit"":""surface_code:rotated_memory_x"",""cluster_node_limit"":50,""d"":3,""decoder"":""mwpf"",""decoder_type"":""SolverSerialJointSingleHair"",""p"":0.008,""p_erase"":0.008,""r"":3,""run_id"":""842b8d9622dd95e081373b13334f0c4c970c25ea256e90e9985b8d1bb6968aef""}",
       273,         0,         0,   0.013,mwpf__b97013a8da0fd8f6885b17db2a42ab25b19ddfdf52e8fcbc8652f7f86a4a96cb,0fcbe56867e1865cf3743ffac95ee6934c3a42db582868c86348a2ad7290185e,"{""circuit"":""surface_code:rotated_memory_x"",""cluster_node_limit"":50,""d"":3,""decoder"":""mwpf"",""decoder_type"":""SolverSerialJointSingleHair"",""p"":0.0075,""p_erase"":0.0075,""r"":3,""run_id"":""4bc734d2ac70cf62b78df146e81bdcf5df30d786b05a2eea177a13d890e64669""}",
       273,         1,         0,   0.012,mwpf__6a374b57c528f1fa3515562a1fcd08586fb590c5649146dc6a143bb06eeec077,f3e9207a47b74a52f31cee6ee65233df1dffd4d0d85fd55e88b8f5b6b8686260,"{""circuit"":""surface_code:rotated_memory_x"",""cluster_node_limit"":50,""d"":3,""decoder"":""mwpf"",""decoder_type"":""SolverSerialJointSingleHair"",""p"":0.006,""p_erase"":0.006,""r"":3,""run_id"":""dd60754122c9f7a810b0c1d8b1c92188ea52870232067546237f0fa25d610548""}",
       273,         0,         0,   0.014,mwpf__cdbabe99b4f243243aad339bb11c8a90131812a9c01e0de682a2aca46d6d55ff,ddc6d0a0729b2070c0dbbc972d7b9e687957f33bd2fd578d2477245fef7735ad,"{""circuit"":""surface_code:rotated_memory_x"",""cluster_node_limit"":50,""d"":3,""decoder"":""mwpf"",""decoder_type"":""SolverSerialJointSingleHair"",""p"":0.008,""p_erase"":0.008,""r"":3,""run_id"":""842b8d9622dd95e081373b13334f0c4c970c25ea256e90e9985b8d1bb6968aef""}",
       273,         0,         0,   0.014,mwpf__71726d6ba25fe5b1097fdebf57bc9ee71a4920b66b52ccf640b9fe928e18d0f8,416965c75b19b01d4781182eaa19c998ff58123cda66a19c0d09dee75e64fffb,"{""circuit"":""surface_code:rotated_memory_x"",""cluster_node_limit"":50,""d"":3,""decoder"":""mwpf"",""decoder_type"":""SolverSerialJointSingleHair"",""p"":0.007,""p_erase"":0.007,""r"":3,""run_id"":""135e03791629607bb61bf8b9b22bc12f2324f26b65e31e82f5c3cd97d24c99c9""}",
      1024,         0,         0,   0.042,mwpf__6a374b57c528f1fa3515562a1fcd08586fb590c5649146dc6a143bb06eeec077,f3e9207a47b74a52f31cee6ee65233df1dffd4d0d85fd55e88b8f5b6b8686260,"{""circuit"":""surface_code:rotated_memory_x"",""cluster_node_limit"":50,""d"":3,""decoder"":""mwpf"",""decoder_type"":""SolverSerialJointSingleHair"",""p"":0.006,""p_erase"":0.006,""r"":3,""run_id"":""dd60754122c9f7a810b0c1d8b1c92188ea52870232067546237f0fa25d610548""}",
      1024,         1,         0,   0.050,mwpf__b97013a8da0fd8f6885b17db2a42ab25b19ddfdf52e8fcbc8652f7f86a4a96cb,0fcbe56867e1865cf3743ffac95ee6934c3a42db582868c86348a2ad7290185e,"{""circuit"":""surface_code:rotated_memory_x"",""cluster_node_limit"":50,""d"":3,""decoder"":""mwpf"",""decoder_type"":""SolverSerialJointSingleHair"",""p"":0.0075,""p_erase"":0.0075,""r"":3,""run_id"":""4bc734d2ac70cf62b78df146e81bdcf5df30d786b05a2eea177a13d890e64669""}",
      1024,         2,         0,   0.050,mwpf__cdbabe99b4f243243aad339bb11c8a90131812a9c01e0de682a2aca46d6d55ff,ddc6d0a0729b2070c0dbbc972d7b9e687957f33bd2fd578d2477245fef7735ad,"{""circuit"":""surface_code:rotated_memory_x"",""cluster_node_limit"":50,""d"":3,""decoder"":""mwpf"",""decoder_type"":""SolverSerialJointSingleHair"",""p"":0.008,""p_erase"":0.008,""r"":3,""run_id"":""842b8d9622dd95e081373b13334f0c4c970c25ea256e90e9985b8d1bb6968aef""}",
     37888,        87,         0,    2.18,mwpf__f4eaffc7e8b345bd4ed12e044b14c9eca5eb9d6063d64430985ec7c298159463,1c0b2318b8e500ddb1032a5e330292dd6110fcabf993e79d05dcfbebeb6f8881,"{""circuit"":""surface_code:rotated_memory_x"",""cluster_node_limit"":50,""d"":3,""decoder"":""mwpf"",""decoder_type"":""SolverSerialJointSingleHair"",""p"":0.01,""p_erase"":0.01,""r"":3,""run_id"":""5b6db69d825a9e1af451573dd00a4a7082d74a5e74fde81d397d7b0bcc5645b2""}",
      1024,         3,         0,   0.047,mwpf__71726d6ba25fe5b1097fdebf57bc9ee71a4920b66b52ccf640b9fe928e18d0f8,416965c75b19b01d4781182eaa19c998ff58123cda66a19c0d09dee75e64fffb,"{""circuit"":""surface_code:rotated_memory_x"",""cluster_node_limit"":50,""d"":3,""decoder"":""mwpf"",""decoder_type"":""SolverSerialJointSingleHair"",""p"":0.007,""p_erase"":0.007,""r"":3,""run_id"":""135e03791629607bb61bf8b9b22bc12f2324f26b65e31e82f5c3cd97d24c99c9""}",
      1024,         1,         0,   0.041,mwpf__6a374b57c528f1fa3515562a1fcd08586fb590c5649146dc6a143bb06eeec077,f3e9207a47b74a52f31cee6ee65233df1dffd4d0d85fd55e88b8f5b6b8686260,"{""circuit"":""surface_code:rotated_memory_x"",""cluster_node_limit"":50,""d"":3,""decoder"":""mwpf"",""decoder_type"":""SolverSerialJointSingleHair"",""p"":0.006,""p_erase"":0.006,""r"":3,""run_id"":""dd60754122c9f7a810b0c1d8b1c92188ea52870232067546237f0fa25d610548""}",
      1024,         1,         0,   0.048,mwpf__b97013a8da0fd8f6885b17db2a42ab25b19ddfdf52e8fcbc8652f7f86a4a96cb,0fcbe56867e1865cf3743ffac95ee6934c3a42db582868c86348a2ad7290185e,"{""circuit"":""surface_code:rotated_memory_x"",""cluster_node_limit"":50,""d"":3,""decoder"":""mwpf"",""decoder_type"":""SolverSerialJointSingleHair"",""p"":0.0075,""p_erase"":0.0075,""r"":3,""run_id"":""4bc734d2ac70cf62b78df146e81bdcf5df30d786b05a2eea177a13d890e64669""}",
      1024,         2,         0,   0.050,mwpf__cdbabe99b4f243243aad339bb11c8a90131812a9c01e0de682a2aca46d6d55ff,ddc6d0a0729b2070c0dbbc972d7b9e687957f33bd2fd578d2477245fef7735ad,"{""circuit"":""surface_code:rotated_memory_x"",""cluster_node_limit"":50,""d"":3,""decoder"":""mwpf"",""decoder_type"":""SolverSerialJointSingleHair"",""p"":0.008,""p_erase"":0.008,""r"":3,""run_id"":""842b8d9622dd95e081373b13334f0c4c970c25ea256e90e9985b8d1bb6968aef""}",
      2048,       118,         0,   0.265,mwpf__d08ecc2ae4e76ccb11121c648d76bb1a9dceb54ba88d0bda3ca1942f8172f6b2,9f276de840468236fef01318b2cf4b6d7c2e1758c53771e1f5f515c9efa1fe7a,"{""circuit"":""surface_code:rotated_memory_x"",""cluster_node_limit"":50,""d"":3,""decoder"":""mwpf"",""decoder_type"":""SolverSerialJointSingleHair"",""p"":0.03,""p_erase"":0.03,""r"":3,""run_id"":""1b0c559dafd8f14b5d58ea78c3999f6ea71afe3722dfa6ff7d8583aa5e1d218c""}",
      1024,         1,         0,   0.046,mwpf__71726d6ba25fe5b1097fdebf57bc9ee71a4920b66b52ccf640b9fe928e18d0f8,416965c75b19b01d4781182eaa19c998ff58123cda66a19c0d09dee75e64fffb,"{""circuit"":""surface_code:rotated_memory_x"",""cluster_node_limit"":50,""d"":3,""decoder"":""mwpf"",""decoder_type"":""SolverSerialJointSingleHair"",""p"":0.007,""p_erase"":0.007,""r"":3,""run_id"":""135e03791629607bb61bf8b9b22bc12f2324f26b65e31e82f5c3cd97d24c99c9""}",
      1024,         0,         0,   0.043,mwpf__6a374b57c528f1fa3515562a1fcd08586fb590c5649146dc6a143bb06eeec077,f3e9207a47b74a52f31cee6ee65233df1dffd4d0d85fd55e88b8f5b6b8686260,"{""circuit"":""surface_code:rotated_memory_x"",""cluster_node_limit"":50,""d"":3,""decoder"":""mwpf"",""decoder_type"":""SolverSerialJointSingleHair"",""p"":0.006,""p_erase"":0.006,""r"":3,""run_id"":""dd60754122c9f7a810b0c1d8b1c92188ea52870232067546237f0fa25d610548""}",
      1024,         0,         0,   0.046,mwpf__b97013a8da0fd8f6885b17db2a42ab25b19ddfdf52e8fcbc8652f7f86a4a96cb,0fcbe56867e1865cf3743ffac95ee6934c3a42db582868c86348a2ad7290185e,"{""circuit"":""surface_code:rotated_memory_x"",""cluster_node_limit"":50,""d"":3,""decoder"":""mwpf"",""decoder_type"":""SolverSerialJointSingleHair"",""p"":0.0075,""p_erase"":0.0075,""r"":3,""run_id"":""4bc734d2ac70cf62b78df146e81bdcf5df30d786b05a2eea177a13d890e64669""}",
     39936,        58,         0,    2.19,mwpf__2d43dbac6f220be8e75258fcbaa1915a92302bec253b831525bc35e7adeec1b6,64b3d9f5baf6f09488c41396f9407eb7cf2e57debde21e687e5552cba9d5418a,"{""circuit"":""surface_code:rotated_memory_x"",""cluster_node_limit"":50,""d"":3,""decoder"":""mwpf"",""decoder_type"":""SolverSerialJointSingleHair"",""p"":0.009,""p_erase"":0.009,""r"":3,""run_id"":""f3773bbf3001f7044304ac6a12d9ddb4d020a1b2b51ce7b475f4f14944f915f3""}",
     47104,        33,         0,    2.19,mwpf__71726d6ba25fe5b1097fdebf57bc9ee71a4920b66b52ccf640b9fe928e18d0f8,416965c75b19b01d4781182eaa19c998ff58123cda66a19c0d09dee75e64fffb,"{""circuit"":""surface_code:rotated_memory_x"",""cluster_node_limit"":50,""d"":3,""decoder"":""mwpf"",""decoder_type"":""SolverSerialJointSingleHair"",""p"":0.007,""p_erase"":0.007,""r"":3,""run_id"":""135e03791629607bb61bf8b9b22bc12f2324f26b65e31e82f5c3cd97d24c99c9""}",
      1024,         1,         0,   0.051,mwpf__cdbabe99b4f243243aad339bb11c8a90131812a9c01e0de682a2aca46d6d55ff,ddc6d0a0729b2070c0dbbc972d7b9e687957f33bd2fd578d2477245fef7735ad,"{""circuit"":""surface_code:rotated_memory_x"",""cluster_node_limit"":50,""d"":3,""decoder"":""mwpf"",""decoder_type"":""SolverSerialJointSingleHair"",""p"":0.008,""p_erase"":0.008,""r"":3,""run_id"":""842b8d9622dd95e081373b13334f0c4c970c25ea256e90e9985b8d1bb6968aef""}",
      1024,         0,         0,   0.047,mwpf__71726d6ba25fe5b1097fdebf57bc9ee71a4920b66b52ccf640b9fe928e18d0f8,416965c75b19b01d4781182eaa19c998ff58123cda66a19c0d09dee75e64fffb,"{""circuit"":""surface_code:rotated_memory_x"",""cluster_node_limit"":50,""d"":3,""decoder"":""mwpf"",""decoder_type"":""SolverSerialJointSingleHair"",""p"":0.007,""p_erase"":0.007,""r"":3,""run_id"":""135e03791629607bb61bf8b9b22bc12f2324f26b65e31e82f5c3cd97d24c99c9""}",
      1024,         0,         0,   0.041,mwpf__6a374b57c528f1fa3515562a1fcd08586fb590c5649146dc6a143bb06eeec077,f3e9207a47b74a52f31cee6ee65233df1dffd4d0d85fd55e88b8f5b6b8686260,"{""circuit"":""surface_code:rotated_memory_x"",""cluster_node_limit"":50,""d"":3,""decoder"":""mwpf"",""decoder_type"":""SolverSerialJointSingleHair"",""p"":0.006,""p_erase"":0.006,""r"":3,""run_id"":""dd60754122c9f7a810b0c1d8b1c92188ea52870232067546237f0fa25d610548""}",
      1024,         2,         0,   0.048,mwpf__b97013a8da0fd8f6885b17db2a42ab25b19ddfdf52e8fcbc8652f7f86a4a96cb,0fcbe56867e1865cf3743ffac95ee6934c3a42db582868c86348a2ad7290185e,"{""circuit"":""surface_code:rotated_memory_x"",""cluster_node_limit"":50,""d"":3,""decoder"":""mwpf"",""decoder_type"":""SolverSerialJointSingleHair"",""p"":0.0075,""p_erase"":0.0075,""r"":3,""run_id"":""4bc734d2ac70cf62b78df146e81bdcf5df30d786b05a2eea177a13d890e64669""}",
     39936,        53,         0,    2.21,mwpf__2d43dbac6f220be8e75258fcbaa1915a92302bec253b831525bc35e7adeec1b6,64b3d9f5baf6f09488c41396f9407eb7cf2e57debde21e687e5552cba9d5418a,"{""circuit"":""surface_code:rotated_memory_x"",""cluster_node_limit"":50,""d"":3,""decoder"":""mwpf"",""decoder_type"":""SolverSerialJointSingleHair"",""p"":0.009,""p_erase"":0.009,""r"":3,""run_id"":""f3773bbf3001f7044304ac6a12d9ddb4d020a1b2b51ce7b475f4f14944f915f3""}",
      1024,         2,         0,   0.049,mwpf__cdbabe99b4f243243aad339bb11c8a90131812a9c01e0de682a2aca46d6d55ff,ddc6d0a0729b2070c0dbbc972d7b9e687957f33bd2fd578d2477245fef7735ad,"{""circuit"":""surface_code:rotated_memory_x"",""cluster_node_limit"":50,""d"":3,""decoder"":""mwpf"",""decoder_type"":""SolverSerialJointSingleHair"",""p"":0.008,""p_erase"":0.008,""r"":3,""run_id"":""842b8d9622dd95e081373b13334f0c4c970c25ea256e90e9985b8d1bb6968aef""}",
     44032,        53,         0,    2.22,mwpf__cdbabe99b4f243243aad339bb11c8a90131812a9c01e0de682a2aca46d6d55ff,ddc6d0a0729b2070c0dbbc972d7b9e687957f33bd2fd578d2477245fef7735ad,"{""circuit"":""surface_code:rotated_memory_x"",""cluster_node_limit"":50,""d"":3,""decoder"":""mwpf"",""decoder_type"":""SolverSerialJointSingleHair"",""p"":0.008,""p_erase"":0.008,""r"":3,""run_id"":""842b8d9622dd95e081373b13334f0c4c970c25ea256e90e9985b8d1bb6968aef""}",
      1024,         2,         0,   0.047,mwpf__71726d6ba25fe5b1097fdebf57bc9ee71a4920b66b52ccf640b9fe928e18d0f8,416965c75b19b01d4781182eaa19c998ff58123cda66a19c0d09dee75e64fffb,"{""circuit"":""surface_code:rotated_memory_x"",""cluster_node_limit"":50,""d"":3,""decoder"":""mwpf"",""decoder_type"":""SolverSerialJointSingleHair"",""p"":0.007,""p_erase"":0.007,""r"":3,""run_id"":""135e03791629607bb61bf8b9b22bc12f2324f26b65e31e82f5c3cd97d24c99c9""}",
      8192,        20,         0,   0.440,mwpf__2d43dbac6f220be8e75258fcbaa1915a92302bec253b831525bc35e7adeec1b6,64b3d9f5baf6f09488c41396f9407eb7cf2e57debde21e687e5552cba9d5418a,"{""circuit"":""surface_code:rotated_memory_x"",""cluster_node_limit"":50,""d"":3,""decoder"":""mwpf"",""decoder_type"":""SolverSerialJointSingleHair"",""p"":0.009,""p_erase"":0.009,""r"":3,""run_id"":""f3773bbf3001f7044304ac6a12d9ddb4d020a1b2b51ce7b475f4f14944f915f3""}",
      7168,        15,         0,   0.411,mwpf__f4eaffc7e8b345bd4ed12e044b14c9eca5eb9d6063d64430985ec7c298159463,1c0b2318b8e500ddb1032a5e330292dd6110fcabf993e79d05dcfbebeb6f8881,"{""circuit"":""surface_code:rotated_memory_x"",""cluster_node_limit"":50,""d"":3,""decoder"":""mwpf"",""decoder_type"":""SolverSerialJointSingleHair"",""p"":0.01,""p_erase"":0.01,""r"":3,""run_id"":""5b6db69d825a9e1af451573dd00a4a7082d74a5e74fde81d397d7b0bcc5645b2""}",
      2048,         1,         0,   0.087,mwpf__6a374b57c528f1fa3515562a1fcd08586fb590c5649146dc6a143bb06eeec077,f3e9207a47b74a52f31cee6ee65233df1dffd4d0d85fd55e88b8f5b6b8686260,"{""circuit"":""surface_code:rotated_memory_x"",""cluster_node_limit"":50,""d"":3,""decoder"":""mwpf"",""decoder_type"":""SolverSerialJointSingleHair"",""p"":0.006,""p_erase"":0.006,""r"":3,""run_id"":""dd60754122c9f7a810b0c1d8b1c92188ea52870232067546237f0fa25d610548""}",
      8192,        15,         0,   0.406,mwpf__cdbabe99b4f243243aad339bb11c8a90131812a9c01e0de682a2aca46d6d55ff,ddc6d0a0729b2070c0dbbc972d7b9e687957f33bd2fd578d2477245fef7735ad,"{""circuit"":""surface_code:rotated_memory_x"",""cluster_node_limit"":50,""d"":3,""decoder"":""mwpf"",""decoder_type"":""SolverSerialJointSingleHair"",""p"":0.008,""p_erase"":0.008,""r"":3,""run_id"":""842b8d9622dd95e081373b13334f0c4c970c25ea256e90e9985b8d1bb6968aef""}",
     48128,        22,         0,    2.21,mwpf__6a374b57c528f1fa3515562a1fcd08586fb590c5649146dc6a143bb06eeec077,f3e9207a47b74a52f31cee6ee65233df1dffd4d0d85fd55e88b8f5b6b8686260,"{""circuit"":""surface_code:rotated_memory_x"",""cluster_node_limit"":50,""d"":3,""decoder"":""mwpf"",""decoder_type"":""SolverSerialJointSingleHair"",""p"":0.006,""p_erase"":0.006,""r"":3,""run_id"":""dd60754122c9f7a810b0c1d8b1c92188ea52870232067546237f0fa25d610548""}",
       273,         0,         0,   0.014,mwpf__2d43dbac6f220be8e75258fcbaa1915a92302bec253b831525bc35e7adeec1b6,64b3d9f5baf6f09488c41396f9407eb7cf2e57debde21e687e5552cba9d5418a,"{""circuit"":""surface_code:rotated_memory_x"",""cluster_node_limit"":50,""d"":3,""decoder"":""mwpf"",""decoder_type"":""SolverSerialJointSingleHair"",""p"":0.009,""p_erase"":0.009,""r"":3,""run_id"":""f3773bbf3001f7044304ac6a12d9ddb4d020a1b2b51ce7b475f4f14944f915f3""}",
      2048,         3,         0,   0.096,mwpf__b97013a8da0fd8f6885b17db2a42ab25b19ddfdf52e8fcbc8652f7f86a4a96cb,0fcbe56867e1865cf3743ffac95ee6934c3a42db582868c86348a2ad7290185e,"{""circuit"":""surface_code:rotated_memory_x"",""cluster_node_limit"":50,""d"":3,""decoder"":""mwpf"",""decoder_type"":""SolverSerialJointSingleHair"",""p"":0.0075,""p_erase"":0.0075,""r"":3,""run_id"":""4bc734d2ac70cf62b78df146e81bdcf5df30d786b05a2eea177a13d890e64669""}",
       253,         0,         0,   0.011,mwpf__6a374b57c528f1fa3515562a1fcd08586fb590c5649146dc6a143bb06eeec077,f3e9207a47b74a52f31cee6ee65233df1dffd4d0d85fd55e88b8f5b6b8686260,"{""circuit"":""surface_code:rotated_memory_x"",""cluster_node_limit"":50,""d"":3,""decoder"":""mwpf"",""decoder_type"":""SolverSerialJointSingleHair"",""p"":0.006,""p_erase"":0.006,""r"":3,""run_id"":""dd60754122c9f7a810b0c1d8b1c92188ea52870232067546237f0fa25d610548""}",
       273,         2,         0,   0.025,mwpf__bc6afb301d40de4dda36c86e2bee82ba9a2f3509c5e7adff85dedc84e2a08470,7be39a06112225b5216df3daf93370b2b9c424246e5cfcb6acb1a9865d6e9942,"{""circuit"":""surface_code:rotated_memory_x"",""cluster_node_limit"":50,""d"":3,""decoder"":""mwpf"",""decoder_type"":""SolverSerialJointSingleHair"",""p"":0.02,""p_erase"":0.02,""r"":3,""run_id"":""cbdcd76e4eac6e7ea58eb299d6c7091619bfb5b7954ed0656948ce94e45f36ab""}",
      2048,         1,         0,   0.097,mwpf__cdbabe99b4f243243aad339bb11c8a90131812a9c01e0de682a2aca46d6d55ff,ddc6d0a0729b2070c0dbbc972d7b9e687957f33bd2fd578d2477245fef7735ad,"{""circuit"":""surface_code:rotated_memory_x"",""cluster_node_limit"":50,""d"":3,""decoder"":""mwpf"",""decoder_type"":""SolverSerialJointSingleHair"",""p"":0.008,""p_erase"":0.008,""r"":3,""run_id"":""842b8d9622dd95e081373b13334f0c4c970c25ea256e90e9985b8d1bb6968aef""}",
      2048,         1,         0,   0.093,mwpf__71726d6ba25fe5b1097fdebf57bc9ee71a4920b66b52ccf640b9fe928e18d0f8,416965c75b19b01d4781182eaa19c998ff58123cda66a19c0d09dee75e64fffb,"{""circuit"":""surface_code:rotated_memory_x"",""cluster_node_limit"":50,""d"":3,""decoder"":""mwpf"",""decoder_type"":""SolverSerialJointSingleHair"",""p"":0.007,""p_erase"":0.007,""r"":3,""run_id"":""135e03791629607bb61bf8b9b22bc12f2324f26b65e31e82f5c3cd97d24c99c9""}",
      4096,        56,         0,   0.380,mwpf__bc6afb301d40de4dda36c86e2bee82ba9a2f3509c5e7adff85dedc84e2a08470,7be39a06112225b5216df3daf93370b2b9c424246e5cfcb6acb1a9865d6e9942,"{""circuit"":""surface_code:rotated_memory_x"",""cluster_node_limit"":50,""d"":3,""decoder"":""mwpf"",""decoder_type"":""SolverSerialJointSingleHair"",""p"":0.02,""p_erase"":0.02,""r"":3,""run_id"":""cbdcd76e4eac6e7ea58eb299d6c7091619bfb5b7954ed0656948ce94e45f36ab""}",
      5120,         1,         0,   0.924,mwpf__6a374b57c528f1fa3515562a1fcd08586fb590c5649146dc6a143bb06eeec077,f3e9207a47b74a52f31cee6ee65233df1dffd4d0d85fd55e88b8f5b6b8686260,"{""circuit"":""surface_code:rotated_memory_x"",""cluster_node_limit"":50,""d"":3,""decoder"":""mwpf"",""decoder_type"":""SolverSerialJointSingleHair"",""p"":0.006,""p_erase"":0.006,""r"":3,""run_id"":""dd60754122c9f7a810b0c1d8b1c92188ea52870232067546237f0fa25d610548""}",
      1024,         0,         0,   0.054,mwpf__2d43dbac6f220be8e75258fcbaa1915a92302bec253b831525bc35e7adeec1b6,64b3d9f5baf6f09488c41396f9407eb7cf2e57debde21e687e5552cba9d5418a,"{""circuit"":""surface_code:rotated_memory_x"",""cluster_node_limit"":50,""d"":3,""decoder"":""mwpf"",""decoder_type"":""SolverSerialJointSingleHair"",""p"":0.009,""p_erase"":0.009,""r"":3,""run_id"":""f3773bbf3001f7044304ac6a12d9ddb4d020a1b2b51ce7b475f4f14944f915f3""}",
      2048,         1,         0,   0.084,mwpf__6a374b57c528f1fa3515562a1fcd08586fb590c5649146dc6a143bb06eeec077,f3e9207a47b74a52f31cee6ee65233df1dffd4d0d85fd55e88b8f5b6b8686260,"{""circuit"":""surface_code:rotated_memory_x"",""cluster_node_limit"":50,""d"":3,""decoder"":""mwpf"",""decoder_type"":""SolverSerialJointSingleHair"",""p"":0.006,""p_erase"":0.006,""r"":3,""run_id"":""dd60754122c9f7a810b0c1d8b1c92188ea52870232067546237f0fa25d610548""}",
       273,        13,         0,   0.034,mwpf__d08ecc2ae4e76ccb11121c648d76bb1a9dceb54ba88d0bda3ca1942f8172f6b2,9f276de840468236fef01318b2cf4b6d7c2e1758c53771e1f5f515c9efa1fe7a,"{""circuit"":""surface_code:rotated_memory_x"",""cluster_node_limit"":50,""d"":3,""decoder"":""mwpf"",""decoder_type"":""SolverSerialJointSingleHair"",""p"":0.03,""p_erase"":0.03,""r"":3,""run_id"":""1b0c559dafd8f14b5d58ea78c3999f6ea71afe3722dfa6ff7d8583aa5e1d218c""}",
      2048,         1,         0,   0.094,mwpf__b97013a8da0fd8f6885b17db2a42ab25b19ddfdf52e8fcbc8652f7f86a4a96cb,0fcbe56867e1865cf3743ffac95ee6934c3a42db582868c86348a2ad7290185e,"{""circuit"":""surface_code:rotated_memory_x"",""cluster_node_limit"":50,""d"":3,""decoder"":""mwpf"",""decoder_type"":""SolverSerialJointSingleHair"",""p"":0.0075,""p_erase"":0.0075,""r"":3,""run_id"":""4bc734d2ac70cf62b78df146e81bdcf5df30d786b05a2eea177a13d890e64669""}",
      1024,         3,         0,   0.056,mwpf__2d43dbac6f220be8e75258fcbaa1915a92302bec253b831525bc35e7adeec1b6,64b3d9f5baf6f09488c41396f9407eb7cf2e57debde21e687e5552cba9d5418a,"{""circuit"":""surface_code:rotated_memory_x"",""cluster_node_limit"":50,""d"":3,""decoder"":""mwpf"",""decoder_type"":""SolverSerialJointSingleHair"",""p"":0.009,""p_erase"":0.009,""r"":3,""run_id"":""f3773bbf3001f7044304ac6a12d9ddb4d020a1b2b51ce7b475f4f14944f915f3""}",
      1024,        15,         0,   0.098,mwpf__bc6afb301d40de4dda36c86e2bee82ba9a2f3509c5e7adff85dedc84e2a08470,7be39a06112225b5216df3daf93370b2b9c424246e5cfcb6acb1a9865d6e9942,"{""circuit"":""surface_code:rotated_memory_x"",""cluster_node_limit"":50,""d"":3,""decoder"":""mwpf"",""decoder_type"":""SolverSerialJointSingleHair"",""p"":0.02,""p_erase"":0.02,""r"":3,""run_id"":""cbdcd76e4eac6e7ea58eb299d6c7091619bfb5b7954ed0656948ce94e45f36ab""}",
      2048,         0,         0,   0.092,mwpf__71726d6ba25fe5b1097fdebf57bc9ee71a4920b66b52ccf640b9fe928e18d0f8,416965c75b19b01d4781182eaa19c998ff58123cda66a19c0d09dee75e64fffb,"{""circuit"":""surface_code:rotated_memory_x"",""cluster_node_limit"":50,""d"":3,""decoder"":""mwpf"",""decoder_type"":""SolverSerialJointSingleHair"",""p"":0.007,""p_erase"":0.007,""r"":3,""run_id"":""135e03791629607bb61bf8b9b22bc12f2324f26b65e31e82f5c3cd97d24c99c9""}",
      2048,         2,         0,   0.102,mwpf__cdbabe99b4f243243aad339bb11c8a90131812a9c01e0de682a2aca46d6d55ff,ddc6d0a0729b2070c0dbbc972d7b9e687957f33bd2fd578d2477245fef7735ad,"{""circuit"":""surface_code:rotated_memory_x"",""cluster_node_limit"":50,""d"":3,""decoder"":""mwpf"",""decoder_type"":""SolverSerialJointSingleHair"",""p"":0.008,""p_erase"":0.008,""r"":3,""run_id"":""842b8d9622dd95e081373b13334f0c4c970c25ea256e90e9985b8d1bb6968aef""}",
      1024,         1,         0,   0.056,mwpf__2d43dbac6f220be8e75258fcbaa1915a92302bec253b831525bc35e7adeec1b6,64b3d9f5baf6f09488c41396f9407eb7cf2e57debde21e687e5552cba9d5418a,"{""circuit"":""surface_code:rotated_memory_x"",""cluster_node_limit"":50,""d"":3,""decoder"":""mwpf"",""decoder_type"":""SolverSerialJointSingleHair"",""p"":0.009,""p_erase"":0.009,""r"":3,""run_id"":""f3773bbf3001f7044304ac6a12d9ddb4d020a1b2b51ce7b475f4f14944f915f3""}",
      3072,         1,         0,   0.124,mwpf__6a374b57c528f1fa3515562a1fcd08586fb590c5649146dc6a143bb06eeec077,f3e9207a47b74a52f31cee6ee65233df1dffd4d0d85fd55e88b8f5b6b8686260,"{""circuit"":""surface_code:rotated_memory_x"",""cluster_node_limit"":50,""d"":3,""decoder"":""mwpf"",""decoder_type"":""SolverSerialJointSingleHair"",""p"":0.006,""p_erase"":0.006,""r"":3,""run_id"":""dd60754122c9f7a810b0c1d8b1c92188ea52870232067546237f0fa25d610548""}",
      1024,        62,         0,   0.131,mwpf__d08ecc2ae4e76ccb11121c648d76bb1a9dceb54ba88d0bda3ca1942f8172f6b2,9f276de840468236fef01318b2cf4b6d7c2e1758c53771e1f5f515c9efa1fe7a,"{""circuit"":""surface_code:rotated_memory_x"",""cluster_node_limit"":50,""d"":3,""decoder"":""mwpf"",""decoder_type"":""SolverSerialJointSingleHair"",""p"":0.03,""p_erase"":0.03,""r"":3,""run_id"":""1b0c559dafd8f14b5d58ea78c3999f6ea71afe3722dfa6ff7d8583aa5e1d218c""}",
      1024,        26,         0,   0.094,mwpf__bc6afb301d40de4dda36c86e2bee82ba9a2f3509c5e7adff85dedc84e2a08470,7be39a06112225b5216df3daf93370b2b9c424246e5cfcb6acb1a9865d6e9942,"{""circuit"":""surface_code:rotated_memory_x"",""cluster_node_limit"":50,""d"":3,""decoder"":""mwpf"",""decoder_type"":""SolverSerialJointSingleHair"",""p"":0.02,""p_erase"":0.02,""r"":3,""run_id"":""cbdcd76e4eac6e7ea58eb299d6c7091619bfb5b7954ed0656948ce94e45f36ab""}",
     17408,        17,         0,   0.814,mwpf__71726d6ba25fe5b1097fdebf57bc9ee71a4920b66b52ccf640b9fe928e18d0f8,416965c75b19b01d4781182eaa19c998ff58123cda66a19c0d09dee75e64fffb,"{""circuit"":""surface_code:rotated_memory_x"",""cluster_node_limit"":50,""d"":3,""decoder"":""mwpf"",""decoder_type"":""SolverSerialJointSingleHair"",""p"":0.007,""p_erase"":0.007,""r"":3,""run_id"":""135e03791629607bb61bf8b9b22bc12f2324f26b65e31e82f5c3cd97d24c99c9""}",
      3072,       180,         0,   0.388,mwpf__d08ecc2ae4e76ccb11121c648d76bb1a9dceb54ba88d0bda3ca1942f8172f6b2,9f276de840468236fef01318b2cf4b6d7c2e1758c53771e1f5f515c9efa1fe7a,"{""circuit"":""surface_code:rotated_memory_x"",""cluster_node_limit"":50,""d"":3,""decoder"":""mwpf"",""decoder_type"":""SolverSerialJointSingleHair"",""p"":0.03,""p_erase"":0.03,""r"":3,""run_id"":""1b0c559dafd8f14b5d58ea78c3999f6ea71afe3722dfa6ff7d8583aa5e1d218c""}",
     17408,        22,         0,   0.819,mwpf__b97013a8da0fd8f6885b17db2a42ab25b19ddfdf52e8fcbc8652f7f86a4a96cb,0fcbe56867e1865cf3743ffac95ee6934c3a42db582868c86348a2ad7290185e,"{""circuit"":""surface_code:rotated_memory_x"",""cluster_node_limit"":50,""d"":3,""decoder"":""mwpf"",""decoder_type"":""SolverSerialJointSingleHair"",""p"":0.0075,""p_erase"":0.0075,""r"":3,""run_id"":""4bc734d2ac70cf62b78df146e81bdcf5df30d786b05a2eea177a13d890e64669""}",
      1024,         3,         0,   0.057,mwpf__2d43dbac6f220be8e75258fcbaa1915a92302bec253b831525bc35e7adeec1b6,64b3d9f5baf6f09488c41396f9407eb7cf2e57debde21e687e5552cba9d5418a,"{""circuit"":""surface_code:rotated_memory_x"",""cluster_node_limit"":50,""d"":3,""decoder"":""mwpf"",""decoder_type"":""SolverSerialJointSingleHair"",""p"":0.009,""p_erase"":0.009,""r"":3,""run_id"":""f3773bbf3001f7044304ac6a12d9ddb4d020a1b2b51ce7b475f4f14944f915f3""}",
      3072,         2,         0,   0.141,mwpf__b97013a8da0fd8f6885b17db2a42ab25b19ddfdf52e8fcbc8652f7f86a4a96cb,0fcbe56867e1865cf3743ffac95ee6934c3a42db582868c86348a2ad7290185e,"{""circuit"":""surface_code:rotated_memory_x"",""cluster_node_limit"":50,""d"":3,""decoder"":""mwpf"",""decoder_type"":""SolverSerialJointSingleHair"",""p"":0.0075,""p_erase"":0.0075,""r"":3,""run_id"":""4bc734d2ac70cf62b78df146e81bdcf5df30d786b05a2eea177a13d890e64669""}",
      3072,         5,         0,   0.140,mwpf__71726d6ba25fe5b1097fdebf57bc9ee71a4920b66b52ccf640b9fe928e18d0f8,416965c75b19b01d4781182eaa19c998ff58123cda66a19c0d09dee75e64fffb,"{""circuit"":""surface_code:rotated_memory_x"",""cluster_node_limit"":50,""d"":3,""decoder"":""mwpf"",""decoder_type"":""SolverSerialJointSingleHair"",""p"":0.007,""p_erase"":0.007,""r"":3,""run_id"":""135e03791629607bb61bf8b9b22bc12f2324f26b65e31e82f5c3cd97d24c99c9""}",
      3072,         4,         0,   0.151,mwpf__cdbabe99b4f243243aad339bb11c8a90131812a9c01e0de682a2aca46d6d55ff,ddc6d0a0729b2070c0dbbc972d7b9e687957f33bd2fd578d2477245fef7735ad,"{""circuit"":""surface_code:rotated_memory_x"",""cluster_node_limit"":50,""d"":3,""decoder"":""mwpf"",""decoder_type"":""SolverSerialJointSingleHair"",""p"":0.008,""p_erase"":0.008,""r"":3,""run_id"":""842b8d9622dd95e081373b13334f0c4c970c25ea256e90e9985b8d1bb6968aef""}",
      1024,         3,         0,   0.055,mwpf__2d43dbac6f220be8e75258fcbaa1915a92302bec253b831525bc35e7adeec1b6,64b3d9f5baf6f09488c41396f9407eb7cf2e57debde21e687e5552cba9d5418a,"{""circuit"":""surface_code:rotated_memory_x"",""cluster_node_limit"":50,""d"":3,""decoder"":""mwpf"",""decoder_type"":""SolverSerialJointSingleHair"",""p"":0.009,""p_erase"":0.009,""r"":3,""run_id"":""f3773bbf3001f7044304ac6a12d9ddb4d020a1b2b51ce7b475f4f14944f915f3""}",
     29696,        51,         0,    2.21,mwpf__f4eaffc7e8b345bd4ed12e044b14c9eca5eb9d6063d64430985ec7c298159463,1c0b2318b8e500ddb1032a5e330292dd6110fcabf993e79d05dcfbebeb6f8881,"{""circuit"":""surface_code:rotated_memory_x"",""cluster_node_limit"":50,""d"":3,""decoder"":""mwpf"",""decoder_type"":""SolverSerialJointSingleHair"",""p"":0.01,""p_erase"":0.01,""r"":3,""run_id"":""5b6db69d825a9e1af451573dd00a4a7082d74a5e74fde81d397d7b0bcc5645b2""}",
      1024,        15,         0,   0.094,mwpf__bc6afb301d40de4dda36c86e2bee82ba9a2f3509c5e7adff85dedc84e2a08470,7be39a06112225b5216df3daf93370b2b9c424246e5cfcb6acb1a9865d6e9942,"{""circuit"":""surface_code:rotated_memory_x"",""cluster_node_limit"":50,""d"":3,""decoder"":""mwpf"",""decoder_type"":""SolverSerialJointSingleHair"",""p"":0.02,""p_erase"":0.02,""r"":3,""run_id"":""cbdcd76e4eac6e7ea58eb299d6c7091619bfb5b7954ed0656948ce94e45f36ab""}",
      6144,         3,         0,    1.21,mwpf__71726d6ba25fe5b1097fdebf57bc9ee71a4920b66b52ccf640b9fe928e18d0f8,416965c75b19b01d4781182eaa19c998ff58123cda66a19c0d09dee75e64fffb,"{""circuit"":""surface_code:rotated_memory_x"",""cluster_node_limit"":50,""d"":3,""decoder"":""mwpf"",""decoder_type"":""SolverSerialJointSingleHair"",""p"":0.007,""p_erase"":0.007,""r"":3,""run_id"":""135e03791629607bb61bf8b9b22bc12f2324f26b65e31e82f5c3cd97d24c99c9""}",
      1024,        60,         0,   0.131,mwpf__d08ecc2ae4e76ccb11121c648d76bb1a9dceb54ba88d0bda3ca1942f8172f6b2,9f276de840468236fef01318b2cf4b6d7c2e1758c53771e1f5f515c9efa1fe7a,"{""circuit"":""surface_code:rotated_memory_x"",""cluster_node_limit"":50,""d"":3,""decoder"":""mwpf"",""decoder_type"":""SolverSerialJointSingleHair"",""p"":0.03,""p_erase"":0.03,""r"":3,""run_id"":""1b0c559dafd8f14b5d58ea78c3999f6ea71afe3722dfa6ff7d8583aa5e1d218c""}",
     23552,       394,         0,    2.23,mwpf__bc6afb301d40de4dda36c86e2bee82ba9a2f3509c5e7adff85dedc84e2a08470,7be39a06112225b5216df3daf93370b2b9c424246e5cfcb6acb1a9865d6e9942,"{""circuit"":""surface_code:rotated_memory_x"",""cluster_node_limit"":50,""d"":3,""decoder"":""mwpf"",""decoder_type"":""SolverSerialJointSingleHair"",""p"":0.02,""p_erase"":0.02,""r"":3,""run_id"":""cbdcd76e4eac6e7ea58eb299d6c7091619bfb5b7954ed0656948ce94e45f36ab""}",
      4096,         0,         0,   0.170,mwpf__6a374b57c528f1fa3515562a1fcd08586fb590c5649146dc6a143bb06eeec077,f3e9207a47b74a52f31cee6ee65233df1dffd4d0d85fd55e88b8f5b6b8686260,"{""circuit"":""surface_code:rotated_memory_x"",""cluster_node_limit"":50,""d"":3,""decoder"":""mwpf"",""decoder_type"":""SolverSerialJointSingleHair"",""p"":0.006,""p_erase"":0.006,""r"":3,""run_id"":""dd60754122c9f7a810b0c1d8b1c92188ea52870232067546237f0fa25d610548""}",
     33914,        15,         0,    1.43,mwpf__6a374b57c528f1fa3515562a1fcd08586fb590c5649146dc6a143bb06eeec077,f3e9207a47b74a52f31cee6ee65233df1dffd4d0d85fd55e88b8f5b6b8686260,"{""circuit"":""surface_code:rotated_memory_x"",""cluster_node_limit"":50,""d"":3,""decoder"":""mwpf"",""decoder_type"":""SolverSerialJointSingleHair"",""p"":0.006,""p_erase"":0.006,""r"":3,""run_id"":""dd60754122c9f7a810b0c1d8b1c92188ea52870232067546237f0fa25d610548""}",
      2048,         2,         0,   0.111,mwpf__2d43dbac6f220be8e75258fcbaa1915a92302bec253b831525bc35e7adeec1b6,64b3d9f5baf6f09488c41396f9407eb7cf2e57debde21e687e5552cba9d5418a,"{""circuit"":""surface_code:rotated_memory_x"",""cluster_node_limit"":50,""d"":3,""decoder"":""mwpf"",""decoder_type"":""SolverSerialJointSingleHair"",""p"":0.009,""p_erase"":0.009,""r"":3,""run_id"":""f3773bbf3001f7044304ac6a12d9ddb4d020a1b2b51ce7b475f4f14944f915f3""}",
     23552,       388,         0,    2.25,mwpf__bc6afb301d40de4dda36c86e2bee82ba9a2f3509c5e7adff85dedc84e2a08470,7be39a06112225b5216df3daf93370b2b9c424246e5cfcb6acb1a9865d6e9942,"{""circuit"":""surface_code:rotated_memory_x"",""cluster_node_limit"":50,""d"":3,""decoder"":""mwpf"",""decoder_type"":""SolverSerialJointSingleHair"",""p"":0.02,""p_erase"":0.02,""r"":3,""run_id"":""cbdcd76e4eac6e7ea58eb299d6c7091619bfb5b7954ed0656948ce94e45f36ab""}",
      1024,        14,         0,   0.095,mwpf__bc6afb301d40de4dda36c86e2bee82ba9a2f3509c5e7adff85dedc84e2a08470,7be39a06112225b5216df3daf93370b2b9c424246e5cfcb6acb1a9865d6e9942,"{""circuit"":""surface_code:rotated_memory_x"",""cluster_node_limit"":50,""d"":3,""decoder"":""mwpf"",""decoder_type"":""SolverSerialJointSingleHair"",""p"":0.02,""p_erase"":0.02,""r"":3,""run_id"":""cbdcd76e4eac6e7ea58eb299d6c7091619bfb5b7954ed0656948ce94e45f36ab""}",
      4096,         4,         0,   0.920,mwpf__b97013a8da0fd8f6885b17db2a42ab25b19ddfdf52e8fcbc8652f7f86a4a96cb,0fcbe56867e1865cf3743ffac95ee6934c3a42db582868c86348a2ad7290185e,"{""circuit"":""surface_code:rotated_memory_x"",""cluster_node_limit"":50,""d"":3,""decoder"":""mwpf"",""decoder_type"":""SolverSerialJointSingleHair"",""p"":0.0075,""p_erase"":0.0075,""r"":3,""run_id"":""4bc734d2ac70cf62b78df146e81bdcf5df30d786b05a2eea177a13d890e64669""}",
      3072,         2,         0,   0.154,mwpf__cdbabe99b4f243243aad339bb11c8a90131812a9c01e0de682a2aca46d6d55ff,ddc6d0a0729b2070c0dbbc972d7b9e687957f33bd2fd578d2477245fef7735ad,"{""circuit"":""surface_code:rotated_memory_x"",""cluster_node_limit"":50,""d"":3,""decoder"":""mwpf"",""decoder_type"":""SolverSerialJointSingleHair"",""p"":0.008,""p_erase"":0.008,""r"":3,""run_id"":""842b8d9622dd95e081373b13334f0c4c970c25ea256e90e9985b8d1bb6968aef""}",
      4096,         4,         0,   0.191,mwpf__b97013a8da0fd8f6885b17db2a42ab25b19ddfdf52e8fcbc8652f7f86a4a96cb,0fcbe56867e1865cf3743ffac95ee6934c3a42db582868c86348a2ad7290185e,"{""circuit"":""surface_code:rotated_memory_x"",""cluster_node_limit"":50,""d"":3,""decoder"":""mwpf"",""decoder_type"":""SolverSerialJointSingleHair"",""p"":0.0075,""p_erase"":0.0075,""r"":3,""run_id"":""4bc734d2ac70cf62b78df146e81bdcf5df30d786b05a2eea177a13d890e64669""}",
      4096,         2,         0,   0.187,mwpf__71726d6ba25fe5b1097fdebf57bc9ee71a4920b66b52ccf640b9fe928e18d0f8,416965c75b19b01d4781182eaa19c998ff58123cda66a19c0d09dee75e64fffb,"{""circuit"":""surface_code:rotated_memory_x"",""cluster_node_limit"":50,""d"":3,""decoder"":""mwpf"",""decoder_type"":""SolverSerialJointSingleHair"",""p"":0.007,""p_erase"":0.007,""r"":3,""run_id"":""135e03791629607bb61bf8b9b22bc12f2324f26b65e31e82f5c3cd97d24c99c9""}",
      1024,        58,         0,   0.131,mwpf__d08ecc2ae4e76ccb11121c648d76bb1a9dceb54ba88d0bda3ca1942f8172f6b2,9f276de840468236fef01318b2cf4b6d7c2e1758c53771e1f5f515c9efa1fe7a,"{""circuit"":""surface_code:rotated_memory_x"",""cluster_node_limit"":50,""d"":3,""decoder"":""mwpf"",""decoder_type"":""SolverSerialJointSingleHair"",""p"":0.03,""p_erase"":0.03,""r"":3,""run_id"":""1b0c559dafd8f14b5d58ea78c3999f6ea71afe3722dfa6ff7d8583aa5e1d218c""}",
      1024,        27,         0,   0.095,mwpf__bc6afb301d40de4dda36c86e2bee82ba9a2f3509c5e7adff85dedc84e2a08470,7be39a06112225b5216df3daf93370b2b9c424246e5cfcb6acb1a9865d6e9942,"{""circuit"":""surface_code:rotated_memory_x"",""cluster_node_limit"":50,""d"":3,""decoder"":""mwpf"",""decoder_type"":""SolverSerialJointSingleHair"",""p"":0.02,""p_erase"":0.02,""r"":3,""run_id"":""cbdcd76e4eac6e7ea58eb299d6c7091619bfb5b7954ed0656948ce94e45f36ab""}",
      5120,        78,         0,   0.479,mwpf__bc6afb301d40de4dda36c86e2bee82ba9a2f3509c5e7adff85dedc84e2a08470,7be39a06112225b5216df3daf93370b2b9c424246e5cfcb6acb1a9865d6e9942,"{""circuit"":""surface_code:rotated_memory_x"",""cluster_node_limit"":50,""d"":3,""decoder"":""mwpf"",""decoder_type"":""SolverSerialJointSingleHair"",""p"":0.02,""p_erase"":0.02,""r"":3,""run_id"":""cbdcd76e4eac6e7ea58eb299d6c7091619bfb5b7954ed0656948ce94e45f36ab""}",
      2048,         2,         0,   0.112,mwpf__2d43dbac6f220be8e75258fcbaa1915a92302bec253b831525bc35e7adeec1b6,64b3d9f5baf6f09488c41396f9407eb7cf2e57debde21e687e5552cba9d5418a,"{""circuit"":""surface_code:rotated_memory_x"",""cluster_node_limit"":50,""d"":3,""decoder"":""mwpf"",""decoder_type"":""SolverSerialJointSingleHair"",""p"":0.009,""p_erase"":0.009,""r"":3,""run_id"":""f3773bbf3001f7044304ac6a12d9ddb4d020a1b2b51ce7b475f4f14944f915f3""}",
     10240,        18,         0,   0.574,mwpf__f4eaffc7e8b345bd4ed12e044b14c9eca5eb9d6063d64430985ec7c298159463,1c0b2318b8e500ddb1032a5e330292dd6110fcabf993e79d05dcfbebeb6f8881,"{""circuit"":""surface_code:rotated_memory_x"",""cluster_node_limit"":50,""d"":3,""decoder"":""mwpf"",""decoder_type"":""SolverSerialJointSingleHair"",""p"":0.01,""p_erase"":0.01,""r"":3,""run_id"":""5b6db69d825a9e1af451573dd00a4a7082d74a5e74fde81d397d7b0bcc5645b2""}",
     11264,        13,         0,   0.589,mwpf__2d43dbac6f220be8e75258fcbaa1915a92302bec253b831525bc35e7adeec1b6,64b3d9f5baf6f09488c41396f9407eb7cf2e57debde21e687e5552cba9d5418a,"{""circuit"":""surface_code:rotated_memory_x"",""cluster_node_limit"":50,""d"":3,""decoder"":""mwpf"",""decoder_type"":""SolverSerialJointSingleHair"",""p"":0.009,""p_erase"":0.009,""r"":3,""run_id"":""f3773bbf3001f7044304ac6a12d9ddb4d020a1b2b51ce7b475f4f14944f915f3""}",
      5120,         2,         0,   0.215,mwpf__6a374b57c528f1fa3515562a1fcd08586fb590c5649146dc6a143bb06eeec077,f3e9207a47b74a52f31cee6ee65233df1dffd4d0d85fd55e88b8f5b6b8686260,"{""circuit"":""surface_code:rotated_memory_x"",""cluster_node_limit"":50,""d"":3,""decoder"":""mwpf"",""decoder_type"":""SolverSerialJointSingleHair"",""p"":0.006,""p_erase"":0.006,""r"":3,""run_id"":""dd60754122c9f7a810b0c1d8b1c92188ea52870232067546237f0fa25d610548""}",
      1024,        49,         0,   0.129,mwpf__d08ecc2ae4e76ccb11121c648d76bb1a9dceb54ba88d0bda3ca1942f8172f6b2,9f276de840468236fef01318b2cf4b6d7c2e1758c53771e1f5f515c9efa1fe7a,"{""circuit"":""surface_code:rotated_memory_x"",""cluster_node_limit"":50,""d"":3,""decoder"":""mwpf"",""decoder_type"":""SolverSerialJointSingleHair"",""p"":0.03,""p_erase"":0.03,""r"":3,""run_id"":""1b0c559dafd8f14b5d58ea78c3999f6ea71afe3722dfa6ff7d8583aa5e1d218c""}",
      1024,        18,         0,   0.093,mwpf__bc6afb301d40de4dda36c86e2bee82ba9a2f3509c5e7adff85dedc84e2a08470,7be39a06112225b5216df3daf93370b2b9c424246e5cfcb6acb1a9865d6e9942,"{""circuit"":""surface_code:rotated_memory_x"",""cluster_node_limit"":50,""d"":3,""decoder"":""mwpf"",""decoder_type"":""SolverSerialJointSingleHair"",""p"":0.02,""p_erase"":0.02,""r"":3,""run_id"":""cbdcd76e4eac6e7ea58eb299d6c7091619bfb5b7954ed0656948ce94e45f36ab""}",
     12288,         9,         0,   0.609,mwpf__cdbabe99b4f243243aad339bb11c8a90131812a9c01e0de682a2aca46d6d55ff,ddc6d0a0729b2070c0dbbc972d7b9e687957f33bd2fd578d2477245fef7735ad,"{""circuit"":""surface_code:rotated_memory_x"",""cluster_node_limit"":50,""d"":3,""decoder"":""mwpf"",""decoder_type"":""SolverSerialJointSingleHair"",""p"":0.008,""p_erase"":0.008,""r"":3,""run_id"":""842b8d9622dd95e081373b13334f0c4c970c25ea256e90e9985b8d1bb6968aef""}",
      4096,         1,         0,   0.209,mwpf__cdbabe99b4f243243aad339bb11c8a90131812a9c01e0de682a2aca46d6d55ff,ddc6d0a0729b2070c0dbbc972d7b9e687957f33bd2fd578d2477245fef7735ad,"{""circuit"":""surface_code:rotated_memory_x"",""cluster_node_limit"":50,""d"":3,""decoder"":""mwpf"",""decoder_type"":""SolverSerialJointSingleHair"",""p"":0.008,""p_erase"":0.008,""r"":3,""run_id"":""842b8d9622dd95e081373b13334f0c4c970c25ea256e90e9985b8d1bb6968aef""}",
      3072,         5,         0,   0.167,mwpf__2d43dbac6f220be8e75258fcbaa1915a92302bec253b831525bc35e7adeec1b6,64b3d9f5baf6f09488c41396f9407eb7cf2e57debde21e687e5552cba9d5418a,"{""circuit"":""surface_code:rotated_memory_x"",""cluster_node_limit"":50,""d"":3,""decoder"":""mwpf"",""decoder_type"":""SolverSerialJointSingleHair"",""p"":0.009,""p_erase"":0.009,""r"":3,""run_id"":""f3773bbf3001f7044304ac6a12d9ddb4d020a1b2b51ce7b475f4f14944f915f3""}",
      5120,         3,         0,   0.246,mwpf__b97013a8da0fd8f6885b17db2a42ab25b19ddfdf52e8fcbc8652f7f86a4a96cb,0fcbe56867e1865cf3743ffac95ee6934c3a42db582868c86348a2ad7290185e,"{""circuit"":""surface_code:rotated_memory_x"",""cluster_node_limit"":50,""d"":3,""decoder"":""mwpf"",""decoder_type"":""SolverSerialJointSingleHair"",""p"":0.0075,""p_erase"":0.0075,""r"":3,""run_id"":""4bc734d2ac70cf62b78df146e81bdcf5df30d786b05a2eea177a13d890e64669""}",
      5120,         3,         0,   0.238,mwpf__71726d6ba25fe5b1097fdebf57bc9ee71a4920b66b52ccf640b9fe928e18d0f8,416965c75b19b01d4781182eaa19c998ff58123cda66a19c0d09dee75e64fffb,"{""circuit"":""surface_code:rotated_memory_x"",""cluster_node_limit"":50,""d"":3,""decoder"":""mwpf"",""decoder_type"":""SolverSerialJointSingleHair"",""p"":0.007,""p_erase"":0.007,""r"":3,""run_id"":""135e03791629607bb61bf8b9b22bc12f2324f26b65e31e82f5c3cd97d24c99c9""}",
      5120,         5,         0,    1.18,mwpf__b97013a8da0fd8f6885b17db2a42ab25b19ddfdf52e8fcbc8652f7f86a4a96cb,0fcbe56867e1865cf3743ffac95ee6934c3a42db582868c86348a2ad7290185e,"{""circuit"":""surface_code:rotated_memory_x"",""cluster_node_limit"":50,""d"":3,""decoder"":""mwpf"",""decoder_type"":""SolverSerialJointSingleHair"",""p"":0.0075,""p_erase"":0.0075,""r"":3,""run_id"":""4bc734d2ac70cf62b78df146e81bdcf5df30d786b05a2eea177a13d890e64669""}",
      1024,        38,         0,   0.130,mwpf__d08ecc2ae4e76ccb11121c648d76bb1a9dceb54ba88d0bda3ca1942f8172f6b2,9f276de840468236fef01318b2cf4b6d7c2e1758c53771e1f5f515c9efa1fe7a,"{""circuit"":""surface_code:rotated_memory_x"",""cluster_node_limit"":50,""d"":3,""decoder"":""mwpf"",""decoder_type"":""SolverSerialJointSingleHair"",""p"":0.03,""p_erase"":0.03,""r"":3,""run_id"":""1b0c559dafd8f14b5d58ea78c3999f6ea71afe3722dfa6ff7d8583aa5e1d218c""}",
      4096,       240,         0,   0.523,mwpf__d08ecc2ae4e76ccb11121c648d76bb1a9dceb54ba88d0bda3ca1942f8172f6b2,9f276de840468236fef01318b2cf4b6d7c2e1758c53771e1f5f515c9efa1fe7a,"{""circuit"":""surface_code:rotated_memory_x"",""cluster_node_limit"":50,""d"":3,""decoder"":""mwpf"",""decoder_type"":""SolverSerialJointSingleHair"",""p"":0.03,""p_erase"":0.03,""r"":3,""run_id"":""1b0c559dafd8f14b5d58ea78c3999f6ea71afe3722dfa6ff7d8583aa5e1d218c""}",
      2048,        30,         0,   0.188,mwpf__bc6afb301d40de4dda36c86e2bee82ba9a2f3509c5e7adff85dedc84e2a08470,7be39a06112225b5216df3daf93370b2b9c424246e5cfcb6acb1a9865d6e9942,"{""circuit"":""surface_code:rotated_memory_x"",""cluster_node_limit"":50,""d"":3,""decoder"":""mwpf"",""decoder_type"":""SolverSerialJointSingleHair"",""p"":0.02,""p_erase"":0.02,""r"":3,""run_id"":""cbdcd76e4eac6e7ea58eb299d6c7091619bfb5b7954ed0656948ce94e45f36ab""}",
      1024,        67,         0,   0.128,mwpf__d08ecc2ae4e76ccb11121c648d76bb1a9dceb54ba88d0bda3ca1942f8172f6b2,9f276de840468236fef01318b2cf4b6d7c2e1758c53771e1f5f515c9efa1fe7a,"{""circuit"":""surface_code:rotated_memory_x"",""cluster_node_limit"":50,""d"":3,""decoder"":""mwpf"",""decoder_type"":""SolverSerialJointSingleHair"",""p"":0.03,""p_erase"":0.03,""r"":3,""run_id"":""1b0c559dafd8f14b5d58ea78c3999f6ea71afe3722dfa6ff7d8583aa5e1d218c""}",
     17408,       958,         0,    2.25,mwpf__d08ecc2ae4e76ccb11121c648d76bb1a9dceb54ba88d0bda3ca1942f8172f6b2,9f276de840468236fef01318b2cf4b6d7c2e1758c53771e1f5f515c9efa1fe7a,"{""circuit"":""surface_code:rotated_memory_x"",""cluster_node_limit"":50,""d"":3,""decoder"":""mwpf"",""decoder_type"":""SolverSerialJointSingleHair"",""p"":0.03,""p_erase"":0.03,""r"":3,""run_id"":""1b0c559dafd8f14b5d58ea78c3999f6ea71afe3722dfa6ff7d8583aa5e1d218c""}",
      7168,         1,         0,   0.296,mwpf__6a374b57c528f1fa3515562a1fcd08586fb590c5649146dc6a143bb06eeec077,f3e9207a47b74a52f31cee6ee65233df1dffd4d0d85fd55e88b8f5b6b8686260,"{""circuit"":""surface_code:rotated_memory_x"",""cluster_node_limit"":50,""d"":3,""decoder"":""mwpf"",""decoder_type"":""SolverSerialJointSingleHair"",""p"":0.006,""p_erase"":0.006,""r"":3,""run_id"":""dd60754122c9f7a810b0c1d8b1c92188ea52870232067546237f0fa25d610548""}",
      4096,         6,         0,   0.222,mwpf__2d43dbac6f220be8e75258fcbaa1915a92302bec253b831525bc35e7adeec1b6,64b3d9f5baf6f09488c41396f9407eb7cf2e57debde21e687e5552cba9d5418a,"{""circuit"":""surface_code:rotated_memory_x"",""cluster_node_limit"":50,""d"":3,""decoder"":""mwpf"",""decoder_type"":""SolverSerialJointSingleHair"",""p"":0.009,""p_erase"":0.009,""r"":3,""run_id"":""f3773bbf3001f7044304ac6a12d9ddb4d020a1b2b51ce7b475f4f14944f915f3""}",
     17408,       967,         0,    2.27,mwpf__d08ecc2ae4e76ccb11121c648d76bb1a9dceb54ba88d0bda3ca1942f8172f6b2,9f276de840468236fef01318b2cf4b6d7c2e1758c53771e1f5f515c9efa1fe7a,"{""circuit"":""surface_code:rotated_memory_x"",""cluster_node_limit"":50,""d"":3,""decoder"":""mwpf"",""decoder_type"":""SolverSerialJointSingleHair"",""p"":0.03,""p_erase"":0.03,""r"":3,""run_id"":""1b0c559dafd8f14b5d58ea78c3999f6ea71afe3722dfa6ff7d8583aa5e1d218c""}",
     21851,        10,         0,   0.918,mwpf__6a374b57c528f1fa3515562a1fcd08586fb590c5649146dc6a143bb06eeec077,f3e9207a47b74a52f31cee6ee65233df1dffd4d0d85fd55e88b8f5b6b8686260,"{""circuit"":""surface_code:rotated_memory_x"",""cluster_node_limit"":50,""d"":3,""decoder"":""mwpf"",""decoder_type"":""SolverSerialJointSingleHair"",""p"":0.006,""p_erase"":0.006,""r"":3,""run_id"":""dd60754122c9f7a810b0c1d8b1c92188ea52870232067546237f0fa25d610548""}",
      6144,         9,         0,   0.313,mwpf__cdbabe99b4f243243aad339bb11c8a90131812a9c01e0de682a2aca46d6d55ff,ddc6d0a0729b2070c0dbbc972d7b9e687957f33bd2fd578d2477245fef7735ad,"{""circuit"":""surface_code:rotated_memory_x"",""cluster_node_limit"":50,""d"":3,""decoder"":""mwpf"",""decoder_type"":""SolverSerialJointSingleHair"",""p"":0.008,""p_erase"":0.008,""r"":3,""run_id"":""842b8d9622dd95e081373b13334f0c4c970c25ea256e90e9985b8d1bb6968aef""}",
      5120,         8,         0,    1.27,mwpf__cdbabe99b4f243243aad339bb11c8a90131812a9c01e0de682a2aca46d6d55ff,ddc6d0a0729b2070c0dbbc972d7b9e687957f33bd2fd578d2477245fef7735ad,"{""circuit"":""surface_code:rotated_memory_x"",""cluster_node_limit"":50,""d"":3,""decoder"":""mwpf"",""decoder_type"":""SolverSerialJointSingleHair"",""p"":0.008,""p_erase"":0.008,""r"":3,""run_id"":""842b8d9622dd95e081373b13334f0c4c970c25ea256e90e9985b8d1bb6968aef""}",
     14336,         8,         0,   0.588,mwpf__6a374b57c528f1fa3515562a1fcd08586fb590c5649146dc6a143bb06eeec077,f3e9207a47b74a52f31cee6ee65233df1dffd4d0d85fd55e88b8f5b6b8686260,"{""circuit"":""surface_code:rotated_memory_x"",""cluster_node_limit"":50,""d"":3,""decoder"":""mwpf"",""decoder_type"":""SolverSerialJointSingleHair"",""p"":0.006,""p_erase"":0.006,""r"":3,""run_id"":""dd60754122c9f7a810b0c1d8b1c92188ea52870232067546237f0fa25d610548""}",
      2048,        29,         0,   0.193,mwpf__bc6afb301d40de4dda36c86e2bee82ba9a2f3509c5e7adff85dedc84e2a08470,7be39a06112225b5216df3daf93370b2b9c424246e5cfcb6acb1a9865d6e9942,"{""circuit"":""surface_code:rotated_memory_x"",""cluster_node_limit"":50,""d"":3,""decoder"":""mwpf"",""decoder_type"":""SolverSerialJointSingleHair"",""p"":0.02,""p_erase"":0.02,""r"":3,""run_id"":""cbdcd76e4eac6e7ea58eb299d6c7091619bfb5b7954ed0656948ce94e45f36ab""}",
      6144,         7,         0,   0.295,mwpf__b97013a8da0fd8f6885b17db2a42ab25b19ddfdf52e8fcbc8652f7f86a4a96cb,0fcbe56867e1865cf3743ffac95ee6934c3a42db582868c86348a2ad7290185e,"{""circuit"":""surface_code:rotated_memory_x"",""cluster_node_limit"":50,""d"":3,""decoder"":""mwpf"",""decoder_type"":""SolverSerialJointSingleHair"",""p"":0.0075,""p_erase"":0.0075,""r"":3,""run_id"":""4bc734d2ac70cf62b78df146e81bdcf5df30d786b05a2eea177a13d890e64669""}",
      1024,        60,         0,   0.132,mwpf__d08ecc2ae4e76ccb11121c648d76bb1a9dceb54ba88d0bda3ca1942f8172f6b2,9f276de840468236fef01318b2cf4b6d7c2e1758c53771e1f5f515c9efa1fe7a,"{""circuit"":""surface_code:rotated_memory_x"",""cluster_node_limit"":50,""d"":3,""decoder"":""mwpf"",""decoder_type"":""SolverSerialJointSingleHair"",""p"":0.03,""p_erase"":0.03,""r"":3,""run_id"":""1b0c559dafd8f14b5d58ea78c3999f6ea71afe3722dfa6ff7d8583aa5e1d218c""}",
      7168,         5,         0,   0.330,mwpf__71726d6ba25fe5b1097fdebf57bc9ee71a4920b66b52ccf640b9fe928e18d0f8,416965c75b19b01d4781182eaa19c998ff58123cda66a19c0d09dee75e64fffb,"{""circuit"":""surface_code:rotated_memory_x"",""cluster_node_limit"":50,""d"":3,""decoder"":""mwpf"",""decoder_type"":""SolverSerialJointSingleHair"",""p"":0.007,""p_erase"":0.007,""r"":3,""run_id"":""135e03791629607bb61bf8b9b22bc12f2324f26b65e31e82f5c3cd97d24c99c9""}",
      6144,       121,         0,   0.579,mwpf__bc6afb301d40de4dda36c86e2bee82ba9a2f3509c5e7adff85dedc84e2a08470,7be39a06112225b5216df3daf93370b2b9c424246e5cfcb6acb1a9865d6e9942,"{""circuit"":""surface_code:rotated_memory_x"",""cluster_node_limit"":50,""d"":3,""decoder"":""mwpf"",""decoder_type"":""SolverSerialJointSingleHair"",""p"":0.02,""p_erase"":0.02,""r"":3,""run_id"":""cbdcd76e4eac6e7ea58eb299d6c7091619bfb5b7954ed0656948ce94e45f36ab""}",
      6144,        14,         0,   0.334,mwpf__2d43dbac6f220be8e75258fcbaa1915a92302bec253b831525bc35e7adeec1b6,64b3d9f5baf6f09488c41396f9407eb7cf2e57debde21e687e5552cba9d5418a,"{""circuit"":""surface_code:rotated_memory_x"",""cluster_node_limit"":50,""d"":3,""decoder"":""mwpf"",""decoder_type"":""SolverSerialJointSingleHair"",""p"":0.009,""p_erase"":0.009,""r"":3,""run_id"":""f3773bbf3001f7044304ac6a12d9ddb4d020a1b2b51ce7b475f4f14944f915f3""}",
      2048,       102,         0,   0.257,mwpf__d08ecc2ae4e76ccb11121c648d76bb1a9dceb54ba88d0bda3ca1942f8172f6b2,9f276de840468236fef01318b2cf4b6d7c2e1758c53771e1f5f515c9efa1fe7a,"{""circuit"":""surface_code:rotated_memory_x"",""cluster_node_limit"":50,""d"":3,""decoder"":""mwpf"",""decoder_type"":""SolverSerialJointSingleHair"",""p"":0.03,""p_erase"":0.03,""r"":3,""run_id"":""1b0c559dafd8f14b5d58ea78c3999f6ea71afe3722dfa6ff7d8583aa5e1d218c""}",
      3072,        38,         0,   0.277,mwpf__bc6afb301d40de4dda36c86e2bee82ba9a2f3509c5e7adff85dedc84e2a08470,7be39a06112225b5216df3daf93370b2b9c424246e5cfcb6acb1a9865d6e9942,"{""circuit"":""surface_code:rotated_memory_x"",""cluster_node_limit"":50,""d"":3,""decoder"":""mwpf"",""decoder_type"":""SolverSerialJointSingleHair"",""p"":0.02,""p_erase"":0.02,""r"":3,""run_id"":""cbdcd76e4eac6e7ea58eb299d6c7091619bfb5b7954ed0656948ce94e45f36ab""}",
      6144,         4,         0,    1.19,mwpf__6a374b57c528f1fa3515562a1fcd08586fb590c5649146dc6a143bb06eeec077,f3e9207a47b74a52f31cee6ee65233df1dffd4d0d85fd55e88b8f5b6b8686260,"{""circuit"":""surface_code:rotated_memory_x"",""cluster_node_limit"":50,""d"":3,""decoder"":""mwpf"",""decoder_type"":""SolverSerialJointSingleHair"",""p"":0.006,""p_erase"":0.006,""r"":3,""run_id"":""dd60754122c9f7a810b0c1d8b1c92188ea52870232067546237f0fa25d610548""}",
      9563,         7,         0,   0.397,mwpf__6a374b57c528f1fa3515562a1fcd08586fb590c5649146dc6a143bb06eeec077,f3e9207a47b74a52f31cee6ee65233df1dffd4d0d85fd55e88b8f5b6b8686260,"{""circuit"":""surface_code:rotated_memory_x"",""cluster_node_limit"":50,""d"":3,""decoder"":""mwpf"",""decoder_type"":""SolverSerialJointSingleHair"",""p"":0.006,""p_erase"":0.006,""r"":3,""run_id"":""dd60754122c9f7a810b0c1d8b1c92188ea52870232067546237f0fa25d610548""}",
      6144,         0,         0,   0.301,mwpf__6a374b57c528f1fa3515562a1fcd08586fb590c5649146dc6a143bb06eeec077,f3e9207a47b74a52f31cee6ee65233df1dffd4d0d85fd55e88b8f5b6b8686260,"{""circuit"":""surface_code:rotated_memory_x"",""cluster_node_limit"":50,""d"":3,""decoder"":""mwpf"",""decoder_type"":""SolverSerialJointSingleHair"",""p"":0.006,""p_erase"":0.006,""r"":3,""run_id"":""dd60754122c9f7a810b0c1d8b1c92188ea52870232067546237f0fa25d610548""}",
     14336,        23,         0,   0.803,mwpf__f4eaffc7e8b345bd4ed12e044b14c9eca5eb9d6063d64430985ec7c298159463,1c0b2318b8e500ddb1032a5e330292dd6110fcabf993e79d05dcfbebeb6f8881,"{""circuit"":""surface_code:rotated_memory_x"",""cluster_node_limit"":50,""d"":3,""decoder"":""mwpf"",""decoder_type"":""SolverSerialJointSingleHair"",""p"":0.01,""p_erase"":0.01,""r"":3,""run_id"":""5b6db69d825a9e1af451573dd00a4a7082d74a5e74fde81d397d7b0bcc5645b2""}",
      5806,         2,         0,   0.268,mwpf__6a374b57c528f1fa3515562a1fcd08586fb590c5649146dc6a143bb06eeec077,f3e9207a47b74a52f31cee6ee65233df1dffd4d0d85fd55e88b8f5b6b8686260,"{""circuit"":""surface_code:rotated_memory_x"",""cluster_node_limit"":50,""d"":3,""decoder"":""mwpf"",""decoder_type"":""SolverSerialJointSingleHair"",""p"":0.006,""p_erase"":0.006,""r"":3,""run_id"":""dd60754122c9f7a810b0c1d8b1c92188ea52870232067546237f0fa25d610548""}",
     24576,        22,         0,    1.14,mwpf__71726d6ba25fe5b1097fdebf57bc9ee71a4920b66b52ccf640b9fe928e18d0f8,416965c75b19b01d4781182eaa19c998ff58123cda66a19c0d09dee75e64fffb,"{""circuit"":""surface_code:rotated_memory_x"",""cluster_node_limit"":50,""d"":3,""decoder"":""mwpf"",""decoder_type"":""SolverSerialJointSingleHair"",""p"":0.007,""p_erase"":0.007,""r"":3,""run_id"":""135e03791629607bb61bf8b9b22bc12f2324f26b65e31e82f5c3cd97d24c99c9""}",
     24576,        24,         0,    1.13,mwpf__b97013a8da0fd8f6885b17db2a42ab25b19ddfdf52e8fcbc8652f7f86a4a96cb,0fcbe56867e1865cf3743ffac95ee6934c3a42db582868c86348a2ad7290185e,"{""circuit"":""surface_code:rotated_memory_x"",""cluster_node_limit"":50,""d"":3,""decoder"":""mwpf"",""decoder_type"":""SolverSerialJointSingleHair"",""p"":0.0075,""p_erase"":0.0075,""r"":3,""run_id"":""4bc734d2ac70cf62b78df146e81bdcf5df30d786b05a2eea177a13d890e64669""}",
     15360,        28,         0,   0.813,mwpf__2d43dbac6f220be8e75258fcbaa1915a92302bec253b831525bc35e7adeec1b6,64b3d9f5baf6f09488c41396f9407eb7cf2e57debde21e687e5552cba9d5418a,"{""circuit"":""surface_code:rotated_memory_x"",""cluster_node_limit"":50,""d"":3,""decoder"":""mwpf"",""decoder_type"":""SolverSerialJointSingleHair"",""p"":0.009,""p_erase"":0.009,""r"":3,""run_id"":""f3773bbf3001f7044304ac6a12d9ddb4d020a1b2b51ce7b475f4f14944f915f3""}",
      1371,         0,         0,   0.082,mwpf__6a374b57c528f1fa3515562a1fcd08586fb590c5649146dc6a143bb06eeec077,f3e9207a47b74a52f31cee6ee65233df1dffd4d0d85fd55e88b8f5b6b8686260,"{""circuit"":""surface_code:rotated_memory_x"",""cluster_node_limit"":50,""d"":3,""decoder"":""mwpf"",""decoder_type"":""SolverSerialJointSingleHair"",""p"":0.006,""p_erase"":0.006,""r"":3,""run_id"":""dd60754122c9f7a810b0c1d8b1c92188ea52870232067546237f0fa25d610548""}",
      8192,        10,         0,   0.418,mwpf__cdbabe99b4f243243aad339bb11c8a90131812a9c01e0de682a2aca46d6d55ff,ddc6d0a0729b2070c0dbbc972d7b9e687957f33bd2fd578d2477245fef7735ad,"{""circuit"":""surface_code:rotated_memory_x"",""cluster_node_limit"":50,""d"":3,""decoder"":""mwpf"",""decoder_type"":""SolverSerialJointSingleHair"",""p"":0.008,""p_erase"":0.008,""r"":3,""run_id"":""842b8d9622dd95e081373b13334f0c4c970c25ea256e90e9985b8d1bb6968aef""}",
      5120,       298,         0,   0.638,mwpf__d08ecc2ae4e76ccb11121c648d76bb1a9dceb54ba88d0bda3ca1942f8172f6b2,9f276de840468236fef01318b2cf4b6d7c2e1758c53771e1f5f515c9efa1fe7a,"{""circuit"":""surface_code:rotated_memory_x"",""cluster_node_limit"":50,""d"":3,""decoder"":""mwpf"",""decoder_type"":""SolverSerialJointSingleHair"",""p"":0.03,""p_erase"":0.03,""r"":3,""run_id"":""1b0c559dafd8f14b5d58ea78c3999f6ea71afe3722dfa6ff7d8583aa5e1d218c""}",
      2728,         1,         0,   0.112,mwpf__6a374b57c528f1fa3515562a1fcd08586fb590c5649146dc6a143bb06eeec077,f3e9207a47b74a52f31cee6ee65233df1dffd4d0d85fd55e88b8f5b6b8686260,"{""circuit"":""surface_code:rotated_memory_x"",""cluster_node_limit"":50,""d"":3,""decoder"":""mwpf"",""decoder_type"":""SolverSerialJointSingleHair"",""p"":0.006,""p_erase"":0.006,""r"":3,""run_id"":""dd60754122c9f7a810b0c1d8b1c92188ea52870232067546237f0fa25d610548""}",
     16384,        21,         0,   0.802,mwpf__cdbabe99b4f243243aad339bb11c8a90131812a9c01e0de682a2aca46d6d55ff,ddc6d0a0729b2070c0dbbc972d7b9e687957f33bd2fd578d2477245fef7735ad,"{""circuit"":""surface_code:rotated_memory_x"",""cluster_node_limit"":50,""d"":3,""decoder"":""mwpf"",""decoder_type"":""SolverSerialJointSingleHair"",""p"":0.008,""p_erase"":0.008,""r"":3,""run_id"":""842b8d9622dd95e081373b13334f0c4c970c25ea256e90e9985b8d1bb6968aef""}",
      9216,         4,         0,   0.439,mwpf__b97013a8da0fd8f6885b17db2a42ab25b19ddfdf52e8fcbc8652f7f86a4a96cb,0fcbe56867e1865cf3743ffac95ee6934c3a42db582868c86348a2ad7290185e,"{""circuit"":""surface_code:rotated_memory_x"",""cluster_node_limit"":50,""d"":3,""decoder"":""mwpf"",""decoder_type"":""SolverSerialJointSingleHair"",""p"":0.0075,""p_erase"":0.0075,""r"":3,""run_id"":""4bc734d2ac70cf62b78df146e81bdcf5df30d786b05a2eea177a13d890e64669""}",
     32892,        21,         0,    1.54,mwpf__71726d6ba25fe5b1097fdebf57bc9ee71a4920b66b52ccf640b9fe928e18d0f8,416965c75b19b01d4781182eaa19c998ff58123cda66a19c0d09dee75e64fffb,"{""circuit"":""surface_code:rotated_memory_x"",""cluster_node_limit"":50,""d"":3,""decoder"":""mwpf"",""decoder_type"":""SolverSerialJointSingleHair"",""p"":0.007,""p_erase"":0.007,""r"":3,""run_id"":""135e03791629607bb61bf8b9b22bc12f2324f26b65e31e82f5c3cd97d24c99c9""}",
     28028,        41,         0,    1.54,mwpf__2d43dbac6f220be8e75258fcbaa1915a92302bec253b831525bc35e7adeec1b6,64b3d9f5baf6f09488c41396f9407eb7cf2e57debde21e687e5552cba9d5418a,"{""circuit"":""surface_code:rotated_memory_x"",""cluster_node_limit"":50,""d"":3,""decoder"":""mwpf"",""decoder_type"":""SolverSerialJointSingleHair"",""p"":0.009,""p_erase"":0.009,""r"":3,""run_id"":""f3773bbf3001f7044304ac6a12d9ddb4d020a1b2b51ce7b475f4f14944f915f3""}",
      9216,        10,         0,   0.418,mwpf__71726d6ba25fe5b1097fdebf57bc9ee71a4920b66b52ccf640b9fe928e18d0f8,416965c75b19b01d4781182eaa19c998ff58123cda66a19c0d09dee75e64fffb,"{""circuit"":""surface_code:rotated_memory_x"",""cluster_node_limit"":50,""d"":3,""decoder"":""mwpf"",""decoder_type"":""SolverSerialJointSingleHair"",""p"":0.007,""p_erase"":0.007,""r"":3,""run_id"":""135e03791629607bb61bf8b9b22bc12f2324f26b65e31e82f5c3cd97d24c99c9""}",
     27648,        28,         0,    1.52,mwpf__2d43dbac6f220be8e75258fcbaa1915a92302bec253b831525bc35e7adeec1b6,64b3d9f5baf6f09488c41396f9407eb7cf2e57debde21e687e5552cba9d5418a,"{""circuit"":""surface_code:rotated_memory_x"",""cluster_node_limit"":50,""d"":3,""decoder"":""mwpf"",""decoder_type"":""SolverSerialJointSingleHair"",""p"":0.009,""p_erase"":0.009,""r"":3,""run_id"":""f3773bbf3001f7044304ac6a12d9ddb4d020a1b2b51ce7b475f4f14944f915f3""}",
       380,         1,         0,   0.020,mwpf__2d43dbac6f220be8e75258fcbaa1915a92302bec253b831525bc35e7adeec1b6,64b3d9f5baf6f09488c41396f9407eb7cf2e57debde21e687e5552cba9d5418a,"{""circuit"":""surface_code:rotated_memory_x"",""cluster_node_limit"":50,""d"":3,""decoder"":""mwpf"",""decoder_type"":""SolverSerialJointSingleHair"",""p"":0.009,""p_erase"":0.009,""r"":3,""run_id"":""f3773bbf3001f7044304ac6a12d9ddb4d020a1b2b51ce7b475f4f14944f915f3""}",
      1367,         2,         0,   0.080,mwpf__6a374b57c528f1fa3515562a1fcd08586fb590c5649146dc6a143bb06eeec077,f3e9207a47b74a52f31cee6ee65233df1dffd4d0d85fd55e88b8f5b6b8686260,"{""circuit"":""surface_code:rotated_memory_x"",""cluster_node_limit"":50,""d"":3,""decoder"":""mwpf"",""decoder_type"":""SolverSerialJointSingleHair"",""p"":0.006,""p_erase"":0.006,""r"":3,""run_id"":""dd60754122c9f7a810b0c1d8b1c92188ea52870232067546237f0fa25d610548""}",
      2048,       119,         0,   0.260,mwpf__d08ecc2ae4e76ccb11121c648d76bb1a9dceb54ba88d0bda3ca1942f8172f6b2,9f276de840468236fef01318b2cf4b6d7c2e1758c53771e1f5f515c9efa1fe7a,"{""circuit"":""surface_code:rotated_memory_x"",""cluster_node_limit"":50,""d"":3,""decoder"":""mwpf"",""decoder_type"":""SolverSerialJointSingleHair"",""p"":0.03,""p_erase"":0.03,""r"":3,""run_id"":""1b0c559dafd8f14b5d58ea78c3999f6ea71afe3722dfa6ff7d8583aa5e1d218c""}",
      2048,         0,         0,   0.302,mwpf__6a374b57c528f1fa3515562a1fcd08586fb590c5649146dc6a143bb06eeec077,f3e9207a47b74a52f31cee6ee65233df1dffd4d0d85fd55e88b8f5b6b8686260,"{""circuit"":""surface_code:rotated_memory_x"",""cluster_node_limit"":50,""d"":3,""decoder"":""mwpf"",""decoder_type"":""SolverSerialJointSingleHair"",""p"":0.006,""p_erase"":0.006,""r"":3,""run_id"":""dd60754122c9f7a810b0c1d8b1c92188ea52870232067546237f0fa25d610548""}",
       940,         1,         0,   0.042,mwpf__6a374b57c528f1fa3515562a1fcd08586fb590c5649146dc6a143bb06eeec077,f3e9207a47b74a52f31cee6ee65233df1dffd4d0d85fd55e88b8f5b6b8686260,"{""circuit"":""surface_code:rotated_memory_x"",""cluster_node_limit"":50,""d"":3,""decoder"":""mwpf"",""decoder_type"":""SolverSerialJointSingleHair"",""p"":0.006,""p_erase"":0.006,""r"":3,""run_id"":""dd60754122c9f7a810b0c1d8b1c92188ea52870232067546237f0fa25d610548""}",
       940,         1,         0,   0.063,mwpf__6a374b57c528f1fa3515562a1fcd08586fb590c5649146dc6a143bb06eeec077,f3e9207a47b74a52f31cee6ee65233df1dffd4d0d85fd55e88b8f5b6b8686260,"{""circuit"":""surface_code:rotated_memory_x"",""cluster_node_limit"":50,""d"":3,""decoder"":""mwpf"",""decoder_type"":""SolverSerialJointSingleHair"",""p"":0.006,""p_erase"":0.006,""r"":3,""run_id"":""dd60754122c9f7a810b0c1d8b1c92188ea52870232067546237f0fa25d610548""}",
       938,         1,         0,   0.064,mwpf__6a374b57c528f1fa3515562a1fcd08586fb590c5649146dc6a143bb06eeec077,f3e9207a47b74a52f31cee6ee65233df1dffd4d0d85fd55e88b8f5b6b8686260,"{""circuit"":""surface_code:rotated_memory_x"",""cluster_node_limit"":50,""d"":3,""decoder"":""mwpf"",""decoder_type"":""SolverSerialJointSingleHair"",""p"":0.006,""p_erase"":0.006,""r"":3,""run_id"":""dd60754122c9f7a810b0c1d8b1c92188ea52870232067546237f0fa25d610548""}",
      4096,        70,         0,   0.380,mwpf__bc6afb301d40de4dda36c86e2bee82ba9a2f3509c5e7adff85dedc84e2a08470,7be39a06112225b5216df3daf93370b2b9c424246e5cfcb6acb1a9865d6e9942,"{""circuit"":""surface_code:rotated_memory_x"",""cluster_node_limit"":50,""d"":3,""decoder"":""mwpf"",""decoder_type"":""SolverSerialJointSingleHair"",""p"":0.02,""p_erase"":0.02,""r"":3,""run_id"":""cbdcd76e4eac6e7ea58eb299d6c7091619bfb5b7954ed0656948ce94e45f36ab""}",
      4312,        10,         0,   0.226,mwpf__2d43dbac6f220be8e75258fcbaa1915a92302bec253b831525bc35e7adeec1b6,64b3d9f5baf6f09488c41396f9407eb7cf2e57debde21e687e5552cba9d5418a,"{""circuit"":""surface_code:rotated_memory_x"",""cluster_node_limit"":50,""d"":3,""decoder"":""mwpf"",""decoder_type"":""SolverSerialJointSingleHair"",""p"":0.009,""p_erase"":0.009,""r"":3,""run_id"":""f3773bbf3001f7044304ac6a12d9ddb4d020a1b2b51ce7b475f4f14944f915f3""}",
      6144,         1,         0,    1.23,mwpf__b97013a8da0fd8f6885b17db2a42ab25b19ddfdf52e8fcbc8652f7f86a4a96cb,0fcbe56867e1865cf3743ffac95ee6934c3a42db582868c86348a2ad7290185e,"{""circuit"":""surface_code:rotated_memory_x"",""cluster_node_limit"":50,""d"":3,""decoder"":""mwpf"",""decoder_type"":""SolverSerialJointSingleHair"",""p"":0.0075,""p_erase"":0.0075,""r"":3,""run_id"":""4bc734d2ac70cf62b78df146e81bdcf5df30d786b05a2eea177a13d890e64669""}",
      8192,        19,         0,   0.439,mwpf__2d43dbac6f220be8e75258fcbaa1915a92302bec253b831525bc35e7adeec1b6,64b3d9f5baf6f09488c41396f9407eb7cf2e57debde21e687e5552cba9d5418a,"{""circuit"":""surface_code:rotated_memory_x"",""cluster_node_limit"":50,""d"":3,""decoder"":""mwpf"",""decoder_type"":""SolverSerialJointSingleHair"",""p"":0.009,""p_erase"":0.009,""r"":3,""run_id"":""f3773bbf3001f7044304ac6a12d9ddb4d020a1b2b51ce7b475f4f14944f915f3""}",
      3072,       180,         0,   0.388,mwpf__d08ecc2ae4e76ccb11121c648d76bb1a9dceb54ba88d0bda3ca1942f8172f6b2,9f276de840468236fef01318b2cf4b6d7c2e1758c53771e1f5f515c9efa1fe7a,"{""circuit"":""surface_code:rotated_memory_x"",""cluster_node_limit"":50,""d"":3,""decoder"":""mwpf"",""decoder_type"":""SolverSerialJointSingleHair"",""p"":0.03,""p_erase"":0.03,""r"":3,""run_id"":""1b0c559dafd8f14b5d58ea78c3999f6ea71afe3722dfa6ff7d8583aa5e1d218c""}",
     37756,        81,         0,    2.13,mwpf__f4eaffc7e8b345bd4ed12e044b14c9eca5eb9d6063d64430985ec7c298159463,1c0b2318b8e500ddb1032a5e330292dd6110fcabf993e79d05dcfbebeb6f8881,"{""circuit"":""surface_code:rotated_memory_x"",""cluster_node_limit"":50,""d"":3,""decoder"":""mwpf"",""decoder_type"":""SolverSerialJointSingleHair"",""p"":0.01,""p_erase"":0.01,""r"":3,""run_id"":""5b6db69d825a9e1af451573dd00a4a7082d74a5e74fde81d397d7b0bcc5645b2""}",
      9216,       165,         0,   0.849,mwpf__bc6afb301d40de4dda36c86e2bee82ba9a2f3509c5e7adff85dedc84e2a08470,7be39a06112225b5216df3daf93370b2b9c424246e5cfcb6acb1a9865d6e9942,"{""circuit"":""surface_code:rotated_memory_x"",""cluster_node_limit"":50,""d"":3,""decoder"":""mwpf"",""decoder_type"":""SolverSerialJointSingleHair"",""p"":0.02,""p_erase"":0.02,""r"":3,""run_id"":""cbdcd76e4eac6e7ea58eb299d6c7091619bfb5b7954ed0656948ce94e45f36ab""}",
     11264,        14,         0,   0.570,mwpf__cdbabe99b4f243243aad339bb11c8a90131812a9c01e0de682a2aca46d6d55ff,ddc6d0a0729b2070c0dbbc972d7b9e687957f33bd2fd578d2477245fef7735ad,"{""circuit"":""surface_code:rotated_memory_x"",""cluster_node_limit"":50,""d"":3,""decoder"":""mwpf"",""decoder_type"":""SolverSerialJointSingleHair"",""p"":0.008,""p_erase"":0.008,""r"":3,""run_id"":""842b8d9622dd95e081373b13334f0c4c970c25ea256e90e9985b8d1bb6968aef""}",
     12288,        11,         0,   0.584,mwpf__b97013a8da0fd8f6885b17db2a42ab25b19ddfdf52e8fcbc8652f7f86a4a96cb,0fcbe56867e1865cf3743ffac95ee6934c3a42db582868c86348a2ad7290185e,"{""circuit"":""surface_code:rotated_memory_x"",""cluster_node_limit"":50,""d"":3,""decoder"":""mwpf"",""decoder_type"":""SolverSerialJointSingleHair"",""p"":0.0075,""p_erase"":0.0075,""r"":3,""run_id"":""4bc734d2ac70cf62b78df146e81bdcf5df30d786b05a2eea177a13d890e64669""}",
      8192,         4,         0,    1.69,mwpf__71726d6ba25fe5b1097fdebf57bc9ee71a4920b66b52ccf640b9fe928e18d0f8,416965c75b19b01d4781182eaa19c998ff58123cda66a19c0d09dee75e64fffb,"{""circuit"":""surface_code:rotated_memory_x"",""cluster_node_limit"":50,""d"":3,""decoder"":""mwpf"",""decoder_type"":""SolverSerialJointSingleHair"",""p"":0.007,""p_erase"":0.007,""r"":3,""run_id"":""135e03791629607bb61bf8b9b22bc12f2324f26b65e31e82f5c3cd97d24c99c9""}",
       940,         1,         0,   0.469,mwpf__6a374b57c528f1fa3515562a1fcd08586fb590c5649146dc6a143bb06eeec077,f3e9207a47b74a52f31cee6ee65233df1dffd4d0d85fd55e88b8f5b6b8686260,"{""circuit"":""surface_code:rotated_memory_x"",""cluster_node_limit"":50,""d"":3,""decoder"":""mwpf"",""decoder_type"":""SolverSerialJointSingleHair"",""p"":0.006,""p_erase"":0.006,""r"":3,""run_id"":""dd60754122c9f7a810b0c1d8b1c92188ea52870232067546237f0fa25d610548""}",
     13312,         8,         0,   0.600,mwpf__71726d6ba25fe5b1097fdebf57bc9ee71a4920b66b52ccf640b9fe928e18d0f8,416965c75b19b01d4781182eaa19c998ff58123cda66a19c0d09dee75e64fffb,"{""circuit"":""surface_code:rotated_memory_x"",""cluster_node_limit"":50,""d"":3,""decoder"":""mwpf"",""decoder_type"":""SolverSerialJointSingleHair"",""p"":0.007,""p_erase"":0.007,""r"":3,""run_id"":""135e03791629607bb61bf8b9b22bc12f2324f26b65e31e82f5c3cd97d24c99c9""}",
     41984,        42,         0,    2.11,mwpf__cdbabe99b4f243243aad339bb11c8a90131812a9c01e0de682a2aca46d6d55ff,ddc6d0a0729b2070c0dbbc972d7b9e687957f33bd2fd578d2477245fef7735ad,"{""circuit"":""surface_code:rotated_memory_x"",""cluster_node_limit"":50,""d"":3,""decoder"":""mwpf"",""decoder_type"":""SolverSerialJointSingleHair"",""p"":0.008,""p_erase"":0.008,""r"":3,""run_id"":""842b8d9622dd95e081373b13334f0c4c970c25ea256e90e9985b8d1bb6968aef""}",
     13312,        23,         0,   0.700,mwpf__2d43dbac6f220be8e75258fcbaa1915a92302bec253b831525bc35e7adeec1b6,64b3d9f5baf6f09488c41396f9407eb7cf2e57debde21e687e5552cba9d5418a,"{""circuit"":""surface_code:rotated_memory_x"",""cluster_node_limit"":50,""d"":3,""decoder"":""mwpf"",""decoder_type"":""SolverSerialJointSingleHair"",""p"":0.009,""p_erase"":0.009,""r"":3,""run_id"":""f3773bbf3001f7044304ac6a12d9ddb4d020a1b2b51ce7b475f4f14944f915f3""}",
      5120,        95,         0,   0.468,mwpf__bc6afb301d40de4dda36c86e2bee82ba9a2f3509c5e7adff85dedc84e2a08470,7be39a06112225b5216df3daf93370b2b9c424246e5cfcb6acb1a9865d6e9942,"{""circuit"":""surface_code:rotated_memory_x"",""cluster_node_limit"":50,""d"":3,""decoder"":""mwpf"",""decoder_type"":""SolverSerialJointSingleHair"",""p"":0.02,""p_erase"":0.02,""r"":3,""run_id"":""cbdcd76e4eac6e7ea58eb299d6c7091619bfb5b7954ed0656948ce94e45f36ab""}",
     11932,        25,         0,   0.629,mwpf__2d43dbac6f220be8e75258fcbaa1915a92302bec253b831525bc35e7adeec1b6,64b3d9f5baf6f09488c41396f9407eb7cf2e57debde21e687e5552cba9d5418a,"{""circuit"":""surface_code:rotated_memory_x"",""cluster_node_limit"":50,""d"":3,""decoder"":""mwpf"",""decoder_type"":""SolverSerialJointSingleHair"",""p"":0.009,""p_erase"":0.009,""r"":3,""run_id"":""f3773bbf3001f7044304ac6a12d9ddb4d020a1b2b51ce7b475f4f14944f915f3""}",
      8192,        10,         0,   0.433,mwpf__2d43dbac6f220be8e75258fcbaa1915a92302bec253b831525bc35e7adeec1b6,64b3d9f5baf6f09488c41396f9407eb7cf2e57debde21e687e5552cba9d5418a,"{""circuit"":""surface_code:rotated_memory_x"",""cluster_node_limit"":50,""d"":3,""decoder"":""mwpf"",""decoder_type"":""SolverSerialJointSingleHair"",""p"":0.009,""p_erase"":0.009,""r"":3,""run_id"":""f3773bbf3001f7044304ac6a12d9ddb4d020a1b2b51ce7b475f4f14944f915f3""}",
      8192,        14,         0,   0.442,mwpf__2d43dbac6f220be8e75258fcbaa1915a92302bec253b831525bc35e7adeec1b6,64b3d9f5baf6f09488c41396f9407eb7cf2e57debde21e687e5552cba9d5418a,"{""circuit"":""surface_code:rotated_memory_x"",""cluster_node_limit"":50,""d"":3,""decoder"":""mwpf"",""decoder_type"":""SolverSerialJointSingleHair"",""p"":0.009,""p_erase"":0.009,""r"":3,""run_id"":""f3773bbf3001f7044304ac6a12d9ddb4d020a1b2b51ce7b475f4f14944f915f3""}",
       133,         0,         0,   0.007,mwpf__2d43dbac6f220be8e75258fcbaa1915a92302bec253b831525bc35e7adeec1b6,64b3d9f5baf6f09488c41396f9407eb7cf2e57debde21e687e5552cba9d5418a,"{""circuit"":""surface_code:rotated_memory_x"",""cluster_node_limit"":50,""d"":3,""decoder"":""mwpf"",""decoder_type"":""SolverSerialJointSingleHair"",""p"":0.009,""p_erase"":0.009,""r"":3,""run_id"":""f3773bbf3001f7044304ac6a12d9ddb4d020a1b2b51ce7b475f4f14944f915f3""}",
        44,         0,         0,   0.002,mwpf__2d43dbac6f220be8e75258fcbaa1915a92302bec253b831525bc35e7adeec1b6,64b3d9f5baf6f09488c41396f9407eb7cf2e57debde21e687e5552cba9d5418a,"{""circuit"":""surface_code:rotated_memory_x"",""cluster_node_limit"":50,""d"":3,""decoder"":""mwpf"",""decoder_type"":""SolverSerialJointSingleHair"",""p"":0.009,""p_erase"":0.009,""r"":3,""run_id"":""f3773bbf3001f7044304ac6a12d9ddb4d020a1b2b51ce7b475f4f14944f915f3""}",
        36,         0,         0,   0.003,mwpf__2d43dbac6f220be8e75258fcbaa1915a92302bec253b831525bc35e7adeec1b6,64b3d9f5baf6f09488c41396f9407eb7cf2e57debde21e687e5552cba9d5418a,"{""circuit"":""surface_code:rotated_memory_x"",""cluster_node_limit"":50,""d"":3,""decoder"":""mwpf"",""decoder_type"":""SolverSerialJointSingleHair"",""p"":0.009,""p_erase"":0.009,""r"":3,""run_id"":""f3773bbf3001f7044304ac6a12d9ddb4d020a1b2b51ce7b475f4f14944f915f3""}",
      2684,         1,         0,   0.132,mwpf__cdbabe99b4f243243aad339bb11c8a90131812a9c01e0de682a2aca46d6d55ff,ddc6d0a0729b2070c0dbbc972d7b9e687957f33bd2fd578d2477245fef7735ad,"{""circuit"":""surface_code:rotated_memory_x"",""cluster_node_limit"":50,""d"":3,""decoder"":""mwpf"",""decoder_type"":""SolverSerialJointSingleHair"",""p"":0.008,""p_erase"":0.008,""r"":3,""run_id"":""842b8d9622dd95e081373b13334f0c4c970c25ea256e90e9985b8d1bb6968aef""}",
        36,         0,         0,   0.003,mwpf__2d43dbac6f220be8e75258fcbaa1915a92302bec253b831525bc35e7adeec1b6,64b3d9f5baf6f09488c41396f9407eb7cf2e57debde21e687e5552cba9d5418a,"{""circuit"":""surface_code:rotated_memory_x"",""cluster_node_limit"":50,""d"":3,""decoder"":""mwpf"",""decoder_type"":""SolverSerialJointSingleHair"",""p"":0.009,""p_erase"":0.009,""r"":3,""run_id"":""f3773bbf3001f7044304ac6a12d9ddb4d020a1b2b51ce7b475f4f14944f915f3""}",
         7,         0,         0,   0.001,mwpf__2d43dbac6f220be8e75258fcbaa1915a92302bec253b831525bc35e7adeec1b6,64b3d9f5baf6f09488c41396f9407eb7cf2e57debde21e687e5552cba9d5418a,"{""circuit"":""surface_code:rotated_memory_x"",""cluster_node_limit"":50,""d"":3,""decoder"":""mwpf"",""decoder_type"":""SolverSerialJointSingleHair"",""p"":0.009,""p_erase"":0.009,""r"":3,""run_id"":""f3773bbf3001f7044304ac6a12d9ddb4d020a1b2b51ce7b475f4f14944f915f3""}",
        14,         0,         0,   0.002,mwpf__2d43dbac6f220be8e75258fcbaa1915a92302bec253b831525bc35e7adeec1b6,64b3d9f5baf6f09488c41396f9407eb7cf2e57debde21e687e5552cba9d5418a,"{""circuit"":""surface_code:rotated_memory_x"",""cluster_node_limit"":50,""d"":3,""decoder"":""mwpf"",""decoder_type"":""SolverSerialJointSingleHair"",""p"":0.009,""p_erase"":0.009,""r"":3,""run_id"":""f3773bbf3001f7044304ac6a12d9ddb4d020a1b2b51ce7b475f4f14944f915f3""}",
      2627,         1,         0,   0.140,mwpf__2d43dbac6f220be8e75258fcbaa1915a92302bec253b831525bc35e7adeec1b6,64b3d9f5baf6f09488c41396f9407eb7cf2e57debde21e687e5552cba9d5418a,"{""circuit"":""surface_code:rotated_memory_x"",""cluster_node_limit"":50,""d"":3,""decoder"":""mwpf"",""decoder_type"":""SolverSerialJointSingleHair"",""p"":0.009,""p_erase"":0.009,""r"":3,""run_id"":""f3773bbf3001f7044304ac6a12d9ddb4d020a1b2b51ce7b475f4f14944f915f3""}",
      3557,         6,         0,   0.191,mwpf__2d43dbac6f220be8e75258fcbaa1915a92302bec253b831525bc35e7adeec1b6,64b3d9f5baf6f09488c41396f9407eb7cf2e57debde21e687e5552cba9d5418a,"{""circuit"":""surface_code:rotated_memory_x"",""cluster_node_limit"":50,""d"":3,""decoder"":""mwpf"",""decoder_type"":""SolverSerialJointSingleHair"",""p"":0.009,""p_erase"":0.009,""r"":3,""run_id"":""f3773bbf3001f7044304ac6a12d9ddb4d020a1b2b51ce7b475f4f14944f915f3""}",
      7168,       421,         0,   0.899,mwpf__d08ecc2ae4e76ccb11121c648d76bb1a9dceb54ba88d0bda3ca1942f8172f6b2,9f276de840468236fef01318b2cf4b6d7c2e1758c53771e1f5f515c9efa1fe7a,"{""circuit"":""surface_code:rotated_memory_x"",""cluster_node_limit"":50,""d"":3,""decoder"":""mwpf"",""decoder_type"":""SolverSerialJointSingleHair"",""p"":0.03,""p_erase"":0.03,""r"":3,""run_id"":""1b0c559dafd8f14b5d58ea78c3999f6ea71afe3722dfa6ff7d8583aa5e1d218c""}",
         8,         0,         0,   0.001,mwpf__2d43dbac6f220be8e75258fcbaa1915a92302bec253b831525bc35e7adeec1b6,64b3d9f5baf6f09488c41396f9407eb7cf2e57debde21e687e5552cba9d5418a,"{""circuit"":""surface_code:rotated_memory_x"",""cluster_node_limit"":50,""d"":3,""decoder"":""mwpf"",""decoder_type"":""SolverSerialJointSingleHair"",""p"":0.009,""p_erase"":0.009,""r"":3,""run_id"":""f3773bbf3001f7044304ac6a12d9ddb4d020a1b2b51ce7b475f4f14944f915f3""}",
     11264,       658,         0,    1.43,mwpf__d08ecc2ae4e76ccb11121c648d76bb1a9dceb54ba88d0bda3ca1942f8172f6b2,9f276de840468236fef01318b2cf4b6d7c2e1758c53771e1f5f515c9efa1fe7a,"{""circuit"":""surface_code:rotated_memory_x"",""cluster_node_limit"":50,""d"":3,""decoder"":""mwpf"",""decoder_type"":""SolverSerialJointSingleHair"",""p"":0.03,""p_erase"":0.03,""r"":3,""run_id"":""1b0c559dafd8f14b5d58ea78c3999f6ea71afe3722dfa6ff7d8583aa5e1d218c""}",
      3556,         4,         0,   0.187,mwpf__2d43dbac6f220be8e75258fcbaa1915a92302bec253b831525bc35e7adeec1b6,64b3d9f5baf6f09488c41396f9407eb7cf2e57debde21e687e5552cba9d5418a,"{""circuit"":""surface_code:rotated_memory_x"",""cluster_node_limit"":50,""d"":3,""decoder"":""mwpf"",""decoder_type"":""SolverSerialJointSingleHair"",""p"":0.009,""p_erase"":0.009,""r"":3,""run_id"":""f3773bbf3001f7044304ac6a12d9ddb4d020a1b2b51ce7b475f4f14944f915f3""}",
      5855,        12,         0,   0.334,mwpf__f4eaffc7e8b345bd4ed12e044b14c9eca5eb9d6063d64430985ec7c298159463,1c0b2318b8e500ddb1032a5e330292dd6110fcabf993e79d05dcfbebeb6f8881,"{""circuit"":""surface_code:rotated_memory_x"",""cluster_node_limit"":50,""d"":3,""decoder"":""mwpf"",""decoder_type"":""SolverSerialJointSingleHair"",""p"":0.01,""p_erase"":0.01,""r"":3,""run_id"":""5b6db69d825a9e1af451573dd00a4a7082d74a5e74fde81d397d7b0bcc5645b2""}",
      8192,         9,         0,    1.64,mwpf__b97013a8da0fd8f6885b17db2a42ab25b19ddfdf52e8fcbc8652f7f86a4a96cb,0fcbe56867e1865cf3743ffac95ee6934c3a42db582868c86348a2ad7290185e,"{""circuit"":""surface_code:rotated_memory_x"",""cluster_node_limit"":50,""d"":3,""decoder"":""mwpf"",""decoder_type"":""SolverSerialJointSingleHair"",""p"":0.0075,""p_erase"":0.0075,""r"":3,""run_id"":""4bc734d2ac70cf62b78df146e81bdcf5df30d786b05a2eea177a13d890e64669""}",
     11264,       590,         0,    1.45,mwpf__d08ecc2ae4e76ccb11121c648d76bb1a9dceb54ba88d0bda3ca1942f8172f6b2,9f276de840468236fef01318b2cf4b6d7c2e1758c53771e1f5f515c9efa1fe7a,"{""circuit"":""surface_code:rotated_memory_x"",""cluster_node_limit"":50,""d"":3,""decoder"":""mwpf"",""decoder_type"":""SolverSerialJointSingleHair"",""p"":0.03,""p_erase"":0.03,""r"":3,""run_id"":""1b0c559dafd8f14b5d58ea78c3999f6ea71afe3722dfa6ff7d8583aa5e1d218c""}",
      4096,       228,         0,   0.515,mwpf__d08ecc2ae4e76ccb11121c648d76bb1a9dceb54ba88d0bda3ca1942f8172f6b2,9f276de840468236fef01318b2cf4b6d7c2e1758c53771e1f5f515c9efa1fe7a,"{""circuit"":""surface_code:rotated_memory_x"",""cluster_node_limit"":50,""d"":3,""decoder"":""mwpf"",""decoder_type"":""SolverSerialJointSingleHair"",""p"":0.03,""p_erase"":0.03,""r"":3,""run_id"":""1b0c559dafd8f14b5d58ea78c3999f6ea71afe3722dfa6ff7d8583aa5e1d218c""}",
      1024,        49,         0,   0.128,mwpf__d08ecc2ae4e76ccb11121c648d76bb1a9dceb54ba88d0bda3ca1942f8172f6b2,9f276de840468236fef01318b2cf4b6d7c2e1758c53771e1f5f515c9efa1fe7a,"{""circuit"":""surface_code:rotated_memory_x"",""cluster_node_limit"":50,""d"":3,""decoder"":""mwpf"",""decoder_type"":""SolverSerialJointSingleHair"",""p"":0.03,""p_erase"":0.03,""r"":3,""run_id"":""1b0c559dafd8f14b5d58ea78c3999f6ea71afe3722dfa6ff7d8583aa5e1d218c""}",
     28672,        55,         0,    2.14,mwpf__f4eaffc7e8b345bd4ed12e044b14c9eca5eb9d6063d64430985ec7c298159463,1c0b2318b8e500ddb1032a5e330292dd6110fcabf993e79d05dcfbebeb6f8881,"{""circuit"":""surface_code:rotated_memory_x"",""cluster_node_limit"":50,""d"":3,""decoder"":""mwpf"",""decoder_type"":""SolverSerialJointSingleHair"",""p"":0.01,""p_erase"":0.01,""r"":3,""run_id"":""5b6db69d825a9e1af451573dd00a4a7082d74a5e74fde81d397d7b0bcc5645b2""}",
       273,         1,         0,   0.060,mwpf__f4eaffc7e8b345bd4ed12e044b14c9eca5eb9d6063d64430985ec7c298159463,1c0b2318b8e500ddb1032a5e330292dd6110fcabf993e79d05dcfbebeb6f8881,"{""circuit"":""surface_code:rotated_memory_x"",""cluster_node_limit"":50,""d"":3,""decoder"":""mwpf"",""decoder_type"":""SolverSerialJointSingleHair"",""p"":0.01,""p_erase"":0.01,""r"":3,""run_id"":""5b6db69d825a9e1af451573dd00a4a7082d74a5e74fde81d397d7b0bcc5645b2""}",
     20480,        46,         0,    1.14,mwpf__f4eaffc7e8b345bd4ed12e044b14c9eca5eb9d6063d64430985ec7c298159463,1c0b2318b8e500ddb1032a5e330292dd6110fcabf993e79d05dcfbebeb6f8881,"{""circuit"":""surface_code:rotated_memory_x"",""cluster_node_limit"":50,""d"":3,""decoder"":""mwpf"",""decoder_type"":""SolverSerialJointSingleHair"",""p"":0.01,""p_erase"":0.01,""r"":3,""run_id"":""5b6db69d825a9e1af451573dd00a4a7082d74a5e74fde81d397d7b0bcc5645b2""}",
     23552,        25,         0,    1.13,mwpf__cdbabe99b4f243243aad339bb11c8a90131812a9c01e0de682a2aca46d6d55ff,ddc6d0a0729b2070c0dbbc972d7b9e687957f33bd2fd578d2477245fef7735ad,"{""circuit"":""surface_code:rotated_memory_x"",""cluster_node_limit"":50,""d"":3,""decoder"":""mwpf"",""decoder_type"":""SolverSerialJointSingleHair"",""p"":0.008,""p_erase"":0.008,""r"":3,""run_id"":""842b8d9622dd95e081373b13334f0c4c970c25ea256e90e9985b8d1bb6968aef""}",
     26029,        17,         0,    1.20,mwpf__71726d6ba25fe5b1097fdebf57bc9ee71a4920b66b52ccf640b9fe928e18d0f8,416965c75b19b01d4781182eaa19c998ff58123cda66a19c0d09dee75e64fffb,"{""circuit"":""surface_code:rotated_memory_x"",""cluster_node_limit"":50,""d"":3,""decoder"":""mwpf"",""decoder_type"":""SolverSerialJointSingleHair"",""p"":0.007,""p_erase"":0.007,""r"":3,""run_id"":""135e03791629607bb61bf8b9b22bc12f2324f26b65e31e82f5c3cd97d24c99c9""}",
     25600,        18,         0,    1.16,mwpf__71726d6ba25fe5b1097fdebf57bc9ee71a4920b66b52ccf640b9fe928e18d0f8,416965c75b19b01d4781182eaa19c998ff58123cda66a19c0d09dee75e64fffb,"{""circuit"":""surface_code:rotated_memory_x"",""cluster_node_limit"":50,""d"":3,""decoder"":""mwpf"",""decoder_type"":""SolverSerialJointSingleHair"",""p"":0.007,""p_erase"":0.007,""r"":3,""run_id"":""135e03791629607bb61bf8b9b22bc12f2324f26b65e31e82f5c3cd97d24c99c9""}",
       429,         0,         0,   0.020,mwpf__71726d6ba25fe5b1097fdebf57bc9ee71a4920b66b52ccf640b9fe928e18d0f8,416965c75b19b01d4781182eaa19c998ff58123cda66a19c0d09dee75e64fffb,"{""circuit"":""surface_code:rotated_memory_x"",""cluster_node_limit"":50,""d"":3,""decoder"":""mwpf"",""decoder_type"":""SolverSerialJointSingleHair"",""p"":0.007,""p_erase"":0.007,""r"":3,""run_id"":""135e03791629607bb61bf8b9b22bc12f2324f26b65e31e82f5c3cd97d24c99c9""}",
     13312,        14,         0,   0.598,mwpf__71726d6ba25fe5b1097fdebf57bc9ee71a4920b66b52ccf640b9fe928e18d0f8,416965c75b19b01d4781182eaa19c998ff58123cda66a19c0d09dee75e64fffb,"{""circuit"":""surface_code:rotated_memory_x"",""cluster_node_limit"":50,""d"":3,""decoder"":""mwpf"",""decoder_type"":""SolverSerialJointSingleHair"",""p"":0.007,""p_erase"":0.007,""r"":3,""run_id"":""135e03791629607bb61bf8b9b22bc12f2324f26b65e31e82f5c3cd97d24c99c9""}",
      2416,         1,         0,   0.111,mwpf__71726d6ba25fe5b1097fdebf57bc9ee71a4920b66b52ccf640b9fe928e18d0f8,416965c75b19b01d4781182eaa19c998ff58123cda66a19c0d09dee75e64fffb,"{""circuit"":""surface_code:rotated_memory_x"",""cluster_node_limit"":50,""d"":3,""decoder"":""mwpf"",""decoder_type"":""SolverSerialJointSingleHair"",""p"":0.007,""p_erase"":0.007,""r"":3,""run_id"":""135e03791629607bb61bf8b9b22bc12f2324f26b65e31e82f5c3cd97d24c99c9""}",
      8192,         9,         0,    1.74,mwpf__cdbabe99b4f243243aad339bb11c8a90131812a9c01e0de682a2aca46d6d55ff,ddc6d0a0729b2070c0dbbc972d7b9e687957f33bd2fd578d2477245fef7735ad,"{""circuit"":""surface_code:rotated_memory_x"",""cluster_node_limit"":50,""d"":3,""decoder"":""mwpf"",""decoder_type"":""SolverSerialJointSingleHair"",""p"":0.008,""p_erase"":0.008,""r"":3,""run_id"":""842b8d9622dd95e081373b13334f0c4c970c25ea256e90e9985b8d1bb6968aef""}",
      1024,         0,         0,   0.255,mwpf__f4eaffc7e8b345bd4ed12e044b14c9eca5eb9d6063d64430985ec7c298159463,1c0b2318b8e500ddb1032a5e330292dd6110fcabf993e79d05dcfbebeb6f8881,"{""circuit"":""surface_code:rotated_memory_x"",""cluster_node_limit"":50,""d"":3,""decoder"":""mwpf"",""decoder_type"":""SolverSerialJointSingleHair"",""p"":0.01,""p_erase"":0.01,""r"":3,""run_id"":""5b6db69d825a9e1af451573dd00a4a7082d74a5e74fde81d397d7b0bcc5645b2""}",
      7168,       135,         0,   0.653,mwpf__bc6afb301d40de4dda36c86e2bee82ba9a2f3509c5e7adff85dedc84e2a08470,7be39a06112225b5216df3daf93370b2b9c424246e5cfcb6acb1a9865d6e9942,"{""circuit"":""surface_code:rotated_memory_x"",""cluster_node_limit"":50,""d"":3,""decoder"":""mwpf"",""decoder_type"":""SolverSerialJointSingleHair"",""p"":0.02,""p_erase"":0.02,""r"":3,""run_id"":""cbdcd76e4eac6e7ea58eb299d6c7091619bfb5b7954ed0656948ce94e45f36ab""}",
       273,         0,         0,   0.014,mwpf__cdbabe99b4f243243aad339bb11c8a90131812a9c01e0de682a2aca46d6d55ff,ddc6d0a0729b2070c0dbbc972d7b9e687957f33bd2fd578d2477245fef7735ad,"{""circuit"":""surface_code:rotated_memory_x"",""cluster_node_limit"":50,""d"":3,""decoder"":""mwpf"",""decoder_type"":""SolverSerialJointSingleHair"",""p"":0.008,""p_erase"":0.008,""r"":3,""run_id"":""842b8d9622dd95e081373b13334f0c4c970c25ea256e90e9985b8d1bb6968aef""}",
         7,         0,         0,   0.001,mwpf__71726d6ba25fe5b1097fdebf57bc9ee71a4920b66b52ccf640b9fe928e18d0f8,416965c75b19b01d4781182eaa19c998ff58123cda66a19c0d09dee75e64fffb,"{""circuit"":""surface_code:rotated_memory_x"",""cluster_node_limit"":50,""d"":3,""decoder"":""mwpf"",""decoder_type"":""SolverSerialJointSingleHair"",""p"":0.007,""p_erase"":0.007,""r"":3,""run_id"":""135e03791629607bb61bf8b9b22bc12f2324f26b65e31e82f5c3cd97d24c99c9""}",
       273,         0,         0,   0.014,mwpf__2d43dbac6f220be8e75258fcbaa1915a92302bec253b831525bc35e7adeec1b6,64b3d9f5baf6f09488c41396f9407eb7cf2e57debde21e687e5552cba9d5418a,"{""circuit"":""surface_code:rotated_memory_x"",""cluster_node_limit"":50,""d"":3,""decoder"":""mwpf"",""decoder_type"":""SolverSerialJointSingleHair"",""p"":0.009,""p_erase"":0.009,""r"":3,""run_id"":""f3773bbf3001f7044304ac6a12d9ddb4d020a1b2b51ce7b475f4f14944f915f3""}",
       273,         1,         0,   0.013,mwpf__71726d6ba25fe5b1097fdebf57bc9ee71a4920b66b52ccf640b9fe928e18d0f8,416965c75b19b01d4781182eaa19c998ff58123cda66a19c0d09dee75e64fffb,"{""circuit"":""surface_code:rotated_memory_x"",""cluster_node_limit"":50,""d"":3,""decoder"":""mwpf"",""decoder_type"":""SolverSerialJointSingleHair"",""p"":0.007,""p_erase"":0.007,""r"":3,""run_id"":""135e03791629607bb61bf8b9b22bc12f2324f26b65e31e82f5c3cd97d24c99c9""}",
     16384,        14,         0,   0.825,mwpf__cdbabe99b4f243243aad339bb11c8a90131812a9c01e0de682a2aca46d6d55ff,ddc6d0a0729b2070c0dbbc972d7b9e687957f33bd2fd578d2477245fef7735ad,"{""circuit"":""surface_code:rotated_memory_x"",""cluster_node_limit"":50,""d"":3,""decoder"":""mwpf"",""decoder_type"":""SolverSerialJointSingleHair"",""p"":0.008,""p_erase"":0.008,""r"":3,""run_id"":""842b8d9622dd95e081373b13334f0c4c970c25ea256e90e9985b8d1bb6968aef""}",
      5273,         8,         0,   0.298,mwpf__f4eaffc7e8b345bd4ed12e044b14c9eca5eb9d6063d64430985ec7c298159463,1c0b2318b8e500ddb1032a5e330292dd6110fcabf993e79d05dcfbebeb6f8881,"{""circuit"":""surface_code:rotated_memory_x"",""cluster_node_limit"":50,""d"":3,""decoder"":""mwpf"",""decoder_type"":""SolverSerialJointSingleHair"",""p"":0.01,""p_erase"":0.01,""r"":3,""run_id"":""5b6db69d825a9e1af451573dd00a4a7082d74a5e74fde81d397d7b0bcc5645b2""}",
      1024,         0,         0,   0.050,mwpf__cdbabe99b4f243243aad339bb11c8a90131812a9c01e0de682a2aca46d6d55ff,ddc6d0a0729b2070c0dbbc972d7b9e687957f33bd2fd578d2477245fef7735ad,"{""circuit"":""surface_code:rotated_memory_x"",""cluster_node_limit"":50,""d"":3,""decoder"":""mwpf"",""decoder_type"":""SolverSerialJointSingleHair"",""p"":0.008,""p_erase"":0.008,""r"":3,""run_id"":""842b8d9622dd95e081373b13334f0c4c970c25ea256e90e9985b8d1bb6968aef""}",
      1024,         1,         0,   0.048,mwpf__71726d6ba25fe5b1097fdebf57bc9ee71a4920b66b52ccf640b9fe928e18d0f8,416965c75b19b01d4781182eaa19c998ff58123cda66a19c0d09dee75e64fffb,"{""circuit"":""surface_code:rotated_memory_x"",""cluster_node_limit"":50,""d"":3,""decoder"":""mwpf"",""decoder_type"":""SolverSerialJointSingleHair"",""p"":0.007,""p_erase"":0.007,""r"":3,""run_id"":""135e03791629607bb61bf8b9b22bc12f2324f26b65e31e82f5c3cd97d24c99c9""}",
      1024,         3,         0,   0.053,mwpf__2d43dbac6f220be8e75258fcbaa1915a92302bec253b831525bc35e7adeec1b6,64b3d9f5baf6f09488c41396f9407eb7cf2e57debde21e687e5552cba9d5418a,"{""circuit"":""surface_code:rotated_memory_x"",""cluster_node_limit"":50,""d"":3,""decoder"":""mwpf"",""decoder_type"":""SolverSerialJointSingleHair"",""p"":0.009,""p_erase"":0.009,""r"":3,""run_id"":""f3773bbf3001f7044304ac6a12d9ddb4d020a1b2b51ce7b475f4f14944f915f3""}",
     17408,        16,         0,   0.823,mwpf__b97013a8da0fd8f6885b17db2a42ab25b19ddfdf52e8fcbc8652f7f86a4a96cb,0fcbe56867e1865cf3743ffac95ee6934c3a42db582868c86348a2ad7290185e,"{""circuit"":""surface_code:rotated_memory_x"",""cluster_node_limit"":50,""d"":3,""decoder"":""mwpf"",""decoder_type"":""SolverSerialJointSingleHair"",""p"":0.0075,""p_erase"":0.0075,""r"":3,""run_id"":""4bc734d2ac70cf62b78df146e81bdcf5df30d786b05a2eea177a13d890e64669""}",
       306,         0,         0,   0.016,mwpf__2d43dbac6f220be8e75258fcbaa1915a92302bec253b831525bc35e7adeec1b6,64b3d9f5baf6f09488c41396f9407eb7cf2e57debde21e687e5552cba9d5418a,"{""circuit"":""surface_code:rotated_memory_x"",""cluster_node_limit"":50,""d"":3,""decoder"":""mwpf"",""decoder_type"":""SolverSerialJointSingleHair"",""p"":0.009,""p_erase"":0.009,""r"":3,""run_id"":""f3773bbf3001f7044304ac6a12d9ddb4d020a1b2b51ce7b475f4f14944f915f3""}",
      1283,         2,         0,   0.096,mwpf__2d43dbac6f220be8e75258fcbaa1915a92302bec253b831525bc35e7adeec1b6,64b3d9f5baf6f09488c41396f9407eb7cf2e57debde21e687e5552cba9d5418a,"{""circuit"":""surface_code:rotated_memory_x"",""cluster_node_limit"":50,""d"":3,""decoder"":""mwpf"",""decoder_type"":""SolverSerialJointSingleHair"",""p"":0.009,""p_erase"":0.009,""r"":3,""run_id"":""f3773bbf3001f7044304ac6a12d9ddb4d020a1b2b51ce7b475f4f14944f915f3""}",
      1283,         3,         0,   0.099,mwpf__2d43dbac6f220be8e75258fcbaa1915a92302bec253b831525bc35e7adeec1b6,64b3d9f5baf6f09488c41396f9407eb7cf2e57debde21e687e5552cba9d5418a,"{""circuit"":""surface_code:rotated_memory_x"",""cluster_node_limit"":50,""d"":3,""decoder"":""mwpf"",""decoder_type"":""SolverSerialJointSingleHair"",""p"":0.009,""p_erase"":0.009,""r"":3,""run_id"":""f3773bbf3001f7044304ac6a12d9ddb4d020a1b2b51ce7b475f4f14944f915f3""}",
      1024,         1,         0,   0.049,mwpf__cdbabe99b4f243243aad339bb11c8a90131812a9c01e0de682a2aca46d6d55ff,ddc6d0a0729b2070c0dbbc972d7b9e687957f33bd2fd578d2477245fef7735ad,"{""circuit"":""surface_code:rotated_memory_x"",""cluster_node_limit"":50,""d"":3,""decoder"":""mwpf"",""decoder_type"":""SolverSerialJointSingleHair"",""p"":0.008,""p_erase"":0.008,""r"":3,""run_id"":""842b8d9622dd95e081373b13334f0c4c970c25ea256e90e9985b8d1bb6968aef""}",
      1283,         2,         0,   0.098,mwpf__2d43dbac6f220be8e75258fcbaa1915a92302bec253b831525bc35e7adeec1b6,64b3d9f5baf6f09488c41396f9407eb7cf2e57debde21e687e5552cba9d5418a,"{""circuit"":""surface_code:rotated_memory_x"",""cluster_node_limit"":50,""d"":3,""decoder"":""mwpf"",""decoder_type"":""SolverSerialJointSingleHair"",""p"":0.009,""p_erase"":0.009,""r"":3,""run_id"":""f3773bbf3001f7044304ac6a12d9ddb4d020a1b2b51ce7b475f4f14944f915f3""}",
      1603,         2,         0,   0.108,mwpf__2d43dbac6f220be8e75258fcbaa1915a92302bec253b831525bc35e7adeec1b6,64b3d9f5baf6f09488c41396f9407eb7cf2e57debde21e687e5552cba9d5418a,"{""circuit"":""surface_code:rotated_memory_x"",""cluster_node_limit"":50,""d"":3,""decoder"":""mwpf"",""decoder_type"":""SolverSerialJointSingleHair"",""p"":0.009,""p_erase"":0.009,""r"":3,""run_id"":""f3773bbf3001f7044304ac6a12d9ddb4d020a1b2b51ce7b475f4f14944f915f3""}",
      1024,         1,         0,   0.045,mwpf__71726d6ba25fe5b1097fdebf57bc9ee71a4920b66b52ccf640b9fe928e18d0f8,416965c75b19b01d4781182eaa19c998ff58123cda66a19c0d09dee75e64fffb,"{""circuit"":""surface_code:rotated_memory_x"",""cluster_node_limit"":50,""d"":3,""decoder"":""mwpf"",""decoder_type"":""SolverSerialJointSingleHair"",""p"":0.007,""p_erase"":0.007,""r"":3,""run_id"":""135e03791629607bb61bf8b9b22bc12f2324f26b65e31e82f5c3cd97d24c99c9""}",
      4849,         3,         0,   0.219,mwpf__71726d6ba25fe5b1097fdebf57bc9ee71a4920b66b52ccf640b9fe928e18d0f8,416965c75b19b01d4781182eaa19c998ff58123cda66a19c0d09dee75e64fffb,"{""circuit"":""surface_code:rotated_memory_x"",""cluster_node_limit"":50,""d"":3,""decoder"":""mwpf"",""decoder_type"":""SolverSerialJointSingleHair"",""p"":0.007,""p_erase"":0.007,""r"":3,""run_id"":""135e03791629607bb61bf8b9b22bc12f2324f26b65e31e82f5c3cd97d24c99c9""}",
       959,         3,         0,   0.048,mwpf__2d43dbac6f220be8e75258fcbaa1915a92302bec253b831525bc35e7adeec1b6,64b3d9f5baf6f09488c41396f9407eb7cf2e57debde21e687e5552cba9d5418a,"{""circuit"":""surface_code:rotated_memory_x"",""cluster_node_limit"":50,""d"":3,""decoder"":""mwpf"",""decoder_type"":""SolverSerialJointSingleHair"",""p"":0.009,""p_erase"":0.009,""r"":3,""run_id"":""f3773bbf3001f7044304ac6a12d9ddb4d020a1b2b51ce7b475f4f14944f915f3""}",
      1024,         1,         0,   0.049,mwpf__cdbabe99b4f243243aad339bb11c8a90131812a9c01e0de682a2aca46d6d55ff,ddc6d0a0729b2070c0dbbc972d7b9e687957f33bd2fd578d2477245fef7735ad,"{""circuit"":""surface_code:rotated_memory_x"",""cluster_node_limit"":50,""d"":3,""decoder"":""mwpf"",""decoder_type"":""SolverSerialJointSingleHair"",""p"":0.008,""p_erase"":0.008,""r"":3,""run_id"":""842b8d9622dd95e081373b13334f0c4c970c25ea256e90e9985b8d1bb6968aef""}",
      1024,         0,         0,   0.046,mwpf__71726d6ba25fe5b1097fdebf57bc9ee71a4920b66b52ccf640b9fe928e18d0f8,416965c75b19b01d4781182eaa19c998ff58123cda66a19c0d09dee75e64fffb,"{""circuit"":""surface_code:rotated_memory_x"",""cluster_node_limit"":50,""d"":3,""decoder"":""mwpf"",""decoder_type"":""SolverSerialJointSingleHair"",""p"":0.007,""p_erase"":0.007,""r"":3,""run_id"":""135e03791629607bb61bf8b9b22bc12f2324f26b65e31e82f5c3cd97d24c99c9""}",
     33792,        29,         0,    1.56,mwpf__b97013a8da0fd8f6885b17db2a42ab25b19ddfdf52e8fcbc8652f7f86a4a96cb,0fcbe56867e1865cf3743ffac95ee6934c3a42db582868c86348a2ad7290185e,"{""circuit"":""surface_code:rotated_memory_x"",""cluster_node_limit"":50,""d"":3,""decoder"":""mwpf"",""decoder_type"":""SolverSerialJointSingleHair"",""p"":0.0075,""p_erase"":0.0075,""r"":3,""run_id"":""4bc734d2ac70cf62b78df146e81bdcf5df30d786b05a2eea177a13d890e64669""}",
      1024,         2,         0,   0.046,mwpf__71726d6ba25fe5b1097fdebf57bc9ee71a4920b66b52ccf640b9fe928e18d0f8,416965c75b19b01d4781182eaa19c998ff58123cda66a19c0d09dee75e64fffb,"{""circuit"":""surface_code:rotated_memory_x"",""cluster_node_limit"":50,""d"":3,""decoder"":""mwpf"",""decoder_type"":""SolverSerialJointSingleHair"",""p"":0.007,""p_erase"":0.007,""r"":3,""run_id"":""135e03791629607bb61bf8b9b22bc12f2324f26b65e31e82f5c3cd97d24c99c9""}",
      1024,         0,         0,   0.051,mwpf__cdbabe99b4f243243aad339bb11c8a90131812a9c01e0de682a2aca46d6d55ff,ddc6d0a0729b2070c0dbbc972d7b9e687957f33bd2fd578d2477245fef7735ad,"{""circuit"":""surface_code:rotated_memory_x"",""cluster_node_limit"":50,""d"":3,""decoder"":""mwpf"",""decoder_type"":""SolverSerialJointSingleHair"",""p"":0.008,""p_erase"":0.008,""r"":3,""run_id"":""842b8d9622dd95e081373b13334f0c4c970c25ea256e90e9985b8d1bb6968aef""}",
      8928,         7,         0,   0.430,mwpf__cdbabe99b4f243243aad339bb11c8a90131812a9c01e0de682a2aca46d6d55ff,ddc6d0a0729b2070c0dbbc972d7b9e687957f33bd2fd578d2477245fef7735ad,"{""circuit"":""surface_code:rotated_memory_x"",""cluster_node_limit"":50,""d"":3,""decoder"":""mwpf"",""decoder_type"":""SolverSerialJointSingleHair"",""p"":0.008,""p_erase"":0.008,""r"":3,""run_id"":""842b8d9622dd95e081373b13334f0c4c970c25ea256e90e9985b8d1bb6968aef""}",
      6979,         6,         0,   0.315,mwpf__71726d6ba25fe5b1097fdebf57bc9ee71a4920b66b52ccf640b9fe928e18d0f8,416965c75b19b01d4781182eaa19c998ff58123cda66a19c0d09dee75e64fffb,"{""circuit"":""surface_code:rotated_memory_x"",""cluster_node_limit"":50,""d"":3,""decoder"":""mwpf"",""decoder_type"":""SolverSerialJointSingleHair"",""p"":0.007,""p_erase"":0.007,""r"":3,""run_id"":""135e03791629607bb61bf8b9b22bc12f2324f26b65e31e82f5c3cd97d24c99c9""}",
      1024,         3,         0,   0.273,mwpf__f4eaffc7e8b345bd4ed12e044b14c9eca5eb9d6063d64430985ec7c298159463,1c0b2318b8e500ddb1032a5e330292dd6110fcabf993e79d05dcfbebeb6f8881,"{""circuit"":""surface_code:rotated_memory_x"",""cluster_node_limit"":50,""d"":3,""decoder"":""mwpf"",""decoder_type"":""SolverSerialJointSingleHair"",""p"":0.01,""p_erase"":0.01,""r"":3,""run_id"":""5b6db69d825a9e1af451573dd00a4a7082d74a5e74fde81d397d7b0bcc5645b2""}",
     15993,        12,         0,   0.798,mwpf__cdbabe99b4f243243aad339bb11c8a90131812a9c01e0de682a2aca46d6d55ff,ddc6d0a0729b2070c0dbbc972d7b9e687957f33bd2fd578d2477245fef7735ad,"{""circuit"":""surface_code:rotated_memory_x"",""cluster_node_limit"":50,""d"":3,""decoder"":""mwpf"",""decoder_type"":""SolverSerialJointSingleHair"",""p"":0.008,""p_erase"":0.008,""r"":3,""run_id"":""842b8d9622dd95e081373b13334f0c4c970c25ea256e90e9985b8d1bb6968aef""}",
      5474,         4,         0,   0.247,mwpf__71726d6ba25fe5b1097fdebf57bc9ee71a4920b66b52ccf640b9fe928e18d0f8,416965c75b19b01d4781182eaa19c998ff58123cda66a19c0d09dee75e64fffb,"{""circuit"":""surface_code:rotated_memory_x"",""cluster_node_limit"":50,""d"":3,""decoder"":""mwpf"",""decoder_type"":""SolverSerialJointSingleHair"",""p"":0.007,""p_erase"":0.007,""r"":3,""run_id"":""135e03791629607bb61bf8b9b22bc12f2324f26b65e31e82f5c3cd97d24c99c9""}",
      2048,         1,         0,   0.094,mwpf__71726d6ba25fe5b1097fdebf57bc9ee71a4920b66b52ccf640b9fe928e18d0f8,416965c75b19b01d4781182eaa19c998ff58123cda66a19c0d09dee75e64fffb,"{""circuit"":""surface_code:rotated_memory_x"",""cluster_node_limit"":50,""d"":3,""decoder"":""mwpf"",""decoder_type"":""SolverSerialJointSingleHair"",""p"":0.007,""p_erase"":0.007,""r"":3,""run_id"":""135e03791629607bb61bf8b9b22bc12f2324f26b65e31e82f5c3cd97d24c99c9""}",
      2048,         2,         0,   0.101,mwpf__cdbabe99b4f243243aad339bb11c8a90131812a9c01e0de682a2aca46d6d55ff,ddc6d0a0729b2070c0dbbc972d7b9e687957f33bd2fd578d2477245fef7735ad,"{""circuit"":""surface_code:rotated_memory_x"",""cluster_node_limit"":50,""d"":3,""decoder"":""mwpf"",""decoder_type"":""SolverSerialJointSingleHair"",""p"":0.008,""p_erase"":0.008,""r"":3,""run_id"":""842b8d9622dd95e081373b13334f0c4c970c25ea256e90e9985b8d1bb6968aef""}",
      1505,         0,         0,   0.068,mwpf__71726d6ba25fe5b1097fdebf57bc9ee71a4920b66b52ccf640b9fe928e18d0f8,416965c75b19b01d4781182eaa19c998ff58123cda66a19c0d09dee75e64fffb,"{""circuit"":""surface_code:rotated_memory_x"",""cluster_node_limit"":50,""d"":3,""decoder"":""mwpf"",""decoder_type"":""SolverSerialJointSingleHair"",""p"":0.007,""p_erase"":0.007,""r"":3,""run_id"":""135e03791629607bb61bf8b9b22bc12f2324f26b65e31e82f5c3cd97d24c99c9""}",
     12288,       228,         0,    1.14,mwpf__bc6afb301d40de4dda36c86e2bee82ba9a2f3509c5e7adff85dedc84e2a08470,7be39a06112225b5216df3daf93370b2b9c424246e5cfcb6acb1a9865d6e9942,"{""circuit"":""surface_code:rotated_memory_x"",""cluster_node_limit"":50,""d"":3,""decoder"":""mwpf"",""decoder_type"":""SolverSerialJointSingleHair"",""p"":0.02,""p_erase"":0.02,""r"":3,""run_id"":""cbdcd76e4eac6e7ea58eb299d6c7091619bfb5b7954ed0656948ce94e45f36ab""}",
      1874,         1,         0,   0.086,mwpf__71726d6ba25fe5b1097fdebf57bc9ee71a4920b66b52ccf640b9fe928e18d0f8,416965c75b19b01d4781182eaa19c998ff58123cda66a19c0d09dee75e64fffb,"{""circuit"":""surface_code:rotated_memory_x"",""cluster_node_limit"":50,""d"":3,""decoder"":""mwpf"",""decoder_type"":""SolverSerialJointSingleHair"",""p"":0.007,""p_erase"":0.007,""r"":3,""run_id"":""135e03791629607bb61bf8b9b22bc12f2324f26b65e31e82f5c3cd97d24c99c9""}",
      5120,         1,         0,   0.239,mwpf__71726d6ba25fe5b1097fdebf57bc9ee71a4920b66b52ccf640b9fe928e18d0f8,416965c75b19b01d4781182eaa19c998ff58123cda66a19c0d09dee75e64fffb,"{""circuit"":""surface_code:rotated_memory_x"",""cluster_node_limit"":50,""d"":3,""decoder"":""mwpf"",""decoder_type"":""SolverSerialJointSingleHair"",""p"":0.007,""p_erase"":0.007,""r"":3,""run_id"":""135e03791629607bb61bf8b9b22bc12f2324f26b65e31e82f5c3cd97d24c99c9""}",
       273,         4,         0,   0.025,mwpf__bc6afb301d40de4dda36c86e2bee82ba9a2f3509c5e7adff85dedc84e2a08470,7be39a06112225b5216df3daf93370b2b9c424246e5cfcb6acb1a9865d6e9942,"{""circuit"":""surface_code:rotated_memory_x"",""cluster_node_limit"":50,""d"":3,""decoder"":""mwpf"",""decoder_type"":""SolverSerialJointSingleHair"",""p"":0.02,""p_erase"":0.02,""r"":3,""run_id"":""cbdcd76e4eac6e7ea58eb299d6c7091619bfb5b7954ed0656948ce94e45f36ab""}",
       273,         1,         0,   0.016,mwpf__f4eaffc7e8b345bd4ed12e044b14c9eca5eb9d6063d64430985ec7c298159463,1c0b2318b8e500ddb1032a5e330292dd6110fcabf993e79d05dcfbebeb6f8881,"{""circuit"":""surface_code:rotated_memory_x"",""cluster_node_limit"":50,""d"":3,""decoder"":""mwpf"",""decoder_type"":""SolverSerialJointSingleHair"",""p"":0.01,""p_erase"":0.01,""r"":3,""run_id"":""5b6db69d825a9e1af451573dd00a4a7082d74a5e74fde81d397d7b0bcc5645b2""}",
       273,         0,         0,   0.015,mwpf__f4eaffc7e8b345bd4ed12e044b14c9eca5eb9d6063d64430985ec7c298159463,1c0b2318b8e500ddb1032a5e330292dd6110fcabf993e79d05dcfbebeb6f8881,"{""circuit"":""surface_code:rotated_memory_x"",""cluster_node_limit"":50,""d"":3,""decoder"":""mwpf"",""decoder_type"":""SolverSerialJointSingleHair"",""p"":0.01,""p_erase"":0.01,""r"":3,""run_id"":""5b6db69d825a9e1af451573dd00a4a7082d74a5e74fde81d397d7b0bcc5645b2""}",
       273,         3,         0,   0.025,mwpf__bc6afb301d40de4dda36c86e2bee82ba9a2f3509c5e7adff85dedc84e2a08470,7be39a06112225b5216df3daf93370b2b9c424246e5cfcb6acb1a9865d6e9942,"{""circuit"":""surface_code:rotated_memory_x"",""cluster_node_limit"":50,""d"":3,""decoder"":""mwpf"",""decoder_type"":""SolverSerialJointSingleHair"",""p"":0.02,""p_erase"":0.02,""r"":3,""run_id"":""cbdcd76e4eac6e7ea58eb299d6c7091619bfb5b7954ed0656948ce94e45f36ab""}",
      2048,         1,         0,   0.092,mwpf__71726d6ba25fe5b1097fdebf57bc9ee71a4920b66b52ccf640b9fe928e18d0f8,416965c75b19b01d4781182eaa19c998ff58123cda66a19c0d09dee75e64fffb,"{""circuit"":""surface_code:rotated_memory_x"",""cluster_node_limit"":50,""d"":3,""decoder"":""mwpf"",""decoder_type"":""SolverSerialJointSingleHair"",""p"":0.007,""p_erase"":0.007,""r"":3,""run_id"":""135e03791629607bb61bf8b9b22bc12f2324f26b65e31e82f5c3cd97d24c99c9""}",
       354,         0,         0,   0.015,mwpf__71726d6ba25fe5b1097fdebf57bc9ee71a4920b66b52ccf640b9fe928e18d0f8,416965c75b19b01d4781182eaa19c998ff58123cda66a19c0d09dee75e64fffb,"{""circuit"":""surface_code:rotated_memory_x"",""cluster_node_limit"":50,""d"":3,""decoder"":""mwpf"",""decoder_type"":""SolverSerialJointSingleHair"",""p"":0.007,""p_erase"":0.007,""r"":3,""run_id"":""135e03791629607bb61bf8b9b22bc12f2324f26b65e31e82f5c3cd97d24c99c9""}",
       466,         1,         0,   0.021,mwpf__71726d6ba25fe5b1097fdebf57bc9ee71a4920b66b52ccf640b9fe928e18d0f8,416965c75b19b01d4781182eaa19c998ff58123cda66a19c0d09dee75e64fffb,"{""circuit"":""surface_code:rotated_memory_x"",""cluster_node_limit"":50,""d"":3,""decoder"":""mwpf"",""decoder_type"":""SolverSerialJointSingleHair"",""p"":0.007,""p_erase"":0.007,""r"":3,""run_id"":""135e03791629607bb61bf8b9b22bc12f2324f26b65e31e82f5c3cd97d24c99c9""}",
      1024,         1,         0,   0.056,mwpf__f4eaffc7e8b345bd4ed12e044b14c9eca5eb9d6063d64430985ec7c298159463,1c0b2318b8e500ddb1032a5e330292dd6110fcabf993e79d05dcfbebeb6f8881,"{""circuit"":""surface_code:rotated_memory_x"",""cluster_node_limit"":50,""d"":3,""decoder"":""mwpf"",""decoder_type"":""SolverSerialJointSingleHair"",""p"":0.01,""p_erase"":0.01,""r"":3,""run_id"":""5b6db69d825a9e1af451573dd00a4a7082d74a5e74fde81d397d7b0bcc5645b2""}",
      1024,         1,         0,   0.057,mwpf__f4eaffc7e8b345bd4ed12e044b14c9eca5eb9d6063d64430985ec7c298159463,1c0b2318b8e500ddb1032a5e330292dd6110fcabf993e79d05dcfbebeb6f8881,"{""circuit"":""surface_code:rotated_memory_x"",""cluster_node_limit"":50,""d"":3,""decoder"":""mwpf"",""decoder_type"":""SolverSerialJointSingleHair"",""p"":0.01,""p_erase"":0.01,""r"":3,""run_id"":""5b6db69d825a9e1af451573dd00a4a7082d74a5e74fde81d397d7b0bcc5645b2""}",
      2048,         6,         0,   0.142,mwpf__cdbabe99b4f243243aad339bb11c8a90131812a9c01e0de682a2aca46d6d55ff,ddc6d0a0729b2070c0dbbc972d7b9e687957f33bd2fd578d2477245fef7735ad,"{""circuit"":""surface_code:rotated_memory_x"",""cluster_node_limit"":50,""d"":3,""decoder"":""mwpf"",""decoder_type"":""SolverSerialJointSingleHair"",""p"":0.008,""p_erase"":0.008,""r"":3,""run_id"":""842b8d9622dd95e081373b13334f0c4c970c25ea256e90e9985b8d1bb6968aef""}",
      1024,        12,         0,   0.096,mwpf__bc6afb301d40de4dda36c86e2bee82ba9a2f3509c5e7adff85dedc84e2a08470,7be39a06112225b5216df3daf93370b2b9c424246e5cfcb6acb1a9865d6e9942,"{""circuit"":""surface_code:rotated_memory_x"",""cluster_node_limit"":50,""d"":3,""decoder"":""mwpf"",""decoder_type"":""SolverSerialJointSingleHair"",""p"":0.02,""p_erase"":0.02,""r"":3,""run_id"":""cbdcd76e4eac6e7ea58eb299d6c7091619bfb5b7954ed0656948ce94e45f36ab""}",
      1024,         3,         0,   0.239,mwpf__f4eaffc7e8b345bd4ed12e044b14c9eca5eb9d6063d64430985ec7c298159463,1c0b2318b8e500ddb1032a5e330292dd6110fcabf993e79d05dcfbebeb6f8881,"{""circuit"":""surface_code:rotated_memory_x"",""cluster_node_limit"":50,""d"":3,""decoder"":""mwpf"",""decoder_type"":""SolverSerialJointSingleHair"",""p"":0.01,""p_erase"":0.01,""r"":3,""run_id"":""5b6db69d825a9e1af451573dd00a4a7082d74a5e74fde81d397d7b0bcc5645b2""}",
      1024,        19,         0,   0.092,mwpf__bc6afb301d40de4dda36c86e2bee82ba9a2f3509c5e7adff85dedc84e2a08470,7be39a06112225b5216df3daf93370b2b9c424246e5cfcb6acb1a9865d6e9942,"{""circuit"":""surface_code:rotated_memory_x"",""cluster_node_limit"":50,""d"":3,""decoder"":""mwpf"",""decoder_type"":""SolverSerialJointSingleHair"",""p"":0.02,""p_erase"":0.02,""r"":3,""run_id"":""cbdcd76e4eac6e7ea58eb299d6c7091619bfb5b7954ed0656948ce94e45f36ab""}",
      1024,         0,         0,   0.057,mwpf__f4eaffc7e8b345bd4ed12e044b14c9eca5eb9d6063d64430985ec7c298159463,1c0b2318b8e500ddb1032a5e330292dd6110fcabf993e79d05dcfbebeb6f8881,"{""circuit"":""surface_code:rotated_memory_x"",""cluster_node_limit"":50,""d"":3,""decoder"":""mwpf"",""decoder_type"":""SolverSerialJointSingleHair"",""p"":0.01,""p_erase"":0.01,""r"":3,""run_id"":""5b6db69d825a9e1af451573dd00a4a7082d74a5e74fde81d397d7b0bcc5645b2""}",
      1024,         1,         0,   0.057,mwpf__f4eaffc7e8b345bd4ed12e044b14c9eca5eb9d6063d64430985ec7c298159463,1c0b2318b8e500ddb1032a5e330292dd6110fcabf993e79d05dcfbebeb6f8881,"{""circuit"":""surface_code:rotated_memory_x"",""cluster_node_limit"":50,""d"":3,""decoder"":""mwpf"",""decoder_type"":""SolverSerialJointSingleHair"",""p"":0.01,""p_erase"":0.01,""r"":3,""run_id"":""5b6db69d825a9e1af451573dd00a4a7082d74a5e74fde81d397d7b0bcc5645b2""}",
      7168,         2,         0,    1.60,mwpf__b97013a8da0fd8f6885b17db2a42ab25b19ddfdf52e8fcbc8652f7f86a4a96cb,0fcbe56867e1865cf3743ffac95ee6934c3a42db582868c86348a2ad7290185e,"{""circuit"":""surface_code:rotated_memory_x"",""cluster_node_limit"":50,""d"":3,""decoder"":""mwpf"",""decoder_type"":""SolverSerialJointSingleHair"",""p"":0.0075,""p_erase"":0.0075,""r"":3,""run_id"":""4bc734d2ac70cf62b78df146e81bdcf5df30d786b05a2eea177a13d890e64669""}",
      1024,         1,         0,   0.054,mwpf__f4eaffc7e8b345bd4ed12e044b14c9eca5eb9d6063d64430985ec7c298159463,1c0b2318b8e500ddb1032a5e330292dd6110fcabf993e79d05dcfbebeb6f8881,"{""circuit"":""surface_code:rotated_memory_x"",""cluster_node_limit"":50,""d"":3,""decoder"":""mwpf"",""decoder_type"":""SolverSerialJointSingleHair"",""p"":0.01,""p_erase"":0.01,""r"":3,""run_id"":""5b6db69d825a9e1af451573dd00a4a7082d74a5e74fde81d397d7b0bcc5645b2""}",
      1024,         2,         0,   0.056,mwpf__f4eaffc7e8b345bd4ed12e044b14c9eca5eb9d6063d64430985ec7c298159463,1c0b2318b8e500ddb1032a5e330292dd6110fcabf993e79d05dcfbebeb6f8881,"{""circuit"":""surface_code:rotated_memory_x"",""cluster_node_limit"":50,""d"":3,""decoder"":""mwpf"",""decoder_type"":""SolverSerialJointSingleHair"",""p"":0.01,""p_erase"":0.01,""r"":3,""run_id"":""5b6db69d825a9e1af451573dd00a4a7082d74a5e74fde81d397d7b0bcc5645b2""}",
     16466,        32,         0,   0.938,mwpf__f4eaffc7e8b345bd4ed12e044b14c9eca5eb9d6063d64430985ec7c298159463,1c0b2318b8e500ddb1032a5e330292dd6110fcabf993e79d05dcfbebeb6f8881,"{""circuit"":""surface_code:rotated_memory_x"",""cluster_node_limit"":50,""d"":3,""decoder"":""mwpf"",""decoder_type"":""SolverSerialJointSingleHair"",""p"":0.01,""p_erase"":0.01,""r"":3,""run_id"":""5b6db69d825a9e1af451573dd00a4a7082d74a5e74fde81d397d7b0bcc5645b2""}",
      1024,        17,         0,   0.094,mwpf__bc6afb301d40de4dda36c86e2bee82ba9a2f3509c5e7adff85dedc84e2a08470,7be39a06112225b5216df3daf93370b2b9c424246e5cfcb6acb1a9865d6e9942,"{""circuit"":""surface_code:rotated_memory_x"",""cluster_node_limit"":50,""d"":3,""decoder"":""mwpf"",""decoder_type"":""SolverSerialJointSingleHair"",""p"":0.02,""p_erase"":0.02,""r"":3,""run_id"":""cbdcd76e4eac6e7ea58eb299d6c7091619bfb5b7954ed0656948ce94e45f36ab""}",
      1024,        18,         0,   0.094,mwpf__bc6afb301d40de4dda36c86e2bee82ba9a2f3509c5e7adff85dedc84e2a08470,7be39a06112225b5216df3daf93370b2b9c424246e5cfcb6acb1a9865d6e9942,"{""circuit"":""surface_code:rotated_memory_x"",""cluster_node_limit"":50,""d"":3,""decoder"":""mwpf"",""decoder_type"":""SolverSerialJointSingleHair"",""p"":0.02,""p_erase"":0.02,""r"":3,""run_id"":""cbdcd76e4eac6e7ea58eb299d6c7091619bfb5b7954ed0656948ce94e45f36ab""}",
      2048,         0,         0,   0.144,mwpf__cdbabe99b4f243243aad339bb11c8a90131812a9c01e0de682a2aca46d6d55ff,ddc6d0a0729b2070c0dbbc972d7b9e687957f33bd2fd578d2477245fef7735ad,"{""circuit"":""surface_code:rotated_memory_x"",""cluster_node_limit"":50,""d"":3,""decoder"":""mwpf"",""decoder_type"":""SolverSerialJointSingleHair"",""p"":0.008,""p_erase"":0.008,""r"":3,""run_id"":""842b8d9622dd95e081373b13334f0c4c970c25ea256e90e9985b8d1bb6968aef""}",
      1024,         2,         0,   0.056,mwpf__f4eaffc7e8b345bd4ed12e044b14c9eca5eb9d6063d64430985ec7c298159463,1c0b2318b8e500ddb1032a5e330292dd6110fcabf993e79d05dcfbebeb6f8881,"{""circuit"":""surface_code:rotated_memory_x"",""cluster_node_limit"":50,""d"":3,""decoder"":""mwpf"",""decoder_type"":""SolverSerialJointSingleHair"",""p"":0.01,""p_erase"":0.01,""r"":3,""run_id"":""5b6db69d825a9e1af451573dd00a4a7082d74a5e74fde81d397d7b0bcc5645b2""}",
     12288,        26,         0,   0.906,mwpf__f4eaffc7e8b345bd4ed12e044b14c9eca5eb9d6063d64430985ec7c298159463,1c0b2318b8e500ddb1032a5e330292dd6110fcabf993e79d05dcfbebeb6f8881,"{""circuit"":""surface_code:rotated_memory_x"",""cluster_node_limit"":50,""d"":3,""decoder"":""mwpf"",""decoder_type"":""SolverSerialJointSingleHair"",""p"":0.01,""p_erase"":0.01,""r"":3,""run_id"":""5b6db69d825a9e1af451573dd00a4a7082d74a5e74fde81d397d7b0bcc5645b2""}",
      1024,         2,         0,   0.057,mwpf__f4eaffc7e8b345bd4ed12e044b14c9eca5eb9d6063d64430985ec7c298159463,1c0b2318b8e500ddb1032a5e330292dd6110fcabf993e79d05dcfbebeb6f8881,"{""circuit"":""surface_code:rotated_memory_x"",""cluster_node_limit"":50,""d"":3,""decoder"":""mwpf"",""decoder_type"":""SolverSerialJointSingleHair"",""p"":0.01,""p_erase"":0.01,""r"":3,""run_id"":""5b6db69d825a9e1af451573dd00a4a7082d74a5e74fde81d397d7b0bcc5645b2""}",
     12141,         8,         0,   0.615,mwpf__cdbabe99b4f243243aad339bb11c8a90131812a9c01e0de682a2aca46d6d55ff,ddc6d0a0729b2070c0dbbc972d7b9e687957f33bd2fd578d2477245fef7735ad,"{""circuit"":""surface_code:rotated_memory_x"",""cluster_node_limit"":50,""d"":3,""decoder"":""mwpf"",""decoder_type"":""SolverSerialJointSingleHair"",""p"":0.008,""p_erase"":0.008,""r"":3,""run_id"":""842b8d9622dd95e081373b13334f0c4c970c25ea256e90e9985b8d1bb6968aef""}",
      7412,         1,         0,   0.361,mwpf__cdbabe99b4f243243aad339bb11c8a90131812a9c01e0de682a2aca46d6d55ff,ddc6d0a0729b2070c0dbbc972d7b9e687957f33bd2fd578d2477245fef7735ad,"{""circuit"":""surface_code:rotated_memory_x"",""cluster_node_limit"":50,""d"":3,""decoder"":""mwpf"",""decoder_type"":""SolverSerialJointSingleHair"",""p"":0.008,""p_erase"":0.008,""r"":3,""run_id"":""842b8d9622dd95e081373b13334f0c4c970c25ea256e90e9985b8d1bb6968aef""}",
      1024,         3,         0,   0.056,mwpf__f4eaffc7e8b345bd4ed12e044b14c9eca5eb9d6063d64430985ec7c298159463,1c0b2318b8e500ddb1032a5e330292dd6110fcabf993e79d05dcfbebeb6f8881,"{""circuit"":""surface_code:rotated_memory_x"",""cluster_node_limit"":50,""d"":3,""decoder"":""mwpf"",""decoder_type"":""SolverSerialJointSingleHair"",""p"":0.01,""p_erase"":0.01,""r"":3,""run_id"":""5b6db69d825a9e1af451573dd00a4a7082d74a5e74fde81d397d7b0bcc5645b2""}",
       505,         0,         0,   0.038,mwpf__71726d6ba25fe5b1097fdebf57bc9ee71a4920b66b52ccf640b9fe928e18d0f8,416965c75b19b01d4781182eaa19c998ff58123cda66a19c0d09dee75e64fffb,"{""circuit"":""surface_code:rotated_memory_x"",""cluster_node_limit"":50,""d"":3,""decoder"":""mwpf"",""decoder_type"":""SolverSerialJointSingleHair"",""p"":0.007,""p_erase"":0.007,""r"":3,""run_id"":""135e03791629607bb61bf8b9b22bc12f2324f26b65e31e82f5c3cd97d24c99c9""}",
      1024,        15,         0,   0.095,mwpf__bc6afb301d40de4dda36c86e2bee82ba9a2f3509c5e7adff85dedc84e2a08470,7be39a06112225b5216df3daf93370b2b9c424246e5cfcb6acb1a9865d6e9942,"{""circuit"":""surface_code:rotated_memory_x"",""cluster_node_limit"":50,""d"":3,""decoder"":""mwpf"",""decoder_type"":""SolverSerialJointSingleHair"",""p"":0.02,""p_erase"":0.02,""r"":3,""run_id"":""cbdcd76e4eac6e7ea58eb299d6c7091619bfb5b7954ed0656948ce94e45f36ab""}",
      1024,        13,         0,   0.094,mwpf__bc6afb301d40de4dda36c86e2bee82ba9a2f3509c5e7adff85dedc84e2a08470,7be39a06112225b5216df3daf93370b2b9c424246e5cfcb6acb1a9865d6e9942,"{""circuit"":""surface_code:rotated_memory_x"",""cluster_node_limit"":50,""d"":3,""decoder"":""mwpf"",""decoder_type"":""SolverSerialJointSingleHair"",""p"":0.02,""p_erase"":0.02,""r"":3,""run_id"":""cbdcd76e4eac6e7ea58eb299d6c7091619bfb5b7954ed0656948ce94e45f36ab""}",
      1024,         0,         0,   0.059,mwpf__f4eaffc7e8b345bd4ed12e044b14c9eca5eb9d6063d64430985ec7c298159463,1c0b2318b8e500ddb1032a5e330292dd6110fcabf993e79d05dcfbebeb6f8881,"{""circuit"":""surface_code:rotated_memory_x"",""cluster_node_limit"":50,""d"":3,""decoder"":""mwpf"",""decoder_type"":""SolverSerialJointSingleHair"",""p"":0.01,""p_erase"":0.01,""r"":3,""run_id"":""5b6db69d825a9e1af451573dd00a4a7082d74a5e74fde81d397d7b0bcc5645b2""}",
      1024,         1,         0,   0.200,mwpf__f4eaffc7e8b345bd4ed12e044b14c9eca5eb9d6063d64430985ec7c298159463,1c0b2318b8e500ddb1032a5e330292dd6110fcabf993e79d05dcfbebeb6f8881,"{""circuit"":""surface_code:rotated_memory_x"",""cluster_node_limit"":50,""d"":3,""decoder"":""mwpf"",""decoder_type"":""SolverSerialJointSingleHair"",""p"":0.01,""p_erase"":0.01,""r"":3,""run_id"":""5b6db69d825a9e1af451573dd00a4a7082d74a5e74fde81d397d7b0bcc5645b2""}",
      9529,         9,         0,   0.457,mwpf__cdbabe99b4f243243aad339bb11c8a90131812a9c01e0de682a2aca46d6d55ff,ddc6d0a0729b2070c0dbbc972d7b9e687957f33bd2fd578d2477245fef7735ad,"{""circuit"":""surface_code:rotated_memory_x"",""cluster_node_limit"":50,""d"":3,""decoder"":""mwpf"",""decoder_type"":""SolverSerialJointSingleHair"",""p"":0.008,""p_erase"":0.008,""r"":3,""run_id"":""842b8d9622dd95e081373b13334f0c4c970c25ea256e90e9985b8d1bb6968aef""}",
        84,         0,         0,   0.005,mwpf__71726d6ba25fe5b1097fdebf57bc9ee71a4920b66b52ccf640b9fe928e18d0f8,416965c75b19b01d4781182eaa19c998ff58123cda66a19c0d09dee75e64fffb,"{""circuit"":""surface_code:rotated_memory_x"",""cluster_node_limit"":50,""d"":3,""decoder"":""mwpf"",""decoder_type"":""SolverSerialJointSingleHair"",""p"":0.007,""p_erase"":0.007,""r"":3,""run_id"":""135e03791629607bb61bf8b9b22bc12f2324f26b65e31e82f5c3cd97d24c99c9""}",
      1096,         1,         0,   0.056,mwpf__cdbabe99b4f243243aad339bb11c8a90131812a9c01e0de682a2aca46d6d55ff,ddc6d0a0729b2070c0dbbc972d7b9e687957f33bd2fd578d2477245fef7735ad,"{""circuit"":""surface_code:rotated_memory_x"",""cluster_node_limit"":50,""d"":3,""decoder"":""mwpf"",""decoder_type"":""SolverSerialJointSingleHair"",""p"":0.008,""p_erase"":0.008,""r"":3,""run_id"":""842b8d9622dd95e081373b13334f0c4c970c25ea256e90e9985b8d1bb6968aef""}",
        14,         0,         0,   0.001,mwpf__71726d6ba25fe5b1097fdebf57bc9ee71a4920b66b52ccf640b9fe928e18d0f8,416965c75b19b01d4781182eaa19c998ff58123cda66a19c0d09dee75e64fffb,"{""circuit"":""surface_code:rotated_memory_x"",""cluster_node_limit"":50,""d"":3,""decoder"":""mwpf"",""decoder_type"":""SolverSerialJointSingleHair"",""p"":0.007,""p_erase"":0.007,""r"":3,""run_id"":""135e03791629607bb61bf8b9b22bc12f2324f26b65e31e82f5c3cd97d24c99c9""}",
      2228,         2,         0,   0.131,mwpf__71726d6ba25fe5b1097fdebf57bc9ee71a4920b66b52ccf640b9fe928e18d0f8,416965c75b19b01d4781182eaa19c998ff58123cda66a19c0d09dee75e64fffb,"{""circuit"":""surface_code:rotated_memory_x"",""cluster_node_limit"":50,""d"":3,""decoder"":""mwpf"",""decoder_type"":""SolverSerialJointSingleHair"",""p"":0.007,""p_erase"":0.007,""r"":3,""run_id"":""135e03791629607bb61bf8b9b22bc12f2324f26b65e31e82f5c3cd97d24c99c9""}",
      6144,         3,         0,    1.49,mwpf__71726d6ba25fe5b1097fdebf57bc9ee71a4920b66b52ccf640b9fe928e18d0f8,416965c75b19b01d4781182eaa19c998ff58123cda66a19c0d09dee75e64fffb,"{""circuit"":""surface_code:rotated_memory_x"",""cluster_node_limit"":50,""d"":3,""decoder"":""mwpf"",""decoder_type"":""SolverSerialJointSingleHair"",""p"":0.007,""p_erase"":0.007,""r"":3,""run_id"":""135e03791629607bb61bf8b9b22bc12f2324f26b65e31e82f5c3cd97d24c99c9""}",
      1024,         8,         0,   0.096,mwpf__bc6afb301d40de4dda36c86e2bee82ba9a2f3509c5e7adff85dedc84e2a08470,7be39a06112225b5216df3daf93370b2b9c424246e5cfcb6acb1a9865d6e9942,"{""circuit"":""surface_code:rotated_memory_x"",""cluster_node_limit"":50,""d"":3,""decoder"":""mwpf"",""decoder_type"":""SolverSerialJointSingleHair"",""p"":0.02,""p_erase"":0.02,""r"":3,""run_id"":""cbdcd76e4eac6e7ea58eb299d6c7091619bfb5b7954ed0656948ce94e45f36ab""}",
     33792,       598,         0,    3.15,mwpf__bc6afb301d40de4dda36c86e2bee82ba9a2f3509c5e7adff85dedc84e2a08470,7be39a06112225b5216df3daf93370b2b9c424246e5cfcb6acb1a9865d6e9942,"{""circuit"":""surface_code:rotated_memory_x"",""cluster_node_limit"":50,""d"":3,""decoder"":""mwpf"",""decoder_type"":""SolverSerialJointSingleHair"",""p"":0.02,""p_erase"":0.02,""r"":3,""run_id"":""cbdcd76e4eac6e7ea58eb299d6c7091619bfb5b7954ed0656948ce94e45f36ab""}",
     32768,       589,         0,    3.10,mwpf__bc6afb301d40de4dda36c86e2bee82ba9a2f3509c5e7adff85dedc84e2a08470,7be39a06112225b5216df3daf93370b2b9c424246e5cfcb6acb1a9865d6e9942,"{""circuit"":""surface_code:rotated_memory_x"",""cluster_node_limit"":50,""d"":3,""decoder"":""mwpf"",""decoder_type"":""SolverSerialJointSingleHair"",""p"":0.02,""p_erase"":0.02,""r"":3,""run_id"":""cbdcd76e4eac6e7ea58eb299d6c7091619bfb5b7954ed0656948ce94e45f36ab""}",
         5,         0,         0,   0.000,mwpf__71726d6ba25fe5b1097fdebf57bc9ee71a4920b66b52ccf640b9fe928e18d0f8,416965c75b19b01d4781182eaa19c998ff58123cda66a19c0d09dee75e64fffb,"{""circuit"":""surface_code:rotated_memory_x"",""cluster_node_limit"":50,""d"":3,""decoder"":""mwpf"",""decoder_type"":""SolverSerialJointSingleHair"",""p"":0.007,""p_erase"":0.007,""r"":3,""run_id"":""135e03791629607bb61bf8b9b22bc12f2324f26b65e31e82f5c3cd97d24c99c9""}",
      1024,        19,         0,   0.097,mwpf__bc6afb301d40de4dda36c86e2bee82ba9a2f3509c5e7adff85dedc84e2a08470,7be39a06112225b5216df3daf93370b2b9c424246e5cfcb6acb1a9865d6e9942,"{""circuit"":""surface_code:rotated_memory_x"",""cluster_node_limit"":50,""d"":3,""decoder"":""mwpf"",""decoder_type"":""SolverSerialJointSingleHair"",""p"":0.02,""p_erase"":0.02,""r"":3,""run_id"":""cbdcd76e4eac6e7ea58eb299d6c7091619bfb5b7954ed0656948ce94e45f36ab""}",
      2048,         2,         0,   0.119,mwpf__f4eaffc7e8b345bd4ed12e044b14c9eca5eb9d6063d64430985ec7c298159463,1c0b2318b8e500ddb1032a5e330292dd6110fcabf993e79d05dcfbebeb6f8881,"{""circuit"":""surface_code:rotated_memory_x"",""cluster_node_limit"":50,""d"":3,""decoder"":""mwpf"",""decoder_type"":""SolverSerialJointSingleHair"",""p"":0.01,""p_erase"":0.01,""r"":3,""run_id"":""5b6db69d825a9e1af451573dd00a4a7082d74a5e74fde81d397d7b0bcc5645b2""}",
     12265,        28,         0,   0.689,mwpf__f4eaffc7e8b345bd4ed12e044b14c9eca5eb9d6063d64430985ec7c298159463,1c0b2318b8e500ddb1032a5e330292dd6110fcabf993e79d05dcfbebeb6f8881,"{""circuit"":""surface_code:rotated_memory_x"",""cluster_node_limit"":50,""d"":3,""decoder"":""mwpf"",""decoder_type"":""SolverSerialJointSingleHair"",""p"":0.01,""p_erase"":0.01,""r"":3,""run_id"":""5b6db69d825a9e1af451573dd00a4a7082d74a5e74fde81d397d7b0bcc5645b2""}",
      2048,         5,         0,   0.117,mwpf__f4eaffc7e8b345bd4ed12e044b14c9eca5eb9d6063d64430985ec7c298159463,1c0b2318b8e500ddb1032a5e330292dd6110fcabf993e79d05dcfbebeb6f8881,"{""circuit"":""surface_code:rotated_memory_x"",""cluster_node_limit"":50,""d"":3,""decoder"":""mwpf"",""decoder_type"":""SolverSerialJointSingleHair"",""p"":0.01,""p_erase"":0.01,""r"":3,""run_id"":""5b6db69d825a9e1af451573dd00a4a7082d74a5e74fde81d397d7b0bcc5645b2""}",
       830,         0,         0,   0.038,mwpf__71726d6ba25fe5b1097fdebf57bc9ee71a4920b66b52ccf640b9fe928e18d0f8,416965c75b19b01d4781182eaa19c998ff58123cda66a19c0d09dee75e64fffb,"{""circuit"":""surface_code:rotated_memory_x"",""cluster_node_limit"":50,""d"":3,""decoder"":""mwpf"",""decoder_type"":""SolverSerialJointSingleHair"",""p"":0.007,""p_erase"":0.007,""r"":3,""run_id"":""135e03791629607bb61bf8b9b22bc12f2324f26b65e31e82f5c3cd97d24c99c9""}",
      3072,         3,         0,   0.200,mwpf__cdbabe99b4f243243aad339bb11c8a90131812a9c01e0de682a2aca46d6d55ff,ddc6d0a0729b2070c0dbbc972d7b9e687957f33bd2fd578d2477245fef7735ad,"{""circuit"":""surface_code:rotated_memory_x"",""cluster_node_limit"":50,""d"":3,""decoder"":""mwpf"",""decoder_type"":""SolverSerialJointSingleHair"",""p"":0.008,""p_erase"":0.008,""r"":3,""run_id"":""842b8d9622dd95e081373b13334f0c4c970c25ea256e90e9985b8d1bb6968aef""}",
       399,         2,         0,   0.024,mwpf__f4eaffc7e8b345bd4ed12e044b14c9eca5eb9d6063d64430985ec7c298159463,1c0b2318b8e500ddb1032a5e330292dd6110fcabf993e79d05dcfbebeb6f8881,"{""circuit"":""surface_code:rotated_memory_x"",""cluster_node_limit"":50,""d"":3,""decoder"":""mwpf"",""decoder_type"":""SolverSerialJointSingleHair"",""p"":0.01,""p_erase"":0.01,""r"":3,""run_id"":""5b6db69d825a9e1af451573dd00a4a7082d74a5e74fde81d397d7b0bcc5645b2""}",
      1024,         4,         0,   0.173,mwpf__f4eaffc7e8b345bd4ed12e044b14c9eca5eb9d6063d64430985ec7c298159463,1c0b2318b8e500ddb1032a5e330292dd6110fcabf993e79d05dcfbebeb6f8881,"{""circuit"":""surface_code:rotated_memory_x"",""cluster_node_limit"":50,""d"":3,""decoder"":""mwpf"",""decoder_type"":""SolverSerialJointSingleHair"",""p"":0.01,""p_erase"":0.01,""r"":3,""run_id"":""5b6db69d825a9e1af451573dd00a4a7082d74a5e74fde81d397d7b0bcc5645b2""}",
      1024,        22,         0,   0.097,mwpf__bc6afb301d40de4dda36c86e2bee82ba9a2f3509c5e7adff85dedc84e2a08470,7be39a06112225b5216df3daf93370b2b9c424246e5cfcb6acb1a9865d6e9942,"{""circuit"":""surface_code:rotated_memory_x"",""cluster_node_limit"":50,""d"":3,""decoder"":""mwpf"",""decoder_type"":""SolverSerialJointSingleHair"",""p"":0.02,""p_erase"":0.02,""r"":3,""run_id"":""cbdcd76e4eac6e7ea58eb299d6c7091619bfb5b7954ed0656948ce94e45f36ab""}",
      9216,       185,         0,   0.851,mwpf__bc6afb301d40de4dda36c86e2bee82ba9a2f3509c5e7adff85dedc84e2a08470,7be39a06112225b5216df3daf93370b2b9c424246e5cfcb6acb1a9865d6e9942,"{""circuit"":""surface_code:rotated_memory_x"",""cluster_node_limit"":50,""d"":3,""decoder"":""mwpf"",""decoder_type"":""SolverSerialJointSingleHair"",""p"":0.02,""p_erase"":0.02,""r"":3,""run_id"":""cbdcd76e4eac6e7ea58eb299d6c7091619bfb5b7954ed0656948ce94e45f36ab""}",
       273,         0,         0,   0.014,mwpf__cdbabe99b4f243243aad339bb11c8a90131812a9c01e0de682a2aca46d6d55ff,ddc6d0a0729b2070c0dbbc972d7b9e687957f33bd2fd578d2477245fef7735ad,"{""circuit"":""surface_code:rotated_memory_x"",""cluster_node_limit"":50,""d"":3,""decoder"":""mwpf"",""decoder_type"":""SolverSerialJointSingleHair"",""p"":0.008,""p_erase"":0.008,""r"":3,""run_id"":""842b8d9622dd95e081373b13334f0c4c970c25ea256e90e9985b8d1bb6968aef""}",
      1024,        20,         0,   0.096,mwpf__bc6afb301d40de4dda36c86e2bee82ba9a2f3509c5e7adff85dedc84e2a08470,7be39a06112225b5216df3daf93370b2b9c424246e5cfcb6acb1a9865d6e9942,"{""circuit"":""surface_code:rotated_memory_x"",""cluster_node_limit"":50,""d"":3,""decoder"":""mwpf"",""decoder_type"":""SolverSerialJointSingleHair"",""p"":0.02,""p_erase"":0.02,""r"":3,""run_id"":""cbdcd76e4eac6e7ea58eb299d6c7091619bfb5b7954ed0656948ce94e45f36ab""}",
       273,         0,         0,   0.012,mwpf__b97013a8da0fd8f6885b17db2a42ab25b19ddfdf52e8fcbc8652f7f86a4a96cb,0fcbe56867e1865cf3743ffac95ee6934c3a42db582868c86348a2ad7290185e,"{""circuit"":""surface_code:rotated_memory_x"",""cluster_node_limit"":50,""d"":3,""decoder"":""mwpf"",""decoder_type"":""SolverSerialJointSingleHair"",""p"":0.0075,""p_erase"":0.0075,""r"":3,""run_id"":""4bc734d2ac70cf62b78df146e81bdcf5df30d786b05a2eea177a13d890e64669""}",
       273,         0,         0,   0.012,mwpf__b97013a8da0fd8f6885b17db2a42ab25b19ddfdf52e8fcbc8652f7f86a4a96cb,0fcbe56867e1865cf3743ffac95ee6934c3a42db582868c86348a2ad7290185e,"{""circuit"":""surface_code:rotated_memory_x"",""cluster_node_limit"":50,""d"":3,""decoder"":""mwpf"",""decoder_type"":""SolverSerialJointSingleHair"",""p"":0.0075,""p_erase"":0.0075,""r"":3,""run_id"":""4bc734d2ac70cf62b78df146e81bdcf5df30d786b05a2eea177a13d890e64669""}",
       273,         1,         0,   0.013,mwpf__71726d6ba25fe5b1097fdebf57bc9ee71a4920b66b52ccf640b9fe928e18d0f8,416965c75b19b01d4781182eaa19c998ff58123cda66a19c0d09dee75e64fffb,"{""circuit"":""surface_code:rotated_memory_x"",""cluster_node_limit"":50,""d"":3,""decoder"":""mwpf"",""decoder_type"":""SolverSerialJointSingleHair"",""p"":0.007,""p_erase"":0.007,""r"":3,""run_id"":""135e03791629607bb61bf8b9b22bc12f2324f26b65e31e82f5c3cd97d24c99c9""}",
      2048,         7,         0,   0.111,mwpf__f4eaffc7e8b345bd4ed12e044b14c9eca5eb9d6063d64430985ec7c298159463,1c0b2318b8e500ddb1032a5e330292dd6110fcabf993e79d05dcfbebeb6f8881,"{""circuit"":""surface_code:rotated_memory_x"",""cluster_node_limit"":50,""d"":3,""decoder"":""mwpf"",""decoder_type"":""SolverSerialJointSingleHair"",""p"":0.01,""p_erase"":0.01,""r"":3,""run_id"":""5b6db69d825a9e1af451573dd00a4a7082d74a5e74fde81d397d7b0bcc5645b2""}",
      2612,         4,         0,   0.130,mwpf__cdbabe99b4f243243aad339bb11c8a90131812a9c01e0de682a2aca46d6d55ff,ddc6d0a0729b2070c0dbbc972d7b9e687957f33bd2fd578d2477245fef7735ad,"{""circuit"":""surface_code:rotated_memory_x"",""cluster_node_limit"":50,""d"":3,""decoder"":""mwpf"",""decoder_type"":""SolverSerialJointSingleHair"",""p"":0.008,""p_erase"":0.008,""r"":3,""run_id"":""842b8d9622dd95e081373b13334f0c4c970c25ea256e90e9985b8d1bb6968aef""}",
       273,         0,         0,   0.014,mwpf__cdbabe99b4f243243aad339bb11c8a90131812a9c01e0de682a2aca46d6d55ff,ddc6d0a0729b2070c0dbbc972d7b9e687957f33bd2fd578d2477245fef7735ad,"{""circuit"":""surface_code:rotated_memory_x"",""cluster_node_limit"":50,""d"":3,""decoder"":""mwpf"",""decoder_type"":""SolverSerialJointSingleHair"",""p"":0.008,""p_erase"":0.008,""r"":3,""run_id"":""842b8d9622dd95e081373b13334f0c4c970c25ea256e90e9985b8d1bb6968aef""}",
       418,         0,         0,   0.019,mwpf__71726d6ba25fe5b1097fdebf57bc9ee71a4920b66b52ccf640b9fe928e18d0f8,416965c75b19b01d4781182eaa19c998ff58123cda66a19c0d09dee75e64fffb,"{""circuit"":""surface_code:rotated_memory_x"",""cluster_node_limit"":50,""d"":3,""decoder"":""mwpf"",""decoder_type"":""SolverSerialJointSingleHair"",""p"":0.007,""p_erase"":0.007,""r"":3,""run_id"":""135e03791629607bb61bf8b9b22bc12f2324f26b65e31e82f5c3cd97d24c99c9""}",
       691,         2,         0,   0.031,mwpf__71726d6ba25fe5b1097fdebf57bc9ee71a4920b66b52ccf640b9fe928e18d0f8,416965c75b19b01d4781182eaa19c998ff58123cda66a19c0d09dee75e64fffb,"{""circuit"":""surface_code:rotated_memory_x"",""cluster_node_limit"":50,""d"":3,""decoder"":""mwpf"",""decoder_type"":""SolverSerialJointSingleHair"",""p"":0.007,""p_erase"":0.007,""r"":3,""run_id"":""135e03791629607bb61bf8b9b22bc12f2324f26b65e31e82f5c3cd97d24c99c9""}",
       691,         1,         0,   0.035,mwpf__71726d6ba25fe5b1097fdebf57bc9ee71a4920b66b52ccf640b9fe928e18d0f8,416965c75b19b01d4781182eaa19c998ff58123cda66a19c0d09dee75e64fffb,"{""circuit"":""surface_code:rotated_memory_x"",""cluster_node_limit"":50,""d"":3,""decoder"":""mwpf"",""decoder_type"":""SolverSerialJointSingleHair"",""p"":0.007,""p_erase"":0.007,""r"":3,""run_id"":""135e03791629607bb61bf8b9b22bc12f2324f26b65e31e82f5c3cd97d24c99c9""}",
      2048,         5,         0,   0.116,mwpf__f4eaffc7e8b345bd4ed12e044b14c9eca5eb9d6063d64430985ec7c298159463,1c0b2318b8e500ddb1032a5e330292dd6110fcabf993e79d05dcfbebeb6f8881,"{""circuit"":""surface_code:rotated_memory_x"",""cluster_node_limit"":50,""d"":3,""decoder"":""mwpf"",""decoder_type"":""SolverSerialJointSingleHair"",""p"":0.01,""p_erase"":0.01,""r"":3,""run_id"":""5b6db69d825a9e1af451573dd00a4a7082d74a5e74fde81d397d7b0bcc5645b2""}",
       688,         1,         0,   0.045,mwpf__71726d6ba25fe5b1097fdebf57bc9ee71a4920b66b52ccf640b9fe928e18d0f8,416965c75b19b01d4781182eaa19c998ff58123cda66a19c0d09dee75e64fffb,"{""circuit"":""surface_code:rotated_memory_x"",""cluster_node_limit"":50,""d"":3,""decoder"":""mwpf"",""decoder_type"":""SolverSerialJointSingleHair"",""p"":0.007,""p_erase"":0.007,""r"":3,""run_id"":""135e03791629607bb61bf8b9b22bc12f2324f26b65e31e82f5c3cd97d24c99c9""}",
      1024,         1,         0,   0.052,mwpf__cdbabe99b4f243243aad339bb11c8a90131812a9c01e0de682a2aca46d6d55ff,ddc6d0a0729b2070c0dbbc972d7b9e687957f33bd2fd578d2477245fef7735ad,"{""circuit"":""surface_code:rotated_memory_x"",""cluster_node_limit"":50,""d"":3,""decoder"":""mwpf"",""decoder_type"":""SolverSerialJointSingleHair"",""p"":0.008,""p_erase"":0.008,""r"":3,""run_id"":""842b8d9622dd95e081373b13334f0c4c970c25ea256e90e9985b8d1bb6968aef""}",
      1024,         2,         0,   0.048,mwpf__b97013a8da0fd8f6885b17db2a42ab25b19ddfdf52e8fcbc8652f7f86a4a96cb,0fcbe56867e1865cf3743ffac95ee6934c3a42db582868c86348a2ad7290185e,"{""circuit"":""surface_code:rotated_memory_x"",""cluster_node_limit"":50,""d"":3,""decoder"":""mwpf"",""decoder_type"":""SolverSerialJointSingleHair"",""p"":0.0075,""p_erase"":0.0075,""r"":3,""run_id"":""4bc734d2ac70cf62b78df146e81bdcf5df30d786b05a2eea177a13d890e64669""}",
      1024,         0,         0,   0.047,mwpf__b97013a8da0fd8f6885b17db2a42ab25b19ddfdf52e8fcbc8652f7f86a4a96cb,0fcbe56867e1865cf3743ffac95ee6934c3a42db582868c86348a2ad7290185e,"{""circuit"":""surface_code:rotated_memory_x"",""cluster_node_limit"":50,""d"":3,""decoder"":""mwpf"",""decoder_type"":""SolverSerialJointSingleHair"",""p"":0.0075,""p_erase"":0.0075,""r"":3,""run_id"":""4bc734d2ac70cf62b78df146e81bdcf5df30d786b05a2eea177a13d890e64669""}",
       691,         0,         0,   0.056,mwpf__71726d6ba25fe5b1097fdebf57bc9ee71a4920b66b52ccf640b9fe928e18d0f8,416965c75b19b01d4781182eaa19c998ff58123cda66a19c0d09dee75e64fffb,"{""circuit"":""surface_code:rotated_memory_x"",""cluster_node_limit"":50,""d"":3,""decoder"":""mwpf"",""decoder_type"":""SolverSerialJointSingleHair"",""p"":0.007,""p_erase"":0.007,""r"":3,""run_id"":""135e03791629607bb61bf8b9b22bc12f2324f26b65e31e82f5c3cd97d24c99c9""}",
      2925,         3,         0,   0.149,mwpf__cdbabe99b4f243243aad339bb11c8a90131812a9c01e0de682a2aca46d6d55ff,ddc6d0a0729b2070c0dbbc972d7b9e687957f33bd2fd578d2477245fef7735ad,"{""circuit"":""surface_code:rotated_memory_x"",""cluster_node_limit"":50,""d"":3,""decoder"":""mwpf"",""decoder_type"":""SolverSerialJointSingleHair"",""p"":0.008,""p_erase"":0.008,""r"":3,""run_id"":""842b8d9622dd95e081373b13334f0c4c970c25ea256e90e9985b8d1bb6968aef""}",
      1024,         1,         0,   0.053,mwpf__cdbabe99b4f243243aad339bb11c8a90131812a9c01e0de682a2aca46d6d55ff,ddc6d0a0729b2070c0dbbc972d7b9e687957f33bd2fd578d2477245fef7735ad,"{""circuit"":""surface_code:rotated_memory_x"",""cluster_node_limit"":50,""d"":3,""decoder"":""mwpf"",""decoder_type"":""SolverSerialJointSingleHair"",""p"":0.008,""p_erase"":0.008,""r"":3,""run_id"":""842b8d9622dd95e081373b13334f0c4c970c25ea256e90e9985b8d1bb6968aef""}",
      1024,        16,         0,   0.095,mwpf__bc6afb301d40de4dda36c86e2bee82ba9a2f3509c5e7adff85dedc84e2a08470,7be39a06112225b5216df3daf93370b2b9c424246e5cfcb6acb1a9865d6e9942,"{""circuit"":""surface_code:rotated_memory_x"",""cluster_node_limit"":50,""d"":3,""decoder"":""mwpf"",""decoder_type"":""SolverSerialJointSingleHair"",""p"":0.02,""p_erase"":0.02,""r"":3,""run_id"":""cbdcd76e4eac6e7ea58eb299d6c7091619bfb5b7954ed0656948ce94e45f36ab""}",
      1024,        12,         0,   0.094,mwpf__bc6afb301d40de4dda36c86e2bee82ba9a2f3509c5e7adff85dedc84e2a08470,7be39a06112225b5216df3daf93370b2b9c424246e5cfcb6acb1a9865d6e9942,"{""circuit"":""surface_code:rotated_memory_x"",""cluster_node_limit"":50,""d"":3,""decoder"":""mwpf"",""decoder_type"":""SolverSerialJointSingleHair"",""p"":0.02,""p_erase"":0.02,""r"":3,""run_id"":""cbdcd76e4eac6e7ea58eb299d6c7091619bfb5b7954ed0656948ce94e45f36ab""}",
      1024,         2,         0,   0.049,mwpf__cdbabe99b4f243243aad339bb11c8a90131812a9c01e0de682a2aca46d6d55ff,ddc6d0a0729b2070c0dbbc972d7b9e687957f33bd2fd578d2477245fef7735ad,"{""circuit"":""surface_code:rotated_memory_x"",""cluster_node_limit"":50,""d"":3,""decoder"":""mwpf"",""decoder_type"":""SolverSerialJointSingleHair"",""p"":0.008,""p_erase"":0.008,""r"":3,""run_id"":""842b8d9622dd95e081373b13334f0c4c970c25ea256e90e9985b8d1bb6968aef""}",
      1024,         0,         0,   0.048,mwpf__b97013a8da0fd8f6885b17db2a42ab25b19ddfdf52e8fcbc8652f7f86a4a96cb,0fcbe56867e1865cf3743ffac95ee6934c3a42db582868c86348a2ad7290185e,"{""circuit"":""surface_code:rotated_memory_x"",""cluster_node_limit"":50,""d"":3,""decoder"":""mwpf"",""decoder_type"":""SolverSerialJointSingleHair"",""p"":0.0075,""p_erase"":0.0075,""r"":3,""run_id"":""4bc734d2ac70cf62b78df146e81bdcf5df30d786b05a2eea177a13d890e64669""}",
      1024,         0,         0,   0.048,mwpf__b97013a8da0fd8f6885b17db2a42ab25b19ddfdf52e8fcbc8652f7f86a4a96cb,0fcbe56867e1865cf3743ffac95ee6934c3a42db582868c86348a2ad7290185e,"{""circuit"":""surface_code:rotated_memory_x"",""cluster_node_limit"":50,""d"":3,""decoder"":""mwpf"",""decoder_type"":""SolverSerialJointSingleHair"",""p"":0.0075,""p_erase"":0.0075,""r"":3,""run_id"":""4bc734d2ac70cf62b78df146e81bdcf5df30d786b05a2eea177a13d890e64669""}",
      1024,         3,         0,   0.053,mwpf__cdbabe99b4f243243aad339bb11c8a90131812a9c01e0de682a2aca46d6d55ff,ddc6d0a0729b2070c0dbbc972d7b9e687957f33bd2fd578d2477245fef7735ad,"{""circuit"":""surface_code:rotated_memory_x"",""cluster_node_limit"":50,""d"":3,""decoder"":""mwpf"",""decoder_type"":""SolverSerialJointSingleHair"",""p"":0.008,""p_erase"":0.008,""r"":3,""run_id"":""842b8d9622dd95e081373b13334f0c4c970c25ea256e90e9985b8d1bb6968aef""}",
      6978,        21,         0,   0.395,mwpf__f4eaffc7e8b345bd4ed12e044b14c9eca5eb9d6063d64430985ec7c298159463,1c0b2318b8e500ddb1032a5e330292dd6110fcabf993e79d05dcfbebeb6f8881,"{""circuit"":""surface_code:rotated_memory_x"",""cluster_node_limit"":50,""d"":3,""decoder"":""mwpf"",""decoder_type"":""SolverSerialJointSingleHair"",""p"":0.01,""p_erase"":0.01,""r"":3,""run_id"":""5b6db69d825a9e1af451573dd00a4a7082d74a5e74fde81d397d7b0bcc5645b2""}",
      1024,         2,         0,   0.049,mwpf__b97013a8da0fd8f6885b17db2a42ab25b19ddfdf52e8fcbc8652f7f86a4a96cb,0fcbe56867e1865cf3743ffac95ee6934c3a42db582868c86348a2ad7290185e,"{""circuit"":""surface_code:rotated_memory_x"",""cluster_node_limit"":50,""d"":3,""decoder"":""mwpf"",""decoder_type"":""SolverSerialJointSingleHair"",""p"":0.0075,""p_erase"":0.0075,""r"":3,""run_id"":""4bc734d2ac70cf62b78df146e81bdcf5df30d786b05a2eea177a13d890e64669""}",
      1024,         1,         0,   0.050,mwpf__cdbabe99b4f243243aad339bb11c8a90131812a9c01e0de682a2aca46d6d55ff,ddc6d0a0729b2070c0dbbc972d7b9e687957f33bd2fd578d2477245fef7735ad,"{""circuit"":""surface_code:rotated_memory_x"",""cluster_node_limit"":50,""d"":3,""decoder"":""mwpf"",""decoder_type"":""SolverSerialJointSingleHair"",""p"":0.008,""p_erase"":0.008,""r"":3,""run_id"":""842b8d9622dd95e081373b13334f0c4c970c25ea256e90e9985b8d1bb6968aef""}",
       691,         1,         0,   0.147,mwpf__71726d6ba25fe5b1097fdebf57bc9ee71a4920b66b52ccf640b9fe928e18d0f8,416965c75b19b01d4781182eaa19c998ff58123cda66a19c0d09dee75e64fffb,"{""circuit"":""surface_code:rotated_memory_x"",""cluster_node_limit"":50,""d"":3,""decoder"":""mwpf"",""decoder_type"":""SolverSerialJointSingleHair"",""p"":0.007,""p_erase"":0.007,""r"":3,""run_id"":""135e03791629607bb61bf8b9b22bc12f2324f26b65e31e82f5c3cd97d24c99c9""}",
      1024,         2,         0,   0.047,mwpf__b97013a8da0fd8f6885b17db2a42ab25b19ddfdf52e8fcbc8652f7f86a4a96cb,0fcbe56867e1865cf3743ffac95ee6934c3a42db582868c86348a2ad7290185e,"{""circuit"":""surface_code:rotated_memory_x"",""cluster_node_limit"":50,""d"":3,""decoder"":""mwpf"",""decoder_type"":""SolverSerialJointSingleHair"",""p"":0.0075,""p_erase"":0.0075,""r"":3,""run_id"":""4bc734d2ac70cf62b78df146e81bdcf5df30d786b05a2eea177a13d890e64669""}",
       222,         1,         0,   0.012,mwpf__f4eaffc7e8b345bd4ed12e044b14c9eca5eb9d6063d64430985ec7c298159463,1c0b2318b8e500ddb1032a5e330292dd6110fcabf993e79d05dcfbebeb6f8881,"{""circuit"":""surface_code:rotated_memory_x"",""cluster_node_limit"":50,""d"":3,""decoder"":""mwpf"",""decoder_type"":""SolverSerialJointSingleHair"",""p"":0.01,""p_erase"":0.01,""r"":3,""run_id"":""5b6db69d825a9e1af451573dd00a4a7082d74a5e74fde81d397d7b0bcc5645b2""}",
      1024,         1,         0,   0.052,mwpf__cdbabe99b4f243243aad339bb11c8a90131812a9c01e0de682a2aca46d6d55ff,ddc6d0a0729b2070c0dbbc972d7b9e687957f33bd2fd578d2477245fef7735ad,"{""circuit"":""surface_code:rotated_memory_x"",""cluster_node_limit"":50,""d"":3,""decoder"":""mwpf"",""decoder_type"":""SolverSerialJointSingleHair"",""p"":0.008,""p_erase"":0.008,""r"":3,""run_id"":""842b8d9622dd95e081373b13334f0c4c970c25ea256e90e9985b8d1bb6968aef""}",
      3072,         4,         0,   0.171,mwpf__f4eaffc7e8b345bd4ed12e044b14c9eca5eb9d6063d64430985ec7c298159463,1c0b2318b8e500ddb1032a5e330292dd6110fcabf993e79d05dcfbebeb6f8881,"{""circuit"":""surface_code:rotated_memory_x"",""cluster_node_limit"":50,""d"":3,""decoder"":""mwpf"",""decoder_type"":""SolverSerialJointSingleHair"",""p"":0.01,""p_erase"":0.01,""r"":3,""run_id"":""5b6db69d825a9e1af451573dd00a4a7082d74a5e74fde81d397d7b0bcc5645b2""}",
      1024,         0,         0,   0.047,mwpf__b97013a8da0fd8f6885b17db2a42ab25b19ddfdf52e8fcbc8652f7f86a4a96cb,0fcbe56867e1865cf3743ffac95ee6934c3a42db582868c86348a2ad7290185e,"{""circuit"":""surface_code:rotated_memory_x"",""cluster_node_limit"":50,""d"":3,""decoder"":""mwpf"",""decoder_type"":""SolverSerialJointSingleHair"",""p"":0.0075,""p_erase"":0.0075,""r"":3,""run_id"":""4bc734d2ac70cf62b78df146e81bdcf5df30d786b05a2eea177a13d890e64669""}",
      1024,         1,         0,   0.050,mwpf__cdbabe99b4f243243aad339bb11c8a90131812a9c01e0de682a2aca46d6d55ff,ddc6d0a0729b2070c0dbbc972d7b9e687957f33bd2fd578d2477245fef7735ad,"{""circuit"":""surface_code:rotated_memory_x"",""cluster_node_limit"":50,""d"":3,""decoder"":""mwpf"",""decoder_type"":""SolverSerialJointSingleHair"",""p"":0.008,""p_erase"":0.008,""r"":3,""run_id"":""842b8d9622dd95e081373b13334f0c4c970c25ea256e90e9985b8d1bb6968aef""}",
      1024,         3,         0,   0.048,mwpf__b97013a8da0fd8f6885b17db2a42ab25b19ddfdf52e8fcbc8652f7f86a4a96cb,0fcbe56867e1865cf3743ffac95ee6934c3a42db582868c86348a2ad7290185e,"{""circuit"":""surface_code:rotated_memory_x"",""cluster_node_limit"":50,""d"":3,""decoder"":""mwpf"",""decoder_type"":""SolverSerialJointSingleHair"",""p"":0.0075,""p_erase"":0.0075,""r"":3,""run_id"":""4bc734d2ac70cf62b78df146e81bdcf5df30d786b05a2eea177a13d890e64669""}",
      4554,         5,         0,   0.256,mwpf__f4eaffc7e8b345bd4ed12e044b14c9eca5eb9d6063d64430985ec7c298159463,1c0b2318b8e500ddb1032a5e330292dd6110fcabf993e79d05dcfbebeb6f8881,"{""circuit"":""surface_code:rotated_memory_x"",""cluster_node_limit"":50,""d"":3,""decoder"":""mwpf"",""decoder_type"":""SolverSerialJointSingleHair"",""p"":0.01,""p_erase"":0.01,""r"":3,""run_id"":""5b6db69d825a9e1af451573dd00a4a7082d74a5e74fde81d397d7b0bcc5645b2""}",
      6144,        12,         0,   0.455,mwpf__f4eaffc7e8b345bd4ed12e044b14c9eca5eb9d6063d64430985ec7c298159463,1c0b2318b8e500ddb1032a5e330292dd6110fcabf993e79d05dcfbebeb6f8881,"{""circuit"":""surface_code:rotated_memory_x"",""cluster_node_limit"":50,""d"":3,""decoder"":""mwpf"",""decoder_type"":""SolverSerialJointSingleHair"",""p"":0.01,""p_erase"":0.01,""r"":3,""run_id"":""5b6db69d825a9e1af451573dd00a4a7082d74a5e74fde81d397d7b0bcc5645b2""}",
      4299,         4,         0,   0.225,mwpf__cdbabe99b4f243243aad339bb11c8a90131812a9c01e0de682a2aca46d6d55ff,ddc6d0a0729b2070c0dbbc972d7b9e687957f33bd2fd578d2477245fef7735ad,"{""circuit"":""surface_code:rotated_memory_x"",""cluster_node_limit"":50,""d"":3,""decoder"":""mwpf"",""decoder_type"":""SolverSerialJointSingleHair"",""p"":0.008,""p_erase"":0.008,""r"":3,""run_id"":""842b8d9622dd95e081373b13334f0c4c970c25ea256e90e9985b8d1bb6968aef""}",
      3072,         8,         0,   0.177,mwpf__f4eaffc7e8b345bd4ed12e044b14c9eca5eb9d6063d64430985ec7c298159463,1c0b2318b8e500ddb1032a5e330292dd6110fcabf993e79d05dcfbebeb6f8881,"{""circuit"":""surface_code:rotated_memory_x"",""cluster_node_limit"":50,""d"":3,""decoder"":""mwpf"",""decoder_type"":""SolverSerialJointSingleHair"",""p"":0.01,""p_erase"":0.01,""r"":3,""run_id"":""5b6db69d825a9e1af451573dd00a4a7082d74a5e74fde81d397d7b0bcc5645b2""}",
      4096,         4,         0,   0.230,mwpf__cdbabe99b4f243243aad339bb11c8a90131812a9c01e0de682a2aca46d6d55ff,ddc6d0a0729b2070c0dbbc972d7b9e687957f33bd2fd578d2477245fef7735ad,"{""circuit"":""surface_code:rotated_memory_x"",""cluster_node_limit"":50,""d"":3,""decoder"":""mwpf"",""decoder_type"":""SolverSerialJointSingleHair"",""p"":0.008,""p_erase"":0.008,""r"":3,""run_id"":""842b8d9622dd95e081373b13334f0c4c970c25ea256e90e9985b8d1bb6968aef""}",
       376,         1,         0,   0.021,mwpf__f4eaffc7e8b345bd4ed12e044b14c9eca5eb9d6063d64430985ec7c298159463,1c0b2318b8e500ddb1032a5e330292dd6110fcabf993e79d05dcfbebeb6f8881,"{""circuit"":""surface_code:rotated_memory_x"",""cluster_node_limit"":50,""d"":3,""decoder"":""mwpf"",""decoder_type"":""SolverSerialJointSingleHair"",""p"":0.01,""p_erase"":0.01,""r"":3,""run_id"":""5b6db69d825a9e1af451573dd00a4a7082d74a5e74fde81d397d7b0bcc5645b2""}",
        28,         0,         0,   0.002,mwpf__f4eaffc7e8b345bd4ed12e044b14c9eca5eb9d6063d64430985ec7c298159463,1c0b2318b8e500ddb1032a5e330292dd6110fcabf993e79d05dcfbebeb6f8881,"{""circuit"":""surface_code:rotated_memory_x"",""cluster_node_limit"":50,""d"":3,""decoder"":""mwpf"",""decoder_type"":""SolverSerialJointSingleHair"",""p"":0.01,""p_erase"":0.01,""r"":3,""run_id"":""5b6db69d825a9e1af451573dd00a4a7082d74a5e74fde81d397d7b0bcc5645b2""}",
      4096,         3,         0,   0.205,mwpf__cdbabe99b4f243243aad339bb11c8a90131812a9c01e0de682a2aca46d6d55ff,ddc6d0a0729b2070c0dbbc972d7b9e687957f33bd2fd578d2477245fef7735ad,"{""circuit"":""surface_code:rotated_memory_x"",""cluster_node_limit"":50,""d"":3,""decoder"":""mwpf"",""decoder_type"":""SolverSerialJointSingleHair"",""p"":0.008,""p_erase"":0.008,""r"":3,""run_id"":""842b8d9622dd95e081373b13334f0c4c970c25ea256e90e9985b8d1bb6968aef""}",
      1024,         0,         0,   0.050,mwpf__cdbabe99b4f243243aad339bb11c8a90131812a9c01e0de682a2aca46d6d55ff,ddc6d0a0729b2070c0dbbc972d7b9e687957f33bd2fd578d2477245fef7735ad,"{""circuit"":""surface_code:rotated_memory_x"",""cluster_node_limit"":50,""d"":3,""decoder"":""mwpf"",""decoder_type"":""SolverSerialJointSingleHair"",""p"":0.008,""p_erase"":0.008,""r"":3,""run_id"":""842b8d9622dd95e081373b13334f0c4c970c25ea256e90e9985b8d1bb6968aef""}",
       316,         0,         0,   0.018,mwpf__f4eaffc7e8b345bd4ed12e044b14c9eca5eb9d6063d64430985ec7c298159463,1c0b2318b8e500ddb1032a5e330292dd6110fcabf993e79d05dcfbebeb6f8881,"{""circuit"":""surface_code:rotated_memory_x"",""cluster_node_limit"":50,""d"":3,""decoder"":""mwpf"",""decoder_type"":""SolverSerialJointSingleHair"",""p"":0.01,""p_erase"":0.01,""r"":3,""run_id"":""5b6db69d825a9e1af451573dd00a4a7082d74a5e74fde81d397d7b0bcc5645b2""}",
       256,         2,         0,   0.020,mwpf__f4eaffc7e8b345bd4ed12e044b14c9eca5eb9d6063d64430985ec7c298159463,1c0b2318b8e500ddb1032a5e330292dd6110fcabf993e79d05dcfbebeb6f8881,"{""circuit"":""surface_code:rotated_memory_x"",""cluster_node_limit"":50,""d"":3,""decoder"":""mwpf"",""decoder_type"":""SolverSerialJointSingleHair"",""p"":0.01,""p_erase"":0.01,""r"":3,""run_id"":""5b6db69d825a9e1af451573dd00a4a7082d74a5e74fde81d397d7b0bcc5645b2""}",
       203,         1,         0,   0.010,mwpf__cdbabe99b4f243243aad339bb11c8a90131812a9c01e0de682a2aca46d6d55ff,ddc6d0a0729b2070c0dbbc972d7b9e687957f33bd2fd578d2477245fef7735ad,"{""circuit"":""surface_code:rotated_memory_x"",""cluster_node_limit"":50,""d"":3,""decoder"":""mwpf"",""decoder_type"":""SolverSerialJointSingleHair"",""p"":0.008,""p_erase"":0.008,""r"":3,""run_id"":""842b8d9622dd95e081373b13334f0c4c970c25ea256e90e9985b8d1bb6968aef""}",
       203,         0,         0,   0.010,mwpf__cdbabe99b4f243243aad339bb11c8a90131812a9c01e0de682a2aca46d6d55ff,ddc6d0a0729b2070c0dbbc972d7b9e687957f33bd2fd578d2477245fef7735ad,"{""circuit"":""surface_code:rotated_memory_x"",""cluster_node_limit"":50,""d"":3,""decoder"":""mwpf"",""decoder_type"":""SolverSerialJointSingleHair"",""p"":0.008,""p_erase"":0.008,""r"":3,""run_id"":""842b8d9622dd95e081373b13334f0c4c970c25ea256e90e9985b8d1bb6968aef""}",
      1283,         4,         0,   0.071,mwpf__f4eaffc7e8b345bd4ed12e044b14c9eca5eb9d6063d64430985ec7c298159463,1c0b2318b8e500ddb1032a5e330292dd6110fcabf993e79d05dcfbebeb6f8881,"{""circuit"":""surface_code:rotated_memory_x"",""cluster_node_limit"":50,""d"":3,""decoder"":""mwpf"",""decoder_type"":""SolverSerialJointSingleHair"",""p"":0.01,""p_erase"":0.01,""r"":3,""run_id"":""5b6db69d825a9e1af451573dd00a4a7082d74a5e74fde81d397d7b0bcc5645b2""}",
      3505,         3,         0,   0.173,mwpf__cdbabe99b4f243243aad339bb11c8a90131812a9c01e0de682a2aca46d6d55ff,ddc6d0a0729b2070c0dbbc972d7b9e687957f33bd2fd578d2477245fef7735ad,"{""circuit"":""surface_code:rotated_memory_x"",""cluster_node_limit"":50,""d"":3,""decoder"":""mwpf"",""decoder_type"":""SolverSerialJointSingleHair"",""p"":0.008,""p_erase"":0.008,""r"":3,""run_id"":""842b8d9622dd95e081373b13334f0c4c970c25ea256e90e9985b8d1bb6968aef""}",
       485,         0,         0,   0.026,mwpf__cdbabe99b4f243243aad339bb11c8a90131812a9c01e0de682a2aca46d6d55ff,ddc6d0a0729b2070c0dbbc972d7b9e687957f33bd2fd578d2477245fef7735ad,"{""circuit"":""surface_code:rotated_memory_x"",""cluster_node_limit"":50,""d"":3,""decoder"":""mwpf"",""decoder_type"":""SolverSerialJointSingleHair"",""p"":0.008,""p_erase"":0.008,""r"":3,""run_id"":""842b8d9622dd95e081373b13334f0c4c970c25ea256e90e9985b8d1bb6968aef""}",
       199,         1,         0,   0.014,mwpf__f4eaffc7e8b345bd4ed12e044b14c9eca5eb9d6063d64430985ec7c298159463,1c0b2318b8e500ddb1032a5e330292dd6110fcabf993e79d05dcfbebeb6f8881,"{""circuit"":""surface_code:rotated_memory_x"",""cluster_node_limit"":50,""d"":3,""decoder"":""mwpf"",""decoder_type"":""SolverSerialJointSingleHair"",""p"":0.01,""p_erase"":0.01,""r"":3,""run_id"":""5b6db69d825a9e1af451573dd00a4a7082d74a5e74fde81d397d7b0bcc5645b2""}",
      2048,        28,         0,   0.195,mwpf__bc6afb301d40de4dda36c86e2bee82ba9a2f3509c5e7adff85dedc84e2a08470,7be39a06112225b5216df3daf93370b2b9c424246e5cfcb6acb1a9865d6e9942,"{""circuit"":""surface_code:rotated_memory_x"",""cluster_node_limit"":50,""d"":3,""decoder"":""mwpf"",""decoder_type"":""SolverSerialJointSingleHair"",""p"":0.02,""p_erase"":0.02,""r"":3,""run_id"":""cbdcd76e4eac6e7ea58eb299d6c7091619bfb5b7954ed0656948ce94e45f36ab""}",
      2048,        47,         0,   0.188,mwpf__bc6afb301d40de4dda36c86e2bee82ba9a2f3509c5e7adff85dedc84e2a08470,7be39a06112225b5216df3daf93370b2b9c424246e5cfcb6acb1a9865d6e9942,"{""circuit"":""surface_code:rotated_memory_x"",""cluster_node_limit"":50,""d"":3,""decoder"":""mwpf"",""decoder_type"":""SolverSerialJointSingleHair"",""p"":0.02,""p_erase"":0.02,""r"":3,""run_id"":""cbdcd76e4eac6e7ea58eb299d6c7091619bfb5b7954ed0656948ce94e45f36ab""}",
      6144,         6,         0,    1.18,mwpf__cdbabe99b4f243243aad339bb11c8a90131812a9c01e0de682a2aca46d6d55ff,ddc6d0a0729b2070c0dbbc972d7b9e687957f33bd2fd578d2477245fef7735ad,"{""circuit"":""surface_code:rotated_memory_x"",""cluster_node_limit"":50,""d"":3,""decoder"":""mwpf"",""decoder_type"":""SolverSerialJointSingleHair"",""p"":0.008,""p_erase"":0.008,""r"":3,""run_id"":""842b8d9622dd95e081373b13334f0c4c970c25ea256e90e9985b8d1bb6968aef""}",
       794,         0,         0,   0.038,mwpf__cdbabe99b4f243243aad339bb11c8a90131812a9c01e0de682a2aca46d6d55ff,ddc6d0a0729b2070c0dbbc972d7b9e687957f33bd2fd578d2477245fef7735ad,"{""circuit"":""surface_code:rotated_memory_x"",""cluster_node_limit"":50,""d"":3,""decoder"":""mwpf"",""decoder_type"":""SolverSerialJointSingleHair"",""p"":0.008,""p_erase"":0.008,""r"":3,""run_id"":""842b8d9622dd95e081373b13334f0c4c970c25ea256e90e9985b8d1bb6968aef""}",
      1024,         2,         0,   0.296,mwpf__f4eaffc7e8b345bd4ed12e044b14c9eca5eb9d6063d64430985ec7c298159463,1c0b2318b8e500ddb1032a5e330292dd6110fcabf993e79d05dcfbebeb6f8881,"{""circuit"":""surface_code:rotated_memory_x"",""cluster_node_limit"":50,""d"":3,""decoder"":""mwpf"",""decoder_type"":""SolverSerialJointSingleHair"",""p"":0.01,""p_erase"":0.01,""r"":3,""run_id"":""5b6db69d825a9e1af451573dd00a4a7082d74a5e74fde81d397d7b0bcc5645b2""}",
      2048,         4,         0,   0.098,mwpf__b97013a8da0fd8f6885b17db2a42ab25b19ddfdf52e8fcbc8652f7f86a4a96cb,0fcbe56867e1865cf3743ffac95ee6934c3a42db582868c86348a2ad7290185e,"{""circuit"":""surface_code:rotated_memory_x"",""cluster_node_limit"":50,""d"":3,""decoder"":""mwpf"",""decoder_type"":""SolverSerialJointSingleHair"",""p"":0.0075,""p_erase"":0.0075,""r"":3,""run_id"":""4bc734d2ac70cf62b78df146e81bdcf5df30d786b05a2eea177a13d890e64669""}",
       105,         0,         0,   0.006,mwpf__cdbabe99b4f243243aad339bb11c8a90131812a9c01e0de682a2aca46d6d55ff,ddc6d0a0729b2070c0dbbc972d7b9e687957f33bd2fd578d2477245fef7735ad,"{""circuit"":""surface_code:rotated_memory_x"",""cluster_node_limit"":50,""d"":3,""decoder"":""mwpf"",""decoder_type"":""SolverSerialJointSingleHair"",""p"":0.008,""p_erase"":0.008,""r"":3,""run_id"":""842b8d9622dd95e081373b13334f0c4c970c25ea256e90e9985b8d1bb6968aef""}",
      2048,         1,         0,   0.098,mwpf__cdbabe99b4f243243aad339bb11c8a90131812a9c01e0de682a2aca46d6d55ff,ddc6d0a0729b2070c0dbbc972d7b9e687957f33bd2fd578d2477245fef7735ad,"{""circuit"":""surface_code:rotated_memory_x"",""cluster_node_limit"":50,""d"":3,""decoder"":""mwpf"",""decoder_type"":""SolverSerialJointSingleHair"",""p"":0.008,""p_erase"":0.008,""r"":3,""run_id"":""842b8d9622dd95e081373b13334f0c4c970c25ea256e90e9985b8d1bb6968aef""}",
      2048,         2,         0,   0.095,mwpf__b97013a8da0fd8f6885b17db2a42ab25b19ddfdf52e8fcbc8652f7f86a4a96cb,0fcbe56867e1865cf3743ffac95ee6934c3a42db582868c86348a2ad7290185e,"{""circuit"":""surface_code:rotated_memory_x"",""cluster_node_limit"":50,""d"":3,""decoder"":""mwpf"",""decoder_type"":""SolverSerialJointSingleHair"",""p"":0.0075,""p_erase"":0.0075,""r"":3,""run_id"":""4bc734d2ac70cf62b78df146e81bdcf5df30d786b05a2eea177a13d890e64669""}",
       226,         0,         0,   0.011,mwpf__cdbabe99b4f243243aad339bb11c8a90131812a9c01e0de682a2aca46d6d55ff,ddc6d0a0729b2070c0dbbc972d7b9e687957f33bd2fd578d2477245fef7735ad,"{""circuit"":""surface_code:rotated_memory_x"",""cluster_node_limit"":50,""d"":3,""decoder"":""mwpf"",""decoder_type"":""SolverSerialJointSingleHair"",""p"":0.008,""p_erase"":0.008,""r"":3,""run_id"":""842b8d9622dd95e081373b13334f0c4c970c25ea256e90e9985b8d1bb6968aef""}",
       553,         2,         0,   0.032,mwpf__f4eaffc7e8b345bd4ed12e044b14c9eca5eb9d6063d64430985ec7c298159463,1c0b2318b8e500ddb1032a5e330292dd6110fcabf993e79d05dcfbebeb6f8881,"{""circuit"":""surface_code:rotated_memory_x"",""cluster_node_limit"":50,""d"":3,""decoder"":""mwpf"",""decoder_type"":""SolverSerialJointSingleHair"",""p"":0.01,""p_erase"":0.01,""r"":3,""run_id"":""5b6db69d825a9e1af451573dd00a4a7082d74a5e74fde81d397d7b0bcc5645b2""}",
      1864,         2,         0,   0.093,mwpf__cdbabe99b4f243243aad339bb11c8a90131812a9c01e0de682a2aca46d6d55ff,ddc6d0a0729b2070c0dbbc972d7b9e687957f33bd2fd578d2477245fef7735ad,"{""circuit"":""surface_code:rotated_memory_x"",""cluster_node_limit"":50,""d"":3,""decoder"":""mwpf"",""decoder_type"":""SolverSerialJointSingleHair"",""p"":0.008,""p_erase"":0.008,""r"":3,""run_id"":""842b8d9622dd95e081373b13334f0c4c970c25ea256e90e9985b8d1bb6968aef""}",
     23552,        22,         0,    1.13,mwpf__b97013a8da0fd8f6885b17db2a42ab25b19ddfdf52e8fcbc8652f7f86a4a96cb,0fcbe56867e1865cf3743ffac95ee6934c3a42db582868c86348a2ad7290185e,"{""circuit"":""surface_code:rotated_memory_x"",""cluster_node_limit"":50,""d"":3,""decoder"":""mwpf"",""decoder_type"":""SolverSerialJointSingleHair"",""p"":0.0075,""p_erase"":0.0075,""r"":3,""run_id"":""4bc734d2ac70cf62b78df146e81bdcf5df30d786b05a2eea177a13d890e64669""}",
       847,         2,         0,   0.063,mwpf__f4eaffc7e8b345bd4ed12e044b14c9eca5eb9d6063d64430985ec7c298159463,1c0b2318b8e500ddb1032a5e330292dd6110fcabf993e79d05dcfbebeb6f8881,"{""circuit"":""surface_code:rotated_memory_x"",""cluster_node_limit"":50,""d"":3,""decoder"":""mwpf"",""decoder_type"":""SolverSerialJointSingleHair"",""p"":0.01,""p_erase"":0.01,""r"":3,""run_id"":""5b6db69d825a9e1af451573dd00a4a7082d74a5e74fde81d397d7b0bcc5645b2""}",
      2048,         1,         0,   0.094,mwpf__b97013a8da0fd8f6885b17db2a42ab25b19ddfdf52e8fcbc8652f7f86a4a96cb,0fcbe56867e1865cf3743ffac95ee6934c3a42db582868c86348a2ad7290185e,"{""circuit"":""surface_code:rotated_memory_x"",""cluster_node_limit"":50,""d"":3,""decoder"":""mwpf"",""decoder_type"":""SolverSerialJointSingleHair"",""p"":0.0075,""p_erase"":0.0075,""r"":3,""run_id"":""4bc734d2ac70cf62b78df146e81bdcf5df30d786b05a2eea177a13d890e64669""}",
      2048,         4,         0,   0.098,mwpf__b97013a8da0fd8f6885b17db2a42ab25b19ddfdf52e8fcbc8652f7f86a4a96cb,0fcbe56867e1865cf3743ffac95ee6934c3a42db582868c86348a2ad7290185e,"{""circuit"":""surface_code:rotated_memory_x"",""cluster_node_limit"":50,""d"":3,""decoder"":""mwpf"",""decoder_type"":""SolverSerialJointSingleHair"",""p"":0.0075,""p_erase"":0.0075,""r"":3,""run_id"":""4bc734d2ac70cf62b78df146e81bdcf5df30d786b05a2eea177a13d890e64669""}",
       808,         0,         0,   0.153,mwpf__cdbabe99b4f243243aad339bb11c8a90131812a9c01e0de682a2aca46d6d55ff,ddc6d0a0729b2070c0dbbc972d7b9e687957f33bd2fd578d2477245fef7735ad,"{""circuit"":""surface_code:rotated_memory_x"",""cluster_node_limit"":50,""d"":3,""decoder"":""mwpf"",""decoder_type"":""SolverSerialJointSingleHair"",""p"":0.008,""p_erase"":0.008,""r"":3,""run_id"":""842b8d9622dd95e081373b13334f0c4c970c25ea256e90e9985b8d1bb6968aef""}",
      2048,        46,         0,   0.192,mwpf__bc6afb301d40de4dda36c86e2bee82ba9a2f3509c5e7adff85dedc84e2a08470,7be39a06112225b5216df3daf93370b2b9c424246e5cfcb6acb1a9865d6e9942,"{""circuit"":""surface_code:rotated_memory_x"",""cluster_node_limit"":50,""d"":3,""decoder"":""mwpf"",""decoder_type"":""SolverSerialJointSingleHair"",""p"":0.02,""p_erase"":0.02,""r"":3,""run_id"":""cbdcd76e4eac6e7ea58eb299d6c7091619bfb5b7954ed0656948ce94e45f36ab""}",
      2048,        27,         0,   0.194,mwpf__bc6afb301d40de4dda36c86e2bee82ba9a2f3509c5e7adff85dedc84e2a08470,7be39a06112225b5216df3daf93370b2b9c424246e5cfcb6acb1a9865d6e9942,"{""circuit"":""surface_code:rotated_memory_x"",""cluster_node_limit"":50,""d"":3,""decoder"":""mwpf"",""decoder_type"":""SolverSerialJointSingleHair"",""p"":0.02,""p_erase"":0.02,""r"":3,""run_id"":""cbdcd76e4eac6e7ea58eb299d6c7091619bfb5b7954ed0656948ce94e45f36ab""}",
      1024,         7,         0,   0.229,mwpf__f4eaffc7e8b345bd4ed12e044b14c9eca5eb9d6063d64430985ec7c298159463,1c0b2318b8e500ddb1032a5e330292dd6110fcabf993e79d05dcfbebeb6f8881,"{""circuit"":""surface_code:rotated_memory_x"",""cluster_node_limit"":50,""d"":3,""decoder"":""mwpf"",""decoder_type"":""SolverSerialJointSingleHair"",""p"":0.01,""p_erase"":0.01,""r"":3,""run_id"":""5b6db69d825a9e1af451573dd00a4a7082d74a5e74fde81d397d7b0bcc5645b2""}",
      3072,         3,         0,   0.140,mwpf__b97013a8da0fd8f6885b17db2a42ab25b19ddfdf52e8fcbc8652f7f86a4a96cb,0fcbe56867e1865cf3743ffac95ee6934c3a42db582868c86348a2ad7290185e,"{""circuit"":""surface_code:rotated_memory_x"",""cluster_node_limit"":50,""d"":3,""decoder"":""mwpf"",""decoder_type"":""SolverSerialJointSingleHair"",""p"":0.0075,""p_erase"":0.0075,""r"":3,""run_id"":""4bc734d2ac70cf62b78df146e81bdcf5df30d786b05a2eea177a13d890e64669""}",
      3072,         1,         0,   0.144,mwpf__b97013a8da0fd8f6885b17db2a42ab25b19ddfdf52e8fcbc8652f7f86a4a96cb,0fcbe56867e1865cf3743ffac95ee6934c3a42db582868c86348a2ad7290185e,"{""circuit"":""surface_code:rotated_memory_x"",""cluster_node_limit"":50,""d"":3,""decoder"":""mwpf"",""decoder_type"":""SolverSerialJointSingleHair"",""p"":0.0075,""p_erase"":0.0075,""r"":3,""run_id"":""4bc734d2ac70cf62b78df146e81bdcf5df30d786b05a2eea177a13d890e64669""}",
       330,         0,         0,   0.037,mwpf__f4eaffc7e8b345bd4ed12e044b14c9eca5eb9d6063d64430985ec7c298159463,1c0b2318b8e500ddb1032a5e330292dd6110fcabf993e79d05dcfbebeb6f8881,"{""circuit"":""surface_code:rotated_memory_x"",""cluster_node_limit"":50,""d"":3,""decoder"":""mwpf"",""decoder_type"":""SolverSerialJointSingleHair"",""p"":0.01,""p_erase"":0.01,""r"":3,""run_id"":""5b6db69d825a9e1af451573dd00a4a7082d74a5e74fde81d397d7b0bcc5645b2""}",
       544,         2,         0,   0.040,mwpf__f4eaffc7e8b345bd4ed12e044b14c9eca5eb9d6063d64430985ec7c298159463,1c0b2318b8e500ddb1032a5e330292dd6110fcabf993e79d05dcfbebeb6f8881,"{""circuit"":""surface_code:rotated_memory_x"",""cluster_node_limit"":50,""d"":3,""decoder"":""mwpf"",""decoder_type"":""SolverSerialJointSingleHair"",""p"":0.01,""p_erase"":0.01,""r"":3,""run_id"":""5b6db69d825a9e1af451573dd00a4a7082d74a5e74fde81d397d7b0bcc5645b2""}",
       544,         1,         0,   0.044,mwpf__f4eaffc7e8b345bd4ed12e044b14c9eca5eb9d6063d64430985ec7c298159463,1c0b2318b8e500ddb1032a5e330292dd6110fcabf993e79d05dcfbebeb6f8881,"{""circuit"":""surface_code:rotated_memory_x"",""cluster_node_limit"":50,""d"":3,""decoder"":""mwpf"",""decoder_type"":""SolverSerialJointSingleHair"",""p"":0.01,""p_erase"":0.01,""r"":3,""run_id"":""5b6db69d825a9e1af451573dd00a4a7082d74a5e74fde81d397d7b0bcc5645b2""}",
       544,         1,         0,   0.056,mwpf__f4eaffc7e8b345bd4ed12e044b14c9eca5eb9d6063d64430985ec7c298159463,1c0b2318b8e500ddb1032a5e330292dd6110fcabf993e79d05dcfbebeb6f8881,"{""circuit"":""surface_code:rotated_memory_x"",""cluster_node_limit"":50,""d"":3,""decoder"":""mwpf"",""decoder_type"":""SolverSerialJointSingleHair"",""p"":0.01,""p_erase"":0.01,""r"":3,""run_id"":""5b6db69d825a9e1af451573dd00a4a7082d74a5e74fde81d397d7b0bcc5645b2""}",
     27692,        18,         0,    1.29,mwpf__b97013a8da0fd8f6885b17db2a42ab25b19ddfdf52e8fcbc8652f7f86a4a96cb,0fcbe56867e1865cf3743ffac95ee6934c3a42db582868c86348a2ad7290185e,"{""circuit"":""surface_code:rotated_memory_x"",""cluster_node_limit"":50,""d"":3,""decoder"":""mwpf"",""decoder_type"":""SolverSerialJointSingleHair"",""p"":0.0075,""p_erase"":0.0075,""r"":3,""run_id"":""4bc734d2ac70cf62b78df146e81bdcf5df30d786b05a2eea177a13d890e64669""}",
      5848,         4,         0,   0.279,mwpf__b97013a8da0fd8f6885b17db2a42ab25b19ddfdf52e8fcbc8652f7f86a4a96cb,0fcbe56867e1865cf3743ffac95ee6934c3a42db582868c86348a2ad7290185e,"{""circuit"":""surface_code:rotated_memory_x"",""cluster_node_limit"":50,""d"":3,""decoder"":""mwpf"",""decoder_type"":""SolverSerialJointSingleHair"",""p"":0.0075,""p_erase"":0.0075,""r"":3,""run_id"":""4bc734d2ac70cf62b78df146e81bdcf5df30d786b05a2eea177a13d890e64669""}",
       544,         1,         0,   0.139,mwpf__f4eaffc7e8b345bd4ed12e044b14c9eca5eb9d6063d64430985ec7c298159463,1c0b2318b8e500ddb1032a5e330292dd6110fcabf993e79d05dcfbebeb6f8881,"{""circuit"":""surface_code:rotated_memory_x"",""cluster_node_limit"":50,""d"":3,""decoder"":""mwpf"",""decoder_type"":""SolverSerialJointSingleHair"",""p"":0.01,""p_erase"":0.01,""r"":3,""run_id"":""5b6db69d825a9e1af451573dd00a4a7082d74a5e74fde81d397d7b0bcc5645b2""}",
      4096,         3,         0,   0.189,mwpf__b97013a8da0fd8f6885b17db2a42ab25b19ddfdf52e8fcbc8652f7f86a4a96cb,0fcbe56867e1865cf3743ffac95ee6934c3a42db582868c86348a2ad7290185e,"{""circuit"":""surface_code:rotated_memory_x"",""cluster_node_limit"":50,""d"":3,""decoder"":""mwpf"",""decoder_type"":""SolverSerialJointSingleHair"",""p"":0.0075,""p_erase"":0.0075,""r"":3,""run_id"":""4bc734d2ac70cf62b78df146e81bdcf5df30d786b05a2eea177a13d890e64669""}",
      4096,         2,         0,   0.188,mwpf__b97013a8da0fd8f6885b17db2a42ab25b19ddfdf52e8fcbc8652f7f86a4a96cb,0fcbe56867e1865cf3743ffac95ee6934c3a42db582868c86348a2ad7290185e,"{""circuit"":""surface_code:rotated_memory_x"",""cluster_node_limit"":50,""d"":3,""decoder"":""mwpf"",""decoder_type"":""SolverSerialJointSingleHair"",""p"":0.0075,""p_erase"":0.0075,""r"":3,""run_id"":""4bc734d2ac70cf62b78df146e81bdcf5df30d786b05a2eea177a13d890e64669""}",
      3072,        49,         0,   0.284,mwpf__bc6afb301d40de4dda36c86e2bee82ba9a2f3509c5e7adff85dedc84e2a08470,7be39a06112225b5216df3daf93370b2b9c424246e5cfcb6acb1a9865d6e9942,"{""circuit"":""surface_code:rotated_memory_x"",""cluster_node_limit"":50,""d"":3,""decoder"":""mwpf"",""decoder_type"":""SolverSerialJointSingleHair"",""p"":0.02,""p_erase"":0.02,""r"":3,""run_id"":""cbdcd76e4eac6e7ea58eb299d6c7091619bfb5b7954ed0656948ce94e45f36ab""}",
      3072,        55,         0,   0.291,mwpf__bc6afb301d40de4dda36c86e2bee82ba9a2f3509c5e7adff85dedc84e2a08470,7be39a06112225b5216df3daf93370b2b9c424246e5cfcb6acb1a9865d6e9942,"{""circuit"":""surface_code:rotated_memory_x"",""cluster_node_limit"":50,""d"":3,""decoder"":""mwpf"",""decoder_type"":""SolverSerialJointSingleHair"",""p"":0.02,""p_erase"":0.02,""r"":3,""run_id"":""cbdcd76e4eac6e7ea58eb299d6c7091619bfb5b7954ed0656948ce94e45f36ab""}",
       273,         1,         0,   0.026,mwpf__bc6afb301d40de4dda36c86e2bee82ba9a2f3509c5e7adff85dedc84e2a08470,7be39a06112225b5216df3daf93370b2b9c424246e5cfcb6acb1a9865d6e9942,"{""circuit"":""surface_code:rotated_memory_x"",""cluster_node_limit"":50,""d"":3,""decoder"":""mwpf"",""decoder_type"":""SolverSerialJointSingleHair"",""p"":0.02,""p_erase"":0.02,""r"":3,""run_id"":""cbdcd76e4eac6e7ea58eb299d6c7091619bfb5b7954ed0656948ce94e45f36ab""}",
         1,         0,         0,   0.000,mwpf__f4eaffc7e8b345bd4ed12e044b14c9eca5eb9d6063d64430985ec7c298159463,1c0b2318b8e500ddb1032a5e330292dd6110fcabf993e79d05dcfbebeb6f8881,"{""circuit"":""surface_code:rotated_memory_x"",""cluster_node_limit"":50,""d"":3,""decoder"":""mwpf"",""decoder_type"":""SolverSerialJointSingleHair"",""p"":0.01,""p_erase"":0.01,""r"":3,""run_id"":""5b6db69d825a9e1af451573dd00a4a7082d74a5e74fde81d397d7b0bcc5645b2""}",
       231,         0,         0,   0.013,mwpf__f4eaffc7e8b345bd4ed12e044b14c9eca5eb9d6063d64430985ec7c298159463,1c0b2318b8e500ddb1032a5e330292dd6110fcabf993e79d05dcfbebeb6f8881,"{""circuit"":""surface_code:rotated_memory_x"",""cluster_node_limit"":50,""d"":3,""decoder"":""mwpf"",""decoder_type"":""SolverSerialJointSingleHair"",""p"":0.01,""p_erase"":0.01,""r"":3,""run_id"":""5b6db69d825a9e1af451573dd00a4a7082d74a5e74fde81d397d7b0bcc5645b2""}",
       273,         0,         0,   0.013,mwpf__b97013a8da0fd8f6885b17db2a42ab25b19ddfdf52e8fcbc8652f7f86a4a96cb,0fcbe56867e1865cf3743ffac95ee6934c3a42db582868c86348a2ad7290185e,"{""circuit"":""surface_code:rotated_memory_x"",""cluster_node_limit"":50,""d"":3,""decoder"":""mwpf"",""decoder_type"":""SolverSerialJointSingleHair"",""p"":0.0075,""p_erase"":0.0075,""r"":3,""run_id"":""4bc734d2ac70cf62b78df146e81bdcf5df30d786b05a2eea177a13d890e64669""}",
       230,         1,         0,   0.013,mwpf__f4eaffc7e8b345bd4ed12e044b14c9eca5eb9d6063d64430985ec7c298159463,1c0b2318b8e500ddb1032a5e330292dd6110fcabf993e79d05dcfbebeb6f8881,"{""circuit"":""surface_code:rotated_memory_x"",""cluster_node_limit"":50,""d"":3,""decoder"":""mwpf"",""decoder_type"":""SolverSerialJointSingleHair"",""p"":0.01,""p_erase"":0.01,""r"":3,""run_id"":""5b6db69d825a9e1af451573dd00a4a7082d74a5e74fde81d397d7b0bcc5645b2""}",
       229,         0,         0,   0.018,mwpf__f4eaffc7e8b345bd4ed12e044b14c9eca5eb9d6063d64430985ec7c298159463,1c0b2318b8e500ddb1032a5e330292dd6110fcabf993e79d05dcfbebeb6f8881,"{""circuit"":""surface_code:rotated_memory_x"",""cluster_node_limit"":50,""d"":3,""decoder"":""mwpf"",""decoder_type"":""SolverSerialJointSingleHair"",""p"":0.01,""p_erase"":0.01,""r"":3,""run_id"":""5b6db69d825a9e1af451573dd00a4a7082d74a5e74fde81d397d7b0bcc5645b2""}",
       273,         7,         0,   0.025,mwpf__bc6afb301d40de4dda36c86e2bee82ba9a2f3509c5e7adff85dedc84e2a08470,7be39a06112225b5216df3daf93370b2b9c424246e5cfcb6acb1a9865d6e9942,"{""circuit"":""surface_code:rotated_memory_x"",""cluster_node_limit"":50,""d"":3,""decoder"":""mwpf"",""decoder_type"":""SolverSerialJointSingleHair"",""p"":0.02,""p_erase"":0.02,""r"":3,""run_id"":""cbdcd76e4eac6e7ea58eb299d6c7091619bfb5b7954ed0656948ce94e45f36ab""}",
       231,         0,         0,   0.025,mwpf__f4eaffc7e8b345bd4ed12e044b14c9eca5eb9d6063d64430985ec7c298159463,1c0b2318b8e500ddb1032a5e330292dd6110fcabf993e79d05dcfbebeb6f8881,"{""circuit"":""surface_code:rotated_memory_x"",""cluster_node_limit"":50,""d"":3,""decoder"":""mwpf"",""decoder_type"":""SolverSerialJointSingleHair"",""p"":0.01,""p_erase"":0.01,""r"":3,""run_id"":""5b6db69d825a9e1af451573dd00a4a7082d74a5e74fde81d397d7b0bcc5645b2""}",
       231,         0,         0,   0.026,mwpf__f4eaffc7e8b345bd4ed12e044b14c9eca5eb9d6063d64430985ec7c298159463,1c0b2318b8e500ddb1032a5e330292dd6110fcabf993e79d05dcfbebeb6f8881,"{""circuit"":""surface_code:rotated_memory_x"",""cluster_node_limit"":50,""d"":3,""decoder"":""mwpf"",""decoder_type"":""SolverSerialJointSingleHair"",""p"":0.01,""p_erase"":0.01,""r"":3,""run_id"":""5b6db69d825a9e1af451573dd00a4a7082d74a5e74fde81d397d7b0bcc5645b2""}",
       231,         0,         0,   0.026,mwpf__f4eaffc7e8b345bd4ed12e044b14c9eca5eb9d6063d64430985ec7c298159463,1c0b2318b8e500ddb1032a5e330292dd6110fcabf993e79d05dcfbebeb6f8881,"{""circuit"":""surface_code:rotated_memory_x"",""cluster_node_limit"":50,""d"":3,""decoder"":""mwpf"",""decoder_type"":""SolverSerialJointSingleHair"",""p"":0.01,""p_erase"":0.01,""r"":3,""run_id"":""5b6db69d825a9e1af451573dd00a4a7082d74a5e74fde81d397d7b0bcc5645b2""}",
       231,         0,         0,   0.027,mwpf__f4eaffc7e8b345bd4ed12e044b14c9eca5eb9d6063d64430985ec7c298159463,1c0b2318b8e500ddb1032a5e330292dd6110fcabf993e79d05dcfbebeb6f8881,"{""circuit"":""surface_code:rotated_memory_x"",""cluster_node_limit"":50,""d"":3,""decoder"":""mwpf"",""decoder_type"":""SolverSerialJointSingleHair"",""p"":0.01,""p_erase"":0.01,""r"":3,""run_id"":""5b6db69d825a9e1af451573dd00a4a7082d74a5e74fde81d397d7b0bcc5645b2""}",
       231,         1,         0,   0.044,mwpf__f4eaffc7e8b345bd4ed12e044b14c9eca5eb9d6063d64430985ec7c298159463,1c0b2318b8e500ddb1032a5e330292dd6110fcabf993e79d05dcfbebeb6f8881,"{""circuit"":""surface_code:rotated_memory_x"",""cluster_node_limit"":50,""d"":3,""decoder"":""mwpf"",""decoder_type"":""SolverSerialJointSingleHair"",""p"":0.01,""p_erase"":0.01,""r"":3,""run_id"":""5b6db69d825a9e1af451573dd00a4a7082d74a5e74fde81d397d7b0bcc5645b2""}",
      1024,         0,         0,   0.048,mwpf__b97013a8da0fd8f6885b17db2a42ab25b19ddfdf52e8fcbc8652f7f86a4a96cb,0fcbe56867e1865cf3743ffac95ee6934c3a42db582868c86348a2ad7290185e,"{""circuit"":""surface_code:rotated_memory_x"",""cluster_node_limit"":50,""d"":3,""decoder"":""mwpf"",""decoder_type"":""SolverSerialJointSingleHair"",""p"":0.0075,""p_erase"":0.0075,""r"":3,""run_id"":""4bc734d2ac70cf62b78df146e81bdcf5df30d786b05a2eea177a13d890e64669""}",
     12288,        12,         0,    2.21,mwpf__b97013a8da0fd8f6885b17db2a42ab25b19ddfdf52e8fcbc8652f7f86a4a96cb,0fcbe56867e1865cf3743ffac95ee6934c3a42db582868c86348a2ad7290185e,"{""circuit"":""surface_code:rotated_memory_x"",""cluster_node_limit"":50,""d"":3,""decoder"":""mwpf"",""decoder_type"":""SolverSerialJointSingleHair"",""p"":0.0075,""p_erase"":0.0075,""r"":3,""run_id"":""4bc734d2ac70cf62b78df146e81bdcf5df30d786b05a2eea177a13d890e64669""}",
      5120,         3,         0,   0.241,mwpf__b97013a8da0fd8f6885b17db2a42ab25b19ddfdf52e8fcbc8652f7f86a4a96cb,0fcbe56867e1865cf3743ffac95ee6934c3a42db582868c86348a2ad7290185e,"{""circuit"":""surface_code:rotated_memory_x"",""cluster_node_limit"":50,""d"":3,""decoder"":""mwpf"",""decoder_type"":""SolverSerialJointSingleHair"",""p"":0.0075,""p_erase"":0.0075,""r"":3,""run_id"":""4bc734d2ac70cf62b78df146e81bdcf5df30d786b05a2eea177a13d890e64669""}",
      1024,        14,         0,   0.098,mwpf__bc6afb301d40de4dda36c86e2bee82ba9a2f3509c5e7adff85dedc84e2a08470,7be39a06112225b5216df3daf93370b2b9c424246e5cfcb6acb1a9865d6e9942,"{""circuit"":""surface_code:rotated_memory_x"",""cluster_node_limit"":50,""d"":3,""decoder"":""mwpf"",""decoder_type"":""SolverSerialJointSingleHair"",""p"":0.02,""p_erase"":0.02,""r"":3,""run_id"":""cbdcd76e4eac6e7ea58eb299d6c7091619bfb5b7954ed0656948ce94e45f36ab""}",
      5120,         5,         0,   0.238,mwpf__b97013a8da0fd8f6885b17db2a42ab25b19ddfdf52e8fcbc8652f7f86a4a96cb,0fcbe56867e1865cf3743ffac95ee6934c3a42db582868c86348a2ad7290185e,"{""circuit"":""surface_code:rotated_memory_x"",""cluster_node_limit"":50,""d"":3,""decoder"":""mwpf"",""decoder_type"":""SolverSerialJointSingleHair"",""p"":0.0075,""p_erase"":0.0075,""r"":3,""run_id"":""4bc734d2ac70cf62b78df146e81bdcf5df30d786b05a2eea177a13d890e64669""}",
     16384,       276,         0,    1.52,mwpf__bc6afb301d40de4dda36c86e2bee82ba9a2f3509c5e7adff85dedc84e2a08470,7be39a06112225b5216df3daf93370b2b9c424246e5cfcb6acb1a9865d6e9942,"{""circuit"":""surface_code:rotated_memory_x"",""cluster_node_limit"":50,""d"":3,""decoder"":""mwpf"",""decoder_type"":""SolverSerialJointSingleHair"",""p"":0.02,""p_erase"":0.02,""r"":3,""run_id"":""cbdcd76e4eac6e7ea58eb299d6c7091619bfb5b7954ed0656948ce94e45f36ab""}",
      1024,         0,         0,   0.052,mwpf__b97013a8da0fd8f6885b17db2a42ab25b19ddfdf52e8fcbc8652f7f86a4a96cb,0fcbe56867e1865cf3743ffac95ee6934c3a42db582868c86348a2ad7290185e,"{""circuit"":""surface_code:rotated_memory_x"",""cluster_node_limit"":50,""d"":3,""decoder"":""mwpf"",""decoder_type"":""SolverSerialJointSingleHair"",""p"":0.0075,""p_erase"":0.0075,""r"":3,""run_id"":""4bc734d2ac70cf62b78df146e81bdcf5df30d786b05a2eea177a13d890e64669""}",
      1024,        18,         0,   0.098,mwpf__bc6afb301d40de4dda36c86e2bee82ba9a2f3509c5e7adff85dedc84e2a08470,7be39a06112225b5216df3daf93370b2b9c424246e5cfcb6acb1a9865d6e9942,"{""circuit"":""surface_code:rotated_memory_x"",""cluster_node_limit"":50,""d"":3,""decoder"":""mwpf"",""decoder_type"":""SolverSerialJointSingleHair"",""p"":0.02,""p_erase"":0.02,""r"":3,""run_id"":""cbdcd76e4eac6e7ea58eb299d6c7091619bfb5b7954ed0656948ce94e45f36ab""}",
      1202,         1,         0,   0.058,mwpf__b97013a8da0fd8f6885b17db2a42ab25b19ddfdf52e8fcbc8652f7f86a4a96cb,0fcbe56867e1865cf3743ffac95ee6934c3a42db582868c86348a2ad7290185e,"{""circuit"":""surface_code:rotated_memory_x"",""cluster_node_limit"":50,""d"":3,""decoder"":""mwpf"",""decoder_type"":""SolverSerialJointSingleHair"",""p"":0.0075,""p_erase"":0.0075,""r"":3,""run_id"":""4bc734d2ac70cf62b78df146e81bdcf5df30d786b05a2eea177a13d890e64669""}",
      1024,         1,         0,   0.049,mwpf__b97013a8da0fd8f6885b17db2a42ab25b19ddfdf52e8fcbc8652f7f86a4a96cb,0fcbe56867e1865cf3743ffac95ee6934c3a42db582868c86348a2ad7290185e,"{""circuit"":""surface_code:rotated_memory_x"",""cluster_node_limit"":50,""d"":3,""decoder"":""mwpf"",""decoder_type"":""SolverSerialJointSingleHair"",""p"":0.0075,""p_erase"":0.0075,""r"":3,""run_id"":""4bc734d2ac70cf62b78df146e81bdcf5df30d786b05a2eea177a13d890e64669""}",
      3072,        52,         0,   0.289,mwpf__bc6afb301d40de4dda36c86e2bee82ba9a2f3509c5e7adff85dedc84e2a08470,7be39a06112225b5216df3daf93370b2b9c424246e5cfcb6acb1a9865d6e9942,"{""circuit"":""surface_code:rotated_memory_x"",""cluster_node_limit"":50,""d"":3,""decoder"":""mwpf"",""decoder_type"":""SolverSerialJointSingleHair"",""p"":0.02,""p_erase"":0.02,""r"":3,""run_id"":""cbdcd76e4eac6e7ea58eb299d6c7091619bfb5b7954ed0656948ce94e45f36ab""}",
      8582,         7,         0,   0.400,mwpf__b97013a8da0fd8f6885b17db2a42ab25b19ddfdf52e8fcbc8652f7f86a4a96cb,0fcbe56867e1865cf3743ffac95ee6934c3a42db582868c86348a2ad7290185e,"{""circuit"":""surface_code:rotated_memory_x"",""cluster_node_limit"":50,""d"":3,""decoder"":""mwpf"",""decoder_type"":""SolverSerialJointSingleHair"",""p"":0.0075,""p_erase"":0.0075,""r"":3,""run_id"":""4bc734d2ac70cf62b78df146e81bdcf5df30d786b05a2eea177a13d890e64669""}",
      1024,        22,         0,   0.096,mwpf__bc6afb301d40de4dda36c86e2bee82ba9a2f3509c5e7adff85dedc84e2a08470,7be39a06112225b5216df3daf93370b2b9c424246e5cfcb6acb1a9865d6e9942,"{""circuit"":""surface_code:rotated_memory_x"",""cluster_node_limit"":50,""d"":3,""decoder"":""mwpf"",""decoder_type"":""SolverSerialJointSingleHair"",""p"":0.02,""p_erase"":0.02,""r"":3,""run_id"":""cbdcd76e4eac6e7ea58eb299d6c7091619bfb5b7954ed0656948ce94e45f36ab""}",
      3072,        66,         0,   0.296,mwpf__bc6afb301d40de4dda36c86e2bee82ba9a2f3509c5e7adff85dedc84e2a08470,7be39a06112225b5216df3daf93370b2b9c424246e5cfcb6acb1a9865d6e9942,"{""circuit"":""surface_code:rotated_memory_x"",""cluster_node_limit"":50,""d"":3,""decoder"":""mwpf"",""decoder_type"":""SolverSerialJointSingleHair"",""p"":0.02,""p_erase"":0.02,""r"":3,""run_id"":""cbdcd76e4eac6e7ea58eb299d6c7091619bfb5b7954ed0656948ce94e45f36ab""}",
      1024,         1,         0,   0.049,mwpf__b97013a8da0fd8f6885b17db2a42ab25b19ddfdf52e8fcbc8652f7f86a4a96cb,0fcbe56867e1865cf3743ffac95ee6934c3a42db582868c86348a2ad7290185e,"{""circuit"":""surface_code:rotated_memory_x"",""cluster_node_limit"":50,""d"":3,""decoder"":""mwpf"",""decoder_type"":""SolverSerialJointSingleHair"",""p"":0.0075,""p_erase"":0.0075,""r"":3,""run_id"":""4bc734d2ac70cf62b78df146e81bdcf5df30d786b05a2eea177a13d890e64669""}",
      1024,        19,         0,   0.096,mwpf__bc6afb301d40de4dda36c86e2bee82ba9a2f3509c5e7adff85dedc84e2a08470,7be39a06112225b5216df3daf93370b2b9c424246e5cfcb6acb1a9865d6e9942,"{""circuit"":""surface_code:rotated_memory_x"",""cluster_node_limit"":50,""d"":3,""decoder"":""mwpf"",""decoder_type"":""SolverSerialJointSingleHair"",""p"":0.02,""p_erase"":0.02,""r"":3,""run_id"":""cbdcd76e4eac6e7ea58eb299d6c7091619bfb5b7954ed0656948ce94e45f36ab""}",
     12288,       208,         0,    1.15,mwpf__bc6afb301d40de4dda36c86e2bee82ba9a2f3509c5e7adff85dedc84e2a08470,7be39a06112225b5216df3daf93370b2b9c424246e5cfcb6acb1a9865d6e9942,"{""circuit"":""surface_code:rotated_memory_x"",""cluster_node_limit"":50,""d"":3,""decoder"":""mwpf"",""decoder_type"":""SolverSerialJointSingleHair"",""p"":0.02,""p_erase"":0.02,""r"":3,""run_id"":""cbdcd76e4eac6e7ea58eb299d6c7091619bfb5b7954ed0656948ce94e45f36ab""}",
      1024,        20,         0,   0.095,mwpf__bc6afb301d40de4dda36c86e2bee82ba9a2f3509c5e7adff85dedc84e2a08470,7be39a06112225b5216df3daf93370b2b9c424246e5cfcb6acb1a9865d6e9942,"{""circuit"":""surface_code:rotated_memory_x"",""cluster_node_limit"":50,""d"":3,""decoder"":""mwpf"",""decoder_type"":""SolverSerialJointSingleHair"",""p"":0.02,""p_erase"":0.02,""r"":3,""run_id"":""cbdcd76e4eac6e7ea58eb299d6c7091619bfb5b7954ed0656948ce94e45f36ab""}",
     13532,       226,         0,    1.26,mwpf__bc6afb301d40de4dda36c86e2bee82ba9a2f3509c5e7adff85dedc84e2a08470,7be39a06112225b5216df3daf93370b2b9c424246e5cfcb6acb1a9865d6e9942,"{""circuit"":""surface_code:rotated_memory_x"",""cluster_node_limit"":50,""d"":3,""decoder"":""mwpf"",""decoder_type"":""SolverSerialJointSingleHair"",""p"":0.02,""p_erase"":0.02,""r"":3,""run_id"":""cbdcd76e4eac6e7ea58eb299d6c7091619bfb5b7954ed0656948ce94e45f36ab""}",
      8582,         5,         0,   0.431,mwpf__b97013a8da0fd8f6885b17db2a42ab25b19ddfdf52e8fcbc8652f7f86a4a96cb,0fcbe56867e1865cf3743ffac95ee6934c3a42db582868c86348a2ad7290185e,"{""circuit"":""surface_code:rotated_memory_x"",""cluster_node_limit"":50,""d"":3,""decoder"":""mwpf"",""decoder_type"":""SolverSerialJointSingleHair"",""p"":0.0075,""p_erase"":0.0075,""r"":3,""run_id"":""4bc734d2ac70cf62b78df146e81bdcf5df30d786b05a2eea177a13d890e64669""}",
     13312,       219,         0,    1.27,mwpf__bc6afb301d40de4dda36c86e2bee82ba9a2f3509c5e7adff85dedc84e2a08470,7be39a06112225b5216df3daf93370b2b9c424246e5cfcb6acb1a9865d6e9942,"{""circuit"":""surface_code:rotated_memory_x"",""cluster_node_limit"":50,""d"":3,""decoder"":""mwpf"",""decoder_type"":""SolverSerialJointSingleHair"",""p"":0.02,""p_erase"":0.02,""r"":3,""run_id"":""cbdcd76e4eac6e7ea58eb299d6c7091619bfb5b7954ed0656948ce94e45f36ab""}",
      2048,         1,         0,   0.101,mwpf__b97013a8da0fd8f6885b17db2a42ab25b19ddfdf52e8fcbc8652f7f86a4a96cb,0fcbe56867e1865cf3743ffac95ee6934c3a42db582868c86348a2ad7290185e,"{""circuit"":""surface_code:rotated_memory_x"",""cluster_node_limit"":50,""d"":3,""decoder"":""mwpf"",""decoder_type"":""SolverSerialJointSingleHair"",""p"":0.0075,""p_erase"":0.0075,""r"":3,""run_id"":""4bc734d2ac70cf62b78df146e81bdcf5df30d786b05a2eea177a13d890e64669""}",
      1024,        16,         0,   0.097,mwpf__bc6afb301d40de4dda36c86e2bee82ba9a2f3509c5e7adff85dedc84e2a08470,7be39a06112225b5216df3daf93370b2b9c424246e5cfcb6acb1a9865d6e9942,"{""circuit"":""surface_code:rotated_memory_x"",""cluster_node_limit"":50,""d"":3,""decoder"":""mwpf"",""decoder_type"":""SolverSerialJointSingleHair"",""p"":0.02,""p_erase"":0.02,""r"":3,""run_id"":""cbdcd76e4eac6e7ea58eb299d6c7091619bfb5b7954ed0656948ce94e45f36ab""}",
       220,         3,         0,   0.020,mwpf__bc6afb301d40de4dda36c86e2bee82ba9a2f3509c5e7adff85dedc84e2a08470,7be39a06112225b5216df3daf93370b2b9c424246e5cfcb6acb1a9865d6e9942,"{""circuit"":""surface_code:rotated_memory_x"",""cluster_node_limit"":50,""d"":3,""decoder"":""mwpf"",""decoder_type"":""SolverSerialJointSingleHair"",""p"":0.02,""p_erase"":0.02,""r"":3,""run_id"":""cbdcd76e4eac6e7ea58eb299d6c7091619bfb5b7954ed0656948ce94e45f36ab""}",
       350,         5,         0,   0.034,mwpf__bc6afb301d40de4dda36c86e2bee82ba9a2f3509c5e7adff85dedc84e2a08470,7be39a06112225b5216df3daf93370b2b9c424246e5cfcb6acb1a9865d6e9942,"{""circuit"":""surface_code:rotated_memory_x"",""cluster_node_limit"":50,""d"":3,""decoder"":""mwpf"",""decoder_type"":""SolverSerialJointSingleHair"",""p"":0.02,""p_erase"":0.02,""r"":3,""run_id"":""cbdcd76e4eac6e7ea58eb299d6c7091619bfb5b7954ed0656948ce94e45f36ab""}",
       273,         0,         0,   0.057,mwpf__b97013a8da0fd8f6885b17db2a42ab25b19ddfdf52e8fcbc8652f7f86a4a96cb,0fcbe56867e1865cf3743ffac95ee6934c3a42db582868c86348a2ad7290185e,"{""circuit"":""surface_code:rotated_memory_x"",""cluster_node_limit"":50,""d"":3,""decoder"":""mwpf"",""decoder_type"":""SolverSerialJointSingleHair"",""p"":0.0075,""p_erase"":0.0075,""r"":3,""run_id"":""4bc734d2ac70cf62b78df146e81bdcf5df30d786b05a2eea177a13d890e64669""}",
      1551,         2,         0,   0.292,mwpf__b97013a8da0fd8f6885b17db2a42ab25b19ddfdf52e8fcbc8652f7f86a4a96cb,0fcbe56867e1865cf3743ffac95ee6934c3a42db582868c86348a2ad7290185e,"{""circuit"":""surface_code:rotated_memory_x"",""cluster_node_limit"":50,""d"":3,""decoder"":""mwpf"",""decoder_type"":""SolverSerialJointSingleHair"",""p"":0.0075,""p_erase"":0.0075,""r"":3,""run_id"":""4bc734d2ac70cf62b78df146e81bdcf5df30d786b05a2eea177a13d890e64669""}",
      6144,         8,         0,   0.292,mwpf__b97013a8da0fd8f6885b17db2a42ab25b19ddfdf52e8fcbc8652f7f86a4a96cb,0fcbe56867e1865cf3743ffac95ee6934c3a42db582868c86348a2ad7290185e,"{""circuit"":""surface_code:rotated_memory_x"",""cluster_node_limit"":50,""d"":3,""decoder"":""mwpf"",""decoder_type"":""SolverSerialJointSingleHair"",""p"":0.0075,""p_erase"":0.0075,""r"":3,""run_id"":""4bc734d2ac70cf62b78df146e81bdcf5df30d786b05a2eea177a13d890e64669""}",
      1024,        28,         0,   0.098,mwpf__bc6afb301d40de4dda36c86e2bee82ba9a2f3509c5e7adff85dedc84e2a08470,7be39a06112225b5216df3daf93370b2b9c424246e5cfcb6acb1a9865d6e9942,"{""circuit"":""surface_code:rotated_memory_x"",""cluster_node_limit"":50,""d"":3,""decoder"":""mwpf"",""decoder_type"":""SolverSerialJointSingleHair"",""p"":0.02,""p_erase"":0.02,""r"":3,""run_id"":""cbdcd76e4eac6e7ea58eb299d6c7091619bfb5b7954ed0656948ce94e45f36ab""}",
      1244,        20,         0,   0.118,mwpf__bc6afb301d40de4dda36c86e2bee82ba9a2f3509c5e7adff85dedc84e2a08470,7be39a06112225b5216df3daf93370b2b9c424246e5cfcb6acb1a9865d6e9942,"{""circuit"":""surface_code:rotated_memory_x"",""cluster_node_limit"":50,""d"":3,""decoder"":""mwpf"",""decoder_type"":""SolverSerialJointSingleHair"",""p"":0.02,""p_erase"":0.02,""r"":3,""run_id"":""cbdcd76e4eac6e7ea58eb299d6c7091619bfb5b7954ed0656948ce94e45f36ab""}",
       350,         7,         0,   0.032,mwpf__bc6afb301d40de4dda36c86e2bee82ba9a2f3509c5e7adff85dedc84e2a08470,7be39a06112225b5216df3daf93370b2b9c424246e5cfcb6acb1a9865d6e9942,"{""circuit"":""surface_code:rotated_memory_x"",""cluster_node_limit"":50,""d"":3,""decoder"":""mwpf"",""decoder_type"":""SolverSerialJointSingleHair"",""p"":0.02,""p_erase"":0.02,""r"":3,""run_id"":""cbdcd76e4eac6e7ea58eb299d6c7091619bfb5b7954ed0656948ce94e45f36ab""}",
      2048,         2,         0,   0.098,mwpf__b97013a8da0fd8f6885b17db2a42ab25b19ddfdf52e8fcbc8652f7f86a4a96cb,0fcbe56867e1865cf3743ffac95ee6934c3a42db582868c86348a2ad7290185e,"{""circuit"":""surface_code:rotated_memory_x"",""cluster_node_limit"":50,""d"":3,""decoder"":""mwpf"",""decoder_type"":""SolverSerialJointSingleHair"",""p"":0.0075,""p_erase"":0.0075,""r"":3,""run_id"":""4bc734d2ac70cf62b78df146e81bdcf5df30d786b05a2eea177a13d890e64669""}",
      1024,        15,         0,   0.098,mwpf__bc6afb301d40de4dda36c86e2bee82ba9a2f3509c5e7adff85dedc84e2a08470,7be39a06112225b5216df3daf93370b2b9c424246e5cfcb6acb1a9865d6e9942,"{""circuit"":""surface_code:rotated_memory_x"",""cluster_node_limit"":50,""d"":3,""decoder"":""mwpf"",""decoder_type"":""SolverSerialJointSingleHair"",""p"":0.02,""p_erase"":0.02,""r"":3,""run_id"":""cbdcd76e4eac6e7ea58eb299d6c7091619bfb5b7954ed0656948ce94e45f36ab""}",
      1868,         1,         0,   0.086,mwpf__b97013a8da0fd8f6885b17db2a42ab25b19ddfdf52e8fcbc8652f7f86a4a96cb,0fcbe56867e1865cf3743ffac95ee6934c3a42db582868c86348a2ad7290185e,"{""circuit"":""surface_code:rotated_memory_x"",""cluster_node_limit"":50,""d"":3,""decoder"":""mwpf"",""decoder_type"":""SolverSerialJointSingleHair"",""p"":0.0075,""p_erase"":0.0075,""r"":3,""run_id"":""4bc734d2ac70cf62b78df146e81bdcf5df30d786b05a2eea177a13d890e64669""}",
      1024,        14,         0,   0.096,mwpf__bc6afb301d40de4dda36c86e2bee82ba9a2f3509c5e7adff85dedc84e2a08470,7be39a06112225b5216df3daf93370b2b9c424246e5cfcb6acb1a9865d6e9942,"{""circuit"":""surface_code:rotated_memory_x"",""cluster_node_limit"":50,""d"":3,""decoder"":""mwpf"",""decoder_type"":""SolverSerialJointSingleHair"",""p"":0.02,""p_erase"":0.02,""r"":3,""run_id"":""cbdcd76e4eac6e7ea58eb299d6c7091619bfb5b7954ed0656948ce94e45f36ab""}",
      1024,         1,         0,   0.183,mwpf__b97013a8da0fd8f6885b17db2a42ab25b19ddfdf52e8fcbc8652f7f86a4a96cb,0fcbe56867e1865cf3743ffac95ee6934c3a42db582868c86348a2ad7290185e,"{""circuit"":""surface_code:rotated_memory_x"",""cluster_node_limit"":50,""d"":3,""decoder"":""mwpf"",""decoder_type"":""SolverSerialJointSingleHair"",""p"":0.0075,""p_erase"":0.0075,""r"":3,""run_id"":""4bc734d2ac70cf62b78df146e81bdcf5df30d786b05a2eea177a13d890e64669""}",
      1024,        16,         0,   0.098,mwpf__bc6afb301d40de4dda36c86e2bee82ba9a2f3509c5e7adff85dedc84e2a08470,7be39a06112225b5216df3daf93370b2b9c424246e5cfcb6acb1a9865d6e9942,"{""circuit"":""surface_code:rotated_memory_x"",""cluster_node_limit"":50,""d"":3,""decoder"":""mwpf"",""decoder_type"":""SolverSerialJointSingleHair"",""p"":0.02,""p_erase"":0.02,""r"":3,""run_id"":""cbdcd76e4eac6e7ea58eb299d6c7091619bfb5b7954ed0656948ce94e45f36ab""}",
     10240,        14,         0,    1.76,mwpf__b97013a8da0fd8f6885b17db2a42ab25b19ddfdf52e8fcbc8652f7f86a4a96cb,0fcbe56867e1865cf3743ffac95ee6934c3a42db582868c86348a2ad7290185e,"{""circuit"":""surface_code:rotated_memory_x"",""cluster_node_limit"":50,""d"":3,""decoder"":""mwpf"",""decoder_type"":""SolverSerialJointSingleHair"",""p"":0.0075,""p_erase"":0.0075,""r"":3,""run_id"":""4bc734d2ac70cf62b78df146e81bdcf5df30d786b05a2eea177a13d890e64669""}",
      3072,         0,         0,   0.146,mwpf__b97013a8da0fd8f6885b17db2a42ab25b19ddfdf52e8fcbc8652f7f86a4a96cb,0fcbe56867e1865cf3743ffac95ee6934c3a42db582868c86348a2ad7290185e,"{""circuit"":""surface_code:rotated_memory_x"",""cluster_node_limit"":50,""d"":3,""decoder"":""mwpf"",""decoder_type"":""SolverSerialJointSingleHair"",""p"":0.0075,""p_erase"":0.0075,""r"":3,""run_id"":""4bc734d2ac70cf62b78df146e81bdcf5df30d786b05a2eea177a13d890e64669""}",
      8483,         7,         0,   0.393,mwpf__b97013a8da0fd8f6885b17db2a42ab25b19ddfdf52e8fcbc8652f7f86a4a96cb,0fcbe56867e1865cf3743ffac95ee6934c3a42db582868c86348a2ad7290185e,"{""circuit"":""surface_code:rotated_memory_x"",""cluster_node_limit"":50,""d"":3,""decoder"":""mwpf"",""decoder_type"":""SolverSerialJointSingleHair"",""p"":0.0075,""p_erase"":0.0075,""r"":3,""run_id"":""4bc734d2ac70cf62b78df146e81bdcf5df30d786b05a2eea177a13d890e64669""}",
      1024,        12,         0,   0.093,mwpf__bc6afb301d40de4dda36c86e2bee82ba9a2f3509c5e7adff85dedc84e2a08470,7be39a06112225b5216df3daf93370b2b9c424246e5cfcb6acb1a9865d6e9942,"{""circuit"":""surface_code:rotated_memory_x"",""cluster_node_limit"":50,""d"":3,""decoder"":""mwpf"",""decoder_type"":""SolverSerialJointSingleHair"",""p"":0.02,""p_erase"":0.02,""r"":3,""run_id"":""cbdcd76e4eac6e7ea58eb299d6c7091619bfb5b7954ed0656948ce94e45f36ab""}",
      6408,         4,         0,   0.319,mwpf__b97013a8da0fd8f6885b17db2a42ab25b19ddfdf52e8fcbc8652f7f86a4a96cb,0fcbe56867e1865cf3743ffac95ee6934c3a42db582868c86348a2ad7290185e,"{""circuit"":""surface_code:rotated_memory_x"",""cluster_node_limit"":50,""d"":3,""decoder"":""mwpf"",""decoder_type"":""SolverSerialJointSingleHair"",""p"":0.0075,""p_erase"":0.0075,""r"":3,""run_id"":""4bc734d2ac70cf62b78df146e81bdcf5df30d786b05a2eea177a13d890e64669""}",
      2274,        34,         0,   0.208,mwpf__bc6afb301d40de4dda36c86e2bee82ba9a2f3509c5e7adff85dedc84e2a08470,7be39a06112225b5216df3daf93370b2b9c424246e5cfcb6acb1a9865d6e9942,"{""circuit"":""surface_code:rotated_memory_x"",""cluster_node_limit"":50,""d"":3,""decoder"":""mwpf"",""decoder_type"":""SolverSerialJointSingleHair"",""p"":0.02,""p_erase"":0.02,""r"":3,""run_id"":""cbdcd76e4eac6e7ea58eb299d6c7091619bfb5b7954ed0656948ce94e45f36ab""}",
       383,         0,         0,   0.049,mwpf__b97013a8da0fd8f6885b17db2a42ab25b19ddfdf52e8fcbc8652f7f86a4a96cb,0fcbe56867e1865cf3743ffac95ee6934c3a42db582868c86348a2ad7290185e,"{""circuit"":""surface_code:rotated_memory_x"",""cluster_node_limit"":50,""d"":3,""decoder"":""mwpf"",""decoder_type"":""SolverSerialJointSingleHair"",""p"":0.0075,""p_erase"":0.0075,""r"":3,""run_id"":""4bc734d2ac70cf62b78df146e81bdcf5df30d786b05a2eea177a13d890e64669""}",
      1024,        19,         0,   0.096,mwpf__bc6afb301d40de4dda36c86e2bee82ba9a2f3509c5e7adff85dedc84e2a08470,7be39a06112225b5216df3daf93370b2b9c424246e5cfcb6acb1a9865d6e9942,"{""circuit"":""surface_code:rotated_memory_x"",""cluster_node_limit"":50,""d"":3,""decoder"":""mwpf"",""decoder_type"":""SolverSerialJointSingleHair"",""p"":0.02,""p_erase"":0.02,""r"":3,""run_id"":""cbdcd76e4eac6e7ea58eb299d6c7091619bfb5b7954ed0656948ce94e45f36ab""}",
      3298,        69,         0,   0.313,mwpf__bc6afb301d40de4dda36c86e2bee82ba9a2f3509c5e7adff85dedc84e2a08470,7be39a06112225b5216df3daf93370b2b9c424246e5cfcb6acb1a9865d6e9942,"{""circuit"":""surface_code:rotated_memory_x"",""cluster_node_limit"":50,""d"":3,""decoder"":""mwpf"",""decoder_type"":""SolverSerialJointSingleHair"",""p"":0.02,""p_erase"":0.02,""r"":3,""run_id"":""cbdcd76e4eac6e7ea58eb299d6c7091619bfb5b7954ed0656948ce94e45f36ab""}",
      2626,        42,         0,   0.246,mwpf__bc6afb301d40de4dda36c86e2bee82ba9a2f3509c5e7adff85dedc84e2a08470,7be39a06112225b5216df3daf93370b2b9c424246e5cfcb6acb1a9865d6e9942,"{""circuit"":""surface_code:rotated_memory_x"",""cluster_node_limit"":50,""d"":3,""decoder"":""mwpf"",""decoder_type"":""SolverSerialJointSingleHair"",""p"":0.02,""p_erase"":0.02,""r"":3,""run_id"":""cbdcd76e4eac6e7ea58eb299d6c7091619bfb5b7954ed0656948ce94e45f36ab""}",
      6144,         7,         0,   0.306,mwpf__b97013a8da0fd8f6885b17db2a42ab25b19ddfdf52e8fcbc8652f7f86a4a96cb,0fcbe56867e1865cf3743ffac95ee6934c3a42db582868c86348a2ad7290185e,"{""circuit"":""surface_code:rotated_memory_x"",""cluster_node_limit"":50,""d"":3,""decoder"":""mwpf"",""decoder_type"":""SolverSerialJointSingleHair"",""p"":0.0075,""p_erase"":0.0075,""r"":3,""run_id"":""4bc734d2ac70cf62b78df146e81bdcf5df30d786b05a2eea177a13d890e64669""}",
      5120,        77,         0,   0.476,mwpf__bc6afb301d40de4dda36c86e2bee82ba9a2f3509c5e7adff85dedc84e2a08470,7be39a06112225b5216df3daf93370b2b9c424246e5cfcb6acb1a9865d6e9942,"{""circuit"":""surface_code:rotated_memory_x"",""cluster_node_limit"":50,""d"":3,""decoder"":""mwpf"",""decoder_type"":""SolverSerialJointSingleHair"",""p"":0.02,""p_erase"":0.02,""r"":3,""run_id"":""cbdcd76e4eac6e7ea58eb299d6c7091619bfb5b7954ed0656948ce94e45f36ab""}",
      3810,         1,         0,   0.177,mwpf__b97013a8da0fd8f6885b17db2a42ab25b19ddfdf52e8fcbc8652f7f86a4a96cb,0fcbe56867e1865cf3743ffac95ee6934c3a42db582868c86348a2ad7290185e,"{""circuit"":""surface_code:rotated_memory_x"",""cluster_node_limit"":50,""d"":3,""decoder"":""mwpf"",""decoder_type"":""SolverSerialJointSingleHair"",""p"":0.0075,""p_erase"":0.0075,""r"":3,""run_id"":""4bc734d2ac70cf62b78df146e81bdcf5df30d786b05a2eea177a13d890e64669""}",
       264,         0,         0,   0.013,mwpf__b97013a8da0fd8f6885b17db2a42ab25b19ddfdf52e8fcbc8652f7f86a4a96cb,0fcbe56867e1865cf3743ffac95ee6934c3a42db582868c86348a2ad7290185e,"{""circuit"":""surface_code:rotated_memory_x"",""cluster_node_limit"":50,""d"":3,""decoder"":""mwpf"",""decoder_type"":""SolverSerialJointSingleHair"",""p"":0.0075,""p_erase"":0.0075,""r"":3,""run_id"":""4bc734d2ac70cf62b78df146e81bdcf5df30d786b05a2eea177a13d890e64669""}",
        13,         0,         0,   0.002,mwpf__bc6afb301d40de4dda36c86e2bee82ba9a2f3509c5e7adff85dedc84e2a08470,7be39a06112225b5216df3daf93370b2b9c424246e5cfcb6acb1a9865d6e9942,"{""circuit"":""surface_code:rotated_memory_x"",""cluster_node_limit"":50,""d"":3,""decoder"":""mwpf"",""decoder_type"":""SolverSerialJointSingleHair"",""p"":0.02,""p_erase"":0.02,""r"":3,""run_id"":""cbdcd76e4eac6e7ea58eb299d6c7091619bfb5b7954ed0656948ce94e45f36ab""}",
      1024,         3,         0,   0.159,mwpf__b97013a8da0fd8f6885b17db2a42ab25b19ddfdf52e8fcbc8652f7f86a4a96cb,0fcbe56867e1865cf3743ffac95ee6934c3a42db582868c86348a2ad7290185e,"{""circuit"":""surface_code:rotated_memory_x"",""cluster_node_limit"":50,""d"":3,""decoder"":""mwpf"",""decoder_type"":""SolverSerialJointSingleHair"",""p"":0.0075,""p_erase"":0.0075,""r"":3,""run_id"":""4bc734d2ac70cf62b78df146e81bdcf5df30d786b05a2eea177a13d890e64669""}",
      5120,        91,         0,   0.489,mwpf__bc6afb301d40de4dda36c86e2bee82ba9a2f3509c5e7adff85dedc84e2a08470,7be39a06112225b5216df3daf93370b2b9c424246e5cfcb6acb1a9865d6e9942,"{""circuit"":""surface_code:rotated_memory_x"",""cluster_node_limit"":50,""d"":3,""decoder"":""mwpf"",""decoder_type"":""SolverSerialJointSingleHair"",""p"":0.02,""p_erase"":0.02,""r"":3,""run_id"":""cbdcd76e4eac6e7ea58eb299d6c7091619bfb5b7954ed0656948ce94e45f36ab""}",
      2075,         1,         0,   0.097,mwpf__b97013a8da0fd8f6885b17db2a42ab25b19ddfdf52e8fcbc8652f7f86a4a96cb,0fcbe56867e1865cf3743ffac95ee6934c3a42db582868c86348a2ad7290185e,"{""circuit"":""surface_code:rotated_memory_x"",""cluster_node_limit"":50,""d"":3,""decoder"":""mwpf"",""decoder_type"":""SolverSerialJointSingleHair"",""p"":0.0075,""p_erase"":0.0075,""r"":3,""run_id"":""4bc734d2ac70cf62b78df146e81bdcf5df30d786b05a2eea177a13d890e64669""}",
      6144,       106,         0,   0.573,mwpf__bc6afb301d40de4dda36c86e2bee82ba9a2f3509c5e7adff85dedc84e2a08470,7be39a06112225b5216df3daf93370b2b9c424246e5cfcb6acb1a9865d6e9942,"{""circuit"":""surface_code:rotated_memory_x"",""cluster_node_limit"":50,""d"":3,""decoder"":""mwpf"",""decoder_type"":""SolverSerialJointSingleHair"",""p"":0.02,""p_erase"":0.02,""r"":3,""run_id"":""cbdcd76e4eac6e7ea58eb299d6c7091619bfb5b7954ed0656948ce94e45f36ab""}",
       676,        10,         0,   0.065,mwpf__bc6afb301d40de4dda36c86e2bee82ba9a2f3509c5e7adff85dedc84e2a08470,7be39a06112225b5216df3daf93370b2b9c424246e5cfcb6acb1a9865d6e9942,"{""circuit"":""surface_code:rotated_memory_x"",""cluster_node_limit"":50,""d"":3,""decoder"":""mwpf"",""decoder_type"":""SolverSerialJointSingleHair"",""p"":0.02,""p_erase"":0.02,""r"":3,""run_id"":""cbdcd76e4eac6e7ea58eb299d6c7091619bfb5b7954ed0656948ce94e45f36ab""}",
      1051,         0,         0,   0.048,mwpf__b97013a8da0fd8f6885b17db2a42ab25b19ddfdf52e8fcbc8652f7f86a4a96cb,0fcbe56867e1865cf3743ffac95ee6934c3a42db582868c86348a2ad7290185e,"{""circuit"":""surface_code:rotated_memory_x"",""cluster_node_limit"":50,""d"":3,""decoder"":""mwpf"",""decoder_type"":""SolverSerialJointSingleHair"",""p"":0.0075,""p_erase"":0.0075,""r"":3,""run_id"":""4bc734d2ac70cf62b78df146e81bdcf5df30d786b05a2eea177a13d890e64669""}",
       161,         5,         0,   0.022,mwpf__bc6afb301d40de4dda36c86e2bee82ba9a2f3509c5e7adff85dedc84e2a08470,7be39a06112225b5216df3daf93370b2b9c424246e5cfcb6acb1a9865d6e9942,"{""circuit"":""surface_code:rotated_memory_x"",""cluster_node_limit"":50,""d"":3,""decoder"":""mwpf"",""decoder_type"":""SolverSerialJointSingleHair"",""p"":0.02,""p_erase"":0.02,""r"":3,""run_id"":""cbdcd76e4eac6e7ea58eb299d6c7091619bfb5b7954ed0656948ce94e45f36ab""}",
       676,         6,         0,   0.066,mwpf__bc6afb301d40de4dda36c86e2bee82ba9a2f3509c5e7adff85dedc84e2a08470,7be39a06112225b5216df3daf93370b2b9c424246e5cfcb6acb1a9865d6e9942,"{""circuit"":""surface_code:rotated_memory_x"",""cluster_node_limit"":50,""d"":3,""decoder"":""mwpf"",""decoder_type"":""SolverSerialJointSingleHair"",""p"":0.02,""p_erase"":0.02,""r"":3,""run_id"":""cbdcd76e4eac6e7ea58eb299d6c7091619bfb5b7954ed0656948ce94e45f36ab""}",
      4096,         1,         0,   0.196,mwpf__b97013a8da0fd8f6885b17db2a42ab25b19ddfdf52e8fcbc8652f7f86a4a96cb,0fcbe56867e1865cf3743ffac95ee6934c3a42db582868c86348a2ad7290185e,"{""circuit"":""surface_code:rotated_memory_x"",""cluster_node_limit"":50,""d"":3,""decoder"":""mwpf"",""decoder_type"":""SolverSerialJointSingleHair"",""p"":0.0075,""p_erase"":0.0075,""r"":3,""run_id"":""4bc734d2ac70cf62b78df146e81bdcf5df30d786b05a2eea177a13d890e64669""}",
       273,         1,         0,   0.013,mwpf__b97013a8da0fd8f6885b17db2a42ab25b19ddfdf52e8fcbc8652f7f86a4a96cb,0fcbe56867e1865cf3743ffac95ee6934c3a42db582868c86348a2ad7290185e,"{""circuit"":""surface_code:rotated_memory_x"",""cluster_node_limit"":50,""d"":3,""decoder"":""mwpf"",""decoder_type"":""SolverSerialJointSingleHair"",""p"":0.0075,""p_erase"":0.0075,""r"":3,""run_id"":""4bc734d2ac70cf62b78df146e81bdcf5df30d786b05a2eea177a13d890e64669""}",
      2048,        32,         0,   0.188,mwpf__bc6afb301d40de4dda36c86e2bee82ba9a2f3509c5e7adff85dedc84e2a08470,7be39a06112225b5216df3daf93370b2b9c424246e5cfcb6acb1a9865d6e9942,"{""circuit"":""surface_code:rotated_memory_x"",""cluster_node_limit"":50,""d"":3,""decoder"":""mwpf"",""decoder_type"":""SolverSerialJointSingleHair"",""p"":0.02,""p_erase"":0.02,""r"":3,""run_id"":""cbdcd76e4eac6e7ea58eb299d6c7091619bfb5b7954ed0656948ce94e45f36ab""}",
       551,         8,         0,   0.052,mwpf__bc6afb301d40de4dda36c86e2bee82ba9a2f3509c5e7adff85dedc84e2a08470,7be39a06112225b5216df3daf93370b2b9c424246e5cfcb6acb1a9865d6e9942,"{""circuit"":""surface_code:rotated_memory_x"",""cluster_node_limit"":50,""d"":3,""decoder"":""mwpf"",""decoder_type"":""SolverSerialJointSingleHair"",""p"":0.02,""p_erase"":0.02,""r"":3,""run_id"":""cbdcd76e4eac6e7ea58eb299d6c7091619bfb5b7954ed0656948ce94e45f36ab""}",
       181,         0,         0,   0.009,mwpf__b97013a8da0fd8f6885b17db2a42ab25b19ddfdf52e8fcbc8652f7f86a4a96cb,0fcbe56867e1865cf3743ffac95ee6934c3a42db582868c86348a2ad7290185e,"{""circuit"":""surface_code:rotated_memory_x"",""cluster_node_limit"":50,""d"":3,""decoder"":""mwpf"",""decoder_type"":""SolverSerialJointSingleHair"",""p"":0.0075,""p_erase"":0.0075,""r"":3,""run_id"":""4bc734d2ac70cf62b78df146e81bdcf5df30d786b05a2eea177a13d890e64669""}",
       899,        11,         0,   0.084,mwpf__bc6afb301d40de4dda36c86e2bee82ba9a2f3509c5e7adff85dedc84e2a08470,7be39a06112225b5216df3daf93370b2b9c424246e5cfcb6acb1a9865d6e9942,"{""circuit"":""surface_code:rotated_memory_x"",""cluster_node_limit"":50,""d"":3,""decoder"":""mwpf"",""decoder_type"":""SolverSerialJointSingleHair"",""p"":0.02,""p_erase"":0.02,""r"":3,""run_id"":""cbdcd76e4eac6e7ea58eb299d6c7091619bfb5b7954ed0656948ce94e45f36ab""}",
       273,         0,         0,   0.013,mwpf__b97013a8da0fd8f6885b17db2a42ab25b19ddfdf52e8fcbc8652f7f86a4a96cb,0fcbe56867e1865cf3743ffac95ee6934c3a42db582868c86348a2ad7290185e,"{""circuit"":""surface_code:rotated_memory_x"",""cluster_node_limit"":50,""d"":3,""decoder"":""mwpf"",""decoder_type"":""SolverSerialJointSingleHair"",""p"":0.0075,""p_erase"":0.0075,""r"":3,""run_id"":""4bc734d2ac70cf62b78df146e81bdcf5df30d786b05a2eea177a13d890e64669""}",
       273,         4,         0,   0.025,mwpf__bc6afb301d40de4dda36c86e2bee82ba9a2f3509c5e7adff85dedc84e2a08470,7be39a06112225b5216df3daf93370b2b9c424246e5cfcb6acb1a9865d6e9942,"{""circuit"":""surface_code:rotated_memory_x"",""cluster_node_limit"":50,""d"":3,""decoder"":""mwpf"",""decoder_type"":""SolverSerialJointSingleHair"",""p"":0.02,""p_erase"":0.02,""r"":3,""run_id"":""cbdcd76e4eac6e7ea58eb299d6c7091619bfb5b7954ed0656948ce94e45f36ab""}",
       273,         4,         0,   0.026,mwpf__bc6afb301d40de4dda36c86e2bee82ba9a2f3509c5e7adff85dedc84e2a08470,7be39a06112225b5216df3daf93370b2b9c424246e5cfcb6acb1a9865d6e9942,"{""circuit"":""surface_code:rotated_memory_x"",""cluster_node_limit"":50,""d"":3,""decoder"":""mwpf"",""decoder_type"":""SolverSerialJointSingleHair"",""p"":0.02,""p_erase"":0.02,""r"":3,""run_id"":""cbdcd76e4eac6e7ea58eb299d6c7091619bfb5b7954ed0656948ce94e45f36ab""}",
      1024,         0,         0,   0.115,mwpf__b97013a8da0fd8f6885b17db2a42ab25b19ddfdf52e8fcbc8652f7f86a4a96cb,0fcbe56867e1865cf3743ffac95ee6934c3a42db582868c86348a2ad7290185e,"{""circuit"":""surface_code:rotated_memory_x"",""cluster_node_limit"":50,""d"":3,""decoder"":""mwpf"",""decoder_type"":""SolverSerialJointSingleHair"",""p"":0.0075,""p_erase"":0.0075,""r"":3,""run_id"":""4bc734d2ac70cf62b78df146e81bdcf5df30d786b05a2eea177a13d890e64669""}",
      2048,        39,         0,   0.192,mwpf__bc6afb301d40de4dda36c86e2bee82ba9a2f3509c5e7adff85dedc84e2a08470,7be39a06112225b5216df3daf93370b2b9c424246e5cfcb6acb1a9865d6e9942,"{""circuit"":""surface_code:rotated_memory_x"",""cluster_node_limit"":50,""d"":3,""decoder"":""mwpf"",""decoder_type"":""SolverSerialJointSingleHair"",""p"":0.02,""p_erase"":0.02,""r"":3,""run_id"":""cbdcd76e4eac6e7ea58eb299d6c7091619bfb5b7954ed0656948ce94e45f36ab""}",
      1579,         2,         0,   0.106,mwpf__b97013a8da0fd8f6885b17db2a42ab25b19ddfdf52e8fcbc8652f7f86a4a96cb,0fcbe56867e1865cf3743ffac95ee6934c3a42db582868c86348a2ad7290185e,"{""circuit"":""surface_code:rotated_memory_x"",""cluster_node_limit"":50,""d"":3,""decoder"":""mwpf"",""decoder_type"":""SolverSerialJointSingleHair"",""p"":0.0075,""p_erase"":0.0075,""r"":3,""run_id"":""4bc734d2ac70cf62b78df146e81bdcf5df30d786b05a2eea177a13d890e64669""}",
      1024,         0,         0,   0.048,mwpf__b97013a8da0fd8f6885b17db2a42ab25b19ddfdf52e8fcbc8652f7f86a4a96cb,0fcbe56867e1865cf3743ffac95ee6934c3a42db582868c86348a2ad7290185e,"{""circuit"":""surface_code:rotated_memory_x"",""cluster_node_limit"":50,""d"":3,""decoder"":""mwpf"",""decoder_type"":""SolverSerialJointSingleHair"",""p"":0.0075,""p_erase"":0.0075,""r"":3,""run_id"":""4bc734d2ac70cf62b78df146e81bdcf5df30d786b05a2eea177a13d890e64669""}",
       512,         7,         0,   0.047,mwpf__bc6afb301d40de4dda36c86e2bee82ba9a2f3509c5e7adff85dedc84e2a08470,7be39a06112225b5216df3daf93370b2b9c424246e5cfcb6acb1a9865d6e9942,"{""circuit"":""surface_code:rotated_memory_x"",""cluster_node_limit"":50,""d"":3,""decoder"":""mwpf"",""decoder_type"":""SolverSerialJointSingleHair"",""p"":0.02,""p_erase"":0.02,""r"":3,""run_id"":""cbdcd76e4eac6e7ea58eb299d6c7091619bfb5b7954ed0656948ce94e45f36ab""}",
      1024,         2,         0,   0.049,mwpf__b97013a8da0fd8f6885b17db2a42ab25b19ddfdf52e8fcbc8652f7f86a4a96cb,0fcbe56867e1865cf3743ffac95ee6934c3a42db582868c86348a2ad7290185e,"{""circuit"":""surface_code:rotated_memory_x"",""cluster_node_limit"":50,""d"":3,""decoder"":""mwpf"",""decoder_type"":""SolverSerialJointSingleHair"",""p"":0.0075,""p_erase"":0.0075,""r"":3,""run_id"":""4bc734d2ac70cf62b78df146e81bdcf5df30d786b05a2eea177a13d890e64669""}",
        68,         3,         0,   0.007,mwpf__bc6afb301d40de4dda36c86e2bee82ba9a2f3509c5e7adff85dedc84e2a08470,7be39a06112225b5216df3daf93370b2b9c424246e5cfcb6acb1a9865d6e9942,"{""circuit"":""surface_code:rotated_memory_x"",""cluster_node_limit"":50,""d"":3,""decoder"":""mwpf"",""decoder_type"":""SolverSerialJointSingleHair"",""p"":0.02,""p_erase"":0.02,""r"":3,""run_id"":""cbdcd76e4eac6e7ea58eb299d6c7091619bfb5b7954ed0656948ce94e45f36ab""}",
       781,         0,         0,   0.059,mwpf__b97013a8da0fd8f6885b17db2a42ab25b19ddfdf52e8fcbc8652f7f86a4a96cb,0fcbe56867e1865cf3743ffac95ee6934c3a42db582868c86348a2ad7290185e,"{""circuit"":""surface_code:rotated_memory_x"",""cluster_node_limit"":50,""d"":3,""decoder"":""mwpf"",""decoder_type"":""SolverSerialJointSingleHair"",""p"":0.0075,""p_erase"":0.0075,""r"":3,""run_id"":""4bc734d2ac70cf62b78df146e81bdcf5df30d786b05a2eea177a13d890e64669""}",
      1670,         2,         0,   0.077,mwpf__b97013a8da0fd8f6885b17db2a42ab25b19ddfdf52e8fcbc8652f7f86a4a96cb,0fcbe56867e1865cf3743ffac95ee6934c3a42db582868c86348a2ad7290185e,"{""circuit"":""surface_code:rotated_memory_x"",""cluster_node_limit"":50,""d"":3,""decoder"":""mwpf"",""decoder_type"":""SolverSerialJointSingleHair"",""p"":0.0075,""p_erase"":0.0075,""r"":3,""run_id"":""4bc734d2ac70cf62b78df146e81bdcf5df30d786b05a2eea177a13d890e64669""}",
       372,         0,         0,   0.017,mwpf__b97013a8da0fd8f6885b17db2a42ab25b19ddfdf52e8fcbc8652f7f86a4a96cb,0fcbe56867e1865cf3743ffac95ee6934c3a42db582868c86348a2ad7290185e,"{""circuit"":""surface_code:rotated_memory_x"",""cluster_node_limit"":50,""d"":3,""decoder"":""mwpf"",""decoder_type"":""SolverSerialJointSingleHair"",""p"":0.0075,""p_erase"":0.0075,""r"":3,""run_id"":""4bc734d2ac70cf62b78df146e81bdcf5df30d786b05a2eea177a13d890e64669""}",
      2075,         1,         0,   0.238,mwpf__b97013a8da0fd8f6885b17db2a42ab25b19ddfdf52e8fcbc8652f7f86a4a96cb,0fcbe56867e1865cf3743ffac95ee6934c3a42db582868c86348a2ad7290185e,"{""circuit"":""surface_code:rotated_memory_x"",""cluster_node_limit"":50,""d"":3,""decoder"":""mwpf"",""decoder_type"":""SolverSerialJointSingleHair"",""p"":0.0075,""p_erase"":0.0075,""r"":3,""run_id"":""4bc734d2ac70cf62b78df146e81bdcf5df30d786b05a2eea177a13d890e64669""}",
      1024,         2,         0,   0.049,mwpf__b97013a8da0fd8f6885b17db2a42ab25b19ddfdf52e8fcbc8652f7f86a4a96cb,0fcbe56867e1865cf3743ffac95ee6934c3a42db582868c86348a2ad7290185e,"{""circuit"":""surface_code:rotated_memory_x"",""cluster_node_limit"":50,""d"":3,""decoder"":""mwpf"",""decoder_type"":""SolverSerialJointSingleHair"",""p"":0.0075,""p_erase"":0.0075,""r"":3,""run_id"":""4bc734d2ac70cf62b78df146e81bdcf5df30d786b05a2eea177a13d890e64669""}",
      1024,         1,         0,   0.048,mwpf__b97013a8da0fd8f6885b17db2a42ab25b19ddfdf52e8fcbc8652f7f86a4a96cb,0fcbe56867e1865cf3743ffac95ee6934c3a42db582868c86348a2ad7290185e,"{""circuit"":""surface_code:rotated_memory_x"",""cluster_node_limit"":50,""d"":3,""decoder"":""mwpf"",""decoder_type"":""SolverSerialJointSingleHair"",""p"":0.0075,""p_erase"":0.0075,""r"":3,""run_id"":""4bc734d2ac70cf62b78df146e81bdcf5df30d786b05a2eea177a13d890e64669""}",
      1024,        15,         0,   0.096,mwpf__bc6afb301d40de4dda36c86e2bee82ba9a2f3509c5e7adff85dedc84e2a08470,7be39a06112225b5216df3daf93370b2b9c424246e5cfcb6acb1a9865d6e9942,"{""circuit"":""surface_code:rotated_memory_x"",""cluster_node_limit"":50,""d"":3,""decoder"":""mwpf"",""decoder_type"":""SolverSerialJointSingleHair"",""p"":0.02,""p_erase"":0.02,""r"":3,""run_id"":""cbdcd76e4eac6e7ea58eb299d6c7091619bfb5b7954ed0656948ce94e45f36ab""}",
      1024,        16,         0,   0.095,mwpf__bc6afb301d40de4dda36c86e2bee82ba9a2f3509c5e7adff85dedc84e2a08470,7be39a06112225b5216df3daf93370b2b9c424246e5cfcb6acb1a9865d6e9942,"{""circuit"":""surface_code:rotated_memory_x"",""cluster_node_limit"":50,""d"":3,""decoder"":""mwpf"",""decoder_type"":""SolverSerialJointSingleHair"",""p"":0.02,""p_erase"":0.02,""r"":3,""run_id"":""cbdcd76e4eac6e7ea58eb299d6c7091619bfb5b7954ed0656948ce94e45f36ab""}",
      2390,        42,         0,   0.228,mwpf__bc6afb301d40de4dda36c86e2bee82ba9a2f3509c5e7adff85dedc84e2a08470,7be39a06112225b5216df3daf93370b2b9c424246e5cfcb6acb1a9865d6e9942,"{""circuit"":""surface_code:rotated_memory_x"",""cluster_node_limit"":50,""d"":3,""decoder"":""mwpf"",""decoder_type"":""SolverSerialJointSingleHair"",""p"":0.02,""p_erase"":0.02,""r"":3,""run_id"":""cbdcd76e4eac6e7ea58eb299d6c7091619bfb5b7954ed0656948ce94e45f36ab""}",
      1632,         1,         0,   0.076,mwpf__b97013a8da0fd8f6885b17db2a42ab25b19ddfdf52e8fcbc8652f7f86a4a96cb,0fcbe56867e1865cf3743ffac95ee6934c3a42db582868c86348a2ad7290185e,"{""circuit"":""surface_code:rotated_memory_x"",""cluster_node_limit"":50,""d"":3,""decoder"":""mwpf"",""decoder_type"":""SolverSerialJointSingleHair"",""p"":0.0075,""p_erase"":0.0075,""r"":3,""run_id"":""4bc734d2ac70cf62b78df146e81bdcf5df30d786b05a2eea177a13d890e64669""}",
      3367,         4,         0,   0.156,mwpf__b97013a8da0fd8f6885b17db2a42ab25b19ddfdf52e8fcbc8652f7f86a4a96cb,0fcbe56867e1865cf3743ffac95ee6934c3a42db582868c86348a2ad7290185e,"{""circuit"":""surface_code:rotated_memory_x"",""cluster_node_limit"":50,""d"":3,""decoder"":""mwpf"",""decoder_type"":""SolverSerialJointSingleHair"",""p"":0.0075,""p_erase"":0.0075,""r"":3,""run_id"":""4bc734d2ac70cf62b78df146e81bdcf5df30d786b05a2eea177a13d890e64669""}",
      1566,        22,         0,   0.148,mwpf__bc6afb301d40de4dda36c86e2bee82ba9a2f3509c5e7adff85dedc84e2a08470,7be39a06112225b5216df3daf93370b2b9c424246e5cfcb6acb1a9865d6e9942,"{""circuit"":""surface_code:rotated_memory_x"",""cluster_node_limit"":50,""d"":3,""decoder"":""mwpf"",""decoder_type"":""SolverSerialJointSingleHair"",""p"":0.02,""p_erase"":0.02,""r"":3,""run_id"":""cbdcd76e4eac6e7ea58eb299d6c7091619bfb5b7954ed0656948ce94e45f36ab""}",
      1024,         0,         0,   0.049,mwpf__b97013a8da0fd8f6885b17db2a42ab25b19ddfdf52e8fcbc8652f7f86a4a96cb,0fcbe56867e1865cf3743ffac95ee6934c3a42db582868c86348a2ad7290185e,"{""circuit"":""surface_code:rotated_memory_x"",""cluster_node_limit"":50,""d"":3,""decoder"":""mwpf"",""decoder_type"":""SolverSerialJointSingleHair"",""p"":0.0075,""p_erase"":0.0075,""r"":3,""run_id"":""4bc734d2ac70cf62b78df146e81bdcf5df30d786b05a2eea177a13d890e64669""}",
      1024,         0,         0,   0.119,mwpf__b97013a8da0fd8f6885b17db2a42ab25b19ddfdf52e8fcbc8652f7f86a4a96cb,0fcbe56867e1865cf3743ffac95ee6934c3a42db582868c86348a2ad7290185e,"{""circuit"":""surface_code:rotated_memory_x"",""cluster_node_limit"":50,""d"":3,""decoder"":""mwpf"",""decoder_type"":""SolverSerialJointSingleHair"",""p"":0.0075,""p_erase"":0.0075,""r"":3,""run_id"":""4bc734d2ac70cf62b78df146e81bdcf5df30d786b05a2eea177a13d890e64669""}",
      4096,         4,         0,   0.550,mwpf__b97013a8da0fd8f6885b17db2a42ab25b19ddfdf52e8fcbc8652f7f86a4a96cb,0fcbe56867e1865cf3743ffac95ee6934c3a42db582868c86348a2ad7290185e,"{""circuit"":""surface_code:rotated_memory_x"",""cluster_node_limit"":50,""d"":3,""decoder"":""mwpf"",""decoder_type"":""SolverSerialJointSingleHair"",""p"":0.0075,""p_erase"":0.0075,""r"":3,""run_id"":""4bc734d2ac70cf62b78df146e81bdcf5df30d786b05a2eea177a13d890e64669""}",
      1024,         1,         0,   0.049,mwpf__b97013a8da0fd8f6885b17db2a42ab25b19ddfdf52e8fcbc8652f7f86a4a96cb,0fcbe56867e1865cf3743ffac95ee6934c3a42db582868c86348a2ad7290185e,"{""circuit"":""surface_code:rotated_memory_x"",""cluster_node_limit"":50,""d"":3,""decoder"":""mwpf"",""decoder_type"":""SolverSerialJointSingleHair"",""p"":0.0075,""p_erase"":0.0075,""r"":3,""run_id"":""4bc734d2ac70cf62b78df146e81bdcf5df30d786b05a2eea177a13d890e64669""}",
      3072,         4,         0,   0.142,mwpf__b97013a8da0fd8f6885b17db2a42ab25b19ddfdf52e8fcbc8652f7f86a4a96cb,0fcbe56867e1865cf3743ffac95ee6934c3a42db582868c86348a2ad7290185e,"{""circuit"":""surface_code:rotated_memory_x"",""cluster_node_limit"":50,""d"":3,""decoder"":""mwpf"",""decoder_type"":""SolverSerialJointSingleHair"",""p"":0.0075,""p_erase"":0.0075,""r"":3,""run_id"":""4bc734d2ac70cf62b78df146e81bdcf5df30d786b05a2eea177a13d890e64669""}",
       667,        12,         0,   0.061,mwpf__bc6afb301d40de4dda36c86e2bee82ba9a2f3509c5e7adff85dedc84e2a08470,7be39a06112225b5216df3daf93370b2b9c424246e5cfcb6acb1a9865d6e9942,"{""circuit"":""surface_code:rotated_memory_x"",""cluster_node_limit"":50,""d"":3,""decoder"":""mwpf"",""decoder_type"":""SolverSerialJointSingleHair"",""p"":0.02,""p_erase"":0.02,""r"":3,""run_id"":""cbdcd76e4eac6e7ea58eb299d6c7091619bfb5b7954ed0656948ce94e45f36ab""}",
      1828,         1,         0,   0.121,mwpf__b97013a8da0fd8f6885b17db2a42ab25b19ddfdf52e8fcbc8652f7f86a4a96cb,0fcbe56867e1865cf3743ffac95ee6934c3a42db582868c86348a2ad7290185e,"{""circuit"":""surface_code:rotated_memory_x"",""cluster_node_limit"":50,""d"":3,""decoder"":""mwpf"",""decoder_type"":""SolverSerialJointSingleHair"",""p"":0.0075,""p_erase"":0.0075,""r"":3,""run_id"":""4bc734d2ac70cf62b78df146e81bdcf5df30d786b05a2eea177a13d890e64669""}",
       631,         0,         0,   0.031,mwpf__b97013a8da0fd8f6885b17db2a42ab25b19ddfdf52e8fcbc8652f7f86a4a96cb,0fcbe56867e1865cf3743ffac95ee6934c3a42db582868c86348a2ad7290185e,"{""circuit"":""surface_code:rotated_memory_x"",""cluster_node_limit"":50,""d"":3,""decoder"":""mwpf"",""decoder_type"":""SolverSerialJointSingleHair"",""p"":0.0075,""p_erase"":0.0075,""r"":3,""run_id"":""4bc734d2ac70cf62b78df146e81bdcf5df30d786b05a2eea177a13d890e64669""}",
       378,         0,         0,   0.018,mwpf__b97013a8da0fd8f6885b17db2a42ab25b19ddfdf52e8fcbc8652f7f86a4a96cb,0fcbe56867e1865cf3743ffac95ee6934c3a42db582868c86348a2ad7290185e,"{""circuit"":""surface_code:rotated_memory_x"",""cluster_node_limit"":50,""d"":3,""decoder"":""mwpf"",""decoder_type"":""SolverSerialJointSingleHair"",""p"":0.0075,""p_erase"":0.0075,""r"":3,""run_id"":""4bc734d2ac70cf62b78df146e81bdcf5df30d786b05a2eea177a13d890e64669""}",
       768,         0,         0,   0.035,mwpf__b97013a8da0fd8f6885b17db2a42ab25b19ddfdf52e8fcbc8652f7f86a4a96cb,0fcbe56867e1865cf3743ffac95ee6934c3a42db582868c86348a2ad7290185e,"{""circuit"":""surface_code:rotated_memory_x"",""cluster_node_limit"":50,""d"":3,""decoder"":""mwpf"",""decoder_type"":""SolverSerialJointSingleHair"",""p"":0.0075,""p_erase"":0.0075,""r"":3,""run_id"":""4bc734d2ac70cf62b78df146e81bdcf5df30d786b05a2eea177a13d890e64669""}",
       295,         0,         0,   0.014,mwpf__b97013a8da0fd8f6885b17db2a42ab25b19ddfdf52e8fcbc8652f7f86a4a96cb,0fcbe56867e1865cf3743ffac95ee6934c3a42db582868c86348a2ad7290185e,"{""circuit"":""surface_code:rotated_memory_x"",""cluster_node_limit"":50,""d"":3,""decoder"":""mwpf"",""decoder_type"":""SolverSerialJointSingleHair"",""p"":0.0075,""p_erase"":0.0075,""r"":3,""run_id"":""4bc734d2ac70cf62b78df146e81bdcf5df30d786b05a2eea177a13d890e64669""}",
      2023,        43,         0,   0.187,mwpf__bc6afb301d40de4dda36c86e2bee82ba9a2f3509c5e7adff85dedc84e2a08470,7be39a06112225b5216df3daf93370b2b9c424246e5cfcb6acb1a9865d6e9942,"{""circuit"":""surface_code:rotated_memory_x"",""cluster_node_limit"":50,""d"":3,""decoder"":""mwpf"",""decoder_type"":""SolverSerialJointSingleHair"",""p"":0.02,""p_erase"":0.02,""r"":3,""run_id"":""cbdcd76e4eac6e7ea58eb299d6c7091619bfb5b7954ed0656948ce94e45f36ab""}",
       478,        10,         0,   0.044,mwpf__bc6afb301d40de4dda36c86e2bee82ba9a2f3509c5e7adff85dedc84e2a08470,7be39a06112225b5216df3daf93370b2b9c424246e5cfcb6acb1a9865d6e9942,"{""circuit"":""surface_code:rotated_memory_x"",""cluster_node_limit"":50,""d"":3,""decoder"":""mwpf"",""decoder_type"":""SolverSerialJointSingleHair"",""p"":0.02,""p_erase"":0.02,""r"":3,""run_id"":""cbdcd76e4eac6e7ea58eb299d6c7091619bfb5b7954ed0656948ce94e45f36ab""}",
      2048,        40,         0,   0.191,mwpf__bc6afb301d40de4dda36c86e2bee82ba9a2f3509c5e7adff85dedc84e2a08470,7be39a06112225b5216df3daf93370b2b9c424246e5cfcb6acb1a9865d6e9942,"{""circuit"":""surface_code:rotated_memory_x"",""cluster_node_limit"":50,""d"":3,""decoder"":""mwpf"",""decoder_type"":""SolverSerialJointSingleHair"",""p"":0.02,""p_erase"":0.02,""r"":3,""run_id"":""cbdcd76e4eac6e7ea58eb299d6c7091619bfb5b7954ed0656948ce94e45f36ab""}",
       726,         0,         0,   0.034,mwpf__b97013a8da0fd8f6885b17db2a42ab25b19ddfdf52e8fcbc8652f7f86a4a96cb,0fcbe56867e1865cf3743ffac95ee6934c3a42db582868c86348a2ad7290185e,"{""circuit"":""surface_code:rotated_memory_x"",""cluster_node_limit"":50,""d"":3,""decoder"":""mwpf"",""decoder_type"":""SolverSerialJointSingleHair"",""p"":0.0075,""p_erase"":0.0075,""r"":3,""run_id"":""4bc734d2ac70cf62b78df146e81bdcf5df30d786b05a2eea177a13d890e64669""}",
       679,         1,         0,   0.074,mwpf__b97013a8da0fd8f6885b17db2a42ab25b19ddfdf52e8fcbc8652f7f86a4a96cb,0fcbe56867e1865cf3743ffac95ee6934c3a42db582868c86348a2ad7290185e,"{""circuit"":""surface_code:rotated_memory_x"",""cluster_node_limit"":50,""d"":3,""decoder"":""mwpf"",""decoder_type"":""SolverSerialJointSingleHair"",""p"":0.0075,""p_erase"":0.0075,""r"":3,""run_id"":""4bc734d2ac70cf62b78df146e81bdcf5df30d786b05a2eea177a13d890e64669""}",
       176,         2,         0,   0.017,mwpf__bc6afb301d40de4dda36c86e2bee82ba9a2f3509c5e7adff85dedc84e2a08470,7be39a06112225b5216df3daf93370b2b9c424246e5cfcb6acb1a9865d6e9942,"{""circuit"":""surface_code:rotated_memory_x"",""cluster_node_limit"":50,""d"":3,""decoder"":""mwpf"",""decoder_type"":""SolverSerialJointSingleHair"",""p"":0.02,""p_erase"":0.02,""r"":3,""run_id"":""cbdcd76e4eac6e7ea58eb299d6c7091619bfb5b7954ed0656948ce94e45f36ab""}",
       633,         9,         0,   0.061,mwpf__bc6afb301d40de4dda36c86e2bee82ba9a2f3509c5e7adff85dedc84e2a08470,7be39a06112225b5216df3daf93370b2b9c424246e5cfcb6acb1a9865d6e9942,"{""circuit"":""surface_code:rotated_memory_x"",""cluster_node_limit"":50,""d"":3,""decoder"":""mwpf"",""decoder_type"":""SolverSerialJointSingleHair"",""p"":0.02,""p_erase"":0.02,""r"":3,""run_id"":""cbdcd76e4eac6e7ea58eb299d6c7091619bfb5b7954ed0656948ce94e45f36ab""}",
       151,         4,         0,   0.015,mwpf__bc6afb301d40de4dda36c86e2bee82ba9a2f3509c5e7adff85dedc84e2a08470,7be39a06112225b5216df3daf93370b2b9c424246e5cfcb6acb1a9865d6e9942,"{""circuit"":""surface_code:rotated_memory_x"",""cluster_node_limit"":50,""d"":3,""decoder"":""mwpf"",""decoder_type"":""SolverSerialJointSingleHair"",""p"":0.02,""p_erase"":0.02,""r"":3,""run_id"":""cbdcd76e4eac6e7ea58eb299d6c7091619bfb5b7954ed0656948ce94e45f36ab""}",
      2199,        44,         0,   0.211,mwpf__bc6afb301d40de4dda36c86e2bee82ba9a2f3509c5e7adff85dedc84e2a08470,7be39a06112225b5216df3daf93370b2b9c424246e5cfcb6acb1a9865d6e9942,"{""circuit"":""surface_code:rotated_memory_x"",""cluster_node_limit"":50,""d"":3,""decoder"":""mwpf"",""decoder_type"":""SolverSerialJointSingleHair"",""p"":0.02,""p_erase"":0.02,""r"":3,""run_id"":""cbdcd76e4eac6e7ea58eb299d6c7091619bfb5b7954ed0656948ce94e45f36ab""}",
      1024,         9,         0,   0.097,mwpf__bc6afb301d40de4dda36c86e2bee82ba9a2f3509c5e7adff85dedc84e2a08470,7be39a06112225b5216df3daf93370b2b9c424246e5cfcb6acb1a9865d6e9942,"{""circuit"":""surface_code:rotated_memory_x"",""cluster_node_limit"":50,""d"":3,""decoder"":""mwpf"",""decoder_type"":""SolverSerialJointSingleHair"",""p"":0.02,""p_erase"":0.02,""r"":3,""run_id"":""cbdcd76e4eac6e7ea58eb299d6c7091619bfb5b7954ed0656948ce94e45f36ab""}",
       239,         3,         0,   0.022,mwpf__bc6afb301d40de4dda36c86e2bee82ba9a2f3509c5e7adff85dedc84e2a08470,7be39a06112225b5216df3daf93370b2b9c424246e5cfcb6acb1a9865d6e9942,"{""circuit"":""surface_code:rotated_memory_x"",""cluster_node_limit"":50,""d"":3,""decoder"":""mwpf"",""decoder_type"":""SolverSerialJointSingleHair"",""p"":0.02,""p_erase"":0.02,""r"":3,""run_id"":""cbdcd76e4eac6e7ea58eb299d6c7091619bfb5b7954ed0656948ce94e45f36ab""}",
      2199,        36,         0,   0.210,mwpf__bc6afb301d40de4dda36c86e2bee82ba9a2f3509c5e7adff85dedc84e2a08470,7be39a06112225b5216df3daf93370b2b9c424246e5cfcb6acb1a9865d6e9942,"{""circuit"":""surface_code:rotated_memory_x"",""cluster_node_limit"":50,""d"":3,""decoder"":""mwpf"",""decoder_type"":""SolverSerialJointSingleHair"",""p"":0.02,""p_erase"":0.02,""r"":3,""run_id"":""cbdcd76e4eac6e7ea58eb299d6c7091619bfb5b7954ed0656948ce94e45f36ab""}",
      1024,        21,         0,   0.096,mwpf__bc6afb301d40de4dda36c86e2bee82ba9a2f3509c5e7adff85dedc84e2a08470,7be39a06112225b5216df3daf93370b2b9c424246e5cfcb6acb1a9865d6e9942,"{""circuit"":""surface_code:rotated_memory_x"",""cluster_node_limit"":50,""d"":3,""decoder"":""mwpf"",""decoder_type"":""SolverSerialJointSingleHair"",""p"":0.02,""p_erase"":0.02,""r"":3,""run_id"":""cbdcd76e4eac6e7ea58eb299d6c7091619bfb5b7954ed0656948ce94e45f36ab""}",
       218,         0,         0,   0.020,mwpf__bc6afb301d40de4dda36c86e2bee82ba9a2f3509c5e7adff85dedc84e2a08470,7be39a06112225b5216df3daf93370b2b9c424246e5cfcb6acb1a9865d6e9942,"{""circuit"":""surface_code:rotated_memory_x"",""cluster_node_limit"":50,""d"":3,""decoder"":""mwpf"",""decoder_type"":""SolverSerialJointSingleHair"",""p"":0.02,""p_erase"":0.02,""r"":3,""run_id"":""cbdcd76e4eac6e7ea58eb299d6c7091619bfb5b7954ed0656948ce94e45f36ab""}",
       484,         1,         0,   0.058,mwpf__b97013a8da0fd8f6885b17db2a42ab25b19ddfdf52e8fcbc8652f7f86a4a96cb,0fcbe56867e1865cf3743ffac95ee6934c3a42db582868c86348a2ad7290185e,"{""circuit"":""surface_code:rotated_memory_x"",""cluster_node_limit"":50,""d"":3,""decoder"":""mwpf"",""decoder_type"":""SolverSerialJointSingleHair"",""p"":0.0075,""p_erase"":0.0075,""r"":3,""run_id"":""4bc734d2ac70cf62b78df146e81bdcf5df30d786b05a2eea177a13d890e64669""}",
      2048,        33,         0,   0.189,mwpf__bc6afb301d40de4dda36c86e2bee82ba9a2f3509c5e7adff85dedc84e2a08470,7be39a06112225b5216df3daf93370b2b9c424246e5cfcb6acb1a9865d6e9942,"{""circuit"":""surface_code:rotated_memory_x"",""cluster_node_limit"":50,""d"":3,""decoder"":""mwpf"",""decoder_type"":""SolverSerialJointSingleHair"",""p"":0.02,""p_erase"":0.02,""r"":3,""run_id"":""cbdcd76e4eac6e7ea58eb299d6c7091619bfb5b7954ed0656948ce94e45f36ab""}",
       342,         3,         0,   0.033,mwpf__bc6afb301d40de4dda36c86e2bee82ba9a2f3509c5e7adff85dedc84e2a08470,7be39a06112225b5216df3daf93370b2b9c424246e5cfcb6acb1a9865d6e9942,"{""circuit"":""surface_code:rotated_memory_x"",""cluster_node_limit"":50,""d"":3,""decoder"":""mwpf"",""decoder_type"":""SolverSerialJointSingleHair"",""p"":0.02,""p_erase"":0.02,""r"":3,""run_id"":""cbdcd76e4eac6e7ea58eb299d6c7091619bfb5b7954ed0656948ce94e45f36ab""}",
       239,         5,         0,   0.022,mwpf__bc6afb301d40de4dda36c86e2bee82ba9a2f3509c5e7adff85dedc84e2a08470,7be39a06112225b5216df3daf93370b2b9c424246e5cfcb6acb1a9865d6e9942,"{""circuit"":""surface_code:rotated_memory_x"",""cluster_node_limit"":50,""d"":3,""decoder"":""mwpf"",""decoder_type"":""SolverSerialJointSingleHair"",""p"":0.02,""p_erase"":0.02,""r"":3,""run_id"":""cbdcd76e4eac6e7ea58eb299d6c7091619bfb5b7954ed0656948ce94e45f36ab""}",
       239,         7,         0,   0.023,mwpf__bc6afb301d40de4dda36c86e2bee82ba9a2f3509c5e7adff85dedc84e2a08470,7be39a06112225b5216df3daf93370b2b9c424246e5cfcb6acb1a9865d6e9942,"{""circuit"":""surface_code:rotated_memory_x"",""cluster_node_limit"":50,""d"":3,""decoder"":""mwpf"",""decoder_type"":""SolverSerialJointSingleHair"",""p"":0.02,""p_erase"":0.02,""r"":3,""run_id"":""cbdcd76e4eac6e7ea58eb299d6c7091619bfb5b7954ed0656948ce94e45f36ab""}",
       151,         2,         0,   0.013,mwpf__bc6afb301d40de4dda36c86e2bee82ba9a2f3509c5e7adff85dedc84e2a08470,7be39a06112225b5216df3daf93370b2b9c424246e5cfcb6acb1a9865d6e9942,"{""circuit"":""surface_code:rotated_memory_x"",""cluster_node_limit"":50,""d"":3,""decoder"":""mwpf"",""decoder_type"":""SolverSerialJointSingleHair"",""p"":0.02,""p_erase"":0.02,""r"":3,""run_id"":""cbdcd76e4eac6e7ea58eb299d6c7091619bfb5b7954ed0656948ce94e45f36ab""}",
       444,         4,         0,   0.041,mwpf__bc6afb301d40de4dda36c86e2bee82ba9a2f3509c5e7adff85dedc84e2a08470,7be39a06112225b5216df3daf93370b2b9c424246e5cfcb6acb1a9865d6e9942,"{""circuit"":""surface_code:rotated_memory_x"",""cluster_node_limit"":50,""d"":3,""decoder"":""mwpf"",""decoder_type"":""SolverSerialJointSingleHair"",""p"":0.02,""p_erase"":0.02,""r"":3,""run_id"":""cbdcd76e4eac6e7ea58eb299d6c7091619bfb5b7954ed0656948ce94e45f36ab""}",
      1024,         0,         0,   0.108,mwpf__b97013a8da0fd8f6885b17db2a42ab25b19ddfdf52e8fcbc8652f7f86a4a96cb,0fcbe56867e1865cf3743ffac95ee6934c3a42db582868c86348a2ad7290185e,"{""circuit"":""surface_code:rotated_memory_x"",""cluster_node_limit"":50,""d"":3,""decoder"":""mwpf"",""decoder_type"":""SolverSerialJointSingleHair"",""p"":0.0075,""p_erase"":0.0075,""r"":3,""run_id"":""4bc734d2ac70cf62b78df146e81bdcf5df30d786b05a2eea177a13d890e64669""}",
        92,         1,         0,   0.009,mwpf__bc6afb301d40de4dda36c86e2bee82ba9a2f3509c5e7adff85dedc84e2a08470,7be39a06112225b5216df3daf93370b2b9c424246e5cfcb6acb1a9865d6e9942,"{""circuit"":""surface_code:rotated_memory_x"",""cluster_node_limit"":50,""d"":3,""decoder"":""mwpf"",""decoder_type"":""SolverSerialJointSingleHair"",""p"":0.02,""p_erase"":0.02,""r"":3,""run_id"":""cbdcd76e4eac6e7ea58eb299d6c7091619bfb5b7954ed0656948ce94e45f36ab""}",
      1440,        25,         0,   0.136,mwpf__bc6afb301d40de4dda36c86e2bee82ba9a2f3509c5e7adff85dedc84e2a08470,7be39a06112225b5216df3daf93370b2b9c424246e5cfcb6acb1a9865d6e9942,"{""circuit"":""surface_code:rotated_memory_x"",""cluster_node_limit"":50,""d"":3,""decoder"":""mwpf"",""decoder_type"":""SolverSerialJointSingleHair"",""p"":0.02,""p_erase"":0.02,""r"":3,""run_id"":""cbdcd76e4eac6e7ea58eb299d6c7091619bfb5b7954ed0656948ce94e45f36ab""}",
       364,         0,         0,   0.034,mwpf__b97013a8da0fd8f6885b17db2a42ab25b19ddfdf52e8fcbc8652f7f86a4a96cb,0fcbe56867e1865cf3743ffac95ee6934c3a42db582868c86348a2ad7290185e,"{""circuit"":""surface_code:rotated_memory_x"",""cluster_node_limit"":50,""d"":3,""decoder"":""mwpf"",""decoder_type"":""SolverSerialJointSingleHair"",""p"":0.0075,""p_erase"":0.0075,""r"":3,""run_id"":""4bc734d2ac70cf62b78df146e81bdcf5df30d786b05a2eea177a13d890e64669""}",
      1024,        23,         0,   0.099,mwpf__bc6afb301d40de4dda36c86e2bee82ba9a2f3509c5e7adff85dedc84e2a08470,7be39a06112225b5216df3daf93370b2b9c424246e5cfcb6acb1a9865d6e9942,"{""circuit"":""surface_code:rotated_memory_x"",""cluster_node_limit"":50,""d"":3,""decoder"":""mwpf"",""decoder_type"":""SolverSerialJointSingleHair"",""p"":0.02,""p_erase"":0.02,""r"":3,""run_id"":""cbdcd76e4eac6e7ea58eb299d6c7091619bfb5b7954ed0656948ce94e45f36ab""}",
      1024,        15,         0,   0.095,mwpf__bc6afb301d40de4dda36c86e2bee82ba9a2f3509c5e7adff85dedc84e2a08470,7be39a06112225b5216df3daf93370b2b9c424246e5cfcb6acb1a9865d6e9942,"{""circuit"":""surface_code:rotated_memory_x"",""cluster_node_limit"":50,""d"":3,""decoder"":""mwpf"",""decoder_type"":""SolverSerialJointSingleHair"",""p"":0.02,""p_erase"":0.02,""r"":3,""run_id"":""cbdcd76e4eac6e7ea58eb299d6c7091619bfb5b7954ed0656948ce94e45f36ab""}",
        31,         1,         0,   0.003,mwpf__bc6afb301d40de4dda36c86e2bee82ba9a2f3509c5e7adff85dedc84e2a08470,7be39a06112225b5216df3daf93370b2b9c424246e5cfcb6acb1a9865d6e9942,"{""circuit"":""surface_code:rotated_memory_x"",""cluster_node_limit"":50,""d"":3,""decoder"":""mwpf"",""decoder_type"":""SolverSerialJointSingleHair"",""p"":0.02,""p_erase"":0.02,""r"":3,""run_id"":""cbdcd76e4eac6e7ea58eb299d6c7091619bfb5b7954ed0656948ce94e45f36ab""}",
        79,         1,         0,   0.007,mwpf__bc6afb301d40de4dda36c86e2bee82ba9a2f3509c5e7adff85dedc84e2a08470,7be39a06112225b5216df3daf93370b2b9c424246e5cfcb6acb1a9865d6e9942,"{""circuit"":""surface_code:rotated_memory_x"",""cluster_node_limit"":50,""d"":3,""decoder"":""mwpf"",""decoder_type"":""SolverSerialJointSingleHair"",""p"":0.02,""p_erase"":0.02,""r"":3,""run_id"":""cbdcd76e4eac6e7ea58eb299d6c7091619bfb5b7954ed0656948ce94e45f36ab""}",
        10,         0,         0,   0.002,mwpf__bc6afb301d40de4dda36c86e2bee82ba9a2f3509c5e7adff85dedc84e2a08470,7be39a06112225b5216df3daf93370b2b9c424246e5cfcb6acb1a9865d6e9942,"{""circuit"":""surface_code:rotated_memory_x"",""cluster_node_limit"":50,""d"":3,""decoder"":""mwpf"",""decoder_type"":""SolverSerialJointSingleHair"",""p"":0.02,""p_erase"":0.02,""r"":3,""run_id"":""cbdcd76e4eac6e7ea58eb299d6c7091619bfb5b7954ed0656948ce94e45f36ab""}",
        31,         0,         0,   0.005,mwpf__bc6afb301d40de4dda36c86e2bee82ba9a2f3509c5e7adff85dedc84e2a08470,7be39a06112225b5216df3daf93370b2b9c424246e5cfcb6acb1a9865d6e9942,"{""circuit"":""surface_code:rotated_memory_x"",""cluster_node_limit"":50,""d"":3,""decoder"":""mwpf"",""decoder_type"":""SolverSerialJointSingleHair"",""p"":0.02,""p_erase"":0.02,""r"":3,""run_id"":""cbdcd76e4eac6e7ea58eb299d6c7091619bfb5b7954ed0656948ce94e45f36ab""}",
        28,         0,         0,   0.003,mwpf__bc6afb301d40de4dda36c86e2bee82ba9a2f3509c5e7adff85dedc84e2a08470,7be39a06112225b5216df3daf93370b2b9c424246e5cfcb6acb1a9865d6e9942,"{""circuit"":""surface_code:rotated_memory_x"",""cluster_node_limit"":50,""d"":3,""decoder"":""mwpf"",""decoder_type"":""SolverSerialJointSingleHair"",""p"":0.02,""p_erase"":0.02,""r"":3,""run_id"":""cbdcd76e4eac6e7ea58eb299d6c7091619bfb5b7954ed0656948ce94e45f36ab""}",
        20,         1,         0,   0.004,mwpf__bc6afb301d40de4dda36c86e2bee82ba9a2f3509c5e7adff85dedc84e2a08470,7be39a06112225b5216df3daf93370b2b9c424246e5cfcb6acb1a9865d6e9942,"{""circuit"":""surface_code:rotated_memory_x"",""cluster_node_limit"":50,""d"":3,""decoder"":""mwpf"",""decoder_type"":""SolverSerialJointSingleHair"",""p"":0.02,""p_erase"":0.02,""r"":3,""run_id"":""cbdcd76e4eac6e7ea58eb299d6c7091619bfb5b7954ed0656948ce94e45f36ab""}",
        28,         1,         0,   0.003,mwpf__bc6afb301d40de4dda36c86e2bee82ba9a2f3509c5e7adff85dedc84e2a08470,7be39a06112225b5216df3daf93370b2b9c424246e5cfcb6acb1a9865d6e9942,"{""circuit"":""surface_code:rotated_memory_x"",""cluster_node_limit"":50,""d"":3,""decoder"":""mwpf"",""decoder_type"":""SolverSerialJointSingleHair"",""p"":0.02,""p_erase"":0.02,""r"":3,""run_id"":""cbdcd76e4eac6e7ea58eb299d6c7091619bfb5b7954ed0656948ce94e45f36ab""}",
        28,         1,         0,   0.003,mwpf__bc6afb301d40de4dda36c86e2bee82ba9a2f3509c5e7adff85dedc84e2a08470,7be39a06112225b5216df3daf93370b2b9c424246e5cfcb6acb1a9865d6e9942,"{""circuit"":""surface_code:rotated_memory_x"",""cluster_node_limit"":50,""d"":3,""decoder"":""mwpf"",""decoder_type"":""SolverSerialJointSingleHair"",""p"":0.02,""p_erase"":0.02,""r"":3,""run_id"":""cbdcd76e4eac6e7ea58eb299d6c7091619bfb5b7954ed0656948ce94e45f36ab""}",
        28,         0,         0,   0.005,mwpf__bc6afb301d40de4dda36c86e2bee82ba9a2f3509c5e7adff85dedc84e2a08470,7be39a06112225b5216df3daf93370b2b9c424246e5cfcb6acb1a9865d6e9942,"{""circuit"":""surface_code:rotated_memory_x"",""cluster_node_limit"":50,""d"":3,""decoder"":""mwpf"",""decoder_type"":""SolverSerialJointSingleHair"",""p"":0.02,""p_erase"":0.02,""r"":3,""run_id"":""cbdcd76e4eac6e7ea58eb299d6c7091619bfb5b7954ed0656948ce94e45f36ab""}",
         3,         0,         0,   0.000,mwpf__bc6afb301d40de4dda36c86e2bee82ba9a2f3509c5e7adff85dedc84e2a08470,7be39a06112225b5216df3daf93370b2b9c424246e5cfcb6acb1a9865d6e9942,"{""circuit"":""surface_code:rotated_memory_x"",""cluster_node_limit"":50,""d"":3,""decoder"":""mwpf"",""decoder_type"":""SolverSerialJointSingleHair"",""p"":0.02,""p_erase"":0.02,""r"":3,""run_id"":""cbdcd76e4eac6e7ea58eb299d6c7091619bfb5b7954ed0656948ce94e45f36ab""}",
         5,         0,         0,   0.001,mwpf__bc6afb301d40de4dda36c86e2bee82ba9a2f3509c5e7adff85dedc84e2a08470,7be39a06112225b5216df3daf93370b2b9c424246e5cfcb6acb1a9865d6e9942,"{""circuit"":""surface_code:rotated_memory_x"",""cluster_node_limit"":50,""d"":3,""decoder"":""mwpf"",""decoder_type"":""SolverSerialJointSingleHair"",""p"":0.02,""p_erase"":0.02,""r"":3,""run_id"":""cbdcd76e4eac6e7ea58eb299d6c7091619bfb5b7954ed0656948ce94e45f36ab""}",
         2,         0,         0,   0.001,mwpf__bc6afb301d40de4dda36c86e2bee82ba9a2f3509c5e7adff85dedc84e2a08470,7be39a06112225b5216df3daf93370b2b9c424246e5cfcb6acb1a9865d6e9942,"{""circuit"":""surface_code:rotated_memory_x"",""cluster_node_limit"":50,""d"":3,""decoder"":""mwpf"",""decoder_type"":""SolverSerialJointSingleHair"",""p"":0.02,""p_erase"":0.02,""r"":3,""run_id"":""cbdcd76e4eac6e7ea58eb299d6c7091619bfb5b7954ed0656948ce94e45f36ab""}",
         2,         0,         0,   0.001,mwpf__bc6afb301d40de4dda36c86e2bee82ba9a2f3509c5e7adff85dedc84e2a08470,7be39a06112225b5216df3daf93370b2b9c424246e5cfcb6acb1a9865d6e9942,"{""circuit"":""surface_code:rotated_memory_x"",""cluster_node_limit"":50,""d"":3,""decoder"":""mwpf"",""decoder_type"":""SolverSerialJointSingleHair"",""p"":0.02,""p_erase"":0.02,""r"":3,""run_id"":""cbdcd76e4eac6e7ea58eb299d6c7091619bfb5b7954ed0656948ce94e45f36ab""}",
         2,         0,         0,   0.000,mwpf__bc6afb301d40de4dda36c86e2bee82ba9a2f3509c5e7adff85dedc84e2a08470,7be39a06112225b5216df3daf93370b2b9c424246e5cfcb6acb1a9865d6e9942,"{""circuit"":""surface_code:rotated_memory_x"",""cluster_node_limit"":50,""d"":3,""decoder"":""mwpf"",""decoder_type"":""SolverSerialJointSingleHair"",""p"":0.02,""p_erase"":0.02,""r"":3,""run_id"":""cbdcd76e4eac6e7ea58eb299d6c7091619bfb5b7954ed0656948ce94e45f36ab""}",
         1,         0,         0,   0.000,mwpf__bc6afb301d40de4dda36c86e2bee82ba9a2f3509c5e7adff85dedc84e2a08470,7be39a06112225b5216df3daf93370b2b9c424246e5cfcb6acb1a9865d6e9942,"{""circuit"":""surface_code:rotated_memory_x"",""cluster_node_limit"":50,""d"":3,""decoder"":""mwpf"",""decoder_type"":""SolverSerialJointSingleHair"",""p"":0.02,""p_erase"":0.02,""r"":3,""run_id"":""cbdcd76e4eac6e7ea58eb299d6c7091619bfb5b7954ed0656948ce94e45f36ab""}",
       955,         1,         0,   0.077,mwpf__b97013a8da0fd8f6885b17db2a42ab25b19ddfdf52e8fcbc8652f7f86a4a96cb,0fcbe56867e1865cf3743ffac95ee6934c3a42db582868c86348a2ad7290185e,"{""circuit"":""surface_code:rotated_memory_x"",""cluster_node_limit"":50,""d"":3,""decoder"":""mwpf"",""decoder_type"":""SolverSerialJointSingleHair"",""p"":0.0075,""p_erase"":0.0075,""r"":3,""run_id"":""4bc734d2ac70cf62b78df146e81bdcf5df30d786b05a2eea177a13d890e64669""}",
         1,         0,         0,   0.000,mwpf__bc6afb301d40de4dda36c86e2bee82ba9a2f3509c5e7adff85dedc84e2a08470,7be39a06112225b5216df3daf93370b2b9c424246e5cfcb6acb1a9865d6e9942,"{""circuit"":""surface_code:rotated_memory_x"",""cluster_node_limit"":50,""d"":3,""decoder"":""mwpf"",""decoder_type"":""SolverSerialJointSingleHair"",""p"":0.02,""p_erase"":0.02,""r"":3,""run_id"":""cbdcd76e4eac6e7ea58eb299d6c7091619bfb5b7954ed0656948ce94e45f36ab""}",
         1,         0,         0,   0.000,mwpf__bc6afb301d40de4dda36c86e2bee82ba9a2f3509c5e7adff85dedc84e2a08470,7be39a06112225b5216df3daf93370b2b9c424246e5cfcb6acb1a9865d6e9942,"{""circuit"":""surface_code:rotated_memory_x"",""cluster_node_limit"":50,""d"":3,""decoder"":""mwpf"",""decoder_type"":""SolverSerialJointSingleHair"",""p"":0.02,""p_erase"":0.02,""r"":3,""run_id"":""cbdcd76e4eac6e7ea58eb299d6c7091619bfb5b7954ed0656948ce94e45f36ab""}",
         1,         0,         0,   0.000,mwpf__bc6afb301d40de4dda36c86e2bee82ba9a2f3509c5e7adff85dedc84e2a08470,7be39a06112225b5216df3daf93370b2b9c424246e5cfcb6acb1a9865d6e9942,"{""circuit"":""surface_code:rotated_memory_x"",""cluster_node_limit"":50,""d"":3,""decoder"":""mwpf"",""decoder_type"":""SolverSerialJointSingleHair"",""p"":0.02,""p_erase"":0.02,""r"":3,""run_id"":""cbdcd76e4eac6e7ea58eb299d6c7091619bfb5b7954ed0656948ce94e45f36ab""}",
         1,         0,         0,   0.000,mwpf__bc6afb301d40de4dda36c86e2bee82ba9a2f3509c5e7adff85dedc84e2a08470,7be39a06112225b5216df3daf93370b2b9c424246e5cfcb6acb1a9865d6e9942,"{""circuit"":""surface_code:rotated_memory_x"",""cluster_node_limit"":50,""d"":3,""decoder"":""mwpf"",""decoder_type"":""SolverSerialJointSingleHair"",""p"":0.02,""p_erase"":0.02,""r"":3,""run_id"":""cbdcd76e4eac6e7ea58eb299d6c7091619bfb5b7954ed0656948ce94e45f36ab""}",
         1,         0,         0,   0.000,mwpf__cdbabe99b4f243243aad339bb11c8a90131812a9c01e0de682a2aca46d6d55ff,ddc6d0a0729b2070c0dbbc972d7b9e687957f33bd2fd578d2477245fef7735ad,"{""circuit"":""surface_code:rotated_memory_x"",""cluster_node_limit"":50,""d"":3,""decoder"":""mwpf"",""decoder_type"":""SolverSerialJointSingleHair"",""p"":0.008,""p_erase"":0.008,""r"":3,""run_id"":""842b8d9622dd95e081373b13334f0c4c970c25ea256e90e9985b8d1bb6968aef""}",
         1,         0,         0,   0.000,mwpf__cdbabe99b4f243243aad339bb11c8a90131812a9c01e0de682a2aca46d6d55ff,ddc6d0a0729b2070c0dbbc972d7b9e687957f33bd2fd578d2477245fef7735ad,"{""circuit"":""surface_code:rotated_memory_x"",""cluster_node_limit"":50,""d"":3,""decoder"":""mwpf"",""decoder_type"":""SolverSerialJointSingleHair"",""p"":0.008,""p_erase"":0.008,""r"":3,""run_id"":""842b8d9622dd95e081373b13334f0c4c970c25ea256e90e9985b8d1bb6968aef""}",
         1,         0,         0,   0.000,mwpf__cdbabe99b4f243243aad339bb11c8a90131812a9c01e0de682a2aca46d6d55ff,ddc6d0a0729b2070c0dbbc972d7b9e687957f33bd2fd578d2477245fef7735ad,"{""circuit"":""surface_code:rotated_memory_x"",""cluster_node_limit"":50,""d"":3,""decoder"":""mwpf"",""decoder_type"":""SolverSerialJointSingleHair"",""p"":0.008,""p_erase"":0.008,""r"":3,""run_id"":""842b8d9622dd95e081373b13334f0c4c970c25ea256e90e9985b8d1bb6968aef""}",
       153,         0,         0,   0.011,mwpf__cdbabe99b4f243243aad339bb11c8a90131812a9c01e0de682a2aca46d6d55ff,ddc6d0a0729b2070c0dbbc972d7b9e687957f33bd2fd578d2477245fef7735ad,"{""circuit"":""surface_code:rotated_memory_x"",""cluster_node_limit"":50,""d"":3,""decoder"":""mwpf"",""decoder_type"":""SolverSerialJointSingleHair"",""p"":0.008,""p_erase"":0.008,""r"":3,""run_id"":""842b8d9622dd95e081373b13334f0c4c970c25ea256e90e9985b8d1bb6968aef""}",
       153,         0,         0,   0.015,mwpf__cdbabe99b4f243243aad339bb11c8a90131812a9c01e0de682a2aca46d6d55ff,ddc6d0a0729b2070c0dbbc972d7b9e687957f33bd2fd578d2477245fef7735ad,"{""circuit"":""surface_code:rotated_memory_x"",""cluster_node_limit"":50,""d"":3,""decoder"":""mwpf"",""decoder_type"":""SolverSerialJointSingleHair"",""p"":0.008,""p_erase"":0.008,""r"":3,""run_id"":""842b8d9622dd95e081373b13334f0c4c970c25ea256e90e9985b8d1bb6968aef""}",
       153,         0,         0,   0.014,mwpf__cdbabe99b4f243243aad339bb11c8a90131812a9c01e0de682a2aca46d6d55ff,ddc6d0a0729b2070c0dbbc972d7b9e687957f33bd2fd578d2477245fef7735ad,"{""circuit"":""surface_code:rotated_memory_x"",""cluster_node_limit"":50,""d"":3,""decoder"":""mwpf"",""decoder_type"":""SolverSerialJointSingleHair"",""p"":0.008,""p_erase"":0.008,""r"":3,""run_id"":""842b8d9622dd95e081373b13334f0c4c970c25ea256e90e9985b8d1bb6968aef""}",
       142,         0,         0,   0.015,mwpf__cdbabe99b4f243243aad339bb11c8a90131812a9c01e0de682a2aca46d6d55ff,ddc6d0a0729b2070c0dbbc972d7b9e687957f33bd2fd578d2477245fef7735ad,"{""circuit"":""surface_code:rotated_memory_x"",""cluster_node_limit"":50,""d"":3,""decoder"":""mwpf"",""decoder_type"":""SolverSerialJointSingleHair"",""p"":0.008,""p_erase"":0.008,""r"":3,""run_id"":""842b8d9622dd95e081373b13334f0c4c970c25ea256e90e9985b8d1bb6968aef""}",
       153,         1,         0,   0.016,mwpf__cdbabe99b4f243243aad339bb11c8a90131812a9c01e0de682a2aca46d6d55ff,ddc6d0a0729b2070c0dbbc972d7b9e687957f33bd2fd578d2477245fef7735ad,"{""circuit"":""surface_code:rotated_memory_x"",""cluster_node_limit"":50,""d"":3,""decoder"":""mwpf"",""decoder_type"":""SolverSerialJointSingleHair"",""p"":0.008,""p_erase"":0.008,""r"":3,""run_id"":""842b8d9622dd95e081373b13334f0c4c970c25ea256e90e9985b8d1bb6968aef""}",
       152,         0,         0,   0.015,mwpf__cdbabe99b4f243243aad339bb11c8a90131812a9c01e0de682a2aca46d6d55ff,ddc6d0a0729b2070c0dbbc972d7b9e687957f33bd2fd578d2477245fef7735ad,"{""circuit"":""surface_code:rotated_memory_x"",""cluster_node_limit"":50,""d"":3,""decoder"":""mwpf"",""decoder_type"":""SolverSerialJointSingleHair"",""p"":0.008,""p_erase"":0.008,""r"":3,""run_id"":""842b8d9622dd95e081373b13334f0c4c970c25ea256e90e9985b8d1bb6968aef""}",
       153,         2,         0,   0.016,mwpf__cdbabe99b4f243243aad339bb11c8a90131812a9c01e0de682a2aca46d6d55ff,ddc6d0a0729b2070c0dbbc972d7b9e687957f33bd2fd578d2477245fef7735ad,"{""circuit"":""surface_code:rotated_memory_x"",""cluster_node_limit"":50,""d"":3,""decoder"":""mwpf"",""decoder_type"":""SolverSerialJointSingleHair"",""p"":0.008,""p_erase"":0.008,""r"":3,""run_id"":""842b8d9622dd95e081373b13334f0c4c970c25ea256e90e9985b8d1bb6968aef""}",
         9,         0,         0,   0.001,mwpf__cdbabe99b4f243243aad339bb11c8a90131812a9c01e0de682a2aca46d6d55ff,ddc6d0a0729b2070c0dbbc972d7b9e687957f33bd2fd578d2477245fef7735ad,"{""circuit"":""surface_code:rotated_memory_x"",""cluster_node_limit"":50,""d"":3,""decoder"":""mwpf"",""decoder_type"":""SolverSerialJointSingleHair"",""p"":0.008,""p_erase"":0.008,""r"":3,""run_id"":""842b8d9622dd95e081373b13334f0c4c970c25ea256e90e9985b8d1bb6968aef""}",
       153,         0,         0,   0.014,mwpf__cdbabe99b4f243243aad339bb11c8a90131812a9c01e0de682a2aca46d6d55ff,ddc6d0a0729b2070c0dbbc972d7b9e687957f33bd2fd578d2477245fef7735ad,"{""circuit"":""surface_code:rotated_memory_x"",""cluster_node_limit"":50,""d"":3,""decoder"":""mwpf"",""decoder_type"":""SolverSerialJointSingleHair"",""p"":0.008,""p_erase"":0.008,""r"":3,""run_id"":""842b8d9622dd95e081373b13334f0c4c970c25ea256e90e9985b8d1bb6968aef""}",
       153,         0,         0,   0.015,mwpf__cdbabe99b4f243243aad339bb11c8a90131812a9c01e0de682a2aca46d6d55ff,ddc6d0a0729b2070c0dbbc972d7b9e687957f33bd2fd578d2477245fef7735ad,"{""circuit"":""surface_code:rotated_memory_x"",""cluster_node_limit"":50,""d"":3,""decoder"":""mwpf"",""decoder_type"":""SolverSerialJointSingleHair"",""p"":0.008,""p_erase"":0.008,""r"":3,""run_id"":""842b8d9622dd95e081373b13334f0c4c970c25ea256e90e9985b8d1bb6968aef""}",
       152,         0,         0,   0.015,mwpf__cdbabe99b4f243243aad339bb11c8a90131812a9c01e0de682a2aca46d6d55ff,ddc6d0a0729b2070c0dbbc972d7b9e687957f33bd2fd578d2477245fef7735ad,"{""circuit"":""surface_code:rotated_memory_x"",""cluster_node_limit"":50,""d"":3,""decoder"":""mwpf"",""decoder_type"":""SolverSerialJointSingleHair"",""p"":0.008,""p_erase"":0.008,""r"":3,""run_id"":""842b8d9622dd95e081373b13334f0c4c970c25ea256e90e9985b8d1bb6968aef""}",
       143,         0,         0,   0.014,mwpf__cdbabe99b4f243243aad339bb11c8a90131812a9c01e0de682a2aca46d6d55ff,ddc6d0a0729b2070c0dbbc972d7b9e687957f33bd2fd578d2477245fef7735ad,"{""circuit"":""surface_code:rotated_memory_x"",""cluster_node_limit"":50,""d"":3,""decoder"":""mwpf"",""decoder_type"":""SolverSerialJointSingleHair"",""p"":0.008,""p_erase"":0.008,""r"":3,""run_id"":""842b8d9622dd95e081373b13334f0c4c970c25ea256e90e9985b8d1bb6968aef""}",
       273,         0,         0,   0.028,mwpf__b97013a8da0fd8f6885b17db2a42ab25b19ddfdf52e8fcbc8652f7f86a4a96cb,0fcbe56867e1865cf3743ffac95ee6934c3a42db582868c86348a2ad7290185e,"{""circuit"":""surface_code:rotated_memory_x"",""cluster_node_limit"":50,""d"":3,""decoder"":""mwpf"",""decoder_type"":""SolverSerialJointSingleHair"",""p"":0.0075,""p_erase"":0.0075,""r"":3,""run_id"":""4bc734d2ac70cf62b78df146e81bdcf5df30d786b05a2eea177a13d890e64669""}",
       597,         0,         0,   0.052,mwpf__b97013a8da0fd8f6885b17db2a42ab25b19ddfdf52e8fcbc8652f7f86a4a96cb,0fcbe56867e1865cf3743ffac95ee6934c3a42db582868c86348a2ad7290185e,"{""circuit"":""surface_code:rotated_memory_x"",""cluster_node_limit"":50,""d"":3,""decoder"":""mwpf"",""decoder_type"":""SolverSerialJointSingleHair"",""p"":0.0075,""p_erase"":0.0075,""r"":3,""run_id"":""4bc734d2ac70cf62b78df146e81bdcf5df30d786b05a2eea177a13d890e64669""}",
       597,         1,         0,   0.055,mwpf__b97013a8da0fd8f6885b17db2a42ab25b19ddfdf52e8fcbc8652f7f86a4a96cb,0fcbe56867e1865cf3743ffac95ee6934c3a42db582868c86348a2ad7290185e,"{""circuit"":""surface_code:rotated_memory_x"",""cluster_node_limit"":50,""d"":3,""decoder"":""mwpf"",""decoder_type"":""SolverSerialJointSingleHair"",""p"":0.0075,""p_erase"":0.0075,""r"":3,""run_id"":""4bc734d2ac70cf62b78df146e81bdcf5df30d786b05a2eea177a13d890e64669""}",
       597,         0,         0,   0.053,mwpf__b97013a8da0fd8f6885b17db2a42ab25b19ddfdf52e8fcbc8652f7f86a4a96cb,0fcbe56867e1865cf3743ffac95ee6934c3a42db582868c86348a2ad7290185e,"{""circuit"":""surface_code:rotated_memory_x"",""cluster_node_limit"":50,""d"":3,""decoder"":""mwpf"",""decoder_type"":""SolverSerialJointSingleHair"",""p"":0.0075,""p_erase"":0.0075,""r"":3,""run_id"":""4bc734d2ac70cf62b78df146e81bdcf5df30d786b05a2eea177a13d890e64669""}",
       597,         1,         0,   0.054,mwpf__b97013a8da0fd8f6885b17db2a42ab25b19ddfdf52e8fcbc8652f7f86a4a96cb,0fcbe56867e1865cf3743ffac95ee6934c3a42db582868c86348a2ad7290185e,"{""circuit"":""surface_code:rotated_memory_x"",""cluster_node_limit"":50,""d"":3,""decoder"":""mwpf"",""decoder_type"":""SolverSerialJointSingleHair"",""p"":0.0075,""p_erase"":0.0075,""r"":3,""run_id"":""4bc734d2ac70cf62b78df146e81bdcf5df30d786b05a2eea177a13d890e64669""}",
       597,         2,         0,   0.054,mwpf__b97013a8da0fd8f6885b17db2a42ab25b19ddfdf52e8fcbc8652f7f86a4a96cb,0fcbe56867e1865cf3743ffac95ee6934c3a42db582868c86348a2ad7290185e,"{""circuit"":""surface_code:rotated_memory_x"",""cluster_node_limit"":50,""d"":3,""decoder"":""mwpf"",""decoder_type"":""SolverSerialJointSingleHair"",""p"":0.0075,""p_erase"":0.0075,""r"":3,""run_id"":""4bc734d2ac70cf62b78df146e81bdcf5df30d786b05a2eea177a13d890e64669""}",
       597,         0,         0,   0.054,mwpf__b97013a8da0fd8f6885b17db2a42ab25b19ddfdf52e8fcbc8652f7f86a4a96cb,0fcbe56867e1865cf3743ffac95ee6934c3a42db582868c86348a2ad7290185e,"{""circuit"":""surface_code:rotated_memory_x"",""cluster_node_limit"":50,""d"":3,""decoder"":""mwpf"",""decoder_type"":""SolverSerialJointSingleHair"",""p"":0.0075,""p_erase"":0.0075,""r"":3,""run_id"":""4bc734d2ac70cf62b78df146e81bdcf5df30d786b05a2eea177a13d890e64669""}",
       324,         0,         0,   0.036,mwpf__b97013a8da0fd8f6885b17db2a42ab25b19ddfdf52e8fcbc8652f7f86a4a96cb,0fcbe56867e1865cf3743ffac95ee6934c3a42db582868c86348a2ad7290185e,"{""circuit"":""surface_code:rotated_memory_x"",""cluster_node_limit"":50,""d"":3,""decoder"":""mwpf"",""decoder_type"":""SolverSerialJointSingleHair"",""p"":0.0075,""p_erase"":0.0075,""r"":3,""run_id"":""4bc734d2ac70cf62b78df146e81bdcf5df30d786b05a2eea177a13d890e64669""}",
       597,         0,         0,   0.055,mwpf__b97013a8da0fd8f6885b17db2a42ab25b19ddfdf52e8fcbc8652f7f86a4a96cb,0fcbe56867e1865cf3743ffac95ee6934c3a42db582868c86348a2ad7290185e,"{""circuit"":""surface_code:rotated_memory_x"",""cluster_node_limit"":50,""d"":3,""decoder"":""mwpf"",""decoder_type"":""SolverSerialJointSingleHair"",""p"":0.0075,""p_erase"":0.0075,""r"":3,""run_id"":""4bc734d2ac70cf62b78df146e81bdcf5df30d786b05a2eea177a13d890e64669""}",
       583,         1,         0,   0.065,mwpf__b97013a8da0fd8f6885b17db2a42ab25b19ddfdf52e8fcbc8652f7f86a4a96cb,0fcbe56867e1865cf3743ffac95ee6934c3a42db582868c86348a2ad7290185e,"{""circuit"":""surface_code:rotated_memory_x"",""cluster_node_limit"":50,""d"":3,""decoder"":""mwpf"",""decoder_type"":""SolverSerialJointSingleHair"",""p"":0.0075,""p_erase"":0.0075,""r"":3,""run_id"":""4bc734d2ac70cf62b78df146e81bdcf5df30d786b05a2eea177a13d890e64669""}",
       597,         0,         0,   0.064,mwpf__b97013a8da0fd8f6885b17db2a42ab25b19ddfdf52e8fcbc8652f7f86a4a96cb,0fcbe56867e1865cf3743ffac95ee6934c3a42db582868c86348a2ad7290185e,"{""circuit"":""surface_code:rotated_memory_x"",""cluster_node_limit"":50,""d"":3,""decoder"":""mwpf"",""decoder_type"":""SolverSerialJointSingleHair"",""p"":0.0075,""p_erase"":0.0075,""r"":3,""run_id"":""4bc734d2ac70cf62b78df146e81bdcf5df30d786b05a2eea177a13d890e64669""}",
       597,         0,         0,   0.067,mwpf__b97013a8da0fd8f6885b17db2a42ab25b19ddfdf52e8fcbc8652f7f86a4a96cb,0fcbe56867e1865cf3743ffac95ee6934c3a42db582868c86348a2ad7290185e,"{""circuit"":""surface_code:rotated_memory_x"",""cluster_node_limit"":50,""d"":3,""decoder"":""mwpf"",""decoder_type"":""SolverSerialJointSingleHair"",""p"":0.0075,""p_erase"":0.0075,""r"":3,""run_id"":""4bc734d2ac70cf62b78df146e81bdcf5df30d786b05a2eea177a13d890e64669""}",
       187,         0,         0,   0.009,mwpf__b97013a8da0fd8f6885b17db2a42ab25b19ddfdf52e8fcbc8652f7f86a4a96cb,0fcbe56867e1865cf3743ffac95ee6934c3a42db582868c86348a2ad7290185e,"{""circuit"":""surface_code:rotated_memory_x"",""cluster_node_limit"":50,""d"":3,""decoder"":""mwpf"",""decoder_type"":""SolverSerialJointSingleHair"",""p"":0.0075,""p_erase"":0.0075,""r"":3,""run_id"":""4bc734d2ac70cf62b78df146e81bdcf5df30d786b05a2eea177a13d890e64669""}",
        48,         0,         0,   0.003,mwpf__cdbabe99b4f243243aad339bb11c8a90131812a9c01e0de682a2aca46d6d55ff,ddc6d0a0729b2070c0dbbc972d7b9e687957f33bd2fd578d2477245fef7735ad,"{""circuit"":""surface_code:rotated_memory_x"",""cluster_node_limit"":50,""d"":3,""decoder"":""mwpf"",""decoder_type"":""SolverSerialJointSingleHair"",""p"":0.008,""p_erase"":0.008,""r"":3,""run_id"":""842b8d9622dd95e081373b13334f0c4c970c25ea256e90e9985b8d1bb6968aef""}",
        17,         0,         0,   0.002,mwpf__b97013a8da0fd8f6885b17db2a42ab25b19ddfdf52e8fcbc8652f7f86a4a96cb,0fcbe56867e1865cf3743ffac95ee6934c3a42db582868c86348a2ad7290185e,"{""circuit"":""surface_code:rotated_memory_x"",""cluster_node_limit"":50,""d"":3,""decoder"":""mwpf"",""decoder_type"":""SolverSerialJointSingleHair"",""p"":0.0075,""p_erase"":0.0075,""r"":3,""run_id"":""4bc734d2ac70cf62b78df146e81bdcf5df30d786b05a2eea177a13d890e64669""}",
        47,         0,         0,   0.005,mwpf__cdbabe99b4f243243aad339bb11c8a90131812a9c01e0de682a2aca46d6d55ff,ddc6d0a0729b2070c0dbbc972d7b9e687957f33bd2fd578d2477245fef7735ad,"{""circuit"":""surface_code:rotated_memory_x"",""cluster_node_limit"":50,""d"":3,""decoder"":""mwpf"",""decoder_type"":""SolverSerialJointSingleHair"",""p"":0.008,""p_erase"":0.008,""r"":3,""run_id"":""842b8d9622dd95e081373b13334f0c4c970c25ea256e90e9985b8d1bb6968aef""}",
       168,         0,         0,   0.016,mwpf__b97013a8da0fd8f6885b17db2a42ab25b19ddfdf52e8fcbc8652f7f86a4a96cb,0fcbe56867e1865cf3743ffac95ee6934c3a42db582868c86348a2ad7290185e,"{""circuit"":""surface_code:rotated_memory_x"",""cluster_node_limit"":50,""d"":3,""decoder"":""mwpf"",""decoder_type"":""SolverSerialJointSingleHair"",""p"":0.0075,""p_erase"":0.0075,""r"":3,""run_id"":""4bc734d2ac70cf62b78df146e81bdcf5df30d786b05a2eea177a13d890e64669""}",
        55,         0,         0,   0.007,mwpf__b97013a8da0fd8f6885b17db2a42ab25b19ddfdf52e8fcbc8652f7f86a4a96cb,0fcbe56867e1865cf3743ffac95ee6934c3a42db582868c86348a2ad7290185e,"{""circuit"":""surface_code:rotated_memory_x"",""cluster_node_limit"":50,""d"":3,""decoder"":""mwpf"",""decoder_type"":""SolverSerialJointSingleHair"",""p"":0.0075,""p_erase"":0.0075,""r"":3,""run_id"":""4bc734d2ac70cf62b78df146e81bdcf5df30d786b05a2eea177a13d890e64669""}",
       175,         0,         0,   0.009,mwpf__b97013a8da0fd8f6885b17db2a42ab25b19ddfdf52e8fcbc8652f7f86a4a96cb,0fcbe56867e1865cf3743ffac95ee6934c3a42db582868c86348a2ad7290185e,"{""circuit"":""surface_code:rotated_memory_x"",""cluster_node_limit"":50,""d"":3,""decoder"":""mwpf"",""decoder_type"":""SolverSerialJointSingleHair"",""p"":0.0075,""p_erase"":0.0075,""r"":3,""run_id"":""4bc734d2ac70cf62b78df146e81bdcf5df30d786b05a2eea177a13d890e64669""}",
       175,         0,         0,   0.008,mwpf__b97013a8da0fd8f6885b17db2a42ab25b19ddfdf52e8fcbc8652f7f86a4a96cb,0fcbe56867e1865cf3743ffac95ee6934c3a42db582868c86348a2ad7290185e,"{""circuit"":""surface_code:rotated_memory_x"",""cluster_node_limit"":50,""d"":3,""decoder"":""mwpf"",""decoder_type"":""SolverSerialJointSingleHair"",""p"":0.0075,""p_erase"":0.0075,""r"":3,""run_id"":""4bc734d2ac70cf62b78df146e81bdcf5df30d786b05a2eea177a13d890e64669""}",
        10,         0,         0,   0.001,mwpf__cdbabe99b4f243243aad339bb11c8a90131812a9c01e0de682a2aca46d6d55ff,ddc6d0a0729b2070c0dbbc972d7b9e687957f33bd2fd578d2477245fef7735ad,"{""circuit"":""surface_code:rotated_memory_x"",""cluster_node_limit"":50,""d"":3,""decoder"":""mwpf"",""decoder_type"":""SolverSerialJointSingleHair"",""p"":0.008,""p_erase"":0.008,""r"":3,""run_id"":""842b8d9622dd95e081373b13334f0c4c970c25ea256e90e9985b8d1bb6968aef""}",
        37,         0,         0,   0.002,mwpf__b97013a8da0fd8f6885b17db2a42ab25b19ddfdf52e8fcbc8652f7f86a4a96cb,0fcbe56867e1865cf3743ffac95ee6934c3a42db582868c86348a2ad7290185e,"{""circuit"":""surface_code:rotated_memory_x"",""cluster_node_limit"":50,""d"":3,""decoder"":""mwpf"",""decoder_type"":""SolverSerialJointSingleHair"",""p"":0.0075,""p_erase"":0.0075,""r"":3,""run_id"":""4bc734d2ac70cf62b78df146e81bdcf5df30d786b05a2eea177a13d890e64669""}",
        56,         0,         0,   0.005,mwpf__b97013a8da0fd8f6885b17db2a42ab25b19ddfdf52e8fcbc8652f7f86a4a96cb,0fcbe56867e1865cf3743ffac95ee6934c3a42db582868c86348a2ad7290185e,"{""circuit"":""surface_code:rotated_memory_x"",""cluster_node_limit"":50,""d"":3,""decoder"":""mwpf"",""decoder_type"":""SolverSerialJointSingleHair"",""p"":0.0075,""p_erase"":0.0075,""r"":3,""run_id"":""4bc734d2ac70cf62b78df146e81bdcf5df30d786b05a2eea177a13d890e64669""}",
       174,         0,         0,   0.009,mwpf__b97013a8da0fd8f6885b17db2a42ab25b19ddfdf52e8fcbc8652f7f86a4a96cb,0fcbe56867e1865cf3743ffac95ee6934c3a42db582868c86348a2ad7290185e,"{""circuit"":""surface_code:rotated_memory_x"",""cluster_node_limit"":50,""d"":3,""decoder"":""mwpf"",""decoder_type"":""SolverSerialJointSingleHair"",""p"":0.0075,""p_erase"":0.0075,""r"":3,""run_id"":""4bc734d2ac70cf62b78df146e81bdcf5df30d786b05a2eea177a13d890e64669""}",
        45,         0,         0,   0.005,mwpf__cdbabe99b4f243243aad339bb11c8a90131812a9c01e0de682a2aca46d6d55ff,ddc6d0a0729b2070c0dbbc972d7b9e687957f33bd2fd578d2477245fef7735ad,"{""circuit"":""surface_code:rotated_memory_x"",""cluster_node_limit"":50,""d"":3,""decoder"":""mwpf"",""decoder_type"":""SolverSerialJointSingleHair"",""p"":0.008,""p_erase"":0.008,""r"":3,""run_id"":""842b8d9622dd95e081373b13334f0c4c970c25ea256e90e9985b8d1bb6968aef""}",
        55,         0,         0,   0.005,mwpf__b97013a8da0fd8f6885b17db2a42ab25b19ddfdf52e8fcbc8652f7f86a4a96cb,0fcbe56867e1865cf3743ffac95ee6934c3a42db582868c86348a2ad7290185e,"{""circuit"":""surface_code:rotated_memory_x"",""cluster_node_limit"":50,""d"":3,""decoder"":""mwpf"",""decoder_type"":""SolverSerialJointSingleHair"",""p"":0.0075,""p_erase"":0.0075,""r"":3,""run_id"":""4bc734d2ac70cf62b78df146e81bdcf5df30d786b05a2eea177a13d890e64669""}",
       187,         0,         0,   0.017,mwpf__b97013a8da0fd8f6885b17db2a42ab25b19ddfdf52e8fcbc8652f7f86a4a96cb,0fcbe56867e1865cf3743ffac95ee6934c3a42db582868c86348a2ad7290185e,"{""circuit"":""surface_code:rotated_memory_x"",""cluster_node_limit"":50,""d"":3,""decoder"":""mwpf"",""decoder_type"":""SolverSerialJointSingleHair"",""p"":0.0075,""p_erase"":0.0075,""r"":3,""run_id"":""4bc734d2ac70cf62b78df146e81bdcf5df30d786b05a2eea177a13d890e64669""}",
         3,         0,         0,   0.000,mwpf__cdbabe99b4f243243aad339bb11c8a90131812a9c01e0de682a2aca46d6d55ff,ddc6d0a0729b2070c0dbbc972d7b9e687957f33bd2fd578d2477245fef7735ad,"{""circuit"":""surface_code:rotated_memory_x"",""cluster_node_limit"":50,""d"":3,""decoder"":""mwpf"",""decoder_type"":""SolverSerialJointSingleHair"",""p"":0.008,""p_erase"":0.008,""r"":3,""run_id"":""842b8d9622dd95e081373b13334f0c4c970c25ea256e90e9985b8d1bb6968aef""}",
         1,         0,         0,   0.000,mwpf__b97013a8da0fd8f6885b17db2a42ab25b19ddfdf52e8fcbc8652f7f86a4a96cb,0fcbe56867e1865cf3743ffac95ee6934c3a42db582868c86348a2ad7290185e,"{""circuit"":""surface_code:rotated_memory_x"",""cluster_node_limit"":50,""d"":3,""decoder"":""mwpf"",""decoder_type"":""SolverSerialJointSingleHair"",""p"":0.0075,""p_erase"":0.0075,""r"":3,""run_id"":""4bc734d2ac70cf62b78df146e81bdcf5df30d786b05a2eea177a13d890e64669""}",
       164,         0,         0,   0.008,mwpf__b97013a8da0fd8f6885b17db2a42ab25b19ddfdf52e8fcbc8652f7f86a4a96cb,0fcbe56867e1865cf3743ffac95ee6934c3a42db582868c86348a2ad7290185e,"{""circuit"":""surface_code:rotated_memory_x"",""cluster_node_limit"":50,""d"":3,""decoder"":""mwpf"",""decoder_type"":""SolverSerialJointSingleHair"",""p"":0.0075,""p_erase"":0.0075,""r"":3,""run_id"":""4bc734d2ac70cf62b78df146e81bdcf5df30d786b05a2eea177a13d890e64669""}",
        55,         0,         0,   0.005,mwpf__b97013a8da0fd8f6885b17db2a42ab25b19ddfdf52e8fcbc8652f7f86a4a96cb,0fcbe56867e1865cf3743ffac95ee6934c3a42db582868c86348a2ad7290185e,"{""circuit"":""surface_code:rotated_memory_x"",""cluster_node_limit"":50,""d"":3,""decoder"":""mwpf"",""decoder_type"":""SolverSerialJointSingleHair"",""p"":0.0075,""p_erase"":0.0075,""r"":3,""run_id"":""4bc734d2ac70cf62b78df146e81bdcf5df30d786b05a2eea177a13d890e64669""}",
        39,         0,         0,   0.002,mwpf__cdbabe99b4f243243aad339bb11c8a90131812a9c01e0de682a2aca46d6d55ff,ddc6d0a0729b2070c0dbbc972d7b9e687957f33bd2fd578d2477245fef7735ad,"{""circuit"":""surface_code:rotated_memory_x"",""cluster_node_limit"":50,""d"":3,""decoder"":""mwpf"",""decoder_type"":""SolverSerialJointSingleHair"",""p"":0.008,""p_erase"":0.008,""r"":3,""run_id"":""842b8d9622dd95e081373b13334f0c4c970c25ea256e90e9985b8d1bb6968aef""}",
        10,         0,         0,   0.001,mwpf__b97013a8da0fd8f6885b17db2a42ab25b19ddfdf52e8fcbc8652f7f86a4a96cb,0fcbe56867e1865cf3743ffac95ee6934c3a42db582868c86348a2ad7290185e,"{""circuit"":""surface_code:rotated_memory_x"",""cluster_node_limit"":50,""d"":3,""decoder"":""mwpf"",""decoder_type"":""SolverSerialJointSingleHair"",""p"":0.0075,""p_erase"":0.0075,""r"":3,""run_id"":""4bc734d2ac70cf62b78df146e81bdcf5df30d786b05a2eea177a13d890e64669""}",
       175,         0,         0,   0.016,mwpf__b97013a8da0fd8f6885b17db2a42ab25b19ddfdf52e8fcbc8652f7f86a4a96cb,0fcbe56867e1865cf3743ffac95ee6934c3a42db582868c86348a2ad7290185e,"{""circuit"":""surface_code:rotated_memory_x"",""cluster_node_limit"":50,""d"":3,""decoder"":""mwpf"",""decoder_type"":""SolverSerialJointSingleHair"",""p"":0.0075,""p_erase"":0.0075,""r"":3,""run_id"":""4bc734d2ac70cf62b78df146e81bdcf5df30d786b05a2eea177a13d890e64669""}",
        10,         0,         0,   0.001,mwpf__cdbabe99b4f243243aad339bb11c8a90131812a9c01e0de682a2aca46d6d55ff,ddc6d0a0729b2070c0dbbc972d7b9e687957f33bd2fd578d2477245fef7735ad,"{""circuit"":""surface_code:rotated_memory_x"",""cluster_node_limit"":50,""d"":3,""decoder"":""mwpf"",""decoder_type"":""SolverSerialJointSingleHair"",""p"":0.008,""p_erase"":0.008,""r"":3,""run_id"":""842b8d9622dd95e081373b13334f0c4c970c25ea256e90e9985b8d1bb6968aef""}",
        39,         0,         0,   0.002,mwpf__cdbabe99b4f243243aad339bb11c8a90131812a9c01e0de682a2aca46d6d55ff,ddc6d0a0729b2070c0dbbc972d7b9e687957f33bd2fd578d2477245fef7735ad,"{""circuit"":""surface_code:rotated_memory_x"",""cluster_node_limit"":50,""d"":3,""decoder"":""mwpf"",""decoder_type"":""SolverSerialJointSingleHair"",""p"":0.008,""p_erase"":0.008,""r"":3,""run_id"":""842b8d9622dd95e081373b13334f0c4c970c25ea256e90e9985b8d1bb6968aef""}",
        10,         0,         0,   0.001,mwpf__cdbabe99b4f243243aad339bb11c8a90131812a9c01e0de682a2aca46d6d55ff,ddc6d0a0729b2070c0dbbc972d7b9e687957f33bd2fd578d2477245fef7735ad,"{""circuit"":""surface_code:rotated_memory_x"",""cluster_node_limit"":50,""d"":3,""decoder"":""mwpf"",""decoder_type"":""SolverSerialJointSingleHair"",""p"":0.008,""p_erase"":0.008,""r"":3,""run_id"":""842b8d9622dd95e081373b13334f0c4c970c25ea256e90e9985b8d1bb6968aef""}",
       175,         0,         0,   0.015,mwpf__b97013a8da0fd8f6885b17db2a42ab25b19ddfdf52e8fcbc8652f7f86a4a96cb,0fcbe56867e1865cf3743ffac95ee6934c3a42db582868c86348a2ad7290185e,"{""circuit"":""surface_code:rotated_memory_x"",""cluster_node_limit"":50,""d"":3,""decoder"":""mwpf"",""decoder_type"":""SolverSerialJointSingleHair"",""p"":0.0075,""p_erase"":0.0075,""r"":3,""run_id"":""4bc734d2ac70cf62b78df146e81bdcf5df30d786b05a2eea177a13d890e64669""}",
        10,         0,         0,   0.001,mwpf__b97013a8da0fd8f6885b17db2a42ab25b19ddfdf52e8fcbc8652f7f86a4a96cb,0fcbe56867e1865cf3743ffac95ee6934c3a42db582868c86348a2ad7290185e,"{""circuit"":""surface_code:rotated_memory_x"",""cluster_node_limit"":50,""d"":3,""decoder"":""mwpf"",""decoder_type"":""SolverSerialJointSingleHair"",""p"":0.0075,""p_erase"":0.0075,""r"":3,""run_id"":""4bc734d2ac70cf62b78df146e81bdcf5df30d786b05a2eea177a13d890e64669""}",
       174,         1,         0,   0.015,mwpf__b97013a8da0fd8f6885b17db2a42ab25b19ddfdf52e8fcbc8652f7f86a4a96cb,0fcbe56867e1865cf3743ffac95ee6934c3a42db582868c86348a2ad7290185e,"{""circuit"":""surface_code:rotated_memory_x"",""cluster_node_limit"":50,""d"":3,""decoder"":""mwpf"",""decoder_type"":""SolverSerialJointSingleHair"",""p"":0.0075,""p_erase"":0.0075,""r"":3,""run_id"":""4bc734d2ac70cf62b78df146e81bdcf5df30d786b05a2eea177a13d890e64669""}",
        32,         0,         0,   0.002,mwpf__cdbabe99b4f243243aad339bb11c8a90131812a9c01e0de682a2aca46d6d55ff,ddc6d0a0729b2070c0dbbc972d7b9e687957f33bd2fd578d2477245fef7735ad,"{""circuit"":""surface_code:rotated_memory_x"",""cluster_node_limit"":50,""d"":3,""decoder"":""mwpf"",""decoder_type"":""SolverSerialJointSingleHair"",""p"":0.008,""p_erase"":0.008,""r"":3,""run_id"":""842b8d9622dd95e081373b13334f0c4c970c25ea256e90e9985b8d1bb6968aef""}",
        36,         0,         0,   0.004,mwpf__cdbabe99b4f243243aad339bb11c8a90131812a9c01e0de682a2aca46d6d55ff,ddc6d0a0729b2070c0dbbc972d7b9e687957f33bd2fd578d2477245fef7735ad,"{""circuit"":""surface_code:rotated_memory_x"",""cluster_node_limit"":50,""d"":3,""decoder"":""mwpf"",""decoder_type"":""SolverSerialJointSingleHair"",""p"":0.008,""p_erase"":0.008,""r"":3,""run_id"":""842b8d9622dd95e081373b13334f0c4c970c25ea256e90e9985b8d1bb6968aef""}",
       174,         0,         0,   0.020,mwpf__b97013a8da0fd8f6885b17db2a42ab25b19ddfdf52e8fcbc8652f7f86a4a96cb,0fcbe56867e1865cf3743ffac95ee6934c3a42db582868c86348a2ad7290185e,"{""circuit"":""surface_code:rotated_memory_x"",""cluster_node_limit"":50,""d"":3,""decoder"":""mwpf"",""decoder_type"":""SolverSerialJointSingleHair"",""p"":0.0075,""p_erase"":0.0075,""r"":3,""run_id"":""4bc734d2ac70cf62b78df146e81bdcf5df30d786b05a2eea177a13d890e64669""}",
        26,         0,         0,   0.003,mwpf__cdbabe99b4f243243aad339bb11c8a90131812a9c01e0de682a2aca46d6d55ff,ddc6d0a0729b2070c0dbbc972d7b9e687957f33bd2fd578d2477245fef7735ad,"{""circuit"":""surface_code:rotated_memory_x"",""cluster_node_limit"":50,""d"":3,""decoder"":""mwpf"",""decoder_type"":""SolverSerialJointSingleHair"",""p"":0.008,""p_erase"":0.008,""r"":3,""run_id"":""842b8d9622dd95e081373b13334f0c4c970c25ea256e90e9985b8d1bb6968aef""}",
       164,         1,         0,   0.016,mwpf__b97013a8da0fd8f6885b17db2a42ab25b19ddfdf52e8fcbc8652f7f86a4a96cb,0fcbe56867e1865cf3743ffac95ee6934c3a42db582868c86348a2ad7290185e,"{""circuit"":""surface_code:rotated_memory_x"",""cluster_node_limit"":50,""d"":3,""decoder"":""mwpf"",""decoder_type"":""SolverSerialJointSingleHair"",""p"":0.0075,""p_erase"":0.0075,""r"":3,""run_id"":""4bc734d2ac70cf62b78df146e81bdcf5df30d786b05a2eea177a13d890e64669""}",
        33,         0,         0,   0.003,mwpf__cdbabe99b4f243243aad339bb11c8a90131812a9c01e0de682a2aca46d6d55ff,ddc6d0a0729b2070c0dbbc972d7b9e687957f33bd2fd578d2477245fef7735ad,"{""circuit"":""surface_code:rotated_memory_x"",""cluster_node_limit"":50,""d"":3,""decoder"":""mwpf"",""decoder_type"":""SolverSerialJointSingleHair"",""p"":0.008,""p_erase"":0.008,""r"":3,""run_id"":""842b8d9622dd95e081373b13334f0c4c970c25ea256e90e9985b8d1bb6968aef""}",
        36,         0,         0,   0.004,mwpf__cdbabe99b4f243243aad339bb11c8a90131812a9c01e0de682a2aca46d6d55ff,ddc6d0a0729b2070c0dbbc972d7b9e687957f33bd2fd578d2477245fef7735ad,"{""circuit"":""surface_code:rotated_memory_x"",""cluster_node_limit"":50,""d"":3,""decoder"":""mwpf"",""decoder_type"":""SolverSerialJointSingleHair"",""p"":0.008,""p_erase"":0.008,""r"":3,""run_id"":""842b8d9622dd95e081373b13334f0c4c970c25ea256e90e9985b8d1bb6968aef""}",
        38,         0,         0,   0.002,mwpf__b97013a8da0fd8f6885b17db2a42ab25b19ddfdf52e8fcbc8652f7f86a4a96cb,0fcbe56867e1865cf3743ffac95ee6934c3a42db582868c86348a2ad7290185e,"{""circuit"":""surface_code:rotated_memory_x"",""cluster_node_limit"":50,""d"":3,""decoder"":""mwpf"",""decoder_type"":""SolverSerialJointSingleHair"",""p"":0.0075,""p_erase"":0.0075,""r"":3,""run_id"":""4bc734d2ac70cf62b78df146e81bdcf5df30d786b05a2eea177a13d890e64669""}",
        36,         0,         0,   0.003,mwpf__cdbabe99b4f243243aad339bb11c8a90131812a9c01e0de682a2aca46d6d55ff,ddc6d0a0729b2070c0dbbc972d7b9e687957f33bd2fd578d2477245fef7735ad,"{""circuit"":""surface_code:rotated_memory_x"",""cluster_node_limit"":50,""d"":3,""decoder"":""mwpf"",""decoder_type"":""SolverSerialJointSingleHair"",""p"":0.008,""p_erase"":0.008,""r"":3,""run_id"":""842b8d9622dd95e081373b13334f0c4c970c25ea256e90e9985b8d1bb6968aef""}",
         3,         0,         0,   0.001,mwpf__cdbabe99b4f243243aad339bb11c8a90131812a9c01e0de682a2aca46d6d55ff,ddc6d0a0729b2070c0dbbc972d7b9e687957f33bd2fd578d2477245fef7735ad,"{""circuit"":""surface_code:rotated_memory_x"",""cluster_node_limit"":50,""d"":3,""decoder"":""mwpf"",""decoder_type"":""SolverSerialJointSingleHair"",""p"":0.008,""p_erase"":0.008,""r"":3,""run_id"":""842b8d9622dd95e081373b13334f0c4c970c25ea256e90e9985b8d1bb6968aef""}",
        38,         0,         0,   0.002,mwpf__b97013a8da0fd8f6885b17db2a42ab25b19ddfdf52e8fcbc8652f7f86a4a96cb,0fcbe56867e1865cf3743ffac95ee6934c3a42db582868c86348a2ad7290185e,"{""circuit"":""surface_code:rotated_memory_x"",""cluster_node_limit"":50,""d"":3,""decoder"":""mwpf"",""decoder_type"":""SolverSerialJointSingleHair"",""p"":0.0075,""p_erase"":0.0075,""r"":3,""run_id"":""4bc734d2ac70cf62b78df146e81bdcf5df30d786b05a2eea177a13d890e64669""}",
        38,         0,         0,   0.002,mwpf__b97013a8da0fd8f6885b17db2a42ab25b19ddfdf52e8fcbc8652f7f86a4a96cb,0fcbe56867e1865cf3743ffac95ee6934c3a42db582868c86348a2ad7290185e,"{""circuit"":""surface_code:rotated_memory_x"",""cluster_node_limit"":50,""d"":3,""decoder"":""mwpf"",""decoder_type"":""SolverSerialJointSingleHair"",""p"":0.0075,""p_erase"":0.0075,""r"":3,""run_id"":""4bc734d2ac70cf62b78df146e81bdcf5df30d786b05a2eea177a13d890e64669""}",
         3,         0,         0,   0.000,mwpf__cdbabe99b4f243243aad339bb11c8a90131812a9c01e0de682a2aca46d6d55ff,ddc6d0a0729b2070c0dbbc972d7b9e687957f33bd2fd578d2477245fef7735ad,"{""circuit"":""surface_code:rotated_memory_x"",""cluster_node_limit"":50,""d"":3,""decoder"":""mwpf"",""decoder_type"":""SolverSerialJointSingleHair"",""p"":0.008,""p_erase"":0.008,""r"":3,""run_id"":""842b8d9622dd95e081373b13334f0c4c970c25ea256e90e9985b8d1bb6968aef""}",
        38,         0,         0,   0.004,mwpf__b97013a8da0fd8f6885b17db2a42ab25b19ddfdf52e8fcbc8652f7f86a4a96cb,0fcbe56867e1865cf3743ffac95ee6934c3a42db582868c86348a2ad7290185e,"{""circuit"":""surface_code:rotated_memory_x"",""cluster_node_limit"":50,""d"":3,""decoder"":""mwpf"",""decoder_type"":""SolverSerialJointSingleHair"",""p"":0.0075,""p_erase"":0.0075,""r"":3,""run_id"":""4bc734d2ac70cf62b78df146e81bdcf5df30d786b05a2eea177a13d890e64669""}",
        35,         0,         0,   0.002,mwpf__b97013a8da0fd8f6885b17db2a42ab25b19ddfdf52e8fcbc8652f7f86a4a96cb,0fcbe56867e1865cf3743ffac95ee6934c3a42db582868c86348a2ad7290185e,"{""circuit"":""surface_code:rotated_memory_x"",""cluster_node_limit"":50,""d"":3,""decoder"":""mwpf"",""decoder_type"":""SolverSerialJointSingleHair"",""p"":0.0075,""p_erase"":0.0075,""r"":3,""run_id"":""4bc734d2ac70cf62b78df146e81bdcf5df30d786b05a2eea177a13d890e64669""}",
        38,         0,         0,   0.004,mwpf__b97013a8da0fd8f6885b17db2a42ab25b19ddfdf52e8fcbc8652f7f86a4a96cb,0fcbe56867e1865cf3743ffac95ee6934c3a42db582868c86348a2ad7290185e,"{""circuit"":""surface_code:rotated_memory_x"",""cluster_node_limit"":50,""d"":3,""decoder"":""mwpf"",""decoder_type"":""SolverSerialJointSingleHair"",""p"":0.0075,""p_erase"":0.0075,""r"":3,""run_id"":""4bc734d2ac70cf62b78df146e81bdcf5df30d786b05a2eea177a13d890e64669""}",
        35,         0,         0,   0.002,mwpf__b97013a8da0fd8f6885b17db2a42ab25b19ddfdf52e8fcbc8652f7f86a4a96cb,0fcbe56867e1865cf3743ffac95ee6934c3a42db582868c86348a2ad7290185e,"{""circuit"":""surface_code:rotated_memory_x"",""cluster_node_limit"":50,""d"":3,""decoder"":""mwpf"",""decoder_type"":""SolverSerialJointSingleHair"",""p"":0.0075,""p_erase"":0.0075,""r"":3,""run_id"":""4bc734d2ac70cf62b78df146e81bdcf5df30d786b05a2eea177a13d890e64669""}",
        35,         0,         0,   0.002,mwpf__b97013a8da0fd8f6885b17db2a42ab25b19ddfdf52e8fcbc8652f7f86a4a96cb,0fcbe56867e1865cf3743ffac95ee6934c3a42db582868c86348a2ad7290185e,"{""circuit"":""surface_code:rotated_memory_x"",""cluster_node_limit"":50,""d"":3,""decoder"":""mwpf"",""decoder_type"":""SolverSerialJointSingleHair"",""p"":0.0075,""p_erase"":0.0075,""r"":3,""run_id"":""4bc734d2ac70cf62b78df146e81bdcf5df30d786b05a2eea177a13d890e64669""}",
        35,         0,         0,   0.003,mwpf__b97013a8da0fd8f6885b17db2a42ab25b19ddfdf52e8fcbc8652f7f86a4a96cb,0fcbe56867e1865cf3743ffac95ee6934c3a42db582868c86348a2ad7290185e,"{""circuit"":""surface_code:rotated_memory_x"",""cluster_node_limit"":50,""d"":3,""decoder"":""mwpf"",""decoder_type"":""SolverSerialJointSingleHair"",""p"":0.0075,""p_erase"":0.0075,""r"":3,""run_id"":""4bc734d2ac70cf62b78df146e81bdcf5df30d786b05a2eea177a13d890e64669""}",
        20,         0,         0,   0.001,mwpf__cdbabe99b4f243243aad339bb11c8a90131812a9c01e0de682a2aca46d6d55ff,ddc6d0a0729b2070c0dbbc972d7b9e687957f33bd2fd578d2477245fef7735ad,"{""circuit"":""surface_code:rotated_memory_x"",""cluster_node_limit"":50,""d"":3,""decoder"":""mwpf"",""decoder_type"":""SolverSerialJointSingleHair"",""p"":0.008,""p_erase"":0.008,""r"":3,""run_id"":""842b8d9622dd95e081373b13334f0c4c970c25ea256e90e9985b8d1bb6968aef""}",
         3,         0,         0,   0.001,mwpf__cdbabe99b4f243243aad339bb11c8a90131812a9c01e0de682a2aca46d6d55ff,ddc6d0a0729b2070c0dbbc972d7b9e687957f33bd2fd578d2477245fef7735ad,"{""circuit"":""surface_code:rotated_memory_x"",""cluster_node_limit"":50,""d"":3,""decoder"":""mwpf"",""decoder_type"":""SolverSerialJointSingleHair"",""p"":0.008,""p_erase"":0.008,""r"":3,""run_id"":""842b8d9622dd95e081373b13334f0c4c970c25ea256e90e9985b8d1bb6968aef""}",
        35,         0,         0,   0.001,mwpf__b97013a8da0fd8f6885b17db2a42ab25b19ddfdf52e8fcbc8652f7f86a4a96cb,0fcbe56867e1865cf3743ffac95ee6934c3a42db582868c86348a2ad7290185e,"{""circuit"":""surface_code:rotated_memory_x"",""cluster_node_limit"":50,""d"":3,""decoder"":""mwpf"",""decoder_type"":""SolverSerialJointSingleHair"",""p"":0.0075,""p_erase"":0.0075,""r"":3,""run_id"":""4bc734d2ac70cf62b78df146e81bdcf5df30d786b05a2eea177a13d890e64669""}",
        26,         0,         0,   0.001,mwpf__b97013a8da0fd8f6885b17db2a42ab25b19ddfdf52e8fcbc8652f7f86a4a96cb,0fcbe56867e1865cf3743ffac95ee6934c3a42db582868c86348a2ad7290185e,"{""circuit"":""surface_code:rotated_memory_x"",""cluster_node_limit"":50,""d"":3,""decoder"":""mwpf"",""decoder_type"":""SolverSerialJointSingleHair"",""p"":0.0075,""p_erase"":0.0075,""r"":3,""run_id"":""4bc734d2ac70cf62b78df146e81bdcf5df30d786b05a2eea177a13d890e64669""}",
        35,         1,         0,   0.004,mwpf__b97013a8da0fd8f6885b17db2a42ab25b19ddfdf52e8fcbc8652f7f86a4a96cb,0fcbe56867e1865cf3743ffac95ee6934c3a42db582868c86348a2ad7290185e,"{""circuit"":""surface_code:rotated_memory_x"",""cluster_node_limit"":50,""d"":3,""decoder"":""mwpf"",""decoder_type"":""SolverSerialJointSingleHair"",""p"":0.0075,""p_erase"":0.0075,""r"":3,""run_id"":""4bc734d2ac70cf62b78df146e81bdcf5df30d786b05a2eea177a13d890e64669""}",
        35,         0,         0,   0.002,mwpf__b97013a8da0fd8f6885b17db2a42ab25b19ddfdf52e8fcbc8652f7f86a4a96cb,0fcbe56867e1865cf3743ffac95ee6934c3a42db582868c86348a2ad7290185e,"{""circuit"":""surface_code:rotated_memory_x"",""cluster_node_limit"":50,""d"":3,""decoder"":""mwpf"",""decoder_type"":""SolverSerialJointSingleHair"",""p"":0.0075,""p_erase"":0.0075,""r"":3,""run_id"":""4bc734d2ac70cf62b78df146e81bdcf5df30d786b05a2eea177a13d890e64669""}",
        20,         0,         0,   0.002,mwpf__cdbabe99b4f243243aad339bb11c8a90131812a9c01e0de682a2aca46d6d55ff,ddc6d0a0729b2070c0dbbc972d7b9e687957f33bd2fd578d2477245fef7735ad,"{""circuit"":""surface_code:rotated_memory_x"",""cluster_node_limit"":50,""d"":3,""decoder"":""mwpf"",""decoder_type"":""SolverSerialJointSingleHair"",""p"":0.008,""p_erase"":0.008,""r"":3,""run_id"":""842b8d9622dd95e081373b13334f0c4c970c25ea256e90e9985b8d1bb6968aef""}",
         3,         0,         0,   0.000,mwpf__b97013a8da0fd8f6885b17db2a42ab25b19ddfdf52e8fcbc8652f7f86a4a96cb,0fcbe56867e1865cf3743ffac95ee6934c3a42db582868c86348a2ad7290185e,"{""circuit"":""surface_code:rotated_memory_x"",""cluster_node_limit"":50,""d"":3,""decoder"":""mwpf"",""decoder_type"":""SolverSerialJointSingleHair"",""p"":0.0075,""p_erase"":0.0075,""r"":3,""run_id"":""4bc734d2ac70cf62b78df146e81bdcf5df30d786b05a2eea177a13d890e64669""}",
        35,         0,         0,   0.005,mwpf__b97013a8da0fd8f6885b17db2a42ab25b19ddfdf52e8fcbc8652f7f86a4a96cb,0fcbe56867e1865cf3743ffac95ee6934c3a42db582868c86348a2ad7290185e,"{""circuit"":""surface_code:rotated_memory_x"",""cluster_node_limit"":50,""d"":3,""decoder"":""mwpf"",""decoder_type"":""SolverSerialJointSingleHair"",""p"":0.0075,""p_erase"":0.0075,""r"":3,""run_id"":""4bc734d2ac70cf62b78df146e81bdcf5df30d786b05a2eea177a13d890e64669""}",
        20,         0,         0,   0.002,mwpf__cdbabe99b4f243243aad339bb11c8a90131812a9c01e0de682a2aca46d6d55ff,ddc6d0a0729b2070c0dbbc972d7b9e687957f33bd2fd578d2477245fef7735ad,"{""circuit"":""surface_code:rotated_memory_x"",""cluster_node_limit"":50,""d"":3,""decoder"":""mwpf"",""decoder_type"":""SolverSerialJointSingleHair"",""p"":0.008,""p_erase"":0.008,""r"":3,""run_id"":""842b8d9622dd95e081373b13334f0c4c970c25ea256e90e9985b8d1bb6968aef""}",
        35,         0,         0,   0.003,mwpf__b97013a8da0fd8f6885b17db2a42ab25b19ddfdf52e8fcbc8652f7f86a4a96cb,0fcbe56867e1865cf3743ffac95ee6934c3a42db582868c86348a2ad7290185e,"{""circuit"":""surface_code:rotated_memory_x"",""cluster_node_limit"":50,""d"":3,""decoder"":""mwpf"",""decoder_type"":""SolverSerialJointSingleHair"",""p"":0.0075,""p_erase"":0.0075,""r"":3,""run_id"":""4bc734d2ac70cf62b78df146e81bdcf5df30d786b05a2eea177a13d890e64669""}",
        35,         0,         0,   0.004,mwpf__b97013a8da0fd8f6885b17db2a42ab25b19ddfdf52e8fcbc8652f7f86a4a96cb,0fcbe56867e1865cf3743ffac95ee6934c3a42db582868c86348a2ad7290185e,"{""circuit"":""surface_code:rotated_memory_x"",""cluster_node_limit"":50,""d"":3,""decoder"":""mwpf"",""decoder_type"":""SolverSerialJointSingleHair"",""p"":0.0075,""p_erase"":0.0075,""r"":3,""run_id"":""4bc734d2ac70cf62b78df146e81bdcf5df30d786b05a2eea177a13d890e64669""}",
         3,         0,         0,   0.000,mwpf__b97013a8da0fd8f6885b17db2a42ab25b19ddfdf52e8fcbc8652f7f86a4a96cb,0fcbe56867e1865cf3743ffac95ee6934c3a42db582868c86348a2ad7290185e,"{""circuit"":""surface_code:rotated_memory_x"",""cluster_node_limit"":50,""d"":3,""decoder"":""mwpf"",""decoder_type"":""SolverSerialJointSingleHair"",""p"":0.0075,""p_erase"":0.0075,""r"":3,""run_id"":""4bc734d2ac70cf62b78df146e81bdcf5df30d786b05a2eea177a13d890e64669""}",
         3,         0,         0,   0.000,mwpf__b97013a8da0fd8f6885b17db2a42ab25b19ddfdf52e8fcbc8652f7f86a4a96cb,0fcbe56867e1865cf3743ffac95ee6934c3a42db582868c86348a2ad7290185e,"{""circuit"":""surface_code:rotated_memory_x"",""cluster_node_limit"":50,""d"":3,""decoder"":""mwpf"",""decoder_type"":""SolverSerialJointSingleHair"",""p"":0.0075,""p_erase"":0.0075,""r"":3,""run_id"":""4bc734d2ac70cf62b78df146e81bdcf5df30d786b05a2eea177a13d890e64669""}",
        19,         0,         0,   0.002,mwpf__cdbabe99b4f243243aad339bb11c8a90131812a9c01e0de682a2aca46d6d55ff,ddc6d0a0729b2070c0dbbc972d7b9e687957f33bd2fd578d2477245fef7735ad,"{""circuit"":""surface_code:rotated_memory_x"",""cluster_node_limit"":50,""d"":3,""decoder"":""mwpf"",""decoder_type"":""SolverSerialJointSingleHair"",""p"":0.008,""p_erase"":0.008,""r"":3,""run_id"":""842b8d9622dd95e081373b13334f0c4c970c25ea256e90e9985b8d1bb6968aef""}",
         2,         0,         0,   0.000,mwpf__b97013a8da0fd8f6885b17db2a42ab25b19ddfdf52e8fcbc8652f7f86a4a96cb,0fcbe56867e1865cf3743ffac95ee6934c3a42db582868c86348a2ad7290185e,"{""circuit"":""surface_code:rotated_memory_x"",""cluster_node_limit"":50,""d"":3,""decoder"":""mwpf"",""decoder_type"":""SolverSerialJointSingleHair"",""p"":0.0075,""p_erase"":0.0075,""r"":3,""run_id"":""4bc734d2ac70cf62b78df146e81bdcf5df30d786b05a2eea177a13d890e64669""}",
        10,         0,         0,   0.001,mwpf__cdbabe99b4f243243aad339bb11c8a90131812a9c01e0de682a2aca46d6d55ff,ddc6d0a0729b2070c0dbbc972d7b9e687957f33bd2fd578d2477245fef7735ad,"{""circuit"":""surface_code:rotated_memory_x"",""cluster_node_limit"":50,""d"":3,""decoder"":""mwpf"",""decoder_type"":""SolverSerialJointSingleHair"",""p"":0.008,""p_erase"":0.008,""r"":3,""run_id"":""842b8d9622dd95e081373b13334f0c4c970c25ea256e90e9985b8d1bb6968aef""}",
        19,         0,         0,   0.002,mwpf__cdbabe99b4f243243aad339bb11c8a90131812a9c01e0de682a2aca46d6d55ff,ddc6d0a0729b2070c0dbbc972d7b9e687957f33bd2fd578d2477245fef7735ad,"{""circuit"":""surface_code:rotated_memory_x"",""cluster_node_limit"":50,""d"":3,""decoder"":""mwpf"",""decoder_type"":""SolverSerialJointSingleHair"",""p"":0.008,""p_erase"":0.008,""r"":3,""run_id"":""842b8d9622dd95e081373b13334f0c4c970c25ea256e90e9985b8d1bb6968aef""}",
         2,         0,         0,   0.000,mwpf__b97013a8da0fd8f6885b17db2a42ab25b19ddfdf52e8fcbc8652f7f86a4a96cb,0fcbe56867e1865cf3743ffac95ee6934c3a42db582868c86348a2ad7290185e,"{""circuit"":""surface_code:rotated_memory_x"",""cluster_node_limit"":50,""d"":3,""decoder"":""mwpf"",""decoder_type"":""SolverSerialJointSingleHair"",""p"":0.0075,""p_erase"":0.0075,""r"":3,""run_id"":""4bc734d2ac70cf62b78df146e81bdcf5df30d786b05a2eea177a13d890e64669""}",
         2,         0,         0,   0.001,mwpf__b97013a8da0fd8f6885b17db2a42ab25b19ddfdf52e8fcbc8652f7f86a4a96cb,0fcbe56867e1865cf3743ffac95ee6934c3a42db582868c86348a2ad7290185e,"{""circuit"":""surface_code:rotated_memory_x"",""cluster_node_limit"":50,""d"":3,""decoder"":""mwpf"",""decoder_type"":""SolverSerialJointSingleHair"",""p"":0.0075,""p_erase"":0.0075,""r"":3,""run_id"":""4bc734d2ac70cf62b78df146e81bdcf5df30d786b05a2eea177a13d890e64669""}",
         3,         0,         0,   0.001,mwpf__cdbabe99b4f243243aad339bb11c8a90131812a9c01e0de682a2aca46d6d55ff,ddc6d0a0729b2070c0dbbc972d7b9e687957f33bd2fd578d2477245fef7735ad,"{""circuit"":""surface_code:rotated_memory_x"",""cluster_node_limit"":50,""d"":3,""decoder"":""mwpf"",""decoder_type"":""SolverSerialJointSingleHair"",""p"":0.008,""p_erase"":0.008,""r"":3,""run_id"":""842b8d9622dd95e081373b13334f0c4c970c25ea256e90e9985b8d1bb6968aef""}",
         2,         0,         0,   0.000,mwpf__b97013a8da0fd8f6885b17db2a42ab25b19ddfdf52e8fcbc8652f7f86a4a96cb,0fcbe56867e1865cf3743ffac95ee6934c3a42db582868c86348a2ad7290185e,"{""circuit"":""surface_code:rotated_memory_x"",""cluster_node_limit"":50,""d"":3,""decoder"":""mwpf"",""decoder_type"":""SolverSerialJointSingleHair"",""p"":0.0075,""p_erase"":0.0075,""r"":3,""run_id"":""4bc734d2ac70cf62b78df146e81bdcf5df30d786b05a2eea177a13d890e64669""}",
         2,         0,         0,   0.000,mwpf__b97013a8da0fd8f6885b17db2a42ab25b19ddfdf52e8fcbc8652f7f86a4a96cb,0fcbe56867e1865cf3743ffac95ee6934c3a42db582868c86348a2ad7290185e,"{""circuit"":""surface_code:rotated_memory_x"",""cluster_node_limit"":50,""d"":3,""decoder"":""mwpf"",""decoder_type"":""SolverSerialJointSingleHair"",""p"":0.0075,""p_erase"":0.0075,""r"":3,""run_id"":""4bc734d2ac70cf62b78df146e81bdcf5df30d786b05a2eea177a13d890e64669""}",
         2,         0,         0,   0.000,mwpf__b97013a8da0fd8f6885b17db2a42ab25b19ddfdf52e8fcbc8652f7f86a4a96cb,0fcbe56867e1865cf3743ffac95ee6934c3a42db582868c86348a2ad7290185e,"{""circuit"":""surface_code:rotated_memory_x"",""cluster_node_limit"":50,""d"":3,""decoder"":""mwpf"",""decoder_type"":""SolverSerialJointSingleHair"",""p"":0.0075,""p_erase"":0.0075,""r"":3,""run_id"":""4bc734d2ac70cf62b78df146e81bdcf5df30d786b05a2eea177a13d890e64669""}",
        19,         0,         0,   0.001,mwpf__cdbabe99b4f243243aad339bb11c8a90131812a9c01e0de682a2aca46d6d55ff,ddc6d0a0729b2070c0dbbc972d7b9e687957f33bd2fd578d2477245fef7735ad,"{""circuit"":""surface_code:rotated_memory_x"",""cluster_node_limit"":50,""d"":3,""decoder"":""mwpf"",""decoder_type"":""SolverSerialJointSingleHair"",""p"":0.008,""p_erase"":0.008,""r"":3,""run_id"":""842b8d9622dd95e081373b13334f0c4c970c25ea256e90e9985b8d1bb6968aef""}",
         1,         0,         0,   0.000,mwpf__cdbabe99b4f243243aad339bb11c8a90131812a9c01e0de682a2aca46d6d55ff,ddc6d0a0729b2070c0dbbc972d7b9e687957f33bd2fd578d2477245fef7735ad,"{""circuit"":""surface_code:rotated_memory_x"",""cluster_node_limit"":50,""d"":3,""decoder"":""mwpf"",""decoder_type"":""SolverSerialJointSingleHair"",""p"":0.008,""p_erase"":0.008,""r"":3,""run_id"":""842b8d9622dd95e081373b13334f0c4c970c25ea256e90e9985b8d1bb6968aef""}",
        19,         0,         0,   0.002,mwpf__cdbabe99b4f243243aad339bb11c8a90131812a9c01e0de682a2aca46d6d55ff,ddc6d0a0729b2070c0dbbc972d7b9e687957f33bd2fd578d2477245fef7735ad,"{""circuit"":""surface_code:rotated_memory_x"",""cluster_node_limit"":50,""d"":3,""decoder"":""mwpf"",""decoder_type"":""SolverSerialJointSingleHair"",""p"":0.008,""p_erase"":0.008,""r"":3,""run_id"":""842b8d9622dd95e081373b13334f0c4c970c25ea256e90e9985b8d1bb6968aef""}",
         2,         0,         0,   0.000,mwpf__b97013a8da0fd8f6885b17db2a42ab25b19ddfdf52e8fcbc8652f7f86a4a96cb,0fcbe56867e1865cf3743ffac95ee6934c3a42db582868c86348a2ad7290185e,"{""circuit"":""surface_code:rotated_memory_x"",""cluster_node_limit"":50,""d"":3,""decoder"":""mwpf"",""decoder_type"":""SolverSerialJointSingleHair"",""p"":0.0075,""p_erase"":0.0075,""r"":3,""run_id"":""4bc734d2ac70cf62b78df146e81bdcf5df30d786b05a2eea177a13d890e64669""}",
         1,         0,         0,   0.000,mwpf__b97013a8da0fd8f6885b17db2a42ab25b19ddfdf52e8fcbc8652f7f86a4a96cb,0fcbe56867e1865cf3743ffac95ee6934c3a42db582868c86348a2ad7290185e,"{""circuit"":""surface_code:rotated_memory_x"",""cluster_node_limit"":50,""d"":3,""decoder"":""mwpf"",""decoder_type"":""SolverSerialJointSingleHair"",""p"":0.0075,""p_erase"":0.0075,""r"":3,""run_id"":""4bc734d2ac70cf62b78df146e81bdcf5df30d786b05a2eea177a13d890e64669""}",
         1,         0,         0,   0.000,mwpf__b97013a8da0fd8f6885b17db2a42ab25b19ddfdf52e8fcbc8652f7f86a4a96cb,0fcbe56867e1865cf3743ffac95ee6934c3a42db582868c86348a2ad7290185e,"{""circuit"":""surface_code:rotated_memory_x"",""cluster_node_limit"":50,""d"":3,""decoder"":""mwpf"",""decoder_type"":""SolverSerialJointSingleHair"",""p"":0.0075,""p_erase"":0.0075,""r"":3,""run_id"":""4bc734d2ac70cf62b78df146e81bdcf5df30d786b05a2eea177a13d890e64669""}",
         1,         0,         0,   0.000,mwpf__cdbabe99b4f243243aad339bb11c8a90131812a9c01e0de682a2aca46d6d55ff,ddc6d0a0729b2070c0dbbc972d7b9e687957f33bd2fd578d2477245fef7735ad,"{""circuit"":""surface_code:rotated_memory_x"",""cluster_node_limit"":50,""d"":3,""decoder"":""mwpf"",""decoder_type"":""SolverSerialJointSingleHair"",""p"":0.008,""p_erase"":0.008,""r"":3,""run_id"":""842b8d9622dd95e081373b13334f0c4c970c25ea256e90e9985b8d1bb6968aef""}",
         1,         0,         0,   0.000,mwpf__b97013a8da0fd8f6885b17db2a42ab25b19ddfdf52e8fcbc8652f7f86a4a96cb,0fcbe56867e1865cf3743ffac95ee6934c3a42db582868c86348a2ad7290185e,"{""circuit"":""surface_code:rotated_memory_x"",""cluster_node_limit"":50,""d"":3,""decoder"":""mwpf"",""decoder_type"":""SolverSerialJointSingleHair"",""p"":0.0075,""p_erase"":0.0075,""r"":3,""run_id"":""4bc734d2ac70cf62b78df146e81bdcf5df30d786b05a2eea177a13d890e64669""}",
         1,         0,         0,   0.000,mwpf__cdbabe99b4f243243aad339bb11c8a90131812a9c01e0de682a2aca46d6d55ff,ddc6d0a0729b2070c0dbbc972d7b9e687957f33bd2fd578d2477245fef7735ad,"{""circuit"":""surface_code:rotated_memory_x"",""cluster_node_limit"":50,""d"":3,""decoder"":""mwpf"",""decoder_type"":""SolverSerialJointSingleHair"",""p"":0.008,""p_erase"":0.008,""r"":3,""run_id"":""842b8d9622dd95e081373b13334f0c4c970c25ea256e90e9985b8d1bb6968aef""}",
         1,         0,         0,   0.000,mwpf__cdbabe99b4f243243aad339bb11c8a90131812a9c01e0de682a2aca46d6d55ff,ddc6d0a0729b2070c0dbbc972d7b9e687957f33bd2fd578d2477245fef7735ad,"{""circuit"":""surface_code:rotated_memory_x"",""cluster_node_limit"":50,""d"":3,""decoder"":""mwpf"",""decoder_type"":""SolverSerialJointSingleHair"",""p"":0.008,""p_erase"":0.008,""r"":3,""run_id"":""842b8d9622dd95e081373b13334f0c4c970c25ea256e90e9985b8d1bb6968aef""}",
         1,         0,         0,   0.000,mwpf__b97013a8da0fd8f6885b17db2a42ab25b19ddfdf52e8fcbc8652f7f86a4a96cb,0fcbe56867e1865cf3743ffac95ee6934c3a42db582868c86348a2ad7290185e,"{""circuit"":""surface_code:rotated_memory_x"",""cluster_node_limit"":50,""d"":3,""decoder"":""mwpf"",""decoder_type"":""SolverSerialJointSingleHair"",""p"":0.0075,""p_erase"":0.0075,""r"":3,""run_id"":""4bc734d2ac70cf62b78df146e81bdcf5df30d786b05a2eea177a13d890e64669""}",
         1,         0,         0,   0.000,mwpf__b97013a8da0fd8f6885b17db2a42ab25b19ddfdf52e8fcbc8652f7f86a4a96cb,0fcbe56867e1865cf3743ffac95ee6934c3a42db582868c86348a2ad7290185e,"{""circuit"":""surface_code:rotated_memory_x"",""cluster_node_limit"":50,""d"":3,""decoder"":""mwpf"",""decoder_type"":""SolverSerialJointSingleHair"",""p"":0.0075,""p_erase"":0.0075,""r"":3,""run_id"":""4bc734d2ac70cf62b78df146e81bdcf5df30d786b05a2eea177a13d890e64669""}",
         1,         0,         0,   0.000,mwpf__b97013a8da0fd8f6885b17db2a42ab25b19ddfdf52e8fcbc8652f7f86a4a96cb,0fcbe56867e1865cf3743ffac95ee6934c3a42db582868c86348a2ad7290185e,"{""circuit"":""surface_code:rotated_memory_x"",""cluster_node_limit"":50,""d"":3,""decoder"":""mwpf"",""decoder_type"":""SolverSerialJointSingleHair"",""p"":0.0075,""p_erase"":0.0075,""r"":3,""run_id"":""4bc734d2ac70cf62b78df146e81bdcf5df30d786b05a2eea177a13d890e64669""}",
         1,         0,         0,   0.000,mwpf__b97013a8da0fd8f6885b17db2a42ab25b19ddfdf52e8fcbc8652f7f86a4a96cb,0fcbe56867e1865cf3743ffac95ee6934c3a42db582868c86348a2ad7290185e,"{""circuit"":""surface_code:rotated_memory_x"",""cluster_node_limit"":50,""d"":3,""decoder"":""mwpf"",""decoder_type"":""SolverSerialJointSingleHair"",""p"":0.0075,""p_erase"":0.0075,""r"":3,""run_id"":""4bc734d2ac70cf62b78df146e81bdcf5df30d786b05a2eea177a13d890e64669""}",
         1,         0,         0,   0.000,mwpf__b97013a8da0fd8f6885b17db2a42ab25b19ddfdf52e8fcbc8652f7f86a4a96cb,0fcbe56867e1865cf3743ffac95ee6934c3a42db582868c86348a2ad7290185e,"{""circuit"":""surface_code:rotated_memory_x"",""cluster_node_limit"":50,""d"":3,""decoder"":""mwpf"",""decoder_type"":""SolverSerialJointSingleHair"",""p"":0.0075,""p_erase"":0.0075,""r"":3,""run_id"":""4bc734d2ac70cf62b78df146e81bdcf5df30d786b05a2eea177a13d890e64669""}",
         5,         0,         0,   0.001,mwpf__cdbabe99b4f243243aad339bb11c8a90131812a9c01e0de682a2aca46d6d55ff,ddc6d0a0729b2070c0dbbc972d7b9e687957f33bd2fd578d2477245fef7735ad,"{""circuit"":""surface_code:rotated_memory_x"",""cluster_node_limit"":50,""d"":3,""decoder"":""mwpf"",""decoder_type"":""SolverSerialJointSingleHair"",""p"":0.008,""p_erase"":0.008,""r"":3,""run_id"":""842b8d9622dd95e081373b13334f0c4c970c25ea256e90e9985b8d1bb6968aef""}",
         5,         0,         0,   0.000,mwpf__cdbabe99b4f243243aad339bb11c8a90131812a9c01e0de682a2aca46d6d55ff,ddc6d0a0729b2070c0dbbc972d7b9e687957f33bd2fd578d2477245fef7735ad,"{""circuit"":""surface_code:rotated_memory_x"",""cluster_node_limit"":50,""d"":3,""decoder"":""mwpf"",""decoder_type"":""SolverSerialJointSingleHair"",""p"":0.008,""p_erase"":0.008,""r"":3,""run_id"":""842b8d9622dd95e081373b13334f0c4c970c25ea256e90e9985b8d1bb6968aef""}",
         5,         0,         0,   0.001,mwpf__cdbabe99b4f243243aad339bb11c8a90131812a9c01e0de682a2aca46d6d55ff,ddc6d0a0729b2070c0dbbc972d7b9e687957f33bd2fd578d2477245fef7735ad,"{""circuit"":""surface_code:rotated_memory_x"",""cluster_node_limit"":50,""d"":3,""decoder"":""mwpf"",""decoder_type"":""SolverSerialJointSingleHair"",""p"":0.008,""p_erase"":0.008,""r"":3,""run_id"":""842b8d9622dd95e081373b13334f0c4c970c25ea256e90e9985b8d1bb6968aef""}",
         5,         0,         0,   0.001,mwpf__cdbabe99b4f243243aad339bb11c8a90131812a9c01e0de682a2aca46d6d55ff,ddc6d0a0729b2070c0dbbc972d7b9e687957f33bd2fd578d2477245fef7735ad,"{""circuit"":""surface_code:rotated_memory_x"",""cluster_node_limit"":50,""d"":3,""decoder"":""mwpf"",""decoder_type"":""SolverSerialJointSingleHair"",""p"":0.008,""p_erase"":0.008,""r"":3,""run_id"":""842b8d9622dd95e081373b13334f0c4c970c25ea256e90e9985b8d1bb6968aef""}",
         5,         0,         0,   0.001,mwpf__cdbabe99b4f243243aad339bb11c8a90131812a9c01e0de682a2aca46d6d55ff,ddc6d0a0729b2070c0dbbc972d7b9e687957f33bd2fd578d2477245fef7735ad,"{""circuit"":""surface_code:rotated_memory_x"",""cluster_node_limit"":50,""d"":3,""decoder"":""mwpf"",""decoder_type"":""SolverSerialJointSingleHair"",""p"":0.008,""p_erase"":0.008,""r"":3,""run_id"":""842b8d9622dd95e081373b13334f0c4c970c25ea256e90e9985b8d1bb6968aef""}",
         5,         0,         0,   0.001,mwpf__cdbabe99b4f243243aad339bb11c8a90131812a9c01e0de682a2aca46d6d55ff,ddc6d0a0729b2070c0dbbc972d7b9e687957f33bd2fd578d2477245fef7735ad,"{""circuit"":""surface_code:rotated_memory_x"",""cluster_node_limit"":50,""d"":3,""decoder"":""mwpf"",""decoder_type"":""SolverSerialJointSingleHair"",""p"":0.008,""p_erase"":0.008,""r"":3,""run_id"":""842b8d9622dd95e081373b13334f0c4c970c25ea256e90e9985b8d1bb6968aef""}",
         5,         0,         0,   0.000,mwpf__cdbabe99b4f243243aad339bb11c8a90131812a9c01e0de682a2aca46d6d55ff,ddc6d0a0729b2070c0dbbc972d7b9e687957f33bd2fd578d2477245fef7735ad,"{""circuit"":""surface_code:rotated_memory_x"",""cluster_node_limit"":50,""d"":3,""decoder"":""mwpf"",""decoder_type"":""SolverSerialJointSingleHair"",""p"":0.008,""p_erase"":0.008,""r"":3,""run_id"":""842b8d9622dd95e081373b13334f0c4c970c25ea256e90e9985b8d1bb6968aef""}",
         5,         0,         0,   0.001,mwpf__cdbabe99b4f243243aad339bb11c8a90131812a9c01e0de682a2aca46d6d55ff,ddc6d0a0729b2070c0dbbc972d7b9e687957f33bd2fd578d2477245fef7735ad,"{""circuit"":""surface_code:rotated_memory_x"",""cluster_node_limit"":50,""d"":3,""decoder"":""mwpf"",""decoder_type"":""SolverSerialJointSingleHair"",""p"":0.008,""p_erase"":0.008,""r"":3,""run_id"":""842b8d9622dd95e081373b13334f0c4c970c25ea256e90e9985b8d1bb6968aef""}",
         5,         0,         0,   0.001,mwpf__cdbabe99b4f243243aad339bb11c8a90131812a9c01e0de682a2aca46d6d55ff,ddc6d0a0729b2070c0dbbc972d7b9e687957f33bd2fd578d2477245fef7735ad,"{""circuit"":""surface_code:rotated_memory_x"",""cluster_node_limit"":50,""d"":3,""decoder"":""mwpf"",""decoder_type"":""SolverSerialJointSingleHair"",""p"":0.008,""p_erase"":0.008,""r"":3,""run_id"":""842b8d9622dd95e081373b13334f0c4c970c25ea256e90e9985b8d1bb6968aef""}",
         5,         1,         0,   0.001,mwpf__cdbabe99b4f243243aad339bb11c8a90131812a9c01e0de682a2aca46d6d55ff,ddc6d0a0729b2070c0dbbc972d7b9e687957f33bd2fd578d2477245fef7735ad,"{""circuit"":""surface_code:rotated_memory_x"",""cluster_node_limit"":50,""d"":3,""decoder"":""mwpf"",""decoder_type"":""SolverSerialJointSingleHair"",""p"":0.008,""p_erase"":0.008,""r"":3,""run_id"":""842b8d9622dd95e081373b13334f0c4c970c25ea256e90e9985b8d1bb6968aef""}",
         5,         0,         0,   0.001,mwpf__cdbabe99b4f243243aad339bb11c8a90131812a9c01e0de682a2aca46d6d55ff,ddc6d0a0729b2070c0dbbc972d7b9e687957f33bd2fd578d2477245fef7735ad,"{""circuit"":""surface_code:rotated_memory_x"",""cluster_node_limit"":50,""d"":3,""decoder"":""mwpf"",""decoder_type"":""SolverSerialJointSingleHair"",""p"":0.008,""p_erase"":0.008,""r"":3,""run_id"":""842b8d9622dd95e081373b13334f0c4c970c25ea256e90e9985b8d1bb6968aef""}",
         5,         0,         0,   0.001,mwpf__cdbabe99b4f243243aad339bb11c8a90131812a9c01e0de682a2aca46d6d55ff,ddc6d0a0729b2070c0dbbc972d7b9e687957f33bd2fd578d2477245fef7735ad,"{""circuit"":""surface_code:rotated_memory_x"",""cluster_node_limit"":50,""d"":3,""decoder"":""mwpf"",""decoder_type"":""SolverSerialJointSingleHair"",""p"":0.008,""p_erase"":0.008,""r"":3,""run_id"":""842b8d9622dd95e081373b13334f0c4c970c25ea256e90e9985b8d1bb6968aef""}",
         5,         0,         0,   0.001,mwpf__cdbabe99b4f243243aad339bb11c8a90131812a9c01e0de682a2aca46d6d55ff,ddc6d0a0729b2070c0dbbc972d7b9e687957f33bd2fd578d2477245fef7735ad,"{""circuit"":""surface_code:rotated_memory_x"",""cluster_node_limit"":50,""d"":3,""decoder"":""mwpf"",""decoder_type"":""SolverSerialJointSingleHair"",""p"":0.008,""p_erase"":0.008,""r"":3,""run_id"":""842b8d9622dd95e081373b13334f0c4c970c25ea256e90e9985b8d1bb6968aef""}",
         4,         0,         0,   0.001,mwpf__cdbabe99b4f243243aad339bb11c8a90131812a9c01e0de682a2aca46d6d55ff,ddc6d0a0729b2070c0dbbc972d7b9e687957f33bd2fd578d2477245fef7735ad,"{""circuit"":""surface_code:rotated_memory_x"",""cluster_node_limit"":50,""d"":3,""decoder"":""mwpf"",""decoder_type"":""SolverSerialJointSingleHair"",""p"":0.008,""p_erase"":0.008,""r"":3,""run_id"":""842b8d9622dd95e081373b13334f0c4c970c25ea256e90e9985b8d1bb6968aef""}",
         4,         0,         0,   0.001,mwpf__cdbabe99b4f243243aad339bb11c8a90131812a9c01e0de682a2aca46d6d55ff,ddc6d0a0729b2070c0dbbc972d7b9e687957f33bd2fd578d2477245fef7735ad,"{""circuit"":""surface_code:rotated_memory_x"",""cluster_node_limit"":50,""d"":3,""decoder"":""mwpf"",""decoder_type"":""SolverSerialJointSingleHair"",""p"":0.008,""p_erase"":0.008,""r"":3,""run_id"":""842b8d9622dd95e081373b13334f0c4c970c25ea256e90e9985b8d1bb6968aef""}",
         5,         0,         0,   0.001,mwpf__cdbabe99b4f243243aad339bb11c8a90131812a9c01e0de682a2aca46d6d55ff,ddc6d0a0729b2070c0dbbc972d7b9e687957f33bd2fd578d2477245fef7735ad,"{""circuit"":""surface_code:rotated_memory_x"",""cluster_node_limit"":50,""d"":3,""decoder"":""mwpf"",""decoder_type"":""SolverSerialJointSingleHair"",""p"":0.008,""p_erase"":0.008,""r"":3,""run_id"":""842b8d9622dd95e081373b13334f0c4c970c25ea256e90e9985b8d1bb6968aef""}",
         1,         0,         0,   0.000,mwpf__cdbabe99b4f243243aad339bb11c8a90131812a9c01e0de682a2aca46d6d55ff,ddc6d0a0729b2070c0dbbc972d7b9e687957f33bd2fd578d2477245fef7735ad,"{""circuit"":""surface_code:rotated_memory_x"",""cluster_node_limit"":50,""d"":3,""decoder"":""mwpf"",""decoder_type"":""SolverSerialJointSingleHair"",""p"":0.008,""p_erase"":0.008,""r"":3,""run_id"":""842b8d9622dd95e081373b13334f0c4c970c25ea256e90e9985b8d1bb6968aef""}",
         1,         0,         0,   0.000,mwpf__cdbabe99b4f243243aad339bb11c8a90131812a9c01e0de682a2aca46d6d55ff,ddc6d0a0729b2070c0dbbc972d7b9e687957f33bd2fd578d2477245fef7735ad,"{""circuit"":""surface_code:rotated_memory_x"",""cluster_node_limit"":50,""d"":3,""decoder"":""mwpf"",""decoder_type"":""SolverSerialJointSingleHair"",""p"":0.008,""p_erase"":0.008,""r"":3,""run_id"":""842b8d9622dd95e081373b13334f0c4c970c25ea256e90e9985b8d1bb6968aef""}",
         3,         0,         0,   0.000,mwpf__cdbabe99b4f243243aad339bb11c8a90131812a9c01e0de682a2aca46d6d55ff,ddc6d0a0729b2070c0dbbc972d7b9e687957f33bd2fd578d2477245fef7735ad,"{""circuit"":""surface_code:rotated_memory_x"",""cluster_node_limit"":50,""d"":3,""decoder"":""mwpf"",""decoder_type"":""SolverSerialJointSingleHair"",""p"":0.008,""p_erase"":0.008,""r"":3,""run_id"":""842b8d9622dd95e081373b13334f0c4c970c25ea256e90e9985b8d1bb6968aef""}",
         1,         0,         0,   0.000,mwpf__cdbabe99b4f243243aad339bb11c8a90131812a9c01e0de682a2aca46d6d55ff,ddc6d0a0729b2070c0dbbc972d7b9e687957f33bd2fd578d2477245fef7735ad,"{""circuit"":""surface_code:rotated_memory_x"",""cluster_node_limit"":50,""d"":3,""decoder"":""mwpf"",""decoder_type"":""SolverSerialJointSingleHair"",""p"":0.008,""p_erase"":0.008,""r"":3,""run_id"":""842b8d9622dd95e081373b13334f0c4c970c25ea256e90e9985b8d1bb6968aef""}",
         3,         0,         0,   0.000,mwpf__cdbabe99b4f243243aad339bb11c8a90131812a9c01e0de682a2aca46d6d55ff,ddc6d0a0729b2070c0dbbc972d7b9e687957f33bd2fd578d2477245fef7735ad,"{""circuit"":""surface_code:rotated_memory_x"",""cluster_node_limit"":50,""d"":3,""decoder"":""mwpf"",""decoder_type"":""SolverSerialJointSingleHair"",""p"":0.008,""p_erase"":0.008,""r"":3,""run_id"":""842b8d9622dd95e081373b13334f0c4c970c25ea256e90e9985b8d1bb6968aef""}",
         4,         0,         0,   0.000,mwpf__cdbabe99b4f243243aad339bb11c8a90131812a9c01e0de682a2aca46d6d55ff,ddc6d0a0729b2070c0dbbc972d7b9e687957f33bd2fd578d2477245fef7735ad,"{""circuit"":""surface_code:rotated_memory_x"",""cluster_node_limit"":50,""d"":3,""decoder"":""mwpf"",""decoder_type"":""SolverSerialJointSingleHair"",""p"":0.008,""p_erase"":0.008,""r"":3,""run_id"":""842b8d9622dd95e081373b13334f0c4c970c25ea256e90e9985b8d1bb6968aef""}",
         2,         0,         0,   0.000,mwpf__cdbabe99b4f243243aad339bb11c8a90131812a9c01e0de682a2aca46d6d55ff,ddc6d0a0729b2070c0dbbc972d7b9e687957f33bd2fd578d2477245fef7735ad,"{""circuit"":""surface_code:rotated_memory_x"",""cluster_node_limit"":50,""d"":3,""decoder"":""mwpf"",""decoder_type"":""SolverSerialJointSingleHair"",""p"":0.008,""p_erase"":0.008,""r"":3,""run_id"":""842b8d9622dd95e081373b13334f0c4c970c25ea256e90e9985b8d1bb6968aef""}",
         1,         0,         0,   0.000,mwpf__cdbabe99b4f243243aad339bb11c8a90131812a9c01e0de682a2aca46d6d55ff,ddc6d0a0729b2070c0dbbc972d7b9e687957f33bd2fd578d2477245fef7735ad,"{""circuit"":""surface_code:rotated_memory_x"",""cluster_node_limit"":50,""d"":3,""decoder"":""mwpf"",""decoder_type"":""SolverSerialJointSingleHair"",""p"":0.008,""p_erase"":0.008,""r"":3,""run_id"":""842b8d9622dd95e081373b13334f0c4c970c25ea256e90e9985b8d1bb6968aef""}",
         1,         0,         0,   0.000,mwpf__cdbabe99b4f243243aad339bb11c8a90131812a9c01e0de682a2aca46d6d55ff,ddc6d0a0729b2070c0dbbc972d7b9e687957f33bd2fd578d2477245fef7735ad,"{""circuit"":""surface_code:rotated_memory_x"",""cluster_node_limit"":50,""d"":3,""decoder"":""mwpf"",""decoder_type"":""SolverSerialJointSingleHair"",""p"":0.008,""p_erase"":0.008,""r"":3,""run_id"":""842b8d9622dd95e081373b13334f0c4c970c25ea256e90e9985b8d1bb6968aef""}",
         2,         0,         0,   0.000,mwpf__cdbabe99b4f243243aad339bb11c8a90131812a9c01e0de682a2aca46d6d55ff,ddc6d0a0729b2070c0dbbc972d7b9e687957f33bd2fd578d2477245fef7735ad,"{""circuit"":""surface_code:rotated_memory_x"",""cluster_node_limit"":50,""d"":3,""decoder"":""mwpf"",""decoder_type"":""SolverSerialJointSingleHair"",""p"":0.008,""p_erase"":0.008,""r"":3,""run_id"":""842b8d9622dd95e081373b13334f0c4c970c25ea256e90e9985b8d1bb6968aef""}",
         1,         0,         0,   0.000,mwpf__cdbabe99b4f243243aad339bb11c8a90131812a9c01e0de682a2aca46d6d55ff,ddc6d0a0729b2070c0dbbc972d7b9e687957f33bd2fd578d2477245fef7735ad,"{""circuit"":""surface_code:rotated_memory_x"",""cluster_node_limit"":50,""d"":3,""decoder"":""mwpf"",""decoder_type"":""SolverSerialJointSingleHair"",""p"":0.008,""p_erase"":0.008,""r"":3,""run_id"":""842b8d9622dd95e081373b13334f0c4c970c25ea256e90e9985b8d1bb6968aef""}",
         2,         0,         0,   0.000,mwpf__cdbabe99b4f243243aad339bb11c8a90131812a9c01e0de682a2aca46d6d55ff,ddc6d0a0729b2070c0dbbc972d7b9e687957f33bd2fd578d2477245fef7735ad,"{""circuit"":""surface_code:rotated_memory_x"",""cluster_node_limit"":50,""d"":3,""decoder"":""mwpf"",""decoder_type"":""SolverSerialJointSingleHair"",""p"":0.008,""p_erase"":0.008,""r"":3,""run_id"":""842b8d9622dd95e081373b13334f0c4c970c25ea256e90e9985b8d1bb6968aef""}",
         1,         0,         0,   0.000,mwpf__cdbabe99b4f243243aad339bb11c8a90131812a9c01e0de682a2aca46d6d55ff,ddc6d0a0729b2070c0dbbc972d7b9e687957f33bd2fd578d2477245fef7735ad,"{""circuit"":""surface_code:rotated_memory_x"",""cluster_node_limit"":50,""d"":3,""decoder"":""mwpf"",""decoder_type"":""SolverSerialJointSingleHair"",""p"":0.008,""p_erase"":0.008,""r"":3,""run_id"":""842b8d9622dd95e081373b13334f0c4c970c25ea256e90e9985b8d1bb6968aef""}",
         1,         0,         0,   0.000,mwpf__cdbabe99b4f243243aad339bb11c8a90131812a9c01e0de682a2aca46d6d55ff,ddc6d0a0729b2070c0dbbc972d7b9e687957f33bd2fd578d2477245fef7735ad,"{""circuit"":""surface_code:rotated_memory_x"",""cluster_node_limit"":50,""d"":3,""decoder"":""mwpf"",""decoder_type"":""SolverSerialJointSingleHair"",""p"":0.008,""p_erase"":0.008,""r"":3,""run_id"":""842b8d9622dd95e081373b13334f0c4c970c25ea256e90e9985b8d1bb6968aef""}",
         4,         0,         0,   0.001,mwpf__cdbabe99b4f243243aad339bb11c8a90131812a9c01e0de682a2aca46d6d55ff,ddc6d0a0729b2070c0dbbc972d7b9e687957f33bd2fd578d2477245fef7735ad,"{""circuit"":""surface_code:rotated_memory_x"",""cluster_node_limit"":50,""d"":3,""decoder"":""mwpf"",""decoder_type"":""SolverSerialJointSingleHair"",""p"":0.008,""p_erase"":0.008,""r"":3,""run_id"":""842b8d9622dd95e081373b13334f0c4c970c25ea256e90e9985b8d1bb6968aef""}",
         1,         0,         0,   0.000,mwpf__cdbabe99b4f243243aad339bb11c8a90131812a9c01e0de682a2aca46d6d55ff,ddc6d0a0729b2070c0dbbc972d7b9e687957f33bd2fd578d2477245fef7735ad,"{""circuit"":""surface_code:rotated_memory_x"",""cluster_node_limit"":50,""d"":3,""decoder"":""mwpf"",""decoder_type"":""SolverSerialJointSingleHair"",""p"":0.008,""p_erase"":0.008,""r"":3,""run_id"":""842b8d9622dd95e081373b13334f0c4c970c25ea256e90e9985b8d1bb6968aef""}",
         2,         0,         0,   0.000,mwpf__cdbabe99b4f243243aad339bb11c8a90131812a9c01e0de682a2aca46d6d55ff,ddc6d0a0729b2070c0dbbc972d7b9e687957f33bd2fd578d2477245fef7735ad,"{""circuit"":""surface_code:rotated_memory_x"",""cluster_node_limit"":50,""d"":3,""decoder"":""mwpf"",""decoder_type"":""SolverSerialJointSingleHair"",""p"":0.008,""p_erase"":0.008,""r"":3,""run_id"":""842b8d9622dd95e081373b13334f0c4c970c25ea256e90e9985b8d1bb6968aef""}",
         1,         0,         0,   0.000,mwpf__cdbabe99b4f243243aad339bb11c8a90131812a9c01e0de682a2aca46d6d55ff,ddc6d0a0729b2070c0dbbc972d7b9e687957f33bd2fd578d2477245fef7735ad,"{""circuit"":""surface_code:rotated_memory_x"",""cluster_node_limit"":50,""d"":3,""decoder"":""mwpf"",""decoder_type"":""SolverSerialJointSingleHair"",""p"":0.008,""p_erase"":0.008,""r"":3,""run_id"":""842b8d9622dd95e081373b13334f0c4c970c25ea256e90e9985b8d1bb6968aef""}",
         2,         0,         0,   0.000,mwpf__cdbabe99b4f243243aad339bb11c8a90131812a9c01e0de682a2aca46d6d55ff,ddc6d0a0729b2070c0dbbc972d7b9e687957f33bd2fd578d2477245fef7735ad,"{""circuit"":""surface_code:rotated_memory_x"",""cluster_node_limit"":50,""d"":3,""decoder"":""mwpf"",""decoder_type"":""SolverSerialJointSingleHair"",""p"":0.008,""p_erase"":0.008,""r"":3,""run_id"":""842b8d9622dd95e081373b13334f0c4c970c25ea256e90e9985b8d1bb6968aef""}",
         2,         0,         0,   0.000,mwpf__cdbabe99b4f243243aad339bb11c8a90131812a9c01e0de682a2aca46d6d55ff,ddc6d0a0729b2070c0dbbc972d7b9e687957f33bd2fd578d2477245fef7735ad,"{""circuit"":""surface_code:rotated_memory_x"",""cluster_node_limit"":50,""d"":3,""decoder"":""mwpf"",""decoder_type"":""SolverSerialJointSingleHair"",""p"":0.008,""p_erase"":0.008,""r"":3,""run_id"":""842b8d9622dd95e081373b13334f0c4c970c25ea256e90e9985b8d1bb6968aef""}",
         1,         0,         0,   0.000,mwpf__cdbabe99b4f243243aad339bb11c8a90131812a9c01e0de682a2aca46d6d55ff,ddc6d0a0729b2070c0dbbc972d7b9e687957f33bd2fd578d2477245fef7735ad,"{""circuit"":""surface_code:rotated_memory_x"",""cluster_node_limit"":50,""d"":3,""decoder"":""mwpf"",""decoder_type"":""SolverSerialJointSingleHair"",""p"":0.008,""p_erase"":0.008,""r"":3,""run_id"":""842b8d9622dd95e081373b13334f0c4c970c25ea256e90e9985b8d1bb6968aef""}",
         2,         0,         0,   0.000,mwpf__cdbabe99b4f243243aad339bb11c8a90131812a9c01e0de682a2aca46d6d55ff,ddc6d0a0729b2070c0dbbc972d7b9e687957f33bd2fd578d2477245fef7735ad,"{""circuit"":""surface_code:rotated_memory_x"",""cluster_node_limit"":50,""d"":3,""decoder"":""mwpf"",""decoder_type"":""SolverSerialJointSingleHair"",""p"":0.008,""p_erase"":0.008,""r"":3,""run_id"":""842b8d9622dd95e081373b13334f0c4c970c25ea256e90e9985b8d1bb6968aef""}",
         2,         0,         0,   0.001,mwpf__cdbabe99b4f243243aad339bb11c8a90131812a9c01e0de682a2aca46d6d55ff,ddc6d0a0729b2070c0dbbc972d7b9e687957f33bd2fd578d2477245fef7735ad,"{""circuit"":""surface_code:rotated_memory_x"",""cluster_node_limit"":50,""d"":3,""decoder"":""mwpf"",""decoder_type"":""SolverSerialJointSingleHair"",""p"":0.008,""p_erase"":0.008,""r"":3,""run_id"":""842b8d9622dd95e081373b13334f0c4c970c25ea256e90e9985b8d1bb6968aef""}",
         2,         0,         0,   0.000,mwpf__cdbabe99b4f243243aad339bb11c8a90131812a9c01e0de682a2aca46d6d55ff,ddc6d0a0729b2070c0dbbc972d7b9e687957f33bd2fd578d2477245fef7735ad,"{""circuit"":""surface_code:rotated_memory_x"",""cluster_node_limit"":50,""d"":3,""decoder"":""mwpf"",""decoder_type"":""SolverSerialJointSingleHair"",""p"":0.008,""p_erase"":0.008,""r"":3,""run_id"":""842b8d9622dd95e081373b13334f0c4c970c25ea256e90e9985b8d1bb6968aef""}",
         1,         0,         0,   0.000,mwpf__cdbabe99b4f243243aad339bb11c8a90131812a9c01e0de682a2aca46d6d55ff,ddc6d0a0729b2070c0dbbc972d7b9e687957f33bd2fd578d2477245fef7735ad,"{""circuit"":""surface_code:rotated_memory_x"",""cluster_node_limit"":50,""d"":3,""decoder"":""mwpf"",""decoder_type"":""SolverSerialJointSingleHair"",""p"":0.008,""p_erase"":0.008,""r"":3,""run_id"":""842b8d9622dd95e081373b13334f0c4c970c25ea256e90e9985b8d1bb6968aef""}",
         1,         0,         0,   0.000,mwpf__cdbabe99b4f243243aad339bb11c8a90131812a9c01e0de682a2aca46d6d55ff,ddc6d0a0729b2070c0dbbc972d7b9e687957f33bd2fd578d2477245fef7735ad,"{""circuit"":""surface_code:rotated_memory_x"",""cluster_node_limit"":50,""d"":3,""decoder"":""mwpf"",""decoder_type"":""SolverSerialJointSingleHair"",""p"":0.008,""p_erase"":0.008,""r"":3,""run_id"":""842b8d9622dd95e081373b13334f0c4c970c25ea256e90e9985b8d1bb6968aef""}",
         1,         0,         0,   0.000,mwpf__cdbabe99b4f243243aad339bb11c8a90131812a9c01e0de682a2aca46d6d55ff,ddc6d0a0729b2070c0dbbc972d7b9e687957f33bd2fd578d2477245fef7735ad,"{""circuit"":""surface_code:rotated_memory_x"",""cluster_node_limit"":50,""d"":3,""decoder"":""mwpf"",""decoder_type"":""SolverSerialJointSingleHair"",""p"":0.008,""p_erase"":0.008,""r"":3,""run_id"":""842b8d9622dd95e081373b13334f0c4c970c25ea256e90e9985b8d1bb6968aef""}",
         1,         0,         0,   0.000,mwpf__cdbabe99b4f243243aad339bb11c8a90131812a9c01e0de682a2aca46d6d55ff,ddc6d0a0729b2070c0dbbc972d7b9e687957f33bd2fd578d2477245fef7735ad,"{""circuit"":""surface_code:rotated_memory_x"",""cluster_node_limit"":50,""d"":3,""decoder"":""mwpf"",""decoder_type"":""SolverSerialJointSingleHair"",""p"":0.008,""p_erase"":0.008,""r"":3,""run_id"":""842b8d9622dd95e081373b13334f0c4c970c25ea256e90e9985b8d1bb6968aef""}",
         1,         0,         0,   0.000,mwpf__cdbabe99b4f243243aad339bb11c8a90131812a9c01e0de682a2aca46d6d55ff,ddc6d0a0729b2070c0dbbc972d7b9e687957f33bd2fd578d2477245fef7735ad,"{""circuit"":""surface_code:rotated_memory_x"",""cluster_node_limit"":50,""d"":3,""decoder"":""mwpf"",""decoder_type"":""SolverSerialJointSingleHair"",""p"":0.008,""p_erase"":0.008,""r"":3,""run_id"":""842b8d9622dd95e081373b13334f0c4c970c25ea256e90e9985b8d1bb6968aef""}",
         1,         0,         0,   0.000,mwpf__cdbabe99b4f243243aad339bb11c8a90131812a9c01e0de682a2aca46d6d55ff,ddc6d0a0729b2070c0dbbc972d7b9e687957f33bd2fd578d2477245fef7735ad,"{""circuit"":""surface_code:rotated_memory_x"",""cluster_node_limit"":50,""d"":3,""decoder"":""mwpf"",""decoder_type"":""SolverSerialJointSingleHair"",""p"":0.008,""p_erase"":0.008,""r"":3,""run_id"":""842b8d9622dd95e081373b13334f0c4c970c25ea256e90e9985b8d1bb6968aef""}",
         1,         0,         0,   0.000,mwpf__cdbabe99b4f243243aad339bb11c8a90131812a9c01e0de682a2aca46d6d55ff,ddc6d0a0729b2070c0dbbc972d7b9e687957f33bd2fd578d2477245fef7735ad,"{""circuit"":""surface_code:rotated_memory_x"",""cluster_node_limit"":50,""d"":3,""decoder"":""mwpf"",""decoder_type"":""SolverSerialJointSingleHair"",""p"":0.008,""p_erase"":0.008,""r"":3,""run_id"":""842b8d9622dd95e081373b13334f0c4c970c25ea256e90e9985b8d1bb6968aef""}",
         1,         0,         0,   0.000,mwpf__cdbabe99b4f243243aad339bb11c8a90131812a9c01e0de682a2aca46d6d55ff,ddc6d0a0729b2070c0dbbc972d7b9e687957f33bd2fd578d2477245fef7735ad,"{""circuit"":""surface_code:rotated_memory_x"",""cluster_node_limit"":50,""d"":3,""decoder"":""mwpf"",""decoder_type"":""SolverSerialJointSingleHair"",""p"":0.008,""p_erase"":0.008,""r"":3,""run_id"":""842b8d9622dd95e081373b13334f0c4c970c25ea256e90e9985b8d1bb6968aef""}",
         1,         0,         0,   0.000,mwpf__cdbabe99b4f243243aad339bb11c8a90131812a9c01e0de682a2aca46d6d55ff,ddc6d0a0729b2070c0dbbc972d7b9e687957f33bd2fd578d2477245fef7735ad,"{""circuit"":""surface_code:rotated_memory_x"",""cluster_node_limit"":50,""d"":3,""decoder"":""mwpf"",""decoder_type"":""SolverSerialJointSingleHair"",""p"":0.008,""p_erase"":0.008,""r"":3,""run_id"":""842b8d9622dd95e081373b13334f0c4c970c25ea256e90e9985b8d1bb6968aef""}",
         1,         0,         0,   0.000,mwpf__cdbabe99b4f243243aad339bb11c8a90131812a9c01e0de682a2aca46d6d55ff,ddc6d0a0729b2070c0dbbc972d7b9e687957f33bd2fd578d2477245fef7735ad,"{""circuit"":""surface_code:rotated_memory_x"",""cluster_node_limit"":50,""d"":3,""decoder"":""mwpf"",""decoder_type"":""SolverSerialJointSingleHair"",""p"":0.008,""p_erase"":0.008,""r"":3,""run_id"":""842b8d9622dd95e081373b13334f0c4c970c25ea256e90e9985b8d1bb6968aef""}",
         1,         0,         0,   0.000,mwpf__cdbabe99b4f243243aad339bb11c8a90131812a9c01e0de682a2aca46d6d55ff,ddc6d0a0729b2070c0dbbc972d7b9e687957f33bd2fd578d2477245fef7735ad,"{""circuit"":""surface_code:rotated_memory_x"",""cluster_node_limit"":50,""d"":3,""decoder"":""mwpf"",""decoder_type"":""SolverSerialJointSingleHair"",""p"":0.008,""p_erase"":0.008,""r"":3,""run_id"":""842b8d9622dd95e081373b13334f0c4c970c25ea256e90e9985b8d1bb6968aef""}",
         1,         0,         0,   0.000,mwpf__cdbabe99b4f243243aad339bb11c8a90131812a9c01e0de682a2aca46d6d55ff,ddc6d0a0729b2070c0dbbc972d7b9e687957f33bd2fd578d2477245fef7735ad,"{""circuit"":""surface_code:rotated_memory_x"",""cluster_node_limit"":50,""d"":3,""decoder"":""mwpf"",""decoder_type"":""SolverSerialJointSingleHair"",""p"":0.008,""p_erase"":0.008,""r"":3,""run_id"":""842b8d9622dd95e081373b13334f0c4c970c25ea256e90e9985b8d1bb6968aef""}",
         4,         0,         0,   0.000,mwpf__cdbabe99b4f243243aad339bb11c8a90131812a9c01e0de682a2aca46d6d55ff,ddc6d0a0729b2070c0dbbc972d7b9e687957f33bd2fd578d2477245fef7735ad,"{""circuit"":""surface_code:rotated_memory_x"",""cluster_node_limit"":50,""d"":3,""decoder"":""mwpf"",""decoder_type"":""SolverSerialJointSingleHair"",""p"":0.008,""p_erase"":0.008,""r"":3,""run_id"":""842b8d9622dd95e081373b13334f0c4c970c25ea256e90e9985b8d1bb6968aef""}",
         1,         0,         0,   0.000,mwpf__cdbabe99b4f243243aad339bb11c8a90131812a9c01e0de682a2aca46d6d55ff,ddc6d0a0729b2070c0dbbc972d7b9e687957f33bd2fd578d2477245fef7735ad,"{""circuit"":""surface_code:rotated_memory_x"",""cluster_node_limit"":50,""d"":3,""decoder"":""mwpf"",""decoder_type"":""SolverSerialJointSingleHair"",""p"":0.008,""p_erase"":0.008,""r"":3,""run_id"":""842b8d9622dd95e081373b13334f0c4c970c25ea256e90e9985b8d1bb6968aef""}",
         4,         0,         0,   0.001,mwpf__cdbabe99b4f243243aad339bb11c8a90131812a9c01e0de682a2aca46d6d55ff,ddc6d0a0729b2070c0dbbc972d7b9e687957f33bd2fd578d2477245fef7735ad,"{""circuit"":""surface_code:rotated_memory_x"",""cluster_node_limit"":50,""d"":3,""decoder"":""mwpf"",""decoder_type"":""SolverSerialJointSingleHair"",""p"":0.008,""p_erase"":0.008,""r"":3,""run_id"":""842b8d9622dd95e081373b13334f0c4c970c25ea256e90e9985b8d1bb6968aef""}",
         1,         0,         0,   0.000,mwpf__cdbabe99b4f243243aad339bb11c8a90131812a9c01e0de682a2aca46d6d55ff,ddc6d0a0729b2070c0dbbc972d7b9e687957f33bd2fd578d2477245fef7735ad,"{""circuit"":""surface_code:rotated_memory_x"",""cluster_node_limit"":50,""d"":3,""decoder"":""mwpf"",""decoder_type"":""SolverSerialJointSingleHair"",""p"":0.008,""p_erase"":0.008,""r"":3,""run_id"":""842b8d9622dd95e081373b13334f0c4c970c25ea256e90e9985b8d1bb6968aef""}",
         1,         0,         0,   0.000,mwpf__cdbabe99b4f243243aad339bb11c8a90131812a9c01e0de682a2aca46d6d55ff,ddc6d0a0729b2070c0dbbc972d7b9e687957f33bd2fd578d2477245fef7735ad,"{""circuit"":""surface_code:rotated_memory_x"",""cluster_node_limit"":50,""d"":3,""decoder"":""mwpf"",""decoder_type"":""SolverSerialJointSingleHair"",""p"":0.008,""p_erase"":0.008,""r"":3,""run_id"":""842b8d9622dd95e081373b13334f0c4c970c25ea256e90e9985b8d1bb6968aef""}",
         1,         0,         0,   0.000,mwpf__cdbabe99b4f243243aad339bb11c8a90131812a9c01e0de682a2aca46d6d55ff,ddc6d0a0729b2070c0dbbc972d7b9e687957f33bd2fd578d2477245fef7735ad,"{""circuit"":""surface_code:rotated_memory_x"",""cluster_node_limit"":50,""d"":3,""decoder"":""mwpf"",""decoder_type"":""SolverSerialJointSingleHair"",""p"":0.008,""p_erase"":0.008,""r"":3,""run_id"":""842b8d9622dd95e081373b13334f0c4c970c25ea256e90e9985b8d1bb6968aef""}",
         1,         0,         0,   0.000,mwpf__cdbabe99b4f243243aad339bb11c8a90131812a9c01e0de682a2aca46d6d55ff,ddc6d0a0729b2070c0dbbc972d7b9e687957f33bd2fd578d2477245fef7735ad,"{""circuit"":""surface_code:rotated_memory_x"",""cluster_node_limit"":50,""d"":3,""decoder"":""mwpf"",""decoder_type"":""SolverSerialJointSingleHair"",""p"":0.008,""p_erase"":0.008,""r"":3,""run_id"":""842b8d9622dd95e081373b13334f0c4c970c25ea256e90e9985b8d1bb6968aef""}",
         1,         0,         0,   0.000,mwpf__cdbabe99b4f243243aad339bb11c8a90131812a9c01e0de682a2aca46d6d55ff,ddc6d0a0729b2070c0dbbc972d7b9e687957f33bd2fd578d2477245fef7735ad,"{""circuit"":""surface_code:rotated_memory_x"",""cluster_node_limit"":50,""d"":3,""decoder"":""mwpf"",""decoder_type"":""SolverSerialJointSingleHair"",""p"":0.008,""p_erase"":0.008,""r"":3,""run_id"":""842b8d9622dd95e081373b13334f0c4c970c25ea256e90e9985b8d1bb6968aef""}",
         1,         0,         0,   0.000,mwpf__cdbabe99b4f243243aad339bb11c8a90131812a9c01e0de682a2aca46d6d55ff,ddc6d0a0729b2070c0dbbc972d7b9e687957f33bd2fd578d2477245fef7735ad,"{""circuit"":""surface_code:rotated_memory_x"",""cluster_node_limit"":50,""d"":3,""decoder"":""mwpf"",""decoder_type"":""SolverSerialJointSingleHair"",""p"":0.008,""p_erase"":0.008,""r"":3,""run_id"":""842b8d9622dd95e081373b13334f0c4c970c25ea256e90e9985b8d1bb6968aef""}",
         1,         0,         0,   0.000,mwpf__cdbabe99b4f243243aad339bb11c8a90131812a9c01e0de682a2aca46d6d55ff,ddc6d0a0729b2070c0dbbc972d7b9e687957f33bd2fd578d2477245fef7735ad,"{""circuit"":""surface_code:rotated_memory_x"",""cluster_node_limit"":50,""d"":3,""decoder"":""mwpf"",""decoder_type"":""SolverSerialJointSingleHair"",""p"":0.008,""p_erase"":0.008,""r"":3,""run_id"":""842b8d9622dd95e081373b13334f0c4c970c25ea256e90e9985b8d1bb6968aef""}",
         1,         0,         0,   0.000,mwpf__cdbabe99b4f243243aad339bb11c8a90131812a9c01e0de682a2aca46d6d55ff,ddc6d0a0729b2070c0dbbc972d7b9e687957f33bd2fd578d2477245fef7735ad,"{""circuit"":""surface_code:rotated_memory_x"",""cluster_node_limit"":50,""d"":3,""decoder"":""mwpf"",""decoder_type"":""SolverSerialJointSingleHair"",""p"":0.008,""p_erase"":0.008,""r"":3,""run_id"":""842b8d9622dd95e081373b13334f0c4c970c25ea256e90e9985b8d1bb6968aef""}",
         1,         0,         0,   0.000,mwpf__cdbabe99b4f243243aad339bb11c8a90131812a9c01e0de682a2aca46d6d55ff,ddc6d0a0729b2070c0dbbc972d7b9e687957f33bd2fd578d2477245fef7735ad,"{""circuit"":""surface_code:rotated_memory_x"",""cluster_node_limit"":50,""d"":3,""decoder"":""mwpf"",""decoder_type"":""SolverSerialJointSingleHair"",""p"":0.008,""p_erase"":0.008,""r"":3,""run_id"":""842b8d9622dd95e081373b13334f0c4c970c25ea256e90e9985b8d1bb6968aef""}",
         1,         0,         0,   0.000,mwpf__cdbabe99b4f243243aad339bb11c8a90131812a9c01e0de682a2aca46d6d55ff,ddc6d0a0729b2070c0dbbc972d7b9e687957f33bd2fd578d2477245fef7735ad,"{""circuit"":""surface_code:rotated_memory_x"",""cluster_node_limit"":50,""d"":3,""decoder"":""mwpf"",""decoder_type"":""SolverSerialJointSingleHair"",""p"":0.008,""p_erase"":0.008,""r"":3,""run_id"":""842b8d9622dd95e081373b13334f0c4c970c25ea256e90e9985b8d1bb6968aef""}",
         1,         0,         0,   0.000,mwpf__cdbabe99b4f243243aad339bb11c8a90131812a9c01e0de682a2aca46d6d55ff,ddc6d0a0729b2070c0dbbc972d7b9e687957f33bd2fd578d2477245fef7735ad,"{""circuit"":""surface_code:rotated_memory_x"",""cluster_node_limit"":50,""d"":3,""decoder"":""mwpf"",""decoder_type"":""SolverSerialJointSingleHair"",""p"":0.008,""p_erase"":0.008,""r"":3,""run_id"":""842b8d9622dd95e081373b13334f0c4c970c25ea256e90e9985b8d1bb6968aef""}",
