     shots,    errors,  discards, seconds,decoder,strong_id,json_metadata,custom_counts
        17,         0,         0,   0.010,mwpf__82e54ec0a7c7aecc550f92eb0e20ebab5af581c59a16728383a7bcfb64bb5c0c,540573c366ddef1a052be9e1854b0c6a368c9f1f8576f06e0920be9754bf5307,"{""circuit"":""surface_code:rotated_memory_x"",""cluster_node_limit"":50,""d"":5,""decoder"":""mwpf"",""decoder_type"":""SolverSerialJointSingleHair"",""p"":0.001,""p_erase"":0.001,""r"":15,""run_id"":""a48813360aea898d35390b3e5808e3a1d7dff64c97ab8e2fd9dfb7f51cfa8658""}",
        17,         0,         0,   0.041,mwpf__c8454081a7a6053e57eb962bb64b076c06712db6f25e7c2ca9af89032dd77adc,b4b717e7e10776f1fe6b215e80c3a33ac6e79f1a5d230094eea582a5237e48ca,"{""circuit"":""surface_code:rotated_memory_x"",""cluster_node_limit"":50,""d"":5,""decoder"":""mwpf"",""decoder_type"":""SolverSerialJointSingleHair"",""p"":0.008,""p_erase"":0.008,""r"":15,""run_id"":""688b4e2749f1f1a920106fb73b9c7785586258a05f9479b4584b98721e21e940""}",
       256,         0,         0,   0.140,mwpf__82e54ec0a7c7aecc550f92eb0e20ebab5af581c59a16728383a7bcfb64bb5c0c,540573c366ddef1a052be9e1854b0c6a368c9f1f8576f06e0920be9754bf5307,"{""circuit"":""surface_code:rotated_memory_x"",""cluster_node_limit"":50,""d"":5,""decoder"":""mwpf"",""decoder_type"":""SolverSerialJointSingleHair"",""p"":0.001,""p_erase"":0.001,""r"":15,""run_id"":""a48813360aea898d35390b3e5808e3a1d7dff64c97ab8e2fd9dfb7f51cfa8658""}",
       128,         0,         0,   0.311,mwpf__c8454081a7a6053e57eb962bb64b076c06712db6f25e7c2ca9af89032dd77adc,b4b717e7e10776f1fe6b215e80c3a33ac6e79f1a5d230094eea582a5237e48ca,"{""circuit"":""surface_code:rotated_memory_x"",""cluster_node_limit"":50,""d"":5,""decoder"":""mwpf"",""decoder_type"":""SolverSerialJointSingleHair"",""p"":0.008,""p_erase"":0.008,""r"":15,""run_id"":""688b4e2749f1f1a920106fb73b9c7785586258a05f9479b4584b98721e21e940""}",
        17,         0,         0,   0.039,mwpf__5f1c0683a1d9a9a1b58fa76471946e565c84957e97c1bf3a6b089b412604995f,b2e42134655b960b534e0bec1cd60e71bca2378b5b1591a1ea2e27be94d0ce89,"{""circuit"":""surface_code:rotated_memory_x"",""cluster_node_limit"":50,""d"":5,""decoder"":""mwpf"",""decoder_type"":""SolverSerialJointSingleHair"",""p"":0.007,""p_erase"":0.007,""r"":15,""run_id"":""edb37c9bc5424bbb11af4cb8ef3ea0211409850b3d6156f64ae579387e4b6962""}",
        17,         0,         0,   0.034,mwpf__5f1c0683a1d9a9a1b58fa76471946e565c84957e97c1bf3a6b089b412604995f,b2e42134655b960b534e0bec1cd60e71bca2378b5b1591a1ea2e27be94d0ce89,"{""circuit"":""surface_code:rotated_memory_x"",""cluster_node_limit"":50,""d"":5,""decoder"":""mwpf"",""decoder_type"":""SolverSerialJointSingleHair"",""p"":0.007,""p_erase"":0.007,""r"":15,""run_id"":""edb37c9bc5424bbb11af4cb8ef3ea0211409850b3d6156f64ae579387e4b6962""}",
       128,         0,         0,   0.304,mwpf__c8454081a7a6053e57eb962bb64b076c06712db6f25e7c2ca9af89032dd77adc,b4b717e7e10776f1fe6b215e80c3a33ac6e79f1a5d230094eea582a5237e48ca,"{""circuit"":""surface_code:rotated_memory_x"",""cluster_node_limit"":50,""d"":5,""decoder"":""mwpf"",""decoder_type"":""SolverSerialJointSingleHair"",""p"":0.008,""p_erase"":0.008,""r"":15,""run_id"":""688b4e2749f1f1a920106fb73b9c7785586258a05f9479b4584b98721e21e940""}",
      1024,         0,         0,   0.579,mwpf__82e54ec0a7c7aecc550f92eb0e20ebab5af581c59a16728383a7bcfb64bb5c0c,540573c366ddef1a052be9e1854b0c6a368c9f1f8576f06e0920be9754bf5307,"{""circuit"":""surface_code:rotated_memory_x"",""cluster_node_limit"":50,""d"":5,""decoder"":""mwpf"",""decoder_type"":""SolverSerialJointSingleHair"",""p"":0.001,""p_erase"":0.001,""r"":15,""run_id"":""a48813360aea898d35390b3e5808e3a1d7dff64c97ab8e2fd9dfb7f51cfa8658""}",
        17,         0,         0,   0.029,mwpf__857d3ffd6fb7a51b077123c36f8a7480f44782c3cb35ab577182779192db58c6,65d71bbe9039d14bfa8fdd79a8e46eb9bef685720b6f3af882ed1cf92362e99b,"{""circuit"":""surface_code:rotated_memory_x"",""cluster_node_limit"":50,""d"":5,""decoder"":""mwpf"",""decoder_type"":""SolverSerialJointSingleHair"",""p"":0.005,""p_erase"":0.005,""r"":15,""run_id"":""32854926b13a0e47646149aeb9eed41d6f215da6416664be24f314ff369c15bf""}",
       128,         0,         0,   0.314,mwpf__c8454081a7a6053e57eb962bb64b076c06712db6f25e7c2ca9af89032dd77adc,b4b717e7e10776f1fe6b215e80c3a33ac6e79f1a5d230094eea582a5237e48ca,"{""circuit"":""surface_code:rotated_memory_x"",""cluster_node_limit"":50,""d"":5,""decoder"":""mwpf"",""decoder_type"":""SolverSerialJointSingleHair"",""p"":0.008,""p_erase"":0.008,""r"":15,""run_id"":""688b4e2749f1f1a920106fb73b9c7785586258a05f9479b4584b98721e21e940""}",
       256,         0,         0,   0.525,mwpf__5f1c0683a1d9a9a1b58fa76471946e565c84957e97c1bf3a6b089b412604995f,b2e42134655b960b534e0bec1cd60e71bca2378b5b1591a1ea2e27be94d0ce89,"{""circuit"":""surface_code:rotated_memory_x"",""cluster_node_limit"":50,""d"":5,""decoder"":""mwpf"",""decoder_type"":""SolverSerialJointSingleHair"",""p"":0.007,""p_erase"":0.007,""r"":15,""run_id"":""edb37c9bc5424bbb11af4cb8ef3ea0211409850b3d6156f64ae579387e4b6962""}",
       256,         0,         0,   0.543,mwpf__5f1c0683a1d9a9a1b58fa76471946e565c84957e97c1bf3a6b089b412604995f,b2e42134655b960b534e0bec1cd60e71bca2378b5b1591a1ea2e27be94d0ce89,"{""circuit"":""surface_code:rotated_memory_x"",""cluster_node_limit"":50,""d"":5,""decoder"":""mwpf"",""decoder_type"":""SolverSerialJointSingleHair"",""p"":0.007,""p_erase"":0.007,""r"":15,""run_id"":""edb37c9bc5424bbb11af4cb8ef3ea0211409850b3d6156f64ae579387e4b6962""}",
        17,         0,         0,   0.041,mwpf__2999c15e4de35bed39aff1447de33a75f43d437a6d62d3b6f07996530c5faafb,37f8f91643354fae4b963103e230793379e9d4a851c3de1d529970bd4bc89959,"{""circuit"":""surface_code:rotated_memory_x"",""cluster_node_limit"":50,""d"":5,""decoder"":""mwpf"",""decoder_type"":""SolverSerialJointSingleHair"",""p"":0.0075,""p_erase"":0.0075,""r"":15,""run_id"":""e0205247b575ed7a88f5491dad45fe353fb5e54bbf0cf6e1521380a47155db30""}",
        17,         0,         0,   0.041,mwpf__c8454081a7a6053e57eb962bb64b076c06712db6f25e7c2ca9af89032dd77adc,b4b717e7e10776f1fe6b215e80c3a33ac6e79f1a5d230094eea582a5237e48ca,"{""circuit"":""surface_code:rotated_memory_x"",""cluster_node_limit"":50,""d"":5,""decoder"":""mwpf"",""decoder_type"":""SolverSerialJointSingleHair"",""p"":0.008,""p_erase"":0.008,""r"":15,""run_id"":""688b4e2749f1f1a920106fb73b9c7785586258a05f9479b4584b98721e21e940""}",
      1024,         0,         0,   0.560,mwpf__82e54ec0a7c7aecc550f92eb0e20ebab5af581c59a16728383a7bcfb64bb5c0c,540573c366ddef1a052be9e1854b0c6a368c9f1f8576f06e0920be9754bf5307,"{""circuit"":""surface_code:rotated_memory_x"",""cluster_node_limit"":50,""d"":5,""decoder"":""mwpf"",""decoder_type"":""SolverSerialJointSingleHair"",""p"":0.001,""p_erase"":0.001,""r"":15,""run_id"":""a48813360aea898d35390b3e5808e3a1d7dff64c97ab8e2fd9dfb7f51cfa8658""}",
        17,         0,         0,   0.036,mwpf__ed5b1ca725ab969155b6e319b075058f3fdc9fba429208948c496465f18c3565,f757f5fe78d5af9d112ef5c6a74c2b217a6d28321f27227eed44f12a7a6ab52e,"{""circuit"":""surface_code:rotated_memory_x"",""cluster_node_limit"":50,""d"":5,""decoder"":""mwpf"",""decoder_type"":""SolverSerialJointSingleHair"",""p"":0.0065,""p_erase"":0.0065,""r"":15,""run_id"":""e789b6a088777b74923270bb08a3844c985d9353d6de1028cc12da24de39d969""}",
       256,         0,         0,   0.380,mwpf__857d3ffd6fb7a51b077123c36f8a7480f44782c3cb35ab577182779192db58c6,65d71bbe9039d14bfa8fdd79a8e46eb9bef685720b6f3af882ed1cf92362e99b,"{""circuit"":""surface_code:rotated_memory_x"",""cluster_node_limit"":50,""d"":5,""decoder"":""mwpf"",""decoder_type"":""SolverSerialJointSingleHair"",""p"":0.005,""p_erase"":0.005,""r"":15,""run_id"":""32854926b13a0e47646149aeb9eed41d6f215da6416664be24f314ff369c15bf""}",
       128,         0,         0,   0.343,mwpf__c8454081a7a6053e57eb962bb64b076c06712db6f25e7c2ca9af89032dd77adc,b4b717e7e10776f1fe6b215e80c3a33ac6e79f1a5d230094eea582a5237e48ca,"{""circuit"":""surface_code:rotated_memory_x"",""cluster_node_limit"":50,""d"":5,""decoder"":""mwpf"",""decoder_type"":""SolverSerialJointSingleHair"",""p"":0.008,""p_erase"":0.008,""r"":15,""run_id"":""688b4e2749f1f1a920106fb73b9c7785586258a05f9479b4584b98721e21e940""}",
        17,         0,         0,   0.026,mwpf__cbad3e115ecdf3b6ad6b0419b20d20d4822db3b94e3d7917df480f5373a827d2,f7cacc86c30d31f7eb810e693deb29e83d3897ee37a9c3003937ec9dfd16c807,"{""circuit"":""surface_code:rotated_memory_x"",""cluster_node_limit"":50,""d"":5,""decoder"":""mwpf"",""decoder_type"":""SolverSerialJointSingleHair"",""p"":0.004,""p_erase"":0.004,""r"":15,""run_id"":""67dce2c52be4c331e1578d71a69ada278fcebb82d6897a3a4e90182c5d3ba133""}",
        17,         0,         0,   0.070,mwpf__5fc1d53d1fa1e187ace8b3f091054a78311e70d4a9fa65012cffdae4cff3f044,0f9c2980c75a4df2a18bafaf6b7b76e7b897d007aed1ffc9439f232c13387eb2,"{""circuit"":""surface_code:rotated_memory_x"",""cluster_node_limit"":50,""d"":5,""decoder"":""mwpf"",""decoder_type"":""SolverSerialJointSingleHair"",""p"":0.01,""p_erase"":0.01,""r"":15,""run_id"":""a91c4c3e27ee920a02412250c20bcdd1fa8f8d6cfa0fbe4d38ca641f20d18002""}",
        17,         0,         0,   0.050,mwpf__9e511da0ea29e63831350db54826e9b80e1ed7c4c86755457b932ba1dec5cd66,5adcc656564ace2acf7997b5c85ea89215e96a0eeb591c3a76dca77977b62807,"{""circuit"":""surface_code:rotated_memory_x"",""cluster_node_limit"":50,""d"":5,""decoder"":""mwpf"",""decoder_type"":""SolverSerialJointSingleHair"",""p"":0.009,""p_erase"":0.009,""r"":15,""run_id"":""2f8efa52989f10214bdf4cf0c94945c1bec7f6ed730214da73666fe4ca01b377""}",
        17,         0,         0,   0.036,mwpf__ed5b1ca725ab969155b6e319b075058f3fdc9fba429208948c496465f18c3565,f757f5fe78d5af9d112ef5c6a74c2b217a6d28321f27227eed44f12a7a6ab52e,"{""circuit"":""surface_code:rotated_memory_x"",""cluster_node_limit"":50,""d"":5,""decoder"":""mwpf"",""decoder_type"":""SolverSerialJointSingleHair"",""p"":0.0065,""p_erase"":0.0065,""r"":15,""run_id"":""e789b6a088777b74923270bb08a3844c985d9353d6de1028cc12da24de39d969""}",
        17,         0,         0,   0.074,mwpf__b6bda496164095ab205664f39f843241f8ca08fb0a0dc67418564679c11fbfb1,248984325eacec1e082bb013304151afa0d2f0ea757614287625876cc156ab10,"{""circuit"":""surface_code:rotated_memory_x"",""cluster_node_limit"":50,""d"":5,""decoder"":""mwpf"",""decoder_type"":""SolverSerialJointSingleHair"",""p"":0.011,""p_erase"":0.011,""r"":15,""run_id"":""e7c313ed154fe86be08938565687c9821a3e6378c8cd90b513d2ad5107f55163""}",
       256,         0,         0,   0.557,mwpf__5f1c0683a1d9a9a1b58fa76471946e565c84957e97c1bf3a6b089b412604995f,b2e42134655b960b534e0bec1cd60e71bca2378b5b1591a1ea2e27be94d0ce89,"{""circuit"":""surface_code:rotated_memory_x"",""cluster_node_limit"":50,""d"":5,""decoder"":""mwpf"",""decoder_type"":""SolverSerialJointSingleHair"",""p"":0.007,""p_erase"":0.007,""r"":15,""run_id"":""edb37c9bc5424bbb11af4cb8ef3ea0211409850b3d6156f64ae579387e4b6962""}",
        17,         0,         0,   0.035,mwpf__c56026e4f7db9d72b9fb97f9ec8772f5a91d4341694ccb53815b6f6a344f02c6,f76a2ccd040492ec02b7b215d1f74791dff6eb39a39bc3713763871a2a118007,"{""circuit"":""surface_code:rotated_memory_x"",""cluster_node_limit"":50,""d"":5,""decoder"":""mwpf"",""decoder_type"":""SolverSerialJointSingleHair"",""p"":0.006,""p_erase"":0.006,""r"":15,""run_id"":""16948dcd0b5a7e7225f194013a75f969883ac48bca0cc73fd9fb708c43e9232c""}",
        17,         0,         0,   0.011,mwpf__82e54ec0a7c7aecc550f92eb0e20ebab5af581c59a16728383a7bcfb64bb5c0c,540573c366ddef1a052be9e1854b0c6a368c9f1f8576f06e0920be9754bf5307,"{""circuit"":""surface_code:rotated_memory_x"",""cluster_node_limit"":50,""d"":5,""decoder"":""mwpf"",""decoder_type"":""SolverSerialJointSingleHair"",""p"":0.001,""p_erase"":0.001,""r"":15,""run_id"":""a48813360aea898d35390b3e5808e3a1d7dff64c97ab8e2fd9dfb7f51cfa8658""}",
       256,         0,         0,   0.569,mwpf__5f1c0683a1d9a9a1b58fa76471946e565c84957e97c1bf3a6b089b412604995f,b2e42134655b960b534e0bec1cd60e71bca2378b5b1591a1ea2e27be94d0ce89,"{""circuit"":""surface_code:rotated_memory_x"",""cluster_node_limit"":50,""d"":5,""decoder"":""mwpf"",""decoder_type"":""SolverSerialJointSingleHair"",""p"":0.007,""p_erase"":0.007,""r"":15,""run_id"":""edb37c9bc5424bbb11af4cb8ef3ea0211409850b3d6156f64ae579387e4b6962""}",
        17,         0,         0,   0.061,mwpf__9e511da0ea29e63831350db54826e9b80e1ed7c4c86755457b932ba1dec5cd66,5adcc656564ace2acf7997b5c85ea89215e96a0eeb591c3a76dca77977b62807,"{""circuit"":""surface_code:rotated_memory_x"",""cluster_node_limit"":50,""d"":5,""decoder"":""mwpf"",""decoder_type"":""SolverSerialJointSingleHair"",""p"":0.009,""p_erase"":0.009,""r"":15,""run_id"":""2f8efa52989f10214bdf4cf0c94945c1bec7f6ed730214da73666fe4ca01b377""}",
       128,         0,         0,   0.336,mwpf__c8454081a7a6053e57eb962bb64b076c06712db6f25e7c2ca9af89032dd77adc,b4b717e7e10776f1fe6b215e80c3a33ac6e79f1a5d230094eea582a5237e48ca,"{""circuit"":""surface_code:rotated_memory_x"",""cluster_node_limit"":50,""d"":5,""decoder"":""mwpf"",""decoder_type"":""SolverSerialJointSingleHair"",""p"":0.008,""p_erase"":0.008,""r"":15,""run_id"":""688b4e2749f1f1a920106fb73b9c7785586258a05f9479b4584b98721e21e940""}",
       256,         0,         0,   0.583,mwpf__2999c15e4de35bed39aff1447de33a75f43d437a6d62d3b6f07996530c5faafb,37f8f91643354fae4b963103e230793379e9d4a851c3de1d529970bd4bc89959,"{""circuit"":""surface_code:rotated_memory_x"",""cluster_node_limit"":50,""d"":5,""decoder"":""mwpf"",""decoder_type"":""SolverSerialJointSingleHair"",""p"":0.0075,""p_erase"":0.0075,""r"":15,""run_id"":""e0205247b575ed7a88f5491dad45fe353fb5e54bbf0cf6e1521380a47155db30""}",
        17,         0,         0,   0.012,mwpf__82e54ec0a7c7aecc550f92eb0e20ebab5af581c59a16728383a7bcfb64bb5c0c,540573c366ddef1a052be9e1854b0c6a368c9f1f8576f06e0920be9754bf5307,"{""circuit"":""surface_code:rotated_memory_x"",""cluster_node_limit"":50,""d"":5,""decoder"":""mwpf"",""decoder_type"":""SolverSerialJointSingleHair"",""p"":0.001,""p_erase"":0.001,""r"":15,""run_id"":""a48813360aea898d35390b3e5808e3a1d7dff64c97ab8e2fd9dfb7f51cfa8658""}",
        17,         0,         0,   0.026,mwpf__cbad3e115ecdf3b6ad6b0419b20d20d4822db3b94e3d7917df480f5373a827d2,f7cacc86c30d31f7eb810e693deb29e83d3897ee37a9c3003937ec9dfd16c807,"{""circuit"":""surface_code:rotated_memory_x"",""cluster_node_limit"":50,""d"":5,""decoder"":""mwpf"",""decoder_type"":""SolverSerialJointSingleHair"",""p"":0.004,""p_erase"":0.004,""r"":15,""run_id"":""67dce2c52be4c331e1578d71a69ada278fcebb82d6897a3a4e90182c5d3ba133""}",
        17,         0,         0,   0.040,mwpf__2999c15e4de35bed39aff1447de33a75f43d437a6d62d3b6f07996530c5faafb,37f8f91643354fae4b963103e230793379e9d4a851c3de1d529970bd4bc89959,"{""circuit"":""surface_code:rotated_memory_x"",""cluster_node_limit"":50,""d"":5,""decoder"":""mwpf"",""decoder_type"":""SolverSerialJointSingleHair"",""p"":0.0075,""p_erase"":0.0075,""r"":15,""run_id"":""e0205247b575ed7a88f5491dad45fe353fb5e54bbf0cf6e1521380a47155db30""}",
        17,         0,         0,   0.027,mwpf__857d3ffd6fb7a51b077123c36f8a7480f44782c3cb35ab577182779192db58c6,65d71bbe9039d14bfa8fdd79a8e46eb9bef685720b6f3af882ed1cf92362e99b,"{""circuit"":""surface_code:rotated_memory_x"",""cluster_node_limit"":50,""d"":5,""decoder"":""mwpf"",""decoder_type"":""SolverSerialJointSingleHair"",""p"":0.005,""p_erase"":0.005,""r"":15,""run_id"":""32854926b13a0e47646149aeb9eed41d6f215da6416664be24f314ff369c15bf""}",
       256,         0,         0,   0.340,mwpf__cbad3e115ecdf3b6ad6b0419b20d20d4822db3b94e3d7917df480f5373a827d2,f7cacc86c30d31f7eb810e693deb29e83d3897ee37a9c3003937ec9dfd16c807,"{""circuit"":""surface_code:rotated_memory_x"",""cluster_node_limit"":50,""d"":5,""decoder"":""mwpf"",""decoder_type"":""SolverSerialJointSingleHair"",""p"":0.004,""p_erase"":0.004,""r"":15,""run_id"":""67dce2c52be4c331e1578d71a69ada278fcebb82d6897a3a4e90182c5d3ba133""}",
       256,         0,         0,   0.440,mwpf__857d3ffd6fb7a51b077123c36f8a7480f44782c3cb35ab577182779192db58c6,65d71bbe9039d14bfa8fdd79a8e46eb9bef685720b6f3af882ed1cf92362e99b,"{""circuit"":""surface_code:rotated_memory_x"",""cluster_node_limit"":50,""d"":5,""decoder"":""mwpf"",""decoder_type"":""SolverSerialJointSingleHair"",""p"":0.005,""p_erase"":0.005,""r"":15,""run_id"":""32854926b13a0e47646149aeb9eed41d6f215da6416664be24f314ff369c15bf""}",
       256,         0,         0,   0.141,mwpf__82e54ec0a7c7aecc550f92eb0e20ebab5af581c59a16728383a7bcfb64bb5c0c,540573c366ddef1a052be9e1854b0c6a368c9f1f8576f06e0920be9754bf5307,"{""circuit"":""surface_code:rotated_memory_x"",""cluster_node_limit"":50,""d"":5,""decoder"":""mwpf"",""decoder_type"":""SolverSerialJointSingleHair"",""p"":0.001,""p_erase"":0.001,""r"":15,""run_id"":""a48813360aea898d35390b3e5808e3a1d7dff64c97ab8e2fd9dfb7f51cfa8658""}",
        17,         0,         0,   0.032,mwpf__c56026e4f7db9d72b9fb97f9ec8772f5a91d4341694ccb53815b6f6a344f02c6,f76a2ccd040492ec02b7b215d1f74791dff6eb39a39bc3713763871a2a118007,"{""circuit"":""surface_code:rotated_memory_x"",""cluster_node_limit"":50,""d"":5,""decoder"":""mwpf"",""decoder_type"":""SolverSerialJointSingleHair"",""p"":0.006,""p_erase"":0.006,""r"":15,""run_id"":""16948dcd0b5a7e7225f194013a75f969883ac48bca0cc73fd9fb708c43e9232c""}",
        17,         0,         0,   0.070,mwpf__b6bda496164095ab205664f39f843241f8ca08fb0a0dc67418564679c11fbfb1,248984325eacec1e082bb013304151afa0d2f0ea757614287625876cc156ab10,"{""circuit"":""surface_code:rotated_memory_x"",""cluster_node_limit"":50,""d"":5,""decoder"":""mwpf"",""decoder_type"":""SolverSerialJointSingleHair"",""p"":0.011,""p_erase"":0.011,""r"":15,""run_id"":""e7c313ed154fe86be08938565687c9821a3e6378c8cd90b513d2ad5107f55163""}",
       256,         0,         0,   0.631,mwpf__c8454081a7a6053e57eb962bb64b076c06712db6f25e7c2ca9af89032dd77adc,b4b717e7e10776f1fe6b215e80c3a33ac6e79f1a5d230094eea582a5237e48ca,"{""circuit"":""surface_code:rotated_memory_x"",""cluster_node_limit"":50,""d"":5,""decoder"":""mwpf"",""decoder_type"":""SolverSerialJointSingleHair"",""p"":0.008,""p_erase"":0.008,""r"":15,""run_id"":""688b4e2749f1f1a920106fb73b9c7785586258a05f9479b4584b98721e21e940""}",
       256,         0,         0,   0.538,mwpf__ed5b1ca725ab969155b6e319b075058f3fdc9fba429208948c496465f18c3565,f757f5fe78d5af9d112ef5c6a74c2b217a6d28321f27227eed44f12a7a6ab52e,"{""circuit"":""surface_code:rotated_memory_x"",""cluster_node_limit"":50,""d"":5,""decoder"":""mwpf"",""decoder_type"":""SolverSerialJointSingleHair"",""p"":0.0065,""p_erase"":0.0065,""r"":15,""run_id"":""e789b6a088777b74923270bb08a3844c985d9353d6de1028cc12da24de39d969""}",
      1011,         0,         0,   0.571,mwpf__82e54ec0a7c7aecc550f92eb0e20ebab5af581c59a16728383a7bcfb64bb5c0c,540573c366ddef1a052be9e1854b0c6a368c9f1f8576f06e0920be9754bf5307,"{""circuit"":""surface_code:rotated_memory_x"",""cluster_node_limit"":50,""d"":5,""decoder"":""mwpf"",""decoder_type"":""SolverSerialJointSingleHair"",""p"":0.001,""p_erase"":0.001,""r"":15,""run_id"":""a48813360aea898d35390b3e5808e3a1d7dff64c97ab8e2fd9dfb7f51cfa8658""}",
       256,         0,         0,   0.146,mwpf__82e54ec0a7c7aecc550f92eb0e20ebab5af581c59a16728383a7bcfb64bb5c0c,540573c366ddef1a052be9e1854b0c6a368c9f1f8576f06e0920be9754bf5307,"{""circuit"":""surface_code:rotated_memory_x"",""cluster_node_limit"":50,""d"":5,""decoder"":""mwpf"",""decoder_type"":""SolverSerialJointSingleHair"",""p"":0.001,""p_erase"":0.001,""r"":15,""run_id"":""a48813360aea898d35390b3e5808e3a1d7dff64c97ab8e2fd9dfb7f51cfa8658""}",
        17,         0,         0,   0.048,mwpf__5fc1d53d1fa1e187ace8b3f091054a78311e70d4a9fa65012cffdae4cff3f044,0f9c2980c75a4df2a18bafaf6b7b76e7b897d007aed1ffc9439f232c13387eb2,"{""circuit"":""surface_code:rotated_memory_x"",""cluster_node_limit"":50,""d"":5,""decoder"":""mwpf"",""decoder_type"":""SolverSerialJointSingleHair"",""p"":0.01,""p_erase"":0.01,""r"":15,""run_id"":""a91c4c3e27ee920a02412250c20bcdd1fa8f8d6cfa0fbe4d38ca641f20d18002""}",
        17,         0,         0,   0.023,mwpf__cbad3e115ecdf3b6ad6b0419b20d20d4822db3b94e3d7917df480f5373a827d2,f7cacc86c30d31f7eb810e693deb29e83d3897ee37a9c3003937ec9dfd16c807,"{""circuit"":""surface_code:rotated_memory_x"",""cluster_node_limit"":50,""d"":5,""decoder"":""mwpf"",""decoder_type"":""SolverSerialJointSingleHair"",""p"":0.004,""p_erase"":0.004,""r"":15,""run_id"":""67dce2c52be4c331e1578d71a69ada278fcebb82d6897a3a4e90182c5d3ba133""}",
       128,         0,         0,   0.421,mwpf__5fc1d53d1fa1e187ace8b3f091054a78311e70d4a9fa65012cffdae4cff3f044,0f9c2980c75a4df2a18bafaf6b7b76e7b897d007aed1ffc9439f232c13387eb2,"{""circuit"":""surface_code:rotated_memory_x"",""cluster_node_limit"":50,""d"":5,""decoder"":""mwpf"",""decoder_type"":""SolverSerialJointSingleHair"",""p"":0.01,""p_erase"":0.01,""r"":15,""run_id"":""a91c4c3e27ee920a02412250c20bcdd1fa8f8d6cfa0fbe4d38ca641f20d18002""}",
       128,         0,         0,   0.363,mwpf__9e511da0ea29e63831350db54826e9b80e1ed7c4c86755457b932ba1dec5cd66,5adcc656564ace2acf7997b5c85ea89215e96a0eeb591c3a76dca77977b62807,"{""circuit"":""surface_code:rotated_memory_x"",""cluster_node_limit"":50,""d"":5,""decoder"":""mwpf"",""decoder_type"":""SolverSerialJointSingleHair"",""p"":0.009,""p_erase"":0.009,""r"":15,""run_id"":""2f8efa52989f10214bdf4cf0c94945c1bec7f6ed730214da73666fe4ca01b377""}",
       128,         0,         0,   0.312,mwpf__c8454081a7a6053e57eb962bb64b076c06712db6f25e7c2ca9af89032dd77adc,b4b717e7e10776f1fe6b215e80c3a33ac6e79f1a5d230094eea582a5237e48ca,"{""circuit"":""surface_code:rotated_memory_x"",""cluster_node_limit"":50,""d"":5,""decoder"":""mwpf"",""decoder_type"":""SolverSerialJointSingleHair"",""p"":0.008,""p_erase"":0.008,""r"":15,""run_id"":""688b4e2749f1f1a920106fb73b9c7785586258a05f9479b4584b98721e21e940""}",
       128,         0,         0,   0.355,mwpf__9e511da0ea29e63831350db54826e9b80e1ed7c4c86755457b932ba1dec5cd66,5adcc656564ace2acf7997b5c85ea89215e96a0eeb591c3a76dca77977b62807,"{""circuit"":""surface_code:rotated_memory_x"",""cluster_node_limit"":50,""d"":5,""decoder"":""mwpf"",""decoder_type"":""SolverSerialJointSingleHair"",""p"":0.009,""p_erase"":0.009,""r"":15,""run_id"":""2f8efa52989f10214bdf4cf0c94945c1bec7f6ed730214da73666fe4ca01b377""}",
       128,         0,         0,   0.465,mwpf__b6bda496164095ab205664f39f843241f8ca08fb0a0dc67418564679c11fbfb1,248984325eacec1e082bb013304151afa0d2f0ea757614287625876cc156ab10,"{""circuit"":""surface_code:rotated_memory_x"",""cluster_node_limit"":50,""d"":5,""decoder"":""mwpf"",""decoder_type"":""SolverSerialJointSingleHair"",""p"":0.011,""p_erase"":0.011,""r"":15,""run_id"":""e7c313ed154fe86be08938565687c9821a3e6378c8cd90b513d2ad5107f55163""}",
       256,         0,         0,   0.309,mwpf__cbad3e115ecdf3b6ad6b0419b20d20d4822db3b94e3d7917df480f5373a827d2,f7cacc86c30d31f7eb810e693deb29e83d3897ee37a9c3003937ec9dfd16c807,"{""circuit"":""surface_code:rotated_memory_x"",""cluster_node_limit"":50,""d"":5,""decoder"":""mwpf"",""decoder_type"":""SolverSerialJointSingleHair"",""p"":0.004,""p_erase"":0.004,""r"":15,""run_id"":""67dce2c52be4c331e1578d71a69ada278fcebb82d6897a3a4e90182c5d3ba133""}",
       256,         0,         0,   0.315,mwpf__cbad3e115ecdf3b6ad6b0419b20d20d4822db3b94e3d7917df480f5373a827d2,f7cacc86c30d31f7eb810e693deb29e83d3897ee37a9c3003937ec9dfd16c807,"{""circuit"":""surface_code:rotated_memory_x"",""cluster_node_limit"":50,""d"":5,""decoder"":""mwpf"",""decoder_type"":""SolverSerialJointSingleHair"",""p"":0.004,""p_erase"":0.004,""r"":15,""run_id"":""67dce2c52be4c331e1578d71a69ada278fcebb82d6897a3a4e90182c5d3ba133""}",
       256,         0,         0,   0.505,mwpf__ed5b1ca725ab969155b6e319b075058f3fdc9fba429208948c496465f18c3565,f757f5fe78d5af9d112ef5c6a74c2b217a6d28321f27227eed44f12a7a6ab52e,"{""circuit"":""surface_code:rotated_memory_x"",""cluster_node_limit"":50,""d"":5,""decoder"":""mwpf"",""decoder_type"":""SolverSerialJointSingleHair"",""p"":0.0065,""p_erase"":0.0065,""r"":15,""run_id"":""e789b6a088777b74923270bb08a3844c985d9353d6de1028cc12da24de39d969""}",
       256,         0,         0,   0.469,mwpf__c56026e4f7db9d72b9fb97f9ec8772f5a91d4341694ccb53815b6f6a344f02c6,f76a2ccd040492ec02b7b215d1f74791dff6eb39a39bc3713763871a2a118007,"{""circuit"":""surface_code:rotated_memory_x"",""cluster_node_limit"":50,""d"":5,""decoder"":""mwpf"",""decoder_type"":""SolverSerialJointSingleHair"",""p"":0.006,""p_erase"":0.006,""r"":15,""run_id"":""16948dcd0b5a7e7225f194013a75f969883ac48bca0cc73fd9fb708c43e9232c""}",
       256,         0,         0,   0.547,mwpf__5f1c0683a1d9a9a1b58fa76471946e565c84957e97c1bf3a6b089b412604995f,b2e42134655b960b534e0bec1cd60e71bca2378b5b1591a1ea2e27be94d0ce89,"{""circuit"":""surface_code:rotated_memory_x"",""cluster_node_limit"":50,""d"":5,""decoder"":""mwpf"",""decoder_type"":""SolverSerialJointSingleHair"",""p"":0.007,""p_erase"":0.007,""r"":15,""run_id"":""edb37c9bc5424bbb11af4cb8ef3ea0211409850b3d6156f64ae579387e4b6962""}",
       256,         0,         0,   0.391,mwpf__857d3ffd6fb7a51b077123c36f8a7480f44782c3cb35ab577182779192db58c6,65d71bbe9039d14bfa8fdd79a8e46eb9bef685720b6f3af882ed1cf92362e99b,"{""circuit"":""surface_code:rotated_memory_x"",""cluster_node_limit"":50,""d"":5,""decoder"":""mwpf"",""decoder_type"":""SolverSerialJointSingleHair"",""p"":0.005,""p_erase"":0.005,""r"":15,""run_id"":""32854926b13a0e47646149aeb9eed41d6f215da6416664be24f314ff369c15bf""}",
       256,         0,         0,   0.387,mwpf__857d3ffd6fb7a51b077123c36f8a7480f44782c3cb35ab577182779192db58c6,65d71bbe9039d14bfa8fdd79a8e46eb9bef685720b6f3af882ed1cf92362e99b,"{""circuit"":""surface_code:rotated_memory_x"",""cluster_node_limit"":50,""d"":5,""decoder"":""mwpf"",""decoder_type"":""SolverSerialJointSingleHair"",""p"":0.005,""p_erase"":0.005,""r"":15,""run_id"":""32854926b13a0e47646149aeb9eed41d6f215da6416664be24f314ff369c15bf""}",
       256,         0,         0,   0.319,mwpf__cbad3e115ecdf3b6ad6b0419b20d20d4822db3b94e3d7917df480f5373a827d2,f7cacc86c30d31f7eb810e693deb29e83d3897ee37a9c3003937ec9dfd16c807,"{""circuit"":""surface_code:rotated_memory_x"",""cluster_node_limit"":50,""d"":5,""decoder"":""mwpf"",""decoder_type"":""SolverSerialJointSingleHair"",""p"":0.004,""p_erase"":0.004,""r"":15,""run_id"":""67dce2c52be4c331e1578d71a69ada278fcebb82d6897a3a4e90182c5d3ba133""}",
       256,         0,         0,   0.545,mwpf__5f1c0683a1d9a9a1b58fa76471946e565c84957e97c1bf3a6b089b412604995f,b2e42134655b960b534e0bec1cd60e71bca2378b5b1591a1ea2e27be94d0ce89,"{""circuit"":""surface_code:rotated_memory_x"",""cluster_node_limit"":50,""d"":5,""decoder"":""mwpf"",""decoder_type"":""SolverSerialJointSingleHair"",""p"":0.007,""p_erase"":0.007,""r"":15,""run_id"":""edb37c9bc5424bbb11af4cb8ef3ea0211409850b3d6156f64ae579387e4b6962""}",
       128,         0,         0,   0.432,mwpf__b6bda496164095ab205664f39f843241f8ca08fb0a0dc67418564679c11fbfb1,248984325eacec1e082bb013304151afa0d2f0ea757614287625876cc156ab10,"{""circuit"":""surface_code:rotated_memory_x"",""cluster_node_limit"":50,""d"":5,""decoder"":""mwpf"",""decoder_type"":""SolverSerialJointSingleHair"",""p"":0.011,""p_erase"":0.011,""r"":15,""run_id"":""e7c313ed154fe86be08938565687c9821a3e6378c8cd90b513d2ad5107f55163""}",
       128,         1,         0,   0.390,mwpf__5fc1d53d1fa1e187ace8b3f091054a78311e70d4a9fa65012cffdae4cff3f044,0f9c2980c75a4df2a18bafaf6b7b76e7b897d007aed1ffc9439f232c13387eb2,"{""circuit"":""surface_code:rotated_memory_x"",""cluster_node_limit"":50,""d"":5,""decoder"":""mwpf"",""decoder_type"":""SolverSerialJointSingleHair"",""p"":0.01,""p_erase"":0.01,""r"":15,""run_id"":""a91c4c3e27ee920a02412250c20bcdd1fa8f8d6cfa0fbe4d38ca641f20d18002""}",
       256,         0,         0,   0.455,mwpf__c56026e4f7db9d72b9fb97f9ec8772f5a91d4341694ccb53815b6f6a344f02c6,f76a2ccd040492ec02b7b215d1f74791dff6eb39a39bc3713763871a2a118007,"{""circuit"":""surface_code:rotated_memory_x"",""cluster_node_limit"":50,""d"":5,""decoder"":""mwpf"",""decoder_type"":""SolverSerialJointSingleHair"",""p"":0.006,""p_erase"":0.006,""r"":15,""run_id"":""16948dcd0b5a7e7225f194013a75f969883ac48bca0cc73fd9fb708c43e9232c""}",
       256,         0,         0,   0.564,mwpf__2999c15e4de35bed39aff1447de33a75f43d437a6d62d3b6f07996530c5faafb,37f8f91643354fae4b963103e230793379e9d4a851c3de1d529970bd4bc89959,"{""circuit"":""surface_code:rotated_memory_x"",""cluster_node_limit"":50,""d"":5,""decoder"":""mwpf"",""decoder_type"":""SolverSerialJointSingleHair"",""p"":0.0075,""p_erase"":0.0075,""r"":15,""run_id"":""e0205247b575ed7a88f5491dad45fe353fb5e54bbf0cf6e1521380a47155db30""}",
       128,         0,         0,   0.386,mwpf__5fc1d53d1fa1e187ace8b3f091054a78311e70d4a9fa65012cffdae4cff3f044,0f9c2980c75a4df2a18bafaf6b7b76e7b897d007aed1ffc9439f232c13387eb2,"{""circuit"":""surface_code:rotated_memory_x"",""cluster_node_limit"":50,""d"":5,""decoder"":""mwpf"",""decoder_type"":""SolverSerialJointSingleHair"",""p"":0.01,""p_erase"":0.01,""r"":15,""run_id"":""a91c4c3e27ee920a02412250c20bcdd1fa8f8d6cfa0fbe4d38ca641f20d18002""}",
       128,         0,         0,   0.366,mwpf__9e511da0ea29e63831350db54826e9b80e1ed7c4c86755457b932ba1dec5cd66,5adcc656564ace2acf7997b5c85ea89215e96a0eeb591c3a76dca77977b62807,"{""circuit"":""surface_code:rotated_memory_x"",""cluster_node_limit"":50,""d"":5,""decoder"":""mwpf"",""decoder_type"":""SolverSerialJointSingleHair"",""p"":0.009,""p_erase"":0.009,""r"":15,""run_id"":""2f8efa52989f10214bdf4cf0c94945c1bec7f6ed730214da73666fe4ca01b377""}",
       128,         0,         0,   0.301,mwpf__c8454081a7a6053e57eb962bb64b076c06712db6f25e7c2ca9af89032dd77adc,b4b717e7e10776f1fe6b215e80c3a33ac6e79f1a5d230094eea582a5237e48ca,"{""circuit"":""surface_code:rotated_memory_x"",""cluster_node_limit"":50,""d"":5,""decoder"":""mwpf"",""decoder_type"":""SolverSerialJointSingleHair"",""p"":0.008,""p_erase"":0.008,""r"":15,""run_id"":""688b4e2749f1f1a920106fb73b9c7785586258a05f9479b4584b98721e21e940""}",
       256,         0,         0,   0.549,mwpf__2999c15e4de35bed39aff1447de33a75f43d437a6d62d3b6f07996530c5faafb,37f8f91643354fae4b963103e230793379e9d4a851c3de1d529970bd4bc89959,"{""circuit"":""surface_code:rotated_memory_x"",""cluster_node_limit"":50,""d"":5,""decoder"":""mwpf"",""decoder_type"":""SolverSerialJointSingleHair"",""p"":0.0075,""p_erase"":0.0075,""r"":15,""run_id"":""e0205247b575ed7a88f5491dad45fe353fb5e54bbf0cf6e1521380a47155db30""}",
       256,         0,         0,   0.508,mwpf__ed5b1ca725ab969155b6e319b075058f3fdc9fba429208948c496465f18c3565,f757f5fe78d5af9d112ef5c6a74c2b217a6d28321f27227eed44f12a7a6ab52e,"{""circuit"":""surface_code:rotated_memory_x"",""cluster_node_limit"":50,""d"":5,""decoder"":""mwpf"",""decoder_type"":""SolverSerialJointSingleHair"",""p"":0.0065,""p_erase"":0.0065,""r"":15,""run_id"":""e789b6a088777b74923270bb08a3844c985d9353d6de1028cc12da24de39d969""}",
      1024,         0,         0,   0.554,mwpf__82e54ec0a7c7aecc550f92eb0e20ebab5af581c59a16728383a7bcfb64bb5c0c,540573c366ddef1a052be9e1854b0c6a368c9f1f8576f06e0920be9754bf5307,"{""circuit"":""surface_code:rotated_memory_x"",""cluster_node_limit"":50,""d"":5,""decoder"":""mwpf"",""decoder_type"":""SolverSerialJointSingleHair"",""p"":0.001,""p_erase"":0.001,""r"":15,""run_id"":""a48813360aea898d35390b3e5808e3a1d7dff64c97ab8e2fd9dfb7f51cfa8658""}",
       128,         0,         0,   0.351,mwpf__9e511da0ea29e63831350db54826e9b80e1ed7c4c86755457b932ba1dec5cd66,5adcc656564ace2acf7997b5c85ea89215e96a0eeb591c3a76dca77977b62807,"{""circuit"":""surface_code:rotated_memory_x"",""cluster_node_limit"":50,""d"":5,""decoder"":""mwpf"",""decoder_type"":""SolverSerialJointSingleHair"",""p"":0.009,""p_erase"":0.009,""r"":15,""run_id"":""2f8efa52989f10214bdf4cf0c94945c1bec7f6ed730214da73666fe4ca01b377""}",
       256,         0,         0,   0.307,mwpf__cbad3e115ecdf3b6ad6b0419b20d20d4822db3b94e3d7917df480f5373a827d2,f7cacc86c30d31f7eb810e693deb29e83d3897ee37a9c3003937ec9dfd16c807,"{""circuit"":""surface_code:rotated_memory_x"",""cluster_node_limit"":50,""d"":5,""decoder"":""mwpf"",""decoder_type"":""SolverSerialJointSingleHair"",""p"":0.004,""p_erase"":0.004,""r"":15,""run_id"":""67dce2c52be4c331e1578d71a69ada278fcebb82d6897a3a4e90182c5d3ba133""}",
       256,         0,         0,   0.313,mwpf__cbad3e115ecdf3b6ad6b0419b20d20d4822db3b94e3d7917df480f5373a827d2,f7cacc86c30d31f7eb810e693deb29e83d3897ee37a9c3003937ec9dfd16c807,"{""circuit"":""surface_code:rotated_memory_x"",""cluster_node_limit"":50,""d"":5,""decoder"":""mwpf"",""decoder_type"":""SolverSerialJointSingleHair"",""p"":0.004,""p_erase"":0.004,""r"":15,""run_id"":""67dce2c52be4c331e1578d71a69ada278fcebb82d6897a3a4e90182c5d3ba133""}",
      1024,         0,         0,   0.551,mwpf__82e54ec0a7c7aecc550f92eb0e20ebab5af581c59a16728383a7bcfb64bb5c0c,540573c366ddef1a052be9e1854b0c6a368c9f1f8576f06e0920be9754bf5307,"{""circuit"":""surface_code:rotated_memory_x"",""cluster_node_limit"":50,""d"":5,""decoder"":""mwpf"",""decoder_type"":""SolverSerialJointSingleHair"",""p"":0.001,""p_erase"":0.001,""r"":15,""run_id"":""a48813360aea898d35390b3e5808e3a1d7dff64c97ab8e2fd9dfb7f51cfa8658""}",
       256,         0,         0,   0.610,mwpf__c8454081a7a6053e57eb962bb64b076c06712db6f25e7c2ca9af89032dd77adc,b4b717e7e10776f1fe6b215e80c3a33ac6e79f1a5d230094eea582a5237e48ca,"{""circuit"":""surface_code:rotated_memory_x"",""cluster_node_limit"":50,""d"":5,""decoder"":""mwpf"",""decoder_type"":""SolverSerialJointSingleHair"",""p"":0.008,""p_erase"":0.008,""r"":15,""run_id"":""688b4e2749f1f1a920106fb73b9c7785586258a05f9479b4584b98721e21e940""}",
      1024,         0,         0,   0.560,mwpf__82e54ec0a7c7aecc550f92eb0e20ebab5af581c59a16728383a7bcfb64bb5c0c,540573c366ddef1a052be9e1854b0c6a368c9f1f8576f06e0920be9754bf5307,"{""circuit"":""surface_code:rotated_memory_x"",""cluster_node_limit"":50,""d"":5,""decoder"":""mwpf"",""decoder_type"":""SolverSerialJointSingleHair"",""p"":0.001,""p_erase"":0.001,""r"":15,""run_id"":""a48813360aea898d35390b3e5808e3a1d7dff64c97ab8e2fd9dfb7f51cfa8658""}",
       128,         0,         0,   0.428,mwpf__b6bda496164095ab205664f39f843241f8ca08fb0a0dc67418564679c11fbfb1,248984325eacec1e082bb013304151afa0d2f0ea757614287625876cc156ab10,"{""circuit"":""surface_code:rotated_memory_x"",""cluster_node_limit"":50,""d"":5,""decoder"":""mwpf"",""decoder_type"":""SolverSerialJointSingleHair"",""p"":0.011,""p_erase"":0.011,""r"":15,""run_id"":""e7c313ed154fe86be08938565687c9821a3e6378c8cd90b513d2ad5107f55163""}",
       256,         0,         0,   0.323,mwpf__cbad3e115ecdf3b6ad6b0419b20d20d4822db3b94e3d7917df480f5373a827d2,f7cacc86c30d31f7eb810e693deb29e83d3897ee37a9c3003937ec9dfd16c807,"{""circuit"":""surface_code:rotated_memory_x"",""cluster_node_limit"":50,""d"":5,""decoder"":""mwpf"",""decoder_type"":""SolverSerialJointSingleHair"",""p"":0.004,""p_erase"":0.004,""r"":15,""run_id"":""67dce2c52be4c331e1578d71a69ada278fcebb82d6897a3a4e90182c5d3ba133""}",
       256,         0,         0,   0.377,mwpf__857d3ffd6fb7a51b077123c36f8a7480f44782c3cb35ab577182779192db58c6,65d71bbe9039d14bfa8fdd79a8e46eb9bef685720b6f3af882ed1cf92362e99b,"{""circuit"":""surface_code:rotated_memory_x"",""cluster_node_limit"":50,""d"":5,""decoder"":""mwpf"",""decoder_type"":""SolverSerialJointSingleHair"",""p"":0.005,""p_erase"":0.005,""r"":15,""run_id"":""32854926b13a0e47646149aeb9eed41d6f215da6416664be24f314ff369c15bf""}",
       256,         0,         0,   0.391,mwpf__857d3ffd6fb7a51b077123c36f8a7480f44782c3cb35ab577182779192db58c6,65d71bbe9039d14bfa8fdd79a8e46eb9bef685720b6f3af882ed1cf92362e99b,"{""circuit"":""surface_code:rotated_memory_x"",""cluster_node_limit"":50,""d"":5,""decoder"":""mwpf"",""decoder_type"":""SolverSerialJointSingleHair"",""p"":0.005,""p_erase"":0.005,""r"":15,""run_id"":""32854926b13a0e47646149aeb9eed41d6f215da6416664be24f314ff369c15bf""}",
       256,         0,         0,   0.474,mwpf__c56026e4f7db9d72b9fb97f9ec8772f5a91d4341694ccb53815b6f6a344f02c6,f76a2ccd040492ec02b7b215d1f74791dff6eb39a39bc3713763871a2a118007,"{""circuit"":""surface_code:rotated_memory_x"",""cluster_node_limit"":50,""d"":5,""decoder"":""mwpf"",""decoder_type"":""SolverSerialJointSingleHair"",""p"":0.006,""p_erase"":0.006,""r"":15,""run_id"":""16948dcd0b5a7e7225f194013a75f969883ac48bca0cc73fd9fb708c43e9232c""}",
       256,         0,         0,   0.496,mwpf__ed5b1ca725ab969155b6e319b075058f3fdc9fba429208948c496465f18c3565,f757f5fe78d5af9d112ef5c6a74c2b217a6d28321f27227eed44f12a7a6ab52e,"{""circuit"":""surface_code:rotated_memory_x"",""cluster_node_limit"":50,""d"":5,""decoder"":""mwpf"",""decoder_type"":""SolverSerialJointSingleHair"",""p"":0.0065,""p_erase"":0.0065,""r"":15,""run_id"":""e789b6a088777b74923270bb08a3844c985d9353d6de1028cc12da24de39d969""}",
       128,         0,         0,   0.323,mwpf__c8454081a7a6053e57eb962bb64b076c06712db6f25e7c2ca9af89032dd77adc,b4b717e7e10776f1fe6b215e80c3a33ac6e79f1a5d230094eea582a5237e48ca,"{""circuit"":""surface_code:rotated_memory_x"",""cluster_node_limit"":50,""d"":5,""decoder"":""mwpf"",""decoder_type"":""SolverSerialJointSingleHair"",""p"":0.008,""p_erase"":0.008,""r"":15,""run_id"":""688b4e2749f1f1a920106fb73b9c7785586258a05f9479b4584b98721e21e940""}",
       128,         0,         0,   0.374,mwpf__9e511da0ea29e63831350db54826e9b80e1ed7c4c86755457b932ba1dec5cd66,5adcc656564ace2acf7997b5c85ea89215e96a0eeb591c3a76dca77977b62807,"{""circuit"":""surface_code:rotated_memory_x"",""cluster_node_limit"":50,""d"":5,""decoder"":""mwpf"",""decoder_type"":""SolverSerialJointSingleHair"",""p"":0.009,""p_erase"":0.009,""r"":15,""run_id"":""2f8efa52989f10214bdf4cf0c94945c1bec7f6ed730214da73666fe4ca01b377""}",
       128,         1,         0,   0.428,mwpf__5fc1d53d1fa1e187ace8b3f091054a78311e70d4a9fa65012cffdae4cff3f044,0f9c2980c75a4df2a18bafaf6b7b76e7b897d007aed1ffc9439f232c13387eb2,"{""circuit"":""surface_code:rotated_memory_x"",""cluster_node_limit"":50,""d"":5,""decoder"":""mwpf"",""decoder_type"":""SolverSerialJointSingleHair"",""p"":0.01,""p_erase"":0.01,""r"":15,""run_id"":""a91c4c3e27ee920a02412250c20bcdd1fa8f8d6cfa0fbe4d38ca641f20d18002""}",
       128,         0,         0,   0.443,mwpf__b6bda496164095ab205664f39f843241f8ca08fb0a0dc67418564679c11fbfb1,248984325eacec1e082bb013304151afa0d2f0ea757614287625876cc156ab10,"{""circuit"":""surface_code:rotated_memory_x"",""cluster_node_limit"":50,""d"":5,""decoder"":""mwpf"",""decoder_type"":""SolverSerialJointSingleHair"",""p"":0.011,""p_erase"":0.011,""r"":15,""run_id"":""e7c313ed154fe86be08938565687c9821a3e6378c8cd90b513d2ad5107f55163""}",
       128,         0,         0,   0.399,mwpf__5fc1d53d1fa1e187ace8b3f091054a78311e70d4a9fa65012cffdae4cff3f044,0f9c2980c75a4df2a18bafaf6b7b76e7b897d007aed1ffc9439f232c13387eb2,"{""circuit"":""surface_code:rotated_memory_x"",""cluster_node_limit"":50,""d"":5,""decoder"":""mwpf"",""decoder_type"":""SolverSerialJointSingleHair"",""p"":0.01,""p_erase"":0.01,""r"":15,""run_id"":""a91c4c3e27ee920a02412250c20bcdd1fa8f8d6cfa0fbe4d38ca641f20d18002""}",
       256,         0,         0,   0.325,mwpf__cbad3e115ecdf3b6ad6b0419b20d20d4822db3b94e3d7917df480f5373a827d2,f7cacc86c30d31f7eb810e693deb29e83d3897ee37a9c3003937ec9dfd16c807,"{""circuit"":""surface_code:rotated_memory_x"",""cluster_node_limit"":50,""d"":5,""decoder"":""mwpf"",""decoder_type"":""SolverSerialJointSingleHair"",""p"":0.004,""p_erase"":0.004,""r"":15,""run_id"":""67dce2c52be4c331e1578d71a69ada278fcebb82d6897a3a4e90182c5d3ba133""}",
       256,         0,         0,   0.551,mwpf__5f1c0683a1d9a9a1b58fa76471946e565c84957e97c1bf3a6b089b412604995f,b2e42134655b960b534e0bec1cd60e71bca2378b5b1591a1ea2e27be94d0ce89,"{""circuit"":""surface_code:rotated_memory_x"",""cluster_node_limit"":50,""d"":5,""decoder"":""mwpf"",""decoder_type"":""SolverSerialJointSingleHair"",""p"":0.007,""p_erase"":0.007,""r"":15,""run_id"":""edb37c9bc5424bbb11af4cb8ef3ea0211409850b3d6156f64ae579387e4b6962""}",
       504,         0,         0,   0.283,mwpf__82e54ec0a7c7aecc550f92eb0e20ebab5af581c59a16728383a7bcfb64bb5c0c,540573c366ddef1a052be9e1854b0c6a368c9f1f8576f06e0920be9754bf5307,"{""circuit"":""surface_code:rotated_memory_x"",""cluster_node_limit"":50,""d"":5,""decoder"":""mwpf"",""decoder_type"":""SolverSerialJointSingleHair"",""p"":0.001,""p_erase"":0.001,""r"":15,""run_id"":""a48813360aea898d35390b3e5808e3a1d7dff64c97ab8e2fd9dfb7f51cfa8658""}",
       128,         0,         0,   0.355,mwpf__9e511da0ea29e63831350db54826e9b80e1ed7c4c86755457b932ba1dec5cd66,5adcc656564ace2acf7997b5c85ea89215e96a0eeb591c3a76dca77977b62807,"{""circuit"":""surface_code:rotated_memory_x"",""cluster_node_limit"":50,""d"":5,""decoder"":""mwpf"",""decoder_type"":""SolverSerialJointSingleHair"",""p"":0.009,""p_erase"":0.009,""r"":15,""run_id"":""2f8efa52989f10214bdf4cf0c94945c1bec7f6ed730214da73666fe4ca01b377""}",
       256,         0,         0,   0.466,mwpf__c56026e4f7db9d72b9fb97f9ec8772f5a91d4341694ccb53815b6f6a344f02c6,f76a2ccd040492ec02b7b215d1f74791dff6eb39a39bc3713763871a2a118007,"{""circuit"":""surface_code:rotated_memory_x"",""cluster_node_limit"":50,""d"":5,""decoder"":""mwpf"",""decoder_type"":""SolverSerialJointSingleHair"",""p"":0.006,""p_erase"":0.006,""r"":15,""run_id"":""16948dcd0b5a7e7225f194013a75f969883ac48bca0cc73fd9fb708c43e9232c""}",
       256,         0,         0,   0.318,mwpf__cbad3e115ecdf3b6ad6b0419b20d20d4822db3b94e3d7917df480f5373a827d2,f7cacc86c30d31f7eb810e693deb29e83d3897ee37a9c3003937ec9dfd16c807,"{""circuit"":""surface_code:rotated_memory_x"",""cluster_node_limit"":50,""d"":5,""decoder"":""mwpf"",""decoder_type"":""SolverSerialJointSingleHair"",""p"":0.004,""p_erase"":0.004,""r"":15,""run_id"":""67dce2c52be4c331e1578d71a69ada278fcebb82d6897a3a4e90182c5d3ba133""}",
       256,         0,         0,   0.524,mwpf__5f1c0683a1d9a9a1b58fa76471946e565c84957e97c1bf3a6b089b412604995f,b2e42134655b960b534e0bec1cd60e71bca2378b5b1591a1ea2e27be94d0ce89,"{""circuit"":""surface_code:rotated_memory_x"",""cluster_node_limit"":50,""d"":5,""decoder"":""mwpf"",""decoder_type"":""SolverSerialJointSingleHair"",""p"":0.007,""p_erase"":0.007,""r"":15,""run_id"":""edb37c9bc5424bbb11af4cb8ef3ea0211409850b3d6156f64ae579387e4b6962""}",
       256,         0,         0,   0.502,mwpf__ed5b1ca725ab969155b6e319b075058f3fdc9fba429208948c496465f18c3565,f757f5fe78d5af9d112ef5c6a74c2b217a6d28321f27227eed44f12a7a6ab52e,"{""circuit"":""surface_code:rotated_memory_x"",""cluster_node_limit"":50,""d"":5,""decoder"":""mwpf"",""decoder_type"":""SolverSerialJointSingleHair"",""p"":0.0065,""p_erase"":0.0065,""r"":15,""run_id"":""e789b6a088777b74923270bb08a3844c985d9353d6de1028cc12da24de39d969""}",
       256,         0,         0,   0.321,mwpf__cbad3e115ecdf3b6ad6b0419b20d20d4822db3b94e3d7917df480f5373a827d2,f7cacc86c30d31f7eb810e693deb29e83d3897ee37a9c3003937ec9dfd16c807,"{""circuit"":""surface_code:rotated_memory_x"",""cluster_node_limit"":50,""d"":5,""decoder"":""mwpf"",""decoder_type"":""SolverSerialJointSingleHair"",""p"":0.004,""p_erase"":0.004,""r"":15,""run_id"":""67dce2c52be4c331e1578d71a69ada278fcebb82d6897a3a4e90182c5d3ba133""}",
       846,         0,         0,   0.454,mwpf__82e54ec0a7c7aecc550f92eb0e20ebab5af581c59a16728383a7bcfb64bb5c0c,540573c366ddef1a052be9e1854b0c6a368c9f1f8576f06e0920be9754bf5307,"{""circuit"":""surface_code:rotated_memory_x"",""cluster_node_limit"":50,""d"":5,""decoder"":""mwpf"",""decoder_type"":""SolverSerialJointSingleHair"",""p"":0.001,""p_erase"":0.001,""r"":15,""run_id"":""a48813360aea898d35390b3e5808e3a1d7dff64c97ab8e2fd9dfb7f51cfa8658""}",
       256,         0,         0,   0.593,mwpf__2999c15e4de35bed39aff1447de33a75f43d437a6d62d3b6f07996530c5faafb,37f8f91643354fae4b963103e230793379e9d4a851c3de1d529970bd4bc89959,"{""circuit"":""surface_code:rotated_memory_x"",""cluster_node_limit"":50,""d"":5,""decoder"":""mwpf"",""decoder_type"":""SolverSerialJointSingleHair"",""p"":0.0075,""p_erase"":0.0075,""r"":15,""run_id"":""e0205247b575ed7a88f5491dad45fe353fb5e54bbf0cf6e1521380a47155db30""}",
       256,         0,         0,   0.586,mwpf__2999c15e4de35bed39aff1447de33a75f43d437a6d62d3b6f07996530c5faafb,37f8f91643354fae4b963103e230793379e9d4a851c3de1d529970bd4bc89959,"{""circuit"":""surface_code:rotated_memory_x"",""cluster_node_limit"":50,""d"":5,""decoder"":""mwpf"",""decoder_type"":""SolverSerialJointSingleHair"",""p"":0.0075,""p_erase"":0.0075,""r"":15,""run_id"":""e0205247b575ed7a88f5491dad45fe353fb5e54bbf0cf6e1521380a47155db30""}",
      1024,         0,         0,   0.556,mwpf__82e54ec0a7c7aecc550f92eb0e20ebab5af581c59a16728383a7bcfb64bb5c0c,540573c366ddef1a052be9e1854b0c6a368c9f1f8576f06e0920be9754bf5307,"{""circuit"":""surface_code:rotated_memory_x"",""cluster_node_limit"":50,""d"":5,""decoder"":""mwpf"",""decoder_type"":""SolverSerialJointSingleHair"",""p"":0.001,""p_erase"":0.001,""r"":15,""run_id"":""a48813360aea898d35390b3e5808e3a1d7dff64c97ab8e2fd9dfb7f51cfa8658""}",
       256,         0,         0,   0.384,mwpf__857d3ffd6fb7a51b077123c36f8a7480f44782c3cb35ab577182779192db58c6,65d71bbe9039d14bfa8fdd79a8e46eb9bef685720b6f3af882ed1cf92362e99b,"{""circuit"":""surface_code:rotated_memory_x"",""cluster_node_limit"":50,""d"":5,""decoder"":""mwpf"",""decoder_type"":""SolverSerialJointSingleHair"",""p"":0.005,""p_erase"":0.005,""r"":15,""run_id"":""32854926b13a0e47646149aeb9eed41d6f215da6416664be24f314ff369c15bf""}",
       128,         0,         0,   0.297,mwpf__c8454081a7a6053e57eb962bb64b076c06712db6f25e7c2ca9af89032dd77adc,b4b717e7e10776f1fe6b215e80c3a33ac6e79f1a5d230094eea582a5237e48ca,"{""circuit"":""surface_code:rotated_memory_x"",""cluster_node_limit"":50,""d"":5,""decoder"":""mwpf"",""decoder_type"":""SolverSerialJointSingleHair"",""p"":0.008,""p_erase"":0.008,""r"":15,""run_id"":""688b4e2749f1f1a920106fb73b9c7785586258a05f9479b4584b98721e21e940""}",
       128,         0,         0,   0.443,mwpf__b6bda496164095ab205664f39f843241f8ca08fb0a0dc67418564679c11fbfb1,248984325eacec1e082bb013304151afa0d2f0ea757614287625876cc156ab10,"{""circuit"":""surface_code:rotated_memory_x"",""cluster_node_limit"":50,""d"":5,""decoder"":""mwpf"",""decoder_type"":""SolverSerialJointSingleHair"",""p"":0.011,""p_erase"":0.011,""r"":15,""run_id"":""e7c313ed154fe86be08938565687c9821a3e6378c8cd90b513d2ad5107f55163""}",
       256,         0,         0,   0.397,mwpf__857d3ffd6fb7a51b077123c36f8a7480f44782c3cb35ab577182779192db58c6,65d71bbe9039d14bfa8fdd79a8e46eb9bef685720b6f3af882ed1cf92362e99b,"{""circuit"":""surface_code:rotated_memory_x"",""cluster_node_limit"":50,""d"":5,""decoder"":""mwpf"",""decoder_type"":""SolverSerialJointSingleHair"",""p"":0.005,""p_erase"":0.005,""r"":15,""run_id"":""32854926b13a0e47646149aeb9eed41d6f215da6416664be24f314ff369c15bf""}",
       256,         0,         0,   0.303,mwpf__cbad3e115ecdf3b6ad6b0419b20d20d4822db3b94e3d7917df480f5373a827d2,f7cacc86c30d31f7eb810e693deb29e83d3897ee37a9c3003937ec9dfd16c807,"{""circuit"":""surface_code:rotated_memory_x"",""cluster_node_limit"":50,""d"":5,""decoder"":""mwpf"",""decoder_type"":""SolverSerialJointSingleHair"",""p"":0.004,""p_erase"":0.004,""r"":15,""run_id"":""67dce2c52be4c331e1578d71a69ada278fcebb82d6897a3a4e90182c5d3ba133""}",
       226,         0,         0,   0.117,mwpf__82e54ec0a7c7aecc550f92eb0e20ebab5af581c59a16728383a7bcfb64bb5c0c,540573c366ddef1a052be9e1854b0c6a368c9f1f8576f06e0920be9754bf5307,"{""circuit"":""surface_code:rotated_memory_x"",""cluster_node_limit"":50,""d"":5,""decoder"":""mwpf"",""decoder_type"":""SolverSerialJointSingleHair"",""p"":0.001,""p_erase"":0.001,""r"":15,""run_id"":""a48813360aea898d35390b3e5808e3a1d7dff64c97ab8e2fd9dfb7f51cfa8658""}",
       256,         0,         0,   0.309,mwpf__cbad3e115ecdf3b6ad6b0419b20d20d4822db3b94e3d7917df480f5373a827d2,f7cacc86c30d31f7eb810e693deb29e83d3897ee37a9c3003937ec9dfd16c807,"{""circuit"":""surface_code:rotated_memory_x"",""cluster_node_limit"":50,""d"":5,""decoder"":""mwpf"",""decoder_type"":""SolverSerialJointSingleHair"",""p"":0.004,""p_erase"":0.004,""r"":15,""run_id"":""67dce2c52be4c331e1578d71a69ada278fcebb82d6897a3a4e90182c5d3ba133""}",
       226,         0,         0,   0.125,mwpf__82e54ec0a7c7aecc550f92eb0e20ebab5af581c59a16728383a7bcfb64bb5c0c,540573c366ddef1a052be9e1854b0c6a368c9f1f8576f06e0920be9754bf5307,"{""circuit"":""surface_code:rotated_memory_x"",""cluster_node_limit"":50,""d"":5,""decoder"":""mwpf"",""decoder_type"":""SolverSerialJointSingleHair"",""p"":0.001,""p_erase"":0.001,""r"":15,""run_id"":""a48813360aea898d35390b3e5808e3a1d7dff64c97ab8e2fd9dfb7f51cfa8658""}",
       224,         0,         0,   0.131,mwpf__82e54ec0a7c7aecc550f92eb0e20ebab5af581c59a16728383a7bcfb64bb5c0c,540573c366ddef1a052be9e1854b0c6a368c9f1f8576f06e0920be9754bf5307,"{""circuit"":""surface_code:rotated_memory_x"",""cluster_node_limit"":50,""d"":5,""decoder"":""mwpf"",""decoder_type"":""SolverSerialJointSingleHair"",""p"":0.001,""p_erase"":0.001,""r"":15,""run_id"":""a48813360aea898d35390b3e5808e3a1d7dff64c97ab8e2fd9dfb7f51cfa8658""}",
       128,         0,         0,   0.369,mwpf__9e511da0ea29e63831350db54826e9b80e1ed7c4c86755457b932ba1dec5cd66,5adcc656564ace2acf7997b5c85ea89215e96a0eeb591c3a76dca77977b62807,"{""circuit"":""surface_code:rotated_memory_x"",""cluster_node_limit"":50,""d"":5,""decoder"":""mwpf"",""decoder_type"":""SolverSerialJointSingleHair"",""p"":0.009,""p_erase"":0.009,""r"":15,""run_id"":""2f8efa52989f10214bdf4cf0c94945c1bec7f6ed730214da73666fe4ca01b377""}",
       256,         0,         0,   0.618,mwpf__c8454081a7a6053e57eb962bb64b076c06712db6f25e7c2ca9af89032dd77adc,b4b717e7e10776f1fe6b215e80c3a33ac6e79f1a5d230094eea582a5237e48ca,"{""circuit"":""surface_code:rotated_memory_x"",""cluster_node_limit"":50,""d"":5,""decoder"":""mwpf"",""decoder_type"":""SolverSerialJointSingleHair"",""p"":0.008,""p_erase"":0.008,""r"":15,""run_id"":""688b4e2749f1f1a920106fb73b9c7785586258a05f9479b4584b98721e21e940""}",
       256,         0,         0,   0.462,mwpf__c56026e4f7db9d72b9fb97f9ec8772f5a91d4341694ccb53815b6f6a344f02c6,f76a2ccd040492ec02b7b215d1f74791dff6eb39a39bc3713763871a2a118007,"{""circuit"":""surface_code:rotated_memory_x"",""cluster_node_limit"":50,""d"":5,""decoder"":""mwpf"",""decoder_type"":""SolverSerialJointSingleHair"",""p"":0.006,""p_erase"":0.006,""r"":15,""run_id"":""16948dcd0b5a7e7225f194013a75f969883ac48bca0cc73fd9fb708c43e9232c""}",
       128,         0,         0,   0.356,mwpf__9e511da0ea29e63831350db54826e9b80e1ed7c4c86755457b932ba1dec5cd66,5adcc656564ace2acf7997b5c85ea89215e96a0eeb591c3a76dca77977b62807,"{""circuit"":""surface_code:rotated_memory_x"",""cluster_node_limit"":50,""d"":5,""decoder"":""mwpf"",""decoder_type"":""SolverSerialJointSingleHair"",""p"":0.009,""p_erase"":0.009,""r"":15,""run_id"":""2f8efa52989f10214bdf4cf0c94945c1bec7f6ed730214da73666fe4ca01b377""}",
       128,         0,         0,   0.402,mwpf__5fc1d53d1fa1e187ace8b3f091054a78311e70d4a9fa65012cffdae4cff3f044,0f9c2980c75a4df2a18bafaf6b7b76e7b897d007aed1ffc9439f232c13387eb2,"{""circuit"":""surface_code:rotated_memory_x"",""cluster_node_limit"":50,""d"":5,""decoder"":""mwpf"",""decoder_type"":""SolverSerialJointSingleHair"",""p"":0.01,""p_erase"":0.01,""r"":15,""run_id"":""a91c4c3e27ee920a02412250c20bcdd1fa8f8d6cfa0fbe4d38ca641f20d18002""}",
       128,         0,         0,   0.423,mwpf__5fc1d53d1fa1e187ace8b3f091054a78311e70d4a9fa65012cffdae4cff3f044,0f9c2980c75a4df2a18bafaf6b7b76e7b897d007aed1ffc9439f232c13387eb2,"{""circuit"":""surface_code:rotated_memory_x"",""cluster_node_limit"":50,""d"":5,""decoder"":""mwpf"",""decoder_type"":""SolverSerialJointSingleHair"",""p"":0.01,""p_erase"":0.01,""r"":15,""run_id"":""a91c4c3e27ee920a02412250c20bcdd1fa8f8d6cfa0fbe4d38ca641f20d18002""}",
       256,         0,         0,   0.523,mwpf__ed5b1ca725ab969155b6e319b075058f3fdc9fba429208948c496465f18c3565,f757f5fe78d5af9d112ef5c6a74c2b217a6d28321f27227eed44f12a7a6ab52e,"{""circuit"":""surface_code:rotated_memory_x"",""cluster_node_limit"":50,""d"":5,""decoder"":""mwpf"",""decoder_type"":""SolverSerialJointSingleHair"",""p"":0.0065,""p_erase"":0.0065,""r"":15,""run_id"":""e789b6a088777b74923270bb08a3844c985d9353d6de1028cc12da24de39d969""}",
       128,         0,         0,   0.469,mwpf__b6bda496164095ab205664f39f843241f8ca08fb0a0dc67418564679c11fbfb1,248984325eacec1e082bb013304151afa0d2f0ea757614287625876cc156ab10,"{""circuit"":""surface_code:rotated_memory_x"",""cluster_node_limit"":50,""d"":5,""decoder"":""mwpf"",""decoder_type"":""SolverSerialJointSingleHair"",""p"":0.011,""p_erase"":0.011,""r"":15,""run_id"":""e7c313ed154fe86be08938565687c9821a3e6378c8cd90b513d2ad5107f55163""}",
       256,         0,         0,   0.326,mwpf__cbad3e115ecdf3b6ad6b0419b20d20d4822db3b94e3d7917df480f5373a827d2,f7cacc86c30d31f7eb810e693deb29e83d3897ee37a9c3003937ec9dfd16c807,"{""circuit"":""surface_code:rotated_memory_x"",""cluster_node_limit"":50,""d"":5,""decoder"":""mwpf"",""decoder_type"":""SolverSerialJointSingleHair"",""p"":0.004,""p_erase"":0.004,""r"":15,""run_id"":""67dce2c52be4c331e1578d71a69ada278fcebb82d6897a3a4e90182c5d3ba133""}",
       256,         0,         0,   0.466,mwpf__c56026e4f7db9d72b9fb97f9ec8772f5a91d4341694ccb53815b6f6a344f02c6,f76a2ccd040492ec02b7b215d1f74791dff6eb39a39bc3713763871a2a118007,"{""circuit"":""surface_code:rotated_memory_x"",""cluster_node_limit"":50,""d"":5,""decoder"":""mwpf"",""decoder_type"":""SolverSerialJointSingleHair"",""p"":0.006,""p_erase"":0.006,""r"":15,""run_id"":""16948dcd0b5a7e7225f194013a75f969883ac48bca0cc73fd9fb708c43e9232c""}",
       256,         0,         0,   0.699,mwpf__2999c15e4de35bed39aff1447de33a75f43d437a6d62d3b6f07996530c5faafb,37f8f91643354fae4b963103e230793379e9d4a851c3de1d529970bd4bc89959,"{""circuit"":""surface_code:rotated_memory_x"",""cluster_node_limit"":50,""d"":5,""decoder"":""mwpf"",""decoder_type"":""SolverSerialJointSingleHair"",""p"":0.0075,""p_erase"":0.0075,""r"":15,""run_id"":""e0205247b575ed7a88f5491dad45fe353fb5e54bbf0cf6e1521380a47155db30""}",
       256,         0,         0,   0.584,mwpf__c56026e4f7db9d72b9fb97f9ec8772f5a91d4341694ccb53815b6f6a344f02c6,f76a2ccd040492ec02b7b215d1f74791dff6eb39a39bc3713763871a2a118007,"{""circuit"":""surface_code:rotated_memory_x"",""cluster_node_limit"":50,""d"":5,""decoder"":""mwpf"",""decoder_type"":""SolverSerialJointSingleHair"",""p"":0.006,""p_erase"":0.006,""r"":15,""run_id"":""16948dcd0b5a7e7225f194013a75f969883ac48bca0cc73fd9fb708c43e9232c""}",
       256,         0,         0,   0.310,mwpf__c56026e4f7db9d72b9fb97f9ec8772f5a91d4341694ccb53815b6f6a344f02c6,f76a2ccd040492ec02b7b215d1f74791dff6eb39a39bc3713763871a2a118007,"{""circuit"":""surface_code:rotated_memory_x"",""cluster_node_limit"":50,""d"":5,""decoder"":""mwpf"",""decoder_type"":""SolverSerialJointSingleHair"",""p"":0.006,""p_erase"":0.006,""r"":15,""run_id"":""16948dcd0b5a7e7225f194013a75f969883ac48bca0cc73fd9fb708c43e9232c""}",
       256,         0,         0,   0.385,mwpf__2999c15e4de35bed39aff1447de33a75f43d437a6d62d3b6f07996530c5faafb,37f8f91643354fae4b963103e230793379e9d4a851c3de1d529970bd4bc89959,"{""circuit"":""surface_code:rotated_memory_x"",""cluster_node_limit"":50,""d"":5,""decoder"":""mwpf"",""decoder_type"":""SolverSerialJointSingleHair"",""p"":0.0075,""p_erase"":0.0075,""r"":15,""run_id"":""e0205247b575ed7a88f5491dad45fe353fb5e54bbf0cf6e1521380a47155db30""}",
       256,         0,         0,   0.331,mwpf__c56026e4f7db9d72b9fb97f9ec8772f5a91d4341694ccb53815b6f6a344f02c6,f76a2ccd040492ec02b7b215d1f74791dff6eb39a39bc3713763871a2a118007,"{""circuit"":""surface_code:rotated_memory_x"",""cluster_node_limit"":50,""d"":5,""decoder"":""mwpf"",""decoder_type"":""SolverSerialJointSingleHair"",""p"":0.006,""p_erase"":0.006,""r"":15,""run_id"":""16948dcd0b5a7e7225f194013a75f969883ac48bca0cc73fd9fb708c43e9232c""}",
       256,         0,         0,   0.360,mwpf__2999c15e4de35bed39aff1447de33a75f43d437a6d62d3b6f07996530c5faafb,37f8f91643354fae4b963103e230793379e9d4a851c3de1d529970bd4bc89959,"{""circuit"":""surface_code:rotated_memory_x"",""cluster_node_limit"":50,""d"":5,""decoder"":""mwpf"",""decoder_type"":""SolverSerialJointSingleHair"",""p"":0.0075,""p_erase"":0.0075,""r"":15,""run_id"":""e0205247b575ed7a88f5491dad45fe353fb5e54bbf0cf6e1521380a47155db30""}",
       256,         0,         0,   0.331,mwpf__c56026e4f7db9d72b9fb97f9ec8772f5a91d4341694ccb53815b6f6a344f02c6,f76a2ccd040492ec02b7b215d1f74791dff6eb39a39bc3713763871a2a118007,"{""circuit"":""surface_code:rotated_memory_x"",""cluster_node_limit"":50,""d"":5,""decoder"":""mwpf"",""decoder_type"":""SolverSerialJointSingleHair"",""p"":0.006,""p_erase"":0.006,""r"":15,""run_id"":""16948dcd0b5a7e7225f194013a75f969883ac48bca0cc73fd9fb708c43e9232c""}",
       256,         0,         0,   0.374,mwpf__2999c15e4de35bed39aff1447de33a75f43d437a6d62d3b6f07996530c5faafb,37f8f91643354fae4b963103e230793379e9d4a851c3de1d529970bd4bc89959,"{""circuit"":""surface_code:rotated_memory_x"",""cluster_node_limit"":50,""d"":5,""decoder"":""mwpf"",""decoder_type"":""SolverSerialJointSingleHair"",""p"":0.0075,""p_erase"":0.0075,""r"":15,""run_id"":""e0205247b575ed7a88f5491dad45fe353fb5e54bbf0cf6e1521380a47155db30""}",
       256,         0,         0,   0.341,mwpf__c56026e4f7db9d72b9fb97f9ec8772f5a91d4341694ccb53815b6f6a344f02c6,f76a2ccd040492ec02b7b215d1f74791dff6eb39a39bc3713763871a2a118007,"{""circuit"":""surface_code:rotated_memory_x"",""cluster_node_limit"":50,""d"":5,""decoder"":""mwpf"",""decoder_type"":""SolverSerialJointSingleHair"",""p"":0.006,""p_erase"":0.006,""r"":15,""run_id"":""16948dcd0b5a7e7225f194013a75f969883ac48bca0cc73fd9fb708c43e9232c""}",
       256,         0,         0,   0.371,mwpf__2999c15e4de35bed39aff1447de33a75f43d437a6d62d3b6f07996530c5faafb,37f8f91643354fae4b963103e230793379e9d4a851c3de1d529970bd4bc89959,"{""circuit"":""surface_code:rotated_memory_x"",""cluster_node_limit"":50,""d"":5,""decoder"":""mwpf"",""decoder_type"":""SolverSerialJointSingleHair"",""p"":0.0075,""p_erase"":0.0075,""r"":15,""run_id"":""e0205247b575ed7a88f5491dad45fe353fb5e54bbf0cf6e1521380a47155db30""}",
       256,         0,         0,   0.342,mwpf__c56026e4f7db9d72b9fb97f9ec8772f5a91d4341694ccb53815b6f6a344f02c6,f76a2ccd040492ec02b7b215d1f74791dff6eb39a39bc3713763871a2a118007,"{""circuit"":""surface_code:rotated_memory_x"",""cluster_node_limit"":50,""d"":5,""decoder"":""mwpf"",""decoder_type"":""SolverSerialJointSingleHair"",""p"":0.006,""p_erase"":0.006,""r"":15,""run_id"":""16948dcd0b5a7e7225f194013a75f969883ac48bca0cc73fd9fb708c43e9232c""}",
       256,         0,         0,   0.359,mwpf__2999c15e4de35bed39aff1447de33a75f43d437a6d62d3b6f07996530c5faafb,37f8f91643354fae4b963103e230793379e9d4a851c3de1d529970bd4bc89959,"{""circuit"":""surface_code:rotated_memory_x"",""cluster_node_limit"":50,""d"":5,""decoder"":""mwpf"",""decoder_type"":""SolverSerialJointSingleHair"",""p"":0.0075,""p_erase"":0.0075,""r"":15,""run_id"":""e0205247b575ed7a88f5491dad45fe353fb5e54bbf0cf6e1521380a47155db30""}",
       256,         0,         0,    2.48,mwpf__cbad3e115ecdf3b6ad6b0419b20d20d4822db3b94e3d7917df480f5373a827d2,f7cacc86c30d31f7eb810e693deb29e83d3897ee37a9c3003937ec9dfd16c807,"{""circuit"":""surface_code:rotated_memory_x"",""cluster_node_limit"":50,""d"":5,""decoder"":""mwpf"",""decoder_type"":""SolverSerialJointSingleHair"",""p"":0.004,""p_erase"":0.004,""r"":15,""run_id"":""67dce2c52be4c331e1578d71a69ada278fcebb82d6897a3a4e90182c5d3ba133""}",
       256,         0,         0,    2.79,mwpf__5f1c0683a1d9a9a1b58fa76471946e565c84957e97c1bf3a6b089b412604995f,b2e42134655b960b534e0bec1cd60e71bca2378b5b1591a1ea2e27be94d0ce89,"{""circuit"":""surface_code:rotated_memory_x"",""cluster_node_limit"":50,""d"":5,""decoder"":""mwpf"",""decoder_type"":""SolverSerialJointSingleHair"",""p"":0.007,""p_erase"":0.007,""r"":15,""run_id"":""edb37c9bc5424bbb11af4cb8ef3ea0211409850b3d6156f64ae579387e4b6962""}",
       256,         0,         0,    2.78,mwpf__5f1c0683a1d9a9a1b58fa76471946e565c84957e97c1bf3a6b089b412604995f,b2e42134655b960b534e0bec1cd60e71bca2378b5b1591a1ea2e27be94d0ce89,"{""circuit"":""surface_code:rotated_memory_x"",""cluster_node_limit"":50,""d"":5,""decoder"":""mwpf"",""decoder_type"":""SolverSerialJointSingleHair"",""p"":0.007,""p_erase"":0.007,""r"":15,""run_id"":""edb37c9bc5424bbb11af4cb8ef3ea0211409850b3d6156f64ae579387e4b6962""}",
       128,         0,         0,    2.67,mwpf__b6bda496164095ab205664f39f843241f8ca08fb0a0dc67418564679c11fbfb1,248984325eacec1e082bb013304151afa0d2f0ea757614287625876cc156ab10,"{""circuit"":""surface_code:rotated_memory_x"",""cluster_node_limit"":50,""d"":5,""decoder"":""mwpf"",""decoder_type"":""SolverSerialJointSingleHair"",""p"":0.011,""p_erase"":0.011,""r"":15,""run_id"":""e7c313ed154fe86be08938565687c9821a3e6378c8cd90b513d2ad5107f55163""}",
       256,         0,         0,    2.59,mwpf__cbad3e115ecdf3b6ad6b0419b20d20d4822db3b94e3d7917df480f5373a827d2,f7cacc86c30d31f7eb810e693deb29e83d3897ee37a9c3003937ec9dfd16c807,"{""circuit"":""surface_code:rotated_memory_x"",""cluster_node_limit"":50,""d"":5,""decoder"":""mwpf"",""decoder_type"":""SolverSerialJointSingleHair"",""p"":0.004,""p_erase"":0.004,""r"":15,""run_id"":""67dce2c52be4c331e1578d71a69ada278fcebb82d6897a3a4e90182c5d3ba133""}",
       256,         0,         0,    2.69,mwpf__857d3ffd6fb7a51b077123c36f8a7480f44782c3cb35ab577182779192db58c6,65d71bbe9039d14bfa8fdd79a8e46eb9bef685720b6f3af882ed1cf92362e99b,"{""circuit"":""surface_code:rotated_memory_x"",""cluster_node_limit"":50,""d"":5,""decoder"":""mwpf"",""decoder_type"":""SolverSerialJointSingleHair"",""p"":0.005,""p_erase"":0.005,""r"":15,""run_id"":""32854926b13a0e47646149aeb9eed41d6f215da6416664be24f314ff369c15bf""}",
       256,         0,         0,    2.75,mwpf__2999c15e4de35bed39aff1447de33a75f43d437a6d62d3b6f07996530c5faafb,37f8f91643354fae4b963103e230793379e9d4a851c3de1d529970bd4bc89959,"{""circuit"":""surface_code:rotated_memory_x"",""cluster_node_limit"":50,""d"":5,""decoder"":""mwpf"",""decoder_type"":""SolverSerialJointSingleHair"",""p"":0.0075,""p_erase"":0.0075,""r"":15,""run_id"":""e0205247b575ed7a88f5491dad45fe353fb5e54bbf0cf6e1521380a47155db30""}",
       256,         0,         0,    2.79,mwpf__ed5b1ca725ab969155b6e319b075058f3fdc9fba429208948c496465f18c3565,f757f5fe78d5af9d112ef5c6a74c2b217a6d28321f27227eed44f12a7a6ab52e,"{""circuit"":""surface_code:rotated_memory_x"",""cluster_node_limit"":50,""d"":5,""decoder"":""mwpf"",""decoder_type"":""SolverSerialJointSingleHair"",""p"":0.0065,""p_erase"":0.0065,""r"":15,""run_id"":""e789b6a088777b74923270bb08a3844c985d9353d6de1028cc12da24de39d969""}",
       256,         0,         0,    2.68,mwpf__857d3ffd6fb7a51b077123c36f8a7480f44782c3cb35ab577182779192db58c6,65d71bbe9039d14bfa8fdd79a8e46eb9bef685720b6f3af882ed1cf92362e99b,"{""circuit"":""surface_code:rotated_memory_x"",""cluster_node_limit"":50,""d"":5,""decoder"":""mwpf"",""decoder_type"":""SolverSerialJointSingleHair"",""p"":0.005,""p_erase"":0.005,""r"":15,""run_id"":""32854926b13a0e47646149aeb9eed41d6f215da6416664be24f314ff369c15bf""}",
       128,         0,         0,    2.56,mwpf__5fc1d53d1fa1e187ace8b3f091054a78311e70d4a9fa65012cffdae4cff3f044,0f9c2980c75a4df2a18bafaf6b7b76e7b897d007aed1ffc9439f232c13387eb2,"{""circuit"":""surface_code:rotated_memory_x"",""cluster_node_limit"":50,""d"":5,""decoder"":""mwpf"",""decoder_type"":""SolverSerialJointSingleHair"",""p"":0.01,""p_erase"":0.01,""r"":15,""run_id"":""a91c4c3e27ee920a02412250c20bcdd1fa8f8d6cfa0fbe4d38ca641f20d18002""}",
       128,         0,         0,    2.58,mwpf__9e511da0ea29e63831350db54826e9b80e1ed7c4c86755457b932ba1dec5cd66,5adcc656564ace2acf7997b5c85ea89215e96a0eeb591c3a76dca77977b62807,"{""circuit"":""surface_code:rotated_memory_x"",""cluster_node_limit"":50,""d"":5,""decoder"":""mwpf"",""decoder_type"":""SolverSerialJointSingleHair"",""p"":0.009,""p_erase"":0.009,""r"":15,""run_id"":""2f8efa52989f10214bdf4cf0c94945c1bec7f6ed730214da73666fe4ca01b377""}",
       128,         0,         0,    2.62,mwpf__9e511da0ea29e63831350db54826e9b80e1ed7c4c86755457b932ba1dec5cd66,5adcc656564ace2acf7997b5c85ea89215e96a0eeb591c3a76dca77977b62807,"{""circuit"":""surface_code:rotated_memory_x"",""cluster_node_limit"":50,""d"":5,""decoder"":""mwpf"",""decoder_type"":""SolverSerialJointSingleHair"",""p"":0.009,""p_erase"":0.009,""r"":15,""run_id"":""2f8efa52989f10214bdf4cf0c94945c1bec7f6ed730214da73666fe4ca01b377""}",
       128,         0,         0,   0.192,mwpf__cbad3e115ecdf3b6ad6b0419b20d20d4822db3b94e3d7917df480f5373a827d2,f7cacc86c30d31f7eb810e693deb29e83d3897ee37a9c3003937ec9dfd16c807,"{""circuit"":""surface_code:rotated_memory_x"",""cluster_node_limit"":50,""d"":5,""decoder"":""mwpf"",""decoder_type"":""SolverSerialJointSingleHair"",""p"":0.004,""p_erase"":0.004,""r"":15,""run_id"":""67dce2c52be4c331e1578d71a69ada278fcebb82d6897a3a4e90182c5d3ba133""}",
       128,         0,         0,    2.58,mwpf__5fc1d53d1fa1e187ace8b3f091054a78311e70d4a9fa65012cffdae4cff3f044,0f9c2980c75a4df2a18bafaf6b7b76e7b897d007aed1ffc9439f232c13387eb2,"{""circuit"":""surface_code:rotated_memory_x"",""cluster_node_limit"":50,""d"":5,""decoder"":""mwpf"",""decoder_type"":""SolverSerialJointSingleHair"",""p"":0.01,""p_erase"":0.01,""r"":15,""run_id"":""a91c4c3e27ee920a02412250c20bcdd1fa8f8d6cfa0fbe4d38ca641f20d18002""}",
       128,         0,         0,    2.54,mwpf__b6bda496164095ab205664f39f843241f8ca08fb0a0dc67418564679c11fbfb1,248984325eacec1e082bb013304151afa0d2f0ea757614287625876cc156ab10,"{""circuit"":""surface_code:rotated_memory_x"",""cluster_node_limit"":50,""d"":5,""decoder"":""mwpf"",""decoder_type"":""SolverSerialJointSingleHair"",""p"":0.011,""p_erase"":0.011,""r"":15,""run_id"":""e7c313ed154fe86be08938565687c9821a3e6378c8cd90b513d2ad5107f55163""}",
       256,         0,         0,    2.55,mwpf__cbad3e115ecdf3b6ad6b0419b20d20d4822db3b94e3d7917df480f5373a827d2,f7cacc86c30d31f7eb810e693deb29e83d3897ee37a9c3003937ec9dfd16c807,"{""circuit"":""surface_code:rotated_memory_x"",""cluster_node_limit"":50,""d"":5,""decoder"":""mwpf"",""decoder_type"":""SolverSerialJointSingleHair"",""p"":0.004,""p_erase"":0.004,""r"":15,""run_id"":""67dce2c52be4c331e1578d71a69ada278fcebb82d6897a3a4e90182c5d3ba133""}",
       256,         0,         0,    2.79,mwpf__c8454081a7a6053e57eb962bb64b076c06712db6f25e7c2ca9af89032dd77adc,b4b717e7e10776f1fe6b215e80c3a33ac6e79f1a5d230094eea582a5237e48ca,"{""circuit"":""surface_code:rotated_memory_x"",""cluster_node_limit"":50,""d"":5,""decoder"":""mwpf"",""decoder_type"":""SolverSerialJointSingleHair"",""p"":0.008,""p_erase"":0.008,""r"":15,""run_id"":""688b4e2749f1f1a920106fb73b9c7785586258a05f9479b4584b98721e21e940""}",
       128,         0,         0,   0.239,mwpf__5f1c0683a1d9a9a1b58fa76471946e565c84957e97c1bf3a6b089b412604995f,b2e42134655b960b534e0bec1cd60e71bca2378b5b1591a1ea2e27be94d0ce89,"{""circuit"":""surface_code:rotated_memory_x"",""cluster_node_limit"":50,""d"":5,""decoder"":""mwpf"",""decoder_type"":""SolverSerialJointSingleHair"",""p"":0.007,""p_erase"":0.007,""r"":15,""run_id"":""edb37c9bc5424bbb11af4cb8ef3ea0211409850b3d6156f64ae579387e4b6962""}",
       128,         0,         0,   0.109,mwpf__857d3ffd6fb7a51b077123c36f8a7480f44782c3cb35ab577182779192db58c6,65d71bbe9039d14bfa8fdd79a8e46eb9bef685720b6f3af882ed1cf92362e99b,"{""circuit"":""surface_code:rotated_memory_x"",""cluster_node_limit"":50,""d"":5,""decoder"":""mwpf"",""decoder_type"":""SolverSerialJointSingleHair"",""p"":0.005,""p_erase"":0.005,""r"":15,""run_id"":""32854926b13a0e47646149aeb9eed41d6f215da6416664be24f314ff369c15bf""}",
       256,         0,         0,    2.54,mwpf__c56026e4f7db9d72b9fb97f9ec8772f5a91d4341694ccb53815b6f6a344f02c6,f76a2ccd040492ec02b7b215d1f74791dff6eb39a39bc3713763871a2a118007,"{""circuit"":""surface_code:rotated_memory_x"",""cluster_node_limit"":50,""d"":5,""decoder"":""mwpf"",""decoder_type"":""SolverSerialJointSingleHair"",""p"":0.006,""p_erase"":0.006,""r"":15,""run_id"":""16948dcd0b5a7e7225f194013a75f969883ac48bca0cc73fd9fb708c43e9232c""}",
        64,         0,         0,   0.127,mwpf__b6bda496164095ab205664f39f843241f8ca08fb0a0dc67418564679c11fbfb1,248984325eacec1e082bb013304151afa0d2f0ea757614287625876cc156ab10,"{""circuit"":""surface_code:rotated_memory_x"",""cluster_node_limit"":50,""d"":5,""decoder"":""mwpf"",""decoder_type"":""SolverSerialJointSingleHair"",""p"":0.011,""p_erase"":0.011,""r"":15,""run_id"":""e7c313ed154fe86be08938565687c9821a3e6378c8cd90b513d2ad5107f55163""}",
       128,         0,         0,   0.106,mwpf__857d3ffd6fb7a51b077123c36f8a7480f44782c3cb35ab577182779192db58c6,65d71bbe9039d14bfa8fdd79a8e46eb9bef685720b6f3af882ed1cf92362e99b,"{""circuit"":""surface_code:rotated_memory_x"",""cluster_node_limit"":50,""d"":5,""decoder"":""mwpf"",""decoder_type"":""SolverSerialJointSingleHair"",""p"":0.005,""p_erase"":0.005,""r"":15,""run_id"":""32854926b13a0e47646149aeb9eed41d6f215da6416664be24f314ff369c15bf""}",
       256,         0,         0,    2.62,mwpf__ed5b1ca725ab969155b6e319b075058f3fdc9fba429208948c496465f18c3565,f757f5fe78d5af9d112ef5c6a74c2b217a6d28321f27227eed44f12a7a6ab52e,"{""circuit"":""surface_code:rotated_memory_x"",""cluster_node_limit"":50,""d"":5,""decoder"":""mwpf"",""decoder_type"":""SolverSerialJointSingleHair"",""p"":0.0065,""p_erase"":0.0065,""r"":15,""run_id"":""e789b6a088777b74923270bb08a3844c985d9353d6de1028cc12da24de39d969""}",
        64,         0,         0,   0.098,mwpf__9e511da0ea29e63831350db54826e9b80e1ed7c4c86755457b932ba1dec5cd66,5adcc656564ace2acf7997b5c85ea89215e96a0eeb591c3a76dca77977b62807,"{""circuit"":""surface_code:rotated_memory_x"",""cluster_node_limit"":50,""d"":5,""decoder"":""mwpf"",""decoder_type"":""SolverSerialJointSingleHair"",""p"":0.009,""p_erase"":0.009,""r"":15,""run_id"":""2f8efa52989f10214bdf4cf0c94945c1bec7f6ed730214da73666fe4ca01b377""}",
        64,         0,         0,   0.104,mwpf__9e511da0ea29e63831350db54826e9b80e1ed7c4c86755457b932ba1dec5cd66,5adcc656564ace2acf7997b5c85ea89215e96a0eeb591c3a76dca77977b62807,"{""circuit"":""surface_code:rotated_memory_x"",""cluster_node_limit"":50,""d"":5,""decoder"":""mwpf"",""decoder_type"":""SolverSerialJointSingleHair"",""p"":0.009,""p_erase"":0.009,""r"":15,""run_id"":""2f8efa52989f10214bdf4cf0c94945c1bec7f6ed730214da73666fe4ca01b377""}",
        64,         0,         0,   0.113,mwpf__5fc1d53d1fa1e187ace8b3f091054a78311e70d4a9fa65012cffdae4cff3f044,0f9c2980c75a4df2a18bafaf6b7b76e7b897d007aed1ffc9439f232c13387eb2,"{""circuit"":""surface_code:rotated_memory_x"",""cluster_node_limit"":50,""d"":5,""decoder"":""mwpf"",""decoder_type"":""SolverSerialJointSingleHair"",""p"":0.01,""p_erase"":0.01,""r"":15,""run_id"":""a91c4c3e27ee920a02412250c20bcdd1fa8f8d6cfa0fbe4d38ca641f20d18002""}",
       128,         0,         0,   0.140,mwpf__ed5b1ca725ab969155b6e319b075058f3fdc9fba429208948c496465f18c3565,f757f5fe78d5af9d112ef5c6a74c2b217a6d28321f27227eed44f12a7a6ab52e,"{""circuit"":""surface_code:rotated_memory_x"",""cluster_node_limit"":50,""d"":5,""decoder"":""mwpf"",""decoder_type"":""SolverSerialJointSingleHair"",""p"":0.0065,""p_erase"":0.0065,""r"":15,""run_id"":""e789b6a088777b74923270bb08a3844c985d9353d6de1028cc12da24de39d969""}",
       128,         0,         0,   0.313,mwpf__5f1c0683a1d9a9a1b58fa76471946e565c84957e97c1bf3a6b089b412604995f,b2e42134655b960b534e0bec1cd60e71bca2378b5b1591a1ea2e27be94d0ce89,"{""circuit"":""surface_code:rotated_memory_x"",""cluster_node_limit"":50,""d"":5,""decoder"":""mwpf"",""decoder_type"":""SolverSerialJointSingleHair"",""p"":0.007,""p_erase"":0.007,""r"":15,""run_id"":""edb37c9bc5424bbb11af4cb8ef3ea0211409850b3d6156f64ae579387e4b6962""}",
       256,         0,         0,    2.78,mwpf__c8454081a7a6053e57eb962bb64b076c06712db6f25e7c2ca9af89032dd77adc,b4b717e7e10776f1fe6b215e80c3a33ac6e79f1a5d230094eea582a5237e48ca,"{""circuit"":""surface_code:rotated_memory_x"",""cluster_node_limit"":50,""d"":5,""decoder"":""mwpf"",""decoder_type"":""SolverSerialJointSingleHair"",""p"":0.008,""p_erase"":0.008,""r"":15,""run_id"":""688b4e2749f1f1a920106fb73b9c7785586258a05f9479b4584b98721e21e940""}",
        64,         0,         0,   0.152,mwpf__b6bda496164095ab205664f39f843241f8ca08fb0a0dc67418564679c11fbfb1,248984325eacec1e082bb013304151afa0d2f0ea757614287625876cc156ab10,"{""circuit"":""surface_code:rotated_memory_x"",""cluster_node_limit"":50,""d"":5,""decoder"":""mwpf"",""decoder_type"":""SolverSerialJointSingleHair"",""p"":0.011,""p_erase"":0.011,""r"":15,""run_id"":""e7c313ed154fe86be08938565687c9821a3e6378c8cd90b513d2ad5107f55163""}",
       128,         0,         0,   0.260,mwpf__2999c15e4de35bed39aff1447de33a75f43d437a6d62d3b6f07996530c5faafb,37f8f91643354fae4b963103e230793379e9d4a851c3de1d529970bd4bc89959,"{""circuit"":""surface_code:rotated_memory_x"",""cluster_node_limit"":50,""d"":5,""decoder"":""mwpf"",""decoder_type"":""SolverSerialJointSingleHair"",""p"":0.0075,""p_erase"":0.0075,""r"":15,""run_id"":""e0205247b575ed7a88f5491dad45fe353fb5e54bbf0cf6e1521380a47155db30""}",
        64,         0,         0,   0.206,mwpf__5fc1d53d1fa1e187ace8b3f091054a78311e70d4a9fa65012cffdae4cff3f044,0f9c2980c75a4df2a18bafaf6b7b76e7b897d007aed1ffc9439f232c13387eb2,"{""circuit"":""surface_code:rotated_memory_x"",""cluster_node_limit"":50,""d"":5,""decoder"":""mwpf"",""decoder_type"":""SolverSerialJointSingleHair"",""p"":0.01,""p_erase"":0.01,""r"":15,""run_id"":""a91c4c3e27ee920a02412250c20bcdd1fa8f8d6cfa0fbe4d38ca641f20d18002""}",
       128,         0,         0,   0.220,mwpf__cbad3e115ecdf3b6ad6b0419b20d20d4822db3b94e3d7917df480f5373a827d2,f7cacc86c30d31f7eb810e693deb29e83d3897ee37a9c3003937ec9dfd16c807,"{""circuit"":""surface_code:rotated_memory_x"",""cluster_node_limit"":50,""d"":5,""decoder"":""mwpf"",""decoder_type"":""SolverSerialJointSingleHair"",""p"":0.004,""p_erase"":0.004,""r"":15,""run_id"":""67dce2c52be4c331e1578d71a69ada278fcebb82d6897a3a4e90182c5d3ba133""}",
       256,         0,         0,   0.302,mwpf__cbad3e115ecdf3b6ad6b0419b20d20d4822db3b94e3d7917df480f5373a827d2,f7cacc86c30d31f7eb810e693deb29e83d3897ee37a9c3003937ec9dfd16c807,"{""circuit"":""surface_code:rotated_memory_x"",""cluster_node_limit"":50,""d"":5,""decoder"":""mwpf"",""decoder_type"":""SolverSerialJointSingleHair"",""p"":0.004,""p_erase"":0.004,""r"":15,""run_id"":""67dce2c52be4c331e1578d71a69ada278fcebb82d6897a3a4e90182c5d3ba133""}",
       128,         0,         0,   0.290,mwpf__c56026e4f7db9d72b9fb97f9ec8772f5a91d4341694ccb53815b6f6a344f02c6,f76a2ccd040492ec02b7b215d1f74791dff6eb39a39bc3713763871a2a118007,"{""circuit"":""surface_code:rotated_memory_x"",""cluster_node_limit"":50,""d"":5,""decoder"":""mwpf"",""decoder_type"":""SolverSerialJointSingleHair"",""p"":0.006,""p_erase"":0.006,""r"":15,""run_id"":""16948dcd0b5a7e7225f194013a75f969883ac48bca0cc73fd9fb708c43e9232c""}",
       128,         0,         0,   0.270,mwpf__c8454081a7a6053e57eb962bb64b076c06712db6f25e7c2ca9af89032dd77adc,b4b717e7e10776f1fe6b215e80c3a33ac6e79f1a5d230094eea582a5237e48ca,"{""circuit"":""surface_code:rotated_memory_x"",""cluster_node_limit"":50,""d"":5,""decoder"":""mwpf"",""decoder_type"":""SolverSerialJointSingleHair"",""p"":0.008,""p_erase"":0.008,""r"":15,""run_id"":""688b4e2749f1f1a920106fb73b9c7785586258a05f9479b4584b98721e21e940""}",
       128,         0,         0,   0.357,mwpf__ed5b1ca725ab969155b6e319b075058f3fdc9fba429208948c496465f18c3565,f757f5fe78d5af9d112ef5c6a74c2b217a6d28321f27227eed44f12a7a6ab52e,"{""circuit"":""surface_code:rotated_memory_x"",""cluster_node_limit"":50,""d"":5,""decoder"":""mwpf"",""decoder_type"":""SolverSerialJointSingleHair"",""p"":0.0065,""p_erase"":0.0065,""r"":15,""run_id"":""e789b6a088777b74923270bb08a3844c985d9353d6de1028cc12da24de39d969""}",
       256,         0,         0,   0.839,mwpf__c56026e4f7db9d72b9fb97f9ec8772f5a91d4341694ccb53815b6f6a344f02c6,f76a2ccd040492ec02b7b215d1f74791dff6eb39a39bc3713763871a2a118007,"{""circuit"":""surface_code:rotated_memory_x"",""cluster_node_limit"":50,""d"":5,""decoder"":""mwpf"",""decoder_type"":""SolverSerialJointSingleHair"",""p"":0.006,""p_erase"":0.006,""r"":15,""run_id"":""16948dcd0b5a7e7225f194013a75f969883ac48bca0cc73fd9fb708c43e9232c""}",
       128,         0,         0,   0.395,mwpf__5f1c0683a1d9a9a1b58fa76471946e565c84957e97c1bf3a6b089b412604995f,b2e42134655b960b534e0bec1cd60e71bca2378b5b1591a1ea2e27be94d0ce89,"{""circuit"":""surface_code:rotated_memory_x"",""cluster_node_limit"":50,""d"":5,""decoder"":""mwpf"",""decoder_type"":""SolverSerialJointSingleHair"",""p"":0.007,""p_erase"":0.007,""r"":15,""run_id"":""edb37c9bc5424bbb11af4cb8ef3ea0211409850b3d6156f64ae579387e4b6962""}",
       256,         0,         0,   0.276,mwpf__cbad3e115ecdf3b6ad6b0419b20d20d4822db3b94e3d7917df480f5373a827d2,f7cacc86c30d31f7eb810e693deb29e83d3897ee37a9c3003937ec9dfd16c807,"{""circuit"":""surface_code:rotated_memory_x"",""cluster_node_limit"":50,""d"":5,""decoder"":""mwpf"",""decoder_type"":""SolverSerialJointSingleHair"",""p"":0.004,""p_erase"":0.004,""r"":15,""run_id"":""67dce2c52be4c331e1578d71a69ada278fcebb82d6897a3a4e90182c5d3ba133""}",
       256,         0,         0,   0.237,mwpf__cbad3e115ecdf3b6ad6b0419b20d20d4822db3b94e3d7917df480f5373a827d2,f7cacc86c30d31f7eb810e693deb29e83d3897ee37a9c3003937ec9dfd16c807,"{""circuit"":""surface_code:rotated_memory_x"",""cluster_node_limit"":50,""d"":5,""decoder"":""mwpf"",""decoder_type"":""SolverSerialJointSingleHair"",""p"":0.004,""p_erase"":0.004,""r"":15,""run_id"":""67dce2c52be4c331e1578d71a69ada278fcebb82d6897a3a4e90182c5d3ba133""}",
       128,         0,         0,   0.265,mwpf__ed5b1ca725ab969155b6e319b075058f3fdc9fba429208948c496465f18c3565,f757f5fe78d5af9d112ef5c6a74c2b217a6d28321f27227eed44f12a7a6ab52e,"{""circuit"":""surface_code:rotated_memory_x"",""cluster_node_limit"":50,""d"":5,""decoder"":""mwpf"",""decoder_type"":""SolverSerialJointSingleHair"",""p"":0.0065,""p_erase"":0.0065,""r"":15,""run_id"":""e789b6a088777b74923270bb08a3844c985d9353d6de1028cc12da24de39d969""}",
       256,         0,         0,   0.646,mwpf__5f1c0683a1d9a9a1b58fa76471946e565c84957e97c1bf3a6b089b412604995f,b2e42134655b960b534e0bec1cd60e71bca2378b5b1591a1ea2e27be94d0ce89,"{""circuit"":""surface_code:rotated_memory_x"",""cluster_node_limit"":50,""d"":5,""decoder"":""mwpf"",""decoder_type"":""SolverSerialJointSingleHair"",""p"":0.007,""p_erase"":0.007,""r"":15,""run_id"":""edb37c9bc5424bbb11af4cb8ef3ea0211409850b3d6156f64ae579387e4b6962""}",
       640,         0,         0,   0.791,mwpf__cbad3e115ecdf3b6ad6b0419b20d20d4822db3b94e3d7917df480f5373a827d2,f7cacc86c30d31f7eb810e693deb29e83d3897ee37a9c3003937ec9dfd16c807,"{""circuit"":""surface_code:rotated_memory_x"",""cluster_node_limit"":50,""d"":5,""decoder"":""mwpf"",""decoder_type"":""SolverSerialJointSingleHair"",""p"":0.004,""p_erase"":0.004,""r"":15,""run_id"":""67dce2c52be4c331e1578d71a69ada278fcebb82d6897a3a4e90182c5d3ba133""}",
       256,         0,         0,   0.963,mwpf__2999c15e4de35bed39aff1447de33a75f43d437a6d62d3b6f07996530c5faafb,37f8f91643354fae4b963103e230793379e9d4a851c3de1d529970bd4bc89959,"{""circuit"":""surface_code:rotated_memory_x"",""cluster_node_limit"":50,""d"":5,""decoder"":""mwpf"",""decoder_type"":""SolverSerialJointSingleHair"",""p"":0.0075,""p_erase"":0.0075,""r"":15,""run_id"":""e0205247b575ed7a88f5491dad45fe353fb5e54bbf0cf6e1521380a47155db30""}",
       128,         0,         0,   0.611,mwpf__b6bda496164095ab205664f39f843241f8ca08fb0a0dc67418564679c11fbfb1,248984325eacec1e082bb013304151afa0d2f0ea757614287625876cc156ab10,"{""circuit"":""surface_code:rotated_memory_x"",""cluster_node_limit"":50,""d"":5,""decoder"":""mwpf"",""decoder_type"":""SolverSerialJointSingleHair"",""p"":0.011,""p_erase"":0.011,""r"":15,""run_id"":""e7c313ed154fe86be08938565687c9821a3e6378c8cd90b513d2ad5107f55163""}",
       128,         1,         0,   0.603,mwpf__5fc1d53d1fa1e187ace8b3f091054a78311e70d4a9fa65012cffdae4cff3f044,0f9c2980c75a4df2a18bafaf6b7b76e7b897d007aed1ffc9439f232c13387eb2,"{""circuit"":""surface_code:rotated_memory_x"",""cluster_node_limit"":50,""d"":5,""decoder"":""mwpf"",""decoder_type"":""SolverSerialJointSingleHair"",""p"":0.01,""p_erase"":0.01,""r"":15,""run_id"":""a91c4c3e27ee920a02412250c20bcdd1fa8f8d6cfa0fbe4d38ca641f20d18002""}",
       512,         0,         0,   0.806,mwpf__857d3ffd6fb7a51b077123c36f8a7480f44782c3cb35ab577182779192db58c6,65d71bbe9039d14bfa8fdd79a8e46eb9bef685720b6f3af882ed1cf92362e99b,"{""circuit"":""surface_code:rotated_memory_x"",""cluster_node_limit"":50,""d"":5,""decoder"":""mwpf"",""decoder_type"":""SolverSerialJointSingleHair"",""p"":0.005,""p_erase"":0.005,""r"":15,""run_id"":""32854926b13a0e47646149aeb9eed41d6f215da6416664be24f314ff369c15bf""}",
       256,         0,         0,   0.663,mwpf__2999c15e4de35bed39aff1447de33a75f43d437a6d62d3b6f07996530c5faafb,37f8f91643354fae4b963103e230793379e9d4a851c3de1d529970bd4bc89959,"{""circuit"":""surface_code:rotated_memory_x"",""cluster_node_limit"":50,""d"":5,""decoder"":""mwpf"",""decoder_type"":""SolverSerialJointSingleHair"",""p"":0.0075,""p_erase"":0.0075,""r"":15,""run_id"":""e0205247b575ed7a88f5491dad45fe353fb5e54bbf0cf6e1521380a47155db30""}",
       128,         0,         0,   0.339,mwpf__5f1c0683a1d9a9a1b58fa76471946e565c84957e97c1bf3a6b089b412604995f,b2e42134655b960b534e0bec1cd60e71bca2378b5b1591a1ea2e27be94d0ce89,"{""circuit"":""surface_code:rotated_memory_x"",""cluster_node_limit"":50,""d"":5,""decoder"":""mwpf"",""decoder_type"":""SolverSerialJointSingleHair"",""p"":0.007,""p_erase"":0.007,""r"":15,""run_id"":""edb37c9bc5424bbb11af4cb8ef3ea0211409850b3d6156f64ae579387e4b6962""}",
       256,         0,         0,   0.865,mwpf__c8454081a7a6053e57eb962bb64b076c06712db6f25e7c2ca9af89032dd77adc,b4b717e7e10776f1fe6b215e80c3a33ac6e79f1a5d230094eea582a5237e48ca,"{""circuit"":""surface_code:rotated_memory_x"",""cluster_node_limit"":50,""d"":5,""decoder"":""mwpf"",""decoder_type"":""SolverSerialJointSingleHair"",""p"":0.008,""p_erase"":0.008,""r"":15,""run_id"":""688b4e2749f1f1a920106fb73b9c7785586258a05f9479b4584b98721e21e940""}",
       256,         0,         0,   0.831,mwpf__9e511da0ea29e63831350db54826e9b80e1ed7c4c86755457b932ba1dec5cd66,5adcc656564ace2acf7997b5c85ea89215e96a0eeb591c3a76dca77977b62807,"{""circuit"":""surface_code:rotated_memory_x"",""cluster_node_limit"":50,""d"":5,""decoder"":""mwpf"",""decoder_type"":""SolverSerialJointSingleHair"",""p"":0.009,""p_erase"":0.009,""r"":15,""run_id"":""2f8efa52989f10214bdf4cf0c94945c1bec7f6ed730214da73666fe4ca01b377""}",
       256,         0,         0,   0.867,mwpf__9e511da0ea29e63831350db54826e9b80e1ed7c4c86755457b932ba1dec5cd66,5adcc656564ace2acf7997b5c85ea89215e96a0eeb591c3a76dca77977b62807,"{""circuit"":""surface_code:rotated_memory_x"",""cluster_node_limit"":50,""d"":5,""decoder"":""mwpf"",""decoder_type"":""SolverSerialJointSingleHair"",""p"":0.009,""p_erase"":0.009,""r"":15,""run_id"":""2f8efa52989f10214bdf4cf0c94945c1bec7f6ed730214da73666fe4ca01b377""}",
       256,         0,         0,   0.868,mwpf__5fc1d53d1fa1e187ace8b3f091054a78311e70d4a9fa65012cffdae4cff3f044,0f9c2980c75a4df2a18bafaf6b7b76e7b897d007aed1ffc9439f232c13387eb2,"{""circuit"":""surface_code:rotated_memory_x"",""cluster_node_limit"":50,""d"":5,""decoder"":""mwpf"",""decoder_type"":""SolverSerialJointSingleHair"",""p"":0.01,""p_erase"":0.01,""r"":15,""run_id"":""a91c4c3e27ee920a02412250c20bcdd1fa8f8d6cfa0fbe4d38ca641f20d18002""}",
       256,         0,         0,   0.584,mwpf__c56026e4f7db9d72b9fb97f9ec8772f5a91d4341694ccb53815b6f6a344f02c6,f76a2ccd040492ec02b7b215d1f74791dff6eb39a39bc3713763871a2a118007,"{""circuit"":""surface_code:rotated_memory_x"",""cluster_node_limit"":50,""d"":5,""decoder"":""mwpf"",""decoder_type"":""SolverSerialJointSingleHair"",""p"":0.006,""p_erase"":0.006,""r"":15,""run_id"":""16948dcd0b5a7e7225f194013a75f969883ac48bca0cc73fd9fb708c43e9232c""}",
       512,         0,         0,    1.03,mwpf__857d3ffd6fb7a51b077123c36f8a7480f44782c3cb35ab577182779192db58c6,65d71bbe9039d14bfa8fdd79a8e46eb9bef685720b6f3af882ed1cf92362e99b,"{""circuit"":""surface_code:rotated_memory_x"",""cluster_node_limit"":50,""d"":5,""decoder"":""mwpf"",""decoder_type"":""SolverSerialJointSingleHair"",""p"":0.005,""p_erase"":0.005,""r"":15,""run_id"":""32854926b13a0e47646149aeb9eed41d6f215da6416664be24f314ff369c15bf""}",
       256,         0,         0,   0.779,mwpf__c56026e4f7db9d72b9fb97f9ec8772f5a91d4341694ccb53815b6f6a344f02c6,f76a2ccd040492ec02b7b215d1f74791dff6eb39a39bc3713763871a2a118007,"{""circuit"":""surface_code:rotated_memory_x"",""cluster_node_limit"":50,""d"":5,""decoder"":""mwpf"",""decoder_type"":""SolverSerialJointSingleHair"",""p"":0.006,""p_erase"":0.006,""r"":15,""run_id"":""16948dcd0b5a7e7225f194013a75f969883ac48bca0cc73fd9fb708c43e9232c""}",
       128,         0,         0,   0.421,mwpf__5fc1d53d1fa1e187ace8b3f091054a78311e70d4a9fa65012cffdae4cff3f044,0f9c2980c75a4df2a18bafaf6b7b76e7b897d007aed1ffc9439f232c13387eb2,"{""circuit"":""surface_code:rotated_memory_x"",""cluster_node_limit"":50,""d"":5,""decoder"":""mwpf"",""decoder_type"":""SolverSerialJointSingleHair"",""p"":0.01,""p_erase"":0.01,""r"":15,""run_id"":""a91c4c3e27ee920a02412250c20bcdd1fa8f8d6cfa0fbe4d38ca641f20d18002""}",
       128,         0,         0,   0.368,mwpf__5f1c0683a1d9a9a1b58fa76471946e565c84957e97c1bf3a6b089b412604995f,b2e42134655b960b534e0bec1cd60e71bca2378b5b1591a1ea2e27be94d0ce89,"{""circuit"":""surface_code:rotated_memory_x"",""cluster_node_limit"":50,""d"":5,""decoder"":""mwpf"",""decoder_type"":""SolverSerialJointSingleHair"",""p"":0.007,""p_erase"":0.007,""r"":15,""run_id"":""edb37c9bc5424bbb11af4cb8ef3ea0211409850b3d6156f64ae579387e4b6962""}",
       512,         0,         0,   0.704,mwpf__cbad3e115ecdf3b6ad6b0419b20d20d4822db3b94e3d7917df480f5373a827d2,f7cacc86c30d31f7eb810e693deb29e83d3897ee37a9c3003937ec9dfd16c807,"{""circuit"":""surface_code:rotated_memory_x"",""cluster_node_limit"":50,""d"":5,""decoder"":""mwpf"",""decoder_type"":""SolverSerialJointSingleHair"",""p"":0.004,""p_erase"":0.004,""r"":15,""run_id"":""67dce2c52be4c331e1578d71a69ada278fcebb82d6897a3a4e90182c5d3ba133""}",
       256,         0,         0,   0.830,mwpf__c8454081a7a6053e57eb962bb64b076c06712db6f25e7c2ca9af89032dd77adc,b4b717e7e10776f1fe6b215e80c3a33ac6e79f1a5d230094eea582a5237e48ca,"{""circuit"":""surface_code:rotated_memory_x"",""cluster_node_limit"":50,""d"":5,""decoder"":""mwpf"",""decoder_type"":""SolverSerialJointSingleHair"",""p"":0.008,""p_erase"":0.008,""r"":15,""run_id"":""688b4e2749f1f1a920106fb73b9c7785586258a05f9479b4584b98721e21e940""}",
       256,         0,         0,   0.575,mwpf__ed5b1ca725ab969155b6e319b075058f3fdc9fba429208948c496465f18c3565,f757f5fe78d5af9d112ef5c6a74c2b217a6d28321f27227eed44f12a7a6ab52e,"{""circuit"":""surface_code:rotated_memory_x"",""cluster_node_limit"":50,""d"":5,""decoder"":""mwpf"",""decoder_type"":""SolverSerialJointSingleHair"",""p"":0.0065,""p_erase"":0.0065,""r"":15,""run_id"":""e789b6a088777b74923270bb08a3844c985d9353d6de1028cc12da24de39d969""}",
       512,         0,         0,    1.18,mwpf__ed5b1ca725ab969155b6e319b075058f3fdc9fba429208948c496465f18c3565,f757f5fe78d5af9d112ef5c6a74c2b217a6d28321f27227eed44f12a7a6ab52e,"{""circuit"":""surface_code:rotated_memory_x"",""cluster_node_limit"":50,""d"":5,""decoder"":""mwpf"",""decoder_type"":""SolverSerialJointSingleHair"",""p"":0.0065,""p_erase"":0.0065,""r"":15,""run_id"":""e789b6a088777b74923270bb08a3844c985d9353d6de1028cc12da24de39d969""}",
       256,         1,         0,    1.23,mwpf__b6bda496164095ab205664f39f843241f8ca08fb0a0dc67418564679c11fbfb1,248984325eacec1e082bb013304151afa0d2f0ea757614287625876cc156ab10,"{""circuit"":""surface_code:rotated_memory_x"",""cluster_node_limit"":50,""d"":5,""decoder"":""mwpf"",""decoder_type"":""SolverSerialJointSingleHair"",""p"":0.011,""p_erase"":0.011,""r"":15,""run_id"":""e7c313ed154fe86be08938565687c9821a3e6378c8cd90b513d2ad5107f55163""}",
       512,         0,         0,   0.824,mwpf__cbad3e115ecdf3b6ad6b0419b20d20d4822db3b94e3d7917df480f5373a827d2,f7cacc86c30d31f7eb810e693deb29e83d3897ee37a9c3003937ec9dfd16c807,"{""circuit"":""surface_code:rotated_memory_x"",""cluster_node_limit"":50,""d"":5,""decoder"":""mwpf"",""decoder_type"":""SolverSerialJointSingleHair"",""p"":0.004,""p_erase"":0.004,""r"":15,""run_id"":""67dce2c52be4c331e1578d71a69ada278fcebb82d6897a3a4e90182c5d3ba133""}",
       256,         0,         0,   0.669,mwpf__5f1c0683a1d9a9a1b58fa76471946e565c84957e97c1bf3a6b089b412604995f,b2e42134655b960b534e0bec1cd60e71bca2378b5b1591a1ea2e27be94d0ce89,"{""circuit"":""surface_code:rotated_memory_x"",""cluster_node_limit"":50,""d"":5,""decoder"":""mwpf"",""decoder_type"":""SolverSerialJointSingleHair"",""p"":0.007,""p_erase"":0.007,""r"":15,""run_id"":""edb37c9bc5424bbb11af4cb8ef3ea0211409850b3d6156f64ae579387e4b6962""}",
       128,         0,         0,   0.588,mwpf__b6bda496164095ab205664f39f843241f8ca08fb0a0dc67418564679c11fbfb1,248984325eacec1e082bb013304151afa0d2f0ea757614287625876cc156ab10,"{""circuit"":""surface_code:rotated_memory_x"",""cluster_node_limit"":50,""d"":5,""decoder"":""mwpf"",""decoder_type"":""SolverSerialJointSingleHair"",""p"":0.011,""p_erase"":0.011,""r"":15,""run_id"":""e7c313ed154fe86be08938565687c9821a3e6378c8cd90b513d2ad5107f55163""}",
       512,         0,         0,   0.729,mwpf__cbad3e115ecdf3b6ad6b0419b20d20d4822db3b94e3d7917df480f5373a827d2,f7cacc86c30d31f7eb810e693deb29e83d3897ee37a9c3003937ec9dfd16c807,"{""circuit"":""surface_code:rotated_memory_x"",""cluster_node_limit"":50,""d"":5,""decoder"":""mwpf"",""decoder_type"":""SolverSerialJointSingleHair"",""p"":0.004,""p_erase"":0.004,""r"":15,""run_id"":""67dce2c52be4c331e1578d71a69ada278fcebb82d6897a3a4e90182c5d3ba133""}",
       256,         0,         0,   0.753,mwpf__2999c15e4de35bed39aff1447de33a75f43d437a6d62d3b6f07996530c5faafb,37f8f91643354fae4b963103e230793379e9d4a851c3de1d529970bd4bc89959,"{""circuit"":""surface_code:rotated_memory_x"",""cluster_node_limit"":50,""d"":5,""decoder"":""mwpf"",""decoder_type"":""SolverSerialJointSingleHair"",""p"":0.0075,""p_erase"":0.0075,""r"":15,""run_id"":""e0205247b575ed7a88f5491dad45fe353fb5e54bbf0cf6e1521380a47155db30""}",
       128,         0,         0,   0.329,mwpf__5f1c0683a1d9a9a1b58fa76471946e565c84957e97c1bf3a6b089b412604995f,b2e42134655b960b534e0bec1cd60e71bca2378b5b1591a1ea2e27be94d0ce89,"{""circuit"":""surface_code:rotated_memory_x"",""cluster_node_limit"":50,""d"":5,""decoder"":""mwpf"",""decoder_type"":""SolverSerialJointSingleHair"",""p"":0.007,""p_erase"":0.007,""r"":15,""run_id"":""edb37c9bc5424bbb11af4cb8ef3ea0211409850b3d6156f64ae579387e4b6962""}",
       256,         0,         0,   0.704,mwpf__2999c15e4de35bed39aff1447de33a75f43d437a6d62d3b6f07996530c5faafb,37f8f91643354fae4b963103e230793379e9d4a851c3de1d529970bd4bc89959,"{""circuit"":""surface_code:rotated_memory_x"",""cluster_node_limit"":50,""d"":5,""decoder"":""mwpf"",""decoder_type"":""SolverSerialJointSingleHair"",""p"":0.0075,""p_erase"":0.0075,""r"":15,""run_id"":""e0205247b575ed7a88f5491dad45fe353fb5e54bbf0cf6e1521380a47155db30""}",
       256,         0,         0,   0.517,mwpf__c56026e4f7db9d72b9fb97f9ec8772f5a91d4341694ccb53815b6f6a344f02c6,f76a2ccd040492ec02b7b215d1f74791dff6eb39a39bc3713763871a2a118007,"{""circuit"":""surface_code:rotated_memory_x"",""cluster_node_limit"":50,""d"":5,""decoder"":""mwpf"",""decoder_type"":""SolverSerialJointSingleHair"",""p"":0.006,""p_erase"":0.006,""r"":15,""run_id"":""16948dcd0b5a7e7225f194013a75f969883ac48bca0cc73fd9fb708c43e9232c""}",
       256,         0,         0,   0.757,mwpf__c8454081a7a6053e57eb962bb64b076c06712db6f25e7c2ca9af89032dd77adc,b4b717e7e10776f1fe6b215e80c3a33ac6e79f1a5d230094eea582a5237e48ca,"{""circuit"":""surface_code:rotated_memory_x"",""cluster_node_limit"":50,""d"":5,""decoder"":""mwpf"",""decoder_type"":""SolverSerialJointSingleHair"",""p"":0.008,""p_erase"":0.008,""r"":15,""run_id"":""688b4e2749f1f1a920106fb73b9c7785586258a05f9479b4584b98721e21e940""}",
       128,         0,         0,   0.503,mwpf__5fc1d53d1fa1e187ace8b3f091054a78311e70d4a9fa65012cffdae4cff3f044,0f9c2980c75a4df2a18bafaf6b7b76e7b897d007aed1ffc9439f232c13387eb2,"{""circuit"":""surface_code:rotated_memory_x"",""cluster_node_limit"":50,""d"":5,""decoder"":""mwpf"",""decoder_type"":""SolverSerialJointSingleHair"",""p"":0.01,""p_erase"":0.01,""r"":15,""run_id"":""a91c4c3e27ee920a02412250c20bcdd1fa8f8d6cfa0fbe4d38ca641f20d18002""}",
       256,         0,         0,   0.801,mwpf__9e511da0ea29e63831350db54826e9b80e1ed7c4c86755457b932ba1dec5cd66,5adcc656564ace2acf7997b5c85ea89215e96a0eeb591c3a76dca77977b62807,"{""circuit"":""surface_code:rotated_memory_x"",""cluster_node_limit"":50,""d"":5,""decoder"":""mwpf"",""decoder_type"":""SolverSerialJointSingleHair"",""p"":0.009,""p_erase"":0.009,""r"":15,""run_id"":""2f8efa52989f10214bdf4cf0c94945c1bec7f6ed730214da73666fe4ca01b377""}",
       256,         0,         0,   0.946,mwpf__9e511da0ea29e63831350db54826e9b80e1ed7c4c86755457b932ba1dec5cd66,5adcc656564ace2acf7997b5c85ea89215e96a0eeb591c3a76dca77977b62807,"{""circuit"":""surface_code:rotated_memory_x"",""cluster_node_limit"":50,""d"":5,""decoder"":""mwpf"",""decoder_type"":""SolverSerialJointSingleHair"",""p"":0.009,""p_erase"":0.009,""r"":15,""run_id"":""2f8efa52989f10214bdf4cf0c94945c1bec7f6ed730214da73666fe4ca01b377""}",
       256,         0,         0,   0.597,mwpf__ed5b1ca725ab969155b6e319b075058f3fdc9fba429208948c496465f18c3565,f757f5fe78d5af9d112ef5c6a74c2b217a6d28321f27227eed44f12a7a6ab52e,"{""circuit"":""surface_code:rotated_memory_x"",""cluster_node_limit"":50,""d"":5,""decoder"":""mwpf"",""decoder_type"":""SolverSerialJointSingleHair"",""p"":0.0065,""p_erase"":0.0065,""r"":15,""run_id"":""e789b6a088777b74923270bb08a3844c985d9353d6de1028cc12da24de39d969""}",
       512,         0,         0,    1.04,mwpf__857d3ffd6fb7a51b077123c36f8a7480f44782c3cb35ab577182779192db58c6,65d71bbe9039d14bfa8fdd79a8e46eb9bef685720b6f3af882ed1cf92362e99b,"{""circuit"":""surface_code:rotated_memory_x"",""cluster_node_limit"":50,""d"":5,""decoder"":""mwpf"",""decoder_type"":""SolverSerialJointSingleHair"",""p"":0.005,""p_erase"":0.005,""r"":15,""run_id"":""32854926b13a0e47646149aeb9eed41d6f215da6416664be24f314ff369c15bf""}",
       256,         1,         0,   0.980,mwpf__5fc1d53d1fa1e187ace8b3f091054a78311e70d4a9fa65012cffdae4cff3f044,0f9c2980c75a4df2a18bafaf6b7b76e7b897d007aed1ffc9439f232c13387eb2,"{""circuit"":""surface_code:rotated_memory_x"",""cluster_node_limit"":50,""d"":5,""decoder"":""mwpf"",""decoder_type"":""SolverSerialJointSingleHair"",""p"":0.01,""p_erase"":0.01,""r"":15,""run_id"":""a91c4c3e27ee920a02412250c20bcdd1fa8f8d6cfa0fbe4d38ca641f20d18002""}",
       128,         1,         0,   0.575,mwpf__b6bda496164095ab205664f39f843241f8ca08fb0a0dc67418564679c11fbfb1,248984325eacec1e082bb013304151afa0d2f0ea757614287625876cc156ab10,"{""circuit"":""surface_code:rotated_memory_x"",""cluster_node_limit"":50,""d"":5,""decoder"":""mwpf"",""decoder_type"":""SolverSerialJointSingleHair"",""p"":0.011,""p_erase"":0.011,""r"":15,""run_id"":""e7c313ed154fe86be08938565687c9821a3e6378c8cd90b513d2ad5107f55163""}",
       512,         0,         0,   0.933,mwpf__857d3ffd6fb7a51b077123c36f8a7480f44782c3cb35ab577182779192db58c6,65d71bbe9039d14bfa8fdd79a8e46eb9bef685720b6f3af882ed1cf92362e99b,"{""circuit"":""surface_code:rotated_memory_x"",""cluster_node_limit"":50,""d"":5,""decoder"":""mwpf"",""decoder_type"":""SolverSerialJointSingleHair"",""p"":0.005,""p_erase"":0.005,""r"":15,""run_id"":""32854926b13a0e47646149aeb9eed41d6f215da6416664be24f314ff369c15bf""}",
       512,         0,         0,   0.790,mwpf__cbad3e115ecdf3b6ad6b0419b20d20d4822db3b94e3d7917df480f5373a827d2,f7cacc86c30d31f7eb810e693deb29e83d3897ee37a9c3003937ec9dfd16c807,"{""circuit"":""surface_code:rotated_memory_x"",""cluster_node_limit"":50,""d"":5,""decoder"":""mwpf"",""decoder_type"":""SolverSerialJointSingleHair"",""p"":0.004,""p_erase"":0.004,""r"":15,""run_id"":""67dce2c52be4c331e1578d71a69ada278fcebb82d6897a3a4e90182c5d3ba133""}",
       256,         0,         0,   0.700,mwpf__5f1c0683a1d9a9a1b58fa76471946e565c84957e97c1bf3a6b089b412604995f,b2e42134655b960b534e0bec1cd60e71bca2378b5b1591a1ea2e27be94d0ce89,"{""circuit"":""surface_code:rotated_memory_x"",""cluster_node_limit"":50,""d"":5,""decoder"":""mwpf"",""decoder_type"":""SolverSerialJointSingleHair"",""p"":0.007,""p_erase"":0.007,""r"":15,""run_id"":""edb37c9bc5424bbb11af4cb8ef3ea0211409850b3d6156f64ae579387e4b6962""}",
       256,         1,         0,   0.868,mwpf__c8454081a7a6053e57eb962bb64b076c06712db6f25e7c2ca9af89032dd77adc,b4b717e7e10776f1fe6b215e80c3a33ac6e79f1a5d230094eea582a5237e48ca,"{""circuit"":""surface_code:rotated_memory_x"",""cluster_node_limit"":50,""d"":5,""decoder"":""mwpf"",""decoder_type"":""SolverSerialJointSingleHair"",""p"":0.008,""p_erase"":0.008,""r"":15,""run_id"":""688b4e2749f1f1a920106fb73b9c7785586258a05f9479b4584b98721e21e940""}",
       512,         0,         0,   0.780,mwpf__cbad3e115ecdf3b6ad6b0419b20d20d4822db3b94e3d7917df480f5373a827d2,f7cacc86c30d31f7eb810e693deb29e83d3897ee37a9c3003937ec9dfd16c807,"{""circuit"":""surface_code:rotated_memory_x"",""cluster_node_limit"":50,""d"":5,""decoder"":""mwpf"",""decoder_type"":""SolverSerialJointSingleHair"",""p"":0.004,""p_erase"":0.004,""r"":15,""run_id"":""67dce2c52be4c331e1578d71a69ada278fcebb82d6897a3a4e90182c5d3ba133""}",
       512,         0,         0,    1.12,mwpf__c56026e4f7db9d72b9fb97f9ec8772f5a91d4341694ccb53815b6f6a344f02c6,f76a2ccd040492ec02b7b215d1f74791dff6eb39a39bc3713763871a2a118007,"{""circuit"":""surface_code:rotated_memory_x"",""cluster_node_limit"":50,""d"":5,""decoder"":""mwpf"",""decoder_type"":""SolverSerialJointSingleHair"",""p"":0.006,""p_erase"":0.006,""r"":15,""run_id"":""16948dcd0b5a7e7225f194013a75f969883ac48bca0cc73fd9fb708c43e9232c""}",
       256,         0,         0,   0.701,mwpf__2999c15e4de35bed39aff1447de33a75f43d437a6d62d3b6f07996530c5faafb,37f8f91643354fae4b963103e230793379e9d4a851c3de1d529970bd4bc89959,"{""circuit"":""surface_code:rotated_memory_x"",""cluster_node_limit"":50,""d"":5,""decoder"":""mwpf"",""decoder_type"":""SolverSerialJointSingleHair"",""p"":0.0075,""p_erase"":0.0075,""r"":15,""run_id"":""e0205247b575ed7a88f5491dad45fe353fb5e54bbf0cf6e1521380a47155db30""}",
       256,         0,         0,   0.555,mwpf__c56026e4f7db9d72b9fb97f9ec8772f5a91d4341694ccb53815b6f6a344f02c6,f76a2ccd040492ec02b7b215d1f74791dff6eb39a39bc3713763871a2a118007,"{""circuit"":""surface_code:rotated_memory_x"",""cluster_node_limit"":50,""d"":5,""decoder"":""mwpf"",""decoder_type"":""SolverSerialJointSingleHair"",""p"":0.006,""p_erase"":0.006,""r"":15,""run_id"":""16948dcd0b5a7e7225f194013a75f969883ac48bca0cc73fd9fb708c43e9232c""}",
       128,         0,         0,   0.495,mwpf__5fc1d53d1fa1e187ace8b3f091054a78311e70d4a9fa65012cffdae4cff3f044,0f9c2980c75a4df2a18bafaf6b7b76e7b897d007aed1ffc9439f232c13387eb2,"{""circuit"":""surface_code:rotated_memory_x"",""cluster_node_limit"":50,""d"":5,""decoder"":""mwpf"",""decoder_type"":""SolverSerialJointSingleHair"",""p"":0.01,""p_erase"":0.01,""r"":15,""run_id"":""a91c4c3e27ee920a02412250c20bcdd1fa8f8d6cfa0fbe4d38ca641f20d18002""}",
       256,         0,         0,   0.704,mwpf__5f1c0683a1d9a9a1b58fa76471946e565c84957e97c1bf3a6b089b412604995f,b2e42134655b960b534e0bec1cd60e71bca2378b5b1591a1ea2e27be94d0ce89,"{""circuit"":""surface_code:rotated_memory_x"",""cluster_node_limit"":50,""d"":5,""decoder"":""mwpf"",""decoder_type"":""SolverSerialJointSingleHair"",""p"":0.007,""p_erase"":0.007,""r"":15,""run_id"":""edb37c9bc5424bbb11af4cb8ef3ea0211409850b3d6156f64ae579387e4b6962""}",
       512,         0,         0,   0.821,mwpf__cbad3e115ecdf3b6ad6b0419b20d20d4822db3b94e3d7917df480f5373a827d2,f7cacc86c30d31f7eb810e693deb29e83d3897ee37a9c3003937ec9dfd16c807,"{""circuit"":""surface_code:rotated_memory_x"",""cluster_node_limit"":50,""d"":5,""decoder"":""mwpf"",""decoder_type"":""SolverSerialJointSingleHair"",""p"":0.004,""p_erase"":0.004,""r"":15,""run_id"":""67dce2c52be4c331e1578d71a69ada278fcebb82d6897a3a4e90182c5d3ba133""}",
       256,         0,         0,   0.735,mwpf__2999c15e4de35bed39aff1447de33a75f43d437a6d62d3b6f07996530c5faafb,37f8f91643354fae4b963103e230793379e9d4a851c3de1d529970bd4bc89959,"{""circuit"":""surface_code:rotated_memory_x"",""cluster_node_limit"":50,""d"":5,""decoder"":""mwpf"",""decoder_type"":""SolverSerialJointSingleHair"",""p"":0.0075,""p_erase"":0.0075,""r"":15,""run_id"":""e0205247b575ed7a88f5491dad45fe353fb5e54bbf0cf6e1521380a47155db30""}",
       115,         0,         0,   0.186,mwpf__cbad3e115ecdf3b6ad6b0419b20d20d4822db3b94e3d7917df480f5373a827d2,f7cacc86c30d31f7eb810e693deb29e83d3897ee37a9c3003937ec9dfd16c807,"{""circuit"":""surface_code:rotated_memory_x"",""cluster_node_limit"":50,""d"":5,""decoder"":""mwpf"",""decoder_type"":""SolverSerialJointSingleHair"",""p"":0.004,""p_erase"":0.004,""r"":15,""run_id"":""67dce2c52be4c331e1578d71a69ada278fcebb82d6897a3a4e90182c5d3ba133""}",
       256,         0,         0,   0.624,mwpf__ed5b1ca725ab969155b6e319b075058f3fdc9fba429208948c496465f18c3565,f757f5fe78d5af9d112ef5c6a74c2b217a6d28321f27227eed44f12a7a6ab52e,"{""circuit"":""surface_code:rotated_memory_x"",""cluster_node_limit"":50,""d"":5,""decoder"":""mwpf"",""decoder_type"":""SolverSerialJointSingleHair"",""p"":0.0065,""p_erase"":0.0065,""r"":15,""run_id"":""e789b6a088777b74923270bb08a3844c985d9353d6de1028cc12da24de39d969""}",
       256,         1,         0,    1.20,mwpf__b6bda496164095ab205664f39f843241f8ca08fb0a0dc67418564679c11fbfb1,248984325eacec1e082bb013304151afa0d2f0ea757614287625876cc156ab10,"{""circuit"":""surface_code:rotated_memory_x"",""cluster_node_limit"":50,""d"":5,""decoder"":""mwpf"",""decoder_type"":""SolverSerialJointSingleHair"",""p"":0.011,""p_erase"":0.011,""r"":15,""run_id"":""e7c313ed154fe86be08938565687c9821a3e6378c8cd90b513d2ad5107f55163""}",
       256,         0,         0,   0.827,mwpf__c8454081a7a6053e57eb962bb64b076c06712db6f25e7c2ca9af89032dd77adc,b4b717e7e10776f1fe6b215e80c3a33ac6e79f1a5d230094eea582a5237e48ca,"{""circuit"":""surface_code:rotated_memory_x"",""cluster_node_limit"":50,""d"":5,""decoder"":""mwpf"",""decoder_type"":""SolverSerialJointSingleHair"",""p"":0.008,""p_erase"":0.008,""r"":15,""run_id"":""688b4e2749f1f1a920106fb73b9c7785586258a05f9479b4584b98721e21e940""}",
       512,         0,         0,    1.28,mwpf__ed5b1ca725ab969155b6e319b075058f3fdc9fba429208948c496465f18c3565,f757f5fe78d5af9d112ef5c6a74c2b217a6d28321f27227eed44f12a7a6ab52e,"{""circuit"":""surface_code:rotated_memory_x"",""cluster_node_limit"":50,""d"":5,""decoder"":""mwpf"",""decoder_type"":""SolverSerialJointSingleHair"",""p"":0.0065,""p_erase"":0.0065,""r"":15,""run_id"":""e789b6a088777b74923270bb08a3844c985d9353d6de1028cc12da24de39d969""}",
       128,         0,         0,   0.622,mwpf__b6bda496164095ab205664f39f843241f8ca08fb0a0dc67418564679c11fbfb1,248984325eacec1e082bb013304151afa0d2f0ea757614287625876cc156ab10,"{""circuit"":""surface_code:rotated_memory_x"",""cluster_node_limit"":50,""d"":5,""decoder"":""mwpf"",""decoder_type"":""SolverSerialJointSingleHair"",""p"":0.011,""p_erase"":0.011,""r"":15,""run_id"":""e7c313ed154fe86be08938565687c9821a3e6378c8cd90b513d2ad5107f55163""}",
       250,         0,         0,   0.528,mwpf__c56026e4f7db9d72b9fb97f9ec8772f5a91d4341694ccb53815b6f6a344f02c6,f76a2ccd040492ec02b7b215d1f74791dff6eb39a39bc3713763871a2a118007,"{""circuit"":""surface_code:rotated_memory_x"",""cluster_node_limit"":50,""d"":5,""decoder"":""mwpf"",""decoder_type"":""SolverSerialJointSingleHair"",""p"":0.006,""p_erase"":0.006,""r"":15,""run_id"":""16948dcd0b5a7e7225f194013a75f969883ac48bca0cc73fd9fb708c43e9232c""}",
       256,         0,         0,   0.935,mwpf__9e511da0ea29e63831350db54826e9b80e1ed7c4c86755457b932ba1dec5cd66,5adcc656564ace2acf7997b5c85ea89215e96a0eeb591c3a76dca77977b62807,"{""circuit"":""surface_code:rotated_memory_x"",""cluster_node_limit"":50,""d"":5,""decoder"":""mwpf"",""decoder_type"":""SolverSerialJointSingleHair"",""p"":0.009,""p_erase"":0.009,""r"":15,""run_id"":""2f8efa52989f10214bdf4cf0c94945c1bec7f6ed730214da73666fe4ca01b377""}",
       256,         0,         0,   0.650,mwpf__5f1c0683a1d9a9a1b58fa76471946e565c84957e97c1bf3a6b089b412604995f,b2e42134655b960b534e0bec1cd60e71bca2378b5b1591a1ea2e27be94d0ce89,"{""circuit"":""surface_code:rotated_memory_x"",""cluster_node_limit"":50,""d"":5,""decoder"":""mwpf"",""decoder_type"":""SolverSerialJointSingleHair"",""p"":0.007,""p_erase"":0.007,""r"":15,""run_id"":""edb37c9bc5424bbb11af4cb8ef3ea0211409850b3d6156f64ae579387e4b6962""}",
       256,         1,         0,   0.859,mwpf__9e511da0ea29e63831350db54826e9b80e1ed7c4c86755457b932ba1dec5cd66,5adcc656564ace2acf7997b5c85ea89215e96a0eeb591c3a76dca77977b62807,"{""circuit"":""surface_code:rotated_memory_x"",""cluster_node_limit"":50,""d"":5,""decoder"":""mwpf"",""decoder_type"":""SolverSerialJointSingleHair"",""p"":0.009,""p_erase"":0.009,""r"":15,""run_id"":""2f8efa52989f10214bdf4cf0c94945c1bec7f6ed730214da73666fe4ca01b377""}",
       256,         0,         0,   0.567,mwpf__c56026e4f7db9d72b9fb97f9ec8772f5a91d4341694ccb53815b6f6a344f02c6,f76a2ccd040492ec02b7b215d1f74791dff6eb39a39bc3713763871a2a118007,"{""circuit"":""surface_code:rotated_memory_x"",""cluster_node_limit"":50,""d"":5,""decoder"":""mwpf"",""decoder_type"":""SolverSerialJointSingleHair"",""p"":0.006,""p_erase"":0.006,""r"":15,""run_id"":""16948dcd0b5a7e7225f194013a75f969883ac48bca0cc73fd9fb708c43e9232c""}",
       373,         0,         0,   0.625,mwpf__cbad3e115ecdf3b6ad6b0419b20d20d4822db3b94e3d7917df480f5373a827d2,f7cacc86c30d31f7eb810e693deb29e83d3897ee37a9c3003937ec9dfd16c807,"{""circuit"":""surface_code:rotated_memory_x"",""cluster_node_limit"":50,""d"":5,""decoder"":""mwpf"",""decoder_type"":""SolverSerialJointSingleHair"",""p"":0.004,""p_erase"":0.004,""r"":15,""run_id"":""67dce2c52be4c331e1578d71a69ada278fcebb82d6897a3a4e90182c5d3ba133""}",
       128,         0,         0,   0.551,mwpf__5fc1d53d1fa1e187ace8b3f091054a78311e70d4a9fa65012cffdae4cff3f044,0f9c2980c75a4df2a18bafaf6b7b76e7b897d007aed1ffc9439f232c13387eb2,"{""circuit"":""surface_code:rotated_memory_x"",""cluster_node_limit"":50,""d"":5,""decoder"":""mwpf"",""decoder_type"":""SolverSerialJointSingleHair"",""p"":0.01,""p_erase"":0.01,""r"":15,""run_id"":""a91c4c3e27ee920a02412250c20bcdd1fa8f8d6cfa0fbe4d38ca641f20d18002""}",
       512,         0,         0,   0.842,mwpf__cbad3e115ecdf3b6ad6b0419b20d20d4822db3b94e3d7917df480f5373a827d2,f7cacc86c30d31f7eb810e693deb29e83d3897ee37a9c3003937ec9dfd16c807,"{""circuit"":""surface_code:rotated_memory_x"",""cluster_node_limit"":50,""d"":5,""decoder"":""mwpf"",""decoder_type"":""SolverSerialJointSingleHair"",""p"":0.004,""p_erase"":0.004,""r"":15,""run_id"":""67dce2c52be4c331e1578d71a69ada278fcebb82d6897a3a4e90182c5d3ba133""}",
       512,         0,         0,    1.00,mwpf__857d3ffd6fb7a51b077123c36f8a7480f44782c3cb35ab577182779192db58c6,65d71bbe9039d14bfa8fdd79a8e46eb9bef685720b6f3af882ed1cf92362e99b,"{""circuit"":""surface_code:rotated_memory_x"",""cluster_node_limit"":50,""d"":5,""decoder"":""mwpf"",""decoder_type"":""SolverSerialJointSingleHair"",""p"":0.005,""p_erase"":0.005,""r"":15,""run_id"":""32854926b13a0e47646149aeb9eed41d6f215da6416664be24f314ff369c15bf""}",
       256,         0,         0,   0.798,mwpf__c8454081a7a6053e57eb962bb64b076c06712db6f25e7c2ca9af89032dd77adc,b4b717e7e10776f1fe6b215e80c3a33ac6e79f1a5d230094eea582a5237e48ca,"{""circuit"":""surface_code:rotated_memory_x"",""cluster_node_limit"":50,""d"":5,""decoder"":""mwpf"",""decoder_type"":""SolverSerialJointSingleHair"",""p"":0.008,""p_erase"":0.008,""r"":15,""run_id"":""688b4e2749f1f1a920106fb73b9c7785586258a05f9479b4584b98721e21e940""}",
        39,         0,         0,   0.061,mwpf__cbad3e115ecdf3b6ad6b0419b20d20d4822db3b94e3d7917df480f5373a827d2,f7cacc86c30d31f7eb810e693deb29e83d3897ee37a9c3003937ec9dfd16c807,"{""circuit"":""surface_code:rotated_memory_x"",""cluster_node_limit"":50,""d"":5,""decoder"":""mwpf"",""decoder_type"":""SolverSerialJointSingleHair"",""p"":0.004,""p_erase"":0.004,""r"":15,""run_id"":""67dce2c52be4c331e1578d71a69ada278fcebb82d6897a3a4e90182c5d3ba133""}",
       256,         0,         0,   0.755,mwpf__2999c15e4de35bed39aff1447de33a75f43d437a6d62d3b6f07996530c5faafb,37f8f91643354fae4b963103e230793379e9d4a851c3de1d529970bd4bc89959,"{""circuit"":""surface_code:rotated_memory_x"",""cluster_node_limit"":50,""d"":5,""decoder"":""mwpf"",""decoder_type"":""SolverSerialJointSingleHair"",""p"":0.0075,""p_erase"":0.0075,""r"":15,""run_id"":""e0205247b575ed7a88f5491dad45fe353fb5e54bbf0cf6e1521380a47155db30""}",
        39,         0,         0,   0.064,mwpf__cbad3e115ecdf3b6ad6b0419b20d20d4822db3b94e3d7917df480f5373a827d2,f7cacc86c30d31f7eb810e693deb29e83d3897ee37a9c3003937ec9dfd16c807,"{""circuit"":""surface_code:rotated_memory_x"",""cluster_node_limit"":50,""d"":5,""decoder"":""mwpf"",""decoder_type"":""SolverSerialJointSingleHair"",""p"":0.004,""p_erase"":0.004,""r"":15,""run_id"":""67dce2c52be4c331e1578d71a69ada278fcebb82d6897a3a4e90182c5d3ba133""}",
        39,         0,         0,   0.068,mwpf__cbad3e115ecdf3b6ad6b0419b20d20d4822db3b94e3d7917df480f5373a827d2,f7cacc86c30d31f7eb810e693deb29e83d3897ee37a9c3003937ec9dfd16c807,"{""circuit"":""surface_code:rotated_memory_x"",""cluster_node_limit"":50,""d"":5,""decoder"":""mwpf"",""decoder_type"":""SolverSerialJointSingleHair"",""p"":0.004,""p_erase"":0.004,""r"":15,""run_id"":""67dce2c52be4c331e1578d71a69ada278fcebb82d6897a3a4e90182c5d3ba133""}",
       256,         0,         0,   0.679,mwpf__5f1c0683a1d9a9a1b58fa76471946e565c84957e97c1bf3a6b089b412604995f,b2e42134655b960b534e0bec1cd60e71bca2378b5b1591a1ea2e27be94d0ce89,"{""circuit"":""surface_code:rotated_memory_x"",""cluster_node_limit"":50,""d"":5,""decoder"":""mwpf"",""decoder_type"":""SolverSerialJointSingleHair"",""p"":0.007,""p_erase"":0.007,""r"":15,""run_id"":""edb37c9bc5424bbb11af4cb8ef3ea0211409850b3d6156f64ae579387e4b6962""}",
       256,         0,         0,    1.05,mwpf__5fc1d53d1fa1e187ace8b3f091054a78311e70d4a9fa65012cffdae4cff3f044,0f9c2980c75a4df2a18bafaf6b7b76e7b897d007aed1ffc9439f232c13387eb2,"{""circuit"":""surface_code:rotated_memory_x"",""cluster_node_limit"":50,""d"":5,""decoder"":""mwpf"",""decoder_type"":""SolverSerialJointSingleHair"",""p"":0.01,""p_erase"":0.01,""r"":15,""run_id"":""a91c4c3e27ee920a02412250c20bcdd1fa8f8d6cfa0fbe4d38ca641f20d18002""}",
       512,         0,         0,   0.978,mwpf__857d3ffd6fb7a51b077123c36f8a7480f44782c3cb35ab577182779192db58c6,65d71bbe9039d14bfa8fdd79a8e46eb9bef685720b6f3af882ed1cf92362e99b,"{""circuit"":""surface_code:rotated_memory_x"",""cluster_node_limit"":50,""d"":5,""decoder"":""mwpf"",""decoder_type"":""SolverSerialJointSingleHair"",""p"":0.005,""p_erase"":0.005,""r"":15,""run_id"":""32854926b13a0e47646149aeb9eed41d6f215da6416664be24f314ff369c15bf""}",
       256,         0,         0,   0.724,mwpf__2999c15e4de35bed39aff1447de33a75f43d437a6d62d3b6f07996530c5faafb,37f8f91643354fae4b963103e230793379e9d4a851c3de1d529970bd4bc89959,"{""circuit"":""surface_code:rotated_memory_x"",""cluster_node_limit"":50,""d"":5,""decoder"":""mwpf"",""decoder_type"":""SolverSerialJointSingleHair"",""p"":0.0075,""p_erase"":0.0075,""r"":15,""run_id"":""e0205247b575ed7a88f5491dad45fe353fb5e54bbf0cf6e1521380a47155db30""}",
       256,         0,         0,   0.612,mwpf__ed5b1ca725ab969155b6e319b075058f3fdc9fba429208948c496465f18c3565,f757f5fe78d5af9d112ef5c6a74c2b217a6d28321f27227eed44f12a7a6ab52e,"{""circuit"":""surface_code:rotated_memory_x"",""cluster_node_limit"":50,""d"":5,""decoder"":""mwpf"",""decoder_type"":""SolverSerialJointSingleHair"",""p"":0.0065,""p_erase"":0.0065,""r"":15,""run_id"":""e789b6a088777b74923270bb08a3844c985d9353d6de1028cc12da24de39d969""}",
       128,         0,         0,   0.537,mwpf__b6bda496164095ab205664f39f843241f8ca08fb0a0dc67418564679c11fbfb1,248984325eacec1e082bb013304151afa0d2f0ea757614287625876cc156ab10,"{""circuit"":""surface_code:rotated_memory_x"",""cluster_node_limit"":50,""d"":5,""decoder"":""mwpf"",""decoder_type"":""SolverSerialJointSingleHair"",""p"":0.011,""p_erase"":0.011,""r"":15,""run_id"":""e7c313ed154fe86be08938565687c9821a3e6378c8cd90b513d2ad5107f55163""}",
       168,         0,         0,   0.352,mwpf__c56026e4f7db9d72b9fb97f9ec8772f5a91d4341694ccb53815b6f6a344f02c6,f76a2ccd040492ec02b7b215d1f74791dff6eb39a39bc3713763871a2a118007,"{""circuit"":""surface_code:rotated_memory_x"",""cluster_node_limit"":50,""d"":5,""decoder"":""mwpf"",""decoder_type"":""SolverSerialJointSingleHair"",""p"":0.006,""p_erase"":0.006,""r"":15,""run_id"":""16948dcd0b5a7e7225f194013a75f969883ac48bca0cc73fd9fb708c43e9232c""}",
       256,         0,         0,   0.457,mwpf__c56026e4f7db9d72b9fb97f9ec8772f5a91d4341694ccb53815b6f6a344f02c6,f76a2ccd040492ec02b7b215d1f74791dff6eb39a39bc3713763871a2a118007,"{""circuit"":""surface_code:rotated_memory_x"",""cluster_node_limit"":50,""d"":5,""decoder"":""mwpf"",""decoder_type"":""SolverSerialJointSingleHair"",""p"":0.006,""p_erase"":0.006,""r"":15,""run_id"":""16948dcd0b5a7e7225f194013a75f969883ac48bca0cc73fd9fb708c43e9232c""}",
       128,         0,         0,   0.443,mwpf__5fc1d53d1fa1e187ace8b3f091054a78311e70d4a9fa65012cffdae4cff3f044,0f9c2980c75a4df2a18bafaf6b7b76e7b897d007aed1ffc9439f232c13387eb2,"{""circuit"":""surface_code:rotated_memory_x"",""cluster_node_limit"":50,""d"":5,""decoder"":""mwpf"",""decoder_type"":""SolverSerialJointSingleHair"",""p"":0.01,""p_erase"":0.01,""r"":15,""run_id"":""a91c4c3e27ee920a02412250c20bcdd1fa8f8d6cfa0fbe4d38ca641f20d18002""}",
       256,         0,         0,   0.648,mwpf__5f1c0683a1d9a9a1b58fa76471946e565c84957e97c1bf3a6b089b412604995f,b2e42134655b960b534e0bec1cd60e71bca2378b5b1591a1ea2e27be94d0ce89,"{""circuit"":""surface_code:rotated_memory_x"",""cluster_node_limit"":50,""d"":5,""decoder"":""mwpf"",""decoder_type"":""SolverSerialJointSingleHair"",""p"":0.007,""p_erase"":0.007,""r"":15,""run_id"":""edb37c9bc5424bbb11af4cb8ef3ea0211409850b3d6156f64ae579387e4b6962""}",
       256,         0,         0,   0.802,mwpf__9e511da0ea29e63831350db54826e9b80e1ed7c4c86755457b932ba1dec5cd66,5adcc656564ace2acf7997b5c85ea89215e96a0eeb591c3a76dca77977b62807,"{""circuit"":""surface_code:rotated_memory_x"",""cluster_node_limit"":50,""d"":5,""decoder"":""mwpf"",""decoder_type"":""SolverSerialJointSingleHair"",""p"":0.009,""p_erase"":0.009,""r"":15,""run_id"":""2f8efa52989f10214bdf4cf0c94945c1bec7f6ed730214da73666fe4ca01b377""}",
       256,         1,         0,   0.849,mwpf__9e511da0ea29e63831350db54826e9b80e1ed7c4c86755457b932ba1dec5cd66,5adcc656564ace2acf7997b5c85ea89215e96a0eeb591c3a76dca77977b62807,"{""circuit"":""surface_code:rotated_memory_x"",""cluster_node_limit"":50,""d"":5,""decoder"":""mwpf"",""decoder_type"":""SolverSerialJointSingleHair"",""p"":0.009,""p_erase"":0.009,""r"":15,""run_id"":""2f8efa52989f10214bdf4cf0c94945c1bec7f6ed730214da73666fe4ca01b377""}",
       256,         1,         0,    1.08,mwpf__b6bda496164095ab205664f39f843241f8ca08fb0a0dc67418564679c11fbfb1,248984325eacec1e082bb013304151afa0d2f0ea757614287625876cc156ab10,"{""circuit"":""surface_code:rotated_memory_x"",""cluster_node_limit"":50,""d"":5,""decoder"":""mwpf"",""decoder_type"":""SolverSerialJointSingleHair"",""p"":0.011,""p_erase"":0.011,""r"":15,""run_id"":""e7c313ed154fe86be08938565687c9821a3e6378c8cd90b513d2ad5107f55163""}",
       256,         0,         0,   0.791,mwpf__c8454081a7a6053e57eb962bb64b076c06712db6f25e7c2ca9af89032dd77adc,b4b717e7e10776f1fe6b215e80c3a33ac6e79f1a5d230094eea582a5237e48ca,"{""circuit"":""surface_code:rotated_memory_x"",""cluster_node_limit"":50,""d"":5,""decoder"":""mwpf"",""decoder_type"":""SolverSerialJointSingleHair"",""p"":0.008,""p_erase"":0.008,""r"":15,""run_id"":""688b4e2749f1f1a920106fb73b9c7785586258a05f9479b4584b98721e21e940""}",
       128,         0,         0,   0.606,mwpf__b6bda496164095ab205664f39f843241f8ca08fb0a0dc67418564679c11fbfb1,248984325eacec1e082bb013304151afa0d2f0ea757614287625876cc156ab10,"{""circuit"":""surface_code:rotated_memory_x"",""cluster_node_limit"":50,""d"":5,""decoder"":""mwpf"",""decoder_type"":""SolverSerialJointSingleHair"",""p"":0.011,""p_erase"":0.011,""r"":15,""run_id"":""e7c313ed154fe86be08938565687c9821a3e6378c8cd90b513d2ad5107f55163""}",
       512,         0,         0,    1.17,mwpf__ed5b1ca725ab969155b6e319b075058f3fdc9fba429208948c496465f18c3565,f757f5fe78d5af9d112ef5c6a74c2b217a6d28321f27227eed44f12a7a6ab52e,"{""circuit"":""surface_code:rotated_memory_x"",""cluster_node_limit"":50,""d"":5,""decoder"":""mwpf"",""decoder_type"":""SolverSerialJointSingleHair"",""p"":0.0065,""p_erase"":0.0065,""r"":15,""run_id"":""e789b6a088777b74923270bb08a3844c985d9353d6de1028cc12da24de39d969""}",
       384,         0,         0,    1.25,mwpf__c8454081a7a6053e57eb962bb64b076c06712db6f25e7c2ca9af89032dd77adc,b4b717e7e10776f1fe6b215e80c3a33ac6e79f1a5d230094eea582a5237e48ca,"{""circuit"":""surface_code:rotated_memory_x"",""cluster_node_limit"":50,""d"":5,""decoder"":""mwpf"",""decoder_type"":""SolverSerialJointSingleHair"",""p"":0.008,""p_erase"":0.008,""r"":15,""run_id"":""688b4e2749f1f1a920106fb73b9c7785586258a05f9479b4584b98721e21e940""}",
       256,         0,         0,   0.645,mwpf__ed5b1ca725ab969155b6e319b075058f3fdc9fba429208948c496465f18c3565,f757f5fe78d5af9d112ef5c6a74c2b217a6d28321f27227eed44f12a7a6ab52e,"{""circuit"":""surface_code:rotated_memory_x"",""cluster_node_limit"":50,""d"":5,""decoder"":""mwpf"",""decoder_type"":""SolverSerialJointSingleHair"",""p"":0.0065,""p_erase"":0.0065,""r"":15,""run_id"":""e789b6a088777b74923270bb08a3844c985d9353d6de1028cc12da24de39d969""}",
       256,         0,         0,   0.740,mwpf__2999c15e4de35bed39aff1447de33a75f43d437a6d62d3b6f07996530c5faafb,37f8f91643354fae4b963103e230793379e9d4a851c3de1d529970bd4bc89959,"{""circuit"":""surface_code:rotated_memory_x"",""cluster_node_limit"":50,""d"":5,""decoder"":""mwpf"",""decoder_type"":""SolverSerialJointSingleHair"",""p"":0.0075,""p_erase"":0.0075,""r"":15,""run_id"":""e0205247b575ed7a88f5491dad45fe353fb5e54bbf0cf6e1521380a47155db30""}",
       512,         0,         0,   0.867,mwpf__857d3ffd6fb7a51b077123c36f8a7480f44782c3cb35ab577182779192db58c6,65d71bbe9039d14bfa8fdd79a8e46eb9bef685720b6f3af882ed1cf92362e99b,"{""circuit"":""surface_code:rotated_memory_x"",""cluster_node_limit"":50,""d"":5,""decoder"":""mwpf"",""decoder_type"":""SolverSerialJointSingleHair"",""p"":0.005,""p_erase"":0.005,""r"":15,""run_id"":""32854926b13a0e47646149aeb9eed41d6f215da6416664be24f314ff369c15bf""}",
       256,         0,         0,   0.585,mwpf__c56026e4f7db9d72b9fb97f9ec8772f5a91d4341694ccb53815b6f6a344f02c6,f76a2ccd040492ec02b7b215d1f74791dff6eb39a39bc3713763871a2a118007,"{""circuit"":""surface_code:rotated_memory_x"",""cluster_node_limit"":50,""d"":5,""decoder"":""mwpf"",""decoder_type"":""SolverSerialJointSingleHair"",""p"":0.006,""p_erase"":0.006,""r"":15,""run_id"":""16948dcd0b5a7e7225f194013a75f969883ac48bca0cc73fd9fb708c43e9232c""}",
       384,         0,         0,   0.929,mwpf__5f1c0683a1d9a9a1b58fa76471946e565c84957e97c1bf3a6b089b412604995f,b2e42134655b960b534e0bec1cd60e71bca2378b5b1591a1ea2e27be94d0ce89,"{""circuit"":""surface_code:rotated_memory_x"",""cluster_node_limit"":50,""d"":5,""decoder"":""mwpf"",""decoder_type"":""SolverSerialJointSingleHair"",""p"":0.007,""p_erase"":0.007,""r"":15,""run_id"":""edb37c9bc5424bbb11af4cb8ef3ea0211409850b3d6156f64ae579387e4b6962""}",
       512,         0,         0,   0.944,mwpf__857d3ffd6fb7a51b077123c36f8a7480f44782c3cb35ab577182779192db58c6,65d71bbe9039d14bfa8fdd79a8e46eb9bef685720b6f3af882ed1cf92362e99b,"{""circuit"":""surface_code:rotated_memory_x"",""cluster_node_limit"":50,""d"":5,""decoder"":""mwpf"",""decoder_type"":""SolverSerialJointSingleHair"",""p"":0.005,""p_erase"":0.005,""r"":15,""run_id"":""32854926b13a0e47646149aeb9eed41d6f215da6416664be24f314ff369c15bf""}",
       256,         0,         0,   0.990,mwpf__5fc1d53d1fa1e187ace8b3f091054a78311e70d4a9fa65012cffdae4cff3f044,0f9c2980c75a4df2a18bafaf6b7b76e7b897d007aed1ffc9439f232c13387eb2,"{""circuit"":""surface_code:rotated_memory_x"",""cluster_node_limit"":50,""d"":5,""decoder"":""mwpf"",""decoder_type"":""SolverSerialJointSingleHair"",""p"":0.01,""p_erase"":0.01,""r"":15,""run_id"":""a91c4c3e27ee920a02412250c20bcdd1fa8f8d6cfa0fbe4d38ca641f20d18002""}",
       256,         0,         0,   0.623,mwpf__5f1c0683a1d9a9a1b58fa76471946e565c84957e97c1bf3a6b089b412604995f,b2e42134655b960b534e0bec1cd60e71bca2378b5b1591a1ea2e27be94d0ce89,"{""circuit"":""surface_code:rotated_memory_x"",""cluster_node_limit"":50,""d"":5,""decoder"":""mwpf"",""decoder_type"":""SolverSerialJointSingleHair"",""p"":0.007,""p_erase"":0.007,""r"":15,""run_id"":""edb37c9bc5424bbb11af4cb8ef3ea0211409850b3d6156f64ae579387e4b6962""}",
       256,         0,         0,    1.05,mwpf__5fc1d53d1fa1e187ace8b3f091054a78311e70d4a9fa65012cffdae4cff3f044,0f9c2980c75a4df2a18bafaf6b7b76e7b897d007aed1ffc9439f232c13387eb2,"{""circuit"":""surface_code:rotated_memory_x"",""cluster_node_limit"":50,""d"":5,""decoder"":""mwpf"",""decoder_type"":""SolverSerialJointSingleHair"",""p"":0.01,""p_erase"":0.01,""r"":15,""run_id"":""a91c4c3e27ee920a02412250c20bcdd1fa8f8d6cfa0fbe4d38ca641f20d18002""}",
       128,         0,         0,   0.583,mwpf__b6bda496164095ab205664f39f843241f8ca08fb0a0dc67418564679c11fbfb1,248984325eacec1e082bb013304151afa0d2f0ea757614287625876cc156ab10,"{""circuit"":""surface_code:rotated_memory_x"",""cluster_node_limit"":50,""d"":5,""decoder"":""mwpf"",""decoder_type"":""SolverSerialJointSingleHair"",""p"":0.011,""p_erase"":0.011,""r"":15,""run_id"":""e7c313ed154fe86be08938565687c9821a3e6378c8cd90b513d2ad5107f55163""}",
       292,         0,         0,   0.545,mwpf__857d3ffd6fb7a51b077123c36f8a7480f44782c3cb35ab577182779192db58c6,65d71bbe9039d14bfa8fdd79a8e46eb9bef685720b6f3af882ed1cf92362e99b,"{""circuit"":""surface_code:rotated_memory_x"",""cluster_node_limit"":50,""d"":5,""decoder"":""mwpf"",""decoder_type"":""SolverSerialJointSingleHair"",""p"":0.005,""p_erase"":0.005,""r"":15,""run_id"":""32854926b13a0e47646149aeb9eed41d6f215da6416664be24f314ff369c15bf""}",
       256,         0,         0,   0.615,mwpf__ed5b1ca725ab969155b6e319b075058f3fdc9fba429208948c496465f18c3565,f757f5fe78d5af9d112ef5c6a74c2b217a6d28321f27227eed44f12a7a6ab52e,"{""circuit"":""surface_code:rotated_memory_x"",""cluster_node_limit"":50,""d"":5,""decoder"":""mwpf"",""decoder_type"":""SolverSerialJointSingleHair"",""p"":0.0065,""p_erase"":0.0065,""r"":15,""run_id"":""e789b6a088777b74923270bb08a3844c985d9353d6de1028cc12da24de39d969""}",
       256,         0,         0,   0.897,mwpf__9e511da0ea29e63831350db54826e9b80e1ed7c4c86755457b932ba1dec5cd66,5adcc656564ace2acf7997b5c85ea89215e96a0eeb591c3a76dca77977b62807,"{""circuit"":""surface_code:rotated_memory_x"",""cluster_node_limit"":50,""d"":5,""decoder"":""mwpf"",""decoder_type"":""SolverSerialJointSingleHair"",""p"":0.009,""p_erase"":0.009,""r"":15,""run_id"":""2f8efa52989f10214bdf4cf0c94945c1bec7f6ed730214da73666fe4ca01b377""}",
       512,         0,         0,    1.47,mwpf__2999c15e4de35bed39aff1447de33a75f43d437a6d62d3b6f07996530c5faafb,37f8f91643354fae4b963103e230793379e9d4a851c3de1d529970bd4bc89959,"{""circuit"":""surface_code:rotated_memory_x"",""cluster_node_limit"":50,""d"":5,""decoder"":""mwpf"",""decoder_type"":""SolverSerialJointSingleHair"",""p"":0.0075,""p_erase"":0.0075,""r"":15,""run_id"":""e0205247b575ed7a88f5491dad45fe353fb5e54bbf0cf6e1521380a47155db30""}",
       256,         0,         0,   0.863,mwpf__9e511da0ea29e63831350db54826e9b80e1ed7c4c86755457b932ba1dec5cd66,5adcc656564ace2acf7997b5c85ea89215e96a0eeb591c3a76dca77977b62807,"{""circuit"":""surface_code:rotated_memory_x"",""cluster_node_limit"":50,""d"":5,""decoder"":""mwpf"",""decoder_type"":""SolverSerialJointSingleHair"",""p"":0.009,""p_erase"":0.009,""r"":15,""run_id"":""2f8efa52989f10214bdf4cf0c94945c1bec7f6ed730214da73666fe4ca01b377""}",
       256,         1,         0,   0.761,mwpf__c8454081a7a6053e57eb962bb64b076c06712db6f25e7c2ca9af89032dd77adc,b4b717e7e10776f1fe6b215e80c3a33ac6e79f1a5d230094eea582a5237e48ca,"{""circuit"":""surface_code:rotated_memory_x"",""cluster_node_limit"":50,""d"":5,""decoder"":""mwpf"",""decoder_type"":""SolverSerialJointSingleHair"",""p"":0.008,""p_erase"":0.008,""r"":15,""run_id"":""688b4e2749f1f1a920106fb73b9c7785586258a05f9479b4584b98721e21e940""}",
       293,         0,         0,   0.543,mwpf__857d3ffd6fb7a51b077123c36f8a7480f44782c3cb35ab577182779192db58c6,65d71bbe9039d14bfa8fdd79a8e46eb9bef685720b6f3af882ed1cf92362e99b,"{""circuit"":""surface_code:rotated_memory_x"",""cluster_node_limit"":50,""d"":5,""decoder"":""mwpf"",""decoder_type"":""SolverSerialJointSingleHair"",""p"":0.005,""p_erase"":0.005,""r"":15,""run_id"":""32854926b13a0e47646149aeb9eed41d6f215da6416664be24f314ff369c15bf""}",
       256,         0,         0,   0.712,mwpf__2999c15e4de35bed39aff1447de33a75f43d437a6d62d3b6f07996530c5faafb,37f8f91643354fae4b963103e230793379e9d4a851c3de1d529970bd4bc89959,"{""circuit"":""surface_code:rotated_memory_x"",""cluster_node_limit"":50,""d"":5,""decoder"":""mwpf"",""decoder_type"":""SolverSerialJointSingleHair"",""p"":0.0075,""p_erase"":0.0075,""r"":15,""run_id"":""e0205247b575ed7a88f5491dad45fe353fb5e54bbf0cf6e1521380a47155db30""}",
       256,         0,         0,    1.11,mwpf__b6bda496164095ab205664f39f843241f8ca08fb0a0dc67418564679c11fbfb1,248984325eacec1e082bb013304151afa0d2f0ea757614287625876cc156ab10,"{""circuit"":""surface_code:rotated_memory_x"",""cluster_node_limit"":50,""d"":5,""decoder"":""mwpf"",""decoder_type"":""SolverSerialJointSingleHair"",""p"":0.011,""p_erase"":0.011,""r"":15,""run_id"":""e7c313ed154fe86be08938565687c9821a3e6378c8cd90b513d2ad5107f55163""}",
       512,         0,         0,    1.08,mwpf__c56026e4f7db9d72b9fb97f9ec8772f5a91d4341694ccb53815b6f6a344f02c6,f76a2ccd040492ec02b7b215d1f74791dff6eb39a39bc3713763871a2a118007,"{""circuit"":""surface_code:rotated_memory_x"",""cluster_node_limit"":50,""d"":5,""decoder"":""mwpf"",""decoder_type"":""SolverSerialJointSingleHair"",""p"":0.006,""p_erase"":0.006,""r"":15,""run_id"":""16948dcd0b5a7e7225f194013a75f969883ac48bca0cc73fd9fb708c43e9232c""}",
       256,         0,         0,   0.911,mwpf__5fc1d53d1fa1e187ace8b3f091054a78311e70d4a9fa65012cffdae4cff3f044,0f9c2980c75a4df2a18bafaf6b7b76e7b897d007aed1ffc9439f232c13387eb2,"{""circuit"":""surface_code:rotated_memory_x"",""cluster_node_limit"":50,""d"":5,""decoder"":""mwpf"",""decoder_type"":""SolverSerialJointSingleHair"",""p"":0.01,""p_erase"":0.01,""r"":15,""run_id"":""a91c4c3e27ee920a02412250c20bcdd1fa8f8d6cfa0fbe4d38ca641f20d18002""}",
       512,         0,         0,    1.22,mwpf__ed5b1ca725ab969155b6e319b075058f3fdc9fba429208948c496465f18c3565,f757f5fe78d5af9d112ef5c6a74c2b217a6d28321f27227eed44f12a7a6ab52e,"{""circuit"":""surface_code:rotated_memory_x"",""cluster_node_limit"":50,""d"":5,""decoder"":""mwpf"",""decoder_type"":""SolverSerialJointSingleHair"",""p"":0.0065,""p_erase"":0.0065,""r"":15,""run_id"":""e789b6a088777b74923270bb08a3844c985d9353d6de1028cc12da24de39d969""}",
       512,         0,         0,    1.25,mwpf__5f1c0683a1d9a9a1b58fa76471946e565c84957e97c1bf3a6b089b412604995f,b2e42134655b960b534e0bec1cd60e71bca2378b5b1591a1ea2e27be94d0ce89,"{""circuit"":""surface_code:rotated_memory_x"",""cluster_node_limit"":50,""d"":5,""decoder"":""mwpf"",""decoder_type"":""SolverSerialJointSingleHair"",""p"":0.007,""p_erase"":0.007,""r"":15,""run_id"":""edb37c9bc5424bbb11af4cb8ef3ea0211409850b3d6156f64ae579387e4b6962""}",
       256,         0,         0,   0.656,mwpf__2999c15e4de35bed39aff1447de33a75f43d437a6d62d3b6f07996530c5faafb,37f8f91643354fae4b963103e230793379e9d4a851c3de1d529970bd4bc89959,"{""circuit"":""surface_code:rotated_memory_x"",""cluster_node_limit"":50,""d"":5,""decoder"":""mwpf"",""decoder_type"":""SolverSerialJointSingleHair"",""p"":0.0075,""p_erase"":0.0075,""r"":15,""run_id"":""e0205247b575ed7a88f5491dad45fe353fb5e54bbf0cf6e1521380a47155db30""}",
       256,         0,         0,   0.748,mwpf__c8454081a7a6053e57eb962bb64b076c06712db6f25e7c2ca9af89032dd77adc,b4b717e7e10776f1fe6b215e80c3a33ac6e79f1a5d230094eea582a5237e48ca,"{""circuit"":""surface_code:rotated_memory_x"",""cluster_node_limit"":50,""d"":5,""decoder"":""mwpf"",""decoder_type"":""SolverSerialJointSingleHair"",""p"":0.008,""p_erase"":0.008,""r"":15,""run_id"":""688b4e2749f1f1a920106fb73b9c7785586258a05f9479b4584b98721e21e940""}",
       256,         0,         0,   0.829,mwpf__9e511da0ea29e63831350db54826e9b80e1ed7c4c86755457b932ba1dec5cd66,5adcc656564ace2acf7997b5c85ea89215e96a0eeb591c3a76dca77977b62807,"{""circuit"":""surface_code:rotated_memory_x"",""cluster_node_limit"":50,""d"":5,""decoder"":""mwpf"",""decoder_type"":""SolverSerialJointSingleHair"",""p"":0.009,""p_erase"":0.009,""r"":15,""run_id"":""2f8efa52989f10214bdf4cf0c94945c1bec7f6ed730214da73666fe4ca01b377""}",
       256,         0,         0,   0.994,mwpf__5fc1d53d1fa1e187ace8b3f091054a78311e70d4a9fa65012cffdae4cff3f044,0f9c2980c75a4df2a18bafaf6b7b76e7b897d007aed1ffc9439f232c13387eb2,"{""circuit"":""surface_code:rotated_memory_x"",""cluster_node_limit"":50,""d"":5,""decoder"":""mwpf"",""decoder_type"":""SolverSerialJointSingleHair"",""p"":0.01,""p_erase"":0.01,""r"":15,""run_id"":""a91c4c3e27ee920a02412250c20bcdd1fa8f8d6cfa0fbe4d38ca641f20d18002""}",
       256,         0,         0,   0.872,mwpf__9e511da0ea29e63831350db54826e9b80e1ed7c4c86755457b932ba1dec5cd66,5adcc656564ace2acf7997b5c85ea89215e96a0eeb591c3a76dca77977b62807,"{""circuit"":""surface_code:rotated_memory_x"",""cluster_node_limit"":50,""d"":5,""decoder"":""mwpf"",""decoder_type"":""SolverSerialJointSingleHair"",""p"":0.009,""p_erase"":0.009,""r"":15,""run_id"":""2f8efa52989f10214bdf4cf0c94945c1bec7f6ed730214da73666fe4ca01b377""}",
       512,         1,         0,    1.35,mwpf__5f1c0683a1d9a9a1b58fa76471946e565c84957e97c1bf3a6b089b412604995f,b2e42134655b960b534e0bec1cd60e71bca2378b5b1591a1ea2e27be94d0ce89,"{""circuit"":""surface_code:rotated_memory_x"",""cluster_node_limit"":50,""d"":5,""decoder"":""mwpf"",""decoder_type"":""SolverSerialJointSingleHair"",""p"":0.007,""p_erase"":0.007,""r"":15,""run_id"":""edb37c9bc5424bbb11af4cb8ef3ea0211409850b3d6156f64ae579387e4b6962""}",
       210,         0,         0,   0.450,mwpf__c56026e4f7db9d72b9fb97f9ec8772f5a91d4341694ccb53815b6f6a344f02c6,f76a2ccd040492ec02b7b215d1f74791dff6eb39a39bc3713763871a2a118007,"{""circuit"":""surface_code:rotated_memory_x"",""cluster_node_limit"":50,""d"":5,""decoder"":""mwpf"",""decoder_type"":""SolverSerialJointSingleHair"",""p"":0.006,""p_erase"":0.006,""r"":15,""run_id"":""16948dcd0b5a7e7225f194013a75f969883ac48bca0cc73fd9fb708c43e9232c""}",
       256,         0,         0,    1.11,mwpf__b6bda496164095ab205664f39f843241f8ca08fb0a0dc67418564679c11fbfb1,248984325eacec1e082bb013304151afa0d2f0ea757614287625876cc156ab10,"{""circuit"":""surface_code:rotated_memory_x"",""cluster_node_limit"":50,""d"":5,""decoder"":""mwpf"",""decoder_type"":""SolverSerialJointSingleHair"",""p"":0.011,""p_erase"":0.011,""r"":15,""run_id"":""e7c313ed154fe86be08938565687c9821a3e6378c8cd90b513d2ad5107f55163""}",
       512,         0,         0,    1.21,mwpf__ed5b1ca725ab969155b6e319b075058f3fdc9fba429208948c496465f18c3565,f757f5fe78d5af9d112ef5c6a74c2b217a6d28321f27227eed44f12a7a6ab52e,"{""circuit"":""surface_code:rotated_memory_x"",""cluster_node_limit"":50,""d"":5,""decoder"":""mwpf"",""decoder_type"":""SolverSerialJointSingleHair"",""p"":0.0065,""p_erase"":0.0065,""r"":15,""run_id"":""e789b6a088777b74923270bb08a3844c985d9353d6de1028cc12da24de39d969""}",
       640,         0,         0,    1.86,mwpf__c8454081a7a6053e57eb962bb64b076c06712db6f25e7c2ca9af89032dd77adc,b4b717e7e10776f1fe6b215e80c3a33ac6e79f1a5d230094eea582a5237e48ca,"{""circuit"":""surface_code:rotated_memory_x"",""cluster_node_limit"":50,""d"":5,""decoder"":""mwpf"",""decoder_type"":""SolverSerialJointSingleHair"",""p"":0.008,""p_erase"":0.008,""r"":15,""run_id"":""688b4e2749f1f1a920106fb73b9c7785586258a05f9479b4584b98721e21e940""}",
       256,         0,         0,    1.09,mwpf__b6bda496164095ab205664f39f843241f8ca08fb0a0dc67418564679c11fbfb1,248984325eacec1e082bb013304151afa0d2f0ea757614287625876cc156ab10,"{""circuit"":""surface_code:rotated_memory_x"",""cluster_node_limit"":50,""d"":5,""decoder"":""mwpf"",""decoder_type"":""SolverSerialJointSingleHair"",""p"":0.011,""p_erase"":0.011,""r"":15,""run_id"":""e7c313ed154fe86be08938565687c9821a3e6378c8cd90b513d2ad5107f55163""}",
       256,         1,         0,   0.946,mwpf__5fc1d53d1fa1e187ace8b3f091054a78311e70d4a9fa65012cffdae4cff3f044,0f9c2980c75a4df2a18bafaf6b7b76e7b897d007aed1ffc9439f232c13387eb2,"{""circuit"":""surface_code:rotated_memory_x"",""cluster_node_limit"":50,""d"":5,""decoder"":""mwpf"",""decoder_type"":""SolverSerialJointSingleHair"",""p"":0.01,""p_erase"":0.01,""r"":15,""run_id"":""a91c4c3e27ee920a02412250c20bcdd1fa8f8d6cfa0fbe4d38ca641f20d18002""}",
       512,         0,         0,    1.45,mwpf__2999c15e4de35bed39aff1447de33a75f43d437a6d62d3b6f07996530c5faafb,37f8f91643354fae4b963103e230793379e9d4a851c3de1d529970bd4bc89959,"{""circuit"":""surface_code:rotated_memory_x"",""cluster_node_limit"":50,""d"":5,""decoder"":""mwpf"",""decoder_type"":""SolverSerialJointSingleHair"",""p"":0.0075,""p_erase"":0.0075,""r"":15,""run_id"":""e0205247b575ed7a88f5491dad45fe353fb5e54bbf0cf6e1521380a47155db30""}",
       165,         0,         0,   0.333,mwpf__ed5b1ca725ab969155b6e319b075058f3fdc9fba429208948c496465f18c3565,f757f5fe78d5af9d112ef5c6a74c2b217a6d28321f27227eed44f12a7a6ab52e,"{""circuit"":""surface_code:rotated_memory_x"",""cluster_node_limit"":50,""d"":5,""decoder"":""mwpf"",""decoder_type"":""SolverSerialJointSingleHair"",""p"":0.0065,""p_erase"":0.0065,""r"":15,""run_id"":""e789b6a088777b74923270bb08a3844c985d9353d6de1028cc12da24de39d969""}",
       256,         0,         0,   0.728,mwpf__c8454081a7a6053e57eb962bb64b076c06712db6f25e7c2ca9af89032dd77adc,b4b717e7e10776f1fe6b215e80c3a33ac6e79f1a5d230094eea582a5237e48ca,"{""circuit"":""surface_code:rotated_memory_x"",""cluster_node_limit"":50,""d"":5,""decoder"":""mwpf"",""decoder_type"":""SolverSerialJointSingleHair"",""p"":0.008,""p_erase"":0.008,""r"":15,""run_id"":""688b4e2749f1f1a920106fb73b9c7785586258a05f9479b4584b98721e21e940""}",
       256,         0,         0,   0.819,mwpf__9e511da0ea29e63831350db54826e9b80e1ed7c4c86755457b932ba1dec5cd66,5adcc656564ace2acf7997b5c85ea89215e96a0eeb591c3a76dca77977b62807,"{""circuit"":""surface_code:rotated_memory_x"",""cluster_node_limit"":50,""d"":5,""decoder"":""mwpf"",""decoder_type"":""SolverSerialJointSingleHair"",""p"":0.009,""p_erase"":0.009,""r"":15,""run_id"":""2f8efa52989f10214bdf4cf0c94945c1bec7f6ed730214da73666fe4ca01b377""}",
       512,         0,         0,    1.10,mwpf__ed5b1ca725ab969155b6e319b075058f3fdc9fba429208948c496465f18c3565,f757f5fe78d5af9d112ef5c6a74c2b217a6d28321f27227eed44f12a7a6ab52e,"{""circuit"":""surface_code:rotated_memory_x"",""cluster_node_limit"":50,""d"":5,""decoder"":""mwpf"",""decoder_type"":""SolverSerialJointSingleHair"",""p"":0.0065,""p_erase"":0.0065,""r"":15,""run_id"":""e789b6a088777b74923270bb08a3844c985d9353d6de1028cc12da24de39d969""}",
       256,         0,         0,   0.808,mwpf__9e511da0ea29e63831350db54826e9b80e1ed7c4c86755457b932ba1dec5cd66,5adcc656564ace2acf7997b5c85ea89215e96a0eeb591c3a76dca77977b62807,"{""circuit"":""surface_code:rotated_memory_x"",""cluster_node_limit"":50,""d"":5,""decoder"":""mwpf"",""decoder_type"":""SolverSerialJointSingleHair"",""p"":0.009,""p_erase"":0.009,""r"":15,""run_id"":""2f8efa52989f10214bdf4cf0c94945c1bec7f6ed730214da73666fe4ca01b377""}",
        36,         0,         0,   0.087,mwpf__ed5b1ca725ab969155b6e319b075058f3fdc9fba429208948c496465f18c3565,f757f5fe78d5af9d112ef5c6a74c2b217a6d28321f27227eed44f12a7a6ab52e,"{""circuit"":""surface_code:rotated_memory_x"",""cluster_node_limit"":50,""d"":5,""decoder"":""mwpf"",""decoder_type"":""SolverSerialJointSingleHair"",""p"":0.0065,""p_erase"":0.0065,""r"":15,""run_id"":""e789b6a088777b74923270bb08a3844c985d9353d6de1028cc12da24de39d969""}",
       512,         1,         0,    1.38,mwpf__2999c15e4de35bed39aff1447de33a75f43d437a6d62d3b6f07996530c5faafb,37f8f91643354fae4b963103e230793379e9d4a851c3de1d529970bd4bc89959,"{""circuit"":""surface_code:rotated_memory_x"",""cluster_node_limit"":50,""d"":5,""decoder"":""mwpf"",""decoder_type"":""SolverSerialJointSingleHair"",""p"":0.0075,""p_erase"":0.0075,""r"":15,""run_id"":""e0205247b575ed7a88f5491dad45fe353fb5e54bbf0cf6e1521380a47155db30""}",
       512,         0,         0,    1.22,mwpf__5f1c0683a1d9a9a1b58fa76471946e565c84957e97c1bf3a6b089b412604995f,b2e42134655b960b534e0bec1cd60e71bca2378b5b1591a1ea2e27be94d0ce89,"{""circuit"":""surface_code:rotated_memory_x"",""cluster_node_limit"":50,""d"":5,""decoder"":""mwpf"",""decoder_type"":""SolverSerialJointSingleHair"",""p"":0.007,""p_erase"":0.007,""r"":15,""run_id"":""edb37c9bc5424bbb11af4cb8ef3ea0211409850b3d6156f64ae579387e4b6962""}",
       384,         0,         0,    1.39,mwpf__5fc1d53d1fa1e187ace8b3f091054a78311e70d4a9fa65012cffdae4cff3f044,0f9c2980c75a4df2a18bafaf6b7b76e7b897d007aed1ffc9439f232c13387eb2,"{""circuit"":""surface_code:rotated_memory_x"",""cluster_node_limit"":50,""d"":5,""decoder"":""mwpf"",""decoder_type"":""SolverSerialJointSingleHair"",""p"":0.01,""p_erase"":0.01,""r"":15,""run_id"":""a91c4c3e27ee920a02412250c20bcdd1fa8f8d6cfa0fbe4d38ca641f20d18002""}",
       256,         1,         0,   0.955,mwpf__5fc1d53d1fa1e187ace8b3f091054a78311e70d4a9fa65012cffdae4cff3f044,0f9c2980c75a4df2a18bafaf6b7b76e7b897d007aed1ffc9439f232c13387eb2,"{""circuit"":""surface_code:rotated_memory_x"",""cluster_node_limit"":50,""d"":5,""decoder"":""mwpf"",""decoder_type"":""SolverSerialJointSingleHair"",""p"":0.01,""p_erase"":0.01,""r"":15,""run_id"":""a91c4c3e27ee920a02412250c20bcdd1fa8f8d6cfa0fbe4d38ca641f20d18002""}",
       256,         0,         0,    1.09,mwpf__b6bda496164095ab205664f39f843241f8ca08fb0a0dc67418564679c11fbfb1,248984325eacec1e082bb013304151afa0d2f0ea757614287625876cc156ab10,"{""circuit"":""surface_code:rotated_memory_x"",""cluster_node_limit"":50,""d"":5,""decoder"":""mwpf"",""decoder_type"":""SolverSerialJointSingleHair"",""p"":0.011,""p_erase"":0.011,""r"":15,""run_id"":""e7c313ed154fe86be08938565687c9821a3e6378c8cd90b513d2ad5107f55163""}",
       384,         3,         0,    1.63,mwpf__b6bda496164095ab205664f39f843241f8ca08fb0a0dc67418564679c11fbfb1,248984325eacec1e082bb013304151afa0d2f0ea757614287625876cc156ab10,"{""circuit"":""surface_code:rotated_memory_x"",""cluster_node_limit"":50,""d"":5,""decoder"":""mwpf"",""decoder_type"":""SolverSerialJointSingleHair"",""p"":0.011,""p_erase"":0.011,""r"":15,""run_id"":""e7c313ed154fe86be08938565687c9821a3e6378c8cd90b513d2ad5107f55163""}",
       768,         0,         0,    2.00,mwpf__5f1c0683a1d9a9a1b58fa76471946e565c84957e97c1bf3a6b089b412604995f,b2e42134655b960b534e0bec1cd60e71bca2378b5b1591a1ea2e27be94d0ce89,"{""circuit"":""surface_code:rotated_memory_x"",""cluster_node_limit"":50,""d"":5,""decoder"":""mwpf"",""decoder_type"":""SolverSerialJointSingleHair"",""p"":0.007,""p_erase"":0.007,""r"":15,""run_id"":""edb37c9bc5424bbb11af4cb8ef3ea0211409850b3d6156f64ae579387e4b6962""}",
       249,         0,         0,   0.641,mwpf__5f1c0683a1d9a9a1b58fa76471946e565c84957e97c1bf3a6b089b412604995f,b2e42134655b960b534e0bec1cd60e71bca2378b5b1591a1ea2e27be94d0ce89,"{""circuit"":""surface_code:rotated_memory_x"",""cluster_node_limit"":50,""d"":5,""decoder"":""mwpf"",""decoder_type"":""SolverSerialJointSingleHair"",""p"":0.007,""p_erase"":0.007,""r"":15,""run_id"":""edb37c9bc5424bbb11af4cb8ef3ea0211409850b3d6156f64ae579387e4b6962""}",
        37,         0,         0,   0.101,mwpf__5f1c0683a1d9a9a1b58fa76471946e565c84957e97c1bf3a6b089b412604995f,b2e42134655b960b534e0bec1cd60e71bca2378b5b1591a1ea2e27be94d0ce89,"{""circuit"":""surface_code:rotated_memory_x"",""cluster_node_limit"":50,""d"":5,""decoder"":""mwpf"",""decoder_type"":""SolverSerialJointSingleHair"",""p"":0.007,""p_erase"":0.007,""r"":15,""run_id"":""edb37c9bc5424bbb11af4cb8ef3ea0211409850b3d6156f64ae579387e4b6962""}",
       293,         0,         0,   0.809,mwpf__2999c15e4de35bed39aff1447de33a75f43d437a6d62d3b6f07996530c5faafb,37f8f91643354fae4b963103e230793379e9d4a851c3de1d529970bd4bc89959,"{""circuit"":""surface_code:rotated_memory_x"",""cluster_node_limit"":50,""d"":5,""decoder"":""mwpf"",""decoder_type"":""SolverSerialJointSingleHair"",""p"":0.0075,""p_erase"":0.0075,""r"":15,""run_id"":""e0205247b575ed7a88f5491dad45fe353fb5e54bbf0cf6e1521380a47155db30""}",
       512,         0,         0,    1.43,mwpf__c8454081a7a6053e57eb962bb64b076c06712db6f25e7c2ca9af89032dd77adc,b4b717e7e10776f1fe6b215e80c3a33ac6e79f1a5d230094eea582a5237e48ca,"{""circuit"":""surface_code:rotated_memory_x"",""cluster_node_limit"":50,""d"":5,""decoder"":""mwpf"",""decoder_type"":""SolverSerialJointSingleHair"",""p"":0.008,""p_erase"":0.008,""r"":15,""run_id"":""688b4e2749f1f1a920106fb73b9c7785586258a05f9479b4584b98721e21e940""}",
       634,         0,         0,    1.76,mwpf__2999c15e4de35bed39aff1447de33a75f43d437a6d62d3b6f07996530c5faafb,37f8f91643354fae4b963103e230793379e9d4a851c3de1d529970bd4bc89959,"{""circuit"":""surface_code:rotated_memory_x"",""cluster_node_limit"":50,""d"":5,""decoder"":""mwpf"",""decoder_type"":""SolverSerialJointSingleHair"",""p"":0.0075,""p_erase"":0.0075,""r"":15,""run_id"":""e0205247b575ed7a88f5491dad45fe353fb5e54bbf0cf6e1521380a47155db30""}",
       512,         0,         0,    1.69,mwpf__9e511da0ea29e63831350db54826e9b80e1ed7c4c86755457b932ba1dec5cd66,5adcc656564ace2acf7997b5c85ea89215e96a0eeb591c3a76dca77977b62807,"{""circuit"":""surface_code:rotated_memory_x"",""cluster_node_limit"":50,""d"":5,""decoder"":""mwpf"",""decoder_type"":""SolverSerialJointSingleHair"",""p"":0.009,""p_erase"":0.009,""r"":15,""run_id"":""2f8efa52989f10214bdf4cf0c94945c1bec7f6ed730214da73666fe4ca01b377""}",
       512,         0,         0,    1.70,mwpf__9e511da0ea29e63831350db54826e9b80e1ed7c4c86755457b932ba1dec5cd66,5adcc656564ace2acf7997b5c85ea89215e96a0eeb591c3a76dca77977b62807,"{""circuit"":""surface_code:rotated_memory_x"",""cluster_node_limit"":50,""d"":5,""decoder"":""mwpf"",""decoder_type"":""SolverSerialJointSingleHair"",""p"":0.009,""p_erase"":0.009,""r"":15,""run_id"":""2f8efa52989f10214bdf4cf0c94945c1bec7f6ed730214da73666fe4ca01b377""}",
       768,         0,         0,    2.24,mwpf__c8454081a7a6053e57eb962bb64b076c06712db6f25e7c2ca9af89032dd77adc,b4b717e7e10776f1fe6b215e80c3a33ac6e79f1a5d230094eea582a5237e48ca,"{""circuit"":""surface_code:rotated_memory_x"",""cluster_node_limit"":50,""d"":5,""decoder"":""mwpf"",""decoder_type"":""SolverSerialJointSingleHair"",""p"":0.008,""p_erase"":0.008,""r"":15,""run_id"":""688b4e2749f1f1a920106fb73b9c7785586258a05f9479b4584b98721e21e940""}",
       256,         0,         0,    1.06,mwpf__b6bda496164095ab205664f39f843241f8ca08fb0a0dc67418564679c11fbfb1,248984325eacec1e082bb013304151afa0d2f0ea757614287625876cc156ab10,"{""circuit"":""surface_code:rotated_memory_x"",""cluster_node_limit"":50,""d"":5,""decoder"":""mwpf"",""decoder_type"":""SolverSerialJointSingleHair"",""p"":0.011,""p_erase"":0.011,""r"":15,""run_id"":""e7c313ed154fe86be08938565687c9821a3e6378c8cd90b513d2ad5107f55163""}",
       165,         0,         0,   0.380,mwpf__c8454081a7a6053e57eb962bb64b076c06712db6f25e7c2ca9af89032dd77adc,b4b717e7e10776f1fe6b215e80c3a33ac6e79f1a5d230094eea582a5237e48ca,"{""circuit"":""surface_code:rotated_memory_x"",""cluster_node_limit"":50,""d"":5,""decoder"":""mwpf"",""decoder_type"":""SolverSerialJointSingleHair"",""p"":0.008,""p_erase"":0.008,""r"":15,""run_id"":""688b4e2749f1f1a920106fb73b9c7785586258a05f9479b4584b98721e21e940""}",
       512,         0,         0,    1.78,mwpf__5fc1d53d1fa1e187ace8b3f091054a78311e70d4a9fa65012cffdae4cff3f044,0f9c2980c75a4df2a18bafaf6b7b76e7b897d007aed1ffc9439f232c13387eb2,"{""circuit"":""surface_code:rotated_memory_x"",""cluster_node_limit"":50,""d"":5,""decoder"":""mwpf"",""decoder_type"":""SolverSerialJointSingleHair"",""p"":0.01,""p_erase"":0.01,""r"":15,""run_id"":""a91c4c3e27ee920a02412250c20bcdd1fa8f8d6cfa0fbe4d38ca641f20d18002""}",
       512,         0,         0,    1.79,mwpf__5fc1d53d1fa1e187ace8b3f091054a78311e70d4a9fa65012cffdae4cff3f044,0f9c2980c75a4df2a18bafaf6b7b76e7b897d007aed1ffc9439f232c13387eb2,"{""circuit"":""surface_code:rotated_memory_x"",""cluster_node_limit"":50,""d"":5,""decoder"":""mwpf"",""decoder_type"":""SolverSerialJointSingleHair"",""p"":0.01,""p_erase"":0.01,""r"":15,""run_id"":""a91c4c3e27ee920a02412250c20bcdd1fa8f8d6cfa0fbe4d38ca641f20d18002""}",
       505,         0,         0,    1.34,mwpf__c8454081a7a6053e57eb962bb64b076c06712db6f25e7c2ca9af89032dd77adc,b4b717e7e10776f1fe6b215e80c3a33ac6e79f1a5d230094eea582a5237e48ca,"{""circuit"":""surface_code:rotated_memory_x"",""cluster_node_limit"":50,""d"":5,""decoder"":""mwpf"",""decoder_type"":""SolverSerialJointSingleHair"",""p"":0.008,""p_erase"":0.008,""r"":15,""run_id"":""688b4e2749f1f1a920106fb73b9c7785586258a05f9479b4584b98721e21e940""}",
       256,         0,         0,   0.982,mwpf__b6bda496164095ab205664f39f843241f8ca08fb0a0dc67418564679c11fbfb1,248984325eacec1e082bb013304151afa0d2f0ea757614287625876cc156ab10,"{""circuit"":""surface_code:rotated_memory_x"",""cluster_node_limit"":50,""d"":5,""decoder"":""mwpf"",""decoder_type"":""SolverSerialJointSingleHair"",""p"":0.011,""p_erase"":0.011,""r"":15,""run_id"":""e7c313ed154fe86be08938565687c9821a3e6378c8cd90b513d2ad5107f55163""}",
       512,         0,         0,    2.05,mwpf__b6bda496164095ab205664f39f843241f8ca08fb0a0dc67418564679c11fbfb1,248984325eacec1e082bb013304151afa0d2f0ea757614287625876cc156ab10,"{""circuit"":""surface_code:rotated_memory_x"",""cluster_node_limit"":50,""d"":5,""decoder"":""mwpf"",""decoder_type"":""SolverSerialJointSingleHair"",""p"":0.011,""p_erase"":0.011,""r"":15,""run_id"":""e7c313ed154fe86be08938565687c9821a3e6378c8cd90b513d2ad5107f55163""}",
       768,         0,         0,    2.26,mwpf__9e511da0ea29e63831350db54826e9b80e1ed7c4c86755457b932ba1dec5cd66,5adcc656564ace2acf7997b5c85ea89215e96a0eeb591c3a76dca77977b62807,"{""circuit"":""surface_code:rotated_memory_x"",""cluster_node_limit"":50,""d"":5,""decoder"":""mwpf"",""decoder_type"":""SolverSerialJointSingleHair"",""p"":0.009,""p_erase"":0.009,""r"":15,""run_id"":""2f8efa52989f10214bdf4cf0c94945c1bec7f6ed730214da73666fe4ca01b377""}",
       768,         1,         0,    2.30,mwpf__9e511da0ea29e63831350db54826e9b80e1ed7c4c86755457b932ba1dec5cd66,5adcc656564ace2acf7997b5c85ea89215e96a0eeb591c3a76dca77977b62807,"{""circuit"":""surface_code:rotated_memory_x"",""cluster_node_limit"":50,""d"":5,""decoder"":""mwpf"",""decoder_type"":""SolverSerialJointSingleHair"",""p"":0.009,""p_erase"":0.009,""r"":15,""run_id"":""2f8efa52989f10214bdf4cf0c94945c1bec7f6ed730214da73666fe4ca01b377""}",
       512,         0,         0,    1.73,mwpf__5fc1d53d1fa1e187ace8b3f091054a78311e70d4a9fa65012cffdae4cff3f044,0f9c2980c75a4df2a18bafaf6b7b76e7b897d007aed1ffc9439f232c13387eb2,"{""circuit"":""surface_code:rotated_memory_x"",""cluster_node_limit"":50,""d"":5,""decoder"":""mwpf"",""decoder_type"":""SolverSerialJointSingleHair"",""p"":0.01,""p_erase"":0.01,""r"":15,""run_id"":""a91c4c3e27ee920a02412250c20bcdd1fa8f8d6cfa0fbe4d38ca641f20d18002""}",
       640,         1,         0,    2.25,mwpf__5fc1d53d1fa1e187ace8b3f091054a78311e70d4a9fa65012cffdae4cff3f044,0f9c2980c75a4df2a18bafaf6b7b76e7b897d007aed1ffc9439f232c13387eb2,"{""circuit"":""surface_code:rotated_memory_x"",""cluster_node_limit"":50,""d"":5,""decoder"":""mwpf"",""decoder_type"":""SolverSerialJointSingleHair"",""p"":0.01,""p_erase"":0.01,""r"":15,""run_id"":""a91c4c3e27ee920a02412250c20bcdd1fa8f8d6cfa0fbe4d38ca641f20d18002""}",
       512,         1,         0,    2.02,mwpf__b6bda496164095ab205664f39f843241f8ca08fb0a0dc67418564679c11fbfb1,248984325eacec1e082bb013304151afa0d2f0ea757614287625876cc156ab10,"{""circuit"":""surface_code:rotated_memory_x"",""cluster_node_limit"":50,""d"":5,""decoder"":""mwpf"",""decoder_type"":""SolverSerialJointSingleHair"",""p"":0.011,""p_erase"":0.011,""r"":15,""run_id"":""e7c313ed154fe86be08938565687c9821a3e6378c8cd90b513d2ad5107f55163""}",
       640,         0,         0,    2.47,mwpf__b6bda496164095ab205664f39f843241f8ca08fb0a0dc67418564679c11fbfb1,248984325eacec1e082bb013304151afa0d2f0ea757614287625876cc156ab10,"{""circuit"":""surface_code:rotated_memory_x"",""cluster_node_limit"":50,""d"":5,""decoder"":""mwpf"",""decoder_type"":""SolverSerialJointSingleHair"",""p"":0.011,""p_erase"":0.011,""r"":15,""run_id"":""e7c313ed154fe86be08938565687c9821a3e6378c8cd90b513d2ad5107f55163""}",
       768,         0,         0,    2.31,mwpf__9e511da0ea29e63831350db54826e9b80e1ed7c4c86755457b932ba1dec5cd66,5adcc656564ace2acf7997b5c85ea89215e96a0eeb591c3a76dca77977b62807,"{""circuit"":""surface_code:rotated_memory_x"",""cluster_node_limit"":50,""d"":5,""decoder"":""mwpf"",""decoder_type"":""SolverSerialJointSingleHair"",""p"":0.009,""p_erase"":0.009,""r"":15,""run_id"":""2f8efa52989f10214bdf4cf0c94945c1bec7f6ed730214da73666fe4ca01b377""}",
       768,         0,         0,    2.28,mwpf__9e511da0ea29e63831350db54826e9b80e1ed7c4c86755457b932ba1dec5cd66,5adcc656564ace2acf7997b5c85ea89215e96a0eeb591c3a76dca77977b62807,"{""circuit"":""surface_code:rotated_memory_x"",""cluster_node_limit"":50,""d"":5,""decoder"":""mwpf"",""decoder_type"":""SolverSerialJointSingleHair"",""p"":0.009,""p_erase"":0.009,""r"":15,""run_id"":""2f8efa52989f10214bdf4cf0c94945c1bec7f6ed730214da73666fe4ca01b377""}",
       768,         0,         0,    2.54,mwpf__5fc1d53d1fa1e187ace8b3f091054a78311e70d4a9fa65012cffdae4cff3f044,0f9c2980c75a4df2a18bafaf6b7b76e7b897d007aed1ffc9439f232c13387eb2,"{""circuit"":""surface_code:rotated_memory_x"",""cluster_node_limit"":50,""d"":5,""decoder"":""mwpf"",""decoder_type"":""SolverSerialJointSingleHair"",""p"":0.01,""p_erase"":0.01,""r"":15,""run_id"":""a91c4c3e27ee920a02412250c20bcdd1fa8f8d6cfa0fbe4d38ca641f20d18002""}",
       512,         0,         0,    2.06,mwpf__b6bda496164095ab205664f39f843241f8ca08fb0a0dc67418564679c11fbfb1,248984325eacec1e082bb013304151afa0d2f0ea757614287625876cc156ab10,"{""circuit"":""surface_code:rotated_memory_x"",""cluster_node_limit"":50,""d"":5,""decoder"":""mwpf"",""decoder_type"":""SolverSerialJointSingleHair"",""p"":0.011,""p_erase"":0.011,""r"":15,""run_id"":""e7c313ed154fe86be08938565687c9821a3e6378c8cd90b513d2ad5107f55163""}",
       439,         1,         0,    1.30,mwpf__9e511da0ea29e63831350db54826e9b80e1ed7c4c86755457b932ba1dec5cd66,5adcc656564ace2acf7997b5c85ea89215e96a0eeb591c3a76dca77977b62807,"{""circuit"":""surface_code:rotated_memory_x"",""cluster_node_limit"":50,""d"":5,""decoder"":""mwpf"",""decoder_type"":""SolverSerialJointSingleHair"",""p"":0.009,""p_erase"":0.009,""r"":15,""run_id"":""2f8efa52989f10214bdf4cf0c94945c1bec7f6ed730214da73666fe4ca01b377""}",
       439,         1,         0,    1.36,mwpf__9e511da0ea29e63831350db54826e9b80e1ed7c4c86755457b932ba1dec5cd66,5adcc656564ace2acf7997b5c85ea89215e96a0eeb591c3a76dca77977b62807,"{""circuit"":""surface_code:rotated_memory_x"",""cluster_node_limit"":50,""d"":5,""decoder"":""mwpf"",""decoder_type"":""SolverSerialJointSingleHair"",""p"":0.009,""p_erase"":0.009,""r"":15,""run_id"":""2f8efa52989f10214bdf4cf0c94945c1bec7f6ed730214da73666fe4ca01b377""}",
       896,         0,         0,    3.19,mwpf__5fc1d53d1fa1e187ace8b3f091054a78311e70d4a9fa65012cffdae4cff3f044,0f9c2980c75a4df2a18bafaf6b7b76e7b897d007aed1ffc9439f232c13387eb2,"{""circuit"":""surface_code:rotated_memory_x"",""cluster_node_limit"":50,""d"":5,""decoder"":""mwpf"",""decoder_type"":""SolverSerialJointSingleHair"",""p"":0.01,""p_erase"":0.01,""r"":15,""run_id"":""a91c4c3e27ee920a02412250c20bcdd1fa8f8d6cfa0fbe4d38ca641f20d18002""}",
       512,         0,         0,    1.74,mwpf__5fc1d53d1fa1e187ace8b3f091054a78311e70d4a9fa65012cffdae4cff3f044,0f9c2980c75a4df2a18bafaf6b7b76e7b897d007aed1ffc9439f232c13387eb2,"{""circuit"":""surface_code:rotated_memory_x"",""cluster_node_limit"":50,""d"":5,""decoder"":""mwpf"",""decoder_type"":""SolverSerialJointSingleHair"",""p"":0.01,""p_erase"":0.01,""r"":15,""run_id"":""a91c4c3e27ee920a02412250c20bcdd1fa8f8d6cfa0fbe4d38ca641f20d18002""}",
       768,         1,         0,    3.13,mwpf__b6bda496164095ab205664f39f843241f8ca08fb0a0dc67418564679c11fbfb1,248984325eacec1e082bb013304151afa0d2f0ea757614287625876cc156ab10,"{""circuit"":""surface_code:rotated_memory_x"",""cluster_node_limit"":50,""d"":5,""decoder"":""mwpf"",""decoder_type"":""SolverSerialJointSingleHair"",""p"":0.011,""p_erase"":0.011,""r"":15,""run_id"":""e7c313ed154fe86be08938565687c9821a3e6378c8cd90b513d2ad5107f55163""}",
       183,         0,         0,   0.651,mwpf__5fc1d53d1fa1e187ace8b3f091054a78311e70d4a9fa65012cffdae4cff3f044,0f9c2980c75a4df2a18bafaf6b7b76e7b897d007aed1ffc9439f232c13387eb2,"{""circuit"":""surface_code:rotated_memory_x"",""cluster_node_limit"":50,""d"":5,""decoder"":""mwpf"",""decoder_type"":""SolverSerialJointSingleHair"",""p"":0.01,""p_erase"":0.01,""r"":15,""run_id"":""a91c4c3e27ee920a02412250c20bcdd1fa8f8d6cfa0fbe4d38ca641f20d18002""}",
       464,         0,         0,    1.65,mwpf__5fc1d53d1fa1e187ace8b3f091054a78311e70d4a9fa65012cffdae4cff3f044,0f9c2980c75a4df2a18bafaf6b7b76e7b897d007aed1ffc9439f232c13387eb2,"{""circuit"":""surface_code:rotated_memory_x"",""cluster_node_limit"":50,""d"":5,""decoder"":""mwpf"",""decoder_type"":""SolverSerialJointSingleHair"",""p"":0.01,""p_erase"":0.01,""r"":15,""run_id"":""a91c4c3e27ee920a02412250c20bcdd1fa8f8d6cfa0fbe4d38ca641f20d18002""}",
       250,         1,         0,    1.01,mwpf__b6bda496164095ab205664f39f843241f8ca08fb0a0dc67418564679c11fbfb1,248984325eacec1e082bb013304151afa0d2f0ea757614287625876cc156ab10,"{""circuit"":""surface_code:rotated_memory_x"",""cluster_node_limit"":50,""d"":5,""decoder"":""mwpf"",""decoder_type"":""SolverSerialJointSingleHair"",""p"":0.011,""p_erase"":0.011,""r"":15,""run_id"":""e7c313ed154fe86be08938565687c9821a3e6378c8cd90b513d2ad5107f55163""}",
       768,         1,         0,    3.08,mwpf__b6bda496164095ab205664f39f843241f8ca08fb0a0dc67418564679c11fbfb1,248984325eacec1e082bb013304151afa0d2f0ea757614287625876cc156ab10,"{""circuit"":""surface_code:rotated_memory_x"",""cluster_node_limit"":50,""d"":5,""decoder"":""mwpf"",""decoder_type"":""SolverSerialJointSingleHair"",""p"":0.011,""p_erase"":0.011,""r"":15,""run_id"":""e7c313ed154fe86be08938565687c9821a3e6378c8cd90b513d2ad5107f55163""}",
       250,         0,         0,   0.988,mwpf__b6bda496164095ab205664f39f843241f8ca08fb0a0dc67418564679c11fbfb1,248984325eacec1e082bb013304151afa0d2f0ea757614287625876cc156ab10,"{""circuit"":""surface_code:rotated_memory_x"",""cluster_node_limit"":50,""d"":5,""decoder"":""mwpf"",""decoder_type"":""SolverSerialJointSingleHair"",""p"":0.011,""p_erase"":0.011,""r"":15,""run_id"":""e7c313ed154fe86be08938565687c9821a3e6378c8cd90b513d2ad5107f55163""}",
        17,         0,         0,   0.132,mwpf__857d3ffd6fb7a51b077123c36f8a7480f44782c3cb35ab577182779192db58c6,65d71bbe9039d14bfa8fdd79a8e46eb9bef685720b6f3af882ed1cf92362e99b,"{""circuit"":""surface_code:rotated_memory_x"",""cluster_node_limit"":50,""d"":5,""decoder"":""mwpf"",""decoder_type"":""SolverSerialJointSingleHair"",""p"":0.005,""p_erase"":0.005,""r"":15,""run_id"":""32854926b13a0e47646149aeb9eed41d6f215da6416664be24f314ff369c15bf""}",
        64,         0,         0,   0.120,mwpf__857d3ffd6fb7a51b077123c36f8a7480f44782c3cb35ab577182779192db58c6,65d71bbe9039d14bfa8fdd79a8e46eb9bef685720b6f3af882ed1cf92362e99b,"{""circuit"":""surface_code:rotated_memory_x"",""cluster_node_limit"":50,""d"":5,""decoder"":""mwpf"",""decoder_type"":""SolverSerialJointSingleHair"",""p"":0.005,""p_erase"":0.005,""r"":15,""run_id"":""32854926b13a0e47646149aeb9eed41d6f215da6416664be24f314ff369c15bf""}",
       256,         0,         0,   0.500,mwpf__857d3ffd6fb7a51b077123c36f8a7480f44782c3cb35ab577182779192db58c6,65d71bbe9039d14bfa8fdd79a8e46eb9bef685720b6f3af882ed1cf92362e99b,"{""circuit"":""surface_code:rotated_memory_x"",""cluster_node_limit"":50,""d"":5,""decoder"":""mwpf"",""decoder_type"":""SolverSerialJointSingleHair"",""p"":0.005,""p_erase"":0.005,""r"":15,""run_id"":""32854926b13a0e47646149aeb9eed41d6f215da6416664be24f314ff369c15bf""}",
       512,         0,         0,   0.815,mwpf__857d3ffd6fb7a51b077123c36f8a7480f44782c3cb35ab577182779192db58c6,65d71bbe9039d14bfa8fdd79a8e46eb9bef685720b6f3af882ed1cf92362e99b,"{""circuit"":""surface_code:rotated_memory_x"",""cluster_node_limit"":50,""d"":5,""decoder"":""mwpf"",""decoder_type"":""SolverSerialJointSingleHair"",""p"":0.005,""p_erase"":0.005,""r"":15,""run_id"":""32854926b13a0e47646149aeb9eed41d6f215da6416664be24f314ff369c15bf""}",
       512,         0,         0,   0.819,mwpf__857d3ffd6fb7a51b077123c36f8a7480f44782c3cb35ab577182779192db58c6,65d71bbe9039d14bfa8fdd79a8e46eb9bef685720b6f3af882ed1cf92362e99b,"{""circuit"":""surface_code:rotated_memory_x"",""cluster_node_limit"":50,""d"":5,""decoder"":""mwpf"",""decoder_type"":""SolverSerialJointSingleHair"",""p"":0.005,""p_erase"":0.005,""r"":15,""run_id"":""32854926b13a0e47646149aeb9eed41d6f215da6416664be24f314ff369c15bf""}",
       256,         0,         0,   0.406,mwpf__857d3ffd6fb7a51b077123c36f8a7480f44782c3cb35ab577182779192db58c6,65d71bbe9039d14bfa8fdd79a8e46eb9bef685720b6f3af882ed1cf92362e99b,"{""circuit"":""surface_code:rotated_memory_x"",""cluster_node_limit"":50,""d"":5,""decoder"":""mwpf"",""decoder_type"":""SolverSerialJointSingleHair"",""p"":0.005,""p_erase"":0.005,""r"":15,""run_id"":""32854926b13a0e47646149aeb9eed41d6f215da6416664be24f314ff369c15bf""}",
       213,         0,         0,   0.361,mwpf__857d3ffd6fb7a51b077123c36f8a7480f44782c3cb35ab577182779192db58c6,65d71bbe9039d14bfa8fdd79a8e46eb9bef685720b6f3af882ed1cf92362e99b,"{""circuit"":""surface_code:rotated_memory_x"",""cluster_node_limit"":50,""d"":5,""decoder"":""mwpf"",""decoder_type"":""SolverSerialJointSingleHair"",""p"":0.005,""p_erase"":0.005,""r"":15,""run_id"":""32854926b13a0e47646149aeb9eed41d6f215da6416664be24f314ff369c15bf""}",
       311,         0,         0,   0.512,mwpf__857d3ffd6fb7a51b077123c36f8a7480f44782c3cb35ab577182779192db58c6,65d71bbe9039d14bfa8fdd79a8e46eb9bef685720b6f3af882ed1cf92362e99b,"{""circuit"":""surface_code:rotated_memory_x"",""cluster_node_limit"":50,""d"":5,""decoder"":""mwpf"",""decoder_type"":""SolverSerialJointSingleHair"",""p"":0.005,""p_erase"":0.005,""r"":15,""run_id"":""32854926b13a0e47646149aeb9eed41d6f215da6416664be24f314ff369c15bf""}",
       256,         0,         0,   0.383,mwpf__857d3ffd6fb7a51b077123c36f8a7480f44782c3cb35ab577182779192db58c6,65d71bbe9039d14bfa8fdd79a8e46eb9bef685720b6f3af882ed1cf92362e99b,"{""circuit"":""surface_code:rotated_memory_x"",""cluster_node_limit"":50,""d"":5,""decoder"":""mwpf"",""decoder_type"":""SolverSerialJointSingleHair"",""p"":0.005,""p_erase"":0.005,""r"":15,""run_id"":""32854926b13a0e47646149aeb9eed41d6f215da6416664be24f314ff369c15bf""}",
        24,         0,         0,   0.022,mwpf__857d3ffd6fb7a51b077123c36f8a7480f44782c3cb35ab577182779192db58c6,65d71bbe9039d14bfa8fdd79a8e46eb9bef685720b6f3af882ed1cf92362e99b,"{""circuit"":""surface_code:rotated_memory_x"",""cluster_node_limit"":50,""d"":5,""decoder"":""mwpf"",""decoder_type"":""SolverSerialJointSingleHair"",""p"":0.005,""p_erase"":0.005,""r"":15,""run_id"":""32854926b13a0e47646149aeb9eed41d6f215da6416664be24f314ff369c15bf""}",
        24,         0,         0,   0.022,mwpf__857d3ffd6fb7a51b077123c36f8a7480f44782c3cb35ab577182779192db58c6,65d71bbe9039d14bfa8fdd79a8e46eb9bef685720b6f3af882ed1cf92362e99b,"{""circuit"":""surface_code:rotated_memory_x"",""cluster_node_limit"":50,""d"":5,""decoder"":""mwpf"",""decoder_type"":""SolverSerialJointSingleHair"",""p"":0.005,""p_erase"":0.005,""r"":15,""run_id"":""32854926b13a0e47646149aeb9eed41d6f215da6416664be24f314ff369c15bf""}",
        24,         0,         0,   0.022,mwpf__857d3ffd6fb7a51b077123c36f8a7480f44782c3cb35ab577182779192db58c6,65d71bbe9039d14bfa8fdd79a8e46eb9bef685720b6f3af882ed1cf92362e99b,"{""circuit"":""surface_code:rotated_memory_x"",""cluster_node_limit"":50,""d"":5,""decoder"":""mwpf"",""decoder_type"":""SolverSerialJointSingleHair"",""p"":0.005,""p_erase"":0.005,""r"":15,""run_id"":""32854926b13a0e47646149aeb9eed41d6f215da6416664be24f314ff369c15bf""}",
        17,         0,         0,   0.073,mwpf__c56026e4f7db9d72b9fb97f9ec8772f5a91d4341694ccb53815b6f6a344f02c6,f76a2ccd040492ec02b7b215d1f74791dff6eb39a39bc3713763871a2a118007,"{""circuit"":""surface_code:rotated_memory_x"",""cluster_node_limit"":50,""d"":5,""decoder"":""mwpf"",""decoder_type"":""SolverSerialJointSingleHair"",""p"":0.006,""p_erase"":0.006,""r"":15,""run_id"":""16948dcd0b5a7e7225f194013a75f969883ac48bca0cc73fd9fb708c43e9232c""}",
       128,         0,         0,   0.263,mwpf__c56026e4f7db9d72b9fb97f9ec8772f5a91d4341694ccb53815b6f6a344f02c6,f76a2ccd040492ec02b7b215d1f74791dff6eb39a39bc3713763871a2a118007,"{""circuit"":""surface_code:rotated_memory_x"",""cluster_node_limit"":50,""d"":5,""decoder"":""mwpf"",""decoder_type"":""SolverSerialJointSingleHair"",""p"":0.006,""p_erase"":0.006,""r"":15,""run_id"":""16948dcd0b5a7e7225f194013a75f969883ac48bca0cc73fd9fb708c43e9232c""}",
       256,         0,         0,   0.477,mwpf__c56026e4f7db9d72b9fb97f9ec8772f5a91d4341694ccb53815b6f6a344f02c6,f76a2ccd040492ec02b7b215d1f74791dff6eb39a39bc3713763871a2a118007,"{""circuit"":""surface_code:rotated_memory_x"",""cluster_node_limit"":50,""d"":5,""decoder"":""mwpf"",""decoder_type"":""SolverSerialJointSingleHair"",""p"":0.006,""p_erase"":0.006,""r"":15,""run_id"":""16948dcd0b5a7e7225f194013a75f969883ac48bca0cc73fd9fb708c43e9232c""}",
       256,         0,         0,   0.493,mwpf__c56026e4f7db9d72b9fb97f9ec8772f5a91d4341694ccb53815b6f6a344f02c6,f76a2ccd040492ec02b7b215d1f74791dff6eb39a39bc3713763871a2a118007,"{""circuit"":""surface_code:rotated_memory_x"",""cluster_node_limit"":50,""d"":5,""decoder"":""mwpf"",""decoder_type"":""SolverSerialJointSingleHair"",""p"":0.006,""p_erase"":0.006,""r"":15,""run_id"":""16948dcd0b5a7e7225f194013a75f969883ac48bca0cc73fd9fb708c43e9232c""}",
        17,         0,         0,   0.121,mwpf__ed5b1ca725ab969155b6e319b075058f3fdc9fba429208948c496465f18c3565,f757f5fe78d5af9d112ef5c6a74c2b217a6d28321f27227eed44f12a7a6ab52e,"{""circuit"":""surface_code:rotated_memory_x"",""cluster_node_limit"":50,""d"":5,""decoder"":""mwpf"",""decoder_type"":""SolverSerialJointSingleHair"",""p"":0.0065,""p_erase"":0.0065,""r"":15,""run_id"":""e789b6a088777b74923270bb08a3844c985d9353d6de1028cc12da24de39d969""}",
        64,         0,         0,   0.158,mwpf__ed5b1ca725ab969155b6e319b075058f3fdc9fba429208948c496465f18c3565,f757f5fe78d5af9d112ef5c6a74c2b217a6d28321f27227eed44f12a7a6ab52e,"{""circuit"":""surface_code:rotated_memory_x"",""cluster_node_limit"":50,""d"":5,""decoder"":""mwpf"",""decoder_type"":""SolverSerialJointSingleHair"",""p"":0.0065,""p_erase"":0.0065,""r"":15,""run_id"":""e789b6a088777b74923270bb08a3844c985d9353d6de1028cc12da24de39d969""}",
       256,         0,         0,   0.468,mwpf__c56026e4f7db9d72b9fb97f9ec8772f5a91d4341694ccb53815b6f6a344f02c6,f76a2ccd040492ec02b7b215d1f74791dff6eb39a39bc3713763871a2a118007,"{""circuit"":""surface_code:rotated_memory_x"",""cluster_node_limit"":50,""d"":5,""decoder"":""mwpf"",""decoder_type"":""SolverSerialJointSingleHair"",""p"":0.006,""p_erase"":0.006,""r"":15,""run_id"":""16948dcd0b5a7e7225f194013a75f969883ac48bca0cc73fd9fb708c43e9232c""}",
       256,         0,         0,   0.492,mwpf__ed5b1ca725ab969155b6e319b075058f3fdc9fba429208948c496465f18c3565,f757f5fe78d5af9d112ef5c6a74c2b217a6d28321f27227eed44f12a7a6ab52e,"{""circuit"":""surface_code:rotated_memory_x"",""cluster_node_limit"":50,""d"":5,""decoder"":""mwpf"",""decoder_type"":""SolverSerialJointSingleHair"",""p"":0.0065,""p_erase"":0.0065,""r"":15,""run_id"":""e789b6a088777b74923270bb08a3844c985d9353d6de1028cc12da24de39d969""}",
       128,         0,         0,   0.295,mwpf__ed5b1ca725ab969155b6e319b075058f3fdc9fba429208948c496465f18c3565,f757f5fe78d5af9d112ef5c6a74c2b217a6d28321f27227eed44f12a7a6ab52e,"{""circuit"":""surface_code:rotated_memory_x"",""cluster_node_limit"":50,""d"":5,""decoder"":""mwpf"",""decoder_type"":""SolverSerialJointSingleHair"",""p"":0.0065,""p_erase"":0.0065,""r"":15,""run_id"":""e789b6a088777b74923270bb08a3844c985d9353d6de1028cc12da24de39d969""}",
       445,         0,         0,   0.876,mwpf__c56026e4f7db9d72b9fb97f9ec8772f5a91d4341694ccb53815b6f6a344f02c6,f76a2ccd040492ec02b7b215d1f74791dff6eb39a39bc3713763871a2a118007,"{""circuit"":""surface_code:rotated_memory_x"",""cluster_node_limit"":50,""d"":5,""decoder"":""mwpf"",""decoder_type"":""SolverSerialJointSingleHair"",""p"":0.006,""p_erase"":0.006,""r"":15,""run_id"":""16948dcd0b5a7e7225f194013a75f969883ac48bca0cc73fd9fb708c43e9232c""}",
       447,         0,         0,   0.875,mwpf__c56026e4f7db9d72b9fb97f9ec8772f5a91d4341694ccb53815b6f6a344f02c6,f76a2ccd040492ec02b7b215d1f74791dff6eb39a39bc3713763871a2a118007,"{""circuit"":""surface_code:rotated_memory_x"",""cluster_node_limit"":50,""d"":5,""decoder"":""mwpf"",""decoder_type"":""SolverSerialJointSingleHair"",""p"":0.006,""p_erase"":0.006,""r"":15,""run_id"":""16948dcd0b5a7e7225f194013a75f969883ac48bca0cc73fd9fb708c43e9232c""}",
       256,         0,         0,   0.570,mwpf__c56026e4f7db9d72b9fb97f9ec8772f5a91d4341694ccb53815b6f6a344f02c6,f76a2ccd040492ec02b7b215d1f74791dff6eb39a39bc3713763871a2a118007,"{""circuit"":""surface_code:rotated_memory_x"",""cluster_node_limit"":50,""d"":5,""decoder"":""mwpf"",""decoder_type"":""SolverSerialJointSingleHair"",""p"":0.006,""p_erase"":0.006,""r"":15,""run_id"":""16948dcd0b5a7e7225f194013a75f969883ac48bca0cc73fd9fb708c43e9232c""}",
        46,         0,         0,   0.090,mwpf__c56026e4f7db9d72b9fb97f9ec8772f5a91d4341694ccb53815b6f6a344f02c6,f76a2ccd040492ec02b7b215d1f74791dff6eb39a39bc3713763871a2a118007,"{""circuit"":""surface_code:rotated_memory_x"",""cluster_node_limit"":50,""d"":5,""decoder"":""mwpf"",""decoder_type"":""SolverSerialJointSingleHair"",""p"":0.006,""p_erase"":0.006,""r"":15,""run_id"":""16948dcd0b5a7e7225f194013a75f969883ac48bca0cc73fd9fb708c43e9232c""}",
       256,         0,         0,   0.534,mwpf__ed5b1ca725ab969155b6e319b075058f3fdc9fba429208948c496465f18c3565,f757f5fe78d5af9d112ef5c6a74c2b217a6d28321f27227eed44f12a7a6ab52e,"{""circuit"":""surface_code:rotated_memory_x"",""cluster_node_limit"":50,""d"":5,""decoder"":""mwpf"",""decoder_type"":""SolverSerialJointSingleHair"",""p"":0.0065,""p_erase"":0.0065,""r"":15,""run_id"":""e789b6a088777b74923270bb08a3844c985d9353d6de1028cc12da24de39d969""}",
       426,         0,         0,   0.881,mwpf__ed5b1ca725ab969155b6e319b075058f3fdc9fba429208948c496465f18c3565,f757f5fe78d5af9d112ef5c6a74c2b217a6d28321f27227eed44f12a7a6ab52e,"{""circuit"":""surface_code:rotated_memory_x"",""cluster_node_limit"":50,""d"":5,""decoder"":""mwpf"",""decoder_type"":""SolverSerialJointSingleHair"",""p"":0.0065,""p_erase"":0.0065,""r"":15,""run_id"":""e789b6a088777b74923270bb08a3844c985d9353d6de1028cc12da24de39d969""}",
       682,         0,         0,    1.40,mwpf__ed5b1ca725ab969155b6e319b075058f3fdc9fba429208948c496465f18c3565,f757f5fe78d5af9d112ef5c6a74c2b217a6d28321f27227eed44f12a7a6ab52e,"{""circuit"":""surface_code:rotated_memory_x"",""cluster_node_limit"":50,""d"":5,""decoder"":""mwpf"",""decoder_type"":""SolverSerialJointSingleHair"",""p"":0.0065,""p_erase"":0.0065,""r"":15,""run_id"":""e789b6a088777b74923270bb08a3844c985d9353d6de1028cc12da24de39d969""}",
       256,         0,         0,   0.520,mwpf__ed5b1ca725ab969155b6e319b075058f3fdc9fba429208948c496465f18c3565,f757f5fe78d5af9d112ef5c6a74c2b217a6d28321f27227eed44f12a7a6ab52e,"{""circuit"":""surface_code:rotated_memory_x"",""cluster_node_limit"":50,""d"":5,""decoder"":""mwpf"",""decoder_type"":""SolverSerialJointSingleHair"",""p"":0.0065,""p_erase"":0.0065,""r"":15,""run_id"":""e789b6a088777b74923270bb08a3844c985d9353d6de1028cc12da24de39d969""}",
        71,         0,         0,   0.151,mwpf__ed5b1ca725ab969155b6e319b075058f3fdc9fba429208948c496465f18c3565,f757f5fe78d5af9d112ef5c6a74c2b217a6d28321f27227eed44f12a7a6ab52e,"{""circuit"":""surface_code:rotated_memory_x"",""cluster_node_limit"":50,""d"":5,""decoder"":""mwpf"",""decoder_type"":""SolverSerialJointSingleHair"",""p"":0.0065,""p_erase"":0.0065,""r"":15,""run_id"":""e789b6a088777b74923270bb08a3844c985d9353d6de1028cc12da24de39d969""}",
       139,         0,         0,   0.277,mwpf__ed5b1ca725ab969155b6e319b075058f3fdc9fba429208948c496465f18c3565,f757f5fe78d5af9d112ef5c6a74c2b217a6d28321f27227eed44f12a7a6ab52e,"{""circuit"":""surface_code:rotated_memory_x"",""cluster_node_limit"":50,""d"":5,""decoder"":""mwpf"",""decoder_type"":""SolverSerialJointSingleHair"",""p"":0.0065,""p_erase"":0.0065,""r"":15,""run_id"":""e789b6a088777b74923270bb08a3844c985d9353d6de1028cc12da24de39d969""}",
       160,         0,         0,   0.308,mwpf__ed5b1ca725ab969155b6e319b075058f3fdc9fba429208948c496465f18c3565,f757f5fe78d5af9d112ef5c6a74c2b217a6d28321f27227eed44f12a7a6ab52e,"{""circuit"":""surface_code:rotated_memory_x"",""cluster_node_limit"":50,""d"":5,""decoder"":""mwpf"",""decoder_type"":""SolverSerialJointSingleHair"",""p"":0.0065,""p_erase"":0.0065,""r"":15,""run_id"":""e789b6a088777b74923270bb08a3844c985d9353d6de1028cc12da24de39d969""}",
        17,         0,         0,   0.055,mwpf__2999c15e4de35bed39aff1447de33a75f43d437a6d62d3b6f07996530c5faafb,37f8f91643354fae4b963103e230793379e9d4a851c3de1d529970bd4bc89959,"{""circuit"":""surface_code:rotated_memory_x"",""cluster_node_limit"":50,""d"":5,""decoder"":""mwpf"",""decoder_type"":""SolverSerialJointSingleHair"",""p"":0.0075,""p_erase"":0.0075,""r"":15,""run_id"":""e0205247b575ed7a88f5491dad45fe353fb5e54bbf0cf6e1521380a47155db30""}",
       128,         0,         0,   0.341,mwpf__2999c15e4de35bed39aff1447de33a75f43d437a6d62d3b6f07996530c5faafb,37f8f91643354fae4b963103e230793379e9d4a851c3de1d529970bd4bc89959,"{""circuit"":""surface_code:rotated_memory_x"",""cluster_node_limit"":50,""d"":5,""decoder"":""mwpf"",""decoder_type"":""SolverSerialJointSingleHair"",""p"":0.0075,""p_erase"":0.0075,""r"":15,""run_id"":""e0205247b575ed7a88f5491dad45fe353fb5e54bbf0cf6e1521380a47155db30""}",
       256,         0,         0,   0.686,mwpf__2999c15e4de35bed39aff1447de33a75f43d437a6d62d3b6f07996530c5faafb,37f8f91643354fae4b963103e230793379e9d4a851c3de1d529970bd4bc89959,"{""circuit"":""surface_code:rotated_memory_x"",""cluster_node_limit"":50,""d"":5,""decoder"":""mwpf"",""decoder_type"":""SolverSerialJointSingleHair"",""p"":0.0075,""p_erase"":0.0075,""r"":15,""run_id"":""e0205247b575ed7a88f5491dad45fe353fb5e54bbf0cf6e1521380a47155db30""}",
       128,         0,         0,   0.325,mwpf__2999c15e4de35bed39aff1447de33a75f43d437a6d62d3b6f07996530c5faafb,37f8f91643354fae4b963103e230793379e9d4a851c3de1d529970bd4bc89959,"{""circuit"":""surface_code:rotated_memory_x"",""cluster_node_limit"":50,""d"":5,""decoder"":""mwpf"",""decoder_type"":""SolverSerialJointSingleHair"",""p"":0.0075,""p_erase"":0.0075,""r"":15,""run_id"":""e0205247b575ed7a88f5491dad45fe353fb5e54bbf0cf6e1521380a47155db30""}",
        28,         0,         0,   0.065,mwpf__2999c15e4de35bed39aff1447de33a75f43d437a6d62d3b6f07996530c5faafb,37f8f91643354fae4b963103e230793379e9d4a851c3de1d529970bd4bc89959,"{""circuit"":""surface_code:rotated_memory_x"",""cluster_node_limit"":50,""d"":5,""decoder"":""mwpf"",""decoder_type"":""SolverSerialJointSingleHair"",""p"":0.0075,""p_erase"":0.0075,""r"":15,""run_id"":""e0205247b575ed7a88f5491dad45fe353fb5e54bbf0cf6e1521380a47155db30""}",
       128,         0,         0,   0.351,mwpf__2999c15e4de35bed39aff1447de33a75f43d437a6d62d3b6f07996530c5faafb,37f8f91643354fae4b963103e230793379e9d4a851c3de1d529970bd4bc89959,"{""circuit"":""surface_code:rotated_memory_x"",""cluster_node_limit"":50,""d"":5,""decoder"":""mwpf"",""decoder_type"":""SolverSerialJointSingleHair"",""p"":0.0075,""p_erase"":0.0075,""r"":15,""run_id"":""e0205247b575ed7a88f5491dad45fe353fb5e54bbf0cf6e1521380a47155db30""}",
       496,         0,         0,    1.22,mwpf__2999c15e4de35bed39aff1447de33a75f43d437a6d62d3b6f07996530c5faafb,37f8f91643354fae4b963103e230793379e9d4a851c3de1d529970bd4bc89959,"{""circuit"":""surface_code:rotated_memory_x"",""cluster_node_limit"":50,""d"":5,""decoder"":""mwpf"",""decoder_type"":""SolverSerialJointSingleHair"",""p"":0.0075,""p_erase"":0.0075,""r"":15,""run_id"":""e0205247b575ed7a88f5491dad45fe353fb5e54bbf0cf6e1521380a47155db30""}",
       124,         0,         0,   0.292,mwpf__2999c15e4de35bed39aff1447de33a75f43d437a6d62d3b6f07996530c5faafb,37f8f91643354fae4b963103e230793379e9d4a851c3de1d529970bd4bc89959,"{""circuit"":""surface_code:rotated_memory_x"",""cluster_node_limit"":50,""d"":5,""decoder"":""mwpf"",""decoder_type"":""SolverSerialJointSingleHair"",""p"":0.0075,""p_erase"":0.0075,""r"":15,""run_id"":""e0205247b575ed7a88f5491dad45fe353fb5e54bbf0cf6e1521380a47155db30""}",
       128,         0,         0,   0.334,mwpf__2999c15e4de35bed39aff1447de33a75f43d437a6d62d3b6f07996530c5faafb,37f8f91643354fae4b963103e230793379e9d4a851c3de1d529970bd4bc89959,"{""circuit"":""surface_code:rotated_memory_x"",""cluster_node_limit"":50,""d"":5,""decoder"":""mwpf"",""decoder_type"":""SolverSerialJointSingleHair"",""p"":0.0075,""p_erase"":0.0075,""r"":15,""run_id"":""e0205247b575ed7a88f5491dad45fe353fb5e54bbf0cf6e1521380a47155db30""}",
        18,         0,         0,   0.052,mwpf__2999c15e4de35bed39aff1447de33a75f43d437a6d62d3b6f07996530c5faafb,37f8f91643354fae4b963103e230793379e9d4a851c3de1d529970bd4bc89959,"{""circuit"":""surface_code:rotated_memory_x"",""cluster_node_limit"":50,""d"":5,""decoder"":""mwpf"",""decoder_type"":""SolverSerialJointSingleHair"",""p"":0.0075,""p_erase"":0.0075,""r"":15,""run_id"":""e0205247b575ed7a88f5491dad45fe353fb5e54bbf0cf6e1521380a47155db30""}",
        18,         0,         0,   0.052,mwpf__2999c15e4de35bed39aff1447de33a75f43d437a6d62d3b6f07996530c5faafb,37f8f91643354fae4b963103e230793379e9d4a851c3de1d529970bd4bc89959,"{""circuit"":""surface_code:rotated_memory_x"",""cluster_node_limit"":50,""d"":5,""decoder"":""mwpf"",""decoder_type"":""SolverSerialJointSingleHair"",""p"":0.0075,""p_erase"":0.0075,""r"":15,""run_id"":""e0205247b575ed7a88f5491dad45fe353fb5e54bbf0cf6e1521380a47155db30""}",
        18,         0,         0,   0.057,mwpf__2999c15e4de35bed39aff1447de33a75f43d437a6d62d3b6f07996530c5faafb,37f8f91643354fae4b963103e230793379e9d4a851c3de1d529970bd4bc89959,"{""circuit"":""surface_code:rotated_memory_x"",""cluster_node_limit"":50,""d"":5,""decoder"":""mwpf"",""decoder_type"":""SolverSerialJointSingleHair"",""p"":0.0075,""p_erase"":0.0075,""r"":15,""run_id"":""e0205247b575ed7a88f5491dad45fe353fb5e54bbf0cf6e1521380a47155db30""}",
        17,         0,         0,   0.060,mwpf__c8454081a7a6053e57eb962bb64b076c06712db6f25e7c2ca9af89032dd77adc,b4b717e7e10776f1fe6b215e80c3a33ac6e79f1a5d230094eea582a5237e48ca,"{""circuit"":""surface_code:rotated_memory_x"",""cluster_node_limit"":50,""d"":5,""decoder"":""mwpf"",""decoder_type"":""SolverSerialJointSingleHair"",""p"":0.008,""p_erase"":0.008,""r"":15,""run_id"":""688b4e2749f1f1a920106fb73b9c7785586258a05f9479b4584b98721e21e940""}",
       128,         0,         0,   0.349,mwpf__c8454081a7a6053e57eb962bb64b076c06712db6f25e7c2ca9af89032dd77adc,b4b717e7e10776f1fe6b215e80c3a33ac6e79f1a5d230094eea582a5237e48ca,"{""circuit"":""surface_code:rotated_memory_x"",""cluster_node_limit"":50,""d"":5,""decoder"":""mwpf"",""decoder_type"":""SolverSerialJointSingleHair"",""p"":0.008,""p_erase"":0.008,""r"":15,""run_id"":""688b4e2749f1f1a920106fb73b9c7785586258a05f9479b4584b98721e21e940""}",
        17,         0,         0,   0.052,mwpf__5f1c0683a1d9a9a1b58fa76471946e565c84957e97c1bf3a6b089b412604995f,b2e42134655b960b534e0bec1cd60e71bca2378b5b1591a1ea2e27be94d0ce89,"{""circuit"":""surface_code:rotated_memory_x"",""cluster_node_limit"":50,""d"":5,""decoder"":""mwpf"",""decoder_type"":""SolverSerialJointSingleHair"",""p"":0.007,""p_erase"":0.007,""r"":15,""run_id"":""edb37c9bc5424bbb11af4cb8ef3ea0211409850b3d6156f64ae579387e4b6962""}",
       256,         0,         0,   0.710,mwpf__c8454081a7a6053e57eb962bb64b076c06712db6f25e7c2ca9af89032dd77adc,b4b717e7e10776f1fe6b215e80c3a33ac6e79f1a5d230094eea582a5237e48ca,"{""circuit"":""surface_code:rotated_memory_x"",""cluster_node_limit"":50,""d"":5,""decoder"":""mwpf"",""decoder_type"":""SolverSerialJointSingleHair"",""p"":0.008,""p_erase"":0.008,""r"":15,""run_id"":""688b4e2749f1f1a920106fb73b9c7785586258a05f9479b4584b98721e21e940""}",
       128,         0,         0,   0.374,mwpf__c8454081a7a6053e57eb962bb64b076c06712db6f25e7c2ca9af89032dd77adc,b4b717e7e10776f1fe6b215e80c3a33ac6e79f1a5d230094eea582a5237e48ca,"{""circuit"":""surface_code:rotated_memory_x"",""cluster_node_limit"":50,""d"":5,""decoder"":""mwpf"",""decoder_type"":""SolverSerialJointSingleHair"",""p"":0.008,""p_erase"":0.008,""r"":15,""run_id"":""688b4e2749f1f1a920106fb73b9c7785586258a05f9479b4584b98721e21e940""}",
       128,         0,         0,   0.351,mwpf__5f1c0683a1d9a9a1b58fa76471946e565c84957e97c1bf3a6b089b412604995f,b2e42134655b960b534e0bec1cd60e71bca2378b5b1591a1ea2e27be94d0ce89,"{""circuit"":""surface_code:rotated_memory_x"",""cluster_node_limit"":50,""d"":5,""decoder"":""mwpf"",""decoder_type"":""SolverSerialJointSingleHair"",""p"":0.007,""p_erase"":0.007,""r"":15,""run_id"":""edb37c9bc5424bbb11af4cb8ef3ea0211409850b3d6156f64ae579387e4b6962""}",
       128,         0,         0,   0.369,mwpf__c8454081a7a6053e57eb962bb64b076c06712db6f25e7c2ca9af89032dd77adc,b4b717e7e10776f1fe6b215e80c3a33ac6e79f1a5d230094eea582a5237e48ca,"{""circuit"":""surface_code:rotated_memory_x"",""cluster_node_limit"":50,""d"":5,""decoder"":""mwpf"",""decoder_type"":""SolverSerialJointSingleHair"",""p"":0.008,""p_erase"":0.008,""r"":15,""run_id"":""688b4e2749f1f1a920106fb73b9c7785586258a05f9479b4584b98721e21e940""}",
       256,         0,         0,   0.655,mwpf__5f1c0683a1d9a9a1b58fa76471946e565c84957e97c1bf3a6b089b412604995f,b2e42134655b960b534e0bec1cd60e71bca2378b5b1591a1ea2e27be94d0ce89,"{""circuit"":""surface_code:rotated_memory_x"",""cluster_node_limit"":50,""d"":5,""decoder"":""mwpf"",""decoder_type"":""SolverSerialJointSingleHair"",""p"":0.007,""p_erase"":0.007,""r"":15,""run_id"":""edb37c9bc5424bbb11af4cb8ef3ea0211409850b3d6156f64ae579387e4b6962""}",
       128,         0,         0,   0.287,mwpf__5f1c0683a1d9a9a1b58fa76471946e565c84957e97c1bf3a6b089b412604995f,b2e42134655b960b534e0bec1cd60e71bca2378b5b1591a1ea2e27be94d0ce89,"{""circuit"":""surface_code:rotated_memory_x"",""cluster_node_limit"":50,""d"":5,""decoder"":""mwpf"",""decoder_type"":""SolverSerialJointSingleHair"",""p"":0.007,""p_erase"":0.007,""r"":15,""run_id"":""edb37c9bc5424bbb11af4cb8ef3ea0211409850b3d6156f64ae579387e4b6962""}",
       468,         0,         0,    1.34,mwpf__c8454081a7a6053e57eb962bb64b076c06712db6f25e7c2ca9af89032dd77adc,b4b717e7e10776f1fe6b215e80c3a33ac6e79f1a5d230094eea582a5237e48ca,"{""circuit"":""surface_code:rotated_memory_x"",""cluster_node_limit"":50,""d"":5,""decoder"":""mwpf"",""decoder_type"":""SolverSerialJointSingleHair"",""p"":0.008,""p_erase"":0.008,""r"":15,""run_id"":""688b4e2749f1f1a920106fb73b9c7785586258a05f9479b4584b98721e21e940""}",
       212,         0,         0,   0.645,mwpf__c8454081a7a6053e57eb962bb64b076c06712db6f25e7c2ca9af89032dd77adc,b4b717e7e10776f1fe6b215e80c3a33ac6e79f1a5d230094eea582a5237e48ca,"{""circuit"":""surface_code:rotated_memory_x"",""cluster_node_limit"":50,""d"":5,""decoder"":""mwpf"",""decoder_type"":""SolverSerialJointSingleHair"",""p"":0.008,""p_erase"":0.008,""r"":15,""run_id"":""688b4e2749f1f1a920106fb73b9c7785586258a05f9479b4584b98721e21e940""}",
       128,         0,         0,   0.347,mwpf__c8454081a7a6053e57eb962bb64b076c06712db6f25e7c2ca9af89032dd77adc,b4b717e7e10776f1fe6b215e80c3a33ac6e79f1a5d230094eea582a5237e48ca,"{""circuit"":""surface_code:rotated_memory_x"",""cluster_node_limit"":50,""d"":5,""decoder"":""mwpf"",""decoder_type"":""SolverSerialJointSingleHair"",""p"":0.008,""p_erase"":0.008,""r"":15,""run_id"":""688b4e2749f1f1a920106fb73b9c7785586258a05f9479b4584b98721e21e940""}",
       148,         0,         0,   0.330,mwpf__5f1c0683a1d9a9a1b58fa76471946e565c84957e97c1bf3a6b089b412604995f,b2e42134655b960b534e0bec1cd60e71bca2378b5b1591a1ea2e27be94d0ce89,"{""circuit"":""surface_code:rotated_memory_x"",""cluster_node_limit"":50,""d"":5,""decoder"":""mwpf"",""decoder_type"":""SolverSerialJointSingleHair"",""p"":0.007,""p_erase"":0.007,""r"":15,""run_id"":""edb37c9bc5424bbb11af4cb8ef3ea0211409850b3d6156f64ae579387e4b6962""}",
       404,         0,         0,    1.00,mwpf__5f1c0683a1d9a9a1b58fa76471946e565c84957e97c1bf3a6b089b412604995f,b2e42134655b960b534e0bec1cd60e71bca2378b5b1591a1ea2e27be94d0ce89,"{""circuit"":""surface_code:rotated_memory_x"",""cluster_node_limit"":50,""d"":5,""decoder"":""mwpf"",""decoder_type"":""SolverSerialJointSingleHair"",""p"":0.007,""p_erase"":0.007,""r"":15,""run_id"":""edb37c9bc5424bbb11af4cb8ef3ea0211409850b3d6156f64ae579387e4b6962""}",
        59,         0,         0,   0.084,mwpf__c8454081a7a6053e57eb962bb64b076c06712db6f25e7c2ca9af89032dd77adc,b4b717e7e10776f1fe6b215e80c3a33ac6e79f1a5d230094eea582a5237e48ca,"{""circuit"":""surface_code:rotated_memory_x"",""cluster_node_limit"":50,""d"":5,""decoder"":""mwpf"",""decoder_type"":""SolverSerialJointSingleHair"",""p"":0.008,""p_erase"":0.008,""r"":15,""run_id"":""688b4e2749f1f1a920106fb73b9c7785586258a05f9479b4584b98721e21e940""}",
         1,         0,         0,   0.002,mwpf__c8454081a7a6053e57eb962bb64b076c06712db6f25e7c2ca9af89032dd77adc,b4b717e7e10776f1fe6b215e80c3a33ac6e79f1a5d230094eea582a5237e48ca,"{""circuit"":""surface_code:rotated_memory_x"",""cluster_node_limit"":50,""d"":5,""decoder"":""mwpf"",""decoder_type"":""SolverSerialJointSingleHair"",""p"":0.008,""p_erase"":0.008,""r"":15,""run_id"":""688b4e2749f1f1a920106fb73b9c7785586258a05f9479b4584b98721e21e940""}",
       102,         0,         0,   0.194,mwpf__c8454081a7a6053e57eb962bb64b076c06712db6f25e7c2ca9af89032dd77adc,b4b717e7e10776f1fe6b215e80c3a33ac6e79f1a5d230094eea582a5237e48ca,"{""circuit"":""surface_code:rotated_memory_x"",""cluster_node_limit"":50,""d"":5,""decoder"":""mwpf"",""decoder_type"":""SolverSerialJointSingleHair"",""p"":0.008,""p_erase"":0.008,""r"":15,""run_id"":""688b4e2749f1f1a920106fb73b9c7785586258a05f9479b4584b98721e21e940""}",
       102,         0,         0,   0.211,mwpf__c8454081a7a6053e57eb962bb64b076c06712db6f25e7c2ca9af89032dd77adc,b4b717e7e10776f1fe6b215e80c3a33ac6e79f1a5d230094eea582a5237e48ca,"{""circuit"":""surface_code:rotated_memory_x"",""cluster_node_limit"":50,""d"":5,""decoder"":""mwpf"",""decoder_type"":""SolverSerialJointSingleHair"",""p"":0.008,""p_erase"":0.008,""r"":15,""run_id"":""688b4e2749f1f1a920106fb73b9c7785586258a05f9479b4584b98721e21e940""}",
       256,         0,         0,   0.551,mwpf__5f1c0683a1d9a9a1b58fa76471946e565c84957e97c1bf3a6b089b412604995f,b2e42134655b960b534e0bec1cd60e71bca2378b5b1591a1ea2e27be94d0ce89,"{""circuit"":""surface_code:rotated_memory_x"",""cluster_node_limit"":50,""d"":5,""decoder"":""mwpf"",""decoder_type"":""SolverSerialJointSingleHair"",""p"":0.007,""p_erase"":0.007,""r"":15,""run_id"":""edb37c9bc5424bbb11af4cb8ef3ea0211409850b3d6156f64ae579387e4b6962""}",
        22,         0,         0,   0.050,mwpf__5f1c0683a1d9a9a1b58fa76471946e565c84957e97c1bf3a6b089b412604995f,b2e42134655b960b534e0bec1cd60e71bca2378b5b1591a1ea2e27be94d0ce89,"{""circuit"":""surface_code:rotated_memory_x"",""cluster_node_limit"":50,""d"":5,""decoder"":""mwpf"",""decoder_type"":""SolverSerialJointSingleHair"",""p"":0.007,""p_erase"":0.007,""r"":15,""run_id"":""edb37c9bc5424bbb11af4cb8ef3ea0211409850b3d6156f64ae579387e4b6962""}",
        17,         0,         0,   0.064,mwpf__b6bda496164095ab205664f39f843241f8ca08fb0a0dc67418564679c11fbfb1,248984325eacec1e082bb013304151afa0d2f0ea757614287625876cc156ab10,"{""circuit"":""surface_code:rotated_memory_x"",""cluster_node_limit"":50,""d"":5,""decoder"":""mwpf"",""decoder_type"":""SolverSerialJointSingleHair"",""p"":0.011,""p_erase"":0.011,""r"":15,""run_id"":""e7c313ed154fe86be08938565687c9821a3e6378c8cd90b513d2ad5107f55163""}",
        17,         0,         0,   0.067,mwpf__5fc1d53d1fa1e187ace8b3f091054a78311e70d4a9fa65012cffdae4cff3f044,0f9c2980c75a4df2a18bafaf6b7b76e7b897d007aed1ffc9439f232c13387eb2,"{""circuit"":""surface_code:rotated_memory_x"",""cluster_node_limit"":50,""d"":5,""decoder"":""mwpf"",""decoder_type"":""SolverSerialJointSingleHair"",""p"":0.01,""p_erase"":0.01,""r"":15,""run_id"":""a91c4c3e27ee920a02412250c20bcdd1fa8f8d6cfa0fbe4d38ca641f20d18002""}",
       128,         0,         0,   0.588,mwpf__b6bda496164095ab205664f39f843241f8ca08fb0a0dc67418564679c11fbfb1,248984325eacec1e082bb013304151afa0d2f0ea757614287625876cc156ab10,"{""circuit"":""surface_code:rotated_memory_x"",""cluster_node_limit"":50,""d"":5,""decoder"":""mwpf"",""decoder_type"":""SolverSerialJointSingleHair"",""p"":0.011,""p_erase"":0.011,""r"":15,""run_id"":""e7c313ed154fe86be08938565687c9821a3e6378c8cd90b513d2ad5107f55163""}",
       128,         1,         0,   0.572,mwpf__b6bda496164095ab205664f39f843241f8ca08fb0a0dc67418564679c11fbfb1,248984325eacec1e082bb013304151afa0d2f0ea757614287625876cc156ab10,"{""circuit"":""surface_code:rotated_memory_x"",""cluster_node_limit"":50,""d"":5,""decoder"":""mwpf"",""decoder_type"":""SolverSerialJointSingleHair"",""p"":0.011,""p_erase"":0.011,""r"":15,""run_id"":""e7c313ed154fe86be08938565687c9821a3e6378c8cd90b513d2ad5107f55163""}",
        58,         0,         0,   0.190,mwpf__5fc1d53d1fa1e187ace8b3f091054a78311e70d4a9fa65012cffdae4cff3f044,0f9c2980c75a4df2a18bafaf6b7b76e7b897d007aed1ffc9439f232c13387eb2,"{""circuit"":""surface_code:rotated_memory_x"",""cluster_node_limit"":50,""d"":5,""decoder"":""mwpf"",""decoder_type"":""SolverSerialJointSingleHair"",""p"":0.01,""p_erase"":0.01,""r"":15,""run_id"":""a91c4c3e27ee920a02412250c20bcdd1fa8f8d6cfa0fbe4d38ca641f20d18002""}",
        58,         0,         0,   0.197,mwpf__5fc1d53d1fa1e187ace8b3f091054a78311e70d4a9fa65012cffdae4cff3f044,0f9c2980c75a4df2a18bafaf6b7b76e7b897d007aed1ffc9439f232c13387eb2,"{""circuit"":""surface_code:rotated_memory_x"",""cluster_node_limit"":50,""d"":5,""decoder"":""mwpf"",""decoder_type"":""SolverSerialJointSingleHair"",""p"":0.01,""p_erase"":0.01,""r"":15,""run_id"":""a91c4c3e27ee920a02412250c20bcdd1fa8f8d6cfa0fbe4d38ca641f20d18002""}",
        60,         1,         0,   0.234,mwpf__5fc1d53d1fa1e187ace8b3f091054a78311e70d4a9fa65012cffdae4cff3f044,0f9c2980c75a4df2a18bafaf6b7b76e7b897d007aed1ffc9439f232c13387eb2,"{""circuit"":""surface_code:rotated_memory_x"",""cluster_node_limit"":50,""d"":5,""decoder"":""mwpf"",""decoder_type"":""SolverSerialJointSingleHair"",""p"":0.01,""p_erase"":0.01,""r"":15,""run_id"":""a91c4c3e27ee920a02412250c20bcdd1fa8f8d6cfa0fbe4d38ca641f20d18002""}",
       110,         1,         0,   0.437,mwpf__b6bda496164095ab205664f39f843241f8ca08fb0a0dc67418564679c11fbfb1,248984325eacec1e082bb013304151afa0d2f0ea757614287625876cc156ab10,"{""circuit"":""surface_code:rotated_memory_x"",""cluster_node_limit"":50,""d"":5,""decoder"":""mwpf"",""decoder_type"":""SolverSerialJointSingleHair"",""p"":0.011,""p_erase"":0.011,""r"":15,""run_id"":""e7c313ed154fe86be08938565687c9821a3e6378c8cd90b513d2ad5107f55163""}",
       125,         1,         0,   0.473,mwpf__b6bda496164095ab205664f39f843241f8ca08fb0a0dc67418564679c11fbfb1,248984325eacec1e082bb013304151afa0d2f0ea757614287625876cc156ab10,"{""circuit"":""surface_code:rotated_memory_x"",""cluster_node_limit"":50,""d"":5,""decoder"":""mwpf"",""decoder_type"":""SolverSerialJointSingleHair"",""p"":0.011,""p_erase"":0.011,""r"":15,""run_id"":""e7c313ed154fe86be08938565687c9821a3e6378c8cd90b513d2ad5107f55163""}",
       255,         0,         0,    1.06,mwpf__b6bda496164095ab205664f39f843241f8ca08fb0a0dc67418564679c11fbfb1,248984325eacec1e082bb013304151afa0d2f0ea757614287625876cc156ab10,"{""circuit"":""surface_code:rotated_memory_x"",""cluster_node_limit"":50,""d"":5,""decoder"":""mwpf"",""decoder_type"":""SolverSerialJointSingleHair"",""p"":0.011,""p_erase"":0.011,""r"":15,""run_id"":""e7c313ed154fe86be08938565687c9821a3e6378c8cd90b513d2ad5107f55163""}",
        17,         0,         0,   0.052,mwpf__c56026e4f7db9d72b9fb97f9ec8772f5a91d4341694ccb53815b6f6a344f02c6,f76a2ccd040492ec02b7b215d1f74791dff6eb39a39bc3713763871a2a118007,"{""circuit"":""surface_code:rotated_memory_x"",""cluster_node_limit"":50,""d"":5,""decoder"":""mwpf"",""decoder_type"":""SolverSerialJointSingleHair"",""p"":0.006,""p_erase"":0.006,""r"":15,""run_id"":""16948dcd0b5a7e7225f194013a75f969883ac48bca0cc73fd9fb708c43e9232c""}",
       128,         0,         0,   0.262,mwpf__c56026e4f7db9d72b9fb97f9ec8772f5a91d4341694ccb53815b6f6a344f02c6,f76a2ccd040492ec02b7b215d1f74791dff6eb39a39bc3713763871a2a118007,"{""circuit"":""surface_code:rotated_memory_x"",""cluster_node_limit"":50,""d"":5,""decoder"":""mwpf"",""decoder_type"":""SolverSerialJointSingleHair"",""p"":0.006,""p_erase"":0.006,""r"":15,""run_id"":""16948dcd0b5a7e7225f194013a75f969883ac48bca0cc73fd9fb708c43e9232c""}",
       175,         0,         0,   0.355,mwpf__c56026e4f7db9d72b9fb97f9ec8772f5a91d4341694ccb53815b6f6a344f02c6,f76a2ccd040492ec02b7b215d1f74791dff6eb39a39bc3713763871a2a118007,"{""circuit"":""surface_code:rotated_memory_x"",""cluster_node_limit"":50,""d"":5,""decoder"":""mwpf"",""decoder_type"":""SolverSerialJointSingleHair"",""p"":0.006,""p_erase"":0.006,""r"":15,""run_id"":""16948dcd0b5a7e7225f194013a75f969883ac48bca0cc73fd9fb708c43e9232c""}",
       176,         0,         0,   0.361,mwpf__c56026e4f7db9d72b9fb97f9ec8772f5a91d4341694ccb53815b6f6a344f02c6,f76a2ccd040492ec02b7b215d1f74791dff6eb39a39bc3713763871a2a118007,"{""circuit"":""surface_code:rotated_memory_x"",""cluster_node_limit"":50,""d"":5,""decoder"":""mwpf"",""decoder_type"":""SolverSerialJointSingleHair"",""p"":0.006,""p_erase"":0.006,""r"":15,""run_id"":""16948dcd0b5a7e7225f194013a75f969883ac48bca0cc73fd9fb708c43e9232c""}",
        31,         0,         0,   0.077,mwpf__c56026e4f7db9d72b9fb97f9ec8772f5a91d4341694ccb53815b6f6a344f02c6,f76a2ccd040492ec02b7b215d1f74791dff6eb39a39bc3713763871a2a118007,"{""circuit"":""surface_code:rotated_memory_x"",""cluster_node_limit"":50,""d"":5,""decoder"":""mwpf"",""decoder_type"":""SolverSerialJointSingleHair"",""p"":0.006,""p_erase"":0.006,""r"":15,""run_id"":""16948dcd0b5a7e7225f194013a75f969883ac48bca0cc73fd9fb708c43e9232c""}",
       176,         0,         0,   0.390,mwpf__c56026e4f7db9d72b9fb97f9ec8772f5a91d4341694ccb53815b6f6a344f02c6,f76a2ccd040492ec02b7b215d1f74791dff6eb39a39bc3713763871a2a118007,"{""circuit"":""surface_code:rotated_memory_x"",""cluster_node_limit"":50,""d"":5,""decoder"":""mwpf"",""decoder_type"":""SolverSerialJointSingleHair"",""p"":0.006,""p_erase"":0.006,""r"":15,""run_id"":""16948dcd0b5a7e7225f194013a75f969883ac48bca0cc73fd9fb708c43e9232c""}",
        17,         0,         0,   0.054,mwpf__ed5b1ca725ab969155b6e319b075058f3fdc9fba429208948c496465f18c3565,f757f5fe78d5af9d112ef5c6a74c2b217a6d28321f27227eed44f12a7a6ab52e,"{""circuit"":""surface_code:rotated_memory_x"",""cluster_node_limit"":50,""d"":5,""decoder"":""mwpf"",""decoder_type"":""SolverSerialJointSingleHair"",""p"":0.0065,""p_erase"":0.0065,""r"":15,""run_id"":""e789b6a088777b74923270bb08a3844c985d9353d6de1028cc12da24de39d969""}",
        54,         0,         0,   0.114,mwpf__ed5b1ca725ab969155b6e319b075058f3fdc9fba429208948c496465f18c3565,f757f5fe78d5af9d112ef5c6a74c2b217a6d28321f27227eed44f12a7a6ab52e,"{""circuit"":""surface_code:rotated_memory_x"",""cluster_node_limit"":50,""d"":5,""decoder"":""mwpf"",""decoder_type"":""SolverSerialJointSingleHair"",""p"":0.0065,""p_erase"":0.0065,""r"":15,""run_id"":""e789b6a088777b74923270bb08a3844c985d9353d6de1028cc12da24de39d969""}",
        54,         0,         0,   0.108,mwpf__ed5b1ca725ab969155b6e319b075058f3fdc9fba429208948c496465f18c3565,f757f5fe78d5af9d112ef5c6a74c2b217a6d28321f27227eed44f12a7a6ab52e,"{""circuit"":""surface_code:rotated_memory_x"",""cluster_node_limit"":50,""d"":5,""decoder"":""mwpf"",""decoder_type"":""SolverSerialJointSingleHair"",""p"":0.0065,""p_erase"":0.0065,""r"":15,""run_id"":""e789b6a088777b74923270bb08a3844c985d9353d6de1028cc12da24de39d969""}",
        37,         0,         0,   0.085,mwpf__ed5b1ca725ab969155b6e319b075058f3fdc9fba429208948c496465f18c3565,f757f5fe78d5af9d112ef5c6a74c2b217a6d28321f27227eed44f12a7a6ab52e,"{""circuit"":""surface_code:rotated_memory_x"",""cluster_node_limit"":50,""d"":5,""decoder"":""mwpf"",""decoder_type"":""SolverSerialJointSingleHair"",""p"":0.0065,""p_erase"":0.0065,""r"":15,""run_id"":""e789b6a088777b74923270bb08a3844c985d9353d6de1028cc12da24de39d969""}",
        54,         0,         0,   0.137,mwpf__ed5b1ca725ab969155b6e319b075058f3fdc9fba429208948c496465f18c3565,f757f5fe78d5af9d112ef5c6a74c2b217a6d28321f27227eed44f12a7a6ab52e,"{""circuit"":""surface_code:rotated_memory_x"",""cluster_node_limit"":50,""d"":5,""decoder"":""mwpf"",""decoder_type"":""SolverSerialJointSingleHair"",""p"":0.0065,""p_erase"":0.0065,""r"":15,""run_id"":""e789b6a088777b74923270bb08a3844c985d9353d6de1028cc12da24de39d969""}",
        17,         0,         0,   0.022,mwpf__5f1c0683a1d9a9a1b58fa76471946e565c84957e97c1bf3a6b089b412604995f,b2e42134655b960b534e0bec1cd60e71bca2378b5b1591a1ea2e27be94d0ce89,"{""circuit"":""surface_code:rotated_memory_x"",""cluster_node_limit"":50,""d"":5,""decoder"":""mwpf"",""decoder_type"":""SolverSerialJointSingleHair"",""p"":0.007,""p_erase"":0.007,""r"":15,""run_id"":""edb37c9bc5424bbb11af4cb8ef3ea0211409850b3d6156f64ae579387e4b6962""}",
        22,         0,         0,   0.032,mwpf__5f1c0683a1d9a9a1b58fa76471946e565c84957e97c1bf3a6b089b412604995f,b2e42134655b960b534e0bec1cd60e71bca2378b5b1591a1ea2e27be94d0ce89,"{""circuit"":""surface_code:rotated_memory_x"",""cluster_node_limit"":50,""d"":5,""decoder"":""mwpf"",""decoder_type"":""SolverSerialJointSingleHair"",""p"":0.007,""p_erase"":0.007,""r"":15,""run_id"":""edb37c9bc5424bbb11af4cb8ef3ea0211409850b3d6156f64ae579387e4b6962""}",
        35,         0,         0,   0.060,mwpf__5f1c0683a1d9a9a1b58fa76471946e565c84957e97c1bf3a6b089b412604995f,b2e42134655b960b534e0bec1cd60e71bca2378b5b1591a1ea2e27be94d0ce89,"{""circuit"":""surface_code:rotated_memory_x"",""cluster_node_limit"":50,""d"":5,""decoder"":""mwpf"",""decoder_type"":""SolverSerialJointSingleHair"",""p"":0.007,""p_erase"":0.007,""r"":15,""run_id"":""edb37c9bc5424bbb11af4cb8ef3ea0211409850b3d6156f64ae579387e4b6962""}",
        27,         0,         0,   0.053,mwpf__5f1c0683a1d9a9a1b58fa76471946e565c84957e97c1bf3a6b089b412604995f,b2e42134655b960b534e0bec1cd60e71bca2378b5b1591a1ea2e27be94d0ce89,"{""circuit"":""surface_code:rotated_memory_x"",""cluster_node_limit"":50,""d"":5,""decoder"":""mwpf"",""decoder_type"":""SolverSerialJointSingleHair"",""p"":0.007,""p_erase"":0.007,""r"":15,""run_id"":""edb37c9bc5424bbb11af4cb8ef3ea0211409850b3d6156f64ae579387e4b6962""}",
        52,         0,         0,   0.102,mwpf__5f1c0683a1d9a9a1b58fa76471946e565c84957e97c1bf3a6b089b412604995f,b2e42134655b960b534e0bec1cd60e71bca2378b5b1591a1ea2e27be94d0ce89,"{""circuit"":""surface_code:rotated_memory_x"",""cluster_node_limit"":50,""d"":5,""decoder"":""mwpf"",""decoder_type"":""SolverSerialJointSingleHair"",""p"":0.007,""p_erase"":0.007,""r"":15,""run_id"":""edb37c9bc5424bbb11af4cb8ef3ea0211409850b3d6156f64ae579387e4b6962""}",
        52,         0,         0,   0.103,mwpf__5f1c0683a1d9a9a1b58fa76471946e565c84957e97c1bf3a6b089b412604995f,b2e42134655b960b534e0bec1cd60e71bca2378b5b1591a1ea2e27be94d0ce89,"{""circuit"":""surface_code:rotated_memory_x"",""cluster_node_limit"":50,""d"":5,""decoder"":""mwpf"",""decoder_type"":""SolverSerialJointSingleHair"",""p"":0.007,""p_erase"":0.007,""r"":15,""run_id"":""edb37c9bc5424bbb11af4cb8ef3ea0211409850b3d6156f64ae579387e4b6962""}",
        17,         0,         0,   0.053,mwpf__b6bda496164095ab205664f39f843241f8ca08fb0a0dc67418564679c11fbfb1,248984325eacec1e082bb013304151afa0d2f0ea757614287625876cc156ab10,"{""circuit"":""surface_code:rotated_memory_x"",""cluster_node_limit"":50,""d"":5,""decoder"":""mwpf"",""decoder_type"":""SolverSerialJointSingleHair"",""p"":0.011,""p_erase"":0.011,""r"":15,""run_id"":""e7c313ed154fe86be08938565687c9821a3e6378c8cd90b513d2ad5107f55163""}",
        63,         0,         0,   0.247,mwpf__b6bda496164095ab205664f39f843241f8ca08fb0a0dc67418564679c11fbfb1,248984325eacec1e082bb013304151afa0d2f0ea757614287625876cc156ab10,"{""circuit"":""surface_code:rotated_memory_x"",""cluster_node_limit"":50,""d"":5,""decoder"":""mwpf"",""decoder_type"":""SolverSerialJointSingleHair"",""p"":0.011,""p_erase"":0.011,""r"":15,""run_id"":""e7c313ed154fe86be08938565687c9821a3e6378c8cd90b513d2ad5107f55163""}",
        47,         0,         0,   0.205,mwpf__b6bda496164095ab205664f39f843241f8ca08fb0a0dc67418564679c11fbfb1,248984325eacec1e082bb013304151afa0d2f0ea757614287625876cc156ab10,"{""circuit"":""surface_code:rotated_memory_x"",""cluster_node_limit"":50,""d"":5,""decoder"":""mwpf"",""decoder_type"":""SolverSerialJointSingleHair"",""p"":0.011,""p_erase"":0.011,""r"":15,""run_id"":""e7c313ed154fe86be08938565687c9821a3e6378c8cd90b513d2ad5107f55163""}",
        64,         0,         0,   0.261,mwpf__b6bda496164095ab205664f39f843241f8ca08fb0a0dc67418564679c11fbfb1,248984325eacec1e082bb013304151afa0d2f0ea757614287625876cc156ab10,"{""circuit"":""surface_code:rotated_memory_x"",""cluster_node_limit"":50,""d"":5,""decoder"":""mwpf"",""decoder_type"":""SolverSerialJointSingleHair"",""p"":0.011,""p_erase"":0.011,""r"":15,""run_id"":""e7c313ed154fe86be08938565687c9821a3e6378c8cd90b513d2ad5107f55163""}",
        64,         3,         0,   0.260,mwpf__b6bda496164095ab205664f39f843241f8ca08fb0a0dc67418564679c11fbfb1,248984325eacec1e082bb013304151afa0d2f0ea757614287625876cc156ab10,"{""circuit"":""surface_code:rotated_memory_x"",""cluster_node_limit"":50,""d"":5,""decoder"":""mwpf"",""decoder_type"":""SolverSerialJointSingleHair"",""p"":0.011,""p_erase"":0.011,""r"":15,""run_id"":""e7c313ed154fe86be08938565687c9821a3e6378c8cd90b513d2ad5107f55163""}",
        17,         0,         0,   0.044,mwpf__c8454081a7a6053e57eb962bb64b076c06712db6f25e7c2ca9af89032dd77adc,b4b717e7e10776f1fe6b215e80c3a33ac6e79f1a5d230094eea582a5237e48ca,"{""circuit"":""surface_code:rotated_memory_x"",""cluster_node_limit"":50,""d"":5,""decoder"":""mwpf"",""decoder_type"":""SolverSerialJointSingleHair"",""p"":0.008,""p_erase"":0.008,""r"":15,""run_id"":""688b4e2749f1f1a920106fb73b9c7785586258a05f9479b4584b98721e21e940""}",
         7,         0,         0,   0.011,mwpf__c8454081a7a6053e57eb962bb64b076c06712db6f25e7c2ca9af89032dd77adc,b4b717e7e10776f1fe6b215e80c3a33ac6e79f1a5d230094eea582a5237e48ca,"{""circuit"":""surface_code:rotated_memory_x"",""cluster_node_limit"":50,""d"":5,""decoder"":""mwpf"",""decoder_type"":""SolverSerialJointSingleHair"",""p"":0.008,""p_erase"":0.008,""r"":15,""run_id"":""688b4e2749f1f1a920106fb73b9c7785586258a05f9479b4584b98721e21e940""}",
        23,         0,         0,   0.049,mwpf__c8454081a7a6053e57eb962bb64b076c06712db6f25e7c2ca9af89032dd77adc,b4b717e7e10776f1fe6b215e80c3a33ac6e79f1a5d230094eea582a5237e48ca,"{""circuit"":""surface_code:rotated_memory_x"",""cluster_node_limit"":50,""d"":5,""decoder"":""mwpf"",""decoder_type"":""SolverSerialJointSingleHair"",""p"":0.008,""p_erase"":0.008,""r"":15,""run_id"":""688b4e2749f1f1a920106fb73b9c7785586258a05f9479b4584b98721e21e940""}",
        24,         0,         0,   0.054,mwpf__c8454081a7a6053e57eb962bb64b076c06712db6f25e7c2ca9af89032dd77adc,b4b717e7e10776f1fe6b215e80c3a33ac6e79f1a5d230094eea582a5237e48ca,"{""circuit"":""surface_code:rotated_memory_x"",""cluster_node_limit"":50,""d"":5,""decoder"":""mwpf"",""decoder_type"":""SolverSerialJointSingleHair"",""p"":0.008,""p_erase"":0.008,""r"":15,""run_id"":""688b4e2749f1f1a920106fb73b9c7785586258a05f9479b4584b98721e21e940""}",
        24,         0,         0,   0.053,mwpf__c8454081a7a6053e57eb962bb64b076c06712db6f25e7c2ca9af89032dd77adc,b4b717e7e10776f1fe6b215e80c3a33ac6e79f1a5d230094eea582a5237e48ca,"{""circuit"":""surface_code:rotated_memory_x"",""cluster_node_limit"":50,""d"":5,""decoder"":""mwpf"",""decoder_type"":""SolverSerialJointSingleHair"",""p"":0.008,""p_erase"":0.008,""r"":15,""run_id"":""688b4e2749f1f1a920106fb73b9c7785586258a05f9479b4584b98721e21e940""}",
         6,         0,         0,   0.028,mwpf__5fc1d53d1fa1e187ace8b3f091054a78311e70d4a9fa65012cffdae4cff3f044,0f9c2980c75a4df2a18bafaf6b7b76e7b897d007aed1ffc9439f232c13387eb2,"{""circuit"":""surface_code:rotated_memory_x"",""cluster_node_limit"":50,""d"":5,""decoder"":""mwpf"",""decoder_type"":""SolverSerialJointSingleHair"",""p"":0.01,""p_erase"":0.01,""r"":15,""run_id"":""a91c4c3e27ee920a02412250c20bcdd1fa8f8d6cfa0fbe4d38ca641f20d18002""}",
         7,         0,         0,   0.029,mwpf__5fc1d53d1fa1e187ace8b3f091054a78311e70d4a9fa65012cffdae4cff3f044,0f9c2980c75a4df2a18bafaf6b7b76e7b897d007aed1ffc9439f232c13387eb2,"{""circuit"":""surface_code:rotated_memory_x"",""cluster_node_limit"":50,""d"":5,""decoder"":""mwpf"",""decoder_type"":""SolverSerialJointSingleHair"",""p"":0.01,""p_erase"":0.01,""r"":15,""run_id"":""a91c4c3e27ee920a02412250c20bcdd1fa8f8d6cfa0fbe4d38ca641f20d18002""}",
         7,         0,         0,   0.036,mwpf__5fc1d53d1fa1e187ace8b3f091054a78311e70d4a9fa65012cffdae4cff3f044,0f9c2980c75a4df2a18bafaf6b7b76e7b897d007aed1ffc9439f232c13387eb2,"{""circuit"":""surface_code:rotated_memory_x"",""cluster_node_limit"":50,""d"":5,""decoder"":""mwpf"",""decoder_type"":""SolverSerialJointSingleHair"",""p"":0.01,""p_erase"":0.01,""r"":15,""run_id"":""a91c4c3e27ee920a02412250c20bcdd1fa8f8d6cfa0fbe4d38ca641f20d18002""}",
         7,         0,         0,   0.028,mwpf__5fc1d53d1fa1e187ace8b3f091054a78311e70d4a9fa65012cffdae4cff3f044,0f9c2980c75a4df2a18bafaf6b7b76e7b897d007aed1ffc9439f232c13387eb2,"{""circuit"":""surface_code:rotated_memory_x"",""cluster_node_limit"":50,""d"":5,""decoder"":""mwpf"",""decoder_type"":""SolverSerialJointSingleHair"",""p"":0.01,""p_erase"":0.01,""r"":15,""run_id"":""a91c4c3e27ee920a02412250c20bcdd1fa8f8d6cfa0fbe4d38ca641f20d18002""}",
         5,         0,         0,   0.027,mwpf__ed5b1ca725ab969155b6e319b075058f3fdc9fba429208948c496465f18c3565,f757f5fe78d5af9d112ef5c6a74c2b217a6d28321f27227eed44f12a7a6ab52e,"{""circuit"":""surface_code:rotated_memory_x"",""cluster_node_limit"":50,""d"":5,""decoder"":""mwpf"",""decoder_type"":""SolverSerialJointSingleHair"",""p"":0.0065,""p_erase"":0.0065,""r"":15,""run_id"":""e789b6a088777b74923270bb08a3844c985d9353d6de1028cc12da24de39d969""}",
         9,         0,         0,   0.016,mwpf__ed5b1ca725ab969155b6e319b075058f3fdc9fba429208948c496465f18c3565,f757f5fe78d5af9d112ef5c6a74c2b217a6d28321f27227eed44f12a7a6ab52e,"{""circuit"":""surface_code:rotated_memory_x"",""cluster_node_limit"":50,""d"":5,""decoder"":""mwpf"",""decoder_type"":""SolverSerialJointSingleHair"",""p"":0.0065,""p_erase"":0.0065,""r"":15,""run_id"":""e789b6a088777b74923270bb08a3844c985d9353d6de1028cc12da24de39d969""}",
         9,         0,         0,   0.030,mwpf__ed5b1ca725ab969155b6e319b075058f3fdc9fba429208948c496465f18c3565,f757f5fe78d5af9d112ef5c6a74c2b217a6d28321f27227eed44f12a7a6ab52e,"{""circuit"":""surface_code:rotated_memory_x"",""cluster_node_limit"":50,""d"":5,""decoder"":""mwpf"",""decoder_type"":""SolverSerialJointSingleHair"",""p"":0.0065,""p_erase"":0.0065,""r"":15,""run_id"":""e789b6a088777b74923270bb08a3844c985d9353d6de1028cc12da24de39d969""}",
         9,         0,         0,   0.016,mwpf__ed5b1ca725ab969155b6e319b075058f3fdc9fba429208948c496465f18c3565,f757f5fe78d5af9d112ef5c6a74c2b217a6d28321f27227eed44f12a7a6ab52e,"{""circuit"":""surface_code:rotated_memory_x"",""cluster_node_limit"":50,""d"":5,""decoder"":""mwpf"",""decoder_type"":""SolverSerialJointSingleHair"",""p"":0.0065,""p_erase"":0.0065,""r"":15,""run_id"":""e789b6a088777b74923270bb08a3844c985d9353d6de1028cc12da24de39d969""}",
         9,         0,         0,   0.018,mwpf__ed5b1ca725ab969155b6e319b075058f3fdc9fba429208948c496465f18c3565,f757f5fe78d5af9d112ef5c6a74c2b217a6d28321f27227eed44f12a7a6ab52e,"{""circuit"":""surface_code:rotated_memory_x"",""cluster_node_limit"":50,""d"":5,""decoder"":""mwpf"",""decoder_type"":""SolverSerialJointSingleHair"",""p"":0.0065,""p_erase"":0.0065,""r"":15,""run_id"":""e789b6a088777b74923270bb08a3844c985d9353d6de1028cc12da24de39d969""}",
         4,         0,         0,   0.019,mwpf__ed5b1ca725ab969155b6e319b075058f3fdc9fba429208948c496465f18c3565,f757f5fe78d5af9d112ef5c6a74c2b217a6d28321f27227eed44f12a7a6ab52e,"{""circuit"":""surface_code:rotated_memory_x"",""cluster_node_limit"":50,""d"":5,""decoder"":""mwpf"",""decoder_type"":""SolverSerialJointSingleHair"",""p"":0.0065,""p_erase"":0.0065,""r"":15,""run_id"":""e789b6a088777b74923270bb08a3844c985d9353d6de1028cc12da24de39d969""}",
         2,         0,         0,   0.007,mwpf__5fc1d53d1fa1e187ace8b3f091054a78311e70d4a9fa65012cffdae4cff3f044,0f9c2980c75a4df2a18bafaf6b7b76e7b897d007aed1ffc9439f232c13387eb2,"{""circuit"":""surface_code:rotated_memory_x"",""cluster_node_limit"":50,""d"":5,""decoder"":""mwpf"",""decoder_type"":""SolverSerialJointSingleHair"",""p"":0.01,""p_erase"":0.01,""r"":15,""run_id"":""a91c4c3e27ee920a02412250c20bcdd1fa8f8d6cfa0fbe4d38ca641f20d18002""}",
         1,         0,         0,   0.005,mwpf__5fc1d53d1fa1e187ace8b3f091054a78311e70d4a9fa65012cffdae4cff3f044,0f9c2980c75a4df2a18bafaf6b7b76e7b897d007aed1ffc9439f232c13387eb2,"{""circuit"":""surface_code:rotated_memory_x"",""cluster_node_limit"":50,""d"":5,""decoder"":""mwpf"",""decoder_type"":""SolverSerialJointSingleHair"",""p"":0.01,""p_erase"":0.01,""r"":15,""run_id"":""a91c4c3e27ee920a02412250c20bcdd1fa8f8d6cfa0fbe4d38ca641f20d18002""}",
         2,         0,         0,   0.006,mwpf__5fc1d53d1fa1e187ace8b3f091054a78311e70d4a9fa65012cffdae4cff3f044,0f9c2980c75a4df2a18bafaf6b7b76e7b897d007aed1ffc9439f232c13387eb2,"{""circuit"":""surface_code:rotated_memory_x"",""cluster_node_limit"":50,""d"":5,""decoder"":""mwpf"",""decoder_type"":""SolverSerialJointSingleHair"",""p"":0.01,""p_erase"":0.01,""r"":15,""run_id"":""a91c4c3e27ee920a02412250c20bcdd1fa8f8d6cfa0fbe4d38ca641f20d18002""}",
         2,         0,         0,   0.006,mwpf__5fc1d53d1fa1e187ace8b3f091054a78311e70d4a9fa65012cffdae4cff3f044,0f9c2980c75a4df2a18bafaf6b7b76e7b897d007aed1ffc9439f232c13387eb2,"{""circuit"":""surface_code:rotated_memory_x"",""cluster_node_limit"":50,""d"":5,""decoder"":""mwpf"",""decoder_type"":""SolverSerialJointSingleHair"",""p"":0.01,""p_erase"":0.01,""r"":15,""run_id"":""a91c4c3e27ee920a02412250c20bcdd1fa8f8d6cfa0fbe4d38ca641f20d18002""}",
         4,         0,         0,   0.007,mwpf__c8454081a7a6053e57eb962bb64b076c06712db6f25e7c2ca9af89032dd77adc,b4b717e7e10776f1fe6b215e80c3a33ac6e79f1a5d230094eea582a5237e48ca,"{""circuit"":""surface_code:rotated_memory_x"",""cluster_node_limit"":50,""d"":5,""decoder"":""mwpf"",""decoder_type"":""SolverSerialJointSingleHair"",""p"":0.008,""p_erase"":0.008,""r"":15,""run_id"":""688b4e2749f1f1a920106fb73b9c7785586258a05f9479b4584b98721e21e940""}",
         8,         0,         0,   0.012,mwpf__c8454081a7a6053e57eb962bb64b076c06712db6f25e7c2ca9af89032dd77adc,b4b717e7e10776f1fe6b215e80c3a33ac6e79f1a5d230094eea582a5237e48ca,"{""circuit"":""surface_code:rotated_memory_x"",""cluster_node_limit"":50,""d"":5,""decoder"":""mwpf"",""decoder_type"":""SolverSerialJointSingleHair"",""p"":0.008,""p_erase"":0.008,""r"":15,""run_id"":""688b4e2749f1f1a920106fb73b9c7785586258a05f9479b4584b98721e21e940""}",
         8,         0,         0,   0.014,mwpf__c8454081a7a6053e57eb962bb64b076c06712db6f25e7c2ca9af89032dd77adc,b4b717e7e10776f1fe6b215e80c3a33ac6e79f1a5d230094eea582a5237e48ca,"{""circuit"":""surface_code:rotated_memory_x"",""cluster_node_limit"":50,""d"":5,""decoder"":""mwpf"",""decoder_type"":""SolverSerialJointSingleHair"",""p"":0.008,""p_erase"":0.008,""r"":15,""run_id"":""688b4e2749f1f1a920106fb73b9c7785586258a05f9479b4584b98721e21e940""}",
         4,         0,         0,   0.009,mwpf__c8454081a7a6053e57eb962bb64b076c06712db6f25e7c2ca9af89032dd77adc,b4b717e7e10776f1fe6b215e80c3a33ac6e79f1a5d230094eea582a5237e48ca,"{""circuit"":""surface_code:rotated_memory_x"",""cluster_node_limit"":50,""d"":5,""decoder"":""mwpf"",""decoder_type"":""SolverSerialJointSingleHair"",""p"":0.008,""p_erase"":0.008,""r"":15,""run_id"":""688b4e2749f1f1a920106fb73b9c7785586258a05f9479b4584b98721e21e940""}",
         9,         0,         0,   0.024,mwpf__5f1c0683a1d9a9a1b58fa76471946e565c84957e97c1bf3a6b089b412604995f,b2e42134655b960b534e0bec1cd60e71bca2378b5b1591a1ea2e27be94d0ce89,"{""circuit"":""surface_code:rotated_memory_x"",""cluster_node_limit"":50,""d"":5,""decoder"":""mwpf"",""decoder_type"":""SolverSerialJointSingleHair"",""p"":0.007,""p_erase"":0.007,""r"":15,""run_id"":""edb37c9bc5424bbb11af4cb8ef3ea0211409850b3d6156f64ae579387e4b6962""}",
         6,         0,         0,   0.026,mwpf__5f1c0683a1d9a9a1b58fa76471946e565c84957e97c1bf3a6b089b412604995f,b2e42134655b960b534e0bec1cd60e71bca2378b5b1591a1ea2e27be94d0ce89,"{""circuit"":""surface_code:rotated_memory_x"",""cluster_node_limit"":50,""d"":5,""decoder"":""mwpf"",""decoder_type"":""SolverSerialJointSingleHair"",""p"":0.007,""p_erase"":0.007,""r"":15,""run_id"":""edb37c9bc5424bbb11af4cb8ef3ea0211409850b3d6156f64ae579387e4b6962""}",
         1,         0,         0,   0.002,mwpf__5f1c0683a1d9a9a1b58fa76471946e565c84957e97c1bf3a6b089b412604995f,b2e42134655b960b534e0bec1cd60e71bca2378b5b1591a1ea2e27be94d0ce89,"{""circuit"":""surface_code:rotated_memory_x"",""cluster_node_limit"":50,""d"":5,""decoder"":""mwpf"",""decoder_type"":""SolverSerialJointSingleHair"",""p"":0.007,""p_erase"":0.007,""r"":15,""run_id"":""edb37c9bc5424bbb11af4cb8ef3ea0211409850b3d6156f64ae579387e4b6962""}",
         9,         0,         0,   0.028,mwpf__5f1c0683a1d9a9a1b58fa76471946e565c84957e97c1bf3a6b089b412604995f,b2e42134655b960b534e0bec1cd60e71bca2378b5b1591a1ea2e27be94d0ce89,"{""circuit"":""surface_code:rotated_memory_x"",""cluster_node_limit"":50,""d"":5,""decoder"":""mwpf"",""decoder_type"":""SolverSerialJointSingleHair"",""p"":0.007,""p_erase"":0.007,""r"":15,""run_id"":""edb37c9bc5424bbb11af4cb8ef3ea0211409850b3d6156f64ae579387e4b6962""}",
         9,         0,         0,   0.032,mwpf__5f1c0683a1d9a9a1b58fa76471946e565c84957e97c1bf3a6b089b412604995f,b2e42134655b960b534e0bec1cd60e71bca2378b5b1591a1ea2e27be94d0ce89,"{""circuit"":""surface_code:rotated_memory_x"",""cluster_node_limit"":50,""d"":5,""decoder"":""mwpf"",""decoder_type"":""SolverSerialJointSingleHair"",""p"":0.007,""p_erase"":0.007,""r"":15,""run_id"":""edb37c9bc5424bbb11af4cb8ef3ea0211409850b3d6156f64ae579387e4b6962""}",
         9,         0,         0,   0.042,mwpf__5f1c0683a1d9a9a1b58fa76471946e565c84957e97c1bf3a6b089b412604995f,b2e42134655b960b534e0bec1cd60e71bca2378b5b1591a1ea2e27be94d0ce89,"{""circuit"":""surface_code:rotated_memory_x"",""cluster_node_limit"":50,""d"":5,""decoder"":""mwpf"",""decoder_type"":""SolverSerialJointSingleHair"",""p"":0.007,""p_erase"":0.007,""r"":15,""run_id"":""edb37c9bc5424bbb11af4cb8ef3ea0211409850b3d6156f64ae579387e4b6962""}",
         4,         0,         0,   0.006,mwpf__c8454081a7a6053e57eb962bb64b076c06712db6f25e7c2ca9af89032dd77adc,b4b717e7e10776f1fe6b215e80c3a33ac6e79f1a5d230094eea582a5237e48ca,"{""circuit"":""surface_code:rotated_memory_x"",""cluster_node_limit"":50,""d"":5,""decoder"":""mwpf"",""decoder_type"":""SolverSerialJointSingleHair"",""p"":0.008,""p_erase"":0.008,""r"":15,""run_id"":""688b4e2749f1f1a920106fb73b9c7785586258a05f9479b4584b98721e21e940""}",
         4,         0,         0,   0.009,mwpf__c8454081a7a6053e57eb962bb64b076c06712db6f25e7c2ca9af89032dd77adc,b4b717e7e10776f1fe6b215e80c3a33ac6e79f1a5d230094eea582a5237e48ca,"{""circuit"":""surface_code:rotated_memory_x"",""cluster_node_limit"":50,""d"":5,""decoder"":""mwpf"",""decoder_type"":""SolverSerialJointSingleHair"",""p"":0.008,""p_erase"":0.008,""r"":15,""run_id"":""688b4e2749f1f1a920106fb73b9c7785586258a05f9479b4584b98721e21e940""}",
         4,         0,         0,   0.007,mwpf__c8454081a7a6053e57eb962bb64b076c06712db6f25e7c2ca9af89032dd77adc,b4b717e7e10776f1fe6b215e80c3a33ac6e79f1a5d230094eea582a5237e48ca,"{""circuit"":""surface_code:rotated_memory_x"",""cluster_node_limit"":50,""d"":5,""decoder"":""mwpf"",""decoder_type"":""SolverSerialJointSingleHair"",""p"":0.008,""p_erase"":0.008,""r"":15,""run_id"":""688b4e2749f1f1a920106fb73b9c7785586258a05f9479b4584b98721e21e940""}",
         4,         0,         0,   0.008,mwpf__c8454081a7a6053e57eb962bb64b076c06712db6f25e7c2ca9af89032dd77adc,b4b717e7e10776f1fe6b215e80c3a33ac6e79f1a5d230094eea582a5237e48ca,"{""circuit"":""surface_code:rotated_memory_x"",""cluster_node_limit"":50,""d"":5,""decoder"":""mwpf"",""decoder_type"":""SolverSerialJointSingleHair"",""p"":0.008,""p_erase"":0.008,""r"":15,""run_id"":""688b4e2749f1f1a920106fb73b9c7785586258a05f9479b4584b98721e21e940""}",
         4,         0,         0,   0.008,mwpf__c8454081a7a6053e57eb962bb64b076c06712db6f25e7c2ca9af89032dd77adc,b4b717e7e10776f1fe6b215e80c3a33ac6e79f1a5d230094eea582a5237e48ca,"{""circuit"":""surface_code:rotated_memory_x"",""cluster_node_limit"":50,""d"":5,""decoder"":""mwpf"",""decoder_type"":""SolverSerialJointSingleHair"",""p"":0.008,""p_erase"":0.008,""r"":15,""run_id"":""688b4e2749f1f1a920106fb73b9c7785586258a05f9479b4584b98721e21e940""}",
         4,         0,         0,   0.010,mwpf__c8454081a7a6053e57eb962bb64b076c06712db6f25e7c2ca9af89032dd77adc,b4b717e7e10776f1fe6b215e80c3a33ac6e79f1a5d230094eea582a5237e48ca,"{""circuit"":""surface_code:rotated_memory_x"",""cluster_node_limit"":50,""d"":5,""decoder"":""mwpf"",""decoder_type"":""SolverSerialJointSingleHair"",""p"":0.008,""p_erase"":0.008,""r"":15,""run_id"":""688b4e2749f1f1a920106fb73b9c7785586258a05f9479b4584b98721e21e940""}",
         1,         0,         0,   0.002,mwpf__5fc1d53d1fa1e187ace8b3f091054a78311e70d4a9fa65012cffdae4cff3f044,0f9c2980c75a4df2a18bafaf6b7b76e7b897d007aed1ffc9439f232c13387eb2,"{""circuit"":""surface_code:rotated_memory_x"",""cluster_node_limit"":50,""d"":5,""decoder"":""mwpf"",""decoder_type"":""SolverSerialJointSingleHair"",""p"":0.01,""p_erase"":0.01,""r"":15,""run_id"":""a91c4c3e27ee920a02412250c20bcdd1fa8f8d6cfa0fbe4d38ca641f20d18002""}",
         1,         0,         0,   0.002,mwpf__5fc1d53d1fa1e187ace8b3f091054a78311e70d4a9fa65012cffdae4cff3f044,0f9c2980c75a4df2a18bafaf6b7b76e7b897d007aed1ffc9439f232c13387eb2,"{""circuit"":""surface_code:rotated_memory_x"",""cluster_node_limit"":50,""d"":5,""decoder"":""mwpf"",""decoder_type"":""SolverSerialJointSingleHair"",""p"":0.01,""p_erase"":0.01,""r"":15,""run_id"":""a91c4c3e27ee920a02412250c20bcdd1fa8f8d6cfa0fbe4d38ca641f20d18002""}",
         1,         0,         0,   0.004,mwpf__5fc1d53d1fa1e187ace8b3f091054a78311e70d4a9fa65012cffdae4cff3f044,0f9c2980c75a4df2a18bafaf6b7b76e7b897d007aed1ffc9439f232c13387eb2,"{""circuit"":""surface_code:rotated_memory_x"",""cluster_node_limit"":50,""d"":5,""decoder"":""mwpf"",""decoder_type"":""SolverSerialJointSingleHair"",""p"":0.01,""p_erase"":0.01,""r"":15,""run_id"":""a91c4c3e27ee920a02412250c20bcdd1fa8f8d6cfa0fbe4d38ca641f20d18002""}",
         1,         0,         0,   0.004,mwpf__5fc1d53d1fa1e187ace8b3f091054a78311e70d4a9fa65012cffdae4cff3f044,0f9c2980c75a4df2a18bafaf6b7b76e7b897d007aed1ffc9439f232c13387eb2,"{""circuit"":""surface_code:rotated_memory_x"",""cluster_node_limit"":50,""d"":5,""decoder"":""mwpf"",""decoder_type"":""SolverSerialJointSingleHair"",""p"":0.01,""p_erase"":0.01,""r"":15,""run_id"":""a91c4c3e27ee920a02412250c20bcdd1fa8f8d6cfa0fbe4d38ca641f20d18002""}",
         1,         0,         0,   0.002,mwpf__ed5b1ca725ab969155b6e319b075058f3fdc9fba429208948c496465f18c3565,f757f5fe78d5af9d112ef5c6a74c2b217a6d28321f27227eed44f12a7a6ab52e,"{""circuit"":""surface_code:rotated_memory_x"",""cluster_node_limit"":50,""d"":5,""decoder"":""mwpf"",""decoder_type"":""SolverSerialJointSingleHair"",""p"":0.0065,""p_erase"":0.0065,""r"":15,""run_id"":""e789b6a088777b74923270bb08a3844c985d9353d6de1028cc12da24de39d969""}",
         1,         0,         0,   0.017,mwpf__ed5b1ca725ab969155b6e319b075058f3fdc9fba429208948c496465f18c3565,f757f5fe78d5af9d112ef5c6a74c2b217a6d28321f27227eed44f12a7a6ab52e,"{""circuit"":""surface_code:rotated_memory_x"",""cluster_node_limit"":50,""d"":5,""decoder"":""mwpf"",""decoder_type"":""SolverSerialJointSingleHair"",""p"":0.0065,""p_erase"":0.0065,""r"":15,""run_id"":""e789b6a088777b74923270bb08a3844c985d9353d6de1028cc12da24de39d969""}",
         1,         0,         0,   0.002,mwpf__ed5b1ca725ab969155b6e319b075058f3fdc9fba429208948c496465f18c3565,f757f5fe78d5af9d112ef5c6a74c2b217a6d28321f27227eed44f12a7a6ab52e,"{""circuit"":""surface_code:rotated_memory_x"",""cluster_node_limit"":50,""d"":5,""decoder"":""mwpf"",""decoder_type"":""SolverSerialJointSingleHair"",""p"":0.0065,""p_erase"":0.0065,""r"":15,""run_id"":""e789b6a088777b74923270bb08a3844c985d9353d6de1028cc12da24de39d969""}",
         1,         0,         0,   0.017,mwpf__ed5b1ca725ab969155b6e319b075058f3fdc9fba429208948c496465f18c3565,f757f5fe78d5af9d112ef5c6a74c2b217a6d28321f27227eed44f12a7a6ab52e,"{""circuit"":""surface_code:rotated_memory_x"",""cluster_node_limit"":50,""d"":5,""decoder"":""mwpf"",""decoder_type"":""SolverSerialJointSingleHair"",""p"":0.0065,""p_erase"":0.0065,""r"":15,""run_id"":""e789b6a088777b74923270bb08a3844c985d9353d6de1028cc12da24de39d969""}",
         1,         0,         0,   0.003,mwpf__ed5b1ca725ab969155b6e319b075058f3fdc9fba429208948c496465f18c3565,f757f5fe78d5af9d112ef5c6a74c2b217a6d28321f27227eed44f12a7a6ab52e,"{""circuit"":""surface_code:rotated_memory_x"",""cluster_node_limit"":50,""d"":5,""decoder"":""mwpf"",""decoder_type"":""SolverSerialJointSingleHair"",""p"":0.0065,""p_erase"":0.0065,""r"":15,""run_id"":""e789b6a088777b74923270bb08a3844c985d9353d6de1028cc12da24de39d969""}",
         1,         0,         0,   0.020,mwpf__ed5b1ca725ab969155b6e319b075058f3fdc9fba429208948c496465f18c3565,f757f5fe78d5af9d112ef5c6a74c2b217a6d28321f27227eed44f12a7a6ab52e,"{""circuit"":""surface_code:rotated_memory_x"",""cluster_node_limit"":50,""d"":5,""decoder"":""mwpf"",""decoder_type"":""SolverSerialJointSingleHair"",""p"":0.0065,""p_erase"":0.0065,""r"":15,""run_id"":""e789b6a088777b74923270bb08a3844c985d9353d6de1028cc12da24de39d969""}",
         1,         0,         0,   0.018,mwpf__ed5b1ca725ab969155b6e319b075058f3fdc9fba429208948c496465f18c3565,f757f5fe78d5af9d112ef5c6a74c2b217a6d28321f27227eed44f12a7a6ab52e,"{""circuit"":""surface_code:rotated_memory_x"",""cluster_node_limit"":50,""d"":5,""decoder"":""mwpf"",""decoder_type"":""SolverSerialJointSingleHair"",""p"":0.0065,""p_erase"":0.0065,""r"":15,""run_id"":""e789b6a088777b74923270bb08a3844c985d9353d6de1028cc12da24de39d969""}",
         1,         0,         0,   0.002,mwpf__5f1c0683a1d9a9a1b58fa76471946e565c84957e97c1bf3a6b089b412604995f,b2e42134655b960b534e0bec1cd60e71bca2378b5b1591a1ea2e27be94d0ce89,"{""circuit"":""surface_code:rotated_memory_x"",""cluster_node_limit"":50,""d"":5,""decoder"":""mwpf"",""decoder_type"":""SolverSerialJointSingleHair"",""p"":0.007,""p_erase"":0.007,""r"":15,""run_id"":""edb37c9bc5424bbb11af4cb8ef3ea0211409850b3d6156f64ae579387e4b6962""}",
         1,         0,         0,   0.002,mwpf__5f1c0683a1d9a9a1b58fa76471946e565c84957e97c1bf3a6b089b412604995f,b2e42134655b960b534e0bec1cd60e71bca2378b5b1591a1ea2e27be94d0ce89,"{""circuit"":""surface_code:rotated_memory_x"",""cluster_node_limit"":50,""d"":5,""decoder"":""mwpf"",""decoder_type"":""SolverSerialJointSingleHair"",""p"":0.007,""p_erase"":0.007,""r"":15,""run_id"":""edb37c9bc5424bbb11af4cb8ef3ea0211409850b3d6156f64ae579387e4b6962""}",
         1,         0,         0,   0.002,mwpf__5f1c0683a1d9a9a1b58fa76471946e565c84957e97c1bf3a6b089b412604995f,b2e42134655b960b534e0bec1cd60e71bca2378b5b1591a1ea2e27be94d0ce89,"{""circuit"":""surface_code:rotated_memory_x"",""cluster_node_limit"":50,""d"":5,""decoder"":""mwpf"",""decoder_type"":""SolverSerialJointSingleHair"",""p"":0.007,""p_erase"":0.007,""r"":15,""run_id"":""edb37c9bc5424bbb11af4cb8ef3ea0211409850b3d6156f64ae579387e4b6962""}",
         1,         0,         0,   0.004,mwpf__5f1c0683a1d9a9a1b58fa76471946e565c84957e97c1bf3a6b089b412604995f,b2e42134655b960b534e0bec1cd60e71bca2378b5b1591a1ea2e27be94d0ce89,"{""circuit"":""surface_code:rotated_memory_x"",""cluster_node_limit"":50,""d"":5,""decoder"":""mwpf"",""decoder_type"":""SolverSerialJointSingleHair"",""p"":0.007,""p_erase"":0.007,""r"":15,""run_id"":""edb37c9bc5424bbb11af4cb8ef3ea0211409850b3d6156f64ae579387e4b6962""}",
         1,         0,         0,   0.005,mwpf__5f1c0683a1d9a9a1b58fa76471946e565c84957e97c1bf3a6b089b412604995f,b2e42134655b960b534e0bec1cd60e71bca2378b5b1591a1ea2e27be94d0ce89,"{""circuit"":""surface_code:rotated_memory_x"",""cluster_node_limit"":50,""d"":5,""decoder"":""mwpf"",""decoder_type"":""SolverSerialJointSingleHair"",""p"":0.007,""p_erase"":0.007,""r"":15,""run_id"":""edb37c9bc5424bbb11af4cb8ef3ea0211409850b3d6156f64ae579387e4b6962""}",
         1,         0,         0,   0.006,mwpf__5f1c0683a1d9a9a1b58fa76471946e565c84957e97c1bf3a6b089b412604995f,b2e42134655b960b534e0bec1cd60e71bca2378b5b1591a1ea2e27be94d0ce89,"{""circuit"":""surface_code:rotated_memory_x"",""cluster_node_limit"":50,""d"":5,""decoder"":""mwpf"",""decoder_type"":""SolverSerialJointSingleHair"",""p"":0.007,""p_erase"":0.007,""r"":15,""run_id"":""edb37c9bc5424bbb11af4cb8ef3ea0211409850b3d6156f64ae579387e4b6962""}",
         1,         0,         0,   0.001,mwpf__5f1c0683a1d9a9a1b58fa76471946e565c84957e97c1bf3a6b089b412604995f,b2e42134655b960b534e0bec1cd60e71bca2378b5b1591a1ea2e27be94d0ce89,"{""circuit"":""surface_code:rotated_memory_x"",""cluster_node_limit"":50,""d"":5,""decoder"":""mwpf"",""decoder_type"":""SolverSerialJointSingleHair"",""p"":0.007,""p_erase"":0.007,""r"":15,""run_id"":""edb37c9bc5424bbb11af4cb8ef3ea0211409850b3d6156f64ae579387e4b6962""}",
         1,         0,         0,   0.001,mwpf__ed5b1ca725ab969155b6e319b075058f3fdc9fba429208948c496465f18c3565,f757f5fe78d5af9d112ef5c6a74c2b217a6d28321f27227eed44f12a7a6ab52e,"{""circuit"":""surface_code:rotated_memory_x"",""cluster_node_limit"":50,""d"":5,""decoder"":""mwpf"",""decoder_type"":""SolverSerialJointSingleHair"",""p"":0.0065,""p_erase"":0.0065,""r"":15,""run_id"":""e789b6a088777b74923270bb08a3844c985d9353d6de1028cc12da24de39d969""}",
         1,         0,         0,   0.002,mwpf__ed5b1ca725ab969155b6e319b075058f3fdc9fba429208948c496465f18c3565,f757f5fe78d5af9d112ef5c6a74c2b217a6d28321f27227eed44f12a7a6ab52e,"{""circuit"":""surface_code:rotated_memory_x"",""cluster_node_limit"":50,""d"":5,""decoder"":""mwpf"",""decoder_type"":""SolverSerialJointSingleHair"",""p"":0.0065,""p_erase"":0.0065,""r"":15,""run_id"":""e789b6a088777b74923270bb08a3844c985d9353d6de1028cc12da24de39d969""}",
         1,         0,         0,   0.002,mwpf__5f1c0683a1d9a9a1b58fa76471946e565c84957e97c1bf3a6b089b412604995f,b2e42134655b960b534e0bec1cd60e71bca2378b5b1591a1ea2e27be94d0ce89,"{""circuit"":""surface_code:rotated_memory_x"",""cluster_node_limit"":50,""d"":5,""decoder"":""mwpf"",""decoder_type"":""SolverSerialJointSingleHair"",""p"":0.007,""p_erase"":0.007,""r"":15,""run_id"":""edb37c9bc5424bbb11af4cb8ef3ea0211409850b3d6156f64ae579387e4b6962""}",
         1,         0,         0,   0.002,mwpf__5f1c0683a1d9a9a1b58fa76471946e565c84957e97c1bf3a6b089b412604995f,b2e42134655b960b534e0bec1cd60e71bca2378b5b1591a1ea2e27be94d0ce89,"{""circuit"":""surface_code:rotated_memory_x"",""cluster_node_limit"":50,""d"":5,""decoder"":""mwpf"",""decoder_type"":""SolverSerialJointSingleHair"",""p"":0.007,""p_erase"":0.007,""r"":15,""run_id"":""edb37c9bc5424bbb11af4cb8ef3ea0211409850b3d6156f64ae579387e4b6962""}",
