     shots,    errors,  discards, seconds,decoder,strong_id,json_metadata,custom_counts
        17,         0,         0,   0.015,mwpf__863de70705822d3ac5c85e737f5c35e9003fe713755bf2a77869c08d12fb176a,2ec4648f3dd239d87d06620b6a49a98301955fe72f19ce1732512c3fdebaf0c8,"{""circuit"":""surface_code:rotated_memory_x"",""cluster_node_limit"":50,""d"":5,""decoder"":""mwpf"",""decoder_type"":""SolverSerialJointSingleHair"",""p"":0.015,""p_erase"":0.015,""r"":5,""run_id"":""6fe96edac5c8fb2c1aed8ea14c67ceeb92423fdf3ce9e1c97fff0ce2aa5d5538""}",
       273,         0,         0,   0.048,mwpf__8ad8fcf9ec0c744197e0cd79d8dac929e53f70cbe596260e95ac56d60161b394,df80c7f2db27f7ba771fddc719aeb76dc3bf9685962ef0e8e92cfac0b325af85,"{""circuit"":""surface_code:rotated_memory_x"",""cluster_node_limit"":50,""d"":5,""decoder"":""mwpf"",""decoder_type"":""SolverSerialJointSingleHair"",""p"":0.003,""p_erase"":0.003,""r"":5,""run_id"":""15e3edac26702bd06daa1bb3e90bddb5f87b2bb2b182b8fed1b9f8d68845e848""}",
        17,         0,         0,   0.014,mwpf__863de70705822d3ac5c85e737f5c35e9003fe713755bf2a77869c08d12fb176a,2ec4648f3dd239d87d06620b6a49a98301955fe72f19ce1732512c3fdebaf0c8,"{""circuit"":""surface_code:rotated_memory_x"",""cluster_node_limit"":50,""d"":5,""decoder"":""mwpf"",""decoder_type"":""SolverSerialJointSingleHair"",""p"":0.015,""p_erase"":0.015,""r"":5,""run_id"":""6fe96edac5c8fb2c1aed8ea14c67ceeb92423fdf3ce9e1c97fff0ce2aa5d5538""}",
        17,         0,         0,   0.011,mwpf__8ad69d48345896d862efbd90f2b975904c14044cde7ed10668f8f5eea334f41a,6a6ac4c29065cb30976ec846e8da513c4d01edcdc840656f11ff38553d7306cd,"{""circuit"":""surface_code:rotated_memory_x"",""cluster_node_limit"":50,""d"":5,""decoder"":""mwpf"",""decoder_type"":""SolverSerialJointSingleHair"",""p"":0.01,""p_erase"":0.01,""r"":5,""run_id"":""669fd91e75976823dd1cbb6f0d860524121f186f614db6fb259f60c1945fce8a""}",
       273,         0,         0,   0.102,mwpf__6e9afc21b4d3f106a42e849d1d1f275ed6be088715d087c4b8a915d85b035b2b,5980677afcf119f56e68f90e25cc8ff5463f90cf70e710bc49d0e1832a1823e0,"{""circuit"":""surface_code:rotated_memory_x"",""cluster_node_limit"":50,""d"":5,""decoder"":""mwpf"",""decoder_type"":""SolverSerialJointSingleHair"",""p"":0.0075,""p_erase"":0.0075,""r"":5,""run_id"":""5a57a6d0ff957d816c2c86860718eec6af832a23575ff55f991f4b130256fb39""}",
       273,         0,         0,   0.074,mwpf__3df37f19ced06caff7479a5b90faf590ff17f9b0c66d8cbd04a55c02dee224e8,4e26764943fcb1821d1883072cd6229f946b037a3ae3a98bef8b5488dcff3490,"{""circuit"":""surface_code:rotated_memory_x"",""cluster_node_limit"":50,""d"":5,""decoder"":""mwpf"",""decoder_type"":""SolverSerialJointSingleHair"",""p"":0.005,""p_erase"":0.005,""r"":5,""run_id"":""a9419091d73bd2c76a2c7e3604d34d847de2f4b02b85d0c3d0860c0754fc56d1""}",
       273,         0,         0,   0.064,mwpf__11f45372c56f7ad844d941b5d91839ad2109f5ded22d55410db8a55c861d7281,0665149c154d50de98a4085a034142b69ec6f9e2cb2daf40322c0cb6f246dbfc,"{""circuit"":""surface_code:rotated_memory_x"",""cluster_node_limit"":50,""d"":5,""decoder"":""mwpf"",""decoder_type"":""SolverSerialJointSingleHair"",""p"":0.004,""p_erase"":0.004,""r"":5,""run_id"":""2c1d23bd89bcf5d6d623dffd52817527ab5ba820bb8c60558a749cc97b051f30""}",
       273,         0,         0,   0.109,mwpf__c4429979d8453e1857b47d20b05f1b5ef724026f5497884c20fbcb25fc2cd83f,1aaf6f1039b09a76317612e784f1ea923331e30438434dc3b3d9bf3cdf3c98c1,"{""circuit"":""surface_code:rotated_memory_x"",""cluster_node_limit"":50,""d"":5,""decoder"":""mwpf"",""decoder_type"":""SolverSerialJointSingleHair"",""p"":0.008,""p_erase"":0.008,""r"":5,""run_id"":""bfa3c7cba13850dd37e54bb29bb945687e3fe04272a3151e2ac8acb7416976e7""}",
        17,         0,         0,   0.011,mwpf__8ad69d48345896d862efbd90f2b975904c14044cde7ed10668f8f5eea334f41a,6a6ac4c29065cb30976ec846e8da513c4d01edcdc840656f11ff38553d7306cd,"{""circuit"":""surface_code:rotated_memory_x"",""cluster_node_limit"":50,""d"":5,""decoder"":""mwpf"",""decoder_type"":""SolverSerialJointSingleHair"",""p"":0.01,""p_erase"":0.01,""r"":5,""run_id"":""669fd91e75976823dd1cbb6f0d860524121f186f614db6fb259f60c1945fce8a""}",
       273,         0,         0,   0.114,mwpf__6e9afc21b4d3f106a42e849d1d1f275ed6be088715d087c4b8a915d85b035b2b,5980677afcf119f56e68f90e25cc8ff5463f90cf70e710bc49d0e1832a1823e0,"{""circuit"":""surface_code:rotated_memory_x"",""cluster_node_limit"":50,""d"":5,""decoder"":""mwpf"",""decoder_type"":""SolverSerialJointSingleHair"",""p"":0.0075,""p_erase"":0.0075,""r"":5,""run_id"":""5a57a6d0ff957d816c2c86860718eec6af832a23575ff55f991f4b130256fb39""}",
       256,         0,         0,   0.130,mwpf__8ad69d48345896d862efbd90f2b975904c14044cde7ed10668f8f5eea334f41a,6a6ac4c29065cb30976ec846e8da513c4d01edcdc840656f11ff38553d7306cd,"{""circuit"":""surface_code:rotated_memory_x"",""cluster_node_limit"":50,""d"":5,""decoder"":""mwpf"",""decoder_type"":""SolverSerialJointSingleHair"",""p"":0.01,""p_erase"":0.01,""r"":5,""run_id"":""669fd91e75976823dd1cbb6f0d860524121f186f614db6fb259f60c1945fce8a""}",
       273,         0,         0,   0.087,mwpf__430ba795469d8cdb0908fffa68ce8bd2f959b001f03fed0500f2be71b231dd61,bc94726745b3aa46725e1d9fdc4e9c3130c336a65a0eef2d6c13560ac6ff3ce4,"{""circuit"":""surface_code:rotated_memory_x"",""cluster_node_limit"":50,""d"":5,""decoder"":""mwpf"",""decoder_type"":""SolverSerialJointSingleHair"",""p"":0.006,""p_erase"":0.006,""r"":5,""run_id"":""136e458ea1bb00db5031dfe54473bc21d7f67216ffcf15b01c0f763ac55c92f3""}",
       256,         1,         0,   0.192,mwpf__863de70705822d3ac5c85e737f5c35e9003fe713755bf2a77869c08d12fb176a,2ec4648f3dd239d87d06620b6a49a98301955fe72f19ce1732512c3fdebaf0c8,"{""circuit"":""surface_code:rotated_memory_x"",""cluster_node_limit"":50,""d"":5,""decoder"":""mwpf"",""decoder_type"":""SolverSerialJointSingleHair"",""p"":0.015,""p_erase"":0.015,""r"":5,""run_id"":""6fe96edac5c8fb2c1aed8ea14c67ceeb92423fdf3ce9e1c97fff0ce2aa5d5538""}",
      1024,         0,         0,   0.184,mwpf__8ad8fcf9ec0c744197e0cd79d8dac929e53f70cbe596260e95ac56d60161b394,df80c7f2db27f7ba771fddc719aeb76dc3bf9685962ef0e8e92cfac0b325af85,"{""circuit"":""surface_code:rotated_memory_x"",""cluster_node_limit"":50,""d"":5,""decoder"":""mwpf"",""decoder_type"":""SolverSerialJointSingleHair"",""p"":0.003,""p_erase"":0.003,""r"":5,""run_id"":""15e3edac26702bd06daa1bb3e90bddb5f87b2bb2b182b8fed1b9f8d68845e848""}",
       256,         0,         0,   0.191,mwpf__863de70705822d3ac5c85e737f5c35e9003fe713755bf2a77869c08d12fb176a,2ec4648f3dd239d87d06620b6a49a98301955fe72f19ce1732512c3fdebaf0c8,"{""circuit"":""surface_code:rotated_memory_x"",""cluster_node_limit"":50,""d"":5,""decoder"":""mwpf"",""decoder_type"":""SolverSerialJointSingleHair"",""p"":0.015,""p_erase"":0.015,""r"":5,""run_id"":""6fe96edac5c8fb2c1aed8ea14c67ceeb92423fdf3ce9e1c97fff0ce2aa5d5538""}",
       273,         0,         0,   0.110,mwpf__b71b410912a52b6f6379e91fd178b891036e516b5d9bdd3af3e3d833396cfbcb,560e79ac0b8bf685dacd5c09b366945c4286a65db7481ed5906d7ffc59ba6886,"{""circuit"":""surface_code:rotated_memory_x"",""cluster_node_limit"":50,""d"":5,""decoder"":""mwpf"",""decoder_type"":""SolverSerialJointSingleHair"",""p"":0.009,""p_erase"":0.009,""r"":5,""run_id"":""c32281a89ec9fb6ef8731b931cbe729d04602aba0eeadfec21fc1875143cc8af""}",
       273,         0,         0,   0.092,mwpf__c58b7d47f1bf9aa6757e72d714b4934e012141d133da38946d72f780457936e1,95828c0d538c141a350184d6ddc1899b467d2819c8fca6fde9d3b4898bcf42c8,"{""circuit"":""surface_code:rotated_memory_x"",""cluster_node_limit"":50,""d"":5,""decoder"":""mwpf"",""decoder_type"":""SolverSerialJointSingleHair"",""p"":0.0065,""p_erase"":0.0065,""r"":5,""run_id"":""14c277d1360d884007b225112d7b983b9f2c5fc158d2870f656c6b2929b311b6""}",
       273,         0,         0,   0.049,mwpf__8ad8fcf9ec0c744197e0cd79d8dac929e53f70cbe596260e95ac56d60161b394,df80c7f2db27f7ba771fddc719aeb76dc3bf9685962ef0e8e92cfac0b325af85,"{""circuit"":""surface_code:rotated_memory_x"",""cluster_node_limit"":50,""d"":5,""decoder"":""mwpf"",""decoder_type"":""SolverSerialJointSingleHair"",""p"":0.003,""p_erase"":0.003,""r"":5,""run_id"":""15e3edac26702bd06daa1bb3e90bddb5f87b2bb2b182b8fed1b9f8d68845e848""}",
       273,         0,         0,   0.072,mwpf__3df37f19ced06caff7479a5b90faf590ff17f9b0c66d8cbd04a55c02dee224e8,4e26764943fcb1821d1883072cd6229f946b037a3ae3a98bef8b5488dcff3490,"{""circuit"":""surface_code:rotated_memory_x"",""cluster_node_limit"":50,""d"":5,""decoder"":""mwpf"",""decoder_type"":""SolverSerialJointSingleHair"",""p"":0.005,""p_erase"":0.005,""r"":5,""run_id"":""a9419091d73bd2c76a2c7e3604d34d847de2f4b02b85d0c3d0860c0754fc56d1""}",
       273,         0,         0,   0.061,mwpf__11f45372c56f7ad844d941b5d91839ad2109f5ded22d55410db8a55c861d7281,0665149c154d50de98a4085a034142b69ec6f9e2cb2daf40322c0cb6f246dbfc,"{""circuit"":""surface_code:rotated_memory_x"",""cluster_node_limit"":50,""d"":5,""decoder"":""mwpf"",""decoder_type"":""SolverSerialJointSingleHair"",""p"":0.004,""p_erase"":0.004,""r"":5,""run_id"":""2c1d23bd89bcf5d6d623dffd52817527ab5ba820bb8c60558a749cc97b051f30""}",
       273,         0,         0,   0.057,mwpf__11f45372c56f7ad844d941b5d91839ad2109f5ded22d55410db8a55c861d7281,0665149c154d50de98a4085a034142b69ec6f9e2cb2daf40322c0cb6f246dbfc,"{""circuit"":""surface_code:rotated_memory_x"",""cluster_node_limit"":50,""d"":5,""decoder"":""mwpf"",""decoder_type"":""SolverSerialJointSingleHair"",""p"":0.004,""p_erase"":0.004,""r"":5,""run_id"":""2c1d23bd89bcf5d6d623dffd52817527ab5ba820bb8c60558a749cc97b051f30""}",
       273,         0,         0,   0.048,mwpf__8ad8fcf9ec0c744197e0cd79d8dac929e53f70cbe596260e95ac56d60161b394,df80c7f2db27f7ba771fddc719aeb76dc3bf9685962ef0e8e92cfac0b325af85,"{""circuit"":""surface_code:rotated_memory_x"",""cluster_node_limit"":50,""d"":5,""decoder"":""mwpf"",""decoder_type"":""SolverSerialJointSingleHair"",""p"":0.003,""p_erase"":0.003,""r"":5,""run_id"":""15e3edac26702bd06daa1bb3e90bddb5f87b2bb2b182b8fed1b9f8d68845e848""}",
       273,         0,         0,   0.093,mwpf__8447a0737060a5dcdf9065c9858e255abe4b9d4ba8a5cf9af236a7fcce576409,ca8be4a7ce16ed946a288233270bf64176f33f09c39d80b50eeb919458798379,"{""circuit"":""surface_code:rotated_memory_x"",""cluster_node_limit"":50,""d"":5,""decoder"":""mwpf"",""decoder_type"":""SolverSerialJointSingleHair"",""p"":0.007,""p_erase"":0.007,""r"":5,""run_id"":""fc11e6013551ff75fa4759b0fc71e28cb776c1e995679ad07f9247f45c9ad106""}",
       273,         0,         0,   0.068,mwpf__3df37f19ced06caff7479a5b90faf590ff17f9b0c66d8cbd04a55c02dee224e8,4e26764943fcb1821d1883072cd6229f946b037a3ae3a98bef8b5488dcff3490,"{""circuit"":""surface_code:rotated_memory_x"",""cluster_node_limit"":50,""d"":5,""decoder"":""mwpf"",""decoder_type"":""SolverSerialJointSingleHair"",""p"":0.005,""p_erase"":0.005,""r"":5,""run_id"":""a9419091d73bd2c76a2c7e3604d34d847de2f4b02b85d0c3d0860c0754fc56d1""}",
       256,         0,         0,   0.120,mwpf__8ad69d48345896d862efbd90f2b975904c14044cde7ed10668f8f5eea334f41a,6a6ac4c29065cb30976ec846e8da513c4d01edcdc840656f11ff38553d7306cd,"{""circuit"":""surface_code:rotated_memory_x"",""cluster_node_limit"":50,""d"":5,""decoder"":""mwpf"",""decoder_type"":""SolverSerialJointSingleHair"",""p"":0.01,""p_erase"":0.01,""r"":5,""run_id"":""669fd91e75976823dd1cbb6f0d860524121f186f614db6fb259f60c1945fce8a""}",
       273,         0,         0,   0.082,mwpf__430ba795469d8cdb0908fffa68ce8bd2f959b001f03fed0500f2be71b231dd61,bc94726745b3aa46725e1d9fdc4e9c3130c336a65a0eef2d6c13560ac6ff3ce4,"{""circuit"":""surface_code:rotated_memory_x"",""cluster_node_limit"":50,""d"":5,""decoder"":""mwpf"",""decoder_type"":""SolverSerialJointSingleHair"",""p"":0.006,""p_erase"":0.006,""r"":5,""run_id"":""136e458ea1bb00db5031dfe54473bc21d7f67216ffcf15b01c0f763ac55c92f3""}",
       273,         0,         0,   0.096,mwpf__6e9afc21b4d3f106a42e849d1d1f275ed6be088715d087c4b8a915d85b035b2b,5980677afcf119f56e68f90e25cc8ff5463f90cf70e710bc49d0e1832a1823e0,"{""circuit"":""surface_code:rotated_memory_x"",""cluster_node_limit"":50,""d"":5,""decoder"":""mwpf"",""decoder_type"":""SolverSerialJointSingleHair"",""p"":0.0075,""p_erase"":0.0075,""r"":5,""run_id"":""5a57a6d0ff957d816c2c86860718eec6af832a23575ff55f991f4b130256fb39""}",
       273,         0,         0,   0.092,mwpf__8447a0737060a5dcdf9065c9858e255abe4b9d4ba8a5cf9af236a7fcce576409,ca8be4a7ce16ed946a288233270bf64176f33f09c39d80b50eeb919458798379,"{""circuit"":""surface_code:rotated_memory_x"",""cluster_node_limit"":50,""d"":5,""decoder"":""mwpf"",""decoder_type"":""SolverSerialJointSingleHair"",""p"":0.007,""p_erase"":0.007,""r"":5,""run_id"":""fc11e6013551ff75fa4759b0fc71e28cb776c1e995679ad07f9247f45c9ad106""}",
       273,         0,         0,   0.113,mwpf__b71b410912a52b6f6379e91fd178b891036e516b5d9bdd3af3e3d833396cfbcb,560e79ac0b8bf685dacd5c09b366945c4286a65db7481ed5906d7ffc59ba6886,"{""circuit"":""surface_code:rotated_memory_x"",""cluster_node_limit"":50,""d"":5,""decoder"":""mwpf"",""decoder_type"":""SolverSerialJointSingleHair"",""p"":0.009,""p_erase"":0.009,""r"":5,""run_id"":""c32281a89ec9fb6ef8731b931cbe729d04602aba0eeadfec21fc1875143cc8af""}",
       273,         0,         0,   0.078,mwpf__430ba795469d8cdb0908fffa68ce8bd2f959b001f03fed0500f2be71b231dd61,bc94726745b3aa46725e1d9fdc4e9c3130c336a65a0eef2d6c13560ac6ff3ce4,"{""circuit"":""surface_code:rotated_memory_x"",""cluster_node_limit"":50,""d"":5,""decoder"":""mwpf"",""decoder_type"":""SolverSerialJointSingleHair"",""p"":0.006,""p_erase"":0.006,""r"":5,""run_id"":""136e458ea1bb00db5031dfe54473bc21d7f67216ffcf15b01c0f763ac55c92f3""}",
       273,         0,         0,   0.100,mwpf__c4429979d8453e1857b47d20b05f1b5ef724026f5497884c20fbcb25fc2cd83f,1aaf6f1039b09a76317612e784f1ea923331e30438434dc3b3d9bf3cdf3c98c1,"{""circuit"":""surface_code:rotated_memory_x"",""cluster_node_limit"":50,""d"":5,""decoder"":""mwpf"",""decoder_type"":""SolverSerialJointSingleHair"",""p"":0.008,""p_erase"":0.008,""r"":5,""run_id"":""bfa3c7cba13850dd37e54bb29bb945687e3fe04272a3151e2ac8acb7416976e7""}",
       273,         0,         0,   0.087,mwpf__c58b7d47f1bf9aa6757e72d714b4934e012141d133da38946d72f780457936e1,95828c0d538c141a350184d6ddc1899b467d2819c8fca6fde9d3b4898bcf42c8,"{""circuit"":""surface_code:rotated_memory_x"",""cluster_node_limit"":50,""d"":5,""decoder"":""mwpf"",""decoder_type"":""SolverSerialJointSingleHair"",""p"":0.0065,""p_erase"":0.0065,""r"":5,""run_id"":""14c277d1360d884007b225112d7b983b9f2c5fc158d2870f656c6b2929b311b6""}",
       273,         0,         0,   0.087,mwpf__c58b7d47f1bf9aa6757e72d714b4934e012141d133da38946d72f780457936e1,95828c0d538c141a350184d6ddc1899b467d2819c8fca6fde9d3b4898bcf42c8,"{""circuit"":""surface_code:rotated_memory_x"",""cluster_node_limit"":50,""d"":5,""decoder"":""mwpf"",""decoder_type"":""SolverSerialJointSingleHair"",""p"":0.0065,""p_erase"":0.0065,""r"":5,""run_id"":""14c277d1360d884007b225112d7b983b9f2c5fc158d2870f656c6b2929b311b6""}",
       273,         1,         0,   0.087,mwpf__8447a0737060a5dcdf9065c9858e255abe4b9d4ba8a5cf9af236a7fcce576409,ca8be4a7ce16ed946a288233270bf64176f33f09c39d80b50eeb919458798379,"{""circuit"":""surface_code:rotated_memory_x"",""cluster_node_limit"":50,""d"":5,""decoder"":""mwpf"",""decoder_type"":""SolverSerialJointSingleHair"",""p"":0.007,""p_erase"":0.007,""r"":5,""run_id"":""fc11e6013551ff75fa4759b0fc71e28cb776c1e995679ad07f9247f45c9ad106""}",
      1024,         0,         0,   0.217,mwpf__11f45372c56f7ad844d941b5d91839ad2109f5ded22d55410db8a55c861d7281,0665149c154d50de98a4085a034142b69ec6f9e2cb2daf40322c0cb6f246dbfc,"{""circuit"":""surface_code:rotated_memory_x"",""cluster_node_limit"":50,""d"":5,""decoder"":""mwpf"",""decoder_type"":""SolverSerialJointSingleHair"",""p"":0.004,""p_erase"":0.004,""r"":5,""run_id"":""2c1d23bd89bcf5d6d623dffd52817527ab5ba820bb8c60558a749cc97b051f30""}",
       273,         0,         0,   0.105,mwpf__c4429979d8453e1857b47d20b05f1b5ef724026f5497884c20fbcb25fc2cd83f,1aaf6f1039b09a76317612e784f1ea923331e30438434dc3b3d9bf3cdf3c98c1,"{""circuit"":""surface_code:rotated_memory_x"",""cluster_node_limit"":50,""d"":5,""decoder"":""mwpf"",""decoder_type"":""SolverSerialJointSingleHair"",""p"":0.008,""p_erase"":0.008,""r"":5,""run_id"":""bfa3c7cba13850dd37e54bb29bb945687e3fe04272a3151e2ac8acb7416976e7""}",
      1024,         0,         0,   0.254,mwpf__3df37f19ced06caff7479a5b90faf590ff17f9b0c66d8cbd04a55c02dee224e8,4e26764943fcb1821d1883072cd6229f946b037a3ae3a98bef8b5488dcff3490,"{""circuit"":""surface_code:rotated_memory_x"",""cluster_node_limit"":50,""d"":5,""decoder"":""mwpf"",""decoder_type"":""SolverSerialJointSingleHair"",""p"":0.005,""p_erase"":0.005,""r"":5,""run_id"":""a9419091d73bd2c76a2c7e3604d34d847de2f4b02b85d0c3d0860c0754fc56d1""}",
       273,         0,         0,   0.117,mwpf__b71b410912a52b6f6379e91fd178b891036e516b5d9bdd3af3e3d833396cfbcb,560e79ac0b8bf685dacd5c09b366945c4286a65db7481ed5906d7ffc59ba6886,"{""circuit"":""surface_code:rotated_memory_x"",""cluster_node_limit"":50,""d"":5,""decoder"":""mwpf"",""decoder_type"":""SolverSerialJointSingleHair"",""p"":0.009,""p_erase"":0.009,""r"":5,""run_id"":""c32281a89ec9fb6ef8731b931cbe729d04602aba0eeadfec21fc1875143cc8af""}",
      1024,         0,         0,   0.176,mwpf__8ad8fcf9ec0c744197e0cd79d8dac929e53f70cbe596260e95ac56d60161b394,df80c7f2db27f7ba771fddc719aeb76dc3bf9685962ef0e8e92cfac0b325af85,"{""circuit"":""surface_code:rotated_memory_x"",""cluster_node_limit"":50,""d"":5,""decoder"":""mwpf"",""decoder_type"":""SolverSerialJointSingleHair"",""p"":0.003,""p_erase"":0.003,""r"":5,""run_id"":""15e3edac26702bd06daa1bb3e90bddb5f87b2bb2b182b8fed1b9f8d68845e848""}",
      1024,         0,         0,   0.170,mwpf__8ad8fcf9ec0c744197e0cd79d8dac929e53f70cbe596260e95ac56d60161b394,df80c7f2db27f7ba771fddc719aeb76dc3bf9685962ef0e8e92cfac0b325af85,"{""circuit"":""surface_code:rotated_memory_x"",""cluster_node_limit"":50,""d"":5,""decoder"":""mwpf"",""decoder_type"":""SolverSerialJointSingleHair"",""p"":0.003,""p_erase"":0.003,""r"":5,""run_id"":""15e3edac26702bd06daa1bb3e90bddb5f87b2bb2b182b8fed1b9f8d68845e848""}",
      1024,         0,         0,   0.359,mwpf__6e9afc21b4d3f106a42e849d1d1f275ed6be088715d087c4b8a915d85b035b2b,5980677afcf119f56e68f90e25cc8ff5463f90cf70e710bc49d0e1832a1823e0,"{""circuit"":""surface_code:rotated_memory_x"",""cluster_node_limit"":50,""d"":5,""decoder"":""mwpf"",""decoder_type"":""SolverSerialJointSingleHair"",""p"":0.0075,""p_erase"":0.0075,""r"":5,""run_id"":""5a57a6d0ff957d816c2c86860718eec6af832a23575ff55f991f4b130256fb39""}",
      1024,         0,         0,   0.172,mwpf__8ad8fcf9ec0c744197e0cd79d8dac929e53f70cbe596260e95ac56d60161b394,df80c7f2db27f7ba771fddc719aeb76dc3bf9685962ef0e8e92cfac0b325af85,"{""circuit"":""surface_code:rotated_memory_x"",""cluster_node_limit"":50,""d"":5,""decoder"":""mwpf"",""decoder_type"":""SolverSerialJointSingleHair"",""p"":0.003,""p_erase"":0.003,""r"":5,""run_id"":""15e3edac26702bd06daa1bb3e90bddb5f87b2bb2b182b8fed1b9f8d68845e848""}",
      1024,         0,         0,   0.204,mwpf__11f45372c56f7ad844d941b5d91839ad2109f5ded22d55410db8a55c861d7281,0665149c154d50de98a4085a034142b69ec6f9e2cb2daf40322c0cb6f246dbfc,"{""circuit"":""surface_code:rotated_memory_x"",""cluster_node_limit"":50,""d"":5,""decoder"":""mwpf"",""decoder_type"":""SolverSerialJointSingleHair"",""p"":0.004,""p_erase"":0.004,""r"":5,""run_id"":""2c1d23bd89bcf5d6d623dffd52817527ab5ba820bb8c60558a749cc97b051f30""}",
      1024,         0,         0,   0.215,mwpf__11f45372c56f7ad844d941b5d91839ad2109f5ded22d55410db8a55c861d7281,0665149c154d50de98a4085a034142b69ec6f9e2cb2daf40322c0cb6f246dbfc,"{""circuit"":""surface_code:rotated_memory_x"",""cluster_node_limit"":50,""d"":5,""decoder"":""mwpf"",""decoder_type"":""SolverSerialJointSingleHair"",""p"":0.004,""p_erase"":0.004,""r"":5,""run_id"":""2c1d23bd89bcf5d6d623dffd52817527ab5ba820bb8c60558a749cc97b051f30""}",
      1024,         0,         0,   0.295,mwpf__430ba795469d8cdb0908fffa68ce8bd2f959b001f03fed0500f2be71b231dd61,bc94726745b3aa46725e1d9fdc4e9c3130c336a65a0eef2d6c13560ac6ff3ce4,"{""circuit"":""surface_code:rotated_memory_x"",""cluster_node_limit"":50,""d"":5,""decoder"":""mwpf"",""decoder_type"":""SolverSerialJointSingleHair"",""p"":0.006,""p_erase"":0.006,""r"":5,""run_id"":""136e458ea1bb00db5031dfe54473bc21d7f67216ffcf15b01c0f763ac55c92f3""}",
      1024,         0,         0,   0.241,mwpf__3df37f19ced06caff7479a5b90faf590ff17f9b0c66d8cbd04a55c02dee224e8,4e26764943fcb1821d1883072cd6229f946b037a3ae3a98bef8b5488dcff3490,"{""circuit"":""surface_code:rotated_memory_x"",""cluster_node_limit"":50,""d"":5,""decoder"":""mwpf"",""decoder_type"":""SolverSerialJointSingleHair"",""p"":0.005,""p_erase"":0.005,""r"":5,""run_id"":""a9419091d73bd2c76a2c7e3604d34d847de2f4b02b85d0c3d0860c0754fc56d1""}",
      1024,         0,         0,   0.386,mwpf__c4429979d8453e1857b47d20b05f1b5ef724026f5497884c20fbcb25fc2cd83f,1aaf6f1039b09a76317612e784f1ea923331e30438434dc3b3d9bf3cdf3c98c1,"{""circuit"":""surface_code:rotated_memory_x"",""cluster_node_limit"":50,""d"":5,""decoder"":""mwpf"",""decoder_type"":""SolverSerialJointSingleHair"",""p"":0.008,""p_erase"":0.008,""r"":5,""run_id"":""bfa3c7cba13850dd37e54bb29bb945687e3fe04272a3151e2ac8acb7416976e7""}",
      1024,         0,         0,   0.244,mwpf__3df37f19ced06caff7479a5b90faf590ff17f9b0c66d8cbd04a55c02dee224e8,4e26764943fcb1821d1883072cd6229f946b037a3ae3a98bef8b5488dcff3490,"{""circuit"":""surface_code:rotated_memory_x"",""cluster_node_limit"":50,""d"":5,""decoder"":""mwpf"",""decoder_type"":""SolverSerialJointSingleHair"",""p"":0.005,""p_erase"":0.005,""r"":5,""run_id"":""a9419091d73bd2c76a2c7e3604d34d847de2f4b02b85d0c3d0860c0754fc56d1""}",
      1024,         0,         0,   0.353,mwpf__6e9afc21b4d3f106a42e849d1d1f275ed6be088715d087c4b8a915d85b035b2b,5980677afcf119f56e68f90e25cc8ff5463f90cf70e710bc49d0e1832a1823e0,"{""circuit"":""surface_code:rotated_memory_x"",""cluster_node_limit"":50,""d"":5,""decoder"":""mwpf"",""decoder_type"":""SolverSerialJointSingleHair"",""p"":0.0075,""p_erase"":0.0075,""r"":5,""run_id"":""5a57a6d0ff957d816c2c86860718eec6af832a23575ff55f991f4b130256fb39""}",
      1024,         0,         0,   0.216,mwpf__11f45372c56f7ad844d941b5d91839ad2109f5ded22d55410db8a55c861d7281,0665149c154d50de98a4085a034142b69ec6f9e2cb2daf40322c0cb6f246dbfc,"{""circuit"":""surface_code:rotated_memory_x"",""cluster_node_limit"":50,""d"":5,""decoder"":""mwpf"",""decoder_type"":""SolverSerialJointSingleHair"",""p"":0.004,""p_erase"":0.004,""r"":5,""run_id"":""2c1d23bd89bcf5d6d623dffd52817527ab5ba820bb8c60558a749cc97b051f30""}",
      1024,         0,         0,   0.301,mwpf__c58b7d47f1bf9aa6757e72d714b4934e012141d133da38946d72f780457936e1,95828c0d538c141a350184d6ddc1899b467d2819c8fca6fde9d3b4898bcf42c8,"{""circuit"":""surface_code:rotated_memory_x"",""cluster_node_limit"":50,""d"":5,""decoder"":""mwpf"",""decoder_type"":""SolverSerialJointSingleHair"",""p"":0.0065,""p_erase"":0.0065,""r"":5,""run_id"":""14c277d1360d884007b225112d7b983b9f2c5fc158d2870f656c6b2929b311b6""}",
       512,         2,         0,   0.355,mwpf__863de70705822d3ac5c85e737f5c35e9003fe713755bf2a77869c08d12fb176a,2ec4648f3dd239d87d06620b6a49a98301955fe72f19ce1732512c3fdebaf0c8,"{""circuit"":""surface_code:rotated_memory_x"",""cluster_node_limit"":50,""d"":5,""decoder"":""mwpf"",""decoder_type"":""SolverSerialJointSingleHair"",""p"":0.015,""p_erase"":0.015,""r"":5,""run_id"":""6fe96edac5c8fb2c1aed8ea14c67ceeb92423fdf3ce9e1c97fff0ce2aa5d5538""}",
      1024,         0,         0,   0.173,mwpf__8ad8fcf9ec0c744197e0cd79d8dac929e53f70cbe596260e95ac56d60161b394,df80c7f2db27f7ba771fddc719aeb76dc3bf9685962ef0e8e92cfac0b325af85,"{""circuit"":""surface_code:rotated_memory_x"",""cluster_node_limit"":50,""d"":5,""decoder"":""mwpf"",""decoder_type"":""SolverSerialJointSingleHair"",""p"":0.003,""p_erase"":0.003,""r"":5,""run_id"":""15e3edac26702bd06daa1bb3e90bddb5f87b2bb2b182b8fed1b9f8d68845e848""}",
      1024,         0,         0,   0.295,mwpf__430ba795469d8cdb0908fffa68ce8bd2f959b001f03fed0500f2be71b231dd61,bc94726745b3aa46725e1d9fdc4e9c3130c336a65a0eef2d6c13560ac6ff3ce4,"{""circuit"":""surface_code:rotated_memory_x"",""cluster_node_limit"":50,""d"":5,""decoder"":""mwpf"",""decoder_type"":""SolverSerialJointSingleHair"",""p"":0.006,""p_erase"":0.006,""r"":5,""run_id"":""136e458ea1bb00db5031dfe54473bc21d7f67216ffcf15b01c0f763ac55c92f3""}",
       512,         3,         0,   0.360,mwpf__863de70705822d3ac5c85e737f5c35e9003fe713755bf2a77869c08d12fb176a,2ec4648f3dd239d87d06620b6a49a98301955fe72f19ce1732512c3fdebaf0c8,"{""circuit"":""surface_code:rotated_memory_x"",""cluster_node_limit"":50,""d"":5,""decoder"":""mwpf"",""decoder_type"":""SolverSerialJointSingleHair"",""p"":0.015,""p_erase"":0.015,""r"":5,""run_id"":""6fe96edac5c8fb2c1aed8ea14c67ceeb92423fdf3ce9e1c97fff0ce2aa5d5538""}",
      1024,         0,         0,   0.284,mwpf__430ba795469d8cdb0908fffa68ce8bd2f959b001f03fed0500f2be71b231dd61,bc94726745b3aa46725e1d9fdc4e9c3130c336a65a0eef2d6c13560ac6ff3ce4,"{""circuit"":""surface_code:rotated_memory_x"",""cluster_node_limit"":50,""d"":5,""decoder"":""mwpf"",""decoder_type"":""SolverSerialJointSingleHair"",""p"":0.006,""p_erase"":0.006,""r"":5,""run_id"":""136e458ea1bb00db5031dfe54473bc21d7f67216ffcf15b01c0f763ac55c92f3""}",
      1024,         0,         0,   0.247,mwpf__3df37f19ced06caff7479a5b90faf590ff17f9b0c66d8cbd04a55c02dee224e8,4e26764943fcb1821d1883072cd6229f946b037a3ae3a98bef8b5488dcff3490,"{""circuit"":""surface_code:rotated_memory_x"",""cluster_node_limit"":50,""d"":5,""decoder"":""mwpf"",""decoder_type"":""SolverSerialJointSingleHair"",""p"":0.005,""p_erase"":0.005,""r"":5,""run_id"":""a9419091d73bd2c76a2c7e3604d34d847de2f4b02b85d0c3d0860c0754fc56d1""}",
      1024,         0,         0,   0.175,mwpf__8ad8fcf9ec0c744197e0cd79d8dac929e53f70cbe596260e95ac56d60161b394,df80c7f2db27f7ba771fddc719aeb76dc3bf9685962ef0e8e92cfac0b325af85,"{""circuit"":""surface_code:rotated_memory_x"",""cluster_node_limit"":50,""d"":5,""decoder"":""mwpf"",""decoder_type"":""SolverSerialJointSingleHair"",""p"":0.003,""p_erase"":0.003,""r"":5,""run_id"":""15e3edac26702bd06daa1bb3e90bddb5f87b2bb2b182b8fed1b9f8d68845e848""}",
      1024,         0,         0,   0.332,mwpf__8447a0737060a5dcdf9065c9858e255abe4b9d4ba8a5cf9af236a7fcce576409,ca8be4a7ce16ed946a288233270bf64176f33f09c39d80b50eeb919458798379,"{""circuit"":""surface_code:rotated_memory_x"",""cluster_node_limit"":50,""d"":5,""decoder"":""mwpf"",""decoder_type"":""SolverSerialJointSingleHair"",""p"":0.007,""p_erase"":0.007,""r"":5,""run_id"":""fc11e6013551ff75fa4759b0fc71e28cb776c1e995679ad07f9247f45c9ad106""}",
      1024,         0,         0,   0.169,mwpf__8ad8fcf9ec0c744197e0cd79d8dac929e53f70cbe596260e95ac56d60161b394,df80c7f2db27f7ba771fddc719aeb76dc3bf9685962ef0e8e92cfac0b325af85,"{""circuit"":""surface_code:rotated_memory_x"",""cluster_node_limit"":50,""d"":5,""decoder"":""mwpf"",""decoder_type"":""SolverSerialJointSingleHair"",""p"":0.003,""p_erase"":0.003,""r"":5,""run_id"":""15e3edac26702bd06daa1bb3e90bddb5f87b2bb2b182b8fed1b9f8d68845e848""}",
      1024,         0,         0,   0.308,mwpf__c58b7d47f1bf9aa6757e72d714b4934e012141d133da38946d72f780457936e1,95828c0d538c141a350184d6ddc1899b467d2819c8fca6fde9d3b4898bcf42c8,"{""circuit"":""surface_code:rotated_memory_x"",""cluster_node_limit"":50,""d"":5,""decoder"":""mwpf"",""decoder_type"":""SolverSerialJointSingleHair"",""p"":0.0065,""p_erase"":0.0065,""r"":5,""run_id"":""14c277d1360d884007b225112d7b983b9f2c5fc158d2870f656c6b2929b311b6""}",
      1024,         0,         0,   0.316,mwpf__c58b7d47f1bf9aa6757e72d714b4934e012141d133da38946d72f780457936e1,95828c0d538c141a350184d6ddc1899b467d2819c8fca6fde9d3b4898bcf42c8,"{""circuit"":""surface_code:rotated_memory_x"",""cluster_node_limit"":50,""d"":5,""decoder"":""mwpf"",""decoder_type"":""SolverSerialJointSingleHair"",""p"":0.0065,""p_erase"":0.0065,""r"":5,""run_id"":""14c277d1360d884007b225112d7b983b9f2c5fc158d2870f656c6b2929b311b6""}",
      1024,         0,         0,   0.334,mwpf__8447a0737060a5dcdf9065c9858e255abe4b9d4ba8a5cf9af236a7fcce576409,ca8be4a7ce16ed946a288233270bf64176f33f09c39d80b50eeb919458798379,"{""circuit"":""surface_code:rotated_memory_x"",""cluster_node_limit"":50,""d"":5,""decoder"":""mwpf"",""decoder_type"":""SolverSerialJointSingleHair"",""p"":0.007,""p_erase"":0.007,""r"":5,""run_id"":""fc11e6013551ff75fa4759b0fc71e28cb776c1e995679ad07f9247f45c9ad106""}",
      1024,         0,         0,   0.346,mwpf__6e9afc21b4d3f106a42e849d1d1f275ed6be088715d087c4b8a915d85b035b2b,5980677afcf119f56e68f90e25cc8ff5463f90cf70e710bc49d0e1832a1823e0,"{""circuit"":""surface_code:rotated_memory_x"",""cluster_node_limit"":50,""d"":5,""decoder"":""mwpf"",""decoder_type"":""SolverSerialJointSingleHair"",""p"":0.0075,""p_erase"":0.0075,""r"":5,""run_id"":""5a57a6d0ff957d816c2c86860718eec6af832a23575ff55f991f4b130256fb39""}",
      1024,         0,         0,   0.412,mwpf__b71b410912a52b6f6379e91fd178b891036e516b5d9bdd3af3e3d833396cfbcb,560e79ac0b8bf685dacd5c09b366945c4286a65db7481ed5906d7ffc59ba6886,"{""circuit"":""surface_code:rotated_memory_x"",""cluster_node_limit"":50,""d"":5,""decoder"":""mwpf"",""decoder_type"":""SolverSerialJointSingleHair"",""p"":0.009,""p_erase"":0.009,""r"":5,""run_id"":""c32281a89ec9fb6ef8731b931cbe729d04602aba0eeadfec21fc1875143cc8af""}",
      1024,         0,         0,   0.334,mwpf__8447a0737060a5dcdf9065c9858e255abe4b9d4ba8a5cf9af236a7fcce576409,ca8be4a7ce16ed946a288233270bf64176f33f09c39d80b50eeb919458798379,"{""circuit"":""surface_code:rotated_memory_x"",""cluster_node_limit"":50,""d"":5,""decoder"":""mwpf"",""decoder_type"":""SolverSerialJointSingleHair"",""p"":0.007,""p_erase"":0.007,""r"":5,""run_id"":""fc11e6013551ff75fa4759b0fc71e28cb776c1e995679ad07f9247f45c9ad106""}",
      1024,         0,         0,   0.477,mwpf__8ad69d48345896d862efbd90f2b975904c14044cde7ed10668f8f5eea334f41a,6a6ac4c29065cb30976ec846e8da513c4d01edcdc840656f11ff38553d7306cd,"{""circuit"":""surface_code:rotated_memory_x"",""cluster_node_limit"":50,""d"":5,""decoder"":""mwpf"",""decoder_type"":""SolverSerialJointSingleHair"",""p"":0.01,""p_erase"":0.01,""r"":5,""run_id"":""669fd91e75976823dd1cbb6f0d860524121f186f614db6fb259f60c1945fce8a""}",
      1024,         0,         0,   0.199,mwpf__11f45372c56f7ad844d941b5d91839ad2109f5ded22d55410db8a55c861d7281,0665149c154d50de98a4085a034142b69ec6f9e2cb2daf40322c0cb6f246dbfc,"{""circuit"":""surface_code:rotated_memory_x"",""cluster_node_limit"":50,""d"":5,""decoder"":""mwpf"",""decoder_type"":""SolverSerialJointSingleHair"",""p"":0.004,""p_erase"":0.004,""r"":5,""run_id"":""2c1d23bd89bcf5d6d623dffd52817527ab5ba820bb8c60558a749cc97b051f30""}",
      1024,         0,         0,   0.208,mwpf__11f45372c56f7ad844d941b5d91839ad2109f5ded22d55410db8a55c861d7281,0665149c154d50de98a4085a034142b69ec6f9e2cb2daf40322c0cb6f246dbfc,"{""circuit"":""surface_code:rotated_memory_x"",""cluster_node_limit"":50,""d"":5,""decoder"":""mwpf"",""decoder_type"":""SolverSerialJointSingleHair"",""p"":0.004,""p_erase"":0.004,""r"":5,""run_id"":""2c1d23bd89bcf5d6d623dffd52817527ab5ba820bb8c60558a749cc97b051f30""}",
      1024,         0,         0,   0.386,mwpf__c4429979d8453e1857b47d20b05f1b5ef724026f5497884c20fbcb25fc2cd83f,1aaf6f1039b09a76317612e784f1ea923331e30438434dc3b3d9bf3cdf3c98c1,"{""circuit"":""surface_code:rotated_memory_x"",""cluster_node_limit"":50,""d"":5,""decoder"":""mwpf"",""decoder_type"":""SolverSerialJointSingleHair"",""p"":0.008,""p_erase"":0.008,""r"":5,""run_id"":""bfa3c7cba13850dd37e54bb29bb945687e3fe04272a3151e2ac8acb7416976e7""}",
      1024,         0,         0,   0.376,mwpf__c4429979d8453e1857b47d20b05f1b5ef724026f5497884c20fbcb25fc2cd83f,1aaf6f1039b09a76317612e784f1ea923331e30438434dc3b3d9bf3cdf3c98c1,"{""circuit"":""surface_code:rotated_memory_x"",""cluster_node_limit"":50,""d"":5,""decoder"":""mwpf"",""decoder_type"":""SolverSerialJointSingleHair"",""p"":0.008,""p_erase"":0.008,""r"":5,""run_id"":""bfa3c7cba13850dd37e54bb29bb945687e3fe04272a3151e2ac8acb7416976e7""}",
        17,         0,         0,   0.012,mwpf__8ad69d48345896d862efbd90f2b975904c14044cde7ed10668f8f5eea334f41a,6a6ac4c29065cb30976ec846e8da513c4d01edcdc840656f11ff38553d7306cd,"{""circuit"":""surface_code:rotated_memory_x"",""cluster_node_limit"":50,""d"":5,""decoder"":""mwpf"",""decoder_type"":""SolverSerialJointSingleHair"",""p"":0.01,""p_erase"":0.01,""r"":5,""run_id"":""669fd91e75976823dd1cbb6f0d860524121f186f614db6fb259f60c1945fce8a""}",
      1024,         0,         0,   0.414,mwpf__b71b410912a52b6f6379e91fd178b891036e516b5d9bdd3af3e3d833396cfbcb,560e79ac0b8bf685dacd5c09b366945c4286a65db7481ed5906d7ffc59ba6886,"{""circuit"":""surface_code:rotated_memory_x"",""cluster_node_limit"":50,""d"":5,""decoder"":""mwpf"",""decoder_type"":""SolverSerialJointSingleHair"",""p"":0.009,""p_erase"":0.009,""r"":5,""run_id"":""c32281a89ec9fb6ef8731b931cbe729d04602aba0eeadfec21fc1875143cc8af""}",
      1024,         0,         0,   0.175,mwpf__8ad8fcf9ec0c744197e0cd79d8dac929e53f70cbe596260e95ac56d60161b394,df80c7f2db27f7ba771fddc719aeb76dc3bf9685962ef0e8e92cfac0b325af85,"{""circuit"":""surface_code:rotated_memory_x"",""cluster_node_limit"":50,""d"":5,""decoder"":""mwpf"",""decoder_type"":""SolverSerialJointSingleHair"",""p"":0.003,""p_erase"":0.003,""r"":5,""run_id"":""15e3edac26702bd06daa1bb3e90bddb5f87b2bb2b182b8fed1b9f8d68845e848""}",
      1024,         0,         0,   0.464,mwpf__8ad69d48345896d862efbd90f2b975904c14044cde7ed10668f8f5eea334f41a,6a6ac4c29065cb30976ec846e8da513c4d01edcdc840656f11ff38553d7306cd,"{""circuit"":""surface_code:rotated_memory_x"",""cluster_node_limit"":50,""d"":5,""decoder"":""mwpf"",""decoder_type"":""SolverSerialJointSingleHair"",""p"":0.01,""p_erase"":0.01,""r"":5,""run_id"":""669fd91e75976823dd1cbb6f0d860524121f186f614db6fb259f60c1945fce8a""}",
      1024,         0,         0,   0.205,mwpf__11f45372c56f7ad844d941b5d91839ad2109f5ded22d55410db8a55c861d7281,0665149c154d50de98a4085a034142b69ec6f9e2cb2daf40322c0cb6f246dbfc,"{""circuit"":""surface_code:rotated_memory_x"",""cluster_node_limit"":50,""d"":5,""decoder"":""mwpf"",""decoder_type"":""SolverSerialJointSingleHair"",""p"":0.004,""p_erase"":0.004,""r"":5,""run_id"":""2c1d23bd89bcf5d6d623dffd52817527ab5ba820bb8c60558a749cc97b051f30""}",
      1024,         0,         0,   0.246,mwpf__3df37f19ced06caff7479a5b90faf590ff17f9b0c66d8cbd04a55c02dee224e8,4e26764943fcb1821d1883072cd6229f946b037a3ae3a98bef8b5488dcff3490,"{""circuit"":""surface_code:rotated_memory_x"",""cluster_node_limit"":50,""d"":5,""decoder"":""mwpf"",""decoder_type"":""SolverSerialJointSingleHair"",""p"":0.005,""p_erase"":0.005,""r"":5,""run_id"":""a9419091d73bd2c76a2c7e3604d34d847de2f4b02b85d0c3d0860c0754fc56d1""}",
      1024,         0,         0,   0.277,mwpf__430ba795469d8cdb0908fffa68ce8bd2f959b001f03fed0500f2be71b231dd61,bc94726745b3aa46725e1d9fdc4e9c3130c336a65a0eef2d6c13560ac6ff3ce4,"{""circuit"":""surface_code:rotated_memory_x"",""cluster_node_limit"":50,""d"":5,""decoder"":""mwpf"",""decoder_type"":""SolverSerialJointSingleHair"",""p"":0.006,""p_erase"":0.006,""r"":5,""run_id"":""136e458ea1bb00db5031dfe54473bc21d7f67216ffcf15b01c0f763ac55c92f3""}",
      1024,         0,         0,   0.244,mwpf__3df37f19ced06caff7479a5b90faf590ff17f9b0c66d8cbd04a55c02dee224e8,4e26764943fcb1821d1883072cd6229f946b037a3ae3a98bef8b5488dcff3490,"{""circuit"":""surface_code:rotated_memory_x"",""cluster_node_limit"":50,""d"":5,""decoder"":""mwpf"",""decoder_type"":""SolverSerialJointSingleHair"",""p"":0.005,""p_erase"":0.005,""r"":5,""run_id"":""a9419091d73bd2c76a2c7e3604d34d847de2f4b02b85d0c3d0860c0754fc56d1""}",
      1024,         0,         0,   0.170,mwpf__8ad8fcf9ec0c744197e0cd79d8dac929e53f70cbe596260e95ac56d60161b394,df80c7f2db27f7ba771fddc719aeb76dc3bf9685962ef0e8e92cfac0b325af85,"{""circuit"":""surface_code:rotated_memory_x"",""cluster_node_limit"":50,""d"":5,""decoder"":""mwpf"",""decoder_type"":""SolverSerialJointSingleHair"",""p"":0.003,""p_erase"":0.003,""r"":5,""run_id"":""15e3edac26702bd06daa1bb3e90bddb5f87b2bb2b182b8fed1b9f8d68845e848""}",
      1024,         0,         0,   0.417,mwpf__b71b410912a52b6f6379e91fd178b891036e516b5d9bdd3af3e3d833396cfbcb,560e79ac0b8bf685dacd5c09b366945c4286a65db7481ed5906d7ffc59ba6886,"{""circuit"":""surface_code:rotated_memory_x"",""cluster_node_limit"":50,""d"":5,""decoder"":""mwpf"",""decoder_type"":""SolverSerialJointSingleHair"",""p"":0.009,""p_erase"":0.009,""r"":5,""run_id"":""c32281a89ec9fb6ef8731b931cbe729d04602aba0eeadfec21fc1875143cc8af""}",
      1024,         0,         0,   0.169,mwpf__8ad8fcf9ec0c744197e0cd79d8dac929e53f70cbe596260e95ac56d60161b394,df80c7f2db27f7ba771fddc719aeb76dc3bf9685962ef0e8e92cfac0b325af85,"{""circuit"":""surface_code:rotated_memory_x"",""cluster_node_limit"":50,""d"":5,""decoder"":""mwpf"",""decoder_type"":""SolverSerialJointSingleHair"",""p"":0.003,""p_erase"":0.003,""r"":5,""run_id"":""15e3edac26702bd06daa1bb3e90bddb5f87b2bb2b182b8fed1b9f8d68845e848""}",
      1024,         0,         0,   0.348,mwpf__6e9afc21b4d3f106a42e849d1d1f275ed6be088715d087c4b8a915d85b035b2b,5980677afcf119f56e68f90e25cc8ff5463f90cf70e710bc49d0e1832a1823e0,"{""circuit"":""surface_code:rotated_memory_x"",""cluster_node_limit"":50,""d"":5,""decoder"":""mwpf"",""decoder_type"":""SolverSerialJointSingleHair"",""p"":0.0075,""p_erase"":0.0075,""r"":5,""run_id"":""5a57a6d0ff957d816c2c86860718eec6af832a23575ff55f991f4b130256fb39""}",
      1024,         0,         0,   0.249,mwpf__3df37f19ced06caff7479a5b90faf590ff17f9b0c66d8cbd04a55c02dee224e8,4e26764943fcb1821d1883072cd6229f946b037a3ae3a98bef8b5488dcff3490,"{""circuit"":""surface_code:rotated_memory_x"",""cluster_node_limit"":50,""d"":5,""decoder"":""mwpf"",""decoder_type"":""SolverSerialJointSingleHair"",""p"":0.005,""p_erase"":0.005,""r"":5,""run_id"":""a9419091d73bd2c76a2c7e3604d34d847de2f4b02b85d0c3d0860c0754fc56d1""}",
      1024,         0,         0,   0.311,mwpf__c58b7d47f1bf9aa6757e72d714b4934e012141d133da38946d72f780457936e1,95828c0d538c141a350184d6ddc1899b467d2819c8fca6fde9d3b4898bcf42c8,"{""circuit"":""surface_code:rotated_memory_x"",""cluster_node_limit"":50,""d"":5,""decoder"":""mwpf"",""decoder_type"":""SolverSerialJointSingleHair"",""p"":0.0065,""p_erase"":0.0065,""r"":5,""run_id"":""14c277d1360d884007b225112d7b983b9f2c5fc158d2870f656c6b2929b311b6""}",
       256,         0,         0,   0.156,mwpf__8ad69d48345896d862efbd90f2b975904c14044cde7ed10668f8f5eea334f41a,6a6ac4c29065cb30976ec846e8da513c4d01edcdc840656f11ff38553d7306cd,"{""circuit"":""surface_code:rotated_memory_x"",""cluster_node_limit"":50,""d"":5,""decoder"":""mwpf"",""decoder_type"":""SolverSerialJointSingleHair"",""p"":0.01,""p_erase"":0.01,""r"":5,""run_id"":""669fd91e75976823dd1cbb6f0d860524121f186f614db6fb259f60c1945fce8a""}",
      1024,         0,         0,   0.294,mwpf__430ba795469d8cdb0908fffa68ce8bd2f959b001f03fed0500f2be71b231dd61,bc94726745b3aa46725e1d9fdc4e9c3130c336a65a0eef2d6c13560ac6ff3ce4,"{""circuit"":""surface_code:rotated_memory_x"",""cluster_node_limit"":50,""d"":5,""decoder"":""mwpf"",""decoder_type"":""SolverSerialJointSingleHair"",""p"":0.006,""p_erase"":0.006,""r"":5,""run_id"":""136e458ea1bb00db5031dfe54473bc21d7f67216ffcf15b01c0f763ac55c92f3""}",
      1024,         0,         0,   0.285,mwpf__430ba795469d8cdb0908fffa68ce8bd2f959b001f03fed0500f2be71b231dd61,bc94726745b3aa46725e1d9fdc4e9c3130c336a65a0eef2d6c13560ac6ff3ce4,"{""circuit"":""surface_code:rotated_memory_x"",""cluster_node_limit"":50,""d"":5,""decoder"":""mwpf"",""decoder_type"":""SolverSerialJointSingleHair"",""p"":0.006,""p_erase"":0.006,""r"":5,""run_id"":""136e458ea1bb00db5031dfe54473bc21d7f67216ffcf15b01c0f763ac55c92f3""}",
      1024,         0,         0,   0.207,mwpf__11f45372c56f7ad844d941b5d91839ad2109f5ded22d55410db8a55c861d7281,0665149c154d50de98a4085a034142b69ec6f9e2cb2daf40322c0cb6f246dbfc,"{""circuit"":""surface_code:rotated_memory_x"",""cluster_node_limit"":50,""d"":5,""decoder"":""mwpf"",""decoder_type"":""SolverSerialJointSingleHair"",""p"":0.004,""p_erase"":0.004,""r"":5,""run_id"":""2c1d23bd89bcf5d6d623dffd52817527ab5ba820bb8c60558a749cc97b051f30""}",
      1024,         0,         0,   0.377,mwpf__c4429979d8453e1857b47d20b05f1b5ef724026f5497884c20fbcb25fc2cd83f,1aaf6f1039b09a76317612e784f1ea923331e30438434dc3b3d9bf3cdf3c98c1,"{""circuit"":""surface_code:rotated_memory_x"",""cluster_node_limit"":50,""d"":5,""decoder"":""mwpf"",""decoder_type"":""SolverSerialJointSingleHair"",""p"":0.008,""p_erase"":0.008,""r"":5,""run_id"":""bfa3c7cba13850dd37e54bb29bb945687e3fe04272a3151e2ac8acb7416976e7""}",
      1024,         0,         0,   0.353,mwpf__6e9afc21b4d3f106a42e849d1d1f275ed6be088715d087c4b8a915d85b035b2b,5980677afcf119f56e68f90e25cc8ff5463f90cf70e710bc49d0e1832a1823e0,"{""circuit"":""surface_code:rotated_memory_x"",""cluster_node_limit"":50,""d"":5,""decoder"":""mwpf"",""decoder_type"":""SolverSerialJointSingleHair"",""p"":0.0075,""p_erase"":0.0075,""r"":5,""run_id"":""5a57a6d0ff957d816c2c86860718eec6af832a23575ff55f991f4b130256fb39""}",
      1024,         0,         0,   0.212,mwpf__11f45372c56f7ad844d941b5d91839ad2109f5ded22d55410db8a55c861d7281,0665149c154d50de98a4085a034142b69ec6f9e2cb2daf40322c0cb6f246dbfc,"{""circuit"":""surface_code:rotated_memory_x"",""cluster_node_limit"":50,""d"":5,""decoder"":""mwpf"",""decoder_type"":""SolverSerialJointSingleHair"",""p"":0.004,""p_erase"":0.004,""r"":5,""run_id"":""2c1d23bd89bcf5d6d623dffd52817527ab5ba820bb8c60558a749cc97b051f30""}",
      1024,         0,         0,   0.167,mwpf__8ad8fcf9ec0c744197e0cd79d8dac929e53f70cbe596260e95ac56d60161b394,df80c7f2db27f7ba771fddc719aeb76dc3bf9685962ef0e8e92cfac0b325af85,"{""circuit"":""surface_code:rotated_memory_x"",""cluster_node_limit"":50,""d"":5,""decoder"":""mwpf"",""decoder_type"":""SolverSerialJointSingleHair"",""p"":0.003,""p_erase"":0.003,""r"":5,""run_id"":""15e3edac26702bd06daa1bb3e90bddb5f87b2bb2b182b8fed1b9f8d68845e848""}",
       512,         0,         0,   0.359,mwpf__863de70705822d3ac5c85e737f5c35e9003fe713755bf2a77869c08d12fb176a,2ec4648f3dd239d87d06620b6a49a98301955fe72f19ce1732512c3fdebaf0c8,"{""circuit"":""surface_code:rotated_memory_x"",""cluster_node_limit"":50,""d"":5,""decoder"":""mwpf"",""decoder_type"":""SolverSerialJointSingleHair"",""p"":0.015,""p_erase"":0.015,""r"":5,""run_id"":""6fe96edac5c8fb2c1aed8ea14c67ceeb92423fdf3ce9e1c97fff0ce2aa5d5538""}",
      1024,         0,         0,   0.314,mwpf__c58b7d47f1bf9aa6757e72d714b4934e012141d133da38946d72f780457936e1,95828c0d538c141a350184d6ddc1899b467d2819c8fca6fde9d3b4898bcf42c8,"{""circuit"":""surface_code:rotated_memory_x"",""cluster_node_limit"":50,""d"":5,""decoder"":""mwpf"",""decoder_type"":""SolverSerialJointSingleHair"",""p"":0.0065,""p_erase"":0.0065,""r"":5,""run_id"":""14c277d1360d884007b225112d7b983b9f2c5fc158d2870f656c6b2929b311b6""}",
      1024,         0,         0,   0.328,mwpf__8447a0737060a5dcdf9065c9858e255abe4b9d4ba8a5cf9af236a7fcce576409,ca8be4a7ce16ed946a288233270bf64176f33f09c39d80b50eeb919458798379,"{""circuit"":""surface_code:rotated_memory_x"",""cluster_node_limit"":50,""d"":5,""decoder"":""mwpf"",""decoder_type"":""SolverSerialJointSingleHair"",""p"":0.007,""p_erase"":0.007,""r"":5,""run_id"":""fc11e6013551ff75fa4759b0fc71e28cb776c1e995679ad07f9247f45c9ad106""}",
       512,         0,         0,   0.361,mwpf__863de70705822d3ac5c85e737f5c35e9003fe713755bf2a77869c08d12fb176a,2ec4648f3dd239d87d06620b6a49a98301955fe72f19ce1732512c3fdebaf0c8,"{""circuit"":""surface_code:rotated_memory_x"",""cluster_node_limit"":50,""d"":5,""decoder"":""mwpf"",""decoder_type"":""SolverSerialJointSingleHair"",""p"":0.015,""p_erase"":0.015,""r"":5,""run_id"":""6fe96edac5c8fb2c1aed8ea14c67ceeb92423fdf3ce9e1c97fff0ce2aa5d5538""}",
      1024,         0,         0,   0.173,mwpf__8ad8fcf9ec0c744197e0cd79d8dac929e53f70cbe596260e95ac56d60161b394,df80c7f2db27f7ba771fddc719aeb76dc3bf9685962ef0e8e92cfac0b325af85,"{""circuit"":""surface_code:rotated_memory_x"",""cluster_node_limit"":50,""d"":5,""decoder"":""mwpf"",""decoder_type"":""SolverSerialJointSingleHair"",""p"":0.003,""p_erase"":0.003,""r"":5,""run_id"":""15e3edac26702bd06daa1bb3e90bddb5f87b2bb2b182b8fed1b9f8d68845e848""}",
      1024,         0,         0,   0.314,mwpf__c58b7d47f1bf9aa6757e72d714b4934e012141d133da38946d72f780457936e1,95828c0d538c141a350184d6ddc1899b467d2819c8fca6fde9d3b4898bcf42c8,"{""circuit"":""surface_code:rotated_memory_x"",""cluster_node_limit"":50,""d"":5,""decoder"":""mwpf"",""decoder_type"":""SolverSerialJointSingleHair"",""p"":0.0065,""p_erase"":0.0065,""r"":5,""run_id"":""14c277d1360d884007b225112d7b983b9f2c5fc158d2870f656c6b2929b311b6""}",
      1024,         0,         0,   0.210,mwpf__11f45372c56f7ad844d941b5d91839ad2109f5ded22d55410db8a55c861d7281,0665149c154d50de98a4085a034142b69ec6f9e2cb2daf40322c0cb6f246dbfc,"{""circuit"":""surface_code:rotated_memory_x"",""cluster_node_limit"":50,""d"":5,""decoder"":""mwpf"",""decoder_type"":""SolverSerialJointSingleHair"",""p"":0.004,""p_erase"":0.004,""r"":5,""run_id"":""2c1d23bd89bcf5d6d623dffd52817527ab5ba820bb8c60558a749cc97b051f30""}",
      1024,         0,         0,   0.178,mwpf__8ad8fcf9ec0c744197e0cd79d8dac929e53f70cbe596260e95ac56d60161b394,df80c7f2db27f7ba771fddc719aeb76dc3bf9685962ef0e8e92cfac0b325af85,"{""circuit"":""surface_code:rotated_memory_x"",""cluster_node_limit"":50,""d"":5,""decoder"":""mwpf"",""decoder_type"":""SolverSerialJointSingleHair"",""p"":0.003,""p_erase"":0.003,""r"":5,""run_id"":""15e3edac26702bd06daa1bb3e90bddb5f87b2bb2b182b8fed1b9f8d68845e848""}",
      1024,         0,         0,   0.333,mwpf__8447a0737060a5dcdf9065c9858e255abe4b9d4ba8a5cf9af236a7fcce576409,ca8be4a7ce16ed946a288233270bf64176f33f09c39d80b50eeb919458798379,"{""circuit"":""surface_code:rotated_memory_x"",""cluster_node_limit"":50,""d"":5,""decoder"":""mwpf"",""decoder_type"":""SolverSerialJointSingleHair"",""p"":0.007,""p_erase"":0.007,""r"":5,""run_id"":""fc11e6013551ff75fa4759b0fc71e28cb776c1e995679ad07f9247f45c9ad106""}",
      1024,         0,         0,   0.337,mwpf__8447a0737060a5dcdf9065c9858e255abe4b9d4ba8a5cf9af236a7fcce576409,ca8be4a7ce16ed946a288233270bf64176f33f09c39d80b50eeb919458798379,"{""circuit"":""surface_code:rotated_memory_x"",""cluster_node_limit"":50,""d"":5,""decoder"":""mwpf"",""decoder_type"":""SolverSerialJointSingleHair"",""p"":0.007,""p_erase"":0.007,""r"":5,""run_id"":""fc11e6013551ff75fa4759b0fc71e28cb776c1e995679ad07f9247f45c9ad106""}",
      1024,         0,         0,   0.351,mwpf__6e9afc21b4d3f106a42e849d1d1f275ed6be088715d087c4b8a915d85b035b2b,5980677afcf119f56e68f90e25cc8ff5463f90cf70e710bc49d0e1832a1823e0,"{""circuit"":""surface_code:rotated_memory_x"",""cluster_node_limit"":50,""d"":5,""decoder"":""mwpf"",""decoder_type"":""SolverSerialJointSingleHair"",""p"":0.0075,""p_erase"":0.0075,""r"":5,""run_id"":""5a57a6d0ff957d816c2c86860718eec6af832a23575ff55f991f4b130256fb39""}",
      1024,         0,         0,   0.249,mwpf__3df37f19ced06caff7479a5b90faf590ff17f9b0c66d8cbd04a55c02dee224e8,4e26764943fcb1821d1883072cd6229f946b037a3ae3a98bef8b5488dcff3490,"{""circuit"":""surface_code:rotated_memory_x"",""cluster_node_limit"":50,""d"":5,""decoder"":""mwpf"",""decoder_type"":""SolverSerialJointSingleHair"",""p"":0.005,""p_erase"":0.005,""r"":5,""run_id"":""a9419091d73bd2c76a2c7e3604d34d847de2f4b02b85d0c3d0860c0754fc56d1""}",
      1024,         0,         0,   0.246,mwpf__3df37f19ced06caff7479a5b90faf590ff17f9b0c66d8cbd04a55c02dee224e8,4e26764943fcb1821d1883072cd6229f946b037a3ae3a98bef8b5488dcff3490,"{""circuit"":""surface_code:rotated_memory_x"",""cluster_node_limit"":50,""d"":5,""decoder"":""mwpf"",""decoder_type"":""SolverSerialJointSingleHair"",""p"":0.005,""p_erase"":0.005,""r"":5,""run_id"":""a9419091d73bd2c76a2c7e3604d34d847de2f4b02b85d0c3d0860c0754fc56d1""}",
      1024,         0,         0,   0.289,mwpf__430ba795469d8cdb0908fffa68ce8bd2f959b001f03fed0500f2be71b231dd61,bc94726745b3aa46725e1d9fdc4e9c3130c336a65a0eef2d6c13560ac6ff3ce4,"{""circuit"":""surface_code:rotated_memory_x"",""cluster_node_limit"":50,""d"":5,""decoder"":""mwpf"",""decoder_type"":""SolverSerialJointSingleHair"",""p"":0.006,""p_erase"":0.006,""r"":5,""run_id"":""136e458ea1bb00db5031dfe54473bc21d7f67216ffcf15b01c0f763ac55c92f3""}",
      1024,         0,         0,   0.426,mwpf__b71b410912a52b6f6379e91fd178b891036e516b5d9bdd3af3e3d833396cfbcb,560e79ac0b8bf685dacd5c09b366945c4286a65db7481ed5906d7ffc59ba6886,"{""circuit"":""surface_code:rotated_memory_x"",""cluster_node_limit"":50,""d"":5,""decoder"":""mwpf"",""decoder_type"":""SolverSerialJointSingleHair"",""p"":0.009,""p_erase"":0.009,""r"":5,""run_id"":""c32281a89ec9fb6ef8731b931cbe729d04602aba0eeadfec21fc1875143cc8af""}",
      1024,         0,         0,   0.168,mwpf__8ad8fcf9ec0c744197e0cd79d8dac929e53f70cbe596260e95ac56d60161b394,df80c7f2db27f7ba771fddc719aeb76dc3bf9685962ef0e8e92cfac0b325af85,"{""circuit"":""surface_code:rotated_memory_x"",""cluster_node_limit"":50,""d"":5,""decoder"":""mwpf"",""decoder_type"":""SolverSerialJointSingleHair"",""p"":0.003,""p_erase"":0.003,""r"":5,""run_id"":""15e3edac26702bd06daa1bb3e90bddb5f87b2bb2b182b8fed1b9f8d68845e848""}",
      1024,         0,         0,   0.383,mwpf__c4429979d8453e1857b47d20b05f1b5ef724026f5497884c20fbcb25fc2cd83f,1aaf6f1039b09a76317612e784f1ea923331e30438434dc3b3d9bf3cdf3c98c1,"{""circuit"":""surface_code:rotated_memory_x"",""cluster_node_limit"":50,""d"":5,""decoder"":""mwpf"",""decoder_type"":""SolverSerialJointSingleHair"",""p"":0.008,""p_erase"":0.008,""r"":5,""run_id"":""bfa3c7cba13850dd37e54bb29bb945687e3fe04272a3151e2ac8acb7416976e7""}",
      1024,         0,         0,   0.378,mwpf__c4429979d8453e1857b47d20b05f1b5ef724026f5497884c20fbcb25fc2cd83f,1aaf6f1039b09a76317612e784f1ea923331e30438434dc3b3d9bf3cdf3c98c1,"{""circuit"":""surface_code:rotated_memory_x"",""cluster_node_limit"":50,""d"":5,""decoder"":""mwpf"",""decoder_type"":""SolverSerialJointSingleHair"",""p"":0.008,""p_erase"":0.008,""r"":5,""run_id"":""bfa3c7cba13850dd37e54bb29bb945687e3fe04272a3151e2ac8acb7416976e7""}",
      1024,         0,         0,   0.204,mwpf__11f45372c56f7ad844d941b5d91839ad2109f5ded22d55410db8a55c861d7281,0665149c154d50de98a4085a034142b69ec6f9e2cb2daf40322c0cb6f246dbfc,"{""circuit"":""surface_code:rotated_memory_x"",""cluster_node_limit"":50,""d"":5,""decoder"":""mwpf"",""decoder_type"":""SolverSerialJointSingleHair"",""p"":0.004,""p_erase"":0.004,""r"":5,""run_id"":""2c1d23bd89bcf5d6d623dffd52817527ab5ba820bb8c60558a749cc97b051f30""}",
      1024,         0,         0,   0.251,mwpf__3df37f19ced06caff7479a5b90faf590ff17f9b0c66d8cbd04a55c02dee224e8,4e26764943fcb1821d1883072cd6229f946b037a3ae3a98bef8b5488dcff3490,"{""circuit"":""surface_code:rotated_memory_x"",""cluster_node_limit"":50,""d"":5,""decoder"":""mwpf"",""decoder_type"":""SolverSerialJointSingleHair"",""p"":0.005,""p_erase"":0.005,""r"":5,""run_id"":""a9419091d73bd2c76a2c7e3604d34d847de2f4b02b85d0c3d0860c0754fc56d1""}",
      1024,         0,         0,   0.211,mwpf__11f45372c56f7ad844d941b5d91839ad2109f5ded22d55410db8a55c861d7281,0665149c154d50de98a4085a034142b69ec6f9e2cb2daf40322c0cb6f246dbfc,"{""circuit"":""surface_code:rotated_memory_x"",""cluster_node_limit"":50,""d"":5,""decoder"":""mwpf"",""decoder_type"":""SolverSerialJointSingleHair"",""p"":0.004,""p_erase"":0.004,""r"":5,""run_id"":""2c1d23bd89bcf5d6d623dffd52817527ab5ba820bb8c60558a749cc97b051f30""}",
       512,         0,         0,   0.247,mwpf__8ad69d48345896d862efbd90f2b975904c14044cde7ed10668f8f5eea334f41a,6a6ac4c29065cb30976ec846e8da513c4d01edcdc840656f11ff38553d7306cd,"{""circuit"":""surface_code:rotated_memory_x"",""cluster_node_limit"":50,""d"":5,""decoder"":""mwpf"",""decoder_type"":""SolverSerialJointSingleHair"",""p"":0.01,""p_erase"":0.01,""r"":5,""run_id"":""669fd91e75976823dd1cbb6f0d860524121f186f614db6fb259f60c1945fce8a""}",
      1024,         0,         0,   0.178,mwpf__8ad8fcf9ec0c744197e0cd79d8dac929e53f70cbe596260e95ac56d60161b394,df80c7f2db27f7ba771fddc719aeb76dc3bf9685962ef0e8e92cfac0b325af85,"{""circuit"":""surface_code:rotated_memory_x"",""cluster_node_limit"":50,""d"":5,""decoder"":""mwpf"",""decoder_type"":""SolverSerialJointSingleHair"",""p"":0.003,""p_erase"":0.003,""r"":5,""run_id"":""15e3edac26702bd06daa1bb3e90bddb5f87b2bb2b182b8fed1b9f8d68845e848""}",
      1024,         0,         0,   0.465,mwpf__8ad69d48345896d862efbd90f2b975904c14044cde7ed10668f8f5eea334f41a,6a6ac4c29065cb30976ec846e8da513c4d01edcdc840656f11ff38553d7306cd,"{""circuit"":""surface_code:rotated_memory_x"",""cluster_node_limit"":50,""d"":5,""decoder"":""mwpf"",""decoder_type"":""SolverSerialJointSingleHair"",""p"":0.01,""p_erase"":0.01,""r"":5,""run_id"":""669fd91e75976823dd1cbb6f0d860524121f186f614db6fb259f60c1945fce8a""}",
      1024,         0,         0,   0.346,mwpf__6e9afc21b4d3f106a42e849d1d1f275ed6be088715d087c4b8a915d85b035b2b,5980677afcf119f56e68f90e25cc8ff5463f90cf70e710bc49d0e1832a1823e0,"{""circuit"":""surface_code:rotated_memory_x"",""cluster_node_limit"":50,""d"":5,""decoder"":""mwpf"",""decoder_type"":""SolverSerialJointSingleHair"",""p"":0.0075,""p_erase"":0.0075,""r"":5,""run_id"":""5a57a6d0ff957d816c2c86860718eec6af832a23575ff55f991f4b130256fb39""}",
      1024,         0,         0,   0.174,mwpf__8ad8fcf9ec0c744197e0cd79d8dac929e53f70cbe596260e95ac56d60161b394,df80c7f2db27f7ba771fddc719aeb76dc3bf9685962ef0e8e92cfac0b325af85,"{""circuit"":""surface_code:rotated_memory_x"",""cluster_node_limit"":50,""d"":5,""decoder"":""mwpf"",""decoder_type"":""SolverSerialJointSingleHair"",""p"":0.003,""p_erase"":0.003,""r"":5,""run_id"":""15e3edac26702bd06daa1bb3e90bddb5f87b2bb2b182b8fed1b9f8d68845e848""}",
      1024,         0,         0,   0.426,mwpf__b71b410912a52b6f6379e91fd178b891036e516b5d9bdd3af3e3d833396cfbcb,560e79ac0b8bf685dacd5c09b366945c4286a65db7481ed5906d7ffc59ba6886,"{""circuit"":""surface_code:rotated_memory_x"",""cluster_node_limit"":50,""d"":5,""decoder"":""mwpf"",""decoder_type"":""SolverSerialJointSingleHair"",""p"":0.009,""p_erase"":0.009,""r"":5,""run_id"":""c32281a89ec9fb6ef8731b931cbe729d04602aba0eeadfec21fc1875143cc8af""}",
      1024,         0,         0,   0.307,mwpf__c58b7d47f1bf9aa6757e72d714b4934e012141d133da38946d72f780457936e1,95828c0d538c141a350184d6ddc1899b467d2819c8fca6fde9d3b4898bcf42c8,"{""circuit"":""surface_code:rotated_memory_x"",""cluster_node_limit"":50,""d"":5,""decoder"":""mwpf"",""decoder_type"":""SolverSerialJointSingleHair"",""p"":0.0065,""p_erase"":0.0065,""r"":5,""run_id"":""14c277d1360d884007b225112d7b983b9f2c5fc158d2870f656c6b2929b311b6""}",
      1024,         0,         0,   0.208,mwpf__11f45372c56f7ad844d941b5d91839ad2109f5ded22d55410db8a55c861d7281,0665149c154d50de98a4085a034142b69ec6f9e2cb2daf40322c0cb6f246dbfc,"{""circuit"":""surface_code:rotated_memory_x"",""cluster_node_limit"":50,""d"":5,""decoder"":""mwpf"",""decoder_type"":""SolverSerialJointSingleHair"",""p"":0.004,""p_erase"":0.004,""r"":5,""run_id"":""2c1d23bd89bcf5d6d623dffd52817527ab5ba820bb8c60558a749cc97b051f30""}",
      1024,         0,         0,   0.284,mwpf__430ba795469d8cdb0908fffa68ce8bd2f959b001f03fed0500f2be71b231dd61,bc94726745b3aa46725e1d9fdc4e9c3130c336a65a0eef2d6c13560ac6ff3ce4,"{""circuit"":""surface_code:rotated_memory_x"",""cluster_node_limit"":50,""d"":5,""decoder"":""mwpf"",""decoder_type"":""SolverSerialJointSingleHair"",""p"":0.006,""p_erase"":0.006,""r"":5,""run_id"":""136e458ea1bb00db5031dfe54473bc21d7f67216ffcf15b01c0f763ac55c92f3""}",
      1024,         0,         0,   0.294,mwpf__430ba795469d8cdb0908fffa68ce8bd2f959b001f03fed0500f2be71b231dd61,bc94726745b3aa46725e1d9fdc4e9c3130c336a65a0eef2d6c13560ac6ff3ce4,"{""circuit"":""surface_code:rotated_memory_x"",""cluster_node_limit"":50,""d"":5,""decoder"":""mwpf"",""decoder_type"":""SolverSerialJointSingleHair"",""p"":0.006,""p_erase"":0.006,""r"":5,""run_id"":""136e458ea1bb00db5031dfe54473bc21d7f67216ffcf15b01c0f763ac55c92f3""}",
      1024,         1,         0,   0.410,mwpf__b71b410912a52b6f6379e91fd178b891036e516b5d9bdd3af3e3d833396cfbcb,560e79ac0b8bf685dacd5c09b366945c4286a65db7481ed5906d7ffc59ba6886,"{""circuit"":""surface_code:rotated_memory_x"",""cluster_node_limit"":50,""d"":5,""decoder"":""mwpf"",""decoder_type"":""SolverSerialJointSingleHair"",""p"":0.009,""p_erase"":0.009,""r"":5,""run_id"":""c32281a89ec9fb6ef8731b931cbe729d04602aba0eeadfec21fc1875143cc8af""}",
      1024,         0,         0,   0.462,mwpf__8ad69d48345896d862efbd90f2b975904c14044cde7ed10668f8f5eea334f41a,6a6ac4c29065cb30976ec846e8da513c4d01edcdc840656f11ff38553d7306cd,"{""circuit"":""surface_code:rotated_memory_x"",""cluster_node_limit"":50,""d"":5,""decoder"":""mwpf"",""decoder_type"":""SolverSerialJointSingleHair"",""p"":0.01,""p_erase"":0.01,""r"":5,""run_id"":""669fd91e75976823dd1cbb6f0d860524121f186f614db6fb259f60c1945fce8a""}",
      1024,         0,         0,   0.354,mwpf__6e9afc21b4d3f106a42e849d1d1f275ed6be088715d087c4b8a915d85b035b2b,5980677afcf119f56e68f90e25cc8ff5463f90cf70e710bc49d0e1832a1823e0,"{""circuit"":""surface_code:rotated_memory_x"",""cluster_node_limit"":50,""d"":5,""decoder"":""mwpf"",""decoder_type"":""SolverSerialJointSingleHair"",""p"":0.0075,""p_erase"":0.0075,""r"":5,""run_id"":""5a57a6d0ff957d816c2c86860718eec6af832a23575ff55f991f4b130256fb39""}",
      1024,         0,         0,   0.173,mwpf__8ad8fcf9ec0c744197e0cd79d8dac929e53f70cbe596260e95ac56d60161b394,df80c7f2db27f7ba771fddc719aeb76dc3bf9685962ef0e8e92cfac0b325af85,"{""circuit"":""surface_code:rotated_memory_x"",""cluster_node_limit"":50,""d"":5,""decoder"":""mwpf"",""decoder_type"":""SolverSerialJointSingleHair"",""p"":0.003,""p_erase"":0.003,""r"":5,""run_id"":""15e3edac26702bd06daa1bb3e90bddb5f87b2bb2b182b8fed1b9f8d68845e848""}",
      1024,         0,         0,   0.250,mwpf__3df37f19ced06caff7479a5b90faf590ff17f9b0c66d8cbd04a55c02dee224e8,4e26764943fcb1821d1883072cd6229f946b037a3ae3a98bef8b5488dcff3490,"{""circuit"":""surface_code:rotated_memory_x"",""cluster_node_limit"":50,""d"":5,""decoder"":""mwpf"",""decoder_type"":""SolverSerialJointSingleHair"",""p"":0.005,""p_erase"":0.005,""r"":5,""run_id"":""a9419091d73bd2c76a2c7e3604d34d847de2f4b02b85d0c3d0860c0754fc56d1""}",
      1024,         0,         0,   0.323,mwpf__c58b7d47f1bf9aa6757e72d714b4934e012141d133da38946d72f780457936e1,95828c0d538c141a350184d6ddc1899b467d2819c8fca6fde9d3b4898bcf42c8,"{""circuit"":""surface_code:rotated_memory_x"",""cluster_node_limit"":50,""d"":5,""decoder"":""mwpf"",""decoder_type"":""SolverSerialJointSingleHair"",""p"":0.0065,""p_erase"":0.0065,""r"":5,""run_id"":""14c277d1360d884007b225112d7b983b9f2c5fc158d2870f656c6b2929b311b6""}",
      1024,         0,         0,   0.248,mwpf__3df37f19ced06caff7479a5b90faf590ff17f9b0c66d8cbd04a55c02dee224e8,4e26764943fcb1821d1883072cd6229f946b037a3ae3a98bef8b5488dcff3490,"{""circuit"":""surface_code:rotated_memory_x"",""cluster_node_limit"":50,""d"":5,""decoder"":""mwpf"",""decoder_type"":""SolverSerialJointSingleHair"",""p"":0.005,""p_erase"":0.005,""r"":5,""run_id"":""a9419091d73bd2c76a2c7e3604d34d847de2f4b02b85d0c3d0860c0754fc56d1""}",
      1024,         0,         0,   0.379,mwpf__c4429979d8453e1857b47d20b05f1b5ef724026f5497884c20fbcb25fc2cd83f,1aaf6f1039b09a76317612e784f1ea923331e30438434dc3b3d9bf3cdf3c98c1,"{""circuit"":""surface_code:rotated_memory_x"",""cluster_node_limit"":50,""d"":5,""decoder"":""mwpf"",""decoder_type"":""SolverSerialJointSingleHair"",""p"":0.008,""p_erase"":0.008,""r"":5,""run_id"":""bfa3c7cba13850dd37e54bb29bb945687e3fe04272a3151e2ac8acb7416976e7""}",
      1024,         0,         0,   0.317,mwpf__c58b7d47f1bf9aa6757e72d714b4934e012141d133da38946d72f780457936e1,95828c0d538c141a350184d6ddc1899b467d2819c8fca6fde9d3b4898bcf42c8,"{""circuit"":""surface_code:rotated_memory_x"",""cluster_node_limit"":50,""d"":5,""decoder"":""mwpf"",""decoder_type"":""SolverSerialJointSingleHair"",""p"":0.0065,""p_erase"":0.0065,""r"":5,""run_id"":""14c277d1360d884007b225112d7b983b9f2c5fc158d2870f656c6b2929b311b6""}",
       512,         0,         0,   0.351,mwpf__863de70705822d3ac5c85e737f5c35e9003fe713755bf2a77869c08d12fb176a,2ec4648f3dd239d87d06620b6a49a98301955fe72f19ce1732512c3fdebaf0c8,"{""circuit"":""surface_code:rotated_memory_x"",""cluster_node_limit"":50,""d"":5,""decoder"":""mwpf"",""decoder_type"":""SolverSerialJointSingleHair"",""p"":0.015,""p_erase"":0.015,""r"":5,""run_id"":""6fe96edac5c8fb2c1aed8ea14c67ceeb92423fdf3ce9e1c97fff0ce2aa5d5538""}",
      1024,         0,         0,   0.340,mwpf__8447a0737060a5dcdf9065c9858e255abe4b9d4ba8a5cf9af236a7fcce576409,ca8be4a7ce16ed946a288233270bf64176f33f09c39d80b50eeb919458798379,"{""circuit"":""surface_code:rotated_memory_x"",""cluster_node_limit"":50,""d"":5,""decoder"":""mwpf"",""decoder_type"":""SolverSerialJointSingleHair"",""p"":0.007,""p_erase"":0.007,""r"":5,""run_id"":""fc11e6013551ff75fa4759b0fc71e28cb776c1e995679ad07f9247f45c9ad106""}",
      1024,         0,         0,   0.208,mwpf__11f45372c56f7ad844d941b5d91839ad2109f5ded22d55410db8a55c861d7281,0665149c154d50de98a4085a034142b69ec6f9e2cb2daf40322c0cb6f246dbfc,"{""circuit"":""surface_code:rotated_memory_x"",""cluster_node_limit"":50,""d"":5,""decoder"":""mwpf"",""decoder_type"":""SolverSerialJointSingleHair"",""p"":0.004,""p_erase"":0.004,""r"":5,""run_id"":""2c1d23bd89bcf5d6d623dffd52817527ab5ba820bb8c60558a749cc97b051f30""}",
      1024,         0,         0,   0.172,mwpf__8ad8fcf9ec0c744197e0cd79d8dac929e53f70cbe596260e95ac56d60161b394,df80c7f2db27f7ba771fddc719aeb76dc3bf9685962ef0e8e92cfac0b325af85,"{""circuit"":""surface_code:rotated_memory_x"",""cluster_node_limit"":50,""d"":5,""decoder"":""mwpf"",""decoder_type"":""SolverSerialJointSingleHair"",""p"":0.003,""p_erase"":0.003,""r"":5,""run_id"":""15e3edac26702bd06daa1bb3e90bddb5f87b2bb2b182b8fed1b9f8d68845e848""}",
      1024,         0,         0,   0.339,mwpf__8447a0737060a5dcdf9065c9858e255abe4b9d4ba8a5cf9af236a7fcce576409,ca8be4a7ce16ed946a288233270bf64176f33f09c39d80b50eeb919458798379,"{""circuit"":""surface_code:rotated_memory_x"",""cluster_node_limit"":50,""d"":5,""decoder"":""mwpf"",""decoder_type"":""SolverSerialJointSingleHair"",""p"":0.007,""p_erase"":0.007,""r"":5,""run_id"":""fc11e6013551ff75fa4759b0fc71e28cb776c1e995679ad07f9247f45c9ad106""}",
       512,         1,         0,   0.366,mwpf__863de70705822d3ac5c85e737f5c35e9003fe713755bf2a77869c08d12fb176a,2ec4648f3dd239d87d06620b6a49a98301955fe72f19ce1732512c3fdebaf0c8,"{""circuit"":""surface_code:rotated_memory_x"",""cluster_node_limit"":50,""d"":5,""decoder"":""mwpf"",""decoder_type"":""SolverSerialJointSingleHair"",""p"":0.015,""p_erase"":0.015,""r"":5,""run_id"":""6fe96edac5c8fb2c1aed8ea14c67ceeb92423fdf3ce9e1c97fff0ce2aa5d5538""}",
      1024,         0,         0,   0.176,mwpf__8ad8fcf9ec0c744197e0cd79d8dac929e53f70cbe596260e95ac56d60161b394,df80c7f2db27f7ba771fddc719aeb76dc3bf9685962ef0e8e92cfac0b325af85,"{""circuit"":""surface_code:rotated_memory_x"",""cluster_node_limit"":50,""d"":5,""decoder"":""mwpf"",""decoder_type"":""SolverSerialJointSingleHair"",""p"":0.003,""p_erase"":0.003,""r"":5,""run_id"":""15e3edac26702bd06daa1bb3e90bddb5f87b2bb2b182b8fed1b9f8d68845e848""}",
      1024,         0,         0,   0.324,mwpf__8447a0737060a5dcdf9065c9858e255abe4b9d4ba8a5cf9af236a7fcce576409,ca8be4a7ce16ed946a288233270bf64176f33f09c39d80b50eeb919458798379,"{""circuit"":""surface_code:rotated_memory_x"",""cluster_node_limit"":50,""d"":5,""decoder"":""mwpf"",""decoder_type"":""SolverSerialJointSingleHair"",""p"":0.007,""p_erase"":0.007,""r"":5,""run_id"":""fc11e6013551ff75fa4759b0fc71e28cb776c1e995679ad07f9247f45c9ad106""}",
      1024,         0,         0,   0.210,mwpf__11f45372c56f7ad844d941b5d91839ad2109f5ded22d55410db8a55c861d7281,0665149c154d50de98a4085a034142b69ec6f9e2cb2daf40322c0cb6f246dbfc,"{""circuit"":""surface_code:rotated_memory_x"",""cluster_node_limit"":50,""d"":5,""decoder"":""mwpf"",""decoder_type"":""SolverSerialJointSingleHair"",""p"":0.004,""p_erase"":0.004,""r"":5,""run_id"":""2c1d23bd89bcf5d6d623dffd52817527ab5ba820bb8c60558a749cc97b051f30""}",
      1024,         0,         0,   0.287,mwpf__430ba795469d8cdb0908fffa68ce8bd2f959b001f03fed0500f2be71b231dd61,bc94726745b3aa46725e1d9fdc4e9c3130c336a65a0eef2d6c13560ac6ff3ce4,"{""circuit"":""surface_code:rotated_memory_x"",""cluster_node_limit"":50,""d"":5,""decoder"":""mwpf"",""decoder_type"":""SolverSerialJointSingleHair"",""p"":0.006,""p_erase"":0.006,""r"":5,""run_id"":""136e458ea1bb00db5031dfe54473bc21d7f67216ffcf15b01c0f763ac55c92f3""}",
      1024,         0,         0,   0.242,mwpf__3df37f19ced06caff7479a5b90faf590ff17f9b0c66d8cbd04a55c02dee224e8,4e26764943fcb1821d1883072cd6229f946b037a3ae3a98bef8b5488dcff3490,"{""circuit"":""surface_code:rotated_memory_x"",""cluster_node_limit"":50,""d"":5,""decoder"":""mwpf"",""decoder_type"":""SolverSerialJointSingleHair"",""p"":0.005,""p_erase"":0.005,""r"":5,""run_id"":""a9419091d73bd2c76a2c7e3604d34d847de2f4b02b85d0c3d0860c0754fc56d1""}",
      1024,         0,         0,   0.352,mwpf__6e9afc21b4d3f106a42e849d1d1f275ed6be088715d087c4b8a915d85b035b2b,5980677afcf119f56e68f90e25cc8ff5463f90cf70e710bc49d0e1832a1823e0,"{""circuit"":""surface_code:rotated_memory_x"",""cluster_node_limit"":50,""d"":5,""decoder"":""mwpf"",""decoder_type"":""SolverSerialJointSingleHair"",""p"":0.0075,""p_erase"":0.0075,""r"":5,""run_id"":""5a57a6d0ff957d816c2c86860718eec6af832a23575ff55f991f4b130256fb39""}",
      1024,         0,         0,   0.208,mwpf__11f45372c56f7ad844d941b5d91839ad2109f5ded22d55410db8a55c861d7281,0665149c154d50de98a4085a034142b69ec6f9e2cb2daf40322c0cb6f246dbfc,"{""circuit"":""surface_code:rotated_memory_x"",""cluster_node_limit"":50,""d"":5,""decoder"":""mwpf"",""decoder_type"":""SolverSerialJointSingleHair"",""p"":0.004,""p_erase"":0.004,""r"":5,""run_id"":""2c1d23bd89bcf5d6d623dffd52817527ab5ba820bb8c60558a749cc97b051f30""}",
      1024,         0,         0,   0.177,mwpf__8ad8fcf9ec0c744197e0cd79d8dac929e53f70cbe596260e95ac56d60161b394,df80c7f2db27f7ba771fddc719aeb76dc3bf9685962ef0e8e92cfac0b325af85,"{""circuit"":""surface_code:rotated_memory_x"",""cluster_node_limit"":50,""d"":5,""decoder"":""mwpf"",""decoder_type"":""SolverSerialJointSingleHair"",""p"":0.003,""p_erase"":0.003,""r"":5,""run_id"":""15e3edac26702bd06daa1bb3e90bddb5f87b2bb2b182b8fed1b9f8d68845e848""}",
      1024,         0,         0,   0.284,mwpf__430ba795469d8cdb0908fffa68ce8bd2f959b001f03fed0500f2be71b231dd61,bc94726745b3aa46725e1d9fdc4e9c3130c336a65a0eef2d6c13560ac6ff3ce4,"{""circuit"":""surface_code:rotated_memory_x"",""cluster_node_limit"":50,""d"":5,""decoder"":""mwpf"",""decoder_type"":""SolverSerialJointSingleHair"",""p"":0.006,""p_erase"":0.006,""r"":5,""run_id"":""136e458ea1bb00db5031dfe54473bc21d7f67216ffcf15b01c0f763ac55c92f3""}",
      1024,         0,         0,   0.298,mwpf__430ba795469d8cdb0908fffa68ce8bd2f959b001f03fed0500f2be71b231dd61,bc94726745b3aa46725e1d9fdc4e9c3130c336a65a0eef2d6c13560ac6ff3ce4,"{""circuit"":""surface_code:rotated_memory_x"",""cluster_node_limit"":50,""d"":5,""decoder"":""mwpf"",""decoder_type"":""SolverSerialJointSingleHair"",""p"":0.006,""p_erase"":0.006,""r"":5,""run_id"":""136e458ea1bb00db5031dfe54473bc21d7f67216ffcf15b01c0f763ac55c92f3""}",
      1024,         0,         0,   0.382,mwpf__c4429979d8453e1857b47d20b05f1b5ef724026f5497884c20fbcb25fc2cd83f,1aaf6f1039b09a76317612e784f1ea923331e30438434dc3b3d9bf3cdf3c98c1,"{""circuit"":""surface_code:rotated_memory_x"",""cluster_node_limit"":50,""d"":5,""decoder"":""mwpf"",""decoder_type"":""SolverSerialJointSingleHair"",""p"":0.008,""p_erase"":0.008,""r"":5,""run_id"":""bfa3c7cba13850dd37e54bb29bb945687e3fe04272a3151e2ac8acb7416976e7""}",
      1024,         0,         0,   0.379,mwpf__c4429979d8453e1857b47d20b05f1b5ef724026f5497884c20fbcb25fc2cd83f,1aaf6f1039b09a76317612e784f1ea923331e30438434dc3b3d9bf3cdf3c98c1,"{""circuit"":""surface_code:rotated_memory_x"",""cluster_node_limit"":50,""d"":5,""decoder"":""mwpf"",""decoder_type"":""SolverSerialJointSingleHair"",""p"":0.008,""p_erase"":0.008,""r"":5,""run_id"":""bfa3c7cba13850dd37e54bb29bb945687e3fe04272a3151e2ac8acb7416976e7""}",
      1024,         0,         0,   0.177,mwpf__8ad8fcf9ec0c744197e0cd79d8dac929e53f70cbe596260e95ac56d60161b394,df80c7f2db27f7ba771fddc719aeb76dc3bf9685962ef0e8e92cfac0b325af85,"{""circuit"":""surface_code:rotated_memory_x"",""cluster_node_limit"":50,""d"":5,""decoder"":""mwpf"",""decoder_type"":""SolverSerialJointSingleHair"",""p"":0.003,""p_erase"":0.003,""r"":5,""run_id"":""15e3edac26702bd06daa1bb3e90bddb5f87b2bb2b182b8fed1b9f8d68845e848""}",
      1024,         0,         0,   0.342,mwpf__6e9afc21b4d3f106a42e849d1d1f275ed6be088715d087c4b8a915d85b035b2b,5980677afcf119f56e68f90e25cc8ff5463f90cf70e710bc49d0e1832a1823e0,"{""circuit"":""surface_code:rotated_memory_x"",""cluster_node_limit"":50,""d"":5,""decoder"":""mwpf"",""decoder_type"":""SolverSerialJointSingleHair"",""p"":0.0075,""p_erase"":0.0075,""r"":5,""run_id"":""5a57a6d0ff957d816c2c86860718eec6af832a23575ff55f991f4b130256fb39""}",
      1024,         0,         0,   0.313,mwpf__c58b7d47f1bf9aa6757e72d714b4934e012141d133da38946d72f780457936e1,95828c0d538c141a350184d6ddc1899b467d2819c8fca6fde9d3b4898bcf42c8,"{""circuit"":""surface_code:rotated_memory_x"",""cluster_node_limit"":50,""d"":5,""decoder"":""mwpf"",""decoder_type"":""SolverSerialJointSingleHair"",""p"":0.0065,""p_erase"":0.0065,""r"":5,""run_id"":""14c277d1360d884007b225112d7b983b9f2c5fc158d2870f656c6b2929b311b6""}",
      1024,         0,         0,   0.175,mwpf__8ad8fcf9ec0c744197e0cd79d8dac929e53f70cbe596260e95ac56d60161b394,df80c7f2db27f7ba771fddc719aeb76dc3bf9685962ef0e8e92cfac0b325af85,"{""circuit"":""surface_code:rotated_memory_x"",""cluster_node_limit"":50,""d"":5,""decoder"":""mwpf"",""decoder_type"":""SolverSerialJointSingleHair"",""p"":0.003,""p_erase"":0.003,""r"":5,""run_id"":""15e3edac26702bd06daa1bb3e90bddb5f87b2bb2b182b8fed1b9f8d68845e848""}",
      1024,         0,         0,   0.244,mwpf__3df37f19ced06caff7479a5b90faf590ff17f9b0c66d8cbd04a55c02dee224e8,4e26764943fcb1821d1883072cd6229f946b037a3ae3a98bef8b5488dcff3490,"{""circuit"":""surface_code:rotated_memory_x"",""cluster_node_limit"":50,""d"":5,""decoder"":""mwpf"",""decoder_type"":""SolverSerialJointSingleHair"",""p"":0.005,""p_erase"":0.005,""r"":5,""run_id"":""a9419091d73bd2c76a2c7e3604d34d847de2f4b02b85d0c3d0860c0754fc56d1""}",
      1024,         0,         0,   0.419,mwpf__b71b410912a52b6f6379e91fd178b891036e516b5d9bdd3af3e3d833396cfbcb,560e79ac0b8bf685dacd5c09b366945c4286a65db7481ed5906d7ffc59ba6886,"{""circuit"":""surface_code:rotated_memory_x"",""cluster_node_limit"":50,""d"":5,""decoder"":""mwpf"",""decoder_type"":""SolverSerialJointSingleHair"",""p"":0.009,""p_erase"":0.009,""r"":5,""run_id"":""c32281a89ec9fb6ef8731b931cbe729d04602aba0eeadfec21fc1875143cc8af""}",
      1024,         0,         0,   0.206,mwpf__11f45372c56f7ad844d941b5d91839ad2109f5ded22d55410db8a55c861d7281,0665149c154d50de98a4085a034142b69ec6f9e2cb2daf40322c0cb6f246dbfc,"{""circuit"":""surface_code:rotated_memory_x"",""cluster_node_limit"":50,""d"":5,""decoder"":""mwpf"",""decoder_type"":""SolverSerialJointSingleHair"",""p"":0.004,""p_erase"":0.004,""r"":5,""run_id"":""2c1d23bd89bcf5d6d623dffd52817527ab5ba820bb8c60558a749cc97b051f30""}",
      1024,         0,         0,   0.246,mwpf__3df37f19ced06caff7479a5b90faf590ff17f9b0c66d8cbd04a55c02dee224e8,4e26764943fcb1821d1883072cd6229f946b037a3ae3a98bef8b5488dcff3490,"{""circuit"":""surface_code:rotated_memory_x"",""cluster_node_limit"":50,""d"":5,""decoder"":""mwpf"",""decoder_type"":""SolverSerialJointSingleHair"",""p"":0.005,""p_erase"":0.005,""r"":5,""run_id"":""a9419091d73bd2c76a2c7e3604d34d847de2f4b02b85d0c3d0860c0754fc56d1""}",
      1024,         0,         0,   0.213,mwpf__11f45372c56f7ad844d941b5d91839ad2109f5ded22d55410db8a55c861d7281,0665149c154d50de98a4085a034142b69ec6f9e2cb2daf40322c0cb6f246dbfc,"{""circuit"":""surface_code:rotated_memory_x"",""cluster_node_limit"":50,""d"":5,""decoder"":""mwpf"",""decoder_type"":""SolverSerialJointSingleHair"",""p"":0.004,""p_erase"":0.004,""r"":5,""run_id"":""2c1d23bd89bcf5d6d623dffd52817527ab5ba820bb8c60558a749cc97b051f30""}",
      1024,         0,         0,   0.413,mwpf__b71b410912a52b6f6379e91fd178b891036e516b5d9bdd3af3e3d833396cfbcb,560e79ac0b8bf685dacd5c09b366945c4286a65db7481ed5906d7ffc59ba6886,"{""circuit"":""surface_code:rotated_memory_x"",""cluster_node_limit"":50,""d"":5,""decoder"":""mwpf"",""decoder_type"":""SolverSerialJointSingleHair"",""p"":0.009,""p_erase"":0.009,""r"":5,""run_id"":""c32281a89ec9fb6ef8731b931cbe729d04602aba0eeadfec21fc1875143cc8af""}",
      1024,         0,         0,   0.313,mwpf__c58b7d47f1bf9aa6757e72d714b4934e012141d133da38946d72f780457936e1,95828c0d538c141a350184d6ddc1899b467d2819c8fca6fde9d3b4898bcf42c8,"{""circuit"":""surface_code:rotated_memory_x"",""cluster_node_limit"":50,""d"":5,""decoder"":""mwpf"",""decoder_type"":""SolverSerialJointSingleHair"",""p"":0.0065,""p_erase"":0.0065,""r"":5,""run_id"":""14c277d1360d884007b225112d7b983b9f2c5fc158d2870f656c6b2929b311b6""}",
      1024,         0,         0,   0.310,mwpf__c58b7d47f1bf9aa6757e72d714b4934e012141d133da38946d72f780457936e1,95828c0d538c141a350184d6ddc1899b467d2819c8fca6fde9d3b4898bcf42c8,"{""circuit"":""surface_code:rotated_memory_x"",""cluster_node_limit"":50,""d"":5,""decoder"":""mwpf"",""decoder_type"":""SolverSerialJointSingleHair"",""p"":0.0065,""p_erase"":0.0065,""r"":5,""run_id"":""14c277d1360d884007b225112d7b983b9f2c5fc158d2870f656c6b2929b311b6""}",
      1024,         0,         0,   0.205,mwpf__11f45372c56f7ad844d941b5d91839ad2109f5ded22d55410db8a55c861d7281,0665149c154d50de98a4085a034142b69ec6f9e2cb2daf40322c0cb6f246dbfc,"{""circuit"":""surface_code:rotated_memory_x"",""cluster_node_limit"":50,""d"":5,""decoder"":""mwpf"",""decoder_type"":""SolverSerialJointSingleHair"",""p"":0.004,""p_erase"":0.004,""r"":5,""run_id"":""2c1d23bd89bcf5d6d623dffd52817527ab5ba820bb8c60558a749cc97b051f30""}",
      1024,         0,         0,   0.347,mwpf__6e9afc21b4d3f106a42e849d1d1f275ed6be088715d087c4b8a915d85b035b2b,5980677afcf119f56e68f90e25cc8ff5463f90cf70e710bc49d0e1832a1823e0,"{""circuit"":""surface_code:rotated_memory_x"",""cluster_node_limit"":50,""d"":5,""decoder"":""mwpf"",""decoder_type"":""SolverSerialJointSingleHair"",""p"":0.0075,""p_erase"":0.0075,""r"":5,""run_id"":""5a57a6d0ff957d816c2c86860718eec6af832a23575ff55f991f4b130256fb39""}",
      1024,         0,         0,   0.245,mwpf__3df37f19ced06caff7479a5b90faf590ff17f9b0c66d8cbd04a55c02dee224e8,4e26764943fcb1821d1883072cd6229f946b037a3ae3a98bef8b5488dcff3490,"{""circuit"":""surface_code:rotated_memory_x"",""cluster_node_limit"":50,""d"":5,""decoder"":""mwpf"",""decoder_type"":""SolverSerialJointSingleHair"",""p"":0.005,""p_erase"":0.005,""r"":5,""run_id"":""a9419091d73bd2c76a2c7e3604d34d847de2f4b02b85d0c3d0860c0754fc56d1""}",
      1024,         0,         0,   0.466,mwpf__8ad69d48345896d862efbd90f2b975904c14044cde7ed10668f8f5eea334f41a,6a6ac4c29065cb30976ec846e8da513c4d01edcdc840656f11ff38553d7306cd,"{""circuit"":""surface_code:rotated_memory_x"",""cluster_node_limit"":50,""d"":5,""decoder"":""mwpf"",""decoder_type"":""SolverSerialJointSingleHair"",""p"":0.01,""p_erase"":0.01,""r"":5,""run_id"":""669fd91e75976823dd1cbb6f0d860524121f186f614db6fb259f60c1945fce8a""}",
      1024,         1,         0,   0.471,mwpf__8ad69d48345896d862efbd90f2b975904c14044cde7ed10668f8f5eea334f41a,6a6ac4c29065cb30976ec846e8da513c4d01edcdc840656f11ff38553d7306cd,"{""circuit"":""surface_code:rotated_memory_x"",""cluster_node_limit"":50,""d"":5,""decoder"":""mwpf"",""decoder_type"":""SolverSerialJointSingleHair"",""p"":0.01,""p_erase"":0.01,""r"":5,""run_id"":""669fd91e75976823dd1cbb6f0d860524121f186f614db6fb259f60c1945fce8a""}",
      1024,         0,         0,   0.411,mwpf__b71b410912a52b6f6379e91fd178b891036e516b5d9bdd3af3e3d833396cfbcb,560e79ac0b8bf685dacd5c09b366945c4286a65db7481ed5906d7ffc59ba6886,"{""circuit"":""surface_code:rotated_memory_x"",""cluster_node_limit"":50,""d"":5,""decoder"":""mwpf"",""decoder_type"":""SolverSerialJointSingleHair"",""p"":0.009,""p_erase"":0.009,""r"":5,""run_id"":""c32281a89ec9fb6ef8731b931cbe729d04602aba0eeadfec21fc1875143cc8af""}",
      1024,         0,         0,   0.335,mwpf__8447a0737060a5dcdf9065c9858e255abe4b9d4ba8a5cf9af236a7fcce576409,ca8be4a7ce16ed946a288233270bf64176f33f09c39d80b50eeb919458798379,"{""circuit"":""surface_code:rotated_memory_x"",""cluster_node_limit"":50,""d"":5,""decoder"":""mwpf"",""decoder_type"":""SolverSerialJointSingleHair"",""p"":0.007,""p_erase"":0.007,""r"":5,""run_id"":""fc11e6013551ff75fa4759b0fc71e28cb776c1e995679ad07f9247f45c9ad106""}",
      1024,         0,         0,   0.285,mwpf__430ba795469d8cdb0908fffa68ce8bd2f959b001f03fed0500f2be71b231dd61,bc94726745b3aa46725e1d9fdc4e9c3130c336a65a0eef2d6c13560ac6ff3ce4,"{""circuit"":""surface_code:rotated_memory_x"",""cluster_node_limit"":50,""d"":5,""decoder"":""mwpf"",""decoder_type"":""SolverSerialJointSingleHair"",""p"":0.006,""p_erase"":0.006,""r"":5,""run_id"":""136e458ea1bb00db5031dfe54473bc21d7f67216ffcf15b01c0f763ac55c92f3""}",
       512,         0,         0,   0.356,mwpf__863de70705822d3ac5c85e737f5c35e9003fe713755bf2a77869c08d12fb176a,2ec4648f3dd239d87d06620b6a49a98301955fe72f19ce1732512c3fdebaf0c8,"{""circuit"":""surface_code:rotated_memory_x"",""cluster_node_limit"":50,""d"":5,""decoder"":""mwpf"",""decoder_type"":""SolverSerialJointSingleHair"",""p"":0.015,""p_erase"":0.015,""r"":5,""run_id"":""6fe96edac5c8fb2c1aed8ea14c67ceeb92423fdf3ce9e1c97fff0ce2aa5d5538""}",
      1024,         0,         0,   0.333,mwpf__8447a0737060a5dcdf9065c9858e255abe4b9d4ba8a5cf9af236a7fcce576409,ca8be4a7ce16ed946a288233270bf64176f33f09c39d80b50eeb919458798379,"{""circuit"":""surface_code:rotated_memory_x"",""cluster_node_limit"":50,""d"":5,""decoder"":""mwpf"",""decoder_type"":""SolverSerialJointSingleHair"",""p"":0.007,""p_erase"":0.007,""r"":5,""run_id"":""fc11e6013551ff75fa4759b0fc71e28cb776c1e995679ad07f9247f45c9ad106""}",
      1024,         0,         0,   0.381,mwpf__c4429979d8453e1857b47d20b05f1b5ef724026f5497884c20fbcb25fc2cd83f,1aaf6f1039b09a76317612e784f1ea923331e30438434dc3b3d9bf3cdf3c98c1,"{""circuit"":""surface_code:rotated_memory_x"",""cluster_node_limit"":50,""d"":5,""decoder"":""mwpf"",""decoder_type"":""SolverSerialJointSingleHair"",""p"":0.008,""p_erase"":0.008,""r"":5,""run_id"":""bfa3c7cba13850dd37e54bb29bb945687e3fe04272a3151e2ac8acb7416976e7""}",
      1024,         0,         0,   0.331,mwpf__8447a0737060a5dcdf9065c9858e255abe4b9d4ba8a5cf9af236a7fcce576409,ca8be4a7ce16ed946a288233270bf64176f33f09c39d80b50eeb919458798379,"{""circuit"":""surface_code:rotated_memory_x"",""cluster_node_limit"":50,""d"":5,""decoder"":""mwpf"",""decoder_type"":""SolverSerialJointSingleHair"",""p"":0.007,""p_erase"":0.007,""r"":5,""run_id"":""fc11e6013551ff75fa4759b0fc71e28cb776c1e995679ad07f9247f45c9ad106""}",
      1024,         0,         0,   0.174,mwpf__8ad8fcf9ec0c744197e0cd79d8dac929e53f70cbe596260e95ac56d60161b394,df80c7f2db27f7ba771fddc719aeb76dc3bf9685962ef0e8e92cfac0b325af85,"{""circuit"":""surface_code:rotated_memory_x"",""cluster_node_limit"":50,""d"":5,""decoder"":""mwpf"",""decoder_type"":""SolverSerialJointSingleHair"",""p"":0.003,""p_erase"":0.003,""r"":5,""run_id"":""15e3edac26702bd06daa1bb3e90bddb5f87b2bb2b182b8fed1b9f8d68845e848""}",
      1024,         0,         0,   0.172,mwpf__8ad8fcf9ec0c744197e0cd79d8dac929e53f70cbe596260e95ac56d60161b394,df80c7f2db27f7ba771fddc719aeb76dc3bf9685962ef0e8e92cfac0b325af85,"{""circuit"":""surface_code:rotated_memory_x"",""cluster_node_limit"":50,""d"":5,""decoder"":""mwpf"",""decoder_type"":""SolverSerialJointSingleHair"",""p"":0.003,""p_erase"":0.003,""r"":5,""run_id"":""15e3edac26702bd06daa1bb3e90bddb5f87b2bb2b182b8fed1b9f8d68845e848""}",
      1024,         1,         0,   0.457,mwpf__8ad69d48345896d862efbd90f2b975904c14044cde7ed10668f8f5eea334f41a,6a6ac4c29065cb30976ec846e8da513c4d01edcdc840656f11ff38553d7306cd,"{""circuit"":""surface_code:rotated_memory_x"",""cluster_node_limit"":50,""d"":5,""decoder"":""mwpf"",""decoder_type"":""SolverSerialJointSingleHair"",""p"":0.01,""p_erase"":0.01,""r"":5,""run_id"":""669fd91e75976823dd1cbb6f0d860524121f186f614db6fb259f60c1945fce8a""}",
       512,         0,         0,   0.362,mwpf__863de70705822d3ac5c85e737f5c35e9003fe713755bf2a77869c08d12fb176a,2ec4648f3dd239d87d06620b6a49a98301955fe72f19ce1732512c3fdebaf0c8,"{""circuit"":""surface_code:rotated_memory_x"",""cluster_node_limit"":50,""d"":5,""decoder"":""mwpf"",""decoder_type"":""SolverSerialJointSingleHair"",""p"":0.015,""p_erase"":0.015,""r"":5,""run_id"":""6fe96edac5c8fb2c1aed8ea14c67ceeb92423fdf3ce9e1c97fff0ce2aa5d5538""}",
      1024,         0,         0,   0.350,mwpf__6e9afc21b4d3f106a42e849d1d1f275ed6be088715d087c4b8a915d85b035b2b,5980677afcf119f56e68f90e25cc8ff5463f90cf70e710bc49d0e1832a1823e0,"{""circuit"":""surface_code:rotated_memory_x"",""cluster_node_limit"":50,""d"":5,""decoder"":""mwpf"",""decoder_type"":""SolverSerialJointSingleHair"",""p"":0.0075,""p_erase"":0.0075,""r"":5,""run_id"":""5a57a6d0ff957d816c2c86860718eec6af832a23575ff55f991f4b130256fb39""}",
      1024,         0,         0,   0.204,mwpf__11f45372c56f7ad844d941b5d91839ad2109f5ded22d55410db8a55c861d7281,0665149c154d50de98a4085a034142b69ec6f9e2cb2daf40322c0cb6f246dbfc,"{""circuit"":""surface_code:rotated_memory_x"",""cluster_node_limit"":50,""d"":5,""decoder"":""mwpf"",""decoder_type"":""SolverSerialJointSingleHair"",""p"":0.004,""p_erase"":0.004,""r"":5,""run_id"":""2c1d23bd89bcf5d6d623dffd52817527ab5ba820bb8c60558a749cc97b051f30""}",
      1024,         0,         0,   0.283,mwpf__430ba795469d8cdb0908fffa68ce8bd2f959b001f03fed0500f2be71b231dd61,bc94726745b3aa46725e1d9fdc4e9c3130c336a65a0eef2d6c13560ac6ff3ce4,"{""circuit"":""surface_code:rotated_memory_x"",""cluster_node_limit"":50,""d"":5,""decoder"":""mwpf"",""decoder_type"":""SolverSerialJointSingleHair"",""p"":0.006,""p_erase"":0.006,""r"":5,""run_id"":""136e458ea1bb00db5031dfe54473bc21d7f67216ffcf15b01c0f763ac55c92f3""}",
      1024,         0,         0,   0.245,mwpf__3df37f19ced06caff7479a5b90faf590ff17f9b0c66d8cbd04a55c02dee224e8,4e26764943fcb1821d1883072cd6229f946b037a3ae3a98bef8b5488dcff3490,"{""circuit"":""surface_code:rotated_memory_x"",""cluster_node_limit"":50,""d"":5,""decoder"":""mwpf"",""decoder_type"":""SolverSerialJointSingleHair"",""p"":0.005,""p_erase"":0.005,""r"":5,""run_id"":""a9419091d73bd2c76a2c7e3604d34d847de2f4b02b85d0c3d0860c0754fc56d1""}",
      1024,         0,         0,   0.207,mwpf__11f45372c56f7ad844d941b5d91839ad2109f5ded22d55410db8a55c861d7281,0665149c154d50de98a4085a034142b69ec6f9e2cb2daf40322c0cb6f246dbfc,"{""circuit"":""surface_code:rotated_memory_x"",""cluster_node_limit"":50,""d"":5,""decoder"":""mwpf"",""decoder_type"":""SolverSerialJointSingleHair"",""p"":0.004,""p_erase"":0.004,""r"":5,""run_id"":""2c1d23bd89bcf5d6d623dffd52817527ab5ba820bb8c60558a749cc97b051f30""}",
      1024,         0,         0,   0.244,mwpf__3df37f19ced06caff7479a5b90faf590ff17f9b0c66d8cbd04a55c02dee224e8,4e26764943fcb1821d1883072cd6229f946b037a3ae3a98bef8b5488dcff3490,"{""circuit"":""surface_code:rotated_memory_x"",""cluster_node_limit"":50,""d"":5,""decoder"":""mwpf"",""decoder_type"":""SolverSerialJointSingleHair"",""p"":0.005,""p_erase"":0.005,""r"":5,""run_id"":""a9419091d73bd2c76a2c7e3604d34d847de2f4b02b85d0c3d0860c0754fc56d1""}",
      1024,         0,         0,   0.290,mwpf__430ba795469d8cdb0908fffa68ce8bd2f959b001f03fed0500f2be71b231dd61,bc94726745b3aa46725e1d9fdc4e9c3130c336a65a0eef2d6c13560ac6ff3ce4,"{""circuit"":""surface_code:rotated_memory_x"",""cluster_node_limit"":50,""d"":5,""decoder"":""mwpf"",""decoder_type"":""SolverSerialJointSingleHair"",""p"":0.006,""p_erase"":0.006,""r"":5,""run_id"":""136e458ea1bb00db5031dfe54473bc21d7f67216ffcf15b01c0f763ac55c92f3""}",
      2048,         0,         0,   0.346,mwpf__8ad8fcf9ec0c744197e0cd79d8dac929e53f70cbe596260e95ac56d60161b394,df80c7f2db27f7ba771fddc719aeb76dc3bf9685962ef0e8e92cfac0b325af85,"{""circuit"":""surface_code:rotated_memory_x"",""cluster_node_limit"":50,""d"":5,""decoder"":""mwpf"",""decoder_type"":""SolverSerialJointSingleHair"",""p"":0.003,""p_erase"":0.003,""r"":5,""run_id"":""15e3edac26702bd06daa1bb3e90bddb5f87b2bb2b182b8fed1b9f8d68845e848""}",
      1024,         0,         0,   0.207,mwpf__11f45372c56f7ad844d941b5d91839ad2109f5ded22d55410db8a55c861d7281,0665149c154d50de98a4085a034142b69ec6f9e2cb2daf40322c0cb6f246dbfc,"{""circuit"":""surface_code:rotated_memory_x"",""cluster_node_limit"":50,""d"":5,""decoder"":""mwpf"",""decoder_type"":""SolverSerialJointSingleHair"",""p"":0.004,""p_erase"":0.004,""r"":5,""run_id"":""2c1d23bd89bcf5d6d623dffd52817527ab5ba820bb8c60558a749cc97b051f30""}",
      1024,         0,         0,   0.311,mwpf__c58b7d47f1bf9aa6757e72d714b4934e012141d133da38946d72f780457936e1,95828c0d538c141a350184d6ddc1899b467d2819c8fca6fde9d3b4898bcf42c8,"{""circuit"":""surface_code:rotated_memory_x"",""cluster_node_limit"":50,""d"":5,""decoder"":""mwpf"",""decoder_type"":""SolverSerialJointSingleHair"",""p"":0.0065,""p_erase"":0.0065,""r"":5,""run_id"":""14c277d1360d884007b225112d7b983b9f2c5fc158d2870f656c6b2929b311b6""}",
      1024,         0,         0,   0.372,mwpf__c4429979d8453e1857b47d20b05f1b5ef724026f5497884c20fbcb25fc2cd83f,1aaf6f1039b09a76317612e784f1ea923331e30438434dc3b3d9bf3cdf3c98c1,"{""circuit"":""surface_code:rotated_memory_x"",""cluster_node_limit"":50,""d"":5,""decoder"":""mwpf"",""decoder_type"":""SolverSerialJointSingleHair"",""p"":0.008,""p_erase"":0.008,""r"":5,""run_id"":""bfa3c7cba13850dd37e54bb29bb945687e3fe04272a3151e2ac8acb7416976e7""}",
      1024,         0,         0,   0.359,mwpf__6e9afc21b4d3f106a42e849d1d1f275ed6be088715d087c4b8a915d85b035b2b,5980677afcf119f56e68f90e25cc8ff5463f90cf70e710bc49d0e1832a1823e0,"{""circuit"":""surface_code:rotated_memory_x"",""cluster_node_limit"":50,""d"":5,""decoder"":""mwpf"",""decoder_type"":""SolverSerialJointSingleHair"",""p"":0.0075,""p_erase"":0.0075,""r"":5,""run_id"":""5a57a6d0ff957d816c2c86860718eec6af832a23575ff55f991f4b130256fb39""}",
      1024,         0,         0,   0.248,mwpf__3df37f19ced06caff7479a5b90faf590ff17f9b0c66d8cbd04a55c02dee224e8,4e26764943fcb1821d1883072cd6229f946b037a3ae3a98bef8b5488dcff3490,"{""circuit"":""surface_code:rotated_memory_x"",""cluster_node_limit"":50,""d"":5,""decoder"":""mwpf"",""decoder_type"":""SolverSerialJointSingleHair"",""p"":0.005,""p_erase"":0.005,""r"":5,""run_id"":""a9419091d73bd2c76a2c7e3604d34d847de2f4b02b85d0c3d0860c0754fc56d1""}",
      1024,         0,         0,   0.386,mwpf__c4429979d8453e1857b47d20b05f1b5ef724026f5497884c20fbcb25fc2cd83f,1aaf6f1039b09a76317612e784f1ea923331e30438434dc3b3d9bf3cdf3c98c1,"{""circuit"":""surface_code:rotated_memory_x"",""cluster_node_limit"":50,""d"":5,""decoder"":""mwpf"",""decoder_type"":""SolverSerialJointSingleHair"",""p"":0.008,""p_erase"":0.008,""r"":5,""run_id"":""bfa3c7cba13850dd37e54bb29bb945687e3fe04272a3151e2ac8acb7416976e7""}",
      1024,         0,         0,   0.315,mwpf__c58b7d47f1bf9aa6757e72d714b4934e012141d133da38946d72f780457936e1,95828c0d538c141a350184d6ddc1899b467d2819c8fca6fde9d3b4898bcf42c8,"{""circuit"":""surface_code:rotated_memory_x"",""cluster_node_limit"":50,""d"":5,""decoder"":""mwpf"",""decoder_type"":""SolverSerialJointSingleHair"",""p"":0.0065,""p_erase"":0.0065,""r"":5,""run_id"":""14c277d1360d884007b225112d7b983b9f2c5fc158d2870f656c6b2929b311b6""}",
      1024,         0,         0,   0.313,mwpf__c58b7d47f1bf9aa6757e72d714b4934e012141d133da38946d72f780457936e1,95828c0d538c141a350184d6ddc1899b467d2819c8fca6fde9d3b4898bcf42c8,"{""circuit"":""surface_code:rotated_memory_x"",""cluster_node_limit"":50,""d"":5,""decoder"":""mwpf"",""decoder_type"":""SolverSerialJointSingleHair"",""p"":0.0065,""p_erase"":0.0065,""r"":5,""run_id"":""14c277d1360d884007b225112d7b983b9f2c5fc158d2870f656c6b2929b311b6""}",
      1024,         0,         0,   0.202,mwpf__11f45372c56f7ad844d941b5d91839ad2109f5ded22d55410db8a55c861d7281,0665149c154d50de98a4085a034142b69ec6f9e2cb2daf40322c0cb6f246dbfc,"{""circuit"":""surface_code:rotated_memory_x"",""cluster_node_limit"":50,""d"":5,""decoder"":""mwpf"",""decoder_type"":""SolverSerialJointSingleHair"",""p"":0.004,""p_erase"":0.004,""r"":5,""run_id"":""2c1d23bd89bcf5d6d623dffd52817527ab5ba820bb8c60558a749cc97b051f30""}",
      1024,         0,         0,   0.283,mwpf__430ba795469d8cdb0908fffa68ce8bd2f959b001f03fed0500f2be71b231dd61,bc94726745b3aa46725e1d9fdc4e9c3130c336a65a0eef2d6c13560ac6ff3ce4,"{""circuit"":""surface_code:rotated_memory_x"",""cluster_node_limit"":50,""d"":5,""decoder"":""mwpf"",""decoder_type"":""SolverSerialJointSingleHair"",""p"":0.006,""p_erase"":0.006,""r"":5,""run_id"":""136e458ea1bb00db5031dfe54473bc21d7f67216ffcf15b01c0f763ac55c92f3""}",
      1024,         0,         0,   0.414,mwpf__b71b410912a52b6f6379e91fd178b891036e516b5d9bdd3af3e3d833396cfbcb,560e79ac0b8bf685dacd5c09b366945c4286a65db7481ed5906d7ffc59ba6886,"{""circuit"":""surface_code:rotated_memory_x"",""cluster_node_limit"":50,""d"":5,""decoder"":""mwpf"",""decoder_type"":""SolverSerialJointSingleHair"",""p"":0.009,""p_erase"":0.009,""r"":5,""run_id"":""c32281a89ec9fb6ef8731b931cbe729d04602aba0eeadfec21fc1875143cc8af""}",
      1024,         0,         0,   0.353,mwpf__6e9afc21b4d3f106a42e849d1d1f275ed6be088715d087c4b8a915d85b035b2b,5980677afcf119f56e68f90e25cc8ff5463f90cf70e710bc49d0e1832a1823e0,"{""circuit"":""surface_code:rotated_memory_x"",""cluster_node_limit"":50,""d"":5,""decoder"":""mwpf"",""decoder_type"":""SolverSerialJointSingleHair"",""p"":0.0075,""p_erase"":0.0075,""r"":5,""run_id"":""5a57a6d0ff957d816c2c86860718eec6af832a23575ff55f991f4b130256fb39""}",
      1024,         1,         0,   0.331,mwpf__8447a0737060a5dcdf9065c9858e255abe4b9d4ba8a5cf9af236a7fcce576409,ca8be4a7ce16ed946a288233270bf64176f33f09c39d80b50eeb919458798379,"{""circuit"":""surface_code:rotated_memory_x"",""cluster_node_limit"":50,""d"":5,""decoder"":""mwpf"",""decoder_type"":""SolverSerialJointSingleHair"",""p"":0.007,""p_erase"":0.007,""r"":5,""run_id"":""fc11e6013551ff75fa4759b0fc71e28cb776c1e995679ad07f9247f45c9ad106""}",
      1024,         0,         0,   0.205,mwpf__11f45372c56f7ad844d941b5d91839ad2109f5ded22d55410db8a55c861d7281,0665149c154d50de98a4085a034142b69ec6f9e2cb2daf40322c0cb6f246dbfc,"{""circuit"":""surface_code:rotated_memory_x"",""cluster_node_limit"":50,""d"":5,""decoder"":""mwpf"",""decoder_type"":""SolverSerialJointSingleHair"",""p"":0.004,""p_erase"":0.004,""r"":5,""run_id"":""2c1d23bd89bcf5d6d623dffd52817527ab5ba820bb8c60558a749cc97b051f30""}",
      1024,         0,         0,   0.332,mwpf__8447a0737060a5dcdf9065c9858e255abe4b9d4ba8a5cf9af236a7fcce576409,ca8be4a7ce16ed946a288233270bf64176f33f09c39d80b50eeb919458798379,"{""circuit"":""surface_code:rotated_memory_x"",""cluster_node_limit"":50,""d"":5,""decoder"":""mwpf"",""decoder_type"":""SolverSerialJointSingleHair"",""p"":0.007,""p_erase"":0.007,""r"":5,""run_id"":""fc11e6013551ff75fa4759b0fc71e28cb776c1e995679ad07f9247f45c9ad106""}",
      1024,         0,         0,   0.329,mwpf__8447a0737060a5dcdf9065c9858e255abe4b9d4ba8a5cf9af236a7fcce576409,ca8be4a7ce16ed946a288233270bf64176f33f09c39d80b50eeb919458798379,"{""circuit"":""surface_code:rotated_memory_x"",""cluster_node_limit"":50,""d"":5,""decoder"":""mwpf"",""decoder_type"":""SolverSerialJointSingleHair"",""p"":0.007,""p_erase"":0.007,""r"":5,""run_id"":""fc11e6013551ff75fa4759b0fc71e28cb776c1e995679ad07f9247f45c9ad106""}",
      1024,         0,         0,   0.416,mwpf__b71b410912a52b6f6379e91fd178b891036e516b5d9bdd3af3e3d833396cfbcb,560e79ac0b8bf685dacd5c09b366945c4286a65db7481ed5906d7ffc59ba6886,"{""circuit"":""surface_code:rotated_memory_x"",""cluster_node_limit"":50,""d"":5,""decoder"":""mwpf"",""decoder_type"":""SolverSerialJointSingleHair"",""p"":0.009,""p_erase"":0.009,""r"":5,""run_id"":""c32281a89ec9fb6ef8731b931cbe729d04602aba0eeadfec21fc1875143cc8af""}",
       512,         0,         0,   0.354,mwpf__863de70705822d3ac5c85e737f5c35e9003fe713755bf2a77869c08d12fb176a,2ec4648f3dd239d87d06620b6a49a98301955fe72f19ce1732512c3fdebaf0c8,"{""circuit"":""surface_code:rotated_memory_x"",""cluster_node_limit"":50,""d"":5,""decoder"":""mwpf"",""decoder_type"":""SolverSerialJointSingleHair"",""p"":0.015,""p_erase"":0.015,""r"":5,""run_id"":""6fe96edac5c8fb2c1aed8ea14c67ceeb92423fdf3ce9e1c97fff0ce2aa5d5538""}",
      1024,         0,         0,   0.241,mwpf__3df37f19ced06caff7479a5b90faf590ff17f9b0c66d8cbd04a55c02dee224e8,4e26764943fcb1821d1883072cd6229f946b037a3ae3a98bef8b5488dcff3490,"{""circuit"":""surface_code:rotated_memory_x"",""cluster_node_limit"":50,""d"":5,""decoder"":""mwpf"",""decoder_type"":""SolverSerialJointSingleHair"",""p"":0.005,""p_erase"":0.005,""r"":5,""run_id"":""a9419091d73bd2c76a2c7e3604d34d847de2f4b02b85d0c3d0860c0754fc56d1""}",
      1024,         0,         0,   0.208,mwpf__11f45372c56f7ad844d941b5d91839ad2109f5ded22d55410db8a55c861d7281,0665149c154d50de98a4085a034142b69ec6f9e2cb2daf40322c0cb6f246dbfc,"{""circuit"":""surface_code:rotated_memory_x"",""cluster_node_limit"":50,""d"":5,""decoder"":""mwpf"",""decoder_type"":""SolverSerialJointSingleHair"",""p"":0.004,""p_erase"":0.004,""r"":5,""run_id"":""2c1d23bd89bcf5d6d623dffd52817527ab5ba820bb8c60558a749cc97b051f30""}",
      2048,         0,         0,   0.350,mwpf__8ad8fcf9ec0c744197e0cd79d8dac929e53f70cbe596260e95ac56d60161b394,df80c7f2db27f7ba771fddc719aeb76dc3bf9685962ef0e8e92cfac0b325af85,"{""circuit"":""surface_code:rotated_memory_x"",""cluster_node_limit"":50,""d"":5,""decoder"":""mwpf"",""decoder_type"":""SolverSerialJointSingleHair"",""p"":0.003,""p_erase"":0.003,""r"":5,""run_id"":""15e3edac26702bd06daa1bb3e90bddb5f87b2bb2b182b8fed1b9f8d68845e848""}",
      2048,         0,         0,   0.341,mwpf__8ad8fcf9ec0c744197e0cd79d8dac929e53f70cbe596260e95ac56d60161b394,df80c7f2db27f7ba771fddc719aeb76dc3bf9685962ef0e8e92cfac0b325af85,"{""circuit"":""surface_code:rotated_memory_x"",""cluster_node_limit"":50,""d"":5,""decoder"":""mwpf"",""decoder_type"":""SolverSerialJointSingleHair"",""p"":0.003,""p_erase"":0.003,""r"":5,""run_id"":""15e3edac26702bd06daa1bb3e90bddb5f87b2bb2b182b8fed1b9f8d68845e848""}",
      1024,         0,         0,   0.252,mwpf__3df37f19ced06caff7479a5b90faf590ff17f9b0c66d8cbd04a55c02dee224e8,4e26764943fcb1821d1883072cd6229f946b037a3ae3a98bef8b5488dcff3490,"{""circuit"":""surface_code:rotated_memory_x"",""cluster_node_limit"":50,""d"":5,""decoder"":""mwpf"",""decoder_type"":""SolverSerialJointSingleHair"",""p"":0.005,""p_erase"":0.005,""r"":5,""run_id"":""a9419091d73bd2c76a2c7e3604d34d847de2f4b02b85d0c3d0860c0754fc56d1""}",
      1024,         0,         0,   0.287,mwpf__430ba795469d8cdb0908fffa68ce8bd2f959b001f03fed0500f2be71b231dd61,bc94726745b3aa46725e1d9fdc4e9c3130c336a65a0eef2d6c13560ac6ff3ce4,"{""circuit"":""surface_code:rotated_memory_x"",""cluster_node_limit"":50,""d"":5,""decoder"":""mwpf"",""decoder_type"":""SolverSerialJointSingleHair"",""p"":0.006,""p_erase"":0.006,""r"":5,""run_id"":""136e458ea1bb00db5031dfe54473bc21d7f67216ffcf15b01c0f763ac55c92f3""}",
      1024,         1,         0,   0.420,mwpf__b71b410912a52b6f6379e91fd178b891036e516b5d9bdd3af3e3d833396cfbcb,560e79ac0b8bf685dacd5c09b366945c4286a65db7481ed5906d7ffc59ba6886,"{""circuit"":""surface_code:rotated_memory_x"",""cluster_node_limit"":50,""d"":5,""decoder"":""mwpf"",""decoder_type"":""SolverSerialJointSingleHair"",""p"":0.009,""p_erase"":0.009,""r"":5,""run_id"":""c32281a89ec9fb6ef8731b931cbe729d04602aba0eeadfec21fc1875143cc8af""}",
      1024,         0,         0,   0.383,mwpf__c4429979d8453e1857b47d20b05f1b5ef724026f5497884c20fbcb25fc2cd83f,1aaf6f1039b09a76317612e784f1ea923331e30438434dc3b3d9bf3cdf3c98c1,"{""circuit"":""surface_code:rotated_memory_x"",""cluster_node_limit"":50,""d"":5,""decoder"":""mwpf"",""decoder_type"":""SolverSerialJointSingleHair"",""p"":0.008,""p_erase"":0.008,""r"":5,""run_id"":""bfa3c7cba13850dd37e54bb29bb945687e3fe04272a3151e2ac8acb7416976e7""}",
      1024,         0,         0,   0.287,mwpf__430ba795469d8cdb0908fffa68ce8bd2f959b001f03fed0500f2be71b231dd61,bc94726745b3aa46725e1d9fdc4e9c3130c336a65a0eef2d6c13560ac6ff3ce4,"{""circuit"":""surface_code:rotated_memory_x"",""cluster_node_limit"":50,""d"":5,""decoder"":""mwpf"",""decoder_type"":""SolverSerialJointSingleHair"",""p"":0.006,""p_erase"":0.006,""r"":5,""run_id"":""136e458ea1bb00db5031dfe54473bc21d7f67216ffcf15b01c0f763ac55c92f3""}",
       512,         1,         0,   0.369,mwpf__863de70705822d3ac5c85e737f5c35e9003fe713755bf2a77869c08d12fb176a,2ec4648f3dd239d87d06620b6a49a98301955fe72f19ce1732512c3fdebaf0c8,"{""circuit"":""surface_code:rotated_memory_x"",""cluster_node_limit"":50,""d"":5,""decoder"":""mwpf"",""decoder_type"":""SolverSerialJointSingleHair"",""p"":0.015,""p_erase"":0.015,""r"":5,""run_id"":""6fe96edac5c8fb2c1aed8ea14c67ceeb92423fdf3ce9e1c97fff0ce2aa5d5538""}",
      1024,         0,         0,   0.351,mwpf__6e9afc21b4d3f106a42e849d1d1f275ed6be088715d087c4b8a915d85b035b2b,5980677afcf119f56e68f90e25cc8ff5463f90cf70e710bc49d0e1832a1823e0,"{""circuit"":""surface_code:rotated_memory_x"",""cluster_node_limit"":50,""d"":5,""decoder"":""mwpf"",""decoder_type"":""SolverSerialJointSingleHair"",""p"":0.0075,""p_erase"":0.0075,""r"":5,""run_id"":""5a57a6d0ff957d816c2c86860718eec6af832a23575ff55f991f4b130256fb39""}",
      1024,         0,         0,   0.461,mwpf__8ad69d48345896d862efbd90f2b975904c14044cde7ed10668f8f5eea334f41a,6a6ac4c29065cb30976ec846e8da513c4d01edcdc840656f11ff38553d7306cd,"{""circuit"":""surface_code:rotated_memory_x"",""cluster_node_limit"":50,""d"":5,""decoder"":""mwpf"",""decoder_type"":""SolverSerialJointSingleHair"",""p"":0.01,""p_erase"":0.01,""r"":5,""run_id"":""669fd91e75976823dd1cbb6f0d860524121f186f614db6fb259f60c1945fce8a""}",
      1024,         0,         0,   0.468,mwpf__8ad69d48345896d862efbd90f2b975904c14044cde7ed10668f8f5eea334f41a,6a6ac4c29065cb30976ec846e8da513c4d01edcdc840656f11ff38553d7306cd,"{""circuit"":""surface_code:rotated_memory_x"",""cluster_node_limit"":50,""d"":5,""decoder"":""mwpf"",""decoder_type"":""SolverSerialJointSingleHair"",""p"":0.01,""p_erase"":0.01,""r"":5,""run_id"":""669fd91e75976823dd1cbb6f0d860524121f186f614db6fb259f60c1945fce8a""}",
      1024,         0,         0,   0.249,mwpf__3df37f19ced06caff7479a5b90faf590ff17f9b0c66d8cbd04a55c02dee224e8,4e26764943fcb1821d1883072cd6229f946b037a3ae3a98bef8b5488dcff3490,"{""circuit"":""surface_code:rotated_memory_x"",""cluster_node_limit"":50,""d"":5,""decoder"":""mwpf"",""decoder_type"":""SolverSerialJointSingleHair"",""p"":0.005,""p_erase"":0.005,""r"":5,""run_id"":""a9419091d73bd2c76a2c7e3604d34d847de2f4b02b85d0c3d0860c0754fc56d1""}",
      1024,         0,         0,   0.298,mwpf__c58b7d47f1bf9aa6757e72d714b4934e012141d133da38946d72f780457936e1,95828c0d538c141a350184d6ddc1899b467d2819c8fca6fde9d3b4898bcf42c8,"{""circuit"":""surface_code:rotated_memory_x"",""cluster_node_limit"":50,""d"":5,""decoder"":""mwpf"",""decoder_type"":""SolverSerialJointSingleHair"",""p"":0.0065,""p_erase"":0.0065,""r"":5,""run_id"":""14c277d1360d884007b225112d7b983b9f2c5fc158d2870f656c6b2929b311b6""}",
      2048,         0,         0,   0.338,mwpf__8ad8fcf9ec0c744197e0cd79d8dac929e53f70cbe596260e95ac56d60161b394,df80c7f2db27f7ba771fddc719aeb76dc3bf9685962ef0e8e92cfac0b325af85,"{""circuit"":""surface_code:rotated_memory_x"",""cluster_node_limit"":50,""d"":5,""decoder"":""mwpf"",""decoder_type"":""SolverSerialJointSingleHair"",""p"":0.003,""p_erase"":0.003,""r"":5,""run_id"":""15e3edac26702bd06daa1bb3e90bddb5f87b2bb2b182b8fed1b9f8d68845e848""}",
      1024,         0,         0,   0.452,mwpf__8ad69d48345896d862efbd90f2b975904c14044cde7ed10668f8f5eea334f41a,6a6ac4c29065cb30976ec846e8da513c4d01edcdc840656f11ff38553d7306cd,"{""circuit"":""surface_code:rotated_memory_x"",""cluster_node_limit"":50,""d"":5,""decoder"":""mwpf"",""decoder_type"":""SolverSerialJointSingleHair"",""p"":0.01,""p_erase"":0.01,""r"":5,""run_id"":""669fd91e75976823dd1cbb6f0d860524121f186f614db6fb259f60c1945fce8a""}",
      1024,         0,         0,   0.211,mwpf__11f45372c56f7ad844d941b5d91839ad2109f5ded22d55410db8a55c861d7281,0665149c154d50de98a4085a034142b69ec6f9e2cb2daf40322c0cb6f246dbfc,"{""circuit"":""surface_code:rotated_memory_x"",""cluster_node_limit"":50,""d"":5,""decoder"":""mwpf"",""decoder_type"":""SolverSerialJointSingleHair"",""p"":0.004,""p_erase"":0.004,""r"":5,""run_id"":""2c1d23bd89bcf5d6d623dffd52817527ab5ba820bb8c60558a749cc97b051f30""}",
      1024,         0,         0,   0.351,mwpf__6e9afc21b4d3f106a42e849d1d1f275ed6be088715d087c4b8a915d85b035b2b,5980677afcf119f56e68f90e25cc8ff5463f90cf70e710bc49d0e1832a1823e0,"{""circuit"":""surface_code:rotated_memory_x"",""cluster_node_limit"":50,""d"":5,""decoder"":""mwpf"",""decoder_type"":""SolverSerialJointSingleHair"",""p"":0.0075,""p_erase"":0.0075,""r"":5,""run_id"":""5a57a6d0ff957d816c2c86860718eec6af832a23575ff55f991f4b130256fb39""}",
      1024,         0,         0,   0.279,mwpf__430ba795469d8cdb0908fffa68ce8bd2f959b001f03fed0500f2be71b231dd61,bc94726745b3aa46725e1d9fdc4e9c3130c336a65a0eef2d6c13560ac6ff3ce4,"{""circuit"":""surface_code:rotated_memory_x"",""cluster_node_limit"":50,""d"":5,""decoder"":""mwpf"",""decoder_type"":""SolverSerialJointSingleHair"",""p"":0.006,""p_erase"":0.006,""r"":5,""run_id"":""136e458ea1bb00db5031dfe54473bc21d7f67216ffcf15b01c0f763ac55c92f3""}",
      1024,         0,         0,   0.314,mwpf__c58b7d47f1bf9aa6757e72d714b4934e012141d133da38946d72f780457936e1,95828c0d538c141a350184d6ddc1899b467d2819c8fca6fde9d3b4898bcf42c8,"{""circuit"":""surface_code:rotated_memory_x"",""cluster_node_limit"":50,""d"":5,""decoder"":""mwpf"",""decoder_type"":""SolverSerialJointSingleHair"",""p"":0.0065,""p_erase"":0.0065,""r"":5,""run_id"":""14c277d1360d884007b225112d7b983b9f2c5fc158d2870f656c6b2929b311b6""}",
      1024,         0,         0,   0.313,mwpf__c58b7d47f1bf9aa6757e72d714b4934e012141d133da38946d72f780457936e1,95828c0d538c141a350184d6ddc1899b467d2819c8fca6fde9d3b4898bcf42c8,"{""circuit"":""surface_code:rotated_memory_x"",""cluster_node_limit"":50,""d"":5,""decoder"":""mwpf"",""decoder_type"":""SolverSerialJointSingleHair"",""p"":0.0065,""p_erase"":0.0065,""r"":5,""run_id"":""14c277d1360d884007b225112d7b983b9f2c5fc158d2870f656c6b2929b311b6""}",
      1024,         0,         0,   0.373,mwpf__c4429979d8453e1857b47d20b05f1b5ef724026f5497884c20fbcb25fc2cd83f,1aaf6f1039b09a76317612e784f1ea923331e30438434dc3b3d9bf3cdf3c98c1,"{""circuit"":""surface_code:rotated_memory_x"",""cluster_node_limit"":50,""d"":5,""decoder"":""mwpf"",""decoder_type"":""SolverSerialJointSingleHair"",""p"":0.008,""p_erase"":0.008,""r"":5,""run_id"":""bfa3c7cba13850dd37e54bb29bb945687e3fe04272a3151e2ac8acb7416976e7""}",
      1024,         0,         0,   0.251,mwpf__3df37f19ced06caff7479a5b90faf590ff17f9b0c66d8cbd04a55c02dee224e8,4e26764943fcb1821d1883072cd6229f946b037a3ae3a98bef8b5488dcff3490,"{""circuit"":""surface_code:rotated_memory_x"",""cluster_node_limit"":50,""d"":5,""decoder"":""mwpf"",""decoder_type"":""SolverSerialJointSingleHair"",""p"":0.005,""p_erase"":0.005,""r"":5,""run_id"":""a9419091d73bd2c76a2c7e3604d34d847de2f4b02b85d0c3d0860c0754fc56d1""}",
      1024,         0,         0,   0.385,mwpf__c4429979d8453e1857b47d20b05f1b5ef724026f5497884c20fbcb25fc2cd83f,1aaf6f1039b09a76317612e784f1ea923331e30438434dc3b3d9bf3cdf3c98c1,"{""circuit"":""surface_code:rotated_memory_x"",""cluster_node_limit"":50,""d"":5,""decoder"":""mwpf"",""decoder_type"":""SolverSerialJointSingleHair"",""p"":0.008,""p_erase"":0.008,""r"":5,""run_id"":""bfa3c7cba13850dd37e54bb29bb945687e3fe04272a3151e2ac8acb7416976e7""}",
      1024,         0,         0,   0.244,mwpf__3df37f19ced06caff7479a5b90faf590ff17f9b0c66d8cbd04a55c02dee224e8,4e26764943fcb1821d1883072cd6229f946b037a3ae3a98bef8b5488dcff3490,"{""circuit"":""surface_code:rotated_memory_x"",""cluster_node_limit"":50,""d"":5,""decoder"":""mwpf"",""decoder_type"":""SolverSerialJointSingleHair"",""p"":0.005,""p_erase"":0.005,""r"":5,""run_id"":""a9419091d73bd2c76a2c7e3604d34d847de2f4b02b85d0c3d0860c0754fc56d1""}",
      1024,         0,         0,   0.339,mwpf__8447a0737060a5dcdf9065c9858e255abe4b9d4ba8a5cf9af236a7fcce576409,ca8be4a7ce16ed946a288233270bf64176f33f09c39d80b50eeb919458798379,"{""circuit"":""surface_code:rotated_memory_x"",""cluster_node_limit"":50,""d"":5,""decoder"":""mwpf"",""decoder_type"":""SolverSerialJointSingleHair"",""p"":0.007,""p_erase"":0.007,""r"":5,""run_id"":""fc11e6013551ff75fa4759b0fc71e28cb776c1e995679ad07f9247f45c9ad106""}",
      1024,         0,         0,   0.356,mwpf__6e9afc21b4d3f106a42e849d1d1f275ed6be088715d087c4b8a915d85b035b2b,5980677afcf119f56e68f90e25cc8ff5463f90cf70e710bc49d0e1832a1823e0,"{""circuit"":""surface_code:rotated_memory_x"",""cluster_node_limit"":50,""d"":5,""decoder"":""mwpf"",""decoder_type"":""SolverSerialJointSingleHair"",""p"":0.0075,""p_erase"":0.0075,""r"":5,""run_id"":""5a57a6d0ff957d816c2c86860718eec6af832a23575ff55f991f4b130256fb39""}",
      1024,         0,         0,   0.330,mwpf__8447a0737060a5dcdf9065c9858e255abe4b9d4ba8a5cf9af236a7fcce576409,ca8be4a7ce16ed946a288233270bf64176f33f09c39d80b50eeb919458798379,"{""circuit"":""surface_code:rotated_memory_x"",""cluster_node_limit"":50,""d"":5,""decoder"":""mwpf"",""decoder_type"":""SolverSerialJointSingleHair"",""p"":0.007,""p_erase"":0.007,""r"":5,""run_id"":""fc11e6013551ff75fa4759b0fc71e28cb776c1e995679ad07f9247f45c9ad106""}",
      1024,         0,         0,   0.336,mwpf__8447a0737060a5dcdf9065c9858e255abe4b9d4ba8a5cf9af236a7fcce576409,ca8be4a7ce16ed946a288233270bf64176f33f09c39d80b50eeb919458798379,"{""circuit"":""surface_code:rotated_memory_x"",""cluster_node_limit"":50,""d"":5,""decoder"":""mwpf"",""decoder_type"":""SolverSerialJointSingleHair"",""p"":0.007,""p_erase"":0.007,""r"":5,""run_id"":""fc11e6013551ff75fa4759b0fc71e28cb776c1e995679ad07f9247f45c9ad106""}",
      1024,         0,         0,   0.286,mwpf__430ba795469d8cdb0908fffa68ce8bd2f959b001f03fed0500f2be71b231dd61,bc94726745b3aa46725e1d9fdc4e9c3130c336a65a0eef2d6c13560ac6ff3ce4,"{""circuit"":""surface_code:rotated_memory_x"",""cluster_node_limit"":50,""d"":5,""decoder"":""mwpf"",""decoder_type"":""SolverSerialJointSingleHair"",""p"":0.006,""p_erase"":0.006,""r"":5,""run_id"":""136e458ea1bb00db5031dfe54473bc21d7f67216ffcf15b01c0f763ac55c92f3""}",
      2048,         0,         0,   0.409,mwpf__11f45372c56f7ad844d941b5d91839ad2109f5ded22d55410db8a55c861d7281,0665149c154d50de98a4085a034142b69ec6f9e2cb2daf40322c0cb6f246dbfc,"{""circuit"":""surface_code:rotated_memory_x"",""cluster_node_limit"":50,""d"":5,""decoder"":""mwpf"",""decoder_type"":""SolverSerialJointSingleHair"",""p"":0.004,""p_erase"":0.004,""r"":5,""run_id"":""2c1d23bd89bcf5d6d623dffd52817527ab5ba820bb8c60558a749cc97b051f30""}",
      1024,         0,         0,   0.282,mwpf__430ba795469d8cdb0908fffa68ce8bd2f959b001f03fed0500f2be71b231dd61,bc94726745b3aa46725e1d9fdc4e9c3130c336a65a0eef2d6c13560ac6ff3ce4,"{""circuit"":""surface_code:rotated_memory_x"",""cluster_node_limit"":50,""d"":5,""decoder"":""mwpf"",""decoder_type"":""SolverSerialJointSingleHair"",""p"":0.006,""p_erase"":0.006,""r"":5,""run_id"":""136e458ea1bb00db5031dfe54473bc21d7f67216ffcf15b01c0f763ac55c92f3""}",
      1024,         0,         0,   0.248,mwpf__3df37f19ced06caff7479a5b90faf590ff17f9b0c66d8cbd04a55c02dee224e8,4e26764943fcb1821d1883072cd6229f946b037a3ae3a98bef8b5488dcff3490,"{""circuit"":""surface_code:rotated_memory_x"",""cluster_node_limit"":50,""d"":5,""decoder"":""mwpf"",""decoder_type"":""SolverSerialJointSingleHair"",""p"":0.005,""p_erase"":0.005,""r"":5,""run_id"":""a9419091d73bd2c76a2c7e3604d34d847de2f4b02b85d0c3d0860c0754fc56d1""}",
      1024,         0,         0,   0.426,mwpf__b71b410912a52b6f6379e91fd178b891036e516b5d9bdd3af3e3d833396cfbcb,560e79ac0b8bf685dacd5c09b366945c4286a65db7481ed5906d7ffc59ba6886,"{""circuit"":""surface_code:rotated_memory_x"",""cluster_node_limit"":50,""d"":5,""decoder"":""mwpf"",""decoder_type"":""SolverSerialJointSingleHair"",""p"":0.009,""p_erase"":0.009,""r"":5,""run_id"":""c32281a89ec9fb6ef8731b931cbe729d04602aba0eeadfec21fc1875143cc8af""}",
       512,         1,         0,   0.360,mwpf__863de70705822d3ac5c85e737f5c35e9003fe713755bf2a77869c08d12fb176a,2ec4648f3dd239d87d06620b6a49a98301955fe72f19ce1732512c3fdebaf0c8,"{""circuit"":""surface_code:rotated_memory_x"",""cluster_node_limit"":50,""d"":5,""decoder"":""mwpf"",""decoder_type"":""SolverSerialJointSingleHair"",""p"":0.015,""p_erase"":0.015,""r"":5,""run_id"":""6fe96edac5c8fb2c1aed8ea14c67ceeb92423fdf3ce9e1c97fff0ce2aa5d5538""}",
      2048,         0,         0,   0.341,mwpf__8ad8fcf9ec0c744197e0cd79d8dac929e53f70cbe596260e95ac56d60161b394,df80c7f2db27f7ba771fddc719aeb76dc3bf9685962ef0e8e92cfac0b325af85,"{""circuit"":""surface_code:rotated_memory_x"",""cluster_node_limit"":50,""d"":5,""decoder"":""mwpf"",""decoder_type"":""SolverSerialJointSingleHair"",""p"":0.003,""p_erase"":0.003,""r"":5,""run_id"":""15e3edac26702bd06daa1bb3e90bddb5f87b2bb2b182b8fed1b9f8d68845e848""}",
      2048,         0,         0,   0.345,mwpf__8ad8fcf9ec0c744197e0cd79d8dac929e53f70cbe596260e95ac56d60161b394,df80c7f2db27f7ba771fddc719aeb76dc3bf9685962ef0e8e92cfac0b325af85,"{""circuit"":""surface_code:rotated_memory_x"",""cluster_node_limit"":50,""d"":5,""decoder"":""mwpf"",""decoder_type"":""SolverSerialJointSingleHair"",""p"":0.003,""p_erase"":0.003,""r"":5,""run_id"":""15e3edac26702bd06daa1bb3e90bddb5f87b2bb2b182b8fed1b9f8d68845e848""}",
      1024,         0,         0,   0.413,mwpf__b71b410912a52b6f6379e91fd178b891036e516b5d9bdd3af3e3d833396cfbcb,560e79ac0b8bf685dacd5c09b366945c4286a65db7481ed5906d7ffc59ba6886,"{""circuit"":""surface_code:rotated_memory_x"",""cluster_node_limit"":50,""d"":5,""decoder"":""mwpf"",""decoder_type"":""SolverSerialJointSingleHair"",""p"":0.009,""p_erase"":0.009,""r"":5,""run_id"":""c32281a89ec9fb6ef8731b931cbe729d04602aba0eeadfec21fc1875143cc8af""}",
      1024,         0,         0,   0.305,mwpf__c58b7d47f1bf9aa6757e72d714b4934e012141d133da38946d72f780457936e1,95828c0d538c141a350184d6ddc1899b467d2819c8fca6fde9d3b4898bcf42c8,"{""circuit"":""surface_code:rotated_memory_x"",""cluster_node_limit"":50,""d"":5,""decoder"":""mwpf"",""decoder_type"":""SolverSerialJointSingleHair"",""p"":0.0065,""p_erase"":0.0065,""r"":5,""run_id"":""14c277d1360d884007b225112d7b983b9f2c5fc158d2870f656c6b2929b311b6""}",
      1024,         0,         0,   0.356,mwpf__6e9afc21b4d3f106a42e849d1d1f275ed6be088715d087c4b8a915d85b035b2b,5980677afcf119f56e68f90e25cc8ff5463f90cf70e710bc49d0e1832a1823e0,"{""circuit"":""surface_code:rotated_memory_x"",""cluster_node_limit"":50,""d"":5,""decoder"":""mwpf"",""decoder_type"":""SolverSerialJointSingleHair"",""p"":0.0075,""p_erase"":0.0075,""r"":5,""run_id"":""5a57a6d0ff957d816c2c86860718eec6af832a23575ff55f991f4b130256fb39""}",
       512,         0,         0,   0.359,mwpf__863de70705822d3ac5c85e737f5c35e9003fe713755bf2a77869c08d12fb176a,2ec4648f3dd239d87d06620b6a49a98301955fe72f19ce1732512c3fdebaf0c8,"{""circuit"":""surface_code:rotated_memory_x"",""cluster_node_limit"":50,""d"":5,""decoder"":""mwpf"",""decoder_type"":""SolverSerialJointSingleHair"",""p"":0.015,""p_erase"":0.015,""r"":5,""run_id"":""6fe96edac5c8fb2c1aed8ea14c67ceeb92423fdf3ce9e1c97fff0ce2aa5d5538""}",
      2048,         0,         0,   0.416,mwpf__11f45372c56f7ad844d941b5d91839ad2109f5ded22d55410db8a55c861d7281,0665149c154d50de98a4085a034142b69ec6f9e2cb2daf40322c0cb6f246dbfc,"{""circuit"":""surface_code:rotated_memory_x"",""cluster_node_limit"":50,""d"":5,""decoder"":""mwpf"",""decoder_type"":""SolverSerialJointSingleHair"",""p"":0.004,""p_erase"":0.004,""r"":5,""run_id"":""2c1d23bd89bcf5d6d623dffd52817527ab5ba820bb8c60558a749cc97b051f30""}",
      1024,         0,         0,   0.385,mwpf__c4429979d8453e1857b47d20b05f1b5ef724026f5497884c20fbcb25fc2cd83f,1aaf6f1039b09a76317612e784f1ea923331e30438434dc3b3d9bf3cdf3c98c1,"{""circuit"":""surface_code:rotated_memory_x"",""cluster_node_limit"":50,""d"":5,""decoder"":""mwpf"",""decoder_type"":""SolverSerialJointSingleHair"",""p"":0.008,""p_erase"":0.008,""r"":5,""run_id"":""bfa3c7cba13850dd37e54bb29bb945687e3fe04272a3151e2ac8acb7416976e7""}",
      1024,         0,         0,   0.413,mwpf__b71b410912a52b6f6379e91fd178b891036e516b5d9bdd3af3e3d833396cfbcb,560e79ac0b8bf685dacd5c09b366945c4286a65db7481ed5906d7ffc59ba6886,"{""circuit"":""surface_code:rotated_memory_x"",""cluster_node_limit"":50,""d"":5,""decoder"":""mwpf"",""decoder_type"":""SolverSerialJointSingleHair"",""p"":0.009,""p_erase"":0.009,""r"":5,""run_id"":""c32281a89ec9fb6ef8731b931cbe729d04602aba0eeadfec21fc1875143cc8af""}",
      1024,         0,         0,   0.280,mwpf__430ba795469d8cdb0908fffa68ce8bd2f959b001f03fed0500f2be71b231dd61,bc94726745b3aa46725e1d9fdc4e9c3130c336a65a0eef2d6c13560ac6ff3ce4,"{""circuit"":""surface_code:rotated_memory_x"",""cluster_node_limit"":50,""d"":5,""decoder"":""mwpf"",""decoder_type"":""SolverSerialJointSingleHair"",""p"":0.006,""p_erase"":0.006,""r"":5,""run_id"":""136e458ea1bb00db5031dfe54473bc21d7f67216ffcf15b01c0f763ac55c92f3""}",
      1024,         0,         0,   0.244,mwpf__3df37f19ced06caff7479a5b90faf590ff17f9b0c66d8cbd04a55c02dee224e8,4e26764943fcb1821d1883072cd6229f946b037a3ae3a98bef8b5488dcff3490,"{""circuit"":""surface_code:rotated_memory_x"",""cluster_node_limit"":50,""d"":5,""decoder"":""mwpf"",""decoder_type"":""SolverSerialJointSingleHair"",""p"":0.005,""p_erase"":0.005,""r"":5,""run_id"":""a9419091d73bd2c76a2c7e3604d34d847de2f4b02b85d0c3d0860c0754fc56d1""}",
      1024,         0,         0,   0.241,mwpf__3df37f19ced06caff7479a5b90faf590ff17f9b0c66d8cbd04a55c02dee224e8,4e26764943fcb1821d1883072cd6229f946b037a3ae3a98bef8b5488dcff3490,"{""circuit"":""surface_code:rotated_memory_x"",""cluster_node_limit"":50,""d"":5,""decoder"":""mwpf"",""decoder_type"":""SolverSerialJointSingleHair"",""p"":0.005,""p_erase"":0.005,""r"":5,""run_id"":""a9419091d73bd2c76a2c7e3604d34d847de2f4b02b85d0c3d0860c0754fc56d1""}",
      1024,         0,         0,   0.308,mwpf__c58b7d47f1bf9aa6757e72d714b4934e012141d133da38946d72f780457936e1,95828c0d538c141a350184d6ddc1899b467d2819c8fca6fde9d3b4898bcf42c8,"{""circuit"":""surface_code:rotated_memory_x"",""cluster_node_limit"":50,""d"":5,""decoder"":""mwpf"",""decoder_type"":""SolverSerialJointSingleHair"",""p"":0.0065,""p_erase"":0.0065,""r"":5,""run_id"":""14c277d1360d884007b225112d7b983b9f2c5fc158d2870f656c6b2929b311b6""}",
      1024,         0,         0,   0.313,mwpf__c58b7d47f1bf9aa6757e72d714b4934e012141d133da38946d72f780457936e1,95828c0d538c141a350184d6ddc1899b467d2819c8fca6fde9d3b4898bcf42c8,"{""circuit"":""surface_code:rotated_memory_x"",""cluster_node_limit"":50,""d"":5,""decoder"":""mwpf"",""decoder_type"":""SolverSerialJointSingleHair"",""p"":0.0065,""p_erase"":0.0065,""r"":5,""run_id"":""14c277d1360d884007b225112d7b983b9f2c5fc158d2870f656c6b2929b311b6""}",
      1024,         0,         0,   0.461,mwpf__8ad69d48345896d862efbd90f2b975904c14044cde7ed10668f8f5eea334f41a,6a6ac4c29065cb30976ec846e8da513c4d01edcdc840656f11ff38553d7306cd,"{""circuit"":""surface_code:rotated_memory_x"",""cluster_node_limit"":50,""d"":5,""decoder"":""mwpf"",""decoder_type"":""SolverSerialJointSingleHair"",""p"":0.01,""p_erase"":0.01,""r"":5,""run_id"":""669fd91e75976823dd1cbb6f0d860524121f186f614db6fb259f60c1945fce8a""}",
      1024,         0,         0,   0.349,mwpf__6e9afc21b4d3f106a42e849d1d1f275ed6be088715d087c4b8a915d85b035b2b,5980677afcf119f56e68f90e25cc8ff5463f90cf70e710bc49d0e1832a1823e0,"{""circuit"":""surface_code:rotated_memory_x"",""cluster_node_limit"":50,""d"":5,""decoder"":""mwpf"",""decoder_type"":""SolverSerialJointSingleHair"",""p"":0.0075,""p_erase"":0.0075,""r"":5,""run_id"":""5a57a6d0ff957d816c2c86860718eec6af832a23575ff55f991f4b130256fb39""}",
      1024,         0,         0,   0.492,mwpf__8ad69d48345896d862efbd90f2b975904c14044cde7ed10668f8f5eea334f41a,6a6ac4c29065cb30976ec846e8da513c4d01edcdc840656f11ff38553d7306cd,"{""circuit"":""surface_code:rotated_memory_x"",""cluster_node_limit"":50,""d"":5,""decoder"":""mwpf"",""decoder_type"":""SolverSerialJointSingleHair"",""p"":0.01,""p_erase"":0.01,""r"":5,""run_id"":""669fd91e75976823dd1cbb6f0d860524121f186f614db6fb259f60c1945fce8a""}",
      1024,         1,         0,   0.459,mwpf__8ad69d48345896d862efbd90f2b975904c14044cde7ed10668f8f5eea334f41a,6a6ac4c29065cb30976ec846e8da513c4d01edcdc840656f11ff38553d7306cd,"{""circuit"":""surface_code:rotated_memory_x"",""cluster_node_limit"":50,""d"":5,""decoder"":""mwpf"",""decoder_type"":""SolverSerialJointSingleHair"",""p"":0.01,""p_erase"":0.01,""r"":5,""run_id"":""669fd91e75976823dd1cbb6f0d860524121f186f614db6fb259f60c1945fce8a""}",
      2048,         0,         0,   0.423,mwpf__11f45372c56f7ad844d941b5d91839ad2109f5ded22d55410db8a55c861d7281,0665149c154d50de98a4085a034142b69ec6f9e2cb2daf40322c0cb6f246dbfc,"{""circuit"":""surface_code:rotated_memory_x"",""cluster_node_limit"":50,""d"":5,""decoder"":""mwpf"",""decoder_type"":""SolverSerialJointSingleHair"",""p"":0.004,""p_erase"":0.004,""r"":5,""run_id"":""2c1d23bd89bcf5d6d623dffd52817527ab5ba820bb8c60558a749cc97b051f30""}",
      1024,         1,         0,   0.376,mwpf__c4429979d8453e1857b47d20b05f1b5ef724026f5497884c20fbcb25fc2cd83f,1aaf6f1039b09a76317612e784f1ea923331e30438434dc3b3d9bf3cdf3c98c1,"{""circuit"":""surface_code:rotated_memory_x"",""cluster_node_limit"":50,""d"":5,""decoder"":""mwpf"",""decoder_type"":""SolverSerialJointSingleHair"",""p"":0.008,""p_erase"":0.008,""r"":5,""run_id"":""bfa3c7cba13850dd37e54bb29bb945687e3fe04272a3151e2ac8acb7416976e7""}",
      1024,         0,         0,   0.282,mwpf__430ba795469d8cdb0908fffa68ce8bd2f959b001f03fed0500f2be71b231dd61,bc94726745b3aa46725e1d9fdc4e9c3130c336a65a0eef2d6c13560ac6ff3ce4,"{""circuit"":""surface_code:rotated_memory_x"",""cluster_node_limit"":50,""d"":5,""decoder"":""mwpf"",""decoder_type"":""SolverSerialJointSingleHair"",""p"":0.006,""p_erase"":0.006,""r"":5,""run_id"":""136e458ea1bb00db5031dfe54473bc21d7f67216ffcf15b01c0f763ac55c92f3""}",
      1024,         0,         0,   0.288,mwpf__430ba795469d8cdb0908fffa68ce8bd2f959b001f03fed0500f2be71b231dd61,bc94726745b3aa46725e1d9fdc4e9c3130c336a65a0eef2d6c13560ac6ff3ce4,"{""circuit"":""surface_code:rotated_memory_x"",""cluster_node_limit"":50,""d"":5,""decoder"":""mwpf"",""decoder_type"":""SolverSerialJointSingleHair"",""p"":0.006,""p_erase"":0.006,""r"":5,""run_id"":""136e458ea1bb00db5031dfe54473bc21d7f67216ffcf15b01c0f763ac55c92f3""}",
      1024,         0,         0,   0.376,mwpf__c4429979d8453e1857b47d20b05f1b5ef724026f5497884c20fbcb25fc2cd83f,1aaf6f1039b09a76317612e784f1ea923331e30438434dc3b3d9bf3cdf3c98c1,"{""circuit"":""surface_code:rotated_memory_x"",""cluster_node_limit"":50,""d"":5,""decoder"":""mwpf"",""decoder_type"":""SolverSerialJointSingleHair"",""p"":0.008,""p_erase"":0.008,""r"":5,""run_id"":""bfa3c7cba13850dd37e54bb29bb945687e3fe04272a3151e2ac8acb7416976e7""}",
      3072,         0,         0,   0.511,mwpf__8ad8fcf9ec0c744197e0cd79d8dac929e53f70cbe596260e95ac56d60161b394,df80c7f2db27f7ba771fddc719aeb76dc3bf9685962ef0e8e92cfac0b325af85,"{""circuit"":""surface_code:rotated_memory_x"",""cluster_node_limit"":50,""d"":5,""decoder"":""mwpf"",""decoder_type"":""SolverSerialJointSingleHair"",""p"":0.003,""p_erase"":0.003,""r"":5,""run_id"":""15e3edac26702bd06daa1bb3e90bddb5f87b2bb2b182b8fed1b9f8d68845e848""}",
      1024,         0,         0,   0.340,mwpf__8447a0737060a5dcdf9065c9858e255abe4b9d4ba8a5cf9af236a7fcce576409,ca8be4a7ce16ed946a288233270bf64176f33f09c39d80b50eeb919458798379,"{""circuit"":""surface_code:rotated_memory_x"",""cluster_node_limit"":50,""d"":5,""decoder"":""mwpf"",""decoder_type"":""SolverSerialJointSingleHair"",""p"":0.007,""p_erase"":0.007,""r"":5,""run_id"":""fc11e6013551ff75fa4759b0fc71e28cb776c1e995679ad07f9247f45c9ad106""}",
      1024,         0,         0,   0.331,mwpf__8447a0737060a5dcdf9065c9858e255abe4b9d4ba8a5cf9af236a7fcce576409,ca8be4a7ce16ed946a288233270bf64176f33f09c39d80b50eeb919458798379,"{""circuit"":""surface_code:rotated_memory_x"",""cluster_node_limit"":50,""d"":5,""decoder"":""mwpf"",""decoder_type"":""SolverSerialJointSingleHair"",""p"":0.007,""p_erase"":0.007,""r"":5,""run_id"":""fc11e6013551ff75fa4759b0fc71e28cb776c1e995679ad07f9247f45c9ad106""}",
      1024,         0,         0,   0.329,mwpf__8447a0737060a5dcdf9065c9858e255abe4b9d4ba8a5cf9af236a7fcce576409,ca8be4a7ce16ed946a288233270bf64176f33f09c39d80b50eeb919458798379,"{""circuit"":""surface_code:rotated_memory_x"",""cluster_node_limit"":50,""d"":5,""decoder"":""mwpf"",""decoder_type"":""SolverSerialJointSingleHair"",""p"":0.007,""p_erase"":0.007,""r"":5,""run_id"":""fc11e6013551ff75fa4759b0fc71e28cb776c1e995679ad07f9247f45c9ad106""}",
      1024,         0,         0,   0.350,mwpf__6e9afc21b4d3f106a42e849d1d1f275ed6be088715d087c4b8a915d85b035b2b,5980677afcf119f56e68f90e25cc8ff5463f90cf70e710bc49d0e1832a1823e0,"{""circuit"":""surface_code:rotated_memory_x"",""cluster_node_limit"":50,""d"":5,""decoder"":""mwpf"",""decoder_type"":""SolverSerialJointSingleHair"",""p"":0.0075,""p_erase"":0.0075,""r"":5,""run_id"":""5a57a6d0ff957d816c2c86860718eec6af832a23575ff55f991f4b130256fb39""}",
      1024,         0,         0,   0.301,mwpf__c58b7d47f1bf9aa6757e72d714b4934e012141d133da38946d72f780457936e1,95828c0d538c141a350184d6ddc1899b467d2819c8fca6fde9d3b4898bcf42c8,"{""circuit"":""surface_code:rotated_memory_x"",""cluster_node_limit"":50,""d"":5,""decoder"":""mwpf"",""decoder_type"":""SolverSerialJointSingleHair"",""p"":0.0065,""p_erase"":0.0065,""r"":5,""run_id"":""14c277d1360d884007b225112d7b983b9f2c5fc158d2870f656c6b2929b311b6""}",
       512,         1,         0,   0.362,mwpf__863de70705822d3ac5c85e737f5c35e9003fe713755bf2a77869c08d12fb176a,2ec4648f3dd239d87d06620b6a49a98301955fe72f19ce1732512c3fdebaf0c8,"{""circuit"":""surface_code:rotated_memory_x"",""cluster_node_limit"":50,""d"":5,""decoder"":""mwpf"",""decoder_type"":""SolverSerialJointSingleHair"",""p"":0.015,""p_erase"":0.015,""r"":5,""run_id"":""6fe96edac5c8fb2c1aed8ea14c67ceeb92423fdf3ce9e1c97fff0ce2aa5d5538""}",
      2048,         0,         0,   0.418,mwpf__11f45372c56f7ad844d941b5d91839ad2109f5ded22d55410db8a55c861d7281,0665149c154d50de98a4085a034142b69ec6f9e2cb2daf40322c0cb6f246dbfc,"{""circuit"":""surface_code:rotated_memory_x"",""cluster_node_limit"":50,""d"":5,""decoder"":""mwpf"",""decoder_type"":""SolverSerialJointSingleHair"",""p"":0.004,""p_erase"":0.004,""r"":5,""run_id"":""2c1d23bd89bcf5d6d623dffd52817527ab5ba820bb8c60558a749cc97b051f30""}",
      1024,         0,         0,   0.419,mwpf__b71b410912a52b6f6379e91fd178b891036e516b5d9bdd3af3e3d833396cfbcb,560e79ac0b8bf685dacd5c09b366945c4286a65db7481ed5906d7ffc59ba6886,"{""circuit"":""surface_code:rotated_memory_x"",""cluster_node_limit"":50,""d"":5,""decoder"":""mwpf"",""decoder_type"":""SolverSerialJointSingleHair"",""p"":0.009,""p_erase"":0.009,""r"":5,""run_id"":""c32281a89ec9fb6ef8731b931cbe729d04602aba0eeadfec21fc1875143cc8af""}",
      1024,         0,         0,   0.360,mwpf__6e9afc21b4d3f106a42e849d1d1f275ed6be088715d087c4b8a915d85b035b2b,5980677afcf119f56e68f90e25cc8ff5463f90cf70e710bc49d0e1832a1823e0,"{""circuit"":""surface_code:rotated_memory_x"",""cluster_node_limit"":50,""d"":5,""decoder"":""mwpf"",""decoder_type"":""SolverSerialJointSingleHair"",""p"":0.0075,""p_erase"":0.0075,""r"":5,""run_id"":""5a57a6d0ff957d816c2c86860718eec6af832a23575ff55f991f4b130256fb39""}",
      1024,         0,         0,   0.293,mwpf__430ba795469d8cdb0908fffa68ce8bd2f959b001f03fed0500f2be71b231dd61,bc94726745b3aa46725e1d9fdc4e9c3130c336a65a0eef2d6c13560ac6ff3ce4,"{""circuit"":""surface_code:rotated_memory_x"",""cluster_node_limit"":50,""d"":5,""decoder"":""mwpf"",""decoder_type"":""SolverSerialJointSingleHair"",""p"":0.006,""p_erase"":0.006,""r"":5,""run_id"":""136e458ea1bb00db5031dfe54473bc21d7f67216ffcf15b01c0f763ac55c92f3""}",
       512,         1,         0,   0.363,mwpf__863de70705822d3ac5c85e737f5c35e9003fe713755bf2a77869c08d12fb176a,2ec4648f3dd239d87d06620b6a49a98301955fe72f19ce1732512c3fdebaf0c8,"{""circuit"":""surface_code:rotated_memory_x"",""cluster_node_limit"":50,""d"":5,""decoder"":""mwpf"",""decoder_type"":""SolverSerialJointSingleHair"",""p"":0.015,""p_erase"":0.015,""r"":5,""run_id"":""6fe96edac5c8fb2c1aed8ea14c67ceeb92423fdf3ce9e1c97fff0ce2aa5d5538""}",
      1024,         0,         0,   0.381,mwpf__c4429979d8453e1857b47d20b05f1b5ef724026f5497884c20fbcb25fc2cd83f,1aaf6f1039b09a76317612e784f1ea923331e30438434dc3b3d9bf3cdf3c98c1,"{""circuit"":""surface_code:rotated_memory_x"",""cluster_node_limit"":50,""d"":5,""decoder"":""mwpf"",""decoder_type"":""SolverSerialJointSingleHair"",""p"":0.008,""p_erase"":0.008,""r"":5,""run_id"":""bfa3c7cba13850dd37e54bb29bb945687e3fe04272a3151e2ac8acb7416976e7""}",
      1034,         0,         0,   0.178,mwpf__8ad8fcf9ec0c744197e0cd79d8dac929e53f70cbe596260e95ac56d60161b394,df80c7f2db27f7ba771fddc719aeb76dc3bf9685962ef0e8e92cfac0b325af85,"{""circuit"":""surface_code:rotated_memory_x"",""cluster_node_limit"":50,""d"":5,""decoder"":""mwpf"",""decoder_type"":""SolverSerialJointSingleHair"",""p"":0.003,""p_erase"":0.003,""r"":5,""run_id"":""15e3edac26702bd06daa1bb3e90bddb5f87b2bb2b182b8fed1b9f8d68845e848""}",
      1024,         0,         0,   0.307,mwpf__c58b7d47f1bf9aa6757e72d714b4934e012141d133da38946d72f780457936e1,95828c0d538c141a350184d6ddc1899b467d2819c8fca6fde9d3b4898bcf42c8,"{""circuit"":""surface_code:rotated_memory_x"",""cluster_node_limit"":50,""d"":5,""decoder"":""mwpf"",""decoder_type"":""SolverSerialJointSingleHair"",""p"":0.0065,""p_erase"":0.0065,""r"":5,""run_id"":""14c277d1360d884007b225112d7b983b9f2c5fc158d2870f656c6b2929b311b6""}",
      1024,         0,         0,   0.428,mwpf__b71b410912a52b6f6379e91fd178b891036e516b5d9bdd3af3e3d833396cfbcb,560e79ac0b8bf685dacd5c09b366945c4286a65db7481ed5906d7ffc59ba6886,"{""circuit"":""surface_code:rotated_memory_x"",""cluster_node_limit"":50,""d"":5,""decoder"":""mwpf"",""decoder_type"":""SolverSerialJointSingleHair"",""p"":0.009,""p_erase"":0.009,""r"":5,""run_id"":""c32281a89ec9fb6ef8731b931cbe729d04602aba0eeadfec21fc1875143cc8af""}",
      2048,         0,         0,   0.420,mwpf__11f45372c56f7ad844d941b5d91839ad2109f5ded22d55410db8a55c861d7281,0665149c154d50de98a4085a034142b69ec6f9e2cb2daf40322c0cb6f246dbfc,"{""circuit"":""surface_code:rotated_memory_x"",""cluster_node_limit"":50,""d"":5,""decoder"":""mwpf"",""decoder_type"":""SolverSerialJointSingleHair"",""p"":0.004,""p_erase"":0.004,""r"":5,""run_id"":""2c1d23bd89bcf5d6d623dffd52817527ab5ba820bb8c60558a749cc97b051f30""}",
      1024,         0,         0,   0.317,mwpf__c58b7d47f1bf9aa6757e72d714b4934e012141d133da38946d72f780457936e1,95828c0d538c141a350184d6ddc1899b467d2819c8fca6fde9d3b4898bcf42c8,"{""circuit"":""surface_code:rotated_memory_x"",""cluster_node_limit"":50,""d"":5,""decoder"":""mwpf"",""decoder_type"":""SolverSerialJointSingleHair"",""p"":0.0065,""p_erase"":0.0065,""r"":5,""run_id"":""14c277d1360d884007b225112d7b983b9f2c5fc158d2870f656c6b2929b311b6""}",
      2048,         0,         0,   0.499,mwpf__3df37f19ced06caff7479a5b90faf590ff17f9b0c66d8cbd04a55c02dee224e8,4e26764943fcb1821d1883072cd6229f946b037a3ae3a98bef8b5488dcff3490,"{""circuit"":""surface_code:rotated_memory_x"",""cluster_node_limit"":50,""d"":5,""decoder"":""mwpf"",""decoder_type"":""SolverSerialJointSingleHair"",""p"":0.005,""p_erase"":0.005,""r"":5,""run_id"":""a9419091d73bd2c76a2c7e3604d34d847de2f4b02b85d0c3d0860c0754fc56d1""}",
      3072,         0,         0,   0.527,mwpf__8ad8fcf9ec0c744197e0cd79d8dac929e53f70cbe596260e95ac56d60161b394,df80c7f2db27f7ba771fddc719aeb76dc3bf9685962ef0e8e92cfac0b325af85,"{""circuit"":""surface_code:rotated_memory_x"",""cluster_node_limit"":50,""d"":5,""decoder"":""mwpf"",""decoder_type"":""SolverSerialJointSingleHair"",""p"":0.003,""p_erase"":0.003,""r"":5,""run_id"":""15e3edac26702bd06daa1bb3e90bddb5f87b2bb2b182b8fed1b9f8d68845e848""}",
      1024,         0,         0,   0.430,mwpf__b71b410912a52b6f6379e91fd178b891036e516b5d9bdd3af3e3d833396cfbcb,560e79ac0b8bf685dacd5c09b366945c4286a65db7481ed5906d7ffc59ba6886,"{""circuit"":""surface_code:rotated_memory_x"",""cluster_node_limit"":50,""d"":5,""decoder"":""mwpf"",""decoder_type"":""SolverSerialJointSingleHair"",""p"":0.009,""p_erase"":0.009,""r"":5,""run_id"":""c32281a89ec9fb6ef8731b931cbe729d04602aba0eeadfec21fc1875143cc8af""}",
      3072,         0,         0,   0.528,mwpf__8ad8fcf9ec0c744197e0cd79d8dac929e53f70cbe596260e95ac56d60161b394,df80c7f2db27f7ba771fddc719aeb76dc3bf9685962ef0e8e92cfac0b325af85,"{""circuit"":""surface_code:rotated_memory_x"",""cluster_node_limit"":50,""d"":5,""decoder"":""mwpf"",""decoder_type"":""SolverSerialJointSingleHair"",""p"":0.003,""p_erase"":0.003,""r"":5,""run_id"":""15e3edac26702bd06daa1bb3e90bddb5f87b2bb2b182b8fed1b9f8d68845e848""}",
      1024,         0,         0,   0.292,mwpf__430ba795469d8cdb0908fffa68ce8bd2f959b001f03fed0500f2be71b231dd61,bc94726745b3aa46725e1d9fdc4e9c3130c336a65a0eef2d6c13560ac6ff3ce4,"{""circuit"":""surface_code:rotated_memory_x"",""cluster_node_limit"":50,""d"":5,""decoder"":""mwpf"",""decoder_type"":""SolverSerialJointSingleHair"",""p"":0.006,""p_erase"":0.006,""r"":5,""run_id"":""136e458ea1bb00db5031dfe54473bc21d7f67216ffcf15b01c0f763ac55c92f3""}",
      1024,         0,         0,   0.363,mwpf__6e9afc21b4d3f106a42e849d1d1f275ed6be088715d087c4b8a915d85b035b2b,5980677afcf119f56e68f90e25cc8ff5463f90cf70e710bc49d0e1832a1823e0,"{""circuit"":""surface_code:rotated_memory_x"",""cluster_node_limit"":50,""d"":5,""decoder"":""mwpf"",""decoder_type"":""SolverSerialJointSingleHair"",""p"":0.0075,""p_erase"":0.0075,""r"":5,""run_id"":""5a57a6d0ff957d816c2c86860718eec6af832a23575ff55f991f4b130256fb39""}",
      1024,         0,         0,   0.296,mwpf__430ba795469d8cdb0908fffa68ce8bd2f959b001f03fed0500f2be71b231dd61,bc94726745b3aa46725e1d9fdc4e9c3130c336a65a0eef2d6c13560ac6ff3ce4,"{""circuit"":""surface_code:rotated_memory_x"",""cluster_node_limit"":50,""d"":5,""decoder"":""mwpf"",""decoder_type"":""SolverSerialJointSingleHair"",""p"":0.006,""p_erase"":0.006,""r"":5,""run_id"":""136e458ea1bb00db5031dfe54473bc21d7f67216ffcf15b01c0f763ac55c92f3""}",
      1024,         0,         0,   0.383,mwpf__c4429979d8453e1857b47d20b05f1b5ef724026f5497884c20fbcb25fc2cd83f,1aaf6f1039b09a76317612e784f1ea923331e30438434dc3b3d9bf3cdf3c98c1,"{""circuit"":""surface_code:rotated_memory_x"",""cluster_node_limit"":50,""d"":5,""decoder"":""mwpf"",""decoder_type"":""SolverSerialJointSingleHair"",""p"":0.008,""p_erase"":0.008,""r"":5,""run_id"":""bfa3c7cba13850dd37e54bb29bb945687e3fe04272a3151e2ac8acb7416976e7""}",
      1024,         0,         0,   0.343,mwpf__8447a0737060a5dcdf9065c9858e255abe4b9d4ba8a5cf9af236a7fcce576409,ca8be4a7ce16ed946a288233270bf64176f33f09c39d80b50eeb919458798379,"{""circuit"":""surface_code:rotated_memory_x"",""cluster_node_limit"":50,""d"":5,""decoder"":""mwpf"",""decoder_type"":""SolverSerialJointSingleHair"",""p"":0.007,""p_erase"":0.007,""r"":5,""run_id"":""fc11e6013551ff75fa4759b0fc71e28cb776c1e995679ad07f9247f45c9ad106""}",
      1024,         0,         0,   0.345,mwpf__8447a0737060a5dcdf9065c9858e255abe4b9d4ba8a5cf9af236a7fcce576409,ca8be4a7ce16ed946a288233270bf64176f33f09c39d80b50eeb919458798379,"{""circuit"":""surface_code:rotated_memory_x"",""cluster_node_limit"":50,""d"":5,""decoder"":""mwpf"",""decoder_type"":""SolverSerialJointSingleHair"",""p"":0.007,""p_erase"":0.007,""r"":5,""run_id"":""fc11e6013551ff75fa4759b0fc71e28cb776c1e995679ad07f9247f45c9ad106""}",
      2048,         0,         0,   0.502,mwpf__3df37f19ced06caff7479a5b90faf590ff17f9b0c66d8cbd04a55c02dee224e8,4e26764943fcb1821d1883072cd6229f946b037a3ae3a98bef8b5488dcff3490,"{""circuit"":""surface_code:rotated_memory_x"",""cluster_node_limit"":50,""d"":5,""decoder"":""mwpf"",""decoder_type"":""SolverSerialJointSingleHair"",""p"":0.005,""p_erase"":0.005,""r"":5,""run_id"":""a9419091d73bd2c76a2c7e3604d34d847de2f4b02b85d0c3d0860c0754fc56d1""}",
      1024,         0,         0,   0.341,mwpf__8447a0737060a5dcdf9065c9858e255abe4b9d4ba8a5cf9af236a7fcce576409,ca8be4a7ce16ed946a288233270bf64176f33f09c39d80b50eeb919458798379,"{""circuit"":""surface_code:rotated_memory_x"",""cluster_node_limit"":50,""d"":5,""decoder"":""mwpf"",""decoder_type"":""SolverSerialJointSingleHair"",""p"":0.007,""p_erase"":0.007,""r"":5,""run_id"":""fc11e6013551ff75fa4759b0fc71e28cb776c1e995679ad07f9247f45c9ad106""}",
      2048,         0,         0,   0.494,mwpf__3df37f19ced06caff7479a5b90faf590ff17f9b0c66d8cbd04a55c02dee224e8,4e26764943fcb1821d1883072cd6229f946b037a3ae3a98bef8b5488dcff3490,"{""circuit"":""surface_code:rotated_memory_x"",""cluster_node_limit"":50,""d"":5,""decoder"":""mwpf"",""decoder_type"":""SolverSerialJointSingleHair"",""p"":0.005,""p_erase"":0.005,""r"":5,""run_id"":""a9419091d73bd2c76a2c7e3604d34d847de2f4b02b85d0c3d0860c0754fc56d1""}",
       689,         0,         0,   0.115,mwpf__8ad8fcf9ec0c744197e0cd79d8dac929e53f70cbe596260e95ac56d60161b394,df80c7f2db27f7ba771fddc719aeb76dc3bf9685962ef0e8e92cfac0b325af85,"{""circuit"":""surface_code:rotated_memory_x"",""cluster_node_limit"":50,""d"":5,""decoder"":""mwpf"",""decoder_type"":""SolverSerialJointSingleHair"",""p"":0.003,""p_erase"":0.003,""r"":5,""run_id"":""15e3edac26702bd06daa1bb3e90bddb5f87b2bb2b182b8fed1b9f8d68845e848""}",
      1024,         0,         0,   0.383,mwpf__c4429979d8453e1857b47d20b05f1b5ef724026f5497884c20fbcb25fc2cd83f,1aaf6f1039b09a76317612e784f1ea923331e30438434dc3b3d9bf3cdf3c98c1,"{""circuit"":""surface_code:rotated_memory_x"",""cluster_node_limit"":50,""d"":5,""decoder"":""mwpf"",""decoder_type"":""SolverSerialJointSingleHair"",""p"":0.008,""p_erase"":0.008,""r"":5,""run_id"":""bfa3c7cba13850dd37e54bb29bb945687e3fe04272a3151e2ac8acb7416976e7""}",
       689,         0,         0,   0.114,mwpf__8ad8fcf9ec0c744197e0cd79d8dac929e53f70cbe596260e95ac56d60161b394,df80c7f2db27f7ba771fddc719aeb76dc3bf9685962ef0e8e92cfac0b325af85,"{""circuit"":""surface_code:rotated_memory_x"",""cluster_node_limit"":50,""d"":5,""decoder"":""mwpf"",""decoder_type"":""SolverSerialJointSingleHair"",""p"":0.003,""p_erase"":0.003,""r"":5,""run_id"":""15e3edac26702bd06daa1bb3e90bddb5f87b2bb2b182b8fed1b9f8d68845e848""}",
       689,         0,         0,   0.117,mwpf__8ad8fcf9ec0c744197e0cd79d8dac929e53f70cbe596260e95ac56d60161b394,df80c7f2db27f7ba771fddc719aeb76dc3bf9685962ef0e8e92cfac0b325af85,"{""circuit"":""surface_code:rotated_memory_x"",""cluster_node_limit"":50,""d"":5,""decoder"":""mwpf"",""decoder_type"":""SolverSerialJointSingleHair"",""p"":0.003,""p_erase"":0.003,""r"":5,""run_id"":""15e3edac26702bd06daa1bb3e90bddb5f87b2bb2b182b8fed1b9f8d68845e848""}",
      1024,         0,         0,   0.308,mwpf__c58b7d47f1bf9aa6757e72d714b4934e012141d133da38946d72f780457936e1,95828c0d538c141a350184d6ddc1899b467d2819c8fca6fde9d3b4898bcf42c8,"{""circuit"":""surface_code:rotated_memory_x"",""cluster_node_limit"":50,""d"":5,""decoder"":""mwpf"",""decoder_type"":""SolverSerialJointSingleHair"",""p"":0.0065,""p_erase"":0.0065,""r"":5,""run_id"":""14c277d1360d884007b225112d7b983b9f2c5fc158d2870f656c6b2929b311b6""}",
      1024,         0,         0,   0.474,mwpf__8ad69d48345896d862efbd90f2b975904c14044cde7ed10668f8f5eea334f41a,6a6ac4c29065cb30976ec846e8da513c4d01edcdc840656f11ff38553d7306cd,"{""circuit"":""surface_code:rotated_memory_x"",""cluster_node_limit"":50,""d"":5,""decoder"":""mwpf"",""decoder_type"":""SolverSerialJointSingleHair"",""p"":0.01,""p_erase"":0.01,""r"":5,""run_id"":""669fd91e75976823dd1cbb6f0d860524121f186f614db6fb259f60c1945fce8a""}",
      1024,         0,         0,   0.359,mwpf__6e9afc21b4d3f106a42e849d1d1f275ed6be088715d087c4b8a915d85b035b2b,5980677afcf119f56e68f90e25cc8ff5463f90cf70e710bc49d0e1832a1823e0,"{""circuit"":""surface_code:rotated_memory_x"",""cluster_node_limit"":50,""d"":5,""decoder"":""mwpf"",""decoder_type"":""SolverSerialJointSingleHair"",""p"":0.0075,""p_erase"":0.0075,""r"":5,""run_id"":""5a57a6d0ff957d816c2c86860718eec6af832a23575ff55f991f4b130256fb39""}",
      2048,         0,         0,   0.436,mwpf__11f45372c56f7ad844d941b5d91839ad2109f5ded22d55410db8a55c861d7281,0665149c154d50de98a4085a034142b69ec6f9e2cb2daf40322c0cb6f246dbfc,"{""circuit"":""surface_code:rotated_memory_x"",""cluster_node_limit"":50,""d"":5,""decoder"":""mwpf"",""decoder_type"":""SolverSerialJointSingleHair"",""p"":0.004,""p_erase"":0.004,""r"":5,""run_id"":""2c1d23bd89bcf5d6d623dffd52817527ab5ba820bb8c60558a749cc97b051f30""}",
      1024,         0,         0,   0.503,mwpf__8ad69d48345896d862efbd90f2b975904c14044cde7ed10668f8f5eea334f41a,6a6ac4c29065cb30976ec846e8da513c4d01edcdc840656f11ff38553d7306cd,"{""circuit"":""surface_code:rotated_memory_x"",""cluster_node_limit"":50,""d"":5,""decoder"":""mwpf"",""decoder_type"":""SolverSerialJointSingleHair"",""p"":0.01,""p_erase"":0.01,""r"":5,""run_id"":""669fd91e75976823dd1cbb6f0d860524121f186f614db6fb259f60c1945fce8a""}",
      1024,         0,         0,   0.477,mwpf__8ad69d48345896d862efbd90f2b975904c14044cde7ed10668f8f5eea334f41a,6a6ac4c29065cb30976ec846e8da513c4d01edcdc840656f11ff38553d7306cd,"{""circuit"":""surface_code:rotated_memory_x"",""cluster_node_limit"":50,""d"":5,""decoder"":""mwpf"",""decoder_type"":""SolverSerialJointSingleHair"",""p"":0.01,""p_erase"":0.01,""r"":5,""run_id"":""669fd91e75976823dd1cbb6f0d860524121f186f614db6fb259f60c1945fce8a""}",
       512,         0,         0,   0.365,mwpf__863de70705822d3ac5c85e737f5c35e9003fe713755bf2a77869c08d12fb176a,2ec4648f3dd239d87d06620b6a49a98301955fe72f19ce1732512c3fdebaf0c8,"{""circuit"":""surface_code:rotated_memory_x"",""cluster_node_limit"":50,""d"":5,""decoder"":""mwpf"",""decoder_type"":""SolverSerialJointSingleHair"",""p"":0.015,""p_erase"":0.015,""r"":5,""run_id"":""6fe96edac5c8fb2c1aed8ea14c67ceeb92423fdf3ce9e1c97fff0ce2aa5d5538""}",
      1024,         0,         0,   0.358,mwpf__6e9afc21b4d3f106a42e849d1d1f275ed6be088715d087c4b8a915d85b035b2b,5980677afcf119f56e68f90e25cc8ff5463f90cf70e710bc49d0e1832a1823e0,"{""circuit"":""surface_code:rotated_memory_x"",""cluster_node_limit"":50,""d"":5,""decoder"":""mwpf"",""decoder_type"":""SolverSerialJointSingleHair"",""p"":0.0075,""p_erase"":0.0075,""r"":5,""run_id"":""5a57a6d0ff957d816c2c86860718eec6af832a23575ff55f991f4b130256fb39""}",
      1024,         0,         0,   0.307,mwpf__c58b7d47f1bf9aa6757e72d714b4934e012141d133da38946d72f780457936e1,95828c0d538c141a350184d6ddc1899b467d2819c8fca6fde9d3b4898bcf42c8,"{""circuit"":""surface_code:rotated_memory_x"",""cluster_node_limit"":50,""d"":5,""decoder"":""mwpf"",""decoder_type"":""SolverSerialJointSingleHair"",""p"":0.0065,""p_erase"":0.0065,""r"":5,""run_id"":""14c277d1360d884007b225112d7b983b9f2c5fc158d2870f656c6b2929b311b6""}",
       512,         3,         0,   0.359,mwpf__863de70705822d3ac5c85e737f5c35e9003fe713755bf2a77869c08d12fb176a,2ec4648f3dd239d87d06620b6a49a98301955fe72f19ce1732512c3fdebaf0c8,"{""circuit"":""surface_code:rotated_memory_x"",""cluster_node_limit"":50,""d"":5,""decoder"":""mwpf"",""decoder_type"":""SolverSerialJointSingleHair"",""p"":0.015,""p_erase"":0.015,""r"":5,""run_id"":""6fe96edac5c8fb2c1aed8ea14c67ceeb92423fdf3ce9e1c97fff0ce2aa5d5538""}",
      1024,         0,         0,   0.314,mwpf__c58b7d47f1bf9aa6757e72d714b4934e012141d133da38946d72f780457936e1,95828c0d538c141a350184d6ddc1899b467d2819c8fca6fde9d3b4898bcf42c8,"{""circuit"":""surface_code:rotated_memory_x"",""cluster_node_limit"":50,""d"":5,""decoder"":""mwpf"",""decoder_type"":""SolverSerialJointSingleHair"",""p"":0.0065,""p_erase"":0.0065,""r"":5,""run_id"":""14c277d1360d884007b225112d7b983b9f2c5fc158d2870f656c6b2929b311b6""}",
      2048,         0,         0,   0.418,mwpf__11f45372c56f7ad844d941b5d91839ad2109f5ded22d55410db8a55c861d7281,0665149c154d50de98a4085a034142b69ec6f9e2cb2daf40322c0cb6f246dbfc,"{""circuit"":""surface_code:rotated_memory_x"",""cluster_node_limit"":50,""d"":5,""decoder"":""mwpf"",""decoder_type"":""SolverSerialJointSingleHair"",""p"":0.004,""p_erase"":0.004,""r"":5,""run_id"":""2c1d23bd89bcf5d6d623dffd52817527ab5ba820bb8c60558a749cc97b051f30""}",
      1024,         0,         0,   0.410,mwpf__b71b410912a52b6f6379e91fd178b891036e516b5d9bdd3af3e3d833396cfbcb,560e79ac0b8bf685dacd5c09b366945c4286a65db7481ed5906d7ffc59ba6886,"{""circuit"":""surface_code:rotated_memory_x"",""cluster_node_limit"":50,""d"":5,""decoder"":""mwpf"",""decoder_type"":""SolverSerialJointSingleHair"",""p"":0.009,""p_erase"":0.009,""r"":5,""run_id"":""c32281a89ec9fb6ef8731b931cbe729d04602aba0eeadfec21fc1875143cc8af""}",
      1024,         2,         0,   0.375,mwpf__c4429979d8453e1857b47d20b05f1b5ef724026f5497884c20fbcb25fc2cd83f,1aaf6f1039b09a76317612e784f1ea923331e30438434dc3b3d9bf3cdf3c98c1,"{""circuit"":""surface_code:rotated_memory_x"",""cluster_node_limit"":50,""d"":5,""decoder"":""mwpf"",""decoder_type"":""SolverSerialJointSingleHair"",""p"":0.008,""p_erase"":0.008,""r"":5,""run_id"":""bfa3c7cba13850dd37e54bb29bb945687e3fe04272a3151e2ac8acb7416976e7""}",
      1024,         0,         0,   0.295,mwpf__430ba795469d8cdb0908fffa68ce8bd2f959b001f03fed0500f2be71b231dd61,bc94726745b3aa46725e1d9fdc4e9c3130c336a65a0eef2d6c13560ac6ff3ce4,"{""circuit"":""surface_code:rotated_memory_x"",""cluster_node_limit"":50,""d"":5,""decoder"":""mwpf"",""decoder_type"":""SolverSerialJointSingleHair"",""p"":0.006,""p_erase"":0.006,""r"":5,""run_id"":""136e458ea1bb00db5031dfe54473bc21d7f67216ffcf15b01c0f763ac55c92f3""}",
      1035,         0,         0,   0.216,mwpf__11f45372c56f7ad844d941b5d91839ad2109f5ded22d55410db8a55c861d7281,0665149c154d50de98a4085a034142b69ec6f9e2cb2daf40322c0cb6f246dbfc,"{""circuit"":""surface_code:rotated_memory_x"",""cluster_node_limit"":50,""d"":5,""decoder"":""mwpf"",""decoder_type"":""SolverSerialJointSingleHair"",""p"":0.004,""p_erase"":0.004,""r"":5,""run_id"":""2c1d23bd89bcf5d6d623dffd52817527ab5ba820bb8c60558a749cc97b051f30""}",
      1024,         2,         0,   0.416,mwpf__b71b410912a52b6f6379e91fd178b891036e516b5d9bdd3af3e3d833396cfbcb,560e79ac0b8bf685dacd5c09b366945c4286a65db7481ed5906d7ffc59ba6886,"{""circuit"":""surface_code:rotated_memory_x"",""cluster_node_limit"":50,""d"":5,""decoder"":""mwpf"",""decoder_type"":""SolverSerialJointSingleHair"",""p"":0.009,""p_erase"":0.009,""r"":5,""run_id"":""c32281a89ec9fb6ef8731b931cbe729d04602aba0eeadfec21fc1875143cc8af""}",
      2048,         0,         0,   0.426,mwpf__11f45372c56f7ad844d941b5d91839ad2109f5ded22d55410db8a55c861d7281,0665149c154d50de98a4085a034142b69ec6f9e2cb2daf40322c0cb6f246dbfc,"{""circuit"":""surface_code:rotated_memory_x"",""cluster_node_limit"":50,""d"":5,""decoder"":""mwpf"",""decoder_type"":""SolverSerialJointSingleHair"",""p"":0.004,""p_erase"":0.004,""r"":5,""run_id"":""2c1d23bd89bcf5d6d623dffd52817527ab5ba820bb8c60558a749cc97b051f30""}",
      1024,         0,         0,   0.363,mwpf__6e9afc21b4d3f106a42e849d1d1f275ed6be088715d087c4b8a915d85b035b2b,5980677afcf119f56e68f90e25cc8ff5463f90cf70e710bc49d0e1832a1823e0,"{""circuit"":""surface_code:rotated_memory_x"",""cluster_node_limit"":50,""d"":5,""decoder"":""mwpf"",""decoder_type"":""SolverSerialJointSingleHair"",""p"":0.0075,""p_erase"":0.0075,""r"":5,""run_id"":""5a57a6d0ff957d816c2c86860718eec6af832a23575ff55f991f4b130256fb39""}",
      1024,         0,         0,   0.421,mwpf__b71b410912a52b6f6379e91fd178b891036e516b5d9bdd3af3e3d833396cfbcb,560e79ac0b8bf685dacd5c09b366945c4286a65db7481ed5906d7ffc59ba6886,"{""circuit"":""surface_code:rotated_memory_x"",""cluster_node_limit"":50,""d"":5,""decoder"":""mwpf"",""decoder_type"":""SolverSerialJointSingleHair"",""p"":0.009,""p_erase"":0.009,""r"":5,""run_id"":""c32281a89ec9fb6ef8731b931cbe729d04602aba0eeadfec21fc1875143cc8af""}",
      1024,         0,         0,   0.327,mwpf__8447a0737060a5dcdf9065c9858e255abe4b9d4ba8a5cf9af236a7fcce576409,ca8be4a7ce16ed946a288233270bf64176f33f09c39d80b50eeb919458798379,"{""circuit"":""surface_code:rotated_memory_x"",""cluster_node_limit"":50,""d"":5,""decoder"":""mwpf"",""decoder_type"":""SolverSerialJointSingleHair"",""p"":0.007,""p_erase"":0.007,""r"":5,""run_id"":""fc11e6013551ff75fa4759b0fc71e28cb776c1e995679ad07f9247f45c9ad106""}",
      1024,         0,         0,   0.304,mwpf__c58b7d47f1bf9aa6757e72d714b4934e012141d133da38946d72f780457936e1,95828c0d538c141a350184d6ddc1899b467d2819c8fca6fde9d3b4898bcf42c8,"{""circuit"":""surface_code:rotated_memory_x"",""cluster_node_limit"":50,""d"":5,""decoder"":""mwpf"",""decoder_type"":""SolverSerialJointSingleHair"",""p"":0.0065,""p_erase"":0.0065,""r"":5,""run_id"":""14c277d1360d884007b225112d7b983b9f2c5fc158d2870f656c6b2929b311b6""}",
      1024,         0,         0,   0.329,mwpf__8447a0737060a5dcdf9065c9858e255abe4b9d4ba8a5cf9af236a7fcce576409,ca8be4a7ce16ed946a288233270bf64176f33f09c39d80b50eeb919458798379,"{""circuit"":""surface_code:rotated_memory_x"",""cluster_node_limit"":50,""d"":5,""decoder"":""mwpf"",""decoder_type"":""SolverSerialJointSingleHair"",""p"":0.007,""p_erase"":0.007,""r"":5,""run_id"":""fc11e6013551ff75fa4759b0fc71e28cb776c1e995679ad07f9247f45c9ad106""}",
      1024,         0,         0,   0.335,mwpf__8447a0737060a5dcdf9065c9858e255abe4b9d4ba8a5cf9af236a7fcce576409,ca8be4a7ce16ed946a288233270bf64176f33f09c39d80b50eeb919458798379,"{""circuit"":""surface_code:rotated_memory_x"",""cluster_node_limit"":50,""d"":5,""decoder"":""mwpf"",""decoder_type"":""SolverSerialJointSingleHair"",""p"":0.007,""p_erase"":0.007,""r"":5,""run_id"":""fc11e6013551ff75fa4759b0fc71e28cb776c1e995679ad07f9247f45c9ad106""}",
      2048,         0,         0,   0.566,mwpf__430ba795469d8cdb0908fffa68ce8bd2f959b001f03fed0500f2be71b231dd61,bc94726745b3aa46725e1d9fdc4e9c3130c336a65a0eef2d6c13560ac6ff3ce4,"{""circuit"":""surface_code:rotated_memory_x"",""cluster_node_limit"":50,""d"":5,""decoder"":""mwpf"",""decoder_type"":""SolverSerialJointSingleHair"",""p"":0.006,""p_erase"":0.006,""r"":5,""run_id"":""136e458ea1bb00db5031dfe54473bc21d7f67216ffcf15b01c0f763ac55c92f3""}",
      2048,         0,         0,   0.504,mwpf__3df37f19ced06caff7479a5b90faf590ff17f9b0c66d8cbd04a55c02dee224e8,4e26764943fcb1821d1883072cd6229f946b037a3ae3a98bef8b5488dcff3490,"{""circuit"":""surface_code:rotated_memory_x"",""cluster_node_limit"":50,""d"":5,""decoder"":""mwpf"",""decoder_type"":""SolverSerialJointSingleHair"",""p"":0.005,""p_erase"":0.005,""r"":5,""run_id"":""a9419091d73bd2c76a2c7e3604d34d847de2f4b02b85d0c3d0860c0754fc56d1""}",
      1024,         1,         0,   0.376,mwpf__c4429979d8453e1857b47d20b05f1b5ef724026f5497884c20fbcb25fc2cd83f,1aaf6f1039b09a76317612e784f1ea923331e30438434dc3b3d9bf3cdf3c98c1,"{""circuit"":""surface_code:rotated_memory_x"",""cluster_node_limit"":50,""d"":5,""decoder"":""mwpf"",""decoder_type"":""SolverSerialJointSingleHair"",""p"":0.008,""p_erase"":0.008,""r"":5,""run_id"":""bfa3c7cba13850dd37e54bb29bb945687e3fe04272a3151e2ac8acb7416976e7""}",
      1024,         0,         0,   0.343,mwpf__6e9afc21b4d3f106a42e849d1d1f275ed6be088715d087c4b8a915d85b035b2b,5980677afcf119f56e68f90e25cc8ff5463f90cf70e710bc49d0e1832a1823e0,"{""circuit"":""surface_code:rotated_memory_x"",""cluster_node_limit"":50,""d"":5,""decoder"":""mwpf"",""decoder_type"":""SolverSerialJointSingleHair"",""p"":0.0075,""p_erase"":0.0075,""r"":5,""run_id"":""5a57a6d0ff957d816c2c86860718eec6af832a23575ff55f991f4b130256fb39""}",
      1024,         0,         0,   0.368,mwpf__c4429979d8453e1857b47d20b05f1b5ef724026f5497884c20fbcb25fc2cd83f,1aaf6f1039b09a76317612e784f1ea923331e30438434dc3b3d9bf3cdf3c98c1,"{""circuit"":""surface_code:rotated_memory_x"",""cluster_node_limit"":50,""d"":5,""decoder"":""mwpf"",""decoder_type"":""SolverSerialJointSingleHair"",""p"":0.008,""p_erase"":0.008,""r"":5,""run_id"":""bfa3c7cba13850dd37e54bb29bb945687e3fe04272a3151e2ac8acb7416976e7""}",
       512,         1,         0,   0.352,mwpf__863de70705822d3ac5c85e737f5c35e9003fe713755bf2a77869c08d12fb176a,2ec4648f3dd239d87d06620b6a49a98301955fe72f19ce1732512c3fdebaf0c8,"{""circuit"":""surface_code:rotated_memory_x"",""cluster_node_limit"":50,""d"":5,""decoder"":""mwpf"",""decoder_type"":""SolverSerialJointSingleHair"",""p"":0.015,""p_erase"":0.015,""r"":5,""run_id"":""6fe96edac5c8fb2c1aed8ea14c67ceeb92423fdf3ce9e1c97fff0ce2aa5d5538""}",
      1024,         0,         0,   0.307,mwpf__c58b7d47f1bf9aa6757e72d714b4934e012141d133da38946d72f780457936e1,95828c0d538c141a350184d6ddc1899b467d2819c8fca6fde9d3b4898bcf42c8,"{""circuit"":""surface_code:rotated_memory_x"",""cluster_node_limit"":50,""d"":5,""decoder"":""mwpf"",""decoder_type"":""SolverSerialJointSingleHair"",""p"":0.0065,""p_erase"":0.0065,""r"":5,""run_id"":""14c277d1360d884007b225112d7b983b9f2c5fc158d2870f656c6b2929b311b6""}",
       259,         0,         0,   0.067,mwpf__11f45372c56f7ad844d941b5d91839ad2109f5ded22d55410db8a55c861d7281,0665149c154d50de98a4085a034142b69ec6f9e2cb2daf40322c0cb6f246dbfc,"{""circuit"":""surface_code:rotated_memory_x"",""cluster_node_limit"":50,""d"":5,""decoder"":""mwpf"",""decoder_type"":""SolverSerialJointSingleHair"",""p"":0.004,""p_erase"":0.004,""r"":5,""run_id"":""2c1d23bd89bcf5d6d623dffd52817527ab5ba820bb8c60558a749cc97b051f30""}",
      1024,         0,         0,   0.311,mwpf__c58b7d47f1bf9aa6757e72d714b4934e012141d133da38946d72f780457936e1,95828c0d538c141a350184d6ddc1899b467d2819c8fca6fde9d3b4898bcf42c8,"{""circuit"":""surface_code:rotated_memory_x"",""cluster_node_limit"":50,""d"":5,""decoder"":""mwpf"",""decoder_type"":""SolverSerialJointSingleHair"",""p"":0.0065,""p_erase"":0.0065,""r"":5,""run_id"":""14c277d1360d884007b225112d7b983b9f2c5fc158d2870f656c6b2929b311b6""}",
      2048,         0,         0,   0.571,mwpf__430ba795469d8cdb0908fffa68ce8bd2f959b001f03fed0500f2be71b231dd61,bc94726745b3aa46725e1d9fdc4e9c3130c336a65a0eef2d6c13560ac6ff3ce4,"{""circuit"":""surface_code:rotated_memory_x"",""cluster_node_limit"":50,""d"":5,""decoder"":""mwpf"",""decoder_type"":""SolverSerialJointSingleHair"",""p"":0.006,""p_erase"":0.006,""r"":5,""run_id"":""136e458ea1bb00db5031dfe54473bc21d7f67216ffcf15b01c0f763ac55c92f3""}",
      1024,         0,         0,   0.460,mwpf__8ad69d48345896d862efbd90f2b975904c14044cde7ed10668f8f5eea334f41a,6a6ac4c29065cb30976ec846e8da513c4d01edcdc840656f11ff38553d7306cd,"{""circuit"":""surface_code:rotated_memory_x"",""cluster_node_limit"":50,""d"":5,""decoder"":""mwpf"",""decoder_type"":""SolverSerialJointSingleHair"",""p"":0.01,""p_erase"":0.01,""r"":5,""run_id"":""669fd91e75976823dd1cbb6f0d860524121f186f614db6fb259f60c1945fce8a""}",
      2048,         0,         0,   0.489,mwpf__3df37f19ced06caff7479a5b90faf590ff17f9b0c66d8cbd04a55c02dee224e8,4e26764943fcb1821d1883072cd6229f946b037a3ae3a98bef8b5488dcff3490,"{""circuit"":""surface_code:rotated_memory_x"",""cluster_node_limit"":50,""d"":5,""decoder"":""mwpf"",""decoder_type"":""SolverSerialJointSingleHair"",""p"":0.005,""p_erase"":0.005,""r"":5,""run_id"":""a9419091d73bd2c76a2c7e3604d34d847de2f4b02b85d0c3d0860c0754fc56d1""}",
      2048,         0,         0,   0.494,mwpf__3df37f19ced06caff7479a5b90faf590ff17f9b0c66d8cbd04a55c02dee224e8,4e26764943fcb1821d1883072cd6229f946b037a3ae3a98bef8b5488dcff3490,"{""circuit"":""surface_code:rotated_memory_x"",""cluster_node_limit"":50,""d"":5,""decoder"":""mwpf"",""decoder_type"":""SolverSerialJointSingleHair"",""p"":0.005,""p_erase"":0.005,""r"":5,""run_id"":""a9419091d73bd2c76a2c7e3604d34d847de2f4b02b85d0c3d0860c0754fc56d1""}",
      1032,         0,         0,   0.209,mwpf__11f45372c56f7ad844d941b5d91839ad2109f5ded22d55410db8a55c861d7281,0665149c154d50de98a4085a034142b69ec6f9e2cb2daf40322c0cb6f246dbfc,"{""circuit"":""surface_code:rotated_memory_x"",""cluster_node_limit"":50,""d"":5,""decoder"":""mwpf"",""decoder_type"":""SolverSerialJointSingleHair"",""p"":0.004,""p_erase"":0.004,""r"":5,""run_id"":""2c1d23bd89bcf5d6d623dffd52817527ab5ba820bb8c60558a749cc97b051f30""}",
      1024,         0,         0,   0.360,mwpf__6e9afc21b4d3f106a42e849d1d1f275ed6be088715d087c4b8a915d85b035b2b,5980677afcf119f56e68f90e25cc8ff5463f90cf70e710bc49d0e1832a1823e0,"{""circuit"":""surface_code:rotated_memory_x"",""cluster_node_limit"":50,""d"":5,""decoder"":""mwpf"",""decoder_type"":""SolverSerialJointSingleHair"",""p"":0.0075,""p_erase"":0.0075,""r"":5,""run_id"":""5a57a6d0ff957d816c2c86860718eec6af832a23575ff55f991f4b130256fb39""}",
       512,         1,         0,   0.367,mwpf__863de70705822d3ac5c85e737f5c35e9003fe713755bf2a77869c08d12fb176a,2ec4648f3dd239d87d06620b6a49a98301955fe72f19ce1732512c3fdebaf0c8,"{""circuit"":""surface_code:rotated_memory_x"",""cluster_node_limit"":50,""d"":5,""decoder"":""mwpf"",""decoder_type"":""SolverSerialJointSingleHair"",""p"":0.015,""p_erase"":0.015,""r"":5,""run_id"":""6fe96edac5c8fb2c1aed8ea14c67ceeb92423fdf3ce9e1c97fff0ce2aa5d5538""}",
      1024,         1,         0,   0.456,mwpf__8ad69d48345896d862efbd90f2b975904c14044cde7ed10668f8f5eea334f41a,6a6ac4c29065cb30976ec846e8da513c4d01edcdc840656f11ff38553d7306cd,"{""circuit"":""surface_code:rotated_memory_x"",""cluster_node_limit"":50,""d"":5,""decoder"":""mwpf"",""decoder_type"":""SolverSerialJointSingleHair"",""p"":0.01,""p_erase"":0.01,""r"":5,""run_id"":""669fd91e75976823dd1cbb6f0d860524121f186f614db6fb259f60c1945fce8a""}",
      1797,         0,         0,   0.362,mwpf__11f45372c56f7ad844d941b5d91839ad2109f5ded22d55410db8a55c861d7281,0665149c154d50de98a4085a034142b69ec6f9e2cb2daf40322c0cb6f246dbfc,"{""circuit"":""surface_code:rotated_memory_x"",""cluster_node_limit"":50,""d"":5,""decoder"":""mwpf"",""decoder_type"":""SolverSerialJointSingleHair"",""p"":0.004,""p_erase"":0.004,""r"":5,""run_id"":""2c1d23bd89bcf5d6d623dffd52817527ab5ba820bb8c60558a749cc97b051f30""}",
      1024,         0,         0,   0.472,mwpf__8ad69d48345896d862efbd90f2b975904c14044cde7ed10668f8f5eea334f41a,6a6ac4c29065cb30976ec846e8da513c4d01edcdc840656f11ff38553d7306cd,"{""circuit"":""surface_code:rotated_memory_x"",""cluster_node_limit"":50,""d"":5,""decoder"":""mwpf"",""decoder_type"":""SolverSerialJointSingleHair"",""p"":0.01,""p_erase"":0.01,""r"":5,""run_id"":""669fd91e75976823dd1cbb6f0d860524121f186f614db6fb259f60c1945fce8a""}",
      1024,         0,         0,   0.375,mwpf__c4429979d8453e1857b47d20b05f1b5ef724026f5497884c20fbcb25fc2cd83f,1aaf6f1039b09a76317612e784f1ea923331e30438434dc3b3d9bf3cdf3c98c1,"{""circuit"":""surface_code:rotated_memory_x"",""cluster_node_limit"":50,""d"":5,""decoder"":""mwpf"",""decoder_type"":""SolverSerialJointSingleHair"",""p"":0.008,""p_erase"":0.008,""r"":5,""run_id"":""bfa3c7cba13850dd37e54bb29bb945687e3fe04272a3151e2ac8acb7416976e7""}",
      1024,         0,         0,   0.424,mwpf__b71b410912a52b6f6379e91fd178b891036e516b5d9bdd3af3e3d833396cfbcb,560e79ac0b8bf685dacd5c09b366945c4286a65db7481ed5906d7ffc59ba6886,"{""circuit"":""surface_code:rotated_memory_x"",""cluster_node_limit"":50,""d"":5,""decoder"":""mwpf"",""decoder_type"":""SolverSerialJointSingleHair"",""p"":0.009,""p_erase"":0.009,""r"":5,""run_id"":""c32281a89ec9fb6ef8731b931cbe729d04602aba0eeadfec21fc1875143cc8af""}",
      1024,         0,         0,   0.351,mwpf__6e9afc21b4d3f106a42e849d1d1f275ed6be088715d087c4b8a915d85b035b2b,5980677afcf119f56e68f90e25cc8ff5463f90cf70e710bc49d0e1832a1823e0,"{""circuit"":""surface_code:rotated_memory_x"",""cluster_node_limit"":50,""d"":5,""decoder"":""mwpf"",""decoder_type"":""SolverSerialJointSingleHair"",""p"":0.0075,""p_erase"":0.0075,""r"":5,""run_id"":""5a57a6d0ff957d816c2c86860718eec6af832a23575ff55f991f4b130256fb39""}",
      1024,         0,         0,   0.324,mwpf__8447a0737060a5dcdf9065c9858e255abe4b9d4ba8a5cf9af236a7fcce576409,ca8be4a7ce16ed946a288233270bf64176f33f09c39d80b50eeb919458798379,"{""circuit"":""surface_code:rotated_memory_x"",""cluster_node_limit"":50,""d"":5,""decoder"":""mwpf"",""decoder_type"":""SolverSerialJointSingleHair"",""p"":0.007,""p_erase"":0.007,""r"":5,""run_id"":""fc11e6013551ff75fa4759b0fc71e28cb776c1e995679ad07f9247f45c9ad106""}",
      1024,         0,         0,   0.331,mwpf__8447a0737060a5dcdf9065c9858e255abe4b9d4ba8a5cf9af236a7fcce576409,ca8be4a7ce16ed946a288233270bf64176f33f09c39d80b50eeb919458798379,"{""circuit"":""surface_code:rotated_memory_x"",""cluster_node_limit"":50,""d"":5,""decoder"":""mwpf"",""decoder_type"":""SolverSerialJointSingleHair"",""p"":0.007,""p_erase"":0.007,""r"":5,""run_id"":""fc11e6013551ff75fa4759b0fc71e28cb776c1e995679ad07f9247f45c9ad106""}",
      1024,         0,         0,   0.334,mwpf__8447a0737060a5dcdf9065c9858e255abe4b9d4ba8a5cf9af236a7fcce576409,ca8be4a7ce16ed946a288233270bf64176f33f09c39d80b50eeb919458798379,"{""circuit"":""surface_code:rotated_memory_x"",""cluster_node_limit"":50,""d"":5,""decoder"":""mwpf"",""decoder_type"":""SolverSerialJointSingleHair"",""p"":0.007,""p_erase"":0.007,""r"":5,""run_id"":""fc11e6013551ff75fa4759b0fc71e28cb776c1e995679ad07f9247f45c9ad106""}",
      1024,         0,         0,   0.430,mwpf__b71b410912a52b6f6379e91fd178b891036e516b5d9bdd3af3e3d833396cfbcb,560e79ac0b8bf685dacd5c09b366945c4286a65db7481ed5906d7ffc59ba6886,"{""circuit"":""surface_code:rotated_memory_x"",""cluster_node_limit"":50,""d"":5,""decoder"":""mwpf"",""decoder_type"":""SolverSerialJointSingleHair"",""p"":0.009,""p_erase"":0.009,""r"":5,""run_id"":""c32281a89ec9fb6ef8731b931cbe729d04602aba0eeadfec21fc1875143cc8af""}",
      1024,         0,         0,   0.419,mwpf__b71b410912a52b6f6379e91fd178b891036e516b5d9bdd3af3e3d833396cfbcb,560e79ac0b8bf685dacd5c09b366945c4286a65db7481ed5906d7ffc59ba6886,"{""circuit"":""surface_code:rotated_memory_x"",""cluster_node_limit"":50,""d"":5,""decoder"":""mwpf"",""decoder_type"":""SolverSerialJointSingleHair"",""p"":0.009,""p_erase"":0.009,""r"":5,""run_id"":""c32281a89ec9fb6ef8731b931cbe729d04602aba0eeadfec21fc1875143cc8af""}",
      1024,         0,         0,   0.361,mwpf__6e9afc21b4d3f106a42e849d1d1f275ed6be088715d087c4b8a915d85b035b2b,5980677afcf119f56e68f90e25cc8ff5463f90cf70e710bc49d0e1832a1823e0,"{""circuit"":""surface_code:rotated_memory_x"",""cluster_node_limit"":50,""d"":5,""decoder"":""mwpf"",""decoder_type"":""SolverSerialJointSingleHair"",""p"":0.0075,""p_erase"":0.0075,""r"":5,""run_id"":""5a57a6d0ff957d816c2c86860718eec6af832a23575ff55f991f4b130256fb39""}",
      1024,         0,         0,   0.374,mwpf__c4429979d8453e1857b47d20b05f1b5ef724026f5497884c20fbcb25fc2cd83f,1aaf6f1039b09a76317612e784f1ea923331e30438434dc3b3d9bf3cdf3c98c1,"{""circuit"":""surface_code:rotated_memory_x"",""cluster_node_limit"":50,""d"":5,""decoder"":""mwpf"",""decoder_type"":""SolverSerialJointSingleHair"",""p"":0.008,""p_erase"":0.008,""r"":5,""run_id"":""bfa3c7cba13850dd37e54bb29bb945687e3fe04272a3151e2ac8acb7416976e7""}",
      1024,         1,         0,   0.371,mwpf__c4429979d8453e1857b47d20b05f1b5ef724026f5497884c20fbcb25fc2cd83f,1aaf6f1039b09a76317612e784f1ea923331e30438434dc3b3d9bf3cdf3c98c1,"{""circuit"":""surface_code:rotated_memory_x"",""cluster_node_limit"":50,""d"":5,""decoder"":""mwpf"",""decoder_type"":""SolverSerialJointSingleHair"",""p"":0.008,""p_erase"":0.008,""r"":5,""run_id"":""bfa3c7cba13850dd37e54bb29bb945687e3fe04272a3151e2ac8acb7416976e7""}",
      2048,         0,         0,   0.587,mwpf__430ba795469d8cdb0908fffa68ce8bd2f959b001f03fed0500f2be71b231dd61,bc94726745b3aa46725e1d9fdc4e9c3130c336a65a0eef2d6c13560ac6ff3ce4,"{""circuit"":""surface_code:rotated_memory_x"",""cluster_node_limit"":50,""d"":5,""decoder"":""mwpf"",""decoder_type"":""SolverSerialJointSingleHair"",""p"":0.006,""p_erase"":0.006,""r"":5,""run_id"":""136e458ea1bb00db5031dfe54473bc21d7f67216ffcf15b01c0f763ac55c92f3""}",
      1024,         0,         0,   0.348,mwpf__6e9afc21b4d3f106a42e849d1d1f275ed6be088715d087c4b8a915d85b035b2b,5980677afcf119f56e68f90e25cc8ff5463f90cf70e710bc49d0e1832a1823e0,"{""circuit"":""surface_code:rotated_memory_x"",""cluster_node_limit"":50,""d"":5,""decoder"":""mwpf"",""decoder_type"":""SolverSerialJointSingleHair"",""p"":0.0075,""p_erase"":0.0075,""r"":5,""run_id"":""5a57a6d0ff957d816c2c86860718eec6af832a23575ff55f991f4b130256fb39""}",
      2048,         0,         0,   0.605,mwpf__c58b7d47f1bf9aa6757e72d714b4934e012141d133da38946d72f780457936e1,95828c0d538c141a350184d6ddc1899b467d2819c8fca6fde9d3b4898bcf42c8,"{""circuit"":""surface_code:rotated_memory_x"",""cluster_node_limit"":50,""d"":5,""decoder"":""mwpf"",""decoder_type"":""SolverSerialJointSingleHair"",""p"":0.0065,""p_erase"":0.0065,""r"":5,""run_id"":""14c277d1360d884007b225112d7b983b9f2c5fc158d2870f656c6b2929b311b6""}",
      1024,         1,         0,   0.371,mwpf__c4429979d8453e1857b47d20b05f1b5ef724026f5497884c20fbcb25fc2cd83f,1aaf6f1039b09a76317612e784f1ea923331e30438434dc3b3d9bf3cdf3c98c1,"{""circuit"":""surface_code:rotated_memory_x"",""cluster_node_limit"":50,""d"":5,""decoder"":""mwpf"",""decoder_type"":""SolverSerialJointSingleHair"",""p"":0.008,""p_erase"":0.008,""r"":5,""run_id"":""bfa3c7cba13850dd37e54bb29bb945687e3fe04272a3151e2ac8acb7416976e7""}",
      2048,         0,         0,   0.585,mwpf__430ba795469d8cdb0908fffa68ce8bd2f959b001f03fed0500f2be71b231dd61,bc94726745b3aa46725e1d9fdc4e9c3130c336a65a0eef2d6c13560ac6ff3ce4,"{""circuit"":""surface_code:rotated_memory_x"",""cluster_node_limit"":50,""d"":5,""decoder"":""mwpf"",""decoder_type"":""SolverSerialJointSingleHair"",""p"":0.006,""p_erase"":0.006,""r"":5,""run_id"":""136e458ea1bb00db5031dfe54473bc21d7f67216ffcf15b01c0f763ac55c92f3""}",
      1024,         0,         0,   0.463,mwpf__8ad69d48345896d862efbd90f2b975904c14044cde7ed10668f8f5eea334f41a,6a6ac4c29065cb30976ec846e8da513c4d01edcdc840656f11ff38553d7306cd,"{""circuit"":""surface_code:rotated_memory_x"",""cluster_node_limit"":50,""d"":5,""decoder"":""mwpf"",""decoder_type"":""SolverSerialJointSingleHair"",""p"":0.01,""p_erase"":0.01,""r"":5,""run_id"":""669fd91e75976823dd1cbb6f0d860524121f186f614db6fb259f60c1945fce8a""}",
      1024,         1,         0,   0.462,mwpf__8ad69d48345896d862efbd90f2b975904c14044cde7ed10668f8f5eea334f41a,6a6ac4c29065cb30976ec846e8da513c4d01edcdc840656f11ff38553d7306cd,"{""circuit"":""surface_code:rotated_memory_x"",""cluster_node_limit"":50,""d"":5,""decoder"":""mwpf"",""decoder_type"":""SolverSerialJointSingleHair"",""p"":0.01,""p_erase"":0.01,""r"":5,""run_id"":""669fd91e75976823dd1cbb6f0d860524121f186f614db6fb259f60c1945fce8a""}",
      1024,         0,         0,   0.468,mwpf__8ad69d48345896d862efbd90f2b975904c14044cde7ed10668f8f5eea334f41a,6a6ac4c29065cb30976ec846e8da513c4d01edcdc840656f11ff38553d7306cd,"{""circuit"":""surface_code:rotated_memory_x"",""cluster_node_limit"":50,""d"":5,""decoder"":""mwpf"",""decoder_type"":""SolverSerialJointSingleHair"",""p"":0.01,""p_erase"":0.01,""r"":5,""run_id"":""669fd91e75976823dd1cbb6f0d860524121f186f614db6fb259f60c1945fce8a""}",
      1024,         0,         0,   0.425,mwpf__b71b410912a52b6f6379e91fd178b891036e516b5d9bdd3af3e3d833396cfbcb,560e79ac0b8bf685dacd5c09b366945c4286a65db7481ed5906d7ffc59ba6886,"{""circuit"":""surface_code:rotated_memory_x"",""cluster_node_limit"":50,""d"":5,""decoder"":""mwpf"",""decoder_type"":""SolverSerialJointSingleHair"",""p"":0.009,""p_erase"":0.009,""r"":5,""run_id"":""c32281a89ec9fb6ef8731b931cbe729d04602aba0eeadfec21fc1875143cc8af""}",
      2048,         0,         0,   0.571,mwpf__430ba795469d8cdb0908fffa68ce8bd2f959b001f03fed0500f2be71b231dd61,bc94726745b3aa46725e1d9fdc4e9c3130c336a65a0eef2d6c13560ac6ff3ce4,"{""circuit"":""surface_code:rotated_memory_x"",""cluster_node_limit"":50,""d"":5,""decoder"":""mwpf"",""decoder_type"":""SolverSerialJointSingleHair"",""p"":0.006,""p_erase"":0.006,""r"":5,""run_id"":""136e458ea1bb00db5031dfe54473bc21d7f67216ffcf15b01c0f763ac55c92f3""}",
      2048,         0,         0,   0.619,mwpf__c58b7d47f1bf9aa6757e72d714b4934e012141d133da38946d72f780457936e1,95828c0d538c141a350184d6ddc1899b467d2819c8fca6fde9d3b4898bcf42c8,"{""circuit"":""surface_code:rotated_memory_x"",""cluster_node_limit"":50,""d"":5,""decoder"":""mwpf"",""decoder_type"":""SolverSerialJointSingleHair"",""p"":0.0065,""p_erase"":0.0065,""r"":5,""run_id"":""14c277d1360d884007b225112d7b983b9f2c5fc158d2870f656c6b2929b311b6""}",
      2048,         0,         0,   0.628,mwpf__c58b7d47f1bf9aa6757e72d714b4934e012141d133da38946d72f780457936e1,95828c0d538c141a350184d6ddc1899b467d2819c8fca6fde9d3b4898bcf42c8,"{""circuit"":""surface_code:rotated_memory_x"",""cluster_node_limit"":50,""d"":5,""decoder"":""mwpf"",""decoder_type"":""SolverSerialJointSingleHair"",""p"":0.0065,""p_erase"":0.0065,""r"":5,""run_id"":""14c277d1360d884007b225112d7b983b9f2c5fc158d2870f656c6b2929b311b6""}",
      1024,         1,         0,   0.419,mwpf__b71b410912a52b6f6379e91fd178b891036e516b5d9bdd3af3e3d833396cfbcb,560e79ac0b8bf685dacd5c09b366945c4286a65db7481ed5906d7ffc59ba6886,"{""circuit"":""surface_code:rotated_memory_x"",""cluster_node_limit"":50,""d"":5,""decoder"":""mwpf"",""decoder_type"":""SolverSerialJointSingleHair"",""p"":0.009,""p_erase"":0.009,""r"":5,""run_id"":""c32281a89ec9fb6ef8731b931cbe729d04602aba0eeadfec21fc1875143cc8af""}",
      3072,         0,         0,   0.755,mwpf__3df37f19ced06caff7479a5b90faf590ff17f9b0c66d8cbd04a55c02dee224e8,4e26764943fcb1821d1883072cd6229f946b037a3ae3a98bef8b5488dcff3490,"{""circuit"":""surface_code:rotated_memory_x"",""cluster_node_limit"":50,""d"":5,""decoder"":""mwpf"",""decoder_type"":""SolverSerialJointSingleHair"",""p"":0.005,""p_erase"":0.005,""r"":5,""run_id"":""a9419091d73bd2c76a2c7e3604d34d847de2f4b02b85d0c3d0860c0754fc56d1""}",
        10,         0,         0,   0.002,mwpf__3df37f19ced06caff7479a5b90faf590ff17f9b0c66d8cbd04a55c02dee224e8,4e26764943fcb1821d1883072cd6229f946b037a3ae3a98bef8b5488dcff3490,"{""circuit"":""surface_code:rotated_memory_x"",""cluster_node_limit"":50,""d"":5,""decoder"":""mwpf"",""decoder_type"":""SolverSerialJointSingleHair"",""p"":0.005,""p_erase"":0.005,""r"":5,""run_id"":""a9419091d73bd2c76a2c7e3604d34d847de2f4b02b85d0c3d0860c0754fc56d1""}",
      1024,         0,         0,   0.385,mwpf__c4429979d8453e1857b47d20b05f1b5ef724026f5497884c20fbcb25fc2cd83f,1aaf6f1039b09a76317612e784f1ea923331e30438434dc3b3d9bf3cdf3c98c1,"{""circuit"":""surface_code:rotated_memory_x"",""cluster_node_limit"":50,""d"":5,""decoder"":""mwpf"",""decoder_type"":""SolverSerialJointSingleHair"",""p"":0.008,""p_erase"":0.008,""r"":5,""run_id"":""bfa3c7cba13850dd37e54bb29bb945687e3fe04272a3151e2ac8acb7416976e7""}",
      1024,         1,         0,   0.381,mwpf__c4429979d8453e1857b47d20b05f1b5ef724026f5497884c20fbcb25fc2cd83f,1aaf6f1039b09a76317612e784f1ea923331e30438434dc3b3d9bf3cdf3c98c1,"{""circuit"":""surface_code:rotated_memory_x"",""cluster_node_limit"":50,""d"":5,""decoder"":""mwpf"",""decoder_type"":""SolverSerialJointSingleHair"",""p"":0.008,""p_erase"":0.008,""r"":5,""run_id"":""bfa3c7cba13850dd37e54bb29bb945687e3fe04272a3151e2ac8acb7416976e7""}",
      1024,         0,         0,   0.704,mwpf__863de70705822d3ac5c85e737f5c35e9003fe713755bf2a77869c08d12fb176a,2ec4648f3dd239d87d06620b6a49a98301955fe72f19ce1732512c3fdebaf0c8,"{""circuit"":""surface_code:rotated_memory_x"",""cluster_node_limit"":50,""d"":5,""decoder"":""mwpf"",""decoder_type"":""SolverSerialJointSingleHair"",""p"":0.015,""p_erase"":0.015,""r"":5,""run_id"":""6fe96edac5c8fb2c1aed8ea14c67ceeb92423fdf3ce9e1c97fff0ce2aa5d5538""}",
      1024,         0,         0,   0.429,mwpf__b71b410912a52b6f6379e91fd178b891036e516b5d9bdd3af3e3d833396cfbcb,560e79ac0b8bf685dacd5c09b366945c4286a65db7481ed5906d7ffc59ba6886,"{""circuit"":""surface_code:rotated_memory_x"",""cluster_node_limit"":50,""d"":5,""decoder"":""mwpf"",""decoder_type"":""SolverSerialJointSingleHair"",""p"":0.009,""p_erase"":0.009,""r"":5,""run_id"":""c32281a89ec9fb6ef8731b931cbe729d04602aba0eeadfec21fc1875143cc8af""}",
      1024,         2,         0,   0.703,mwpf__863de70705822d3ac5c85e737f5c35e9003fe713755bf2a77869c08d12fb176a,2ec4648f3dd239d87d06620b6a49a98301955fe72f19ce1732512c3fdebaf0c8,"{""circuit"":""surface_code:rotated_memory_x"",""cluster_node_limit"":50,""d"":5,""decoder"":""mwpf"",""decoder_type"":""SolverSerialJointSingleHair"",""p"":0.015,""p_erase"":0.015,""r"":5,""run_id"":""6fe96edac5c8fb2c1aed8ea14c67ceeb92423fdf3ce9e1c97fff0ce2aa5d5538""}",
      3072,         0,         0,   0.735,mwpf__3df37f19ced06caff7479a5b90faf590ff17f9b0c66d8cbd04a55c02dee224e8,4e26764943fcb1821d1883072cd6229f946b037a3ae3a98bef8b5488dcff3490,"{""circuit"":""surface_code:rotated_memory_x"",""cluster_node_limit"":50,""d"":5,""decoder"":""mwpf"",""decoder_type"":""SolverSerialJointSingleHair"",""p"":0.005,""p_erase"":0.005,""r"":5,""run_id"":""a9419091d73bd2c76a2c7e3604d34d847de2f4b02b85d0c3d0860c0754fc56d1""}",
      3072,         0,         0,   0.740,mwpf__3df37f19ced06caff7479a5b90faf590ff17f9b0c66d8cbd04a55c02dee224e8,4e26764943fcb1821d1883072cd6229f946b037a3ae3a98bef8b5488dcff3490,"{""circuit"":""surface_code:rotated_memory_x"",""cluster_node_limit"":50,""d"":5,""decoder"":""mwpf"",""decoder_type"":""SolverSerialJointSingleHair"",""p"":0.005,""p_erase"":0.005,""r"":5,""run_id"":""a9419091d73bd2c76a2c7e3604d34d847de2f4b02b85d0c3d0860c0754fc56d1""}",
         7,         0,         0,   0.002,mwpf__3df37f19ced06caff7479a5b90faf590ff17f9b0c66d8cbd04a55c02dee224e8,4e26764943fcb1821d1883072cd6229f946b037a3ae3a98bef8b5488dcff3490,"{""circuit"":""surface_code:rotated_memory_x"",""cluster_node_limit"":50,""d"":5,""decoder"":""mwpf"",""decoder_type"":""SolverSerialJointSingleHair"",""p"":0.005,""p_erase"":0.005,""r"":5,""run_id"":""a9419091d73bd2c76a2c7e3604d34d847de2f4b02b85d0c3d0860c0754fc56d1""}",
         5,         0,         0,   0.002,mwpf__3df37f19ced06caff7479a5b90faf590ff17f9b0c66d8cbd04a55c02dee224e8,4e26764943fcb1821d1883072cd6229f946b037a3ae3a98bef8b5488dcff3490,"{""circuit"":""surface_code:rotated_memory_x"",""cluster_node_limit"":50,""d"":5,""decoder"":""mwpf"",""decoder_type"":""SolverSerialJointSingleHair"",""p"":0.005,""p_erase"":0.005,""r"":5,""run_id"":""a9419091d73bd2c76a2c7e3604d34d847de2f4b02b85d0c3d0860c0754fc56d1""}",
         4,         0,         0,   0.001,mwpf__3df37f19ced06caff7479a5b90faf590ff17f9b0c66d8cbd04a55c02dee224e8,4e26764943fcb1821d1883072cd6229f946b037a3ae3a98bef8b5488dcff3490,"{""circuit"":""surface_code:rotated_memory_x"",""cluster_node_limit"":50,""d"":5,""decoder"":""mwpf"",""decoder_type"":""SolverSerialJointSingleHair"",""p"":0.005,""p_erase"":0.005,""r"":5,""run_id"":""a9419091d73bd2c76a2c7e3604d34d847de2f4b02b85d0c3d0860c0754fc56d1""}",
         1,         0,         0,   0.000,mwpf__3df37f19ced06caff7479a5b90faf590ff17f9b0c66d8cbd04a55c02dee224e8,4e26764943fcb1821d1883072cd6229f946b037a3ae3a98bef8b5488dcff3490,"{""circuit"":""surface_code:rotated_memory_x"",""cluster_node_limit"":50,""d"":5,""decoder"":""mwpf"",""decoder_type"":""SolverSerialJointSingleHair"",""p"":0.005,""p_erase"":0.005,""r"":5,""run_id"":""a9419091d73bd2c76a2c7e3604d34d847de2f4b02b85d0c3d0860c0754fc56d1""}",
         1,         0,         0,   0.000,mwpf__3df37f19ced06caff7479a5b90faf590ff17f9b0c66d8cbd04a55c02dee224e8,4e26764943fcb1821d1883072cd6229f946b037a3ae3a98bef8b5488dcff3490,"{""circuit"":""surface_code:rotated_memory_x"",""cluster_node_limit"":50,""d"":5,""decoder"":""mwpf"",""decoder_type"":""SolverSerialJointSingleHair"",""p"":0.005,""p_erase"":0.005,""r"":5,""run_id"":""a9419091d73bd2c76a2c7e3604d34d847de2f4b02b85d0c3d0860c0754fc56d1""}",
         1,         0,         0,   0.000,mwpf__3df37f19ced06caff7479a5b90faf590ff17f9b0c66d8cbd04a55c02dee224e8,4e26764943fcb1821d1883072cd6229f946b037a3ae3a98bef8b5488dcff3490,"{""circuit"":""surface_code:rotated_memory_x"",""cluster_node_limit"":50,""d"":5,""decoder"":""mwpf"",""decoder_type"":""SolverSerialJointSingleHair"",""p"":0.005,""p_erase"":0.005,""r"":5,""run_id"":""a9419091d73bd2c76a2c7e3604d34d847de2f4b02b85d0c3d0860c0754fc56d1""}",
      2048,         0,         0,   0.656,mwpf__8447a0737060a5dcdf9065c9858e255abe4b9d4ba8a5cf9af236a7fcce576409,ca8be4a7ce16ed946a288233270bf64176f33f09c39d80b50eeb919458798379,"{""circuit"":""surface_code:rotated_memory_x"",""cluster_node_limit"":50,""d"":5,""decoder"":""mwpf"",""decoder_type"":""SolverSerialJointSingleHair"",""p"":0.007,""p_erase"":0.007,""r"":5,""run_id"":""fc11e6013551ff75fa4759b0fc71e28cb776c1e995679ad07f9247f45c9ad106""}",
      2048,         0,         0,   0.662,mwpf__8447a0737060a5dcdf9065c9858e255abe4b9d4ba8a5cf9af236a7fcce576409,ca8be4a7ce16ed946a288233270bf64176f33f09c39d80b50eeb919458798379,"{""circuit"":""surface_code:rotated_memory_x"",""cluster_node_limit"":50,""d"":5,""decoder"":""mwpf"",""decoder_type"":""SolverSerialJointSingleHair"",""p"":0.007,""p_erase"":0.007,""r"":5,""run_id"":""fc11e6013551ff75fa4759b0fc71e28cb776c1e995679ad07f9247f45c9ad106""}",
      2048,         0,         0,   0.671,mwpf__8447a0737060a5dcdf9065c9858e255abe4b9d4ba8a5cf9af236a7fcce576409,ca8be4a7ce16ed946a288233270bf64176f33f09c39d80b50eeb919458798379,"{""circuit"":""surface_code:rotated_memory_x"",""cluster_node_limit"":50,""d"":5,""decoder"":""mwpf"",""decoder_type"":""SolverSerialJointSingleHair"",""p"":0.007,""p_erase"":0.007,""r"":5,""run_id"":""fc11e6013551ff75fa4759b0fc71e28cb776c1e995679ad07f9247f45c9ad106""}",
      2048,         1,         0,   0.718,mwpf__6e9afc21b4d3f106a42e849d1d1f275ed6be088715d087c4b8a915d85b035b2b,5980677afcf119f56e68f90e25cc8ff5463f90cf70e710bc49d0e1832a1823e0,"{""circuit"":""surface_code:rotated_memory_x"",""cluster_node_limit"":50,""d"":5,""decoder"":""mwpf"",""decoder_type"":""SolverSerialJointSingleHair"",""p"":0.0075,""p_erase"":0.0075,""r"":5,""run_id"":""5a57a6d0ff957d816c2c86860718eec6af832a23575ff55f991f4b130256fb39""}",
      2048,         0,         0,   0.585,mwpf__430ba795469d8cdb0908fffa68ce8bd2f959b001f03fed0500f2be71b231dd61,bc94726745b3aa46725e1d9fdc4e9c3130c336a65a0eef2d6c13560ac6ff3ce4,"{""circuit"":""surface_code:rotated_memory_x"",""cluster_node_limit"":50,""d"":5,""decoder"":""mwpf"",""decoder_type"":""SolverSerialJointSingleHair"",""p"":0.006,""p_erase"":0.006,""r"":5,""run_id"":""136e458ea1bb00db5031dfe54473bc21d7f67216ffcf15b01c0f763ac55c92f3""}",
      1024,         1,         0,   0.452,mwpf__8ad69d48345896d862efbd90f2b975904c14044cde7ed10668f8f5eea334f41a,6a6ac4c29065cb30976ec846e8da513c4d01edcdc840656f11ff38553d7306cd,"{""circuit"":""surface_code:rotated_memory_x"",""cluster_node_limit"":50,""d"":5,""decoder"":""mwpf"",""decoder_type"":""SolverSerialJointSingleHair"",""p"":0.01,""p_erase"":0.01,""r"":5,""run_id"":""669fd91e75976823dd1cbb6f0d860524121f186f614db6fb259f60c1945fce8a""}",
      1024,         0,         0,   0.450,mwpf__8ad69d48345896d862efbd90f2b975904c14044cde7ed10668f8f5eea334f41a,6a6ac4c29065cb30976ec846e8da513c4d01edcdc840656f11ff38553d7306cd,"{""circuit"":""surface_code:rotated_memory_x"",""cluster_node_limit"":50,""d"":5,""decoder"":""mwpf"",""decoder_type"":""SolverSerialJointSingleHair"",""p"":0.01,""p_erase"":0.01,""r"":5,""run_id"":""669fd91e75976823dd1cbb6f0d860524121f186f614db6fb259f60c1945fce8a""}",
      2048,         0,         0,   0.714,mwpf__6e9afc21b4d3f106a42e849d1d1f275ed6be088715d087c4b8a915d85b035b2b,5980677afcf119f56e68f90e25cc8ff5463f90cf70e710bc49d0e1832a1823e0,"{""circuit"":""surface_code:rotated_memory_x"",""cluster_node_limit"":50,""d"":5,""decoder"":""mwpf"",""decoder_type"":""SolverSerialJointSingleHair"",""p"":0.0075,""p_erase"":0.0075,""r"":5,""run_id"":""5a57a6d0ff957d816c2c86860718eec6af832a23575ff55f991f4b130256fb39""}",
      1024,         0,         0,   0.434,mwpf__b71b410912a52b6f6379e91fd178b891036e516b5d9bdd3af3e3d833396cfbcb,560e79ac0b8bf685dacd5c09b366945c4286a65db7481ed5906d7ffc59ba6886,"{""circuit"":""surface_code:rotated_memory_x"",""cluster_node_limit"":50,""d"":5,""decoder"":""mwpf"",""decoder_type"":""SolverSerialJointSingleHair"",""p"":0.009,""p_erase"":0.009,""r"":5,""run_id"":""c32281a89ec9fb6ef8731b931cbe729d04602aba0eeadfec21fc1875143cc8af""}",
      2048,         0,         0,   0.579,mwpf__430ba795469d8cdb0908fffa68ce8bd2f959b001f03fed0500f2be71b231dd61,bc94726745b3aa46725e1d9fdc4e9c3130c336a65a0eef2d6c13560ac6ff3ce4,"{""circuit"":""surface_code:rotated_memory_x"",""cluster_node_limit"":50,""d"":5,""decoder"":""mwpf"",""decoder_type"":""SolverSerialJointSingleHair"",""p"":0.006,""p_erase"":0.006,""r"":5,""run_id"":""136e458ea1bb00db5031dfe54473bc21d7f67216ffcf15b01c0f763ac55c92f3""}",
      1024,         0,         0,   0.424,mwpf__b71b410912a52b6f6379e91fd178b891036e516b5d9bdd3af3e3d833396cfbcb,560e79ac0b8bf685dacd5c09b366945c4286a65db7481ed5906d7ffc59ba6886,"{""circuit"":""surface_code:rotated_memory_x"",""cluster_node_limit"":50,""d"":5,""decoder"":""mwpf"",""decoder_type"":""SolverSerialJointSingleHair"",""p"":0.009,""p_erase"":0.009,""r"":5,""run_id"":""c32281a89ec9fb6ef8731b931cbe729d04602aba0eeadfec21fc1875143cc8af""}",
      1024,         0,         0,   0.527,mwpf__8ad69d48345896d862efbd90f2b975904c14044cde7ed10668f8f5eea334f41a,6a6ac4c29065cb30976ec846e8da513c4d01edcdc840656f11ff38553d7306cd,"{""circuit"":""surface_code:rotated_memory_x"",""cluster_node_limit"":50,""d"":5,""decoder"":""mwpf"",""decoder_type"":""SolverSerialJointSingleHair"",""p"":0.01,""p_erase"":0.01,""r"":5,""run_id"":""669fd91e75976823dd1cbb6f0d860524121f186f614db6fb259f60c1945fce8a""}",
       520,         0,         0,   0.145,mwpf__430ba795469d8cdb0908fffa68ce8bd2f959b001f03fed0500f2be71b231dd61,bc94726745b3aa46725e1d9fdc4e9c3130c336a65a0eef2d6c13560ac6ff3ce4,"{""circuit"":""surface_code:rotated_memory_x"",""cluster_node_limit"":50,""d"":5,""decoder"":""mwpf"",""decoder_type"":""SolverSerialJointSingleHair"",""p"":0.006,""p_erase"":0.006,""r"":5,""run_id"":""136e458ea1bb00db5031dfe54473bc21d7f67216ffcf15b01c0f763ac55c92f3""}",
      2048,         0,         0,   0.614,mwpf__c58b7d47f1bf9aa6757e72d714b4934e012141d133da38946d72f780457936e1,95828c0d538c141a350184d6ddc1899b467d2819c8fca6fde9d3b4898bcf42c8,"{""circuit"":""surface_code:rotated_memory_x"",""cluster_node_limit"":50,""d"":5,""decoder"":""mwpf"",""decoder_type"":""SolverSerialJointSingleHair"",""p"":0.0065,""p_erase"":0.0065,""r"":5,""run_id"":""14c277d1360d884007b225112d7b983b9f2c5fc158d2870f656c6b2929b311b6""}",
      2048,         1,         0,   0.702,mwpf__6e9afc21b4d3f106a42e849d1d1f275ed6be088715d087c4b8a915d85b035b2b,5980677afcf119f56e68f90e25cc8ff5463f90cf70e710bc49d0e1832a1823e0,"{""circuit"":""surface_code:rotated_memory_x"",""cluster_node_limit"":50,""d"":5,""decoder"":""mwpf"",""decoder_type"":""SolverSerialJointSingleHair"",""p"":0.0075,""p_erase"":0.0075,""r"":5,""run_id"":""5a57a6d0ff957d816c2c86860718eec6af832a23575ff55f991f4b130256fb39""}",
      1024,         0,         0,   0.431,mwpf__b71b410912a52b6f6379e91fd178b891036e516b5d9bdd3af3e3d833396cfbcb,560e79ac0b8bf685dacd5c09b366945c4286a65db7481ed5906d7ffc59ba6886,"{""circuit"":""surface_code:rotated_memory_x"",""cluster_node_limit"":50,""d"":5,""decoder"":""mwpf"",""decoder_type"":""SolverSerialJointSingleHair"",""p"":0.009,""p_erase"":0.009,""r"":5,""run_id"":""c32281a89ec9fb6ef8731b931cbe729d04602aba0eeadfec21fc1875143cc8af""}",
      2048,         1,         0,   0.573,mwpf__430ba795469d8cdb0908fffa68ce8bd2f959b001f03fed0500f2be71b231dd61,bc94726745b3aa46725e1d9fdc4e9c3130c336a65a0eef2d6c13560ac6ff3ce4,"{""circuit"":""surface_code:rotated_memory_x"",""cluster_node_limit"":50,""d"":5,""decoder"":""mwpf"",""decoder_type"":""SolverSerialJointSingleHair"",""p"":0.006,""p_erase"":0.006,""r"":5,""run_id"":""136e458ea1bb00db5031dfe54473bc21d7f67216ffcf15b01c0f763ac55c92f3""}",
       520,         0,         0,   0.150,mwpf__430ba795469d8cdb0908fffa68ce8bd2f959b001f03fed0500f2be71b231dd61,bc94726745b3aa46725e1d9fdc4e9c3130c336a65a0eef2d6c13560ac6ff3ce4,"{""circuit"":""surface_code:rotated_memory_x"",""cluster_node_limit"":50,""d"":5,""decoder"":""mwpf"",""decoder_type"":""SolverSerialJointSingleHair"",""p"":0.006,""p_erase"":0.006,""r"":5,""run_id"":""136e458ea1bb00db5031dfe54473bc21d7f67216ffcf15b01c0f763ac55c92f3""}",
      2048,         0,         0,   0.751,mwpf__c4429979d8453e1857b47d20b05f1b5ef724026f5497884c20fbcb25fc2cd83f,1aaf6f1039b09a76317612e784f1ea923331e30438434dc3b3d9bf3cdf3c98c1,"{""circuit"":""surface_code:rotated_memory_x"",""cluster_node_limit"":50,""d"":5,""decoder"":""mwpf"",""decoder_type"":""SolverSerialJointSingleHair"",""p"":0.008,""p_erase"":0.008,""r"":5,""run_id"":""bfa3c7cba13850dd37e54bb29bb945687e3fe04272a3151e2ac8acb7416976e7""}",
      2048,         0,         0,   0.626,mwpf__c58b7d47f1bf9aa6757e72d714b4934e012141d133da38946d72f780457936e1,95828c0d538c141a350184d6ddc1899b467d2819c8fca6fde9d3b4898bcf42c8,"{""circuit"":""surface_code:rotated_memory_x"",""cluster_node_limit"":50,""d"":5,""decoder"":""mwpf"",""decoder_type"":""SolverSerialJointSingleHair"",""p"":0.0065,""p_erase"":0.0065,""r"":5,""run_id"":""14c277d1360d884007b225112d7b983b9f2c5fc158d2870f656c6b2929b311b6""}",
       132,         0,         0,   0.039,mwpf__430ba795469d8cdb0908fffa68ce8bd2f959b001f03fed0500f2be71b231dd61,bc94726745b3aa46725e1d9fdc4e9c3130c336a65a0eef2d6c13560ac6ff3ce4,"{""circuit"":""surface_code:rotated_memory_x"",""cluster_node_limit"":50,""d"":5,""decoder"":""mwpf"",""decoder_type"":""SolverSerialJointSingleHair"",""p"":0.006,""p_erase"":0.006,""r"":5,""run_id"":""136e458ea1bb00db5031dfe54473bc21d7f67216ffcf15b01c0f763ac55c92f3""}",
      2048,         0,         0,   0.641,mwpf__c58b7d47f1bf9aa6757e72d714b4934e012141d133da38946d72f780457936e1,95828c0d538c141a350184d6ddc1899b467d2819c8fca6fde9d3b4898bcf42c8,"{""circuit"":""surface_code:rotated_memory_x"",""cluster_node_limit"":50,""d"":5,""decoder"":""mwpf"",""decoder_type"":""SolverSerialJointSingleHair"",""p"":0.0065,""p_erase"":0.0065,""r"":5,""run_id"":""14c277d1360d884007b225112d7b983b9f2c5fc158d2870f656c6b2929b311b6""}",
       382,         0,         0,   0.109,mwpf__430ba795469d8cdb0908fffa68ce8bd2f959b001f03fed0500f2be71b231dd61,bc94726745b3aa46725e1d9fdc4e9c3130c336a65a0eef2d6c13560ac6ff3ce4,"{""circuit"":""surface_code:rotated_memory_x"",""cluster_node_limit"":50,""d"":5,""decoder"":""mwpf"",""decoder_type"":""SolverSerialJointSingleHair"",""p"":0.006,""p_erase"":0.006,""r"":5,""run_id"":""136e458ea1bb00db5031dfe54473bc21d7f67216ffcf15b01c0f763ac55c92f3""}",
       520,         0,         0,   0.153,mwpf__430ba795469d8cdb0908fffa68ce8bd2f959b001f03fed0500f2be71b231dd61,bc94726745b3aa46725e1d9fdc4e9c3130c336a65a0eef2d6c13560ac6ff3ce4,"{""circuit"":""surface_code:rotated_memory_x"",""cluster_node_limit"":50,""d"":5,""decoder"":""mwpf"",""decoder_type"":""SolverSerialJointSingleHair"",""p"":0.006,""p_erase"":0.006,""r"":5,""run_id"":""136e458ea1bb00db5031dfe54473bc21d7f67216ffcf15b01c0f763ac55c92f3""}",
      1024,         0,         0,   0.457,mwpf__8ad69d48345896d862efbd90f2b975904c14044cde7ed10668f8f5eea334f41a,6a6ac4c29065cb30976ec846e8da513c4d01edcdc840656f11ff38553d7306cd,"{""circuit"":""surface_code:rotated_memory_x"",""cluster_node_limit"":50,""d"":5,""decoder"":""mwpf"",""decoder_type"":""SolverSerialJointSingleHair"",""p"":0.01,""p_erase"":0.01,""r"":5,""run_id"":""669fd91e75976823dd1cbb6f0d860524121f186f614db6fb259f60c1945fce8a""}",
      1024,         2,         0,   0.719,mwpf__863de70705822d3ac5c85e737f5c35e9003fe713755bf2a77869c08d12fb176a,2ec4648f3dd239d87d06620b6a49a98301955fe72f19ce1732512c3fdebaf0c8,"{""circuit"":""surface_code:rotated_memory_x"",""cluster_node_limit"":50,""d"":5,""decoder"":""mwpf"",""decoder_type"":""SolverSerialJointSingleHair"",""p"":0.015,""p_erase"":0.015,""r"":5,""run_id"":""6fe96edac5c8fb2c1aed8ea14c67ceeb92423fdf3ce9e1c97fff0ce2aa5d5538""}",
      2048,         1,         0,   0.753,mwpf__c4429979d8453e1857b47d20b05f1b5ef724026f5497884c20fbcb25fc2cd83f,1aaf6f1039b09a76317612e784f1ea923331e30438434dc3b3d9bf3cdf3c98c1,"{""circuit"":""surface_code:rotated_memory_x"",""cluster_node_limit"":50,""d"":5,""decoder"":""mwpf"",""decoder_type"":""SolverSerialJointSingleHair"",""p"":0.008,""p_erase"":0.008,""r"":5,""run_id"":""bfa3c7cba13850dd37e54bb29bb945687e3fe04272a3151e2ac8acb7416976e7""}",
      1024,         0,         0,   0.415,mwpf__b71b410912a52b6f6379e91fd178b891036e516b5d9bdd3af3e3d833396cfbcb,560e79ac0b8bf685dacd5c09b366945c4286a65db7481ed5906d7ffc59ba6886,"{""circuit"":""surface_code:rotated_memory_x"",""cluster_node_limit"":50,""d"":5,""decoder"":""mwpf"",""decoder_type"":""SolverSerialJointSingleHair"",""p"":0.009,""p_erase"":0.009,""r"":5,""run_id"":""c32281a89ec9fb6ef8731b931cbe729d04602aba0eeadfec21fc1875143cc8af""}",
      2048,         0,         0,   0.758,mwpf__c4429979d8453e1857b47d20b05f1b5ef724026f5497884c20fbcb25fc2cd83f,1aaf6f1039b09a76317612e784f1ea923331e30438434dc3b3d9bf3cdf3c98c1,"{""circuit"":""surface_code:rotated_memory_x"",""cluster_node_limit"":50,""d"":5,""decoder"":""mwpf"",""decoder_type"":""SolverSerialJointSingleHair"",""p"":0.008,""p_erase"":0.008,""r"":5,""run_id"":""bfa3c7cba13850dd37e54bb29bb945687e3fe04272a3151e2ac8acb7416976e7""}",
      1024,         0,         0,   0.455,mwpf__8ad69d48345896d862efbd90f2b975904c14044cde7ed10668f8f5eea334f41a,6a6ac4c29065cb30976ec846e8da513c4d01edcdc840656f11ff38553d7306cd,"{""circuit"":""surface_code:rotated_memory_x"",""cluster_node_limit"":50,""d"":5,""decoder"":""mwpf"",""decoder_type"":""SolverSerialJointSingleHair"",""p"":0.01,""p_erase"":0.01,""r"":5,""run_id"":""669fd91e75976823dd1cbb6f0d860524121f186f614db6fb259f60c1945fce8a""}",
      1024,         2,         0,   0.733,mwpf__863de70705822d3ac5c85e737f5c35e9003fe713755bf2a77869c08d12fb176a,2ec4648f3dd239d87d06620b6a49a98301955fe72f19ce1732512c3fdebaf0c8,"{""circuit"":""surface_code:rotated_memory_x"",""cluster_node_limit"":50,""d"":5,""decoder"":""mwpf"",""decoder_type"":""SolverSerialJointSingleHair"",""p"":0.015,""p_erase"":0.015,""r"":5,""run_id"":""6fe96edac5c8fb2c1aed8ea14c67ceeb92423fdf3ce9e1c97fff0ce2aa5d5538""}",
      2048,         0,         0,   0.664,mwpf__8447a0737060a5dcdf9065c9858e255abe4b9d4ba8a5cf9af236a7fcce576409,ca8be4a7ce16ed946a288233270bf64176f33f09c39d80b50eeb919458798379,"{""circuit"":""surface_code:rotated_memory_x"",""cluster_node_limit"":50,""d"":5,""decoder"":""mwpf"",""decoder_type"":""SolverSerialJointSingleHair"",""p"":0.007,""p_erase"":0.007,""r"":5,""run_id"":""fc11e6013551ff75fa4759b0fc71e28cb776c1e995679ad07f9247f45c9ad106""}",
      1024,         0,         0,   0.434,mwpf__b71b410912a52b6f6379e91fd178b891036e516b5d9bdd3af3e3d833396cfbcb,560e79ac0b8bf685dacd5c09b366945c4286a65db7481ed5906d7ffc59ba6886,"{""circuit"":""surface_code:rotated_memory_x"",""cluster_node_limit"":50,""d"":5,""decoder"":""mwpf"",""decoder_type"":""SolverSerialJointSingleHair"",""p"":0.009,""p_erase"":0.009,""r"":5,""run_id"":""c32281a89ec9fb6ef8731b931cbe729d04602aba0eeadfec21fc1875143cc8af""}",
      2048,         0,         0,   0.656,mwpf__8447a0737060a5dcdf9065c9858e255abe4b9d4ba8a5cf9af236a7fcce576409,ca8be4a7ce16ed946a288233270bf64176f33f09c39d80b50eeb919458798379,"{""circuit"":""surface_code:rotated_memory_x"",""cluster_node_limit"":50,""d"":5,""decoder"":""mwpf"",""decoder_type"":""SolverSerialJointSingleHair"",""p"":0.007,""p_erase"":0.007,""r"":5,""run_id"":""fc11e6013551ff75fa4759b0fc71e28cb776c1e995679ad07f9247f45c9ad106""}",
      1024,         1,         0,   0.465,mwpf__8ad69d48345896d862efbd90f2b975904c14044cde7ed10668f8f5eea334f41a,6a6ac4c29065cb30976ec846e8da513c4d01edcdc840656f11ff38553d7306cd,"{""circuit"":""surface_code:rotated_memory_x"",""cluster_node_limit"":50,""d"":5,""decoder"":""mwpf"",""decoder_type"":""SolverSerialJointSingleHair"",""p"":0.01,""p_erase"":0.01,""r"":5,""run_id"":""669fd91e75976823dd1cbb6f0d860524121f186f614db6fb259f60c1945fce8a""}",
      2048,         0,         0,   0.686,mwpf__8447a0737060a5dcdf9065c9858e255abe4b9d4ba8a5cf9af236a7fcce576409,ca8be4a7ce16ed946a288233270bf64176f33f09c39d80b50eeb919458798379,"{""circuit"":""surface_code:rotated_memory_x"",""cluster_node_limit"":50,""d"":5,""decoder"":""mwpf"",""decoder_type"":""SolverSerialJointSingleHair"",""p"":0.007,""p_erase"":0.007,""r"":5,""run_id"":""fc11e6013551ff75fa4759b0fc71e28cb776c1e995679ad07f9247f45c9ad106""}",
      1032,         0,         0,   0.321,mwpf__c58b7d47f1bf9aa6757e72d714b4934e012141d133da38946d72f780457936e1,95828c0d538c141a350184d6ddc1899b467d2819c8fca6fde9d3b4898bcf42c8,"{""circuit"":""surface_code:rotated_memory_x"",""cluster_node_limit"":50,""d"":5,""decoder"":""mwpf"",""decoder_type"":""SolverSerialJointSingleHair"",""p"":0.0065,""p_erase"":0.0065,""r"":5,""run_id"":""14c277d1360d884007b225112d7b983b9f2c5fc158d2870f656c6b2929b311b6""}",
      1024,         0,         0,   0.427,mwpf__b71b410912a52b6f6379e91fd178b891036e516b5d9bdd3af3e3d833396cfbcb,560e79ac0b8bf685dacd5c09b366945c4286a65db7481ed5906d7ffc59ba6886,"{""circuit"":""surface_code:rotated_memory_x"",""cluster_node_limit"":50,""d"":5,""decoder"":""mwpf"",""decoder_type"":""SolverSerialJointSingleHair"",""p"":0.009,""p_erase"":0.009,""r"":5,""run_id"":""c32281a89ec9fb6ef8731b931cbe729d04602aba0eeadfec21fc1875143cc8af""}",
      1032,         0,         0,   0.315,mwpf__c58b7d47f1bf9aa6757e72d714b4934e012141d133da38946d72f780457936e1,95828c0d538c141a350184d6ddc1899b467d2819c8fca6fde9d3b4898bcf42c8,"{""circuit"":""surface_code:rotated_memory_x"",""cluster_node_limit"":50,""d"":5,""decoder"":""mwpf"",""decoder_type"":""SolverSerialJointSingleHair"",""p"":0.0065,""p_erase"":0.0065,""r"":5,""run_id"":""14c277d1360d884007b225112d7b983b9f2c5fc158d2870f656c6b2929b311b6""}",
      2048,         0,         0,   0.715,mwpf__6e9afc21b4d3f106a42e849d1d1f275ed6be088715d087c4b8a915d85b035b2b,5980677afcf119f56e68f90e25cc8ff5463f90cf70e710bc49d0e1832a1823e0,"{""circuit"":""surface_code:rotated_memory_x"",""cluster_node_limit"":50,""d"":5,""decoder"":""mwpf"",""decoder_type"":""SolverSerialJointSingleHair"",""p"":0.0075,""p_erase"":0.0075,""r"":5,""run_id"":""5a57a6d0ff957d816c2c86860718eec6af832a23575ff55f991f4b130256fb39""}",
      2048,         1,         0,   0.698,mwpf__6e9afc21b4d3f106a42e849d1d1f275ed6be088715d087c4b8a915d85b035b2b,5980677afcf119f56e68f90e25cc8ff5463f90cf70e710bc49d0e1832a1823e0,"{""circuit"":""surface_code:rotated_memory_x"",""cluster_node_limit"":50,""d"":5,""decoder"":""mwpf"",""decoder_type"":""SolverSerialJointSingleHair"",""p"":0.0075,""p_erase"":0.0075,""r"":5,""run_id"":""5a57a6d0ff957d816c2c86860718eec6af832a23575ff55f991f4b130256fb39""}",
      2048,         0,         0,   0.636,mwpf__c58b7d47f1bf9aa6757e72d714b4934e012141d133da38946d72f780457936e1,95828c0d538c141a350184d6ddc1899b467d2819c8fca6fde9d3b4898bcf42c8,"{""circuit"":""surface_code:rotated_memory_x"",""cluster_node_limit"":50,""d"":5,""decoder"":""mwpf"",""decoder_type"":""SolverSerialJointSingleHair"",""p"":0.0065,""p_erase"":0.0065,""r"":5,""run_id"":""14c277d1360d884007b225112d7b983b9f2c5fc158d2870f656c6b2929b311b6""}",
         9,         0,         0,   0.005,mwpf__c58b7d47f1bf9aa6757e72d714b4934e012141d133da38946d72f780457936e1,95828c0d538c141a350184d6ddc1899b467d2819c8fca6fde9d3b4898bcf42c8,"{""circuit"":""surface_code:rotated_memory_x"",""cluster_node_limit"":50,""d"":5,""decoder"":""mwpf"",""decoder_type"":""SolverSerialJointSingleHair"",""p"":0.0065,""p_erase"":0.0065,""r"":5,""run_id"":""14c277d1360d884007b225112d7b983b9f2c5fc158d2870f656c6b2929b311b6""}",
      2048,         0,         0,   0.691,mwpf__6e9afc21b4d3f106a42e849d1d1f275ed6be088715d087c4b8a915d85b035b2b,5980677afcf119f56e68f90e25cc8ff5463f90cf70e710bc49d0e1832a1823e0,"{""circuit"":""surface_code:rotated_memory_x"",""cluster_node_limit"":50,""d"":5,""decoder"":""mwpf"",""decoder_type"":""SolverSerialJointSingleHair"",""p"":0.0075,""p_erase"":0.0075,""r"":5,""run_id"":""5a57a6d0ff957d816c2c86860718eec6af832a23575ff55f991f4b130256fb39""}",
      1032,         0,         0,   0.329,mwpf__8447a0737060a5dcdf9065c9858e255abe4b9d4ba8a5cf9af236a7fcce576409,ca8be4a7ce16ed946a288233270bf64176f33f09c39d80b50eeb919458798379,"{""circuit"":""surface_code:rotated_memory_x"",""cluster_node_limit"":50,""d"":5,""decoder"":""mwpf"",""decoder_type"":""SolverSerialJointSingleHair"",""p"":0.007,""p_erase"":0.007,""r"":5,""run_id"":""fc11e6013551ff75fa4759b0fc71e28cb776c1e995679ad07f9247f45c9ad106""}",
      1032,         0,         0,   0.324,mwpf__8447a0737060a5dcdf9065c9858e255abe4b9d4ba8a5cf9af236a7fcce576409,ca8be4a7ce16ed946a288233270bf64176f33f09c39d80b50eeb919458798379,"{""circuit"":""surface_code:rotated_memory_x"",""cluster_node_limit"":50,""d"":5,""decoder"":""mwpf"",""decoder_type"":""SolverSerialJointSingleHair"",""p"":0.007,""p_erase"":0.007,""r"":5,""run_id"":""fc11e6013551ff75fa4759b0fc71e28cb776c1e995679ad07f9247f45c9ad106""}",
      1028,         0,         0,   0.333,mwpf__8447a0737060a5dcdf9065c9858e255abe4b9d4ba8a5cf9af236a7fcce576409,ca8be4a7ce16ed946a288233270bf64176f33f09c39d80b50eeb919458798379,"{""circuit"":""surface_code:rotated_memory_x"",""cluster_node_limit"":50,""d"":5,""decoder"":""mwpf"",""decoder_type"":""SolverSerialJointSingleHair"",""p"":0.007,""p_erase"":0.007,""r"":5,""run_id"":""fc11e6013551ff75fa4759b0fc71e28cb776c1e995679ad07f9247f45c9ad106""}",
         4,         0,         0,   0.001,mwpf__8447a0737060a5dcdf9065c9858e255abe4b9d4ba8a5cf9af236a7fcce576409,ca8be4a7ce16ed946a288233270bf64176f33f09c39d80b50eeb919458798379,"{""circuit"":""surface_code:rotated_memory_x"",""cluster_node_limit"":50,""d"":5,""decoder"":""mwpf"",""decoder_type"":""SolverSerialJointSingleHair"",""p"":0.007,""p_erase"":0.007,""r"":5,""run_id"":""fc11e6013551ff75fa4759b0fc71e28cb776c1e995679ad07f9247f45c9ad106""}",
      2048,         0,         0,   0.745,mwpf__c4429979d8453e1857b47d20b05f1b5ef724026f5497884c20fbcb25fc2cd83f,1aaf6f1039b09a76317612e784f1ea923331e30438434dc3b3d9bf3cdf3c98c1,"{""circuit"":""surface_code:rotated_memory_x"",""cluster_node_limit"":50,""d"":5,""decoder"":""mwpf"",""decoder_type"":""SolverSerialJointSingleHair"",""p"":0.008,""p_erase"":0.008,""r"":5,""run_id"":""bfa3c7cba13850dd37e54bb29bb945687e3fe04272a3151e2ac8acb7416976e7""}",
      1024,         1,         0,   0.466,mwpf__8ad69d48345896d862efbd90f2b975904c14044cde7ed10668f8f5eea334f41a,6a6ac4c29065cb30976ec846e8da513c4d01edcdc840656f11ff38553d7306cd,"{""circuit"":""surface_code:rotated_memory_x"",""cluster_node_limit"":50,""d"":5,""decoder"":""mwpf"",""decoder_type"":""SolverSerialJointSingleHair"",""p"":0.01,""p_erase"":0.01,""r"":5,""run_id"":""669fd91e75976823dd1cbb6f0d860524121f186f614db6fb259f60c1945fce8a""}",
      2048,         0,         0,   0.741,mwpf__c4429979d8453e1857b47d20b05f1b5ef724026f5497884c20fbcb25fc2cd83f,1aaf6f1039b09a76317612e784f1ea923331e30438434dc3b3d9bf3cdf3c98c1,"{""circuit"":""surface_code:rotated_memory_x"",""cluster_node_limit"":50,""d"":5,""decoder"":""mwpf"",""decoder_type"":""SolverSerialJointSingleHair"",""p"":0.008,""p_erase"":0.008,""r"":5,""run_id"":""bfa3c7cba13850dd37e54bb29bb945687e3fe04272a3151e2ac8acb7416976e7""}",
      2048,         0,         0,   0.740,mwpf__c4429979d8453e1857b47d20b05f1b5ef724026f5497884c20fbcb25fc2cd83f,1aaf6f1039b09a76317612e784f1ea923331e30438434dc3b3d9bf3cdf3c98c1,"{""circuit"":""surface_code:rotated_memory_x"",""cluster_node_limit"":50,""d"":5,""decoder"":""mwpf"",""decoder_type"":""SolverSerialJointSingleHair"",""p"":0.008,""p_erase"":0.008,""r"":5,""run_id"":""bfa3c7cba13850dd37e54bb29bb945687e3fe04272a3151e2ac8acb7416976e7""}",
      2048,         0,         0,   0.833,mwpf__b71b410912a52b6f6379e91fd178b891036e516b5d9bdd3af3e3d833396cfbcb,560e79ac0b8bf685dacd5c09b366945c4286a65db7481ed5906d7ffc59ba6886,"{""circuit"":""surface_code:rotated_memory_x"",""cluster_node_limit"":50,""d"":5,""decoder"":""mwpf"",""decoder_type"":""SolverSerialJointSingleHair"",""p"":0.009,""p_erase"":0.009,""r"":5,""run_id"":""c32281a89ec9fb6ef8731b931cbe729d04602aba0eeadfec21fc1875143cc8af""}",
      2048,         0,         0,   0.911,mwpf__8ad69d48345896d862efbd90f2b975904c14044cde7ed10668f8f5eea334f41a,6a6ac4c29065cb30976ec846e8da513c4d01edcdc840656f11ff38553d7306cd,"{""circuit"":""surface_code:rotated_memory_x"",""cluster_node_limit"":50,""d"":5,""decoder"":""mwpf"",""decoder_type"":""SolverSerialJointSingleHair"",""p"":0.01,""p_erase"":0.01,""r"":5,""run_id"":""669fd91e75976823dd1cbb6f0d860524121f186f614db6fb259f60c1945fce8a""}",
      2058,         0,         0,   0.708,mwpf__6e9afc21b4d3f106a42e849d1d1f275ed6be088715d087c4b8a915d85b035b2b,5980677afcf119f56e68f90e25cc8ff5463f90cf70e710bc49d0e1832a1823e0,"{""circuit"":""surface_code:rotated_memory_x"",""cluster_node_limit"":50,""d"":5,""decoder"":""mwpf"",""decoder_type"":""SolverSerialJointSingleHair"",""p"":0.0075,""p_erase"":0.0075,""r"":5,""run_id"":""5a57a6d0ff957d816c2c86860718eec6af832a23575ff55f991f4b130256fb39""}",
      2048,         0,         0,   0.909,mwpf__8ad69d48345896d862efbd90f2b975904c14044cde7ed10668f8f5eea334f41a,6a6ac4c29065cb30976ec846e8da513c4d01edcdc840656f11ff38553d7306cd,"{""circuit"":""surface_code:rotated_memory_x"",""cluster_node_limit"":50,""d"":5,""decoder"":""mwpf"",""decoder_type"":""SolverSerialJointSingleHair"",""p"":0.01,""p_erase"":0.01,""r"":5,""run_id"":""669fd91e75976823dd1cbb6f0d860524121f186f614db6fb259f60c1945fce8a""}",
      2048,         0,         0,   0.842,mwpf__b71b410912a52b6f6379e91fd178b891036e516b5d9bdd3af3e3d833396cfbcb,560e79ac0b8bf685dacd5c09b366945c4286a65db7481ed5906d7ffc59ba6886,"{""circuit"":""surface_code:rotated_memory_x"",""cluster_node_limit"":50,""d"":5,""decoder"":""mwpf"",""decoder_type"":""SolverSerialJointSingleHair"",""p"":0.009,""p_erase"":0.009,""r"":5,""run_id"":""c32281a89ec9fb6ef8731b931cbe729d04602aba0eeadfec21fc1875143cc8af""}",
      2048,         0,         0,   0.697,mwpf__6e9afc21b4d3f106a42e849d1d1f275ed6be088715d087c4b8a915d85b035b2b,5980677afcf119f56e68f90e25cc8ff5463f90cf70e710bc49d0e1832a1823e0,"{""circuit"":""surface_code:rotated_memory_x"",""cluster_node_limit"":50,""d"":5,""decoder"":""mwpf"",""decoder_type"":""SolverSerialJointSingleHair"",""p"":0.0075,""p_erase"":0.0075,""r"":5,""run_id"":""5a57a6d0ff957d816c2c86860718eec6af832a23575ff55f991f4b130256fb39""}",
         9,         0,         0,   0.003,mwpf__6e9afc21b4d3f106a42e849d1d1f275ed6be088715d087c4b8a915d85b035b2b,5980677afcf119f56e68f90e25cc8ff5463f90cf70e710bc49d0e1832a1823e0,"{""circuit"":""surface_code:rotated_memory_x"",""cluster_node_limit"":50,""d"":5,""decoder"":""mwpf"",""decoder_type"":""SolverSerialJointSingleHair"",""p"":0.0075,""p_erase"":0.0075,""r"":5,""run_id"":""5a57a6d0ff957d816c2c86860718eec6af832a23575ff55f991f4b130256fb39""}",
      2048,         0,         0,   0.837,mwpf__b71b410912a52b6f6379e91fd178b891036e516b5d9bdd3af3e3d833396cfbcb,560e79ac0b8bf685dacd5c09b366945c4286a65db7481ed5906d7ffc59ba6886,"{""circuit"":""surface_code:rotated_memory_x"",""cluster_node_limit"":50,""d"":5,""decoder"":""mwpf"",""decoder_type"":""SolverSerialJointSingleHair"",""p"":0.009,""p_erase"":0.009,""r"":5,""run_id"":""c32281a89ec9fb6ef8731b931cbe729d04602aba0eeadfec21fc1875143cc8af""}",
      1536,         4,         0,    1.05,mwpf__863de70705822d3ac5c85e737f5c35e9003fe713755bf2a77869c08d12fb176a,2ec4648f3dd239d87d06620b6a49a98301955fe72f19ce1732512c3fdebaf0c8,"{""circuit"":""surface_code:rotated_memory_x"",""cluster_node_limit"":50,""d"":5,""decoder"":""mwpf"",""decoder_type"":""SolverSerialJointSingleHair"",""p"":0.015,""p_erase"":0.015,""r"":5,""run_id"":""6fe96edac5c8fb2c1aed8ea14c67ceeb92423fdf3ce9e1c97fff0ce2aa5d5538""}",
      2048,         0,         0,   0.697,mwpf__6e9afc21b4d3f106a42e849d1d1f275ed6be088715d087c4b8a915d85b035b2b,5980677afcf119f56e68f90e25cc8ff5463f90cf70e710bc49d0e1832a1823e0,"{""circuit"":""surface_code:rotated_memory_x"",""cluster_node_limit"":50,""d"":5,""decoder"":""mwpf"",""decoder_type"":""SolverSerialJointSingleHair"",""p"":0.0075,""p_erase"":0.0075,""r"":5,""run_id"":""5a57a6d0ff957d816c2c86860718eec6af832a23575ff55f991f4b130256fb39""}",
         2,         0,         0,   0.002,mwpf__6e9afc21b4d3f106a42e849d1d1f275ed6be088715d087c4b8a915d85b035b2b,5980677afcf119f56e68f90e25cc8ff5463f90cf70e710bc49d0e1832a1823e0,"{""circuit"":""surface_code:rotated_memory_x"",""cluster_node_limit"":50,""d"":5,""decoder"":""mwpf"",""decoder_type"":""SolverSerialJointSingleHair"",""p"":0.0075,""p_erase"":0.0075,""r"":5,""run_id"":""5a57a6d0ff957d816c2c86860718eec6af832a23575ff55f991f4b130256fb39""}",
         3,         0,         0,   0.003,mwpf__6e9afc21b4d3f106a42e849d1d1f275ed6be088715d087c4b8a915d85b035b2b,5980677afcf119f56e68f90e25cc8ff5463f90cf70e710bc49d0e1832a1823e0,"{""circuit"":""surface_code:rotated_memory_x"",""cluster_node_limit"":50,""d"":5,""decoder"":""mwpf"",""decoder_type"":""SolverSerialJointSingleHair"",""p"":0.0075,""p_erase"":0.0075,""r"":5,""run_id"":""5a57a6d0ff957d816c2c86860718eec6af832a23575ff55f991f4b130256fb39""}",
         3,         0,         0,   0.002,mwpf__6e9afc21b4d3f106a42e849d1d1f275ed6be088715d087c4b8a915d85b035b2b,5980677afcf119f56e68f90e25cc8ff5463f90cf70e710bc49d0e1832a1823e0,"{""circuit"":""surface_code:rotated_memory_x"",""cluster_node_limit"":50,""d"":5,""decoder"":""mwpf"",""decoder_type"":""SolverSerialJointSingleHair"",""p"":0.0075,""p_erase"":0.0075,""r"":5,""run_id"":""5a57a6d0ff957d816c2c86860718eec6af832a23575ff55f991f4b130256fb39""}",
         1,         0,         0,   0.002,mwpf__6e9afc21b4d3f106a42e849d1d1f275ed6be088715d087c4b8a915d85b035b2b,5980677afcf119f56e68f90e25cc8ff5463f90cf70e710bc49d0e1832a1823e0,"{""circuit"":""surface_code:rotated_memory_x"",""cluster_node_limit"":50,""d"":5,""decoder"":""mwpf"",""decoder_type"":""SolverSerialJointSingleHair"",""p"":0.0075,""p_erase"":0.0075,""r"":5,""run_id"":""5a57a6d0ff957d816c2c86860718eec6af832a23575ff55f991f4b130256fb39""}",
         1,         0,         0,   0.001,mwpf__6e9afc21b4d3f106a42e849d1d1f275ed6be088715d087c4b8a915d85b035b2b,5980677afcf119f56e68f90e25cc8ff5463f90cf70e710bc49d0e1832a1823e0,"{""circuit"":""surface_code:rotated_memory_x"",""cluster_node_limit"":50,""d"":5,""decoder"":""mwpf"",""decoder_type"":""SolverSerialJointSingleHair"",""p"":0.0075,""p_erase"":0.0075,""r"":5,""run_id"":""5a57a6d0ff957d816c2c86860718eec6af832a23575ff55f991f4b130256fb39""}",
      1536,         3,         0,    1.08,mwpf__863de70705822d3ac5c85e737f5c35e9003fe713755bf2a77869c08d12fb176a,2ec4648f3dd239d87d06620b6a49a98301955fe72f19ce1732512c3fdebaf0c8,"{""circuit"":""surface_code:rotated_memory_x"",""cluster_node_limit"":50,""d"":5,""decoder"":""mwpf"",""decoder_type"":""SolverSerialJointSingleHair"",""p"":0.015,""p_erase"":0.015,""r"":5,""run_id"":""6fe96edac5c8fb2c1aed8ea14c67ceeb92423fdf3ce9e1c97fff0ce2aa5d5538""}",
      2048,         0,         0,   0.745,mwpf__c4429979d8453e1857b47d20b05f1b5ef724026f5497884c20fbcb25fc2cd83f,1aaf6f1039b09a76317612e784f1ea923331e30438434dc3b3d9bf3cdf3c98c1,"{""circuit"":""surface_code:rotated_memory_x"",""cluster_node_limit"":50,""d"":5,""decoder"":""mwpf"",""decoder_type"":""SolverSerialJointSingleHair"",""p"":0.008,""p_erase"":0.008,""r"":5,""run_id"":""bfa3c7cba13850dd37e54bb29bb945687e3fe04272a3151e2ac8acb7416976e7""}",
      1544,         0,         0,   0.553,mwpf__c4429979d8453e1857b47d20b05f1b5ef724026f5497884c20fbcb25fc2cd83f,1aaf6f1039b09a76317612e784f1ea923331e30438434dc3b3d9bf3cdf3c98c1,"{""circuit"":""surface_code:rotated_memory_x"",""cluster_node_limit"":50,""d"":5,""decoder"":""mwpf"",""decoder_type"":""SolverSerialJointSingleHair"",""p"":0.008,""p_erase"":0.008,""r"":5,""run_id"":""bfa3c7cba13850dd37e54bb29bb945687e3fe04272a3151e2ac8acb7416976e7""}",
      1544,         0,         0,   0.569,mwpf__c4429979d8453e1857b47d20b05f1b5ef724026f5497884c20fbcb25fc2cd83f,1aaf6f1039b09a76317612e784f1ea923331e30438434dc3b3d9bf3cdf3c98c1,"{""circuit"":""surface_code:rotated_memory_x"",""cluster_node_limit"":50,""d"":5,""decoder"":""mwpf"",""decoder_type"":""SolverSerialJointSingleHair"",""p"":0.008,""p_erase"":0.008,""r"":5,""run_id"":""bfa3c7cba13850dd37e54bb29bb945687e3fe04272a3151e2ac8acb7416976e7""}",
        10,         0,         0,   0.004,mwpf__c4429979d8453e1857b47d20b05f1b5ef724026f5497884c20fbcb25fc2cd83f,1aaf6f1039b09a76317612e784f1ea923331e30438434dc3b3d9bf3cdf3c98c1,"{""circuit"":""surface_code:rotated_memory_x"",""cluster_node_limit"":50,""d"":5,""decoder"":""mwpf"",""decoder_type"":""SolverSerialJointSingleHair"",""p"":0.008,""p_erase"":0.008,""r"":5,""run_id"":""bfa3c7cba13850dd37e54bb29bb945687e3fe04272a3151e2ac8acb7416976e7""}",
      2048,         1,         0,   0.982,mwpf__8ad69d48345896d862efbd90f2b975904c14044cde7ed10668f8f5eea334f41a,6a6ac4c29065cb30976ec846e8da513c4d01edcdc840656f11ff38553d7306cd,"{""circuit"":""surface_code:rotated_memory_x"",""cluster_node_limit"":50,""d"":5,""decoder"":""mwpf"",""decoder_type"":""SolverSerialJointSingleHair"",""p"":0.01,""p_erase"":0.01,""r"":5,""run_id"":""669fd91e75976823dd1cbb6f0d860524121f186f614db6fb259f60c1945fce8a""}",
      2048,         0,         0,   0.832,mwpf__b71b410912a52b6f6379e91fd178b891036e516b5d9bdd3af3e3d833396cfbcb,560e79ac0b8bf685dacd5c09b366945c4286a65db7481ed5906d7ffc59ba6886,"{""circuit"":""surface_code:rotated_memory_x"",""cluster_node_limit"":50,""d"":5,""decoder"":""mwpf"",""decoder_type"":""SolverSerialJointSingleHair"",""p"":0.009,""p_erase"":0.009,""r"":5,""run_id"":""c32281a89ec9fb6ef8731b931cbe729d04602aba0eeadfec21fc1875143cc8af""}",
      2048,         0,         0,   0.823,mwpf__b71b410912a52b6f6379e91fd178b891036e516b5d9bdd3af3e3d833396cfbcb,560e79ac0b8bf685dacd5c09b366945c4286a65db7481ed5906d7ffc59ba6886,"{""circuit"":""surface_code:rotated_memory_x"",""cluster_node_limit"":50,""d"":5,""decoder"":""mwpf"",""decoder_type"":""SolverSerialJointSingleHair"",""p"":0.009,""p_erase"":0.009,""r"":5,""run_id"":""c32281a89ec9fb6ef8731b931cbe729d04602aba0eeadfec21fc1875143cc8af""}",
       264,         0,         0,   0.111,mwpf__b71b410912a52b6f6379e91fd178b891036e516b5d9bdd3af3e3d833396cfbcb,560e79ac0b8bf685dacd5c09b366945c4286a65db7481ed5906d7ffc59ba6886,"{""circuit"":""surface_code:rotated_memory_x"",""cluster_node_limit"":50,""d"":5,""decoder"":""mwpf"",""decoder_type"":""SolverSerialJointSingleHair"",""p"":0.009,""p_erase"":0.009,""r"":5,""run_id"":""c32281a89ec9fb6ef8731b931cbe729d04602aba0eeadfec21fc1875143cc8af""}",
      2048,         1,         0,   0.899,mwpf__8ad69d48345896d862efbd90f2b975904c14044cde7ed10668f8f5eea334f41a,6a6ac4c29065cb30976ec846e8da513c4d01edcdc840656f11ff38553d7306cd,"{""circuit"":""surface_code:rotated_memory_x"",""cluster_node_limit"":50,""d"":5,""decoder"":""mwpf"",""decoder_type"":""SolverSerialJointSingleHair"",""p"":0.01,""p_erase"":0.01,""r"":5,""run_id"":""669fd91e75976823dd1cbb6f0d860524121f186f614db6fb259f60c1945fce8a""}",
      2048,         0,         0,   0.826,mwpf__b71b410912a52b6f6379e91fd178b891036e516b5d9bdd3af3e3d833396cfbcb,560e79ac0b8bf685dacd5c09b366945c4286a65db7481ed5906d7ffc59ba6886,"{""circuit"":""surface_code:rotated_memory_x"",""cluster_node_limit"":50,""d"":5,""decoder"":""mwpf"",""decoder_type"":""SolverSerialJointSingleHair"",""p"":0.009,""p_erase"":0.009,""r"":5,""run_id"":""c32281a89ec9fb6ef8731b931cbe729d04602aba0eeadfec21fc1875143cc8af""}",
      2048,         0,         0,   0.907,mwpf__8ad69d48345896d862efbd90f2b975904c14044cde7ed10668f8f5eea334f41a,6a6ac4c29065cb30976ec846e8da513c4d01edcdc840656f11ff38553d7306cd,"{""circuit"":""surface_code:rotated_memory_x"",""cluster_node_limit"":50,""d"":5,""decoder"":""mwpf"",""decoder_type"":""SolverSerialJointSingleHair"",""p"":0.01,""p_erase"":0.01,""r"":5,""run_id"":""669fd91e75976823dd1cbb6f0d860524121f186f614db6fb259f60c1945fce8a""}",
       264,         0,         0,   0.111,mwpf__b71b410912a52b6f6379e91fd178b891036e516b5d9bdd3af3e3d833396cfbcb,560e79ac0b8bf685dacd5c09b366945c4286a65db7481ed5906d7ffc59ba6886,"{""circuit"":""surface_code:rotated_memory_x"",""cluster_node_limit"":50,""d"":5,""decoder"":""mwpf"",""decoder_type"":""SolverSerialJointSingleHair"",""p"":0.009,""p_erase"":0.009,""r"":5,""run_id"":""c32281a89ec9fb6ef8731b931cbe729d04602aba0eeadfec21fc1875143cc8af""}",
       264,         0,         0,   0.108,mwpf__b71b410912a52b6f6379e91fd178b891036e516b5d9bdd3af3e3d833396cfbcb,560e79ac0b8bf685dacd5c09b366945c4286a65db7481ed5906d7ffc59ba6886,"{""circuit"":""surface_code:rotated_memory_x"",""cluster_node_limit"":50,""d"":5,""decoder"":""mwpf"",""decoder_type"":""SolverSerialJointSingleHair"",""p"":0.009,""p_erase"":0.009,""r"":5,""run_id"":""c32281a89ec9fb6ef8731b931cbe729d04602aba0eeadfec21fc1875143cc8af""}",
      2048,         5,         0,    1.41,mwpf__863de70705822d3ac5c85e737f5c35e9003fe713755bf2a77869c08d12fb176a,2ec4648f3dd239d87d06620b6a49a98301955fe72f19ce1732512c3fdebaf0c8,"{""circuit"":""surface_code:rotated_memory_x"",""cluster_node_limit"":50,""d"":5,""decoder"":""mwpf"",""decoder_type"":""SolverSerialJointSingleHair"",""p"":0.015,""p_erase"":0.015,""r"":5,""run_id"":""6fe96edac5c8fb2c1aed8ea14c67ceeb92423fdf3ce9e1c97fff0ce2aa5d5538""}",
      2048,         0,         0,   0.915,mwpf__8ad69d48345896d862efbd90f2b975904c14044cde7ed10668f8f5eea334f41a,6a6ac4c29065cb30976ec846e8da513c4d01edcdc840656f11ff38553d7306cd,"{""circuit"":""surface_code:rotated_memory_x"",""cluster_node_limit"":50,""d"":5,""decoder"":""mwpf"",""decoder_type"":""SolverSerialJointSingleHair"",""p"":0.01,""p_erase"":0.01,""r"":5,""run_id"":""669fd91e75976823dd1cbb6f0d860524121f186f614db6fb259f60c1945fce8a""}",
      1672,         0,         0,   0.743,mwpf__8ad69d48345896d862efbd90f2b975904c14044cde7ed10668f8f5eea334f41a,6a6ac4c29065cb30976ec846e8da513c4d01edcdc840656f11ff38553d7306cd,"{""circuit"":""surface_code:rotated_memory_x"",""cluster_node_limit"":50,""d"":5,""decoder"":""mwpf"",""decoder_type"":""SolverSerialJointSingleHair"",""p"":0.01,""p_erase"":0.01,""r"":5,""run_id"":""669fd91e75976823dd1cbb6f0d860524121f186f614db6fb259f60c1945fce8a""}",
       133,         0,         0,   0.061,mwpf__8ad69d48345896d862efbd90f2b975904c14044cde7ed10668f8f5eea334f41a,6a6ac4c29065cb30976ec846e8da513c4d01edcdc840656f11ff38553d7306cd,"{""circuit"":""surface_code:rotated_memory_x"",""cluster_node_limit"":50,""d"":5,""decoder"":""mwpf"",""decoder_type"":""SolverSerialJointSingleHair"",""p"":0.01,""p_erase"":0.01,""r"":5,""run_id"":""669fd91e75976823dd1cbb6f0d860524121f186f614db6fb259f60c1945fce8a""}",
      1672,         2,         0,   0.746,mwpf__8ad69d48345896d862efbd90f2b975904c14044cde7ed10668f8f5eea334f41a,6a6ac4c29065cb30976ec846e8da513c4d01edcdc840656f11ff38553d7306cd,"{""circuit"":""surface_code:rotated_memory_x"",""cluster_node_limit"":50,""d"":5,""decoder"":""mwpf"",""decoder_type"":""SolverSerialJointSingleHair"",""p"":0.01,""p_erase"":0.01,""r"":5,""run_id"":""669fd91e75976823dd1cbb6f0d860524121f186f614db6fb259f60c1945fce8a""}",
      2048,         0,         0,    1.45,mwpf__863de70705822d3ac5c85e737f5c35e9003fe713755bf2a77869c08d12fb176a,2ec4648f3dd239d87d06620b6a49a98301955fe72f19ce1732512c3fdebaf0c8,"{""circuit"":""surface_code:rotated_memory_x"",""cluster_node_limit"":50,""d"":5,""decoder"":""mwpf"",""decoder_type"":""SolverSerialJointSingleHair"",""p"":0.015,""p_erase"":0.015,""r"":5,""run_id"":""6fe96edac5c8fb2c1aed8ea14c67ceeb92423fdf3ce9e1c97fff0ce2aa5d5538""}",
      2560,         5,         0,    1.77,mwpf__863de70705822d3ac5c85e737f5c35e9003fe713755bf2a77869c08d12fb176a,2ec4648f3dd239d87d06620b6a49a98301955fe72f19ce1732512c3fdebaf0c8,"{""circuit"":""surface_code:rotated_memory_x"",""cluster_node_limit"":50,""d"":5,""decoder"":""mwpf"",""decoder_type"":""SolverSerialJointSingleHair"",""p"":0.015,""p_erase"":0.015,""r"":5,""run_id"":""6fe96edac5c8fb2c1aed8ea14c67ceeb92423fdf3ce9e1c97fff0ce2aa5d5538""}",
      2560,         7,         0,    1.78,mwpf__863de70705822d3ac5c85e737f5c35e9003fe713755bf2a77869c08d12fb176a,2ec4648f3dd239d87d06620b6a49a98301955fe72f19ce1732512c3fdebaf0c8,"{""circuit"":""surface_code:rotated_memory_x"",""cluster_node_limit"":50,""d"":5,""decoder"":""mwpf"",""decoder_type"":""SolverSerialJointSingleHair"",""p"":0.015,""p_erase"":0.015,""r"":5,""run_id"":""6fe96edac5c8fb2c1aed8ea14c67ceeb92423fdf3ce9e1c97fff0ce2aa5d5538""}",
      1612,         3,         0,    1.11,mwpf__863de70705822d3ac5c85e737f5c35e9003fe713755bf2a77869c08d12fb176a,2ec4648f3dd239d87d06620b6a49a98301955fe72f19ce1732512c3fdebaf0c8,"{""circuit"":""surface_code:rotated_memory_x"",""cluster_node_limit"":50,""d"":5,""decoder"":""mwpf"",""decoder_type"":""SolverSerialJointSingleHair"",""p"":0.015,""p_erase"":0.015,""r"":5,""run_id"":""6fe96edac5c8fb2c1aed8ea14c67ceeb92423fdf3ce9e1c97fff0ce2aa5d5538""}",
      1482,         4,         0,    1.04,mwpf__863de70705822d3ac5c85e737f5c35e9003fe713755bf2a77869c08d12fb176a,2ec4648f3dd239d87d06620b6a49a98301955fe72f19ce1732512c3fdebaf0c8,"{""circuit"":""surface_code:rotated_memory_x"",""cluster_node_limit"":50,""d"":5,""decoder"":""mwpf"",""decoder_type"":""SolverSerialJointSingleHair"",""p"":0.015,""p_erase"":0.015,""r"":5,""run_id"":""6fe96edac5c8fb2c1aed8ea14c67ceeb92423fdf3ce9e1c97fff0ce2aa5d5538""}",
        17,         0,         0,   0.012,mwpf__863de70705822d3ac5c85e737f5c35e9003fe713755bf2a77869c08d12fb176a,2ec4648f3dd239d87d06620b6a49a98301955fe72f19ce1732512c3fdebaf0c8,"{""circuit"":""surface_code:rotated_memory_x"",""cluster_node_limit"":50,""d"":5,""decoder"":""mwpf"",""decoder_type"":""SolverSerialJointSingleHair"",""p"":0.015,""p_erase"":0.015,""r"":5,""run_id"":""6fe96edac5c8fb2c1aed8ea14c67ceeb92423fdf3ce9e1c97fff0ce2aa5d5538""}",
        17,         0,         0,   0.012,mwpf__863de70705822d3ac5c85e737f5c35e9003fe713755bf2a77869c08d12fb176a,2ec4648f3dd239d87d06620b6a49a98301955fe72f19ce1732512c3fdebaf0c8,"{""circuit"":""surface_code:rotated_memory_x"",""cluster_node_limit"":50,""d"":5,""decoder"":""mwpf"",""decoder_type"":""SolverSerialJointSingleHair"",""p"":0.015,""p_erase"":0.015,""r"":5,""run_id"":""6fe96edac5c8fb2c1aed8ea14c67ceeb92423fdf3ce9e1c97fff0ce2aa5d5538""}",
       273,         0,         0,   0.059,mwpf__11f45372c56f7ad844d941b5d91839ad2109f5ded22d55410db8a55c861d7281,0665149c154d50de98a4085a034142b69ec6f9e2cb2daf40322c0cb6f246dbfc,"{""circuit"":""surface_code:rotated_memory_x"",""cluster_node_limit"":50,""d"":5,""decoder"":""mwpf"",""decoder_type"":""SolverSerialJointSingleHair"",""p"":0.004,""p_erase"":0.004,""r"":5,""run_id"":""2c1d23bd89bcf5d6d623dffd52817527ab5ba820bb8c60558a749cc97b051f30""}",
       256,         0,         0,   0.177,mwpf__863de70705822d3ac5c85e737f5c35e9003fe713755bf2a77869c08d12fb176a,2ec4648f3dd239d87d06620b6a49a98301955fe72f19ce1732512c3fdebaf0c8,"{""circuit"":""surface_code:rotated_memory_x"",""cluster_node_limit"":50,""d"":5,""decoder"":""mwpf"",""decoder_type"":""SolverSerialJointSingleHair"",""p"":0.015,""p_erase"":0.015,""r"":5,""run_id"":""6fe96edac5c8fb2c1aed8ea14c67ceeb92423fdf3ce9e1c97fff0ce2aa5d5538""}",
       240,         0,         0,   0.048,mwpf__11f45372c56f7ad844d941b5d91839ad2109f5ded22d55410db8a55c861d7281,0665149c154d50de98a4085a034142b69ec6f9e2cb2daf40322c0cb6f246dbfc,"{""circuit"":""surface_code:rotated_memory_x"",""cluster_node_limit"":50,""d"":5,""decoder"":""mwpf"",""decoder_type"":""SolverSerialJointSingleHair"",""p"":0.004,""p_erase"":0.004,""r"":5,""run_id"":""2c1d23bd89bcf5d6d623dffd52817527ab5ba820bb8c60558a749cc97b051f30""}",
       256,         0,         0,   0.183,mwpf__863de70705822d3ac5c85e737f5c35e9003fe713755bf2a77869c08d12fb176a,2ec4648f3dd239d87d06620b6a49a98301955fe72f19ce1732512c3fdebaf0c8,"{""circuit"":""surface_code:rotated_memory_x"",""cluster_node_limit"":50,""d"":5,""decoder"":""mwpf"",""decoder_type"":""SolverSerialJointSingleHair"",""p"":0.015,""p_erase"":0.015,""r"":5,""run_id"":""6fe96edac5c8fb2c1aed8ea14c67ceeb92423fdf3ce9e1c97fff0ce2aa5d5538""}",
       511,         0,         0,   0.132,mwpf__11f45372c56f7ad844d941b5d91839ad2109f5ded22d55410db8a55c861d7281,0665149c154d50de98a4085a034142b69ec6f9e2cb2daf40322c0cb6f246dbfc,"{""circuit"":""surface_code:rotated_memory_x"",""cluster_node_limit"":50,""d"":5,""decoder"":""mwpf"",""decoder_type"":""SolverSerialJointSingleHair"",""p"":0.004,""p_erase"":0.004,""r"":5,""run_id"":""2c1d23bd89bcf5d6d623dffd52817527ab5ba820bb8c60558a749cc97b051f30""}",
       513,         0,         0,   0.132,mwpf__11f45372c56f7ad844d941b5d91839ad2109f5ded22d55410db8a55c861d7281,0665149c154d50de98a4085a034142b69ec6f9e2cb2daf40322c0cb6f246dbfc,"{""circuit"":""surface_code:rotated_memory_x"",""cluster_node_limit"":50,""d"":5,""decoder"":""mwpf"",""decoder_type"":""SolverSerialJointSingleHair"",""p"":0.004,""p_erase"":0.004,""r"":5,""run_id"":""2c1d23bd89bcf5d6d623dffd52817527ab5ba820bb8c60558a749cc97b051f30""}",
       513,         0,         0,   0.133,mwpf__11f45372c56f7ad844d941b5d91839ad2109f5ded22d55410db8a55c861d7281,0665149c154d50de98a4085a034142b69ec6f9e2cb2daf40322c0cb6f246dbfc,"{""circuit"":""surface_code:rotated_memory_x"",""cluster_node_limit"":50,""d"":5,""decoder"":""mwpf"",""decoder_type"":""SolverSerialJointSingleHair"",""p"":0.004,""p_erase"":0.004,""r"":5,""run_id"":""2c1d23bd89bcf5d6d623dffd52817527ab5ba820bb8c60558a749cc97b051f30""}",
       371,         0,         0,   0.275,mwpf__863de70705822d3ac5c85e737f5c35e9003fe713755bf2a77869c08d12fb176a,2ec4648f3dd239d87d06620b6a49a98301955fe72f19ce1732512c3fdebaf0c8,"{""circuit"":""surface_code:rotated_memory_x"",""cluster_node_limit"":50,""d"":5,""decoder"":""mwpf"",""decoder_type"":""SolverSerialJointSingleHair"",""p"":0.015,""p_erase"":0.015,""r"":5,""run_id"":""6fe96edac5c8fb2c1aed8ea14c67ceeb92423fdf3ce9e1c97fff0ce2aa5d5538""}",
       512,         1,         0,   0.359,mwpf__863de70705822d3ac5c85e737f5c35e9003fe713755bf2a77869c08d12fb176a,2ec4648f3dd239d87d06620b6a49a98301955fe72f19ce1732512c3fdebaf0c8,"{""circuit"":""surface_code:rotated_memory_x"",""cluster_node_limit"":50,""d"":5,""decoder"":""mwpf"",""decoder_type"":""SolverSerialJointSingleHair"",""p"":0.015,""p_erase"":0.015,""r"":5,""run_id"":""6fe96edac5c8fb2c1aed8ea14c67ceeb92423fdf3ce9e1c97fff0ce2aa5d5538""}",
       512,         0,         0,   0.354,mwpf__863de70705822d3ac5c85e737f5c35e9003fe713755bf2a77869c08d12fb176a,2ec4648f3dd239d87d06620b6a49a98301955fe72f19ce1732512c3fdebaf0c8,"{""circuit"":""surface_code:rotated_memory_x"",""cluster_node_limit"":50,""d"":5,""decoder"":""mwpf"",""decoder_type"":""SolverSerialJointSingleHair"",""p"":0.015,""p_erase"":0.015,""r"":5,""run_id"":""6fe96edac5c8fb2c1aed8ea14c67ceeb92423fdf3ce9e1c97fff0ce2aa5d5538""}",
      1024,         1,         0,   0.755,mwpf__863de70705822d3ac5c85e737f5c35e9003fe713755bf2a77869c08d12fb176a,2ec4648f3dd239d87d06620b6a49a98301955fe72f19ce1732512c3fdebaf0c8,"{""circuit"":""surface_code:rotated_memory_x"",""cluster_node_limit"":50,""d"":5,""decoder"":""mwpf"",""decoder_type"":""SolverSerialJointSingleHair"",""p"":0.015,""p_erase"":0.015,""r"":5,""run_id"":""6fe96edac5c8fb2c1aed8ea14c67ceeb92423fdf3ce9e1c97fff0ce2aa5d5538""}",
       512,         1,         0,   0.359,mwpf__863de70705822d3ac5c85e737f5c35e9003fe713755bf2a77869c08d12fb176a,2ec4648f3dd239d87d06620b6a49a98301955fe72f19ce1732512c3fdebaf0c8,"{""circuit"":""surface_code:rotated_memory_x"",""cluster_node_limit"":50,""d"":5,""decoder"":""mwpf"",""decoder_type"":""SolverSerialJointSingleHair"",""p"":0.015,""p_erase"":0.015,""r"":5,""run_id"":""6fe96edac5c8fb2c1aed8ea14c67ceeb92423fdf3ce9e1c97fff0ce2aa5d5538""}",
       512,         2,         0,   0.370,mwpf__863de70705822d3ac5c85e737f5c35e9003fe713755bf2a77869c08d12fb176a,2ec4648f3dd239d87d06620b6a49a98301955fe72f19ce1732512c3fdebaf0c8,"{""circuit"":""surface_code:rotated_memory_x"",""cluster_node_limit"":50,""d"":5,""decoder"":""mwpf"",""decoder_type"":""SolverSerialJointSingleHair"",""p"":0.015,""p_erase"":0.015,""r"":5,""run_id"":""6fe96edac5c8fb2c1aed8ea14c67ceeb92423fdf3ce9e1c97fff0ce2aa5d5538""}",
       512,         2,         0,   0.359,mwpf__863de70705822d3ac5c85e737f5c35e9003fe713755bf2a77869c08d12fb176a,2ec4648f3dd239d87d06620b6a49a98301955fe72f19ce1732512c3fdebaf0c8,"{""circuit"":""surface_code:rotated_memory_x"",""cluster_node_limit"":50,""d"":5,""decoder"":""mwpf"",""decoder_type"":""SolverSerialJointSingleHair"",""p"":0.015,""p_erase"":0.015,""r"":5,""run_id"":""6fe96edac5c8fb2c1aed8ea14c67ceeb92423fdf3ce9e1c97fff0ce2aa5d5538""}",
       512,         1,         0,   0.347,mwpf__863de70705822d3ac5c85e737f5c35e9003fe713755bf2a77869c08d12fb176a,2ec4648f3dd239d87d06620b6a49a98301955fe72f19ce1732512c3fdebaf0c8,"{""circuit"":""surface_code:rotated_memory_x"",""cluster_node_limit"":50,""d"":5,""decoder"":""mwpf"",""decoder_type"":""SolverSerialJointSingleHair"",""p"":0.015,""p_erase"":0.015,""r"":5,""run_id"":""6fe96edac5c8fb2c1aed8ea14c67ceeb92423fdf3ce9e1c97fff0ce2aa5d5538""}",
       273,         0,         0,   0.079,mwpf__430ba795469d8cdb0908fffa68ce8bd2f959b001f03fed0500f2be71b231dd61,bc94726745b3aa46725e1d9fdc4e9c3130c336a65a0eef2d6c13560ac6ff3ce4,"{""circuit"":""surface_code:rotated_memory_x"",""cluster_node_limit"":50,""d"":5,""decoder"":""mwpf"",""decoder_type"":""SolverSerialJointSingleHair"",""p"":0.006,""p_erase"":0.006,""r"":5,""run_id"":""136e458ea1bb00db5031dfe54473bc21d7f67216ffcf15b01c0f763ac55c92f3""}",
       273,         0,         0,   0.091,mwpf__8447a0737060a5dcdf9065c9858e255abe4b9d4ba8a5cf9af236a7fcce576409,ca8be4a7ce16ed946a288233270bf64176f33f09c39d80b50eeb919458798379,"{""circuit"":""surface_code:rotated_memory_x"",""cluster_node_limit"":50,""d"":5,""decoder"":""mwpf"",""decoder_type"":""SolverSerialJointSingleHair"",""p"":0.007,""p_erase"":0.007,""r"":5,""run_id"":""fc11e6013551ff75fa4759b0fc71e28cb776c1e995679ad07f9247f45c9ad106""}",
       273,         0,         0,   0.083,mwpf__c58b7d47f1bf9aa6757e72d714b4934e012141d133da38946d72f780457936e1,95828c0d538c141a350184d6ddc1899b467d2819c8fca6fde9d3b4898bcf42c8,"{""circuit"":""surface_code:rotated_memory_x"",""cluster_node_limit"":50,""d"":5,""decoder"":""mwpf"",""decoder_type"":""SolverSerialJointSingleHair"",""p"":0.0065,""p_erase"":0.0065,""r"":5,""run_id"":""14c277d1360d884007b225112d7b983b9f2c5fc158d2870f656c6b2929b311b6""}",
       138,         0,         0,   0.038,mwpf__430ba795469d8cdb0908fffa68ce8bd2f959b001f03fed0500f2be71b231dd61,bc94726745b3aa46725e1d9fdc4e9c3130c336a65a0eef2d6c13560ac6ff3ce4,"{""circuit"":""surface_code:rotated_memory_x"",""cluster_node_limit"":50,""d"":5,""decoder"":""mwpf"",""decoder_type"":""SolverSerialJointSingleHair"",""p"":0.006,""p_erase"":0.006,""r"":5,""run_id"":""136e458ea1bb00db5031dfe54473bc21d7f67216ffcf15b01c0f763ac55c92f3""}",
       411,         0,         0,   0.141,mwpf__430ba795469d8cdb0908fffa68ce8bd2f959b001f03fed0500f2be71b231dd61,bc94726745b3aa46725e1d9fdc4e9c3130c336a65a0eef2d6c13560ac6ff3ce4,"{""circuit"":""surface_code:rotated_memory_x"",""cluster_node_limit"":50,""d"":5,""decoder"":""mwpf"",""decoder_type"":""SolverSerialJointSingleHair"",""p"":0.006,""p_erase"":0.006,""r"":5,""run_id"":""136e458ea1bb00db5031dfe54473bc21d7f67216ffcf15b01c0f763ac55c92f3""}",
       411,         0,         0,   0.147,mwpf__430ba795469d8cdb0908fffa68ce8bd2f959b001f03fed0500f2be71b231dd61,bc94726745b3aa46725e1d9fdc4e9c3130c336a65a0eef2d6c13560ac6ff3ce4,"{""circuit"":""surface_code:rotated_memory_x"",""cluster_node_limit"":50,""d"":5,""decoder"":""mwpf"",""decoder_type"":""SolverSerialJointSingleHair"",""p"":0.006,""p_erase"":0.006,""r"":5,""run_id"":""136e458ea1bb00db5031dfe54473bc21d7f67216ffcf15b01c0f763ac55c92f3""}",
       407,         0,         0,   0.143,mwpf__430ba795469d8cdb0908fffa68ce8bd2f959b001f03fed0500f2be71b231dd61,bc94726745b3aa46725e1d9fdc4e9c3130c336a65a0eef2d6c13560ac6ff3ce4,"{""circuit"":""surface_code:rotated_memory_x"",""cluster_node_limit"":50,""d"":5,""decoder"":""mwpf"",""decoder_type"":""SolverSerialJointSingleHair"",""p"":0.006,""p_erase"":0.006,""r"":5,""run_id"":""136e458ea1bb00db5031dfe54473bc21d7f67216ffcf15b01c0f763ac55c92f3""}",
       138,         0,         0,   0.041,mwpf__c58b7d47f1bf9aa6757e72d714b4934e012141d133da38946d72f780457936e1,95828c0d538c141a350184d6ddc1899b467d2819c8fca6fde9d3b4898bcf42c8,"{""circuit"":""surface_code:rotated_memory_x"",""cluster_node_limit"":50,""d"":5,""decoder"":""mwpf"",""decoder_type"":""SolverSerialJointSingleHair"",""p"":0.0065,""p_erase"":0.0065,""r"":5,""run_id"":""14c277d1360d884007b225112d7b983b9f2c5fc158d2870f656c6b2929b311b6""}",
       408,         0,         0,   0.150,mwpf__c58b7d47f1bf9aa6757e72d714b4934e012141d133da38946d72f780457936e1,95828c0d538c141a350184d6ddc1899b467d2819c8fca6fde9d3b4898bcf42c8,"{""circuit"":""surface_code:rotated_memory_x"",""cluster_node_limit"":50,""d"":5,""decoder"":""mwpf"",""decoder_type"":""SolverSerialJointSingleHair"",""p"":0.0065,""p_erase"":0.0065,""r"":5,""run_id"":""14c277d1360d884007b225112d7b983b9f2c5fc158d2870f656c6b2929b311b6""}",
       411,         0,         0,   0.152,mwpf__c58b7d47f1bf9aa6757e72d714b4934e012141d133da38946d72f780457936e1,95828c0d538c141a350184d6ddc1899b467d2819c8fca6fde9d3b4898bcf42c8,"{""circuit"":""surface_code:rotated_memory_x"",""cluster_node_limit"":50,""d"":5,""decoder"":""mwpf"",""decoder_type"":""SolverSerialJointSingleHair"",""p"":0.0065,""p_erase"":0.0065,""r"":5,""run_id"":""14c277d1360d884007b225112d7b983b9f2c5fc158d2870f656c6b2929b311b6""}",
       411,         0,         0,   0.150,mwpf__c58b7d47f1bf9aa6757e72d714b4934e012141d133da38946d72f780457936e1,95828c0d538c141a350184d6ddc1899b467d2819c8fca6fde9d3b4898bcf42c8,"{""circuit"":""surface_code:rotated_memory_x"",""cluster_node_limit"":50,""d"":5,""decoder"":""mwpf"",""decoder_type"":""SolverSerialJointSingleHair"",""p"":0.0065,""p_erase"":0.0065,""r"":5,""run_id"":""14c277d1360d884007b225112d7b983b9f2c5fc158d2870f656c6b2929b311b6""}",
       343,         0,         0,   0.111,mwpf__8447a0737060a5dcdf9065c9858e255abe4b9d4ba8a5cf9af236a7fcce576409,ca8be4a7ce16ed946a288233270bf64176f33f09c39d80b50eeb919458798379,"{""circuit"":""surface_code:rotated_memory_x"",""cluster_node_limit"":50,""d"":5,""decoder"":""mwpf"",""decoder_type"":""SolverSerialJointSingleHair"",""p"":0.007,""p_erase"":0.007,""r"":5,""run_id"":""fc11e6013551ff75fa4759b0fc71e28cb776c1e995679ad07f9247f45c9ad106""}",
       613,         0,         0,   0.233,mwpf__8447a0737060a5dcdf9065c9858e255abe4b9d4ba8a5cf9af236a7fcce576409,ca8be4a7ce16ed946a288233270bf64176f33f09c39d80b50eeb919458798379,"{""circuit"":""surface_code:rotated_memory_x"",""cluster_node_limit"":50,""d"":5,""decoder"":""mwpf"",""decoder_type"":""SolverSerialJointSingleHair"",""p"":0.007,""p_erase"":0.007,""r"":5,""run_id"":""fc11e6013551ff75fa4759b0fc71e28cb776c1e995679ad07f9247f45c9ad106""}",
       616,         1,         0,   0.230,mwpf__8447a0737060a5dcdf9065c9858e255abe4b9d4ba8a5cf9af236a7fcce576409,ca8be4a7ce16ed946a288233270bf64176f33f09c39d80b50eeb919458798379,"{""circuit"":""surface_code:rotated_memory_x"",""cluster_node_limit"":50,""d"":5,""decoder"":""mwpf"",""decoder_type"":""SolverSerialJointSingleHair"",""p"":0.007,""p_erase"":0.007,""r"":5,""run_id"":""fc11e6013551ff75fa4759b0fc71e28cb776c1e995679ad07f9247f45c9ad106""}",
       616,         0,         0,   0.234,mwpf__8447a0737060a5dcdf9065c9858e255abe4b9d4ba8a5cf9af236a7fcce576409,ca8be4a7ce16ed946a288233270bf64176f33f09c39d80b50eeb919458798379,"{""circuit"":""surface_code:rotated_memory_x"",""cluster_node_limit"":50,""d"":5,""decoder"":""mwpf"",""decoder_type"":""SolverSerialJointSingleHair"",""p"":0.007,""p_erase"":0.007,""r"":5,""run_id"":""fc11e6013551ff75fa4759b0fc71e28cb776c1e995679ad07f9247f45c9ad106""}",
       512,         3,         0,   0.356,mwpf__863de70705822d3ac5c85e737f5c35e9003fe713755bf2a77869c08d12fb176a,2ec4648f3dd239d87d06620b6a49a98301955fe72f19ce1732512c3fdebaf0c8,"{""circuit"":""surface_code:rotated_memory_x"",""cluster_node_limit"":50,""d"":5,""decoder"":""mwpf"",""decoder_type"":""SolverSerialJointSingleHair"",""p"":0.015,""p_erase"":0.015,""r"":5,""run_id"":""6fe96edac5c8fb2c1aed8ea14c67ceeb92423fdf3ce9e1c97fff0ce2aa5d5538""}",
       512,         1,         0,   0.354,mwpf__863de70705822d3ac5c85e737f5c35e9003fe713755bf2a77869c08d12fb176a,2ec4648f3dd239d87d06620b6a49a98301955fe72f19ce1732512c3fdebaf0c8,"{""circuit"":""surface_code:rotated_memory_x"",""cluster_node_limit"":50,""d"":5,""decoder"":""mwpf"",""decoder_type"":""SolverSerialJointSingleHair"",""p"":0.015,""p_erase"":0.015,""r"":5,""run_id"":""6fe96edac5c8fb2c1aed8ea14c67ceeb92423fdf3ce9e1c97fff0ce2aa5d5538""}",
       512,         0,         0,   0.351,mwpf__863de70705822d3ac5c85e737f5c35e9003fe713755bf2a77869c08d12fb176a,2ec4648f3dd239d87d06620b6a49a98301955fe72f19ce1732512c3fdebaf0c8,"{""circuit"":""surface_code:rotated_memory_x"",""cluster_node_limit"":50,""d"":5,""decoder"":""mwpf"",""decoder_type"":""SolverSerialJointSingleHair"",""p"":0.015,""p_erase"":0.015,""r"":5,""run_id"":""6fe96edac5c8fb2c1aed8ea14c67ceeb92423fdf3ce9e1c97fff0ce2aa5d5538""}",
       512,         2,         0,   0.362,mwpf__863de70705822d3ac5c85e737f5c35e9003fe713755bf2a77869c08d12fb176a,2ec4648f3dd239d87d06620b6a49a98301955fe72f19ce1732512c3fdebaf0c8,"{""circuit"":""surface_code:rotated_memory_x"",""cluster_node_limit"":50,""d"":5,""decoder"":""mwpf"",""decoder_type"":""SolverSerialJointSingleHair"",""p"":0.015,""p_erase"":0.015,""r"":5,""run_id"":""6fe96edac5c8fb2c1aed8ea14c67ceeb92423fdf3ce9e1c97fff0ce2aa5d5538""}",
       512,         1,         0,   0.357,mwpf__863de70705822d3ac5c85e737f5c35e9003fe713755bf2a77869c08d12fb176a,2ec4648f3dd239d87d06620b6a49a98301955fe72f19ce1732512c3fdebaf0c8,"{""circuit"":""surface_code:rotated_memory_x"",""cluster_node_limit"":50,""d"":5,""decoder"":""mwpf"",""decoder_type"":""SolverSerialJointSingleHair"",""p"":0.015,""p_erase"":0.015,""r"":5,""run_id"":""6fe96edac5c8fb2c1aed8ea14c67ceeb92423fdf3ce9e1c97fff0ce2aa5d5538""}",
       512,         1,         0,   0.356,mwpf__863de70705822d3ac5c85e737f5c35e9003fe713755bf2a77869c08d12fb176a,2ec4648f3dd239d87d06620b6a49a98301955fe72f19ce1732512c3fdebaf0c8,"{""circuit"":""surface_code:rotated_memory_x"",""cluster_node_limit"":50,""d"":5,""decoder"":""mwpf"",""decoder_type"":""SolverSerialJointSingleHair"",""p"":0.015,""p_erase"":0.015,""r"":5,""run_id"":""6fe96edac5c8fb2c1aed8ea14c67ceeb92423fdf3ce9e1c97fff0ce2aa5d5538""}",
       512,         1,         0,   0.351,mwpf__863de70705822d3ac5c85e737f5c35e9003fe713755bf2a77869c08d12fb176a,2ec4648f3dd239d87d06620b6a49a98301955fe72f19ce1732512c3fdebaf0c8,"{""circuit"":""surface_code:rotated_memory_x"",""cluster_node_limit"":50,""d"":5,""decoder"":""mwpf"",""decoder_type"":""SolverSerialJointSingleHair"",""p"":0.015,""p_erase"":0.015,""r"":5,""run_id"":""6fe96edac5c8fb2c1aed8ea14c67ceeb92423fdf3ce9e1c97fff0ce2aa5d5538""}",
       512,         1,         0,   0.351,mwpf__863de70705822d3ac5c85e737f5c35e9003fe713755bf2a77869c08d12fb176a,2ec4648f3dd239d87d06620b6a49a98301955fe72f19ce1732512c3fdebaf0c8,"{""circuit"":""surface_code:rotated_memory_x"",""cluster_node_limit"":50,""d"":5,""decoder"":""mwpf"",""decoder_type"":""SolverSerialJointSingleHair"",""p"":0.015,""p_erase"":0.015,""r"":5,""run_id"":""6fe96edac5c8fb2c1aed8ea14c67ceeb92423fdf3ce9e1c97fff0ce2aa5d5538""}",
       206,         0,         0,   0.074,mwpf__c4429979d8453e1857b47d20b05f1b5ef724026f5497884c20fbcb25fc2cd83f,1aaf6f1039b09a76317612e784f1ea923331e30438434dc3b3d9bf3cdf3c98c1,"{""circuit"":""surface_code:rotated_memory_x"",""cluster_node_limit"":50,""d"":5,""decoder"":""mwpf"",""decoder_type"":""SolverSerialJointSingleHair"",""p"":0.008,""p_erase"":0.008,""r"":5,""run_id"":""bfa3c7cba13850dd37e54bb29bb945687e3fe04272a3151e2ac8acb7416976e7""}",
       175,         0,         0,   0.094,mwpf__c4429979d8453e1857b47d20b05f1b5ef724026f5497884c20fbcb25fc2cd83f,1aaf6f1039b09a76317612e784f1ea923331e30438434dc3b3d9bf3cdf3c98c1,"{""circuit"":""surface_code:rotated_memory_x"",""cluster_node_limit"":50,""d"":5,""decoder"":""mwpf"",""decoder_type"":""SolverSerialJointSingleHair"",""p"":0.008,""p_erase"":0.008,""r"":5,""run_id"":""bfa3c7cba13850dd37e54bb29bb945687e3fe04272a3151e2ac8acb7416976e7""}",
       206,         0,         0,   0.102,mwpf__c4429979d8453e1857b47d20b05f1b5ef724026f5497884c20fbcb25fc2cd83f,1aaf6f1039b09a76317612e784f1ea923331e30438434dc3b3d9bf3cdf3c98c1,"{""circuit"":""surface_code:rotated_memory_x"",""cluster_node_limit"":50,""d"":5,""decoder"":""mwpf"",""decoder_type"":""SolverSerialJointSingleHair"",""p"":0.008,""p_erase"":0.008,""r"":5,""run_id"":""bfa3c7cba13850dd37e54bb29bb945687e3fe04272a3151e2ac8acb7416976e7""}",
       206,         0,         0,   0.103,mwpf__c4429979d8453e1857b47d20b05f1b5ef724026f5497884c20fbcb25fc2cd83f,1aaf6f1039b09a76317612e784f1ea923331e30438434dc3b3d9bf3cdf3c98c1,"{""circuit"":""surface_code:rotated_memory_x"",""cluster_node_limit"":50,""d"":5,""decoder"":""mwpf"",""decoder_type"":""SolverSerialJointSingleHair"",""p"":0.008,""p_erase"":0.008,""r"":5,""run_id"":""bfa3c7cba13850dd37e54bb29bb945687e3fe04272a3151e2ac8acb7416976e7""}",
        28,         0,         0,   0.009,mwpf__c4429979d8453e1857b47d20b05f1b5ef724026f5497884c20fbcb25fc2cd83f,1aaf6f1039b09a76317612e784f1ea923331e30438434dc3b3d9bf3cdf3c98c1,"{""circuit"":""surface_code:rotated_memory_x"",""cluster_node_limit"":50,""d"":5,""decoder"":""mwpf"",""decoder_type"":""SolverSerialJointSingleHair"",""p"":0.008,""p_erase"":0.008,""r"":5,""run_id"":""bfa3c7cba13850dd37e54bb29bb945687e3fe04272a3151e2ac8acb7416976e7""}",
       512,         1,         0,   0.360,mwpf__863de70705822d3ac5c85e737f5c35e9003fe713755bf2a77869c08d12fb176a,2ec4648f3dd239d87d06620b6a49a98301955fe72f19ce1732512c3fdebaf0c8,"{""circuit"":""surface_code:rotated_memory_x"",""cluster_node_limit"":50,""d"":5,""decoder"":""mwpf"",""decoder_type"":""SolverSerialJointSingleHair"",""p"":0.015,""p_erase"":0.015,""r"":5,""run_id"":""6fe96edac5c8fb2c1aed8ea14c67ceeb92423fdf3ce9e1c97fff0ce2aa5d5538""}",
       273,         0,         0,   0.118,mwpf__8ad69d48345896d862efbd90f2b975904c14044cde7ed10668f8f5eea334f41a,6a6ac4c29065cb30976ec846e8da513c4d01edcdc840656f11ff38553d7306cd,"{""circuit"":""surface_code:rotated_memory_x"",""cluster_node_limit"":50,""d"":5,""decoder"":""mwpf"",""decoder_type"":""SolverSerialJointSingleHair"",""p"":0.01,""p_erase"":0.01,""r"":5,""run_id"":""669fd91e75976823dd1cbb6f0d860524121f186f614db6fb259f60c1945fce8a""}",
       512,         2,         0,   0.348,mwpf__863de70705822d3ac5c85e737f5c35e9003fe713755bf2a77869c08d12fb176a,2ec4648f3dd239d87d06620b6a49a98301955fe72f19ce1732512c3fdebaf0c8,"{""circuit"":""surface_code:rotated_memory_x"",""cluster_node_limit"":50,""d"":5,""decoder"":""mwpf"",""decoder_type"":""SolverSerialJointSingleHair"",""p"":0.015,""p_erase"":0.015,""r"":5,""run_id"":""6fe96edac5c8fb2c1aed8ea14c67ceeb92423fdf3ce9e1c97fff0ce2aa5d5538""}",
       273,         0,         0,   0.111,mwpf__b71b410912a52b6f6379e91fd178b891036e516b5d9bdd3af3e3d833396cfbcb,560e79ac0b8bf685dacd5c09b366945c4286a65db7481ed5906d7ffc59ba6886,"{""circuit"":""surface_code:rotated_memory_x"",""cluster_node_limit"":50,""d"":5,""decoder"":""mwpf"",""decoder_type"":""SolverSerialJointSingleHair"",""p"":0.009,""p_erase"":0.009,""r"":5,""run_id"":""c32281a89ec9fb6ef8731b931cbe729d04602aba0eeadfec21fc1875143cc8af""}",
       350,         1,         0,   0.187,mwpf__8ad69d48345896d862efbd90f2b975904c14044cde7ed10668f8f5eea334f41a,6a6ac4c29065cb30976ec846e8da513c4d01edcdc840656f11ff38553d7306cd,"{""circuit"":""surface_code:rotated_memory_x"",""cluster_node_limit"":50,""d"":5,""decoder"":""mwpf"",""decoder_type"":""SolverSerialJointSingleHair"",""p"":0.01,""p_erase"":0.01,""r"":5,""run_id"":""669fd91e75976823dd1cbb6f0d860524121f186f614db6fb259f60c1945fce8a""}",
       305,         0,         0,   0.120,mwpf__b71b410912a52b6f6379e91fd178b891036e516b5d9bdd3af3e3d833396cfbcb,560e79ac0b8bf685dacd5c09b366945c4286a65db7481ed5906d7ffc59ba6886,"{""circuit"":""surface_code:rotated_memory_x"",""cluster_node_limit"":50,""d"":5,""decoder"":""mwpf"",""decoder_type"":""SolverSerialJointSingleHair"",""p"":0.009,""p_erase"":0.009,""r"":5,""run_id"":""c32281a89ec9fb6ef8731b931cbe729d04602aba0eeadfec21fc1875143cc8af""}",
       578,         2,         0,   0.255,mwpf__b71b410912a52b6f6379e91fd178b891036e516b5d9bdd3af3e3d833396cfbcb,560e79ac0b8bf685dacd5c09b366945c4286a65db7481ed5906d7ffc59ba6886,"{""circuit"":""surface_code:rotated_memory_x"",""cluster_node_limit"":50,""d"":5,""decoder"":""mwpf"",""decoder_type"":""SolverSerialJointSingleHair"",""p"":0.009,""p_erase"":0.009,""r"":5,""run_id"":""c32281a89ec9fb6ef8731b931cbe729d04602aba0eeadfec21fc1875143cc8af""}",
       575,         0,         0,   0.263,mwpf__b71b410912a52b6f6379e91fd178b891036e516b5d9bdd3af3e3d833396cfbcb,560e79ac0b8bf685dacd5c09b366945c4286a65db7481ed5906d7ffc59ba6886,"{""circuit"":""surface_code:rotated_memory_x"",""cluster_node_limit"":50,""d"":5,""decoder"":""mwpf"",""decoder_type"":""SolverSerialJointSingleHair"",""p"":0.009,""p_erase"":0.009,""r"":5,""run_id"":""c32281a89ec9fb6ef8731b931cbe729d04602aba0eeadfec21fc1875143cc8af""}",
       578,         0,         0,   0.268,mwpf__b71b410912a52b6f6379e91fd178b891036e516b5d9bdd3af3e3d833396cfbcb,560e79ac0b8bf685dacd5c09b366945c4286a65db7481ed5906d7ffc59ba6886,"{""circuit"":""surface_code:rotated_memory_x"",""cluster_node_limit"":50,""d"":5,""decoder"":""mwpf"",""decoder_type"":""SolverSerialJointSingleHair"",""p"":0.009,""p_erase"":0.009,""r"":5,""run_id"":""c32281a89ec9fb6ef8731b931cbe729d04602aba0eeadfec21fc1875143cc8af""}",
       802,         0,         0,   0.383,mwpf__8ad69d48345896d862efbd90f2b975904c14044cde7ed10668f8f5eea334f41a,6a6ac4c29065cb30976ec846e8da513c4d01edcdc840656f11ff38553d7306cd,"{""circuit"":""surface_code:rotated_memory_x"",""cluster_node_limit"":50,""d"":5,""decoder"":""mwpf"",""decoder_type"":""SolverSerialJointSingleHair"",""p"":0.01,""p_erase"":0.01,""r"":5,""run_id"":""669fd91e75976823dd1cbb6f0d860524121f186f614db6fb259f60c1945fce8a""}",
       802,         0,         0,   0.386,mwpf__8ad69d48345896d862efbd90f2b975904c14044cde7ed10668f8f5eea334f41a,6a6ac4c29065cb30976ec846e8da513c4d01edcdc840656f11ff38553d7306cd,"{""circuit"":""surface_code:rotated_memory_x"",""cluster_node_limit"":50,""d"":5,""decoder"":""mwpf"",""decoder_type"":""SolverSerialJointSingleHair"",""p"":0.01,""p_erase"":0.01,""r"":5,""run_id"":""669fd91e75976823dd1cbb6f0d860524121f186f614db6fb259f60c1945fce8a""}",
       512,         1,         0,   0.347,mwpf__863de70705822d3ac5c85e737f5c35e9003fe713755bf2a77869c08d12fb176a,2ec4648f3dd239d87d06620b6a49a98301955fe72f19ce1732512c3fdebaf0c8,"{""circuit"":""surface_code:rotated_memory_x"",""cluster_node_limit"":50,""d"":5,""decoder"":""mwpf"",""decoder_type"":""SolverSerialJointSingleHair"",""p"":0.015,""p_erase"":0.015,""r"":5,""run_id"":""6fe96edac5c8fb2c1aed8ea14c67ceeb92423fdf3ce9e1c97fff0ce2aa5d5538""}",
       512,         1,         0,   0.359,mwpf__863de70705822d3ac5c85e737f5c35e9003fe713755bf2a77869c08d12fb176a,2ec4648f3dd239d87d06620b6a49a98301955fe72f19ce1732512c3fdebaf0c8,"{""circuit"":""surface_code:rotated_memory_x"",""cluster_node_limit"":50,""d"":5,""decoder"":""mwpf"",""decoder_type"":""SolverSerialJointSingleHair"",""p"":0.015,""p_erase"":0.015,""r"":5,""run_id"":""6fe96edac5c8fb2c1aed8ea14c67ceeb92423fdf3ce9e1c97fff0ce2aa5d5538""}",
      3859,         6,         0,    2.67,mwpf__863de70705822d3ac5c85e737f5c35e9003fe713755bf2a77869c08d12fb176a,2ec4648f3dd239d87d06620b6a49a98301955fe72f19ce1732512c3fdebaf0c8,"{""circuit"":""surface_code:rotated_memory_x"",""cluster_node_limit"":50,""d"":5,""decoder"":""mwpf"",""decoder_type"":""SolverSerialJointSingleHair"",""p"":0.015,""p_erase"":0.015,""r"":5,""run_id"":""6fe96edac5c8fb2c1aed8ea14c67ceeb92423fdf3ce9e1c97fff0ce2aa5d5538""}",
       981,         0,         0,   0.444,mwpf__8ad69d48345896d862efbd90f2b975904c14044cde7ed10668f8f5eea334f41a,6a6ac4c29065cb30976ec846e8da513c4d01edcdc840656f11ff38553d7306cd,"{""circuit"":""surface_code:rotated_memory_x"",""cluster_node_limit"":50,""d"":5,""decoder"":""mwpf"",""decoder_type"":""SolverSerialJointSingleHair"",""p"":0.01,""p_erase"":0.01,""r"":5,""run_id"":""669fd91e75976823dd1cbb6f0d860524121f186f614db6fb259f60c1945fce8a""}",
      4755,         6,         0,    3.25,mwpf__863de70705822d3ac5c85e737f5c35e9003fe713755bf2a77869c08d12fb176a,2ec4648f3dd239d87d06620b6a49a98301955fe72f19ce1732512c3fdebaf0c8,"{""circuit"":""surface_code:rotated_memory_x"",""cluster_node_limit"":50,""d"":5,""decoder"":""mwpf"",""decoder_type"":""SolverSerialJointSingleHair"",""p"":0.015,""p_erase"":0.015,""r"":5,""run_id"":""6fe96edac5c8fb2c1aed8ea14c67ceeb92423fdf3ce9e1c97fff0ce2aa5d5538""}",
       309,         1,         0,   0.211,mwpf__863de70705822d3ac5c85e737f5c35e9003fe713755bf2a77869c08d12fb176a,2ec4648f3dd239d87d06620b6a49a98301955fe72f19ce1732512c3fdebaf0c8,"{""circuit"":""surface_code:rotated_memory_x"",""cluster_node_limit"":50,""d"":5,""decoder"":""mwpf"",""decoder_type"":""SolverSerialJointSingleHair"",""p"":0.015,""p_erase"":0.015,""r"":5,""run_id"":""6fe96edac5c8fb2c1aed8ea14c67ceeb92423fdf3ce9e1c97fff0ce2aa5d5538""}",
       512,         2,         0,   0.346,mwpf__863de70705822d3ac5c85e737f5c35e9003fe713755bf2a77869c08d12fb176a,2ec4648f3dd239d87d06620b6a49a98301955fe72f19ce1732512c3fdebaf0c8,"{""circuit"":""surface_code:rotated_memory_x"",""cluster_node_limit"":50,""d"":5,""decoder"":""mwpf"",""decoder_type"":""SolverSerialJointSingleHair"",""p"":0.015,""p_erase"":0.015,""r"":5,""run_id"":""6fe96edac5c8fb2c1aed8ea14c67ceeb92423fdf3ce9e1c97fff0ce2aa5d5538""}",
        28,         0,         0,   0.019,mwpf__863de70705822d3ac5c85e737f5c35e9003fe713755bf2a77869c08d12fb176a,2ec4648f3dd239d87d06620b6a49a98301955fe72f19ce1732512c3fdebaf0c8,"{""circuit"":""surface_code:rotated_memory_x"",""cluster_node_limit"":50,""d"":5,""decoder"":""mwpf"",""decoder_type"":""SolverSerialJointSingleHair"",""p"":0.015,""p_erase"":0.015,""r"":5,""run_id"":""6fe96edac5c8fb2c1aed8ea14c67ceeb92423fdf3ce9e1c97fff0ce2aa5d5538""}",
        28,         0,         0,   0.032,mwpf__863de70705822d3ac5c85e737f5c35e9003fe713755bf2a77869c08d12fb176a,2ec4648f3dd239d87d06620b6a49a98301955fe72f19ce1732512c3fdebaf0c8,"{""circuit"":""surface_code:rotated_memory_x"",""cluster_node_limit"":50,""d"":5,""decoder"":""mwpf"",""decoder_type"":""SolverSerialJointSingleHair"",""p"":0.015,""p_erase"":0.015,""r"":5,""run_id"":""6fe96edac5c8fb2c1aed8ea14c67ceeb92423fdf3ce9e1c97fff0ce2aa5d5538""}",
        28,         0,         0,   0.040,mwpf__863de70705822d3ac5c85e737f5c35e9003fe713755bf2a77869c08d12fb176a,2ec4648f3dd239d87d06620b6a49a98301955fe72f19ce1732512c3fdebaf0c8,"{""circuit"":""surface_code:rotated_memory_x"",""cluster_node_limit"":50,""d"":5,""decoder"":""mwpf"",""decoder_type"":""SolverSerialJointSingleHair"",""p"":0.015,""p_erase"":0.015,""r"":5,""run_id"":""6fe96edac5c8fb2c1aed8ea14c67ceeb92423fdf3ce9e1c97fff0ce2aa5d5538""}",
        28,         1,         0,   0.040,mwpf__863de70705822d3ac5c85e737f5c35e9003fe713755bf2a77869c08d12fb176a,2ec4648f3dd239d87d06620b6a49a98301955fe72f19ce1732512c3fdebaf0c8,"{""circuit"":""surface_code:rotated_memory_x"",""cluster_node_limit"":50,""d"":5,""decoder"":""mwpf"",""decoder_type"":""SolverSerialJointSingleHair"",""p"":0.015,""p_erase"":0.015,""r"":5,""run_id"":""6fe96edac5c8fb2c1aed8ea14c67ceeb92423fdf3ce9e1c97fff0ce2aa5d5538""}",
        69,         0,         0,   0.019,mwpf__430ba795469d8cdb0908fffa68ce8bd2f959b001f03fed0500f2be71b231dd61,bc94726745b3aa46725e1d9fdc4e9c3130c336a65a0eef2d6c13560ac6ff3ce4,"{""circuit"":""surface_code:rotated_memory_x"",""cluster_node_limit"":50,""d"":5,""decoder"":""mwpf"",""decoder_type"":""SolverSerialJointSingleHair"",""p"":0.006,""p_erase"":0.006,""r"":5,""run_id"":""136e458ea1bb00db5031dfe54473bc21d7f67216ffcf15b01c0f763ac55c92f3""}",
        66,         0,         0,   0.018,mwpf__430ba795469d8cdb0908fffa68ce8bd2f959b001f03fed0500f2be71b231dd61,bc94726745b3aa46725e1d9fdc4e9c3130c336a65a0eef2d6c13560ac6ff3ce4,"{""circuit"":""surface_code:rotated_memory_x"",""cluster_node_limit"":50,""d"":5,""decoder"":""mwpf"",""decoder_type"":""SolverSerialJointSingleHair"",""p"":0.006,""p_erase"":0.006,""r"":5,""run_id"":""136e458ea1bb00db5031dfe54473bc21d7f67216ffcf15b01c0f763ac55c92f3""}",
        69,         0,         0,   0.021,mwpf__430ba795469d8cdb0908fffa68ce8bd2f959b001f03fed0500f2be71b231dd61,bc94726745b3aa46725e1d9fdc4e9c3130c336a65a0eef2d6c13560ac6ff3ce4,"{""circuit"":""surface_code:rotated_memory_x"",""cluster_node_limit"":50,""d"":5,""decoder"":""mwpf"",""decoder_type"":""SolverSerialJointSingleHair"",""p"":0.006,""p_erase"":0.006,""r"":5,""run_id"":""136e458ea1bb00db5031dfe54473bc21d7f67216ffcf15b01c0f763ac55c92f3""}",
        69,         0,         0,   0.039,mwpf__430ba795469d8cdb0908fffa68ce8bd2f959b001f03fed0500f2be71b231dd61,bc94726745b3aa46725e1d9fdc4e9c3130c336a65a0eef2d6c13560ac6ff3ce4,"{""circuit"":""surface_code:rotated_memory_x"",""cluster_node_limit"":50,""d"":5,""decoder"":""mwpf"",""decoder_type"":""SolverSerialJointSingleHair"",""p"":0.006,""p_erase"":0.006,""r"":5,""run_id"":""136e458ea1bb00db5031dfe54473bc21d7f67216ffcf15b01c0f763ac55c92f3""}",
        69,         0,         0,   0.040,mwpf__430ba795469d8cdb0908fffa68ce8bd2f959b001f03fed0500f2be71b231dd61,bc94726745b3aa46725e1d9fdc4e9c3130c336a65a0eef2d6c13560ac6ff3ce4,"{""circuit"":""surface_code:rotated_memory_x"",""cluster_node_limit"":50,""d"":5,""decoder"":""mwpf"",""decoder_type"":""SolverSerialJointSingleHair"",""p"":0.006,""p_erase"":0.006,""r"":5,""run_id"":""136e458ea1bb00db5031dfe54473bc21d7f67216ffcf15b01c0f763ac55c92f3""}",
        88,         0,         0,   0.028,mwpf__8447a0737060a5dcdf9065c9858e255abe4b9d4ba8a5cf9af236a7fcce576409,ca8be4a7ce16ed946a288233270bf64176f33f09c39d80b50eeb919458798379,"{""circuit"":""surface_code:rotated_memory_x"",""cluster_node_limit"":50,""d"":5,""decoder"":""mwpf"",""decoder_type"":""SolverSerialJointSingleHair"",""p"":0.007,""p_erase"":0.007,""r"":5,""run_id"":""fc11e6013551ff75fa4759b0fc71e28cb776c1e995679ad07f9247f45c9ad106""}",
        69,         0,         0,   0.021,mwpf__c58b7d47f1bf9aa6757e72d714b4934e012141d133da38946d72f780457936e1,95828c0d538c141a350184d6ddc1899b467d2819c8fca6fde9d3b4898bcf42c8,"{""circuit"":""surface_code:rotated_memory_x"",""cluster_node_limit"":50,""d"":5,""decoder"":""mwpf"",""decoder_type"":""SolverSerialJointSingleHair"",""p"":0.0065,""p_erase"":0.0065,""r"":5,""run_id"":""14c277d1360d884007b225112d7b983b9f2c5fc158d2870f656c6b2929b311b6""}",
        30,         0,         0,   0.010,mwpf__c4429979d8453e1857b47d20b05f1b5ef724026f5497884c20fbcb25fc2cd83f,1aaf6f1039b09a76317612e784f1ea923331e30438434dc3b3d9bf3cdf3c98c1,"{""circuit"":""surface_code:rotated_memory_x"",""cluster_node_limit"":50,""d"":5,""decoder"":""mwpf"",""decoder_type"":""SolverSerialJointSingleHair"",""p"":0.008,""p_erase"":0.008,""r"":5,""run_id"":""bfa3c7cba13850dd37e54bb29bb945687e3fe04272a3151e2ac8acb7416976e7""}",
        88,         0,         0,   0.051,mwpf__8447a0737060a5dcdf9065c9858e255abe4b9d4ba8a5cf9af236a7fcce576409,ca8be4a7ce16ed946a288233270bf64176f33f09c39d80b50eeb919458798379,"{""circuit"":""surface_code:rotated_memory_x"",""cluster_node_limit"":50,""d"":5,""decoder"":""mwpf"",""decoder_type"":""SolverSerialJointSingleHair"",""p"":0.007,""p_erase"":0.007,""r"":5,""run_id"":""fc11e6013551ff75fa4759b0fc71e28cb776c1e995679ad07f9247f45c9ad106""}",
        88,         0,         0,   0.053,mwpf__8447a0737060a5dcdf9065c9858e255abe4b9d4ba8a5cf9af236a7fcce576409,ca8be4a7ce16ed946a288233270bf64176f33f09c39d80b50eeb919458798379,"{""circuit"":""surface_code:rotated_memory_x"",""cluster_node_limit"":50,""d"":5,""decoder"":""mwpf"",""decoder_type"":""SolverSerialJointSingleHair"",""p"":0.007,""p_erase"":0.007,""r"":5,""run_id"":""fc11e6013551ff75fa4759b0fc71e28cb776c1e995679ad07f9247f45c9ad106""}",
        88,         0,         0,   0.052,mwpf__8447a0737060a5dcdf9065c9858e255abe4b9d4ba8a5cf9af236a7fcce576409,ca8be4a7ce16ed946a288233270bf64176f33f09c39d80b50eeb919458798379,"{""circuit"":""surface_code:rotated_memory_x"",""cluster_node_limit"":50,""d"":5,""decoder"":""mwpf"",""decoder_type"":""SolverSerialJointSingleHair"",""p"":0.007,""p_erase"":0.007,""r"":5,""run_id"":""fc11e6013551ff75fa4759b0fc71e28cb776c1e995679ad07f9247f45c9ad106""}",
        88,         0,         0,   0.053,mwpf__8447a0737060a5dcdf9065c9858e255abe4b9d4ba8a5cf9af236a7fcce576409,ca8be4a7ce16ed946a288233270bf64176f33f09c39d80b50eeb919458798379,"{""circuit"":""surface_code:rotated_memory_x"",""cluster_node_limit"":50,""d"":5,""decoder"":""mwpf"",""decoder_type"":""SolverSerialJointSingleHair"",""p"":0.007,""p_erase"":0.007,""r"":5,""run_id"":""fc11e6013551ff75fa4759b0fc71e28cb776c1e995679ad07f9247f45c9ad106""}",
        26,         0,         0,   0.017,mwpf__c4429979d8453e1857b47d20b05f1b5ef724026f5497884c20fbcb25fc2cd83f,1aaf6f1039b09a76317612e784f1ea923331e30438434dc3b3d9bf3cdf3c98c1,"{""circuit"":""surface_code:rotated_memory_x"",""cluster_node_limit"":50,""d"":5,""decoder"":""mwpf"",""decoder_type"":""SolverSerialJointSingleHair"",""p"":0.008,""p_erase"":0.008,""r"":5,""run_id"":""bfa3c7cba13850dd37e54bb29bb945687e3fe04272a3151e2ac8acb7416976e7""}",
        30,         0,         0,   0.024,mwpf__c4429979d8453e1857b47d20b05f1b5ef724026f5497884c20fbcb25fc2cd83f,1aaf6f1039b09a76317612e784f1ea923331e30438434dc3b3d9bf3cdf3c98c1,"{""circuit"":""surface_code:rotated_memory_x"",""cluster_node_limit"":50,""d"":5,""decoder"":""mwpf"",""decoder_type"":""SolverSerialJointSingleHair"",""p"":0.008,""p_erase"":0.008,""r"":5,""run_id"":""bfa3c7cba13850dd37e54bb29bb945687e3fe04272a3151e2ac8acb7416976e7""}",
        69,         0,         0,   0.041,mwpf__c58b7d47f1bf9aa6757e72d714b4934e012141d133da38946d72f780457936e1,95828c0d538c141a350184d6ddc1899b467d2819c8fca6fde9d3b4898bcf42c8,"{""circuit"":""surface_code:rotated_memory_x"",""cluster_node_limit"":50,""d"":5,""decoder"":""mwpf"",""decoder_type"":""SolverSerialJointSingleHair"",""p"":0.0065,""p_erase"":0.0065,""r"":5,""run_id"":""14c277d1360d884007b225112d7b983b9f2c5fc158d2870f656c6b2929b311b6""}",
        30,         0,         0,   0.021,mwpf__c4429979d8453e1857b47d20b05f1b5ef724026f5497884c20fbcb25fc2cd83f,1aaf6f1039b09a76317612e784f1ea923331e30438434dc3b3d9bf3cdf3c98c1,"{""circuit"":""surface_code:rotated_memory_x"",""cluster_node_limit"":50,""d"":5,""decoder"":""mwpf"",""decoder_type"":""SolverSerialJointSingleHair"",""p"":0.008,""p_erase"":0.008,""r"":5,""run_id"":""bfa3c7cba13850dd37e54bb29bb945687e3fe04272a3151e2ac8acb7416976e7""}",
        30,         0,         0,   0.023,mwpf__c4429979d8453e1857b47d20b05f1b5ef724026f5497884c20fbcb25fc2cd83f,1aaf6f1039b09a76317612e784f1ea923331e30438434dc3b3d9bf3cdf3c98c1,"{""circuit"":""surface_code:rotated_memory_x"",""cluster_node_limit"":50,""d"":5,""decoder"":""mwpf"",""decoder_type"":""SolverSerialJointSingleHair"",""p"":0.008,""p_erase"":0.008,""r"":5,""run_id"":""bfa3c7cba13850dd37e54bb29bb945687e3fe04272a3151e2ac8acb7416976e7""}",
        69,         0,         0,   0.045,mwpf__c58b7d47f1bf9aa6757e72d714b4934e012141d133da38946d72f780457936e1,95828c0d538c141a350184d6ddc1899b467d2819c8fca6fde9d3b4898bcf42c8,"{""circuit"":""surface_code:rotated_memory_x"",""cluster_node_limit"":50,""d"":5,""decoder"":""mwpf"",""decoder_type"":""SolverSerialJointSingleHair"",""p"":0.0065,""p_erase"":0.0065,""r"":5,""run_id"":""14c277d1360d884007b225112d7b983b9f2c5fc158d2870f656c6b2929b311b6""}",
        69,         0,         0,   0.043,mwpf__c58b7d47f1bf9aa6757e72d714b4934e012141d133da38946d72f780457936e1,95828c0d538c141a350184d6ddc1899b467d2819c8fca6fde9d3b4898bcf42c8,"{""circuit"":""surface_code:rotated_memory_x"",""cluster_node_limit"":50,""d"":5,""decoder"":""mwpf"",""decoder_type"":""SolverSerialJointSingleHair"",""p"":0.0065,""p_erase"":0.0065,""r"":5,""run_id"":""14c277d1360d884007b225112d7b983b9f2c5fc158d2870f656c6b2929b311b6""}",
        66,         0,         0,   0.046,mwpf__c58b7d47f1bf9aa6757e72d714b4934e012141d133da38946d72f780457936e1,95828c0d538c141a350184d6ddc1899b467d2819c8fca6fde9d3b4898bcf42c8,"{""circuit"":""surface_code:rotated_memory_x"",""cluster_node_limit"":50,""d"":5,""decoder"":""mwpf"",""decoder_type"":""SolverSerialJointSingleHair"",""p"":0.0065,""p_erase"":0.0065,""r"":5,""run_id"":""14c277d1360d884007b225112d7b983b9f2c5fc158d2870f656c6b2929b311b6""}",
        10,         0,         0,   0.008,mwpf__863de70705822d3ac5c85e737f5c35e9003fe713755bf2a77869c08d12fb176a,2ec4648f3dd239d87d06620b6a49a98301955fe72f19ce1732512c3fdebaf0c8,"{""circuit"":""surface_code:rotated_memory_x"",""cluster_node_limit"":50,""d"":5,""decoder"":""mwpf"",""decoder_type"":""SolverSerialJointSingleHair"",""p"":0.015,""p_erase"":0.015,""r"":5,""run_id"":""6fe96edac5c8fb2c1aed8ea14c67ceeb92423fdf3ce9e1c97fff0ce2aa5d5538""}",
         4,         0,         0,   0.004,mwpf__863de70705822d3ac5c85e737f5c35e9003fe713755bf2a77869c08d12fb176a,2ec4648f3dd239d87d06620b6a49a98301955fe72f19ce1732512c3fdebaf0c8,"{""circuit"":""surface_code:rotated_memory_x"",""cluster_node_limit"":50,""d"":5,""decoder"":""mwpf"",""decoder_type"":""SolverSerialJointSingleHair"",""p"":0.015,""p_erase"":0.015,""r"":5,""run_id"":""6fe96edac5c8fb2c1aed8ea14c67ceeb92423fdf3ce9e1c97fff0ce2aa5d5538""}",
         4,         0,         0,   0.005,mwpf__863de70705822d3ac5c85e737f5c35e9003fe713755bf2a77869c08d12fb176a,2ec4648f3dd239d87d06620b6a49a98301955fe72f19ce1732512c3fdebaf0c8,"{""circuit"":""surface_code:rotated_memory_x"",""cluster_node_limit"":50,""d"":5,""decoder"":""mwpf"",""decoder_type"":""SolverSerialJointSingleHair"",""p"":0.015,""p_erase"":0.015,""r"":5,""run_id"":""6fe96edac5c8fb2c1aed8ea14c67ceeb92423fdf3ce9e1c97fff0ce2aa5d5538""}",
        10,         0,         0,   0.014,mwpf__863de70705822d3ac5c85e737f5c35e9003fe713755bf2a77869c08d12fb176a,2ec4648f3dd239d87d06620b6a49a98301955fe72f19ce1732512c3fdebaf0c8,"{""circuit"":""surface_code:rotated_memory_x"",""cluster_node_limit"":50,""d"":5,""decoder"":""mwpf"",""decoder_type"":""SolverSerialJointSingleHair"",""p"":0.015,""p_erase"":0.015,""r"":5,""run_id"":""6fe96edac5c8fb2c1aed8ea14c67ceeb92423fdf3ce9e1c97fff0ce2aa5d5538""}",
         5,         0,         0,   0.003,mwpf__863de70705822d3ac5c85e737f5c35e9003fe713755bf2a77869c08d12fb176a,2ec4648f3dd239d87d06620b6a49a98301955fe72f19ce1732512c3fdebaf0c8,"{""circuit"":""surface_code:rotated_memory_x"",""cluster_node_limit"":50,""d"":5,""decoder"":""mwpf"",""decoder_type"":""SolverSerialJointSingleHair"",""p"":0.015,""p_erase"":0.015,""r"":5,""run_id"":""6fe96edac5c8fb2c1aed8ea14c67ceeb92423fdf3ce9e1c97fff0ce2aa5d5538""}",
         4,         0,         0,   0.007,mwpf__863de70705822d3ac5c85e737f5c35e9003fe713755bf2a77869c08d12fb176a,2ec4648f3dd239d87d06620b6a49a98301955fe72f19ce1732512c3fdebaf0c8,"{""circuit"":""surface_code:rotated_memory_x"",""cluster_node_limit"":50,""d"":5,""decoder"":""mwpf"",""decoder_type"":""SolverSerialJointSingleHair"",""p"":0.015,""p_erase"":0.015,""r"":5,""run_id"":""6fe96edac5c8fb2c1aed8ea14c67ceeb92423fdf3ce9e1c97fff0ce2aa5d5538""}",
         4,         0,         0,   0.006,mwpf__863de70705822d3ac5c85e737f5c35e9003fe713755bf2a77869c08d12fb176a,2ec4648f3dd239d87d06620b6a49a98301955fe72f19ce1732512c3fdebaf0c8,"{""circuit"":""surface_code:rotated_memory_x"",""cluster_node_limit"":50,""d"":5,""decoder"":""mwpf"",""decoder_type"":""SolverSerialJointSingleHair"",""p"":0.015,""p_erase"":0.015,""r"":5,""run_id"":""6fe96edac5c8fb2c1aed8ea14c67ceeb92423fdf3ce9e1c97fff0ce2aa5d5538""}",
         4,         0,         0,   0.005,mwpf__863de70705822d3ac5c85e737f5c35e9003fe713755bf2a77869c08d12fb176a,2ec4648f3dd239d87d06620b6a49a98301955fe72f19ce1732512c3fdebaf0c8,"{""circuit"":""surface_code:rotated_memory_x"",""cluster_node_limit"":50,""d"":5,""decoder"":""mwpf"",""decoder_type"":""SolverSerialJointSingleHair"",""p"":0.015,""p_erase"":0.015,""r"":5,""run_id"":""6fe96edac5c8fb2c1aed8ea14c67ceeb92423fdf3ce9e1c97fff0ce2aa5d5538""}",
         2,         0,         0,   0.001,mwpf__863de70705822d3ac5c85e737f5c35e9003fe713755bf2a77869c08d12fb176a,2ec4648f3dd239d87d06620b6a49a98301955fe72f19ce1732512c3fdebaf0c8,"{""circuit"":""surface_code:rotated_memory_x"",""cluster_node_limit"":50,""d"":5,""decoder"":""mwpf"",""decoder_type"":""SolverSerialJointSingleHair"",""p"":0.015,""p_erase"":0.015,""r"":5,""run_id"":""6fe96edac5c8fb2c1aed8ea14c67ceeb92423fdf3ce9e1c97fff0ce2aa5d5538""}",
         4,         0,         0,   0.006,mwpf__863de70705822d3ac5c85e737f5c35e9003fe713755bf2a77869c08d12fb176a,2ec4648f3dd239d87d06620b6a49a98301955fe72f19ce1732512c3fdebaf0c8,"{""circuit"":""surface_code:rotated_memory_x"",""cluster_node_limit"":50,""d"":5,""decoder"":""mwpf"",""decoder_type"":""SolverSerialJointSingleHair"",""p"":0.015,""p_erase"":0.015,""r"":5,""run_id"":""6fe96edac5c8fb2c1aed8ea14c67ceeb92423fdf3ce9e1c97fff0ce2aa5d5538""}",
         4,         0,         0,   0.006,mwpf__863de70705822d3ac5c85e737f5c35e9003fe713755bf2a77869c08d12fb176a,2ec4648f3dd239d87d06620b6a49a98301955fe72f19ce1732512c3fdebaf0c8,"{""circuit"":""surface_code:rotated_memory_x"",""cluster_node_limit"":50,""d"":5,""decoder"":""mwpf"",""decoder_type"":""SolverSerialJointSingleHair"",""p"":0.015,""p_erase"":0.015,""r"":5,""run_id"":""6fe96edac5c8fb2c1aed8ea14c67ceeb92423fdf3ce9e1c97fff0ce2aa5d5538""}",
         1,         0,         0,   0.002,mwpf__863de70705822d3ac5c85e737f5c35e9003fe713755bf2a77869c08d12fb176a,2ec4648f3dd239d87d06620b6a49a98301955fe72f19ce1732512c3fdebaf0c8,"{""circuit"":""surface_code:rotated_memory_x"",""cluster_node_limit"":50,""d"":5,""decoder"":""mwpf"",""decoder_type"":""SolverSerialJointSingleHair"",""p"":0.015,""p_erase"":0.015,""r"":5,""run_id"":""6fe96edac5c8fb2c1aed8ea14c67ceeb92423fdf3ce9e1c97fff0ce2aa5d5538""}",
        22,         0,         0,   0.009,mwpf__8447a0737060a5dcdf9065c9858e255abe4b9d4ba8a5cf9af236a7fcce576409,ca8be4a7ce16ed946a288233270bf64176f33f09c39d80b50eeb919458798379,"{""circuit"":""surface_code:rotated_memory_x"",""cluster_node_limit"":50,""d"":5,""decoder"":""mwpf"",""decoder_type"":""SolverSerialJointSingleHair"",""p"":0.007,""p_erase"":0.007,""r"":5,""run_id"":""fc11e6013551ff75fa4759b0fc71e28cb776c1e995679ad07f9247f45c9ad106""}",
        12,         0,         0,   0.008,mwpf__8447a0737060a5dcdf9065c9858e255abe4b9d4ba8a5cf9af236a7fcce576409,ca8be4a7ce16ed946a288233270bf64176f33f09c39d80b50eeb919458798379,"{""circuit"":""surface_code:rotated_memory_x"",""cluster_node_limit"":50,""d"":5,""decoder"":""mwpf"",""decoder_type"":""SolverSerialJointSingleHair"",""p"":0.007,""p_erase"":0.007,""r"":5,""run_id"":""fc11e6013551ff75fa4759b0fc71e28cb776c1e995679ad07f9247f45c9ad106""}",
        10,         0,         0,   0.007,mwpf__8447a0737060a5dcdf9065c9858e255abe4b9d4ba8a5cf9af236a7fcce576409,ca8be4a7ce16ed946a288233270bf64176f33f09c39d80b50eeb919458798379,"{""circuit"":""surface_code:rotated_memory_x"",""cluster_node_limit"":50,""d"":5,""decoder"":""mwpf"",""decoder_type"":""SolverSerialJointSingleHair"",""p"":0.007,""p_erase"":0.007,""r"":5,""run_id"":""fc11e6013551ff75fa4759b0fc71e28cb776c1e995679ad07f9247f45c9ad106""}",
        22,         0,         0,   0.015,mwpf__8447a0737060a5dcdf9065c9858e255abe4b9d4ba8a5cf9af236a7fcce576409,ca8be4a7ce16ed946a288233270bf64176f33f09c39d80b50eeb919458798379,"{""circuit"":""surface_code:rotated_memory_x"",""cluster_node_limit"":50,""d"":5,""decoder"":""mwpf"",""decoder_type"":""SolverSerialJointSingleHair"",""p"":0.007,""p_erase"":0.007,""r"":5,""run_id"":""fc11e6013551ff75fa4759b0fc71e28cb776c1e995679ad07f9247f45c9ad106""}",
        22,         0,         0,   0.015,mwpf__8447a0737060a5dcdf9065c9858e255abe4b9d4ba8a5cf9af236a7fcce576409,ca8be4a7ce16ed946a288233270bf64176f33f09c39d80b50eeb919458798379,"{""circuit"":""surface_code:rotated_memory_x"",""cluster_node_limit"":50,""d"":5,""decoder"":""mwpf"",""decoder_type"":""SolverSerialJointSingleHair"",""p"":0.007,""p_erase"":0.007,""r"":5,""run_id"":""fc11e6013551ff75fa4759b0fc71e28cb776c1e995679ad07f9247f45c9ad106""}",
         8,         0,         0,   0.003,mwpf__c4429979d8453e1857b47d20b05f1b5ef724026f5497884c20fbcb25fc2cd83f,1aaf6f1039b09a76317612e784f1ea923331e30438434dc3b3d9bf3cdf3c98c1,"{""circuit"":""surface_code:rotated_memory_x"",""cluster_node_limit"":50,""d"":5,""decoder"":""mwpf"",""decoder_type"":""SolverSerialJointSingleHair"",""p"":0.008,""p_erase"":0.008,""r"":5,""run_id"":""bfa3c7cba13850dd37e54bb29bb945687e3fe04272a3151e2ac8acb7416976e7""}",
         8,         0,         0,   0.006,mwpf__c4429979d8453e1857b47d20b05f1b5ef724026f5497884c20fbcb25fc2cd83f,1aaf6f1039b09a76317612e784f1ea923331e30438434dc3b3d9bf3cdf3c98c1,"{""circuit"":""surface_code:rotated_memory_x"",""cluster_node_limit"":50,""d"":5,""decoder"":""mwpf"",""decoder_type"":""SolverSerialJointSingleHair"",""p"":0.008,""p_erase"":0.008,""r"":5,""run_id"":""bfa3c7cba13850dd37e54bb29bb945687e3fe04272a3151e2ac8acb7416976e7""}",
         2,         0,         0,   0.002,mwpf__c4429979d8453e1857b47d20b05f1b5ef724026f5497884c20fbcb25fc2cd83f,1aaf6f1039b09a76317612e784f1ea923331e30438434dc3b3d9bf3cdf3c98c1,"{""circuit"":""surface_code:rotated_memory_x"",""cluster_node_limit"":50,""d"":5,""decoder"":""mwpf"",""decoder_type"":""SolverSerialJointSingleHair"",""p"":0.008,""p_erase"":0.008,""r"":5,""run_id"":""bfa3c7cba13850dd37e54bb29bb945687e3fe04272a3151e2ac8acb7416976e7""}",
         4,         0,         0,   0.004,mwpf__c4429979d8453e1857b47d20b05f1b5ef724026f5497884c20fbcb25fc2cd83f,1aaf6f1039b09a76317612e784f1ea923331e30438434dc3b3d9bf3cdf3c98c1,"{""circuit"":""surface_code:rotated_memory_x"",""cluster_node_limit"":50,""d"":5,""decoder"":""mwpf"",""decoder_type"":""SolverSerialJointSingleHair"",""p"":0.008,""p_erase"":0.008,""r"":5,""run_id"":""bfa3c7cba13850dd37e54bb29bb945687e3fe04272a3151e2ac8acb7416976e7""}",
         7,         0,         0,   0.006,mwpf__c4429979d8453e1857b47d20b05f1b5ef724026f5497884c20fbcb25fc2cd83f,1aaf6f1039b09a76317612e784f1ea923331e30438434dc3b3d9bf3cdf3c98c1,"{""circuit"":""surface_code:rotated_memory_x"",""cluster_node_limit"":50,""d"":5,""decoder"":""mwpf"",""decoder_type"":""SolverSerialJointSingleHair"",""p"":0.008,""p_erase"":0.008,""r"":5,""run_id"":""bfa3c7cba13850dd37e54bb29bb945687e3fe04272a3151e2ac8acb7416976e7""}",
         1,         0,         0,   0.002,mwpf__c4429979d8453e1857b47d20b05f1b5ef724026f5497884c20fbcb25fc2cd83f,1aaf6f1039b09a76317612e784f1ea923331e30438434dc3b3d9bf3cdf3c98c1,"{""circuit"":""surface_code:rotated_memory_x"",""cluster_node_limit"":50,""d"":5,""decoder"":""mwpf"",""decoder_type"":""SolverSerialJointSingleHair"",""p"":0.008,""p_erase"":0.008,""r"":5,""run_id"":""bfa3c7cba13850dd37e54bb29bb945687e3fe04272a3151e2ac8acb7416976e7""}",
        11,         0,         0,   0.004,mwpf__8447a0737060a5dcdf9065c9858e255abe4b9d4ba8a5cf9af236a7fcce576409,ca8be4a7ce16ed946a288233270bf64176f33f09c39d80b50eeb919458798379,"{""circuit"":""surface_code:rotated_memory_x"",""cluster_node_limit"":50,""d"":5,""decoder"":""mwpf"",""decoder_type"":""SolverSerialJointSingleHair"",""p"":0.007,""p_erase"":0.007,""r"":5,""run_id"":""fc11e6013551ff75fa4759b0fc71e28cb776c1e995679ad07f9247f45c9ad106""}",
        11,         0,         0,   0.007,mwpf__8447a0737060a5dcdf9065c9858e255abe4b9d4ba8a5cf9af236a7fcce576409,ca8be4a7ce16ed946a288233270bf64176f33f09c39d80b50eeb919458798379,"{""circuit"":""surface_code:rotated_memory_x"",""cluster_node_limit"":50,""d"":5,""decoder"":""mwpf"",""decoder_type"":""SolverSerialJointSingleHair"",""p"":0.007,""p_erase"":0.007,""r"":5,""run_id"":""fc11e6013551ff75fa4759b0fc71e28cb776c1e995679ad07f9247f45c9ad106""}",
        10,         0,         0,   0.004,mwpf__8447a0737060a5dcdf9065c9858e255abe4b9d4ba8a5cf9af236a7fcce576409,ca8be4a7ce16ed946a288233270bf64176f33f09c39d80b50eeb919458798379,"{""circuit"":""surface_code:rotated_memory_x"",""cluster_node_limit"":50,""d"":5,""decoder"":""mwpf"",""decoder_type"":""SolverSerialJointSingleHair"",""p"":0.007,""p_erase"":0.007,""r"":5,""run_id"":""fc11e6013551ff75fa4759b0fc71e28cb776c1e995679ad07f9247f45c9ad106""}",
        11,         0,         0,   0.006,mwpf__8447a0737060a5dcdf9065c9858e255abe4b9d4ba8a5cf9af236a7fcce576409,ca8be4a7ce16ed946a288233270bf64176f33f09c39d80b50eeb919458798379,"{""circuit"":""surface_code:rotated_memory_x"",""cluster_node_limit"":50,""d"":5,""decoder"":""mwpf"",""decoder_type"":""SolverSerialJointSingleHair"",""p"":0.007,""p_erase"":0.007,""r"":5,""run_id"":""fc11e6013551ff75fa4759b0fc71e28cb776c1e995679ad07f9247f45c9ad106""}",
        11,         0,         0,   0.007,mwpf__8447a0737060a5dcdf9065c9858e255abe4b9d4ba8a5cf9af236a7fcce576409,ca8be4a7ce16ed946a288233270bf64176f33f09c39d80b50eeb919458798379,"{""circuit"":""surface_code:rotated_memory_x"",""cluster_node_limit"":50,""d"":5,""decoder"":""mwpf"",""decoder_type"":""SolverSerialJointSingleHair"",""p"":0.007,""p_erase"":0.007,""r"":5,""run_id"":""fc11e6013551ff75fa4759b0fc71e28cb776c1e995679ad07f9247f45c9ad106""}",
        10,         0,         0,   0.006,mwpf__8447a0737060a5dcdf9065c9858e255abe4b9d4ba8a5cf9af236a7fcce576409,ca8be4a7ce16ed946a288233270bf64176f33f09c39d80b50eeb919458798379,"{""circuit"":""surface_code:rotated_memory_x"",""cluster_node_limit"":50,""d"":5,""decoder"":""mwpf"",""decoder_type"":""SolverSerialJointSingleHair"",""p"":0.007,""p_erase"":0.007,""r"":5,""run_id"":""fc11e6013551ff75fa4759b0fc71e28cb776c1e995679ad07f9247f45c9ad106""}",
         2,         0,         0,   0.001,mwpf__8447a0737060a5dcdf9065c9858e255abe4b9d4ba8a5cf9af236a7fcce576409,ca8be4a7ce16ed946a288233270bf64176f33f09c39d80b50eeb919458798379,"{""circuit"":""surface_code:rotated_memory_x"",""cluster_node_limit"":50,""d"":5,""decoder"":""mwpf"",""decoder_type"":""SolverSerialJointSingleHair"",""p"":0.007,""p_erase"":0.007,""r"":5,""run_id"":""fc11e6013551ff75fa4759b0fc71e28cb776c1e995679ad07f9247f45c9ad106""}",
        10,         0,         0,   0.006,mwpf__8447a0737060a5dcdf9065c9858e255abe4b9d4ba8a5cf9af236a7fcce576409,ca8be4a7ce16ed946a288233270bf64176f33f09c39d80b50eeb919458798379,"{""circuit"":""surface_code:rotated_memory_x"",""cluster_node_limit"":50,""d"":5,""decoder"":""mwpf"",""decoder_type"":""SolverSerialJointSingleHair"",""p"":0.007,""p_erase"":0.007,""r"":5,""run_id"":""fc11e6013551ff75fa4759b0fc71e28cb776c1e995679ad07f9247f45c9ad106""}",
         1,         0,         0,   0.001,mwpf__8447a0737060a5dcdf9065c9858e255abe4b9d4ba8a5cf9af236a7fcce576409,ca8be4a7ce16ed946a288233270bf64176f33f09c39d80b50eeb919458798379,"{""circuit"":""surface_code:rotated_memory_x"",""cluster_node_limit"":50,""d"":5,""decoder"":""mwpf"",""decoder_type"":""SolverSerialJointSingleHair"",""p"":0.007,""p_erase"":0.007,""r"":5,""run_id"":""fc11e6013551ff75fa4759b0fc71e28cb776c1e995679ad07f9247f45c9ad106""}",
         3,         0,         0,   0.002,mwpf__c58b7d47f1bf9aa6757e72d714b4934e012141d133da38946d72f780457936e1,95828c0d538c141a350184d6ddc1899b467d2819c8fca6fde9d3b4898bcf42c8,"{""circuit"":""surface_code:rotated_memory_x"",""cluster_node_limit"":50,""d"":5,""decoder"":""mwpf"",""decoder_type"":""SolverSerialJointSingleHair"",""p"":0.0065,""p_erase"":0.0065,""r"":5,""run_id"":""14c277d1360d884007b225112d7b983b9f2c5fc158d2870f656c6b2929b311b6""}",
         9,         0,         0,   0.003,mwpf__c58b7d47f1bf9aa6757e72d714b4934e012141d133da38946d72f780457936e1,95828c0d538c141a350184d6ddc1899b467d2819c8fca6fde9d3b4898bcf42c8,"{""circuit"":""surface_code:rotated_memory_x"",""cluster_node_limit"":50,""d"":5,""decoder"":""mwpf"",""decoder_type"":""SolverSerialJointSingleHair"",""p"":0.0065,""p_erase"":0.0065,""r"":5,""run_id"":""14c277d1360d884007b225112d7b983b9f2c5fc158d2870f656c6b2929b311b6""}",
         3,         0,         0,   0.002,mwpf__c58b7d47f1bf9aa6757e72d714b4934e012141d133da38946d72f780457936e1,95828c0d538c141a350184d6ddc1899b467d2819c8fca6fde9d3b4898bcf42c8,"{""circuit"":""surface_code:rotated_memory_x"",""cluster_node_limit"":50,""d"":5,""decoder"":""mwpf"",""decoder_type"":""SolverSerialJointSingleHair"",""p"":0.0065,""p_erase"":0.0065,""r"":5,""run_id"":""14c277d1360d884007b225112d7b983b9f2c5fc158d2870f656c6b2929b311b6""}",
         9,         0,         0,   0.005,mwpf__c58b7d47f1bf9aa6757e72d714b4934e012141d133da38946d72f780457936e1,95828c0d538c141a350184d6ddc1899b467d2819c8fca6fde9d3b4898bcf42c8,"{""circuit"":""surface_code:rotated_memory_x"",""cluster_node_limit"":50,""d"":5,""decoder"":""mwpf"",""decoder_type"":""SolverSerialJointSingleHair"",""p"":0.0065,""p_erase"":0.0065,""r"":5,""run_id"":""14c277d1360d884007b225112d7b983b9f2c5fc158d2870f656c6b2929b311b6""}",
         9,         0,         0,   0.006,mwpf__c58b7d47f1bf9aa6757e72d714b4934e012141d133da38946d72f780457936e1,95828c0d538c141a350184d6ddc1899b467d2819c8fca6fde9d3b4898bcf42c8,"{""circuit"":""surface_code:rotated_memory_x"",""cluster_node_limit"":50,""d"":5,""decoder"":""mwpf"",""decoder_type"":""SolverSerialJointSingleHair"",""p"":0.0065,""p_erase"":0.0065,""r"":5,""run_id"":""14c277d1360d884007b225112d7b983b9f2c5fc158d2870f656c6b2929b311b6""}",
         8,         0,         0,   0.004,mwpf__c58b7d47f1bf9aa6757e72d714b4934e012141d133da38946d72f780457936e1,95828c0d538c141a350184d6ddc1899b467d2819c8fca6fde9d3b4898bcf42c8,"{""circuit"":""surface_code:rotated_memory_x"",""cluster_node_limit"":50,""d"":5,""decoder"":""mwpf"",""decoder_type"":""SolverSerialJointSingleHair"",""p"":0.0065,""p_erase"":0.0065,""r"":5,""run_id"":""14c277d1360d884007b225112d7b983b9f2c5fc158d2870f656c6b2929b311b6""}",
         8,         0,         0,   0.006,mwpf__c58b7d47f1bf9aa6757e72d714b4934e012141d133da38946d72f780457936e1,95828c0d538c141a350184d6ddc1899b467d2819c8fca6fde9d3b4898bcf42c8,"{""circuit"":""surface_code:rotated_memory_x"",""cluster_node_limit"":50,""d"":5,""decoder"":""mwpf"",""decoder_type"":""SolverSerialJointSingleHair"",""p"":0.0065,""p_erase"":0.0065,""r"":5,""run_id"":""14c277d1360d884007b225112d7b983b9f2c5fc158d2870f656c6b2929b311b6""}",
         1,         0,         0,   0.001,mwpf__c58b7d47f1bf9aa6757e72d714b4934e012141d133da38946d72f780457936e1,95828c0d538c141a350184d6ddc1899b467d2819c8fca6fde9d3b4898bcf42c8,"{""circuit"":""surface_code:rotated_memory_x"",""cluster_node_limit"":50,""d"":5,""decoder"":""mwpf"",""decoder_type"":""SolverSerialJointSingleHair"",""p"":0.0065,""p_erase"":0.0065,""r"":5,""run_id"":""14c277d1360d884007b225112d7b983b9f2c5fc158d2870f656c6b2929b311b6""}",
         1,         0,         0,   0.001,mwpf__c58b7d47f1bf9aa6757e72d714b4934e012141d133da38946d72f780457936e1,95828c0d538c141a350184d6ddc1899b467d2819c8fca6fde9d3b4898bcf42c8,"{""circuit"":""surface_code:rotated_memory_x"",""cluster_node_limit"":50,""d"":5,""decoder"":""mwpf"",""decoder_type"":""SolverSerialJointSingleHair"",""p"":0.0065,""p_erase"":0.0065,""r"":5,""run_id"":""14c277d1360d884007b225112d7b983b9f2c5fc158d2870f656c6b2929b311b6""}",
         9,         0,         0,   0.003,mwpf__430ba795469d8cdb0908fffa68ce8bd2f959b001f03fed0500f2be71b231dd61,bc94726745b3aa46725e1d9fdc4e9c3130c336a65a0eef2d6c13560ac6ff3ce4,"{""circuit"":""surface_code:rotated_memory_x"",""cluster_node_limit"":50,""d"":5,""decoder"":""mwpf"",""decoder_type"":""SolverSerialJointSingleHair"",""p"":0.006,""p_erase"":0.006,""r"":5,""run_id"":""136e458ea1bb00db5031dfe54473bc21d7f67216ffcf15b01c0f763ac55c92f3""}",
         6,         0,         0,   0.002,mwpf__430ba795469d8cdb0908fffa68ce8bd2f959b001f03fed0500f2be71b231dd61,bc94726745b3aa46725e1d9fdc4e9c3130c336a65a0eef2d6c13560ac6ff3ce4,"{""circuit"":""surface_code:rotated_memory_x"",""cluster_node_limit"":50,""d"":5,""decoder"":""mwpf"",""decoder_type"":""SolverSerialJointSingleHair"",""p"":0.006,""p_erase"":0.006,""r"":5,""run_id"":""136e458ea1bb00db5031dfe54473bc21d7f67216ffcf15b01c0f763ac55c92f3""}",
         4,         0,         0,   0.002,mwpf__c4429979d8453e1857b47d20b05f1b5ef724026f5497884c20fbcb25fc2cd83f,1aaf6f1039b09a76317612e784f1ea923331e30438434dc3b3d9bf3cdf3c98c1,"{""circuit"":""surface_code:rotated_memory_x"",""cluster_node_limit"":50,""d"":5,""decoder"":""mwpf"",""decoder_type"":""SolverSerialJointSingleHair"",""p"":0.008,""p_erase"":0.008,""r"":5,""run_id"":""bfa3c7cba13850dd37e54bb29bb945687e3fe04272a3151e2ac8acb7416976e7""}",
         9,         0,         0,   0.006,mwpf__430ba795469d8cdb0908fffa68ce8bd2f959b001f03fed0500f2be71b231dd61,bc94726745b3aa46725e1d9fdc4e9c3130c336a65a0eef2d6c13560ac6ff3ce4,"{""circuit"":""surface_code:rotated_memory_x"",""cluster_node_limit"":50,""d"":5,""decoder"":""mwpf"",""decoder_type"":""SolverSerialJointSingleHair"",""p"":0.006,""p_erase"":0.006,""r"":5,""run_id"":""136e458ea1bb00db5031dfe54473bc21d7f67216ffcf15b01c0f763ac55c92f3""}",
         8,         0,         0,   0.003,mwpf__430ba795469d8cdb0908fffa68ce8bd2f959b001f03fed0500f2be71b231dd61,bc94726745b3aa46725e1d9fdc4e9c3130c336a65a0eef2d6c13560ac6ff3ce4,"{""circuit"":""surface_code:rotated_memory_x"",""cluster_node_limit"":50,""d"":5,""decoder"":""mwpf"",""decoder_type"":""SolverSerialJointSingleHair"",""p"":0.006,""p_erase"":0.006,""r"":5,""run_id"":""136e458ea1bb00db5031dfe54473bc21d7f67216ffcf15b01c0f763ac55c92f3""}",
         8,         0,         0,   0.005,mwpf__430ba795469d8cdb0908fffa68ce8bd2f959b001f03fed0500f2be71b231dd61,bc94726745b3aa46725e1d9fdc4e9c3130c336a65a0eef2d6c13560ac6ff3ce4,"{""circuit"":""surface_code:rotated_memory_x"",""cluster_node_limit"":50,""d"":5,""decoder"":""mwpf"",""decoder_type"":""SolverSerialJointSingleHair"",""p"":0.006,""p_erase"":0.006,""r"":5,""run_id"":""136e458ea1bb00db5031dfe54473bc21d7f67216ffcf15b01c0f763ac55c92f3""}",
         4,         0,         0,   0.003,mwpf__c4429979d8453e1857b47d20b05f1b5ef724026f5497884c20fbcb25fc2cd83f,1aaf6f1039b09a76317612e784f1ea923331e30438434dc3b3d9bf3cdf3c98c1,"{""circuit"":""surface_code:rotated_memory_x"",""cluster_node_limit"":50,""d"":5,""decoder"":""mwpf"",""decoder_type"":""SolverSerialJointSingleHair"",""p"":0.008,""p_erase"":0.008,""r"":5,""run_id"":""bfa3c7cba13850dd37e54bb29bb945687e3fe04272a3151e2ac8acb7416976e7""}",
         1,         0,         0,   0.001,mwpf__430ba795469d8cdb0908fffa68ce8bd2f959b001f03fed0500f2be71b231dd61,bc94726745b3aa46725e1d9fdc4e9c3130c336a65a0eef2d6c13560ac6ff3ce4,"{""circuit"":""surface_code:rotated_memory_x"",""cluster_node_limit"":50,""d"":5,""decoder"":""mwpf"",""decoder_type"":""SolverSerialJointSingleHair"",""p"":0.006,""p_erase"":0.006,""r"":5,""run_id"":""136e458ea1bb00db5031dfe54473bc21d7f67216ffcf15b01c0f763ac55c92f3""}",
         1,         0,         0,   0.000,mwpf__430ba795469d8cdb0908fffa68ce8bd2f959b001f03fed0500f2be71b231dd61,bc94726745b3aa46725e1d9fdc4e9c3130c336a65a0eef2d6c13560ac6ff3ce4,"{""circuit"":""surface_code:rotated_memory_x"",""cluster_node_limit"":50,""d"":5,""decoder"":""mwpf"",""decoder_type"":""SolverSerialJointSingleHair"",""p"":0.006,""p_erase"":0.006,""r"":5,""run_id"":""136e458ea1bb00db5031dfe54473bc21d7f67216ffcf15b01c0f763ac55c92f3""}",
         4,         0,         0,   0.005,mwpf__c4429979d8453e1857b47d20b05f1b5ef724026f5497884c20fbcb25fc2cd83f,1aaf6f1039b09a76317612e784f1ea923331e30438434dc3b3d9bf3cdf3c98c1,"{""circuit"":""surface_code:rotated_memory_x"",""cluster_node_limit"":50,""d"":5,""decoder"":""mwpf"",""decoder_type"":""SolverSerialJointSingleHair"",""p"":0.008,""p_erase"":0.008,""r"":5,""run_id"":""bfa3c7cba13850dd37e54bb29bb945687e3fe04272a3151e2ac8acb7416976e7""}",
         8,         0,         0,   0.005,mwpf__430ba795469d8cdb0908fffa68ce8bd2f959b001f03fed0500f2be71b231dd61,bc94726745b3aa46725e1d9fdc4e9c3130c336a65a0eef2d6c13560ac6ff3ce4,"{""circuit"":""surface_code:rotated_memory_x"",""cluster_node_limit"":50,""d"":5,""decoder"":""mwpf"",""decoder_type"":""SolverSerialJointSingleHair"",""p"":0.006,""p_erase"":0.006,""r"":5,""run_id"":""136e458ea1bb00db5031dfe54473bc21d7f67216ffcf15b01c0f763ac55c92f3""}",
         4,         0,         0,   0.004,mwpf__c4429979d8453e1857b47d20b05f1b5ef724026f5497884c20fbcb25fc2cd83f,1aaf6f1039b09a76317612e784f1ea923331e30438434dc3b3d9bf3cdf3c98c1,"{""circuit"":""surface_code:rotated_memory_x"",""cluster_node_limit"":50,""d"":5,""decoder"":""mwpf"",""decoder_type"":""SolverSerialJointSingleHair"",""p"":0.008,""p_erase"":0.008,""r"":5,""run_id"":""bfa3c7cba13850dd37e54bb29bb945687e3fe04272a3151e2ac8acb7416976e7""}",
         4,         0,         0,   0.003,mwpf__c4429979d8453e1857b47d20b05f1b5ef724026f5497884c20fbcb25fc2cd83f,1aaf6f1039b09a76317612e784f1ea923331e30438434dc3b3d9bf3cdf3c98c1,"{""circuit"":""surface_code:rotated_memory_x"",""cluster_node_limit"":50,""d"":5,""decoder"":""mwpf"",""decoder_type"":""SolverSerialJointSingleHair"",""p"":0.008,""p_erase"":0.008,""r"":5,""run_id"":""bfa3c7cba13850dd37e54bb29bb945687e3fe04272a3151e2ac8acb7416976e7""}",
         4,         0,         0,   0.003,mwpf__c4429979d8453e1857b47d20b05f1b5ef724026f5497884c20fbcb25fc2cd83f,1aaf6f1039b09a76317612e784f1ea923331e30438434dc3b3d9bf3cdf3c98c1,"{""circuit"":""surface_code:rotated_memory_x"",""cluster_node_limit"":50,""d"":5,""decoder"":""mwpf"",""decoder_type"":""SolverSerialJointSingleHair"",""p"":0.008,""p_erase"":0.008,""r"":5,""run_id"":""bfa3c7cba13850dd37e54bb29bb945687e3fe04272a3151e2ac8acb7416976e7""}",
         3,         0,         0,   0.002,mwpf__c4429979d8453e1857b47d20b05f1b5ef724026f5497884c20fbcb25fc2cd83f,1aaf6f1039b09a76317612e784f1ea923331e30438434dc3b3d9bf3cdf3c98c1,"{""circuit"":""surface_code:rotated_memory_x"",""cluster_node_limit"":50,""d"":5,""decoder"":""mwpf"",""decoder_type"":""SolverSerialJointSingleHair"",""p"":0.008,""p_erase"":0.008,""r"":5,""run_id"":""bfa3c7cba13850dd37e54bb29bb945687e3fe04272a3151e2ac8acb7416976e7""}",
         1,         0,         0,   0.001,mwpf__430ba795469d8cdb0908fffa68ce8bd2f959b001f03fed0500f2be71b231dd61,bc94726745b3aa46725e1d9fdc4e9c3130c336a65a0eef2d6c13560ac6ff3ce4,"{""circuit"":""surface_code:rotated_memory_x"",""cluster_node_limit"":50,""d"":5,""decoder"":""mwpf"",""decoder_type"":""SolverSerialJointSingleHair"",""p"":0.006,""p_erase"":0.006,""r"":5,""run_id"":""136e458ea1bb00db5031dfe54473bc21d7f67216ffcf15b01c0f763ac55c92f3""}",
         1,         0,         0,   0.001,mwpf__c4429979d8453e1857b47d20b05f1b5ef724026f5497884c20fbcb25fc2cd83f,1aaf6f1039b09a76317612e784f1ea923331e30438434dc3b3d9bf3cdf3c98c1,"{""circuit"":""surface_code:rotated_memory_x"",""cluster_node_limit"":50,""d"":5,""decoder"":""mwpf"",""decoder_type"":""SolverSerialJointSingleHair"",""p"":0.008,""p_erase"":0.008,""r"":5,""run_id"":""bfa3c7cba13850dd37e54bb29bb945687e3fe04272a3151e2ac8acb7416976e7""}",
         1,         0,         0,   0.001,mwpf__c4429979d8453e1857b47d20b05f1b5ef724026f5497884c20fbcb25fc2cd83f,1aaf6f1039b09a76317612e784f1ea923331e30438434dc3b3d9bf3cdf3c98c1,"{""circuit"":""surface_code:rotated_memory_x"",""cluster_node_limit"":50,""d"":5,""decoder"":""mwpf"",""decoder_type"":""SolverSerialJointSingleHair"",""p"":0.008,""p_erase"":0.008,""r"":5,""run_id"":""bfa3c7cba13850dd37e54bb29bb945687e3fe04272a3151e2ac8acb7416976e7""}",
         1,         0,         0,   0.001,mwpf__c4429979d8453e1857b47d20b05f1b5ef724026f5497884c20fbcb25fc2cd83f,1aaf6f1039b09a76317612e784f1ea923331e30438434dc3b3d9bf3cdf3c98c1,"{""circuit"":""surface_code:rotated_memory_x"",""cluster_node_limit"":50,""d"":5,""decoder"":""mwpf"",""decoder_type"":""SolverSerialJointSingleHair"",""p"":0.008,""p_erase"":0.008,""r"":5,""run_id"":""bfa3c7cba13850dd37e54bb29bb945687e3fe04272a3151e2ac8acb7416976e7""}",
         2,         0,         0,   0.001,mwpf__430ba795469d8cdb0908fffa68ce8bd2f959b001f03fed0500f2be71b231dd61,bc94726745b3aa46725e1d9fdc4e9c3130c336a65a0eef2d6c13560ac6ff3ce4,"{""circuit"":""surface_code:rotated_memory_x"",""cluster_node_limit"":50,""d"":5,""decoder"":""mwpf"",""decoder_type"":""SolverSerialJointSingleHair"",""p"":0.006,""p_erase"":0.006,""r"":5,""run_id"":""136e458ea1bb00db5031dfe54473bc21d7f67216ffcf15b01c0f763ac55c92f3""}",
         2,         0,         0,   0.001,mwpf__430ba795469d8cdb0908fffa68ce8bd2f959b001f03fed0500f2be71b231dd61,bc94726745b3aa46725e1d9fdc4e9c3130c336a65a0eef2d6c13560ac6ff3ce4,"{""circuit"":""surface_code:rotated_memory_x"",""cluster_node_limit"":50,""d"":5,""decoder"":""mwpf"",""decoder_type"":""SolverSerialJointSingleHair"",""p"":0.006,""p_erase"":0.006,""r"":5,""run_id"":""136e458ea1bb00db5031dfe54473bc21d7f67216ffcf15b01c0f763ac55c92f3""}",
         2,         0,         0,   0.001,mwpf__430ba795469d8cdb0908fffa68ce8bd2f959b001f03fed0500f2be71b231dd61,bc94726745b3aa46725e1d9fdc4e9c3130c336a65a0eef2d6c13560ac6ff3ce4,"{""circuit"":""surface_code:rotated_memory_x"",""cluster_node_limit"":50,""d"":5,""decoder"":""mwpf"",""decoder_type"":""SolverSerialJointSingleHair"",""p"":0.006,""p_erase"":0.006,""r"":5,""run_id"":""136e458ea1bb00db5031dfe54473bc21d7f67216ffcf15b01c0f763ac55c92f3""}",
         2,         0,         0,   0.001,mwpf__430ba795469d8cdb0908fffa68ce8bd2f959b001f03fed0500f2be71b231dd61,bc94726745b3aa46725e1d9fdc4e9c3130c336a65a0eef2d6c13560ac6ff3ce4,"{""circuit"":""surface_code:rotated_memory_x"",""cluster_node_limit"":50,""d"":5,""decoder"":""mwpf"",""decoder_type"":""SolverSerialJointSingleHair"",""p"":0.006,""p_erase"":0.006,""r"":5,""run_id"":""136e458ea1bb00db5031dfe54473bc21d7f67216ffcf15b01c0f763ac55c92f3""}",
         1,         0,         0,   0.001,mwpf__430ba795469d8cdb0908fffa68ce8bd2f959b001f03fed0500f2be71b231dd61,bc94726745b3aa46725e1d9fdc4e9c3130c336a65a0eef2d6c13560ac6ff3ce4,"{""circuit"":""surface_code:rotated_memory_x"",""cluster_node_limit"":50,""d"":5,""decoder"":""mwpf"",""decoder_type"":""SolverSerialJointSingleHair"",""p"":0.006,""p_erase"":0.006,""r"":5,""run_id"":""136e458ea1bb00db5031dfe54473bc21d7f67216ffcf15b01c0f763ac55c92f3""}",
         2,         0,         0,   0.001,mwpf__c58b7d47f1bf9aa6757e72d714b4934e012141d133da38946d72f780457936e1,95828c0d538c141a350184d6ddc1899b467d2819c8fca6fde9d3b4898bcf42c8,"{""circuit"":""surface_code:rotated_memory_x"",""cluster_node_limit"":50,""d"":5,""decoder"":""mwpf"",""decoder_type"":""SolverSerialJointSingleHair"",""p"":0.0065,""p_erase"":0.0065,""r"":5,""run_id"":""14c277d1360d884007b225112d7b983b9f2c5fc158d2870f656c6b2929b311b6""}",
         2,         0,         0,   0.001,mwpf__c58b7d47f1bf9aa6757e72d714b4934e012141d133da38946d72f780457936e1,95828c0d538c141a350184d6ddc1899b467d2819c8fca6fde9d3b4898bcf42c8,"{""circuit"":""surface_code:rotated_memory_x"",""cluster_node_limit"":50,""d"":5,""decoder"":""mwpf"",""decoder_type"":""SolverSerialJointSingleHair"",""p"":0.0065,""p_erase"":0.0065,""r"":5,""run_id"":""14c277d1360d884007b225112d7b983b9f2c5fc158d2870f656c6b2929b311b6""}",
         2,         0,         0,   0.002,mwpf__c58b7d47f1bf9aa6757e72d714b4934e012141d133da38946d72f780457936e1,95828c0d538c141a350184d6ddc1899b467d2819c8fca6fde9d3b4898bcf42c8,"{""circuit"":""surface_code:rotated_memory_x"",""cluster_node_limit"":50,""d"":5,""decoder"":""mwpf"",""decoder_type"":""SolverSerialJointSingleHair"",""p"":0.0065,""p_erase"":0.0065,""r"":5,""run_id"":""14c277d1360d884007b225112d7b983b9f2c5fc158d2870f656c6b2929b311b6""}",
         2,         0,         0,   0.001,mwpf__c58b7d47f1bf9aa6757e72d714b4934e012141d133da38946d72f780457936e1,95828c0d538c141a350184d6ddc1899b467d2819c8fca6fde9d3b4898bcf42c8,"{""circuit"":""surface_code:rotated_memory_x"",""cluster_node_limit"":50,""d"":5,""decoder"":""mwpf"",""decoder_type"":""SolverSerialJointSingleHair"",""p"":0.0065,""p_erase"":0.0065,""r"":5,""run_id"":""14c277d1360d884007b225112d7b983b9f2c5fc158d2870f656c6b2929b311b6""}",
         2,         0,         0,   0.001,mwpf__c58b7d47f1bf9aa6757e72d714b4934e012141d133da38946d72f780457936e1,95828c0d538c141a350184d6ddc1899b467d2819c8fca6fde9d3b4898bcf42c8,"{""circuit"":""surface_code:rotated_memory_x"",""cluster_node_limit"":50,""d"":5,""decoder"":""mwpf"",""decoder_type"":""SolverSerialJointSingleHair"",""p"":0.0065,""p_erase"":0.0065,""r"":5,""run_id"":""14c277d1360d884007b225112d7b983b9f2c5fc158d2870f656c6b2929b311b6""}",
         1,         0,         0,   0.001,mwpf__c58b7d47f1bf9aa6757e72d714b4934e012141d133da38946d72f780457936e1,95828c0d538c141a350184d6ddc1899b467d2819c8fca6fde9d3b4898bcf42c8,"{""circuit"":""surface_code:rotated_memory_x"",""cluster_node_limit"":50,""d"":5,""decoder"":""mwpf"",""decoder_type"":""SolverSerialJointSingleHair"",""p"":0.0065,""p_erase"":0.0065,""r"":5,""run_id"":""14c277d1360d884007b225112d7b983b9f2c5fc158d2870f656c6b2929b311b6""}",
         1,         0,         0,   0.001,mwpf__c58b7d47f1bf9aa6757e72d714b4934e012141d133da38946d72f780457936e1,95828c0d538c141a350184d6ddc1899b467d2819c8fca6fde9d3b4898bcf42c8,"{""circuit"":""surface_code:rotated_memory_x"",""cluster_node_limit"":50,""d"":5,""decoder"":""mwpf"",""decoder_type"":""SolverSerialJointSingleHair"",""p"":0.0065,""p_erase"":0.0065,""r"":5,""run_id"":""14c277d1360d884007b225112d7b983b9f2c5fc158d2870f656c6b2929b311b6""}",
         1,         0,         0,   0.000,mwpf__c58b7d47f1bf9aa6757e72d714b4934e012141d133da38946d72f780457936e1,95828c0d538c141a350184d6ddc1899b467d2819c8fca6fde9d3b4898bcf42c8,"{""circuit"":""surface_code:rotated_memory_x"",""cluster_node_limit"":50,""d"":5,""decoder"":""mwpf"",""decoder_type"":""SolverSerialJointSingleHair"",""p"":0.0065,""p_erase"":0.0065,""r"":5,""run_id"":""14c277d1360d884007b225112d7b983b9f2c5fc158d2870f656c6b2929b311b6""}",
         1,         0,         0,   0.000,mwpf__c58b7d47f1bf9aa6757e72d714b4934e012141d133da38946d72f780457936e1,95828c0d538c141a350184d6ddc1899b467d2819c8fca6fde9d3b4898bcf42c8,"{""circuit"":""surface_code:rotated_memory_x"",""cluster_node_limit"":50,""d"":5,""decoder"":""mwpf"",""decoder_type"":""SolverSerialJointSingleHair"",""p"":0.0065,""p_erase"":0.0065,""r"":5,""run_id"":""14c277d1360d884007b225112d7b983b9f2c5fc158d2870f656c6b2929b311b6""}",
         1,         0,         0,   0.001,mwpf__c58b7d47f1bf9aa6757e72d714b4934e012141d133da38946d72f780457936e1,95828c0d538c141a350184d6ddc1899b467d2819c8fca6fde9d3b4898bcf42c8,"{""circuit"":""surface_code:rotated_memory_x"",""cluster_node_limit"":50,""d"":5,""decoder"":""mwpf"",""decoder_type"":""SolverSerialJointSingleHair"",""p"":0.0065,""p_erase"":0.0065,""r"":5,""run_id"":""14c277d1360d884007b225112d7b983b9f2c5fc158d2870f656c6b2929b311b6""}",
         1,         0,         0,   0.001,mwpf__c58b7d47f1bf9aa6757e72d714b4934e012141d133da38946d72f780457936e1,95828c0d538c141a350184d6ddc1899b467d2819c8fca6fde9d3b4898bcf42c8,"{""circuit"":""surface_code:rotated_memory_x"",""cluster_node_limit"":50,""d"":5,""decoder"":""mwpf"",""decoder_type"":""SolverSerialJointSingleHair"",""p"":0.0065,""p_erase"":0.0065,""r"":5,""run_id"":""14c277d1360d884007b225112d7b983b9f2c5fc158d2870f656c6b2929b311b6""}",
         1,         0,         0,   0.001,mwpf__c58b7d47f1bf9aa6757e72d714b4934e012141d133da38946d72f780457936e1,95828c0d538c141a350184d6ddc1899b467d2819c8fca6fde9d3b4898bcf42c8,"{""circuit"":""surface_code:rotated_memory_x"",""cluster_node_limit"":50,""d"":5,""decoder"":""mwpf"",""decoder_type"":""SolverSerialJointSingleHair"",""p"":0.0065,""p_erase"":0.0065,""r"":5,""run_id"":""14c277d1360d884007b225112d7b983b9f2c5fc158d2870f656c6b2929b311b6""}",
         1,         0,         0,   0.001,mwpf__c58b7d47f1bf9aa6757e72d714b4934e012141d133da38946d72f780457936e1,95828c0d538c141a350184d6ddc1899b467d2819c8fca6fde9d3b4898bcf42c8,"{""circuit"":""surface_code:rotated_memory_x"",""cluster_node_limit"":50,""d"":5,""decoder"":""mwpf"",""decoder_type"":""SolverSerialJointSingleHair"",""p"":0.0065,""p_erase"":0.0065,""r"":5,""run_id"":""14c277d1360d884007b225112d7b983b9f2c5fc158d2870f656c6b2929b311b6""}",
         1,         0,         0,   0.001,mwpf__8447a0737060a5dcdf9065c9858e255abe4b9d4ba8a5cf9af236a7fcce576409,ca8be4a7ce16ed946a288233270bf64176f33f09c39d80b50eeb919458798379,"{""circuit"":""surface_code:rotated_memory_x"",""cluster_node_limit"":50,""d"":5,""decoder"":""mwpf"",""decoder_type"":""SolverSerialJointSingleHair"",""p"":0.007,""p_erase"":0.007,""r"":5,""run_id"":""fc11e6013551ff75fa4759b0fc71e28cb776c1e995679ad07f9247f45c9ad106""}",
         1,         0,         0,   0.001,mwpf__8447a0737060a5dcdf9065c9858e255abe4b9d4ba8a5cf9af236a7fcce576409,ca8be4a7ce16ed946a288233270bf64176f33f09c39d80b50eeb919458798379,"{""circuit"":""surface_code:rotated_memory_x"",""cluster_node_limit"":50,""d"":5,""decoder"":""mwpf"",""decoder_type"":""SolverSerialJointSingleHair"",""p"":0.007,""p_erase"":0.007,""r"":5,""run_id"":""fc11e6013551ff75fa4759b0fc71e28cb776c1e995679ad07f9247f45c9ad106""}",
         1,         0,         0,   0.001,mwpf__8447a0737060a5dcdf9065c9858e255abe4b9d4ba8a5cf9af236a7fcce576409,ca8be4a7ce16ed946a288233270bf64176f33f09c39d80b50eeb919458798379,"{""circuit"":""surface_code:rotated_memory_x"",""cluster_node_limit"":50,""d"":5,""decoder"":""mwpf"",""decoder_type"":""SolverSerialJointSingleHair"",""p"":0.007,""p_erase"":0.007,""r"":5,""run_id"":""fc11e6013551ff75fa4759b0fc71e28cb776c1e995679ad07f9247f45c9ad106""}",
         1,         0,         0,   0.001,mwpf__8447a0737060a5dcdf9065c9858e255abe4b9d4ba8a5cf9af236a7fcce576409,ca8be4a7ce16ed946a288233270bf64176f33f09c39d80b50eeb919458798379,"{""circuit"":""surface_code:rotated_memory_x"",""cluster_node_limit"":50,""d"":5,""decoder"":""mwpf"",""decoder_type"":""SolverSerialJointSingleHair"",""p"":0.007,""p_erase"":0.007,""r"":5,""run_id"":""fc11e6013551ff75fa4759b0fc71e28cb776c1e995679ad07f9247f45c9ad106""}",
         1,         0,         0,   0.001,mwpf__8447a0737060a5dcdf9065c9858e255abe4b9d4ba8a5cf9af236a7fcce576409,ca8be4a7ce16ed946a288233270bf64176f33f09c39d80b50eeb919458798379,"{""circuit"":""surface_code:rotated_memory_x"",""cluster_node_limit"":50,""d"":5,""decoder"":""mwpf"",""decoder_type"":""SolverSerialJointSingleHair"",""p"":0.007,""p_erase"":0.007,""r"":5,""run_id"":""fc11e6013551ff75fa4759b0fc71e28cb776c1e995679ad07f9247f45c9ad106""}",
         1,         0,         0,   0.001,mwpf__8447a0737060a5dcdf9065c9858e255abe4b9d4ba8a5cf9af236a7fcce576409,ca8be4a7ce16ed946a288233270bf64176f33f09c39d80b50eeb919458798379,"{""circuit"":""surface_code:rotated_memory_x"",""cluster_node_limit"":50,""d"":5,""decoder"":""mwpf"",""decoder_type"":""SolverSerialJointSingleHair"",""p"":0.007,""p_erase"":0.007,""r"":5,""run_id"":""fc11e6013551ff75fa4759b0fc71e28cb776c1e995679ad07f9247f45c9ad106""}",
         1,         0,         0,   0.001,mwpf__8447a0737060a5dcdf9065c9858e255abe4b9d4ba8a5cf9af236a7fcce576409,ca8be4a7ce16ed946a288233270bf64176f33f09c39d80b50eeb919458798379,"{""circuit"":""surface_code:rotated_memory_x"",""cluster_node_limit"":50,""d"":5,""decoder"":""mwpf"",""decoder_type"":""SolverSerialJointSingleHair"",""p"":0.007,""p_erase"":0.007,""r"":5,""run_id"":""fc11e6013551ff75fa4759b0fc71e28cb776c1e995679ad07f9247f45c9ad106""}",
         1,         0,         0,   0.001,mwpf__8447a0737060a5dcdf9065c9858e255abe4b9d4ba8a5cf9af236a7fcce576409,ca8be4a7ce16ed946a288233270bf64176f33f09c39d80b50eeb919458798379,"{""circuit"":""surface_code:rotated_memory_x"",""cluster_node_limit"":50,""d"":5,""decoder"":""mwpf"",""decoder_type"":""SolverSerialJointSingleHair"",""p"":0.007,""p_erase"":0.007,""r"":5,""run_id"":""fc11e6013551ff75fa4759b0fc71e28cb776c1e995679ad07f9247f45c9ad106""}",
         1,         0,         0,   0.001,mwpf__8447a0737060a5dcdf9065c9858e255abe4b9d4ba8a5cf9af236a7fcce576409,ca8be4a7ce16ed946a288233270bf64176f33f09c39d80b50eeb919458798379,"{""circuit"":""surface_code:rotated_memory_x"",""cluster_node_limit"":50,""d"":5,""decoder"":""mwpf"",""decoder_type"":""SolverSerialJointSingleHair"",""p"":0.007,""p_erase"":0.007,""r"":5,""run_id"":""fc11e6013551ff75fa4759b0fc71e28cb776c1e995679ad07f9247f45c9ad106""}",
         1,         0,         0,   0.001,mwpf__430ba795469d8cdb0908fffa68ce8bd2f959b001f03fed0500f2be71b231dd61,bc94726745b3aa46725e1d9fdc4e9c3130c336a65a0eef2d6c13560ac6ff3ce4,"{""circuit"":""surface_code:rotated_memory_x"",""cluster_node_limit"":50,""d"":5,""decoder"":""mwpf"",""decoder_type"":""SolverSerialJointSingleHair"",""p"":0.006,""p_erase"":0.006,""r"":5,""run_id"":""136e458ea1bb00db5031dfe54473bc21d7f67216ffcf15b01c0f763ac55c92f3""}",
         1,         0,         0,   0.001,mwpf__430ba795469d8cdb0908fffa68ce8bd2f959b001f03fed0500f2be71b231dd61,bc94726745b3aa46725e1d9fdc4e9c3130c336a65a0eef2d6c13560ac6ff3ce4,"{""circuit"":""surface_code:rotated_memory_x"",""cluster_node_limit"":50,""d"":5,""decoder"":""mwpf"",""decoder_type"":""SolverSerialJointSingleHair"",""p"":0.006,""p_erase"":0.006,""r"":5,""run_id"":""136e458ea1bb00db5031dfe54473bc21d7f67216ffcf15b01c0f763ac55c92f3""}",
         1,         0,         0,   0.001,mwpf__430ba795469d8cdb0908fffa68ce8bd2f959b001f03fed0500f2be71b231dd61,bc94726745b3aa46725e1d9fdc4e9c3130c336a65a0eef2d6c13560ac6ff3ce4,"{""circuit"":""surface_code:rotated_memory_x"",""cluster_node_limit"":50,""d"":5,""decoder"":""mwpf"",""decoder_type"":""SolverSerialJointSingleHair"",""p"":0.006,""p_erase"":0.006,""r"":5,""run_id"":""136e458ea1bb00db5031dfe54473bc21d7f67216ffcf15b01c0f763ac55c92f3""}",
         1,         0,         0,   0.001,mwpf__430ba795469d8cdb0908fffa68ce8bd2f959b001f03fed0500f2be71b231dd61,bc94726745b3aa46725e1d9fdc4e9c3130c336a65a0eef2d6c13560ac6ff3ce4,"{""circuit"":""surface_code:rotated_memory_x"",""cluster_node_limit"":50,""d"":5,""decoder"":""mwpf"",""decoder_type"":""SolverSerialJointSingleHair"",""p"":0.006,""p_erase"":0.006,""r"":5,""run_id"":""136e458ea1bb00db5031dfe54473bc21d7f67216ffcf15b01c0f763ac55c92f3""}",
         1,         0,         0,   0.001,mwpf__430ba795469d8cdb0908fffa68ce8bd2f959b001f03fed0500f2be71b231dd61,bc94726745b3aa46725e1d9fdc4e9c3130c336a65a0eef2d6c13560ac6ff3ce4,"{""circuit"":""surface_code:rotated_memory_x"",""cluster_node_limit"":50,""d"":5,""decoder"":""mwpf"",""decoder_type"":""SolverSerialJointSingleHair"",""p"":0.006,""p_erase"":0.006,""r"":5,""run_id"":""136e458ea1bb00db5031dfe54473bc21d7f67216ffcf15b01c0f763ac55c92f3""}",
         1,         0,         0,   0.001,mwpf__430ba795469d8cdb0908fffa68ce8bd2f959b001f03fed0500f2be71b231dd61,bc94726745b3aa46725e1d9fdc4e9c3130c336a65a0eef2d6c13560ac6ff3ce4,"{""circuit"":""surface_code:rotated_memory_x"",""cluster_node_limit"":50,""d"":5,""decoder"":""mwpf"",""decoder_type"":""SolverSerialJointSingleHair"",""p"":0.006,""p_erase"":0.006,""r"":5,""run_id"":""136e458ea1bb00db5031dfe54473bc21d7f67216ffcf15b01c0f763ac55c92f3""}",
         1,         0,         0,   0.001,mwpf__430ba795469d8cdb0908fffa68ce8bd2f959b001f03fed0500f2be71b231dd61,bc94726745b3aa46725e1d9fdc4e9c3130c336a65a0eef2d6c13560ac6ff3ce4,"{""circuit"":""surface_code:rotated_memory_x"",""cluster_node_limit"":50,""d"":5,""decoder"":""mwpf"",""decoder_type"":""SolverSerialJointSingleHair"",""p"":0.006,""p_erase"":0.006,""r"":5,""run_id"":""136e458ea1bb00db5031dfe54473bc21d7f67216ffcf15b01c0f763ac55c92f3""}",
         1,         0,         0,   0.000,mwpf__430ba795469d8cdb0908fffa68ce8bd2f959b001f03fed0500f2be71b231dd61,bc94726745b3aa46725e1d9fdc4e9c3130c336a65a0eef2d6c13560ac6ff3ce4,"{""circuit"":""surface_code:rotated_memory_x"",""cluster_node_limit"":50,""d"":5,""decoder"":""mwpf"",""decoder_type"":""SolverSerialJointSingleHair"",""p"":0.006,""p_erase"":0.006,""r"":5,""run_id"":""136e458ea1bb00db5031dfe54473bc21d7f67216ffcf15b01c0f763ac55c92f3""}",
         1,         0,         0,   0.001,mwpf__430ba795469d8cdb0908fffa68ce8bd2f959b001f03fed0500f2be71b231dd61,bc94726745b3aa46725e1d9fdc4e9c3130c336a65a0eef2d6c13560ac6ff3ce4,"{""circuit"":""surface_code:rotated_memory_x"",""cluster_node_limit"":50,""d"":5,""decoder"":""mwpf"",""decoder_type"":""SolverSerialJointSingleHair"",""p"":0.006,""p_erase"":0.006,""r"":5,""run_id"":""136e458ea1bb00db5031dfe54473bc21d7f67216ffcf15b01c0f763ac55c92f3""}",
         1,         0,         0,   0.001,mwpf__8447a0737060a5dcdf9065c9858e255abe4b9d4ba8a5cf9af236a7fcce576409,ca8be4a7ce16ed946a288233270bf64176f33f09c39d80b50eeb919458798379,"{""circuit"":""surface_code:rotated_memory_x"",""cluster_node_limit"":50,""d"":5,""decoder"":""mwpf"",""decoder_type"":""SolverSerialJointSingleHair"",""p"":0.007,""p_erase"":0.007,""r"":5,""run_id"":""fc11e6013551ff75fa4759b0fc71e28cb776c1e995679ad07f9247f45c9ad106""}",
         1,         0,         0,   0.001,mwpf__8447a0737060a5dcdf9065c9858e255abe4b9d4ba8a5cf9af236a7fcce576409,ca8be4a7ce16ed946a288233270bf64176f33f09c39d80b50eeb919458798379,"{""circuit"":""surface_code:rotated_memory_x"",""cluster_node_limit"":50,""d"":5,""decoder"":""mwpf"",""decoder_type"":""SolverSerialJointSingleHair"",""p"":0.007,""p_erase"":0.007,""r"":5,""run_id"":""fc11e6013551ff75fa4759b0fc71e28cb776c1e995679ad07f9247f45c9ad106""}",
