     shots,    errors,  discards, seconds,decoder,strong_id,json_metadata,custom_counts
         1,         0,         0,   0.107,mwpf__18a55d354a5179fe22b347621ac42d689c676785006a493eda6333b61165ab0a,2606fd9b27f8c06a238f10dfcfca1e8efa1cf00bdb8796dbb946e077f8ce80de,"{""circuit"":""surface_code:rotated_memory_x"",""cluster_node_limit"":50,""d"":11,""decoder"":""mwpf"",""decoder_type"":""SolverSerialJointSingleHair"",""p"":0.03,""p_erase"":0.03,""r"":11,""run_id"":""29e38ae744884c2a2b406b04af05084fd3179601bec0197b08c3eec7c1fecc34""}",
         4,         0,         0,   0.549,mwpf__18a55d354a5179fe22b347621ac42d689c676785006a493eda6333b61165ab0a,2606fd9b27f8c06a238f10dfcfca1e8efa1cf00bdb8796dbb946e077f8ce80de,"{""circuit"":""surface_code:rotated_memory_x"",""cluster_node_limit"":50,""d"":11,""decoder"":""mwpf"",""decoder_type"":""SolverSerialJointSingleHair"",""p"":0.03,""p_erase"":0.03,""r"":11,""run_id"":""29e38ae744884c2a2b406b04af05084fd3179601bec0197b08c3eec7c1fecc34""}",
         4,         0,         0,   0.555,mwpf__18a55d354a5179fe22b347621ac42d689c676785006a493eda6333b61165ab0a,2606fd9b27f8c06a238f10dfcfca1e8efa1cf00bdb8796dbb946e077f8ce80de,"{""circuit"":""surface_code:rotated_memory_x"",""cluster_node_limit"":50,""d"":11,""decoder"":""mwpf"",""decoder_type"":""SolverSerialJointSingleHair"",""p"":0.03,""p_erase"":0.03,""r"":11,""run_id"":""29e38ae744884c2a2b406b04af05084fd3179601bec0197b08c3eec7c1fecc34""}",
         4,         0,         0,   0.622,mwpf__18a55d354a5179fe22b347621ac42d689c676785006a493eda6333b61165ab0a,2606fd9b27f8c06a238f10dfcfca1e8efa1cf00bdb8796dbb946e077f8ce80de,"{""circuit"":""surface_code:rotated_memory_x"",""cluster_node_limit"":50,""d"":11,""decoder"":""mwpf"",""decoder_type"":""SolverSerialJointSingleHair"",""p"":0.03,""p_erase"":0.03,""r"":11,""run_id"":""29e38ae744884c2a2b406b04af05084fd3179601bec0197b08c3eec7c1fecc34""}",
         4,         0,         0,   0.555,mwpf__18a55d354a5179fe22b347621ac42d689c676785006a493eda6333b61165ab0a,2606fd9b27f8c06a238f10dfcfca1e8efa1cf00bdb8796dbb946e077f8ce80de,"{""circuit"":""surface_code:rotated_memory_x"",""cluster_node_limit"":50,""d"":11,""decoder"":""mwpf"",""decoder_type"":""SolverSerialJointSingleHair"",""p"":0.03,""p_erase"":0.03,""r"":11,""run_id"":""29e38ae744884c2a2b406b04af05084fd3179601bec0197b08c3eec7c1fecc34""}",
         4,         0,         0,   0.573,mwpf__18a55d354a5179fe22b347621ac42d689c676785006a493eda6333b61165ab0a,2606fd9b27f8c06a238f10dfcfca1e8efa1cf00bdb8796dbb946e077f8ce80de,"{""circuit"":""surface_code:rotated_memory_x"",""cluster_node_limit"":50,""d"":11,""decoder"":""mwpf"",""decoder_type"":""SolverSerialJointSingleHair"",""p"":0.03,""p_erase"":0.03,""r"":11,""run_id"":""29e38ae744884c2a2b406b04af05084fd3179601bec0197b08c3eec7c1fecc34""}",
         4,         1,         0,   0.610,mwpf__18a55d354a5179fe22b347621ac42d689c676785006a493eda6333b61165ab0a,2606fd9b27f8c06a238f10dfcfca1e8efa1cf00bdb8796dbb946e077f8ce80de,"{""circuit"":""surface_code:rotated_memory_x"",""cluster_node_limit"":50,""d"":11,""decoder"":""mwpf"",""decoder_type"":""SolverSerialJointSingleHair"",""p"":0.03,""p_erase"":0.03,""r"":11,""run_id"":""29e38ae744884c2a2b406b04af05084fd3179601bec0197b08c3eec7c1fecc34""}",
         4,         0,         0,   0.519,mwpf__18a55d354a5179fe22b347621ac42d689c676785006a493eda6333b61165ab0a,2606fd9b27f8c06a238f10dfcfca1e8efa1cf00bdb8796dbb946e077f8ce80de,"{""circuit"":""surface_code:rotated_memory_x"",""cluster_node_limit"":50,""d"":11,""decoder"":""mwpf"",""decoder_type"":""SolverSerialJointSingleHair"",""p"":0.03,""p_erase"":0.03,""r"":11,""run_id"":""29e38ae744884c2a2b406b04af05084fd3179601bec0197b08c3eec7c1fecc34""}",
         4,         0,         0,   0.571,mwpf__18a55d354a5179fe22b347621ac42d689c676785006a493eda6333b61165ab0a,2606fd9b27f8c06a238f10dfcfca1e8efa1cf00bdb8796dbb946e077f8ce80de,"{""circuit"":""surface_code:rotated_memory_x"",""cluster_node_limit"":50,""d"":11,""decoder"":""mwpf"",""decoder_type"":""SolverSerialJointSingleHair"",""p"":0.03,""p_erase"":0.03,""r"":11,""run_id"":""29e38ae744884c2a2b406b04af05084fd3179601bec0197b08c3eec7c1fecc34""}",
         4,         0,         0,   0.480,mwpf__18a55d354a5179fe22b347621ac42d689c676785006a493eda6333b61165ab0a,2606fd9b27f8c06a238f10dfcfca1e8efa1cf00bdb8796dbb946e077f8ce80de,"{""circuit"":""surface_code:rotated_memory_x"",""cluster_node_limit"":50,""d"":11,""decoder"":""mwpf"",""decoder_type"":""SolverSerialJointSingleHair"",""p"":0.03,""p_erase"":0.03,""r"":11,""run_id"":""29e38ae744884c2a2b406b04af05084fd3179601bec0197b08c3eec7c1fecc34""}",
         4,         0,         0,   0.467,mwpf__18a55d354a5179fe22b347621ac42d689c676785006a493eda6333b61165ab0a,2606fd9b27f8c06a238f10dfcfca1e8efa1cf00bdb8796dbb946e077f8ce80de,"{""circuit"":""surface_code:rotated_memory_x"",""cluster_node_limit"":50,""d"":11,""decoder"":""mwpf"",""decoder_type"":""SolverSerialJointSingleHair"",""p"":0.03,""p_erase"":0.03,""r"":11,""run_id"":""29e38ae744884c2a2b406b04af05084fd3179601bec0197b08c3eec7c1fecc34""}",
         4,         0,         0,   0.671,mwpf__18a55d354a5179fe22b347621ac42d689c676785006a493eda6333b61165ab0a,2606fd9b27f8c06a238f10dfcfca1e8efa1cf00bdb8796dbb946e077f8ce80de,"{""circuit"":""surface_code:rotated_memory_x"",""cluster_node_limit"":50,""d"":11,""decoder"":""mwpf"",""decoder_type"":""SolverSerialJointSingleHair"",""p"":0.03,""p_erase"":0.03,""r"":11,""run_id"":""29e38ae744884c2a2b406b04af05084fd3179601bec0197b08c3eec7c1fecc34""}",
         4,         0,         0,   0.567,mwpf__18a55d354a5179fe22b347621ac42d689c676785006a493eda6333b61165ab0a,2606fd9b27f8c06a238f10dfcfca1e8efa1cf00bdb8796dbb946e077f8ce80de,"{""circuit"":""surface_code:rotated_memory_x"",""cluster_node_limit"":50,""d"":11,""decoder"":""mwpf"",""decoder_type"":""SolverSerialJointSingleHair"",""p"":0.03,""p_erase"":0.03,""r"":11,""run_id"":""29e38ae744884c2a2b406b04af05084fd3179601bec0197b08c3eec7c1fecc34""}",
         8,         2,         0,    1.28,mwpf__18a55d354a5179fe22b347621ac42d689c676785006a493eda6333b61165ab0a,2606fd9b27f8c06a238f10dfcfca1e8efa1cf00bdb8796dbb946e077f8ce80de,"{""circuit"":""surface_code:rotated_memory_x"",""cluster_node_limit"":50,""d"":11,""decoder"":""mwpf"",""decoder_type"":""SolverSerialJointSingleHair"",""p"":0.03,""p_erase"":0.03,""r"":11,""run_id"":""29e38ae744884c2a2b406b04af05084fd3179601bec0197b08c3eec7c1fecc34""}",
        12,         1,         0,    1.38,mwpf__18a55d354a5179fe22b347621ac42d689c676785006a493eda6333b61165ab0a,2606fd9b27f8c06a238f10dfcfca1e8efa1cf00bdb8796dbb946e077f8ce80de,"{""circuit"":""surface_code:rotated_memory_x"",""cluster_node_limit"":50,""d"":11,""decoder"":""mwpf"",""decoder_type"":""SolverSerialJointSingleHair"",""p"":0.03,""p_erase"":0.03,""r"":11,""run_id"":""29e38ae744884c2a2b406b04af05084fd3179601bec0197b08c3eec7c1fecc34""}",
        12,         1,         0,    1.80,mwpf__18a55d354a5179fe22b347621ac42d689c676785006a493eda6333b61165ab0a,2606fd9b27f8c06a238f10dfcfca1e8efa1cf00bdb8796dbb946e077f8ce80de,"{""circuit"":""surface_code:rotated_memory_x"",""cluster_node_limit"":50,""d"":11,""decoder"":""mwpf"",""decoder_type"":""SolverSerialJointSingleHair"",""p"":0.03,""p_erase"":0.03,""r"":11,""run_id"":""29e38ae744884c2a2b406b04af05084fd3179601bec0197b08c3eec7c1fecc34""}",
        16,         3,         0,    2.51,mwpf__18a55d354a5179fe22b347621ac42d689c676785006a493eda6333b61165ab0a,2606fd9b27f8c06a238f10dfcfca1e8efa1cf00bdb8796dbb946e077f8ce80de,"{""circuit"":""surface_code:rotated_memory_x"",""cluster_node_limit"":50,""d"":11,""decoder"":""mwpf"",""decoder_type"":""SolverSerialJointSingleHair"",""p"":0.03,""p_erase"":0.03,""r"":11,""run_id"":""29e38ae744884c2a2b406b04af05084fd3179601bec0197b08c3eec7c1fecc34""}",
        24,         4,         0,    3.39,mwpf__18a55d354a5179fe22b347621ac42d689c676785006a493eda6333b61165ab0a,2606fd9b27f8c06a238f10dfcfca1e8efa1cf00bdb8796dbb946e077f8ce80de,"{""circuit"":""surface_code:rotated_memory_x"",""cluster_node_limit"":50,""d"":11,""decoder"":""mwpf"",""decoder_type"":""SolverSerialJointSingleHair"",""p"":0.03,""p_erase"":0.03,""r"":11,""run_id"":""29e38ae744884c2a2b406b04af05084fd3179601bec0197b08c3eec7c1fecc34""}",
        36,         3,         0,    4.48,mwpf__18a55d354a5179fe22b347621ac42d689c676785006a493eda6333b61165ab0a,2606fd9b27f8c06a238f10dfcfca1e8efa1cf00bdb8796dbb946e077f8ce80de,"{""circuit"":""surface_code:rotated_memory_x"",""cluster_node_limit"":50,""d"":11,""decoder"":""mwpf"",""decoder_type"":""SolverSerialJointSingleHair"",""p"":0.03,""p_erase"":0.03,""r"":11,""run_id"":""29e38ae744884c2a2b406b04af05084fd3179601bec0197b08c3eec7c1fecc34""}",
        44,         7,         0,    6.43,mwpf__18a55d354a5179fe22b347621ac42d689c676785006a493eda6333b61165ab0a,2606fd9b27f8c06a238f10dfcfca1e8efa1cf00bdb8796dbb946e077f8ce80de,"{""circuit"":""surface_code:rotated_memory_x"",""cluster_node_limit"":50,""d"":11,""decoder"":""mwpf"",""decoder_type"":""SolverSerialJointSingleHair"",""p"":0.03,""p_erase"":0.03,""r"":11,""run_id"":""29e38ae744884c2a2b406b04af05084fd3179601bec0197b08c3eec7c1fecc34""}",
        60,         2,         0,    8.57,mwpf__18a55d354a5179fe22b347621ac42d689c676785006a493eda6333b61165ab0a,2606fd9b27f8c06a238f10dfcfca1e8efa1cf00bdb8796dbb946e077f8ce80de,"{""circuit"":""surface_code:rotated_memory_x"",""cluster_node_limit"":50,""d"":11,""decoder"":""mwpf"",""decoder_type"":""SolverSerialJointSingleHair"",""p"":0.03,""p_erase"":0.03,""r"":11,""run_id"":""29e38ae744884c2a2b406b04af05084fd3179601bec0197b08c3eec7c1fecc34""}",
        84,         1,         0,    12.1,mwpf__18a55d354a5179fe22b347621ac42d689c676785006a493eda6333b61165ab0a,2606fd9b27f8c06a238f10dfcfca1e8efa1cf00bdb8796dbb946e077f8ce80de,"{""circuit"":""surface_code:rotated_memory_x"",""cluster_node_limit"":50,""d"":11,""decoder"":""mwpf"",""decoder_type"":""SolverSerialJointSingleHair"",""p"":0.03,""p_erase"":0.03,""r"":11,""run_id"":""29e38ae744884c2a2b406b04af05084fd3179601bec0197b08c3eec7c1fecc34""}",
       116,        11,         0,    16.8,mwpf__18a55d354a5179fe22b347621ac42d689c676785006a493eda6333b61165ab0a,2606fd9b27f8c06a238f10dfcfca1e8efa1cf00bdb8796dbb946e077f8ce80de,"{""circuit"":""surface_code:rotated_memory_x"",""cluster_node_limit"":50,""d"":11,""decoder"":""mwpf"",""decoder_type"":""SolverSerialJointSingleHair"",""p"":0.03,""p_erase"":0.03,""r"":11,""run_id"":""29e38ae744884c2a2b406b04af05084fd3179601bec0197b08c3eec7c1fecc34""}",
       156,        10,         0,    23.2,mwpf__18a55d354a5179fe22b347621ac42d689c676785006a493eda6333b61165ab0a,2606fd9b27f8c06a238f10dfcfca1e8efa1cf00bdb8796dbb946e077f8ce80de,"{""circuit"":""surface_code:rotated_memory_x"",""cluster_node_limit"":50,""d"":11,""decoder"":""mwpf"",""decoder_type"":""SolverSerialJointSingleHair"",""p"":0.03,""p_erase"":0.03,""r"":11,""run_id"":""29e38ae744884c2a2b406b04af05084fd3179601bec0197b08c3eec7c1fecc34""}",
       232,        23,         0,    32.3,mwpf__18a55d354a5179fe22b347621ac42d689c676785006a493eda6333b61165ab0a,2606fd9b27f8c06a238f10dfcfca1e8efa1cf00bdb8796dbb946e077f8ce80de,"{""circuit"":""surface_code:rotated_memory_x"",""cluster_node_limit"":50,""d"":11,""decoder"":""mwpf"",""decoder_type"":""SolverSerialJointSingleHair"",""p"":0.03,""p_erase"":0.03,""r"":11,""run_id"":""29e38ae744884c2a2b406b04af05084fd3179601bec0197b08c3eec7c1fecc34""}",
         1,         0,         0,   0.043,mwpf__d89f38621d3da58e469ab642e8ce9449a2028f501c7ff49729098ec573131f8e,f03c1e4f58ff752135e09f412b8d3bdffa88dde5b6e7fbb034ff1292d22ebde9,"{""circuit"":""surface_code:rotated_memory_x"",""cluster_node_limit"":50,""d"":11,""decoder"":""mwpf"",""decoder_type"":""SolverSerialJointSingleHair"",""p"":0.02,""p_erase"":0.02,""r"":11,""run_id"":""93fb08d08267e12bd14cc4f801fe1f3202058f710009764389b6687cc48bdcd3""}",
         8,         1,         0,   0.259,mwpf__d89f38621d3da58e469ab642e8ce9449a2028f501c7ff49729098ec573131f8e,f03c1e4f58ff752135e09f412b8d3bdffa88dde5b6e7fbb034ff1292d22ebde9,"{""circuit"":""surface_code:rotated_memory_x"",""cluster_node_limit"":50,""d"":11,""decoder"":""mwpf"",""decoder_type"":""SolverSerialJointSingleHair"",""p"":0.02,""p_erase"":0.02,""r"":11,""run_id"":""93fb08d08267e12bd14cc4f801fe1f3202058f710009764389b6687cc48bdcd3""}",
        16,         0,         0,   0.565,mwpf__d89f38621d3da58e469ab642e8ce9449a2028f501c7ff49729098ec573131f8e,f03c1e4f58ff752135e09f412b8d3bdffa88dde5b6e7fbb034ff1292d22ebde9,"{""circuit"":""surface_code:rotated_memory_x"",""cluster_node_limit"":50,""d"":11,""decoder"":""mwpf"",""decoder_type"":""SolverSerialJointSingleHair"",""p"":0.02,""p_erase"":0.02,""r"":11,""run_id"":""93fb08d08267e12bd14cc4f801fe1f3202058f710009764389b6687cc48bdcd3""}",
        16,         0,         0,   0.545,mwpf__d89f38621d3da58e469ab642e8ce9449a2028f501c7ff49729098ec573131f8e,f03c1e4f58ff752135e09f412b8d3bdffa88dde5b6e7fbb034ff1292d22ebde9,"{""circuit"":""surface_code:rotated_memory_x"",""cluster_node_limit"":50,""d"":11,""decoder"":""mwpf"",""decoder_type"":""SolverSerialJointSingleHair"",""p"":0.02,""p_erase"":0.02,""r"":11,""run_id"":""93fb08d08267e12bd14cc4f801fe1f3202058f710009764389b6687cc48bdcd3""}",
        16,         0,         0,   0.564,mwpf__d89f38621d3da58e469ab642e8ce9449a2028f501c7ff49729098ec573131f8e,f03c1e4f58ff752135e09f412b8d3bdffa88dde5b6e7fbb034ff1292d22ebde9,"{""circuit"":""surface_code:rotated_memory_x"",""cluster_node_limit"":50,""d"":11,""decoder"":""mwpf"",""decoder_type"":""SolverSerialJointSingleHair"",""p"":0.02,""p_erase"":0.02,""r"":11,""run_id"":""93fb08d08267e12bd14cc4f801fe1f3202058f710009764389b6687cc48bdcd3""}",
        16,         0,         0,   0.558,mwpf__d89f38621d3da58e469ab642e8ce9449a2028f501c7ff49729098ec573131f8e,f03c1e4f58ff752135e09f412b8d3bdffa88dde5b6e7fbb034ff1292d22ebde9,"{""circuit"":""surface_code:rotated_memory_x"",""cluster_node_limit"":50,""d"":11,""decoder"":""mwpf"",""decoder_type"":""SolverSerialJointSingleHair"",""p"":0.02,""p_erase"":0.02,""r"":11,""run_id"":""93fb08d08267e12bd14cc4f801fe1f3202058f710009764389b6687cc48bdcd3""}",
        16,         0,         0,   0.562,mwpf__d89f38621d3da58e469ab642e8ce9449a2028f501c7ff49729098ec573131f8e,f03c1e4f58ff752135e09f412b8d3bdffa88dde5b6e7fbb034ff1292d22ebde9,"{""circuit"":""surface_code:rotated_memory_x"",""cluster_node_limit"":50,""d"":11,""decoder"":""mwpf"",""decoder_type"":""SolverSerialJointSingleHair"",""p"":0.02,""p_erase"":0.02,""r"":11,""run_id"":""93fb08d08267e12bd14cc4f801fe1f3202058f710009764389b6687cc48bdcd3""}",
        16,         0,         0,   0.561,mwpf__d89f38621d3da58e469ab642e8ce9449a2028f501c7ff49729098ec573131f8e,f03c1e4f58ff752135e09f412b8d3bdffa88dde5b6e7fbb034ff1292d22ebde9,"{""circuit"":""surface_code:rotated_memory_x"",""cluster_node_limit"":50,""d"":11,""decoder"":""mwpf"",""decoder_type"":""SolverSerialJointSingleHair"",""p"":0.02,""p_erase"":0.02,""r"":11,""run_id"":""93fb08d08267e12bd14cc4f801fe1f3202058f710009764389b6687cc48bdcd3""}",
        16,         0,         0,   0.570,mwpf__d89f38621d3da58e469ab642e8ce9449a2028f501c7ff49729098ec573131f8e,f03c1e4f58ff752135e09f412b8d3bdffa88dde5b6e7fbb034ff1292d22ebde9,"{""circuit"":""surface_code:rotated_memory_x"",""cluster_node_limit"":50,""d"":11,""decoder"":""mwpf"",""decoder_type"":""SolverSerialJointSingleHair"",""p"":0.02,""p_erase"":0.02,""r"":11,""run_id"":""93fb08d08267e12bd14cc4f801fe1f3202058f710009764389b6687cc48bdcd3""}",
        16,         0,         0,   0.554,mwpf__d89f38621d3da58e469ab642e8ce9449a2028f501c7ff49729098ec573131f8e,f03c1e4f58ff752135e09f412b8d3bdffa88dde5b6e7fbb034ff1292d22ebde9,"{""circuit"":""surface_code:rotated_memory_x"",""cluster_node_limit"":50,""d"":11,""decoder"":""mwpf"",""decoder_type"":""SolverSerialJointSingleHair"",""p"":0.02,""p_erase"":0.02,""r"":11,""run_id"":""93fb08d08267e12bd14cc4f801fe1f3202058f710009764389b6687cc48bdcd3""}",
        16,         0,         0,   0.642,mwpf__d89f38621d3da58e469ab642e8ce9449a2028f501c7ff49729098ec573131f8e,f03c1e4f58ff752135e09f412b8d3bdffa88dde5b6e7fbb034ff1292d22ebde9,"{""circuit"":""surface_code:rotated_memory_x"",""cluster_node_limit"":50,""d"":11,""decoder"":""mwpf"",""decoder_type"":""SolverSerialJointSingleHair"",""p"":0.02,""p_erase"":0.02,""r"":11,""run_id"":""93fb08d08267e12bd14cc4f801fe1f3202058f710009764389b6687cc48bdcd3""}",
        16,         0,         0,   0.538,mwpf__d89f38621d3da58e469ab642e8ce9449a2028f501c7ff49729098ec573131f8e,f03c1e4f58ff752135e09f412b8d3bdffa88dde5b6e7fbb034ff1292d22ebde9,"{""circuit"":""surface_code:rotated_memory_x"",""cluster_node_limit"":50,""d"":11,""decoder"":""mwpf"",""decoder_type"":""SolverSerialJointSingleHair"",""p"":0.02,""p_erase"":0.02,""r"":11,""run_id"":""93fb08d08267e12bd14cc4f801fe1f3202058f710009764389b6687cc48bdcd3""}",
        32,         0,         0,    1.18,mwpf__d89f38621d3da58e469ab642e8ce9449a2028f501c7ff49729098ec573131f8e,f03c1e4f58ff752135e09f412b8d3bdffa88dde5b6e7fbb034ff1292d22ebde9,"{""circuit"":""surface_code:rotated_memory_x"",""cluster_node_limit"":50,""d"":11,""decoder"":""mwpf"",""decoder_type"":""SolverSerialJointSingleHair"",""p"":0.02,""p_erase"":0.02,""r"":11,""run_id"":""93fb08d08267e12bd14cc4f801fe1f3202058f710009764389b6687cc48bdcd3""}",
        32,         0,         0,    1.13,mwpf__d89f38621d3da58e469ab642e8ce9449a2028f501c7ff49729098ec573131f8e,f03c1e4f58ff752135e09f412b8d3bdffa88dde5b6e7fbb034ff1292d22ebde9,"{""circuit"":""surface_code:rotated_memory_x"",""cluster_node_limit"":50,""d"":11,""decoder"":""mwpf"",""decoder_type"":""SolverSerialJointSingleHair"",""p"":0.02,""p_erase"":0.02,""r"":11,""run_id"":""93fb08d08267e12bd14cc4f801fe1f3202058f710009764389b6687cc48bdcd3""}",
        32,         0,         0,    1.12,mwpf__d89f38621d3da58e469ab642e8ce9449a2028f501c7ff49729098ec573131f8e,f03c1e4f58ff752135e09f412b8d3bdffa88dde5b6e7fbb034ff1292d22ebde9,"{""circuit"":""surface_code:rotated_memory_x"",""cluster_node_limit"":50,""d"":11,""decoder"":""mwpf"",""decoder_type"":""SolverSerialJointSingleHair"",""p"":0.02,""p_erase"":0.02,""r"":11,""run_id"":""93fb08d08267e12bd14cc4f801fe1f3202058f710009764389b6687cc48bdcd3""}",
        48,         1,         0,    1.74,mwpf__d89f38621d3da58e469ab642e8ce9449a2028f501c7ff49729098ec573131f8e,f03c1e4f58ff752135e09f412b8d3bdffa88dde5b6e7fbb034ff1292d22ebde9,"{""circuit"":""surface_code:rotated_memory_x"",""cluster_node_limit"":50,""d"":11,""decoder"":""mwpf"",""decoder_type"":""SolverSerialJointSingleHair"",""p"":0.02,""p_erase"":0.02,""r"":11,""run_id"":""93fb08d08267e12bd14cc4f801fe1f3202058f710009764389b6687cc48bdcd3""}",
        64,         0,         0,    2.29,mwpf__d89f38621d3da58e469ab642e8ce9449a2028f501c7ff49729098ec573131f8e,f03c1e4f58ff752135e09f412b8d3bdffa88dde5b6e7fbb034ff1292d22ebde9,"{""circuit"":""surface_code:rotated_memory_x"",""cluster_node_limit"":50,""d"":11,""decoder"":""mwpf"",""decoder_type"":""SolverSerialJointSingleHair"",""p"":0.02,""p_erase"":0.02,""r"":11,""run_id"":""93fb08d08267e12bd14cc4f801fe1f3202058f710009764389b6687cc48bdcd3""}",
        96,         0,         0,    3.44,mwpf__d89f38621d3da58e469ab642e8ce9449a2028f501c7ff49729098ec573131f8e,f03c1e4f58ff752135e09f412b8d3bdffa88dde5b6e7fbb034ff1292d22ebde9,"{""circuit"":""surface_code:rotated_memory_x"",""cluster_node_limit"":50,""d"":11,""decoder"":""mwpf"",""decoder_type"":""SolverSerialJointSingleHair"",""p"":0.02,""p_erase"":0.02,""r"":11,""run_id"":""93fb08d08267e12bd14cc4f801fe1f3202058f710009764389b6687cc48bdcd3""}",
       128,         1,         0,    4.50,mwpf__d89f38621d3da58e469ab642e8ce9449a2028f501c7ff49729098ec573131f8e,f03c1e4f58ff752135e09f412b8d3bdffa88dde5b6e7fbb034ff1292d22ebde9,"{""circuit"":""surface_code:rotated_memory_x"",""cluster_node_limit"":50,""d"":11,""decoder"":""mwpf"",""decoder_type"":""SolverSerialJointSingleHair"",""p"":0.02,""p_erase"":0.02,""r"":11,""run_id"":""93fb08d08267e12bd14cc4f801fe1f3202058f710009764389b6687cc48bdcd3""}",
       176,         0,         0,    6.43,mwpf__d89f38621d3da58e469ab642e8ce9449a2028f501c7ff49729098ec573131f8e,f03c1e4f58ff752135e09f412b8d3bdffa88dde5b6e7fbb034ff1292d22ebde9,"{""circuit"":""surface_code:rotated_memory_x"",""cluster_node_limit"":50,""d"":11,""decoder"":""mwpf"",""decoder_type"":""SolverSerialJointSingleHair"",""p"":0.02,""p_erase"":0.02,""r"":11,""run_id"":""93fb08d08267e12bd14cc4f801fe1f3202058f710009764389b6687cc48bdcd3""}",
       320,        26,         0,    45.5,mwpf__18a55d354a5179fe22b347621ac42d689c676785006a493eda6333b61165ab0a,2606fd9b27f8c06a238f10dfcfca1e8efa1cf00bdb8796dbb946e077f8ce80de,"{""circuit"":""surface_code:rotated_memory_x"",""cluster_node_limit"":50,""d"":11,""decoder"":""mwpf"",""decoder_type"":""SolverSerialJointSingleHair"",""p"":0.03,""p_erase"":0.03,""r"":11,""run_id"":""29e38ae744884c2a2b406b04af05084fd3179601bec0197b08c3eec7c1fecc34""}",
       240,         0,         0,    8.48,mwpf__d89f38621d3da58e469ab642e8ce9449a2028f501c7ff49729098ec573131f8e,f03c1e4f58ff752135e09f412b8d3bdffa88dde5b6e7fbb034ff1292d22ebde9,"{""circuit"":""surface_code:rotated_memory_x"",""cluster_node_limit"":50,""d"":11,""decoder"":""mwpf"",""decoder_type"":""SolverSerialJointSingleHair"",""p"":0.02,""p_erase"":0.02,""r"":11,""run_id"":""93fb08d08267e12bd14cc4f801fe1f3202058f710009764389b6687cc48bdcd3""}",
       368,         0,         0,    11.9,mwpf__d89f38621d3da58e469ab642e8ce9449a2028f501c7ff49729098ec573131f8e,f03c1e4f58ff752135e09f412b8d3bdffa88dde5b6e7fbb034ff1292d22ebde9,"{""circuit"":""surface_code:rotated_memory_x"",""cluster_node_limit"":50,""d"":11,""decoder"":""mwpf"",""decoder_type"":""SolverSerialJointSingleHair"",""p"":0.02,""p_erase"":0.02,""r"":11,""run_id"":""93fb08d08267e12bd14cc4f801fe1f3202058f710009764389b6687cc48bdcd3""}",
       528,         1,         0,    16.4,mwpf__d89f38621d3da58e469ab642e8ce9449a2028f501c7ff49729098ec573131f8e,f03c1e4f58ff752135e09f412b8d3bdffa88dde5b6e7fbb034ff1292d22ebde9,"{""circuit"":""surface_code:rotated_memory_x"",""cluster_node_limit"":50,""d"":11,""decoder"":""mwpf"",""decoder_type"":""SolverSerialJointSingleHair"",""p"":0.02,""p_erase"":0.02,""r"":11,""run_id"":""93fb08d08267e12bd14cc4f801fe1f3202058f710009764389b6687cc48bdcd3""}",
       752,         1,         0,    23.3,mwpf__d89f38621d3da58e469ab642e8ce9449a2028f501c7ff49729098ec573131f8e,f03c1e4f58ff752135e09f412b8d3bdffa88dde5b6e7fbb034ff1292d22ebde9,"{""circuit"":""surface_code:rotated_memory_x"",""cluster_node_limit"":50,""d"":11,""decoder"":""mwpf"",""decoder_type"":""SolverSerialJointSingleHair"",""p"":0.02,""p_erase"":0.02,""r"":11,""run_id"":""93fb08d08267e12bd14cc4f801fe1f3202058f710009764389b6687cc48bdcd3""}",
       464,        29,         0,    63.4,mwpf__18a55d354a5179fe22b347621ac42d689c676785006a493eda6333b61165ab0a,2606fd9b27f8c06a238f10dfcfca1e8efa1cf00bdb8796dbb946e077f8ce80de,"{""circuit"":""surface_code:rotated_memory_x"",""cluster_node_limit"":50,""d"":11,""decoder"":""mwpf"",""decoder_type"":""SolverSerialJointSingleHair"",""p"":0.03,""p_erase"":0.03,""r"":11,""run_id"":""29e38ae744884c2a2b406b04af05084fd3179601bec0197b08c3eec7c1fecc34""}",
      1024,         0,         0,    32.6,mwpf__d89f38621d3da58e469ab642e8ce9449a2028f501c7ff49729098ec573131f8e,f03c1e4f58ff752135e09f412b8d3bdffa88dde5b6e7fbb034ff1292d22ebde9,"{""circuit"":""surface_code:rotated_memory_x"",""cluster_node_limit"":50,""d"":11,""decoder"":""mwpf"",""decoder_type"":""SolverSerialJointSingleHair"",""p"":0.02,""p_erase"":0.02,""r"":11,""run_id"":""93fb08d08267e12bd14cc4f801fe1f3202058f710009764389b6687cc48bdcd3""}",
      1440,         0,         0,    45.0,mwpf__d89f38621d3da58e469ab642e8ce9449a2028f501c7ff49729098ec573131f8e,f03c1e4f58ff752135e09f412b8d3bdffa88dde5b6e7fbb034ff1292d22ebde9,"{""circuit"":""surface_code:rotated_memory_x"",""cluster_node_limit"":50,""d"":11,""decoder"":""mwpf"",""decoder_type"":""SolverSerialJointSingleHair"",""p"":0.02,""p_erase"":0.02,""r"":11,""run_id"":""93fb08d08267e12bd14cc4f801fe1f3202058f710009764389b6687cc48bdcd3""}",
       664,        50,         0,    88.2,mwpf__18a55d354a5179fe22b347621ac42d689c676785006a493eda6333b61165ab0a,2606fd9b27f8c06a238f10dfcfca1e8efa1cf00bdb8796dbb946e077f8ce80de,"{""circuit"":""surface_code:rotated_memory_x"",""cluster_node_limit"":50,""d"":11,""decoder"":""mwpf"",""decoder_type"":""SolverSerialJointSingleHair"",""p"":0.03,""p_erase"":0.03,""r"":11,""run_id"":""29e38ae744884c2a2b406b04af05084fd3179601bec0197b08c3eec7c1fecc34""}",
      1121,         0,         0,    35.7,mwpf__d89f38621d3da58e469ab642e8ce9449a2028f501c7ff49729098ec573131f8e,f03c1e4f58ff752135e09f412b8d3bdffa88dde5b6e7fbb034ff1292d22ebde9,"{""circuit"":""surface_code:rotated_memory_x"",""cluster_node_limit"":50,""d"":11,""decoder"":""mwpf"",""decoder_type"":""SolverSerialJointSingleHair"",""p"":0.02,""p_erase"":0.02,""r"":11,""run_id"":""93fb08d08267e12bd14cc4f801fe1f3202058f710009764389b6687cc48bdcd3""}",
       904,        54,         0,   120.0,mwpf__18a55d354a5179fe22b347621ac42d689c676785006a493eda6333b61165ab0a,2606fd9b27f8c06a238f10dfcfca1e8efa1cf00bdb8796dbb946e077f8ce80de,"{""circuit"":""surface_code:rotated_memory_x"",""cluster_node_limit"":50,""d"":11,""decoder"":""mwpf"",""decoder_type"":""SolverSerialJointSingleHair"",""p"":0.03,""p_erase"":0.03,""r"":11,""run_id"":""29e38ae744884c2a2b406b04af05084fd3179601bec0197b08c3eec7c1fecc34""}",
       904,        63,         0,   120.1,mwpf__18a55d354a5179fe22b347621ac42d689c676785006a493eda6333b61165ab0a,2606fd9b27f8c06a238f10dfcfca1e8efa1cf00bdb8796dbb946e077f8ce80de,"{""circuit"":""surface_code:rotated_memory_x"",""cluster_node_limit"":50,""d"":11,""decoder"":""mwpf"",""decoder_type"":""SolverSerialJointSingleHair"",""p"":0.03,""p_erase"":0.03,""r"":11,""run_id"":""29e38ae744884c2a2b406b04af05084fd3179601bec0197b08c3eec7c1fecc34""}",
         1,         0,         0,    2.57,mwpf__d89f38621d3da58e469ab642e8ce9449a2028f501c7ff49729098ec573131f8e,f03c1e4f58ff752135e09f412b8d3bdffa88dde5b6e7fbb034ff1292d22ebde9,"{""circuit"":""surface_code:rotated_memory_x"",""cluster_node_limit"":50,""d"":11,""decoder"":""mwpf"",""decoder_type"":""SolverSerialJointSingleHair"",""p"":0.02,""p_erase"":0.02,""r"":11,""run_id"":""93fb08d08267e12bd14cc4f801fe1f3202058f710009764389b6687cc48bdcd3""}",
         1,         0,         0,   0.137,mwpf__d89f38621d3da58e469ab642e8ce9449a2028f501c7ff49729098ec573131f8e,f03c1e4f58ff752135e09f412b8d3bdffa88dde5b6e7fbb034ff1292d22ebde9,"{""circuit"":""surface_code:rotated_memory_x"",""cluster_node_limit"":50,""d"":11,""decoder"":""mwpf"",""decoder_type"":""SolverSerialJointSingleHair"",""p"":0.02,""p_erase"":0.02,""r"":11,""run_id"":""93fb08d08267e12bd14cc4f801fe1f3202058f710009764389b6687cc48bdcd3""}",
         4,         0,         0,   0.223,mwpf__d89f38621d3da58e469ab642e8ce9449a2028f501c7ff49729098ec573131f8e,f03c1e4f58ff752135e09f412b8d3bdffa88dde5b6e7fbb034ff1292d22ebde9,"{""circuit"":""surface_code:rotated_memory_x"",""cluster_node_limit"":50,""d"":11,""decoder"":""mwpf"",""decoder_type"":""SolverSerialJointSingleHair"",""p"":0.02,""p_erase"":0.02,""r"":11,""run_id"":""93fb08d08267e12bd14cc4f801fe1f3202058f710009764389b6687cc48bdcd3""}",
         8,         0,         0,   0.331,mwpf__d89f38621d3da58e469ab642e8ce9449a2028f501c7ff49729098ec573131f8e,f03c1e4f58ff752135e09f412b8d3bdffa88dde5b6e7fbb034ff1292d22ebde9,"{""circuit"":""surface_code:rotated_memory_x"",""cluster_node_limit"":50,""d"":11,""decoder"":""mwpf"",""decoder_type"":""SolverSerialJointSingleHair"",""p"":0.02,""p_erase"":0.02,""r"":11,""run_id"":""93fb08d08267e12bd14cc4f801fe1f3202058f710009764389b6687cc48bdcd3""}",
         8,         0,         0,   0.383,mwpf__d89f38621d3da58e469ab642e8ce9449a2028f501c7ff49729098ec573131f8e,f03c1e4f58ff752135e09f412b8d3bdffa88dde5b6e7fbb034ff1292d22ebde9,"{""circuit"":""surface_code:rotated_memory_x"",""cluster_node_limit"":50,""d"":11,""decoder"":""mwpf"",""decoder_type"":""SolverSerialJointSingleHair"",""p"":0.02,""p_erase"":0.02,""r"":11,""run_id"":""93fb08d08267e12bd14cc4f801fe1f3202058f710009764389b6687cc48bdcd3""}",
         8,         0,         0,   0.400,mwpf__d89f38621d3da58e469ab642e8ce9449a2028f501c7ff49729098ec573131f8e,f03c1e4f58ff752135e09f412b8d3bdffa88dde5b6e7fbb034ff1292d22ebde9,"{""circuit"":""surface_code:rotated_memory_x"",""cluster_node_limit"":50,""d"":11,""decoder"":""mwpf"",""decoder_type"":""SolverSerialJointSingleHair"",""p"":0.02,""p_erase"":0.02,""r"":11,""run_id"":""93fb08d08267e12bd14cc4f801fe1f3202058f710009764389b6687cc48bdcd3""}",
         8,         0,         0,   0.329,mwpf__d89f38621d3da58e469ab642e8ce9449a2028f501c7ff49729098ec573131f8e,f03c1e4f58ff752135e09f412b8d3bdffa88dde5b6e7fbb034ff1292d22ebde9,"{""circuit"":""surface_code:rotated_memory_x"",""cluster_node_limit"":50,""d"":11,""decoder"":""mwpf"",""decoder_type"":""SolverSerialJointSingleHair"",""p"":0.02,""p_erase"":0.02,""r"":11,""run_id"":""93fb08d08267e12bd14cc4f801fe1f3202058f710009764389b6687cc48bdcd3""}",
         8,         0,         0,   0.267,mwpf__d89f38621d3da58e469ab642e8ce9449a2028f501c7ff49729098ec573131f8e,f03c1e4f58ff752135e09f412b8d3bdffa88dde5b6e7fbb034ff1292d22ebde9,"{""circuit"":""surface_code:rotated_memory_x"",""cluster_node_limit"":50,""d"":11,""decoder"":""mwpf"",""decoder_type"":""SolverSerialJointSingleHair"",""p"":0.02,""p_erase"":0.02,""r"":11,""run_id"":""93fb08d08267e12bd14cc4f801fe1f3202058f710009764389b6687cc48bdcd3""}",
        16,         0,         0,   0.673,mwpf__d89f38621d3da58e469ab642e8ce9449a2028f501c7ff49729098ec573131f8e,f03c1e4f58ff752135e09f412b8d3bdffa88dde5b6e7fbb034ff1292d22ebde9,"{""circuit"":""surface_code:rotated_memory_x"",""cluster_node_limit"":50,""d"":11,""decoder"":""mwpf"",""decoder_type"":""SolverSerialJointSingleHair"",""p"":0.02,""p_erase"":0.02,""r"":11,""run_id"":""93fb08d08267e12bd14cc4f801fe1f3202058f710009764389b6687cc48bdcd3""}",
        16,         0,         0,   0.635,mwpf__d89f38621d3da58e469ab642e8ce9449a2028f501c7ff49729098ec573131f8e,f03c1e4f58ff752135e09f412b8d3bdffa88dde5b6e7fbb034ff1292d22ebde9,"{""circuit"":""surface_code:rotated_memory_x"",""cluster_node_limit"":50,""d"":11,""decoder"":""mwpf"",""decoder_type"":""SolverSerialJointSingleHair"",""p"":0.02,""p_erase"":0.02,""r"":11,""run_id"":""93fb08d08267e12bd14cc4f801fe1f3202058f710009764389b6687cc48bdcd3""}",
        16,         1,         0,   0.687,mwpf__d89f38621d3da58e469ab642e8ce9449a2028f501c7ff49729098ec573131f8e,f03c1e4f58ff752135e09f412b8d3bdffa88dde5b6e7fbb034ff1292d22ebde9,"{""circuit"":""surface_code:rotated_memory_x"",""cluster_node_limit"":50,""d"":11,""decoder"":""mwpf"",""decoder_type"":""SolverSerialJointSingleHair"",""p"":0.02,""p_erase"":0.02,""r"":11,""run_id"":""93fb08d08267e12bd14cc4f801fe1f3202058f710009764389b6687cc48bdcd3""}",
        16,         0,         0,   0.593,mwpf__d89f38621d3da58e469ab642e8ce9449a2028f501c7ff49729098ec573131f8e,f03c1e4f58ff752135e09f412b8d3bdffa88dde5b6e7fbb034ff1292d22ebde9,"{""circuit"":""surface_code:rotated_memory_x"",""cluster_node_limit"":50,""d"":11,""decoder"":""mwpf"",""decoder_type"":""SolverSerialJointSingleHair"",""p"":0.02,""p_erase"":0.02,""r"":11,""run_id"":""93fb08d08267e12bd14cc4f801fe1f3202058f710009764389b6687cc48bdcd3""}",
        32,         0,         0,    1.15,mwpf__d89f38621d3da58e469ab642e8ce9449a2028f501c7ff49729098ec573131f8e,f03c1e4f58ff752135e09f412b8d3bdffa88dde5b6e7fbb034ff1292d22ebde9,"{""circuit"":""surface_code:rotated_memory_x"",""cluster_node_limit"":50,""d"":11,""decoder"":""mwpf"",""decoder_type"":""SolverSerialJointSingleHair"",""p"":0.02,""p_erase"":0.02,""r"":11,""run_id"":""93fb08d08267e12bd14cc4f801fe1f3202058f710009764389b6687cc48bdcd3""}",
       256,         0,         0,    9.27,mwpf__d89f38621d3da58e469ab642e8ce9449a2028f501c7ff49729098ec573131f8e,f03c1e4f58ff752135e09f412b8d3bdffa88dde5b6e7fbb034ff1292d22ebde9,"{""circuit"":""surface_code:rotated_memory_x"",""cluster_node_limit"":50,""d"":11,""decoder"":""mwpf"",""decoder_type"":""SolverSerialJointSingleHair"",""p"":0.02,""p_erase"":0.02,""r"":11,""run_id"":""93fb08d08267e12bd14cc4f801fe1f3202058f710009764389b6687cc48bdcd3""}",
        32,         0,         0,    1.20,mwpf__d89f38621d3da58e469ab642e8ce9449a2028f501c7ff49729098ec573131f8e,f03c1e4f58ff752135e09f412b8d3bdffa88dde5b6e7fbb034ff1292d22ebde9,"{""circuit"":""surface_code:rotated_memory_x"",""cluster_node_limit"":50,""d"":11,""decoder"":""mwpf"",""decoder_type"":""SolverSerialJointSingleHair"",""p"":0.02,""p_erase"":0.02,""r"":11,""run_id"":""93fb08d08267e12bd14cc4f801fe1f3202058f710009764389b6687cc48bdcd3""}",
        32,         0,         0,    1.28,mwpf__d89f38621d3da58e469ab642e8ce9449a2028f501c7ff49729098ec573131f8e,f03c1e4f58ff752135e09f412b8d3bdffa88dde5b6e7fbb034ff1292d22ebde9,"{""circuit"":""surface_code:rotated_memory_x"",""cluster_node_limit"":50,""d"":11,""decoder"":""mwpf"",""decoder_type"":""SolverSerialJointSingleHair"",""p"":0.02,""p_erase"":0.02,""r"":11,""run_id"":""93fb08d08267e12bd14cc4f801fe1f3202058f710009764389b6687cc48bdcd3""}",
        48,         0,         0,    1.68,mwpf__d89f38621d3da58e469ab642e8ce9449a2028f501c7ff49729098ec573131f8e,f03c1e4f58ff752135e09f412b8d3bdffa88dde5b6e7fbb034ff1292d22ebde9,"{""circuit"":""surface_code:rotated_memory_x"",""cluster_node_limit"":50,""d"":11,""decoder"":""mwpf"",""decoder_type"":""SolverSerialJointSingleHair"",""p"":0.02,""p_erase"":0.02,""r"":11,""run_id"":""93fb08d08267e12bd14cc4f801fe1f3202058f710009764389b6687cc48bdcd3""}",
        64,         0,         0,    2.22,mwpf__d89f38621d3da58e469ab642e8ce9449a2028f501c7ff49729098ec573131f8e,f03c1e4f58ff752135e09f412b8d3bdffa88dde5b6e7fbb034ff1292d22ebde9,"{""circuit"":""surface_code:rotated_memory_x"",""cluster_node_limit"":50,""d"":11,""decoder"":""mwpf"",""decoder_type"":""SolverSerialJointSingleHair"",""p"":0.02,""p_erase"":0.02,""r"":11,""run_id"":""93fb08d08267e12bd14cc4f801fe1f3202058f710009764389b6687cc48bdcd3""}",
        96,         0,         0,    3.51,mwpf__d89f38621d3da58e469ab642e8ce9449a2028f501c7ff49729098ec573131f8e,f03c1e4f58ff752135e09f412b8d3bdffa88dde5b6e7fbb034ff1292d22ebde9,"{""circuit"":""surface_code:rotated_memory_x"",""cluster_node_limit"":50,""d"":11,""decoder"":""mwpf"",""decoder_type"":""SolverSerialJointSingleHair"",""p"":0.02,""p_erase"":0.02,""r"":11,""run_id"":""93fb08d08267e12bd14cc4f801fe1f3202058f710009764389b6687cc48bdcd3""}",
         1,         0,         0,   0.840,mwpf__d89f38621d3da58e469ab642e8ce9449a2028f501c7ff49729098ec573131f8e,f03c1e4f58ff752135e09f412b8d3bdffa88dde5b6e7fbb034ff1292d22ebde9,"{""circuit"":""surface_code:rotated_memory_x"",""cluster_node_limit"":50,""d"":11,""decoder"":""mwpf"",""decoder_type"":""SolverSerialJointSingleHair"",""p"":0.02,""p_erase"":0.02,""r"":11,""run_id"":""93fb08d08267e12bd14cc4f801fe1f3202058f710009764389b6687cc48bdcd3""}",
         1,         0,         0,   0.274,mwpf__d89f38621d3da58e469ab642e8ce9449a2028f501c7ff49729098ec573131f8e,f03c1e4f58ff752135e09f412b8d3bdffa88dde5b6e7fbb034ff1292d22ebde9,"{""circuit"":""surface_code:rotated_memory_x"",""cluster_node_limit"":50,""d"":11,""decoder"":""mwpf"",""decoder_type"":""SolverSerialJointSingleHair"",""p"":0.02,""p_erase"":0.02,""r"":11,""run_id"":""93fb08d08267e12bd14cc4f801fe1f3202058f710009764389b6687cc48bdcd3""}",
         2,         0,         0,   0.160,mwpf__d89f38621d3da58e469ab642e8ce9449a2028f501c7ff49729098ec573131f8e,f03c1e4f58ff752135e09f412b8d3bdffa88dde5b6e7fbb034ff1292d22ebde9,"{""circuit"":""surface_code:rotated_memory_x"",""cluster_node_limit"":50,""d"":11,""decoder"":""mwpf"",""decoder_type"":""SolverSerialJointSingleHair"",""p"":0.02,""p_erase"":0.02,""r"":11,""run_id"":""93fb08d08267e12bd14cc4f801fe1f3202058f710009764389b6687cc48bdcd3""}",
         4,         0,         0,   0.129,mwpf__d89f38621d3da58e469ab642e8ce9449a2028f501c7ff49729098ec573131f8e,f03c1e4f58ff752135e09f412b8d3bdffa88dde5b6e7fbb034ff1292d22ebde9,"{""circuit"":""surface_code:rotated_memory_x"",""cluster_node_limit"":50,""d"":11,""decoder"":""mwpf"",""decoder_type"":""SolverSerialJointSingleHair"",""p"":0.02,""p_erase"":0.02,""r"":11,""run_id"":""93fb08d08267e12bd14cc4f801fe1f3202058f710009764389b6687cc48bdcd3""}",
        16,         0,         0,   0.499,mwpf__d89f38621d3da58e469ab642e8ce9449a2028f501c7ff49729098ec573131f8e,f03c1e4f58ff752135e09f412b8d3bdffa88dde5b6e7fbb034ff1292d22ebde9,"{""circuit"":""surface_code:rotated_memory_x"",""cluster_node_limit"":50,""d"":11,""decoder"":""mwpf"",""decoder_type"":""SolverSerialJointSingleHair"",""p"":0.02,""p_erase"":0.02,""r"":11,""run_id"":""93fb08d08267e12bd14cc4f801fe1f3202058f710009764389b6687cc48bdcd3""}",
        16,         0,         0,   0.479,mwpf__d89f38621d3da58e469ab642e8ce9449a2028f501c7ff49729098ec573131f8e,f03c1e4f58ff752135e09f412b8d3bdffa88dde5b6e7fbb034ff1292d22ebde9,"{""circuit"":""surface_code:rotated_memory_x"",""cluster_node_limit"":50,""d"":11,""decoder"":""mwpf"",""decoder_type"":""SolverSerialJointSingleHair"",""p"":0.02,""p_erase"":0.02,""r"":11,""run_id"":""93fb08d08267e12bd14cc4f801fe1f3202058f710009764389b6687cc48bdcd3""}",
        16,         0,         0,   0.514,mwpf__d89f38621d3da58e469ab642e8ce9449a2028f501c7ff49729098ec573131f8e,f03c1e4f58ff752135e09f412b8d3bdffa88dde5b6e7fbb034ff1292d22ebde9,"{""circuit"":""surface_code:rotated_memory_x"",""cluster_node_limit"":50,""d"":11,""decoder"":""mwpf"",""decoder_type"":""SolverSerialJointSingleHair"",""p"":0.02,""p_erase"":0.02,""r"":11,""run_id"":""93fb08d08267e12bd14cc4f801fe1f3202058f710009764389b6687cc48bdcd3""}",
       128,         0,         0,    4.67,mwpf__d89f38621d3da58e469ab642e8ce9449a2028f501c7ff49729098ec573131f8e,f03c1e4f58ff752135e09f412b8d3bdffa88dde5b6e7fbb034ff1292d22ebde9,"{""circuit"":""surface_code:rotated_memory_x"",""cluster_node_limit"":50,""d"":11,""decoder"":""mwpf"",""decoder_type"":""SolverSerialJointSingleHair"",""p"":0.02,""p_erase"":0.02,""r"":11,""run_id"":""93fb08d08267e12bd14cc4f801fe1f3202058f710009764389b6687cc48bdcd3""}",
        16,         0,         0,   0.469,mwpf__d89f38621d3da58e469ab642e8ce9449a2028f501c7ff49729098ec573131f8e,f03c1e4f58ff752135e09f412b8d3bdffa88dde5b6e7fbb034ff1292d22ebde9,"{""circuit"":""surface_code:rotated_memory_x"",""cluster_node_limit"":50,""d"":11,""decoder"":""mwpf"",""decoder_type"":""SolverSerialJointSingleHair"",""p"":0.02,""p_erase"":0.02,""r"":11,""run_id"":""93fb08d08267e12bd14cc4f801fe1f3202058f710009764389b6687cc48bdcd3""}",
        16,         0,         0,   0.503,mwpf__d89f38621d3da58e469ab642e8ce9449a2028f501c7ff49729098ec573131f8e,f03c1e4f58ff752135e09f412b8d3bdffa88dde5b6e7fbb034ff1292d22ebde9,"{""circuit"":""surface_code:rotated_memory_x"",""cluster_node_limit"":50,""d"":11,""decoder"":""mwpf"",""decoder_type"":""SolverSerialJointSingleHair"",""p"":0.02,""p_erase"":0.02,""r"":11,""run_id"":""93fb08d08267e12bd14cc4f801fe1f3202058f710009764389b6687cc48bdcd3""}",
        16,         0,         0,   0.507,mwpf__d89f38621d3da58e469ab642e8ce9449a2028f501c7ff49729098ec573131f8e,f03c1e4f58ff752135e09f412b8d3bdffa88dde5b6e7fbb034ff1292d22ebde9,"{""circuit"":""surface_code:rotated_memory_x"",""cluster_node_limit"":50,""d"":11,""decoder"":""mwpf"",""decoder_type"":""SolverSerialJointSingleHair"",""p"":0.02,""p_erase"":0.02,""r"":11,""run_id"":""93fb08d08267e12bd14cc4f801fe1f3202058f710009764389b6687cc48bdcd3""}",
        16,         0,         0,   0.528,mwpf__d89f38621d3da58e469ab642e8ce9449a2028f501c7ff49729098ec573131f8e,f03c1e4f58ff752135e09f412b8d3bdffa88dde5b6e7fbb034ff1292d22ebde9,"{""circuit"":""surface_code:rotated_memory_x"",""cluster_node_limit"":50,""d"":11,""decoder"":""mwpf"",""decoder_type"":""SolverSerialJointSingleHair"",""p"":0.02,""p_erase"":0.02,""r"":11,""run_id"":""93fb08d08267e12bd14cc4f801fe1f3202058f710009764389b6687cc48bdcd3""}",
         1,         0,         0,    1.71,mwpf__18a55d354a5179fe22b347621ac42d689c676785006a493eda6333b61165ab0a,2606fd9b27f8c06a238f10dfcfca1e8efa1cf00bdb8796dbb946e077f8ce80de,"{""circuit"":""surface_code:rotated_memory_x"",""cluster_node_limit"":50,""d"":11,""decoder"":""mwpf"",""decoder_type"":""SolverSerialJointSingleHair"",""p"":0.03,""p_erase"":0.03,""r"":11,""run_id"":""29e38ae744884c2a2b406b04af05084fd3179601bec0197b08c3eec7c1fecc34""}",
        16,         0,         0,   0.454,mwpf__d89f38621d3da58e469ab642e8ce9449a2028f501c7ff49729098ec573131f8e,f03c1e4f58ff752135e09f412b8d3bdffa88dde5b6e7fbb034ff1292d22ebde9,"{""circuit"":""surface_code:rotated_memory_x"",""cluster_node_limit"":50,""d"":11,""decoder"":""mwpf"",""decoder_type"":""SolverSerialJointSingleHair"",""p"":0.02,""p_erase"":0.02,""r"":11,""run_id"":""93fb08d08267e12bd14cc4f801fe1f3202058f710009764389b6687cc48bdcd3""}",
         1,         0,         0,   0.428,mwpf__18a55d354a5179fe22b347621ac42d689c676785006a493eda6333b61165ab0a,2606fd9b27f8c06a238f10dfcfca1e8efa1cf00bdb8796dbb946e077f8ce80de,"{""circuit"":""surface_code:rotated_memory_x"",""cluster_node_limit"":50,""d"":11,""decoder"":""mwpf"",""decoder_type"":""SolverSerialJointSingleHair"",""p"":0.03,""p_erase"":0.03,""r"":11,""run_id"":""29e38ae744884c2a2b406b04af05084fd3179601bec0197b08c3eec7c1fecc34""}",
         1,         0,         0,   0.287,mwpf__18a55d354a5179fe22b347621ac42d689c676785006a493eda6333b61165ab0a,2606fd9b27f8c06a238f10dfcfca1e8efa1cf00bdb8796dbb946e077f8ce80de,"{""circuit"":""surface_code:rotated_memory_x"",""cluster_node_limit"":50,""d"":11,""decoder"":""mwpf"",""decoder_type"":""SolverSerialJointSingleHair"",""p"":0.03,""p_erase"":0.03,""r"":11,""run_id"":""29e38ae744884c2a2b406b04af05084fd3179601bec0197b08c3eec7c1fecc34""}",
         2,         0,         0,   0.231,mwpf__18a55d354a5179fe22b347621ac42d689c676785006a493eda6333b61165ab0a,2606fd9b27f8c06a238f10dfcfca1e8efa1cf00bdb8796dbb946e077f8ce80de,"{""circuit"":""surface_code:rotated_memory_x"",""cluster_node_limit"":50,""d"":11,""decoder"":""mwpf"",""decoder_type"":""SolverSerialJointSingleHair"",""p"":0.03,""p_erase"":0.03,""r"":11,""run_id"":""29e38ae744884c2a2b406b04af05084fd3179601bec0197b08c3eec7c1fecc34""}",
         1,         0,         0,   0.497,mwpf__90b8a71d84bb4049a216b096b1fad6ec987039a4839b0ef5cac9a79d5207d721,5e43affef138b39f289f7fa23a413baa2a9d7a66b21bfef5b21d806af2aee267,"{""circuit"":""surface_code:rotated_memory_x"",""cluster_node_limit"":50,""d"":11,""decoder"":""mwpf"",""decoder_type"":""SolverSerialJointSingleHair"",""p"":0.01,""p_erase"":0.01,""r"":11,""run_id"":""f2936ce57f818d69f7e1b5c9954ec7387d9a1f53c4355bd88c213e49338e6b5b""}",
        32,         0,         0,    1.04,mwpf__d89f38621d3da58e469ab642e8ce9449a2028f501c7ff49729098ec573131f8e,f03c1e4f58ff752135e09f412b8d3bdffa88dde5b6e7fbb034ff1292d22ebde9,"{""circuit"":""surface_code:rotated_memory_x"",""cluster_node_limit"":50,""d"":11,""decoder"":""mwpf"",""decoder_type"":""SolverSerialJointSingleHair"",""p"":0.02,""p_erase"":0.02,""r"":11,""run_id"":""93fb08d08267e12bd14cc4f801fe1f3202058f710009764389b6687cc48bdcd3""}",
         1,         0,         0,    1.42,mwpf__18a55d354a5179fe22b347621ac42d689c676785006a493eda6333b61165ab0a,2606fd9b27f8c06a238f10dfcfca1e8efa1cf00bdb8796dbb946e077f8ce80de,"{""circuit"":""surface_code:rotated_memory_x"",""cluster_node_limit"":50,""d"":11,""decoder"":""mwpf"",""decoder_type"":""SolverSerialJointSingleHair"",""p"":0.03,""p_erase"":0.03,""r"":11,""run_id"":""29e38ae744884c2a2b406b04af05084fd3179601bec0197b08c3eec7c1fecc34""}",
         1,         0,         0,   0.145,mwpf__90b8a71d84bb4049a216b096b1fad6ec987039a4839b0ef5cac9a79d5207d721,5e43affef138b39f289f7fa23a413baa2a9d7a66b21bfef5b21d806af2aee267,"{""circuit"":""surface_code:rotated_memory_x"",""cluster_node_limit"":50,""d"":11,""decoder"":""mwpf"",""decoder_type"":""SolverSerialJointSingleHair"",""p"":0.01,""p_erase"":0.01,""r"":11,""run_id"":""f2936ce57f818d69f7e1b5c9954ec7387d9a1f53c4355bd88c213e49338e6b5b""}",
         1,         0,         0,   0.253,mwpf__18a55d354a5179fe22b347621ac42d689c676785006a493eda6333b61165ab0a,2606fd9b27f8c06a238f10dfcfca1e8efa1cf00bdb8796dbb946e077f8ce80de,"{""circuit"":""surface_code:rotated_memory_x"",""cluster_node_limit"":50,""d"":11,""decoder"":""mwpf"",""decoder_type"":""SolverSerialJointSingleHair"",""p"":0.03,""p_erase"":0.03,""r"":11,""run_id"":""29e38ae744884c2a2b406b04af05084fd3179601bec0197b08c3eec7c1fecc34""}",
         4,         0,         0,   0.193,mwpf__90b8a71d84bb4049a216b096b1fad6ec987039a4839b0ef5cac9a79d5207d721,5e43affef138b39f289f7fa23a413baa2a9d7a66b21bfef5b21d806af2aee267,"{""circuit"":""surface_code:rotated_memory_x"",""cluster_node_limit"":50,""d"":11,""decoder"":""mwpf"",""decoder_type"":""SolverSerialJointSingleHair"",""p"":0.01,""p_erase"":0.01,""r"":11,""run_id"":""f2936ce57f818d69f7e1b5c9954ec7387d9a1f53c4355bd88c213e49338e6b5b""}",
         4,         0,         0,   0.548,mwpf__18a55d354a5179fe22b347621ac42d689c676785006a493eda6333b61165ab0a,2606fd9b27f8c06a238f10dfcfca1e8efa1cf00bdb8796dbb946e077f8ce80de,"{""circuit"":""surface_code:rotated_memory_x"",""cluster_node_limit"":50,""d"":11,""decoder"":""mwpf"",""decoder_type"":""SolverSerialJointSingleHair"",""p"":0.03,""p_erase"":0.03,""r"":11,""run_id"":""29e38ae744884c2a2b406b04af05084fd3179601bec0197b08c3eec7c1fecc34""}",
         8,         0,         0,   0.297,mwpf__90b8a71d84bb4049a216b096b1fad6ec987039a4839b0ef5cac9a79d5207d721,5e43affef138b39f289f7fa23a413baa2a9d7a66b21bfef5b21d806af2aee267,"{""circuit"":""surface_code:rotated_memory_x"",""cluster_node_limit"":50,""d"":11,""decoder"":""mwpf"",""decoder_type"":""SolverSerialJointSingleHair"",""p"":0.01,""p_erase"":0.01,""r"":11,""run_id"":""f2936ce57f818d69f7e1b5c9954ec7387d9a1f53c4355bd88c213e49338e6b5b""}",
        16,         0,         0,   0.211,mwpf__90b8a71d84bb4049a216b096b1fad6ec987039a4839b0ef5cac9a79d5207d721,5e43affef138b39f289f7fa23a413baa2a9d7a66b21bfef5b21d806af2aee267,"{""circuit"":""surface_code:rotated_memory_x"",""cluster_node_limit"":50,""d"":11,""decoder"":""mwpf"",""decoder_type"":""SolverSerialJointSingleHair"",""p"":0.01,""p_erase"":0.01,""r"":11,""run_id"":""f2936ce57f818d69f7e1b5c9954ec7387d9a1f53c4355bd88c213e49338e6b5b""}",
         1,         0,         0,    1.74,mwpf__18a55d354a5179fe22b347621ac42d689c676785006a493eda6333b61165ab0a,2606fd9b27f8c06a238f10dfcfca1e8efa1cf00bdb8796dbb946e077f8ce80de,"{""circuit"":""surface_code:rotated_memory_x"",""cluster_node_limit"":50,""d"":11,""decoder"":""mwpf"",""decoder_type"":""SolverSerialJointSingleHair"",""p"":0.03,""p_erase"":0.03,""r"":11,""run_id"":""29e38ae744884c2a2b406b04af05084fd3179601bec0197b08c3eec7c1fecc34""}",
         4,         0,         0,   0.494,mwpf__18a55d354a5179fe22b347621ac42d689c676785006a493eda6333b61165ab0a,2606fd9b27f8c06a238f10dfcfca1e8efa1cf00bdb8796dbb946e077f8ce80de,"{""circuit"":""surface_code:rotated_memory_x"",""cluster_node_limit"":50,""d"":11,""decoder"":""mwpf"",""decoder_type"":""SolverSerialJointSingleHair"",""p"":0.03,""p_erase"":0.03,""r"":11,""run_id"":""29e38ae744884c2a2b406b04af05084fd3179601bec0197b08c3eec7c1fecc34""}",
        32,         0,         0,    1.06,mwpf__d89f38621d3da58e469ab642e8ce9449a2028f501c7ff49729098ec573131f8e,f03c1e4f58ff752135e09f412b8d3bdffa88dde5b6e7fbb034ff1292d22ebde9,"{""circuit"":""surface_code:rotated_memory_x"",""cluster_node_limit"":50,""d"":11,""decoder"":""mwpf"",""decoder_type"":""SolverSerialJointSingleHair"",""p"":0.02,""p_erase"":0.02,""r"":11,""run_id"":""93fb08d08267e12bd14cc4f801fe1f3202058f710009764389b6687cc48bdcd3""}",
         1,         0,         0,   0.296,mwpf__18a55d354a5179fe22b347621ac42d689c676785006a493eda6333b61165ab0a,2606fd9b27f8c06a238f10dfcfca1e8efa1cf00bdb8796dbb946e077f8ce80de,"{""circuit"":""surface_code:rotated_memory_x"",""cluster_node_limit"":50,""d"":11,""decoder"":""mwpf"",""decoder_type"":""SolverSerialJointSingleHair"",""p"":0.03,""p_erase"":0.03,""r"":11,""run_id"":""29e38ae744884c2a2b406b04af05084fd3179601bec0197b08c3eec7c1fecc34""}",
        32,         0,         0,   0.397,mwpf__90b8a71d84bb4049a216b096b1fad6ec987039a4839b0ef5cac9a79d5207d721,5e43affef138b39f289f7fa23a413baa2a9d7a66b21bfef5b21d806af2aee267,"{""circuit"":""surface_code:rotated_memory_x"",""cluster_node_limit"":50,""d"":11,""decoder"":""mwpf"",""decoder_type"":""SolverSerialJointSingleHair"",""p"":0.01,""p_erase"":0.01,""r"":11,""run_id"":""f2936ce57f818d69f7e1b5c9954ec7387d9a1f53c4355bd88c213e49338e6b5b""}",
         2,         0,         0,    1.05,mwpf__18a55d354a5179fe22b347621ac42d689c676785006a493eda6333b61165ab0a,2606fd9b27f8c06a238f10dfcfca1e8efa1cf00bdb8796dbb946e077f8ce80de,"{""circuit"":""surface_code:rotated_memory_x"",""cluster_node_limit"":50,""d"":11,""decoder"":""mwpf"",""decoder_type"":""SolverSerialJointSingleHair"",""p"":0.03,""p_erase"":0.03,""r"":11,""run_id"":""29e38ae744884c2a2b406b04af05084fd3179601bec0197b08c3eec7c1fecc34""}",
         1,         0,         0,    1.50,mwpf__18a55d354a5179fe22b347621ac42d689c676785006a493eda6333b61165ab0a,2606fd9b27f8c06a238f10dfcfca1e8efa1cf00bdb8796dbb946e077f8ce80de,"{""circuit"":""surface_code:rotated_memory_x"",""cluster_node_limit"":50,""d"":11,""decoder"":""mwpf"",""decoder_type"":""SolverSerialJointSingleHair"",""p"":0.03,""p_erase"":0.03,""r"":11,""run_id"":""29e38ae744884c2a2b406b04af05084fd3179601bec0197b08c3eec7c1fecc34""}",
         2,         0,         0,   0.249,mwpf__18a55d354a5179fe22b347621ac42d689c676785006a493eda6333b61165ab0a,2606fd9b27f8c06a238f10dfcfca1e8efa1cf00bdb8796dbb946e077f8ce80de,"{""circuit"":""surface_code:rotated_memory_x"",""cluster_node_limit"":50,""d"":11,""decoder"":""mwpf"",""decoder_type"":""SolverSerialJointSingleHair"",""p"":0.03,""p_erase"":0.03,""r"":11,""run_id"":""29e38ae744884c2a2b406b04af05084fd3179601bec0197b08c3eec7c1fecc34""}",
         4,         0,         0,   0.603,mwpf__18a55d354a5179fe22b347621ac42d689c676785006a493eda6333b61165ab0a,2606fd9b27f8c06a238f10dfcfca1e8efa1cf00bdb8796dbb946e077f8ce80de,"{""circuit"":""surface_code:rotated_memory_x"",""cluster_node_limit"":50,""d"":11,""decoder"":""mwpf"",""decoder_type"":""SolverSerialJointSingleHair"",""p"":0.03,""p_erase"":0.03,""r"":11,""run_id"":""29e38ae744884c2a2b406b04af05084fd3179601bec0197b08c3eec7c1fecc34""}",
         2,         0,         0,   0.244,mwpf__18a55d354a5179fe22b347621ac42d689c676785006a493eda6333b61165ab0a,2606fd9b27f8c06a238f10dfcfca1e8efa1cf00bdb8796dbb946e077f8ce80de,"{""circuit"":""surface_code:rotated_memory_x"",""cluster_node_limit"":50,""d"":11,""decoder"":""mwpf"",""decoder_type"":""SolverSerialJointSingleHair"",""p"":0.03,""p_erase"":0.03,""r"":11,""run_id"":""29e38ae744884c2a2b406b04af05084fd3179601bec0197b08c3eec7c1fecc34""}",
         1,         1,         0,   0.262,mwpf__18a55d354a5179fe22b347621ac42d689c676785006a493eda6333b61165ab0a,2606fd9b27f8c06a238f10dfcfca1e8efa1cf00bdb8796dbb946e077f8ce80de,"{""circuit"":""surface_code:rotated_memory_x"",""cluster_node_limit"":50,""d"":11,""decoder"":""mwpf"",""decoder_type"":""SolverSerialJointSingleHair"",""p"":0.03,""p_erase"":0.03,""r"":11,""run_id"":""29e38ae744884c2a2b406b04af05084fd3179601bec0197b08c3eec7c1fecc34""}",
        32,         0,         0,   0.436,mwpf__90b8a71d84bb4049a216b096b1fad6ec987039a4839b0ef5cac9a79d5207d721,5e43affef138b39f289f7fa23a413baa2a9d7a66b21bfef5b21d806af2aee267,"{""circuit"":""surface_code:rotated_memory_x"",""cluster_node_limit"":50,""d"":11,""decoder"":""mwpf"",""decoder_type"":""SolverSerialJointSingleHair"",""p"":0.01,""p_erase"":0.01,""r"":11,""run_id"":""f2936ce57f818d69f7e1b5c9954ec7387d9a1f53c4355bd88c213e49338e6b5b""}",
         2,         0,         0,   0.263,mwpf__18a55d354a5179fe22b347621ac42d689c676785006a493eda6333b61165ab0a,2606fd9b27f8c06a238f10dfcfca1e8efa1cf00bdb8796dbb946e077f8ce80de,"{""circuit"":""surface_code:rotated_memory_x"",""cluster_node_limit"":50,""d"":11,""decoder"":""mwpf"",""decoder_type"":""SolverSerialJointSingleHair"",""p"":0.03,""p_erase"":0.03,""r"":11,""run_id"":""29e38ae744884c2a2b406b04af05084fd3179601bec0197b08c3eec7c1fecc34""}",
         4,         1,         0,   0.524,mwpf__18a55d354a5179fe22b347621ac42d689c676785006a493eda6333b61165ab0a,2606fd9b27f8c06a238f10dfcfca1e8efa1cf00bdb8796dbb946e077f8ce80de,"{""circuit"":""surface_code:rotated_memory_x"",""cluster_node_limit"":50,""d"":11,""decoder"":""mwpf"",""decoder_type"":""SolverSerialJointSingleHair"",""p"":0.03,""p_erase"":0.03,""r"":11,""run_id"":""29e38ae744884c2a2b406b04af05084fd3179601bec0197b08c3eec7c1fecc34""}",
         4,         0,         0,   0.620,mwpf__18a55d354a5179fe22b347621ac42d689c676785006a493eda6333b61165ab0a,2606fd9b27f8c06a238f10dfcfca1e8efa1cf00bdb8796dbb946e077f8ce80de,"{""circuit"":""surface_code:rotated_memory_x"",""cluster_node_limit"":50,""d"":11,""decoder"":""mwpf"",""decoder_type"":""SolverSerialJointSingleHair"",""p"":0.03,""p_erase"":0.03,""r"":11,""run_id"":""29e38ae744884c2a2b406b04af05084fd3179601bec0197b08c3eec7c1fecc34""}",
        32,         0,         0,   0.442,mwpf__90b8a71d84bb4049a216b096b1fad6ec987039a4839b0ef5cac9a79d5207d721,5e43affef138b39f289f7fa23a413baa2a9d7a66b21bfef5b21d806af2aee267,"{""circuit"":""surface_code:rotated_memory_x"",""cluster_node_limit"":50,""d"":11,""decoder"":""mwpf"",""decoder_type"":""SolverSerialJointSingleHair"",""p"":0.01,""p_erase"":0.01,""r"":11,""run_id"":""f2936ce57f818d69f7e1b5c9954ec7387d9a1f53c4355bd88c213e49338e6b5b""}",
         4,         0,         0,   0.579,mwpf__18a55d354a5179fe22b347621ac42d689c676785006a493eda6333b61165ab0a,2606fd9b27f8c06a238f10dfcfca1e8efa1cf00bdb8796dbb946e077f8ce80de,"{""circuit"":""surface_code:rotated_memory_x"",""cluster_node_limit"":50,""d"":11,""decoder"":""mwpf"",""decoder_type"":""SolverSerialJointSingleHair"",""p"":0.03,""p_erase"":0.03,""r"":11,""run_id"":""29e38ae744884c2a2b406b04af05084fd3179601bec0197b08c3eec7c1fecc34""}",
         4,         0,         0,   0.525,mwpf__18a55d354a5179fe22b347621ac42d689c676785006a493eda6333b61165ab0a,2606fd9b27f8c06a238f10dfcfca1e8efa1cf00bdb8796dbb946e077f8ce80de,"{""circuit"":""surface_code:rotated_memory_x"",""cluster_node_limit"":50,""d"":11,""decoder"":""mwpf"",""decoder_type"":""SolverSerialJointSingleHair"",""p"":0.03,""p_erase"":0.03,""r"":11,""run_id"":""29e38ae744884c2a2b406b04af05084fd3179601bec0197b08c3eec7c1fecc34""}",
        32,         0,         0,    1.46,mwpf__d89f38621d3da58e469ab642e8ce9449a2028f501c7ff49729098ec573131f8e,f03c1e4f58ff752135e09f412b8d3bdffa88dde5b6e7fbb034ff1292d22ebde9,"{""circuit"":""surface_code:rotated_memory_x"",""cluster_node_limit"":50,""d"":11,""decoder"":""mwpf"",""decoder_type"":""SolverSerialJointSingleHair"",""p"":0.02,""p_erase"":0.02,""r"":11,""run_id"":""93fb08d08267e12bd14cc4f801fe1f3202058f710009764389b6687cc48bdcd3""}",
        32,         0,         0,   0.426,mwpf__90b8a71d84bb4049a216b096b1fad6ec987039a4839b0ef5cac9a79d5207d721,5e43affef138b39f289f7fa23a413baa2a9d7a66b21bfef5b21d806af2aee267,"{""circuit"":""surface_code:rotated_memory_x"",""cluster_node_limit"":50,""d"":11,""decoder"":""mwpf"",""decoder_type"":""SolverSerialJointSingleHair"",""p"":0.01,""p_erase"":0.01,""r"":11,""run_id"":""f2936ce57f818d69f7e1b5c9954ec7387d9a1f53c4355bd88c213e49338e6b5b""}",
         4,         0,         0,   0.618,mwpf__18a55d354a5179fe22b347621ac42d689c676785006a493eda6333b61165ab0a,2606fd9b27f8c06a238f10dfcfca1e8efa1cf00bdb8796dbb946e077f8ce80de,"{""circuit"":""surface_code:rotated_memory_x"",""cluster_node_limit"":50,""d"":11,""decoder"":""mwpf"",""decoder_type"":""SolverSerialJointSingleHair"",""p"":0.03,""p_erase"":0.03,""r"":11,""run_id"":""29e38ae744884c2a2b406b04af05084fd3179601bec0197b08c3eec7c1fecc34""}",
         4,         1,         0,   0.507,mwpf__18a55d354a5179fe22b347621ac42d689c676785006a493eda6333b61165ab0a,2606fd9b27f8c06a238f10dfcfca1e8efa1cf00bdb8796dbb946e077f8ce80de,"{""circuit"":""surface_code:rotated_memory_x"",""cluster_node_limit"":50,""d"":11,""decoder"":""mwpf"",""decoder_type"":""SolverSerialJointSingleHair"",""p"":0.03,""p_erase"":0.03,""r"":11,""run_id"":""29e38ae744884c2a2b406b04af05084fd3179601bec0197b08c3eec7c1fecc34""}",
         4,         0,         0,   0.527,mwpf__18a55d354a5179fe22b347621ac42d689c676785006a493eda6333b61165ab0a,2606fd9b27f8c06a238f10dfcfca1e8efa1cf00bdb8796dbb946e077f8ce80de,"{""circuit"":""surface_code:rotated_memory_x"",""cluster_node_limit"":50,""d"":11,""decoder"":""mwpf"",""decoder_type"":""SolverSerialJointSingleHair"",""p"":0.03,""p_erase"":0.03,""r"":11,""run_id"":""29e38ae744884c2a2b406b04af05084fd3179601bec0197b08c3eec7c1fecc34""}",
       176,         0,         0,    6.34,mwpf__d89f38621d3da58e469ab642e8ce9449a2028f501c7ff49729098ec573131f8e,f03c1e4f58ff752135e09f412b8d3bdffa88dde5b6e7fbb034ff1292d22ebde9,"{""circuit"":""surface_code:rotated_memory_x"",""cluster_node_limit"":50,""d"":11,""decoder"":""mwpf"",""decoder_type"":""SolverSerialJointSingleHair"",""p"":0.02,""p_erase"":0.02,""r"":11,""run_id"":""93fb08d08267e12bd14cc4f801fe1f3202058f710009764389b6687cc48bdcd3""}",
        32,         0,         0,   0.432,mwpf__90b8a71d84bb4049a216b096b1fad6ec987039a4839b0ef5cac9a79d5207d721,5e43affef138b39f289f7fa23a413baa2a9d7a66b21bfef5b21d806af2aee267,"{""circuit"":""surface_code:rotated_memory_x"",""cluster_node_limit"":50,""d"":11,""decoder"":""mwpf"",""decoder_type"":""SolverSerialJointSingleHair"",""p"":0.01,""p_erase"":0.01,""r"":11,""run_id"":""f2936ce57f818d69f7e1b5c9954ec7387d9a1f53c4355bd88c213e49338e6b5b""}",
         4,         1,         0,   0.627,mwpf__18a55d354a5179fe22b347621ac42d689c676785006a493eda6333b61165ab0a,2606fd9b27f8c06a238f10dfcfca1e8efa1cf00bdb8796dbb946e077f8ce80de,"{""circuit"":""surface_code:rotated_memory_x"",""cluster_node_limit"":50,""d"":11,""decoder"":""mwpf"",""decoder_type"":""SolverSerialJointSingleHair"",""p"":0.03,""p_erase"":0.03,""r"":11,""run_id"":""29e38ae744884c2a2b406b04af05084fd3179601bec0197b08c3eec7c1fecc34""}",
         4,         1,         0,   0.589,mwpf__18a55d354a5179fe22b347621ac42d689c676785006a493eda6333b61165ab0a,2606fd9b27f8c06a238f10dfcfca1e8efa1cf00bdb8796dbb946e077f8ce80de,"{""circuit"":""surface_code:rotated_memory_x"",""cluster_node_limit"":50,""d"":11,""decoder"":""mwpf"",""decoder_type"":""SolverSerialJointSingleHair"",""p"":0.03,""p_erase"":0.03,""r"":11,""run_id"":""29e38ae744884c2a2b406b04af05084fd3179601bec0197b08c3eec7c1fecc34""}",
         4,         0,         0,   0.642,mwpf__18a55d354a5179fe22b347621ac42d689c676785006a493eda6333b61165ab0a,2606fd9b27f8c06a238f10dfcfca1e8efa1cf00bdb8796dbb946e077f8ce80de,"{""circuit"":""surface_code:rotated_memory_x"",""cluster_node_limit"":50,""d"":11,""decoder"":""mwpf"",""decoder_type"":""SolverSerialJointSingleHair"",""p"":0.03,""p_erase"":0.03,""r"":11,""run_id"":""29e38ae744884c2a2b406b04af05084fd3179601bec0197b08c3eec7c1fecc34""}",
         4,         0,         0,   0.631,mwpf__18a55d354a5179fe22b347621ac42d689c676785006a493eda6333b61165ab0a,2606fd9b27f8c06a238f10dfcfca1e8efa1cf00bdb8796dbb946e077f8ce80de,"{""circuit"":""surface_code:rotated_memory_x"",""cluster_node_limit"":50,""d"":11,""decoder"":""mwpf"",""decoder_type"":""SolverSerialJointSingleHair"",""p"":0.03,""p_erase"":0.03,""r"":11,""run_id"":""29e38ae744884c2a2b406b04af05084fd3179601bec0197b08c3eec7c1fecc34""}",
        32,         0,         0,   0.409,mwpf__90b8a71d84bb4049a216b096b1fad6ec987039a4839b0ef5cac9a79d5207d721,5e43affef138b39f289f7fa23a413baa2a9d7a66b21bfef5b21d806af2aee267,"{""circuit"":""surface_code:rotated_memory_x"",""cluster_node_limit"":50,""d"":11,""decoder"":""mwpf"",""decoder_type"":""SolverSerialJointSingleHair"",""p"":0.01,""p_erase"":0.01,""r"":11,""run_id"":""f2936ce57f818d69f7e1b5c9954ec7387d9a1f53c4355bd88c213e49338e6b5b""}",
         4,         0,         0,   0.472,mwpf__18a55d354a5179fe22b347621ac42d689c676785006a493eda6333b61165ab0a,2606fd9b27f8c06a238f10dfcfca1e8efa1cf00bdb8796dbb946e077f8ce80de,"{""circuit"":""surface_code:rotated_memory_x"",""cluster_node_limit"":50,""d"":11,""decoder"":""mwpf"",""decoder_type"":""SolverSerialJointSingleHair"",""p"":0.03,""p_erase"":0.03,""r"":11,""run_id"":""29e38ae744884c2a2b406b04af05084fd3179601bec0197b08c3eec7c1fecc34""}",
         4,         0,         0,   0.560,mwpf__18a55d354a5179fe22b347621ac42d689c676785006a493eda6333b61165ab0a,2606fd9b27f8c06a238f10dfcfca1e8efa1cf00bdb8796dbb946e077f8ce80de,"{""circuit"":""surface_code:rotated_memory_x"",""cluster_node_limit"":50,""d"":11,""decoder"":""mwpf"",""decoder_type"":""SolverSerialJointSingleHair"",""p"":0.03,""p_erase"":0.03,""r"":11,""run_id"":""29e38ae744884c2a2b406b04af05084fd3179601bec0197b08c3eec7c1fecc34""}",
         4,         0,         0,   0.632,mwpf__18a55d354a5179fe22b347621ac42d689c676785006a493eda6333b61165ab0a,2606fd9b27f8c06a238f10dfcfca1e8efa1cf00bdb8796dbb946e077f8ce80de,"{""circuit"":""surface_code:rotated_memory_x"",""cluster_node_limit"":50,""d"":11,""decoder"":""mwpf"",""decoder_type"":""SolverSerialJointSingleHair"",""p"":0.03,""p_erase"":0.03,""r"":11,""run_id"":""29e38ae744884c2a2b406b04af05084fd3179601bec0197b08c3eec7c1fecc34""}",
         4,         2,         0,   0.657,mwpf__18a55d354a5179fe22b347621ac42d689c676785006a493eda6333b61165ab0a,2606fd9b27f8c06a238f10dfcfca1e8efa1cf00bdb8796dbb946e077f8ce80de,"{""circuit"":""surface_code:rotated_memory_x"",""cluster_node_limit"":50,""d"":11,""decoder"":""mwpf"",""decoder_type"":""SolverSerialJointSingleHair"",""p"":0.03,""p_erase"":0.03,""r"":11,""run_id"":""29e38ae744884c2a2b406b04af05084fd3179601bec0197b08c3eec7c1fecc34""}",
         4,         0,         0,   0.606,mwpf__18a55d354a5179fe22b347621ac42d689c676785006a493eda6333b61165ab0a,2606fd9b27f8c06a238f10dfcfca1e8efa1cf00bdb8796dbb946e077f8ce80de,"{""circuit"":""surface_code:rotated_memory_x"",""cluster_node_limit"":50,""d"":11,""decoder"":""mwpf"",""decoder_type"":""SolverSerialJointSingleHair"",""p"":0.03,""p_erase"":0.03,""r"":11,""run_id"":""29e38ae744884c2a2b406b04af05084fd3179601bec0197b08c3eec7c1fecc34""}",
        64,         0,         0,   0.777,mwpf__90b8a71d84bb4049a216b096b1fad6ec987039a4839b0ef5cac9a79d5207d721,5e43affef138b39f289f7fa23a413baa2a9d7a66b21bfef5b21d806af2aee267,"{""circuit"":""surface_code:rotated_memory_x"",""cluster_node_limit"":50,""d"":11,""decoder"":""mwpf"",""decoder_type"":""SolverSerialJointSingleHair"",""p"":0.01,""p_erase"":0.01,""r"":11,""run_id"":""f2936ce57f818d69f7e1b5c9954ec7387d9a1f53c4355bd88c213e49338e6b5b""}",
         4,         0,         0,   0.660,mwpf__18a55d354a5179fe22b347621ac42d689c676785006a493eda6333b61165ab0a,2606fd9b27f8c06a238f10dfcfca1e8efa1cf00bdb8796dbb946e077f8ce80de,"{""circuit"":""surface_code:rotated_memory_x"",""cluster_node_limit"":50,""d"":11,""decoder"":""mwpf"",""decoder_type"":""SolverSerialJointSingleHair"",""p"":0.03,""p_erase"":0.03,""r"":11,""run_id"":""29e38ae744884c2a2b406b04af05084fd3179601bec0197b08c3eec7c1fecc34""}",
         4,         1,         0,   0.560,mwpf__18a55d354a5179fe22b347621ac42d689c676785006a493eda6333b61165ab0a,2606fd9b27f8c06a238f10dfcfca1e8efa1cf00bdb8796dbb946e077f8ce80de,"{""circuit"":""surface_code:rotated_memory_x"",""cluster_node_limit"":50,""d"":11,""decoder"":""mwpf"",""decoder_type"":""SolverSerialJointSingleHair"",""p"":0.03,""p_erase"":0.03,""r"":11,""run_id"":""29e38ae744884c2a2b406b04af05084fd3179601bec0197b08c3eec7c1fecc34""}",
        48,         0,         0,    1.97,mwpf__d89f38621d3da58e469ab642e8ce9449a2028f501c7ff49729098ec573131f8e,f03c1e4f58ff752135e09f412b8d3bdffa88dde5b6e7fbb034ff1292d22ebde9,"{""circuit"":""surface_code:rotated_memory_x"",""cluster_node_limit"":50,""d"":11,""decoder"":""mwpf"",""decoder_type"":""SolverSerialJointSingleHair"",""p"":0.02,""p_erase"":0.02,""r"":11,""run_id"":""93fb08d08267e12bd14cc4f801fe1f3202058f710009764389b6687cc48bdcd3""}",
         4,         2,         0,   0.641,mwpf__18a55d354a5179fe22b347621ac42d689c676785006a493eda6333b61165ab0a,2606fd9b27f8c06a238f10dfcfca1e8efa1cf00bdb8796dbb946e077f8ce80de,"{""circuit"":""surface_code:rotated_memory_x"",""cluster_node_limit"":50,""d"":11,""decoder"":""mwpf"",""decoder_type"":""SolverSerialJointSingleHair"",""p"":0.03,""p_erase"":0.03,""r"":11,""run_id"":""29e38ae744884c2a2b406b04af05084fd3179601bec0197b08c3eec7c1fecc34""}",
         4,         0,         0,   0.525,mwpf__18a55d354a5179fe22b347621ac42d689c676785006a493eda6333b61165ab0a,2606fd9b27f8c06a238f10dfcfca1e8efa1cf00bdb8796dbb946e077f8ce80de,"{""circuit"":""surface_code:rotated_memory_x"",""cluster_node_limit"":50,""d"":11,""decoder"":""mwpf"",""decoder_type"":""SolverSerialJointSingleHair"",""p"":0.03,""p_erase"":0.03,""r"":11,""run_id"":""29e38ae744884c2a2b406b04af05084fd3179601bec0197b08c3eec7c1fecc34""}",
         4,         0,         0,   0.542,mwpf__18a55d354a5179fe22b347621ac42d689c676785006a493eda6333b61165ab0a,2606fd9b27f8c06a238f10dfcfca1e8efa1cf00bdb8796dbb946e077f8ce80de,"{""circuit"":""surface_code:rotated_memory_x"",""cluster_node_limit"":50,""d"":11,""decoder"":""mwpf"",""decoder_type"":""SolverSerialJointSingleHair"",""p"":0.03,""p_erase"":0.03,""r"":11,""run_id"":""29e38ae744884c2a2b406b04af05084fd3179601bec0197b08c3eec7c1fecc34""}",
        64,         0,         0,   0.795,mwpf__90b8a71d84bb4049a216b096b1fad6ec987039a4839b0ef5cac9a79d5207d721,5e43affef138b39f289f7fa23a413baa2a9d7a66b21bfef5b21d806af2aee267,"{""circuit"":""surface_code:rotated_memory_x"",""cluster_node_limit"":50,""d"":11,""decoder"":""mwpf"",""decoder_type"":""SolverSerialJointSingleHair"",""p"":0.01,""p_erase"":0.01,""r"":11,""run_id"":""f2936ce57f818d69f7e1b5c9954ec7387d9a1f53c4355bd88c213e49338e6b5b""}",
         4,         1,         0,   0.492,mwpf__18a55d354a5179fe22b347621ac42d689c676785006a493eda6333b61165ab0a,2606fd9b27f8c06a238f10dfcfca1e8efa1cf00bdb8796dbb946e077f8ce80de,"{""circuit"":""surface_code:rotated_memory_x"",""cluster_node_limit"":50,""d"":11,""decoder"":""mwpf"",""decoder_type"":""SolverSerialJointSingleHair"",""p"":0.03,""p_erase"":0.03,""r"":11,""run_id"":""29e38ae744884c2a2b406b04af05084fd3179601bec0197b08c3eec7c1fecc34""}",
         4,         1,         0,   0.529,mwpf__18a55d354a5179fe22b347621ac42d689c676785006a493eda6333b61165ab0a,2606fd9b27f8c06a238f10dfcfca1e8efa1cf00bdb8796dbb946e077f8ce80de,"{""circuit"":""surface_code:rotated_memory_x"",""cluster_node_limit"":50,""d"":11,""decoder"":""mwpf"",""decoder_type"":""SolverSerialJointSingleHair"",""p"":0.03,""p_erase"":0.03,""r"":11,""run_id"":""29e38ae744884c2a2b406b04af05084fd3179601bec0197b08c3eec7c1fecc34""}",
         8,         2,         0,   0.950,mwpf__18a55d354a5179fe22b347621ac42d689c676785006a493eda6333b61165ab0a,2606fd9b27f8c06a238f10dfcfca1e8efa1cf00bdb8796dbb946e077f8ce80de,"{""circuit"":""surface_code:rotated_memory_x"",""cluster_node_limit"":50,""d"":11,""decoder"":""mwpf"",""decoder_type"":""SolverSerialJointSingleHair"",""p"":0.03,""p_erase"":0.03,""r"":11,""run_id"":""29e38ae744884c2a2b406b04af05084fd3179601bec0197b08c3eec7c1fecc34""}",
         4,         1,         0,   0.578,mwpf__18a55d354a5179fe22b347621ac42d689c676785006a493eda6333b61165ab0a,2606fd9b27f8c06a238f10dfcfca1e8efa1cf00bdb8796dbb946e077f8ce80de,"{""circuit"":""surface_code:rotated_memory_x"",""cluster_node_limit"":50,""d"":11,""decoder"":""mwpf"",""decoder_type"":""SolverSerialJointSingleHair"",""p"":0.03,""p_erase"":0.03,""r"":11,""run_id"":""29e38ae744884c2a2b406b04af05084fd3179601bec0197b08c3eec7c1fecc34""}",
         4,         0,         0,   0.567,mwpf__18a55d354a5179fe22b347621ac42d689c676785006a493eda6333b61165ab0a,2606fd9b27f8c06a238f10dfcfca1e8efa1cf00bdb8796dbb946e077f8ce80de,"{""circuit"":""surface_code:rotated_memory_x"",""cluster_node_limit"":50,""d"":11,""decoder"":""mwpf"",""decoder_type"":""SolverSerialJointSingleHair"",""p"":0.03,""p_erase"":0.03,""r"":11,""run_id"":""29e38ae744884c2a2b406b04af05084fd3179601bec0197b08c3eec7c1fecc34""}",
         4,         2,         0,   0.752,mwpf__18a55d354a5179fe22b347621ac42d689c676785006a493eda6333b61165ab0a,2606fd9b27f8c06a238f10dfcfca1e8efa1cf00bdb8796dbb946e077f8ce80de,"{""circuit"":""surface_code:rotated_memory_x"",""cluster_node_limit"":50,""d"":11,""decoder"":""mwpf"",""decoder_type"":""SolverSerialJointSingleHair"",""p"":0.03,""p_erase"":0.03,""r"":11,""run_id"":""29e38ae744884c2a2b406b04af05084fd3179601bec0197b08c3eec7c1fecc34""}",
         4,         0,         0,   0.656,mwpf__18a55d354a5179fe22b347621ac42d689c676785006a493eda6333b61165ab0a,2606fd9b27f8c06a238f10dfcfca1e8efa1cf00bdb8796dbb946e077f8ce80de,"{""circuit"":""surface_code:rotated_memory_x"",""cluster_node_limit"":50,""d"":11,""decoder"":""mwpf"",""decoder_type"":""SolverSerialJointSingleHair"",""p"":0.03,""p_erase"":0.03,""r"":11,""run_id"":""29e38ae744884c2a2b406b04af05084fd3179601bec0197b08c3eec7c1fecc34""}",
        96,         0,         0,    1.19,mwpf__90b8a71d84bb4049a216b096b1fad6ec987039a4839b0ef5cac9a79d5207d721,5e43affef138b39f289f7fa23a413baa2a9d7a66b21bfef5b21d806af2aee267,"{""circuit"":""surface_code:rotated_memory_x"",""cluster_node_limit"":50,""d"":11,""decoder"":""mwpf"",""decoder_type"":""SolverSerialJointSingleHair"",""p"":0.01,""p_erase"":0.01,""r"":11,""run_id"":""f2936ce57f818d69f7e1b5c9954ec7387d9a1f53c4355bd88c213e49338e6b5b""}",
         4,         0,         0,   0.572,mwpf__18a55d354a5179fe22b347621ac42d689c676785006a493eda6333b61165ab0a,2606fd9b27f8c06a238f10dfcfca1e8efa1cf00bdb8796dbb946e077f8ce80de,"{""circuit"":""surface_code:rotated_memory_x"",""cluster_node_limit"":50,""d"":11,""decoder"":""mwpf"",""decoder_type"":""SolverSerialJointSingleHair"",""p"":0.03,""p_erase"":0.03,""r"":11,""run_id"":""29e38ae744884c2a2b406b04af05084fd3179601bec0197b08c3eec7c1fecc34""}",
         8,         0,         0,   0.985,mwpf__18a55d354a5179fe22b347621ac42d689c676785006a493eda6333b61165ab0a,2606fd9b27f8c06a238f10dfcfca1e8efa1cf00bdb8796dbb946e077f8ce80de,"{""circuit"":""surface_code:rotated_memory_x"",""cluster_node_limit"":50,""d"":11,""decoder"":""mwpf"",""decoder_type"":""SolverSerialJointSingleHair"",""p"":0.03,""p_erase"":0.03,""r"":11,""run_id"":""29e38ae744884c2a2b406b04af05084fd3179601bec0197b08c3eec7c1fecc34""}",
         4,         0,         0,   0.544,mwpf__18a55d354a5179fe22b347621ac42d689c676785006a493eda6333b61165ab0a,2606fd9b27f8c06a238f10dfcfca1e8efa1cf00bdb8796dbb946e077f8ce80de,"{""circuit"":""surface_code:rotated_memory_x"",""cluster_node_limit"":50,""d"":11,""decoder"":""mwpf"",""decoder_type"":""SolverSerialJointSingleHair"",""p"":0.03,""p_erase"":0.03,""r"":11,""run_id"":""29e38ae744884c2a2b406b04af05084fd3179601bec0197b08c3eec7c1fecc34""}",
         1,         0,         0,   0.395,mwpf__90b8a71d84bb4049a216b096b1fad6ec987039a4839b0ef5cac9a79d5207d721,5e43affef138b39f289f7fa23a413baa2a9d7a66b21bfef5b21d806af2aee267,"{""circuit"":""surface_code:rotated_memory_x"",""cluster_node_limit"":50,""d"":11,""decoder"":""mwpf"",""decoder_type"":""SolverSerialJointSingleHair"",""p"":0.01,""p_erase"":0.01,""r"":11,""run_id"":""f2936ce57f818d69f7e1b5c9954ec7387d9a1f53c4355bd88c213e49338e6b5b""}",
         4,         0,         0,   0.484,mwpf__18a55d354a5179fe22b347621ac42d689c676785006a493eda6333b61165ab0a,2606fd9b27f8c06a238f10dfcfca1e8efa1cf00bdb8796dbb946e077f8ce80de,"{""circuit"":""surface_code:rotated_memory_x"",""cluster_node_limit"":50,""d"":11,""decoder"":""mwpf"",""decoder_type"":""SolverSerialJointSingleHair"",""p"":0.03,""p_erase"":0.03,""r"":11,""run_id"":""29e38ae744884c2a2b406b04af05084fd3179601bec0197b08c3eec7c1fecc34""}",
         1,         0,         0,   0.088,mwpf__90b8a71d84bb4049a216b096b1fad6ec987039a4839b0ef5cac9a79d5207d721,5e43affef138b39f289f7fa23a413baa2a9d7a66b21bfef5b21d806af2aee267,"{""circuit"":""surface_code:rotated_memory_x"",""cluster_node_limit"":50,""d"":11,""decoder"":""mwpf"",""decoder_type"":""SolverSerialJointSingleHair"",""p"":0.01,""p_erase"":0.01,""r"":11,""run_id"":""f2936ce57f818d69f7e1b5c9954ec7387d9a1f53c4355bd88c213e49338e6b5b""}",
         4,         3,         0,   0.729,mwpf__18a55d354a5179fe22b347621ac42d689c676785006a493eda6333b61165ab0a,2606fd9b27f8c06a238f10dfcfca1e8efa1cf00bdb8796dbb946e077f8ce80de,"{""circuit"":""surface_code:rotated_memory_x"",""cluster_node_limit"":50,""d"":11,""decoder"":""mwpf"",""decoder_type"":""SolverSerialJointSingleHair"",""p"":0.03,""p_erase"":0.03,""r"":11,""run_id"":""29e38ae744884c2a2b406b04af05084fd3179601bec0197b08c3eec7c1fecc34""}",
         4,         0,         0,   0.160,mwpf__90b8a71d84bb4049a216b096b1fad6ec987039a4839b0ef5cac9a79d5207d721,5e43affef138b39f289f7fa23a413baa2a9d7a66b21bfef5b21d806af2aee267,"{""circuit"":""surface_code:rotated_memory_x"",""cluster_node_limit"":50,""d"":11,""decoder"":""mwpf"",""decoder_type"":""SolverSerialJointSingleHair"",""p"":0.01,""p_erase"":0.01,""r"":11,""run_id"":""f2936ce57f818d69f7e1b5c9954ec7387d9a1f53c4355bd88c213e49338e6b5b""}",
         4,         0,         0,   0.636,mwpf__18a55d354a5179fe22b347621ac42d689c676785006a493eda6333b61165ab0a,2606fd9b27f8c06a238f10dfcfca1e8efa1cf00bdb8796dbb946e077f8ce80de,"{""circuit"":""surface_code:rotated_memory_x"",""cluster_node_limit"":50,""d"":11,""decoder"":""mwpf"",""decoder_type"":""SolverSerialJointSingleHair"",""p"":0.03,""p_erase"":0.03,""r"":11,""run_id"":""29e38ae744884c2a2b406b04af05084fd3179601bec0197b08c3eec7c1fecc34""}",
         8,         0,         0,   0.133,mwpf__90b8a71d84bb4049a216b096b1fad6ec987039a4839b0ef5cac9a79d5207d721,5e43affef138b39f289f7fa23a413baa2a9d7a66b21bfef5b21d806af2aee267,"{""circuit"":""surface_code:rotated_memory_x"",""cluster_node_limit"":50,""d"":11,""decoder"":""mwpf"",""decoder_type"":""SolverSerialJointSingleHair"",""p"":0.01,""p_erase"":0.01,""r"":11,""run_id"":""f2936ce57f818d69f7e1b5c9954ec7387d9a1f53c4355bd88c213e49338e6b5b""}",
        64,         0,         0,    2.69,mwpf__d89f38621d3da58e469ab642e8ce9449a2028f501c7ff49729098ec573131f8e,f03c1e4f58ff752135e09f412b8d3bdffa88dde5b6e7fbb034ff1292d22ebde9,"{""circuit"":""surface_code:rotated_memory_x"",""cluster_node_limit"":50,""d"":11,""decoder"":""mwpf"",""decoder_type"":""SolverSerialJointSingleHair"",""p"":0.02,""p_erase"":0.02,""r"":11,""run_id"":""93fb08d08267e12bd14cc4f801fe1f3202058f710009764389b6687cc48bdcd3""}",
        96,         0,         0,    1.20,mwpf__90b8a71d84bb4049a216b096b1fad6ec987039a4839b0ef5cac9a79d5207d721,5e43affef138b39f289f7fa23a413baa2a9d7a66b21bfef5b21d806af2aee267,"{""circuit"":""surface_code:rotated_memory_x"",""cluster_node_limit"":50,""d"":11,""decoder"":""mwpf"",""decoder_type"":""SolverSerialJointSingleHair"",""p"":0.01,""p_erase"":0.01,""r"":11,""run_id"":""f2936ce57f818d69f7e1b5c9954ec7387d9a1f53c4355bd88c213e49338e6b5b""}",
        12,         1,         0,    1.48,mwpf__18a55d354a5179fe22b347621ac42d689c676785006a493eda6333b61165ab0a,2606fd9b27f8c06a238f10dfcfca1e8efa1cf00bdb8796dbb946e077f8ce80de,"{""circuit"":""surface_code:rotated_memory_x"",""cluster_node_limit"":50,""d"":11,""decoder"":""mwpf"",""decoder_type"":""SolverSerialJointSingleHair"",""p"":0.03,""p_erase"":0.03,""r"":11,""run_id"":""29e38ae744884c2a2b406b04af05084fd3179601bec0197b08c3eec7c1fecc34""}",
         8,         1,         0,    1.06,mwpf__18a55d354a5179fe22b347621ac42d689c676785006a493eda6333b61165ab0a,2606fd9b27f8c06a238f10dfcfca1e8efa1cf00bdb8796dbb946e077f8ce80de,"{""circuit"":""surface_code:rotated_memory_x"",""cluster_node_limit"":50,""d"":11,""decoder"":""mwpf"",""decoder_type"":""SolverSerialJointSingleHair"",""p"":0.03,""p_erase"":0.03,""r"":11,""run_id"":""29e38ae744884c2a2b406b04af05084fd3179601bec0197b08c3eec7c1fecc34""}",
        32,         0,         0,   0.793,mwpf__90b8a71d84bb4049a216b096b1fad6ec987039a4839b0ef5cac9a79d5207d721,5e43affef138b39f289f7fa23a413baa2a9d7a66b21bfef5b21d806af2aee267,"{""circuit"":""surface_code:rotated_memory_x"",""cluster_node_limit"":50,""d"":11,""decoder"":""mwpf"",""decoder_type"":""SolverSerialJointSingleHair"",""p"":0.01,""p_erase"":0.01,""r"":11,""run_id"":""f2936ce57f818d69f7e1b5c9954ec7387d9a1f53c4355bd88c213e49338e6b5b""}",
         8,         0,         0,    1.39,mwpf__18a55d354a5179fe22b347621ac42d689c676785006a493eda6333b61165ab0a,2606fd9b27f8c06a238f10dfcfca1e8efa1cf00bdb8796dbb946e077f8ce80de,"{""circuit"":""surface_code:rotated_memory_x"",""cluster_node_limit"":50,""d"":11,""decoder"":""mwpf"",""decoder_type"":""SolverSerialJointSingleHair"",""p"":0.03,""p_erase"":0.03,""r"":11,""run_id"":""29e38ae744884c2a2b406b04af05084fd3179601bec0197b08c3eec7c1fecc34""}",
         1,         0,         0,    1.11,mwpf__d89f38621d3da58e469ab642e8ce9449a2028f501c7ff49729098ec573131f8e,f03c1e4f58ff752135e09f412b8d3bdffa88dde5b6e7fbb034ff1292d22ebde9,"{""circuit"":""surface_code:rotated_memory_x"",""cluster_node_limit"":50,""d"":11,""decoder"":""mwpf"",""decoder_type"":""SolverSerialJointSingleHair"",""p"":0.02,""p_erase"":0.02,""r"":11,""run_id"":""93fb08d08267e12bd14cc4f801fe1f3202058f710009764389b6687cc48bdcd3""}",
         8,         2,         0,    1.24,mwpf__18a55d354a5179fe22b347621ac42d689c676785006a493eda6333b61165ab0a,2606fd9b27f8c06a238f10dfcfca1e8efa1cf00bdb8796dbb946e077f8ce80de,"{""circuit"":""surface_code:rotated_memory_x"",""cluster_node_limit"":50,""d"":11,""decoder"":""mwpf"",""decoder_type"":""SolverSerialJointSingleHair"",""p"":0.03,""p_erase"":0.03,""r"":11,""run_id"":""29e38ae744884c2a2b406b04af05084fd3179601bec0197b08c3eec7c1fecc34""}",
         1,         0,         0,    1.08,mwpf__d89f38621d3da58e469ab642e8ce9449a2028f501c7ff49729098ec573131f8e,f03c1e4f58ff752135e09f412b8d3bdffa88dde5b6e7fbb034ff1292d22ebde9,"{""circuit"":""surface_code:rotated_memory_x"",""cluster_node_limit"":50,""d"":11,""decoder"":""mwpf"",""decoder_type"":""SolverSerialJointSingleHair"",""p"":0.02,""p_erase"":0.02,""r"":11,""run_id"":""93fb08d08267e12bd14cc4f801fe1f3202058f710009764389b6687cc48bdcd3""}",
        32,         0,         0,   0.387,mwpf__90b8a71d84bb4049a216b096b1fad6ec987039a4839b0ef5cac9a79d5207d721,5e43affef138b39f289f7fa23a413baa2a9d7a66b21bfef5b21d806af2aee267,"{""circuit"":""surface_code:rotated_memory_x"",""cluster_node_limit"":50,""d"":11,""decoder"":""mwpf"",""decoder_type"":""SolverSerialJointSingleHair"",""p"":0.01,""p_erase"":0.01,""r"":11,""run_id"":""f2936ce57f818d69f7e1b5c9954ec7387d9a1f53c4355bd88c213e49338e6b5b""}",
         1,         0,         0,   0.108,mwpf__d89f38621d3da58e469ab642e8ce9449a2028f501c7ff49729098ec573131f8e,f03c1e4f58ff752135e09f412b8d3bdffa88dde5b6e7fbb034ff1292d22ebde9,"{""circuit"":""surface_code:rotated_memory_x"",""cluster_node_limit"":50,""d"":11,""decoder"":""mwpf"",""decoder_type"":""SolverSerialJointSingleHair"",""p"":0.02,""p_erase"":0.02,""r"":11,""run_id"":""93fb08d08267e12bd14cc4f801fe1f3202058f710009764389b6687cc48bdcd3""}",
         1,         0,         0,   0.443,mwpf__90b8a71d84bb4049a216b096b1fad6ec987039a4839b0ef5cac9a79d5207d721,5e43affef138b39f289f7fa23a413baa2a9d7a66b21bfef5b21d806af2aee267,"{""circuit"":""surface_code:rotated_memory_x"",""cluster_node_limit"":50,""d"":11,""decoder"":""mwpf"",""decoder_type"":""SolverSerialJointSingleHair"",""p"":0.01,""p_erase"":0.01,""r"":11,""run_id"":""f2936ce57f818d69f7e1b5c9954ec7387d9a1f53c4355bd88c213e49338e6b5b""}",
         1,         0,         0,   0.123,mwpf__d89f38621d3da58e469ab642e8ce9449a2028f501c7ff49729098ec573131f8e,f03c1e4f58ff752135e09f412b8d3bdffa88dde5b6e7fbb034ff1292d22ebde9,"{""circuit"":""surface_code:rotated_memory_x"",""cluster_node_limit"":50,""d"":11,""decoder"":""mwpf"",""decoder_type"":""SolverSerialJointSingleHair"",""p"":0.02,""p_erase"":0.02,""r"":11,""run_id"":""93fb08d08267e12bd14cc4f801fe1f3202058f710009764389b6687cc48bdcd3""}",
         1,         0,         0,   0.106,mwpf__90b8a71d84bb4049a216b096b1fad6ec987039a4839b0ef5cac9a79d5207d721,5e43affef138b39f289f7fa23a413baa2a9d7a66b21bfef5b21d806af2aee267,"{""circuit"":""surface_code:rotated_memory_x"",""cluster_node_limit"":50,""d"":11,""decoder"":""mwpf"",""decoder_type"":""SolverSerialJointSingleHair"",""p"":0.01,""p_erase"":0.01,""r"":11,""run_id"":""f2936ce57f818d69f7e1b5c9954ec7387d9a1f53c4355bd88c213e49338e6b5b""}",
         4,         0,         0,   0.154,mwpf__d89f38621d3da58e469ab642e8ce9449a2028f501c7ff49729098ec573131f8e,f03c1e4f58ff752135e09f412b8d3bdffa88dde5b6e7fbb034ff1292d22ebde9,"{""circuit"":""surface_code:rotated_memory_x"",""cluster_node_limit"":50,""d"":11,""decoder"":""mwpf"",""decoder_type"":""SolverSerialJointSingleHair"",""p"":0.02,""p_erase"":0.02,""r"":11,""run_id"":""93fb08d08267e12bd14cc4f801fe1f3202058f710009764389b6687cc48bdcd3""}",
         4,         0,         0,   0.240,mwpf__d89f38621d3da58e469ab642e8ce9449a2028f501c7ff49729098ec573131f8e,f03c1e4f58ff752135e09f412b8d3bdffa88dde5b6e7fbb034ff1292d22ebde9,"{""circuit"":""surface_code:rotated_memory_x"",""cluster_node_limit"":50,""d"":11,""decoder"":""mwpf"",""decoder_type"":""SolverSerialJointSingleHair"",""p"":0.02,""p_erase"":0.02,""r"":11,""run_id"":""93fb08d08267e12bd14cc4f801fe1f3202058f710009764389b6687cc48bdcd3""}",
         4,         0,         0,   0.128,mwpf__90b8a71d84bb4049a216b096b1fad6ec987039a4839b0ef5cac9a79d5207d721,5e43affef138b39f289f7fa23a413baa2a9d7a66b21bfef5b21d806af2aee267,"{""circuit"":""surface_code:rotated_memory_x"",""cluster_node_limit"":50,""d"":11,""decoder"":""mwpf"",""decoder_type"":""SolverSerialJointSingleHair"",""p"":0.01,""p_erase"":0.01,""r"":11,""run_id"":""f2936ce57f818d69f7e1b5c9954ec7387d9a1f53c4355bd88c213e49338e6b5b""}",
         1,         0,         0,   0.453,mwpf__d89f38621d3da58e469ab642e8ce9449a2028f501c7ff49729098ec573131f8e,f03c1e4f58ff752135e09f412b8d3bdffa88dde5b6e7fbb034ff1292d22ebde9,"{""circuit"":""surface_code:rotated_memory_x"",""cluster_node_limit"":50,""d"":11,""decoder"":""mwpf"",""decoder_type"":""SolverSerialJointSingleHair"",""p"":0.02,""p_erase"":0.02,""r"":11,""run_id"":""93fb08d08267e12bd14cc4f801fe1f3202058f710009764389b6687cc48bdcd3""}",
        32,         0,         0,   0.363,mwpf__90b8a71d84bb4049a216b096b1fad6ec987039a4839b0ef5cac9a79d5207d721,5e43affef138b39f289f7fa23a413baa2a9d7a66b21bfef5b21d806af2aee267,"{""circuit"":""surface_code:rotated_memory_x"",""cluster_node_limit"":50,""d"":11,""decoder"":""mwpf"",""decoder_type"":""SolverSerialJointSingleHair"",""p"":0.01,""p_erase"":0.01,""r"":11,""run_id"":""f2936ce57f818d69f7e1b5c9954ec7387d9a1f53c4355bd88c213e49338e6b5b""}",
         4,         0,         0,   0.831,mwpf__18a55d354a5179fe22b347621ac42d689c676785006a493eda6333b61165ab0a,2606fd9b27f8c06a238f10dfcfca1e8efa1cf00bdb8796dbb946e077f8ce80de,"{""circuit"":""surface_code:rotated_memory_x"",""cluster_node_limit"":50,""d"":11,""decoder"":""mwpf"",""decoder_type"":""SolverSerialJointSingleHair"",""p"":0.03,""p_erase"":0.03,""r"":11,""run_id"":""29e38ae744884c2a2b406b04af05084fd3179601bec0197b08c3eec7c1fecc34""}",
       128,         0,         0,    1.63,mwpf__90b8a71d84bb4049a216b096b1fad6ec987039a4839b0ef5cac9a79d5207d721,5e43affef138b39f289f7fa23a413baa2a9d7a66b21bfef5b21d806af2aee267,"{""circuit"":""surface_code:rotated_memory_x"",""cluster_node_limit"":50,""d"":11,""decoder"":""mwpf"",""decoder_type"":""SolverSerialJointSingleHair"",""p"":0.01,""p_erase"":0.01,""r"":11,""run_id"":""f2936ce57f818d69f7e1b5c9954ec7387d9a1f53c4355bd88c213e49338e6b5b""}",
         8,         0,         0,   0.428,mwpf__d89f38621d3da58e469ab642e8ce9449a2028f501c7ff49729098ec573131f8e,f03c1e4f58ff752135e09f412b8d3bdffa88dde5b6e7fbb034ff1292d22ebde9,"{""circuit"":""surface_code:rotated_memory_x"",""cluster_node_limit"":50,""d"":11,""decoder"":""mwpf"",""decoder_type"":""SolverSerialJointSingleHair"",""p"":0.02,""p_erase"":0.02,""r"":11,""run_id"":""93fb08d08267e12bd14cc4f801fe1f3202058f710009764389b6687cc48bdcd3""}",
         8,         0,         0,   0.448,mwpf__d89f38621d3da58e469ab642e8ce9449a2028f501c7ff49729098ec573131f8e,f03c1e4f58ff752135e09f412b8d3bdffa88dde5b6e7fbb034ff1292d22ebde9,"{""circuit"":""surface_code:rotated_memory_x"",""cluster_node_limit"":50,""d"":11,""decoder"":""mwpf"",""decoder_type"":""SolverSerialJointSingleHair"",""p"":0.02,""p_erase"":0.02,""r"":11,""run_id"":""93fb08d08267e12bd14cc4f801fe1f3202058f710009764389b6687cc48bdcd3""}",
        16,         0,         0,   0.448,mwpf__90b8a71d84bb4049a216b096b1fad6ec987039a4839b0ef5cac9a79d5207d721,5e43affef138b39f289f7fa23a413baa2a9d7a66b21bfef5b21d806af2aee267,"{""circuit"":""surface_code:rotated_memory_x"",""cluster_node_limit"":50,""d"":11,""decoder"":""mwpf"",""decoder_type"":""SolverSerialJointSingleHair"",""p"":0.01,""p_erase"":0.01,""r"":11,""run_id"":""f2936ce57f818d69f7e1b5c9954ec7387d9a1f53c4355bd88c213e49338e6b5b""}",
         1,         0,         0,   0.434,mwpf__d89f38621d3da58e469ab642e8ce9449a2028f501c7ff49729098ec573131f8e,f03c1e4f58ff752135e09f412b8d3bdffa88dde5b6e7fbb034ff1292d22ebde9,"{""circuit"":""surface_code:rotated_memory_x"",""cluster_node_limit"":50,""d"":11,""decoder"":""mwpf"",""decoder_type"":""SolverSerialJointSingleHair"",""p"":0.02,""p_erase"":0.02,""r"":11,""run_id"":""93fb08d08267e12bd14cc4f801fe1f3202058f710009764389b6687cc48bdcd3""}",
        32,         0,         0,   0.489,mwpf__90b8a71d84bb4049a216b096b1fad6ec987039a4839b0ef5cac9a79d5207d721,5e43affef138b39f289f7fa23a413baa2a9d7a66b21bfef5b21d806af2aee267,"{""circuit"":""surface_code:rotated_memory_x"",""cluster_node_limit"":50,""d"":11,""decoder"":""mwpf"",""decoder_type"":""SolverSerialJointSingleHair"",""p"":0.01,""p_erase"":0.01,""r"":11,""run_id"":""f2936ce57f818d69f7e1b5c9954ec7387d9a1f53c4355bd88c213e49338e6b5b""}",
         8,         0,         0,    1.02,mwpf__18a55d354a5179fe22b347621ac42d689c676785006a493eda6333b61165ab0a,2606fd9b27f8c06a238f10dfcfca1e8efa1cf00bdb8796dbb946e077f8ce80de,"{""circuit"":""surface_code:rotated_memory_x"",""cluster_node_limit"":50,""d"":11,""decoder"":""mwpf"",""decoder_type"":""SolverSerialJointSingleHair"",""p"":0.03,""p_erase"":0.03,""r"":11,""run_id"":""29e38ae744884c2a2b406b04af05084fd3179601bec0197b08c3eec7c1fecc34""}",
         1,         0,         0,   0.298,mwpf__d89f38621d3da58e469ab642e8ce9449a2028f501c7ff49729098ec573131f8e,f03c1e4f58ff752135e09f412b8d3bdffa88dde5b6e7fbb034ff1292d22ebde9,"{""circuit"":""surface_code:rotated_memory_x"",""cluster_node_limit"":50,""d"":11,""decoder"":""mwpf"",""decoder_type"":""SolverSerialJointSingleHair"",""p"":0.02,""p_erase"":0.02,""r"":11,""run_id"":""93fb08d08267e12bd14cc4f801fe1f3202058f710009764389b6687cc48bdcd3""}",
         8,         0,         0,   0.405,mwpf__d89f38621d3da58e469ab642e8ce9449a2028f501c7ff49729098ec573131f8e,f03c1e4f58ff752135e09f412b8d3bdffa88dde5b6e7fbb034ff1292d22ebde9,"{""circuit"":""surface_code:rotated_memory_x"",""cluster_node_limit"":50,""d"":11,""decoder"":""mwpf"",""decoder_type"":""SolverSerialJointSingleHair"",""p"":0.02,""p_erase"":0.02,""r"":11,""run_id"":""93fb08d08267e12bd14cc4f801fe1f3202058f710009764389b6687cc48bdcd3""}",
         8,         0,         0,   0.386,mwpf__d89f38621d3da58e469ab642e8ce9449a2028f501c7ff49729098ec573131f8e,f03c1e4f58ff752135e09f412b8d3bdffa88dde5b6e7fbb034ff1292d22ebde9,"{""circuit"":""surface_code:rotated_memory_x"",""cluster_node_limit"":50,""d"":11,""decoder"":""mwpf"",""decoder_type"":""SolverSerialJointSingleHair"",""p"":0.02,""p_erase"":0.02,""r"":11,""run_id"":""93fb08d08267e12bd14cc4f801fe1f3202058f710009764389b6687cc48bdcd3""}",
         8,         0,         0,    1.14,mwpf__18a55d354a5179fe22b347621ac42d689c676785006a493eda6333b61165ab0a,2606fd9b27f8c06a238f10dfcfca1e8efa1cf00bdb8796dbb946e077f8ce80de,"{""circuit"":""surface_code:rotated_memory_x"",""cluster_node_limit"":50,""d"":11,""decoder"":""mwpf"",""decoder_type"":""SolverSerialJointSingleHair"",""p"":0.03,""p_erase"":0.03,""r"":11,""run_id"":""29e38ae744884c2a2b406b04af05084fd3179601bec0197b08c3eec7c1fecc34""}",
        16,         0,         0,   0.391,mwpf__90b8a71d84bb4049a216b096b1fad6ec987039a4839b0ef5cac9a79d5207d721,5e43affef138b39f289f7fa23a413baa2a9d7a66b21bfef5b21d806af2aee267,"{""circuit"":""surface_code:rotated_memory_x"",""cluster_node_limit"":50,""d"":11,""decoder"":""mwpf"",""decoder_type"":""SolverSerialJointSingleHair"",""p"":0.01,""p_erase"":0.01,""r"":11,""run_id"":""f2936ce57f818d69f7e1b5c9954ec7387d9a1f53c4355bd88c213e49338e6b5b""}",
         2,         0,         0,   0.149,mwpf__d89f38621d3da58e469ab642e8ce9449a2028f501c7ff49729098ec573131f8e,f03c1e4f58ff752135e09f412b8d3bdffa88dde5b6e7fbb034ff1292d22ebde9,"{""circuit"":""surface_code:rotated_memory_x"",""cluster_node_limit"":50,""d"":11,""decoder"":""mwpf"",""decoder_type"":""SolverSerialJointSingleHair"",""p"":0.02,""p_erase"":0.02,""r"":11,""run_id"":""93fb08d08267e12bd14cc4f801fe1f3202058f710009764389b6687cc48bdcd3""}",
        12,         1,         0,    1.74,mwpf__18a55d354a5179fe22b347621ac42d689c676785006a493eda6333b61165ab0a,2606fd9b27f8c06a238f10dfcfca1e8efa1cf00bdb8796dbb946e077f8ce80de,"{""circuit"":""surface_code:rotated_memory_x"",""cluster_node_limit"":50,""d"":11,""decoder"":""mwpf"",""decoder_type"":""SolverSerialJointSingleHair"",""p"":0.03,""p_erase"":0.03,""r"":11,""run_id"":""29e38ae744884c2a2b406b04af05084fd3179601bec0197b08c3eec7c1fecc34""}",
        32,         0,         0,   0.466,mwpf__90b8a71d84bb4049a216b096b1fad6ec987039a4839b0ef5cac9a79d5207d721,5e43affef138b39f289f7fa23a413baa2a9d7a66b21bfef5b21d806af2aee267,"{""circuit"":""surface_code:rotated_memory_x"",""cluster_node_limit"":50,""d"":11,""decoder"":""mwpf"",""decoder_type"":""SolverSerialJointSingleHair"",""p"":0.01,""p_erase"":0.01,""r"":11,""run_id"":""f2936ce57f818d69f7e1b5c9954ec7387d9a1f53c4355bd88c213e49338e6b5b""}",
         1,         0,         0,    1.13,mwpf__18a55d354a5179fe22b347621ac42d689c676785006a493eda6333b61165ab0a,2606fd9b27f8c06a238f10dfcfca1e8efa1cf00bdb8796dbb946e077f8ce80de,"{""circuit"":""surface_code:rotated_memory_x"",""cluster_node_limit"":50,""d"":11,""decoder"":""mwpf"",""decoder_type"":""SolverSerialJointSingleHair"",""p"":0.03,""p_erase"":0.03,""r"":11,""run_id"":""29e38ae744884c2a2b406b04af05084fd3179601bec0197b08c3eec7c1fecc34""}",
        16,         0,         0,   0.263,mwpf__90b8a71d84bb4049a216b096b1fad6ec987039a4839b0ef5cac9a79d5207d721,5e43affef138b39f289f7fa23a413baa2a9d7a66b21bfef5b21d806af2aee267,"{""circuit"":""surface_code:rotated_memory_x"",""cluster_node_limit"":50,""d"":11,""decoder"":""mwpf"",""decoder_type"":""SolverSerialJointSingleHair"",""p"":0.01,""p_erase"":0.01,""r"":11,""run_id"":""f2936ce57f818d69f7e1b5c9954ec7387d9a1f53c4355bd88c213e49338e6b5b""}",
         8,         0,         0,   0.310,mwpf__d89f38621d3da58e469ab642e8ce9449a2028f501c7ff49729098ec573131f8e,f03c1e4f58ff752135e09f412b8d3bdffa88dde5b6e7fbb034ff1292d22ebde9,"{""circuit"":""surface_code:rotated_memory_x"",""cluster_node_limit"":50,""d"":11,""decoder"":""mwpf"",""decoder_type"":""SolverSerialJointSingleHair"",""p"":0.02,""p_erase"":0.02,""r"":11,""run_id"":""93fb08d08267e12bd14cc4f801fe1f3202058f710009764389b6687cc48bdcd3""}",
         1,         0,         0,   0.797,mwpf__90b8a71d84bb4049a216b096b1fad6ec987039a4839b0ef5cac9a79d5207d721,5e43affef138b39f289f7fa23a413baa2a9d7a66b21bfef5b21d806af2aee267,"{""circuit"":""surface_code:rotated_memory_x"",""cluster_node_limit"":50,""d"":11,""decoder"":""mwpf"",""decoder_type"":""SolverSerialJointSingleHair"",""p"":0.01,""p_erase"":0.01,""r"":11,""run_id"":""f2936ce57f818d69f7e1b5c9954ec7387d9a1f53c4355bd88c213e49338e6b5b""}",
         8,         0,         0,   0.333,mwpf__d89f38621d3da58e469ab642e8ce9449a2028f501c7ff49729098ec573131f8e,f03c1e4f58ff752135e09f412b8d3bdffa88dde5b6e7fbb034ff1292d22ebde9,"{""circuit"":""surface_code:rotated_memory_x"",""cluster_node_limit"":50,""d"":11,""decoder"":""mwpf"",""decoder_type"":""SolverSerialJointSingleHair"",""p"":0.02,""p_erase"":0.02,""r"":11,""run_id"":""93fb08d08267e12bd14cc4f801fe1f3202058f710009764389b6687cc48bdcd3""}",
         1,         0,         0,   0.416,mwpf__90b8a71d84bb4049a216b096b1fad6ec987039a4839b0ef5cac9a79d5207d721,5e43affef138b39f289f7fa23a413baa2a9d7a66b21bfef5b21d806af2aee267,"{""circuit"":""surface_code:rotated_memory_x"",""cluster_node_limit"":50,""d"":11,""decoder"":""mwpf"",""decoder_type"":""SolverSerialJointSingleHair"",""p"":0.01,""p_erase"":0.01,""r"":11,""run_id"":""f2936ce57f818d69f7e1b5c9954ec7387d9a1f53c4355bd88c213e49338e6b5b""}",
         1,         0,         0,   0.082,mwpf__90b8a71d84bb4049a216b096b1fad6ec987039a4839b0ef5cac9a79d5207d721,5e43affef138b39f289f7fa23a413baa2a9d7a66b21bfef5b21d806af2aee267,"{""circuit"":""surface_code:rotated_memory_x"",""cluster_node_limit"":50,""d"":11,""decoder"":""mwpf"",""decoder_type"":""SolverSerialJointSingleHair"",""p"":0.01,""p_erase"":0.01,""r"":11,""run_id"":""f2936ce57f818d69f7e1b5c9954ec7387d9a1f53c4355bd88c213e49338e6b5b""}",
         1,         0,         0,   0.100,mwpf__90b8a71d84bb4049a216b096b1fad6ec987039a4839b0ef5cac9a79d5207d721,5e43affef138b39f289f7fa23a413baa2a9d7a66b21bfef5b21d806af2aee267,"{""circuit"":""surface_code:rotated_memory_x"",""cluster_node_limit"":50,""d"":11,""decoder"":""mwpf"",""decoder_type"":""SolverSerialJointSingleHair"",""p"":0.01,""p_erase"":0.01,""r"":11,""run_id"":""f2936ce57f818d69f7e1b5c9954ec7387d9a1f53c4355bd88c213e49338e6b5b""}",
         8,         0,         0,   0.387,mwpf__d89f38621d3da58e469ab642e8ce9449a2028f501c7ff49729098ec573131f8e,f03c1e4f58ff752135e09f412b8d3bdffa88dde5b6e7fbb034ff1292d22ebde9,"{""circuit"":""surface_code:rotated_memory_x"",""cluster_node_limit"":50,""d"":11,""decoder"":""mwpf"",""decoder_type"":""SolverSerialJointSingleHair"",""p"":0.02,""p_erase"":0.02,""r"":11,""run_id"":""93fb08d08267e12bd14cc4f801fe1f3202058f710009764389b6687cc48bdcd3""}",
         4,         0,         0,   0.133,mwpf__90b8a71d84bb4049a216b096b1fad6ec987039a4839b0ef5cac9a79d5207d721,5e43affef138b39f289f7fa23a413baa2a9d7a66b21bfef5b21d806af2aee267,"{""circuit"":""surface_code:rotated_memory_x"",""cluster_node_limit"":50,""d"":11,""decoder"":""mwpf"",""decoder_type"":""SolverSerialJointSingleHair"",""p"":0.01,""p_erase"":0.01,""r"":11,""run_id"":""f2936ce57f818d69f7e1b5c9954ec7387d9a1f53c4355bd88c213e49338e6b5b""}",
         4,         0,         0,   0.114,mwpf__90b8a71d84bb4049a216b096b1fad6ec987039a4839b0ef5cac9a79d5207d721,5e43affef138b39f289f7fa23a413baa2a9d7a66b21bfef5b21d806af2aee267,"{""circuit"":""surface_code:rotated_memory_x"",""cluster_node_limit"":50,""d"":11,""decoder"":""mwpf"",""decoder_type"":""SolverSerialJointSingleHair"",""p"":0.01,""p_erase"":0.01,""r"":11,""run_id"":""f2936ce57f818d69f7e1b5c9954ec7387d9a1f53c4355bd88c213e49338e6b5b""}",
         8,         0,         0,   0.288,mwpf__d89f38621d3da58e469ab642e8ce9449a2028f501c7ff49729098ec573131f8e,f03c1e4f58ff752135e09f412b8d3bdffa88dde5b6e7fbb034ff1292d22ebde9,"{""circuit"":""surface_code:rotated_memory_x"",""cluster_node_limit"":50,""d"":11,""decoder"":""mwpf"",""decoder_type"":""SolverSerialJointSingleHair"",""p"":0.02,""p_erase"":0.02,""r"":11,""run_id"":""93fb08d08267e12bd14cc4f801fe1f3202058f710009764389b6687cc48bdcd3""}",
        32,         0,         0,   0.382,mwpf__90b8a71d84bb4049a216b096b1fad6ec987039a4839b0ef5cac9a79d5207d721,5e43affef138b39f289f7fa23a413baa2a9d7a66b21bfef5b21d806af2aee267,"{""circuit"":""surface_code:rotated_memory_x"",""cluster_node_limit"":50,""d"":11,""decoder"":""mwpf"",""decoder_type"":""SolverSerialJointSingleHair"",""p"":0.01,""p_erase"":0.01,""r"":11,""run_id"":""f2936ce57f818d69f7e1b5c9954ec7387d9a1f53c4355bd88c213e49338e6b5b""}",
         8,         0,         0,    1.28,mwpf__18a55d354a5179fe22b347621ac42d689c676785006a493eda6333b61165ab0a,2606fd9b27f8c06a238f10dfcfca1e8efa1cf00bdb8796dbb946e077f8ce80de,"{""circuit"":""surface_code:rotated_memory_x"",""cluster_node_limit"":50,""d"":11,""decoder"":""mwpf"",""decoder_type"":""SolverSerialJointSingleHair"",""p"":0.03,""p_erase"":0.03,""r"":11,""run_id"":""29e38ae744884c2a2b406b04af05084fd3179601bec0197b08c3eec7c1fecc34""}",
         1,         0,         0,   0.443,mwpf__18a55d354a5179fe22b347621ac42d689c676785006a493eda6333b61165ab0a,2606fd9b27f8c06a238f10dfcfca1e8efa1cf00bdb8796dbb946e077f8ce80de,"{""circuit"":""surface_code:rotated_memory_x"",""cluster_node_limit"":50,""d"":11,""decoder"":""mwpf"",""decoder_type"":""SolverSerialJointSingleHair"",""p"":0.03,""p_erase"":0.03,""r"":11,""run_id"":""29e38ae744884c2a2b406b04af05084fd3179601bec0197b08c3eec7c1fecc34""}",
         8,         0,         0,   0.344,mwpf__d89f38621d3da58e469ab642e8ce9449a2028f501c7ff49729098ec573131f8e,f03c1e4f58ff752135e09f412b8d3bdffa88dde5b6e7fbb034ff1292d22ebde9,"{""circuit"":""surface_code:rotated_memory_x"",""cluster_node_limit"":50,""d"":11,""decoder"":""mwpf"",""decoder_type"":""SolverSerialJointSingleHair"",""p"":0.02,""p_erase"":0.02,""r"":11,""run_id"":""93fb08d08267e12bd14cc4f801fe1f3202058f710009764389b6687cc48bdcd3""}",
        32,         0,         0,   0.448,mwpf__90b8a71d84bb4049a216b096b1fad6ec987039a4839b0ef5cac9a79d5207d721,5e43affef138b39f289f7fa23a413baa2a9d7a66b21bfef5b21d806af2aee267,"{""circuit"":""surface_code:rotated_memory_x"",""cluster_node_limit"":50,""d"":11,""decoder"":""mwpf"",""decoder_type"":""SolverSerialJointSingleHair"",""p"":0.01,""p_erase"":0.01,""r"":11,""run_id"":""f2936ce57f818d69f7e1b5c9954ec7387d9a1f53c4355bd88c213e49338e6b5b""}",
        16,         0,         0,   0.247,mwpf__90b8a71d84bb4049a216b096b1fad6ec987039a4839b0ef5cac9a79d5207d721,5e43affef138b39f289f7fa23a413baa2a9d7a66b21bfef5b21d806af2aee267,"{""circuit"":""surface_code:rotated_memory_x"",""cluster_node_limit"":50,""d"":11,""decoder"":""mwpf"",""decoder_type"":""SolverSerialJointSingleHair"",""p"":0.01,""p_erase"":0.01,""r"":11,""run_id"":""f2936ce57f818d69f7e1b5c9954ec7387d9a1f53c4355bd88c213e49338e6b5b""}",
        16,         0,         0,   0.216,mwpf__90b8a71d84bb4049a216b096b1fad6ec987039a4839b0ef5cac9a79d5207d721,5e43affef138b39f289f7fa23a413baa2a9d7a66b21bfef5b21d806af2aee267,"{""circuit"":""surface_code:rotated_memory_x"",""cluster_node_limit"":50,""d"":11,""decoder"":""mwpf"",""decoder_type"":""SolverSerialJointSingleHair"",""p"":0.01,""p_erase"":0.01,""r"":11,""run_id"":""f2936ce57f818d69f7e1b5c9954ec7387d9a1f53c4355bd88c213e49338e6b5b""}",
         1,         0,         0,   0.139,mwpf__18a55d354a5179fe22b347621ac42d689c676785006a493eda6333b61165ab0a,2606fd9b27f8c06a238f10dfcfca1e8efa1cf00bdb8796dbb946e077f8ce80de,"{""circuit"":""surface_code:rotated_memory_x"",""cluster_node_limit"":50,""d"":11,""decoder"":""mwpf"",""decoder_type"":""SolverSerialJointSingleHair"",""p"":0.03,""p_erase"":0.03,""r"":11,""run_id"":""29e38ae744884c2a2b406b04af05084fd3179601bec0197b08c3eec7c1fecc34""}",
         8,         0,         0,   0.374,mwpf__d89f38621d3da58e469ab642e8ce9449a2028f501c7ff49729098ec573131f8e,f03c1e4f58ff752135e09f412b8d3bdffa88dde5b6e7fbb034ff1292d22ebde9,"{""circuit"":""surface_code:rotated_memory_x"",""cluster_node_limit"":50,""d"":11,""decoder"":""mwpf"",""decoder_type"":""SolverSerialJointSingleHair"",""p"":0.02,""p_erase"":0.02,""r"":11,""run_id"":""93fb08d08267e12bd14cc4f801fe1f3202058f710009764389b6687cc48bdcd3""}",
         8,         1,         0,    1.14,mwpf__18a55d354a5179fe22b347621ac42d689c676785006a493eda6333b61165ab0a,2606fd9b27f8c06a238f10dfcfca1e8efa1cf00bdb8796dbb946e077f8ce80de,"{""circuit"":""surface_code:rotated_memory_x"",""cluster_node_limit"":50,""d"":11,""decoder"":""mwpf"",""decoder_type"":""SolverSerialJointSingleHair"",""p"":0.03,""p_erase"":0.03,""r"":11,""run_id"":""29e38ae744884c2a2b406b04af05084fd3179601bec0197b08c3eec7c1fecc34""}",
        32,         0,         0,   0.437,mwpf__90b8a71d84bb4049a216b096b1fad6ec987039a4839b0ef5cac9a79d5207d721,5e43affef138b39f289f7fa23a413baa2a9d7a66b21bfef5b21d806af2aee267,"{""circuit"":""surface_code:rotated_memory_x"",""cluster_node_limit"":50,""d"":11,""decoder"":""mwpf"",""decoder_type"":""SolverSerialJointSingleHair"",""p"":0.01,""p_erase"":0.01,""r"":11,""run_id"":""f2936ce57f818d69f7e1b5c9954ec7387d9a1f53c4355bd88c213e49338e6b5b""}",
        80,         0,         0,    3.33,mwpf__d89f38621d3da58e469ab642e8ce9449a2028f501c7ff49729098ec573131f8e,f03c1e4f58ff752135e09f412b8d3bdffa88dde5b6e7fbb034ff1292d22ebde9,"{""circuit"":""surface_code:rotated_memory_x"",""cluster_node_limit"":50,""d"":11,""decoder"":""mwpf"",""decoder_type"":""SolverSerialJointSingleHair"",""p"":0.02,""p_erase"":0.02,""r"":11,""run_id"":""93fb08d08267e12bd14cc4f801fe1f3202058f710009764389b6687cc48bdcd3""}",
        16,         0,         0,   0.683,mwpf__d89f38621d3da58e469ab642e8ce9449a2028f501c7ff49729098ec573131f8e,f03c1e4f58ff752135e09f412b8d3bdffa88dde5b6e7fbb034ff1292d22ebde9,"{""circuit"":""surface_code:rotated_memory_x"",""cluster_node_limit"":50,""d"":11,""decoder"":""mwpf"",""decoder_type"":""SolverSerialJointSingleHair"",""p"":0.02,""p_erase"":0.02,""r"":11,""run_id"":""93fb08d08267e12bd14cc4f801fe1f3202058f710009764389b6687cc48bdcd3""}",
         8,         0,         0,   0.605,mwpf__d89f38621d3da58e469ab642e8ce9449a2028f501c7ff49729098ec573131f8e,f03c1e4f58ff752135e09f412b8d3bdffa88dde5b6e7fbb034ff1292d22ebde9,"{""circuit"":""surface_code:rotated_memory_x"",""cluster_node_limit"":50,""d"":11,""decoder"":""mwpf"",""decoder_type"":""SolverSerialJointSingleHair"",""p"":0.02,""p_erase"":0.02,""r"":11,""run_id"":""93fb08d08267e12bd14cc4f801fe1f3202058f710009764389b6687cc48bdcd3""}",
         1,         0,         0,   0.676,mwpf__d89f38621d3da58e469ab642e8ce9449a2028f501c7ff49729098ec573131f8e,f03c1e4f58ff752135e09f412b8d3bdffa88dde5b6e7fbb034ff1292d22ebde9,"{""circuit"":""surface_code:rotated_memory_x"",""cluster_node_limit"":50,""d"":11,""decoder"":""mwpf"",""decoder_type"":""SolverSerialJointSingleHair"",""p"":0.02,""p_erase"":0.02,""r"":11,""run_id"":""93fb08d08267e12bd14cc4f801fe1f3202058f710009764389b6687cc48bdcd3""}",
         8,         0,         0,   0.425,mwpf__d89f38621d3da58e469ab642e8ce9449a2028f501c7ff49729098ec573131f8e,f03c1e4f58ff752135e09f412b8d3bdffa88dde5b6e7fbb034ff1292d22ebde9,"{""circuit"":""surface_code:rotated_memory_x"",""cluster_node_limit"":50,""d"":11,""decoder"":""mwpf"",""decoder_type"":""SolverSerialJointSingleHair"",""p"":0.02,""p_erase"":0.02,""r"":11,""run_id"":""93fb08d08267e12bd14cc4f801fe1f3202058f710009764389b6687cc48bdcd3""}",
        32,         0,         0,   0.685,mwpf__90b8a71d84bb4049a216b096b1fad6ec987039a4839b0ef5cac9a79d5207d721,5e43affef138b39f289f7fa23a413baa2a9d7a66b21bfef5b21d806af2aee267,"{""circuit"":""surface_code:rotated_memory_x"",""cluster_node_limit"":50,""d"":11,""decoder"":""mwpf"",""decoder_type"":""SolverSerialJointSingleHair"",""p"":0.01,""p_erase"":0.01,""r"":11,""run_id"":""f2936ce57f818d69f7e1b5c9954ec7387d9a1f53c4355bd88c213e49338e6b5b""}",
         1,         0,         0,   0.182,mwpf__d89f38621d3da58e469ab642e8ce9449a2028f501c7ff49729098ec573131f8e,f03c1e4f58ff752135e09f412b8d3bdffa88dde5b6e7fbb034ff1292d22ebde9,"{""circuit"":""surface_code:rotated_memory_x"",""cluster_node_limit"":50,""d"":11,""decoder"":""mwpf"",""decoder_type"":""SolverSerialJointSingleHair"",""p"":0.02,""p_erase"":0.02,""r"":11,""run_id"":""93fb08d08267e12bd14cc4f801fe1f3202058f710009764389b6687cc48bdcd3""}",
        32,         0,         0,   0.739,mwpf__90b8a71d84bb4049a216b096b1fad6ec987039a4839b0ef5cac9a79d5207d721,5e43affef138b39f289f7fa23a413baa2a9d7a66b21bfef5b21d806af2aee267,"{""circuit"":""surface_code:rotated_memory_x"",""cluster_node_limit"":50,""d"":11,""decoder"":""mwpf"",""decoder_type"":""SolverSerialJointSingleHair"",""p"":0.01,""p_erase"":0.01,""r"":11,""run_id"":""f2936ce57f818d69f7e1b5c9954ec7387d9a1f53c4355bd88c213e49338e6b5b""}",
        32,         0,         0,   0.770,mwpf__90b8a71d84bb4049a216b096b1fad6ec987039a4839b0ef5cac9a79d5207d721,5e43affef138b39f289f7fa23a413baa2a9d7a66b21bfef5b21d806af2aee267,"{""circuit"":""surface_code:rotated_memory_x"",""cluster_node_limit"":50,""d"":11,""decoder"":""mwpf"",""decoder_type"":""SolverSerialJointSingleHair"",""p"":0.01,""p_erase"":0.01,""r"":11,""run_id"":""f2936ce57f818d69f7e1b5c9954ec7387d9a1f53c4355bd88c213e49338e6b5b""}",
         4,         0,         0,   0.768,mwpf__18a55d354a5179fe22b347621ac42d689c676785006a493eda6333b61165ab0a,2606fd9b27f8c06a238f10dfcfca1e8efa1cf00bdb8796dbb946e077f8ce80de,"{""circuit"":""surface_code:rotated_memory_x"",""cluster_node_limit"":50,""d"":11,""decoder"":""mwpf"",""decoder_type"":""SolverSerialJointSingleHair"",""p"":0.03,""p_erase"":0.03,""r"":11,""run_id"":""29e38ae744884c2a2b406b04af05084fd3179601bec0197b08c3eec7c1fecc34""}",
         2,         0,         0,   0.198,mwpf__d89f38621d3da58e469ab642e8ce9449a2028f501c7ff49729098ec573131f8e,f03c1e4f58ff752135e09f412b8d3bdffa88dde5b6e7fbb034ff1292d22ebde9,"{""circuit"":""surface_code:rotated_memory_x"",""cluster_node_limit"":50,""d"":11,""decoder"":""mwpf"",""decoder_type"":""SolverSerialJointSingleHair"",""p"":0.02,""p_erase"":0.02,""r"":11,""run_id"":""93fb08d08267e12bd14cc4f801fe1f3202058f710009764389b6687cc48bdcd3""}",
         8,         0,         0,   0.441,mwpf__d89f38621d3da58e469ab642e8ce9449a2028f501c7ff49729098ec573131f8e,f03c1e4f58ff752135e09f412b8d3bdffa88dde5b6e7fbb034ff1292d22ebde9,"{""circuit"":""surface_code:rotated_memory_x"",""cluster_node_limit"":50,""d"":11,""decoder"":""mwpf"",""decoder_type"":""SolverSerialJointSingleHair"",""p"":0.02,""p_erase"":0.02,""r"":11,""run_id"":""93fb08d08267e12bd14cc4f801fe1f3202058f710009764389b6687cc48bdcd3""}",
         1,         0,         0,    1.26,mwpf__18a55d354a5179fe22b347621ac42d689c676785006a493eda6333b61165ab0a,2606fd9b27f8c06a238f10dfcfca1e8efa1cf00bdb8796dbb946e077f8ce80de,"{""circuit"":""surface_code:rotated_memory_x"",""cluster_node_limit"":50,""d"":11,""decoder"":""mwpf"",""decoder_type"":""SolverSerialJointSingleHair"",""p"":0.03,""p_erase"":0.03,""r"":11,""run_id"":""29e38ae744884c2a2b406b04af05084fd3179601bec0197b08c3eec7c1fecc34""}",
         8,         0,         0,   0.431,mwpf__d89f38621d3da58e469ab642e8ce9449a2028f501c7ff49729098ec573131f8e,f03c1e4f58ff752135e09f412b8d3bdffa88dde5b6e7fbb034ff1292d22ebde9,"{""circuit"":""surface_code:rotated_memory_x"",""cluster_node_limit"":50,""d"":11,""decoder"":""mwpf"",""decoder_type"":""SolverSerialJointSingleHair"",""p"":0.02,""p_erase"":0.02,""r"":11,""run_id"":""93fb08d08267e12bd14cc4f801fe1f3202058f710009764389b6687cc48bdcd3""}",
         4,         0,         0,   0.158,mwpf__d89f38621d3da58e469ab642e8ce9449a2028f501c7ff49729098ec573131f8e,f03c1e4f58ff752135e09f412b8d3bdffa88dde5b6e7fbb034ff1292d22ebde9,"{""circuit"":""surface_code:rotated_memory_x"",""cluster_node_limit"":50,""d"":11,""decoder"":""mwpf"",""decoder_type"":""SolverSerialJointSingleHair"",""p"":0.02,""p_erase"":0.02,""r"":11,""run_id"":""93fb08d08267e12bd14cc4f801fe1f3202058f710009764389b6687cc48bdcd3""}",
        64,         0,         0,   0.809,mwpf__90b8a71d84bb4049a216b096b1fad6ec987039a4839b0ef5cac9a79d5207d721,5e43affef138b39f289f7fa23a413baa2a9d7a66b21bfef5b21d806af2aee267,"{""circuit"":""surface_code:rotated_memory_x"",""cluster_node_limit"":50,""d"":11,""decoder"":""mwpf"",""decoder_type"":""SolverSerialJointSingleHair"",""p"":0.01,""p_erase"":0.01,""r"":11,""run_id"":""f2936ce57f818d69f7e1b5c9954ec7387d9a1f53c4355bd88c213e49338e6b5b""}",
         1,         0,         0,   0.227,mwpf__90b8a71d84bb4049a216b096b1fad6ec987039a4839b0ef5cac9a79d5207d721,5e43affef138b39f289f7fa23a413baa2a9d7a66b21bfef5b21d806af2aee267,"{""circuit"":""surface_code:rotated_memory_x"",""cluster_node_limit"":50,""d"":11,""decoder"":""mwpf"",""decoder_type"":""SolverSerialJointSingleHair"",""p"":0.01,""p_erase"":0.01,""r"":11,""run_id"":""f2936ce57f818d69f7e1b5c9954ec7387d9a1f53c4355bd88c213e49338e6b5b""}",
         1,         0,         0,   0.175,mwpf__18a55d354a5179fe22b347621ac42d689c676785006a493eda6333b61165ab0a,2606fd9b27f8c06a238f10dfcfca1e8efa1cf00bdb8796dbb946e077f8ce80de,"{""circuit"":""surface_code:rotated_memory_x"",""cluster_node_limit"":50,""d"":11,""decoder"":""mwpf"",""decoder_type"":""SolverSerialJointSingleHair"",""p"":0.03,""p_erase"":0.03,""r"":11,""run_id"":""29e38ae744884c2a2b406b04af05084fd3179601bec0197b08c3eec7c1fecc34""}",
        32,         0,         0,   0.504,mwpf__90b8a71d84bb4049a216b096b1fad6ec987039a4839b0ef5cac9a79d5207d721,5e43affef138b39f289f7fa23a413baa2a9d7a66b21bfef5b21d806af2aee267,"{""circuit"":""surface_code:rotated_memory_x"",""cluster_node_limit"":50,""d"":11,""decoder"":""mwpf"",""decoder_type"":""SolverSerialJointSingleHair"",""p"":0.01,""p_erase"":0.01,""r"":11,""run_id"":""f2936ce57f818d69f7e1b5c9954ec7387d9a1f53c4355bd88c213e49338e6b5b""}",
        16,         0,         0,   0.699,mwpf__d89f38621d3da58e469ab642e8ce9449a2028f501c7ff49729098ec573131f8e,f03c1e4f58ff752135e09f412b8d3bdffa88dde5b6e7fbb034ff1292d22ebde9,"{""circuit"":""surface_code:rotated_memory_x"",""cluster_node_limit"":50,""d"":11,""decoder"":""mwpf"",""decoder_type"":""SolverSerialJointSingleHair"",""p"":0.02,""p_erase"":0.02,""r"":11,""run_id"":""93fb08d08267e12bd14cc4f801fe1f3202058f710009764389b6687cc48bdcd3""}",
         2,         0,         0,   0.093,mwpf__90b8a71d84bb4049a216b096b1fad6ec987039a4839b0ef5cac9a79d5207d721,5e43affef138b39f289f7fa23a413baa2a9d7a66b21bfef5b21d806af2aee267,"{""circuit"":""surface_code:rotated_memory_x"",""cluster_node_limit"":50,""d"":11,""decoder"":""mwpf"",""decoder_type"":""SolverSerialJointSingleHair"",""p"":0.01,""p_erase"":0.01,""r"":11,""run_id"":""f2936ce57f818d69f7e1b5c9954ec7387d9a1f53c4355bd88c213e49338e6b5b""}",
        32,         0,         0,   0.495,mwpf__90b8a71d84bb4049a216b096b1fad6ec987039a4839b0ef5cac9a79d5207d721,5e43affef138b39f289f7fa23a413baa2a9d7a66b21bfef5b21d806af2aee267,"{""circuit"":""surface_code:rotated_memory_x"",""cluster_node_limit"":50,""d"":11,""decoder"":""mwpf"",""decoder_type"":""SolverSerialJointSingleHair"",""p"":0.01,""p_erase"":0.01,""r"":11,""run_id"":""f2936ce57f818d69f7e1b5c9954ec7387d9a1f53c4355bd88c213e49338e6b5b""}",
        32,         0,         0,   0.490,mwpf__90b8a71d84bb4049a216b096b1fad6ec987039a4839b0ef5cac9a79d5207d721,5e43affef138b39f289f7fa23a413baa2a9d7a66b21bfef5b21d806af2aee267,"{""circuit"":""surface_code:rotated_memory_x"",""cluster_node_limit"":50,""d"":11,""decoder"":""mwpf"",""decoder_type"":""SolverSerialJointSingleHair"",""p"":0.01,""p_erase"":0.01,""r"":11,""run_id"":""f2936ce57f818d69f7e1b5c9954ec7387d9a1f53c4355bd88c213e49338e6b5b""}",
         8,         0,         0,   0.338,mwpf__d89f38621d3da58e469ab642e8ce9449a2028f501c7ff49729098ec573131f8e,f03c1e4f58ff752135e09f412b8d3bdffa88dde5b6e7fbb034ff1292d22ebde9,"{""circuit"":""surface_code:rotated_memory_x"",""cluster_node_limit"":50,""d"":11,""decoder"":""mwpf"",""decoder_type"":""SolverSerialJointSingleHair"",""p"":0.02,""p_erase"":0.02,""r"":11,""run_id"":""93fb08d08267e12bd14cc4f801fe1f3202058f710009764389b6687cc48bdcd3""}",
       192,         0,         0,    2.51,mwpf__90b8a71d84bb4049a216b096b1fad6ec987039a4839b0ef5cac9a79d5207d721,5e43affef138b39f289f7fa23a413baa2a9d7a66b21bfef5b21d806af2aee267,"{""circuit"":""surface_code:rotated_memory_x"",""cluster_node_limit"":50,""d"":11,""decoder"":""mwpf"",""decoder_type"":""SolverSerialJointSingleHair"",""p"":0.01,""p_erase"":0.01,""r"":11,""run_id"":""f2936ce57f818d69f7e1b5c9954ec7387d9a1f53c4355bd88c213e49338e6b5b""}",
         4,         0,         0,   0.534,mwpf__18a55d354a5179fe22b347621ac42d689c676785006a493eda6333b61165ab0a,2606fd9b27f8c06a238f10dfcfca1e8efa1cf00bdb8796dbb946e077f8ce80de,"{""circuit"":""surface_code:rotated_memory_x"",""cluster_node_limit"":50,""d"":11,""decoder"":""mwpf"",""decoder_type"":""SolverSerialJointSingleHair"",""p"":0.03,""p_erase"":0.03,""r"":11,""run_id"":""29e38ae744884c2a2b406b04af05084fd3179601bec0197b08c3eec7c1fecc34""}",
         8,         0,         0,   0.349,mwpf__d89f38621d3da58e469ab642e8ce9449a2028f501c7ff49729098ec573131f8e,f03c1e4f58ff752135e09f412b8d3bdffa88dde5b6e7fbb034ff1292d22ebde9,"{""circuit"":""surface_code:rotated_memory_x"",""cluster_node_limit"":50,""d"":11,""decoder"":""mwpf"",""decoder_type"":""SolverSerialJointSingleHair"",""p"":0.02,""p_erase"":0.02,""r"":11,""run_id"":""93fb08d08267e12bd14cc4f801fe1f3202058f710009764389b6687cc48bdcd3""}",
         8,         0,         0,   0.332,mwpf__d89f38621d3da58e469ab642e8ce9449a2028f501c7ff49729098ec573131f8e,f03c1e4f58ff752135e09f412b8d3bdffa88dde5b6e7fbb034ff1292d22ebde9,"{""circuit"":""surface_code:rotated_memory_x"",""cluster_node_limit"":50,""d"":11,""decoder"":""mwpf"",""decoder_type"":""SolverSerialJointSingleHair"",""p"":0.02,""p_erase"":0.02,""r"":11,""run_id"":""93fb08d08267e12bd14cc4f801fe1f3202058f710009764389b6687cc48bdcd3""}",
         8,         0,         0,   0.169,mwpf__90b8a71d84bb4049a216b096b1fad6ec987039a4839b0ef5cac9a79d5207d721,5e43affef138b39f289f7fa23a413baa2a9d7a66b21bfef5b21d806af2aee267,"{""circuit"":""surface_code:rotated_memory_x"",""cluster_node_limit"":50,""d"":11,""decoder"":""mwpf"",""decoder_type"":""SolverSerialJointSingleHair"",""p"":0.01,""p_erase"":0.01,""r"":11,""run_id"":""f2936ce57f818d69f7e1b5c9954ec7387d9a1f53c4355bd88c213e49338e6b5b""}",
        16,         1,         0,    2.17,mwpf__18a55d354a5179fe22b347621ac42d689c676785006a493eda6333b61165ab0a,2606fd9b27f8c06a238f10dfcfca1e8efa1cf00bdb8796dbb946e077f8ce80de,"{""circuit"":""surface_code:rotated_memory_x"",""cluster_node_limit"":50,""d"":11,""decoder"":""mwpf"",""decoder_type"":""SolverSerialJointSingleHair"",""p"":0.03,""p_erase"":0.03,""r"":11,""run_id"":""29e38ae744884c2a2b406b04af05084fd3179601bec0197b08c3eec7c1fecc34""}",
         1,         0,         0,   0.215,mwpf__d89f38621d3da58e469ab642e8ce9449a2028f501c7ff49729098ec573131f8e,f03c1e4f58ff752135e09f412b8d3bdffa88dde5b6e7fbb034ff1292d22ebde9,"{""circuit"":""surface_code:rotated_memory_x"",""cluster_node_limit"":50,""d"":11,""decoder"":""mwpf"",""decoder_type"":""SolverSerialJointSingleHair"",""p"":0.02,""p_erase"":0.02,""r"":11,""run_id"":""93fb08d08267e12bd14cc4f801fe1f3202058f710009764389b6687cc48bdcd3""}",
         1,         0,         0,   0.552,mwpf__18a55d354a5179fe22b347621ac42d689c676785006a493eda6333b61165ab0a,2606fd9b27f8c06a238f10dfcfca1e8efa1cf00bdb8796dbb946e077f8ce80de,"{""circuit"":""surface_code:rotated_memory_x"",""cluster_node_limit"":50,""d"":11,""decoder"":""mwpf"",""decoder_type"":""SolverSerialJointSingleHair"",""p"":0.03,""p_erase"":0.03,""r"":11,""run_id"":""29e38ae744884c2a2b406b04af05084fd3179601bec0197b08c3eec7c1fecc34""}",
         1,         0,         0,   0.208,mwpf__90b8a71d84bb4049a216b096b1fad6ec987039a4839b0ef5cac9a79d5207d721,5e43affef138b39f289f7fa23a413baa2a9d7a66b21bfef5b21d806af2aee267,"{""circuit"":""surface_code:rotated_memory_x"",""cluster_node_limit"":50,""d"":11,""decoder"":""mwpf"",""decoder_type"":""SolverSerialJointSingleHair"",""p"":0.01,""p_erase"":0.01,""r"":11,""run_id"":""f2936ce57f818d69f7e1b5c9954ec7387d9a1f53c4355bd88c213e49338e6b5b""}",
         2,         0,         0,   0.397,mwpf__18a55d354a5179fe22b347621ac42d689c676785006a493eda6333b61165ab0a,2606fd9b27f8c06a238f10dfcfca1e8efa1cf00bdb8796dbb946e077f8ce80de,"{""circuit"":""surface_code:rotated_memory_x"",""cluster_node_limit"":50,""d"":11,""decoder"":""mwpf"",""decoder_type"":""SolverSerialJointSingleHair"",""p"":0.03,""p_erase"":0.03,""r"":11,""run_id"":""29e38ae744884c2a2b406b04af05084fd3179601bec0197b08c3eec7c1fecc34""}",
         2,         0,         0,   0.160,mwpf__d89f38621d3da58e469ab642e8ce9449a2028f501c7ff49729098ec573131f8e,f03c1e4f58ff752135e09f412b8d3bdffa88dde5b6e7fbb034ff1292d22ebde9,"{""circuit"":""surface_code:rotated_memory_x"",""cluster_node_limit"":50,""d"":11,""decoder"":""mwpf"",""decoder_type"":""SolverSerialJointSingleHair"",""p"":0.02,""p_erase"":0.02,""r"":11,""run_id"":""93fb08d08267e12bd14cc4f801fe1f3202058f710009764389b6687cc48bdcd3""}",
        12,         1,         0,    2.18,mwpf__18a55d354a5179fe22b347621ac42d689c676785006a493eda6333b61165ab0a,2606fd9b27f8c06a238f10dfcfca1e8efa1cf00bdb8796dbb946e077f8ce80de,"{""circuit"":""surface_code:rotated_memory_x"",""cluster_node_limit"":50,""d"":11,""decoder"":""mwpf"",""decoder_type"":""SolverSerialJointSingleHair"",""p"":0.03,""p_erase"":0.03,""r"":11,""run_id"":""29e38ae744884c2a2b406b04af05084fd3179601bec0197b08c3eec7c1fecc34""}",
         2,         0,         0,   0.081,mwpf__90b8a71d84bb4049a216b096b1fad6ec987039a4839b0ef5cac9a79d5207d721,5e43affef138b39f289f7fa23a413baa2a9d7a66b21bfef5b21d806af2aee267,"{""circuit"":""surface_code:rotated_memory_x"",""cluster_node_limit"":50,""d"":11,""decoder"":""mwpf"",""decoder_type"":""SolverSerialJointSingleHair"",""p"":0.01,""p_erase"":0.01,""r"":11,""run_id"":""f2936ce57f818d69f7e1b5c9954ec7387d9a1f53c4355bd88c213e49338e6b5b""}",
         1,         0,         0,   0.186,mwpf__90b8a71d84bb4049a216b096b1fad6ec987039a4839b0ef5cac9a79d5207d721,5e43affef138b39f289f7fa23a413baa2a9d7a66b21bfef5b21d806af2aee267,"{""circuit"":""surface_code:rotated_memory_x"",""cluster_node_limit"":50,""d"":11,""decoder"":""mwpf"",""decoder_type"":""SolverSerialJointSingleHair"",""p"":0.01,""p_erase"":0.01,""r"":11,""run_id"":""f2936ce57f818d69f7e1b5c9954ec7387d9a1f53c4355bd88c213e49338e6b5b""}",
        32,         0,         0,   0.449,mwpf__90b8a71d84bb4049a216b096b1fad6ec987039a4839b0ef5cac9a79d5207d721,5e43affef138b39f289f7fa23a413baa2a9d7a66b21bfef5b21d806af2aee267,"{""circuit"":""surface_code:rotated_memory_x"",""cluster_node_limit"":50,""d"":11,""decoder"":""mwpf"",""decoder_type"":""SolverSerialJointSingleHair"",""p"":0.01,""p_erase"":0.01,""r"":11,""run_id"":""f2936ce57f818d69f7e1b5c9954ec7387d9a1f53c4355bd88c213e49338e6b5b""}",
        16,         0,         0,   0.237,mwpf__90b8a71d84bb4049a216b096b1fad6ec987039a4839b0ef5cac9a79d5207d721,5e43affef138b39f289f7fa23a413baa2a9d7a66b21bfef5b21d806af2aee267,"{""circuit"":""surface_code:rotated_memory_x"",""cluster_node_limit"":50,""d"":11,""decoder"":""mwpf"",""decoder_type"":""SolverSerialJointSingleHair"",""p"":0.01,""p_erase"":0.01,""r"":11,""run_id"":""f2936ce57f818d69f7e1b5c9954ec7387d9a1f53c4355bd88c213e49338e6b5b""}",
         8,         0,         0,   0.359,mwpf__d89f38621d3da58e469ab642e8ce9449a2028f501c7ff49729098ec573131f8e,f03c1e4f58ff752135e09f412b8d3bdffa88dde5b6e7fbb034ff1292d22ebde9,"{""circuit"":""surface_code:rotated_memory_x"",""cluster_node_limit"":50,""d"":11,""decoder"":""mwpf"",""decoder_type"":""SolverSerialJointSingleHair"",""p"":0.02,""p_erase"":0.02,""r"":11,""run_id"":""93fb08d08267e12bd14cc4f801fe1f3202058f710009764389b6687cc48bdcd3""}",
        32,         0,         0,   0.404,mwpf__90b8a71d84bb4049a216b096b1fad6ec987039a4839b0ef5cac9a79d5207d721,5e43affef138b39f289f7fa23a413baa2a9d7a66b21bfef5b21d806af2aee267,"{""circuit"":""surface_code:rotated_memory_x"",""cluster_node_limit"":50,""d"":11,""decoder"":""mwpf"",""decoder_type"":""SolverSerialJointSingleHair"",""p"":0.01,""p_erase"":0.01,""r"":11,""run_id"":""f2936ce57f818d69f7e1b5c9954ec7387d9a1f53c4355bd88c213e49338e6b5b""}",
         8,         0,         0,   0.338,mwpf__d89f38621d3da58e469ab642e8ce9449a2028f501c7ff49729098ec573131f8e,f03c1e4f58ff752135e09f412b8d3bdffa88dde5b6e7fbb034ff1292d22ebde9,"{""circuit"":""surface_code:rotated_memory_x"",""cluster_node_limit"":50,""d"":11,""decoder"":""mwpf"",""decoder_type"":""SolverSerialJointSingleHair"",""p"":0.02,""p_erase"":0.02,""r"":11,""run_id"":""93fb08d08267e12bd14cc4f801fe1f3202058f710009764389b6687cc48bdcd3""}",
         1,         0,         0,   0.196,mwpf__18a55d354a5179fe22b347621ac42d689c676785006a493eda6333b61165ab0a,2606fd9b27f8c06a238f10dfcfca1e8efa1cf00bdb8796dbb946e077f8ce80de,"{""circuit"":""surface_code:rotated_memory_x"",""cluster_node_limit"":50,""d"":11,""decoder"":""mwpf"",""decoder_type"":""SolverSerialJointSingleHair"",""p"":0.03,""p_erase"":0.03,""r"":11,""run_id"":""29e38ae744884c2a2b406b04af05084fd3179601bec0197b08c3eec7c1fecc34""}",
         2,         0,         0,   0.084,mwpf__90b8a71d84bb4049a216b096b1fad6ec987039a4839b0ef5cac9a79d5207d721,5e43affef138b39f289f7fa23a413baa2a9d7a66b21bfef5b21d806af2aee267,"{""circuit"":""surface_code:rotated_memory_x"",""cluster_node_limit"":50,""d"":11,""decoder"":""mwpf"",""decoder_type"":""SolverSerialJointSingleHair"",""p"":0.01,""p_erase"":0.01,""r"":11,""run_id"":""f2936ce57f818d69f7e1b5c9954ec7387d9a1f53c4355bd88c213e49338e6b5b""}",
        32,         0,         0,   0.464,mwpf__90b8a71d84bb4049a216b096b1fad6ec987039a4839b0ef5cac9a79d5207d721,5e43affef138b39f289f7fa23a413baa2a9d7a66b21bfef5b21d806af2aee267,"{""circuit"":""surface_code:rotated_memory_x"",""cluster_node_limit"":50,""d"":11,""decoder"":""mwpf"",""decoder_type"":""SolverSerialJointSingleHair"",""p"":0.01,""p_erase"":0.01,""r"":11,""run_id"":""f2936ce57f818d69f7e1b5c9954ec7387d9a1f53c4355bd88c213e49338e6b5b""}",
         8,         0,         0,   0.135,mwpf__90b8a71d84bb4049a216b096b1fad6ec987039a4839b0ef5cac9a79d5207d721,5e43affef138b39f289f7fa23a413baa2a9d7a66b21bfef5b21d806af2aee267,"{""circuit"":""surface_code:rotated_memory_x"",""cluster_node_limit"":50,""d"":11,""decoder"":""mwpf"",""decoder_type"":""SolverSerialJointSingleHair"",""p"":0.01,""p_erase"":0.01,""r"":11,""run_id"":""f2936ce57f818d69f7e1b5c9954ec7387d9a1f53c4355bd88c213e49338e6b5b""}",
         8,         0,         0,   0.345,mwpf__d89f38621d3da58e469ab642e8ce9449a2028f501c7ff49729098ec573131f8e,f03c1e4f58ff752135e09f412b8d3bdffa88dde5b6e7fbb034ff1292d22ebde9,"{""circuit"":""surface_code:rotated_memory_x"",""cluster_node_limit"":50,""d"":11,""decoder"":""mwpf"",""decoder_type"":""SolverSerialJointSingleHair"",""p"":0.02,""p_erase"":0.02,""r"":11,""run_id"":""93fb08d08267e12bd14cc4f801fe1f3202058f710009764389b6687cc48bdcd3""}",
        12,         2,         0,    1.90,mwpf__18a55d354a5179fe22b347621ac42d689c676785006a493eda6333b61165ab0a,2606fd9b27f8c06a238f10dfcfca1e8efa1cf00bdb8796dbb946e077f8ce80de,"{""circuit"":""surface_code:rotated_memory_x"",""cluster_node_limit"":50,""d"":11,""decoder"":""mwpf"",""decoder_type"":""SolverSerialJointSingleHair"",""p"":0.03,""p_erase"":0.03,""r"":11,""run_id"":""29e38ae744884c2a2b406b04af05084fd3179601bec0197b08c3eec7c1fecc34""}",
       240,         0,         0,    9.00,mwpf__d89f38621d3da58e469ab642e8ce9449a2028f501c7ff49729098ec573131f8e,f03c1e4f58ff752135e09f412b8d3bdffa88dde5b6e7fbb034ff1292d22ebde9,"{""circuit"":""surface_code:rotated_memory_x"",""cluster_node_limit"":50,""d"":11,""decoder"":""mwpf"",""decoder_type"":""SolverSerialJointSingleHair"",""p"":0.02,""p_erase"":0.02,""r"":11,""run_id"":""93fb08d08267e12bd14cc4f801fe1f3202058f710009764389b6687cc48bdcd3""}",
         4,         0,         0,   0.183,mwpf__d89f38621d3da58e469ab642e8ce9449a2028f501c7ff49729098ec573131f8e,f03c1e4f58ff752135e09f412b8d3bdffa88dde5b6e7fbb034ff1292d22ebde9,"{""circuit"":""surface_code:rotated_memory_x"",""cluster_node_limit"":50,""d"":11,""decoder"":""mwpf"",""decoder_type"":""SolverSerialJointSingleHair"",""p"":0.02,""p_erase"":0.02,""r"":11,""run_id"":""93fb08d08267e12bd14cc4f801fe1f3202058f710009764389b6687cc48bdcd3""}",
         8,         0,         0,   0.136,mwpf__90b8a71d84bb4049a216b096b1fad6ec987039a4839b0ef5cac9a79d5207d721,5e43affef138b39f289f7fa23a413baa2a9d7a66b21bfef5b21d806af2aee267,"{""circuit"":""surface_code:rotated_memory_x"",""cluster_node_limit"":50,""d"":11,""decoder"":""mwpf"",""decoder_type"":""SolverSerialJointSingleHair"",""p"":0.01,""p_erase"":0.01,""r"":11,""run_id"":""f2936ce57f818d69f7e1b5c9954ec7387d9a1f53c4355bd88c213e49338e6b5b""}",
        16,         0,         0,   0.643,mwpf__d89f38621d3da58e469ab642e8ce9449a2028f501c7ff49729098ec573131f8e,f03c1e4f58ff752135e09f412b8d3bdffa88dde5b6e7fbb034ff1292d22ebde9,"{""circuit"":""surface_code:rotated_memory_x"",""cluster_node_limit"":50,""d"":11,""decoder"":""mwpf"",""decoder_type"":""SolverSerialJointSingleHair"",""p"":0.02,""p_erase"":0.02,""r"":11,""run_id"":""93fb08d08267e12bd14cc4f801fe1f3202058f710009764389b6687cc48bdcd3""}",
         2,         0,         0,   0.325,mwpf__18a55d354a5179fe22b347621ac42d689c676785006a493eda6333b61165ab0a,2606fd9b27f8c06a238f10dfcfca1e8efa1cf00bdb8796dbb946e077f8ce80de,"{""circuit"":""surface_code:rotated_memory_x"",""cluster_node_limit"":50,""d"":11,""decoder"":""mwpf"",""decoder_type"":""SolverSerialJointSingleHair"",""p"":0.03,""p_erase"":0.03,""r"":11,""run_id"":""29e38ae744884c2a2b406b04af05084fd3179601bec0197b08c3eec7c1fecc34""}",
         4,         0,         0,   0.564,mwpf__18a55d354a5179fe22b347621ac42d689c676785006a493eda6333b61165ab0a,2606fd9b27f8c06a238f10dfcfca1e8efa1cf00bdb8796dbb946e077f8ce80de,"{""circuit"":""surface_code:rotated_memory_x"",""cluster_node_limit"":50,""d"":11,""decoder"":""mwpf"",""decoder_type"":""SolverSerialJointSingleHair"",""p"":0.03,""p_erase"":0.03,""r"":11,""run_id"":""29e38ae744884c2a2b406b04af05084fd3179601bec0197b08c3eec7c1fecc34""}",
        64,         0,         0,   0.822,mwpf__90b8a71d84bb4049a216b096b1fad6ec987039a4839b0ef5cac9a79d5207d721,5e43affef138b39f289f7fa23a413baa2a9d7a66b21bfef5b21d806af2aee267,"{""circuit"":""surface_code:rotated_memory_x"",""cluster_node_limit"":50,""d"":11,""decoder"":""mwpf"",""decoder_type"":""SolverSerialJointSingleHair"",""p"":0.01,""p_erase"":0.01,""r"":11,""run_id"":""f2936ce57f818d69f7e1b5c9954ec7387d9a1f53c4355bd88c213e49338e6b5b""}",
         2,         0,         0,   0.307,mwpf__18a55d354a5179fe22b347621ac42d689c676785006a493eda6333b61165ab0a,2606fd9b27f8c06a238f10dfcfca1e8efa1cf00bdb8796dbb946e077f8ce80de,"{""circuit"":""surface_code:rotated_memory_x"",""cluster_node_limit"":50,""d"":11,""decoder"":""mwpf"",""decoder_type"":""SolverSerialJointSingleHair"",""p"":0.03,""p_erase"":0.03,""r"":11,""run_id"":""29e38ae744884c2a2b406b04af05084fd3179601bec0197b08c3eec7c1fecc34""}",
         8,         0,         0,   0.357,mwpf__d89f38621d3da58e469ab642e8ce9449a2028f501c7ff49729098ec573131f8e,f03c1e4f58ff752135e09f412b8d3bdffa88dde5b6e7fbb034ff1292d22ebde9,"{""circuit"":""surface_code:rotated_memory_x"",""cluster_node_limit"":50,""d"":11,""decoder"":""mwpf"",""decoder_type"":""SolverSerialJointSingleHair"",""p"":0.02,""p_erase"":0.02,""r"":11,""run_id"":""93fb08d08267e12bd14cc4f801fe1f3202058f710009764389b6687cc48bdcd3""}",
        32,         0,         0,   0.423,mwpf__90b8a71d84bb4049a216b096b1fad6ec987039a4839b0ef5cac9a79d5207d721,5e43affef138b39f289f7fa23a413baa2a9d7a66b21bfef5b21d806af2aee267,"{""circuit"":""surface_code:rotated_memory_x"",""cluster_node_limit"":50,""d"":11,""decoder"":""mwpf"",""decoder_type"":""SolverSerialJointSingleHair"",""p"":0.01,""p_erase"":0.01,""r"":11,""run_id"":""f2936ce57f818d69f7e1b5c9954ec7387d9a1f53c4355bd88c213e49338e6b5b""}",
         8,         0,         0,   0.350,mwpf__d89f38621d3da58e469ab642e8ce9449a2028f501c7ff49729098ec573131f8e,f03c1e4f58ff752135e09f412b8d3bdffa88dde5b6e7fbb034ff1292d22ebde9,"{""circuit"":""surface_code:rotated_memory_x"",""cluster_node_limit"":50,""d"":11,""decoder"":""mwpf"",""decoder_type"":""SolverSerialJointSingleHair"",""p"":0.02,""p_erase"":0.02,""r"":11,""run_id"":""93fb08d08267e12bd14cc4f801fe1f3202058f710009764389b6687cc48bdcd3""}",
        32,         0,         0,   0.461,mwpf__90b8a71d84bb4049a216b096b1fad6ec987039a4839b0ef5cac9a79d5207d721,5e43affef138b39f289f7fa23a413baa2a9d7a66b21bfef5b21d806af2aee267,"{""circuit"":""surface_code:rotated_memory_x"",""cluster_node_limit"":50,""d"":11,""decoder"":""mwpf"",""decoder_type"":""SolverSerialJointSingleHair"",""p"":0.01,""p_erase"":0.01,""r"":11,""run_id"":""f2936ce57f818d69f7e1b5c9954ec7387d9a1f53c4355bd88c213e49338e6b5b""}",
         8,         0,         0,   0.394,mwpf__d89f38621d3da58e469ab642e8ce9449a2028f501c7ff49729098ec573131f8e,f03c1e4f58ff752135e09f412b8d3bdffa88dde5b6e7fbb034ff1292d22ebde9,"{""circuit"":""surface_code:rotated_memory_x"",""cluster_node_limit"":50,""d"":11,""decoder"":""mwpf"",""decoder_type"":""SolverSerialJointSingleHair"",""p"":0.02,""p_erase"":0.02,""r"":11,""run_id"":""93fb08d08267e12bd14cc4f801fe1f3202058f710009764389b6687cc48bdcd3""}",
        32,         0,         0,   0.504,mwpf__90b8a71d84bb4049a216b096b1fad6ec987039a4839b0ef5cac9a79d5207d721,5e43affef138b39f289f7fa23a413baa2a9d7a66b21bfef5b21d806af2aee267,"{""circuit"":""surface_code:rotated_memory_x"",""cluster_node_limit"":50,""d"":11,""decoder"":""mwpf"",""decoder_type"":""SolverSerialJointSingleHair"",""p"":0.01,""p_erase"":0.01,""r"":11,""run_id"":""f2936ce57f818d69f7e1b5c9954ec7387d9a1f53c4355bd88c213e49338e6b5b""}",
        32,         0,         0,   0.461,mwpf__90b8a71d84bb4049a216b096b1fad6ec987039a4839b0ef5cac9a79d5207d721,5e43affef138b39f289f7fa23a413baa2a9d7a66b21bfef5b21d806af2aee267,"{""circuit"":""surface_code:rotated_memory_x"",""cluster_node_limit"":50,""d"":11,""decoder"":""mwpf"",""decoder_type"":""SolverSerialJointSingleHair"",""p"":0.01,""p_erase"":0.01,""r"":11,""run_id"":""f2936ce57f818d69f7e1b5c9954ec7387d9a1f53c4355bd88c213e49338e6b5b""}",
        32,         0,         0,   0.465,mwpf__90b8a71d84bb4049a216b096b1fad6ec987039a4839b0ef5cac9a79d5207d721,5e43affef138b39f289f7fa23a413baa2a9d7a66b21bfef5b21d806af2aee267,"{""circuit"":""surface_code:rotated_memory_x"",""cluster_node_limit"":50,""d"":11,""decoder"":""mwpf"",""decoder_type"":""SolverSerialJointSingleHair"",""p"":0.01,""p_erase"":0.01,""r"":11,""run_id"":""f2936ce57f818d69f7e1b5c9954ec7387d9a1f53c4355bd88c213e49338e6b5b""}",
         2,         0,         0,   0.345,mwpf__18a55d354a5179fe22b347621ac42d689c676785006a493eda6333b61165ab0a,2606fd9b27f8c06a238f10dfcfca1e8efa1cf00bdb8796dbb946e077f8ce80de,"{""circuit"":""surface_code:rotated_memory_x"",""cluster_node_limit"":50,""d"":11,""decoder"":""mwpf"",""decoder_type"":""SolverSerialJointSingleHair"",""p"":0.03,""p_erase"":0.03,""r"":11,""run_id"":""29e38ae744884c2a2b406b04af05084fd3179601bec0197b08c3eec7c1fecc34""}",
        32,         0,         0,   0.444,mwpf__90b8a71d84bb4049a216b096b1fad6ec987039a4839b0ef5cac9a79d5207d721,5e43affef138b39f289f7fa23a413baa2a9d7a66b21bfef5b21d806af2aee267,"{""circuit"":""surface_code:rotated_memory_x"",""cluster_node_limit"":50,""d"":11,""decoder"":""mwpf"",""decoder_type"":""SolverSerialJointSingleHair"",""p"":0.01,""p_erase"":0.01,""r"":11,""run_id"":""f2936ce57f818d69f7e1b5c9954ec7387d9a1f53c4355bd88c213e49338e6b5b""}",
        12,         0,         0,    2.13,mwpf__18a55d354a5179fe22b347621ac42d689c676785006a493eda6333b61165ab0a,2606fd9b27f8c06a238f10dfcfca1e8efa1cf00bdb8796dbb946e077f8ce80de,"{""circuit"":""surface_code:rotated_memory_x"",""cluster_node_limit"":50,""d"":11,""decoder"":""mwpf"",""decoder_type"":""SolverSerialJointSingleHair"",""p"":0.03,""p_erase"":0.03,""r"":11,""run_id"":""29e38ae744884c2a2b406b04af05084fd3179601bec0197b08c3eec7c1fecc34""}",
         4,         1,         0,   0.478,mwpf__18a55d354a5179fe22b347621ac42d689c676785006a493eda6333b61165ab0a,2606fd9b27f8c06a238f10dfcfca1e8efa1cf00bdb8796dbb946e077f8ce80de,"{""circuit"":""surface_code:rotated_memory_x"",""cluster_node_limit"":50,""d"":11,""decoder"":""mwpf"",""decoder_type"":""SolverSerialJointSingleHair"",""p"":0.03,""p_erase"":0.03,""r"":11,""run_id"":""29e38ae744884c2a2b406b04af05084fd3179601bec0197b08c3eec7c1fecc34""}",
         2,         0,         0,   0.390,mwpf__18a55d354a5179fe22b347621ac42d689c676785006a493eda6333b61165ab0a,2606fd9b27f8c06a238f10dfcfca1e8efa1cf00bdb8796dbb946e077f8ce80de,"{""circuit"":""surface_code:rotated_memory_x"",""cluster_node_limit"":50,""d"":11,""decoder"":""mwpf"",""decoder_type"":""SolverSerialJointSingleHair"",""p"":0.03,""p_erase"":0.03,""r"":11,""run_id"":""29e38ae744884c2a2b406b04af05084fd3179601bec0197b08c3eec7c1fecc34""}",
        16,         0,         0,   0.763,mwpf__d89f38621d3da58e469ab642e8ce9449a2028f501c7ff49729098ec573131f8e,f03c1e4f58ff752135e09f412b8d3bdffa88dde5b6e7fbb034ff1292d22ebde9,"{""circuit"":""surface_code:rotated_memory_x"",""cluster_node_limit"":50,""d"":11,""decoder"":""mwpf"",""decoder_type"":""SolverSerialJointSingleHair"",""p"":0.02,""p_erase"":0.02,""r"":11,""run_id"":""93fb08d08267e12bd14cc4f801fe1f3202058f710009764389b6687cc48bdcd3""}",
         8,         0,         0,   0.346,mwpf__d89f38621d3da58e469ab642e8ce9449a2028f501c7ff49729098ec573131f8e,f03c1e4f58ff752135e09f412b8d3bdffa88dde5b6e7fbb034ff1292d22ebde9,"{""circuit"":""surface_code:rotated_memory_x"",""cluster_node_limit"":50,""d"":11,""decoder"":""mwpf"",""decoder_type"":""SolverSerialJointSingleHair"",""p"":0.02,""p_erase"":0.02,""r"":11,""run_id"":""93fb08d08267e12bd14cc4f801fe1f3202058f710009764389b6687cc48bdcd3""}",
        32,         0,         0,   0.441,mwpf__90b8a71d84bb4049a216b096b1fad6ec987039a4839b0ef5cac9a79d5207d721,5e43affef138b39f289f7fa23a413baa2a9d7a66b21bfef5b21d806af2aee267,"{""circuit"":""surface_code:rotated_memory_x"",""cluster_node_limit"":50,""d"":11,""decoder"":""mwpf"",""decoder_type"":""SolverSerialJointSingleHair"",""p"":0.01,""p_erase"":0.01,""r"":11,""run_id"":""f2936ce57f818d69f7e1b5c9954ec7387d9a1f53c4355bd88c213e49338e6b5b""}",
         8,         0,         0,   0.375,mwpf__d89f38621d3da58e469ab642e8ce9449a2028f501c7ff49729098ec573131f8e,f03c1e4f58ff752135e09f412b8d3bdffa88dde5b6e7fbb034ff1292d22ebde9,"{""circuit"":""surface_code:rotated_memory_x"",""cluster_node_limit"":50,""d"":11,""decoder"":""mwpf"",""decoder_type"":""SolverSerialJointSingleHair"",""p"":0.02,""p_erase"":0.02,""r"":11,""run_id"":""93fb08d08267e12bd14cc4f801fe1f3202058f710009764389b6687cc48bdcd3""}",
         2,         0,         0,   0.298,mwpf__18a55d354a5179fe22b347621ac42d689c676785006a493eda6333b61165ab0a,2606fd9b27f8c06a238f10dfcfca1e8efa1cf00bdb8796dbb946e077f8ce80de,"{""circuit"":""surface_code:rotated_memory_x"",""cluster_node_limit"":50,""d"":11,""decoder"":""mwpf"",""decoder_type"":""SolverSerialJointSingleHair"",""p"":0.03,""p_erase"":0.03,""r"":11,""run_id"":""29e38ae744884c2a2b406b04af05084fd3179601bec0197b08c3eec7c1fecc34""}",
        16,         0,         0,   0.701,mwpf__d89f38621d3da58e469ab642e8ce9449a2028f501c7ff49729098ec573131f8e,f03c1e4f58ff752135e09f412b8d3bdffa88dde5b6e7fbb034ff1292d22ebde9,"{""circuit"":""surface_code:rotated_memory_x"",""cluster_node_limit"":50,""d"":11,""decoder"":""mwpf"",""decoder_type"":""SolverSerialJointSingleHair"",""p"":0.02,""p_erase"":0.02,""r"":11,""run_id"":""93fb08d08267e12bd14cc4f801fe1f3202058f710009764389b6687cc48bdcd3""}",
        32,         0,         0,   0.464,mwpf__90b8a71d84bb4049a216b096b1fad6ec987039a4839b0ef5cac9a79d5207d721,5e43affef138b39f289f7fa23a413baa2a9d7a66b21bfef5b21d806af2aee267,"{""circuit"":""surface_code:rotated_memory_x"",""cluster_node_limit"":50,""d"":11,""decoder"":""mwpf"",""decoder_type"":""SolverSerialJointSingleHair"",""p"":0.01,""p_erase"":0.01,""r"":11,""run_id"":""f2936ce57f818d69f7e1b5c9954ec7387d9a1f53c4355bd88c213e49338e6b5b""}",
        32,         0,         0,   0.510,mwpf__90b8a71d84bb4049a216b096b1fad6ec987039a4839b0ef5cac9a79d5207d721,5e43affef138b39f289f7fa23a413baa2a9d7a66b21bfef5b21d806af2aee267,"{""circuit"":""surface_code:rotated_memory_x"",""cluster_node_limit"":50,""d"":11,""decoder"":""mwpf"",""decoder_type"":""SolverSerialJointSingleHair"",""p"":0.01,""p_erase"":0.01,""r"":11,""run_id"":""f2936ce57f818d69f7e1b5c9954ec7387d9a1f53c4355bd88c213e49338e6b5b""}",
        32,         0,         0,   0.456,mwpf__90b8a71d84bb4049a216b096b1fad6ec987039a4839b0ef5cac9a79d5207d721,5e43affef138b39f289f7fa23a413baa2a9d7a66b21bfef5b21d806af2aee267,"{""circuit"":""surface_code:rotated_memory_x"",""cluster_node_limit"":50,""d"":11,""decoder"":""mwpf"",""decoder_type"":""SolverSerialJointSingleHair"",""p"":0.01,""p_erase"":0.01,""r"":11,""run_id"":""f2936ce57f818d69f7e1b5c9954ec7387d9a1f53c4355bd88c213e49338e6b5b""}",
        32,         0,         0,   0.465,mwpf__90b8a71d84bb4049a216b096b1fad6ec987039a4839b0ef5cac9a79d5207d721,5e43affef138b39f289f7fa23a413baa2a9d7a66b21bfef5b21d806af2aee267,"{""circuit"":""surface_code:rotated_memory_x"",""cluster_node_limit"":50,""d"":11,""decoder"":""mwpf"",""decoder_type"":""SolverSerialJointSingleHair"",""p"":0.01,""p_erase"":0.01,""r"":11,""run_id"":""f2936ce57f818d69f7e1b5c9954ec7387d9a1f53c4355bd88c213e49338e6b5b""}",
        32,         0,         0,   0.445,mwpf__90b8a71d84bb4049a216b096b1fad6ec987039a4839b0ef5cac9a79d5207d721,5e43affef138b39f289f7fa23a413baa2a9d7a66b21bfef5b21d806af2aee267,"{""circuit"":""surface_code:rotated_memory_x"",""cluster_node_limit"":50,""d"":11,""decoder"":""mwpf"",""decoder_type"":""SolverSerialJointSingleHair"",""p"":0.01,""p_erase"":0.01,""r"":11,""run_id"":""f2936ce57f818d69f7e1b5c9954ec7387d9a1f53c4355bd88c213e49338e6b5b""}",
        16,         0,         0,   0.694,mwpf__d89f38621d3da58e469ab642e8ce9449a2028f501c7ff49729098ec573131f8e,f03c1e4f58ff752135e09f412b8d3bdffa88dde5b6e7fbb034ff1292d22ebde9,"{""circuit"":""surface_code:rotated_memory_x"",""cluster_node_limit"":50,""d"":11,""decoder"":""mwpf"",""decoder_type"":""SolverSerialJointSingleHair"",""p"":0.02,""p_erase"":0.02,""r"":11,""run_id"":""93fb08d08267e12bd14cc4f801fe1f3202058f710009764389b6687cc48bdcd3""}",
         2,         0,         0,   0.377,mwpf__18a55d354a5179fe22b347621ac42d689c676785006a493eda6333b61165ab0a,2606fd9b27f8c06a238f10dfcfca1e8efa1cf00bdb8796dbb946e077f8ce80de,"{""circuit"":""surface_code:rotated_memory_x"",""cluster_node_limit"":50,""d"":11,""decoder"":""mwpf"",""decoder_type"":""SolverSerialJointSingleHair"",""p"":0.03,""p_erase"":0.03,""r"":11,""run_id"":""29e38ae744884c2a2b406b04af05084fd3179601bec0197b08c3eec7c1fecc34""}",
        64,         0,         0,   0.870,mwpf__90b8a71d84bb4049a216b096b1fad6ec987039a4839b0ef5cac9a79d5207d721,5e43affef138b39f289f7fa23a413baa2a9d7a66b21bfef5b21d806af2aee267,"{""circuit"":""surface_code:rotated_memory_x"",""cluster_node_limit"":50,""d"":11,""decoder"":""mwpf"",""decoder_type"":""SolverSerialJointSingleHair"",""p"":0.01,""p_erase"":0.01,""r"":11,""run_id"":""f2936ce57f818d69f7e1b5c9954ec7387d9a1f53c4355bd88c213e49338e6b5b""}",
         8,         0,         0,   0.348,mwpf__d89f38621d3da58e469ab642e8ce9449a2028f501c7ff49729098ec573131f8e,f03c1e4f58ff752135e09f412b8d3bdffa88dde5b6e7fbb034ff1292d22ebde9,"{""circuit"":""surface_code:rotated_memory_x"",""cluster_node_limit"":50,""d"":11,""decoder"":""mwpf"",""decoder_type"":""SolverSerialJointSingleHair"",""p"":0.02,""p_erase"":0.02,""r"":11,""run_id"":""93fb08d08267e12bd14cc4f801fe1f3202058f710009764389b6687cc48bdcd3""}",
         8,         0,         0,   0.358,mwpf__d89f38621d3da58e469ab642e8ce9449a2028f501c7ff49729098ec573131f8e,f03c1e4f58ff752135e09f412b8d3bdffa88dde5b6e7fbb034ff1292d22ebde9,"{""circuit"":""surface_code:rotated_memory_x"",""cluster_node_limit"":50,""d"":11,""decoder"":""mwpf"",""decoder_type"":""SolverSerialJointSingleHair"",""p"":0.02,""p_erase"":0.02,""r"":11,""run_id"":""93fb08d08267e12bd14cc4f801fe1f3202058f710009764389b6687cc48bdcd3""}",
         4,         1,         0,   0.523,mwpf__18a55d354a5179fe22b347621ac42d689c676785006a493eda6333b61165ab0a,2606fd9b27f8c06a238f10dfcfca1e8efa1cf00bdb8796dbb946e077f8ce80de,"{""circuit"":""surface_code:rotated_memory_x"",""cluster_node_limit"":50,""d"":11,""decoder"":""mwpf"",""decoder_type"":""SolverSerialJointSingleHair"",""p"":0.03,""p_erase"":0.03,""r"":11,""run_id"":""29e38ae744884c2a2b406b04af05084fd3179601bec0197b08c3eec7c1fecc34""}",
         2,         0,         0,   0.261,mwpf__18a55d354a5179fe22b347621ac42d689c676785006a493eda6333b61165ab0a,2606fd9b27f8c06a238f10dfcfca1e8efa1cf00bdb8796dbb946e077f8ce80de,"{""circuit"":""surface_code:rotated_memory_x"",""cluster_node_limit"":50,""d"":11,""decoder"":""mwpf"",""decoder_type"":""SolverSerialJointSingleHair"",""p"":0.03,""p_erase"":0.03,""r"":11,""run_id"":""29e38ae744884c2a2b406b04af05084fd3179601bec0197b08c3eec7c1fecc34""}",
        32,         0,         0,   0.458,mwpf__90b8a71d84bb4049a216b096b1fad6ec987039a4839b0ef5cac9a79d5207d721,5e43affef138b39f289f7fa23a413baa2a9d7a66b21bfef5b21d806af2aee267,"{""circuit"":""surface_code:rotated_memory_x"",""cluster_node_limit"":50,""d"":11,""decoder"":""mwpf"",""decoder_type"":""SolverSerialJointSingleHair"",""p"":0.01,""p_erase"":0.01,""r"":11,""run_id"":""f2936ce57f818d69f7e1b5c9954ec7387d9a1f53c4355bd88c213e49338e6b5b""}",
        16,         0,         0,   0.684,mwpf__d89f38621d3da58e469ab642e8ce9449a2028f501c7ff49729098ec573131f8e,f03c1e4f58ff752135e09f412b8d3bdffa88dde5b6e7fbb034ff1292d22ebde9,"{""circuit"":""surface_code:rotated_memory_x"",""cluster_node_limit"":50,""d"":11,""decoder"":""mwpf"",""decoder_type"":""SolverSerialJointSingleHair"",""p"":0.02,""p_erase"":0.02,""r"":11,""run_id"":""93fb08d08267e12bd14cc4f801fe1f3202058f710009764389b6687cc48bdcd3""}",
        32,         0,         0,   0.472,mwpf__90b8a71d84bb4049a216b096b1fad6ec987039a4839b0ef5cac9a79d5207d721,5e43affef138b39f289f7fa23a413baa2a9d7a66b21bfef5b21d806af2aee267,"{""circuit"":""surface_code:rotated_memory_x"",""cluster_node_limit"":50,""d"":11,""decoder"":""mwpf"",""decoder_type"":""SolverSerialJointSingleHair"",""p"":0.01,""p_erase"":0.01,""r"":11,""run_id"":""f2936ce57f818d69f7e1b5c9954ec7387d9a1f53c4355bd88c213e49338e6b5b""}",
        32,         0,         0,   0.471,mwpf__90b8a71d84bb4049a216b096b1fad6ec987039a4839b0ef5cac9a79d5207d721,5e43affef138b39f289f7fa23a413baa2a9d7a66b21bfef5b21d806af2aee267,"{""circuit"":""surface_code:rotated_memory_x"",""cluster_node_limit"":50,""d"":11,""decoder"":""mwpf"",""decoder_type"":""SolverSerialJointSingleHair"",""p"":0.01,""p_erase"":0.01,""r"":11,""run_id"":""f2936ce57f818d69f7e1b5c9954ec7387d9a1f53c4355bd88c213e49338e6b5b""}",
        32,         0,         0,   0.493,mwpf__90b8a71d84bb4049a216b096b1fad6ec987039a4839b0ef5cac9a79d5207d721,5e43affef138b39f289f7fa23a413baa2a9d7a66b21bfef5b21d806af2aee267,"{""circuit"":""surface_code:rotated_memory_x"",""cluster_node_limit"":50,""d"":11,""decoder"":""mwpf"",""decoder_type"":""SolverSerialJointSingleHair"",""p"":0.01,""p_erase"":0.01,""r"":11,""run_id"":""f2936ce57f818d69f7e1b5c9954ec7387d9a1f53c4355bd88c213e49338e6b5b""}",
         8,         0,         0,   0.355,mwpf__d89f38621d3da58e469ab642e8ce9449a2028f501c7ff49729098ec573131f8e,f03c1e4f58ff752135e09f412b8d3bdffa88dde5b6e7fbb034ff1292d22ebde9,"{""circuit"":""surface_code:rotated_memory_x"",""cluster_node_limit"":50,""d"":11,""decoder"":""mwpf"",""decoder_type"":""SolverSerialJointSingleHair"",""p"":0.02,""p_erase"":0.02,""r"":11,""run_id"":""93fb08d08267e12bd14cc4f801fe1f3202058f710009764389b6687cc48bdcd3""}",
        32,         0,         0,   0.460,mwpf__90b8a71d84bb4049a216b096b1fad6ec987039a4839b0ef5cac9a79d5207d721,5e43affef138b39f289f7fa23a413baa2a9d7a66b21bfef5b21d806af2aee267,"{""circuit"":""surface_code:rotated_memory_x"",""cluster_node_limit"":50,""d"":11,""decoder"":""mwpf"",""decoder_type"":""SolverSerialJointSingleHair"",""p"":0.01,""p_erase"":0.01,""r"":11,""run_id"":""f2936ce57f818d69f7e1b5c9954ec7387d9a1f53c4355bd88c213e49338e6b5b""}",
         4,         0,         0,   0.701,mwpf__18a55d354a5179fe22b347621ac42d689c676785006a493eda6333b61165ab0a,2606fd9b27f8c06a238f10dfcfca1e8efa1cf00bdb8796dbb946e077f8ce80de,"{""circuit"":""surface_code:rotated_memory_x"",""cluster_node_limit"":50,""d"":11,""decoder"":""mwpf"",""decoder_type"":""SolverSerialJointSingleHair"",""p"":0.03,""p_erase"":0.03,""r"":11,""run_id"":""29e38ae744884c2a2b406b04af05084fd3179601bec0197b08c3eec7c1fecc34""}",
         8,         0,         0,   0.367,mwpf__d89f38621d3da58e469ab642e8ce9449a2028f501c7ff49729098ec573131f8e,f03c1e4f58ff752135e09f412b8d3bdffa88dde5b6e7fbb034ff1292d22ebde9,"{""circuit"":""surface_code:rotated_memory_x"",""cluster_node_limit"":50,""d"":11,""decoder"":""mwpf"",""decoder_type"":""SolverSerialJointSingleHair"",""p"":0.02,""p_erase"":0.02,""r"":11,""run_id"":""93fb08d08267e12bd14cc4f801fe1f3202058f710009764389b6687cc48bdcd3""}",
        16,         0,         0,   0.743,mwpf__d89f38621d3da58e469ab642e8ce9449a2028f501c7ff49729098ec573131f8e,f03c1e4f58ff752135e09f412b8d3bdffa88dde5b6e7fbb034ff1292d22ebde9,"{""circuit"":""surface_code:rotated_memory_x"",""cluster_node_limit"":50,""d"":11,""decoder"":""mwpf"",""decoder_type"":""SolverSerialJointSingleHair"",""p"":0.02,""p_erase"":0.02,""r"":11,""run_id"":""93fb08d08267e12bd14cc4f801fe1f3202058f710009764389b6687cc48bdcd3""}",
        64,         0,         0,   0.889,mwpf__90b8a71d84bb4049a216b096b1fad6ec987039a4839b0ef5cac9a79d5207d721,5e43affef138b39f289f7fa23a413baa2a9d7a66b21bfef5b21d806af2aee267,"{""circuit"":""surface_code:rotated_memory_x"",""cluster_node_limit"":50,""d"":11,""decoder"":""mwpf"",""decoder_type"":""SolverSerialJointSingleHair"",""p"":0.01,""p_erase"":0.01,""r"":11,""run_id"":""f2936ce57f818d69f7e1b5c9954ec7387d9a1f53c4355bd88c213e49338e6b5b""}",
        16,         0,         0,   0.702,mwpf__d89f38621d3da58e469ab642e8ce9449a2028f501c7ff49729098ec573131f8e,f03c1e4f58ff752135e09f412b8d3bdffa88dde5b6e7fbb034ff1292d22ebde9,"{""circuit"":""surface_code:rotated_memory_x"",""cluster_node_limit"":50,""d"":11,""decoder"":""mwpf"",""decoder_type"":""SolverSerialJointSingleHair"",""p"":0.02,""p_erase"":0.02,""r"":11,""run_id"":""93fb08d08267e12bd14cc4f801fe1f3202058f710009764389b6687cc48bdcd3""}",
        32,         0,         0,   0.479,mwpf__90b8a71d84bb4049a216b096b1fad6ec987039a4839b0ef5cac9a79d5207d721,5e43affef138b39f289f7fa23a413baa2a9d7a66b21bfef5b21d806af2aee267,"{""circuit"":""surface_code:rotated_memory_x"",""cluster_node_limit"":50,""d"":11,""decoder"":""mwpf"",""decoder_type"":""SolverSerialJointSingleHair"",""p"":0.01,""p_erase"":0.01,""r"":11,""run_id"":""f2936ce57f818d69f7e1b5c9954ec7387d9a1f53c4355bd88c213e49338e6b5b""}",
         4,         1,         0,   0.629,mwpf__18a55d354a5179fe22b347621ac42d689c676785006a493eda6333b61165ab0a,2606fd9b27f8c06a238f10dfcfca1e8efa1cf00bdb8796dbb946e077f8ce80de,"{""circuit"":""surface_code:rotated_memory_x"",""cluster_node_limit"":50,""d"":11,""decoder"":""mwpf"",""decoder_type"":""SolverSerialJointSingleHair"",""p"":0.03,""p_erase"":0.03,""r"":11,""run_id"":""29e38ae744884c2a2b406b04af05084fd3179601bec0197b08c3eec7c1fecc34""}",
         8,         0,         0,   0.365,mwpf__d89f38621d3da58e469ab642e8ce9449a2028f501c7ff49729098ec573131f8e,f03c1e4f58ff752135e09f412b8d3bdffa88dde5b6e7fbb034ff1292d22ebde9,"{""circuit"":""surface_code:rotated_memory_x"",""cluster_node_limit"":50,""d"":11,""decoder"":""mwpf"",""decoder_type"":""SolverSerialJointSingleHair"",""p"":0.02,""p_erase"":0.02,""r"":11,""run_id"":""93fb08d08267e12bd14cc4f801fe1f3202058f710009764389b6687cc48bdcd3""}",
         4,         0,         0,   0.515,mwpf__18a55d354a5179fe22b347621ac42d689c676785006a493eda6333b61165ab0a,2606fd9b27f8c06a238f10dfcfca1e8efa1cf00bdb8796dbb946e077f8ce80de,"{""circuit"":""surface_code:rotated_memory_x"",""cluster_node_limit"":50,""d"":11,""decoder"":""mwpf"",""decoder_type"":""SolverSerialJointSingleHair"",""p"":0.03,""p_erase"":0.03,""r"":11,""run_id"":""29e38ae744884c2a2b406b04af05084fd3179601bec0197b08c3eec7c1fecc34""}",
        32,         0,         0,   0.463,mwpf__90b8a71d84bb4049a216b096b1fad6ec987039a4839b0ef5cac9a79d5207d721,5e43affef138b39f289f7fa23a413baa2a9d7a66b21bfef5b21d806af2aee267,"{""circuit"":""surface_code:rotated_memory_x"",""cluster_node_limit"":50,""d"":11,""decoder"":""mwpf"",""decoder_type"":""SolverSerialJointSingleHair"",""p"":0.01,""p_erase"":0.01,""r"":11,""run_id"":""f2936ce57f818d69f7e1b5c9954ec7387d9a1f53c4355bd88c213e49338e6b5b""}",
        32,         0,         0,   0.478,mwpf__90b8a71d84bb4049a216b096b1fad6ec987039a4839b0ef5cac9a79d5207d721,5e43affef138b39f289f7fa23a413baa2a9d7a66b21bfef5b21d806af2aee267,"{""circuit"":""surface_code:rotated_memory_x"",""cluster_node_limit"":50,""d"":11,""decoder"":""mwpf"",""decoder_type"":""SolverSerialJointSingleHair"",""p"":0.01,""p_erase"":0.01,""r"":11,""run_id"":""f2936ce57f818d69f7e1b5c9954ec7387d9a1f53c4355bd88c213e49338e6b5b""}",
         8,         0,         0,   0.365,mwpf__d89f38621d3da58e469ab642e8ce9449a2028f501c7ff49729098ec573131f8e,f03c1e4f58ff752135e09f412b8d3bdffa88dde5b6e7fbb034ff1292d22ebde9,"{""circuit"":""surface_code:rotated_memory_x"",""cluster_node_limit"":50,""d"":11,""decoder"":""mwpf"",""decoder_type"":""SolverSerialJointSingleHair"",""p"":0.02,""p_erase"":0.02,""r"":11,""run_id"":""93fb08d08267e12bd14cc4f801fe1f3202058f710009764389b6687cc48bdcd3""}",
        32,         0,         0,   0.443,mwpf__90b8a71d84bb4049a216b096b1fad6ec987039a4839b0ef5cac9a79d5207d721,5e43affef138b39f289f7fa23a413baa2a9d7a66b21bfef5b21d806af2aee267,"{""circuit"":""surface_code:rotated_memory_x"",""cluster_node_limit"":50,""d"":11,""decoder"":""mwpf"",""decoder_type"":""SolverSerialJointSingleHair"",""p"":0.01,""p_erase"":0.01,""r"":11,""run_id"":""f2936ce57f818d69f7e1b5c9954ec7387d9a1f53c4355bd88c213e49338e6b5b""}",
        32,         0,         0,   0.471,mwpf__90b8a71d84bb4049a216b096b1fad6ec987039a4839b0ef5cac9a79d5207d721,5e43affef138b39f289f7fa23a413baa2a9d7a66b21bfef5b21d806af2aee267,"{""circuit"":""surface_code:rotated_memory_x"",""cluster_node_limit"":50,""d"":11,""decoder"":""mwpf"",""decoder_type"":""SolverSerialJointSingleHair"",""p"":0.01,""p_erase"":0.01,""r"":11,""run_id"":""f2936ce57f818d69f7e1b5c9954ec7387d9a1f53c4355bd88c213e49338e6b5b""}",
         8,         0,         0,   0.391,mwpf__d89f38621d3da58e469ab642e8ce9449a2028f501c7ff49729098ec573131f8e,f03c1e4f58ff752135e09f412b8d3bdffa88dde5b6e7fbb034ff1292d22ebde9,"{""circuit"":""surface_code:rotated_memory_x"",""cluster_node_limit"":50,""d"":11,""decoder"":""mwpf"",""decoder_type"":""SolverSerialJointSingleHair"",""p"":0.02,""p_erase"":0.02,""r"":11,""run_id"":""93fb08d08267e12bd14cc4f801fe1f3202058f710009764389b6687cc48bdcd3""}",
         4,         0,         0,   0.757,mwpf__18a55d354a5179fe22b347621ac42d689c676785006a493eda6333b61165ab0a,2606fd9b27f8c06a238f10dfcfca1e8efa1cf00bdb8796dbb946e077f8ce80de,"{""circuit"":""surface_code:rotated_memory_x"",""cluster_node_limit"":50,""d"":11,""decoder"":""mwpf"",""decoder_type"":""SolverSerialJointSingleHair"",""p"":0.03,""p_erase"":0.03,""r"":11,""run_id"":""29e38ae744884c2a2b406b04af05084fd3179601bec0197b08c3eec7c1fecc34""}",
        32,         0,         0,   0.484,mwpf__90b8a71d84bb4049a216b096b1fad6ec987039a4839b0ef5cac9a79d5207d721,5e43affef138b39f289f7fa23a413baa2a9d7a66b21bfef5b21d806af2aee267,"{""circuit"":""surface_code:rotated_memory_x"",""cluster_node_limit"":50,""d"":11,""decoder"":""mwpf"",""decoder_type"":""SolverSerialJointSingleHair"",""p"":0.01,""p_erase"":0.01,""r"":11,""run_id"":""f2936ce57f818d69f7e1b5c9954ec7387d9a1f53c4355bd88c213e49338e6b5b""}",
        12,         1,         0,    2.26,mwpf__18a55d354a5179fe22b347621ac42d689c676785006a493eda6333b61165ab0a,2606fd9b27f8c06a238f10dfcfca1e8efa1cf00bdb8796dbb946e077f8ce80de,"{""circuit"":""surface_code:rotated_memory_x"",""cluster_node_limit"":50,""d"":11,""decoder"":""mwpf"",""decoder_type"":""SolverSerialJointSingleHair"",""p"":0.03,""p_erase"":0.03,""r"":11,""run_id"":""29e38ae744884c2a2b406b04af05084fd3179601bec0197b08c3eec7c1fecc34""}",
        16,         0,         0,   0.759,mwpf__d89f38621d3da58e469ab642e8ce9449a2028f501c7ff49729098ec573131f8e,f03c1e4f58ff752135e09f412b8d3bdffa88dde5b6e7fbb034ff1292d22ebde9,"{""circuit"":""surface_code:rotated_memory_x"",""cluster_node_limit"":50,""d"":11,""decoder"":""mwpf"",""decoder_type"":""SolverSerialJointSingleHair"",""p"":0.02,""p_erase"":0.02,""r"":11,""run_id"":""93fb08d08267e12bd14cc4f801fe1f3202058f710009764389b6687cc48bdcd3""}",
        32,         0,         0,   0.476,mwpf__90b8a71d84bb4049a216b096b1fad6ec987039a4839b0ef5cac9a79d5207d721,5e43affef138b39f289f7fa23a413baa2a9d7a66b21bfef5b21d806af2aee267,"{""circuit"":""surface_code:rotated_memory_x"",""cluster_node_limit"":50,""d"":11,""decoder"":""mwpf"",""decoder_type"":""SolverSerialJointSingleHair"",""p"":0.01,""p_erase"":0.01,""r"":11,""run_id"":""f2936ce57f818d69f7e1b5c9954ec7387d9a1f53c4355bd88c213e49338e6b5b""}",
        96,         0,         0,    1.34,mwpf__90b8a71d84bb4049a216b096b1fad6ec987039a4839b0ef5cac9a79d5207d721,5e43affef138b39f289f7fa23a413baa2a9d7a66b21bfef5b21d806af2aee267,"{""circuit"":""surface_code:rotated_memory_x"",""cluster_node_limit"":50,""d"":11,""decoder"":""mwpf"",""decoder_type"":""SolverSerialJointSingleHair"",""p"":0.01,""p_erase"":0.01,""r"":11,""run_id"":""f2936ce57f818d69f7e1b5c9954ec7387d9a1f53c4355bd88c213e49338e6b5b""}",
        32,         0,         0,   0.536,mwpf__90b8a71d84bb4049a216b096b1fad6ec987039a4839b0ef5cac9a79d5207d721,5e43affef138b39f289f7fa23a413baa2a9d7a66b21bfef5b21d806af2aee267,"{""circuit"":""surface_code:rotated_memory_x"",""cluster_node_limit"":50,""d"":11,""decoder"":""mwpf"",""decoder_type"":""SolverSerialJointSingleHair"",""p"":0.01,""p_erase"":0.01,""r"":11,""run_id"":""f2936ce57f818d69f7e1b5c9954ec7387d9a1f53c4355bd88c213e49338e6b5b""}",
         4,         0,         0,   0.607,mwpf__18a55d354a5179fe22b347621ac42d689c676785006a493eda6333b61165ab0a,2606fd9b27f8c06a238f10dfcfca1e8efa1cf00bdb8796dbb946e077f8ce80de,"{""circuit"":""surface_code:rotated_memory_x"",""cluster_node_limit"":50,""d"":11,""decoder"":""mwpf"",""decoder_type"":""SolverSerialJointSingleHair"",""p"":0.03,""p_erase"":0.03,""r"":11,""run_id"":""29e38ae744884c2a2b406b04af05084fd3179601bec0197b08c3eec7c1fecc34""}",
        32,         0,         0,   0.543,mwpf__90b8a71d84bb4049a216b096b1fad6ec987039a4839b0ef5cac9a79d5207d721,5e43affef138b39f289f7fa23a413baa2a9d7a66b21bfef5b21d806af2aee267,"{""circuit"":""surface_code:rotated_memory_x"",""cluster_node_limit"":50,""d"":11,""decoder"":""mwpf"",""decoder_type"":""SolverSerialJointSingleHair"",""p"":0.01,""p_erase"":0.01,""r"":11,""run_id"":""f2936ce57f818d69f7e1b5c9954ec7387d9a1f53c4355bd88c213e49338e6b5b""}",
        32,         0,         0,   0.548,mwpf__90b8a71d84bb4049a216b096b1fad6ec987039a4839b0ef5cac9a79d5207d721,5e43affef138b39f289f7fa23a413baa2a9d7a66b21bfef5b21d806af2aee267,"{""circuit"":""surface_code:rotated_memory_x"",""cluster_node_limit"":50,""d"":11,""decoder"":""mwpf"",""decoder_type"":""SolverSerialJointSingleHair"",""p"":0.01,""p_erase"":0.01,""r"":11,""run_id"":""f2936ce57f818d69f7e1b5c9954ec7387d9a1f53c4355bd88c213e49338e6b5b""}",
        16,         2,         0,    2.78,mwpf__18a55d354a5179fe22b347621ac42d689c676785006a493eda6333b61165ab0a,2606fd9b27f8c06a238f10dfcfca1e8efa1cf00bdb8796dbb946e077f8ce80de,"{""circuit"":""surface_code:rotated_memory_x"",""cluster_node_limit"":50,""d"":11,""decoder"":""mwpf"",""decoder_type"":""SolverSerialJointSingleHair"",""p"":0.03,""p_erase"":0.03,""r"":11,""run_id"":""29e38ae744884c2a2b406b04af05084fd3179601bec0197b08c3eec7c1fecc34""}",
         4,         0,         0,   0.694,mwpf__18a55d354a5179fe22b347621ac42d689c676785006a493eda6333b61165ab0a,2606fd9b27f8c06a238f10dfcfca1e8efa1cf00bdb8796dbb946e077f8ce80de,"{""circuit"":""surface_code:rotated_memory_x"",""cluster_node_limit"":50,""d"":11,""decoder"":""mwpf"",""decoder_type"":""SolverSerialJointSingleHair"",""p"":0.03,""p_erase"":0.03,""r"":11,""run_id"":""29e38ae744884c2a2b406b04af05084fd3179601bec0197b08c3eec7c1fecc34""}",
        24,         0,         0,    1.15,mwpf__d89f38621d3da58e469ab642e8ce9449a2028f501c7ff49729098ec573131f8e,f03c1e4f58ff752135e09f412b8d3bdffa88dde5b6e7fbb034ff1292d22ebde9,"{""circuit"":""surface_code:rotated_memory_x"",""cluster_node_limit"":50,""d"":11,""decoder"":""mwpf"",""decoder_type"":""SolverSerialJointSingleHair"",""p"":0.02,""p_erase"":0.02,""r"":11,""run_id"":""93fb08d08267e12bd14cc4f801fe1f3202058f710009764389b6687cc48bdcd3""}",
         8,         0,         0,   0.350,mwpf__d89f38621d3da58e469ab642e8ce9449a2028f501c7ff49729098ec573131f8e,f03c1e4f58ff752135e09f412b8d3bdffa88dde5b6e7fbb034ff1292d22ebde9,"{""circuit"":""surface_code:rotated_memory_x"",""cluster_node_limit"":50,""d"":11,""decoder"":""mwpf"",""decoder_type"":""SolverSerialJointSingleHair"",""p"":0.02,""p_erase"":0.02,""r"":11,""run_id"":""93fb08d08267e12bd14cc4f801fe1f3202058f710009764389b6687cc48bdcd3""}",
        64,         0,         0,   0.928,mwpf__90b8a71d84bb4049a216b096b1fad6ec987039a4839b0ef5cac9a79d5207d721,5e43affef138b39f289f7fa23a413baa2a9d7a66b21bfef5b21d806af2aee267,"{""circuit"":""surface_code:rotated_memory_x"",""cluster_node_limit"":50,""d"":11,""decoder"":""mwpf"",""decoder_type"":""SolverSerialJointSingleHair"",""p"":0.01,""p_erase"":0.01,""r"":11,""run_id"":""f2936ce57f818d69f7e1b5c9954ec7387d9a1f53c4355bd88c213e49338e6b5b""}",
       224,         0,         0,    3.07,mwpf__90b8a71d84bb4049a216b096b1fad6ec987039a4839b0ef5cac9a79d5207d721,5e43affef138b39f289f7fa23a413baa2a9d7a66b21bfef5b21d806af2aee267,"{""circuit"":""surface_code:rotated_memory_x"",""cluster_node_limit"":50,""d"":11,""decoder"":""mwpf"",""decoder_type"":""SolverSerialJointSingleHair"",""p"":0.01,""p_erase"":0.01,""r"":11,""run_id"":""f2936ce57f818d69f7e1b5c9954ec7387d9a1f53c4355bd88c213e49338e6b5b""}",
        16,         0,         0,   0.775,mwpf__d89f38621d3da58e469ab642e8ce9449a2028f501c7ff49729098ec573131f8e,f03c1e4f58ff752135e09f412b8d3bdffa88dde5b6e7fbb034ff1292d22ebde9,"{""circuit"":""surface_code:rotated_memory_x"",""cluster_node_limit"":50,""d"":11,""decoder"":""mwpf"",""decoder_type"":""SolverSerialJointSingleHair"",""p"":0.02,""p_erase"":0.02,""r"":11,""run_id"":""93fb08d08267e12bd14cc4f801fe1f3202058f710009764389b6687cc48bdcd3""}",
         4,         0,         0,   0.589,mwpf__18a55d354a5179fe22b347621ac42d689c676785006a493eda6333b61165ab0a,2606fd9b27f8c06a238f10dfcfca1e8efa1cf00bdb8796dbb946e077f8ce80de,"{""circuit"":""surface_code:rotated_memory_x"",""cluster_node_limit"":50,""d"":11,""decoder"":""mwpf"",""decoder_type"":""SolverSerialJointSingleHair"",""p"":0.03,""p_erase"":0.03,""r"":11,""run_id"":""29e38ae744884c2a2b406b04af05084fd3179601bec0197b08c3eec7c1fecc34""}",
        24,         0,         0,    1.19,mwpf__d89f38621d3da58e469ab642e8ce9449a2028f501c7ff49729098ec573131f8e,f03c1e4f58ff752135e09f412b8d3bdffa88dde5b6e7fbb034ff1292d22ebde9,"{""circuit"":""surface_code:rotated_memory_x"",""cluster_node_limit"":50,""d"":11,""decoder"":""mwpf"",""decoder_type"":""SolverSerialJointSingleHair"",""p"":0.02,""p_erase"":0.02,""r"":11,""run_id"":""93fb08d08267e12bd14cc4f801fe1f3202058f710009764389b6687cc48bdcd3""}",
         8,         0,         0,   0.375,mwpf__d89f38621d3da58e469ab642e8ce9449a2028f501c7ff49729098ec573131f8e,f03c1e4f58ff752135e09f412b8d3bdffa88dde5b6e7fbb034ff1292d22ebde9,"{""circuit"":""surface_code:rotated_memory_x"",""cluster_node_limit"":50,""d"":11,""decoder"":""mwpf"",""decoder_type"":""SolverSerialJointSingleHair"",""p"":0.02,""p_erase"":0.02,""r"":11,""run_id"":""93fb08d08267e12bd14cc4f801fe1f3202058f710009764389b6687cc48bdcd3""}",
        96,         0,         0,    4.41,mwpf__d89f38621d3da58e469ab642e8ce9449a2028f501c7ff49729098ec573131f8e,f03c1e4f58ff752135e09f412b8d3bdffa88dde5b6e7fbb034ff1292d22ebde9,"{""circuit"":""surface_code:rotated_memory_x"",""cluster_node_limit"":50,""d"":11,""decoder"":""mwpf"",""decoder_type"":""SolverSerialJointSingleHair"",""p"":0.02,""p_erase"":0.02,""r"":11,""run_id"":""93fb08d08267e12bd14cc4f801fe1f3202058f710009764389b6687cc48bdcd3""}",
        32,         0,         0,   0.627,mwpf__90b8a71d84bb4049a216b096b1fad6ec987039a4839b0ef5cac9a79d5207d721,5e43affef138b39f289f7fa23a413baa2a9d7a66b21bfef5b21d806af2aee267,"{""circuit"":""surface_code:rotated_memory_x"",""cluster_node_limit"":50,""d"":11,""decoder"":""mwpf"",""decoder_type"":""SolverSerialJointSingleHair"",""p"":0.01,""p_erase"":0.01,""r"":11,""run_id"":""f2936ce57f818d69f7e1b5c9954ec7387d9a1f53c4355bd88c213e49338e6b5b""}",
        32,         0,         0,   0.620,mwpf__90b8a71d84bb4049a216b096b1fad6ec987039a4839b0ef5cac9a79d5207d721,5e43affef138b39f289f7fa23a413baa2a9d7a66b21bfef5b21d806af2aee267,"{""circuit"":""surface_code:rotated_memory_x"",""cluster_node_limit"":50,""d"":11,""decoder"":""mwpf"",""decoder_type"":""SolverSerialJointSingleHair"",""p"":0.01,""p_erase"":0.01,""r"":11,""run_id"":""f2936ce57f818d69f7e1b5c9954ec7387d9a1f53c4355bd88c213e49338e6b5b""}",
        32,         0,         0,   0.667,mwpf__90b8a71d84bb4049a216b096b1fad6ec987039a4839b0ef5cac9a79d5207d721,5e43affef138b39f289f7fa23a413baa2a9d7a66b21bfef5b21d806af2aee267,"{""circuit"":""surface_code:rotated_memory_x"",""cluster_node_limit"":50,""d"":11,""decoder"":""mwpf"",""decoder_type"":""SolverSerialJointSingleHair"",""p"":0.01,""p_erase"":0.01,""r"":11,""run_id"":""f2936ce57f818d69f7e1b5c9954ec7387d9a1f53c4355bd88c213e49338e6b5b""}",
        20,         0,         0,    3.24,mwpf__18a55d354a5179fe22b347621ac42d689c676785006a493eda6333b61165ab0a,2606fd9b27f8c06a238f10dfcfca1e8efa1cf00bdb8796dbb946e077f8ce80de,"{""circuit"":""surface_code:rotated_memory_x"",""cluster_node_limit"":50,""d"":11,""decoder"":""mwpf"",""decoder_type"":""SolverSerialJointSingleHair"",""p"":0.03,""p_erase"":0.03,""r"":11,""run_id"":""29e38ae744884c2a2b406b04af05084fd3179601bec0197b08c3eec7c1fecc34""}",
        16,         0,         0,   0.809,mwpf__d89f38621d3da58e469ab642e8ce9449a2028f501c7ff49729098ec573131f8e,f03c1e4f58ff752135e09f412b8d3bdffa88dde5b6e7fbb034ff1292d22ebde9,"{""circuit"":""surface_code:rotated_memory_x"",""cluster_node_limit"":50,""d"":11,""decoder"":""mwpf"",""decoder_type"":""SolverSerialJointSingleHair"",""p"":0.02,""p_erase"":0.02,""r"":11,""run_id"":""93fb08d08267e12bd14cc4f801fe1f3202058f710009764389b6687cc48bdcd3""}",
         4,         0,         0,   0.687,mwpf__18a55d354a5179fe22b347621ac42d689c676785006a493eda6333b61165ab0a,2606fd9b27f8c06a238f10dfcfca1e8efa1cf00bdb8796dbb946e077f8ce80de,"{""circuit"":""surface_code:rotated_memory_x"",""cluster_node_limit"":50,""d"":11,""decoder"":""mwpf"",""decoder_type"":""SolverSerialJointSingleHair"",""p"":0.03,""p_erase"":0.03,""r"":11,""run_id"":""29e38ae744884c2a2b406b04af05084fd3179601bec0197b08c3eec7c1fecc34""}",
        16,         2,         0,    2.71,mwpf__18a55d354a5179fe22b347621ac42d689c676785006a493eda6333b61165ab0a,2606fd9b27f8c06a238f10dfcfca1e8efa1cf00bdb8796dbb946e077f8ce80de,"{""circuit"":""surface_code:rotated_memory_x"",""cluster_node_limit"":50,""d"":11,""decoder"":""mwpf"",""decoder_type"":""SolverSerialJointSingleHair"",""p"":0.03,""p_erase"":0.03,""r"":11,""run_id"":""29e38ae744884c2a2b406b04af05084fd3179601bec0197b08c3eec7c1fecc34""}",
        64,         0,         0,    1.02,mwpf__90b8a71d84bb4049a216b096b1fad6ec987039a4839b0ef5cac9a79d5207d721,5e43affef138b39f289f7fa23a413baa2a9d7a66b21bfef5b21d806af2aee267,"{""circuit"":""surface_code:rotated_memory_x"",""cluster_node_limit"":50,""d"":11,""decoder"":""mwpf"",""decoder_type"":""SolverSerialJointSingleHair"",""p"":0.01,""p_erase"":0.01,""r"":11,""run_id"":""f2936ce57f818d69f7e1b5c9954ec7387d9a1f53c4355bd88c213e49338e6b5b""}",
         4,         1,         0,   0.898,mwpf__18a55d354a5179fe22b347621ac42d689c676785006a493eda6333b61165ab0a,2606fd9b27f8c06a238f10dfcfca1e8efa1cf00bdb8796dbb946e077f8ce80de,"{""circuit"":""surface_code:rotated_memory_x"",""cluster_node_limit"":50,""d"":11,""decoder"":""mwpf"",""decoder_type"":""SolverSerialJointSingleHair"",""p"":0.03,""p_erase"":0.03,""r"":11,""run_id"":""29e38ae744884c2a2b406b04af05084fd3179601bec0197b08c3eec7c1fecc34""}",
        16,         0,         0,   0.716,mwpf__d89f38621d3da58e469ab642e8ce9449a2028f501c7ff49729098ec573131f8e,f03c1e4f58ff752135e09f412b8d3bdffa88dde5b6e7fbb034ff1292d22ebde9,"{""circuit"":""surface_code:rotated_memory_x"",""cluster_node_limit"":50,""d"":11,""decoder"":""mwpf"",""decoder_type"":""SolverSerialJointSingleHair"",""p"":0.02,""p_erase"":0.02,""r"":11,""run_id"":""93fb08d08267e12bd14cc4f801fe1f3202058f710009764389b6687cc48bdcd3""}",
        64,         0,         0,    1.07,mwpf__90b8a71d84bb4049a216b096b1fad6ec987039a4839b0ef5cac9a79d5207d721,5e43affef138b39f289f7fa23a413baa2a9d7a66b21bfef5b21d806af2aee267,"{""circuit"":""surface_code:rotated_memory_x"",""cluster_node_limit"":50,""d"":11,""decoder"":""mwpf"",""decoder_type"":""SolverSerialJointSingleHair"",""p"":0.01,""p_erase"":0.01,""r"":11,""run_id"":""f2936ce57f818d69f7e1b5c9954ec7387d9a1f53c4355bd88c213e49338e6b5b""}",
        32,         0,         0,   0.456,mwpf__90b8a71d84bb4049a216b096b1fad6ec987039a4839b0ef5cac9a79d5207d721,5e43affef138b39f289f7fa23a413baa2a9d7a66b21bfef5b21d806af2aee267,"{""circuit"":""surface_code:rotated_memory_x"",""cluster_node_limit"":50,""d"":11,""decoder"":""mwpf"",""decoder_type"":""SolverSerialJointSingleHair"",""p"":0.01,""p_erase"":0.01,""r"":11,""run_id"":""f2936ce57f818d69f7e1b5c9954ec7387d9a1f53c4355bd88c213e49338e6b5b""}",
        32,         0,         0,   0.496,mwpf__90b8a71d84bb4049a216b096b1fad6ec987039a4839b0ef5cac9a79d5207d721,5e43affef138b39f289f7fa23a413baa2a9d7a66b21bfef5b21d806af2aee267,"{""circuit"":""surface_code:rotated_memory_x"",""cluster_node_limit"":50,""d"":11,""decoder"":""mwpf"",""decoder_type"":""SolverSerialJointSingleHair"",""p"":0.01,""p_erase"":0.01,""r"":11,""run_id"":""f2936ce57f818d69f7e1b5c9954ec7387d9a1f53c4355bd88c213e49338e6b5b""}",
         4,         0,         0,   0.770,mwpf__18a55d354a5179fe22b347621ac42d689c676785006a493eda6333b61165ab0a,2606fd9b27f8c06a238f10dfcfca1e8efa1cf00bdb8796dbb946e077f8ce80de,"{""circuit"":""surface_code:rotated_memory_x"",""cluster_node_limit"":50,""d"":11,""decoder"":""mwpf"",""decoder_type"":""SolverSerialJointSingleHair"",""p"":0.03,""p_erase"":0.03,""r"":11,""run_id"":""29e38ae744884c2a2b406b04af05084fd3179601bec0197b08c3eec7c1fecc34""}",
        32,         0,         0,   0.521,mwpf__90b8a71d84bb4049a216b096b1fad6ec987039a4839b0ef5cac9a79d5207d721,5e43affef138b39f289f7fa23a413baa2a9d7a66b21bfef5b21d806af2aee267,"{""circuit"":""surface_code:rotated_memory_x"",""cluster_node_limit"":50,""d"":11,""decoder"":""mwpf"",""decoder_type"":""SolverSerialJointSingleHair"",""p"":0.01,""p_erase"":0.01,""r"":11,""run_id"":""f2936ce57f818d69f7e1b5c9954ec7387d9a1f53c4355bd88c213e49338e6b5b""}",
        24,         0,         0,    1.17,mwpf__d89f38621d3da58e469ab642e8ce9449a2028f501c7ff49729098ec573131f8e,f03c1e4f58ff752135e09f412b8d3bdffa88dde5b6e7fbb034ff1292d22ebde9,"{""circuit"":""surface_code:rotated_memory_x"",""cluster_node_limit"":50,""d"":11,""decoder"":""mwpf"",""decoder_type"":""SolverSerialJointSingleHair"",""p"":0.02,""p_erase"":0.02,""r"":11,""run_id"":""93fb08d08267e12bd14cc4f801fe1f3202058f710009764389b6687cc48bdcd3""}",
        16,         0,         0,   0.783,mwpf__d89f38621d3da58e469ab642e8ce9449a2028f501c7ff49729098ec573131f8e,f03c1e4f58ff752135e09f412b8d3bdffa88dde5b6e7fbb034ff1292d22ebde9,"{""circuit"":""surface_code:rotated_memory_x"",""cluster_node_limit"":50,""d"":11,""decoder"":""mwpf"",""decoder_type"":""SolverSerialJointSingleHair"",""p"":0.02,""p_erase"":0.02,""r"":11,""run_id"":""93fb08d08267e12bd14cc4f801fe1f3202058f710009764389b6687cc48bdcd3""}",
         4,         0,         0,   0.700,mwpf__18a55d354a5179fe22b347621ac42d689c676785006a493eda6333b61165ab0a,2606fd9b27f8c06a238f10dfcfca1e8efa1cf00bdb8796dbb946e077f8ce80de,"{""circuit"":""surface_code:rotated_memory_x"",""cluster_node_limit"":50,""d"":11,""decoder"":""mwpf"",""decoder_type"":""SolverSerialJointSingleHair"",""p"":0.03,""p_erase"":0.03,""r"":11,""run_id"":""29e38ae744884c2a2b406b04af05084fd3179601bec0197b08c3eec7c1fecc34""}",
        96,         0,         0,    1.36,mwpf__90b8a71d84bb4049a216b096b1fad6ec987039a4839b0ef5cac9a79d5207d721,5e43affef138b39f289f7fa23a413baa2a9d7a66b21bfef5b21d806af2aee267,"{""circuit"":""surface_code:rotated_memory_x"",""cluster_node_limit"":50,""d"":11,""decoder"":""mwpf"",""decoder_type"":""SolverSerialJointSingleHair"",""p"":0.01,""p_erase"":0.01,""r"":11,""run_id"":""f2936ce57f818d69f7e1b5c9954ec7387d9a1f53c4355bd88c213e49338e6b5b""}",
        32,         0,         0,   0.458,mwpf__90b8a71d84bb4049a216b096b1fad6ec987039a4839b0ef5cac9a79d5207d721,5e43affef138b39f289f7fa23a413baa2a9d7a66b21bfef5b21d806af2aee267,"{""circuit"":""surface_code:rotated_memory_x"",""cluster_node_limit"":50,""d"":11,""decoder"":""mwpf"",""decoder_type"":""SolverSerialJointSingleHair"",""p"":0.01,""p_erase"":0.01,""r"":11,""run_id"":""f2936ce57f818d69f7e1b5c9954ec7387d9a1f53c4355bd88c213e49338e6b5b""}",
        32,         0,         0,   0.458,mwpf__90b8a71d84bb4049a216b096b1fad6ec987039a4839b0ef5cac9a79d5207d721,5e43affef138b39f289f7fa23a413baa2a9d7a66b21bfef5b21d806af2aee267,"{""circuit"":""surface_code:rotated_memory_x"",""cluster_node_limit"":50,""d"":11,""decoder"":""mwpf"",""decoder_type"":""SolverSerialJointSingleHair"",""p"":0.01,""p_erase"":0.01,""r"":11,""run_id"":""f2936ce57f818d69f7e1b5c9954ec7387d9a1f53c4355bd88c213e49338e6b5b""}",
       128,         0,         0,    1.71,mwpf__90b8a71d84bb4049a216b096b1fad6ec987039a4839b0ef5cac9a79d5207d721,5e43affef138b39f289f7fa23a413baa2a9d7a66b21bfef5b21d806af2aee267,"{""circuit"":""surface_code:rotated_memory_x"",""cluster_node_limit"":50,""d"":11,""decoder"":""mwpf"",""decoder_type"":""SolverSerialJointSingleHair"",""p"":0.01,""p_erase"":0.01,""r"":11,""run_id"":""f2936ce57f818d69f7e1b5c9954ec7387d9a1f53c4355bd88c213e49338e6b5b""}",
        32,         0,         0,   0.472,mwpf__90b8a71d84bb4049a216b096b1fad6ec987039a4839b0ef5cac9a79d5207d721,5e43affef138b39f289f7fa23a413baa2a9d7a66b21bfef5b21d806af2aee267,"{""circuit"":""surface_code:rotated_memory_x"",""cluster_node_limit"":50,""d"":11,""decoder"":""mwpf"",""decoder_type"":""SolverSerialJointSingleHair"",""p"":0.01,""p_erase"":0.01,""r"":11,""run_id"":""f2936ce57f818d69f7e1b5c9954ec7387d9a1f53c4355bd88c213e49338e6b5b""}",
         4,         1,         0,   0.821,mwpf__18a55d354a5179fe22b347621ac42d689c676785006a493eda6333b61165ab0a,2606fd9b27f8c06a238f10dfcfca1e8efa1cf00bdb8796dbb946e077f8ce80de,"{""circuit"":""surface_code:rotated_memory_x"",""cluster_node_limit"":50,""d"":11,""decoder"":""mwpf"",""decoder_type"":""SolverSerialJointSingleHair"",""p"":0.03,""p_erase"":0.03,""r"":11,""run_id"":""29e38ae744884c2a2b406b04af05084fd3179601bec0197b08c3eec7c1fecc34""}",
         4,         1,         0,   0.572,mwpf__18a55d354a5179fe22b347621ac42d689c676785006a493eda6333b61165ab0a,2606fd9b27f8c06a238f10dfcfca1e8efa1cf00bdb8796dbb946e077f8ce80de,"{""circuit"":""surface_code:rotated_memory_x"",""cluster_node_limit"":50,""d"":11,""decoder"":""mwpf"",""decoder_type"":""SolverSerialJointSingleHair"",""p"":0.03,""p_erase"":0.03,""r"":11,""run_id"":""29e38ae744884c2a2b406b04af05084fd3179601bec0197b08c3eec7c1fecc34""}",
        64,         0,         0,   0.947,mwpf__90b8a71d84bb4049a216b096b1fad6ec987039a4839b0ef5cac9a79d5207d721,5e43affef138b39f289f7fa23a413baa2a9d7a66b21bfef5b21d806af2aee267,"{""circuit"":""surface_code:rotated_memory_x"",""cluster_node_limit"":50,""d"":11,""decoder"":""mwpf"",""decoder_type"":""SolverSerialJointSingleHair"",""p"":0.01,""p_erase"":0.01,""r"":11,""run_id"":""f2936ce57f818d69f7e1b5c9954ec7387d9a1f53c4355bd88c213e49338e6b5b""}",
        64,         0,         0,   0.940,mwpf__90b8a71d84bb4049a216b096b1fad6ec987039a4839b0ef5cac9a79d5207d721,5e43affef138b39f289f7fa23a413baa2a9d7a66b21bfef5b21d806af2aee267,"{""circuit"":""surface_code:rotated_memory_x"",""cluster_node_limit"":50,""d"":11,""decoder"":""mwpf"",""decoder_type"":""SolverSerialJointSingleHair"",""p"":0.01,""p_erase"":0.01,""r"":11,""run_id"":""f2936ce57f818d69f7e1b5c9954ec7387d9a1f53c4355bd88c213e49338e6b5b""}",
        32,         0,         0,    1.49,mwpf__d89f38621d3da58e469ab642e8ce9449a2028f501c7ff49729098ec573131f8e,f03c1e4f58ff752135e09f412b8d3bdffa88dde5b6e7fbb034ff1292d22ebde9,"{""circuit"":""surface_code:rotated_memory_x"",""cluster_node_limit"":50,""d"":11,""decoder"":""mwpf"",""decoder_type"":""SolverSerialJointSingleHair"",""p"":0.02,""p_erase"":0.02,""r"":11,""run_id"":""93fb08d08267e12bd14cc4f801fe1f3202058f710009764389b6687cc48bdcd3""}",
        32,         0,         0,   0.443,mwpf__90b8a71d84bb4049a216b096b1fad6ec987039a4839b0ef5cac9a79d5207d721,5e43affef138b39f289f7fa23a413baa2a9d7a66b21bfef5b21d806af2aee267,"{""circuit"":""surface_code:rotated_memory_x"",""cluster_node_limit"":50,""d"":11,""decoder"":""mwpf"",""decoder_type"":""SolverSerialJointSingleHair"",""p"":0.01,""p_erase"":0.01,""r"":11,""run_id"":""f2936ce57f818d69f7e1b5c9954ec7387d9a1f53c4355bd88c213e49338e6b5b""}",
         4,         2,         0,   0.610,mwpf__18a55d354a5179fe22b347621ac42d689c676785006a493eda6333b61165ab0a,2606fd9b27f8c06a238f10dfcfca1e8efa1cf00bdb8796dbb946e077f8ce80de,"{""circuit"":""surface_code:rotated_memory_x"",""cluster_node_limit"":50,""d"":11,""decoder"":""mwpf"",""decoder_type"":""SolverSerialJointSingleHair"",""p"":0.03,""p_erase"":0.03,""r"":11,""run_id"":""29e38ae744884c2a2b406b04af05084fd3179601bec0197b08c3eec7c1fecc34""}",
        24,         0,         0,    1.13,mwpf__d89f38621d3da58e469ab642e8ce9449a2028f501c7ff49729098ec573131f8e,f03c1e4f58ff752135e09f412b8d3bdffa88dde5b6e7fbb034ff1292d22ebde9,"{""circuit"":""surface_code:rotated_memory_x"",""cluster_node_limit"":50,""d"":11,""decoder"":""mwpf"",""decoder_type"":""SolverSerialJointSingleHair"",""p"":0.02,""p_erase"":0.02,""r"":11,""run_id"":""93fb08d08267e12bd14cc4f801fe1f3202058f710009764389b6687cc48bdcd3""}",
        32,         0,         0,   0.454,mwpf__90b8a71d84bb4049a216b096b1fad6ec987039a4839b0ef5cac9a79d5207d721,5e43affef138b39f289f7fa23a413baa2a9d7a66b21bfef5b21d806af2aee267,"{""circuit"":""surface_code:rotated_memory_x"",""cluster_node_limit"":50,""d"":11,""decoder"":""mwpf"",""decoder_type"":""SolverSerialJointSingleHair"",""p"":0.01,""p_erase"":0.01,""r"":11,""run_id"":""f2936ce57f818d69f7e1b5c9954ec7387d9a1f53c4355bd88c213e49338e6b5b""}",
        16,         0,         0,   0.853,mwpf__d89f38621d3da58e469ab642e8ce9449a2028f501c7ff49729098ec573131f8e,f03c1e4f58ff752135e09f412b8d3bdffa88dde5b6e7fbb034ff1292d22ebde9,"{""circuit"":""surface_code:rotated_memory_x"",""cluster_node_limit"":50,""d"":11,""decoder"":""mwpf"",""decoder_type"":""SolverSerialJointSingleHair"",""p"":0.02,""p_erase"":0.02,""r"":11,""run_id"":""93fb08d08267e12bd14cc4f801fe1f3202058f710009764389b6687cc48bdcd3""}",
        32,         0,         0,    1.42,mwpf__d89f38621d3da58e469ab642e8ce9449a2028f501c7ff49729098ec573131f8e,f03c1e4f58ff752135e09f412b8d3bdffa88dde5b6e7fbb034ff1292d22ebde9,"{""circuit"":""surface_code:rotated_memory_x"",""cluster_node_limit"":50,""d"":11,""decoder"":""mwpf"",""decoder_type"":""SolverSerialJointSingleHair"",""p"":0.02,""p_erase"":0.02,""r"":11,""run_id"":""93fb08d08267e12bd14cc4f801fe1f3202058f710009764389b6687cc48bdcd3""}",
         4,         0,         0,   0.713,mwpf__18a55d354a5179fe22b347621ac42d689c676785006a493eda6333b61165ab0a,2606fd9b27f8c06a238f10dfcfca1e8efa1cf00bdb8796dbb946e077f8ce80de,"{""circuit"":""surface_code:rotated_memory_x"",""cluster_node_limit"":50,""d"":11,""decoder"":""mwpf"",""decoder_type"":""SolverSerialJointSingleHair"",""p"":0.03,""p_erase"":0.03,""r"":11,""run_id"":""29e38ae744884c2a2b406b04af05084fd3179601bec0197b08c3eec7c1fecc34""}",
        64,         0,         0,   0.963,mwpf__90b8a71d84bb4049a216b096b1fad6ec987039a4839b0ef5cac9a79d5207d721,5e43affef138b39f289f7fa23a413baa2a9d7a66b21bfef5b21d806af2aee267,"{""circuit"":""surface_code:rotated_memory_x"",""cluster_node_limit"":50,""d"":11,""decoder"":""mwpf"",""decoder_type"":""SolverSerialJointSingleHair"",""p"":0.01,""p_erase"":0.01,""r"":11,""run_id"":""f2936ce57f818d69f7e1b5c9954ec7387d9a1f53c4355bd88c213e49338e6b5b""}",
         4,         0,         0,   0.881,mwpf__18a55d354a5179fe22b347621ac42d689c676785006a493eda6333b61165ab0a,2606fd9b27f8c06a238f10dfcfca1e8efa1cf00bdb8796dbb946e077f8ce80de,"{""circuit"":""surface_code:rotated_memory_x"",""cluster_node_limit"":50,""d"":11,""decoder"":""mwpf"",""decoder_type"":""SolverSerialJointSingleHair"",""p"":0.03,""p_erase"":0.03,""r"":11,""run_id"":""29e38ae744884c2a2b406b04af05084fd3179601bec0197b08c3eec7c1fecc34""}",
        64,         0,         0,   0.892,mwpf__90b8a71d84bb4049a216b096b1fad6ec987039a4839b0ef5cac9a79d5207d721,5e43affef138b39f289f7fa23a413baa2a9d7a66b21bfef5b21d806af2aee267,"{""circuit"":""surface_code:rotated_memory_x"",""cluster_node_limit"":50,""d"":11,""decoder"":""mwpf"",""decoder_type"":""SolverSerialJointSingleHair"",""p"":0.01,""p_erase"":0.01,""r"":11,""run_id"":""f2936ce57f818d69f7e1b5c9954ec7387d9a1f53c4355bd88c213e49338e6b5b""}",
        16,         0,         0,   0.811,mwpf__d89f38621d3da58e469ab642e8ce9449a2028f501c7ff49729098ec573131f8e,f03c1e4f58ff752135e09f412b8d3bdffa88dde5b6e7fbb034ff1292d22ebde9,"{""circuit"":""surface_code:rotated_memory_x"",""cluster_node_limit"":50,""d"":11,""decoder"":""mwpf"",""decoder_type"":""SolverSerialJointSingleHair"",""p"":0.02,""p_erase"":0.02,""r"":11,""run_id"":""93fb08d08267e12bd14cc4f801fe1f3202058f710009764389b6687cc48bdcd3""}",
        40,         0,         0,    1.75,mwpf__d89f38621d3da58e469ab642e8ce9449a2028f501c7ff49729098ec573131f8e,f03c1e4f58ff752135e09f412b8d3bdffa88dde5b6e7fbb034ff1292d22ebde9,"{""circuit"":""surface_code:rotated_memory_x"",""cluster_node_limit"":50,""d"":11,""decoder"":""mwpf"",""decoder_type"":""SolverSerialJointSingleHair"",""p"":0.02,""p_erase"":0.02,""r"":11,""run_id"":""93fb08d08267e12bd14cc4f801fe1f3202058f710009764389b6687cc48bdcd3""}",
        64,         0,         0,   0.939,mwpf__90b8a71d84bb4049a216b096b1fad6ec987039a4839b0ef5cac9a79d5207d721,5e43affef138b39f289f7fa23a413baa2a9d7a66b21bfef5b21d806af2aee267,"{""circuit"":""surface_code:rotated_memory_x"",""cluster_node_limit"":50,""d"":11,""decoder"":""mwpf"",""decoder_type"":""SolverSerialJointSingleHair"",""p"":0.01,""p_erase"":0.01,""r"":11,""run_id"":""f2936ce57f818d69f7e1b5c9954ec7387d9a1f53c4355bd88c213e49338e6b5b""}",
         4,         0,         0,   0.625,mwpf__18a55d354a5179fe22b347621ac42d689c676785006a493eda6333b61165ab0a,2606fd9b27f8c06a238f10dfcfca1e8efa1cf00bdb8796dbb946e077f8ce80de,"{""circuit"":""surface_code:rotated_memory_x"",""cluster_node_limit"":50,""d"":11,""decoder"":""mwpf"",""decoder_type"":""SolverSerialJointSingleHair"",""p"":0.03,""p_erase"":0.03,""r"":11,""run_id"":""29e38ae744884c2a2b406b04af05084fd3179601bec0197b08c3eec7c1fecc34""}",
        96,         0,         0,    1.38,mwpf__90b8a71d84bb4049a216b096b1fad6ec987039a4839b0ef5cac9a79d5207d721,5e43affef138b39f289f7fa23a413baa2a9d7a66b21bfef5b21d806af2aee267,"{""circuit"":""surface_code:rotated_memory_x"",""cluster_node_limit"":50,""d"":11,""decoder"":""mwpf"",""decoder_type"":""SolverSerialJointSingleHair"",""p"":0.01,""p_erase"":0.01,""r"":11,""run_id"":""f2936ce57f818d69f7e1b5c9954ec7387d9a1f53c4355bd88c213e49338e6b5b""}",
        24,         0,         0,    1.13,mwpf__d89f38621d3da58e469ab642e8ce9449a2028f501c7ff49729098ec573131f8e,f03c1e4f58ff752135e09f412b8d3bdffa88dde5b6e7fbb034ff1292d22ebde9,"{""circuit"":""surface_code:rotated_memory_x"",""cluster_node_limit"":50,""d"":11,""decoder"":""mwpf"",""decoder_type"":""SolverSerialJointSingleHair"",""p"":0.02,""p_erase"":0.02,""r"":11,""run_id"":""93fb08d08267e12bd14cc4f801fe1f3202058f710009764389b6687cc48bdcd3""}",
       128,         0,         0,    1.70,mwpf__90b8a71d84bb4049a216b096b1fad6ec987039a4839b0ef5cac9a79d5207d721,5e43affef138b39f289f7fa23a413baa2a9d7a66b21bfef5b21d806af2aee267,"{""circuit"":""surface_code:rotated_memory_x"",""cluster_node_limit"":50,""d"":11,""decoder"":""mwpf"",""decoder_type"":""SolverSerialJointSingleHair"",""p"":0.01,""p_erase"":0.01,""r"":11,""run_id"":""f2936ce57f818d69f7e1b5c9954ec7387d9a1f53c4355bd88c213e49338e6b5b""}",
        20,         2,         0,    3.44,mwpf__18a55d354a5179fe22b347621ac42d689c676785006a493eda6333b61165ab0a,2606fd9b27f8c06a238f10dfcfca1e8efa1cf00bdb8796dbb946e077f8ce80de,"{""circuit"":""surface_code:rotated_memory_x"",""cluster_node_limit"":50,""d"":11,""decoder"":""mwpf"",""decoder_type"":""SolverSerialJointSingleHair"",""p"":0.03,""p_erase"":0.03,""r"":11,""run_id"":""29e38ae744884c2a2b406b04af05084fd3179601bec0197b08c3eec7c1fecc34""}",
         4,         1,         0,   0.719,mwpf__18a55d354a5179fe22b347621ac42d689c676785006a493eda6333b61165ab0a,2606fd9b27f8c06a238f10dfcfca1e8efa1cf00bdb8796dbb946e077f8ce80de,"{""circuit"":""surface_code:rotated_memory_x"",""cluster_node_limit"":50,""d"":11,""decoder"":""mwpf"",""decoder_type"":""SolverSerialJointSingleHair"",""p"":0.03,""p_erase"":0.03,""r"":11,""run_id"":""29e38ae744884c2a2b406b04af05084fd3179601bec0197b08c3eec7c1fecc34""}",
        96,         0,         0,    1.41,mwpf__90b8a71d84bb4049a216b096b1fad6ec987039a4839b0ef5cac9a79d5207d721,5e43affef138b39f289f7fa23a413baa2a9d7a66b21bfef5b21d806af2aee267,"{""circuit"":""surface_code:rotated_memory_x"",""cluster_node_limit"":50,""d"":11,""decoder"":""mwpf"",""decoder_type"":""SolverSerialJointSingleHair"",""p"":0.01,""p_erase"":0.01,""r"":11,""run_id"":""f2936ce57f818d69f7e1b5c9954ec7387d9a1f53c4355bd88c213e49338e6b5b""}",
         8,         1,         0,    1.40,mwpf__18a55d354a5179fe22b347621ac42d689c676785006a493eda6333b61165ab0a,2606fd9b27f8c06a238f10dfcfca1e8efa1cf00bdb8796dbb946e077f8ce80de,"{""circuit"":""surface_code:rotated_memory_x"",""cluster_node_limit"":50,""d"":11,""decoder"":""mwpf"",""decoder_type"":""SolverSerialJointSingleHair"",""p"":0.03,""p_erase"":0.03,""r"":11,""run_id"":""29e38ae744884c2a2b406b04af05084fd3179601bec0197b08c3eec7c1fecc34""}",
        64,         0,         0,   0.930,mwpf__90b8a71d84bb4049a216b096b1fad6ec987039a4839b0ef5cac9a79d5207d721,5e43affef138b39f289f7fa23a413baa2a9d7a66b21bfef5b21d806af2aee267,"{""circuit"":""surface_code:rotated_memory_x"",""cluster_node_limit"":50,""d"":11,""decoder"":""mwpf"",""decoder_type"":""SolverSerialJointSingleHair"",""p"":0.01,""p_erase"":0.01,""r"":11,""run_id"":""f2936ce57f818d69f7e1b5c9954ec7387d9a1f53c4355bd88c213e49338e6b5b""}",
        40,         0,         0,    1.78,mwpf__d89f38621d3da58e469ab642e8ce9449a2028f501c7ff49729098ec573131f8e,f03c1e4f58ff752135e09f412b8d3bdffa88dde5b6e7fbb034ff1292d22ebde9,"{""circuit"":""surface_code:rotated_memory_x"",""cluster_node_limit"":50,""d"":11,""decoder"":""mwpf"",""decoder_type"":""SolverSerialJointSingleHair"",""p"":0.02,""p_erase"":0.02,""r"":11,""run_id"":""93fb08d08267e12bd14cc4f801fe1f3202058f710009764389b6687cc48bdcd3""}",
        20,         2,         0,    3.71,mwpf__18a55d354a5179fe22b347621ac42d689c676785006a493eda6333b61165ab0a,2606fd9b27f8c06a238f10dfcfca1e8efa1cf00bdb8796dbb946e077f8ce80de,"{""circuit"":""surface_code:rotated_memory_x"",""cluster_node_limit"":50,""d"":11,""decoder"":""mwpf"",""decoder_type"":""SolverSerialJointSingleHair"",""p"":0.03,""p_erase"":0.03,""r"":11,""run_id"":""29e38ae744884c2a2b406b04af05084fd3179601bec0197b08c3eec7c1fecc34""}",
        64,         0,         0,   0.903,mwpf__90b8a71d84bb4049a216b096b1fad6ec987039a4839b0ef5cac9a79d5207d721,5e43affef138b39f289f7fa23a413baa2a9d7a66b21bfef5b21d806af2aee267,"{""circuit"":""surface_code:rotated_memory_x"",""cluster_node_limit"":50,""d"":11,""decoder"":""mwpf"",""decoder_type"":""SolverSerialJointSingleHair"",""p"":0.01,""p_erase"":0.01,""r"":11,""run_id"":""f2936ce57f818d69f7e1b5c9954ec7387d9a1f53c4355bd88c213e49338e6b5b""}",
        64,         0,         0,   0.925,mwpf__90b8a71d84bb4049a216b096b1fad6ec987039a4839b0ef5cac9a79d5207d721,5e43affef138b39f289f7fa23a413baa2a9d7a66b21bfef5b21d806af2aee267,"{""circuit"":""surface_code:rotated_memory_x"",""cluster_node_limit"":50,""d"":11,""decoder"":""mwpf"",""decoder_type"":""SolverSerialJointSingleHair"",""p"":0.01,""p_erase"":0.01,""r"":11,""run_id"":""f2936ce57f818d69f7e1b5c9954ec7387d9a1f53c4355bd88c213e49338e6b5b""}",
        24,         0,         0,    1.19,mwpf__d89f38621d3da58e469ab642e8ce9449a2028f501c7ff49729098ec573131f8e,f03c1e4f58ff752135e09f412b8d3bdffa88dde5b6e7fbb034ff1292d22ebde9,"{""circuit"":""surface_code:rotated_memory_x"",""cluster_node_limit"":50,""d"":11,""decoder"":""mwpf"",""decoder_type"":""SolverSerialJointSingleHair"",""p"":0.02,""p_erase"":0.02,""r"":11,""run_id"":""93fb08d08267e12bd14cc4f801fe1f3202058f710009764389b6687cc48bdcd3""}",
        20,         0,         0,    3.36,mwpf__18a55d354a5179fe22b347621ac42d689c676785006a493eda6333b61165ab0a,2606fd9b27f8c06a238f10dfcfca1e8efa1cf00bdb8796dbb946e077f8ce80de,"{""circuit"":""surface_code:rotated_memory_x"",""cluster_node_limit"":50,""d"":11,""decoder"":""mwpf"",""decoder_type"":""SolverSerialJointSingleHair"",""p"":0.03,""p_erase"":0.03,""r"":11,""run_id"":""29e38ae744884c2a2b406b04af05084fd3179601bec0197b08c3eec7c1fecc34""}",
        48,         0,         0,    2.14,mwpf__d89f38621d3da58e469ab642e8ce9449a2028f501c7ff49729098ec573131f8e,f03c1e4f58ff752135e09f412b8d3bdffa88dde5b6e7fbb034ff1292d22ebde9,"{""circuit"":""surface_code:rotated_memory_x"",""cluster_node_limit"":50,""d"":11,""decoder"":""mwpf"",""decoder_type"":""SolverSerialJointSingleHair"",""p"":0.02,""p_erase"":0.02,""r"":11,""run_id"":""93fb08d08267e12bd14cc4f801fe1f3202058f710009764389b6687cc48bdcd3""}",
       192,         0,         0,    2.61,mwpf__90b8a71d84bb4049a216b096b1fad6ec987039a4839b0ef5cac9a79d5207d721,5e43affef138b39f289f7fa23a413baa2a9d7a66b21bfef5b21d806af2aee267,"{""circuit"":""surface_code:rotated_memory_x"",""cluster_node_limit"":50,""d"":11,""decoder"":""mwpf"",""decoder_type"":""SolverSerialJointSingleHair"",""p"":0.01,""p_erase"":0.01,""r"":11,""run_id"":""f2936ce57f818d69f7e1b5c9954ec7387d9a1f53c4355bd88c213e49338e6b5b""}",
         8,         2,         0,    1.34,mwpf__18a55d354a5179fe22b347621ac42d689c676785006a493eda6333b61165ab0a,2606fd9b27f8c06a238f10dfcfca1e8efa1cf00bdb8796dbb946e077f8ce80de,"{""circuit"":""surface_code:rotated_memory_x"",""cluster_node_limit"":50,""d"":11,""decoder"":""mwpf"",""decoder_type"":""SolverSerialJointSingleHair"",""p"":0.03,""p_erase"":0.03,""r"":11,""run_id"":""29e38ae744884c2a2b406b04af05084fd3179601bec0197b08c3eec7c1fecc34""}",
         8,         0,         0,    1.19,mwpf__18a55d354a5179fe22b347621ac42d689c676785006a493eda6333b61165ab0a,2606fd9b27f8c06a238f10dfcfca1e8efa1cf00bdb8796dbb946e077f8ce80de,"{""circuit"":""surface_code:rotated_memory_x"",""cluster_node_limit"":50,""d"":11,""decoder"":""mwpf"",""decoder_type"":""SolverSerialJointSingleHair"",""p"":0.03,""p_erase"":0.03,""r"":11,""run_id"":""29e38ae744884c2a2b406b04af05084fd3179601bec0197b08c3eec7c1fecc34""}",
       320,         0,         0,    4.38,mwpf__90b8a71d84bb4049a216b096b1fad6ec987039a4839b0ef5cac9a79d5207d721,5e43affef138b39f289f7fa23a413baa2a9d7a66b21bfef5b21d806af2aee267,"{""circuit"":""surface_code:rotated_memory_x"",""cluster_node_limit"":50,""d"":11,""decoder"":""mwpf"",""decoder_type"":""SolverSerialJointSingleHair"",""p"":0.01,""p_erase"":0.01,""r"":11,""run_id"":""f2936ce57f818d69f7e1b5c9954ec7387d9a1f53c4355bd88c213e49338e6b5b""}",
        96,         0,         0,    1.41,mwpf__90b8a71d84bb4049a216b096b1fad6ec987039a4839b0ef5cac9a79d5207d721,5e43affef138b39f289f7fa23a413baa2a9d7a66b21bfef5b21d806af2aee267,"{""circuit"":""surface_code:rotated_memory_x"",""cluster_node_limit"":50,""d"":11,""decoder"":""mwpf"",""decoder_type"":""SolverSerialJointSingleHair"",""p"":0.01,""p_erase"":0.01,""r"":11,""run_id"":""f2936ce57f818d69f7e1b5c9954ec7387d9a1f53c4355bd88c213e49338e6b5b""}",
         8,         1,         0,    1.43,mwpf__18a55d354a5179fe22b347621ac42d689c676785006a493eda6333b61165ab0a,2606fd9b27f8c06a238f10dfcfca1e8efa1cf00bdb8796dbb946e077f8ce80de,"{""circuit"":""surface_code:rotated_memory_x"",""cluster_node_limit"":50,""d"":11,""decoder"":""mwpf"",""decoder_type"":""SolverSerialJointSingleHair"",""p"":0.03,""p_erase"":0.03,""r"":11,""run_id"":""29e38ae744884c2a2b406b04af05084fd3179601bec0197b08c3eec7c1fecc34""}",
        40,         0,         0,    1.83,mwpf__d89f38621d3da58e469ab642e8ce9449a2028f501c7ff49729098ec573131f8e,f03c1e4f58ff752135e09f412b8d3bdffa88dde5b6e7fbb034ff1292d22ebde9,"{""circuit"":""surface_code:rotated_memory_x"",""cluster_node_limit"":50,""d"":11,""decoder"":""mwpf"",""decoder_type"":""SolverSerialJointSingleHair"",""p"":0.02,""p_erase"":0.02,""r"":11,""run_id"":""93fb08d08267e12bd14cc4f801fe1f3202058f710009764389b6687cc48bdcd3""}",
       128,         0,         0,    1.86,mwpf__90b8a71d84bb4049a216b096b1fad6ec987039a4839b0ef5cac9a79d5207d721,5e43affef138b39f289f7fa23a413baa2a9d7a66b21bfef5b21d806af2aee267,"{""circuit"":""surface_code:rotated_memory_x"",""cluster_node_limit"":50,""d"":11,""decoder"":""mwpf"",""decoder_type"":""SolverSerialJointSingleHair"",""p"":0.01,""p_erase"":0.01,""r"":11,""run_id"":""f2936ce57f818d69f7e1b5c9954ec7387d9a1f53c4355bd88c213e49338e6b5b""}",
        96,         0,         0,    1.32,mwpf__90b8a71d84bb4049a216b096b1fad6ec987039a4839b0ef5cac9a79d5207d721,5e43affef138b39f289f7fa23a413baa2a9d7a66b21bfef5b21d806af2aee267,"{""circuit"":""surface_code:rotated_memory_x"",""cluster_node_limit"":50,""d"":11,""decoder"":""mwpf"",""decoder_type"":""SolverSerialJointSingleHair"",""p"":0.01,""p_erase"":0.01,""r"":11,""run_id"":""f2936ce57f818d69f7e1b5c9954ec7387d9a1f53c4355bd88c213e49338e6b5b""}",
       128,         0,         0,    1.83,mwpf__90b8a71d84bb4049a216b096b1fad6ec987039a4839b0ef5cac9a79d5207d721,5e43affef138b39f289f7fa23a413baa2a9d7a66b21bfef5b21d806af2aee267,"{""circuit"":""surface_code:rotated_memory_x"",""cluster_node_limit"":50,""d"":11,""decoder"":""mwpf"",""decoder_type"":""SolverSerialJointSingleHair"",""p"":0.01,""p_erase"":0.01,""r"":11,""run_id"":""f2936ce57f818d69f7e1b5c9954ec7387d9a1f53c4355bd88c213e49338e6b5b""}",
        48,         0,         0,    2.36,mwpf__d89f38621d3da58e469ab642e8ce9449a2028f501c7ff49729098ec573131f8e,f03c1e4f58ff752135e09f412b8d3bdffa88dde5b6e7fbb034ff1292d22ebde9,"{""circuit"":""surface_code:rotated_memory_x"",""cluster_node_limit"":50,""d"":11,""decoder"":""mwpf"",""decoder_type"":""SolverSerialJointSingleHair"",""p"":0.02,""p_erase"":0.02,""r"":11,""run_id"":""93fb08d08267e12bd14cc4f801fe1f3202058f710009764389b6687cc48bdcd3""}",
        96,         0,         0,    1.38,mwpf__90b8a71d84bb4049a216b096b1fad6ec987039a4839b0ef5cac9a79d5207d721,5e43affef138b39f289f7fa23a413baa2a9d7a66b21bfef5b21d806af2aee267,"{""circuit"":""surface_code:rotated_memory_x"",""cluster_node_limit"":50,""d"":11,""decoder"":""mwpf"",""decoder_type"":""SolverSerialJointSingleHair"",""p"":0.01,""p_erase"":0.01,""r"":11,""run_id"":""f2936ce57f818d69f7e1b5c9954ec7387d9a1f53c4355bd88c213e49338e6b5b""}",
       160,         0,         0,    2.23,mwpf__90b8a71d84bb4049a216b096b1fad6ec987039a4839b0ef5cac9a79d5207d721,5e43affef138b39f289f7fa23a413baa2a9d7a66b21bfef5b21d806af2aee267,"{""circuit"":""surface_code:rotated_memory_x"",""cluster_node_limit"":50,""d"":11,""decoder"":""mwpf"",""decoder_type"":""SolverSerialJointSingleHair"",""p"":0.01,""p_erase"":0.01,""r"":11,""run_id"":""f2936ce57f818d69f7e1b5c9954ec7387d9a1f53c4355bd88c213e49338e6b5b""}",
        32,         2,         0,    4.86,mwpf__18a55d354a5179fe22b347621ac42d689c676785006a493eda6333b61165ab0a,2606fd9b27f8c06a238f10dfcfca1e8efa1cf00bdb8796dbb946e077f8ce80de,"{""circuit"":""surface_code:rotated_memory_x"",""cluster_node_limit"":50,""d"":11,""decoder"":""mwpf"",""decoder_type"":""SolverSerialJointSingleHair"",""p"":0.03,""p_erase"":0.03,""r"":11,""run_id"":""29e38ae744884c2a2b406b04af05084fd3179601bec0197b08c3eec7c1fecc34""}",
        32,         0,         0,    1.62,mwpf__d89f38621d3da58e469ab642e8ce9449a2028f501c7ff49729098ec573131f8e,f03c1e4f58ff752135e09f412b8d3bdffa88dde5b6e7fbb034ff1292d22ebde9,"{""circuit"":""surface_code:rotated_memory_x"",""cluster_node_limit"":50,""d"":11,""decoder"":""mwpf"",""decoder_type"":""SolverSerialJointSingleHair"",""p"":0.02,""p_erase"":0.02,""r"":11,""run_id"":""93fb08d08267e12bd14cc4f801fe1f3202058f710009764389b6687cc48bdcd3""}",
         8,         1,         0,    1.34,mwpf__18a55d354a5179fe22b347621ac42d689c676785006a493eda6333b61165ab0a,2606fd9b27f8c06a238f10dfcfca1e8efa1cf00bdb8796dbb946e077f8ce80de,"{""circuit"":""surface_code:rotated_memory_x"",""cluster_node_limit"":50,""d"":11,""decoder"":""mwpf"",""decoder_type"":""SolverSerialJointSingleHair"",""p"":0.03,""p_erase"":0.03,""r"":11,""run_id"":""29e38ae744884c2a2b406b04af05084fd3179601bec0197b08c3eec7c1fecc34""}",
        48,         0,         0,    2.22,mwpf__d89f38621d3da58e469ab642e8ce9449a2028f501c7ff49729098ec573131f8e,f03c1e4f58ff752135e09f412b8d3bdffa88dde5b6e7fbb034ff1292d22ebde9,"{""circuit"":""surface_code:rotated_memory_x"",""cluster_node_limit"":50,""d"":11,""decoder"":""mwpf"",""decoder_type"":""SolverSerialJointSingleHair"",""p"":0.02,""p_erase"":0.02,""r"":11,""run_id"":""93fb08d08267e12bd14cc4f801fe1f3202058f710009764389b6687cc48bdcd3""}",
         8,         3,         0,    1.46,mwpf__18a55d354a5179fe22b347621ac42d689c676785006a493eda6333b61165ab0a,2606fd9b27f8c06a238f10dfcfca1e8efa1cf00bdb8796dbb946e077f8ce80de,"{""circuit"":""surface_code:rotated_memory_x"",""cluster_node_limit"":50,""d"":11,""decoder"":""mwpf"",""decoder_type"":""SolverSerialJointSingleHair"",""p"":0.03,""p_erase"":0.03,""r"":11,""run_id"":""29e38ae744884c2a2b406b04af05084fd3179601bec0197b08c3eec7c1fecc34""}",
        48,         0,         0,    2.24,mwpf__d89f38621d3da58e469ab642e8ce9449a2028f501c7ff49729098ec573131f8e,f03c1e4f58ff752135e09f412b8d3bdffa88dde5b6e7fbb034ff1292d22ebde9,"{""circuit"":""surface_code:rotated_memory_x"",""cluster_node_limit"":50,""d"":11,""decoder"":""mwpf"",""decoder_type"":""SolverSerialJointSingleHair"",""p"":0.02,""p_erase"":0.02,""r"":11,""run_id"":""93fb08d08267e12bd14cc4f801fe1f3202058f710009764389b6687cc48bdcd3""}",
       128,         0,         0,    1.87,mwpf__90b8a71d84bb4049a216b096b1fad6ec987039a4839b0ef5cac9a79d5207d721,5e43affef138b39f289f7fa23a413baa2a9d7a66b21bfef5b21d806af2aee267,"{""circuit"":""surface_code:rotated_memory_x"",""cluster_node_limit"":50,""d"":11,""decoder"":""mwpf"",""decoder_type"":""SolverSerialJointSingleHair"",""p"":0.01,""p_erase"":0.01,""r"":11,""run_id"":""f2936ce57f818d69f7e1b5c9954ec7387d9a1f53c4355bd88c213e49338e6b5b""}",
        12,         2,         0,    1.95,mwpf__18a55d354a5179fe22b347621ac42d689c676785006a493eda6333b61165ab0a,2606fd9b27f8c06a238f10dfcfca1e8efa1cf00bdb8796dbb946e077f8ce80de,"{""circuit"":""surface_code:rotated_memory_x"",""cluster_node_limit"":50,""d"":11,""decoder"":""mwpf"",""decoder_type"":""SolverSerialJointSingleHair"",""p"":0.03,""p_erase"":0.03,""r"":11,""run_id"":""29e38ae744884c2a2b406b04af05084fd3179601bec0197b08c3eec7c1fecc34""}",
       128,         0,         0,    1.75,mwpf__90b8a71d84bb4049a216b096b1fad6ec987039a4839b0ef5cac9a79d5207d721,5e43affef138b39f289f7fa23a413baa2a9d7a66b21bfef5b21d806af2aee267,"{""circuit"":""surface_code:rotated_memory_x"",""cluster_node_limit"":50,""d"":11,""decoder"":""mwpf"",""decoder_type"":""SolverSerialJointSingleHair"",""p"":0.01,""p_erase"":0.01,""r"":11,""run_id"":""f2936ce57f818d69f7e1b5c9954ec7387d9a1f53c4355bd88c213e49338e6b5b""}",
       144,         0,         0,    6.56,mwpf__d89f38621d3da58e469ab642e8ce9449a2028f501c7ff49729098ec573131f8e,f03c1e4f58ff752135e09f412b8d3bdffa88dde5b6e7fbb034ff1292d22ebde9,"{""circuit"":""surface_code:rotated_memory_x"",""cluster_node_limit"":50,""d"":11,""decoder"":""mwpf"",""decoder_type"":""SolverSerialJointSingleHair"",""p"":0.02,""p_erase"":0.02,""r"":11,""run_id"":""93fb08d08267e12bd14cc4f801fe1f3202058f710009764389b6687cc48bdcd3""}",
       128,         0,         0,    1.88,mwpf__90b8a71d84bb4049a216b096b1fad6ec987039a4839b0ef5cac9a79d5207d721,5e43affef138b39f289f7fa23a413baa2a9d7a66b21bfef5b21d806af2aee267,"{""circuit"":""surface_code:rotated_memory_x"",""cluster_node_limit"":50,""d"":11,""decoder"":""mwpf"",""decoder_type"":""SolverSerialJointSingleHair"",""p"":0.01,""p_erase"":0.01,""r"":11,""run_id"":""f2936ce57f818d69f7e1b5c9954ec7387d9a1f53c4355bd88c213e49338e6b5b""}",
        48,         0,         0,    2.28,mwpf__d89f38621d3da58e469ab642e8ce9449a2028f501c7ff49729098ec573131f8e,f03c1e4f58ff752135e09f412b8d3bdffa88dde5b6e7fbb034ff1292d22ebde9,"{""circuit"":""surface_code:rotated_memory_x"",""cluster_node_limit"":50,""d"":11,""decoder"":""mwpf"",""decoder_type"":""SolverSerialJointSingleHair"",""p"":0.02,""p_erase"":0.02,""r"":11,""run_id"":""93fb08d08267e12bd14cc4f801fe1f3202058f710009764389b6687cc48bdcd3""}",
       160,         0,         0,    2.35,mwpf__90b8a71d84bb4049a216b096b1fad6ec987039a4839b0ef5cac9a79d5207d721,5e43affef138b39f289f7fa23a413baa2a9d7a66b21bfef5b21d806af2aee267,"{""circuit"":""surface_code:rotated_memory_x"",""cluster_node_limit"":50,""d"":11,""decoder"":""mwpf"",""decoder_type"":""SolverSerialJointSingleHair"",""p"":0.01,""p_erase"":0.01,""r"":11,""run_id"":""f2936ce57f818d69f7e1b5c9954ec7387d9a1f53c4355bd88c213e49338e6b5b""}",
         8,         0,         0,    1.49,mwpf__18a55d354a5179fe22b347621ac42d689c676785006a493eda6333b61165ab0a,2606fd9b27f8c06a238f10dfcfca1e8efa1cf00bdb8796dbb946e077f8ce80de,"{""circuit"":""surface_code:rotated_memory_x"",""cluster_node_limit"":50,""d"":11,""decoder"":""mwpf"",""decoder_type"":""SolverSerialJointSingleHair"",""p"":0.03,""p_erase"":0.03,""r"":11,""run_id"":""29e38ae744884c2a2b406b04af05084fd3179601bec0197b08c3eec7c1fecc34""}",
       160,         0,         0,    2.36,mwpf__90b8a71d84bb4049a216b096b1fad6ec987039a4839b0ef5cac9a79d5207d721,5e43affef138b39f289f7fa23a413baa2a9d7a66b21bfef5b21d806af2aee267,"{""circuit"":""surface_code:rotated_memory_x"",""cluster_node_limit"":50,""d"":11,""decoder"":""mwpf"",""decoder_type"":""SolverSerialJointSingleHair"",""p"":0.01,""p_erase"":0.01,""r"":11,""run_id"":""f2936ce57f818d69f7e1b5c9954ec7387d9a1f53c4355bd88c213e49338e6b5b""}",
       256,         0,         0,    3.49,mwpf__90b8a71d84bb4049a216b096b1fad6ec987039a4839b0ef5cac9a79d5207d721,5e43affef138b39f289f7fa23a413baa2a9d7a66b21bfef5b21d806af2aee267,"{""circuit"":""surface_code:rotated_memory_x"",""cluster_node_limit"":50,""d"":11,""decoder"":""mwpf"",""decoder_type"":""SolverSerialJointSingleHair"",""p"":0.01,""p_erase"":0.01,""r"":11,""run_id"":""f2936ce57f818d69f7e1b5c9954ec7387d9a1f53c4355bd88c213e49338e6b5b""}",
        28,         0,         0,    4.49,mwpf__18a55d354a5179fe22b347621ac42d689c676785006a493eda6333b61165ab0a,2606fd9b27f8c06a238f10dfcfca1e8efa1cf00bdb8796dbb946e077f8ce80de,"{""circuit"":""surface_code:rotated_memory_x"",""cluster_node_limit"":50,""d"":11,""decoder"":""mwpf"",""decoder_type"":""SolverSerialJointSingleHair"",""p"":0.03,""p_erase"":0.03,""r"":11,""run_id"":""29e38ae744884c2a2b406b04af05084fd3179601bec0197b08c3eec7c1fecc34""}",
        12,         0,         0,    2.05,mwpf__18a55d354a5179fe22b347621ac42d689c676785006a493eda6333b61165ab0a,2606fd9b27f8c06a238f10dfcfca1e8efa1cf00bdb8796dbb946e077f8ce80de,"{""circuit"":""surface_code:rotated_memory_x"",""cluster_node_limit"":50,""d"":11,""decoder"":""mwpf"",""decoder_type"":""SolverSerialJointSingleHair"",""p"":0.03,""p_erase"":0.03,""r"":11,""run_id"":""29e38ae744884c2a2b406b04af05084fd3179601bec0197b08c3eec7c1fecc34""}",
        48,         0,         0,    2.28,mwpf__d89f38621d3da58e469ab642e8ce9449a2028f501c7ff49729098ec573131f8e,f03c1e4f58ff752135e09f412b8d3bdffa88dde5b6e7fbb034ff1292d22ebde9,"{""circuit"":""surface_code:rotated_memory_x"",""cluster_node_limit"":50,""d"":11,""decoder"":""mwpf"",""decoder_type"":""SolverSerialJointSingleHair"",""p"":0.02,""p_erase"":0.02,""r"":11,""run_id"":""93fb08d08267e12bd14cc4f801fe1f3202058f710009764389b6687cc48bdcd3""}",
        72,         0,         0,    3.22,mwpf__d89f38621d3da58e469ab642e8ce9449a2028f501c7ff49729098ec573131f8e,f03c1e4f58ff752135e09f412b8d3bdffa88dde5b6e7fbb034ff1292d22ebde9,"{""circuit"":""surface_code:rotated_memory_x"",""cluster_node_limit"":50,""d"":11,""decoder"":""mwpf"",""decoder_type"":""SolverSerialJointSingleHair"",""p"":0.02,""p_erase"":0.02,""r"":11,""run_id"":""93fb08d08267e12bd14cc4f801fe1f3202058f710009764389b6687cc48bdcd3""}",
        28,         1,         0,    4.57,mwpf__18a55d354a5179fe22b347621ac42d689c676785006a493eda6333b61165ab0a,2606fd9b27f8c06a238f10dfcfca1e8efa1cf00bdb8796dbb946e077f8ce80de,"{""circuit"":""surface_code:rotated_memory_x"",""cluster_node_limit"":50,""d"":11,""decoder"":""mwpf"",""decoder_type"":""SolverSerialJointSingleHair"",""p"":0.03,""p_erase"":0.03,""r"":11,""run_id"":""29e38ae744884c2a2b406b04af05084fd3179601bec0197b08c3eec7c1fecc34""}",
        28,         2,         0,    5.05,mwpf__18a55d354a5179fe22b347621ac42d689c676785006a493eda6333b61165ab0a,2606fd9b27f8c06a238f10dfcfca1e8efa1cf00bdb8796dbb946e077f8ce80de,"{""circuit"":""surface_code:rotated_memory_x"",""cluster_node_limit"":50,""d"":11,""decoder"":""mwpf"",""decoder_type"":""SolverSerialJointSingleHair"",""p"":0.03,""p_erase"":0.03,""r"":11,""run_id"":""29e38ae744884c2a2b406b04af05084fd3179601bec0197b08c3eec7c1fecc34""}",
       256,         0,         0,    3.47,mwpf__90b8a71d84bb4049a216b096b1fad6ec987039a4839b0ef5cac9a79d5207d721,5e43affef138b39f289f7fa23a413baa2a9d7a66b21bfef5b21d806af2aee267,"{""circuit"":""surface_code:rotated_memory_x"",""cluster_node_limit"":50,""d"":11,""decoder"":""mwpf"",""decoder_type"":""SolverSerialJointSingleHair"",""p"":0.01,""p_erase"":0.01,""r"":11,""run_id"":""f2936ce57f818d69f7e1b5c9954ec7387d9a1f53c4355bd88c213e49338e6b5b""}",
       160,         0,         0,    2.22,mwpf__90b8a71d84bb4049a216b096b1fad6ec987039a4839b0ef5cac9a79d5207d721,5e43affef138b39f289f7fa23a413baa2a9d7a66b21bfef5b21d806af2aee267,"{""circuit"":""surface_code:rotated_memory_x"",""cluster_node_limit"":50,""d"":11,""decoder"":""mwpf"",""decoder_type"":""SolverSerialJointSingleHair"",""p"":0.01,""p_erase"":0.01,""r"":11,""run_id"":""f2936ce57f818d69f7e1b5c9954ec7387d9a1f53c4355bd88c213e49338e6b5b""}",
       160,         0,         0,    2.36,mwpf__90b8a71d84bb4049a216b096b1fad6ec987039a4839b0ef5cac9a79d5207d721,5e43affef138b39f289f7fa23a413baa2a9d7a66b21bfef5b21d806af2aee267,"{""circuit"":""surface_code:rotated_memory_x"",""cluster_node_limit"":50,""d"":11,""decoder"":""mwpf"",""decoder_type"":""SolverSerialJointSingleHair"",""p"":0.01,""p_erase"":0.01,""r"":11,""run_id"":""f2936ce57f818d69f7e1b5c9954ec7387d9a1f53c4355bd88c213e49338e6b5b""}",
        72,         0,         0,    3.24,mwpf__d89f38621d3da58e469ab642e8ce9449a2028f501c7ff49729098ec573131f8e,f03c1e4f58ff752135e09f412b8d3bdffa88dde5b6e7fbb034ff1292d22ebde9,"{""circuit"":""surface_code:rotated_memory_x"",""cluster_node_limit"":50,""d"":11,""decoder"":""mwpf"",""decoder_type"":""SolverSerialJointSingleHair"",""p"":0.02,""p_erase"":0.02,""r"":11,""run_id"":""93fb08d08267e12bd14cc4f801fe1f3202058f710009764389b6687cc48bdcd3""}",
       160,         0,         0,    2.35,mwpf__90b8a71d84bb4049a216b096b1fad6ec987039a4839b0ef5cac9a79d5207d721,5e43affef138b39f289f7fa23a413baa2a9d7a66b21bfef5b21d806af2aee267,"{""circuit"":""surface_code:rotated_memory_x"",""cluster_node_limit"":50,""d"":11,""decoder"":""mwpf"",""decoder_type"":""SolverSerialJointSingleHair"",""p"":0.01,""p_erase"":0.01,""r"":11,""run_id"":""f2936ce57f818d69f7e1b5c9954ec7387d9a1f53c4355bd88c213e49338e6b5b""}",
        16,         0,         0,    2.76,mwpf__18a55d354a5179fe22b347621ac42d689c676785006a493eda6333b61165ab0a,2606fd9b27f8c06a238f10dfcfca1e8efa1cf00bdb8796dbb946e077f8ce80de,"{""circuit"":""surface_code:rotated_memory_x"",""cluster_node_limit"":50,""d"":11,""decoder"":""mwpf"",""decoder_type"":""SolverSerialJointSingleHair"",""p"":0.03,""p_erase"":0.03,""r"":11,""run_id"":""29e38ae744884c2a2b406b04af05084fd3179601bec0197b08c3eec7c1fecc34""}",
        12,         0,         0,    2.17,mwpf__18a55d354a5179fe22b347621ac42d689c676785006a493eda6333b61165ab0a,2606fd9b27f8c06a238f10dfcfca1e8efa1cf00bdb8796dbb946e077f8ce80de,"{""circuit"":""surface_code:rotated_memory_x"",""cluster_node_limit"":50,""d"":11,""decoder"":""mwpf"",""decoder_type"":""SolverSerialJointSingleHair"",""p"":0.03,""p_erase"":0.03,""r"":11,""run_id"":""29e38ae744884c2a2b406b04af05084fd3179601bec0197b08c3eec7c1fecc34""}",
       256,         0,         0,    12.2,mwpf__d89f38621d3da58e469ab642e8ce9449a2028f501c7ff49729098ec573131f8e,f03c1e4f58ff752135e09f412b8d3bdffa88dde5b6e7fbb034ff1292d22ebde9,"{""circuit"":""surface_code:rotated_memory_x"",""cluster_node_limit"":50,""d"":11,""decoder"":""mwpf"",""decoder_type"":""SolverSerialJointSingleHair"",""p"":0.02,""p_erase"":0.02,""r"":11,""run_id"":""93fb08d08267e12bd14cc4f801fe1f3202058f710009764389b6687cc48bdcd3""}",
        80,         0,         0,    3.68,mwpf__d89f38621d3da58e469ab642e8ce9449a2028f501c7ff49729098ec573131f8e,f03c1e4f58ff752135e09f412b8d3bdffa88dde5b6e7fbb034ff1292d22ebde9,"{""circuit"":""surface_code:rotated_memory_x"",""cluster_node_limit"":50,""d"":11,""decoder"":""mwpf"",""decoder_type"":""SolverSerialJointSingleHair"",""p"":0.02,""p_erase"":0.02,""r"":11,""run_id"":""93fb08d08267e12bd14cc4f801fe1f3202058f710009764389b6687cc48bdcd3""}",
        16,         0,         0,    2.56,mwpf__18a55d354a5179fe22b347621ac42d689c676785006a493eda6333b61165ab0a,2606fd9b27f8c06a238f10dfcfca1e8efa1cf00bdb8796dbb946e077f8ce80de,"{""circuit"":""surface_code:rotated_memory_x"",""cluster_node_limit"":50,""d"":11,""decoder"":""mwpf"",""decoder_type"":""SolverSerialJointSingleHair"",""p"":0.03,""p_erase"":0.03,""r"":11,""run_id"":""29e38ae744884c2a2b406b04af05084fd3179601bec0197b08c3eec7c1fecc34""}",
        72,         0,         0,    3.33,mwpf__d89f38621d3da58e469ab642e8ce9449a2028f501c7ff49729098ec573131f8e,f03c1e4f58ff752135e09f412b8d3bdffa88dde5b6e7fbb034ff1292d22ebde9,"{""circuit"":""surface_code:rotated_memory_x"",""cluster_node_limit"":50,""d"":11,""decoder"":""mwpf"",""decoder_type"":""SolverSerialJointSingleHair"",""p"":0.02,""p_erase"":0.02,""r"":11,""run_id"":""93fb08d08267e12bd14cc4f801fe1f3202058f710009764389b6687cc48bdcd3""}",
       224,         0,         0,    3.25,mwpf__90b8a71d84bb4049a216b096b1fad6ec987039a4839b0ef5cac9a79d5207d721,5e43affef138b39f289f7fa23a413baa2a9d7a66b21bfef5b21d806af2aee267,"{""circuit"":""surface_code:rotated_memory_x"",""cluster_node_limit"":50,""d"":11,""decoder"":""mwpf"",""decoder_type"":""SolverSerialJointSingleHair"",""p"":0.01,""p_erase"":0.01,""r"":11,""run_id"":""f2936ce57f818d69f7e1b5c9954ec7387d9a1f53c4355bd88c213e49338e6b5b""}",
       448,         0,         0,    6.19,mwpf__90b8a71d84bb4049a216b096b1fad6ec987039a4839b0ef5cac9a79d5207d721,5e43affef138b39f289f7fa23a413baa2a9d7a66b21bfef5b21d806af2aee267,"{""circuit"":""surface_code:rotated_memory_x"",""cluster_node_limit"":50,""d"":11,""decoder"":""mwpf"",""decoder_type"":""SolverSerialJointSingleHair"",""p"":0.01,""p_erase"":0.01,""r"":11,""run_id"":""f2936ce57f818d69f7e1b5c9954ec7387d9a1f53c4355bd88c213e49338e6b5b""}",
       224,         0,         0,    3.32,mwpf__90b8a71d84bb4049a216b096b1fad6ec987039a4839b0ef5cac9a79d5207d721,5e43affef138b39f289f7fa23a413baa2a9d7a66b21bfef5b21d806af2aee267,"{""circuit"":""surface_code:rotated_memory_x"",""cluster_node_limit"":50,""d"":11,""decoder"":""mwpf"",""decoder_type"":""SolverSerialJointSingleHair"",""p"":0.01,""p_erase"":0.01,""r"":11,""run_id"":""f2936ce57f818d69f7e1b5c9954ec7387d9a1f53c4355bd88c213e49338e6b5b""}",
        72,         0,         0,    3.43,mwpf__d89f38621d3da58e469ab642e8ce9449a2028f501c7ff49729098ec573131f8e,f03c1e4f58ff752135e09f412b8d3bdffa88dde5b6e7fbb034ff1292d22ebde9,"{""circuit"":""surface_code:rotated_memory_x"",""cluster_node_limit"":50,""d"":11,""decoder"":""mwpf"",""decoder_type"":""SolverSerialJointSingleHair"",""p"":0.02,""p_erase"":0.02,""r"":11,""run_id"":""93fb08d08267e12bd14cc4f801fe1f3202058f710009764389b6687cc48bdcd3""}",
        40,         3,         0,    6.15,mwpf__18a55d354a5179fe22b347621ac42d689c676785006a493eda6333b61165ab0a,2606fd9b27f8c06a238f10dfcfca1e8efa1cf00bdb8796dbb946e077f8ce80de,"{""circuit"":""surface_code:rotated_memory_x"",""cluster_node_limit"":50,""d"":11,""decoder"":""mwpf"",""decoder_type"":""SolverSerialJointSingleHair"",""p"":0.03,""p_erase"":0.03,""r"":11,""run_id"":""29e38ae744884c2a2b406b04af05084fd3179601bec0197b08c3eec7c1fecc34""}",
       224,         0,         0,    3.06,mwpf__90b8a71d84bb4049a216b096b1fad6ec987039a4839b0ef5cac9a79d5207d721,5e43affef138b39f289f7fa23a413baa2a9d7a66b21bfef5b21d806af2aee267,"{""circuit"":""surface_code:rotated_memory_x"",""cluster_node_limit"":50,""d"":11,""decoder"":""mwpf"",""decoder_type"":""SolverSerialJointSingleHair"",""p"":0.01,""p_erase"":0.01,""r"":11,""run_id"":""f2936ce57f818d69f7e1b5c9954ec7387d9a1f53c4355bd88c213e49338e6b5b""}",
       320,         0,         0,    4.38,mwpf__90b8a71d84bb4049a216b096b1fad6ec987039a4839b0ef5cac9a79d5207d721,5e43affef138b39f289f7fa23a413baa2a9d7a66b21bfef5b21d806af2aee267,"{""circuit"":""surface_code:rotated_memory_x"",""cluster_node_limit"":50,""d"":11,""decoder"":""mwpf"",""decoder_type"":""SolverSerialJointSingleHair"",""p"":0.01,""p_erase"":0.01,""r"":11,""run_id"":""f2936ce57f818d69f7e1b5c9954ec7387d9a1f53c4355bd88c213e49338e6b5b""}",
        16,         3,         0,    2.57,mwpf__18a55d354a5179fe22b347621ac42d689c676785006a493eda6333b61165ab0a,2606fd9b27f8c06a238f10dfcfca1e8efa1cf00bdb8796dbb946e077f8ce80de,"{""circuit"":""surface_code:rotated_memory_x"",""cluster_node_limit"":50,""d"":11,""decoder"":""mwpf"",""decoder_type"":""SolverSerialJointSingleHair"",""p"":0.03,""p_erase"":0.03,""r"":11,""run_id"":""29e38ae744884c2a2b406b04af05084fd3179601bec0197b08c3eec7c1fecc34""}",
       224,         0,         0,    3.34,mwpf__90b8a71d84bb4049a216b096b1fad6ec987039a4839b0ef5cac9a79d5207d721,5e43affef138b39f289f7fa23a413baa2a9d7a66b21bfef5b21d806af2aee267,"{""circuit"":""surface_code:rotated_memory_x"",""cluster_node_limit"":50,""d"":11,""decoder"":""mwpf"",""decoder_type"":""SolverSerialJointSingleHair"",""p"":0.01,""p_erase"":0.01,""r"":11,""run_id"":""f2936ce57f818d69f7e1b5c9954ec7387d9a1f53c4355bd88c213e49338e6b5b""}",
       224,         0,         0,    3.32,mwpf__90b8a71d84bb4049a216b096b1fad6ec987039a4839b0ef5cac9a79d5207d721,5e43affef138b39f289f7fa23a413baa2a9d7a66b21bfef5b21d806af2aee267,"{""circuit"":""surface_code:rotated_memory_x"",""cluster_node_limit"":50,""d"":11,""decoder"":""mwpf"",""decoder_type"":""SolverSerialJointSingleHair"",""p"":0.01,""p_erase"":0.01,""r"":11,""run_id"":""f2936ce57f818d69f7e1b5c9954ec7387d9a1f53c4355bd88c213e49338e6b5b""}",
        96,         2,         0,    4.32,mwpf__d89f38621d3da58e469ab642e8ce9449a2028f501c7ff49729098ec573131f8e,f03c1e4f58ff752135e09f412b8d3bdffa88dde5b6e7fbb034ff1292d22ebde9,"{""circuit"":""surface_code:rotated_memory_x"",""cluster_node_limit"":50,""d"":11,""decoder"":""mwpf"",""decoder_type"":""SolverSerialJointSingleHair"",""p"":0.02,""p_erase"":0.02,""r"":11,""run_id"":""93fb08d08267e12bd14cc4f801fe1f3202058f710009764389b6687cc48bdcd3""}",
        20,         1,         0,    3.51,mwpf__18a55d354a5179fe22b347621ac42d689c676785006a493eda6333b61165ab0a,2606fd9b27f8c06a238f10dfcfca1e8efa1cf00bdb8796dbb946e077f8ce80de,"{""circuit"":""surface_code:rotated_memory_x"",""cluster_node_limit"":50,""d"":11,""decoder"":""mwpf"",""decoder_type"":""SolverSerialJointSingleHair"",""p"":0.03,""p_erase"":0.03,""r"":11,""run_id"":""29e38ae744884c2a2b406b04af05084fd3179601bec0197b08c3eec7c1fecc34""}",
       320,         0,         0,    4.32,mwpf__90b8a71d84bb4049a216b096b1fad6ec987039a4839b0ef5cac9a79d5207d721,5e43affef138b39f289f7fa23a413baa2a9d7a66b21bfef5b21d806af2aee267,"{""circuit"":""surface_code:rotated_memory_x"",""cluster_node_limit"":50,""d"":11,""decoder"":""mwpf"",""decoder_type"":""SolverSerialJointSingleHair"",""p"":0.01,""p_erase"":0.01,""r"":11,""run_id"":""f2936ce57f818d69f7e1b5c9954ec7387d9a1f53c4355bd88c213e49338e6b5b""}",
        96,         0,         0,    4.38,mwpf__d89f38621d3da58e469ab642e8ce9449a2028f501c7ff49729098ec573131f8e,f03c1e4f58ff752135e09f412b8d3bdffa88dde5b6e7fbb034ff1292d22ebde9,"{""circuit"":""surface_code:rotated_memory_x"",""cluster_node_limit"":50,""d"":11,""decoder"":""mwpf"",""decoder_type"":""SolverSerialJointSingleHair"",""p"":0.02,""p_erase"":0.02,""r"":11,""run_id"":""93fb08d08267e12bd14cc4f801fe1f3202058f710009764389b6687cc48bdcd3""}",
        24,         0,         0,    3.69,mwpf__18a55d354a5179fe22b347621ac42d689c676785006a493eda6333b61165ab0a,2606fd9b27f8c06a238f10dfcfca1e8efa1cf00bdb8796dbb946e077f8ce80de,"{""circuit"":""surface_code:rotated_memory_x"",""cluster_node_limit"":50,""d"":11,""decoder"":""mwpf"",""decoder_type"":""SolverSerialJointSingleHair"",""p"":0.03,""p_erase"":0.03,""r"":11,""run_id"":""29e38ae744884c2a2b406b04af05084fd3179601bec0197b08c3eec7c1fecc34""}",
        40,         3,         0,    6.43,mwpf__18a55d354a5179fe22b347621ac42d689c676785006a493eda6333b61165ab0a,2606fd9b27f8c06a238f10dfcfca1e8efa1cf00bdb8796dbb946e077f8ce80de,"{""circuit"":""surface_code:rotated_memory_x"",""cluster_node_limit"":50,""d"":11,""decoder"":""mwpf"",""decoder_type"":""SolverSerialJointSingleHair"",""p"":0.03,""p_erase"":0.03,""r"":11,""run_id"":""29e38ae744884c2a2b406b04af05084fd3179601bec0197b08c3eec7c1fecc34""}",
        96,         0,         0,    4.47,mwpf__d89f38621d3da58e469ab642e8ce9449a2028f501c7ff49729098ec573131f8e,f03c1e4f58ff752135e09f412b8d3bdffa88dde5b6e7fbb034ff1292d22ebde9,"{""circuit"":""surface_code:rotated_memory_x"",""cluster_node_limit"":50,""d"":11,""decoder"":""mwpf"",""decoder_type"":""SolverSerialJointSingleHair"",""p"":0.02,""p_erase"":0.02,""r"":11,""run_id"":""93fb08d08267e12bd14cc4f801fe1f3202058f710009764389b6687cc48bdcd3""}",
        40,         2,         0,    6.05,mwpf__18a55d354a5179fe22b347621ac42d689c676785006a493eda6333b61165ab0a,2606fd9b27f8c06a238f10dfcfca1e8efa1cf00bdb8796dbb946e077f8ce80de,"{""circuit"":""surface_code:rotated_memory_x"",""cluster_node_limit"":50,""d"":11,""decoder"":""mwpf"",""decoder_type"":""SolverSerialJointSingleHair"",""p"":0.03,""p_erase"":0.03,""r"":11,""run_id"":""29e38ae744884c2a2b406b04af05084fd3179601bec0197b08c3eec7c1fecc34""}",
        36,         1,         0,    6.13,mwpf__18a55d354a5179fe22b347621ac42d689c676785006a493eda6333b61165ab0a,2606fd9b27f8c06a238f10dfcfca1e8efa1cf00bdb8796dbb946e077f8ce80de,"{""circuit"":""surface_code:rotated_memory_x"",""cluster_node_limit"":50,""d"":11,""decoder"":""mwpf"",""decoder_type"":""SolverSerialJointSingleHair"",""p"":0.03,""p_erase"":0.03,""r"":11,""run_id"":""29e38ae744884c2a2b406b04af05084fd3179601bec0197b08c3eec7c1fecc34""}",
        96,         0,         0,    4.45,mwpf__d89f38621d3da58e469ab642e8ce9449a2028f501c7ff49729098ec573131f8e,f03c1e4f58ff752135e09f412b8d3bdffa88dde5b6e7fbb034ff1292d22ebde9,"{""circuit"":""surface_code:rotated_memory_x"",""cluster_node_limit"":50,""d"":11,""decoder"":""mwpf"",""decoder_type"":""SolverSerialJointSingleHair"",""p"":0.02,""p_erase"":0.02,""r"":11,""run_id"":""93fb08d08267e12bd14cc4f801fe1f3202058f710009764389b6687cc48bdcd3""}",
       320,         0,         0,    4.65,mwpf__90b8a71d84bb4049a216b096b1fad6ec987039a4839b0ef5cac9a79d5207d721,5e43affef138b39f289f7fa23a413baa2a9d7a66b21bfef5b21d806af2aee267,"{""circuit"":""surface_code:rotated_memory_x"",""cluster_node_limit"":50,""d"":11,""decoder"":""mwpf"",""decoder_type"":""SolverSerialJointSingleHair"",""p"":0.01,""p_erase"":0.01,""r"":11,""run_id"":""f2936ce57f818d69f7e1b5c9954ec7387d9a1f53c4355bd88c213e49338e6b5b""}",
        20,         2,         0,    3.23,mwpf__18a55d354a5179fe22b347621ac42d689c676785006a493eda6333b61165ab0a,2606fd9b27f8c06a238f10dfcfca1e8efa1cf00bdb8796dbb946e077f8ce80de,"{""circuit"":""surface_code:rotated_memory_x"",""cluster_node_limit"":50,""d"":11,""decoder"":""mwpf"",""decoder_type"":""SolverSerialJointSingleHair"",""p"":0.03,""p_erase"":0.03,""r"":11,""run_id"":""29e38ae744884c2a2b406b04af05084fd3179601bec0197b08c3eec7c1fecc34""}",
       320,         0,         0,    4.66,mwpf__90b8a71d84bb4049a216b096b1fad6ec987039a4839b0ef5cac9a79d5207d721,5e43affef138b39f289f7fa23a413baa2a9d7a66b21bfef5b21d806af2aee267,"{""circuit"":""surface_code:rotated_memory_x"",""cluster_node_limit"":50,""d"":11,""decoder"":""mwpf"",""decoder_type"":""SolverSerialJointSingleHair"",""p"":0.01,""p_erase"":0.01,""r"":11,""run_id"":""f2936ce57f818d69f7e1b5c9954ec7387d9a1f53c4355bd88c213e49338e6b5b""}",
       192,         0,         0,    8.65,mwpf__d89f38621d3da58e469ab642e8ce9449a2028f501c7ff49729098ec573131f8e,f03c1e4f58ff752135e09f412b8d3bdffa88dde5b6e7fbb034ff1292d22ebde9,"{""circuit"":""surface_code:rotated_memory_x"",""cluster_node_limit"":50,""d"":11,""decoder"":""mwpf"",""decoder_type"":""SolverSerialJointSingleHair"",""p"":0.02,""p_erase"":0.02,""r"":11,""run_id"":""93fb08d08267e12bd14cc4f801fe1f3202058f710009764389b6687cc48bdcd3""}",
        96,         0,         0,    4.66,mwpf__d89f38621d3da58e469ab642e8ce9449a2028f501c7ff49729098ec573131f8e,f03c1e4f58ff752135e09f412b8d3bdffa88dde5b6e7fbb034ff1292d22ebde9,"{""circuit"":""surface_code:rotated_memory_x"",""cluster_node_limit"":50,""d"":11,""decoder"":""mwpf"",""decoder_type"":""SolverSerialJointSingleHair"",""p"":0.02,""p_erase"":0.02,""r"":11,""run_id"":""93fb08d08267e12bd14cc4f801fe1f3202058f710009764389b6687cc48bdcd3""}",
       320,         0,         0,    4.46,mwpf__90b8a71d84bb4049a216b096b1fad6ec987039a4839b0ef5cac9a79d5207d721,5e43affef138b39f289f7fa23a413baa2a9d7a66b21bfef5b21d806af2aee267,"{""circuit"":""surface_code:rotated_memory_x"",""cluster_node_limit"":50,""d"":11,""decoder"":""mwpf"",""decoder_type"":""SolverSerialJointSingleHair"",""p"":0.01,""p_erase"":0.01,""r"":11,""run_id"":""f2936ce57f818d69f7e1b5c9954ec7387d9a1f53c4355bd88c213e49338e6b5b""}",
       288,         0,         0,    4.33,mwpf__90b8a71d84bb4049a216b096b1fad6ec987039a4839b0ef5cac9a79d5207d721,5e43affef138b39f289f7fa23a413baa2a9d7a66b21bfef5b21d806af2aee267,"{""circuit"":""surface_code:rotated_memory_x"",""cluster_node_limit"":50,""d"":11,""decoder"":""mwpf"",""decoder_type"":""SolverSerialJointSingleHair"",""p"":0.01,""p_erase"":0.01,""r"":11,""run_id"":""f2936ce57f818d69f7e1b5c9954ec7387d9a1f53c4355bd88c213e49338e6b5b""}",
       288,         0,         0,    4.31,mwpf__90b8a71d84bb4049a216b096b1fad6ec987039a4839b0ef5cac9a79d5207d721,5e43affef138b39f289f7fa23a413baa2a9d7a66b21bfef5b21d806af2aee267,"{""circuit"":""surface_code:rotated_memory_x"",""cluster_node_limit"":50,""d"":11,""decoder"":""mwpf"",""decoder_type"":""SolverSerialJointSingleHair"",""p"":0.01,""p_erase"":0.01,""r"":11,""run_id"":""f2936ce57f818d69f7e1b5c9954ec7387d9a1f53c4355bd88c213e49338e6b5b""}",
        28,         4,         0,    4.60,mwpf__18a55d354a5179fe22b347621ac42d689c676785006a493eda6333b61165ab0a,2606fd9b27f8c06a238f10dfcfca1e8efa1cf00bdb8796dbb946e077f8ce80de,"{""circuit"":""surface_code:rotated_memory_x"",""cluster_node_limit"":50,""d"":11,""decoder"":""mwpf"",""decoder_type"":""SolverSerialJointSingleHair"",""p"":0.03,""p_erase"":0.03,""r"":11,""run_id"":""29e38ae744884c2a2b406b04af05084fd3179601bec0197b08c3eec7c1fecc34""}",
       448,         0,         0,    6.17,mwpf__90b8a71d84bb4049a216b096b1fad6ec987039a4839b0ef5cac9a79d5207d721,5e43affef138b39f289f7fa23a413baa2a9d7a66b21bfef5b21d806af2aee267,"{""circuit"":""surface_code:rotated_memory_x"",""cluster_node_limit"":50,""d"":11,""decoder"":""mwpf"",""decoder_type"":""SolverSerialJointSingleHair"",""p"":0.01,""p_erase"":0.01,""r"":11,""run_id"":""f2936ce57f818d69f7e1b5c9954ec7387d9a1f53c4355bd88c213e49338e6b5b""}",
        28,         1,         0,    4.48,mwpf__18a55d354a5179fe22b347621ac42d689c676785006a493eda6333b61165ab0a,2606fd9b27f8c06a238f10dfcfca1e8efa1cf00bdb8796dbb946e077f8ce80de,"{""circuit"":""surface_code:rotated_memory_x"",""cluster_node_limit"":50,""d"":11,""decoder"":""mwpf"",""decoder_type"":""SolverSerialJointSingleHair"",""p"":0.03,""p_erase"":0.03,""r"":11,""run_id"":""29e38ae744884c2a2b406b04af05084fd3179601bec0197b08c3eec7c1fecc34""}",
       136,         1,         0,    6.19,mwpf__d89f38621d3da58e469ab642e8ce9449a2028f501c7ff49729098ec573131f8e,f03c1e4f58ff752135e09f412b8d3bdffa88dde5b6e7fbb034ff1292d22ebde9,"{""circuit"":""surface_code:rotated_memory_x"",""cluster_node_limit"":50,""d"":11,""decoder"":""mwpf"",""decoder_type"":""SolverSerialJointSingleHair"",""p"":0.02,""p_erase"":0.02,""r"":11,""run_id"":""93fb08d08267e12bd14cc4f801fe1f3202058f710009764389b6687cc48bdcd3""}",
       608,         0,         0,    8.49,mwpf__90b8a71d84bb4049a216b096b1fad6ec987039a4839b0ef5cac9a79d5207d721,5e43affef138b39f289f7fa23a413baa2a9d7a66b21bfef5b21d806af2aee267,"{""circuit"":""surface_code:rotated_memory_x"",""cluster_node_limit"":50,""d"":11,""decoder"":""mwpf"",""decoder_type"":""SolverSerialJointSingleHair"",""p"":0.01,""p_erase"":0.01,""r"":11,""run_id"":""f2936ce57f818d69f7e1b5c9954ec7387d9a1f53c4355bd88c213e49338e6b5b""}",
       448,         0,         0,    6.24,mwpf__90b8a71d84bb4049a216b096b1fad6ec987039a4839b0ef5cac9a79d5207d721,5e43affef138b39f289f7fa23a413baa2a9d7a66b21bfef5b21d806af2aee267,"{""circuit"":""surface_code:rotated_memory_x"",""cluster_node_limit"":50,""d"":11,""decoder"":""mwpf"",""decoder_type"":""SolverSerialJointSingleHair"",""p"":0.01,""p_erase"":0.01,""r"":11,""run_id"":""f2936ce57f818d69f7e1b5c9954ec7387d9a1f53c4355bd88c213e49338e6b5b""}",
       136,         0,         0,    6.11,mwpf__d89f38621d3da58e469ab642e8ce9449a2028f501c7ff49729098ec573131f8e,f03c1e4f58ff752135e09f412b8d3bdffa88dde5b6e7fbb034ff1292d22ebde9,"{""circuit"":""surface_code:rotated_memory_x"",""cluster_node_limit"":50,""d"":11,""decoder"":""mwpf"",""decoder_type"":""SolverSerialJointSingleHair"",""p"":0.02,""p_erase"":0.02,""r"":11,""run_id"":""93fb08d08267e12bd14cc4f801fe1f3202058f710009764389b6687cc48bdcd3""}",
        32,         0,         0,    4.90,mwpf__18a55d354a5179fe22b347621ac42d689c676785006a493eda6333b61165ab0a,2606fd9b27f8c06a238f10dfcfca1e8efa1cf00bdb8796dbb946e077f8ce80de,"{""circuit"":""surface_code:rotated_memory_x"",""cluster_node_limit"":50,""d"":11,""decoder"":""mwpf"",""decoder_type"":""SolverSerialJointSingleHair"",""p"":0.03,""p_erase"":0.03,""r"":11,""run_id"":""29e38ae744884c2a2b406b04af05084fd3179601bec0197b08c3eec7c1fecc34""}",
        52,         2,         0,    8.87,mwpf__18a55d354a5179fe22b347621ac42d689c676785006a493eda6333b61165ab0a,2606fd9b27f8c06a238f10dfcfca1e8efa1cf00bdb8796dbb946e077f8ce80de,"{""circuit"":""surface_code:rotated_memory_x"",""cluster_node_limit"":50,""d"":11,""decoder"":""mwpf"",""decoder_type"":""SolverSerialJointSingleHair"",""p"":0.03,""p_erase"":0.03,""r"":11,""run_id"":""29e38ae744884c2a2b406b04af05084fd3179601bec0197b08c3eec7c1fecc34""}",
       128,         0,         0,    6.00,mwpf__d89f38621d3da58e469ab642e8ce9449a2028f501c7ff49729098ec573131f8e,f03c1e4f58ff752135e09f412b8d3bdffa88dde5b6e7fbb034ff1292d22ebde9,"{""circuit"":""surface_code:rotated_memory_x"",""cluster_node_limit"":50,""d"":11,""decoder"":""mwpf"",""decoder_type"":""SolverSerialJointSingleHair"",""p"":0.02,""p_erase"":0.02,""r"":11,""run_id"":""93fb08d08267e12bd14cc4f801fe1f3202058f710009764389b6687cc48bdcd3""}",
       144,         0,         0,    6.56,mwpf__d89f38621d3da58e469ab642e8ce9449a2028f501c7ff49729098ec573131f8e,f03c1e4f58ff752135e09f412b8d3bdffa88dde5b6e7fbb034ff1292d22ebde9,"{""circuit"":""surface_code:rotated_memory_x"",""cluster_node_limit"":50,""d"":11,""decoder"":""mwpf"",""decoder_type"":""SolverSerialJointSingleHair"",""p"":0.02,""p_erase"":0.02,""r"":11,""run_id"":""93fb08d08267e12bd14cc4f801fe1f3202058f710009764389b6687cc48bdcd3""}",
       416,         0,         0,    6.08,mwpf__90b8a71d84bb4049a216b096b1fad6ec987039a4839b0ef5cac9a79d5207d721,5e43affef138b39f289f7fa23a413baa2a9d7a66b21bfef5b21d806af2aee267,"{""circuit"":""surface_code:rotated_memory_x"",""cluster_node_limit"":50,""d"":11,""decoder"":""mwpf"",""decoder_type"":""SolverSerialJointSingleHair"",""p"":0.01,""p_erase"":0.01,""r"":11,""run_id"":""f2936ce57f818d69f7e1b5c9954ec7387d9a1f53c4355bd88c213e49338e6b5b""}",
       416,         0,         0,    6.16,mwpf__90b8a71d84bb4049a216b096b1fad6ec987039a4839b0ef5cac9a79d5207d721,5e43affef138b39f289f7fa23a413baa2a9d7a66b21bfef5b21d806af2aee267,"{""circuit"":""surface_code:rotated_memory_x"",""cluster_node_limit"":50,""d"":11,""decoder"":""mwpf"",""decoder_type"":""SolverSerialJointSingleHair"",""p"":0.01,""p_erase"":0.01,""r"":11,""run_id"":""f2936ce57f818d69f7e1b5c9954ec7387d9a1f53c4355bd88c213e49338e6b5b""}",
       128,         0,         0,    6.02,mwpf__d89f38621d3da58e469ab642e8ce9449a2028f501c7ff49729098ec573131f8e,f03c1e4f58ff752135e09f412b8d3bdffa88dde5b6e7fbb034ff1292d22ebde9,"{""circuit"":""surface_code:rotated_memory_x"",""cluster_node_limit"":50,""d"":11,""decoder"":""mwpf"",""decoder_type"":""SolverSerialJointSingleHair"",""p"":0.02,""p_erase"":0.02,""r"":11,""run_id"":""93fb08d08267e12bd14cc4f801fe1f3202058f710009764389b6687cc48bdcd3""}",
        52,         2,         0,    8.50,mwpf__18a55d354a5179fe22b347621ac42d689c676785006a493eda6333b61165ab0a,2606fd9b27f8c06a238f10dfcfca1e8efa1cf00bdb8796dbb946e077f8ce80de,"{""circuit"":""surface_code:rotated_memory_x"",""cluster_node_limit"":50,""d"":11,""decoder"":""mwpf"",""decoder_type"":""SolverSerialJointSingleHair"",""p"":0.03,""p_erase"":0.03,""r"":11,""run_id"":""29e38ae744884c2a2b406b04af05084fd3179601bec0197b08c3eec7c1fecc34""}",
       448,         0,         0,    6.18,mwpf__90b8a71d84bb4049a216b096b1fad6ec987039a4839b0ef5cac9a79d5207d721,5e43affef138b39f289f7fa23a413baa2a9d7a66b21bfef5b21d806af2aee267,"{""circuit"":""surface_code:rotated_memory_x"",""cluster_node_limit"":50,""d"":11,""decoder"":""mwpf"",""decoder_type"":""SolverSerialJointSingleHair"",""p"":0.01,""p_erase"":0.01,""r"":11,""run_id"":""f2936ce57f818d69f7e1b5c9954ec7387d9a1f53c4355bd88c213e49338e6b5b""}",
       416,         0,         0,    6.21,mwpf__90b8a71d84bb4049a216b096b1fad6ec987039a4839b0ef5cac9a79d5207d721,5e43affef138b39f289f7fa23a413baa2a9d7a66b21bfef5b21d806af2aee267,"{""circuit"":""surface_code:rotated_memory_x"",""cluster_node_limit"":50,""d"":11,""decoder"":""mwpf"",""decoder_type"":""SolverSerialJointSingleHair"",""p"":0.01,""p_erase"":0.01,""r"":11,""run_id"":""f2936ce57f818d69f7e1b5c9954ec7387d9a1f53c4355bd88c213e49338e6b5b""}",
       416,         0,         0,    6.11,mwpf__90b8a71d84bb4049a216b096b1fad6ec987039a4839b0ef5cac9a79d5207d721,5e43affef138b39f289f7fa23a413baa2a9d7a66b21bfef5b21d806af2aee267,"{""circuit"":""surface_code:rotated_memory_x"",""cluster_node_limit"":50,""d"":11,""decoder"":""mwpf"",""decoder_type"":""SolverSerialJointSingleHair"",""p"":0.01,""p_erase"":0.01,""r"":11,""run_id"":""f2936ce57f818d69f7e1b5c9954ec7387d9a1f53c4355bd88c213e49338e6b5b""}",
        52,         2,         0,    8.57,mwpf__18a55d354a5179fe22b347621ac42d689c676785006a493eda6333b61165ab0a,2606fd9b27f8c06a238f10dfcfca1e8efa1cf00bdb8796dbb946e077f8ce80de,"{""circuit"":""surface_code:rotated_memory_x"",""cluster_node_limit"":50,""d"":11,""decoder"":""mwpf"",""decoder_type"":""SolverSerialJointSingleHair"",""p"":0.03,""p_erase"":0.03,""r"":11,""run_id"":""29e38ae744884c2a2b406b04af05084fd3179601bec0197b08c3eec7c1fecc34""}",
        52,         2,         0,    8.90,mwpf__18a55d354a5179fe22b347621ac42d689c676785006a493eda6333b61165ab0a,2606fd9b27f8c06a238f10dfcfca1e8efa1cf00bdb8796dbb946e077f8ce80de,"{""circuit"":""surface_code:rotated_memory_x"",""cluster_node_limit"":50,""d"":11,""decoder"":""mwpf"",""decoder_type"":""SolverSerialJointSingleHair"",""p"":0.03,""p_erase"":0.03,""r"":11,""run_id"":""29e38ae744884c2a2b406b04af05084fd3179601bec0197b08c3eec7c1fecc34""}",
        36,         2,         0,    6.05,mwpf__18a55d354a5179fe22b347621ac42d689c676785006a493eda6333b61165ab0a,2606fd9b27f8c06a238f10dfcfca1e8efa1cf00bdb8796dbb946e077f8ce80de,"{""circuit"":""surface_code:rotated_memory_x"",""cluster_node_limit"":50,""d"":11,""decoder"":""mwpf"",""decoder_type"":""SolverSerialJointSingleHair"",""p"":0.03,""p_erase"":0.03,""r"":11,""run_id"":""29e38ae744884c2a2b406b04af05084fd3179601bec0197b08c3eec7c1fecc34""}",
        40,         1,         0,    6.30,mwpf__18a55d354a5179fe22b347621ac42d689c676785006a493eda6333b61165ab0a,2606fd9b27f8c06a238f10dfcfca1e8efa1cf00bdb8796dbb946e077f8ce80de,"{""circuit"":""surface_code:rotated_memory_x"",""cluster_node_limit"":50,""d"":11,""decoder"":""mwpf"",""decoder_type"":""SolverSerialJointSingleHair"",""p"":0.03,""p_erase"":0.03,""r"":11,""run_id"":""29e38ae744884c2a2b406b04af05084fd3179601bec0197b08c3eec7c1fecc34""}",
       352,         0,         0,    16.9,mwpf__d89f38621d3da58e469ab642e8ce9449a2028f501c7ff49729098ec573131f8e,f03c1e4f58ff752135e09f412b8d3bdffa88dde5b6e7fbb034ff1292d22ebde9,"{""circuit"":""surface_code:rotated_memory_x"",""cluster_node_limit"":50,""d"":11,""decoder"":""mwpf"",""decoder_type"":""SolverSerialJointSingleHair"",""p"":0.02,""p_erase"":0.02,""r"":11,""run_id"":""93fb08d08267e12bd14cc4f801fe1f3202058f710009764389b6687cc48bdcd3""}",
        40,         4,         0,    6.52,mwpf__18a55d354a5179fe22b347621ac42d689c676785006a493eda6333b61165ab0a,2606fd9b27f8c06a238f10dfcfca1e8efa1cf00bdb8796dbb946e077f8ce80de,"{""circuit"":""surface_code:rotated_memory_x"",""cluster_node_limit"":50,""d"":11,""decoder"":""mwpf"",""decoder_type"":""SolverSerialJointSingleHair"",""p"":0.03,""p_erase"":0.03,""r"":11,""run_id"":""29e38ae744884c2a2b406b04af05084fd3179601bec0197b08c3eec7c1fecc34""}",
       640,         0,         0,    8.77,mwpf__90b8a71d84bb4049a216b096b1fad6ec987039a4839b0ef5cac9a79d5207d721,5e43affef138b39f289f7fa23a413baa2a9d7a66b21bfef5b21d806af2aee267,"{""circuit"":""surface_code:rotated_memory_x"",""cluster_node_limit"":50,""d"":11,""decoder"":""mwpf"",""decoder_type"":""SolverSerialJointSingleHair"",""p"":0.01,""p_erase"":0.01,""r"":11,""run_id"":""f2936ce57f818d69f7e1b5c9954ec7387d9a1f53c4355bd88c213e49338e6b5b""}",
       184,         0,         0,    8.42,mwpf__d89f38621d3da58e469ab642e8ce9449a2028f501c7ff49729098ec573131f8e,f03c1e4f58ff752135e09f412b8d3bdffa88dde5b6e7fbb034ff1292d22ebde9,"{""circuit"":""surface_code:rotated_memory_x"",""cluster_node_limit"":50,""d"":11,""decoder"":""mwpf"",""decoder_type"":""SolverSerialJointSingleHair"",""p"":0.02,""p_erase"":0.02,""r"":11,""run_id"":""93fb08d08267e12bd14cc4f801fe1f3202058f710009764389b6687cc48bdcd3""}",
       608,         0,         0,    8.42,mwpf__90b8a71d84bb4049a216b096b1fad6ec987039a4839b0ef5cac9a79d5207d721,5e43affef138b39f289f7fa23a413baa2a9d7a66b21bfef5b21d806af2aee267,"{""circuit"":""surface_code:rotated_memory_x"",""cluster_node_limit"":50,""d"":11,""decoder"":""mwpf"",""decoder_type"":""SolverSerialJointSingleHair"",""p"":0.01,""p_erase"":0.01,""r"":11,""run_id"":""f2936ce57f818d69f7e1b5c9954ec7387d9a1f53c4355bd88c213e49338e6b5b""}",
       272,         0,         0,    12.3,mwpf__d89f38621d3da58e469ab642e8ce9449a2028f501c7ff49729098ec573131f8e,f03c1e4f58ff752135e09f412b8d3bdffa88dde5b6e7fbb034ff1292d22ebde9,"{""circuit"":""surface_code:rotated_memory_x"",""cluster_node_limit"":50,""d"":11,""decoder"":""mwpf"",""decoder_type"":""SolverSerialJointSingleHair"",""p"":0.02,""p_erase"":0.02,""r"":11,""run_id"":""93fb08d08267e12bd14cc4f801fe1f3202058f710009764389b6687cc48bdcd3""}",
       192,         0,         0,    8.69,mwpf__d89f38621d3da58e469ab642e8ce9449a2028f501c7ff49729098ec573131f8e,f03c1e4f58ff752135e09f412b8d3bdffa88dde5b6e7fbb034ff1292d22ebde9,"{""circuit"":""surface_code:rotated_memory_x"",""cluster_node_limit"":50,""d"":11,""decoder"":""mwpf"",""decoder_type"":""SolverSerialJointSingleHair"",""p"":0.02,""p_erase"":0.02,""r"":11,""run_id"":""93fb08d08267e12bd14cc4f801fe1f3202058f710009764389b6687cc48bdcd3""}",
       184,         0,         0,    8.69,mwpf__d89f38621d3da58e469ab642e8ce9449a2028f501c7ff49729098ec573131f8e,f03c1e4f58ff752135e09f412b8d3bdffa88dde5b6e7fbb034ff1292d22ebde9,"{""circuit"":""surface_code:rotated_memory_x"",""cluster_node_limit"":50,""d"":11,""decoder"":""mwpf"",""decoder_type"":""SolverSerialJointSingleHair"",""p"":0.02,""p_erase"":0.02,""r"":11,""run_id"":""93fb08d08267e12bd14cc4f801fe1f3202058f710009764389b6687cc48bdcd3""}",
       192,         0,         0,    8.65,mwpf__d89f38621d3da58e469ab642e8ce9449a2028f501c7ff49729098ec573131f8e,f03c1e4f58ff752135e09f412b8d3bdffa88dde5b6e7fbb034ff1292d22ebde9,"{""circuit"":""surface_code:rotated_memory_x"",""cluster_node_limit"":50,""d"":11,""decoder"":""mwpf"",""decoder_type"":""SolverSerialJointSingleHair"",""p"":0.02,""p_erase"":0.02,""r"":11,""run_id"":""93fb08d08267e12bd14cc4f801fe1f3202058f710009764389b6687cc48bdcd3""}",
       576,         0,         0,    8.52,mwpf__90b8a71d84bb4049a216b096b1fad6ec987039a4839b0ef5cac9a79d5207d721,5e43affef138b39f289f7fa23a413baa2a9d7a66b21bfef5b21d806af2aee267,"{""circuit"":""surface_code:rotated_memory_x"",""cluster_node_limit"":50,""d"":11,""decoder"":""mwpf"",""decoder_type"":""SolverSerialJointSingleHair"",""p"":0.01,""p_erase"":0.01,""r"":11,""run_id"":""f2936ce57f818d69f7e1b5c9954ec7387d9a1f53c4355bd88c213e49338e6b5b""}",
       576,         0,         0,    8.57,mwpf__90b8a71d84bb4049a216b096b1fad6ec987039a4839b0ef5cac9a79d5207d721,5e43affef138b39f289f7fa23a413baa2a9d7a66b21bfef5b21d806af2aee267,"{""circuit"":""surface_code:rotated_memory_x"",""cluster_node_limit"":50,""d"":11,""decoder"":""mwpf"",""decoder_type"":""SolverSerialJointSingleHair"",""p"":0.01,""p_erase"":0.01,""r"":11,""run_id"":""f2936ce57f818d69f7e1b5c9954ec7387d9a1f53c4355bd88c213e49338e6b5b""}",
       184,         0,         0,    8.70,mwpf__d89f38621d3da58e469ab642e8ce9449a2028f501c7ff49729098ec573131f8e,f03c1e4f58ff752135e09f412b8d3bdffa88dde5b6e7fbb034ff1292d22ebde9,"{""circuit"":""surface_code:rotated_memory_x"",""cluster_node_limit"":50,""d"":11,""decoder"":""mwpf"",""decoder_type"":""SolverSerialJointSingleHair"",""p"":0.02,""p_erase"":0.02,""r"":11,""run_id"":""93fb08d08267e12bd14cc4f801fe1f3202058f710009764389b6687cc48bdcd3""}",
       608,         0,         0,    8.47,mwpf__90b8a71d84bb4049a216b096b1fad6ec987039a4839b0ef5cac9a79d5207d721,5e43affef138b39f289f7fa23a413baa2a9d7a66b21bfef5b21d806af2aee267,"{""circuit"":""surface_code:rotated_memory_x"",""cluster_node_limit"":50,""d"":11,""decoder"":""mwpf"",""decoder_type"":""SolverSerialJointSingleHair"",""p"":0.01,""p_erase"":0.01,""r"":11,""run_id"":""f2936ce57f818d69f7e1b5c9954ec7387d9a1f53c4355bd88c213e49338e6b5b""}",
       864,         0,         0,    12.1,mwpf__90b8a71d84bb4049a216b096b1fad6ec987039a4839b0ef5cac9a79d5207d721,5e43affef138b39f289f7fa23a413baa2a9d7a66b21bfef5b21d806af2aee267,"{""circuit"":""surface_code:rotated_memory_x"",""cluster_node_limit"":50,""d"":11,""decoder"":""mwpf"",""decoder_type"":""SolverSerialJointSingleHair"",""p"":0.01,""p_erase"":0.01,""r"":11,""run_id"":""f2936ce57f818d69f7e1b5c9954ec7387d9a1f53c4355bd88c213e49338e6b5b""}",
       576,         0,         0,    8.70,mwpf__90b8a71d84bb4049a216b096b1fad6ec987039a4839b0ef5cac9a79d5207d721,5e43affef138b39f289f7fa23a413baa2a9d7a66b21bfef5b21d806af2aee267,"{""circuit"":""surface_code:rotated_memory_x"",""cluster_node_limit"":50,""d"":11,""decoder"":""mwpf"",""decoder_type"":""SolverSerialJointSingleHair"",""p"":0.01,""p_erase"":0.01,""r"":11,""run_id"":""f2936ce57f818d69f7e1b5c9954ec7387d9a1f53c4355bd88c213e49338e6b5b""}",
       576,         0,         0,    8.51,mwpf__90b8a71d84bb4049a216b096b1fad6ec987039a4839b0ef5cac9a79d5207d721,5e43affef138b39f289f7fa23a413baa2a9d7a66b21bfef5b21d806af2aee267,"{""circuit"":""surface_code:rotated_memory_x"",""cluster_node_limit"":50,""d"":11,""decoder"":""mwpf"",""decoder_type"":""SolverSerialJointSingleHair"",""p"":0.01,""p_erase"":0.01,""r"":11,""run_id"":""f2936ce57f818d69f7e1b5c9954ec7387d9a1f53c4355bd88c213e49338e6b5b""}",
        72,         6,         0,    12.2,mwpf__18a55d354a5179fe22b347621ac42d689c676785006a493eda6333b61165ab0a,2606fd9b27f8c06a238f10dfcfca1e8efa1cf00bdb8796dbb946e077f8ce80de,"{""circuit"":""surface_code:rotated_memory_x"",""cluster_node_limit"":50,""d"":11,""decoder"":""mwpf"",""decoder_type"":""SolverSerialJointSingleHair"",""p"":0.03,""p_erase"":0.03,""r"":11,""run_id"":""29e38ae744884c2a2b406b04af05084fd3179601bec0197b08c3eec7c1fecc34""}",
        52,         3,         0,    9.06,mwpf__18a55d354a5179fe22b347621ac42d689c676785006a493eda6333b61165ab0a,2606fd9b27f8c06a238f10dfcfca1e8efa1cf00bdb8796dbb946e077f8ce80de,"{""circuit"":""surface_code:rotated_memory_x"",""cluster_node_limit"":50,""d"":11,""decoder"":""mwpf"",""decoder_type"":""SolverSerialJointSingleHair"",""p"":0.03,""p_erase"":0.03,""r"":11,""run_id"":""29e38ae744884c2a2b406b04af05084fd3179601bec0197b08c3eec7c1fecc34""}",
        52,         4,         0,    8.88,mwpf__18a55d354a5179fe22b347621ac42d689c676785006a493eda6333b61165ab0a,2606fd9b27f8c06a238f10dfcfca1e8efa1cf00bdb8796dbb946e077f8ce80de,"{""circuit"":""surface_code:rotated_memory_x"",""cluster_node_limit"":50,""d"":11,""decoder"":""mwpf"",""decoder_type"":""SolverSerialJointSingleHair"",""p"":0.03,""p_erase"":0.03,""r"":11,""run_id"":""29e38ae744884c2a2b406b04af05084fd3179601bec0197b08c3eec7c1fecc34""}",
        76,         6,         0,    12.3,mwpf__18a55d354a5179fe22b347621ac42d689c676785006a493eda6333b61165ab0a,2606fd9b27f8c06a238f10dfcfca1e8efa1cf00bdb8796dbb946e077f8ce80de,"{""circuit"":""surface_code:rotated_memory_x"",""cluster_node_limit"":50,""d"":11,""decoder"":""mwpf"",""decoder_type"":""SolverSerialJointSingleHair"",""p"":0.03,""p_erase"":0.03,""r"":11,""run_id"":""29e38ae744884c2a2b406b04af05084fd3179601bec0197b08c3eec7c1fecc34""}",
        72,         4,         0,    11.9,mwpf__18a55d354a5179fe22b347621ac42d689c676785006a493eda6333b61165ab0a,2606fd9b27f8c06a238f10dfcfca1e8efa1cf00bdb8796dbb946e077f8ce80de,"{""circuit"":""surface_code:rotated_memory_x"",""cluster_node_limit"":50,""d"":11,""decoder"":""mwpf"",""decoder_type"":""SolverSerialJointSingleHair"",""p"":0.03,""p_erase"":0.03,""r"":11,""run_id"":""29e38ae744884c2a2b406b04af05084fd3179601bec0197b08c3eec7c1fecc34""}",
        56,         2,         0,    8.81,mwpf__18a55d354a5179fe22b347621ac42d689c676785006a493eda6333b61165ab0a,2606fd9b27f8c06a238f10dfcfca1e8efa1cf00bdb8796dbb946e077f8ce80de,"{""circuit"":""surface_code:rotated_memory_x"",""cluster_node_limit"":50,""d"":11,""decoder"":""mwpf"",""decoder_type"":""SolverSerialJointSingleHair"",""p"":0.03,""p_erase"":0.03,""r"":11,""run_id"":""29e38ae744884c2a2b406b04af05084fd3179601bec0197b08c3eec7c1fecc34""}",
        76,         4,         0,    12.4,mwpf__18a55d354a5179fe22b347621ac42d689c676785006a493eda6333b61165ab0a,2606fd9b27f8c06a238f10dfcfca1e8efa1cf00bdb8796dbb946e077f8ce80de,"{""circuit"":""surface_code:rotated_memory_x"",""cluster_node_limit"":50,""d"":11,""decoder"":""mwpf"",""decoder_type"":""SolverSerialJointSingleHair"",""p"":0.03,""p_erase"":0.03,""r"":11,""run_id"":""29e38ae744884c2a2b406b04af05084fd3179601bec0197b08c3eec7c1fecc34""}",
       844,        55,         0,   120.2,mwpf__18a55d354a5179fe22b347621ac42d689c676785006a493eda6333b61165ab0a,2606fd9b27f8c06a238f10dfcfca1e8efa1cf00bdb8796dbb946e077f8ce80de,"{""circuit"":""surface_code:rotated_memory_x"",""cluster_node_limit"":50,""d"":11,""decoder"":""mwpf"",""decoder_type"":""SolverSerialJointSingleHair"",""p"":0.03,""p_erase"":0.03,""r"":11,""run_id"":""29e38ae744884c2a2b406b04af05084fd3179601bec0197b08c3eec7c1fecc34""}",
       832,         0,         0,    11.8,mwpf__90b8a71d84bb4049a216b096b1fad6ec987039a4839b0ef5cac9a79d5207d721,5e43affef138b39f289f7fa23a413baa2a9d7a66b21bfef5b21d806af2aee267,"{""circuit"":""surface_code:rotated_memory_x"",""cluster_node_limit"":50,""d"":11,""decoder"":""mwpf"",""decoder_type"":""SolverSerialJointSingleHair"",""p"":0.01,""p_erase"":0.01,""r"":11,""run_id"":""f2936ce57f818d69f7e1b5c9954ec7387d9a1f53c4355bd88c213e49338e6b5b""}",
       248,         0,         0,    11.8,mwpf__d89f38621d3da58e469ab642e8ce9449a2028f501c7ff49729098ec573131f8e,f03c1e4f58ff752135e09f412b8d3bdffa88dde5b6e7fbb034ff1292d22ebde9,"{""circuit"":""surface_code:rotated_memory_x"",""cluster_node_limit"":50,""d"":11,""decoder"":""mwpf"",""decoder_type"":""SolverSerialJointSingleHair"",""p"":0.02,""p_erase"":0.02,""r"":11,""run_id"":""93fb08d08267e12bd14cc4f801fe1f3202058f710009764389b6687cc48bdcd3""}",
       864,         0,         0,    12.1,mwpf__90b8a71d84bb4049a216b096b1fad6ec987039a4839b0ef5cac9a79d5207d721,5e43affef138b39f289f7fa23a413baa2a9d7a66b21bfef5b21d806af2aee267,"{""circuit"":""surface_code:rotated_memory_x"",""cluster_node_limit"":50,""d"":11,""decoder"":""mwpf"",""decoder_type"":""SolverSerialJointSingleHair"",""p"":0.01,""p_erase"":0.01,""r"":11,""run_id"":""f2936ce57f818d69f7e1b5c9954ec7387d9a1f53c4355bd88c213e49338e6b5b""}",
       264,         0,         0,    11.9,mwpf__d89f38621d3da58e469ab642e8ce9449a2028f501c7ff49729098ec573131f8e,f03c1e4f58ff752135e09f412b8d3bdffa88dde5b6e7fbb034ff1292d22ebde9,"{""circuit"":""surface_code:rotated_memory_x"",""cluster_node_limit"":50,""d"":11,""decoder"":""mwpf"",""decoder_type"":""SolverSerialJointSingleHair"",""p"":0.02,""p_erase"":0.02,""r"":11,""run_id"":""93fb08d08267e12bd14cc4f801fe1f3202058f710009764389b6687cc48bdcd3""}",
       248,         0,         0,    11.7,mwpf__d89f38621d3da58e469ab642e8ce9449a2028f501c7ff49729098ec573131f8e,f03c1e4f58ff752135e09f412b8d3bdffa88dde5b6e7fbb034ff1292d22ebde9,"{""circuit"":""surface_code:rotated_memory_x"",""cluster_node_limit"":50,""d"":11,""decoder"":""mwpf"",""decoder_type"":""SolverSerialJointSingleHair"",""p"":0.02,""p_erase"":0.02,""r"":11,""run_id"":""93fb08d08267e12bd14cc4f801fe1f3202058f710009764389b6687cc48bdcd3""}",
       800,         0,         0,    11.8,mwpf__90b8a71d84bb4049a216b096b1fad6ec987039a4839b0ef5cac9a79d5207d721,5e43affef138b39f289f7fa23a413baa2a9d7a66b21bfef5b21d806af2aee267,"{""circuit"":""surface_code:rotated_memory_x"",""cluster_node_limit"":50,""d"":11,""decoder"":""mwpf"",""decoder_type"":""SolverSerialJointSingleHair"",""p"":0.01,""p_erase"":0.01,""r"":11,""run_id"":""f2936ce57f818d69f7e1b5c9954ec7387d9a1f53c4355bd88c213e49338e6b5b""}",
       800,         0,         0,    11.9,mwpf__90b8a71d84bb4049a216b096b1fad6ec987039a4839b0ef5cac9a79d5207d721,5e43affef138b39f289f7fa23a413baa2a9d7a66b21bfef5b21d806af2aee267,"{""circuit"":""surface_code:rotated_memory_x"",""cluster_node_limit"":50,""d"":11,""decoder"":""mwpf"",""decoder_type"":""SolverSerialJointSingleHair"",""p"":0.01,""p_erase"":0.01,""r"":11,""run_id"":""f2936ce57f818d69f7e1b5c9954ec7387d9a1f53c4355bd88c213e49338e6b5b""}",
       272,         0,         0,    12.4,mwpf__d89f38621d3da58e469ab642e8ce9449a2028f501c7ff49729098ec573131f8e,f03c1e4f58ff752135e09f412b8d3bdffa88dde5b6e7fbb034ff1292d22ebde9,"{""circuit"":""surface_code:rotated_memory_x"",""cluster_node_limit"":50,""d"":11,""decoder"":""mwpf"",""decoder_type"":""SolverSerialJointSingleHair"",""p"":0.02,""p_erase"":0.02,""r"":11,""run_id"":""93fb08d08267e12bd14cc4f801fe1f3202058f710009764389b6687cc48bdcd3""}",
       248,         0,         0,    11.9,mwpf__d89f38621d3da58e469ab642e8ce9449a2028f501c7ff49729098ec573131f8e,f03c1e4f58ff752135e09f412b8d3bdffa88dde5b6e7fbb034ff1292d22ebde9,"{""circuit"":""surface_code:rotated_memory_x"",""cluster_node_limit"":50,""d"":11,""decoder"":""mwpf"",""decoder_type"":""SolverSerialJointSingleHair"",""p"":0.02,""p_erase"":0.02,""r"":11,""run_id"":""93fb08d08267e12bd14cc4f801fe1f3202058f710009764389b6687cc48bdcd3""}",
       864,         0,         0,    12.2,mwpf__90b8a71d84bb4049a216b096b1fad6ec987039a4839b0ef5cac9a79d5207d721,5e43affef138b39f289f7fa23a413baa2a9d7a66b21bfef5b21d806af2aee267,"{""circuit"":""surface_code:rotated_memory_x"",""cluster_node_limit"":50,""d"":11,""decoder"":""mwpf"",""decoder_type"":""SolverSerialJointSingleHair"",""p"":0.01,""p_erase"":0.01,""r"":11,""run_id"":""f2936ce57f818d69f7e1b5c9954ec7387d9a1f53c4355bd88c213e49338e6b5b""}",
       800,         0,         0,    12.0,mwpf__90b8a71d84bb4049a216b096b1fad6ec987039a4839b0ef5cac9a79d5207d721,5e43affef138b39f289f7fa23a413baa2a9d7a66b21bfef5b21d806af2aee267,"{""circuit"":""surface_code:rotated_memory_x"",""cluster_node_limit"":50,""d"":11,""decoder"":""mwpf"",""decoder_type"":""SolverSerialJointSingleHair"",""p"":0.01,""p_erase"":0.01,""r"":11,""run_id"":""f2936ce57f818d69f7e1b5c9954ec7387d9a1f53c4355bd88c213e49338e6b5b""}",
       800,         0,         0,    11.9,mwpf__90b8a71d84bb4049a216b096b1fad6ec987039a4839b0ef5cac9a79d5207d721,5e43affef138b39f289f7fa23a413baa2a9d7a66b21bfef5b21d806af2aee267,"{""circuit"":""surface_code:rotated_memory_x"",""cluster_node_limit"":50,""d"":11,""decoder"":""mwpf"",""decoder_type"":""SolverSerialJointSingleHair"",""p"":0.01,""p_erase"":0.01,""r"":11,""run_id"":""f2936ce57f818d69f7e1b5c9954ec7387d9a1f53c4355bd88c213e49338e6b5b""}",
        76,         9,         0,    12.1,mwpf__18a55d354a5179fe22b347621ac42d689c676785006a493eda6333b61165ab0a,2606fd9b27f8c06a238f10dfcfca1e8efa1cf00bdb8796dbb946e077f8ce80de,"{""circuit"":""surface_code:rotated_memory_x"",""cluster_node_limit"":50,""d"":11,""decoder"":""mwpf"",""decoder_type"":""SolverSerialJointSingleHair"",""p"":0.03,""p_erase"":0.03,""r"":11,""run_id"":""29e38ae744884c2a2b406b04af05084fd3179601bec0197b08c3eec7c1fecc34""}",
       368,         0,         0,    17.0,mwpf__d89f38621d3da58e469ab642e8ce9449a2028f501c7ff49729098ec573131f8e,f03c1e4f58ff752135e09f412b8d3bdffa88dde5b6e7fbb034ff1292d22ebde9,"{""circuit"":""surface_code:rotated_memory_x"",""cluster_node_limit"":50,""d"":11,""decoder"":""mwpf"",""decoder_type"":""SolverSerialJointSingleHair"",""p"":0.02,""p_erase"":0.02,""r"":11,""run_id"":""93fb08d08267e12bd14cc4f801fe1f3202058f710009764389b6687cc48bdcd3""}",
        76,         8,         0,    11.8,mwpf__18a55d354a5179fe22b347621ac42d689c676785006a493eda6333b61165ab0a,2606fd9b27f8c06a238f10dfcfca1e8efa1cf00bdb8796dbb946e077f8ce80de,"{""circuit"":""surface_code:rotated_memory_x"",""cluster_node_limit"":50,""d"":11,""decoder"":""mwpf"",""decoder_type"":""SolverSerialJointSingleHair"",""p"":0.03,""p_erase"":0.03,""r"":11,""run_id"":""29e38ae744884c2a2b406b04af05084fd3179601bec0197b08c3eec7c1fecc34""}",
        72,         4,         0,    11.8,mwpf__18a55d354a5179fe22b347621ac42d689c676785006a493eda6333b61165ab0a,2606fd9b27f8c06a238f10dfcfca1e8efa1cf00bdb8796dbb946e077f8ce80de,"{""circuit"":""surface_code:rotated_memory_x"",""cluster_node_limit"":50,""d"":11,""decoder"":""mwpf"",""decoder_type"":""SolverSerialJointSingleHair"",""p"":0.03,""p_erase"":0.03,""r"":11,""run_id"":""29e38ae744884c2a2b406b04af05084fd3179601bec0197b08c3eec7c1fecc34""}",
      1184,         0,         0,    16.8,mwpf__90b8a71d84bb4049a216b096b1fad6ec987039a4839b0ef5cac9a79d5207d721,5e43affef138b39f289f7fa23a413baa2a9d7a66b21bfef5b21d806af2aee267,"{""circuit"":""surface_code:rotated_memory_x"",""cluster_node_limit"":50,""d"":11,""decoder"":""mwpf"",""decoder_type"":""SolverSerialJointSingleHair"",""p"":0.01,""p_erase"":0.01,""r"":11,""run_id"":""f2936ce57f818d69f7e1b5c9954ec7387d9a1f53c4355bd88c213e49338e6b5b""}",
       100,        13,         0,    16.6,mwpf__18a55d354a5179fe22b347621ac42d689c676785006a493eda6333b61165ab0a,2606fd9b27f8c06a238f10dfcfca1e8efa1cf00bdb8796dbb946e077f8ce80de,"{""circuit"":""surface_code:rotated_memory_x"",""cluster_node_limit"":50,""d"":11,""decoder"":""mwpf"",""decoder_type"":""SolverSerialJointSingleHair"",""p"":0.03,""p_erase"":0.03,""r"":11,""run_id"":""29e38ae744884c2a2b406b04af05084fd3179601bec0197b08c3eec7c1fecc34""}",
       496,         1,         0,    23.4,mwpf__d89f38621d3da58e469ab642e8ce9449a2028f501c7ff49729098ec573131f8e,f03c1e4f58ff752135e09f412b8d3bdffa88dde5b6e7fbb034ff1292d22ebde9,"{""circuit"":""surface_code:rotated_memory_x"",""cluster_node_limit"":50,""d"":11,""decoder"":""mwpf"",""decoder_type"":""SolverSerialJointSingleHair"",""p"":0.02,""p_erase"":0.02,""r"":11,""run_id"":""93fb08d08267e12bd14cc4f801fe1f3202058f710009764389b6687cc48bdcd3""}",
       100,         8,         0,    16.5,mwpf__18a55d354a5179fe22b347621ac42d689c676785006a493eda6333b61165ab0a,2606fd9b27f8c06a238f10dfcfca1e8efa1cf00bdb8796dbb946e077f8ce80de,"{""circuit"":""surface_code:rotated_memory_x"",""cluster_node_limit"":50,""d"":11,""decoder"":""mwpf"",""decoder_type"":""SolverSerialJointSingleHair"",""p"":0.03,""p_erase"":0.03,""r"":11,""run_id"":""29e38ae744884c2a2b406b04af05084fd3179601bec0197b08c3eec7c1fecc34""}",
        96,         6,         0,    16.6,mwpf__18a55d354a5179fe22b347621ac42d689c676785006a493eda6333b61165ab0a,2606fd9b27f8c06a238f10dfcfca1e8efa1cf00bdb8796dbb946e077f8ce80de,"{""circuit"":""surface_code:rotated_memory_x"",""cluster_node_limit"":50,""d"":11,""decoder"":""mwpf"",""decoder_type"":""SolverSerialJointSingleHair"",""p"":0.03,""p_erase"":0.03,""r"":11,""run_id"":""29e38ae744884c2a2b406b04af05084fd3179601bec0197b08c3eec7c1fecc34""}",
       104,        10,         0,    16.9,mwpf__18a55d354a5179fe22b347621ac42d689c676785006a493eda6333b61165ab0a,2606fd9b27f8c06a238f10dfcfca1e8efa1cf00bdb8796dbb946e077f8ce80de,"{""circuit"":""surface_code:rotated_memory_x"",""cluster_node_limit"":50,""d"":11,""decoder"":""mwpf"",""decoder_type"":""SolverSerialJointSingleHair"",""p"":0.03,""p_erase"":0.03,""r"":11,""run_id"":""29e38ae744884c2a2b406b04af05084fd3179601bec0197b08c3eec7c1fecc34""}",
      1184,         0,         0,    16.5,mwpf__90b8a71d84bb4049a216b096b1fad6ec987039a4839b0ef5cac9a79d5207d721,5e43affef138b39f289f7fa23a413baa2a9d7a66b21bfef5b21d806af2aee267,"{""circuit"":""surface_code:rotated_memory_x"",""cluster_node_limit"":50,""d"":11,""decoder"":""mwpf"",""decoder_type"":""SolverSerialJointSingleHair"",""p"":0.01,""p_erase"":0.01,""r"":11,""run_id"":""f2936ce57f818d69f7e1b5c9954ec7387d9a1f53c4355bd88c213e49338e6b5b""}",
       368,         0,         0,    16.6,mwpf__d89f38621d3da58e469ab642e8ce9449a2028f501c7ff49729098ec573131f8e,f03c1e4f58ff752135e09f412b8d3bdffa88dde5b6e7fbb034ff1292d22ebde9,"{""circuit"":""surface_code:rotated_memory_x"",""cluster_node_limit"":50,""d"":11,""decoder"":""mwpf"",""decoder_type"":""SolverSerialJointSingleHair"",""p"":0.02,""p_erase"":0.02,""r"":11,""run_id"":""93fb08d08267e12bd14cc4f801fe1f3202058f710009764389b6687cc48bdcd3""}",
      1184,         0,         0,    16.4,mwpf__90b8a71d84bb4049a216b096b1fad6ec987039a4839b0ef5cac9a79d5207d721,5e43affef138b39f289f7fa23a413baa2a9d7a66b21bfef5b21d806af2aee267,"{""circuit"":""surface_code:rotated_memory_x"",""cluster_node_limit"":50,""d"":11,""decoder"":""mwpf"",""decoder_type"":""SolverSerialJointSingleHair"",""p"":0.01,""p_erase"":0.01,""r"":11,""run_id"":""f2936ce57f818d69f7e1b5c9954ec7387d9a1f53c4355bd88c213e49338e6b5b""}",
       360,         0,         0,    16.5,mwpf__d89f38621d3da58e469ab642e8ce9449a2028f501c7ff49729098ec573131f8e,f03c1e4f58ff752135e09f412b8d3bdffa88dde5b6e7fbb034ff1292d22ebde9,"{""circuit"":""surface_code:rotated_memory_x"",""cluster_node_limit"":50,""d"":11,""decoder"":""mwpf"",""decoder_type"":""SolverSerialJointSingleHair"",""p"":0.02,""p_erase"":0.02,""r"":11,""run_id"":""93fb08d08267e12bd14cc4f801fe1f3202058f710009764389b6687cc48bdcd3""}",
       352,         0,         0,    16.7,mwpf__d89f38621d3da58e469ab642e8ce9449a2028f501c7ff49729098ec573131f8e,f03c1e4f58ff752135e09f412b8d3bdffa88dde5b6e7fbb034ff1292d22ebde9,"{""circuit"":""surface_code:rotated_memory_x"",""cluster_node_limit"":50,""d"":11,""decoder"":""mwpf"",""decoder_type"":""SolverSerialJointSingleHair"",""p"":0.02,""p_erase"":0.02,""r"":11,""run_id"":""93fb08d08267e12bd14cc4f801fe1f3202058f710009764389b6687cc48bdcd3""}",
      1120,         0,         0,    16.8,mwpf__90b8a71d84bb4049a216b096b1fad6ec987039a4839b0ef5cac9a79d5207d721,5e43affef138b39f289f7fa23a413baa2a9d7a66b21bfef5b21d806af2aee267,"{""circuit"":""surface_code:rotated_memory_x"",""cluster_node_limit"":50,""d"":11,""decoder"":""mwpf"",""decoder_type"":""SolverSerialJointSingleHair"",""p"":0.01,""p_erase"":0.01,""r"":11,""run_id"":""f2936ce57f818d69f7e1b5c9954ec7387d9a1f53c4355bd88c213e49338e6b5b""}",
      1120,         0,         0,    16.8,mwpf__90b8a71d84bb4049a216b096b1fad6ec987039a4839b0ef5cac9a79d5207d721,5e43affef138b39f289f7fa23a413baa2a9d7a66b21bfef5b21d806af2aee267,"{""circuit"":""surface_code:rotated_memory_x"",""cluster_node_limit"":50,""d"":11,""decoder"":""mwpf"",""decoder_type"":""SolverSerialJointSingleHair"",""p"":0.01,""p_erase"":0.01,""r"":11,""run_id"":""f2936ce57f818d69f7e1b5c9954ec7387d9a1f53c4355bd88c213e49338e6b5b""}",
       368,         0,         0,    16.9,mwpf__d89f38621d3da58e469ab642e8ce9449a2028f501c7ff49729098ec573131f8e,f03c1e4f58ff752135e09f412b8d3bdffa88dde5b6e7fbb034ff1292d22ebde9,"{""circuit"":""surface_code:rotated_memory_x"",""cluster_node_limit"":50,""d"":11,""decoder"":""mwpf"",""decoder_type"":""SolverSerialJointSingleHair"",""p"":0.02,""p_erase"":0.02,""r"":11,""run_id"":""93fb08d08267e12bd14cc4f801fe1f3202058f710009764389b6687cc48bdcd3""}",
       352,         0,         0,    16.7,mwpf__d89f38621d3da58e469ab642e8ce9449a2028f501c7ff49729098ec573131f8e,f03c1e4f58ff752135e09f412b8d3bdffa88dde5b6e7fbb034ff1292d22ebde9,"{""circuit"":""surface_code:rotated_memory_x"",""cluster_node_limit"":50,""d"":11,""decoder"":""mwpf"",""decoder_type"":""SolverSerialJointSingleHair"",""p"":0.02,""p_erase"":0.02,""r"":11,""run_id"":""93fb08d08267e12bd14cc4f801fe1f3202058f710009764389b6687cc48bdcd3""}",
      1184,         0,         0,    16.7,mwpf__90b8a71d84bb4049a216b096b1fad6ec987039a4839b0ef5cac9a79d5207d721,5e43affef138b39f289f7fa23a413baa2a9d7a66b21bfef5b21d806af2aee267,"{""circuit"":""surface_code:rotated_memory_x"",""cluster_node_limit"":50,""d"":11,""decoder"":""mwpf"",""decoder_type"":""SolverSerialJointSingleHair"",""p"":0.01,""p_erase"":0.01,""r"":11,""run_id"":""f2936ce57f818d69f7e1b5c9954ec7387d9a1f53c4355bd88c213e49338e6b5b""}",
      1120,         0,         0,    16.7,mwpf__90b8a71d84bb4049a216b096b1fad6ec987039a4839b0ef5cac9a79d5207d721,5e43affef138b39f289f7fa23a413baa2a9d7a66b21bfef5b21d806af2aee267,"{""circuit"":""surface_code:rotated_memory_x"",""cluster_node_limit"":50,""d"":11,""decoder"":""mwpf"",""decoder_type"":""SolverSerialJointSingleHair"",""p"":0.01,""p_erase"":0.01,""r"":11,""run_id"":""f2936ce57f818d69f7e1b5c9954ec7387d9a1f53c4355bd88c213e49338e6b5b""}",
      1120,         0,         0,    16.8,mwpf__90b8a71d84bb4049a216b096b1fad6ec987039a4839b0ef5cac9a79d5207d721,5e43affef138b39f289f7fa23a413baa2a9d7a66b21bfef5b21d806af2aee267,"{""circuit"":""surface_code:rotated_memory_x"",""cluster_node_limit"":50,""d"":11,""decoder"":""mwpf"",""decoder_type"":""SolverSerialJointSingleHair"",""p"":0.01,""p_erase"":0.01,""r"":11,""run_id"":""f2936ce57f818d69f7e1b5c9954ec7387d9a1f53c4355bd88c213e49338e6b5b""}",
       100,         7,         0,    16.4,mwpf__18a55d354a5179fe22b347621ac42d689c676785006a493eda6333b61165ab0a,2606fd9b27f8c06a238f10dfcfca1e8efa1cf00bdb8796dbb946e077f8ce80de,"{""circuit"":""surface_code:rotated_memory_x"",""cluster_node_limit"":50,""d"":11,""decoder"":""mwpf"",""decoder_type"":""SolverSerialJointSingleHair"",""p"":0.03,""p_erase"":0.03,""r"":11,""run_id"":""29e38ae744884c2a2b406b04af05084fd3179601bec0197b08c3eec7c1fecc34""}",
       100,         7,         0,    16.5,mwpf__18a55d354a5179fe22b347621ac42d689c676785006a493eda6333b61165ab0a,2606fd9b27f8c06a238f10dfcfca1e8efa1cf00bdb8796dbb946e077f8ce80de,"{""circuit"":""surface_code:rotated_memory_x"",""cluster_node_limit"":50,""d"":11,""decoder"":""mwpf"",""decoder_type"":""SolverSerialJointSingleHair"",""p"":0.03,""p_erase"":0.03,""r"":11,""run_id"":""29e38ae744884c2a2b406b04af05084fd3179601bec0197b08c3eec7c1fecc34""}",
       104,        10,         0,    16.6,mwpf__18a55d354a5179fe22b347621ac42d689c676785006a493eda6333b61165ab0a,2606fd9b27f8c06a238f10dfcfca1e8efa1cf00bdb8796dbb946e077f8ce80de,"{""circuit"":""surface_code:rotated_memory_x"",""cluster_node_limit"":50,""d"":11,""decoder"":""mwpf"",""decoder_type"":""SolverSerialJointSingleHair"",""p"":0.03,""p_erase"":0.03,""r"":11,""run_id"":""29e38ae744884c2a2b406b04af05084fd3179601bec0197b08c3eec7c1fecc34""}",
       512,         0,         0,    23.3,mwpf__d89f38621d3da58e469ab642e8ce9449a2028f501c7ff49729098ec573131f8e,f03c1e4f58ff752135e09f412b8d3bdffa88dde5b6e7fbb034ff1292d22ebde9,"{""circuit"":""surface_code:rotated_memory_x"",""cluster_node_limit"":50,""d"":11,""decoder"":""mwpf"",""decoder_type"":""SolverSerialJointSingleHair"",""p"":0.02,""p_erase"":0.02,""r"":11,""run_id"":""93fb08d08267e12bd14cc4f801fe1f3202058f710009764389b6687cc48bdcd3""}",
      1632,         0,         0,    23.1,mwpf__90b8a71d84bb4049a216b096b1fad6ec987039a4839b0ef5cac9a79d5207d721,5e43affef138b39f289f7fa23a413baa2a9d7a66b21bfef5b21d806af2aee267,"{""circuit"":""surface_code:rotated_memory_x"",""cluster_node_limit"":50,""d"":11,""decoder"":""mwpf"",""decoder_type"":""SolverSerialJointSingleHair"",""p"":0.01,""p_erase"":0.01,""r"":11,""run_id"":""f2936ce57f818d69f7e1b5c9954ec7387d9a1f53c4355bd88c213e49338e6b5b""}",
       140,         6,         0,    23.4,mwpf__18a55d354a5179fe22b347621ac42d689c676785006a493eda6333b61165ab0a,2606fd9b27f8c06a238f10dfcfca1e8efa1cf00bdb8796dbb946e077f8ce80de,"{""circuit"":""surface_code:rotated_memory_x"",""cluster_node_limit"":50,""d"":11,""decoder"":""mwpf"",""decoder_type"":""SolverSerialJointSingleHair"",""p"":0.03,""p_erase"":0.03,""r"":11,""run_id"":""29e38ae744884c2a2b406b04af05084fd3179601bec0197b08c3eec7c1fecc34""}",
       108,         0,         0,    1.54,mwpf__90b8a71d84bb4049a216b096b1fad6ec987039a4839b0ef5cac9a79d5207d721,5e43affef138b39f289f7fa23a413baa2a9d7a66b21bfef5b21d806af2aee267,"{""circuit"":""surface_code:rotated_memory_x"",""cluster_node_limit"":50,""d"":11,""decoder"":""mwpf"",""decoder_type"":""SolverSerialJointSingleHair"",""p"":0.01,""p_erase"":0.01,""r"":11,""run_id"":""f2936ce57f818d69f7e1b5c9954ec7387d9a1f53c4355bd88c213e49338e6b5b""}",
       136,        14,         0,    23.1,mwpf__18a55d354a5179fe22b347621ac42d689c676785006a493eda6333b61165ab0a,2606fd9b27f8c06a238f10dfcfca1e8efa1cf00bdb8796dbb946e077f8ce80de,"{""circuit"":""surface_code:rotated_memory_x"",""cluster_node_limit"":50,""d"":11,""decoder"":""mwpf"",""decoder_type"":""SolverSerialJointSingleHair"",""p"":0.03,""p_erase"":0.03,""r"":11,""run_id"":""29e38ae744884c2a2b406b04af05084fd3179601bec0197b08c3eec7c1fecc34""}",
       144,        12,         0,    23.2,mwpf__18a55d354a5179fe22b347621ac42d689c676785006a493eda6333b61165ab0a,2606fd9b27f8c06a238f10dfcfca1e8efa1cf00bdb8796dbb946e077f8ce80de,"{""circuit"":""surface_code:rotated_memory_x"",""cluster_node_limit"":50,""d"":11,""decoder"":""mwpf"",""decoder_type"":""SolverSerialJointSingleHair"",""p"":0.03,""p_erase"":0.03,""r"":11,""run_id"":""29e38ae744884c2a2b406b04af05084fd3179601bec0197b08c3eec7c1fecc34""}",
       132,         6,         0,    23.4,mwpf__18a55d354a5179fe22b347621ac42d689c676785006a493eda6333b61165ab0a,2606fd9b27f8c06a238f10dfcfca1e8efa1cf00bdb8796dbb946e077f8ce80de,"{""circuit"":""surface_code:rotated_memory_x"",""cluster_node_limit"":50,""d"":11,""decoder"":""mwpf"",""decoder_type"":""SolverSerialJointSingleHair"",""p"":0.03,""p_erase"":0.03,""r"":11,""run_id"":""29e38ae744884c2a2b406b04af05084fd3179601bec0197b08c3eec7c1fecc34""}",
      1664,         0,         0,    23.0,mwpf__90b8a71d84bb4049a216b096b1fad6ec987039a4839b0ef5cac9a79d5207d721,5e43affef138b39f289f7fa23a413baa2a9d7a66b21bfef5b21d806af2aee267,"{""circuit"":""surface_code:rotated_memory_x"",""cluster_node_limit"":50,""d"":11,""decoder"":""mwpf"",""decoder_type"":""SolverSerialJointSingleHair"",""p"":0.01,""p_erase"":0.01,""r"":11,""run_id"":""f2936ce57f818d69f7e1b5c9954ec7387d9a1f53c4355bd88c213e49338e6b5b""}",
         9,         0,         0,   0.127,mwpf__90b8a71d84bb4049a216b096b1fad6ec987039a4839b0ef5cac9a79d5207d721,5e43affef138b39f289f7fa23a413baa2a9d7a66b21bfef5b21d806af2aee267,"{""circuit"":""surface_code:rotated_memory_x"",""cluster_node_limit"":50,""d"":11,""decoder"":""mwpf"",""decoder_type"":""SolverSerialJointSingleHair"",""p"":0.01,""p_erase"":0.01,""r"":11,""run_id"":""f2936ce57f818d69f7e1b5c9954ec7387d9a1f53c4355bd88c213e49338e6b5b""}",
      1568,         0,         0,    22.1,mwpf__90b8a71d84bb4049a216b096b1fad6ec987039a4839b0ef5cac9a79d5207d721,5e43affef138b39f289f7fa23a413baa2a9d7a66b21bfef5b21d806af2aee267,"{""circuit"":""surface_code:rotated_memory_x"",""cluster_node_limit"":50,""d"":11,""decoder"":""mwpf"",""decoder_type"":""SolverSerialJointSingleHair"",""p"":0.01,""p_erase"":0.01,""r"":11,""run_id"":""f2936ce57f818d69f7e1b5c9954ec7387d9a1f53c4355bd88c213e49338e6b5b""}",
       504,         0,         0,    23.1,mwpf__d89f38621d3da58e469ab642e8ce9449a2028f501c7ff49729098ec573131f8e,f03c1e4f58ff752135e09f412b8d3bdffa88dde5b6e7fbb034ff1292d22ebde9,"{""circuit"":""surface_code:rotated_memory_x"",""cluster_node_limit"":50,""d"":11,""decoder"":""mwpf"",""decoder_type"":""SolverSerialJointSingleHair"",""p"":0.02,""p_erase"":0.02,""r"":11,""run_id"":""93fb08d08267e12bd14cc4f801fe1f3202058f710009764389b6687cc48bdcd3""}",
       504,         0,         0,    23.2,mwpf__d89f38621d3da58e469ab642e8ce9449a2028f501c7ff49729098ec573131f8e,f03c1e4f58ff752135e09f412b8d3bdffa88dde5b6e7fbb034ff1292d22ebde9,"{""circuit"":""surface_code:rotated_memory_x"",""cluster_node_limit"":50,""d"":11,""decoder"":""mwpf"",""decoder_type"":""SolverSerialJointSingleHair"",""p"":0.02,""p_erase"":0.02,""r"":11,""run_id"":""93fb08d08267e12bd14cc4f801fe1f3202058f710009764389b6687cc48bdcd3""}",
      1464,         0,         0,    21.9,mwpf__90b8a71d84bb4049a216b096b1fad6ec987039a4839b0ef5cac9a79d5207d721,5e43affef138b39f289f7fa23a413baa2a9d7a66b21bfef5b21d806af2aee267,"{""circuit"":""surface_code:rotated_memory_x"",""cluster_node_limit"":50,""d"":11,""decoder"":""mwpf"",""decoder_type"":""SolverSerialJointSingleHair"",""p"":0.01,""p_erase"":0.01,""r"":11,""run_id"":""f2936ce57f818d69f7e1b5c9954ec7387d9a1f53c4355bd88c213e49338e6b5b""}",
      1344,         0,         0,    20.0,mwpf__90b8a71d84bb4049a216b096b1fad6ec987039a4839b0ef5cac9a79d5207d721,5e43affef138b39f289f7fa23a413baa2a9d7a66b21bfef5b21d806af2aee267,"{""circuit"":""surface_code:rotated_memory_x"",""cluster_node_limit"":50,""d"":11,""decoder"":""mwpf"",""decoder_type"":""SolverSerialJointSingleHair"",""p"":0.01,""p_erase"":0.01,""r"":11,""run_id"":""f2936ce57f818d69f7e1b5c9954ec7387d9a1f53c4355bd88c213e49338e6b5b""}",
      1440,         0,         0,    21.7,mwpf__90b8a71d84bb4049a216b096b1fad6ec987039a4839b0ef5cac9a79d5207d721,5e43affef138b39f289f7fa23a413baa2a9d7a66b21bfef5b21d806af2aee267,"{""circuit"":""surface_code:rotated_memory_x"",""cluster_node_limit"":50,""d"":11,""decoder"":""mwpf"",""decoder_type"":""SolverSerialJointSingleHair"",""p"":0.01,""p_erase"":0.01,""r"":11,""run_id"":""f2936ce57f818d69f7e1b5c9954ec7387d9a1f53c4355bd88c213e49338e6b5b""}",
      1440,         0,         0,    20.5,mwpf__90b8a71d84bb4049a216b096b1fad6ec987039a4839b0ef5cac9a79d5207d721,5e43affef138b39f289f7fa23a413baa2a9d7a66b21bfef5b21d806af2aee267,"{""circuit"":""surface_code:rotated_memory_x"",""cluster_node_limit"":50,""d"":11,""decoder"":""mwpf"",""decoder_type"":""SolverSerialJointSingleHair"",""p"":0.01,""p_erase"":0.01,""r"":11,""run_id"":""f2936ce57f818d69f7e1b5c9954ec7387d9a1f53c4355bd88c213e49338e6b5b""}",
      1344,         0,         0,    20.4,mwpf__90b8a71d84bb4049a216b096b1fad6ec987039a4839b0ef5cac9a79d5207d721,5e43affef138b39f289f7fa23a413baa2a9d7a66b21bfef5b21d806af2aee267,"{""circuit"":""surface_code:rotated_memory_x"",""cluster_node_limit"":50,""d"":11,""decoder"":""mwpf"",""decoder_type"":""SolverSerialJointSingleHair"",""p"":0.01,""p_erase"":0.01,""r"":11,""run_id"":""f2936ce57f818d69f7e1b5c9954ec7387d9a1f53c4355bd88c213e49338e6b5b""}",
        24,         0,         0,   0.361,mwpf__90b8a71d84bb4049a216b096b1fad6ec987039a4839b0ef5cac9a79d5207d721,5e43affef138b39f289f7fa23a413baa2a9d7a66b21bfef5b21d806af2aee267,"{""circuit"":""surface_code:rotated_memory_x"",""cluster_node_limit"":50,""d"":11,""decoder"":""mwpf"",""decoder_type"":""SolverSerialJointSingleHair"",""p"":0.01,""p_erase"":0.01,""r"":11,""run_id"":""f2936ce57f818d69f7e1b5c9954ec7387d9a1f53c4355bd88c213e49338e6b5b""}",
        24,         0,         0,   0.360,mwpf__90b8a71d84bb4049a216b096b1fad6ec987039a4839b0ef5cac9a79d5207d721,5e43affef138b39f289f7fa23a413baa2a9d7a66b21bfef5b21d806af2aee267,"{""circuit"":""surface_code:rotated_memory_x"",""cluster_node_limit"":50,""d"":11,""decoder"":""mwpf"",""decoder_type"":""SolverSerialJointSingleHair"",""p"":0.01,""p_erase"":0.01,""r"":11,""run_id"":""f2936ce57f818d69f7e1b5c9954ec7387d9a1f53c4355bd88c213e49338e6b5b""}",
       488,         0,         0,    23.3,mwpf__d89f38621d3da58e469ab642e8ce9449a2028f501c7ff49729098ec573131f8e,f03c1e4f58ff752135e09f412b8d3bdffa88dde5b6e7fbb034ff1292d22ebde9,"{""circuit"":""surface_code:rotated_memory_x"",""cluster_node_limit"":50,""d"":11,""decoder"":""mwpf"",""decoder_type"":""SolverSerialJointSingleHair"",""p"":0.02,""p_erase"":0.02,""r"":11,""run_id"":""93fb08d08267e12bd14cc4f801fe1f3202058f710009764389b6687cc48bdcd3""}",
       640,         0,         0,    9.13,mwpf__90b8a71d84bb4049a216b096b1fad6ec987039a4839b0ef5cac9a79d5207d721,5e43affef138b39f289f7fa23a413baa2a9d7a66b21bfef5b21d806af2aee267,"{""circuit"":""surface_code:rotated_memory_x"",""cluster_node_limit"":50,""d"":11,""decoder"":""mwpf"",""decoder_type"":""SolverSerialJointSingleHair"",""p"":0.01,""p_erase"":0.01,""r"":11,""run_id"":""f2936ce57f818d69f7e1b5c9954ec7387d9a1f53c4355bd88c213e49338e6b5b""}",
       120,         0,         0,    1.76,mwpf__90b8a71d84bb4049a216b096b1fad6ec987039a4839b0ef5cac9a79d5207d721,5e43affef138b39f289f7fa23a413baa2a9d7a66b21bfef5b21d806af2aee267,"{""circuit"":""surface_code:rotated_memory_x"",""cluster_node_limit"":50,""d"":11,""decoder"":""mwpf"",""decoder_type"":""SolverSerialJointSingleHair"",""p"":0.01,""p_erase"":0.01,""r"":11,""run_id"":""f2936ce57f818d69f7e1b5c9954ec7387d9a1f53c4355bd88c213e49338e6b5b""}",
       672,         1,         0,    32.3,mwpf__d89f38621d3da58e469ab642e8ce9449a2028f501c7ff49729098ec573131f8e,f03c1e4f58ff752135e09f412b8d3bdffa88dde5b6e7fbb034ff1292d22ebde9,"{""circuit"":""surface_code:rotated_memory_x"",""cluster_node_limit"":50,""d"":11,""decoder"":""mwpf"",""decoder_type"":""SolverSerialJointSingleHair"",""p"":0.02,""p_erase"":0.02,""r"":11,""run_id"":""93fb08d08267e12bd14cc4f801fe1f3202058f710009764389b6687cc48bdcd3""}",
       488,         1,         0,    23.1,mwpf__d89f38621d3da58e469ab642e8ce9449a2028f501c7ff49729098ec573131f8e,f03c1e4f58ff752135e09f412b8d3bdffa88dde5b6e7fbb034ff1292d22ebde9,"{""circuit"":""surface_code:rotated_memory_x"",""cluster_node_limit"":50,""d"":11,""decoder"":""mwpf"",""decoder_type"":""SolverSerialJointSingleHair"",""p"":0.02,""p_erase"":0.02,""r"":11,""run_id"":""93fb08d08267e12bd14cc4f801fe1f3202058f710009764389b6687cc48bdcd3""}",
       120,         0,         0,    1.80,mwpf__90b8a71d84bb4049a216b096b1fad6ec987039a4839b0ef5cac9a79d5207d721,5e43affef138b39f289f7fa23a413baa2a9d7a66b21bfef5b21d806af2aee267,"{""circuit"":""surface_code:rotated_memory_x"",""cluster_node_limit"":50,""d"":11,""decoder"":""mwpf"",""decoder_type"":""SolverSerialJointSingleHair"",""p"":0.01,""p_erase"":0.01,""r"":11,""run_id"":""f2936ce57f818d69f7e1b5c9954ec7387d9a1f53c4355bd88c213e49338e6b5b""}",
       288,         0,         0,    4.10,mwpf__90b8a71d84bb4049a216b096b1fad6ec987039a4839b0ef5cac9a79d5207d721,5e43affef138b39f289f7fa23a413baa2a9d7a66b21bfef5b21d806af2aee267,"{""circuit"":""surface_code:rotated_memory_x"",""cluster_node_limit"":50,""d"":11,""decoder"":""mwpf"",""decoder_type"":""SolverSerialJointSingleHair"",""p"":0.01,""p_erase"":0.01,""r"":11,""run_id"":""f2936ce57f818d69f7e1b5c9954ec7387d9a1f53c4355bd88c213e49338e6b5b""}",
       512,         0,         0,    23.6,mwpf__d89f38621d3da58e469ab642e8ce9449a2028f501c7ff49729098ec573131f8e,f03c1e4f58ff752135e09f412b8d3bdffa88dde5b6e7fbb034ff1292d22ebde9,"{""circuit"":""surface_code:rotated_memory_x"",""cluster_node_limit"":50,""d"":11,""decoder"":""mwpf"",""decoder_type"":""SolverSerialJointSingleHair"",""p"":0.02,""p_erase"":0.02,""r"":11,""run_id"":""93fb08d08267e12bd14cc4f801fe1f3202058f710009764389b6687cc48bdcd3""}",
       320,         0,         0,    4.47,mwpf__90b8a71d84bb4049a216b096b1fad6ec987039a4839b0ef5cac9a79d5207d721,5e43affef138b39f289f7fa23a413baa2a9d7a66b21bfef5b21d806af2aee267,"{""circuit"":""surface_code:rotated_memory_x"",""cluster_node_limit"":50,""d"":11,""decoder"":""mwpf"",""decoder_type"":""SolverSerialJointSingleHair"",""p"":0.01,""p_erase"":0.01,""r"":11,""run_id"":""f2936ce57f818d69f7e1b5c9954ec7387d9a1f53c4355bd88c213e49338e6b5b""}",
       172,         0,         0,    2.43,mwpf__90b8a71d84bb4049a216b096b1fad6ec987039a4839b0ef5cac9a79d5207d721,5e43affef138b39f289f7fa23a413baa2a9d7a66b21bfef5b21d806af2aee267,"{""circuit"":""surface_code:rotated_memory_x"",""cluster_node_limit"":50,""d"":11,""decoder"":""mwpf"",""decoder_type"":""SolverSerialJointSingleHair"",""p"":0.01,""p_erase"":0.01,""r"":11,""run_id"":""f2936ce57f818d69f7e1b5c9954ec7387d9a1f53c4355bd88c213e49338e6b5b""}",
       175,         0,         0,    2.64,mwpf__90b8a71d84bb4049a216b096b1fad6ec987039a4839b0ef5cac9a79d5207d721,5e43affef138b39f289f7fa23a413baa2a9d7a66b21bfef5b21d806af2aee267,"{""circuit"":""surface_code:rotated_memory_x"",""cluster_node_limit"":50,""d"":11,""decoder"":""mwpf"",""decoder_type"":""SolverSerialJointSingleHair"",""p"":0.01,""p_erase"":0.01,""r"":11,""run_id"":""f2936ce57f818d69f7e1b5c9954ec7387d9a1f53c4355bd88c213e49338e6b5b""}",
       175,         0,         0,    2.70,mwpf__90b8a71d84bb4049a216b096b1fad6ec987039a4839b0ef5cac9a79d5207d721,5e43affef138b39f289f7fa23a413baa2a9d7a66b21bfef5b21d806af2aee267,"{""circuit"":""surface_code:rotated_memory_x"",""cluster_node_limit"":50,""d"":11,""decoder"":""mwpf"",""decoder_type"":""SolverSerialJointSingleHair"",""p"":0.01,""p_erase"":0.01,""r"":11,""run_id"":""f2936ce57f818d69f7e1b5c9954ec7387d9a1f53c4355bd88c213e49338e6b5b""}",
       132,         0,         0,    1.96,mwpf__90b8a71d84bb4049a216b096b1fad6ec987039a4839b0ef5cac9a79d5207d721,5e43affef138b39f289f7fa23a413baa2a9d7a66b21bfef5b21d806af2aee267,"{""circuit"":""surface_code:rotated_memory_x"",""cluster_node_limit"":50,""d"":11,""decoder"":""mwpf"",""decoder_type"":""SolverSerialJointSingleHair"",""p"":0.01,""p_erase"":0.01,""r"":11,""run_id"":""f2936ce57f818d69f7e1b5c9954ec7387d9a1f53c4355bd88c213e49338e6b5b""}",
        14,         0,         0,   0.238,mwpf__90b8a71d84bb4049a216b096b1fad6ec987039a4839b0ef5cac9a79d5207d721,5e43affef138b39f289f7fa23a413baa2a9d7a66b21bfef5b21d806af2aee267,"{""circuit"":""surface_code:rotated_memory_x"",""cluster_node_limit"":50,""d"":11,""decoder"":""mwpf"",""decoder_type"":""SolverSerialJointSingleHair"",""p"":0.01,""p_erase"":0.01,""r"":11,""run_id"":""f2936ce57f818d69f7e1b5c9954ec7387d9a1f53c4355bd88c213e49338e6b5b""}",
       128,         0,         0,    1.80,mwpf__90b8a71d84bb4049a216b096b1fad6ec987039a4839b0ef5cac9a79d5207d721,5e43affef138b39f289f7fa23a413baa2a9d7a66b21bfef5b21d806af2aee267,"{""circuit"":""surface_code:rotated_memory_x"",""cluster_node_limit"":50,""d"":11,""decoder"":""mwpf"",""decoder_type"":""SolverSerialJointSingleHair"",""p"":0.01,""p_erase"":0.01,""r"":11,""run_id"":""f2936ce57f818d69f7e1b5c9954ec7387d9a1f53c4355bd88c213e49338e6b5b""}",
        10,         0,         0,   0.150,mwpf__90b8a71d84bb4049a216b096b1fad6ec987039a4839b0ef5cac9a79d5207d721,5e43affef138b39f289f7fa23a413baa2a9d7a66b21bfef5b21d806af2aee267,"{""circuit"":""surface_code:rotated_memory_x"",""cluster_node_limit"":50,""d"":11,""decoder"":""mwpf"",""decoder_type"":""SolverSerialJointSingleHair"",""p"":0.01,""p_erase"":0.01,""r"":11,""run_id"":""f2936ce57f818d69f7e1b5c9954ec7387d9a1f53c4355bd88c213e49338e6b5b""}",
         4,         0,         0,   0.084,mwpf__90b8a71d84bb4049a216b096b1fad6ec987039a4839b0ef5cac9a79d5207d721,5e43affef138b39f289f7fa23a413baa2a9d7a66b21bfef5b21d806af2aee267,"{""circuit"":""surface_code:rotated_memory_x"",""cluster_node_limit"":50,""d"":11,""decoder"":""mwpf"",""decoder_type"":""SolverSerialJointSingleHair"",""p"":0.01,""p_erase"":0.01,""r"":11,""run_id"":""f2936ce57f818d69f7e1b5c9954ec7387d9a1f53c4355bd88c213e49338e6b5b""}",
       128,         0,         0,    1.92,mwpf__90b8a71d84bb4049a216b096b1fad6ec987039a4839b0ef5cac9a79d5207d721,5e43affef138b39f289f7fa23a413baa2a9d7a66b21bfef5b21d806af2aee267,"{""circuit"":""surface_code:rotated_memory_x"",""cluster_node_limit"":50,""d"":11,""decoder"":""mwpf"",""decoder_type"":""SolverSerialJointSingleHair"",""p"":0.01,""p_erase"":0.01,""r"":11,""run_id"":""f2936ce57f818d69f7e1b5c9954ec7387d9a1f53c4355bd88c213e49338e6b5b""}",
       175,         0,         0,    2.47,mwpf__90b8a71d84bb4049a216b096b1fad6ec987039a4839b0ef5cac9a79d5207d721,5e43affef138b39f289f7fa23a413baa2a9d7a66b21bfef5b21d806af2aee267,"{""circuit"":""surface_code:rotated_memory_x"",""cluster_node_limit"":50,""d"":11,""decoder"":""mwpf"",""decoder_type"":""SolverSerialJointSingleHair"",""p"":0.01,""p_erase"":0.01,""r"":11,""run_id"":""f2936ce57f818d69f7e1b5c9954ec7387d9a1f53c4355bd88c213e49338e6b5b""}",
         6,         0,         0,   0.097,mwpf__90b8a71d84bb4049a216b096b1fad6ec987039a4839b0ef5cac9a79d5207d721,5e43affef138b39f289f7fa23a413baa2a9d7a66b21bfef5b21d806af2aee267,"{""circuit"":""surface_code:rotated_memory_x"",""cluster_node_limit"":50,""d"":11,""decoder"":""mwpf"",""decoder_type"":""SolverSerialJointSingleHair"",""p"":0.01,""p_erase"":0.01,""r"":11,""run_id"":""f2936ce57f818d69f7e1b5c9954ec7387d9a1f53c4355bd88c213e49338e6b5b""}",
         4,         0,         0,   0.065,mwpf__90b8a71d84bb4049a216b096b1fad6ec987039a4839b0ef5cac9a79d5207d721,5e43affef138b39f289f7fa23a413baa2a9d7a66b21bfef5b21d806af2aee267,"{""circuit"":""surface_code:rotated_memory_x"",""cluster_node_limit"":50,""d"":11,""decoder"":""mwpf"",""decoder_type"":""SolverSerialJointSingleHair"",""p"":0.01,""p_erase"":0.01,""r"":11,""run_id"":""f2936ce57f818d69f7e1b5c9954ec7387d9a1f53c4355bd88c213e49338e6b5b""}",
       140,         6,         0,    23.4,mwpf__18a55d354a5179fe22b347621ac42d689c676785006a493eda6333b61165ab0a,2606fd9b27f8c06a238f10dfcfca1e8efa1cf00bdb8796dbb946e077f8ce80de,"{""circuit"":""surface_code:rotated_memory_x"",""cluster_node_limit"":50,""d"":11,""decoder"":""mwpf"",""decoder_type"":""SolverSerialJointSingleHair"",""p"":0.03,""p_erase"":0.03,""r"":11,""run_id"":""29e38ae744884c2a2b406b04af05084fd3179601bec0197b08c3eec7c1fecc34""}",
         5,         0,         0,   0.088,mwpf__90b8a71d84bb4049a216b096b1fad6ec987039a4839b0ef5cac9a79d5207d721,5e43affef138b39f289f7fa23a413baa2a9d7a66b21bfef5b21d806af2aee267,"{""circuit"":""surface_code:rotated_memory_x"",""cluster_node_limit"":50,""d"":11,""decoder"":""mwpf"",""decoder_type"":""SolverSerialJointSingleHair"",""p"":0.01,""p_erase"":0.01,""r"":11,""run_id"":""f2936ce57f818d69f7e1b5c9954ec7387d9a1f53c4355bd88c213e49338e6b5b""}",
       132,         0,         0,    1.92,mwpf__90b8a71d84bb4049a216b096b1fad6ec987039a4839b0ef5cac9a79d5207d721,5e43affef138b39f289f7fa23a413baa2a9d7a66b21bfef5b21d806af2aee267,"{""circuit"":""surface_code:rotated_memory_x"",""cluster_node_limit"":50,""d"":11,""decoder"":""mwpf"",""decoder_type"":""SolverSerialJointSingleHair"",""p"":0.01,""p_erase"":0.01,""r"":11,""run_id"":""f2936ce57f818d69f7e1b5c9954ec7387d9a1f53c4355bd88c213e49338e6b5b""}",
       140,         9,         0,    23.1,mwpf__18a55d354a5179fe22b347621ac42d689c676785006a493eda6333b61165ab0a,2606fd9b27f8c06a238f10dfcfca1e8efa1cf00bdb8796dbb946e077f8ce80de,"{""circuit"":""surface_code:rotated_memory_x"",""cluster_node_limit"":50,""d"":11,""decoder"":""mwpf"",""decoder_type"":""SolverSerialJointSingleHair"",""p"":0.03,""p_erase"":0.03,""r"":11,""run_id"":""29e38ae744884c2a2b406b04af05084fd3179601bec0197b08c3eec7c1fecc34""}",
       128,         0,         0,    1.77,mwpf__90b8a71d84bb4049a216b096b1fad6ec987039a4839b0ef5cac9a79d5207d721,5e43affef138b39f289f7fa23a413baa2a9d7a66b21bfef5b21d806af2aee267,"{""circuit"":""surface_code:rotated_memory_x"",""cluster_node_limit"":50,""d"":11,""decoder"":""mwpf"",""decoder_type"":""SolverSerialJointSingleHair"",""p"":0.01,""p_erase"":0.01,""r"":11,""run_id"":""f2936ce57f818d69f7e1b5c9954ec7387d9a1f53c4355bd88c213e49338e6b5b""}",
         3,         0,         0,   0.064,mwpf__90b8a71d84bb4049a216b096b1fad6ec987039a4839b0ef5cac9a79d5207d721,5e43affef138b39f289f7fa23a413baa2a9d7a66b21bfef5b21d806af2aee267,"{""circuit"":""surface_code:rotated_memory_x"",""cluster_node_limit"":50,""d"":11,""decoder"":""mwpf"",""decoder_type"":""SolverSerialJointSingleHair"",""p"":0.01,""p_erase"":0.01,""r"":11,""run_id"":""f2936ce57f818d69f7e1b5c9954ec7387d9a1f53c4355bd88c213e49338e6b5b""}",
        43,         0,         0,   0.630,mwpf__90b8a71d84bb4049a216b096b1fad6ec987039a4839b0ef5cac9a79d5207d721,5e43affef138b39f289f7fa23a413baa2a9d7a66b21bfef5b21d806af2aee267,"{""circuit"":""surface_code:rotated_memory_x"",""cluster_node_limit"":50,""d"":11,""decoder"":""mwpf"",""decoder_type"":""SolverSerialJointSingleHair"",""p"":0.01,""p_erase"":0.01,""r"":11,""run_id"":""f2936ce57f818d69f7e1b5c9954ec7387d9a1f53c4355bd88c213e49338e6b5b""}",
       115,         0,         0,    1.60,mwpf__90b8a71d84bb4049a216b096b1fad6ec987039a4839b0ef5cac9a79d5207d721,5e43affef138b39f289f7fa23a413baa2a9d7a66b21bfef5b21d806af2aee267,"{""circuit"":""surface_code:rotated_memory_x"",""cluster_node_limit"":50,""d"":11,""decoder"":""mwpf"",""decoder_type"":""SolverSerialJointSingleHair"",""p"":0.01,""p_erase"":0.01,""r"":11,""run_id"":""f2936ce57f818d69f7e1b5c9954ec7387d9a1f53c4355bd88c213e49338e6b5b""}",
        23,         0,         0,   0.316,mwpf__90b8a71d84bb4049a216b096b1fad6ec987039a4839b0ef5cac9a79d5207d721,5e43affef138b39f289f7fa23a413baa2a9d7a66b21bfef5b21d806af2aee267,"{""circuit"":""surface_code:rotated_memory_x"",""cluster_node_limit"":50,""d"":11,""decoder"":""mwpf"",""decoder_type"":""SolverSerialJointSingleHair"",""p"":0.01,""p_erase"":0.01,""r"":11,""run_id"":""f2936ce57f818d69f7e1b5c9954ec7387d9a1f53c4355bd88c213e49338e6b5b""}",
      2672,         1,         0,   117.8,mwpf__d89f38621d3da58e469ab642e8ce9449a2028f501c7ff49729098ec573131f8e,f03c1e4f58ff752135e09f412b8d3bdffa88dde5b6e7fbb034ff1292d22ebde9,"{""circuit"":""surface_code:rotated_memory_x"",""cluster_node_limit"":50,""d"":11,""decoder"":""mwpf"",""decoder_type"":""SolverSerialJointSingleHair"",""p"":0.02,""p_erase"":0.02,""r"":11,""run_id"":""93fb08d08267e12bd14cc4f801fe1f3202058f710009764389b6687cc48bdcd3""}",
       140,        16,         0,    23.2,mwpf__18a55d354a5179fe22b347621ac42d689c676785006a493eda6333b61165ab0a,2606fd9b27f8c06a238f10dfcfca1e8efa1cf00bdb8796dbb946e077f8ce80de,"{""circuit"":""surface_code:rotated_memory_x"",""cluster_node_limit"":50,""d"":11,""decoder"":""mwpf"",""decoder_type"":""SolverSerialJointSingleHair"",""p"":0.03,""p_erase"":0.03,""r"":11,""run_id"":""29e38ae744884c2a2b406b04af05084fd3179601bec0197b08c3eec7c1fecc34""}",
       736,         1,         0,    32.3,mwpf__d89f38621d3da58e469ab642e8ce9449a2028f501c7ff49729098ec573131f8e,f03c1e4f58ff752135e09f412b8d3bdffa88dde5b6e7fbb034ff1292d22ebde9,"{""circuit"":""surface_code:rotated_memory_x"",""cluster_node_limit"":50,""d"":11,""decoder"":""mwpf"",""decoder_type"":""SolverSerialJointSingleHair"",""p"":0.02,""p_erase"":0.02,""r"":11,""run_id"":""93fb08d08267e12bd14cc4f801fe1f3202058f710009764389b6687cc48bdcd3""}",
       204,        21,         0,    32.7,mwpf__18a55d354a5179fe22b347621ac42d689c676785006a493eda6333b61165ab0a,2606fd9b27f8c06a238f10dfcfca1e8efa1cf00bdb8796dbb946e077f8ce80de,"{""circuit"":""surface_code:rotated_memory_x"",""cluster_node_limit"":50,""d"":11,""decoder"":""mwpf"",""decoder_type"":""SolverSerialJointSingleHair"",""p"":0.03,""p_erase"":0.03,""r"":11,""run_id"":""29e38ae744884c2a2b406b04af05084fd3179601bec0197b08c3eec7c1fecc34""}",
       208,        21,         0,    32.6,mwpf__18a55d354a5179fe22b347621ac42d689c676785006a493eda6333b61165ab0a,2606fd9b27f8c06a238f10dfcfca1e8efa1cf00bdb8796dbb946e077f8ce80de,"{""circuit"":""surface_code:rotated_memory_x"",""cluster_node_limit"":50,""d"":11,""decoder"":""mwpf"",""decoder_type"":""SolverSerialJointSingleHair"",""p"":0.03,""p_erase"":0.03,""r"":11,""run_id"":""29e38ae744884c2a2b406b04af05084fd3179601bec0197b08c3eec7c1fecc34""}",
       208,        13,         0,    32.2,mwpf__18a55d354a5179fe22b347621ac42d689c676785006a493eda6333b61165ab0a,2606fd9b27f8c06a238f10dfcfca1e8efa1cf00bdb8796dbb946e077f8ce80de,"{""circuit"":""surface_code:rotated_memory_x"",""cluster_node_limit"":50,""d"":11,""decoder"":""mwpf"",""decoder_type"":""SolverSerialJointSingleHair"",""p"":0.03,""p_erase"":0.03,""r"":11,""run_id"":""29e38ae744884c2a2b406b04af05084fd3179601bec0197b08c3eec7c1fecc34""}",
       204,        14,         0,    32.7,mwpf__18a55d354a5179fe22b347621ac42d689c676785006a493eda6333b61165ab0a,2606fd9b27f8c06a238f10dfcfca1e8efa1cf00bdb8796dbb946e077f8ce80de,"{""circuit"":""surface_code:rotated_memory_x"",""cluster_node_limit"":50,""d"":11,""decoder"":""mwpf"",""decoder_type"":""SolverSerialJointSingleHair"",""p"":0.03,""p_erase"":0.03,""r"":11,""run_id"":""29e38ae744884c2a2b406b04af05084fd3179601bec0197b08c3eec7c1fecc34""}",
       760,         1,         0,    32.4,mwpf__d89f38621d3da58e469ab642e8ce9449a2028f501c7ff49729098ec573131f8e,f03c1e4f58ff752135e09f412b8d3bdffa88dde5b6e7fbb034ff1292d22ebde9,"{""circuit"":""surface_code:rotated_memory_x"",""cluster_node_limit"":50,""d"":11,""decoder"":""mwpf"",""decoder_type"":""SolverSerialJointSingleHair"",""p"":0.02,""p_erase"":0.02,""r"":11,""run_id"":""93fb08d08267e12bd14cc4f801fe1f3202058f710009764389b6687cc48bdcd3""}",
       768,         0,         0,    32.4,mwpf__d89f38621d3da58e469ab642e8ce9449a2028f501c7ff49729098ec573131f8e,f03c1e4f58ff752135e09f412b8d3bdffa88dde5b6e7fbb034ff1292d22ebde9,"{""circuit"":""surface_code:rotated_memory_x"",""cluster_node_limit"":50,""d"":11,""decoder"":""mwpf"",""decoder_type"":""SolverSerialJointSingleHair"",""p"":0.02,""p_erase"":0.02,""r"":11,""run_id"":""93fb08d08267e12bd14cc4f801fe1f3202058f710009764389b6687cc48bdcd3""}",
       792,         0,         0,    32.6,mwpf__d89f38621d3da58e469ab642e8ce9449a2028f501c7ff49729098ec573131f8e,f03c1e4f58ff752135e09f412b8d3bdffa88dde5b6e7fbb034ff1292d22ebde9,"{""circuit"":""surface_code:rotated_memory_x"",""cluster_node_limit"":50,""d"":11,""decoder"":""mwpf"",""decoder_type"":""SolverSerialJointSingleHair"",""p"":0.02,""p_erase"":0.02,""r"":11,""run_id"":""93fb08d08267e12bd14cc4f801fe1f3202058f710009764389b6687cc48bdcd3""}",
       792,         0,         0,    32.6,mwpf__d89f38621d3da58e469ab642e8ce9449a2028f501c7ff49729098ec573131f8e,f03c1e4f58ff752135e09f412b8d3bdffa88dde5b6e7fbb034ff1292d22ebde9,"{""circuit"":""surface_code:rotated_memory_x"",""cluster_node_limit"":50,""d"":11,""decoder"":""mwpf"",""decoder_type"":""SolverSerialJointSingleHair"",""p"":0.02,""p_erase"":0.02,""r"":11,""run_id"":""93fb08d08267e12bd14cc4f801fe1f3202058f710009764389b6687cc48bdcd3""}",
       768,         0,         0,    32.3,mwpf__d89f38621d3da58e469ab642e8ce9449a2028f501c7ff49729098ec573131f8e,f03c1e4f58ff752135e09f412b8d3bdffa88dde5b6e7fbb034ff1292d22ebde9,"{""circuit"":""surface_code:rotated_memory_x"",""cluster_node_limit"":50,""d"":11,""decoder"":""mwpf"",""decoder_type"":""SolverSerialJointSingleHair"",""p"":0.02,""p_erase"":0.02,""r"":11,""run_id"":""93fb08d08267e12bd14cc4f801fe1f3202058f710009764389b6687cc48bdcd3""}",
       212,        13,         0,    32.3,mwpf__18a55d354a5179fe22b347621ac42d689c676785006a493eda6333b61165ab0a,2606fd9b27f8c06a238f10dfcfca1e8efa1cf00bdb8796dbb946e077f8ce80de,"{""circuit"":""surface_code:rotated_memory_x"",""cluster_node_limit"":50,""d"":11,""decoder"":""mwpf"",""decoder_type"":""SolverSerialJointSingleHair"",""p"":0.03,""p_erase"":0.03,""r"":11,""run_id"":""29e38ae744884c2a2b406b04af05084fd3179601bec0197b08c3eec7c1fecc34""}",
       216,        20,         0,    32.6,mwpf__18a55d354a5179fe22b347621ac42d689c676785006a493eda6333b61165ab0a,2606fd9b27f8c06a238f10dfcfca1e8efa1cf00bdb8796dbb946e077f8ce80de,"{""circuit"":""surface_code:rotated_memory_x"",""cluster_node_limit"":50,""d"":11,""decoder"":""mwpf"",""decoder_type"":""SolverSerialJointSingleHair"",""p"":0.03,""p_erase"":0.03,""r"":11,""run_id"":""29e38ae744884c2a2b406b04af05084fd3179601bec0197b08c3eec7c1fecc34""}",
       212,        13,         0,    32.2,mwpf__18a55d354a5179fe22b347621ac42d689c676785006a493eda6333b61165ab0a,2606fd9b27f8c06a238f10dfcfca1e8efa1cf00bdb8796dbb946e077f8ce80de,"{""circuit"":""surface_code:rotated_memory_x"",""cluster_node_limit"":50,""d"":11,""decoder"":""mwpf"",""decoder_type"":""SolverSerialJointSingleHair"",""p"":0.03,""p_erase"":0.03,""r"":11,""run_id"":""29e38ae744884c2a2b406b04af05084fd3179601bec0197b08c3eec7c1fecc34""}",
      1104,         0,         0,    45.1,mwpf__d89f38621d3da58e469ab642e8ce9449a2028f501c7ff49729098ec573131f8e,f03c1e4f58ff752135e09f412b8d3bdffa88dde5b6e7fbb034ff1292d22ebde9,"{""circuit"":""surface_code:rotated_memory_x"",""cluster_node_limit"":50,""d"":11,""decoder"":""mwpf"",""decoder_type"":""SolverSerialJointSingleHair"",""p"":0.02,""p_erase"":0.02,""r"":11,""run_id"":""93fb08d08267e12bd14cc4f801fe1f3202058f710009764389b6687cc48bdcd3""}",
      1088,         1,         0,    45.4,mwpf__d89f38621d3da58e469ab642e8ce9449a2028f501c7ff49729098ec573131f8e,f03c1e4f58ff752135e09f412b8d3bdffa88dde5b6e7fbb034ff1292d22ebde9,"{""circuit"":""surface_code:rotated_memory_x"",""cluster_node_limit"":50,""d"":11,""decoder"":""mwpf"",""decoder_type"":""SolverSerialJointSingleHair"",""p"":0.02,""p_erase"":0.02,""r"":11,""run_id"":""93fb08d08267e12bd14cc4f801fe1f3202058f710009764389b6687cc48bdcd3""}",
       296,        26,         0,    45.1,mwpf__18a55d354a5179fe22b347621ac42d689c676785006a493eda6333b61165ab0a,2606fd9b27f8c06a238f10dfcfca1e8efa1cf00bdb8796dbb946e077f8ce80de,"{""circuit"":""surface_code:rotated_memory_x"",""cluster_node_limit"":50,""d"":11,""decoder"":""mwpf"",""decoder_type"":""SolverSerialJointSingleHair"",""p"":0.03,""p_erase"":0.03,""r"":11,""run_id"":""29e38ae744884c2a2b406b04af05084fd3179601bec0197b08c3eec7c1fecc34""}",
       292,        21,         0,    45.4,mwpf__18a55d354a5179fe22b347621ac42d689c676785006a493eda6333b61165ab0a,2606fd9b27f8c06a238f10dfcfca1e8efa1cf00bdb8796dbb946e077f8ce80de,"{""circuit"":""surface_code:rotated_memory_x"",""cluster_node_limit"":50,""d"":11,""decoder"":""mwpf"",""decoder_type"":""SolverSerialJointSingleHair"",""p"":0.03,""p_erase"":0.03,""r"":11,""run_id"":""29e38ae744884c2a2b406b04af05084fd3179601bec0197b08c3eec7c1fecc34""}",
       288,        22,         0,    45.2,mwpf__18a55d354a5179fe22b347621ac42d689c676785006a493eda6333b61165ab0a,2606fd9b27f8c06a238f10dfcfca1e8efa1cf00bdb8796dbb946e077f8ce80de,"{""circuit"":""surface_code:rotated_memory_x"",""cluster_node_limit"":50,""d"":11,""decoder"":""mwpf"",""decoder_type"":""SolverSerialJointSingleHair"",""p"":0.03,""p_erase"":0.03,""r"":11,""run_id"":""29e38ae744884c2a2b406b04af05084fd3179601bec0197b08c3eec7c1fecc34""}",
       296,        28,         0,    45.4,mwpf__18a55d354a5179fe22b347621ac42d689c676785006a493eda6333b61165ab0a,2606fd9b27f8c06a238f10dfcfca1e8efa1cf00bdb8796dbb946e077f8ce80de,"{""circuit"":""surface_code:rotated_memory_x"",""cluster_node_limit"":50,""d"":11,""decoder"":""mwpf"",""decoder_type"":""SolverSerialJointSingleHair"",""p"":0.03,""p_erase"":0.03,""r"":11,""run_id"":""29e38ae744884c2a2b406b04af05084fd3179601bec0197b08c3eec7c1fecc34""}",
      1072,         0,         0,    45.1,mwpf__d89f38621d3da58e469ab642e8ce9449a2028f501c7ff49729098ec573131f8e,f03c1e4f58ff752135e09f412b8d3bdffa88dde5b6e7fbb034ff1292d22ebde9,"{""circuit"":""surface_code:rotated_memory_x"",""cluster_node_limit"":50,""d"":11,""decoder"":""mwpf"",""decoder_type"":""SolverSerialJointSingleHair"",""p"":0.02,""p_erase"":0.02,""r"":11,""run_id"":""93fb08d08267e12bd14cc4f801fe1f3202058f710009764389b6687cc48bdcd3""}",
      1072,         1,         0,    45.4,mwpf__d89f38621d3da58e469ab642e8ce9449a2028f501c7ff49729098ec573131f8e,f03c1e4f58ff752135e09f412b8d3bdffa88dde5b6e7fbb034ff1292d22ebde9,"{""circuit"":""surface_code:rotated_memory_x"",""cluster_node_limit"":50,""d"":11,""decoder"":""mwpf"",""decoder_type"":""SolverSerialJointSingleHair"",""p"":0.02,""p_erase"":0.02,""r"":11,""run_id"":""93fb08d08267e12bd14cc4f801fe1f3202058f710009764389b6687cc48bdcd3""}",
       744,        45,         0,   120.1,mwpf__18a55d354a5179fe22b347621ac42d689c676785006a493eda6333b61165ab0a,2606fd9b27f8c06a238f10dfcfca1e8efa1cf00bdb8796dbb946e077f8ce80de,"{""circuit"":""surface_code:rotated_memory_x"",""cluster_node_limit"":50,""d"":11,""decoder"":""mwpf"",""decoder_type"":""SolverSerialJointSingleHair"",""p"":0.03,""p_erase"":0.03,""r"":11,""run_id"":""29e38ae744884c2a2b406b04af05084fd3179601bec0197b08c3eec7c1fecc34""}",
      1104,         0,         0,    45.0,mwpf__d89f38621d3da58e469ab642e8ce9449a2028f501c7ff49729098ec573131f8e,f03c1e4f58ff752135e09f412b8d3bdffa88dde5b6e7fbb034ff1292d22ebde9,"{""circuit"":""surface_code:rotated_memory_x"",""cluster_node_limit"":50,""d"":11,""decoder"":""mwpf"",""decoder_type"":""SolverSerialJointSingleHair"",""p"":0.02,""p_erase"":0.02,""r"":11,""run_id"":""93fb08d08267e12bd14cc4f801fe1f3202058f710009764389b6687cc48bdcd3""}",
      1088,         0,         0,    45.0,mwpf__d89f38621d3da58e469ab642e8ce9449a2028f501c7ff49729098ec573131f8e,f03c1e4f58ff752135e09f412b8d3bdffa88dde5b6e7fbb034ff1292d22ebde9,"{""circuit"":""surface_code:rotated_memory_x"",""cluster_node_limit"":50,""d"":11,""decoder"":""mwpf"",""decoder_type"":""SolverSerialJointSingleHair"",""p"":0.02,""p_erase"":0.02,""r"":11,""run_id"":""93fb08d08267e12bd14cc4f801fe1f3202058f710009764389b6687cc48bdcd3""}",
      1104,         1,         0,    45.2,mwpf__d89f38621d3da58e469ab642e8ce9449a2028f501c7ff49729098ec573131f8e,f03c1e4f58ff752135e09f412b8d3bdffa88dde5b6e7fbb034ff1292d22ebde9,"{""circuit"":""surface_code:rotated_memory_x"",""cluster_node_limit"":50,""d"":11,""decoder"":""mwpf"",""decoder_type"":""SolverSerialJointSingleHair"",""p"":0.02,""p_erase"":0.02,""r"":11,""run_id"":""93fb08d08267e12bd14cc4f801fe1f3202058f710009764389b6687cc48bdcd3""}",
       292,        22,         0,    45.4,mwpf__18a55d354a5179fe22b347621ac42d689c676785006a493eda6333b61165ab0a,2606fd9b27f8c06a238f10dfcfca1e8efa1cf00bdb8796dbb946e077f8ce80de,"{""circuit"":""surface_code:rotated_memory_x"",""cluster_node_limit"":50,""d"":11,""decoder"":""mwpf"",""decoder_type"":""SolverSerialJointSingleHair"",""p"":0.03,""p_erase"":0.03,""r"":11,""run_id"":""29e38ae744884c2a2b406b04af05084fd3179601bec0197b08c3eec7c1fecc34""}",
       284,        22,         0,    45.2,mwpf__18a55d354a5179fe22b347621ac42d689c676785006a493eda6333b61165ab0a,2606fd9b27f8c06a238f10dfcfca1e8efa1cf00bdb8796dbb946e077f8ce80de,"{""circuit"":""surface_code:rotated_memory_x"",""cluster_node_limit"":50,""d"":11,""decoder"":""mwpf"",""decoder_type"":""SolverSerialJointSingleHair"",""p"":0.03,""p_erase"":0.03,""r"":11,""run_id"":""29e38ae744884c2a2b406b04af05084fd3179601bec0197b08c3eec7c1fecc34""}",
       288,        23,         0,    45.3,mwpf__18a55d354a5179fe22b347621ac42d689c676785006a493eda6333b61165ab0a,2606fd9b27f8c06a238f10dfcfca1e8efa1cf00bdb8796dbb946e077f8ce80de,"{""circuit"":""surface_code:rotated_memory_x"",""cluster_node_limit"":50,""d"":11,""decoder"":""mwpf"",""decoder_type"":""SolverSerialJointSingleHair"",""p"":0.03,""p_erase"":0.03,""r"":11,""run_id"":""29e38ae744884c2a2b406b04af05084fd3179601bec0197b08c3eec7c1fecc34""}",
       636,         0,         0,    26.3,mwpf__d89f38621d3da58e469ab642e8ce9449a2028f501c7ff49729098ec573131f8e,f03c1e4f58ff752135e09f412b8d3bdffa88dde5b6e7fbb034ff1292d22ebde9,"{""circuit"":""surface_code:rotated_memory_x"",""cluster_node_limit"":50,""d"":11,""decoder"":""mwpf"",""decoder_type"":""SolverSerialJointSingleHair"",""p"":0.02,""p_erase"":0.02,""r"":11,""run_id"":""93fb08d08267e12bd14cc4f801fe1f3202058f710009764389b6687cc48bdcd3""}",
      2112,         1,         0,    86.4,mwpf__d89f38621d3da58e469ab642e8ce9449a2028f501c7ff49729098ec573131f8e,f03c1e4f58ff752135e09f412b8d3bdffa88dde5b6e7fbb034ff1292d22ebde9,"{""circuit"":""surface_code:rotated_memory_x"",""cluster_node_limit"":50,""d"":11,""decoder"":""mwpf"",""decoder_type"":""SolverSerialJointSingleHair"",""p"":0.02,""p_erase"":0.02,""r"":11,""run_id"":""93fb08d08267e12bd14cc4f801fe1f3202058f710009764389b6687cc48bdcd3""}",
      1163,         0,         0,    47.6,mwpf__d89f38621d3da58e469ab642e8ce9449a2028f501c7ff49729098ec573131f8e,f03c1e4f58ff752135e09f412b8d3bdffa88dde5b6e7fbb034ff1292d22ebde9,"{""circuit"":""surface_code:rotated_memory_x"",""cluster_node_limit"":50,""d"":11,""decoder"":""mwpf"",""decoder_type"":""SolverSerialJointSingleHair"",""p"":0.02,""p_erase"":0.02,""r"":11,""run_id"":""93fb08d08267e12bd14cc4f801fe1f3202058f710009764389b6687cc48bdcd3""}",
       125,         0,         0,    5.33,mwpf__d89f38621d3da58e469ab642e8ce9449a2028f501c7ff49729098ec573131f8e,f03c1e4f58ff752135e09f412b8d3bdffa88dde5b6e7fbb034ff1292d22ebde9,"{""circuit"":""surface_code:rotated_memory_x"",""cluster_node_limit"":50,""d"":11,""decoder"":""mwpf"",""decoder_type"":""SolverSerialJointSingleHair"",""p"":0.02,""p_erase"":0.02,""r"":11,""run_id"":""93fb08d08267e12bd14cc4f801fe1f3202058f710009764389b6687cc48bdcd3""}",
       193,         0,         0,    7.18,mwpf__d89f38621d3da58e469ab642e8ce9449a2028f501c7ff49729098ec573131f8e,f03c1e4f58ff752135e09f412b8d3bdffa88dde5b6e7fbb034ff1292d22ebde9,"{""circuit"":""surface_code:rotated_memory_x"",""cluster_node_limit"":50,""d"":11,""decoder"":""mwpf"",""decoder_type"":""SolverSerialJointSingleHair"",""p"":0.02,""p_erase"":0.02,""r"":11,""run_id"":""93fb08d08267e12bd14cc4f801fe1f3202058f710009764389b6687cc48bdcd3""}",
       564,         0,         0,    23.1,mwpf__d89f38621d3da58e469ab642e8ce9449a2028f501c7ff49729098ec573131f8e,f03c1e4f58ff752135e09f412b8d3bdffa88dde5b6e7fbb034ff1292d22ebde9,"{""circuit"":""surface_code:rotated_memory_x"",""cluster_node_limit"":50,""d"":11,""decoder"":""mwpf"",""decoder_type"":""SolverSerialJointSingleHair"",""p"":0.02,""p_erase"":0.02,""r"":11,""run_id"":""93fb08d08267e12bd14cc4f801fe1f3202058f710009764389b6687cc48bdcd3""}",
       628,         1,         0,    26.0,mwpf__d89f38621d3da58e469ab642e8ce9449a2028f501c7ff49729098ec573131f8e,f03c1e4f58ff752135e09f412b8d3bdffa88dde5b6e7fbb034ff1292d22ebde9,"{""circuit"":""surface_code:rotated_memory_x"",""cluster_node_limit"":50,""d"":11,""decoder"":""mwpf"",""decoder_type"":""SolverSerialJointSingleHair"",""p"":0.02,""p_erase"":0.02,""r"":11,""run_id"":""93fb08d08267e12bd14cc4f801fe1f3202058f710009764389b6687cc48bdcd3""}",
       564,         0,         0,    22.6,mwpf__d89f38621d3da58e469ab642e8ce9449a2028f501c7ff49729098ec573131f8e,f03c1e4f58ff752135e09f412b8d3bdffa88dde5b6e7fbb034ff1292d22ebde9,"{""circuit"":""surface_code:rotated_memory_x"",""cluster_node_limit"":50,""d"":11,""decoder"":""mwpf"",""decoder_type"":""SolverSerialJointSingleHair"",""p"":0.02,""p_erase"":0.02,""r"":11,""run_id"":""93fb08d08267e12bd14cc4f801fe1f3202058f710009764389b6687cc48bdcd3""}",
       620,         0,         0,    25.5,mwpf__d89f38621d3da58e469ab642e8ce9449a2028f501c7ff49729098ec573131f8e,f03c1e4f58ff752135e09f412b8d3bdffa88dde5b6e7fbb034ff1292d22ebde9,"{""circuit"":""surface_code:rotated_memory_x"",""cluster_node_limit"":50,""d"":11,""decoder"":""mwpf"",""decoder_type"":""SolverSerialJointSingleHair"",""p"":0.02,""p_erase"":0.02,""r"":11,""run_id"":""93fb08d08267e12bd14cc4f801fe1f3202058f710009764389b6687cc48bdcd3""}",
       604,         2,         0,    24.9,mwpf__d89f38621d3da58e469ab642e8ce9449a2028f501c7ff49729098ec573131f8e,f03c1e4f58ff752135e09f412b8d3bdffa88dde5b6e7fbb034ff1292d22ebde9,"{""circuit"":""surface_code:rotated_memory_x"",""cluster_node_limit"":50,""d"":11,""decoder"":""mwpf"",""decoder_type"":""SolverSerialJointSingleHair"",""p"":0.02,""p_erase"":0.02,""r"":11,""run_id"":""93fb08d08267e12bd14cc4f801fe1f3202058f710009764389b6687cc48bdcd3""}",
       432,        20,         0,    63.2,mwpf__18a55d354a5179fe22b347621ac42d689c676785006a493eda6333b61165ab0a,2606fd9b27f8c06a238f10dfcfca1e8efa1cf00bdb8796dbb946e077f8ce80de,"{""circuit"":""surface_code:rotated_memory_x"",""cluster_node_limit"":50,""d"":11,""decoder"":""mwpf"",""decoder_type"":""SolverSerialJointSingleHair"",""p"":0.03,""p_erase"":0.03,""r"":11,""run_id"":""29e38ae744884c2a2b406b04af05084fd3179601bec0197b08c3eec7c1fecc34""}",
       420,        38,         0,    63.2,mwpf__18a55d354a5179fe22b347621ac42d689c676785006a493eda6333b61165ab0a,2606fd9b27f8c06a238f10dfcfca1e8efa1cf00bdb8796dbb946e077f8ce80de,"{""circuit"":""surface_code:rotated_memory_x"",""cluster_node_limit"":50,""d"":11,""decoder"":""mwpf"",""decoder_type"":""SolverSerialJointSingleHair"",""p"":0.03,""p_erase"":0.03,""r"":11,""run_id"":""29e38ae744884c2a2b406b04af05084fd3179601bec0197b08c3eec7c1fecc34""}",
       424,        24,         0,    63.5,mwpf__18a55d354a5179fe22b347621ac42d689c676785006a493eda6333b61165ab0a,2606fd9b27f8c06a238f10dfcfca1e8efa1cf00bdb8796dbb946e077f8ce80de,"{""circuit"":""surface_code:rotated_memory_x"",""cluster_node_limit"":50,""d"":11,""decoder"":""mwpf"",""decoder_type"":""SolverSerialJointSingleHair"",""p"":0.03,""p_erase"":0.03,""r"":11,""run_id"":""29e38ae744884c2a2b406b04af05084fd3179601bec0197b08c3eec7c1fecc34""}",
       432,        35,         0,    63.4,mwpf__18a55d354a5179fe22b347621ac42d689c676785006a493eda6333b61165ab0a,2606fd9b27f8c06a238f10dfcfca1e8efa1cf00bdb8796dbb946e077f8ce80de,"{""circuit"":""surface_code:rotated_memory_x"",""cluster_node_limit"":50,""d"":11,""decoder"":""mwpf"",""decoder_type"":""SolverSerialJointSingleHair"",""p"":0.03,""p_erase"":0.03,""r"":11,""run_id"":""29e38ae744884c2a2b406b04af05084fd3179601bec0197b08c3eec7c1fecc34""}",
       436,        30,         0,    63.2,mwpf__18a55d354a5179fe22b347621ac42d689c676785006a493eda6333b61165ab0a,2606fd9b27f8c06a238f10dfcfca1e8efa1cf00bdb8796dbb946e077f8ce80de,"{""circuit"":""surface_code:rotated_memory_x"",""cluster_node_limit"":50,""d"":11,""decoder"":""mwpf"",""decoder_type"":""SolverSerialJointSingleHair"",""p"":0.03,""p_erase"":0.03,""r"":11,""run_id"":""29e38ae744884c2a2b406b04af05084fd3179601bec0197b08c3eec7c1fecc34""}",
       424,        25,         0,    63.2,mwpf__18a55d354a5179fe22b347621ac42d689c676785006a493eda6333b61165ab0a,2606fd9b27f8c06a238f10dfcfca1e8efa1cf00bdb8796dbb946e077f8ce80de,"{""circuit"":""surface_code:rotated_memory_x"",""cluster_node_limit"":50,""d"":11,""decoder"":""mwpf"",""decoder_type"":""SolverSerialJointSingleHair"",""p"":0.03,""p_erase"":0.03,""r"":11,""run_id"":""29e38ae744884c2a2b406b04af05084fd3179601bec0197b08c3eec7c1fecc34""}",
       428,        40,         0,    63.5,mwpf__18a55d354a5179fe22b347621ac42d689c676785006a493eda6333b61165ab0a,2606fd9b27f8c06a238f10dfcfca1e8efa1cf00bdb8796dbb946e077f8ce80de,"{""circuit"":""surface_code:rotated_memory_x"",""cluster_node_limit"":50,""d"":11,""decoder"":""mwpf"",""decoder_type"":""SolverSerialJointSingleHair"",""p"":0.03,""p_erase"":0.03,""r"":11,""run_id"":""29e38ae744884c2a2b406b04af05084fd3179601bec0197b08c3eec7c1fecc34""}",
       808,        56,         0,   120.6,mwpf__18a55d354a5179fe22b347621ac42d689c676785006a493eda6333b61165ab0a,2606fd9b27f8c06a238f10dfcfca1e8efa1cf00bdb8796dbb946e077f8ce80de,"{""circuit"":""surface_code:rotated_memory_x"",""cluster_node_limit"":50,""d"":11,""decoder"":""mwpf"",""decoder_type"":""SolverSerialJointSingleHair"",""p"":0.03,""p_erase"":0.03,""r"":11,""run_id"":""29e38ae744884c2a2b406b04af05084fd3179601bec0197b08c3eec7c1fecc34""}",
       524,        37,         0,    88.6,mwpf__18a55d354a5179fe22b347621ac42d689c676785006a493eda6333b61165ab0a,2606fd9b27f8c06a238f10dfcfca1e8efa1cf00bdb8796dbb946e077f8ce80de,"{""circuit"":""surface_code:rotated_memory_x"",""cluster_node_limit"":50,""d"":11,""decoder"":""mwpf"",""decoder_type"":""SolverSerialJointSingleHair"",""p"":0.03,""p_erase"":0.03,""r"":11,""run_id"":""29e38ae744884c2a2b406b04af05084fd3179601bec0197b08c3eec7c1fecc34""}",
       524,        29,         0,    88.6,mwpf__18a55d354a5179fe22b347621ac42d689c676785006a493eda6333b61165ab0a,2606fd9b27f8c06a238f10dfcfca1e8efa1cf00bdb8796dbb946e077f8ce80de,"{""circuit"":""surface_code:rotated_memory_x"",""cluster_node_limit"":50,""d"":11,""decoder"":""mwpf"",""decoder_type"":""SolverSerialJointSingleHair"",""p"":0.03,""p_erase"":0.03,""r"":11,""run_id"":""29e38ae744884c2a2b406b04af05084fd3179601bec0197b08c3eec7c1fecc34""}",
       524,        31,         0,    88.6,mwpf__18a55d354a5179fe22b347621ac42d689c676785006a493eda6333b61165ab0a,2606fd9b27f8c06a238f10dfcfca1e8efa1cf00bdb8796dbb946e077f8ce80de,"{""circuit"":""surface_code:rotated_memory_x"",""cluster_node_limit"":50,""d"":11,""decoder"":""mwpf"",""decoder_type"":""SolverSerialJointSingleHair"",""p"":0.03,""p_erase"":0.03,""r"":11,""run_id"":""29e38ae744884c2a2b406b04af05084fd3179601bec0197b08c3eec7c1fecc34""}",
       520,        43,         0,    88.5,mwpf__18a55d354a5179fe22b347621ac42d689c676785006a493eda6333b61165ab0a,2606fd9b27f8c06a238f10dfcfca1e8efa1cf00bdb8796dbb946e077f8ce80de,"{""circuit"":""surface_code:rotated_memory_x"",""cluster_node_limit"":50,""d"":11,""decoder"":""mwpf"",""decoder_type"":""SolverSerialJointSingleHair"",""p"":0.03,""p_erase"":0.03,""r"":11,""run_id"":""29e38ae744884c2a2b406b04af05084fd3179601bec0197b08c3eec7c1fecc34""}",
       504,        32,         0,    88.6,mwpf__18a55d354a5179fe22b347621ac42d689c676785006a493eda6333b61165ab0a,2606fd9b27f8c06a238f10dfcfca1e8efa1cf00bdb8796dbb946e077f8ce80de,"{""circuit"":""surface_code:rotated_memory_x"",""cluster_node_limit"":50,""d"":11,""decoder"":""mwpf"",""decoder_type"":""SolverSerialJointSingleHair"",""p"":0.03,""p_erase"":0.03,""r"":11,""run_id"":""29e38ae744884c2a2b406b04af05084fd3179601bec0197b08c3eec7c1fecc34""}",
       500,        34,         0,    88.3,mwpf__18a55d354a5179fe22b347621ac42d689c676785006a493eda6333b61165ab0a,2606fd9b27f8c06a238f10dfcfca1e8efa1cf00bdb8796dbb946e077f8ce80de,"{""circuit"":""surface_code:rotated_memory_x"",""cluster_node_limit"":50,""d"":11,""decoder"":""mwpf"",""decoder_type"":""SolverSerialJointSingleHair"",""p"":0.03,""p_erase"":0.03,""r"":11,""run_id"":""29e38ae744884c2a2b406b04af05084fd3179601bec0197b08c3eec7c1fecc34""}",
       496,        40,         0,    88.9,mwpf__18a55d354a5179fe22b347621ac42d689c676785006a493eda6333b61165ab0a,2606fd9b27f8c06a238f10dfcfca1e8efa1cf00bdb8796dbb946e077f8ce80de,"{""circuit"":""surface_code:rotated_memory_x"",""cluster_node_limit"":50,""d"":11,""decoder"":""mwpf"",""decoder_type"":""SolverSerialJointSingleHair"",""p"":0.03,""p_erase"":0.03,""r"":11,""run_id"":""29e38ae744884c2a2b406b04af05084fd3179601bec0197b08c3eec7c1fecc34""}",
       520,        44,         0,   120.2,mwpf__18a55d354a5179fe22b347621ac42d689c676785006a493eda6333b61165ab0a,2606fd9b27f8c06a238f10dfcfca1e8efa1cf00bdb8796dbb946e077f8ce80de,"{""circuit"":""surface_code:rotated_memory_x"",""cluster_node_limit"":50,""d"":11,""decoder"":""mwpf"",""decoder_type"":""SolverSerialJointSingleHair"",""p"":0.03,""p_erase"":0.03,""r"":11,""run_id"":""29e38ae744884c2a2b406b04af05084fd3179601bec0197b08c3eec7c1fecc34""}",
       508,        43,         0,   120.4,mwpf__18a55d354a5179fe22b347621ac42d689c676785006a493eda6333b61165ab0a,2606fd9b27f8c06a238f10dfcfca1e8efa1cf00bdb8796dbb946e077f8ce80de,"{""circuit"":""surface_code:rotated_memory_x"",""cluster_node_limit"":50,""d"":11,""decoder"":""mwpf"",""decoder_type"":""SolverSerialJointSingleHair"",""p"":0.03,""p_erase"":0.03,""r"":11,""run_id"":""29e38ae744884c2a2b406b04af05084fd3179601bec0197b08c3eec7c1fecc34""}",
       512,        49,         0,   120.2,mwpf__18a55d354a5179fe22b347621ac42d689c676785006a493eda6333b61165ab0a,2606fd9b27f8c06a238f10dfcfca1e8efa1cf00bdb8796dbb946e077f8ce80de,"{""circuit"":""surface_code:rotated_memory_x"",""cluster_node_limit"":50,""d"":11,""decoder"":""mwpf"",""decoder_type"":""SolverSerialJointSingleHair"",""p"":0.03,""p_erase"":0.03,""r"":11,""run_id"":""29e38ae744884c2a2b406b04af05084fd3179601bec0197b08c3eec7c1fecc34""}",
       510,        44,         0,   120.2,mwpf__18a55d354a5179fe22b347621ac42d689c676785006a493eda6333b61165ab0a,2606fd9b27f8c06a238f10dfcfca1e8efa1cf00bdb8796dbb946e077f8ce80de,"{""circuit"":""surface_code:rotated_memory_x"",""cluster_node_limit"":50,""d"":11,""decoder"":""mwpf"",""decoder_type"":""SolverSerialJointSingleHair"",""p"":0.03,""p_erase"":0.03,""r"":11,""run_id"":""29e38ae744884c2a2b406b04af05084fd3179601bec0197b08c3eec7c1fecc34""}",
       504,        45,         0,   124.5,mwpf__18a55d354a5179fe22b347621ac42d689c676785006a493eda6333b61165ab0a,2606fd9b27f8c06a238f10dfcfca1e8efa1cf00bdb8796dbb946e077f8ce80de,"{""circuit"":""surface_code:rotated_memory_x"",""cluster_node_limit"":50,""d"":11,""decoder"":""mwpf"",""decoder_type"":""SolverSerialJointSingleHair"",""p"":0.03,""p_erase"":0.03,""r"":11,""run_id"":""29e38ae744884c2a2b406b04af05084fd3179601bec0197b08c3eec7c1fecc34""}",
       572,        45,         0,   120.3,mwpf__18a55d354a5179fe22b347621ac42d689c676785006a493eda6333b61165ab0a,2606fd9b27f8c06a238f10dfcfca1e8efa1cf00bdb8796dbb946e077f8ce80de,"{""circuit"":""surface_code:rotated_memory_x"",""cluster_node_limit"":50,""d"":11,""decoder"":""mwpf"",""decoder_type"":""SolverSerialJointSingleHair"",""p"":0.03,""p_erase"":0.03,""r"":11,""run_id"":""29e38ae744884c2a2b406b04af05084fd3179601bec0197b08c3eec7c1fecc34""}",
       496,        49,         0,   120.3,mwpf__18a55d354a5179fe22b347621ac42d689c676785006a493eda6333b61165ab0a,2606fd9b27f8c06a238f10dfcfca1e8efa1cf00bdb8796dbb946e077f8ce80de,"{""circuit"":""surface_code:rotated_memory_x"",""cluster_node_limit"":50,""d"":11,""decoder"":""mwpf"",""decoder_type"":""SolverSerialJointSingleHair"",""p"":0.03,""p_erase"":0.03,""r"":11,""run_id"":""29e38ae744884c2a2b406b04af05084fd3179601bec0197b08c3eec7c1fecc34""}",
       568,        37,         0,   120.2,mwpf__18a55d354a5179fe22b347621ac42d689c676785006a493eda6333b61165ab0a,2606fd9b27f8c06a238f10dfcfca1e8efa1cf00bdb8796dbb946e077f8ce80de,"{""circuit"":""surface_code:rotated_memory_x"",""cluster_node_limit"":50,""d"":11,""decoder"":""mwpf"",""decoder_type"":""SolverSerialJointSingleHair"",""p"":0.03,""p_erase"":0.03,""r"":11,""run_id"":""29e38ae744884c2a2b406b04af05084fd3179601bec0197b08c3eec7c1fecc34""}",
       760,        49,         0,   120.2,mwpf__18a55d354a5179fe22b347621ac42d689c676785006a493eda6333b61165ab0a,2606fd9b27f8c06a238f10dfcfca1e8efa1cf00bdb8796dbb946e077f8ce80de,"{""circuit"":""surface_code:rotated_memory_x"",""cluster_node_limit"":50,""d"":11,""decoder"":""mwpf"",""decoder_type"":""SolverSerialJointSingleHair"",""p"":0.03,""p_erase"":0.03,""r"":11,""run_id"":""29e38ae744884c2a2b406b04af05084fd3179601bec0197b08c3eec7c1fecc34""}",
       752,        49,         0,   120.1,mwpf__18a55d354a5179fe22b347621ac42d689c676785006a493eda6333b61165ab0a,2606fd9b27f8c06a238f10dfcfca1e8efa1cf00bdb8796dbb946e077f8ce80de,"{""circuit"":""surface_code:rotated_memory_x"",""cluster_node_limit"":50,""d"":11,""decoder"":""mwpf"",""decoder_type"":""SolverSerialJointSingleHair"",""p"":0.03,""p_erase"":0.03,""r"":11,""run_id"":""29e38ae744884c2a2b406b04af05084fd3179601bec0197b08c3eec7c1fecc34""}",
       647,        53,         0,   120.0,mwpf__18a55d354a5179fe22b347621ac42d689c676785006a493eda6333b61165ab0a,2606fd9b27f8c06a238f10dfcfca1e8efa1cf00bdb8796dbb946e077f8ce80de,"{""circuit"":""surface_code:rotated_memory_x"",""cluster_node_limit"":50,""d"":11,""decoder"":""mwpf"",""decoder_type"":""SolverSerialJointSingleHair"",""p"":0.03,""p_erase"":0.03,""r"":11,""run_id"":""29e38ae744884c2a2b406b04af05084fd3179601bec0197b08c3eec7c1fecc34""}",
       605,        55,         0,   120.6,mwpf__18a55d354a5179fe22b347621ac42d689c676785006a493eda6333b61165ab0a,2606fd9b27f8c06a238f10dfcfca1e8efa1cf00bdb8796dbb946e077f8ce80de,"{""circuit"":""surface_code:rotated_memory_x"",""cluster_node_limit"":50,""d"":11,""decoder"":""mwpf"",""decoder_type"":""SolverSerialJointSingleHair"",""p"":0.03,""p_erase"":0.03,""r"":11,""run_id"":""29e38ae744884c2a2b406b04af05084fd3179601bec0197b08c3eec7c1fecc34""}",
       651,        40,         0,   120.3,mwpf__18a55d354a5179fe22b347621ac42d689c676785006a493eda6333b61165ab0a,2606fd9b27f8c06a238f10dfcfca1e8efa1cf00bdb8796dbb946e077f8ce80de,"{""circuit"":""surface_code:rotated_memory_x"",""cluster_node_limit"":50,""d"":11,""decoder"":""mwpf"",""decoder_type"":""SolverSerialJointSingleHair"",""p"":0.03,""p_erase"":0.03,""r"":11,""run_id"":""29e38ae744884c2a2b406b04af05084fd3179601bec0197b08c3eec7c1fecc34""}",
       629,        49,         0,   120.2,mwpf__18a55d354a5179fe22b347621ac42d689c676785006a493eda6333b61165ab0a,2606fd9b27f8c06a238f10dfcfca1e8efa1cf00bdb8796dbb946e077f8ce80de,"{""circuit"":""surface_code:rotated_memory_x"",""cluster_node_limit"":50,""d"":11,""decoder"":""mwpf"",""decoder_type"":""SolverSerialJointSingleHair"",""p"":0.03,""p_erase"":0.03,""r"":11,""run_id"":""29e38ae744884c2a2b406b04af05084fd3179601bec0197b08c3eec7c1fecc34""}",
       688,        38,         0,   120.1,mwpf__18a55d354a5179fe22b347621ac42d689c676785006a493eda6333b61165ab0a,2606fd9b27f8c06a238f10dfcfca1e8efa1cf00bdb8796dbb946e077f8ce80de,"{""circuit"":""surface_code:rotated_memory_x"",""cluster_node_limit"":50,""d"":11,""decoder"":""mwpf"",""decoder_type"":""SolverSerialJointSingleHair"",""p"":0.03,""p_erase"":0.03,""r"":11,""run_id"":""29e38ae744884c2a2b406b04af05084fd3179601bec0197b08c3eec7c1fecc34""}",
       677,        43,         0,   120.1,mwpf__18a55d354a5179fe22b347621ac42d689c676785006a493eda6333b61165ab0a,2606fd9b27f8c06a238f10dfcfca1e8efa1cf00bdb8796dbb946e077f8ce80de,"{""circuit"":""surface_code:rotated_memory_x"",""cluster_node_limit"":50,""d"":11,""decoder"":""mwpf"",""decoder_type"":""SolverSerialJointSingleHair"",""p"":0.03,""p_erase"":0.03,""r"":11,""run_id"":""29e38ae744884c2a2b406b04af05084fd3179601bec0197b08c3eec7c1fecc34""}",
       618,        53,         0,    87.7,mwpf__18a55d354a5179fe22b347621ac42d689c676785006a493eda6333b61165ab0a,2606fd9b27f8c06a238f10dfcfca1e8efa1cf00bdb8796dbb946e077f8ce80de,"{""circuit"":""surface_code:rotated_memory_x"",""cluster_node_limit"":50,""d"":11,""decoder"":""mwpf"",""decoder_type"":""SolverSerialJointSingleHair"",""p"":0.03,""p_erase"":0.03,""r"":11,""run_id"":""29e38ae744884c2a2b406b04af05084fd3179601bec0197b08c3eec7c1fecc34""}",
       641,        47,         0,    90.8,mwpf__18a55d354a5179fe22b347621ac42d689c676785006a493eda6333b61165ab0a,2606fd9b27f8c06a238f10dfcfca1e8efa1cf00bdb8796dbb946e077f8ce80de,"{""circuit"":""surface_code:rotated_memory_x"",""cluster_node_limit"":50,""d"":11,""decoder"":""mwpf"",""decoder_type"":""SolverSerialJointSingleHair"",""p"":0.03,""p_erase"":0.03,""r"":11,""run_id"":""29e38ae744884c2a2b406b04af05084fd3179601bec0197b08c3eec7c1fecc34""}",
       734,        63,         0,   105.8,mwpf__18a55d354a5179fe22b347621ac42d689c676785006a493eda6333b61165ab0a,2606fd9b27f8c06a238f10dfcfca1e8efa1cf00bdb8796dbb946e077f8ce80de,"{""circuit"":""surface_code:rotated_memory_x"",""cluster_node_limit"":50,""d"":11,""decoder"":""mwpf"",""decoder_type"":""SolverSerialJointSingleHair"",""p"":0.03,""p_erase"":0.03,""r"":11,""run_id"":""29e38ae744884c2a2b406b04af05084fd3179601bec0197b08c3eec7c1fecc34""}",
       824,        57,         0,   120.2,mwpf__18a55d354a5179fe22b347621ac42d689c676785006a493eda6333b61165ab0a,2606fd9b27f8c06a238f10dfcfca1e8efa1cf00bdb8796dbb946e077f8ce80de,"{""circuit"":""surface_code:rotated_memory_x"",""cluster_node_limit"":50,""d"":11,""decoder"":""mwpf"",""decoder_type"":""SolverSerialJointSingleHair"",""p"":0.03,""p_erase"":0.03,""r"":11,""run_id"":""29e38ae744884c2a2b406b04af05084fd3179601bec0197b08c3eec7c1fecc34""}",
       840,        59,         0,   120.2,mwpf__18a55d354a5179fe22b347621ac42d689c676785006a493eda6333b61165ab0a,2606fd9b27f8c06a238f10dfcfca1e8efa1cf00bdb8796dbb946e077f8ce80de,"{""circuit"":""surface_code:rotated_memory_x"",""cluster_node_limit"":50,""d"":11,""decoder"":""mwpf"",""decoder_type"":""SolverSerialJointSingleHair"",""p"":0.03,""p_erase"":0.03,""r"":11,""run_id"":""29e38ae744884c2a2b406b04af05084fd3179601bec0197b08c3eec7c1fecc34""}",
        23,         1,         0,    3.27,mwpf__18a55d354a5179fe22b347621ac42d689c676785006a493eda6333b61165ab0a,2606fd9b27f8c06a238f10dfcfca1e8efa1cf00bdb8796dbb946e077f8ce80de,"{""circuit"":""surface_code:rotated_memory_x"",""cluster_node_limit"":50,""d"":11,""decoder"":""mwpf"",""decoder_type"":""SolverSerialJointSingleHair"",""p"":0.03,""p_erase"":0.03,""r"":11,""run_id"":""29e38ae744884c2a2b406b04af05084fd3179601bec0197b08c3eec7c1fecc34""}",
       843,        63,         0,   119.5,mwpf__18a55d354a5179fe22b347621ac42d689c676785006a493eda6333b61165ab0a,2606fd9b27f8c06a238f10dfcfca1e8efa1cf00bdb8796dbb946e077f8ce80de,"{""circuit"":""surface_code:rotated_memory_x"",""cluster_node_limit"":50,""d"":11,""decoder"":""mwpf"",""decoder_type"":""SolverSerialJointSingleHair"",""p"":0.03,""p_erase"":0.03,""r"":11,""run_id"":""29e38ae744884c2a2b406b04af05084fd3179601bec0197b08c3eec7c1fecc34""}",
       805,        67,         0,   116.8,mwpf__18a55d354a5179fe22b347621ac42d689c676785006a493eda6333b61165ab0a,2606fd9b27f8c06a238f10dfcfca1e8efa1cf00bdb8796dbb946e077f8ce80de,"{""circuit"":""surface_code:rotated_memory_x"",""cluster_node_limit"":50,""d"":11,""decoder"":""mwpf"",""decoder_type"":""SolverSerialJointSingleHair"",""p"":0.03,""p_erase"":0.03,""r"":11,""run_id"":""29e38ae744884c2a2b406b04af05084fd3179601bec0197b08c3eec7c1fecc34""}",
        51,         3,         0,    7.37,mwpf__18a55d354a5179fe22b347621ac42d689c676785006a493eda6333b61165ab0a,2606fd9b27f8c06a238f10dfcfca1e8efa1cf00bdb8796dbb946e077f8ce80de,"{""circuit"":""surface_code:rotated_memory_x"",""cluster_node_limit"":50,""d"":11,""decoder"":""mwpf"",""decoder_type"":""SolverSerialJointSingleHair"",""p"":0.03,""p_erase"":0.03,""r"":11,""run_id"":""29e38ae744884c2a2b406b04af05084fd3179601bec0197b08c3eec7c1fecc34""}",
       836,        74,         0,   120.1,mwpf__18a55d354a5179fe22b347621ac42d689c676785006a493eda6333b61165ab0a,2606fd9b27f8c06a238f10dfcfca1e8efa1cf00bdb8796dbb946e077f8ce80de,"{""circuit"":""surface_code:rotated_memory_x"",""cluster_node_limit"":50,""d"":11,""decoder"":""mwpf"",""decoder_type"":""SolverSerialJointSingleHair"",""p"":0.03,""p_erase"":0.03,""r"":11,""run_id"":""29e38ae744884c2a2b406b04af05084fd3179601bec0197b08c3eec7c1fecc34""}",
         6,         0,         0,   0.915,mwpf__18a55d354a5179fe22b347621ac42d689c676785006a493eda6333b61165ab0a,2606fd9b27f8c06a238f10dfcfca1e8efa1cf00bdb8796dbb946e077f8ce80de,"{""circuit"":""surface_code:rotated_memory_x"",""cluster_node_limit"":50,""d"":11,""decoder"":""mwpf"",""decoder_type"":""SolverSerialJointSingleHair"",""p"":0.03,""p_erase"":0.03,""r"":11,""run_id"":""29e38ae744884c2a2b406b04af05084fd3179601bec0197b08c3eec7c1fecc34""}",
         1,         0,         0,   0.135,mwpf__18a55d354a5179fe22b347621ac42d689c676785006a493eda6333b61165ab0a,2606fd9b27f8c06a238f10dfcfca1e8efa1cf00bdb8796dbb946e077f8ce80de,"{""circuit"":""surface_code:rotated_memory_x"",""cluster_node_limit"":50,""d"":11,""decoder"":""mwpf"",""decoder_type"":""SolverSerialJointSingleHair"",""p"":0.03,""p_erase"":0.03,""r"":11,""run_id"":""29e38ae744884c2a2b406b04af05084fd3179601bec0197b08c3eec7c1fecc34""}",
         4,         0,         0,   0.580,mwpf__18a55d354a5179fe22b347621ac42d689c676785006a493eda6333b61165ab0a,2606fd9b27f8c06a238f10dfcfca1e8efa1cf00bdb8796dbb946e077f8ce80de,"{""circuit"":""surface_code:rotated_memory_x"",""cluster_node_limit"":50,""d"":11,""decoder"":""mwpf"",""decoder_type"":""SolverSerialJointSingleHair"",""p"":0.03,""p_erase"":0.03,""r"":11,""run_id"":""29e38ae744884c2a2b406b04af05084fd3179601bec0197b08c3eec7c1fecc34""}",
         4,         0,         0,   0.590,mwpf__18a55d354a5179fe22b347621ac42d689c676785006a493eda6333b61165ab0a,2606fd9b27f8c06a238f10dfcfca1e8efa1cf00bdb8796dbb946e077f8ce80de,"{""circuit"":""surface_code:rotated_memory_x"",""cluster_node_limit"":50,""d"":11,""decoder"":""mwpf"",""decoder_type"":""SolverSerialJointSingleHair"",""p"":0.03,""p_erase"":0.03,""r"":11,""run_id"":""29e38ae744884c2a2b406b04af05084fd3179601bec0197b08c3eec7c1fecc34""}",
         4,         0,         0,   0.565,mwpf__18a55d354a5179fe22b347621ac42d689c676785006a493eda6333b61165ab0a,2606fd9b27f8c06a238f10dfcfca1e8efa1cf00bdb8796dbb946e077f8ce80de,"{""circuit"":""surface_code:rotated_memory_x"",""cluster_node_limit"":50,""d"":11,""decoder"":""mwpf"",""decoder_type"":""SolverSerialJointSingleHair"",""p"":0.03,""p_erase"":0.03,""r"":11,""run_id"":""29e38ae744884c2a2b406b04af05084fd3179601bec0197b08c3eec7c1fecc34""}",
         4,         1,         0,   0.707,mwpf__18a55d354a5179fe22b347621ac42d689c676785006a493eda6333b61165ab0a,2606fd9b27f8c06a238f10dfcfca1e8efa1cf00bdb8796dbb946e077f8ce80de,"{""circuit"":""surface_code:rotated_memory_x"",""cluster_node_limit"":50,""d"":11,""decoder"":""mwpf"",""decoder_type"":""SolverSerialJointSingleHair"",""p"":0.03,""p_erase"":0.03,""r"":11,""run_id"":""29e38ae744884c2a2b406b04af05084fd3179601bec0197b08c3eec7c1fecc34""}",
         4,         0,         0,   0.603,mwpf__18a55d354a5179fe22b347621ac42d689c676785006a493eda6333b61165ab0a,2606fd9b27f8c06a238f10dfcfca1e8efa1cf00bdb8796dbb946e077f8ce80de,"{""circuit"":""surface_code:rotated_memory_x"",""cluster_node_limit"":50,""d"":11,""decoder"":""mwpf"",""decoder_type"":""SolverSerialJointSingleHair"",""p"":0.03,""p_erase"":0.03,""r"":11,""run_id"":""29e38ae744884c2a2b406b04af05084fd3179601bec0197b08c3eec7c1fecc34""}",
         4,         1,         0,   0.577,mwpf__18a55d354a5179fe22b347621ac42d689c676785006a493eda6333b61165ab0a,2606fd9b27f8c06a238f10dfcfca1e8efa1cf00bdb8796dbb946e077f8ce80de,"{""circuit"":""surface_code:rotated_memory_x"",""cluster_node_limit"":50,""d"":11,""decoder"":""mwpf"",""decoder_type"":""SolverSerialJointSingleHair"",""p"":0.03,""p_erase"":0.03,""r"":11,""run_id"":""29e38ae744884c2a2b406b04af05084fd3179601bec0197b08c3eec7c1fecc34""}",
         4,         1,         0,   0.520,mwpf__18a55d354a5179fe22b347621ac42d689c676785006a493eda6333b61165ab0a,2606fd9b27f8c06a238f10dfcfca1e8efa1cf00bdb8796dbb946e077f8ce80de,"{""circuit"":""surface_code:rotated_memory_x"",""cluster_node_limit"":50,""d"":11,""decoder"":""mwpf"",""decoder_type"":""SolverSerialJointSingleHair"",""p"":0.03,""p_erase"":0.03,""r"":11,""run_id"":""29e38ae744884c2a2b406b04af05084fd3179601bec0197b08c3eec7c1fecc34""}",
         4,         0,         0,   0.713,mwpf__18a55d354a5179fe22b347621ac42d689c676785006a493eda6333b61165ab0a,2606fd9b27f8c06a238f10dfcfca1e8efa1cf00bdb8796dbb946e077f8ce80de,"{""circuit"":""surface_code:rotated_memory_x"",""cluster_node_limit"":50,""d"":11,""decoder"":""mwpf"",""decoder_type"":""SolverSerialJointSingleHair"",""p"":0.03,""p_erase"":0.03,""r"":11,""run_id"":""29e38ae744884c2a2b406b04af05084fd3179601bec0197b08c3eec7c1fecc34""}",
         4,         0,         0,   0.552,mwpf__18a55d354a5179fe22b347621ac42d689c676785006a493eda6333b61165ab0a,2606fd9b27f8c06a238f10dfcfca1e8efa1cf00bdb8796dbb946e077f8ce80de,"{""circuit"":""surface_code:rotated_memory_x"",""cluster_node_limit"":50,""d"":11,""decoder"":""mwpf"",""decoder_type"":""SolverSerialJointSingleHair"",""p"":0.03,""p_erase"":0.03,""r"":11,""run_id"":""29e38ae744884c2a2b406b04af05084fd3179601bec0197b08c3eec7c1fecc34""}",
         4,         1,         0,   0.620,mwpf__18a55d354a5179fe22b347621ac42d689c676785006a493eda6333b61165ab0a,2606fd9b27f8c06a238f10dfcfca1e8efa1cf00bdb8796dbb946e077f8ce80de,"{""circuit"":""surface_code:rotated_memory_x"",""cluster_node_limit"":50,""d"":11,""decoder"":""mwpf"",""decoder_type"":""SolverSerialJointSingleHair"",""p"":0.03,""p_erase"":0.03,""r"":11,""run_id"":""29e38ae744884c2a2b406b04af05084fd3179601bec0197b08c3eec7c1fecc34""}",
         4,         0,         0,   0.516,mwpf__18a55d354a5179fe22b347621ac42d689c676785006a493eda6333b61165ab0a,2606fd9b27f8c06a238f10dfcfca1e8efa1cf00bdb8796dbb946e077f8ce80de,"{""circuit"":""surface_code:rotated_memory_x"",""cluster_node_limit"":50,""d"":11,""decoder"":""mwpf"",""decoder_type"":""SolverSerialJointSingleHair"",""p"":0.03,""p_erase"":0.03,""r"":11,""run_id"":""29e38ae744884c2a2b406b04af05084fd3179601bec0197b08c3eec7c1fecc34""}",
         4,         0,         0,   0.550,mwpf__18a55d354a5179fe22b347621ac42d689c676785006a493eda6333b61165ab0a,2606fd9b27f8c06a238f10dfcfca1e8efa1cf00bdb8796dbb946e077f8ce80de,"{""circuit"":""surface_code:rotated_memory_x"",""cluster_node_limit"":50,""d"":11,""decoder"":""mwpf"",""decoder_type"":""SolverSerialJointSingleHair"",""p"":0.03,""p_erase"":0.03,""r"":11,""run_id"":""29e38ae744884c2a2b406b04af05084fd3179601bec0197b08c3eec7c1fecc34""}",
         4,         0,         0,   0.696,mwpf__18a55d354a5179fe22b347621ac42d689c676785006a493eda6333b61165ab0a,2606fd9b27f8c06a238f10dfcfca1e8efa1cf00bdb8796dbb946e077f8ce80de,"{""circuit"":""surface_code:rotated_memory_x"",""cluster_node_limit"":50,""d"":11,""decoder"":""mwpf"",""decoder_type"":""SolverSerialJointSingleHair"",""p"":0.03,""p_erase"":0.03,""r"":11,""run_id"":""29e38ae744884c2a2b406b04af05084fd3179601bec0197b08c3eec7c1fecc34""}",
         4,         1,         0,   0.506,mwpf__18a55d354a5179fe22b347621ac42d689c676785006a493eda6333b61165ab0a,2606fd9b27f8c06a238f10dfcfca1e8efa1cf00bdb8796dbb946e077f8ce80de,"{""circuit"":""surface_code:rotated_memory_x"",""cluster_node_limit"":50,""d"":11,""decoder"":""mwpf"",""decoder_type"":""SolverSerialJointSingleHair"",""p"":0.03,""p_erase"":0.03,""r"":11,""run_id"":""29e38ae744884c2a2b406b04af05084fd3179601bec0197b08c3eec7c1fecc34""}",
         1,         0,         0,   0.150,mwpf__18a55d354a5179fe22b347621ac42d689c676785006a493eda6333b61165ab0a,2606fd9b27f8c06a238f10dfcfca1e8efa1cf00bdb8796dbb946e077f8ce80de,"{""circuit"":""surface_code:rotated_memory_x"",""cluster_node_limit"":50,""d"":11,""decoder"":""mwpf"",""decoder_type"":""SolverSerialJointSingleHair"",""p"":0.03,""p_erase"":0.03,""r"":11,""run_id"":""29e38ae744884c2a2b406b04af05084fd3179601bec0197b08c3eec7c1fecc34""}",
         8,         1,         0,    1.05,mwpf__18a55d354a5179fe22b347621ac42d689c676785006a493eda6333b61165ab0a,2606fd9b27f8c06a238f10dfcfca1e8efa1cf00bdb8796dbb946e077f8ce80de,"{""circuit"":""surface_code:rotated_memory_x"",""cluster_node_limit"":50,""d"":11,""decoder"":""mwpf"",""decoder_type"":""SolverSerialJointSingleHair"",""p"":0.03,""p_erase"":0.03,""r"":11,""run_id"":""29e38ae744884c2a2b406b04af05084fd3179601bec0197b08c3eec7c1fecc34""}",
         8,         2,         0,    1.23,mwpf__18a55d354a5179fe22b347621ac42d689c676785006a493eda6333b61165ab0a,2606fd9b27f8c06a238f10dfcfca1e8efa1cf00bdb8796dbb946e077f8ce80de,"{""circuit"":""surface_code:rotated_memory_x"",""cluster_node_limit"":50,""d"":11,""decoder"":""mwpf"",""decoder_type"":""SolverSerialJointSingleHair"",""p"":0.03,""p_erase"":0.03,""r"":11,""run_id"":""29e38ae744884c2a2b406b04af05084fd3179601bec0197b08c3eec7c1fecc34""}",
         1,         0,         0,   0.129,mwpf__18a55d354a5179fe22b347621ac42d689c676785006a493eda6333b61165ab0a,2606fd9b27f8c06a238f10dfcfca1e8efa1cf00bdb8796dbb946e077f8ce80de,"{""circuit"":""surface_code:rotated_memory_x"",""cluster_node_limit"":50,""d"":11,""decoder"":""mwpf"",""decoder_type"":""SolverSerialJointSingleHair"",""p"":0.03,""p_erase"":0.03,""r"":11,""run_id"":""29e38ae744884c2a2b406b04af05084fd3179601bec0197b08c3eec7c1fecc34""}",
         8,         2,         0,    1.14,mwpf__18a55d354a5179fe22b347621ac42d689c676785006a493eda6333b61165ab0a,2606fd9b27f8c06a238f10dfcfca1e8efa1cf00bdb8796dbb946e077f8ce80de,"{""circuit"":""surface_code:rotated_memory_x"",""cluster_node_limit"":50,""d"":11,""decoder"":""mwpf"",""decoder_type"":""SolverSerialJointSingleHair"",""p"":0.03,""p_erase"":0.03,""r"":11,""run_id"":""29e38ae744884c2a2b406b04af05084fd3179601bec0197b08c3eec7c1fecc34""}",
         1,         0,         0,   0.102,mwpf__18a55d354a5179fe22b347621ac42d689c676785006a493eda6333b61165ab0a,2606fd9b27f8c06a238f10dfcfca1e8efa1cf00bdb8796dbb946e077f8ce80de,"{""circuit"":""surface_code:rotated_memory_x"",""cluster_node_limit"":50,""d"":11,""decoder"":""mwpf"",""decoder_type"":""SolverSerialJointSingleHair"",""p"":0.03,""p_erase"":0.03,""r"":11,""run_id"":""29e38ae744884c2a2b406b04af05084fd3179601bec0197b08c3eec7c1fecc34""}",
         1,         0,         0,   0.030,mwpf__d89f38621d3da58e469ab642e8ce9449a2028f501c7ff49729098ec573131f8e,f03c1e4f58ff752135e09f412b8d3bdffa88dde5b6e7fbb034ff1292d22ebde9,"{""circuit"":""surface_code:rotated_memory_x"",""cluster_node_limit"":50,""d"":11,""decoder"":""mwpf"",""decoder_type"":""SolverSerialJointSingleHair"",""p"":0.02,""p_erase"":0.02,""r"":11,""run_id"":""93fb08d08267e12bd14cc4f801fe1f3202058f710009764389b6687cc48bdcd3""}",
        16,         0,         0,   0.612,mwpf__d89f38621d3da58e469ab642e8ce9449a2028f501c7ff49729098ec573131f8e,f03c1e4f58ff752135e09f412b8d3bdffa88dde5b6e7fbb034ff1292d22ebde9,"{""circuit"":""surface_code:rotated_memory_x"",""cluster_node_limit"":50,""d"":11,""decoder"":""mwpf"",""decoder_type"":""SolverSerialJointSingleHair"",""p"":0.02,""p_erase"":0.02,""r"":11,""run_id"":""93fb08d08267e12bd14cc4f801fe1f3202058f710009764389b6687cc48bdcd3""}",
        16,         0,         0,   0.688,mwpf__d89f38621d3da58e469ab642e8ce9449a2028f501c7ff49729098ec573131f8e,f03c1e4f58ff752135e09f412b8d3bdffa88dde5b6e7fbb034ff1292d22ebde9,"{""circuit"":""surface_code:rotated_memory_x"",""cluster_node_limit"":50,""d"":11,""decoder"":""mwpf"",""decoder_type"":""SolverSerialJointSingleHair"",""p"":0.02,""p_erase"":0.02,""r"":11,""run_id"":""93fb08d08267e12bd14cc4f801fe1f3202058f710009764389b6687cc48bdcd3""}",
        16,         0,         0,   0.631,mwpf__d89f38621d3da58e469ab642e8ce9449a2028f501c7ff49729098ec573131f8e,f03c1e4f58ff752135e09f412b8d3bdffa88dde5b6e7fbb034ff1292d22ebde9,"{""circuit"":""surface_code:rotated_memory_x"",""cluster_node_limit"":50,""d"":11,""decoder"":""mwpf"",""decoder_type"":""SolverSerialJointSingleHair"",""p"":0.02,""p_erase"":0.02,""r"":11,""run_id"":""93fb08d08267e12bd14cc4f801fe1f3202058f710009764389b6687cc48bdcd3""}",
        32,         0,         0,    1.27,mwpf__d89f38621d3da58e469ab642e8ce9449a2028f501c7ff49729098ec573131f8e,f03c1e4f58ff752135e09f412b8d3bdffa88dde5b6e7fbb034ff1292d22ebde9,"{""circuit"":""surface_code:rotated_memory_x"",""cluster_node_limit"":50,""d"":11,""decoder"":""mwpf"",""decoder_type"":""SolverSerialJointSingleHair"",""p"":0.02,""p_erase"":0.02,""r"":11,""run_id"":""93fb08d08267e12bd14cc4f801fe1f3202058f710009764389b6687cc48bdcd3""}",
        12,         2,         0,    1.94,mwpf__18a55d354a5179fe22b347621ac42d689c676785006a493eda6333b61165ab0a,2606fd9b27f8c06a238f10dfcfca1e8efa1cf00bdb8796dbb946e077f8ce80de,"{""circuit"":""surface_code:rotated_memory_x"",""cluster_node_limit"":50,""d"":11,""decoder"":""mwpf"",""decoder_type"":""SolverSerialJointSingleHair"",""p"":0.03,""p_erase"":0.03,""r"":11,""run_id"":""29e38ae744884c2a2b406b04af05084fd3179601bec0197b08c3eec7c1fecc34""}",
         1,         0,         0,   0.187,mwpf__18a55d354a5179fe22b347621ac42d689c676785006a493eda6333b61165ab0a,2606fd9b27f8c06a238f10dfcfca1e8efa1cf00bdb8796dbb946e077f8ce80de,"{""circuit"":""surface_code:rotated_memory_x"",""cluster_node_limit"":50,""d"":11,""decoder"":""mwpf"",""decoder_type"":""SolverSerialJointSingleHair"",""p"":0.03,""p_erase"":0.03,""r"":11,""run_id"":""29e38ae744884c2a2b406b04af05084fd3179601bec0197b08c3eec7c1fecc34""}",
        16,         0,         0,   0.658,mwpf__d89f38621d3da58e469ab642e8ce9449a2028f501c7ff49729098ec573131f8e,f03c1e4f58ff752135e09f412b8d3bdffa88dde5b6e7fbb034ff1292d22ebde9,"{""circuit"":""surface_code:rotated_memory_x"",""cluster_node_limit"":50,""d"":11,""decoder"":""mwpf"",""decoder_type"":""SolverSerialJointSingleHair"",""p"":0.02,""p_erase"":0.02,""r"":11,""run_id"":""93fb08d08267e12bd14cc4f801fe1f3202058f710009764389b6687cc48bdcd3""}",
        16,         0,         0,   0.700,mwpf__d89f38621d3da58e469ab642e8ce9449a2028f501c7ff49729098ec573131f8e,f03c1e4f58ff752135e09f412b8d3bdffa88dde5b6e7fbb034ff1292d22ebde9,"{""circuit"":""surface_code:rotated_memory_x"",""cluster_node_limit"":50,""d"":11,""decoder"":""mwpf"",""decoder_type"":""SolverSerialJointSingleHair"",""p"":0.02,""p_erase"":0.02,""r"":11,""run_id"":""93fb08d08267e12bd14cc4f801fe1f3202058f710009764389b6687cc48bdcd3""}",
        16,         0,         0,   0.684,mwpf__d89f38621d3da58e469ab642e8ce9449a2028f501c7ff49729098ec573131f8e,f03c1e4f58ff752135e09f412b8d3bdffa88dde5b6e7fbb034ff1292d22ebde9,"{""circuit"":""surface_code:rotated_memory_x"",""cluster_node_limit"":50,""d"":11,""decoder"":""mwpf"",""decoder_type"":""SolverSerialJointSingleHair"",""p"":0.02,""p_erase"":0.02,""r"":11,""run_id"":""93fb08d08267e12bd14cc4f801fe1f3202058f710009764389b6687cc48bdcd3""}",
        16,         3,         0,    2.21,mwpf__18a55d354a5179fe22b347621ac42d689c676785006a493eda6333b61165ab0a,2606fd9b27f8c06a238f10dfcfca1e8efa1cf00bdb8796dbb946e077f8ce80de,"{""circuit"":""surface_code:rotated_memory_x"",""cluster_node_limit"":50,""d"":11,""decoder"":""mwpf"",""decoder_type"":""SolverSerialJointSingleHair"",""p"":0.03,""p_erase"":0.03,""r"":11,""run_id"":""29e38ae744884c2a2b406b04af05084fd3179601bec0197b08c3eec7c1fecc34""}",
        16,         0,         0,   0.696,mwpf__d89f38621d3da58e469ab642e8ce9449a2028f501c7ff49729098ec573131f8e,f03c1e4f58ff752135e09f412b8d3bdffa88dde5b6e7fbb034ff1292d22ebde9,"{""circuit"":""surface_code:rotated_memory_x"",""cluster_node_limit"":50,""d"":11,""decoder"":""mwpf"",""decoder_type"":""SolverSerialJointSingleHair"",""p"":0.02,""p_erase"":0.02,""r"":11,""run_id"":""93fb08d08267e12bd14cc4f801fe1f3202058f710009764389b6687cc48bdcd3""}",
         1,         0,         0,   0.246,mwpf__18a55d354a5179fe22b347621ac42d689c676785006a493eda6333b61165ab0a,2606fd9b27f8c06a238f10dfcfca1e8efa1cf00bdb8796dbb946e077f8ce80de,"{""circuit"":""surface_code:rotated_memory_x"",""cluster_node_limit"":50,""d"":11,""decoder"":""mwpf"",""decoder_type"":""SolverSerialJointSingleHair"",""p"":0.03,""p_erase"":0.03,""r"":11,""run_id"":""29e38ae744884c2a2b406b04af05084fd3179601bec0197b08c3eec7c1fecc34""}",
        16,         0,         0,   0.635,mwpf__d89f38621d3da58e469ab642e8ce9449a2028f501c7ff49729098ec573131f8e,f03c1e4f58ff752135e09f412b8d3bdffa88dde5b6e7fbb034ff1292d22ebde9,"{""circuit"":""surface_code:rotated_memory_x"",""cluster_node_limit"":50,""d"":11,""decoder"":""mwpf"",""decoder_type"":""SolverSerialJointSingleHair"",""p"":0.02,""p_erase"":0.02,""r"":11,""run_id"":""93fb08d08267e12bd14cc4f801fe1f3202058f710009764389b6687cc48bdcd3""}",
        16,         0,         0,   0.639,mwpf__d89f38621d3da58e469ab642e8ce9449a2028f501c7ff49729098ec573131f8e,f03c1e4f58ff752135e09f412b8d3bdffa88dde5b6e7fbb034ff1292d22ebde9,"{""circuit"":""surface_code:rotated_memory_x"",""cluster_node_limit"":50,""d"":11,""decoder"":""mwpf"",""decoder_type"":""SolverSerialJointSingleHair"",""p"":0.02,""p_erase"":0.02,""r"":11,""run_id"":""93fb08d08267e12bd14cc4f801fe1f3202058f710009764389b6687cc48bdcd3""}",
        16,         0,         0,   0.604,mwpf__d89f38621d3da58e469ab642e8ce9449a2028f501c7ff49729098ec573131f8e,f03c1e4f58ff752135e09f412b8d3bdffa88dde5b6e7fbb034ff1292d22ebde9,"{""circuit"":""surface_code:rotated_memory_x"",""cluster_node_limit"":50,""d"":11,""decoder"":""mwpf"",""decoder_type"":""SolverSerialJointSingleHair"",""p"":0.02,""p_erase"":0.02,""r"":11,""run_id"":""93fb08d08267e12bd14cc4f801fe1f3202058f710009764389b6687cc48bdcd3""}",
        16,         0,         0,   0.647,mwpf__d89f38621d3da58e469ab642e8ce9449a2028f501c7ff49729098ec573131f8e,f03c1e4f58ff752135e09f412b8d3bdffa88dde5b6e7fbb034ff1292d22ebde9,"{""circuit"":""surface_code:rotated_memory_x"",""cluster_node_limit"":50,""d"":11,""decoder"":""mwpf"",""decoder_type"":""SolverSerialJointSingleHair"",""p"":0.02,""p_erase"":0.02,""r"":11,""run_id"":""93fb08d08267e12bd14cc4f801fe1f3202058f710009764389b6687cc48bdcd3""}",
         1,         0,         0,   0.122,mwpf__18a55d354a5179fe22b347621ac42d689c676785006a493eda6333b61165ab0a,2606fd9b27f8c06a238f10dfcfca1e8efa1cf00bdb8796dbb946e077f8ce80de,"{""circuit"":""surface_code:rotated_memory_x"",""cluster_node_limit"":50,""d"":11,""decoder"":""mwpf"",""decoder_type"":""SolverSerialJointSingleHair"",""p"":0.03,""p_erase"":0.03,""r"":11,""run_id"":""29e38ae744884c2a2b406b04af05084fd3179601bec0197b08c3eec7c1fecc34""}",
        20,         2,         0,    3.16,mwpf__18a55d354a5179fe22b347621ac42d689c676785006a493eda6333b61165ab0a,2606fd9b27f8c06a238f10dfcfca1e8efa1cf00bdb8796dbb946e077f8ce80de,"{""circuit"":""surface_code:rotated_memory_x"",""cluster_node_limit"":50,""d"":11,""decoder"":""mwpf"",""decoder_type"":""SolverSerialJointSingleHair"",""p"":0.03,""p_erase"":0.03,""r"":11,""run_id"":""29e38ae744884c2a2b406b04af05084fd3179601bec0197b08c3eec7c1fecc34""}",
         4,         0,         0,   0.403,mwpf__18a55d354a5179fe22b347621ac42d689c676785006a493eda6333b61165ab0a,2606fd9b27f8c06a238f10dfcfca1e8efa1cf00bdb8796dbb946e077f8ce80de,"{""circuit"":""surface_code:rotated_memory_x"",""cluster_node_limit"":50,""d"":11,""decoder"":""mwpf"",""decoder_type"":""SolverSerialJointSingleHair"",""p"":0.03,""p_erase"":0.03,""r"":11,""run_id"":""29e38ae744884c2a2b406b04af05084fd3179601bec0197b08c3eec7c1fecc34""}",
        16,         0,         0,   0.579,mwpf__d89f38621d3da58e469ab642e8ce9449a2028f501c7ff49729098ec573131f8e,f03c1e4f58ff752135e09f412b8d3bdffa88dde5b6e7fbb034ff1292d22ebde9,"{""circuit"":""surface_code:rotated_memory_x"",""cluster_node_limit"":50,""d"":11,""decoder"":""mwpf"",""decoder_type"":""SolverSerialJointSingleHair"",""p"":0.02,""p_erase"":0.02,""r"":11,""run_id"":""93fb08d08267e12bd14cc4f801fe1f3202058f710009764389b6687cc48bdcd3""}",
         4,         0,         0,   0.561,mwpf__18a55d354a5179fe22b347621ac42d689c676785006a493eda6333b61165ab0a,2606fd9b27f8c06a238f10dfcfca1e8efa1cf00bdb8796dbb946e077f8ce80de,"{""circuit"":""surface_code:rotated_memory_x"",""cluster_node_limit"":50,""d"":11,""decoder"":""mwpf"",""decoder_type"":""SolverSerialJointSingleHair"",""p"":0.03,""p_erase"":0.03,""r"":11,""run_id"":""29e38ae744884c2a2b406b04af05084fd3179601bec0197b08c3eec7c1fecc34""}",
         1,         0,         0,   0.164,mwpf__18a55d354a5179fe22b347621ac42d689c676785006a493eda6333b61165ab0a,2606fd9b27f8c06a238f10dfcfca1e8efa1cf00bdb8796dbb946e077f8ce80de,"{""circuit"":""surface_code:rotated_memory_x"",""cluster_node_limit"":50,""d"":11,""decoder"":""mwpf"",""decoder_type"":""SolverSerialJointSingleHair"",""p"":0.03,""p_erase"":0.03,""r"":11,""run_id"":""29e38ae744884c2a2b406b04af05084fd3179601bec0197b08c3eec7c1fecc34""}",
         2,         0,         0,   0.315,mwpf__18a55d354a5179fe22b347621ac42d689c676785006a493eda6333b61165ab0a,2606fd9b27f8c06a238f10dfcfca1e8efa1cf00bdb8796dbb946e077f8ce80de,"{""circuit"":""surface_code:rotated_memory_x"",""cluster_node_limit"":50,""d"":11,""decoder"":""mwpf"",""decoder_type"":""SolverSerialJointSingleHair"",""p"":0.03,""p_erase"":0.03,""r"":11,""run_id"":""29e38ae744884c2a2b406b04af05084fd3179601bec0197b08c3eec7c1fecc34""}",
         4,         0,         0,   0.545,mwpf__18a55d354a5179fe22b347621ac42d689c676785006a493eda6333b61165ab0a,2606fd9b27f8c06a238f10dfcfca1e8efa1cf00bdb8796dbb946e077f8ce80de,"{""circuit"":""surface_code:rotated_memory_x"",""cluster_node_limit"":50,""d"":11,""decoder"":""mwpf"",""decoder_type"":""SolverSerialJointSingleHair"",""p"":0.03,""p_erase"":0.03,""r"":11,""run_id"":""29e38ae744884c2a2b406b04af05084fd3179601bec0197b08c3eec7c1fecc34""}",
         8,         2,         0,    1.11,mwpf__18a55d354a5179fe22b347621ac42d689c676785006a493eda6333b61165ab0a,2606fd9b27f8c06a238f10dfcfca1e8efa1cf00bdb8796dbb946e077f8ce80de,"{""circuit"":""surface_code:rotated_memory_x"",""cluster_node_limit"":50,""d"":11,""decoder"":""mwpf"",""decoder_type"":""SolverSerialJointSingleHair"",""p"":0.03,""p_erase"":0.03,""r"":11,""run_id"":""29e38ae744884c2a2b406b04af05084fd3179601bec0197b08c3eec7c1fecc34""}",
        16,         0,         0,   0.667,mwpf__d89f38621d3da58e469ab642e8ce9449a2028f501c7ff49729098ec573131f8e,f03c1e4f58ff752135e09f412b8d3bdffa88dde5b6e7fbb034ff1292d22ebde9,"{""circuit"":""surface_code:rotated_memory_x"",""cluster_node_limit"":50,""d"":11,""decoder"":""mwpf"",""decoder_type"":""SolverSerialJointSingleHair"",""p"":0.02,""p_erase"":0.02,""r"":11,""run_id"":""93fb08d08267e12bd14cc4f801fe1f3202058f710009764389b6687cc48bdcd3""}",
         1,         0,         0,   0.113,mwpf__18a55d354a5179fe22b347621ac42d689c676785006a493eda6333b61165ab0a,2606fd9b27f8c06a238f10dfcfca1e8efa1cf00bdb8796dbb946e077f8ce80de,"{""circuit"":""surface_code:rotated_memory_x"",""cluster_node_limit"":50,""d"":11,""decoder"":""mwpf"",""decoder_type"":""SolverSerialJointSingleHair"",""p"":0.03,""p_erase"":0.03,""r"":11,""run_id"":""29e38ae744884c2a2b406b04af05084fd3179601bec0197b08c3eec7c1fecc34""}",
         4,         0,         0,   0.645,mwpf__18a55d354a5179fe22b347621ac42d689c676785006a493eda6333b61165ab0a,2606fd9b27f8c06a238f10dfcfca1e8efa1cf00bdb8796dbb946e077f8ce80de,"{""circuit"":""surface_code:rotated_memory_x"",""cluster_node_limit"":50,""d"":11,""decoder"":""mwpf"",""decoder_type"":""SolverSerialJointSingleHair"",""p"":0.03,""p_erase"":0.03,""r"":11,""run_id"":""29e38ae744884c2a2b406b04af05084fd3179601bec0197b08c3eec7c1fecc34""}",
         1,         0,         0,   0.161,mwpf__18a55d354a5179fe22b347621ac42d689c676785006a493eda6333b61165ab0a,2606fd9b27f8c06a238f10dfcfca1e8efa1cf00bdb8796dbb946e077f8ce80de,"{""circuit"":""surface_code:rotated_memory_x"",""cluster_node_limit"":50,""d"":11,""decoder"":""mwpf"",""decoder_type"":""SolverSerialJointSingleHair"",""p"":0.03,""p_erase"":0.03,""r"":11,""run_id"":""29e38ae744884c2a2b406b04af05084fd3179601bec0197b08c3eec7c1fecc34""}",
         4,         1,         0,   0.738,mwpf__18a55d354a5179fe22b347621ac42d689c676785006a493eda6333b61165ab0a,2606fd9b27f8c06a238f10dfcfca1e8efa1cf00bdb8796dbb946e077f8ce80de,"{""circuit"":""surface_code:rotated_memory_x"",""cluster_node_limit"":50,""d"":11,""decoder"":""mwpf"",""decoder_type"":""SolverSerialJointSingleHair"",""p"":0.03,""p_erase"":0.03,""r"":11,""run_id"":""29e38ae744884c2a2b406b04af05084fd3179601bec0197b08c3eec7c1fecc34""}",
        32,         0,         0,    1.35,mwpf__d89f38621d3da58e469ab642e8ce9449a2028f501c7ff49729098ec573131f8e,f03c1e4f58ff752135e09f412b8d3bdffa88dde5b6e7fbb034ff1292d22ebde9,"{""circuit"":""surface_code:rotated_memory_x"",""cluster_node_limit"":50,""d"":11,""decoder"":""mwpf"",""decoder_type"":""SolverSerialJointSingleHair"",""p"":0.02,""p_erase"":0.02,""r"":11,""run_id"":""93fb08d08267e12bd14cc4f801fe1f3202058f710009764389b6687cc48bdcd3""}",
         1,         1,         0,   0.161,mwpf__18a55d354a5179fe22b347621ac42d689c676785006a493eda6333b61165ab0a,2606fd9b27f8c06a238f10dfcfca1e8efa1cf00bdb8796dbb946e077f8ce80de,"{""circuit"":""surface_code:rotated_memory_x"",""cluster_node_limit"":50,""d"":11,""decoder"":""mwpf"",""decoder_type"":""SolverSerialJointSingleHair"",""p"":0.03,""p_erase"":0.03,""r"":11,""run_id"":""29e38ae744884c2a2b406b04af05084fd3179601bec0197b08c3eec7c1fecc34""}",
         4,         0,         0,   0.537,mwpf__18a55d354a5179fe22b347621ac42d689c676785006a493eda6333b61165ab0a,2606fd9b27f8c06a238f10dfcfca1e8efa1cf00bdb8796dbb946e077f8ce80de,"{""circuit"":""surface_code:rotated_memory_x"",""cluster_node_limit"":50,""d"":11,""decoder"":""mwpf"",""decoder_type"":""SolverSerialJointSingleHair"",""p"":0.03,""p_erase"":0.03,""r"":11,""run_id"":""29e38ae744884c2a2b406b04af05084fd3179601bec0197b08c3eec7c1fecc34""}",
         4,         1,         0,   0.521,mwpf__18a55d354a5179fe22b347621ac42d689c676785006a493eda6333b61165ab0a,2606fd9b27f8c06a238f10dfcfca1e8efa1cf00bdb8796dbb946e077f8ce80de,"{""circuit"":""surface_code:rotated_memory_x"",""cluster_node_limit"":50,""d"":11,""decoder"":""mwpf"",""decoder_type"":""SolverSerialJointSingleHair"",""p"":0.03,""p_erase"":0.03,""r"":11,""run_id"":""29e38ae744884c2a2b406b04af05084fd3179601bec0197b08c3eec7c1fecc34""}",
        32,         0,         0,    1.31,mwpf__d89f38621d3da58e469ab642e8ce9449a2028f501c7ff49729098ec573131f8e,f03c1e4f58ff752135e09f412b8d3bdffa88dde5b6e7fbb034ff1292d22ebde9,"{""circuit"":""surface_code:rotated_memory_x"",""cluster_node_limit"":50,""d"":11,""decoder"":""mwpf"",""decoder_type"":""SolverSerialJointSingleHair"",""p"":0.02,""p_erase"":0.02,""r"":11,""run_id"":""93fb08d08267e12bd14cc4f801fe1f3202058f710009764389b6687cc48bdcd3""}",
         1,         0,         0,   0.129,mwpf__18a55d354a5179fe22b347621ac42d689c676785006a493eda6333b61165ab0a,2606fd9b27f8c06a238f10dfcfca1e8efa1cf00bdb8796dbb946e077f8ce80de,"{""circuit"":""surface_code:rotated_memory_x"",""cluster_node_limit"":50,""d"":11,""decoder"":""mwpf"",""decoder_type"":""SolverSerialJointSingleHair"",""p"":0.03,""p_erase"":0.03,""r"":11,""run_id"":""29e38ae744884c2a2b406b04af05084fd3179601bec0197b08c3eec7c1fecc34""}",
         4,         1,         0,   0.629,mwpf__18a55d354a5179fe22b347621ac42d689c676785006a493eda6333b61165ab0a,2606fd9b27f8c06a238f10dfcfca1e8efa1cf00bdb8796dbb946e077f8ce80de,"{""circuit"":""surface_code:rotated_memory_x"",""cluster_node_limit"":50,""d"":11,""decoder"":""mwpf"",""decoder_type"":""SolverSerialJointSingleHair"",""p"":0.03,""p_erase"":0.03,""r"":11,""run_id"":""29e38ae744884c2a2b406b04af05084fd3179601bec0197b08c3eec7c1fecc34""}",
         4,         0,         0,   0.671,mwpf__18a55d354a5179fe22b347621ac42d689c676785006a493eda6333b61165ab0a,2606fd9b27f8c06a238f10dfcfca1e8efa1cf00bdb8796dbb946e077f8ce80de,"{""circuit"":""surface_code:rotated_memory_x"",""cluster_node_limit"":50,""d"":11,""decoder"":""mwpf"",""decoder_type"":""SolverSerialJointSingleHair"",""p"":0.03,""p_erase"":0.03,""r"":11,""run_id"":""29e38ae744884c2a2b406b04af05084fd3179601bec0197b08c3eec7c1fecc34""}",
        32,         2,         0,    4.58,mwpf__18a55d354a5179fe22b347621ac42d689c676785006a493eda6333b61165ab0a,2606fd9b27f8c06a238f10dfcfca1e8efa1cf00bdb8796dbb946e077f8ce80de,"{""circuit"":""surface_code:rotated_memory_x"",""cluster_node_limit"":50,""d"":11,""decoder"":""mwpf"",""decoder_type"":""SolverSerialJointSingleHair"",""p"":0.03,""p_erase"":0.03,""r"":11,""run_id"":""29e38ae744884c2a2b406b04af05084fd3179601bec0197b08c3eec7c1fecc34""}",
         4,         0,         0,   0.557,mwpf__18a55d354a5179fe22b347621ac42d689c676785006a493eda6333b61165ab0a,2606fd9b27f8c06a238f10dfcfca1e8efa1cf00bdb8796dbb946e077f8ce80de,"{""circuit"":""surface_code:rotated_memory_x"",""cluster_node_limit"":50,""d"":11,""decoder"":""mwpf"",""decoder_type"":""SolverSerialJointSingleHair"",""p"":0.03,""p_erase"":0.03,""r"":11,""run_id"":""29e38ae744884c2a2b406b04af05084fd3179601bec0197b08c3eec7c1fecc34""}",
         4,         0,         0,   0.383,mwpf__18a55d354a5179fe22b347621ac42d689c676785006a493eda6333b61165ab0a,2606fd9b27f8c06a238f10dfcfca1e8efa1cf00bdb8796dbb946e077f8ce80de,"{""circuit"":""surface_code:rotated_memory_x"",""cluster_node_limit"":50,""d"":11,""decoder"":""mwpf"",""decoder_type"":""SolverSerialJointSingleHair"",""p"":0.03,""p_erase"":0.03,""r"":11,""run_id"":""29e38ae744884c2a2b406b04af05084fd3179601bec0197b08c3eec7c1fecc34""}",
         3,         0,         0,   0.572,mwpf__18a55d354a5179fe22b347621ac42d689c676785006a493eda6333b61165ab0a,2606fd9b27f8c06a238f10dfcfca1e8efa1cf00bdb8796dbb946e077f8ce80de,"{""circuit"":""surface_code:rotated_memory_x"",""cluster_node_limit"":50,""d"":11,""decoder"":""mwpf"",""decoder_type"":""SolverSerialJointSingleHair"",""p"":0.03,""p_erase"":0.03,""r"":11,""run_id"":""29e38ae744884c2a2b406b04af05084fd3179601bec0197b08c3eec7c1fecc34""}",
        48,         0,         0,    2.03,mwpf__d89f38621d3da58e469ab642e8ce9449a2028f501c7ff49729098ec573131f8e,f03c1e4f58ff752135e09f412b8d3bdffa88dde5b6e7fbb034ff1292d22ebde9,"{""circuit"":""surface_code:rotated_memory_x"",""cluster_node_limit"":50,""d"":11,""decoder"":""mwpf"",""decoder_type"":""SolverSerialJointSingleHair"",""p"":0.02,""p_erase"":0.02,""r"":11,""run_id"":""93fb08d08267e12bd14cc4f801fe1f3202058f710009764389b6687cc48bdcd3""}",
         1,         0,         0,   0.209,mwpf__18a55d354a5179fe22b347621ac42d689c676785006a493eda6333b61165ab0a,2606fd9b27f8c06a238f10dfcfca1e8efa1cf00bdb8796dbb946e077f8ce80de,"{""circuit"":""surface_code:rotated_memory_x"",""cluster_node_limit"":50,""d"":11,""decoder"":""mwpf"",""decoder_type"":""SolverSerialJointSingleHair"",""p"":0.03,""p_erase"":0.03,""r"":11,""run_id"":""29e38ae744884c2a2b406b04af05084fd3179601bec0197b08c3eec7c1fecc34""}",
         4,         0,         0,   0.582,mwpf__18a55d354a5179fe22b347621ac42d689c676785006a493eda6333b61165ab0a,2606fd9b27f8c06a238f10dfcfca1e8efa1cf00bdb8796dbb946e077f8ce80de,"{""circuit"":""surface_code:rotated_memory_x"",""cluster_node_limit"":50,""d"":11,""decoder"":""mwpf"",""decoder_type"":""SolverSerialJointSingleHair"",""p"":0.03,""p_erase"":0.03,""r"":11,""run_id"":""29e38ae744884c2a2b406b04af05084fd3179601bec0197b08c3eec7c1fecc34""}",
       314,         1,         0,    13.1,mwpf__d89f38621d3da58e469ab642e8ce9449a2028f501c7ff49729098ec573131f8e,f03c1e4f58ff752135e09f412b8d3bdffa88dde5b6e7fbb034ff1292d22ebde9,"{""circuit"":""surface_code:rotated_memory_x"",""cluster_node_limit"":50,""d"":11,""decoder"":""mwpf"",""decoder_type"":""SolverSerialJointSingleHair"",""p"":0.02,""p_erase"":0.02,""r"":11,""run_id"":""93fb08d08267e12bd14cc4f801fe1f3202058f710009764389b6687cc48bdcd3""}",
         8,         0,         0,    1.09,mwpf__18a55d354a5179fe22b347621ac42d689c676785006a493eda6333b61165ab0a,2606fd9b27f8c06a238f10dfcfca1e8efa1cf00bdb8796dbb946e077f8ce80de,"{""circuit"":""surface_code:rotated_memory_x"",""cluster_node_limit"":50,""d"":11,""decoder"":""mwpf"",""decoder_type"":""SolverSerialJointSingleHair"",""p"":0.03,""p_erase"":0.03,""r"":11,""run_id"":""29e38ae744884c2a2b406b04af05084fd3179601bec0197b08c3eec7c1fecc34""}",
         1,         0,         0,   0.216,mwpf__18a55d354a5179fe22b347621ac42d689c676785006a493eda6333b61165ab0a,2606fd9b27f8c06a238f10dfcfca1e8efa1cf00bdb8796dbb946e077f8ce80de,"{""circuit"":""surface_code:rotated_memory_x"",""cluster_node_limit"":50,""d"":11,""decoder"":""mwpf"",""decoder_type"":""SolverSerialJointSingleHair"",""p"":0.03,""p_erase"":0.03,""r"":11,""run_id"":""29e38ae744884c2a2b406b04af05084fd3179601bec0197b08c3eec7c1fecc34""}",
        64,         0,         0,    2.73,mwpf__d89f38621d3da58e469ab642e8ce9449a2028f501c7ff49729098ec573131f8e,f03c1e4f58ff752135e09f412b8d3bdffa88dde5b6e7fbb034ff1292d22ebde9,"{""circuit"":""surface_code:rotated_memory_x"",""cluster_node_limit"":50,""d"":11,""decoder"":""mwpf"",""decoder_type"":""SolverSerialJointSingleHair"",""p"":0.02,""p_erase"":0.02,""r"":11,""run_id"":""93fb08d08267e12bd14cc4f801fe1f3202058f710009764389b6687cc48bdcd3""}",
         8,         1,         0,    1.37,mwpf__18a55d354a5179fe22b347621ac42d689c676785006a493eda6333b61165ab0a,2606fd9b27f8c06a238f10dfcfca1e8efa1cf00bdb8796dbb946e077f8ce80de,"{""circuit"":""surface_code:rotated_memory_x"",""cluster_node_limit"":50,""d"":11,""decoder"":""mwpf"",""decoder_type"":""SolverSerialJointSingleHair"",""p"":0.03,""p_erase"":0.03,""r"":11,""run_id"":""29e38ae744884c2a2b406b04af05084fd3179601bec0197b08c3eec7c1fecc34""}",
         1,         0,         0,   0.175,mwpf__18a55d354a5179fe22b347621ac42d689c676785006a493eda6333b61165ab0a,2606fd9b27f8c06a238f10dfcfca1e8efa1cf00bdb8796dbb946e077f8ce80de,"{""circuit"":""surface_code:rotated_memory_x"",""cluster_node_limit"":50,""d"":11,""decoder"":""mwpf"",""decoder_type"":""SolverSerialJointSingleHair"",""p"":0.03,""p_erase"":0.03,""r"":11,""run_id"":""29e38ae744884c2a2b406b04af05084fd3179601bec0197b08c3eec7c1fecc34""}",
         1,         0,         0,   0.027,mwpf__d89f38621d3da58e469ab642e8ce9449a2028f501c7ff49729098ec573131f8e,f03c1e4f58ff752135e09f412b8d3bdffa88dde5b6e7fbb034ff1292d22ebde9,"{""circuit"":""surface_code:rotated_memory_x"",""cluster_node_limit"":50,""d"":11,""decoder"":""mwpf"",""decoder_type"":""SolverSerialJointSingleHair"",""p"":0.02,""p_erase"":0.02,""r"":11,""run_id"":""93fb08d08267e12bd14cc4f801fe1f3202058f710009764389b6687cc48bdcd3""}",
         8,         0,         0,    1.23,mwpf__18a55d354a5179fe22b347621ac42d689c676785006a493eda6333b61165ab0a,2606fd9b27f8c06a238f10dfcfca1e8efa1cf00bdb8796dbb946e077f8ce80de,"{""circuit"":""surface_code:rotated_memory_x"",""cluster_node_limit"":50,""d"":11,""decoder"":""mwpf"",""decoder_type"":""SolverSerialJointSingleHair"",""p"":0.03,""p_erase"":0.03,""r"":11,""run_id"":""29e38ae744884c2a2b406b04af05084fd3179601bec0197b08c3eec7c1fecc34""}",
        16,         0,         0,   0.533,mwpf__d89f38621d3da58e469ab642e8ce9449a2028f501c7ff49729098ec573131f8e,f03c1e4f58ff752135e09f412b8d3bdffa88dde5b6e7fbb034ff1292d22ebde9,"{""circuit"":""surface_code:rotated_memory_x"",""cluster_node_limit"":50,""d"":11,""decoder"":""mwpf"",""decoder_type"":""SolverSerialJointSingleHair"",""p"":0.02,""p_erase"":0.02,""r"":11,""run_id"":""93fb08d08267e12bd14cc4f801fe1f3202058f710009764389b6687cc48bdcd3""}",
        16,         0,         0,   0.648,mwpf__d89f38621d3da58e469ab642e8ce9449a2028f501c7ff49729098ec573131f8e,f03c1e4f58ff752135e09f412b8d3bdffa88dde5b6e7fbb034ff1292d22ebde9,"{""circuit"":""surface_code:rotated_memory_x"",""cluster_node_limit"":50,""d"":11,""decoder"":""mwpf"",""decoder_type"":""SolverSerialJointSingleHair"",""p"":0.02,""p_erase"":0.02,""r"":11,""run_id"":""93fb08d08267e12bd14cc4f801fe1f3202058f710009764389b6687cc48bdcd3""}",
         2,         0,         0,   0.087,mwpf__d89f38621d3da58e469ab642e8ce9449a2028f501c7ff49729098ec573131f8e,f03c1e4f58ff752135e09f412b8d3bdffa88dde5b6e7fbb034ff1292d22ebde9,"{""circuit"":""surface_code:rotated_memory_x"",""cluster_node_limit"":50,""d"":11,""decoder"":""mwpf"",""decoder_type"":""SolverSerialJointSingleHair"",""p"":0.02,""p_erase"":0.02,""r"":11,""run_id"":""93fb08d08267e12bd14cc4f801fe1f3202058f710009764389b6687cc48bdcd3""}",
         2,         0,         0,   0.110,mwpf__d89f38621d3da58e469ab642e8ce9449a2028f501c7ff49729098ec573131f8e,f03c1e4f58ff752135e09f412b8d3bdffa88dde5b6e7fbb034ff1292d22ebde9,"{""circuit"":""surface_code:rotated_memory_x"",""cluster_node_limit"":50,""d"":11,""decoder"":""mwpf"",""decoder_type"":""SolverSerialJointSingleHair"",""p"":0.02,""p_erase"":0.02,""r"":11,""run_id"":""93fb08d08267e12bd14cc4f801fe1f3202058f710009764389b6687cc48bdcd3""}",
        16,         0,         0,   0.507,mwpf__d89f38621d3da58e469ab642e8ce9449a2028f501c7ff49729098ec573131f8e,f03c1e4f58ff752135e09f412b8d3bdffa88dde5b6e7fbb034ff1292d22ebde9,"{""circuit"":""surface_code:rotated_memory_x"",""cluster_node_limit"":50,""d"":11,""decoder"":""mwpf"",""decoder_type"":""SolverSerialJointSingleHair"",""p"":0.02,""p_erase"":0.02,""r"":11,""run_id"":""93fb08d08267e12bd14cc4f801fe1f3202058f710009764389b6687cc48bdcd3""}",
        40,         3,         0,    6.05,mwpf__18a55d354a5179fe22b347621ac42d689c676785006a493eda6333b61165ab0a,2606fd9b27f8c06a238f10dfcfca1e8efa1cf00bdb8796dbb946e077f8ce80de,"{""circuit"":""surface_code:rotated_memory_x"",""cluster_node_limit"":50,""d"":11,""decoder"":""mwpf"",""decoder_type"":""SolverSerialJointSingleHair"",""p"":0.03,""p_erase"":0.03,""r"":11,""run_id"":""29e38ae744884c2a2b406b04af05084fd3179601bec0197b08c3eec7c1fecc34""}",
         1,         0,         0,   0.061,mwpf__d89f38621d3da58e469ab642e8ce9449a2028f501c7ff49729098ec573131f8e,f03c1e4f58ff752135e09f412b8d3bdffa88dde5b6e7fbb034ff1292d22ebde9,"{""circuit"":""surface_code:rotated_memory_x"",""cluster_node_limit"":50,""d"":11,""decoder"":""mwpf"",""decoder_type"":""SolverSerialJointSingleHair"",""p"":0.02,""p_erase"":0.02,""r"":11,""run_id"":""93fb08d08267e12bd14cc4f801fe1f3202058f710009764389b6687cc48bdcd3""}",
        16,         0,         0,   0.576,mwpf__d89f38621d3da58e469ab642e8ce9449a2028f501c7ff49729098ec573131f8e,f03c1e4f58ff752135e09f412b8d3bdffa88dde5b6e7fbb034ff1292d22ebde9,"{""circuit"":""surface_code:rotated_memory_x"",""cluster_node_limit"":50,""d"":11,""decoder"":""mwpf"",""decoder_type"":""SolverSerialJointSingleHair"",""p"":0.02,""p_erase"":0.02,""r"":11,""run_id"":""93fb08d08267e12bd14cc4f801fe1f3202058f710009764389b6687cc48bdcd3""}",
         8,         0,         0,    1.64,mwpf__18a55d354a5179fe22b347621ac42d689c676785006a493eda6333b61165ab0a,2606fd9b27f8c06a238f10dfcfca1e8efa1cf00bdb8796dbb946e077f8ce80de,"{""circuit"":""surface_code:rotated_memory_x"",""cluster_node_limit"":50,""d"":11,""decoder"":""mwpf"",""decoder_type"":""SolverSerialJointSingleHair"",""p"":0.03,""p_erase"":0.03,""r"":11,""run_id"":""29e38ae744884c2a2b406b04af05084fd3179601bec0197b08c3eec7c1fecc34""}",
         4,         0,         0,   0.597,mwpf__18a55d354a5179fe22b347621ac42d689c676785006a493eda6333b61165ab0a,2606fd9b27f8c06a238f10dfcfca1e8efa1cf00bdb8796dbb946e077f8ce80de,"{""circuit"":""surface_code:rotated_memory_x"",""cluster_node_limit"":50,""d"":11,""decoder"":""mwpf"",""decoder_type"":""SolverSerialJointSingleHair"",""p"":0.03,""p_erase"":0.03,""r"":11,""run_id"":""29e38ae744884c2a2b406b04af05084fd3179601bec0197b08c3eec7c1fecc34""}",
        16,         0,         0,   0.597,mwpf__d89f38621d3da58e469ab642e8ce9449a2028f501c7ff49729098ec573131f8e,f03c1e4f58ff752135e09f412b8d3bdffa88dde5b6e7fbb034ff1292d22ebde9,"{""circuit"":""surface_code:rotated_memory_x"",""cluster_node_limit"":50,""d"":11,""decoder"":""mwpf"",""decoder_type"":""SolverSerialJointSingleHair"",""p"":0.02,""p_erase"":0.02,""r"":11,""run_id"":""93fb08d08267e12bd14cc4f801fe1f3202058f710009764389b6687cc48bdcd3""}",
         2,         0,         0,   0.095,mwpf__d89f38621d3da58e469ab642e8ce9449a2028f501c7ff49729098ec573131f8e,f03c1e4f58ff752135e09f412b8d3bdffa88dde5b6e7fbb034ff1292d22ebde9,"{""circuit"":""surface_code:rotated_memory_x"",""cluster_node_limit"":50,""d"":11,""decoder"":""mwpf"",""decoder_type"":""SolverSerialJointSingleHair"",""p"":0.02,""p_erase"":0.02,""r"":11,""run_id"":""93fb08d08267e12bd14cc4f801fe1f3202058f710009764389b6687cc48bdcd3""}",
        53,         0,         0,    2.24,mwpf__d89f38621d3da58e469ab642e8ce9449a2028f501c7ff49729098ec573131f8e,f03c1e4f58ff752135e09f412b8d3bdffa88dde5b6e7fbb034ff1292d22ebde9,"{""circuit"":""surface_code:rotated_memory_x"",""cluster_node_limit"":50,""d"":11,""decoder"":""mwpf"",""decoder_type"":""SolverSerialJointSingleHair"",""p"":0.02,""p_erase"":0.02,""r"":11,""run_id"":""93fb08d08267e12bd14cc4f801fe1f3202058f710009764389b6687cc48bdcd3""}",
        80,         0,         0,    3.40,mwpf__d89f38621d3da58e469ab642e8ce9449a2028f501c7ff49729098ec573131f8e,f03c1e4f58ff752135e09f412b8d3bdffa88dde5b6e7fbb034ff1292d22ebde9,"{""circuit"":""surface_code:rotated_memory_x"",""cluster_node_limit"":50,""d"":11,""decoder"":""mwpf"",""decoder_type"":""SolverSerialJointSingleHair"",""p"":0.02,""p_erase"":0.02,""r"":11,""run_id"":""93fb08d08267e12bd14cc4f801fe1f3202058f710009764389b6687cc48bdcd3""}",
         1,         0,         0,   0.191,mwpf__18a55d354a5179fe22b347621ac42d689c676785006a493eda6333b61165ab0a,2606fd9b27f8c06a238f10dfcfca1e8efa1cf00bdb8796dbb946e077f8ce80de,"{""circuit"":""surface_code:rotated_memory_x"",""cluster_node_limit"":50,""d"":11,""decoder"":""mwpf"",""decoder_type"":""SolverSerialJointSingleHair"",""p"":0.03,""p_erase"":0.03,""r"":11,""run_id"":""29e38ae744884c2a2b406b04af05084fd3179601bec0197b08c3eec7c1fecc34""}",
         1,         0,         0,   0.083,mwpf__d89f38621d3da58e469ab642e8ce9449a2028f501c7ff49729098ec573131f8e,f03c1e4f58ff752135e09f412b8d3bdffa88dde5b6e7fbb034ff1292d22ebde9,"{""circuit"":""surface_code:rotated_memory_x"",""cluster_node_limit"":50,""d"":11,""decoder"":""mwpf"",""decoder_type"":""SolverSerialJointSingleHair"",""p"":0.02,""p_erase"":0.02,""r"":11,""run_id"":""93fb08d08267e12bd14cc4f801fe1f3202058f710009764389b6687cc48bdcd3""}",
        16,         0,         0,   0.502,mwpf__d89f38621d3da58e469ab642e8ce9449a2028f501c7ff49729098ec573131f8e,f03c1e4f58ff752135e09f412b8d3bdffa88dde5b6e7fbb034ff1292d22ebde9,"{""circuit"":""surface_code:rotated_memory_x"",""cluster_node_limit"":50,""d"":11,""decoder"":""mwpf"",""decoder_type"":""SolverSerialJointSingleHair"",""p"":0.02,""p_erase"":0.02,""r"":11,""run_id"":""93fb08d08267e12bd14cc4f801fe1f3202058f710009764389b6687cc48bdcd3""}",
        64,         0,         0,    2.75,mwpf__d89f38621d3da58e469ab642e8ce9449a2028f501c7ff49729098ec573131f8e,f03c1e4f58ff752135e09f412b8d3bdffa88dde5b6e7fbb034ff1292d22ebde9,"{""circuit"":""surface_code:rotated_memory_x"",""cluster_node_limit"":50,""d"":11,""decoder"":""mwpf"",""decoder_type"":""SolverSerialJointSingleHair"",""p"":0.02,""p_erase"":0.02,""r"":11,""run_id"":""93fb08d08267e12bd14cc4f801fe1f3202058f710009764389b6687cc48bdcd3""}",
         1,         0,         0,   0.065,mwpf__d89f38621d3da58e469ab642e8ce9449a2028f501c7ff49729098ec573131f8e,f03c1e4f58ff752135e09f412b8d3bdffa88dde5b6e7fbb034ff1292d22ebde9,"{""circuit"":""surface_code:rotated_memory_x"",""cluster_node_limit"":50,""d"":11,""decoder"":""mwpf"",""decoder_type"":""SolverSerialJointSingleHair"",""p"":0.02,""p_erase"":0.02,""r"":11,""run_id"":""93fb08d08267e12bd14cc4f801fe1f3202058f710009764389b6687cc48bdcd3""}",
        16,         0,         0,   0.498,mwpf__d89f38621d3da58e469ab642e8ce9449a2028f501c7ff49729098ec573131f8e,f03c1e4f58ff752135e09f412b8d3bdffa88dde5b6e7fbb034ff1292d22ebde9,"{""circuit"":""surface_code:rotated_memory_x"",""cluster_node_limit"":50,""d"":11,""decoder"":""mwpf"",""decoder_type"":""SolverSerialJointSingleHair"",""p"":0.02,""p_erase"":0.02,""r"":11,""run_id"":""93fb08d08267e12bd14cc4f801fe1f3202058f710009764389b6687cc48bdcd3""}",
         1,         0,         0,   0.061,mwpf__d89f38621d3da58e469ab642e8ce9449a2028f501c7ff49729098ec573131f8e,f03c1e4f58ff752135e09f412b8d3bdffa88dde5b6e7fbb034ff1292d22ebde9,"{""circuit"":""surface_code:rotated_memory_x"",""cluster_node_limit"":50,""d"":11,""decoder"":""mwpf"",""decoder_type"":""SolverSerialJointSingleHair"",""p"":0.02,""p_erase"":0.02,""r"":11,""run_id"":""93fb08d08267e12bd14cc4f801fe1f3202058f710009764389b6687cc48bdcd3""}",
        16,         0,         0,   0.460,mwpf__d89f38621d3da58e469ab642e8ce9449a2028f501c7ff49729098ec573131f8e,f03c1e4f58ff752135e09f412b8d3bdffa88dde5b6e7fbb034ff1292d22ebde9,"{""circuit"":""surface_code:rotated_memory_x"",""cluster_node_limit"":50,""d"":11,""decoder"":""mwpf"",""decoder_type"":""SolverSerialJointSingleHair"",""p"":0.02,""p_erase"":0.02,""r"":11,""run_id"":""93fb08d08267e12bd14cc4f801fe1f3202058f710009764389b6687cc48bdcd3""}",
        16,         0,         0,   0.491,mwpf__d89f38621d3da58e469ab642e8ce9449a2028f501c7ff49729098ec573131f8e,f03c1e4f58ff752135e09f412b8d3bdffa88dde5b6e7fbb034ff1292d22ebde9,"{""circuit"":""surface_code:rotated_memory_x"",""cluster_node_limit"":50,""d"":11,""decoder"":""mwpf"",""decoder_type"":""SolverSerialJointSingleHair"",""p"":0.02,""p_erase"":0.02,""r"":11,""run_id"":""93fb08d08267e12bd14cc4f801fe1f3202058f710009764389b6687cc48bdcd3""}",
         2,         0,         0,   0.114,mwpf__d89f38621d3da58e469ab642e8ce9449a2028f501c7ff49729098ec573131f8e,f03c1e4f58ff752135e09f412b8d3bdffa88dde5b6e7fbb034ff1292d22ebde9,"{""circuit"":""surface_code:rotated_memory_x"",""cluster_node_limit"":50,""d"":11,""decoder"":""mwpf"",""decoder_type"":""SolverSerialJointSingleHair"",""p"":0.02,""p_erase"":0.02,""r"":11,""run_id"":""93fb08d08267e12bd14cc4f801fe1f3202058f710009764389b6687cc48bdcd3""}",
         7,         0,         0,   0.315,mwpf__d89f38621d3da58e469ab642e8ce9449a2028f501c7ff49729098ec573131f8e,f03c1e4f58ff752135e09f412b8d3bdffa88dde5b6e7fbb034ff1292d22ebde9,"{""circuit"":""surface_code:rotated_memory_x"",""cluster_node_limit"":50,""d"":11,""decoder"":""mwpf"",""decoder_type"":""SolverSerialJointSingleHair"",""p"":0.02,""p_erase"":0.02,""r"":11,""run_id"":""93fb08d08267e12bd14cc4f801fe1f3202058f710009764389b6687cc48bdcd3""}",
        19,         0,         0,   0.858,mwpf__d89f38621d3da58e469ab642e8ce9449a2028f501c7ff49729098ec573131f8e,f03c1e4f58ff752135e09f412b8d3bdffa88dde5b6e7fbb034ff1292d22ebde9,"{""circuit"":""surface_code:rotated_memory_x"",""cluster_node_limit"":50,""d"":11,""decoder"":""mwpf"",""decoder_type"":""SolverSerialJointSingleHair"",""p"":0.02,""p_erase"":0.02,""r"":11,""run_id"":""93fb08d08267e12bd14cc4f801fe1f3202058f710009764389b6687cc48bdcd3""}",
        16,         0,         0,    2.58,mwpf__18a55d354a5179fe22b347621ac42d689c676785006a493eda6333b61165ab0a,2606fd9b27f8c06a238f10dfcfca1e8efa1cf00bdb8796dbb946e077f8ce80de,"{""circuit"":""surface_code:rotated_memory_x"",""cluster_node_limit"":50,""d"":11,""decoder"":""mwpf"",""decoder_type"":""SolverSerialJointSingleHair"",""p"":0.03,""p_erase"":0.03,""r"":11,""run_id"":""29e38ae744884c2a2b406b04af05084fd3179601bec0197b08c3eec7c1fecc34""}",
         1,         0,         0,   0.064,mwpf__d89f38621d3da58e469ab642e8ce9449a2028f501c7ff49729098ec573131f8e,f03c1e4f58ff752135e09f412b8d3bdffa88dde5b6e7fbb034ff1292d22ebde9,"{""circuit"":""surface_code:rotated_memory_x"",""cluster_node_limit"":50,""d"":11,""decoder"":""mwpf"",""decoder_type"":""SolverSerialJointSingleHair"",""p"":0.02,""p_erase"":0.02,""r"":11,""run_id"":""93fb08d08267e12bd14cc4f801fe1f3202058f710009764389b6687cc48bdcd3""}",
        16,         0,         0,   0.521,mwpf__d89f38621d3da58e469ab642e8ce9449a2028f501c7ff49729098ec573131f8e,f03c1e4f58ff752135e09f412b8d3bdffa88dde5b6e7fbb034ff1292d22ebde9,"{""circuit"":""surface_code:rotated_memory_x"",""cluster_node_limit"":50,""d"":11,""decoder"":""mwpf"",""decoder_type"":""SolverSerialJointSingleHair"",""p"":0.02,""p_erase"":0.02,""r"":11,""run_id"":""93fb08d08267e12bd14cc4f801fe1f3202058f710009764389b6687cc48bdcd3""}",
         1,         0,         0,   0.040,mwpf__d89f38621d3da58e469ab642e8ce9449a2028f501c7ff49729098ec573131f8e,f03c1e4f58ff752135e09f412b8d3bdffa88dde5b6e7fbb034ff1292d22ebde9,"{""circuit"":""surface_code:rotated_memory_x"",""cluster_node_limit"":50,""d"":11,""decoder"":""mwpf"",""decoder_type"":""SolverSerialJointSingleHair"",""p"":0.02,""p_erase"":0.02,""r"":11,""run_id"":""93fb08d08267e12bd14cc4f801fe1f3202058f710009764389b6687cc48bdcd3""}",
         1,         0,         0,   0.226,mwpf__18a55d354a5179fe22b347621ac42d689c676785006a493eda6333b61165ab0a,2606fd9b27f8c06a238f10dfcfca1e8efa1cf00bdb8796dbb946e077f8ce80de,"{""circuit"":""surface_code:rotated_memory_x"",""cluster_node_limit"":50,""d"":11,""decoder"":""mwpf"",""decoder_type"":""SolverSerialJointSingleHair"",""p"":0.03,""p_erase"":0.03,""r"":11,""run_id"":""29e38ae744884c2a2b406b04af05084fd3179601bec0197b08c3eec7c1fecc34""}",
        16,         0,         0,   0.566,mwpf__d89f38621d3da58e469ab642e8ce9449a2028f501c7ff49729098ec573131f8e,f03c1e4f58ff752135e09f412b8d3bdffa88dde5b6e7fbb034ff1292d22ebde9,"{""circuit"":""surface_code:rotated_memory_x"",""cluster_node_limit"":50,""d"":11,""decoder"":""mwpf"",""decoder_type"":""SolverSerialJointSingleHair"",""p"":0.02,""p_erase"":0.02,""r"":11,""run_id"":""93fb08d08267e12bd14cc4f801fe1f3202058f710009764389b6687cc48bdcd3""}",
         4,         0,         0,   0.193,mwpf__d89f38621d3da58e469ab642e8ce9449a2028f501c7ff49729098ec573131f8e,f03c1e4f58ff752135e09f412b8d3bdffa88dde5b6e7fbb034ff1292d22ebde9,"{""circuit"":""surface_code:rotated_memory_x"",""cluster_node_limit"":50,""d"":11,""decoder"":""mwpf"",""decoder_type"":""SolverSerialJointSingleHair"",""p"":0.02,""p_erase"":0.02,""r"":11,""run_id"":""93fb08d08267e12bd14cc4f801fe1f3202058f710009764389b6687cc48bdcd3""}",
         5,         0,         0,   0.188,mwpf__d89f38621d3da58e469ab642e8ce9449a2028f501c7ff49729098ec573131f8e,f03c1e4f58ff752135e09f412b8d3bdffa88dde5b6e7fbb034ff1292d22ebde9,"{""circuit"":""surface_code:rotated_memory_x"",""cluster_node_limit"":50,""d"":11,""decoder"":""mwpf"",""decoder_type"":""SolverSerialJointSingleHair"",""p"":0.02,""p_erase"":0.02,""r"":11,""run_id"":""93fb08d08267e12bd14cc4f801fe1f3202058f710009764389b6687cc48bdcd3""}",
        16,         0,         0,   0.540,mwpf__d89f38621d3da58e469ab642e8ce9449a2028f501c7ff49729098ec573131f8e,f03c1e4f58ff752135e09f412b8d3bdffa88dde5b6e7fbb034ff1292d22ebde9,"{""circuit"":""surface_code:rotated_memory_x"",""cluster_node_limit"":50,""d"":11,""decoder"":""mwpf"",""decoder_type"":""SolverSerialJointSingleHair"",""p"":0.02,""p_erase"":0.02,""r"":11,""run_id"":""93fb08d08267e12bd14cc4f801fe1f3202058f710009764389b6687cc48bdcd3""}",
       515,         0,         0,    20.7,mwpf__d89f38621d3da58e469ab642e8ce9449a2028f501c7ff49729098ec573131f8e,f03c1e4f58ff752135e09f412b8d3bdffa88dde5b6e7fbb034ff1292d22ebde9,"{""circuit"":""surface_code:rotated_memory_x"",""cluster_node_limit"":50,""d"":11,""decoder"":""mwpf"",""decoder_type"":""SolverSerialJointSingleHair"",""p"":0.02,""p_erase"":0.02,""r"":11,""run_id"":""93fb08d08267e12bd14cc4f801fe1f3202058f710009764389b6687cc48bdcd3""}",
         1,         0,         0,   0.044,mwpf__d89f38621d3da58e469ab642e8ce9449a2028f501c7ff49729098ec573131f8e,f03c1e4f58ff752135e09f412b8d3bdffa88dde5b6e7fbb034ff1292d22ebde9,"{""circuit"":""surface_code:rotated_memory_x"",""cluster_node_limit"":50,""d"":11,""decoder"":""mwpf"",""decoder_type"":""SolverSerialJointSingleHair"",""p"":0.02,""p_erase"":0.02,""r"":11,""run_id"":""93fb08d08267e12bd14cc4f801fe1f3202058f710009764389b6687cc48bdcd3""}",
         2,         0,         0,   0.109,mwpf__d89f38621d3da58e469ab642e8ce9449a2028f501c7ff49729098ec573131f8e,f03c1e4f58ff752135e09f412b8d3bdffa88dde5b6e7fbb034ff1292d22ebde9,"{""circuit"":""surface_code:rotated_memory_x"",""cluster_node_limit"":50,""d"":11,""decoder"":""mwpf"",""decoder_type"":""SolverSerialJointSingleHair"",""p"":0.02,""p_erase"":0.02,""r"":11,""run_id"":""93fb08d08267e12bd14cc4f801fe1f3202058f710009764389b6687cc48bdcd3""}",
        32,         0,         0,   0.960,mwpf__d89f38621d3da58e469ab642e8ce9449a2028f501c7ff49729098ec573131f8e,f03c1e4f58ff752135e09f412b8d3bdffa88dde5b6e7fbb034ff1292d22ebde9,"{""circuit"":""surface_code:rotated_memory_x"",""cluster_node_limit"":50,""d"":11,""decoder"":""mwpf"",""decoder_type"":""SolverSerialJointSingleHair"",""p"":0.02,""p_erase"":0.02,""r"":11,""run_id"":""93fb08d08267e12bd14cc4f801fe1f3202058f710009764389b6687cc48bdcd3""}",
       112,         0,         0,    4.77,mwpf__d89f38621d3da58e469ab642e8ce9449a2028f501c7ff49729098ec573131f8e,f03c1e4f58ff752135e09f412b8d3bdffa88dde5b6e7fbb034ff1292d22ebde9,"{""circuit"":""surface_code:rotated_memory_x"",""cluster_node_limit"":50,""d"":11,""decoder"":""mwpf"",""decoder_type"":""SolverSerialJointSingleHair"",""p"":0.02,""p_erase"":0.02,""r"":11,""run_id"":""93fb08d08267e12bd14cc4f801fe1f3202058f710009764389b6687cc48bdcd3""}",
         3,         0,         0,   0.107,mwpf__d89f38621d3da58e469ab642e8ce9449a2028f501c7ff49729098ec573131f8e,f03c1e4f58ff752135e09f412b8d3bdffa88dde5b6e7fbb034ff1292d22ebde9,"{""circuit"":""surface_code:rotated_memory_x"",""cluster_node_limit"":50,""d"":11,""decoder"":""mwpf"",""decoder_type"":""SolverSerialJointSingleHair"",""p"":0.02,""p_erase"":0.02,""r"":11,""run_id"":""93fb08d08267e12bd14cc4f801fe1f3202058f710009764389b6687cc48bdcd3""}",
         3,         0,         0,   0.135,mwpf__d89f38621d3da58e469ab642e8ce9449a2028f501c7ff49729098ec573131f8e,f03c1e4f58ff752135e09f412b8d3bdffa88dde5b6e7fbb034ff1292d22ebde9,"{""circuit"":""surface_code:rotated_memory_x"",""cluster_node_limit"":50,""d"":11,""decoder"":""mwpf"",""decoder_type"":""SolverSerialJointSingleHair"",""p"":0.02,""p_erase"":0.02,""r"":11,""run_id"":""93fb08d08267e12bd14cc4f801fe1f3202058f710009764389b6687cc48bdcd3""}",
        20,         0,         0,    3.15,mwpf__18a55d354a5179fe22b347621ac42d689c676785006a493eda6333b61165ab0a,2606fd9b27f8c06a238f10dfcfca1e8efa1cf00bdb8796dbb946e077f8ce80de,"{""circuit"":""surface_code:rotated_memory_x"",""cluster_node_limit"":50,""d"":11,""decoder"":""mwpf"",""decoder_type"":""SolverSerialJointSingleHair"",""p"":0.03,""p_erase"":0.03,""r"":11,""run_id"":""29e38ae744884c2a2b406b04af05084fd3179601bec0197b08c3eec7c1fecc34""}",
        32,         0,         0,   0.961,mwpf__d89f38621d3da58e469ab642e8ce9449a2028f501c7ff49729098ec573131f8e,f03c1e4f58ff752135e09f412b8d3bdffa88dde5b6e7fbb034ff1292d22ebde9,"{""circuit"":""surface_code:rotated_memory_x"",""cluster_node_limit"":50,""d"":11,""decoder"":""mwpf"",""decoder_type"":""SolverSerialJointSingleHair"",""p"":0.02,""p_erase"":0.02,""r"":11,""run_id"":""93fb08d08267e12bd14cc4f801fe1f3202058f710009764389b6687cc48bdcd3""}",
         2,         0,         0,   0.384,mwpf__18a55d354a5179fe22b347621ac42d689c676785006a493eda6333b61165ab0a,2606fd9b27f8c06a238f10dfcfca1e8efa1cf00bdb8796dbb946e077f8ce80de,"{""circuit"":""surface_code:rotated_memory_x"",""cluster_node_limit"":50,""d"":11,""decoder"":""mwpf"",""decoder_type"":""SolverSerialJointSingleHair"",""p"":0.03,""p_erase"":0.03,""r"":11,""run_id"":""29e38ae744884c2a2b406b04af05084fd3179601bec0197b08c3eec7c1fecc34""}",
         9,         0,         0,   0.307,mwpf__d89f38621d3da58e469ab642e8ce9449a2028f501c7ff49729098ec573131f8e,f03c1e4f58ff752135e09f412b8d3bdffa88dde5b6e7fbb034ff1292d22ebde9,"{""circuit"":""surface_code:rotated_memory_x"",""cluster_node_limit"":50,""d"":11,""decoder"":""mwpf"",""decoder_type"":""SolverSerialJointSingleHair"",""p"":0.02,""p_erase"":0.02,""r"":11,""run_id"":""93fb08d08267e12bd14cc4f801fe1f3202058f710009764389b6687cc48bdcd3""}",
         9,         0,         0,   0.352,mwpf__d89f38621d3da58e469ab642e8ce9449a2028f501c7ff49729098ec573131f8e,f03c1e4f58ff752135e09f412b8d3bdffa88dde5b6e7fbb034ff1292d22ebde9,"{""circuit"":""surface_code:rotated_memory_x"",""cluster_node_limit"":50,""d"":11,""decoder"":""mwpf"",""decoder_type"":""SolverSerialJointSingleHair"",""p"":0.02,""p_erase"":0.02,""r"":11,""run_id"":""93fb08d08267e12bd14cc4f801fe1f3202058f710009764389b6687cc48bdcd3""}",
         3,         0,         0,   0.117,mwpf__d89f38621d3da58e469ab642e8ce9449a2028f501c7ff49729098ec573131f8e,f03c1e4f58ff752135e09f412b8d3bdffa88dde5b6e7fbb034ff1292d22ebde9,"{""circuit"":""surface_code:rotated_memory_x"",""cluster_node_limit"":50,""d"":11,""decoder"":""mwpf"",""decoder_type"":""SolverSerialJointSingleHair"",""p"":0.02,""p_erase"":0.02,""r"":11,""run_id"":""93fb08d08267e12bd14cc4f801fe1f3202058f710009764389b6687cc48bdcd3""}",
        45,         0,         0,    1.82,mwpf__d89f38621d3da58e469ab642e8ce9449a2028f501c7ff49729098ec573131f8e,f03c1e4f58ff752135e09f412b8d3bdffa88dde5b6e7fbb034ff1292d22ebde9,"{""circuit"":""surface_code:rotated_memory_x"",""cluster_node_limit"":50,""d"":11,""decoder"":""mwpf"",""decoder_type"":""SolverSerialJointSingleHair"",""p"":0.02,""p_erase"":0.02,""r"":11,""run_id"":""93fb08d08267e12bd14cc4f801fe1f3202058f710009764389b6687cc48bdcd3""}",
        47,         0,         0,    2.09,mwpf__d89f38621d3da58e469ab642e8ce9449a2028f501c7ff49729098ec573131f8e,f03c1e4f58ff752135e09f412b8d3bdffa88dde5b6e7fbb034ff1292d22ebde9,"{""circuit"":""surface_code:rotated_memory_x"",""cluster_node_limit"":50,""d"":11,""decoder"":""mwpf"",""decoder_type"":""SolverSerialJointSingleHair"",""p"":0.02,""p_erase"":0.02,""r"":11,""run_id"":""93fb08d08267e12bd14cc4f801fe1f3202058f710009764389b6687cc48bdcd3""}",
         4,         0,         0,   0.181,mwpf__d89f38621d3da58e469ab642e8ce9449a2028f501c7ff49729098ec573131f8e,f03c1e4f58ff752135e09f412b8d3bdffa88dde5b6e7fbb034ff1292d22ebde9,"{""circuit"":""surface_code:rotated_memory_x"",""cluster_node_limit"":50,""d"":11,""decoder"":""mwpf"",""decoder_type"":""SolverSerialJointSingleHair"",""p"":0.02,""p_erase"":0.02,""r"":11,""run_id"":""93fb08d08267e12bd14cc4f801fe1f3202058f710009764389b6687cc48bdcd3""}",
         1,         0,         0,   0.068,mwpf__d89f38621d3da58e469ab642e8ce9449a2028f501c7ff49729098ec573131f8e,f03c1e4f58ff752135e09f412b8d3bdffa88dde5b6e7fbb034ff1292d22ebde9,"{""circuit"":""surface_code:rotated_memory_x"",""cluster_node_limit"":50,""d"":11,""decoder"":""mwpf"",""decoder_type"":""SolverSerialJointSingleHair"",""p"":0.02,""p_erase"":0.02,""r"":11,""run_id"":""93fb08d08267e12bd14cc4f801fe1f3202058f710009764389b6687cc48bdcd3""}",
        48,         0,         0,    1.55,mwpf__d89f38621d3da58e469ab642e8ce9449a2028f501c7ff49729098ec573131f8e,f03c1e4f58ff752135e09f412b8d3bdffa88dde5b6e7fbb034ff1292d22ebde9,"{""circuit"":""surface_code:rotated_memory_x"",""cluster_node_limit"":50,""d"":11,""decoder"":""mwpf"",""decoder_type"":""SolverSerialJointSingleHair"",""p"":0.02,""p_erase"":0.02,""r"":11,""run_id"":""93fb08d08267e12bd14cc4f801fe1f3202058f710009764389b6687cc48bdcd3""}",
        55,         0,         0,    2.33,mwpf__d89f38621d3da58e469ab642e8ce9449a2028f501c7ff49729098ec573131f8e,f03c1e4f58ff752135e09f412b8d3bdffa88dde5b6e7fbb034ff1292d22ebde9,"{""circuit"":""surface_code:rotated_memory_x"",""cluster_node_limit"":50,""d"":11,""decoder"":""mwpf"",""decoder_type"":""SolverSerialJointSingleHair"",""p"":0.02,""p_erase"":0.02,""r"":11,""run_id"":""93fb08d08267e12bd14cc4f801fe1f3202058f710009764389b6687cc48bdcd3""}",
         9,         0,         0,   0.428,mwpf__d89f38621d3da58e469ab642e8ce9449a2028f501c7ff49729098ec573131f8e,f03c1e4f58ff752135e09f412b8d3bdffa88dde5b6e7fbb034ff1292d22ebde9,"{""circuit"":""surface_code:rotated_memory_x"",""cluster_node_limit"":50,""d"":11,""decoder"":""mwpf"",""decoder_type"":""SolverSerialJointSingleHair"",""p"":0.02,""p_erase"":0.02,""r"":11,""run_id"":""93fb08d08267e12bd14cc4f801fe1f3202058f710009764389b6687cc48bdcd3""}",
        56,         6,         0,    8.74,mwpf__18a55d354a5179fe22b347621ac42d689c676785006a493eda6333b61165ab0a,2606fd9b27f8c06a238f10dfcfca1e8efa1cf00bdb8796dbb946e077f8ce80de,"{""circuit"":""surface_code:rotated_memory_x"",""cluster_node_limit"":50,""d"":11,""decoder"":""mwpf"",""decoder_type"":""SolverSerialJointSingleHair"",""p"":0.03,""p_erase"":0.03,""r"":11,""run_id"":""29e38ae744884c2a2b406b04af05084fd3179601bec0197b08c3eec7c1fecc34""}",
         9,         0,         0,   0.406,mwpf__d89f38621d3da58e469ab642e8ce9449a2028f501c7ff49729098ec573131f8e,f03c1e4f58ff752135e09f412b8d3bdffa88dde5b6e7fbb034ff1292d22ebde9,"{""circuit"":""surface_code:rotated_memory_x"",""cluster_node_limit"":50,""d"":11,""decoder"":""mwpf"",""decoder_type"":""SolverSerialJointSingleHair"",""p"":0.02,""p_erase"":0.02,""r"":11,""run_id"":""93fb08d08267e12bd14cc4f801fe1f3202058f710009764389b6687cc48bdcd3""}",
         9,         0,         0,   0.401,mwpf__d89f38621d3da58e469ab642e8ce9449a2028f501c7ff49729098ec573131f8e,f03c1e4f58ff752135e09f412b8d3bdffa88dde5b6e7fbb034ff1292d22ebde9,"{""circuit"":""surface_code:rotated_memory_x"",""cluster_node_limit"":50,""d"":11,""decoder"":""mwpf"",""decoder_type"":""SolverSerialJointSingleHair"",""p"":0.02,""p_erase"":0.02,""r"":11,""run_id"":""93fb08d08267e12bd14cc4f801fe1f3202058f710009764389b6687cc48bdcd3""}",
         9,         0,         0,   0.414,mwpf__d89f38621d3da58e469ab642e8ce9449a2028f501c7ff49729098ec573131f8e,f03c1e4f58ff752135e09f412b8d3bdffa88dde5b6e7fbb034ff1292d22ebde9,"{""circuit"":""surface_code:rotated_memory_x"",""cluster_node_limit"":50,""d"":11,""decoder"":""mwpf"",""decoder_type"":""SolverSerialJointSingleHair"",""p"":0.02,""p_erase"":0.02,""r"":11,""run_id"":""93fb08d08267e12bd14cc4f801fe1f3202058f710009764389b6687cc48bdcd3""}",
         1,         0,         0,   0.070,mwpf__d89f38621d3da58e469ab642e8ce9449a2028f501c7ff49729098ec573131f8e,f03c1e4f58ff752135e09f412b8d3bdffa88dde5b6e7fbb034ff1292d22ebde9,"{""circuit"":""surface_code:rotated_memory_x"",""cluster_node_limit"":50,""d"":11,""decoder"":""mwpf"",""decoder_type"":""SolverSerialJointSingleHair"",""p"":0.02,""p_erase"":0.02,""r"":11,""run_id"":""93fb08d08267e12bd14cc4f801fe1f3202058f710009764389b6687cc48bdcd3""}",
         1,         0,         0,   0.065,mwpf__d89f38621d3da58e469ab642e8ce9449a2028f501c7ff49729098ec573131f8e,f03c1e4f58ff752135e09f412b8d3bdffa88dde5b6e7fbb034ff1292d22ebde9,"{""circuit"":""surface_code:rotated_memory_x"",""cluster_node_limit"":50,""d"":11,""decoder"":""mwpf"",""decoder_type"":""SolverSerialJointSingleHair"",""p"":0.02,""p_erase"":0.02,""r"":11,""run_id"":""93fb08d08267e12bd14cc4f801fe1f3202058f710009764389b6687cc48bdcd3""}",
         5,         0,         0,   0.669,mwpf__18a55d354a5179fe22b347621ac42d689c676785006a493eda6333b61165ab0a,2606fd9b27f8c06a238f10dfcfca1e8efa1cf00bdb8796dbb946e077f8ce80de,"{""circuit"":""surface_code:rotated_memory_x"",""cluster_node_limit"":50,""d"":11,""decoder"":""mwpf"",""decoder_type"":""SolverSerialJointSingleHair"",""p"":0.03,""p_erase"":0.03,""r"":11,""run_id"":""29e38ae744884c2a2b406b04af05084fd3179601bec0197b08c3eec7c1fecc34""}",
        64,         0,         0,    2.04,mwpf__d89f38621d3da58e469ab642e8ce9449a2028f501c7ff49729098ec573131f8e,f03c1e4f58ff752135e09f412b8d3bdffa88dde5b6e7fbb034ff1292d22ebde9,"{""circuit"":""surface_code:rotated_memory_x"",""cluster_node_limit"":50,""d"":11,""decoder"":""mwpf"",""decoder_type"":""SolverSerialJointSingleHair"",""p"":0.02,""p_erase"":0.02,""r"":11,""run_id"":""93fb08d08267e12bd14cc4f801fe1f3202058f710009764389b6687cc48bdcd3""}",
         1,         0,         0,   0.066,mwpf__d89f38621d3da58e469ab642e8ce9449a2028f501c7ff49729098ec573131f8e,f03c1e4f58ff752135e09f412b8d3bdffa88dde5b6e7fbb034ff1292d22ebde9,"{""circuit"":""surface_code:rotated_memory_x"",""cluster_node_limit"":50,""d"":11,""decoder"":""mwpf"",""decoder_type"":""SolverSerialJointSingleHair"",""p"":0.02,""p_erase"":0.02,""r"":11,""run_id"":""93fb08d08267e12bd14cc4f801fe1f3202058f710009764389b6687cc48bdcd3""}",
         2,         0,         0,   0.100,mwpf__d89f38621d3da58e469ab642e8ce9449a2028f501c7ff49729098ec573131f8e,f03c1e4f58ff752135e09f412b8d3bdffa88dde5b6e7fbb034ff1292d22ebde9,"{""circuit"":""surface_code:rotated_memory_x"",""cluster_node_limit"":50,""d"":11,""decoder"":""mwpf"",""decoder_type"":""SolverSerialJointSingleHair"",""p"":0.02,""p_erase"":0.02,""r"":11,""run_id"":""93fb08d08267e12bd14cc4f801fe1f3202058f710009764389b6687cc48bdcd3""}",
         6,         0,         0,   0.276,mwpf__d89f38621d3da58e469ab642e8ce9449a2028f501c7ff49729098ec573131f8e,f03c1e4f58ff752135e09f412b8d3bdffa88dde5b6e7fbb034ff1292d22ebde9,"{""circuit"":""surface_code:rotated_memory_x"",""cluster_node_limit"":50,""d"":11,""decoder"":""mwpf"",""decoder_type"":""SolverSerialJointSingleHair"",""p"":0.02,""p_erase"":0.02,""r"":11,""run_id"":""93fb08d08267e12bd14cc4f801fe1f3202058f710009764389b6687cc48bdcd3""}",
        28,         1,         0,    4.63,mwpf__18a55d354a5179fe22b347621ac42d689c676785006a493eda6333b61165ab0a,2606fd9b27f8c06a238f10dfcfca1e8efa1cf00bdb8796dbb946e077f8ce80de,"{""circuit"":""surface_code:rotated_memory_x"",""cluster_node_limit"":50,""d"":11,""decoder"":""mwpf"",""decoder_type"":""SolverSerialJointSingleHair"",""p"":0.03,""p_erase"":0.03,""r"":11,""run_id"":""29e38ae744884c2a2b406b04af05084fd3179601bec0197b08c3eec7c1fecc34""}",
         5,         0,         0,   0.225,mwpf__d89f38621d3da58e469ab642e8ce9449a2028f501c7ff49729098ec573131f8e,f03c1e4f58ff752135e09f412b8d3bdffa88dde5b6e7fbb034ff1292d22ebde9,"{""circuit"":""surface_code:rotated_memory_x"",""cluster_node_limit"":50,""d"":11,""decoder"":""mwpf"",""decoder_type"":""SolverSerialJointSingleHair"",""p"":0.02,""p_erase"":0.02,""r"":11,""run_id"":""93fb08d08267e12bd14cc4f801fe1f3202058f710009764389b6687cc48bdcd3""}",
         1,         0,         0,   0.066,mwpf__d89f38621d3da58e469ab642e8ce9449a2028f501c7ff49729098ec573131f8e,f03c1e4f58ff752135e09f412b8d3bdffa88dde5b6e7fbb034ff1292d22ebde9,"{""circuit"":""surface_code:rotated_memory_x"",""cluster_node_limit"":50,""d"":11,""decoder"":""mwpf"",""decoder_type"":""SolverSerialJointSingleHair"",""p"":0.02,""p_erase"":0.02,""r"":11,""run_id"":""93fb08d08267e12bd14cc4f801fe1f3202058f710009764389b6687cc48bdcd3""}",
         1,         0,         0,   0.059,mwpf__d89f38621d3da58e469ab642e8ce9449a2028f501c7ff49729098ec573131f8e,f03c1e4f58ff752135e09f412b8d3bdffa88dde5b6e7fbb034ff1292d22ebde9,"{""circuit"":""surface_code:rotated_memory_x"",""cluster_node_limit"":50,""d"":11,""decoder"":""mwpf"",""decoder_type"":""SolverSerialJointSingleHair"",""p"":0.02,""p_erase"":0.02,""r"":11,""run_id"":""93fb08d08267e12bd14cc4f801fe1f3202058f710009764389b6687cc48bdcd3""}",
         1,         0,         0,   0.071,mwpf__d89f38621d3da58e469ab642e8ce9449a2028f501c7ff49729098ec573131f8e,f03c1e4f58ff752135e09f412b8d3bdffa88dde5b6e7fbb034ff1292d22ebde9,"{""circuit"":""surface_code:rotated_memory_x"",""cluster_node_limit"":50,""d"":11,""decoder"":""mwpf"",""decoder_type"":""SolverSerialJointSingleHair"",""p"":0.02,""p_erase"":0.02,""r"":11,""run_id"":""93fb08d08267e12bd14cc4f801fe1f3202058f710009764389b6687cc48bdcd3""}",
         3,         0,         0,   0.470,mwpf__18a55d354a5179fe22b347621ac42d689c676785006a493eda6333b61165ab0a,2606fd9b27f8c06a238f10dfcfca1e8efa1cf00bdb8796dbb946e077f8ce80de,"{""circuit"":""surface_code:rotated_memory_x"",""cluster_node_limit"":50,""d"":11,""decoder"":""mwpf"",""decoder_type"":""SolverSerialJointSingleHair"",""p"":0.03,""p_erase"":0.03,""r"":11,""run_id"":""29e38ae744884c2a2b406b04af05084fd3179601bec0197b08c3eec7c1fecc34""}",
        80,         0,         0,    2.60,mwpf__d89f38621d3da58e469ab642e8ce9449a2028f501c7ff49729098ec573131f8e,f03c1e4f58ff752135e09f412b8d3bdffa88dde5b6e7fbb034ff1292d22ebde9,"{""circuit"":""surface_code:rotated_memory_x"",""cluster_node_limit"":50,""d"":11,""decoder"":""mwpf"",""decoder_type"":""SolverSerialJointSingleHair"",""p"":0.02,""p_erase"":0.02,""r"":11,""run_id"":""93fb08d08267e12bd14cc4f801fe1f3202058f710009764389b6687cc48bdcd3""}",
         7,         0,         0,   0.357,mwpf__d89f38621d3da58e469ab642e8ce9449a2028f501c7ff49729098ec573131f8e,f03c1e4f58ff752135e09f412b8d3bdffa88dde5b6e7fbb034ff1292d22ebde9,"{""circuit"":""surface_code:rotated_memory_x"",""cluster_node_limit"":50,""d"":11,""decoder"":""mwpf"",""decoder_type"":""SolverSerialJointSingleHair"",""p"":0.02,""p_erase"":0.02,""r"":11,""run_id"":""93fb08d08267e12bd14cc4f801fe1f3202058f710009764389b6687cc48bdcd3""}",
         7,         0,         0,   0.331,mwpf__d89f38621d3da58e469ab642e8ce9449a2028f501c7ff49729098ec573131f8e,f03c1e4f58ff752135e09f412b8d3bdffa88dde5b6e7fbb034ff1292d22ebde9,"{""circuit"":""surface_code:rotated_memory_x"",""cluster_node_limit"":50,""d"":11,""decoder"":""mwpf"",""decoder_type"":""SolverSerialJointSingleHair"",""p"":0.02,""p_erase"":0.02,""r"":11,""run_id"":""93fb08d08267e12bd14cc4f801fe1f3202058f710009764389b6687cc48bdcd3""}",
         7,         0,         0,   0.279,mwpf__d89f38621d3da58e469ab642e8ce9449a2028f501c7ff49729098ec573131f8e,f03c1e4f58ff752135e09f412b8d3bdffa88dde5b6e7fbb034ff1292d22ebde9,"{""circuit"":""surface_code:rotated_memory_x"",""cluster_node_limit"":50,""d"":11,""decoder"":""mwpf"",""decoder_type"":""SolverSerialJointSingleHair"",""p"":0.02,""p_erase"":0.02,""r"":11,""run_id"":""93fb08d08267e12bd14cc4f801fe1f3202058f710009764389b6687cc48bdcd3""}",
         1,         0,         0,   0.067,mwpf__d89f38621d3da58e469ab642e8ce9449a2028f501c7ff49729098ec573131f8e,f03c1e4f58ff752135e09f412b8d3bdffa88dde5b6e7fbb034ff1292d22ebde9,"{""circuit"":""surface_code:rotated_memory_x"",""cluster_node_limit"":50,""d"":11,""decoder"":""mwpf"",""decoder_type"":""SolverSerialJointSingleHair"",""p"":0.02,""p_erase"":0.02,""r"":11,""run_id"":""93fb08d08267e12bd14cc4f801fe1f3202058f710009764389b6687cc48bdcd3""}",
         1,         0,         0,   0.065,mwpf__d89f38621d3da58e469ab642e8ce9449a2028f501c7ff49729098ec573131f8e,f03c1e4f58ff752135e09f412b8d3bdffa88dde5b6e7fbb034ff1292d22ebde9,"{""circuit"":""surface_code:rotated_memory_x"",""cluster_node_limit"":50,""d"":11,""decoder"":""mwpf"",""decoder_type"":""SolverSerialJointSingleHair"",""p"":0.02,""p_erase"":0.02,""r"":11,""run_id"":""93fb08d08267e12bd14cc4f801fe1f3202058f710009764389b6687cc48bdcd3""}",
         1,         0,         0,   0.090,mwpf__d89f38621d3da58e469ab642e8ce9449a2028f501c7ff49729098ec573131f8e,f03c1e4f58ff752135e09f412b8d3bdffa88dde5b6e7fbb034ff1292d22ebde9,"{""circuit"":""surface_code:rotated_memory_x"",""cluster_node_limit"":50,""d"":11,""decoder"":""mwpf"",""decoder_type"":""SolverSerialJointSingleHair"",""p"":0.02,""p_erase"":0.02,""r"":11,""run_id"":""93fb08d08267e12bd14cc4f801fe1f3202058f710009764389b6687cc48bdcd3""}",
         1,         0,         0,   0.069,mwpf__d89f38621d3da58e469ab642e8ce9449a2028f501c7ff49729098ec573131f8e,f03c1e4f58ff752135e09f412b8d3bdffa88dde5b6e7fbb034ff1292d22ebde9,"{""circuit"":""surface_code:rotated_memory_x"",""cluster_node_limit"":50,""d"":11,""decoder"":""mwpf"",""decoder_type"":""SolverSerialJointSingleHair"",""p"":0.02,""p_erase"":0.02,""r"":11,""run_id"":""93fb08d08267e12bd14cc4f801fe1f3202058f710009764389b6687cc48bdcd3""}",
         1,         0,         0,   0.067,mwpf__d89f38621d3da58e469ab642e8ce9449a2028f501c7ff49729098ec573131f8e,f03c1e4f58ff752135e09f412b8d3bdffa88dde5b6e7fbb034ff1292d22ebde9,"{""circuit"":""surface_code:rotated_memory_x"",""cluster_node_limit"":50,""d"":11,""decoder"":""mwpf"",""decoder_type"":""SolverSerialJointSingleHair"",""p"":0.02,""p_erase"":0.02,""r"":11,""run_id"":""93fb08d08267e12bd14cc4f801fe1f3202058f710009764389b6687cc48bdcd3""}",
         1,         0,         0,   0.067,mwpf__d89f38621d3da58e469ab642e8ce9449a2028f501c7ff49729098ec573131f8e,f03c1e4f58ff752135e09f412b8d3bdffa88dde5b6e7fbb034ff1292d22ebde9,"{""circuit"":""surface_code:rotated_memory_x"",""cluster_node_limit"":50,""d"":11,""decoder"":""mwpf"",""decoder_type"":""SolverSerialJointSingleHair"",""p"":0.02,""p_erase"":0.02,""r"":11,""run_id"":""93fb08d08267e12bd14cc4f801fe1f3202058f710009764389b6687cc48bdcd3""}",
         1,         0,         0,   0.134,mwpf__18a55d354a5179fe22b347621ac42d689c676785006a493eda6333b61165ab0a,2606fd9b27f8c06a238f10dfcfca1e8efa1cf00bdb8796dbb946e077f8ce80de,"{""circuit"":""surface_code:rotated_memory_x"",""cluster_node_limit"":50,""d"":11,""decoder"":""mwpf"",""decoder_type"":""SolverSerialJointSingleHair"",""p"":0.03,""p_erase"":0.03,""r"":11,""run_id"":""29e38ae744884c2a2b406b04af05084fd3179601bec0197b08c3eec7c1fecc34""}",
         1,         0,         0,   0.173,mwpf__18a55d354a5179fe22b347621ac42d689c676785006a493eda6333b61165ab0a,2606fd9b27f8c06a238f10dfcfca1e8efa1cf00bdb8796dbb946e077f8ce80de,"{""circuit"":""surface_code:rotated_memory_x"",""cluster_node_limit"":50,""d"":11,""decoder"":""mwpf"",""decoder_type"":""SolverSerialJointSingleHair"",""p"":0.03,""p_erase"":0.03,""r"":11,""run_id"":""29e38ae744884c2a2b406b04af05084fd3179601bec0197b08c3eec7c1fecc34""}",
         4,         0,         0,   0.484,mwpf__18a55d354a5179fe22b347621ac42d689c676785006a493eda6333b61165ab0a,2606fd9b27f8c06a238f10dfcfca1e8efa1cf00bdb8796dbb946e077f8ce80de,"{""circuit"":""surface_code:rotated_memory_x"",""cluster_node_limit"":50,""d"":11,""decoder"":""mwpf"",""decoder_type"":""SolverSerialJointSingleHair"",""p"":0.03,""p_erase"":0.03,""r"":11,""run_id"":""29e38ae744884c2a2b406b04af05084fd3179601bec0197b08c3eec7c1fecc34""}",
         2,         1,         0,   0.256,mwpf__18a55d354a5179fe22b347621ac42d689c676785006a493eda6333b61165ab0a,2606fd9b27f8c06a238f10dfcfca1e8efa1cf00bdb8796dbb946e077f8ce80de,"{""circuit"":""surface_code:rotated_memory_x"",""cluster_node_limit"":50,""d"":11,""decoder"":""mwpf"",""decoder_type"":""SolverSerialJointSingleHair"",""p"":0.03,""p_erase"":0.03,""r"":11,""run_id"":""29e38ae744884c2a2b406b04af05084fd3179601bec0197b08c3eec7c1fecc34""}",
         4,         0,         0,   0.467,mwpf__18a55d354a5179fe22b347621ac42d689c676785006a493eda6333b61165ab0a,2606fd9b27f8c06a238f10dfcfca1e8efa1cf00bdb8796dbb946e077f8ce80de,"{""circuit"":""surface_code:rotated_memory_x"",""cluster_node_limit"":50,""d"":11,""decoder"":""mwpf"",""decoder_type"":""SolverSerialJointSingleHair"",""p"":0.03,""p_erase"":0.03,""r"":11,""run_id"":""29e38ae744884c2a2b406b04af05084fd3179601bec0197b08c3eec7c1fecc34""}",
         4,         0,         0,   0.570,mwpf__18a55d354a5179fe22b347621ac42d689c676785006a493eda6333b61165ab0a,2606fd9b27f8c06a238f10dfcfca1e8efa1cf00bdb8796dbb946e077f8ce80de,"{""circuit"":""surface_code:rotated_memory_x"",""cluster_node_limit"":50,""d"":11,""decoder"":""mwpf"",""decoder_type"":""SolverSerialJointSingleHair"",""p"":0.03,""p_erase"":0.03,""r"":11,""run_id"":""29e38ae744884c2a2b406b04af05084fd3179601bec0197b08c3eec7c1fecc34""}",
         4,         0,         0,   0.465,mwpf__18a55d354a5179fe22b347621ac42d689c676785006a493eda6333b61165ab0a,2606fd9b27f8c06a238f10dfcfca1e8efa1cf00bdb8796dbb946e077f8ce80de,"{""circuit"":""surface_code:rotated_memory_x"",""cluster_node_limit"":50,""d"":11,""decoder"":""mwpf"",""decoder_type"":""SolverSerialJointSingleHair"",""p"":0.03,""p_erase"":0.03,""r"":11,""run_id"":""29e38ae744884c2a2b406b04af05084fd3179601bec0197b08c3eec7c1fecc34""}",
        96,         0,         0,    3.55,mwpf__d89f38621d3da58e469ab642e8ce9449a2028f501c7ff49729098ec573131f8e,f03c1e4f58ff752135e09f412b8d3bdffa88dde5b6e7fbb034ff1292d22ebde9,"{""circuit"":""surface_code:rotated_memory_x"",""cluster_node_limit"":50,""d"":11,""decoder"":""mwpf"",""decoder_type"":""SolverSerialJointSingleHair"",""p"":0.02,""p_erase"":0.02,""r"":11,""run_id"":""93fb08d08267e12bd14cc4f801fe1f3202058f710009764389b6687cc48bdcd3""}",
         4,         0,         0,   0.564,mwpf__18a55d354a5179fe22b347621ac42d689c676785006a493eda6333b61165ab0a,2606fd9b27f8c06a238f10dfcfca1e8efa1cf00bdb8796dbb946e077f8ce80de,"{""circuit"":""surface_code:rotated_memory_x"",""cluster_node_limit"":50,""d"":11,""decoder"":""mwpf"",""decoder_type"":""SolverSerialJointSingleHair"",""p"":0.03,""p_erase"":0.03,""r"":11,""run_id"":""29e38ae744884c2a2b406b04af05084fd3179601bec0197b08c3eec7c1fecc34""}",
       423,         0,         0,    17.5,mwpf__d89f38621d3da58e469ab642e8ce9449a2028f501c7ff49729098ec573131f8e,f03c1e4f58ff752135e09f412b8d3bdffa88dde5b6e7fbb034ff1292d22ebde9,"{""circuit"":""surface_code:rotated_memory_x"",""cluster_node_limit"":50,""d"":11,""decoder"":""mwpf"",""decoder_type"":""SolverSerialJointSingleHair"",""p"":0.02,""p_erase"":0.02,""r"":11,""run_id"":""93fb08d08267e12bd14cc4f801fe1f3202058f710009764389b6687cc48bdcd3""}",
       416,         0,         0,    16.9,mwpf__d89f38621d3da58e469ab642e8ce9449a2028f501c7ff49729098ec573131f8e,f03c1e4f58ff752135e09f412b8d3bdffa88dde5b6e7fbb034ff1292d22ebde9,"{""circuit"":""surface_code:rotated_memory_x"",""cluster_node_limit"":50,""d"":11,""decoder"":""mwpf"",""decoder_type"":""SolverSerialJointSingleHair"",""p"":0.02,""p_erase"":0.02,""r"":11,""run_id"":""93fb08d08267e12bd14cc4f801fe1f3202058f710009764389b6687cc48bdcd3""}",
         7,         0,         0,   0.297,mwpf__d89f38621d3da58e469ab642e8ce9449a2028f501c7ff49729098ec573131f8e,f03c1e4f58ff752135e09f412b8d3bdffa88dde5b6e7fbb034ff1292d22ebde9,"{""circuit"":""surface_code:rotated_memory_x"",""cluster_node_limit"":50,""d"":11,""decoder"":""mwpf"",""decoder_type"":""SolverSerialJointSingleHair"",""p"":0.02,""p_erase"":0.02,""r"":11,""run_id"":""93fb08d08267e12bd14cc4f801fe1f3202058f710009764389b6687cc48bdcd3""}",
         4,         0,         0,   0.645,mwpf__18a55d354a5179fe22b347621ac42d689c676785006a493eda6333b61165ab0a,2606fd9b27f8c06a238f10dfcfca1e8efa1cf00bdb8796dbb946e077f8ce80de,"{""circuit"":""surface_code:rotated_memory_x"",""cluster_node_limit"":50,""d"":11,""decoder"":""mwpf"",""decoder_type"":""SolverSerialJointSingleHair"",""p"":0.03,""p_erase"":0.03,""r"":11,""run_id"":""29e38ae744884c2a2b406b04af05084fd3179601bec0197b08c3eec7c1fecc34""}",
         4,         0,         0,   0.611,mwpf__18a55d354a5179fe22b347621ac42d689c676785006a493eda6333b61165ab0a,2606fd9b27f8c06a238f10dfcfca1e8efa1cf00bdb8796dbb946e077f8ce80de,"{""circuit"":""surface_code:rotated_memory_x"",""cluster_node_limit"":50,""d"":11,""decoder"":""mwpf"",""decoder_type"":""SolverSerialJointSingleHair"",""p"":0.03,""p_erase"":0.03,""r"":11,""run_id"":""29e38ae744884c2a2b406b04af05084fd3179601bec0197b08c3eec7c1fecc34""}",
         8,         0,         0,   0.322,mwpf__d89f38621d3da58e469ab642e8ce9449a2028f501c7ff49729098ec573131f8e,f03c1e4f58ff752135e09f412b8d3bdffa88dde5b6e7fbb034ff1292d22ebde9,"{""circuit"":""surface_code:rotated_memory_x"",""cluster_node_limit"":50,""d"":11,""decoder"":""mwpf"",""decoder_type"":""SolverSerialJointSingleHair"",""p"":0.02,""p_erase"":0.02,""r"":11,""run_id"":""93fb08d08267e12bd14cc4f801fe1f3202058f710009764389b6687cc48bdcd3""}",
        26,         0,         0,   0.987,mwpf__d89f38621d3da58e469ab642e8ce9449a2028f501c7ff49729098ec573131f8e,f03c1e4f58ff752135e09f412b8d3bdffa88dde5b6e7fbb034ff1292d22ebde9,"{""circuit"":""surface_code:rotated_memory_x"",""cluster_node_limit"":50,""d"":11,""decoder"":""mwpf"",""decoder_type"":""SolverSerialJointSingleHair"",""p"":0.02,""p_erase"":0.02,""r"":11,""run_id"":""93fb08d08267e12bd14cc4f801fe1f3202058f710009764389b6687cc48bdcd3""}",
         4,         0,         0,   0.537,mwpf__18a55d354a5179fe22b347621ac42d689c676785006a493eda6333b61165ab0a,2606fd9b27f8c06a238f10dfcfca1e8efa1cf00bdb8796dbb946e077f8ce80de,"{""circuit"":""surface_code:rotated_memory_x"",""cluster_node_limit"":50,""d"":11,""decoder"":""mwpf"",""decoder_type"":""SolverSerialJointSingleHair"",""p"":0.03,""p_erase"":0.03,""r"":11,""run_id"":""29e38ae744884c2a2b406b04af05084fd3179601bec0197b08c3eec7c1fecc34""}",
         4,         0,         0,   0.466,mwpf__18a55d354a5179fe22b347621ac42d689c676785006a493eda6333b61165ab0a,2606fd9b27f8c06a238f10dfcfca1e8efa1cf00bdb8796dbb946e077f8ce80de,"{""circuit"":""surface_code:rotated_memory_x"",""cluster_node_limit"":50,""d"":11,""decoder"":""mwpf"",""decoder_type"":""SolverSerialJointSingleHair"",""p"":0.03,""p_erase"":0.03,""r"":11,""run_id"":""29e38ae744884c2a2b406b04af05084fd3179601bec0197b08c3eec7c1fecc34""}",
       384,         0,         0,    15.9,mwpf__d89f38621d3da58e469ab642e8ce9449a2028f501c7ff49729098ec573131f8e,f03c1e4f58ff752135e09f412b8d3bdffa88dde5b6e7fbb034ff1292d22ebde9,"{""circuit"":""surface_code:rotated_memory_x"",""cluster_node_limit"":50,""d"":11,""decoder"":""mwpf"",""decoder_type"":""SolverSerialJointSingleHair"",""p"":0.02,""p_erase"":0.02,""r"":11,""run_id"":""93fb08d08267e12bd14cc4f801fe1f3202058f710009764389b6687cc48bdcd3""}",
        40,         2,         0,    6.54,mwpf__18a55d354a5179fe22b347621ac42d689c676785006a493eda6333b61165ab0a,2606fd9b27f8c06a238f10dfcfca1e8efa1cf00bdb8796dbb946e077f8ce80de,"{""circuit"":""surface_code:rotated_memory_x"",""cluster_node_limit"":50,""d"":11,""decoder"":""mwpf"",""decoder_type"":""SolverSerialJointSingleHair"",""p"":0.03,""p_erase"":0.03,""r"":11,""run_id"":""29e38ae744884c2a2b406b04af05084fd3179601bec0197b08c3eec7c1fecc34""}",
         4,         0,         0,   0.687,mwpf__18a55d354a5179fe22b347621ac42d689c676785006a493eda6333b61165ab0a,2606fd9b27f8c06a238f10dfcfca1e8efa1cf00bdb8796dbb946e077f8ce80de,"{""circuit"":""surface_code:rotated_memory_x"",""cluster_node_limit"":50,""d"":11,""decoder"":""mwpf"",""decoder_type"":""SolverSerialJointSingleHair"",""p"":0.03,""p_erase"":0.03,""r"":11,""run_id"":""29e38ae744884c2a2b406b04af05084fd3179601bec0197b08c3eec7c1fecc34""}",
         4,         0,         0,   0.687,mwpf__18a55d354a5179fe22b347621ac42d689c676785006a493eda6333b61165ab0a,2606fd9b27f8c06a238f10dfcfca1e8efa1cf00bdb8796dbb946e077f8ce80de,"{""circuit"":""surface_code:rotated_memory_x"",""cluster_node_limit"":50,""d"":11,""decoder"":""mwpf"",""decoder_type"":""SolverSerialJointSingleHair"",""p"":0.03,""p_erase"":0.03,""r"":11,""run_id"":""29e38ae744884c2a2b406b04af05084fd3179601bec0197b08c3eec7c1fecc34""}",
         4,         1,         0,   0.695,mwpf__18a55d354a5179fe22b347621ac42d689c676785006a493eda6333b61165ab0a,2606fd9b27f8c06a238f10dfcfca1e8efa1cf00bdb8796dbb946e077f8ce80de,"{""circuit"":""surface_code:rotated_memory_x"",""cluster_node_limit"":50,""d"":11,""decoder"":""mwpf"",""decoder_type"":""SolverSerialJointSingleHair"",""p"":0.03,""p_erase"":0.03,""r"":11,""run_id"":""29e38ae744884c2a2b406b04af05084fd3179601bec0197b08c3eec7c1fecc34""}",
        31,         0,         0,    1.32,mwpf__d89f38621d3da58e469ab642e8ce9449a2028f501c7ff49729098ec573131f8e,f03c1e4f58ff752135e09f412b8d3bdffa88dde5b6e7fbb034ff1292d22ebde9,"{""circuit"":""surface_code:rotated_memory_x"",""cluster_node_limit"":50,""d"":11,""decoder"":""mwpf"",""decoder_type"":""SolverSerialJointSingleHair"",""p"":0.02,""p_erase"":0.02,""r"":11,""run_id"":""93fb08d08267e12bd14cc4f801fe1f3202058f710009764389b6687cc48bdcd3""}",
         4,         0,         0,   0.714,mwpf__18a55d354a5179fe22b347621ac42d689c676785006a493eda6333b61165ab0a,2606fd9b27f8c06a238f10dfcfca1e8efa1cf00bdb8796dbb946e077f8ce80de,"{""circuit"":""surface_code:rotated_memory_x"",""cluster_node_limit"":50,""d"":11,""decoder"":""mwpf"",""decoder_type"":""SolverSerialJointSingleHair"",""p"":0.03,""p_erase"":0.03,""r"":11,""run_id"":""29e38ae744884c2a2b406b04af05084fd3179601bec0197b08c3eec7c1fecc34""}",
         4,         1,         0,   0.509,mwpf__18a55d354a5179fe22b347621ac42d689c676785006a493eda6333b61165ab0a,2606fd9b27f8c06a238f10dfcfca1e8efa1cf00bdb8796dbb946e077f8ce80de,"{""circuit"":""surface_code:rotated_memory_x"",""cluster_node_limit"":50,""d"":11,""decoder"":""mwpf"",""decoder_type"":""SolverSerialJointSingleHair"",""p"":0.03,""p_erase"":0.03,""r"":11,""run_id"":""29e38ae744884c2a2b406b04af05084fd3179601bec0197b08c3eec7c1fecc34""}",
         4,         0,         0,   0.581,mwpf__18a55d354a5179fe22b347621ac42d689c676785006a493eda6333b61165ab0a,2606fd9b27f8c06a238f10dfcfca1e8efa1cf00bdb8796dbb946e077f8ce80de,"{""circuit"":""surface_code:rotated_memory_x"",""cluster_node_limit"":50,""d"":11,""decoder"":""mwpf"",""decoder_type"":""SolverSerialJointSingleHair"",""p"":0.03,""p_erase"":0.03,""r"":11,""run_id"":""29e38ae744884c2a2b406b04af05084fd3179601bec0197b08c3eec7c1fecc34""}",
         1,         0,         0,   0.040,mwpf__d89f38621d3da58e469ab642e8ce9449a2028f501c7ff49729098ec573131f8e,f03c1e4f58ff752135e09f412b8d3bdffa88dde5b6e7fbb034ff1292d22ebde9,"{""circuit"":""surface_code:rotated_memory_x"",""cluster_node_limit"":50,""d"":11,""decoder"":""mwpf"",""decoder_type"":""SolverSerialJointSingleHair"",""p"":0.02,""p_erase"":0.02,""r"":11,""run_id"":""93fb08d08267e12bd14cc4f801fe1f3202058f710009764389b6687cc48bdcd3""}",
         4,         0,         0,   0.639,mwpf__18a55d354a5179fe22b347621ac42d689c676785006a493eda6333b61165ab0a,2606fd9b27f8c06a238f10dfcfca1e8efa1cf00bdb8796dbb946e077f8ce80de,"{""circuit"":""surface_code:rotated_memory_x"",""cluster_node_limit"":50,""d"":11,""decoder"":""mwpf"",""decoder_type"":""SolverSerialJointSingleHair"",""p"":0.03,""p_erase"":0.03,""r"":11,""run_id"":""29e38ae744884c2a2b406b04af05084fd3179601bec0197b08c3eec7c1fecc34""}",
         4,         0,         0,   0.587,mwpf__18a55d354a5179fe22b347621ac42d689c676785006a493eda6333b61165ab0a,2606fd9b27f8c06a238f10dfcfca1e8efa1cf00bdb8796dbb946e077f8ce80de,"{""circuit"":""surface_code:rotated_memory_x"",""cluster_node_limit"":50,""d"":11,""decoder"":""mwpf"",""decoder_type"":""SolverSerialJointSingleHair"",""p"":0.03,""p_erase"":0.03,""r"":11,""run_id"":""29e38ae744884c2a2b406b04af05084fd3179601bec0197b08c3eec7c1fecc34""}",
         8,         0,         0,   0.301,mwpf__d89f38621d3da58e469ab642e8ce9449a2028f501c7ff49729098ec573131f8e,f03c1e4f58ff752135e09f412b8d3bdffa88dde5b6e7fbb034ff1292d22ebde9,"{""circuit"":""surface_code:rotated_memory_x"",""cluster_node_limit"":50,""d"":11,""decoder"":""mwpf"",""decoder_type"":""SolverSerialJointSingleHair"",""p"":0.02,""p_erase"":0.02,""r"":11,""run_id"":""93fb08d08267e12bd14cc4f801fe1f3202058f710009764389b6687cc48bdcd3""}",
         4,         0,         0,   0.474,mwpf__18a55d354a5179fe22b347621ac42d689c676785006a493eda6333b61165ab0a,2606fd9b27f8c06a238f10dfcfca1e8efa1cf00bdb8796dbb946e077f8ce80de,"{""circuit"":""surface_code:rotated_memory_x"",""cluster_node_limit"":50,""d"":11,""decoder"":""mwpf"",""decoder_type"":""SolverSerialJointSingleHair"",""p"":0.03,""p_erase"":0.03,""r"":11,""run_id"":""29e38ae744884c2a2b406b04af05084fd3179601bec0197b08c3eec7c1fecc34""}",
         4,         0,         0,   0.538,mwpf__18a55d354a5179fe22b347621ac42d689c676785006a493eda6333b61165ab0a,2606fd9b27f8c06a238f10dfcfca1e8efa1cf00bdb8796dbb946e077f8ce80de,"{""circuit"":""surface_code:rotated_memory_x"",""cluster_node_limit"":50,""d"":11,""decoder"":""mwpf"",""decoder_type"":""SolverSerialJointSingleHair"",""p"":0.03,""p_erase"":0.03,""r"":11,""run_id"":""29e38ae744884c2a2b406b04af05084fd3179601bec0197b08c3eec7c1fecc34""}",
         8,         0,         0,   0.336,mwpf__d89f38621d3da58e469ab642e8ce9449a2028f501c7ff49729098ec573131f8e,f03c1e4f58ff752135e09f412b8d3bdffa88dde5b6e7fbb034ff1292d22ebde9,"{""circuit"":""surface_code:rotated_memory_x"",""cluster_node_limit"":50,""d"":11,""decoder"":""mwpf"",""decoder_type"":""SolverSerialJointSingleHair"",""p"":0.02,""p_erase"":0.02,""r"":11,""run_id"":""93fb08d08267e12bd14cc4f801fe1f3202058f710009764389b6687cc48bdcd3""}",
        72,        10,         0,    11.8,mwpf__18a55d354a5179fe22b347621ac42d689c676785006a493eda6333b61165ab0a,2606fd9b27f8c06a238f10dfcfca1e8efa1cf00bdb8796dbb946e077f8ce80de,"{""circuit"":""surface_code:rotated_memory_x"",""cluster_node_limit"":50,""d"":11,""decoder"":""mwpf"",""decoder_type"":""SolverSerialJointSingleHair"",""p"":0.03,""p_erase"":0.03,""r"":11,""run_id"":""29e38ae744884c2a2b406b04af05084fd3179601bec0197b08c3eec7c1fecc34""}",
         1,         0,         0,   0.071,mwpf__d89f38621d3da58e469ab642e8ce9449a2028f501c7ff49729098ec573131f8e,f03c1e4f58ff752135e09f412b8d3bdffa88dde5b6e7fbb034ff1292d22ebde9,"{""circuit"":""surface_code:rotated_memory_x"",""cluster_node_limit"":50,""d"":11,""decoder"":""mwpf"",""decoder_type"":""SolverSerialJointSingleHair"",""p"":0.02,""p_erase"":0.02,""r"":11,""run_id"":""93fb08d08267e12bd14cc4f801fe1f3202058f710009764389b6687cc48bdcd3""}",
         1,         0,         0,   0.036,mwpf__d89f38621d3da58e469ab642e8ce9449a2028f501c7ff49729098ec573131f8e,f03c1e4f58ff752135e09f412b8d3bdffa88dde5b6e7fbb034ff1292d22ebde9,"{""circuit"":""surface_code:rotated_memory_x"",""cluster_node_limit"":50,""d"":11,""decoder"":""mwpf"",""decoder_type"":""SolverSerialJointSingleHair"",""p"":0.02,""p_erase"":0.02,""r"":11,""run_id"":""93fb08d08267e12bd14cc4f801fe1f3202058f710009764389b6687cc48bdcd3""}",
         8,         0,         0,   0.347,mwpf__d89f38621d3da58e469ab642e8ce9449a2028f501c7ff49729098ec573131f8e,f03c1e4f58ff752135e09f412b8d3bdffa88dde5b6e7fbb034ff1292d22ebde9,"{""circuit"":""surface_code:rotated_memory_x"",""cluster_node_limit"":50,""d"":11,""decoder"":""mwpf"",""decoder_type"":""SolverSerialJointSingleHair"",""p"":0.02,""p_erase"":0.02,""r"":11,""run_id"":""93fb08d08267e12bd14cc4f801fe1f3202058f710009764389b6687cc48bdcd3""}",
         4,         0,         0,   0.591,mwpf__18a55d354a5179fe22b347621ac42d689c676785006a493eda6333b61165ab0a,2606fd9b27f8c06a238f10dfcfca1e8efa1cf00bdb8796dbb946e077f8ce80de,"{""circuit"":""surface_code:rotated_memory_x"",""cluster_node_limit"":50,""d"":11,""decoder"":""mwpf"",""decoder_type"":""SolverSerialJointSingleHair"",""p"":0.03,""p_erase"":0.03,""r"":11,""run_id"":""29e38ae744884c2a2b406b04af05084fd3179601bec0197b08c3eec7c1fecc34""}",
         4,         1,         0,   0.663,mwpf__18a55d354a5179fe22b347621ac42d689c676785006a493eda6333b61165ab0a,2606fd9b27f8c06a238f10dfcfca1e8efa1cf00bdb8796dbb946e077f8ce80de,"{""circuit"":""surface_code:rotated_memory_x"",""cluster_node_limit"":50,""d"":11,""decoder"":""mwpf"",""decoder_type"":""SolverSerialJointSingleHair"",""p"":0.03,""p_erase"":0.03,""r"":11,""run_id"":""29e38ae744884c2a2b406b04af05084fd3179601bec0197b08c3eec7c1fecc34""}",
         1,         0,         0,   0.066,mwpf__d89f38621d3da58e469ab642e8ce9449a2028f501c7ff49729098ec573131f8e,f03c1e4f58ff752135e09f412b8d3bdffa88dde5b6e7fbb034ff1292d22ebde9,"{""circuit"":""surface_code:rotated_memory_x"",""cluster_node_limit"":50,""d"":11,""decoder"":""mwpf"",""decoder_type"":""SolverSerialJointSingleHair"",""p"":0.02,""p_erase"":0.02,""r"":11,""run_id"":""93fb08d08267e12bd14cc4f801fe1f3202058f710009764389b6687cc48bdcd3""}",
         8,         0,         0,   0.376,mwpf__d89f38621d3da58e469ab642e8ce9449a2028f501c7ff49729098ec573131f8e,f03c1e4f58ff752135e09f412b8d3bdffa88dde5b6e7fbb034ff1292d22ebde9,"{""circuit"":""surface_code:rotated_memory_x"",""cluster_node_limit"":50,""d"":11,""decoder"":""mwpf"",""decoder_type"":""SolverSerialJointSingleHair"",""p"":0.02,""p_erase"":0.02,""r"":11,""run_id"":""93fb08d08267e12bd14cc4f801fe1f3202058f710009764389b6687cc48bdcd3""}",
         1,         0,         0,   0.058,mwpf__d89f38621d3da58e469ab642e8ce9449a2028f501c7ff49729098ec573131f8e,f03c1e4f58ff752135e09f412b8d3bdffa88dde5b6e7fbb034ff1292d22ebde9,"{""circuit"":""surface_code:rotated_memory_x"",""cluster_node_limit"":50,""d"":11,""decoder"":""mwpf"",""decoder_type"":""SolverSerialJointSingleHair"",""p"":0.02,""p_erase"":0.02,""r"":11,""run_id"":""93fb08d08267e12bd14cc4f801fe1f3202058f710009764389b6687cc48bdcd3""}",
         1,         0,         0,   0.067,mwpf__d89f38621d3da58e469ab642e8ce9449a2028f501c7ff49729098ec573131f8e,f03c1e4f58ff752135e09f412b8d3bdffa88dde5b6e7fbb034ff1292d22ebde9,"{""circuit"":""surface_code:rotated_memory_x"",""cluster_node_limit"":50,""d"":11,""decoder"":""mwpf"",""decoder_type"":""SolverSerialJointSingleHair"",""p"":0.02,""p_erase"":0.02,""r"":11,""run_id"":""93fb08d08267e12bd14cc4f801fe1f3202058f710009764389b6687cc48bdcd3""}",
         8,         0,         0,   0.339,mwpf__d89f38621d3da58e469ab642e8ce9449a2028f501c7ff49729098ec573131f8e,f03c1e4f58ff752135e09f412b8d3bdffa88dde5b6e7fbb034ff1292d22ebde9,"{""circuit"":""surface_code:rotated_memory_x"",""cluster_node_limit"":50,""d"":11,""decoder"":""mwpf"",""decoder_type"":""SolverSerialJointSingleHair"",""p"":0.02,""p_erase"":0.02,""r"":11,""run_id"":""93fb08d08267e12bd14cc4f801fe1f3202058f710009764389b6687cc48bdcd3""}",
        41,         0,         0,    1.76,mwpf__d89f38621d3da58e469ab642e8ce9449a2028f501c7ff49729098ec573131f8e,f03c1e4f58ff752135e09f412b8d3bdffa88dde5b6e7fbb034ff1292d22ebde9,"{""circuit"":""surface_code:rotated_memory_x"",""cluster_node_limit"":50,""d"":11,""decoder"":""mwpf"",""decoder_type"":""SolverSerialJointSingleHair"",""p"":0.02,""p_erase"":0.02,""r"":11,""run_id"":""93fb08d08267e12bd14cc4f801fe1f3202058f710009764389b6687cc48bdcd3""}",
         8,         0,         0,   0.340,mwpf__d89f38621d3da58e469ab642e8ce9449a2028f501c7ff49729098ec573131f8e,f03c1e4f58ff752135e09f412b8d3bdffa88dde5b6e7fbb034ff1292d22ebde9,"{""circuit"":""surface_code:rotated_memory_x"",""cluster_node_limit"":50,""d"":11,""decoder"":""mwpf"",""decoder_type"":""SolverSerialJointSingleHair"",""p"":0.02,""p_erase"":0.02,""r"":11,""run_id"":""93fb08d08267e12bd14cc4f801fe1f3202058f710009764389b6687cc48bdcd3""}",
         8,         1,         0,    1.00,mwpf__18a55d354a5179fe22b347621ac42d689c676785006a493eda6333b61165ab0a,2606fd9b27f8c06a238f10dfcfca1e8efa1cf00bdb8796dbb946e077f8ce80de,"{""circuit"":""surface_code:rotated_memory_x"",""cluster_node_limit"":50,""d"":11,""decoder"":""mwpf"",""decoder_type"":""SolverSerialJointSingleHair"",""p"":0.03,""p_erase"":0.03,""r"":11,""run_id"":""29e38ae744884c2a2b406b04af05084fd3179601bec0197b08c3eec7c1fecc34""}",
         1,         0,         0,   0.065,mwpf__d89f38621d3da58e469ab642e8ce9449a2028f501c7ff49729098ec573131f8e,f03c1e4f58ff752135e09f412b8d3bdffa88dde5b6e7fbb034ff1292d22ebde9,"{""circuit"":""surface_code:rotated_memory_x"",""cluster_node_limit"":50,""d"":11,""decoder"":""mwpf"",""decoder_type"":""SolverSerialJointSingleHair"",""p"":0.02,""p_erase"":0.02,""r"":11,""run_id"":""93fb08d08267e12bd14cc4f801fe1f3202058f710009764389b6687cc48bdcd3""}",
         1,         0,         0,   0.077,mwpf__d89f38621d3da58e469ab642e8ce9449a2028f501c7ff49729098ec573131f8e,f03c1e4f58ff752135e09f412b8d3bdffa88dde5b6e7fbb034ff1292d22ebde9,"{""circuit"":""surface_code:rotated_memory_x"",""cluster_node_limit"":50,""d"":11,""decoder"":""mwpf"",""decoder_type"":""SolverSerialJointSingleHair"",""p"":0.02,""p_erase"":0.02,""r"":11,""run_id"":""93fb08d08267e12bd14cc4f801fe1f3202058f710009764389b6687cc48bdcd3""}",
         8,         0,         0,    1.09,mwpf__18a55d354a5179fe22b347621ac42d689c676785006a493eda6333b61165ab0a,2606fd9b27f8c06a238f10dfcfca1e8efa1cf00bdb8796dbb946e077f8ce80de,"{""circuit"":""surface_code:rotated_memory_x"",""cluster_node_limit"":50,""d"":11,""decoder"":""mwpf"",""decoder_type"":""SolverSerialJointSingleHair"",""p"":0.03,""p_erase"":0.03,""r"":11,""run_id"":""29e38ae744884c2a2b406b04af05084fd3179601bec0197b08c3eec7c1fecc34""}",
         8,         0,         0,   0.324,mwpf__d89f38621d3da58e469ab642e8ce9449a2028f501c7ff49729098ec573131f8e,f03c1e4f58ff752135e09f412b8d3bdffa88dde5b6e7fbb034ff1292d22ebde9,"{""circuit"":""surface_code:rotated_memory_x"",""cluster_node_limit"":50,""d"":11,""decoder"":""mwpf"",""decoder_type"":""SolverSerialJointSingleHair"",""p"":0.02,""p_erase"":0.02,""r"":11,""run_id"":""93fb08d08267e12bd14cc4f801fe1f3202058f710009764389b6687cc48bdcd3""}",
         2,         0,         0,   0.110,mwpf__d89f38621d3da58e469ab642e8ce9449a2028f501c7ff49729098ec573131f8e,f03c1e4f58ff752135e09f412b8d3bdffa88dde5b6e7fbb034ff1292d22ebde9,"{""circuit"":""surface_code:rotated_memory_x"",""cluster_node_limit"":50,""d"":11,""decoder"":""mwpf"",""decoder_type"":""SolverSerialJointSingleHair"",""p"":0.02,""p_erase"":0.02,""r"":11,""run_id"":""93fb08d08267e12bd14cc4f801fe1f3202058f710009764389b6687cc48bdcd3""}",
         8,         0,         0,   0.392,mwpf__d89f38621d3da58e469ab642e8ce9449a2028f501c7ff49729098ec573131f8e,f03c1e4f58ff752135e09f412b8d3bdffa88dde5b6e7fbb034ff1292d22ebde9,"{""circuit"":""surface_code:rotated_memory_x"",""cluster_node_limit"":50,""d"":11,""decoder"":""mwpf"",""decoder_type"":""SolverSerialJointSingleHair"",""p"":0.02,""p_erase"":0.02,""r"":11,""run_id"":""93fb08d08267e12bd14cc4f801fe1f3202058f710009764389b6687cc48bdcd3""}",
         8,         0,         0,   0.330,mwpf__d89f38621d3da58e469ab642e8ce9449a2028f501c7ff49729098ec573131f8e,f03c1e4f58ff752135e09f412b8d3bdffa88dde5b6e7fbb034ff1292d22ebde9,"{""circuit"":""surface_code:rotated_memory_x"",""cluster_node_limit"":50,""d"":11,""decoder"":""mwpf"",""decoder_type"":""SolverSerialJointSingleHair"",""p"":0.02,""p_erase"":0.02,""r"":11,""run_id"":""93fb08d08267e12bd14cc4f801fe1f3202058f710009764389b6687cc48bdcd3""}",
         5,         0,         0,   0.254,mwpf__d89f38621d3da58e469ab642e8ce9449a2028f501c7ff49729098ec573131f8e,f03c1e4f58ff752135e09f412b8d3bdffa88dde5b6e7fbb034ff1292d22ebde9,"{""circuit"":""surface_code:rotated_memory_x"",""cluster_node_limit"":50,""d"":11,""decoder"":""mwpf"",""decoder_type"":""SolverSerialJointSingleHair"",""p"":0.02,""p_erase"":0.02,""r"":11,""run_id"":""93fb08d08267e12bd14cc4f801fe1f3202058f710009764389b6687cc48bdcd3""}",
         5,         0,         0,   0.213,mwpf__d89f38621d3da58e469ab642e8ce9449a2028f501c7ff49729098ec573131f8e,f03c1e4f58ff752135e09f412b8d3bdffa88dde5b6e7fbb034ff1292d22ebde9,"{""circuit"":""surface_code:rotated_memory_x"",""cluster_node_limit"":50,""d"":11,""decoder"":""mwpf"",""decoder_type"":""SolverSerialJointSingleHair"",""p"":0.02,""p_erase"":0.02,""r"":11,""run_id"":""93fb08d08267e12bd14cc4f801fe1f3202058f710009764389b6687cc48bdcd3""}",
         8,         0,         0,   0.372,mwpf__d89f38621d3da58e469ab642e8ce9449a2028f501c7ff49729098ec573131f8e,f03c1e4f58ff752135e09f412b8d3bdffa88dde5b6e7fbb034ff1292d22ebde9,"{""circuit"":""surface_code:rotated_memory_x"",""cluster_node_limit"":50,""d"":11,""decoder"":""mwpf"",""decoder_type"":""SolverSerialJointSingleHair"",""p"":0.02,""p_erase"":0.02,""r"":11,""run_id"":""93fb08d08267e12bd14cc4f801fe1f3202058f710009764389b6687cc48bdcd3""}",
         8,         0,         0,    1.32,mwpf__18a55d354a5179fe22b347621ac42d689c676785006a493eda6333b61165ab0a,2606fd9b27f8c06a238f10dfcfca1e8efa1cf00bdb8796dbb946e077f8ce80de,"{""circuit"":""surface_code:rotated_memory_x"",""cluster_node_limit"":50,""d"":11,""decoder"":""mwpf"",""decoder_type"":""SolverSerialJointSingleHair"",""p"":0.03,""p_erase"":0.03,""r"":11,""run_id"":""29e38ae744884c2a2b406b04af05084fd3179601bec0197b08c3eec7c1fecc34""}",
         2,         0,         0,   0.127,mwpf__d89f38621d3da58e469ab642e8ce9449a2028f501c7ff49729098ec573131f8e,f03c1e4f58ff752135e09f412b8d3bdffa88dde5b6e7fbb034ff1292d22ebde9,"{""circuit"":""surface_code:rotated_memory_x"",""cluster_node_limit"":50,""d"":11,""decoder"":""mwpf"",""decoder_type"":""SolverSerialJointSingleHair"",""p"":0.02,""p_erase"":0.02,""r"":11,""run_id"":""93fb08d08267e12bd14cc4f801fe1f3202058f710009764389b6687cc48bdcd3""}",
         2,         0,         0,   0.113,mwpf__d89f38621d3da58e469ab642e8ce9449a2028f501c7ff49729098ec573131f8e,f03c1e4f58ff752135e09f412b8d3bdffa88dde5b6e7fbb034ff1292d22ebde9,"{""circuit"":""surface_code:rotated_memory_x"",""cluster_node_limit"":50,""d"":11,""decoder"":""mwpf"",""decoder_type"":""SolverSerialJointSingleHair"",""p"":0.02,""p_erase"":0.02,""r"":11,""run_id"":""93fb08d08267e12bd14cc4f801fe1f3202058f710009764389b6687cc48bdcd3""}",
         8,         0,         0,    1.39,mwpf__18a55d354a5179fe22b347621ac42d689c676785006a493eda6333b61165ab0a,2606fd9b27f8c06a238f10dfcfca1e8efa1cf00bdb8796dbb946e077f8ce80de,"{""circuit"":""surface_code:rotated_memory_x"",""cluster_node_limit"":50,""d"":11,""decoder"":""mwpf"",""decoder_type"":""SolverSerialJointSingleHair"",""p"":0.03,""p_erase"":0.03,""r"":11,""run_id"":""29e38ae744884c2a2b406b04af05084fd3179601bec0197b08c3eec7c1fecc34""}",
         6,         0,         0,   0.304,mwpf__d89f38621d3da58e469ab642e8ce9449a2028f501c7ff49729098ec573131f8e,f03c1e4f58ff752135e09f412b8d3bdffa88dde5b6e7fbb034ff1292d22ebde9,"{""circuit"":""surface_code:rotated_memory_x"",""cluster_node_limit"":50,""d"":11,""decoder"":""mwpf"",""decoder_type"":""SolverSerialJointSingleHair"",""p"":0.02,""p_erase"":0.02,""r"":11,""run_id"":""93fb08d08267e12bd14cc4f801fe1f3202058f710009764389b6687cc48bdcd3""}",
        16,         0,         0,   0.728,mwpf__d89f38621d3da58e469ab642e8ce9449a2028f501c7ff49729098ec573131f8e,f03c1e4f58ff752135e09f412b8d3bdffa88dde5b6e7fbb034ff1292d22ebde9,"{""circuit"":""surface_code:rotated_memory_x"",""cluster_node_limit"":50,""d"":11,""decoder"":""mwpf"",""decoder_type"":""SolverSerialJointSingleHair"",""p"":0.02,""p_erase"":0.02,""r"":11,""run_id"":""93fb08d08267e12bd14cc4f801fe1f3202058f710009764389b6687cc48bdcd3""}",
         2,         0,         0,   0.113,mwpf__d89f38621d3da58e469ab642e8ce9449a2028f501c7ff49729098ec573131f8e,f03c1e4f58ff752135e09f412b8d3bdffa88dde5b6e7fbb034ff1292d22ebde9,"{""circuit"":""surface_code:rotated_memory_x"",""cluster_node_limit"":50,""d"":11,""decoder"":""mwpf"",""decoder_type"":""SolverSerialJointSingleHair"",""p"":0.02,""p_erase"":0.02,""r"":11,""run_id"":""93fb08d08267e12bd14cc4f801fe1f3202058f710009764389b6687cc48bdcd3""}",
         2,         0,         0,   0.096,mwpf__d89f38621d3da58e469ab642e8ce9449a2028f501c7ff49729098ec573131f8e,f03c1e4f58ff752135e09f412b8d3bdffa88dde5b6e7fbb034ff1292d22ebde9,"{""circuit"":""surface_code:rotated_memory_x"",""cluster_node_limit"":50,""d"":11,""decoder"":""mwpf"",""decoder_type"":""SolverSerialJointSingleHair"",""p"":0.02,""p_erase"":0.02,""r"":11,""run_id"":""93fb08d08267e12bd14cc4f801fe1f3202058f710009764389b6687cc48bdcd3""}",
         8,         0,         0,    1.28,mwpf__18a55d354a5179fe22b347621ac42d689c676785006a493eda6333b61165ab0a,2606fd9b27f8c06a238f10dfcfca1e8efa1cf00bdb8796dbb946e077f8ce80de,"{""circuit"":""surface_code:rotated_memory_x"",""cluster_node_limit"":50,""d"":11,""decoder"":""mwpf"",""decoder_type"":""SolverSerialJointSingleHair"",""p"":0.03,""p_erase"":0.03,""r"":11,""run_id"":""29e38ae744884c2a2b406b04af05084fd3179601bec0197b08c3eec7c1fecc34""}",
        16,         0,         0,   0.664,mwpf__d89f38621d3da58e469ab642e8ce9449a2028f501c7ff49729098ec573131f8e,f03c1e4f58ff752135e09f412b8d3bdffa88dde5b6e7fbb034ff1292d22ebde9,"{""circuit"":""surface_code:rotated_memory_x"",""cluster_node_limit"":50,""d"":11,""decoder"":""mwpf"",""decoder_type"":""SolverSerialJointSingleHair"",""p"":0.02,""p_erase"":0.02,""r"":11,""run_id"":""93fb08d08267e12bd14cc4f801fe1f3202058f710009764389b6687cc48bdcd3""}",
         2,         0,         0,   0.090,mwpf__d89f38621d3da58e469ab642e8ce9449a2028f501c7ff49729098ec573131f8e,f03c1e4f58ff752135e09f412b8d3bdffa88dde5b6e7fbb034ff1292d22ebde9,"{""circuit"":""surface_code:rotated_memory_x"",""cluster_node_limit"":50,""d"":11,""decoder"":""mwpf"",""decoder_type"":""SolverSerialJointSingleHair"",""p"":0.02,""p_erase"":0.02,""r"":11,""run_id"":""93fb08d08267e12bd14cc4f801fe1f3202058f710009764389b6687cc48bdcd3""}",
         2,         0,         0,   0.097,mwpf__d89f38621d3da58e469ab642e8ce9449a2028f501c7ff49729098ec573131f8e,f03c1e4f58ff752135e09f412b8d3bdffa88dde5b6e7fbb034ff1292d22ebde9,"{""circuit"":""surface_code:rotated_memory_x"",""cluster_node_limit"":50,""d"":11,""decoder"":""mwpf"",""decoder_type"":""SolverSerialJointSingleHair"",""p"":0.02,""p_erase"":0.02,""r"":11,""run_id"":""93fb08d08267e12bd14cc4f801fe1f3202058f710009764389b6687cc48bdcd3""}",
        12,         0,         0,    1.40,mwpf__18a55d354a5179fe22b347621ac42d689c676785006a493eda6333b61165ab0a,2606fd9b27f8c06a238f10dfcfca1e8efa1cf00bdb8796dbb946e077f8ce80de,"{""circuit"":""surface_code:rotated_memory_x"",""cluster_node_limit"":50,""d"":11,""decoder"":""mwpf"",""decoder_type"":""SolverSerialJointSingleHair"",""p"":0.03,""p_erase"":0.03,""r"":11,""run_id"":""29e38ae744884c2a2b406b04af05084fd3179601bec0197b08c3eec7c1fecc34""}",
         3,         0,         0,   0.147,mwpf__d89f38621d3da58e469ab642e8ce9449a2028f501c7ff49729098ec573131f8e,f03c1e4f58ff752135e09f412b8d3bdffa88dde5b6e7fbb034ff1292d22ebde9,"{""circuit"":""surface_code:rotated_memory_x"",""cluster_node_limit"":50,""d"":11,""decoder"":""mwpf"",""decoder_type"":""SolverSerialJointSingleHair"",""p"":0.02,""p_erase"":0.02,""r"":11,""run_id"":""93fb08d08267e12bd14cc4f801fe1f3202058f710009764389b6687cc48bdcd3""}",
         1,         0,         0,   0.036,mwpf__d89f38621d3da58e469ab642e8ce9449a2028f501c7ff49729098ec573131f8e,f03c1e4f58ff752135e09f412b8d3bdffa88dde5b6e7fbb034ff1292d22ebde9,"{""circuit"":""surface_code:rotated_memory_x"",""cluster_node_limit"":50,""d"":11,""decoder"":""mwpf"",""decoder_type"":""SolverSerialJointSingleHair"",""p"":0.02,""p_erase"":0.02,""r"":11,""run_id"":""93fb08d08267e12bd14cc4f801fe1f3202058f710009764389b6687cc48bdcd3""}",
         2,         0,         0,   0.111,mwpf__d89f38621d3da58e469ab642e8ce9449a2028f501c7ff49729098ec573131f8e,f03c1e4f58ff752135e09f412b8d3bdffa88dde5b6e7fbb034ff1292d22ebde9,"{""circuit"":""surface_code:rotated_memory_x"",""cluster_node_limit"":50,""d"":11,""decoder"":""mwpf"",""decoder_type"":""SolverSerialJointSingleHair"",""p"":0.02,""p_erase"":0.02,""r"":11,""run_id"":""93fb08d08267e12bd14cc4f801fe1f3202058f710009764389b6687cc48bdcd3""}",
        24,         0,         0,    1.10,mwpf__d89f38621d3da58e469ab642e8ce9449a2028f501c7ff49729098ec573131f8e,f03c1e4f58ff752135e09f412b8d3bdffa88dde5b6e7fbb034ff1292d22ebde9,"{""circuit"":""surface_code:rotated_memory_x"",""cluster_node_limit"":50,""d"":11,""decoder"":""mwpf"",""decoder_type"":""SolverSerialJointSingleHair"",""p"":0.02,""p_erase"":0.02,""r"":11,""run_id"":""93fb08d08267e12bd14cc4f801fe1f3202058f710009764389b6687cc48bdcd3""}",
        16,         0,         0,   0.627,mwpf__d89f38621d3da58e469ab642e8ce9449a2028f501c7ff49729098ec573131f8e,f03c1e4f58ff752135e09f412b8d3bdffa88dde5b6e7fbb034ff1292d22ebde9,"{""circuit"":""surface_code:rotated_memory_x"",""cluster_node_limit"":50,""d"":11,""decoder"":""mwpf"",""decoder_type"":""SolverSerialJointSingleHair"",""p"":0.02,""p_erase"":0.02,""r"":11,""run_id"":""93fb08d08267e12bd14cc4f801fe1f3202058f710009764389b6687cc48bdcd3""}",
        16,         0,         0,   0.717,mwpf__d89f38621d3da58e469ab642e8ce9449a2028f501c7ff49729098ec573131f8e,f03c1e4f58ff752135e09f412b8d3bdffa88dde5b6e7fbb034ff1292d22ebde9,"{""circuit"":""surface_code:rotated_memory_x"",""cluster_node_limit"":50,""d"":11,""decoder"":""mwpf"",""decoder_type"":""SolverSerialJointSingleHair"",""p"":0.02,""p_erase"":0.02,""r"":11,""run_id"":""93fb08d08267e12bd14cc4f801fe1f3202058f710009764389b6687cc48bdcd3""}",
        16,         0,         0,   0.691,mwpf__d89f38621d3da58e469ab642e8ce9449a2028f501c7ff49729098ec573131f8e,f03c1e4f58ff752135e09f412b8d3bdffa88dde5b6e7fbb034ff1292d22ebde9,"{""circuit"":""surface_code:rotated_memory_x"",""cluster_node_limit"":50,""d"":11,""decoder"":""mwpf"",""decoder_type"":""SolverSerialJointSingleHair"",""p"":0.02,""p_erase"":0.02,""r"":11,""run_id"":""93fb08d08267e12bd14cc4f801fe1f3202058f710009764389b6687cc48bdcd3""}",
        12,         0,         0,    2.05,mwpf__18a55d354a5179fe22b347621ac42d689c676785006a493eda6333b61165ab0a,2606fd9b27f8c06a238f10dfcfca1e8efa1cf00bdb8796dbb946e077f8ce80de,"{""circuit"":""surface_code:rotated_memory_x"",""cluster_node_limit"":50,""d"":11,""decoder"":""mwpf"",""decoder_type"":""SolverSerialJointSingleHair"",""p"":0.03,""p_erase"":0.03,""r"":11,""run_id"":""29e38ae744884c2a2b406b04af05084fd3179601bec0197b08c3eec7c1fecc34""}",
        60,         1,         0,    9.14,mwpf__18a55d354a5179fe22b347621ac42d689c676785006a493eda6333b61165ab0a,2606fd9b27f8c06a238f10dfcfca1e8efa1cf00bdb8796dbb946e077f8ce80de,"{""circuit"":""surface_code:rotated_memory_x"",""cluster_node_limit"":50,""d"":11,""decoder"":""mwpf"",""decoder_type"":""SolverSerialJointSingleHair"",""p"":0.03,""p_erase"":0.03,""r"":11,""run_id"":""29e38ae744884c2a2b406b04af05084fd3179601bec0197b08c3eec7c1fecc34""}",
        16,         0,         0,   0.710,mwpf__d89f38621d3da58e469ab642e8ce9449a2028f501c7ff49729098ec573131f8e,f03c1e4f58ff752135e09f412b8d3bdffa88dde5b6e7fbb034ff1292d22ebde9,"{""circuit"":""surface_code:rotated_memory_x"",""cluster_node_limit"":50,""d"":11,""decoder"":""mwpf"",""decoder_type"":""SolverSerialJointSingleHair"",""p"":0.02,""p_erase"":0.02,""r"":11,""run_id"":""93fb08d08267e12bd14cc4f801fe1f3202058f710009764389b6687cc48bdcd3""}",
        12,         0,         0,    1.99,mwpf__18a55d354a5179fe22b347621ac42d689c676785006a493eda6333b61165ab0a,2606fd9b27f8c06a238f10dfcfca1e8efa1cf00bdb8796dbb946e077f8ce80de,"{""circuit"":""surface_code:rotated_memory_x"",""cluster_node_limit"":50,""d"":11,""decoder"":""mwpf"",""decoder_type"":""SolverSerialJointSingleHair"",""p"":0.03,""p_erase"":0.03,""r"":11,""run_id"":""29e38ae744884c2a2b406b04af05084fd3179601bec0197b08c3eec7c1fecc34""}",
        32,         0,         0,    1.57,mwpf__d89f38621d3da58e469ab642e8ce9449a2028f501c7ff49729098ec573131f8e,f03c1e4f58ff752135e09f412b8d3bdffa88dde5b6e7fbb034ff1292d22ebde9,"{""circuit"":""surface_code:rotated_memory_x"",""cluster_node_limit"":50,""d"":11,""decoder"":""mwpf"",""decoder_type"":""SolverSerialJointSingleHair"",""p"":0.02,""p_erase"":0.02,""r"":11,""run_id"":""93fb08d08267e12bd14cc4f801fe1f3202058f710009764389b6687cc48bdcd3""}",
        32,         0,         0,    1.41,mwpf__d89f38621d3da58e469ab642e8ce9449a2028f501c7ff49729098ec573131f8e,f03c1e4f58ff752135e09f412b8d3bdffa88dde5b6e7fbb034ff1292d22ebde9,"{""circuit"":""surface_code:rotated_memory_x"",""cluster_node_limit"":50,""d"":11,""decoder"":""mwpf"",""decoder_type"":""SolverSerialJointSingleHair"",""p"":0.02,""p_erase"":0.02,""r"":11,""run_id"":""93fb08d08267e12bd14cc4f801fe1f3202058f710009764389b6687cc48bdcd3""}",
        16,         0,         0,   0.707,mwpf__d89f38621d3da58e469ab642e8ce9449a2028f501c7ff49729098ec573131f8e,f03c1e4f58ff752135e09f412b8d3bdffa88dde5b6e7fbb034ff1292d22ebde9,"{""circuit"":""surface_code:rotated_memory_x"",""cluster_node_limit"":50,""d"":11,""decoder"":""mwpf"",""decoder_type"":""SolverSerialJointSingleHair"",""p"":0.02,""p_erase"":0.02,""r"":11,""run_id"":""93fb08d08267e12bd14cc4f801fe1f3202058f710009764389b6687cc48bdcd3""}",
        16,         0,         0,   0.669,mwpf__d89f38621d3da58e469ab642e8ce9449a2028f501c7ff49729098ec573131f8e,f03c1e4f58ff752135e09f412b8d3bdffa88dde5b6e7fbb034ff1292d22ebde9,"{""circuit"":""surface_code:rotated_memory_x"",""cluster_node_limit"":50,""d"":11,""decoder"":""mwpf"",""decoder_type"":""SolverSerialJointSingleHair"",""p"":0.02,""p_erase"":0.02,""r"":11,""run_id"":""93fb08d08267e12bd14cc4f801fe1f3202058f710009764389b6687cc48bdcd3""}",
        40,         0,         0,    1.76,mwpf__d89f38621d3da58e469ab642e8ce9449a2028f501c7ff49729098ec573131f8e,f03c1e4f58ff752135e09f412b8d3bdffa88dde5b6e7fbb034ff1292d22ebde9,"{""circuit"":""surface_code:rotated_memory_x"",""cluster_node_limit"":50,""d"":11,""decoder"":""mwpf"",""decoder_type"":""SolverSerialJointSingleHair"",""p"":0.02,""p_erase"":0.02,""r"":11,""run_id"":""93fb08d08267e12bd14cc4f801fe1f3202058f710009764389b6687cc48bdcd3""}",
        16,         0,         0,   0.792,mwpf__d89f38621d3da58e469ab642e8ce9449a2028f501c7ff49729098ec573131f8e,f03c1e4f58ff752135e09f412b8d3bdffa88dde5b6e7fbb034ff1292d22ebde9,"{""circuit"":""surface_code:rotated_memory_x"",""cluster_node_limit"":50,""d"":11,""decoder"":""mwpf"",""decoder_type"":""SolverSerialJointSingleHair"",""p"":0.02,""p_erase"":0.02,""r"":11,""run_id"":""93fb08d08267e12bd14cc4f801fe1f3202058f710009764389b6687cc48bdcd3""}",
        16,         0,         0,    2.36,mwpf__18a55d354a5179fe22b347621ac42d689c676785006a493eda6333b61165ab0a,2606fd9b27f8c06a238f10dfcfca1e8efa1cf00bdb8796dbb946e077f8ce80de,"{""circuit"":""surface_code:rotated_memory_x"",""cluster_node_limit"":50,""d"":11,""decoder"":""mwpf"",""decoder_type"":""SolverSerialJointSingleHair"",""p"":0.03,""p_erase"":0.03,""r"":11,""run_id"":""29e38ae744884c2a2b406b04af05084fd3179601bec0197b08c3eec7c1fecc34""}",
        16,         2,         0,    2.68,mwpf__18a55d354a5179fe22b347621ac42d689c676785006a493eda6333b61165ab0a,2606fd9b27f8c06a238f10dfcfca1e8efa1cf00bdb8796dbb946e077f8ce80de,"{""circuit"":""surface_code:rotated_memory_x"",""cluster_node_limit"":50,""d"":11,""decoder"":""mwpf"",""decoder_type"":""SolverSerialJointSingleHair"",""p"":0.03,""p_erase"":0.03,""r"":11,""run_id"":""29e38ae744884c2a2b406b04af05084fd3179601bec0197b08c3eec7c1fecc34""}",
        16,         0,         0,   0.752,mwpf__d89f38621d3da58e469ab642e8ce9449a2028f501c7ff49729098ec573131f8e,f03c1e4f58ff752135e09f412b8d3bdffa88dde5b6e7fbb034ff1292d22ebde9,"{""circuit"":""surface_code:rotated_memory_x"",""cluster_node_limit"":50,""d"":11,""decoder"":""mwpf"",""decoder_type"":""SolverSerialJointSingleHair"",""p"":0.02,""p_erase"":0.02,""r"":11,""run_id"":""93fb08d08267e12bd14cc4f801fe1f3202058f710009764389b6687cc48bdcd3""}",
        16,         0,         0,   0.680,mwpf__d89f38621d3da58e469ab642e8ce9449a2028f501c7ff49729098ec573131f8e,f03c1e4f58ff752135e09f412b8d3bdffa88dde5b6e7fbb034ff1292d22ebde9,"{""circuit"":""surface_code:rotated_memory_x"",""cluster_node_limit"":50,""d"":11,""decoder"":""mwpf"",""decoder_type"":""SolverSerialJointSingleHair"",""p"":0.02,""p_erase"":0.02,""r"":11,""run_id"":""93fb08d08267e12bd14cc4f801fe1f3202058f710009764389b6687cc48bdcd3""}",
       242,         0,         0,    10.9,mwpf__d89f38621d3da58e469ab642e8ce9449a2028f501c7ff49729098ec573131f8e,f03c1e4f58ff752135e09f412b8d3bdffa88dde5b6e7fbb034ff1292d22ebde9,"{""circuit"":""surface_code:rotated_memory_x"",""cluster_node_limit"":50,""d"":11,""decoder"":""mwpf"",""decoder_type"":""SolverSerialJointSingleHair"",""p"":0.02,""p_erase"":0.02,""r"":11,""run_id"":""93fb08d08267e12bd14cc4f801fe1f3202058f710009764389b6687cc48bdcd3""}",
        16,         0,         0,   0.679,mwpf__d89f38621d3da58e469ab642e8ce9449a2028f501c7ff49729098ec573131f8e,f03c1e4f58ff752135e09f412b8d3bdffa88dde5b6e7fbb034ff1292d22ebde9,"{""circuit"":""surface_code:rotated_memory_x"",""cluster_node_limit"":50,""d"":11,""decoder"":""mwpf"",""decoder_type"":""SolverSerialJointSingleHair"",""p"":0.02,""p_erase"":0.02,""r"":11,""run_id"":""93fb08d08267e12bd14cc4f801fe1f3202058f710009764389b6687cc48bdcd3""}",
        56,         0,         0,    2.37,mwpf__d89f38621d3da58e469ab642e8ce9449a2028f501c7ff49729098ec573131f8e,f03c1e4f58ff752135e09f412b8d3bdffa88dde5b6e7fbb034ff1292d22ebde9,"{""circuit"":""surface_code:rotated_memory_x"",""cluster_node_limit"":50,""d"":11,""decoder"":""mwpf"",""decoder_type"":""SolverSerialJointSingleHair"",""p"":0.02,""p_erase"":0.02,""r"":11,""run_id"":""93fb08d08267e12bd14cc4f801fe1f3202058f710009764389b6687cc48bdcd3""}",
        16,         0,         0,   0.760,mwpf__d89f38621d3da58e469ab642e8ce9449a2028f501c7ff49729098ec573131f8e,f03c1e4f58ff752135e09f412b8d3bdffa88dde5b6e7fbb034ff1292d22ebde9,"{""circuit"":""surface_code:rotated_memory_x"",""cluster_node_limit"":50,""d"":11,""decoder"":""mwpf"",""decoder_type"":""SolverSerialJointSingleHair"",""p"":0.02,""p_erase"":0.02,""r"":11,""run_id"":""93fb08d08267e12bd14cc4f801fe1f3202058f710009764389b6687cc48bdcd3""}",
       291,         0,         0,    12.4,mwpf__d89f38621d3da58e469ab642e8ce9449a2028f501c7ff49729098ec573131f8e,f03c1e4f58ff752135e09f412b8d3bdffa88dde5b6e7fbb034ff1292d22ebde9,"{""circuit"":""surface_code:rotated_memory_x"",""cluster_node_limit"":50,""d"":11,""decoder"":""mwpf"",""decoder_type"":""SolverSerialJointSingleHair"",""p"":0.02,""p_erase"":0.02,""r"":11,""run_id"":""93fb08d08267e12bd14cc4f801fe1f3202058f710009764389b6687cc48bdcd3""}",
        16,         0,         0,   0.685,mwpf__d89f38621d3da58e469ab642e8ce9449a2028f501c7ff49729098ec573131f8e,f03c1e4f58ff752135e09f412b8d3bdffa88dde5b6e7fbb034ff1292d22ebde9,"{""circuit"":""surface_code:rotated_memory_x"",""cluster_node_limit"":50,""d"":11,""decoder"":""mwpf"",""decoder_type"":""SolverSerialJointSingleHair"",""p"":0.02,""p_erase"":0.02,""r"":11,""run_id"":""93fb08d08267e12bd14cc4f801fe1f3202058f710009764389b6687cc48bdcd3""}",
        20,         0,         0,    3.28,mwpf__18a55d354a5179fe22b347621ac42d689c676785006a493eda6333b61165ab0a,2606fd9b27f8c06a238f10dfcfca1e8efa1cf00bdb8796dbb946e077f8ce80de,"{""circuit"":""surface_code:rotated_memory_x"",""cluster_node_limit"":50,""d"":11,""decoder"":""mwpf"",""decoder_type"":""SolverSerialJointSingleHair"",""p"":0.03,""p_erase"":0.03,""r"":11,""run_id"":""29e38ae744884c2a2b406b04af05084fd3179601bec0197b08c3eec7c1fecc34""}",
        20,         0,         0,    3.29,mwpf__18a55d354a5179fe22b347621ac42d689c676785006a493eda6333b61165ab0a,2606fd9b27f8c06a238f10dfcfca1e8efa1cf00bdb8796dbb946e077f8ce80de,"{""circuit"":""surface_code:rotated_memory_x"",""cluster_node_limit"":50,""d"":11,""decoder"":""mwpf"",""decoder_type"":""SolverSerialJointSingleHair"",""p"":0.03,""p_erase"":0.03,""r"":11,""run_id"":""29e38ae744884c2a2b406b04af05084fd3179601bec0197b08c3eec7c1fecc34""}",
       288,         0,         0,    12.9,mwpf__d89f38621d3da58e469ab642e8ce9449a2028f501c7ff49729098ec573131f8e,f03c1e4f58ff752135e09f412b8d3bdffa88dde5b6e7fbb034ff1292d22ebde9,"{""circuit"":""surface_code:rotated_memory_x"",""cluster_node_limit"":50,""d"":11,""decoder"":""mwpf"",""decoder_type"":""SolverSerialJointSingleHair"",""p"":0.02,""p_erase"":0.02,""r"":11,""run_id"":""93fb08d08267e12bd14cc4f801fe1f3202058f710009764389b6687cc48bdcd3""}",
       288,         0,         0,    12.9,mwpf__d89f38621d3da58e469ab642e8ce9449a2028f501c7ff49729098ec573131f8e,f03c1e4f58ff752135e09f412b8d3bdffa88dde5b6e7fbb034ff1292d22ebde9,"{""circuit"":""surface_code:rotated_memory_x"",""cluster_node_limit"":50,""d"":11,""decoder"":""mwpf"",""decoder_type"":""SolverSerialJointSingleHair"",""p"":0.02,""p_erase"":0.02,""r"":11,""run_id"":""93fb08d08267e12bd14cc4f801fe1f3202058f710009764389b6687cc48bdcd3""}",
        42,         0,         0,    2.00,mwpf__d89f38621d3da58e469ab642e8ce9449a2028f501c7ff49729098ec573131f8e,f03c1e4f58ff752135e09f412b8d3bdffa88dde5b6e7fbb034ff1292d22ebde9,"{""circuit"":""surface_code:rotated_memory_x"",""cluster_node_limit"":50,""d"":11,""decoder"":""mwpf"",""decoder_type"":""SolverSerialJointSingleHair"",""p"":0.02,""p_erase"":0.02,""r"":11,""run_id"":""93fb08d08267e12bd14cc4f801fe1f3202058f710009764389b6687cc48bdcd3""}",
         2,         0,         0,   0.082,mwpf__d89f38621d3da58e469ab642e8ce9449a2028f501c7ff49729098ec573131f8e,f03c1e4f58ff752135e09f412b8d3bdffa88dde5b6e7fbb034ff1292d22ebde9,"{""circuit"":""surface_code:rotated_memory_x"",""cluster_node_limit"":50,""d"":11,""decoder"":""mwpf"",""decoder_type"":""SolverSerialJointSingleHair"",""p"":0.02,""p_erase"":0.02,""r"":11,""run_id"":""93fb08d08267e12bd14cc4f801fe1f3202058f710009764389b6687cc48bdcd3""}",
         3,         0,         0,   0.157,mwpf__d89f38621d3da58e469ab642e8ce9449a2028f501c7ff49729098ec573131f8e,f03c1e4f58ff752135e09f412b8d3bdffa88dde5b6e7fbb034ff1292d22ebde9,"{""circuit"":""surface_code:rotated_memory_x"",""cluster_node_limit"":50,""d"":11,""decoder"":""mwpf"",""decoder_type"":""SolverSerialJointSingleHair"",""p"":0.02,""p_erase"":0.02,""r"":11,""run_id"":""93fb08d08267e12bd14cc4f801fe1f3202058f710009764389b6687cc48bdcd3""}",
        16,         0,         0,   0.758,mwpf__d89f38621d3da58e469ab642e8ce9449a2028f501c7ff49729098ec573131f8e,f03c1e4f58ff752135e09f412b8d3bdffa88dde5b6e7fbb034ff1292d22ebde9,"{""circuit"":""surface_code:rotated_memory_x"",""cluster_node_limit"":50,""d"":11,""decoder"":""mwpf"",""decoder_type"":""SolverSerialJointSingleHair"",""p"":0.02,""p_erase"":0.02,""r"":11,""run_id"":""93fb08d08267e12bd14cc4f801fe1f3202058f710009764389b6687cc48bdcd3""}",
       163,         0,         0,    7.20,mwpf__d89f38621d3da58e469ab642e8ce9449a2028f501c7ff49729098ec573131f8e,f03c1e4f58ff752135e09f412b8d3bdffa88dde5b6e7fbb034ff1292d22ebde9,"{""circuit"":""surface_code:rotated_memory_x"",""cluster_node_limit"":50,""d"":11,""decoder"":""mwpf"",""decoder_type"":""SolverSerialJointSingleHair"",""p"":0.02,""p_erase"":0.02,""r"":11,""run_id"":""93fb08d08267e12bd14cc4f801fe1f3202058f710009764389b6687cc48bdcd3""}",
       163,         0,         0,    7.36,mwpf__d89f38621d3da58e469ab642e8ce9449a2028f501c7ff49729098ec573131f8e,f03c1e4f58ff752135e09f412b8d3bdffa88dde5b6e7fbb034ff1292d22ebde9,"{""circuit"":""surface_code:rotated_memory_x"",""cluster_node_limit"":50,""d"":11,""decoder"":""mwpf"",""decoder_type"":""SolverSerialJointSingleHair"",""p"":0.02,""p_erase"":0.02,""r"":11,""run_id"":""93fb08d08267e12bd14cc4f801fe1f3202058f710009764389b6687cc48bdcd3""}",
        16,         0,         0,   0.718,mwpf__d89f38621d3da58e469ab642e8ce9449a2028f501c7ff49729098ec573131f8e,f03c1e4f58ff752135e09f412b8d3bdffa88dde5b6e7fbb034ff1292d22ebde9,"{""circuit"":""surface_code:rotated_memory_x"",""cluster_node_limit"":50,""d"":11,""decoder"":""mwpf"",""decoder_type"":""SolverSerialJointSingleHair"",""p"":0.02,""p_erase"":0.02,""r"":11,""run_id"":""93fb08d08267e12bd14cc4f801fe1f3202058f710009764389b6687cc48bdcd3""}",
         6,         0,         0,   0.273,mwpf__d89f38621d3da58e469ab642e8ce9449a2028f501c7ff49729098ec573131f8e,f03c1e4f58ff752135e09f412b8d3bdffa88dde5b6e7fbb034ff1292d22ebde9,"{""circuit"":""surface_code:rotated_memory_x"",""cluster_node_limit"":50,""d"":11,""decoder"":""mwpf"",""decoder_type"":""SolverSerialJointSingleHair"",""p"":0.02,""p_erase"":0.02,""r"":11,""run_id"":""93fb08d08267e12bd14cc4f801fe1f3202058f710009764389b6687cc48bdcd3""}",
       160,         0,         0,    7.24,mwpf__d89f38621d3da58e469ab642e8ce9449a2028f501c7ff49729098ec573131f8e,f03c1e4f58ff752135e09f412b8d3bdffa88dde5b6e7fbb034ff1292d22ebde9,"{""circuit"":""surface_code:rotated_memory_x"",""cluster_node_limit"":50,""d"":11,""decoder"":""mwpf"",""decoder_type"":""SolverSerialJointSingleHair"",""p"":0.02,""p_erase"":0.02,""r"":11,""run_id"":""93fb08d08267e12bd14cc4f801fe1f3202058f710009764389b6687cc48bdcd3""}",
         2,         0,         0,   0.100,mwpf__d89f38621d3da58e469ab642e8ce9449a2028f501c7ff49729098ec573131f8e,f03c1e4f58ff752135e09f412b8d3bdffa88dde5b6e7fbb034ff1292d22ebde9,"{""circuit"":""surface_code:rotated_memory_x"",""cluster_node_limit"":50,""d"":11,""decoder"":""mwpf"",""decoder_type"":""SolverSerialJointSingleHair"",""p"":0.02,""p_erase"":0.02,""r"":11,""run_id"":""93fb08d08267e12bd14cc4f801fe1f3202058f710009764389b6687cc48bdcd3""}",
         3,         0,         0,   0.128,mwpf__d89f38621d3da58e469ab642e8ce9449a2028f501c7ff49729098ec573131f8e,f03c1e4f58ff752135e09f412b8d3bdffa88dde5b6e7fbb034ff1292d22ebde9,"{""circuit"":""surface_code:rotated_memory_x"",""cluster_node_limit"":50,""d"":11,""decoder"":""mwpf"",""decoder_type"":""SolverSerialJointSingleHair"",""p"":0.02,""p_erase"":0.02,""r"":11,""run_id"":""93fb08d08267e12bd14cc4f801fe1f3202058f710009764389b6687cc48bdcd3""}",
        72,         0,         0,    3.22,mwpf__d89f38621d3da58e469ab642e8ce9449a2028f501c7ff49729098ec573131f8e,f03c1e4f58ff752135e09f412b8d3bdffa88dde5b6e7fbb034ff1292d22ebde9,"{""circuit"":""surface_code:rotated_memory_x"",""cluster_node_limit"":50,""d"":11,""decoder"":""mwpf"",""decoder_type"":""SolverSerialJointSingleHair"",""p"":0.02,""p_erase"":0.02,""r"":11,""run_id"":""93fb08d08267e12bd14cc4f801fe1f3202058f710009764389b6687cc48bdcd3""}",
        42,         0,         0,    1.88,mwpf__d89f38621d3da58e469ab642e8ce9449a2028f501c7ff49729098ec573131f8e,f03c1e4f58ff752135e09f412b8d3bdffa88dde5b6e7fbb034ff1292d22ebde9,"{""circuit"":""surface_code:rotated_memory_x"",""cluster_node_limit"":50,""d"":11,""decoder"":""mwpf"",""decoder_type"":""SolverSerialJointSingleHair"",""p"":0.02,""p_erase"":0.02,""r"":11,""run_id"":""93fb08d08267e12bd14cc4f801fe1f3202058f710009764389b6687cc48bdcd3""}",
        58,         0,         0,    2.51,mwpf__d89f38621d3da58e469ab642e8ce9449a2028f501c7ff49729098ec573131f8e,f03c1e4f58ff752135e09f412b8d3bdffa88dde5b6e7fbb034ff1292d22ebde9,"{""circuit"":""surface_code:rotated_memory_x"",""cluster_node_limit"":50,""d"":11,""decoder"":""mwpf"",""decoder_type"":""SolverSerialJointSingleHair"",""p"":0.02,""p_erase"":0.02,""r"":11,""run_id"":""93fb08d08267e12bd14cc4f801fe1f3202058f710009764389b6687cc48bdcd3""}",
        13,         0,         0,   0.584,mwpf__d89f38621d3da58e469ab642e8ce9449a2028f501c7ff49729098ec573131f8e,f03c1e4f58ff752135e09f412b8d3bdffa88dde5b6e7fbb034ff1292d22ebde9,"{""circuit"":""surface_code:rotated_memory_x"",""cluster_node_limit"":50,""d"":11,""decoder"":""mwpf"",""decoder_type"":""SolverSerialJointSingleHair"",""p"":0.02,""p_erase"":0.02,""r"":11,""run_id"":""93fb08d08267e12bd14cc4f801fe1f3202058f710009764389b6687cc48bdcd3""}",
        32,         0,         0,    1.44,mwpf__d89f38621d3da58e469ab642e8ce9449a2028f501c7ff49729098ec573131f8e,f03c1e4f58ff752135e09f412b8d3bdffa88dde5b6e7fbb034ff1292d22ebde9,"{""circuit"":""surface_code:rotated_memory_x"",""cluster_node_limit"":50,""d"":11,""decoder"":""mwpf"",""decoder_type"":""SolverSerialJointSingleHair"",""p"":0.02,""p_erase"":0.02,""r"":11,""run_id"":""93fb08d08267e12bd14cc4f801fe1f3202058f710009764389b6687cc48bdcd3""}",
        58,         0,         0,    2.71,mwpf__d89f38621d3da58e469ab642e8ce9449a2028f501c7ff49729098ec573131f8e,f03c1e4f58ff752135e09f412b8d3bdffa88dde5b6e7fbb034ff1292d22ebde9,"{""circuit"":""surface_code:rotated_memory_x"",""cluster_node_limit"":50,""d"":11,""decoder"":""mwpf"",""decoder_type"":""SolverSerialJointSingleHair"",""p"":0.02,""p_erase"":0.02,""r"":11,""run_id"":""93fb08d08267e12bd14cc4f801fe1f3202058f710009764389b6687cc48bdcd3""}",
        53,         0,         0,    2.35,mwpf__d89f38621d3da58e469ab642e8ce9449a2028f501c7ff49729098ec573131f8e,f03c1e4f58ff752135e09f412b8d3bdffa88dde5b6e7fbb034ff1292d22ebde9,"{""circuit"":""surface_code:rotated_memory_x"",""cluster_node_limit"":50,""d"":11,""decoder"":""mwpf"",""decoder_type"":""SolverSerialJointSingleHair"",""p"":0.02,""p_erase"":0.02,""r"":11,""run_id"":""93fb08d08267e12bd14cc4f801fe1f3202058f710009764389b6687cc48bdcd3""}",
        53,         0,         0,    2.44,mwpf__d89f38621d3da58e469ab642e8ce9449a2028f501c7ff49729098ec573131f8e,f03c1e4f58ff752135e09f412b8d3bdffa88dde5b6e7fbb034ff1292d22ebde9,"{""circuit"":""surface_code:rotated_memory_x"",""cluster_node_limit"":50,""d"":11,""decoder"":""mwpf"",""decoder_type"":""SolverSerialJointSingleHair"",""p"":0.02,""p_erase"":0.02,""r"":11,""run_id"":""93fb08d08267e12bd14cc4f801fe1f3202058f710009764389b6687cc48bdcd3""}",
        47,         0,         0,    2.00,mwpf__d89f38621d3da58e469ab642e8ce9449a2028f501c7ff49729098ec573131f8e,f03c1e4f58ff752135e09f412b8d3bdffa88dde5b6e7fbb034ff1292d22ebde9,"{""circuit"":""surface_code:rotated_memory_x"",""cluster_node_limit"":50,""d"":11,""decoder"":""mwpf"",""decoder_type"":""SolverSerialJointSingleHair"",""p"":0.02,""p_erase"":0.02,""r"":11,""run_id"":""93fb08d08267e12bd14cc4f801fe1f3202058f710009764389b6687cc48bdcd3""}",
        32,         0,         0,    1.32,mwpf__d89f38621d3da58e469ab642e8ce9449a2028f501c7ff49729098ec573131f8e,f03c1e4f58ff752135e09f412b8d3bdffa88dde5b6e7fbb034ff1292d22ebde9,"{""circuit"":""surface_code:rotated_memory_x"",""cluster_node_limit"":50,""d"":11,""decoder"":""mwpf"",""decoder_type"":""SolverSerialJointSingleHair"",""p"":0.02,""p_erase"":0.02,""r"":11,""run_id"":""93fb08d08267e12bd14cc4f801fe1f3202058f710009764389b6687cc48bdcd3""}",
        28,         2,         0,    4.40,mwpf__18a55d354a5179fe22b347621ac42d689c676785006a493eda6333b61165ab0a,2606fd9b27f8c06a238f10dfcfca1e8efa1cf00bdb8796dbb946e077f8ce80de,"{""circuit"":""surface_code:rotated_memory_x"",""cluster_node_limit"":50,""d"":11,""decoder"":""mwpf"",""decoder_type"":""SolverSerialJointSingleHair"",""p"":0.03,""p_erase"":0.03,""r"":11,""run_id"":""29e38ae744884c2a2b406b04af05084fd3179601bec0197b08c3eec7c1fecc34""}",
        28,         2,         0,    4.43,mwpf__18a55d354a5179fe22b347621ac42d689c676785006a493eda6333b61165ab0a,2606fd9b27f8c06a238f10dfcfca1e8efa1cf00bdb8796dbb946e077f8ce80de,"{""circuit"":""surface_code:rotated_memory_x"",""cluster_node_limit"":50,""d"":11,""decoder"":""mwpf"",""decoder_type"":""SolverSerialJointSingleHair"",""p"":0.03,""p_erase"":0.03,""r"":11,""run_id"":""29e38ae744884c2a2b406b04af05084fd3179601bec0197b08c3eec7c1fecc34""}",
        53,         0,         0,    2.41,mwpf__d89f38621d3da58e469ab642e8ce9449a2028f501c7ff49729098ec573131f8e,f03c1e4f58ff752135e09f412b8d3bdffa88dde5b6e7fbb034ff1292d22ebde9,"{""circuit"":""surface_code:rotated_memory_x"",""cluster_node_limit"":50,""d"":11,""decoder"":""mwpf"",""decoder_type"":""SolverSerialJointSingleHair"",""p"":0.02,""p_erase"":0.02,""r"":11,""run_id"":""93fb08d08267e12bd14cc4f801fe1f3202058f710009764389b6687cc48bdcd3""}",
       104,         6,         0,    16.8,mwpf__18a55d354a5179fe22b347621ac42d689c676785006a493eda6333b61165ab0a,2606fd9b27f8c06a238f10dfcfca1e8efa1cf00bdb8796dbb946e077f8ce80de,"{""circuit"":""surface_code:rotated_memory_x"",""cluster_node_limit"":50,""d"":11,""decoder"":""mwpf"",""decoder_type"":""SolverSerialJointSingleHair"",""p"":0.03,""p_erase"":0.03,""r"":11,""run_id"":""29e38ae744884c2a2b406b04af05084fd3179601bec0197b08c3eec7c1fecc34""}",
        34,         0,         0,    1.43,mwpf__d89f38621d3da58e469ab642e8ce9449a2028f501c7ff49729098ec573131f8e,f03c1e4f58ff752135e09f412b8d3bdffa88dde5b6e7fbb034ff1292d22ebde9,"{""circuit"":""surface_code:rotated_memory_x"",""cluster_node_limit"":50,""d"":11,""decoder"":""mwpf"",""decoder_type"":""SolverSerialJointSingleHair"",""p"":0.02,""p_erase"":0.02,""r"":11,""run_id"":""93fb08d08267e12bd14cc4f801fe1f3202058f710009764389b6687cc48bdcd3""}",
       288,         0,         0,    12.9,mwpf__d89f38621d3da58e469ab642e8ce9449a2028f501c7ff49729098ec573131f8e,f03c1e4f58ff752135e09f412b8d3bdffa88dde5b6e7fbb034ff1292d22ebde9,"{""circuit"":""surface_code:rotated_memory_x"",""cluster_node_limit"":50,""d"":11,""decoder"":""mwpf"",""decoder_type"":""SolverSerialJointSingleHair"",""p"":0.02,""p_erase"":0.02,""r"":11,""run_id"":""93fb08d08267e12bd14cc4f801fe1f3202058f710009764389b6687cc48bdcd3""}",
       291,         0,         0,    13.0,mwpf__d89f38621d3da58e469ab642e8ce9449a2028f501c7ff49729098ec573131f8e,f03c1e4f58ff752135e09f412b8d3bdffa88dde5b6e7fbb034ff1292d22ebde9,"{""circuit"":""surface_code:rotated_memory_x"",""cluster_node_limit"":50,""d"":11,""decoder"":""mwpf"",""decoder_type"":""SolverSerialJointSingleHair"",""p"":0.02,""p_erase"":0.02,""r"":11,""run_id"":""93fb08d08267e12bd14cc4f801fe1f3202058f710009764389b6687cc48bdcd3""}",
       291,         0,         0,    13.0,mwpf__d89f38621d3da58e469ab642e8ce9449a2028f501c7ff49729098ec573131f8e,f03c1e4f58ff752135e09f412b8d3bdffa88dde5b6e7fbb034ff1292d22ebde9,"{""circuit"":""surface_code:rotated_memory_x"",""cluster_node_limit"":50,""d"":11,""decoder"":""mwpf"",""decoder_type"":""SolverSerialJointSingleHair"",""p"":0.02,""p_erase"":0.02,""r"":11,""run_id"":""93fb08d08267e12bd14cc4f801fe1f3202058f710009764389b6687cc48bdcd3""}",
        72,         8,         0,    11.9,mwpf__18a55d354a5179fe22b347621ac42d689c676785006a493eda6333b61165ab0a,2606fd9b27f8c06a238f10dfcfca1e8efa1cf00bdb8796dbb946e077f8ce80de,"{""circuit"":""surface_code:rotated_memory_x"",""cluster_node_limit"":50,""d"":11,""decoder"":""mwpf"",""decoder_type"":""SolverSerialJointSingleHair"",""p"":0.03,""p_erase"":0.03,""r"":11,""run_id"":""29e38ae744884c2a2b406b04af05084fd3179601bec0197b08c3eec7c1fecc34""}",
        40,         3,         0,    6.03,mwpf__18a55d354a5179fe22b347621ac42d689c676785006a493eda6333b61165ab0a,2606fd9b27f8c06a238f10dfcfca1e8efa1cf00bdb8796dbb946e077f8ce80de,"{""circuit"":""surface_code:rotated_memory_x"",""cluster_node_limit"":50,""d"":11,""decoder"":""mwpf"",""decoder_type"":""SolverSerialJointSingleHair"",""p"":0.03,""p_erase"":0.03,""r"":11,""run_id"":""29e38ae744884c2a2b406b04af05084fd3179601bec0197b08c3eec7c1fecc34""}",
        44,         2,         0,    6.67,mwpf__18a55d354a5179fe22b347621ac42d689c676785006a493eda6333b61165ab0a,2606fd9b27f8c06a238f10dfcfca1e8efa1cf00bdb8796dbb946e077f8ce80de,"{""circuit"":""surface_code:rotated_memory_x"",""cluster_node_limit"":50,""d"":11,""decoder"":""mwpf"",""decoder_type"":""SolverSerialJointSingleHair"",""p"":0.03,""p_erase"":0.03,""r"":11,""run_id"":""29e38ae744884c2a2b406b04af05084fd3179601bec0197b08c3eec7c1fecc34""}",
        56,         5,         0,    8.48,mwpf__18a55d354a5179fe22b347621ac42d689c676785006a493eda6333b61165ab0a,2606fd9b27f8c06a238f10dfcfca1e8efa1cf00bdb8796dbb946e077f8ce80de,"{""circuit"":""surface_code:rotated_memory_x"",""cluster_node_limit"":50,""d"":11,""decoder"":""mwpf"",""decoder_type"":""SolverSerialJointSingleHair"",""p"":0.03,""p_erase"":0.03,""r"":11,""run_id"":""29e38ae744884c2a2b406b04af05084fd3179601bec0197b08c3eec7c1fecc34""}",
        64,         5,         0,    8.69,mwpf__18a55d354a5179fe22b347621ac42d689c676785006a493eda6333b61165ab0a,2606fd9b27f8c06a238f10dfcfca1e8efa1cf00bdb8796dbb946e077f8ce80de,"{""circuit"":""surface_code:rotated_memory_x"",""cluster_node_limit"":50,""d"":11,""decoder"":""mwpf"",""decoder_type"":""SolverSerialJointSingleHair"",""p"":0.03,""p_erase"":0.03,""r"":11,""run_id"":""29e38ae744884c2a2b406b04af05084fd3179601bec0197b08c3eec7c1fecc34""}",
       112,         7,         0,    16.5,mwpf__18a55d354a5179fe22b347621ac42d689c676785006a493eda6333b61165ab0a,2606fd9b27f8c06a238f10dfcfca1e8efa1cf00bdb8796dbb946e077f8ce80de,"{""circuit"":""surface_code:rotated_memory_x"",""cluster_node_limit"":50,""d"":11,""decoder"":""mwpf"",""decoder_type"":""SolverSerialJointSingleHair"",""p"":0.03,""p_erase"":0.03,""r"":11,""run_id"":""29e38ae744884c2a2b406b04af05084fd3179601bec0197b08c3eec7c1fecc34""}",
       530,        38,         0,    82.6,mwpf__18a55d354a5179fe22b347621ac42d689c676785006a493eda6333b61165ab0a,2606fd9b27f8c06a238f10dfcfca1e8efa1cf00bdb8796dbb946e077f8ce80de,"{""circuit"":""surface_code:rotated_memory_x"",""cluster_node_limit"":50,""d"":11,""decoder"":""mwpf"",""decoder_type"":""SolverSerialJointSingleHair"",""p"":0.03,""p_erase"":0.03,""r"":11,""run_id"":""29e38ae744884c2a2b406b04af05084fd3179601bec0197b08c3eec7c1fecc34""}",
       495,        36,         0,    87.1,mwpf__18a55d354a5179fe22b347621ac42d689c676785006a493eda6333b61165ab0a,2606fd9b27f8c06a238f10dfcfca1e8efa1cf00bdb8796dbb946e077f8ce80de,"{""circuit"":""surface_code:rotated_memory_x"",""cluster_node_limit"":50,""d"":11,""decoder"":""mwpf"",""decoder_type"":""SolverSerialJointSingleHair"",""p"":0.03,""p_erase"":0.03,""r"":11,""run_id"":""29e38ae744884c2a2b406b04af05084fd3179601bec0197b08c3eec7c1fecc34""}",
       479,        38,         0,    87.4,mwpf__18a55d354a5179fe22b347621ac42d689c676785006a493eda6333b61165ab0a,2606fd9b27f8c06a238f10dfcfca1e8efa1cf00bdb8796dbb946e077f8ce80de,"{""circuit"":""surface_code:rotated_memory_x"",""cluster_node_limit"":50,""d"":11,""decoder"":""mwpf"",""decoder_type"":""SolverSerialJointSingleHair"",""p"":0.03,""p_erase"":0.03,""r"":11,""run_id"":""29e38ae744884c2a2b406b04af05084fd3179601bec0197b08c3eec7c1fecc34""}",
       156,        12,         0,    23.2,mwpf__18a55d354a5179fe22b347621ac42d689c676785006a493eda6333b61165ab0a,2606fd9b27f8c06a238f10dfcfca1e8efa1cf00bdb8796dbb946e077f8ce80de,"{""circuit"":""surface_code:rotated_memory_x"",""cluster_node_limit"":50,""d"":11,""decoder"":""mwpf"",""decoder_type"":""SolverSerialJointSingleHair"",""p"":0.03,""p_erase"":0.03,""r"":11,""run_id"":""29e38ae744884c2a2b406b04af05084fd3179601bec0197b08c3eec7c1fecc34""}",
       474,        32,         0,    71.0,mwpf__18a55d354a5179fe22b347621ac42d689c676785006a493eda6333b61165ab0a,2606fd9b27f8c06a238f10dfcfca1e8efa1cf00bdb8796dbb946e077f8ce80de,"{""circuit"":""surface_code:rotated_memory_x"",""cluster_node_limit"":50,""d"":11,""decoder"":""mwpf"",""decoder_type"":""SolverSerialJointSingleHair"",""p"":0.03,""p_erase"":0.03,""r"":11,""run_id"":""29e38ae744884c2a2b406b04af05084fd3179601bec0197b08c3eec7c1fecc34""}",
       464,        35,         0,    70.9,mwpf__18a55d354a5179fe22b347621ac42d689c676785006a493eda6333b61165ab0a,2606fd9b27f8c06a238f10dfcfca1e8efa1cf00bdb8796dbb946e077f8ce80de,"{""circuit"":""surface_code:rotated_memory_x"",""cluster_node_limit"":50,""d"":11,""decoder"":""mwpf"",""decoder_type"":""SolverSerialJointSingleHair"",""p"":0.03,""p_erase"":0.03,""r"":11,""run_id"":""29e38ae744884c2a2b406b04af05084fd3179601bec0197b08c3eec7c1fecc34""}",
        16,         1,         0,    2.37,mwpf__18a55d354a5179fe22b347621ac42d689c676785006a493eda6333b61165ab0a,2606fd9b27f8c06a238f10dfcfca1e8efa1cf00bdb8796dbb946e077f8ce80de,"{""circuit"":""surface_code:rotated_memory_x"",""cluster_node_limit"":50,""d"":11,""decoder"":""mwpf"",""decoder_type"":""SolverSerialJointSingleHair"",""p"":0.03,""p_erase"":0.03,""r"":11,""run_id"":""29e38ae744884c2a2b406b04af05084fd3179601bec0197b08c3eec7c1fecc34""}",
        76,         6,         0,    12.1,mwpf__18a55d354a5179fe22b347621ac42d689c676785006a493eda6333b61165ab0a,2606fd9b27f8c06a238f10dfcfca1e8efa1cf00bdb8796dbb946e077f8ce80de,"{""circuit"":""surface_code:rotated_memory_x"",""cluster_node_limit"":50,""d"":11,""decoder"":""mwpf"",""decoder_type"":""SolverSerialJointSingleHair"",""p"":0.03,""p_erase"":0.03,""r"":11,""run_id"":""29e38ae744884c2a2b406b04af05084fd3179601bec0197b08c3eec7c1fecc34""}",
        80,         6,         0,    12.2,mwpf__18a55d354a5179fe22b347621ac42d689c676785006a493eda6333b61165ab0a,2606fd9b27f8c06a238f10dfcfca1e8efa1cf00bdb8796dbb946e077f8ce80de,"{""circuit"":""surface_code:rotated_memory_x"",""cluster_node_limit"":50,""d"":11,""decoder"":""mwpf"",""decoder_type"":""SolverSerialJointSingleHair"",""p"":0.03,""p_erase"":0.03,""r"":11,""run_id"":""29e38ae744884c2a2b406b04af05084fd3179601bec0197b08c3eec7c1fecc34""}",
        42,         4,         0,    6.75,mwpf__18a55d354a5179fe22b347621ac42d689c676785006a493eda6333b61165ab0a,2606fd9b27f8c06a238f10dfcfca1e8efa1cf00bdb8796dbb946e077f8ce80de,"{""circuit"":""surface_code:rotated_memory_x"",""cluster_node_limit"":50,""d"":11,""decoder"":""mwpf"",""decoder_type"":""SolverSerialJointSingleHair"",""p"":0.03,""p_erase"":0.03,""r"":11,""run_id"":""29e38ae744884c2a2b406b04af05084fd3179601bec0197b08c3eec7c1fecc34""}",
        46,         8,         0,    6.89,mwpf__18a55d354a5179fe22b347621ac42d689c676785006a493eda6333b61165ab0a,2606fd9b27f8c06a238f10dfcfca1e8efa1cf00bdb8796dbb946e077f8ce80de,"{""circuit"":""surface_code:rotated_memory_x"",""cluster_node_limit"":50,""d"":11,""decoder"":""mwpf"",""decoder_type"":""SolverSerialJointSingleHair"",""p"":0.03,""p_erase"":0.03,""r"":11,""run_id"":""29e38ae744884c2a2b406b04af05084fd3179601bec0197b08c3eec7c1fecc34""}",
         2,         0,         0,   0.353,mwpf__18a55d354a5179fe22b347621ac42d689c676785006a493eda6333b61165ab0a,2606fd9b27f8c06a238f10dfcfca1e8efa1cf00bdb8796dbb946e077f8ce80de,"{""circuit"":""surface_code:rotated_memory_x"",""cluster_node_limit"":50,""d"":11,""decoder"":""mwpf"",""decoder_type"":""SolverSerialJointSingleHair"",""p"":0.03,""p_erase"":0.03,""r"":11,""run_id"":""29e38ae744884c2a2b406b04af05084fd3179601bec0197b08c3eec7c1fecc34""}",
        58,         2,         0,    8.75,mwpf__18a55d354a5179fe22b347621ac42d689c676785006a493eda6333b61165ab0a,2606fd9b27f8c06a238f10dfcfca1e8efa1cf00bdb8796dbb946e077f8ce80de,"{""circuit"":""surface_code:rotated_memory_x"",""cluster_node_limit"":50,""d"":11,""decoder"":""mwpf"",""decoder_type"":""SolverSerialJointSingleHair"",""p"":0.03,""p_erase"":0.03,""r"":11,""run_id"":""29e38ae744884c2a2b406b04af05084fd3179601bec0197b08c3eec7c1fecc34""}",
         8,         2,         0,    1.24,mwpf__18a55d354a5179fe22b347621ac42d689c676785006a493eda6333b61165ab0a,2606fd9b27f8c06a238f10dfcfca1e8efa1cf00bdb8796dbb946e077f8ce80de,"{""circuit"":""surface_code:rotated_memory_x"",""cluster_node_limit"":50,""d"":11,""decoder"":""mwpf"",""decoder_type"":""SolverSerialJointSingleHair"",""p"":0.03,""p_erase"":0.03,""r"":11,""run_id"":""29e38ae744884c2a2b406b04af05084fd3179601bec0197b08c3eec7c1fecc34""}",
         3,         1,         0,   0.427,mwpf__18a55d354a5179fe22b347621ac42d689c676785006a493eda6333b61165ab0a,2606fd9b27f8c06a238f10dfcfca1e8efa1cf00bdb8796dbb946e077f8ce80de,"{""circuit"":""surface_code:rotated_memory_x"",""cluster_node_limit"":50,""d"":11,""decoder"":""mwpf"",""decoder_type"":""SolverSerialJointSingleHair"",""p"":0.03,""p_erase"":0.03,""r"":11,""run_id"":""29e38ae744884c2a2b406b04af05084fd3179601bec0197b08c3eec7c1fecc34""}",
        54,         3,         0,    7.74,mwpf__18a55d354a5179fe22b347621ac42d689c676785006a493eda6333b61165ab0a,2606fd9b27f8c06a238f10dfcfca1e8efa1cf00bdb8796dbb946e077f8ce80de,"{""circuit"":""surface_code:rotated_memory_x"",""cluster_node_limit"":50,""d"":11,""decoder"":""mwpf"",""decoder_type"":""SolverSerialJointSingleHair"",""p"":0.03,""p_erase"":0.03,""r"":11,""run_id"":""29e38ae744884c2a2b406b04af05084fd3179601bec0197b08c3eec7c1fecc34""}",
         2,         1,         0,   0.338,mwpf__18a55d354a5179fe22b347621ac42d689c676785006a493eda6333b61165ab0a,2606fd9b27f8c06a238f10dfcfca1e8efa1cf00bdb8796dbb946e077f8ce80de,"{""circuit"":""surface_code:rotated_memory_x"",""cluster_node_limit"":50,""d"":11,""decoder"":""mwpf"",""decoder_type"":""SolverSerialJointSingleHair"",""p"":0.03,""p_erase"":0.03,""r"":11,""run_id"":""29e38ae744884c2a2b406b04af05084fd3179601bec0197b08c3eec7c1fecc34""}",
       393,        34,         0,    59.5,mwpf__18a55d354a5179fe22b347621ac42d689c676785006a493eda6333b61165ab0a,2606fd9b27f8c06a238f10dfcfca1e8efa1cf00bdb8796dbb946e077f8ce80de,"{""circuit"":""surface_code:rotated_memory_x"",""cluster_node_limit"":50,""d"":11,""decoder"":""mwpf"",""decoder_type"":""SolverSerialJointSingleHair"",""p"":0.03,""p_erase"":0.03,""r"":11,""run_id"":""29e38ae744884c2a2b406b04af05084fd3179601bec0197b08c3eec7c1fecc34""}",
       148,        15,         0,    23.0,mwpf__18a55d354a5179fe22b347621ac42d689c676785006a493eda6333b61165ab0a,2606fd9b27f8c06a238f10dfcfca1e8efa1cf00bdb8796dbb946e077f8ce80de,"{""circuit"":""surface_code:rotated_memory_x"",""cluster_node_limit"":50,""d"":11,""decoder"":""mwpf"",""decoder_type"":""SolverSerialJointSingleHair"",""p"":0.03,""p_erase"":0.03,""r"":11,""run_id"":""29e38ae744884c2a2b406b04af05084fd3179601bec0197b08c3eec7c1fecc34""}",
       104,         8,         0,    16.4,mwpf__18a55d354a5179fe22b347621ac42d689c676785006a493eda6333b61165ab0a,2606fd9b27f8c06a238f10dfcfca1e8efa1cf00bdb8796dbb946e077f8ce80de,"{""circuit"":""surface_code:rotated_memory_x"",""cluster_node_limit"":50,""d"":11,""decoder"":""mwpf"",""decoder_type"":""SolverSerialJointSingleHair"",""p"":0.03,""p_erase"":0.03,""r"":11,""run_id"":""29e38ae744884c2a2b406b04af05084fd3179601bec0197b08c3eec7c1fecc34""}",
       112,         5,         0,    16.5,mwpf__18a55d354a5179fe22b347621ac42d689c676785006a493eda6333b61165ab0a,2606fd9b27f8c06a238f10dfcfca1e8efa1cf00bdb8796dbb946e077f8ce80de,"{""circuit"":""surface_code:rotated_memory_x"",""cluster_node_limit"":50,""d"":11,""decoder"":""mwpf"",""decoder_type"":""SolverSerialJointSingleHair"",""p"":0.03,""p_erase"":0.03,""r"":11,""run_id"":""29e38ae744884c2a2b406b04af05084fd3179601bec0197b08c3eec7c1fecc34""}",
       219,         9,         0,    32.7,mwpf__18a55d354a5179fe22b347621ac42d689c676785006a493eda6333b61165ab0a,2606fd9b27f8c06a238f10dfcfca1e8efa1cf00bdb8796dbb946e077f8ce80de,"{""circuit"":""surface_code:rotated_memory_x"",""cluster_node_limit"":50,""d"":11,""decoder"":""mwpf"",""decoder_type"":""SolverSerialJointSingleHair"",""p"":0.03,""p_erase"":0.03,""r"":11,""run_id"":""29e38ae744884c2a2b406b04af05084fd3179601bec0197b08c3eec7c1fecc34""}",
       216,        15,         0,    32.7,mwpf__18a55d354a5179fe22b347621ac42d689c676785006a493eda6333b61165ab0a,2606fd9b27f8c06a238f10dfcfca1e8efa1cf00bdb8796dbb946e077f8ce80de,"{""circuit"":""surface_code:rotated_memory_x"",""cluster_node_limit"":50,""d"":11,""decoder"":""mwpf"",""decoder_type"":""SolverSerialJointSingleHair"",""p"":0.03,""p_erase"":0.03,""r"":11,""run_id"":""29e38ae744884c2a2b406b04af05084fd3179601bec0197b08c3eec7c1fecc34""}",
       156,        12,         0,    23.0,mwpf__18a55d354a5179fe22b347621ac42d689c676785006a493eda6333b61165ab0a,2606fd9b27f8c06a238f10dfcfca1e8efa1cf00bdb8796dbb946e077f8ce80de,"{""circuit"":""surface_code:rotated_memory_x"",""cluster_node_limit"":50,""d"":11,""decoder"":""mwpf"",""decoder_type"":""SolverSerialJointSingleHair"",""p"":0.03,""p_erase"":0.03,""r"":11,""run_id"":""29e38ae744884c2a2b406b04af05084fd3179601bec0197b08c3eec7c1fecc34""}",
       152,        13,         0,    23.2,mwpf__18a55d354a5179fe22b347621ac42d689c676785006a493eda6333b61165ab0a,2606fd9b27f8c06a238f10dfcfca1e8efa1cf00bdb8796dbb946e077f8ce80de,"{""circuit"":""surface_code:rotated_memory_x"",""cluster_node_limit"":50,""d"":11,""decoder"":""mwpf"",""decoder_type"":""SolverSerialJointSingleHair"",""p"":0.03,""p_erase"":0.03,""r"":11,""run_id"":""29e38ae744884c2a2b406b04af05084fd3179601bec0197b08c3eec7c1fecc34""}",
       201,         9,         0,    29.6,mwpf__18a55d354a5179fe22b347621ac42d689c676785006a493eda6333b61165ab0a,2606fd9b27f8c06a238f10dfcfca1e8efa1cf00bdb8796dbb946e077f8ce80de,"{""circuit"":""surface_code:rotated_memory_x"",""cluster_node_limit"":50,""d"":11,""decoder"":""mwpf"",""decoder_type"":""SolverSerialJointSingleHair"",""p"":0.03,""p_erase"":0.03,""r"":11,""run_id"":""29e38ae744884c2a2b406b04af05084fd3179601bec0197b08c3eec7c1fecc34""}",
       102,        11,         0,    15.1,mwpf__18a55d354a5179fe22b347621ac42d689c676785006a493eda6333b61165ab0a,2606fd9b27f8c06a238f10dfcfca1e8efa1cf00bdb8796dbb946e077f8ce80de,"{""circuit"":""surface_code:rotated_memory_x"",""cluster_node_limit"":50,""d"":11,""decoder"":""mwpf"",""decoder_type"":""SolverSerialJointSingleHair"",""p"":0.03,""p_erase"":0.03,""r"":11,""run_id"":""29e38ae744884c2a2b406b04af05084fd3179601bec0197b08c3eec7c1fecc34""}",
        64,         6,         0,    9.63,mwpf__18a55d354a5179fe22b347621ac42d689c676785006a493eda6333b61165ab0a,2606fd9b27f8c06a238f10dfcfca1e8efa1cf00bdb8796dbb946e077f8ce80de,"{""circuit"":""surface_code:rotated_memory_x"",""cluster_node_limit"":50,""d"":11,""decoder"":""mwpf"",""decoder_type"":""SolverSerialJointSingleHair"",""p"":0.03,""p_erase"":0.03,""r"":11,""run_id"":""29e38ae744884c2a2b406b04af05084fd3179601bec0197b08c3eec7c1fecc34""}",
        72,         6,         0,    10.8,mwpf__18a55d354a5179fe22b347621ac42d689c676785006a493eda6333b61165ab0a,2606fd9b27f8c06a238f10dfcfca1e8efa1cf00bdb8796dbb946e077f8ce80de,"{""circuit"":""surface_code:rotated_memory_x"",""cluster_node_limit"":50,""d"":11,""decoder"":""mwpf"",""decoder_type"":""SolverSerialJointSingleHair"",""p"":0.03,""p_erase"":0.03,""r"":11,""run_id"":""29e38ae744884c2a2b406b04af05084fd3179601bec0197b08c3eec7c1fecc34""}",
      1024,        73,         0,   148.6,mwpf__18a55d354a5179fe22b347621ac42d689c676785006a493eda6333b61165ab0a,2606fd9b27f8c06a238f10dfcfca1e8efa1cf00bdb8796dbb946e077f8ce80de,"{""circuit"":""surface_code:rotated_memory_x"",""cluster_node_limit"":50,""d"":11,""decoder"":""mwpf"",""decoder_type"":""SolverSerialJointSingleHair"",""p"":0.03,""p_erase"":0.03,""r"":11,""run_id"":""29e38ae744884c2a2b406b04af05084fd3179601bec0197b08c3eec7c1fecc34""}",
         2,         1,         0,   0.294,mwpf__18a55d354a5179fe22b347621ac42d689c676785006a493eda6333b61165ab0a,2606fd9b27f8c06a238f10dfcfca1e8efa1cf00bdb8796dbb946e077f8ce80de,"{""circuit"":""surface_code:rotated_memory_x"",""cluster_node_limit"":50,""d"":11,""decoder"":""mwpf"",""decoder_type"":""SolverSerialJointSingleHair"",""p"":0.03,""p_erase"":0.03,""r"":11,""run_id"":""29e38ae744884c2a2b406b04af05084fd3179601bec0197b08c3eec7c1fecc34""}",
       115,         4,         0,    15.4,mwpf__18a55d354a5179fe22b347621ac42d689c676785006a493eda6333b61165ab0a,2606fd9b27f8c06a238f10dfcfca1e8efa1cf00bdb8796dbb946e077f8ce80de,"{""circuit"":""surface_code:rotated_memory_x"",""cluster_node_limit"":50,""d"":11,""decoder"":""mwpf"",""decoder_type"":""SolverSerialJointSingleHair"",""p"":0.03,""p_erase"":0.03,""r"":11,""run_id"":""29e38ae744884c2a2b406b04af05084fd3179601bec0197b08c3eec7c1fecc34""}",
      1024,        80,         0,   150.2,mwpf__18a55d354a5179fe22b347621ac42d689c676785006a493eda6333b61165ab0a,2606fd9b27f8c06a238f10dfcfca1e8efa1cf00bdb8796dbb946e077f8ce80de,"{""circuit"":""surface_code:rotated_memory_x"",""cluster_node_limit"":50,""d"":11,""decoder"":""mwpf"",""decoder_type"":""SolverSerialJointSingleHair"",""p"":0.03,""p_erase"":0.03,""r"":11,""run_id"":""29e38ae744884c2a2b406b04af05084fd3179601bec0197b08c3eec7c1fecc34""}",
        89,         4,         0,    11.7,mwpf__18a55d354a5179fe22b347621ac42d689c676785006a493eda6333b61165ab0a,2606fd9b27f8c06a238f10dfcfca1e8efa1cf00bdb8796dbb946e077f8ce80de,"{""circuit"":""surface_code:rotated_memory_x"",""cluster_node_limit"":50,""d"":11,""decoder"":""mwpf"",""decoder_type"":""SolverSerialJointSingleHair"",""p"":0.03,""p_erase"":0.03,""r"":11,""run_id"":""29e38ae744884c2a2b406b04af05084fd3179601bec0197b08c3eec7c1fecc34""}",
